batch_index,time_a,time_b,pair_a,pair_b,face_a,mixed_with_wall,batch_events
1,2,1,I1,O0,SE,false,pair:I1:O0:SE
4,13/2,3,I0,I1,S,false,pair:I0:I1:S
6,11,5,I0,I3,W,false,pair:I0:I3:W
10,47/3,22/3,I0,I1,SW,false,pair:I0:I1:SW
11,35/2,17/2,I1,O0,NW,false,pair:I1:O0:NW
14,79/4,19/2,I2,O0,S,false,pair:I2:O0:S
15,20,47/5,I1,O0,N,false,pair:I1:O0:N
16,21,9,I2,O0,S,false,pair:I2:O0:S
19,119/5,11,I2,O0,S,false,pair:I2:O0:S
21,25,12,I0,I3,W,false,pair:I0:I3:W
23,29,12,I2,I3,E,false,pair:I2:I3:E
24,86/3,79/6,I1,I2,NE,false,pair:I1:I2:NE
25,86/3,41/3,I2,I3,NE,false,pair:I2:I3:NE
28,63/2,29/2,I0,I3,SW,false,pair:I0:I3:SW
30,31,15,I0,I3,SW,false,pair:I0:I3:SW
31,65/2,57/4,I1,O0,E,false,pair:I1:O0:E
32,32,104/7,I2,O0,S,false,pair:I2:O0:S
33,67/2,16,I2,I3,E,false,pair:I2:I3:E
36,37,17,I0,I3,W,false,pair:I0:I3:W
39,365/9,19,I1,I2,NE,false,pair:I1:I2:NE
42,298/7,142/7,I2,O0,NE,false,pair:I2:O0:NE
45,412/9,62/3,I1,I2,E,false,pair:I1:I2:E
46,46,308/15,I2,O0,NE,false,pair:I2:O0:NE
48,331/7,153/7,I1,I3,N,false,pair:I1:I3:N
51,1498/29,24,I3,O0,E,false,pair:I3:O0:E
54,1810/33,76/3,I0,O0,N,false,pair:I0:O0:N
57,599/10,263/10,I0,I2,N,false,pair:I0:I2:N
58,1268/21,598/21,I3,O0,SE,false,pair:I3:O0:SE
61,62,372/13,I3,O0,SE,false,pair:I3:O0:SE
63,2560/39,1174/39,I1,O0,N,false,pair:I1:O0:N
66,2460/37,1182/37,I0,I3,N,false,pair:I0:I3:N
68,2324/33,358/11,I0,I1,SW,false,pair:I0:I1:SW
69,73,97/3,I0,O0,SE,false,pair:I0:O0:SE
72,1108/15,514/15,I2,I3,W,false,pair:I2:I3:W
75,5008/67,2310/67,I2,I3,SW,false,pair:I2:I3:SW
77,2788/37,1302/37,I0,I3,N,false,pair:I0:I3:N
78,76,3130/87,I0,O0,SE,false,pair:I0:O0:SE
80,1646/21,760/21,I0,O0,SE,false,pair:I0:O0:SE
81,2932/37,4082/111,I0,I1,SW,false,pair:I0:I1:SW
83,7052/87,3250/87,I0,I2,N,false,pair:I0:I2:N
84,15748/195,7394/195,I1,O0,SE,false,pair:I1:O0:SE
91,4296/49,278/7,I0,O0,S,false,pair:I0:O0:S
92,2748/31,1274/31,I1,I3,N,false,pair:I1:I3:N
94,6256/71,2950/71,I1,I2,NE,false,pair:I1:I2:NE
95,2925/32,1341/32,I1,O0,S,false,pair:I1:O0:S
98,375/4,44,I2,I3,NW,false,pair:I2:I3:NW
101,6954/71,3232/71,I1,I2,NE,false,pair:I1:I2:NE
110,8684/79,4058/79,I0,O0,S,false,pair:I0:O0:S
111,4256/39,2038/39,I1,I2,NE,false,pair:I1:I2:NE
114,3456/31,1654/31,I3,O0,E,false,pair:I3:O0:E
116,5173/45,2419/45,I0,I2,SE,false,pair:I0:I2:SE
119,9016/75,4094/75,I0,I1,W,false,pair:I0:I1:W
122,2257/19,1091/19,I0,I1,NW,false,pair:I0:I1:NW
123,359/3,401/7,I1,I3,N,false,pair:I1:I3:N
124,16880/139,8030/139,I3,O0,NE,false,pair:I3:O0:NE
126,19816/159,9374/159,I1,O0,N,false,pair:I1:O0:N
134,4900/37,6914/111,I0,I2,N,false,pair:I0:I2:N
135,1704/13,830/13,I1,O0,NE,false,pair:I1:O0:NE
136,533/4,314/5,I1,I2,W,false,pair:I1:I2:W
139,1232/9,2902/45,I2,I3,NE,false,pair:I2:I3:NE
141,2356/17,1115/17,I1,I3,W,false,pair:I1:I3:W
143,25408/181,11878/181,I1,O0,E,false,pair:I1:O0:E
144,11944/85,5608/85,I2,I3,NE,false,pair:I2:I3:NE
147,3269/23,1557/23,I0,I1,NW,false,pair:I0:I1:NW
148,8832/61,4074/61,I1,I3,SW,false,pair:I1:I3:SW
149,871/6,1012/15,I1,O0,E,false,pair:I1:O0:E
154,6979/46,1636/23,I0,I1,SW,false,pair:I0:I1:SW
157,1695/11,767/11,I0,I1,SW,false,pair:I0:I1:SW
159,155,1171/16,I3,O0,N,false,pair:I3:O0:N
163,11495/72,449/6,I0,I1,S,false,pair:I0:I1:S
164,9122/57,224/3,I2,O0,S,false,pair:I2:O0:S
170,11457/68,2659/34,I0,I1,SE,false,pair:I0:I1:SE
171,5214/31,4937/62,I2,I3,SW,false,pair:I2:I3:SW
173,5465/32,1277/16,I2,O0,SW,false,pair:I2:O0:SW
177,12647/72,1483/18,I0,I1,E,false,pair:I0:I1:E
182,2360/13,11263/130,I2,O0,W,false,pair:I2:O0:W
185,12545/68,2915/34,I0,I1,SE,false,pair:I0:I1:SE
192,18913/100,17867/200,I0,I3,S,false,pair:I0:I3:S
193,21321/112,10009/112,I3,O0,W,false,pair:I3:O0:W
194,4589/24,179/2,I1,I3,N,false,pair:I1:I3:N
197,17449/88,1463/16,I0,I1,SE,false,pair:I0:I1:SE
205,53653/266,50411/532,I0,I3,W,false,pair:I0:I3:W
206,1036/5,5533/60,I2,I3,N,false,pair:I2:I3:N
208,15131/74,42347/444,I0,I1,E,false,pair:I0:I1:E
210,5542/27,865/9,I2,O0,S,false,pair:I2:O0:S
213,89477/424,83943/848,I1,O0,SW,false,pair:I1:O0:SW
215,26295/124,24865/248,I0,O0,E,false,pair:I0:O0:E
221,55051/252,17327/168,I0,I3,NE,false,pair:I0:I3:NE
222,12293/56,11517/112,I2,O0,W,false,pair:I2:O0:W
225,176443/792,165005/1584,I1,I3,SW,false,pair:I1:I3:SW
230,30551/132,27493/264,I3,O0,SW,false,pair:I3:O0:SW
231,4547/20,107399/1000,I0,O0,N,false,pair:I0:O0:N
232,20781/92,39953/368,I3,O0,SW,false,pair:I3:O0:SW
233,60127/264,28345/264,I1,I3,W,false,pair:I1:I3:W
244,58175/241,109087/964,I3,O0,W,false,pair:I3:O0:W
246,216001/892,203971/1784,I0,I2,S,false,pair:I0:I2:S
247,119831/494,112767/988,I1,I2,N,false,pair:I1:I2:N
249,25754/105,8191/70,I1,I3,E,false,pair:I1:I3:E
255,97291/389,45655/389,I1,O0,NW,false,pair:I1:O0:NW
256,147594/587,69112/587,I2,O0,S,false,pair:I2:O0:S
259,54629/215,102477/860,I1,I3,SE,false,pair:I1:I3:SE
260,93675/368,87611/736,I2,O0,SW,false,pair:I2:O0:SW
261,367359/1438,343461/2876,I1,I2,NW,false,pair:I1:I2:NW
262,113459/434,102209/868,I1,I3,E,false,pair:I1:I3:E
269,495589/1890,66617/540,I0,I1,SE,false,pair:I0:I1:SE
270,169435/636,157511/1272,I2,O0,SE,false,pair:I2:O0:SE
277,441205/1602,410107/3204,I1,I3,SW,false,pair:I1:I3:SW
281,406995/1486,387205/2972,I0,O0,NE,false,pair:I0:O0:NE
287,545919/1942,517665/3884,I0,I3,S,false,pair:I0:I3:S
289,1243763/4390,1176709/8780,I1,O0,W,false,pair:I1:O0:W
293,951611/3294,895285/6588,I2,O0,NW,false,pair:I2:O0:NW
295,243923/840,229991/1680,I0,O0,SW,false,pair:I0:O0:SW
297,122463/422,58317/422,I1,I2,NW,false,pair:I1:I2:NW
302,116951/394,333859/2364,I2,O0,S,false,pair:I2:O0:S
307,99731/328,283313/1968,I1,I3,S,false,pair:I1:I3:S
309,310619/1022,300145/2044,I0,I1,SW,false,pair:I0:I1:SW
311,95873/312,632741/4368,I3,O0,NE,false,pair:I3:O0:NE
312,274063/890,1303269/8900,I2,O0,SW,false,pair:I2:O0:SW
313,1310465/4246,1241199/8492,I1,O0,SE,false,pair:I1:O0:SE
315,98471/316,46495/316,I0,I2,SE,false,pair:I0:I2:SE
320,1689047/5330,318285/2132,I0,O0,S,false,pair:I0:O0:S
321,25597/80,166543/1120,I1,I3,SW,false,pair:I1:I3:SW
326,2831405/8614,2677819/17228,I0,I1,NE,false,pair:I0:I1:NE
333,1211367/3634,1146361/7268,I0,I3,NE,false,pair:I0:I3:NE
334,191383/570,105673/660,I3,O0,SE,false,pair:I3:O0:SE
341,447467/1302,20325/124,I1,O0,NE,false,pair:I1:O0:NE
343,540973/1550,513131/3100,I2,I3,W,false,pair:I2:I3:W
347,2063287/5826,1938625/11652,I1,O0,NE,false,pair:I1:O0:NE
349,565021/1598,2692119/15980,I0,O0,S,false,pair:I0:O0:S
353,459254/1283,439423/2566,I3,O0,NW,false,pair:I3:O0:NW
354,1067659/2954,1002677/5908,I0,I2,SE,false,pair:I0:I2:SE
357,1685625/4654,1592743/9308,I2,I3,S,false,pair:I2:I3:S
358,4483123/12402,474677/2756,I1,O0,S,false,pair:I1:O0:S
360,2997033/8206,2841555/16412,I1,I2,SE,false,pair:I1:I2:SE
362,3574013/9734,3382303/19468,I0,I2,E,false,pair:I0:I2:E
366,36331/98,376823/2156,I3,O0,NW,false,pair:I3:O0:NW
368,559859/1512,271895/1512,I2,I3,NW,false,pair:I2:I3:NW
373,4841187/12758,4600955/25516,I0,I2,E,false,pair:I0:I2:E
377,15903825/41246,15073075/82492,I2,I3,W,false,pair:I2:I3:W
380,8739089/22622,8309827/45244,I1,I2,W,false,pair:I1:I2:W
383,1956005/4974,5525705/29844,I2,I3,NW,false,pair:I2:I3:NW
384,11361817/28862,10735443/57724,I2,O0,SE,false,pair:I2:O0:SE
396,7365335/17954,6962269/35908,I1,I2,NW,false,pair:I1:I2:NW
402,20872907/50394,6672259/33596,I0,O0,E,false,pair:I0:O0:E
403,6140603/14782,307893/1556,I1,I3,S,false,pair:I1:I3:S
405,765609/1805,1404587/7220,I1,I3,S,false,pair:I1:I3:S
410,22050893/51670,20788559/103340,I3,O0,SE,false,pair:I3:O0:SE
413,21132063/49762,20403821/99524,I0,I1,NE,false,pair:I0:I1:NE
414,3075743/7202,2945149/14404,I0,I3,S,false,pair:I0:I3:S
416,573829/1338,2729573/13380,I0,I1,N,false,pair:I0:I1:N
419,12899539/29866,12138833/59732,I0,I3,S,false,pair:I0:I3:S
420,6985273/16174,6648483/32348,I3,O0,SW,false,pair:I3:O0:SW
425,400073/910,3323659/16380,I0,I1,N,false,pair:I0:I1:N
427,28330855/65042,26996709/130084,I0,I3,SE,false,pair:I0:I3:SE
430,13269563/30410,2567789/12164,I1,I3,S,false,pair:I1:I3:S
432,2663570/6033,1682369/8044,I0,I2,W,false,pair:I0:I2:W
434,16091817/36590,15468171/73180,I2,O0,N,false,pair:I2:O0:N
436,20919639/47506,20096437/95012,I0,I2,NW,false,pair:I0:I2:NW
438,121169773/271782,12890879/60396,I2,O0,N,false,pair:I2:O0:N
442,123777379/274458,117974857/548916,I1,I2,NE,false,pair:I1:I2:NE
444,178819733/394614,5121727/23916,I0,I1,E,false,pair:I0:I1:E
447,17673707/38994,16946405/77988,I1,I2,N,false,pair:I1:I2:N
456,407973963/867658,387788353/1735316,I0,O0,NW,false,pair:I0:O0:NW
460,48122553/101582,45446587/203164,I0,I3,SE,false,pair:I0:I3:SE
462,2157841/4554,2042639/9108,I0,I3,SE,false,pair:I0:I3:SE
463,39680737/84050,37916961/168100,I2,I3,N,false,pair:I2:I3:N
464,22418009/47618,21575849/95236,I0,I3,SE,false,pair:I0:I3:SE
467,46558273/96862,43770211/193724,I2,I3,NW,false,pair:I2:I3:NW
474,454763461/940630,434001487/1881260,I0,I3,E,false,pair:I0:I3:E
478,22049289/45046,20885623/90092,I2,O0,SE,false,pair:I2:O0:SE
480,255865865/522798,244793515/1045596,I1,I2,NE,false,pair:I1:I2:NE
482,608142787/1233818,576687945/2467636,I2,I3,NE,false,pair:I2:I3:NE
484,609343191/1235570,82687699/353020,I3,O0,E,false,pair:I3:O0:E
485,432769369/876334,413792203/1752668,I0,I3,S,false,pair:I0:I3:S
488,197492423/398162,189764213/796324,I2,I3,NE,false,pair:I2:I3:NE
494,426526601/842958,134227145/561972,I0,O0,S,false,pair:I0:O0:S
498,34724273/67918,33021827/135836,I0,I3,W,false,pair:I0:I3:W
504,725722369/1406046,230675201/937364,I1,O0,N,false,pair:I1:O0:N
506,1081976399/2085442,1025903181/4170884,I0,I2,E,false,pair:I0:I2:E
507,157910247/303746,149530397/607492,I2,O0,SE,false,pair:I2:O0:SE
512,657050517/1254934,628124559/2509868,I3,O0,E,false,pair:I3:O0:E
513,832643033/1587150,792826811/3174300,I0,I1,SE,false,pair:I0:I1:SE
515,587208387/1117802,562414113/2235604,I0,I3,NE,false,pair:I0:I3:NE
516,202160961/382682,191354037/765364,I2,I3,S,false,pair:I2:I3:S
522,78935271/148082,377994073/1480820,I1,O0,N,false,pair:I1:O0:N
524,211370579/394298,199931001/788596,I1,O0,N,false,pair:I1:O0:N
526,547225371/1025602,524306693/2051204,I0,I2,NE,false,pair:I0:I2:NE
527,283140083/529050,808555451/3174300,I1,I2,SW,false,pair:I1:I2:SW
528,151097439/280774,142124379/561548,I0,I2,NE,false,pair:I0:I2:NE
534,1067965181/1973478,1026671479/3946956,I0,O0,NW,false,pair:I0:O0:NW
536,2409302289/4433150,2302014803/8866300,I0,I3,E,false,pair:I0:I3:E
538,2400427465/4400558,2292953451/8801116,I1,I3,W,false,pair:I1:I3:W
542,639484697/1162206,604636595/2324412,I0,O0,N,false,pair:I0:O0:N
547,1152004307/2087866,99868459/379612,I0,I2,SW,false,pair:I0:I2:SW
548,331658677/601190,316533863/1202380,I0,I1,SE,false,pair:I0:I1:SE
550,1185932665/2140398,1122396331/4280796,I0,O0,N,false,pair:I0:O0:N
551,2404834555/4310698,2241773617/8621396,I0,I2,SW,false,pair:I0:I2:SW
553,668108071/1204434,634436021/2408868,I0,I3,E,false,pair:I0:I3:E
558,585304463/1048946,556297461/2097892,I1,I2,NE,false,pair:I1:I2:NE
560,6484903101/11612518,6168389559/23225036,I2,O0,NE,false,pair:I2:O0:NE
561,4658213561/8345966,4442134251/16691932,I1,I2,NE,false,pair:I1:I2:NE
570,1391816755/2429306,3954924587/14575836,I0,I3,SE,false,pair:I0:I3:SE
571,5989871157/10466422,5705443231/20932844,I2,O0,W,false,pair:I2:O0:W
572,12043157775/20958082,11373489581/41916164,I0,I2,NW,false,pair:I0:I2:NW
575,7777602701/13529286,7387636391/27058572,I0,I3,SE,false,pair:I0:I3:SE
577,6662402099/11585338,6394206425/23170676,I2,I3,SE,false,pair:I2:I3:SE
578,3444424117/5930294,3236173631/11860588,I1,I2,E,false,pair:I1:I2:E
582,7721124381/13336390,1475555995/5334556,I2,I3,SE,false,pair:I2:I3:SE
586,5902487209/10079822,5546588763/20159644,I1,O0,W,false,pair:I1:O0:W
587,9510533159/16397330,9178550549/32794660,I2,O0,NW,false,pair:I2:O0:NW
588,1316071039/2246306,8764445675/31448284,I0,I1,SW,false,pair:I0:I1:SW
593,1301236377/2203370,1237858877/4406740,I0,O0,W,false,pair:I0:O0:W
594,2801235783/4752338,2677747061/9504676,I2,I3,S,false,pair:I2:I3:S
599,6675543713/11171038,19037354633/67026228,I1,I3,SE,false,pair:I1:I3:SE
602,9937816749/16521542,9353321895/33043084,I0,O0,SW,false,pair:I0:O0:SW
603,8235430211/13742650,1568215653/5497060,I2,O0,N,false,pair:I2:O0:N
605,13351731383/22234482,12822220421/44468964,I1,O0,NW,false,pair:I1:O0:NW
607,19776927171/32909210,18987655369/65818420,I1,I2,SW,false,pair:I1:I2:SW
609,94785205/154182,86445175/308364,I1,O0,NW,false,pair:I1:O0:NW
610,93742321/153342,2174544091/7667100,I1,I2,SW,false,pair:I1:I2:SW
612,3261041785/5365606,3089547791/10731212,I1,I3,E,false,pair:I1:I3:E
614,2313189735/3823786,2225096041/7647572,I1,O0,NW,false,pair:I1:O0:NW
616,17907241295/29305666,16936287565/58611332,I1,O0,NW,false,pair:I1:O0:NW
617,2511494237/4119410,2400915713/8238820,I0,O0,E,false,pair:I0:O0:E
623,1032950021/1678273,1966620283/6713092,I3,O0,SW,false,pair:I3:O0:SW
624,1499042205/2414359,2802540181/9657436,I0,O0,E,false,pair:I0:O0:E
625,9878522151/15879482,9271133025/31758964,I1,O0,SW,false,pair:I1:O0:SW
630,1123748833/1797974,11813438829/39555428,I2,I3,E,false,pair:I2:I3:E
638,47670563191/74468138,45290938569/148936276,I0,O0,N,false,pair:I0:O0:N
643,20186013901/31357198,57747817001/188143188,I0,I1,NW,false,pair:I0:I1:NW
647,68198744519/105259594,64862586329/210519188,I1,I3,NW,false,pair:I1:I3:NW
649,5095608743/7843978,167714957/540964,I1,O0,E,false,pair:I1:O0:E
654,28649564591/43578626,27319168813/87157252,I0,I3,S,false,pair:I0:I3:S
655,1349629281/2043973,2556702407/8175892,I1,I2,SW,false,pair:I1:I2:SW
656,39005687083/58852306,36720272989/117704612,I2,I3,W,false,pair:I2:I3:W
658,27477286713/41814886,26640182671/83629772,I0,I1,E,false,pair:I0:I1:E
659,1848667391/2795050,65296712221/206833700,I0,I2,S,false,pair:I0:I2:S
669,69608653019/103416850,13274090809/41366740,I0,I2,N,false,pair:I0:I2:N
670,54324122137/80955894,17419578349/53970596,I1,I3,W,false,pair:I1:I3:W
673,28368036933/42133630,27492466587/84267260,I1,I3,W,false,pair:I1:I3:W
675,2528593711/3705134,2375957415/7410268,I1,I2,S,false,pair:I1:I2:S
677,51818515029/76257358,49442754067/152514716,I0,O0,N,false,pair:I0:O0:N
678,920080577/1439062,1020327207/2878124,I2,I3,N,false,pair:I2:I3:N
680,81647856175/119879722,78239494521/239759444,I0,I1,NW,false,pair:I0:I1:NW
681,76602399933/111973678,72640025651/223947356,I1,O0,NW,false,pair:I1:O0:NW
682,8906728013/13043790,8540767171/26087580,I3,O0,N,false,pair:I3:O0:N
688,110797397701/159302318,104737903043/318604636,I0,I2,W,false,pair:I0:I2:W
697,8639902606/12200655,16304086577/48802620,I0,O0,SW,false,pair:I0:O0:SW
700,5565998679/7905082,69726883149/205532132,I1,I3,N,false,pair:I1:I3:N
701,57133073095/80782706,54569434661/161565412,I0,I1,NE,false,pair:I0:I1:NE
704,47355317357/66953186,45346900777/133906372,I0,I1,E,false,pair:I0:I1:E
705,34418296371/48586168,16529918977/48586168,I2,O0,E,false,pair:I2:O0:E
706,58607884433/82107406,55360203659/164214812,I1,O0,S,false,pair:I1:O0:S
707,2999731151/4183278,15927159805/47410484,I1,I3,N,false,pair:I1:I3:N
711,48404672941/67576178,45985479073/135152356,I1,I3,N,false,pair:I1:I3:N
713,216481465533/302186582,207380036223/604373164,I0,I3,SE,false,pair:I0:I3:SE
718,6652129205/9180078,333356593/966324,I1,O0,E,false,pair:I1:O0:E
724,430663731129/586649486,408169630299/1173298972,I1,I3,S,false,pair:I1:I3:S
731,60956694673/82107406,57373469579/164214812,I3,O0,S,false,pair:I3:O0:S
733,358450737/484958,507819127111/1440325260,I0,I1,NW,false,pair:I0:I1:NW
734,626469499739/847566858,599259623617/1695133716,I1,I3,W,false,pair:I1:I3:W
735,815083731821/1099397990,774066640023/2198795980,I3,O0,SW,false,pair:I3:O0:SW
742,586215932789/785884598,560792464767/1571769196,I0,I2,NW,false,pair:I0:I2:NW
746,1563461461057/2076270078,1491994042291/4152540156,I0,I3,N,false,pair:I0:I3:N
748,1124323657075/1490926618,56558535443/156939644,I1,I2,NW,false,pair:I1:I2:NW
750,407591239161/530892430,374639059291/1061784860,I0,I3,N,false,pair:I0:I3:N
755,180148659207/236034434,171407590749/472068868,I0,I3,NE,false,pair:I0:I3:NE
758,1103259413207/1440785618,1050190345621/2881571236,I1,I3,NE,false,pair:I1:I3:NE
760,1248704120471/1629635410,1194059968981/3259270820,I2,I3,E,false,pair:I2:I3:E
765,73314894751/95108002,19046634245/51877092,I0,I1,E,false,pair:I0:I1:E
766,1746487132161/2265119870,1670223404019/4530239740,I1,I3,E,false,pair:I1:I3:E
769,1300010237065/1678582254,1242415667659/3357164508,I0,I1,E,false,pair:I0:I1:E
773,216071676633/277215118,618615283921/1663290708,I3,O0,W,false,pair:I3:O0:W
777,1319337589897/1678582254,1259595536843/3357164508,I0,I1,E,false,pair:I0:I1:E
781,92779793439/117754178,89083803501/235508356,I1,I2,N,false,pair:I1:I2:N
783,213759575327/270155458,205877227693/540310916,I1,I3,N,false,pair:I1:I3:N
784,123299629895/153624754,573779308697/1536247540,I0,O0,SE,false,pair:I0:O0:SE
786,84483455287/106003402,80165988473/212006804,I0,O0,SE,false,pair:I0:O0:SE
787,256041212691/321061418,242897158753/642122836,I2,I3,SW,false,pair:I2:I3:SW
790,1008336770837/1256158614,950404126799/2512317228,I1,O0,W,false,pair:I1:O0:W
793,1642852430895/2066061538,1591385866173/4132123076,I1,O0,W,false,pair:I1:O0:W
796,793530011761/987512574,252552591793/658341716,I1,I2,E,false,pair:I1:I2:E
797,2160642608281/2683001710,2055818452907/5366003420,I0,I1,SE,false,pair:I0:I1:SE
799,1859254805187/2319829402,1798235046601/4639658804,I0,O0,W,false,pair:I0:O0:W
806,5741946371/7065640,2746455029/7065640,I2,I3,W,false,pair:I2:I3:W
807,644335799719/801785746,634621876565/1603571492,I0,I3,SE,false,pair:I0:I3:SE
809,2770585017929/3413144974,2673366808827/6826289948,I1,I3,N,false,pair:I1:I3:N
814,9307093555209/11304771854,8881721425595/22609543708,I1,I2,NE,false,pair:I1:I2:NE
816,575658391039/700335298,1658981260103/4202011788,I0,O0,NE,false,pair:I0:O0:NE
819,3242067711583/3911885602,3096706120573/7823771204,I2,O0,W,false,pair:I2:O0:W
820,170664581855/205687074,6690503973125/16866340068,I0,I1,SE,false,pair:I0:I1:SE
823,6022458774659/7237763930,1149988942869/2895105572,I1,I3,NE,false,pair:I1:I3:NE
826,3634975796467/4341048186,10375128625835/26046289116,I2,I3,E,false,pair:I2:I3:E
827,4739343765563/5657748266,4518946815345/11315496532,I1,I2,NE,false,pair:I1:I2:NE
828,7971004308859/9505923050,7608000771217/19011846100,I0,I1,NE,false,pair:I0:I1:NE
829,8598564869349/10246633174,8200998949071/20493266348,I3,O0,W,false,pair:I3:O0:W
833,8565015399403/10165471242,8147453161057/20330942484,I0,I1,NE,false,pair:I0:I1:NE
834,441083261071/522243610,419847518849/1044487220,I1,I2,NE,false,pair:I1:I2:NE
838,9238486755325/10907041446,8840715751319/21814082892,I2,O0,S,false,pair:I2:O0:S
841,12489371131035/14599003946,695603636513/1717529876,I2,I3,SW,false,pair:I2:I3:SW
847,42607327911347/49469257210,40599578702457/98938514420,I3,O0,N,false,pair:I3:O0:N
851,37846182547781/43609853718,4004599311799/9691078604,I2,I3,SE,false,pair:I2:I3:SE
852,22580082474503/25865234386,21225773942773/51730468772,I3,O0,E,false,pair:I3:O0:E
855,3775176715/4334922,221049477409/532713748,I0,I1,NE,false,pair:I0:I1:NE
857,89913735061133/102751946118,85845655594055/205503892236,I2,O0,SE,false,pair:I2:O0:SE
861,84187049590921/95569813774,80126792389563/191139627548,I0,I2,NE,false,pair:I0:I2:NE
864,1607305597605/1828425302,1541640550543/3656850604,I1,I2,SW,false,pair:I1:I2:SW
866,20708204709393/23489277182,19793829992019/46978554364,I1,I2,SW,false,pair:I1:I2:SW
868,49048406158243/55398378522,46912852879433/110796757044,I1,I3,NE,false,pair:I1:I3:NE
870,91081966165645/102751946118,87013886698567/205503892236,I0,O0,NE,false,pair:I0:O0:NE
871,38143531586503/42900401234,36166847350069/85800802468,I3,O0,NW,false,pair:I3:O0:NW
873,147564923928549/166055699926,140870512343887/332111399852,I3,O0,N,false,pair:I3:O0:N
875,125755174785069/141059745350,119378501285159/282119490700,I1,I3,NW,false,pair:I1:I3:NW
877,154329728725881/173291795758,147602870293643/346583591516,I2,I3,N,false,pair:I2:I3:N
878,27744611249699/31110780698,185217416900223/435550929772,I0,I3,SE,false,pair:I0:I3:SE
879,124185592380399/138772896002,117605549400749/277545792004,I1,I2,W,false,pair:I1:I2:W
884,400004177952935/447339837074,381758162252757/894679674148,I2,I3,N,false,pair:I2:I3:N
888,554669339832263/618911743058,532862065268021/1237823486116,I0,I3,SE,false,pair:I0:I3:SE
889,183039920789621/203568815798,175073451467519/407137631596,I1,O0,NW,false,pair:I1:O0:NW
893,355281330262077/393167581222,338576067300183/786335162444,I0,I2,SW,false,pair:I0:I2:SW
896,31860583590393/35031199790,90503801074721/210187198740,I0,I3,NE,false,pair:I0:I3:NE
902,298687400813959/325216188626,281317160056437/650432377252,I1,I3,SE,false,pair:I1:I3:SE
903,78796816147369/86462855886,75744258900763/172925711772,I3,O0,SW,false,pair:I3:O0:SW
912,33111658185485/35925316742,221136802828401/502954434388,I2,I3,W,false,pair:I2:I3:W
913,889032893859631/963597398658,848089604638829/1927194797316,I1,I3,E,false,pair:I1:I3:E
914,252927548711669/273505015222,241803486930047/547010030444,I2,O0,SW,false,pair:I2:O0:SW
915,272234470804123/294601232682,261184881763889/589202465364,I0,O0,NE,false,pair:I0:O0:NE
918,68648080541225/73922272206,21725824430729/49281514804,I2,O0,W,false,pair:I2:O0:W
922,898928498509615/963597398658,856885697661037/1927194797316,I1,I3,E,false,pair:I1:I3:E
925,199536616732285/213760618662,190477362675607/427521237324,I1,O0,NW,false,pair:I1:O0:NW
929,332774306615095/353745880946,317493489855365/707491761892,I1,I2,NE,false,pair:I1:I2:NE
932,507935506699877/536739825878,479670425497295/1073479651756,I1,O0,N,false,pair:I1:O0:N
936,781892516443877/828077490134,751076366068815/1656154980268,I0,O0,NW,false,pair:I0:O0:NW
939,873312064130511/917105370434,831796141398605/1834210740868,I1,I2,E,false,pair:I1:I2:E
942,208502285778781/217989146598,197387893337015/435978293196,I1,I3,S,false,pair:I1:I3:S
949,1104772475877825/1152345811358,1059049070182499/2304691622716,I0,I1,SW,false,pair:I0:I1:SW
950,1227218648567797/1272067780534,1162810631459199/2544135561068,I1,I3,S,false,pair:I1:I3:S
952,754225936783291/783208394474,2162368588519091/4699250366844,I2,I3,N,false,pair:I2:I3:N
955,240825606283073/248758797982,685048649698985/1492552787892,I1,O0,N,false,pair:I1:O0:N
956,1231189708681535/1273503247458,1176840355490461/2547006494916,I0,I3,S,false,pair:I0:I3:S
965,507874224046777/517308989614,482013865943371/1034617979228,I0,O0,N,false,pair:I0:O0:N
966,409324594623253/414171901302,383106852896479/828343802604,I2,O0,E,false,pair:I2:O0:E
969,261495679439781/265722725974,249217548756623/531445451948,I2,O0,N,false,pair:I2:O0:N
977,2052274464710879/2070326881570,1962225398978429/4140653763140,I1,O0,NE,false,pair:I1:O0:NE
980,259667248460211/261086607866,248055756204153/522173215732,I0,O0,NW,false,pair:I0:O0:NW
982,1207066621629455/1207656316098,1139479799019277/2415312632196,I1,O0,NE,false,pair:I1:O0:NE
984,2149554041950891/2143872014090,2038358764412513/4287744028180,I0,I2,NE,false,pair:I0:I2:NE
989,261259317981477/260148591446,3246274425004995/6763863377596,I3,O0,NW,false,pair:I3:O0:NW
990,67751374760711/66985343186,191346302404703/401912059116,I0,I1,E,false,pair:I0:I1:E
993,136442798501141/135424078198,392630180049565/812544469188,I2,I3,N,false,pair:I2:I3:N
996,2321143572470265/2296459310126,2213959568738827/4592918620252,I1,I3,SE,false,pair:I1:I3:SE
998,1609610428553581/1587083941830,509048221425229/1058055961220,I0,O0,NW,false,pair:I0:O0:NW
999,2770786099521161/2728250023182,874701856257513/1818833348788,I2,I3,N,false,pair:I2:I3:N
1002,1152360503383391/1137947507746,1105166906888445/2275895015492,I0,I1,E,false,pair:I0:I1:E
1006,260502683689903/255810481474,248354429354253/511620962948,I1,I3,S,false,pair:I1:I3:S
1007,3825381803263245/3753767577734,3640579198171079/7507535155468,I2,O0,N,false,pair:I2:O0:N
1009,10271737377147/10021355882,1446592970525349/2986364052836,I0,I1,SE,false,pair:I0:I1:SE
1012,302942198847611/296013139050,96807418578459/197342092700,I0,I2,SW,false,pair:I0:I2:SW
1016,10033041628429/9825190022,927220366184153/1866786104180,I0,I1,NE,false,pair:I0:I1:NE
1018,993905883975889/968590036350,962459354818451/1937180072700,I3,O0,SE,false,pair:I3:O0:SE
1021,6110586902546573/5911986709894,5823616035149895/11823973419788,I2,O0,NW,false,pair:I2:O0:NW
1022,662335035400179/636510269818,3106893247314461/6365102698180,I3,O0,E,false,pair:I3:O0:E
1023,5733727187259255/5533294152434,5455790669522501/11066588304868,I0,I3,E,false,pair:I0:I3:E
1024,221247449240827/214786035818,6631592919297231/13316734220716,I1,O0,SE,false,pair:I1:O0:SE
1028,15929084482723061/15338381097398,15282499446630015/30676762194796,I2,O0,N,false,pair:I2:O0:N
1033,5812892024459127/5533294152434,5526159413700165/11066588304868,I0,I3,W,false,pair:I0:I3:W
1037,4007565719682253/3860684614918,3972500520683783/7721369229836,I0,I2,SW,false,pair:I0:I2:SW
1039,1509034080615353/1426635315374,7210510098689143/14266353153740,I3,O0,SW,false,pair:I3:O0:SW
1041,6385879421928321/6026107767326,6075024336897955/12052215534652,I3,O0,SW,false,pair:I3:O0:SW
1046,8652285240448297/8098946753486,8186346731743643/16197893506972,I2,O0,NW,false,pair:I2:O0:NW
1047,12512029470211111/11719779511186,11875678572398677/23439559022372,I0,I2,W,false,pair:I0:I2:W
1048,2162594051381497/2028885359662,2063773940505611/4057770719324,I0,I3,E,false,pair:I0:I3:E
1052,13228414697367671/12497229141234,12960759907423045/24994458282468,I1,I2,W,false,pair:I1:I2:W
1053,3636076237204019/3402302416634,3483548594250489/6804604833268,I1,I3,E,false,pair:I1:I3:E
1055,348736365857441/323384490718,327327937382275/646768981436,I1,I2,SW,false,pair:I1:I2:SW
1056,17316698509233181/16059683072102,16297217515512055/32119366144204,I0,I1,S,false,pair:I0:I1:S
1061,273022704850783/253613470114,1307452160134449/2536134701140,I3,O0,NE,false,pair:I3:O0:NE
1067,13447431881452523/12425093681290,38664655674572899/74550562087740,I1,I2,SE,false,pair:I1:I2:SE
1070,63215944718259941/58222036812758,8674271218389369/16634867660788,I2,O0,N,false,pair:I2:O0:N
1072,97768842238103641/89706983535470,93445481992550699/179413967070940,I3,O0,SE,false,pair:I3:O0:SE
1074,170584560044084083/156406247004794,163163289019207609/312812494009588,I1,I3,S,false,pair:I1:I3:S
1077,36192527252927103/32998651886050,103023637459658519/197991911316300,I0,I3,NW,false,pair:I0:I3:NW
1079,36075165347520713/32957090287758,2115844290141505/4035562076052,I0,O0,SE,false,pair:I0:O0:SE
1084,235124813119782761/213816538351438,225554740392441947/427633076702876,I1,I3,N,false,pair:I1:I3:N
1087,34547771433797857/31212273654622,164366892946410191/312122736546220,I0,O0,SW,false,pair:I0:O0:SW
1088,114443640186813225/103427277146062,326982681808325329/620563662876372,I3,O0,E,false,pair:I3:O0:E
1094,4591160614634081/4117016368222,4356128898378307/8234032736444,I2,I3,W,false,pair:I2:I3:W
1095,345723457862480251/310281831438186,328953006645299921/620563662876372,I2,O0,E,false,pair:I2:O0:E
1096,125347748360044363/112665045763530,23971763904628237/45066018305412,I2,I3,W,false,pair:I2:I3:W
1097,113554984399939435/101957102721418,108460635194981025/203914205442836,I1,I3,E,false,pair:I1:I3:E
1105,86820428651621831/77070265816146,82639603646379317/154140531632292,I2,O0,NW,false,pair:I2:O0:NW
1109,172657033554997925/153004836832342,164875541706777999/306009673664684,I3,O0,SE,false,pair:I3:O0:SE
1110,129958073500584217/115042006981102,124026623079406443/230084013962204,I0,I1,E,false,pair:I0:I1:E
1113,51285915716602771/45327332507194,48994868137088025/90654665014388,I0,I3,SW,false,pair:I0:I3:SW
1117,34982304193247401/30957299285198,33669638762286107/61914598570396,I1,O0,SW,false,pair:I1:O0:SW
1121,24023395522048807/20989871818130,22730188835576149/41979743636260,I0,I2,S,false,pair:I0:I2:S
1122,71937506843700419/63053662130650,68732928828935593/126107324261300,I2,I3,SW,false,pair:I2:I3:SW
1124,12133263461621803/10599184191498,11532663938708705/21198368382996,I2,O0,E,false,pair:I2:O0:E
1127,152941429722844509/133623153237478,146194541026796727/267246306474956,I3,O0,NE,false,pair:I3:O0:NE
1131,19017807412978739/16561444049146,18202451167930873/33122888098292,I0,I2,SW,false,pair:I0:I2:SW
1132,160925050594083881/139871088154062,153549154652069531/279742176308124,I3,O0,NE,false,pair:I3:O0:NE
1135,44322931503204683/38487221371338,42507690735031361/76974442742676,I1,O0,SW,false,pair:I1:O0:SW
1136,313386984532364629/272284133283062,300998043278351263/544568266566124,I0,O0,E,false,pair:I0:O0:E
1138,330383874097878171/286207470769450,63090924245076797/114482988307780,I1,O0,SW,false,pair:I1:O0:SW
1139,151768299483672317/130837620256422,143228971900698007/261675240512844,I0,I2,S,false,pair:I0:I2:S
1143,783121835948100327/675071708200466,748883273201311893/1350143416400932,I0,I1,E,false,pair:I0:I1:E
1149,361729623262177719/309934995401330,346178375933667077/619869990802660,I0,I1,SE,false,pair:I0:I1:SE
1152,66192581033749417/56585617159886,63248003824944411/113171234319772,I1,I3,S,false,pair:I1:I3:S
1154,170437967444855017/145553126433870,488324236403682961/873318758603220,I0,I1,S,false,pair:I0:I1:S
1155,221868321409138457/189405340347886,212329695108431211/378810680695772,I1,O0,SW,false,pair:I1:O0:SW
1159,116318447445995239/98753675834898,110889377428589717/197507351669796,I1,I3,S,false,pair:I1:I3:S
1161,346672296174912799/293817896945826,109790060538709183/195878597963884,I1,I2,N,false,pair:I1:I2:N
1163,22098569967020493/18671025435398,2982229388570625/5334578695828,I1,I3,SW,false,pair:I1:I3:SW
1166,507803756709034517/430408378635126,485352656146348511/860816757270252,I1,I3,W,false,pair:I1:I3:W
1167,477878699292183393/404207176853086,455588086847042371/808414353706172,I3,O0,SW,false,pair:I3:O0:SW
1168,21453094487353153/18171802246814,20568330179709155/36343604493628,I2,I3,SE,false,pair:I2:I3:SE
1171,30057681173558065/25326868000958,28627957504068787/50653736001916,I0,I2,SE,false,pair:I0:I2:SE
1176,495061756549688953/415691369650990,470305268507957131/831382739301980,I2,O0,SE,false,pair:I2:O0:SE
1178,42080643798176615/35416505109778,40356478339080725/70833010219556,I0,I3,SE,false,pair:I0:I3:SE
1180,377110093294846271/316145332106338,359740504528815773/632290664212676,I2,I3,NE,false,pair:I2:I3:NE
1182,52636102812353809/44030922373374,16725196990932849/29353948248916,I0,I2,SW,false,pair:I0:I2:SW
1189,78551766565664013/65724748141702,76098532978553287/131449496283404,I0,I2,W,false,pair:I0:I2:W
1190,24365735535945803/20173930066890,13801588974354215/24208716080268,I1,I3,NE,false,pair:I1:I3:NE
1193,3225493586648107/2655491902474,15167970125060709/26554919024740,I0,I3,NW,false,pair:I0:I3:NW
1195,210814787515373209/174291688394478,201381250060837867/348583376788956,I2,I3,E,false,pair:I2:I3:E
1200,601804553882175143/496698464312978,576896691396123605/993396928625956,I0,I3,SW,false,pair:I0:I3:SW
1204,810599990047918489/666296879483118,777757036937911531/1332593758966236,I2,I3,E,false,pair:I2:I3:E
1209,180174978851428725/148115087524022,174134191274447871/296230175048044,I2,I3,E,false,pair:I2:I3:E
1211,1100374687216122269/899440911428966,1054733045553308023/1798881822857932,I3,O0,E,false,pair:I3:O0:E
1213,878877575328797295/716503758833666,838426401121271853/1433007517667332,I2,I3,NE,false,pair:I2:I3:NE
1214,541011229705698645/439391496525046,513022410875681695/878782993050092,I1,I2,NE,false,pair:I1:I2:NE
1215,582551765472297773/473362249276486,553390207871221799/946724498552972,I0,I3,SW,false,pair:I0:I3:SW
1220,114754080943205089/92959564750686,109187283515563459/185919129501372,I0,O0,S,false,pair:I0:O0:S
1224,1203641695575304461/973621065919622,1147710022097554887/1947242131839244,I2,I3,W,false,pair:I2:I3:W
1228,1280767672117163231/1024292548542754,1199841108463363453/2048585097085508,I0,I3,SW,false,pair:I0:I3:SW
1229,1797754178873698675/1444737834581626,131396693816445277/222267359166404,I1,I2,N,false,pair:I1:I2:N
1233,291641098632497679/232889562025154,274288756689644301/465779124050308,I0,I1,NE,false,pair:I0:I1:NE
1235,2600103884791242673/2084833534556094,353850575915807093/595666724158884,I0,I3,S,false,pair:I0:I3:S
1236,1577359246304019737/1263237298708974,1500385809907191659/2526474597417948,I3,O0,SW,false,pair:I3:O0:SW
1238,47142520111709233/37740041670334,1934457073727992593/3245643583648724,I0,I2,NW,false,pair:I0:I2:NW
1240,4946004227893790667/3957566442759370,4723224341848643521/7915132885518740,I0,I2,W,false,pair:I0:I2:W
1245,3360172243294063805/2670583716186918,3211636106220003031/5341167432373836,I0,I2,SW,false,pair:I0:I2:SW
1248,1896330521630552741/1499083352925270,85538816768082963/142769843135740,I3,O0,SW,false,pair:I3:O0:SW
1252,4112272946687384875/3250376573961738,1307169735152525643/2166917715974492,I0,O0,SE,false,pair:I0:O0:SE
1256,636917892538936003/501356035249626,1825318112721368827/3008136211497756,I1,I3,N,false,pair:I1:I3:N
1258,1304763409960733161/1022406491669070,1234000302248830939/2044812983338140,I1,I3,N,false,pair:I1:I3:N
1261,220084497845873563/172861052331818,210914453878074673/345722104663636,I0,I3,SE,false,pair:I0:I3:SE
1263,10344748665476200415/8111677259995938,210543287846053139/345177755744508,I0,I2,NE,false,pair:I0:I2:NE
1266,6847860134818728187/5350814154831978,2176806811958868763/3567209436554652,I2,I3,S,false,pair:I2:I3:S
1267,6270676444291473377/4899136027143518,5988930578879344835/9798272054287036,I0,I1,SE,false,pair:I0:I1:SE
1273,8572512076954592443/6681492667709674,8214982886467533969/13362985335419348,I2,O0,NE,false,pair:I2:O0:NE
1274,10371089500521397985/8059418342477662,9888469860418530755/16118836684955324,I1,I3,W,false,pair:I1:I3:W
1275,500005385599594099/388983960675450,478560902770434233/777967921350900,I0,I3,E,false,pair:I0:I3:E
1276,24662390701486047333/19127462980731094,23441684727684855503/38254925961462188,I1,I2,N,false,pair:I1:I2:N
1281,903173583040373579/700725990219210,867923107721558593/1401451980438420,I0,I3,SE,false,pair:I0:I3:SE
1285,17577180122185642145/13501218935366622,1839245779682364843/3000270874525916,I1,O0,NW,false,pair:I1:O0:NW
1286,22305444433876029169/17150305787822398,21107757844943958003/34300611575644796,I2,O0,E,false,pair:I2:O0:E
1288,74863745231898688215/57705753128807474,71319657896803241573/115411506257614948,I0,I2,NE,false,pair:I0:I2:NE
1289,17744449593905415247/13793475563405378,17282236580953584077/27586951126810756,I2,O0,NE,false,pair:I2:O0:NE
1292,25056536557030573059/19309405950028634,23997466755433704297/38618811900057268,I1,O0,NW,false,pair:I1:O0:NW
1293,2879784716621025847/2203744116328818,2712073690218553477/4407488232657636,I2,O0,NE,false,pair:I2:O0:NE
1300,17778126894581812201/13597787218370126,16999758248003657179/27195574436740252,I2,I3,W,false,pair:I2:I3:W
1301,267276783274609539/203297581321306,6831238858146505619/10978069391350524,I0,O0,NW,false,pair:I0:O0:NW
1309,21360716529032087833/16224112734288366,6836744175117618809/10816075156192244,I1,I2,E,false,pair:I1:I2:E
1310,5412798522943288437/4128568504871606,5258051890297955583/8257137009743212,I0,I2,W,false,pair:I0:I2:W
1315,15407326631280216491/11596130480061706,14611766572578290017/23192260960123412,I3,O0,NE,false,pair:I3:O0:NE
1317,21513838916362684697/16224112734288366,1213901959701131195/1908719145210396,I0,I1,W,false,pair:I0:I1:W
1318,15736260345517188485/11829661597448854,14992175736118782511/23659323194897708,I1,O0,NW,false,pair:I1:O0:NW
1325,24422038882280787859/18299102422242874,23284074319853309977/36598204844485748,I0,I1,W,false,pair:I0:I1:W
1327,18330448286951132963/13738821370288410,10528385988781561567/16486585644346092,I1,O0,NW,false,pair:I1:O0:NW
1329,2188407326244105723/1635797886129770,2086909642673650769/3271595772259540,I3,O0,NE,false,pair:I3:O0:NE
1332,72173064873957871709/53889553055782886,68951439120374119863/107779106111565772,I1,I2,S,false,pair:I1:I2:S
1335,39646125334109447897/29446228368455278,37684092011754781867/58892456736910556,I1,I2,SW,false,pair:I1:I2:SW
1336,179854105825640217893/133539584294133590,171349637469164029199/267079168588267180,I1,O0,E,false,pair:I1:O0:E
1337,100561855157421322099/74647127557223034,31993817815218155155/49764751704815356,I1,I2,SW,false,pair:I1:I2:SW
1343,374795625647613341805/277346857839716806,359378884121938227175/554693715679433612,I2,I3,E,false,pair:I2:I3:E
1347,261740429879224519383/192432041031044146,249023664501887286885/384864082062088292,I1,O0,E,false,pair:I1:O0:E
1352,370714694817714457199/272616018337929218,356006114818113021997/545232036675858436,I0,I2,NW,false,pair:I0:I2:NW
1353,249979683600375107705/183288727621695278,238323916514809384331/366577455243390556,I1,I3,N,false,pair:I1:I3:N
1355,722969170617781700219/529444586904317290,137748694907264448605/211777834761726916,I2,I3,S,false,pair:I2:I3:S
1357,1010299345248245033645/736985782015327558,958782174863152096935/1473971564030655116,I2,O0,SE,false,pair:I2:O0:SE
1359,268761146931418922749/196497051795173030,770554796611741464773/1178982310771038180,I1,I3,NW,false,pair:I1:I3:NW
1361,312506777146166051785/228660082094230158,99843580524966185769/152440054729486772,I2,I3,SW,false,pair:I2:I3:SW
1367,703203526595856425461/511123781626478518,670625952451983056255/1022247563252957036,I1,I3,NW,false,pair:I1:I3:NW
1368,320770199212754384019/233503885175483450,307146453763304890137/467007770350966900,I0,I3,S,false,pair:I0:I3:S
1369,426229188370936504235/308017431122153738,401722967590495992673/616034862244307476,I1,O0,S,false,pair:I1:O0:S
1370,1091439641643126492629/791619938638939126,1038297184529821695263/1583239877277878252,I0,I2,NW,false,pair:I0:I2:NW
1372,449899243217617724591/324612168287972226,424004277003211914989/649224336575944452,I0,I3,S,false,pair:I0:I3:S
1382,57490778723724868157/41358643908059174,55019501270332307287/82717287816118348,I1,I2,E,false,pair:I1:I2:E
1384,57887126080469326961/41631510613874238,55421843001270175859/83263021227748476,I1,I2,E,false,pair:I1:I2:E
1386,794833616682894562365/571914074327116838,762884851676134565207/1143828148654233676,I1,O0,SW,false,pair:I1:O0:SW
1387,331736608039139946677/238861989416122934,319510107665973158335/477723978832245868,I1,I2,E,false,pair:I1:I2:E
1388,52390728297130308589/37500195216609990,29973884386567952753/45000234259931988,I1,I3,W,false,pair:I1:I3:W
1390,88607665584407160947/63383147282391162,84450436270606931641/126766294564782324,I0,I2,NW,false,pair:I0:I2:NW
1393,946283494410785119997/674350587080797862,899403861049561472407/1348701174161595724,I0,O0,SW,false,pair:I0:O0:SW
1399,1906219030470529279713/1354968501837430622,1825336948995971425731/2709937003674861244,I0,I1,SW,false,pair:I0:I1:SW
1403,264459291132871496349/186355581310933862,249442142485256260727/372711162621867724,I2,O0,E,false,pair:I2:O0:E
1406,1492838912440531050133/1056625239854086774,1432771174587876394847/2113250479708173548,I0,I3,E,false,pair:I0:I3:E
1407,113339009498983797861/80083968599136470,108472311018438570703/160167937198272940,I1,I2,NE,false,pair:I1:I2:NE
1409,353201440523769390181/248427716866078934,1006239856964625737837/1490566301196473604,I3,O0,S,false,pair:I3:O0:S
1411,253404816241096579387/178594645102878698,242341936510584433169/357189290205757396,I1,I2,NW,false,pair:I1:I2:NW
1413,2944795320438006980025/2064754318040745134,2805283534229634964811/4129508636081490268,I0,I2,E,false,pair:I0:I2:E
1421,2454171920693759043731/1719731731115738170,2361952632954851998489/3439463462231476340,I1,I2,N,false,pair:I1:I2:N
1423,3510289851670851692071/2444131301063069586,3331494912777708358229/4888262602126139172,I3,O0,SW,false,pair:I3:O0:SW
1425,218180601684682761511/152140115103871378,207948793762623186773/304280230207742756,I0,O0,SE,false,pair:I0:O0:SE
1427,3064472879747507107087/2132861624108594882,2919973326794282490893/4265723248217189764,I2,O0,N,false,pair:I2:O0:N
1429,5050671513557008016683/3508071415434163722,4801229817455017671649/7016142830868327444,I0,I3,E,false,pair:I0:I3:E
1430,7900430633318892341731/5489297018916715418,7537562643499316566281/10978594037833430836,I1,I3,NW,false,pair:I1:I3:NW
1433,2948856843853910435/2049637758100506,2639022984479767388831/3832822607647946220,I1,O0,SW,false,pair:I1:O0:SW
1439,6681904994168579557417/4625130377067081166,6384805190078155594395/9250260754134162332,I0,I3,NE,false,pair:I0:I3:NE
1440,14102782820013776445923/9731649292473469850,13409357611396455473417/19463298584946939700,I0,I2,S,false,pair:I0:I2:S
1441,14475053212123316619131/9997329161653324650,13819536552936211676369/19994658323306649300,I2,O0,SE,false,pair:I2:O0:SE
1444,799144901420178893311/551590351024577250,254954817707235995039/367726900683051500,I1,O0,S,false,pair:I1:O0:S
1445,28910040560945164049479/19900198279072221010,27578256523953716809909/39800396558144442020,I1,I3,N,false,pair:I1:I3:N
1450,9090278400012087903473/6233108267972105534,8638246769316842656243/12466216535944211068,I1,I3,NE,false,pair:I1:I3:NE
1452,21208420153161384660335/14525742887202714114,20225290587277473501485/29051485774405428228,I1,I2,SW,false,pair:I1:I2:SW
1458,30756943145248992422793/20940601407791477518,29183523545762995146939/41881202815582955036,I0,I2,S,false,pair:I0:I2:S
1462,66734894829450567034491/45311040416627600746,63498664665415716649425/90622080833255201492,I0,I3,NE,false,pair:I0:I3:NE
1463,43489141772506996567887/29442449303839525442,41249128700368131199693/58884898607679050884,I2,I3,N,false,pair:I2:I3:N
1465,2735326576752130585343/1849707368588470498,2591857523416819925981/3699414737176940996,I0,O0,SW,false,pair:I0:O0:SW
1467,6061605963489346420171/4125078935873992906,5847048199481893108161/8250157871747985812,I0,O0,SW,false,pair:I0:O0:SW
1470,86889402286500991409759/58855607575200259618,83065776756330827764221/117711215150400519236,I0,I2,E,false,pair:I0:I2:E
1471,38827291687397411948011/26225728345763499146,36938955544326850442785/52451456691526998292,I2,O0,SW,false,pair:I2:O0:SW
1476,209420073859092184992197/141030726746250557974,200063426138263184285423/282061453492501115948,I0,I2,SE,false,pair:I0:I2:SE
1482,3361979435507945708853/2251616683292619062,80195370743912458855719/112580834164630953100,I1,I2,E,false,pair:I1:I2:E
1483,134110941489297456716579/90031394824746565914,128971192430314986616009/180062789649493131828,I2,O0,N,false,pair:I2:O0:N
1485,186114254579592962787015/124085692648228880978,176169567731814289399861/248171385296457761956,I0,I3,S,false,pair:I0:I3:S
1487,142613212029431577100375/95269566889304805682,136096622830384951578341/190539133778609611364,I1,I3,W,false,pair:I1:I3:W
1490,11338307738647137726005/7558961139910962998,10840441859402232777279/15117922279821925996,I0,O0,NE,false,pair:I0:O0:NE
1496,356029771544005025075645/235984474298802479398,338648138648460124163543/471968948597604958796,I3,O0,SE,false,pair:I3:O0:SE
1501,277010137642341687053543/183068405723383618066,263697553147556164982421/366136811446767236132,I1,O0,N,false,pair:I1:O0:N
1503,252830098066691827503875/166315346635597770074,239948915708974965110889/332630693271195540148,I2,I3,W,false,pair:I2:I3:W
1508,58376593184885765195005/38494481303763739302,18716711818257177997277/25662987535842492868,I0,I2,S,false,pair:I0:I2:S
1512,303719978711962218497325/198854575132103252038,289627373317836902630951/397709150264206504076,I1,I3,SE,false,pair:I1:I3:SE
1515,130757219549575150715907/85473447390183172954,124568160769843412167529/170946894780366345908,I3,O0,NE,false,pair:I3:O0:NE
1518,93593938061128603239823/61074978913074030018,88946779600086942702989/122149957826148060036,I1,I2,W,false,pair:I1:I2:W
1521,17761109637325367454845/11533972190321738662,16793658272256696382999/23067944380643477324,I1,I3,E,false,pair:I1:I3:E
1522,514021041705037615639571/335675805159171648826,493308766842250606736793/671351610318343297652,I0,I2,SW,false,pair:I0:I2:SW
1526,549746088621109788860897/358600624412224022878,527744611831821372421827/717201248824448045756,I0,O0,E,false,pair:I0:O0:E
1527,3899032828926191569027/2530860795523674714,18552351551701444422797/25308607955236747140,I1,I3,NE,false,pair:I1:I3:NE
1528,54110191867523070544067/34852735602848856538,50542020429828033368489/69705471205697713076,I0,I2,W,false,pair:I0:I2:W
1530,580589551713952334690891/378148128057243979722,186000333675253445208683/252098752038162653148,I0,I2,W,false,pair:I0:I2:W
1532,214473051577545172868029/139143124427891166502,204204962513045213359063/278286248855782333004,I3,O0,N,false,pair:I3:O0:N
1533,12241142795117322548687/7935933023117118786,3883642690215255435119/5290622015411412524,I1,I3,N,false,pair:I1:I3:N
1535,227040805822041903793929/146008213721576008718,212540458488457445987131/292016427443152017436,I0,I3,NE,false,pair:I0:I3:NE
1536,1582769005170542658301243/1025069336276176680938,1508543021151621661681169/2050138672552353361876,I0,I1,SE,false,pair:I0:I1:SE
1541,1426271477805748031803523/919332111308030747226,1354428946628059510907113/1838664222616061494452,I0,I3,E,false,pair:I0:I3:E
1543,2383548026206714956066135/1536778996170339981106,2269416829199817192191461/3073557992340679962212,I1,I3,W,false,pair:I1:I3:W
1544,154699626849784089245079/97755530181639327410,140030324893515795191461/195511060363278654820,I2,I3,S,false,pair:I2:I3:S
1545,2685079810831507217219153/1730068982181949222526,2560636498240887614638611/3460137964363898445052,I1,O0,NE,false,pair:I1:O0:NE
1546,273394730203726910128953/177148731583964195246,264596701696056061246923/354297463167928390492,I0,I3,SE,false,pair:I0:I3:SE
1552,2637827668133231246005197/1695844650826852232966,2524451083949071188780551/3391689301653704465932,I1,I3,W,false,pair:I1:I3:W
1554,1612604707298028533507497/1034137412443405492942,1540298097916251121247003/2068274824886810985884,I1,I2,N,false,pair:I1:I2:N
1559,2617743538535913425068405/1672831410225150505142,2497200160611632678276095/3345662820450301010284,I0,I2,S,false,pair:I0:I2:S
1560,734647732708710164757669/469264872560235745366,700573325477116522115983/938529745120471490732,I3,O0,N,false,pair:I3:O0:N
1562,1414877856868275205981951/900393196364318064866,1338825015374925204029405/1800786392728636129732,I1,I3,NW,false,pair:I1:I3:NW
1564,2833246087237943037911033/1808258996762029049902,2707635070672426516130827/3616517993524058099804,I2,O0,W,false,pair:I2:O0:W
1566,553059732982399272426913/349052166249994070494,514854019469009826341379/698104332499988140988,I0,I2,S,false,pair:I0:I2:S
1569,68745631295381025173987/43709864878291217306,65644831928087860662537/87419729756582434612,I0,I3,SW,false,pair:I0:I3:SW
1570,565186778605501781180259/359563596972188467354,541471803548892116806025/719127193944376934708,I2,I3,NW,false,pair:I2:I3:NW
1573,1596026960345613050478475/1010941788237572287818,1515471823006060542736129/2021883576475144575636,I2,I3,NW,false,pair:I2:I3:NW
1576,2365612829157433558566107/1496592968307191520426,2249677649686016171278577/2993185936614383040852,I1,O0,N,false,pair:I1:O0:N
1581,863993394562738406826287/541951960320257294978,809580400860654988870765/1083903920640514589956,I2,I3,SW,false,pair:I2:I3:SW
1584,680609273491722678086467/428445367652318938330,129300789199170912043477/171378147060927575332,I0,I2,E,false,pair:I0:I2:E
1586,2131015015170523229012001/1347229632315112797406,2057912541326423810709891/2694459264630225594812,I1,I3,NE,false,pair:I1:I3:NE
1587,3823923900646361762129675/2413355952049012592202,3678431758262050452987265/4826711904098025184404,I3,O0,W,false,pair:I3:O0:W
1589,5697247598096195969094443/3579396085198429362698,5437289970123792929785313/7158792170396858725396,I2,I3,S,false,pair:I2:I3:S
1591,379606486039394053300761/237994767268623853550,362034648688969559692907/475989534537247707100,I0,O0,SE,false,pair:I0:O0:SE
1593,179566335321978782515187/112326865359730254202,1534361288937539123590913/2021883576475144575636,I0,O0,SE,false,pair:I0:O0:SE
1596,573884534444541645653783/359000037780008098738,546792009721762348448549/718000075560016197476,I1,I2,N,false,pair:I1:I2:N
1599,2832670931023447095959919/1775237852229177100802,2722214141236090955648301/3550475704458354201604,I1,I2,N,false,pair:I1:I2:N
1600,13921421490182149323975329/8700881232012575191006,13294686942246573914286339/17401762464025150382012,I0,I1,N,false,pair:I0:I1:N
1602,7064657100059955191687575/4424854901883685693106,6798689625769480734405285/8849709803767371386212,I1,I2,NW,false,pair:I1:I2:NW
1607,2613829286824284619885815/1627972668396601043954,2495321118898110702561477/3255945336793202087908,I1,I2,W,false,pair:I1:I2:W
1610,14439336829028616357703373/8938664472233784416518,13650149751135657136232199/17877328944467568833036,I1,O0,S,false,pair:I1:O0:S
1614,4275964445912724107736407/2651276722067644352306,12249593786718893373778351/15907660332405866113836,I0,I1,N,false,pair:I0:I1:N
1618,41351218851623784076753777/25517461942674335168574,39330975256731714141816179/51034923885348670337148,I3,O0,NW,false,pair:I3:O0:NW
1620,40167568767790580801374675/24768972471860400957882,12739500763467014213971187/16512648314573600638588,I1,I3,SW,false,pair:I1:I3:SW
1628,173477129303538558489121/104192584261426532574,158086458455319719448451/208385168522853065148,I1,I2,NE,false,pair:I1:I2:NE
1631,4197133970634639823247355/2572935592979308313194,4033600689299385916276305/5145871185958616626388,I1,I2,NE,false,pair:I1:I2:NE
1633,2450584417334116962747773/1471177552975782441382,2245214196685899811774743/2942355105951564882764,I1,I2,NE,false,pair:I1:I2:NE
1635,17028668914754246426339385/10352566227238734626734,16134209508749608056671435/20705132454477469253468,I0,I3,SE,false,pair:I0:I3:SE
1637,40391534884282712945103097/24655421426663568803374,38683203790086691461783307/49310842853327137606748,I2,O0,S,false,pair:I2:O0:S
1638,3733126127697766557927633/2299762328970329024894,3659278278973587035797907/4599524657940658049788,I1,O0,E,false,pair:I1:O0:E
1641,30767210268309796335169537/18750761826797201699102,29425209392163265049838883/37501523653594403398204,I2,I3,W,false,pair:I2:I3:W
1643,23602999001744153652113677/14363679054746335550598,22548801032889147796678087/28727358109492671101196,I2,O0,S,false,pair:I2:O0:S
1644,29467011662219796442856885/17967146645969033379894,9429510945922134084078997/11978097763979355586596,I2,I3,W,false,pair:I2:I3:W
1645,9048876653295994241442041/5523410577307120690734,8716976841552548114943755/11046821154614241381468,I1,I3,NE,false,pair:I1:I3:NE
1646,6534776292289535690909521/4003194004572191456382,6351886070141873506755859/8006388009144382912764,I0,I1,NE,false,pair:I0:I1:NE
1648,2351247550841259889886057/1423861591538576351054,15661113316100816632245885/19934062281540068914756,I0,I1,N,false,pair:I0:I1:N
1658,11623324223427340304601683/6976592808502384863418,33162192342962125854134539/41859556851014309180508,I0,O0,NE,false,pair:I0:O0:NE
1659,2104161972500461220405237/1261079154264634229686,285708263634817664442057/360308329789895494196,I0,I3,SW,false,pair:I0:I3:SW
1665,41927585546975627590552081/25082500292922686754558,39998348769132374746572115/50165000585845373509116,I1,I2,S,false,pair:I1:I2:S
1667,59093910748143758500637181/35374242664839920007334,56510540844959490028773015/70748485329679840014668,I1,I2,S,false,pair:I1:I2:S
1669,48148058000441027113477137/28808143294079100967678,46161602057927212103283539/57616286588158201935356,I1,O0,N,false,pair:I1:O0:N
1670,3239192097219780946013119/1936781824604246757218,9313361140179278150341207/11620690947625480543308,I0,O0,E,false,pair:I0:O0:E
1672,34998538496391235701919431/20847928691333919306322,33389756848690114418997301/41695857382667838612644,I3,O0,N,false,pair:I3:O0:N
1674,59396142203047415794313725/35374242664839920007334,56737214436137232999030423/70748485329679840014668,I2,I3,N,false,pair:I2:I3:N
1678,31613475800084428279213481/18777913044486937055950,30135435555107242238049051/37555826088973874111900,I2,I3,NE,false,pair:I2:I3:NE
1683,29841483622945636046250131/17695635067116044457018,28458300241677548164735769/35391270134232088914036,I3,O0,N,false,pair:I3:O0:N
1684,17198502763097071826337045/10168849780660096929142,16296427822455531595363039/20337699561320193858284,I0,I2,S,false,pair:I0:I2:S
1686,875522542097890527903681/519012430277459102110,358806005247575828555087/444867797380679230380,I3,O0,N,false,pair:I3:O0:N
1691,28983534860732856179417281/17084688636481546692510,27610581883292396833156963/34169377272963093385020,I3,O0,NW,false,pair:I3:O0:NW
1692,48441125205784750239448043/28569736228917671108746,46230961604030492508264481/57139472457835342217492,I0,I1,W,false,pair:I0:I1:W
1695,7768434662479077486203471/4572388507089593328706,7423329132697298397879245/9144777014179186657412,I0,I3,S,false,pair:I0:I3:S
1699,17359063223514639763602709/10168849780660096929142,16428654083975881661346527/20337699561320193858284,I2,I3,N,false,pair:I2:I3:N
1701,3126154832801919121955501/1834119400436478942534,271026965118011749153109/333476254624814353188,I0,O0,W,false,pair:I0:O0:W
1703,18619661021049446947108453/10922236925603493385430,53450305439047615576967789/65533421553620960312580,I1,O0,SE,false,pair:I1:O0:SE
1707,342126387707992984851173/199591838749785942998,19875079711055001450649811/24350204327473885045756,I1,I2,SW,false,pair:I1:I2:SW
1710,30360943936061297019756691/17695635067116044457018,28949426355895991266960153/35391270134232088914036,I0,I3,E,false,pair:I0:I3:E
1716,166160955482064189653727871/96585838941602305493474,158422591523598410414344797/193171677883204610986948,I1,I3,W,false,pair:I1:I3:W
1719,42943568605745360685303129/24862408550967097788782,121990223569024624732338305/149174451305802586732692,I0,I3,NE,false,pair:I0:I3:NE
1721,176384930930777219441667319/102082058055214310140914,23920577730645180836013523/29166302301489802897404,I0,I2,SW,false,pair:I0:I2:SW
1722,121118686338616428171574201/70197590589069048957102,115420113137528879721936715/140395181178138097914204,I1,I3,SW,false,pair:I1:I3:SW
1727,204851246693958755073090803/118584452230303317620602,196063885297786825271057465/237168904460606635241204,I1,I3,W,false,pair:I1:I3:W
1729,266562865063096436285494931/153542591601075396208698,253300896090593603038233881/307085183202150792417396,I0,I2,W,false,pair:I0:I2:W
1731,188663463670733530080782923/108707139539833328955338,179669645262128743885197121/217414279079666657910676,I0,I1,NW,false,pair:I0:I1:NW
1739,302015463629914191662929339/173264721481206390355690,287735663133249736775790481/346529442962412780711380,I0,I1,N,false,pair:I0:I1:N
1743,25569349846429327757850961/14624219181848763308158,72988213075924838996562233/87745315091092579848948,I0,I1,N,false,pair:I0:I1:N
1744,3255995945067568283627907/1863027781213246750810,40395092800379865787241173/48438722311544415521060,I0,I3,SW,false,pair:I0:I3:SW
1746,67865102385316028036678155/38861702747507746076746,195301261792278599608707971/233170216485046476460476,I0,O0,NE,false,pair:I0:O0:NE
1749,2827102501551746135851087/1611649341758389504066,18829906717155941076748443/22563090784617453056924,I2,O0,SW,false,pair:I2:O0:SW
1753,179047728301518549238023043/101943608028757321325658,170025283550122667938552297/203887216057514642651316,I0,O0,NE,false,pair:I0:O0:NE
1758,8526035748156408996167867/4843872231154441552106,40697324255283523080917717/48438722311544415521060,I2,I3,NW,false,pair:I2:I3:NW
1762,315336826836158769171909349/178135929969446894369750,42680758732218867884328313/50895979991270541248500,I0,I2,N,false,pair:I0:I2:N
1763,323962223639465883492086131/183230440713076527918714,44044016653233633054175295/52351554489450436548204,I1,O0,S,false,pair:I1:O0:S
1764,224182966857040293423211051/126238276922158517672970,42269575811427373514074669/50495310768863407069188,I2,I3,N,false,pair:I2:I3:N
1770,20583007229678843893568621/11602015358126465753542,19616968172647249117715431/23204030716252931507084,I0,O0,SW,false,pair:I0:O0:SW
1772,83128791748488082450673707/46869230726181538824202,872836864465610147155975595/1031123075975993854132444,I0,I2,NW,false,pair:I0:I2:NW
1775,968900710515301155825862781/545913041989256111639462,924613651521123797207960087/1091826083978512223278924,I0,O0,S,false,pair:I0:O0:S
1777,885813963193818749002864055/498600973767345519145586,844985690377739192342289157/997201947534691038291172,I1,I2,S,false,pair:I1:I2:S
1778,1232658297383977530012314551/692693037791623738639986,390368700480538041301398615/461795358527749159093324,I1,I3,NE,false,pair:I1:I3:NE
1783,82339604462312929110131113/45883483142138663299790,77353791118167015805335323/91766966284277326599580,I3,O0,E,false,pair:I3:O0:E
1785,974340876703566987112040573/545913041989256111639462,929449354799582313906784791/1091826083978512223278924,I0,O0,S,false,pair:I0:O0:S
1787,1708425731535212868412062781/956566035629506303171622,1629152620095332412130090327/1913132071259012606343244,I0,I1,W,false,pair:I0:I1:W
1788,111385637749638130921177933/62139235910388056752134,35105112140173925742824493/41426157273592037834756,I3,O0,NE,false,pair:I3:O0:NE
1791,498472554807956984854124107/278086404379938167232458,472144896428474522425725761/556172808759876334464916,I2,I3,E,false,pair:I2:I3:E
1795,1875405539183274282490168451/1047398944261610321492570,358185591634872469700801173/418959577704644128597028,I3,O0,N,false,pair:I3:O0:N
1799,514561167230678958155805421/286888272406989897118918,493759367726710159955330919/573776544813979794237836,I2,I3,NE,false,pair:I2:I3:NE
1801,112594384994647416224336505/62541944415016890647342,107276394637828430295743371/125083888830033781294684,I0,I2,E,false,pair:I0:I2:E
1805,503610489541319158846625355/278086404379938167232458,476376136797125724537197377/556172808759876334464916,I0,I3,E,false,pair:I0:I3:E
1810,19742794848726055850697769/10948882654826825545166,19021526916488604828413595/21897765309653651090332,I1,I3,S,false,pair:I1:I3:S
1822,263543243475821800332653915/143765614606623076764586,749608664041102792946263891/862593687639738460587516,I2,O0,S,false,pair:I2:O0:S
1823,150063864699590570425619379/82155999608553345921530,143560472084766835618594937/164311999217106691843060,I0,I3,W,false,pair:I0:I3:W
1827,697951610360709785200421067/380255335927310212186826,665509256698430902720223937/760510671854620424373652,I1,I2,N,false,pair:I1:I2:N
1832,766714675809805298241329191/416153010349919883946898,729619762397175290846814293/832306020699839767893796,I1,O0,E,false,pair:I1:O0:E
1834,2608772408399549347340393173/1415570158307922743282166,2487094635948267867871626271/2831140316615845486564332,I0,I1,S,false,pair:I0:I1:S
1835,214721145567019228099757289/116676264686353277815886,205872511721349964089829595/233352529372706555631772,I1,O0,SE,false,pair:I1:O0:SE
1837,2215872785473159399377097547/1201718582009272713723338,2118591793845407027572861505/2403437164018545427446676,I1,I2,NW,false,pair:I1:I2:NW
1838,5028230965849447236148786807/2722739925718513562470642,4797553782113735446899643717/5445479851437027124941284,I0,I2,S,false,pair:I0:I2:S
1842,945745480921954117981149879/511641927785232118728818,903438986253211194058836485/1023283855570464237457636,I2,I3,S,false,pair:I2:I3:S
1844,195966416432310181841333867/105621631287957632256906,185472852881496064808140705/211243262575915264513812,I2,I3,S,false,pair:I2:I3:S
1849,923460111442370710183204225/495935965286662169466398,875435658387879470581966243/991871930573324338932796,I0,I2,NE,false,pair:I0:I2:NE
1851,3763325670569978988067927981/2021532462156344530436934,325895230145970830069759573/367551356755699005533988,I1,O0,S,false,pair:I1:O0:S
1854,691048459516145134107783727/375545828242764678987906,226362169230811488890406863/250363885495176452658604,I2,I3,SW,false,pair:I2:I3:SW
1856,560140392254980768586109247/300045606106873682736226,2666188011551922362918502673/3000456061068736827362260,I2,O0,NW,false,pair:I2:O0:NW
1858,652674576573734126764759625/349582280732033133047182,621672908330664267516491003/699164561464066266094364,I3,O0,NE,false,pair:I3:O0:NE
1860,2579494862464507315184175449/1377224122358837234172270,488802755875791222891186799/550889648943534893668908,I2,O0,NW,false,pair:I2:O0:NW
1863,1802076867761663435423055413/963611101497475431288630,573515586587826158286880277/642407400998316954192420,I1,I2,SE,false,pair:I1:I2:SE
1865,1295730330429371558196319867/688508799349436153318762,1219455612626519760123955665/1377017598698872306637524,I1,I2,SE,false,pair:I1:I2:SE
1867,4267090796474852411869141567/2275456560198134359409250,4078147720289817949409485213/4550913120396268718818500,I0,I3,N,false,pair:I0:I3:N
1869,596579292820607248867851875/317191309345129906201242,243261334662428766380081869/271878265152968491029636,I0,I1,E,false,pair:I0:I1:E
1870,92484443435849121488149523/49161673447646696672570,615656169429676461835052847/688263428267053753415980,I3,O0,N,false,pair:I3:O0:N
1875,6091166868340249194803605009/3230650865938295667918590,5772350990585005439951360339/6461301731876591335837180,I0,I3,N,false,pair:I0:I3:N
1876,95587293518767604191824255/50683659773646041746402,2082883806423462430107343195/2331448349587717920334492,I0,I1,E,false,pair:I0:I1:E
1877,9619067136061435219565693069/5109963241472716064152966,9156009030729853677864262727/10219926482945432128305932,I3,O0,N,false,pair:I3:O0:N
1878,881975066930296506190522015/469828093883605099058594,845914510036212059478225597/939656187767210198117188,I0,I3,N,false,pair:I0:I3:N
1881,357289561780413645521576575/190199036001420561742306,1031117106747435820424742679/1141194216008523370453836,I2,I3,W,false,pair:I2:I3:W
1885,10146931403965077363291832165/5358760121122697332531926,3215602161226083386907636037/3572506747415131555021284,I1,O0,NW,false,pair:I1:O0:NW
1887,252847983490410293543799805/133864368165905038718118,726986247541334300158201285/803186208995430232308708,I1,I2,SW,false,pair:I1:I2:SW
1890,652831270239209681703224453/344131714133526876707990,620491872708134978533877551/688263428267053753415980,I0,I3,S,false,pair:I0:I3:S
1893,46993509177653020132142401/24415942099101795884702,388918841888574132930284539/439486957783832325924636,I1,I2,SE,false,pair:I1:I2:SE
1896,13030180553593964803521502289/6845057832216705210069630,12397354077476263012697662483/13690115664433410420139260,I3,O0,NE,false,pair:I3:O0:NE
1897,9071336141649358688432236891/4756646571397423837602730,8606720480466976313923468913/9513293142794847675205460,I0,I3,SE,false,pair:I0:I3:SE
1902,1656192820741024689985921367/869794881675966525189938,1584367233114780790962098661/1739589763351933050379876,I2,O0,N,false,pair:I2:O0:N
1905,9897602987983927777282783703/5178533617110644385746482,9430567170451507556022070117/10357067234221288771492964,I1,I2,NE,false,pair:I1:I2:NE
1906,5937843960698907731732037533/3106727896725899019444582,16973923709353228148127259237/18640367380355394116667492,I0,O0,E,false,pair:I0:O0:E
1914,4720252387580680233760741479/2452665858904054020518674,4487633932565408729338407189/4905331717808108041037348,I2,O0,E,false,pair:I2:O0:E
1919,5650598009717950161260440079/2924518180851030204247234,5360378273510939323324209933/5849036361702060408494468,I0,I1,N,false,pair:I0:I1:N
1922,8298212557805476586210284437/4290997027977544184148086,7888261629244770435264071263/8581994055955088368296172,I1,I2,W,false,pair:I1:I2:W
1923,583777781297661876856538583/301915534654555074623026,556468772763547853138366309/603831069309110149246052,I0,I3,W,false,pair:I0:I3:W
1928,1245347899324111902201510225/644128333765192776718462,1190651158340761110142311187/1288256667530385553436924,I0,I3,W,false,pair:I0:I3:W
1930,11785291937243681607621453463/6043257253781659256327346,11099526651641274475177937317/12086514507563318512654692,I1,O0,NW,false,pair:I1:O0:NW
1933,8678997648373457289168873163/4470126096806993489987274,2770545950047117468268431083/2980084064537995659991516,I2,O0,NW,false,pair:I2:O0:NW
1934,18460280652979922316590060045/9499312759007146364172934,17639085094172735952609716423/18998625518014292728345868,I0,I2,W,false,pair:I0:I2:W
1935,1102285356233007738252313719/559060565393159384198386,1015809393890031142999129925/1118121130786318768396772,I2,O0,NW,false,pair:I2:O0:NW
1940,3926555811044311513992399439/2010851825611940553323586,3729174705746866108543615949/4021703651223881106647172,I1,I2,N,false,pair:I1:I2:N
1941,32736652577996307675293016933/16735529499259044917566166,30996493137417748466004950991/33471058998518089835132332,I2,I3,N,false,pair:I2:I3:N
1945,4240058619175671105919310005/2161302159506563179571766,4010786220382667371691088319/4322604319013126359143532,I3,O0,S,false,pair:I3:O0:S
1947,22697476509385992791585860417/11628385195399180773253790,21771984834484630400269082339/23256770390798361546507580,I0,I1,W,false,pair:I0:I1:W
1949,12537190711822725980140981507/6401515391440557868005722,11926936280320604347465082473/12803030782881115736011444,I0,I1,W,false,pair:I0:I1:W
1952,3945898624158145580787698255/2010851825611940553323586,3743681815582241658640090061/4021703651223881106647172,I1,O0,N,false,pair:I1:O0:N
1958,27540259258169037543136210595/14002549956518608188819994,26253148637953017416218255177/28005099913037216377639988,I2,O0,W,false,pair:I2:O0:W
1961,8157435378977072673175192635/4135327151794861517433322,7746309120490299976646527761/8270654303589723034866644,I0,I2,N,false,pair:I0:I2:N
1962,6390483889667265299762409523/3248997591616641681099002,6114698049794497229334210041/6497995183233283362198004,I3,O0,E,false,pair:I3:O0:E
1964,17926774281341185523472299625/9102236543552603003738446,17100676344364845226153373019/18204473087105206007476892,I3,O0,E,false,pair:I3:O0:E
1966,22871561827410499392743549761/11628385195399180773253790,21926727339395302934631472867/23256770390798361546507580,I0,I1,W,false,pair:I0:I1:W
1973,20513958014954004288365153327/10369636537349922718485634,19584252675612186170615113069/20739273074699845436971268,I2,O0,SE,false,pair:I2:O0:SE
1974,2621129964136379309159097301/1320482178678690195789814,2488124292611259974844841759/2640964357357380391579628,I1,I2,S,false,pair:I1:I2:S
1975,390794003990358478440462919/196456054082345019050834,369938917542478613839866549/392912108164690038101668,I0,I1,NW,false,pair:I0:I1:NW
1985,22227788731333004757478170943/11133273092518960467842146,730496886967769230178478209/767811937415100721920148,I1,O0,S,false,pair:I1:O0:S
1988,33040567125019649842086296023/16496478970676919129476658,31344635168203004155804707685/32992957941353838258953316,I0,I2,NW,false,pair:I0:I2:NW
1990,79518717678166343165794750553/39753249361475280675984238,75894431119091636429698410795/79506498722950561351968476,I0,I1,E,false,pair:I0:I1:E
1993,2039324096579106133950749403/1015410368887723039076522,1941976831348341908359561969/2030820737775446078153044,I2,O0,SE,false,pair:I2:O0:SE
1998,37425935219617135475990294877/18572218719725788620551654,35506660577626198895408267447/37144437439451577241103308,I1,I2,E,false,pair:I1:I2:E
1999,33035278688663566364462458399/16409649622781991823312546,31449509440254365343682699581/32819299245563983646625092,I2,O0,SE,false,pair:I2:O0:SE
2001,3041217406396103232995725357/1525367339216744865391174,2971304554186985015320381223/3050734678433489730782348,I0,I3,W,false,pair:I0:I3:W
2006,26155168924963035549015308985/12957962908388190619085486,74870341422569904008288648417/77747777450329143714512916,I0,O0,SE,false,pair:I0:O0:SE
2009,14030967199833710513551011293/6941717522492190874045670,327427541167984368588316511/338620366950838579221740,I1,O0,SE,false,pair:I1:O0:SE
2010,44390936653472468757610670039/21944105014746461575115314,42442756847454517808378410341/43888210029492923150230628,I0,I3,SW,false,pair:I0:I3:SW
2017,7305437854943547698178570005/3589130536476562808822134,6962701896264280210839134431/7178261072953125617644268,I2,O0,NW,false,pair:I2:O0:NW
2022,45258724277008179493449875351/22179906860239089549277874,43031082356383030094527394981/44359813720478179098555748,I2,O0,N,false,pair:I2:O0:N
2023,79200533673214801185267281963/38873888725164571857256458,75605368320895598546510003425/77747777450329143714512916,I0,I1,NE,false,pair:I0:I1:NE
2025,78261159637733843483094830399/38335412694461134488878178,74465142714979959976406948509/76670825388922268977756356,I1,I2,SE,false,pair:I1:I2:SE
2026,49615051778917962455309194359/24268900404334025516469490,47095779004446956215208734533/48537800808668051032938980,I1,O0,NE,false,pair:I1:O0:NE
2028,10844452675278501016570347003/5306505936461611734658666,30941686432765287268041052403/31839035618769670407951996,I0,I1,E,false,pair:I0:I1:E
2029,17516370841265884921025933089/8560566828385527370266334,83062363212027251052443721871/85605668283855273702663340,I1,O0,E,false,pair:I1:O0:E
2033,118370863217527790191873226261/57757645258035800992529270,337678655210001875210531010973/346545871548214805955175620,I2,O0,NE,false,pair:I2:O0:NE
2035,235189355829700248710921183607/115036049370704885331350258,225534703137963228180310586949/230072098741409770662700516,I1,I2,S,false,pair:I1:I2:S
2037,479240919561149676727146081297/233835658372747547862878974,457611822062843962499375811411/467671316745495095725757948,I0,I2,SE,false,pair:I0:I2:SE
2041,380246974973350000633894024491/185525504282779078400546314,363833375986257924817748798433/371051008565558156801092628,I1,I3,S,false,pair:I1:I3:S
2042,258824484716433390607310718701/126234369452427398733663430,19044691976512788274141823043/19420672223450369035948220,I1,O0,NE,false,pair:I1:O0:NE
2044,1196087784142996856787070717983/581754537961041176063177378,1138938599366926389558267911997/1163509075922082352126354756,I0,I1,E,false,pair:I0:I1:E
2045,255906348768193184512543700867/124238750899732427626919002,1212969868618433280351104798093/1242387508997324276269190020,I0,I2,SW,false,pair:I0:I2:SW
2053,304001994080322564476104292659/146958402320603808941807354,290282189156109810909346914553/293916804641207617883614708,I3,O0,N,false,pair:I3:O0:N
2059,221060517037506332198307783467/106749488266272195438541322,211133891752149587555402184161/213498976532544390877082644,I3,O0,N,false,pair:I3:O0:N
2061,554462637481899882135541233163/266796714842532064811421770,316692811971360144882751963111/320156057811038477773706124,I1,I3,NE,false,pair:I1:I3:NE
2062,72922445376094477642095654215/35036461630319055577052498,69267947813216348499975715765/70072923260638111154104996,I0,O0,SE,false,pair:I0:O0:SE
2065,1183416612094907712861743969627/567631976633616320536431530,1123662553358127398336911925873/1135263953267232641072863060,I3,O0,NW,false,pair:I3:O0:NW
2066,41946316875098390022794669425/20062854793621670578181182,39606211952901827994614618995/40125709587243341156362364,I0,O0,S,false,pair:I0:O0:S
2069,1060492449517964915292492173017/507765431123747312227133038,1008735614421408350661341672619/1015530862247494624454266076,I2,O0,N,false,pair:I2:O0:N
2070,178656779683101650488482000785/85682011437811275467895806,170678115573318845048718902739/171364022875622550935791612,I1,I2,W,false,pair:I1:I2:W
2076,11377629071866088625663665711/5424460115456647022057602,10821342548849037542446412653/10848920230913294044115204,I0,O0,S,false,pair:I0:O0:S
2077,1703162095353787922347296472317/812583718260599231783826086,1624263608870317006429670520727/1625167436521198463567652172,I0,I1,NW,false,pair:I0:I1:NW
2078,1306911867741200659044375033137/623899284309881846736616638,416210461196907325162078397329/415932856206587897824411092,I3,O0,NW,false,pair:I3:O0:NW
2081,664031156124872034445563557587/316251724272469195027509178,1896664776418426261644093311371/1897510345634815170165055068,I1,I2,W,false,pair:I1:I2:W
2083,192264076569654945910047495821/91602813626425240121147782,1282907377723679316332232715249/1282439390769953361696068948,I1,I2,W,false,pair:I1:I2:W
2089,1368667230550564498600583125249/650084646671456375187406622,1309922636865878283177655001123/1300169293342912750374813244,I1,O0,SW,false,pair:I1:O0:SW
2090,56786364111114084310827285421/26931587143698297491913542,54147334348556567886950005159/53863174287396594983827084,I2,I3,S,false,pair:I2:I3:S
2092,1220425216395368227325264226063/578251440322735246514983618,1163306644610571551441076400653/1156502880645470493029967236,I0,I2,S,false,pair:I0:I2:S
2095,650179722546890137472652028943/307215914519006431859583170,1848636808530916913431867155239/1843295487114038591157499020,I0,I1,E,false,pair:I0:I1:E
2096,1342854904804089580407790496915/635905280977452690635979834,98454483079628692914727375933/97831581688838875482458436,I3,O0,E,false,pair:I3:O0:E
2099,251853135278015990880697871207/120231901737484177232522514,245418931856610697276295119381/240463803474968354465045028,I0,I2,S,false,pair:I0:I2:S
2100,976340776554887794799052428139/462857571470456731231412618,936069825569319317645176196769/925715142940913462462825236,I2,I3,SW,false,pair:I2:I3:SW
2102,1474849319379269042223629584735/696685133156977860574767138,468620315540405866320410939647/464456755437985240383178092,I1,I2,W,false,pair:I1:I2:W
2108,231741281765565077310649187457/109061784035490479953586206,7610085705867322771320170943/7521502347275205514040428,I3,O0,NE,false,pair:I3:O0:NE
2115,628266425972838578378429628953/294285157898330341807876078,598651077659362931728505960043/588570315796660683615752156,I1,O0,N,false,pair:I1:O0:N
2116,728551158598690885888521333197/339828909720865348088103686,687308001728592252980806674439/679657819441730696176207372,I0,I3,E,false,pair:I0:I3:E
2122,743620352549754225354380249595/347346382036348251406325354,708333131566545526122386314321/694692764072696502812650708,I2,O0,SE,false,pair:I2:O0:SE
2124,2525300702658123061772248311641/1179933233767714285439223150,2413770416415124364582510530091/2359866467535428570878446300,I1,O0,W,false,pair:I1:O0:W
2126,545920336403783338532082717745/254023930645761028387020478,518162510455762424084862920627/508047861291522056774040956,I2,O0,S,false,pair:I2:O0:S
2128,870923817636957307785807426509/405043316462487509048110854,275428110408223491327494450349/270028877641658339365407236,I0,O0,N,false,pair:I0:O0:N
2131,1630563986131452322902526308931/758234045872171692400793306,1555983532314712476503518461481/1516468091744343384801586612,I0,I1,E,false,pair:I0:I1:E
2132,1957442422653482543555038953307/908129796618937938522961834,1857945641335390195206197084273/1816259593237875877045923668,I0,I2,N,false,pair:I0:I2:N
2138,1001470569002535228846943857711/464014154564129852834827394,956123477976837035693020743021/928028309128259705669654788,I1,O0,NE,false,pair:I1:O0:NE
2140,572413616502548627035510072787/264451088903309995239928250,3823282443217199262954116824047/3702315244646339933358995500,I3,O0,N,false,pair:I3:O0:N
2144,4008396902932056752116576303013/1848966382232111288894388822,3813606732194584433828324656271/3697932764464222577788777644,I3,O0,N,false,pair:I3:O0:N
2150,4621874773597871539197863600771/2128806066272214582065151578,4414932134509104845699658962665/4257612132544429164130303156,I0,I1,W,false,pair:I0:I1:W
2156,5466828886987134916289145924447/2504167868250817537922884642,5204031500039078689683822500093/5008335736501635075845769284,I0,O0,S,false,pair:I0:O0:S
2157,6579714540462553058026596471745/3012215729542339594696925598,6257687681500598861702136080483/6024431459084679189393851196,I0,I2,N,false,pair:I0:I2:N
2158,4644157694305008384146047836803/2128806066272214582065151578,4434739175137670930098044950249/4257612132544429164130303156,I0,I1,W,false,pair:I0:I1:W
2161,2114276400469336352123116882469/967824003843039012373964118,673689133621335545276971680773/645216002562026008249309412,I0,O0,W,false,pair:I0:O0:W
2162,1502426440108754618183103048873/687908275012941660876960974,1438622615796883088275463362587/1375816550025883321753921948,I0,I2,N,false,pair:I0:I2:N
2163,325874381900274489737588220023/149201175832131893765387506,312282406885959318180132492101/298402351664263787530775012,I3,O0,NE,false,pair:I3:O0:NE
2165,6601997461169689902974780707777/3012215729542339594696925598,2092498240709721648700174022689/2008143819694893063131283732,I0,I2,N,false,pair:I0:I2:N
2174,6837655808719327908636133570317/3101667283719005273034215558,6501905451729038079197007689671/6203334567438010546068431116,I0,I3,SW,false,pair:I0:I3:SW
2175,2291076939861958435238841108439/1038510569799838854128054834,2176717081540778972844109452645/2077021139599677708256109668,I1,I2,S,false,pair:I1:I2:S
2179,725810891859319294246451036523/328574187037846420527498634,690238066636889419013218080929/657148374075692841054997268,I0,I1,SW,false,pair:I0:I1:SW
2187,5128286205385550949924633057877/2305151941757238185944070902,4849622175935426987734248043167/4610303883514476371888141804,I0,I2,S,false,pair:I0:I2:S
2190,3102601932032461411222005144689/1397315392469089864067405374,2957251882289838653526080227443/2794630784938179728134810748,I0,I2,S,false,pair:I0:I2:S
2191,487987683128663679266384878917/219641989051132377073058582,1261048557246317295800936520091/1192342226277575761253746588,I1,I3,SW,false,pair:I1:I3:SW
2195,6206626143125590135595232739869/2789397468174907995178249318,5923400862556270777262860831479/5578794936349815990356498636,I2,I3,SW,false,pair:I2:I3:SW
2200,4122677356812259410273670071559/1848890337442117230568148434,3941426072899094762335330214645/3697780674884234461136296868,I0,I2,NE,false,pair:I0:I2:NE
2207,15261468240133400540717991376759/6801791288274286528608102130,2905501559895286236459554835265/2720716515309714611443240852,I0,I1,N,false,pair:I0:I1:N
2209,9691497981614238481480885009005/4323920679076843727911032262,9269656072738645883895955148263/8647841358153687455822064524,I0,I2,SE,false,pair:I0:I2:SE
2211,12398345772232424945010262773031/5520834120749395692990374290,2370316882000810589668280406801/2208333648299758277196149716,I0,I1,N,false,pair:I0:I1:N
2212,15204323300637245058501163931097/6745171437080643344243914862,14422675457312147249526941395371/13490342874161286688487829724,I2,O0,N,false,pair:I2:O0:N
2214,1008318131594038864458175861129/446941656096242955651688206,318625969467556414285163036905/297961104064161970434458804,I0,I1,NE,false,pair:I0:I1:NE
2218,2267241917749052938382980947009/1005168893002147373832708254,2160389519558233657482504163811/2010337786004294747665416508,I1,I2,E,false,pair:I1:I2:E
2219,3543297655157460922419123438853/1576884082042259537179863958,3411539861011521508604196583599/3153768164084519074359727916,I1,O0,W,false,pair:I1:O0:W
2222,3695052265553789106093995071531/1644126354208432022704467978,3568263413699633320281099318497/3288252708416864045408935956,I1,I2,SE,false,pair:I1:I2:SE
2224,7092545880635124213602061965073/3134744422988641826893288702,6740531574357743918246896626771/6269488845977283653786577404,I0,I1,SE,false,pair:I0:I1:SE
2226,80359077832440346244751904733/35555506360467114845079782,7304702475313658908613832566889/6755546208488751820565158580,I0,I1,SE,false,pair:I0:I1:SE
2231,16928622756660629155537736825017/7463988798895432685551840942,16139268223323002403071959486027/14927977597790865371103681884,I1,I3,SW,false,pair:I1:I3:SW
2232,28574325845254556428668737845335/12589693665191026841297084722,27241029375330686416128294254309/25179387330382053682594169444,I0,I2,W,false,pair:I0:I2:W
2233,752518202875138189167100678729/331502255570160979342884238,2153306334642338075073431607025/1989013533420965876057305428,I0,O0,N,false,pair:I0:O0:N
2234,1939457757819430078130466978541/852637771948251760920700102,16586745987941892104313951083167/15347479895068531696572601836,I0,I3,S,false,pair:I0:I3:S
2236,47214200805829353990840351520671/20777346011788028467745297314,44986737988795021445035629036989/41554692023576056935490594628,I0,I3,S,false,pair:I0:I3:S
2238,8382540252417721990295043760639/3690750341600867753514003170,40013721918456538985090697720913/36907503416008677535140031700,I0,O0,NW,false,pair:I0:O0:NW
2240,83474259618067665385132620682969/36677688074165902536945047150,79409289699483362157961318108331/73355376148331805073890094300,I0,I1,E,false,pair:I0:I1:E
2242,75578584114567513608488179132201/33189527444762811003897434062,71874925917034248670392450652059/66379054889525622007794868124,I0,I1,E,false,pair:I0:I1:E
2243,47084791110180729408250473126161/20689507511663358848093393150,6411620361075063554109160460373/5911287860475245385169540900,I2,I3,SE,false,pair:I2:I3:SE
2244,32917538109116681342806261869541/14438575933825925958618864086,31275267468032030381016371128655/28877151867651851917237728172,I0,O0,W,false,pair:I0:O0:W
2246,53528237424794809754330096229941/23461791996102839969385844534,50815081696834005860486916889151/46923583992205679938771689068,I2,O0,E,false,pair:I2:O0:E
2248,1897053933698279518124354185643/832229210710549110027271434,1806021767926470180165907224929/1664458421421098220054542868,I2,O0,SE,false,pair:I2:O0:SE
2249,26301861116772966965896896917329/11519903694408561340848794750,24957879532581386019968267435283/23039807388817122681697589500,I0,O0,W,false,pair:I0:O0:W
2252,38654661598545465951894254230179/16931182264913732975182803482,36833481891069754457763558548297/33862364529827465950365606964,I0,I2,N,false,pair:I0:I2:N
2253,56128617656795788223719466252117/24603434541805248000544350454,53687312863008899324628801300895/49206869083610496001088700908,I0,I1,S,false,pair:I0:I1:S
2260,39922467546301661166643921840315/17401254803246494802684457194,37942886106411839082185784461457/34802509606492989605368914388,I2,O0,SE,false,pair:I2:O0:SE
2261,47153461662751287995903840741963/20526228366129417098406424522,44734952583137603910336462327617/41052456732258834196812849044,I3,O0,W,false,pair:I3:O0:W
2262,15749796300905775058114031096255/6847497184113858629994070882,14901239387522550564681878665245/13694994368227717259988141764,I0,I3,S,false,pair:I0:I3:S
2267,106487839521431413267182553050991/46317064922162701889888513538,101588415250505041015922645759789/92634129844325403779777027076,I1,I3,SE,false,pair:I1:I3:SE
2273,97081732215808673560363120747131/42063848207691071197176247658,92655815168996755933919202930129/84127696415382142394352495316,I2,I3,SW,false,pair:I2:I3:SW
2274,29255884108032573285695990757841/12723499914212943035500537726,28195254572624526601717713366163/25446999828425886071001075452,I0,I2,SW,false,pair:I0:I2:SW
2275,213631141033337359369374949421583/92467430227212162041959800002,203526747508887266291644626760461/184934860454424324083919600004,I1,I3,E,false,pair:I1:I3:E
2277,39328324438661594892962023405419/16983351497004617828514077066,37259941086796481244556884474529/33966702994009235657028154132,I0,I2,SW,false,pair:I0:I2:SW
2278,235292742572431538391888783064679/101720139628274377032664688402,223645390663328732605469185530645/203440279256548754065329376804,I2,I3,SW,false,pair:I2:I3:SW
2281,291331517451371186658672293744953/125888548046303977495588097454,277182210052050066899056026265547/251777096092607954991176194908,I0,I2,S,false,pair:I0:I2:S
2286,125001461038285467659574487668635/54037448775112223041513361194,119687845463325317831764978503985/108074897550224446083026722388,I2,O0,W,false,pair:I2:O0:W
2287,21719245915632954150084725015233/9364948428195296383077720990,7809934447058409104204681376447/7075738812414223933880944748,I2,I3,S,false,pair:I2:I3:S
2288,61490058999795846994165142522353/26503178545335345177811626814,175443583999207636965388512150233/159019071272012071066869760884,I0,I2,S,false,pair:I0:I2:S
2291,65077819391251718041443979493021/28013232551360714269737370470,12392600123649097670304635667275/11205293020544285707894948188,I2,I3,SW,false,pair:I2:I3:SW
2296,24688231823301229710186127435789/10576348647503468174579961478,23421063905822253711676828592839/21152697295006936349159922956,I0,I2,E,false,pair:I0:I2:E
2299,230950761558534165829723803525877/98993314522226703869640531382,220046368976822665186312707866751/197986629044453407739281062764,I0,I1,N,false,pair:I0:I1:N
2303,59977954956062946152319292329139/25637454668781622809948315642,18986112062510399241133985596371/17091636445854415206632210428,I1,O0,NE,false,pair:I1:O0:NE
2306,44958052870539020529434180817345/19452566984372721801937872286,44115078678764321251278105895523/38905133968745443603875744572,I0,I3,SE,false,pair:I0:I3:SE
2308,28576746854168575168282534359499/12173503720501579502414745802,27159491581094420085655875835329/24347007441003159004829491604,I1,O0,SE,false,pair:I1:O0:SE
2315,771336569269959443493735001286085/328059520745129291338075144726,733940094761664828232384137638639/656119041490258582676150289452,I3,O0,W,false,pair:I3:O0:W
2317,269207574326047031166439301133307/114539042255328417633793983082,770731566082103844686780285826803/687234253531970505802763898492,I2,O0,SE,false,pair:I2:O0:SE
2320,68503788285611469639604534596617/29086311012964510155634143758,65387459850402452478694881811003/58172622025929020311268287516,I3,O0,SW,false,pair:I3:O0:SW
2325,709039349013317594685417485292005/300018181048791115613894921686,675110653315273501780712763923279/600036362097582231227789843372,I0,O0,SE,false,pair:I0:O0:SE
2327,135939534231738034837705520223853/57049943071370256260791459270,127302782686371409024329657197031/114099886142740512521582918540,I0,I3,SE,false,pair:I0:I3:SE
2330,775162695747728351148391922146319/327619349938686007906414381250,739797603894639863987364980224269/655238699877372015812828762500,I0,I3,SE,false,pair:I0:I3:SE
2335,1126359646149628124586198891130289/474519615555997789862450797502,1072389072755068997257461918802995/949039231111995579724901595004,I2,I3,W,false,pair:I2:I3:W
2336,508535882275402829732067957685449/213984100752230907552273823886,483491927545119636896819811216507/427968201504461815104547647772,I0,I2,S,false,pair:I0:I2:S
2337,393982427063056603373925498622697/166044338508161511024248467534,376155720582448867713653717160667/332088677016323022048496935068,I1,I3,N,false,pair:I1:I3:N
2339,93149087010916198723590609365399/39233539420215162822870591154,89047286214687056968122538504869/78467078840430325645741182308,I0,I2,S,false,pair:I0:I2:S
2342,263944597255797524751693700548677/111008510593494519833279663382,251839775194938670508008545233519/222017021186989039666559326764,I1,O0,SE,false,pair:I1:O0:SE
2346,190022611524220340141261812220517/79771042461959656968801909974,180876734740211885250164769520847/159542084923919313937603819948,I1,I2,N,false,pair:I1:I2:N
2347,30028306749773237145090458361895/12599149001694320525214964626,9516322625964119852871701025479/8399432667796213683476643084,I1,O0,E,false,pair:I1:O0:E
2350,503622308471083403146900177116763/211376173509172244906152368554,479829078823786438371225481002353/422752347018344489812304737108,I1,I2,N,false,pair:I1:I2:N
2358,669591740715212467541459537259755/279292341559280224322048253578,636339850293845638364862107159329/558584683118560448644096507156,I0,I3,E,false,pair:I0:I3:E
2359,506474522321596919300267759328859/211376173509172244906152368554,482364380024242897174218887413105/422752347018344489812304737108,I1,I2,N,false,pair:I1:I2:N
2362,1400137335056576463055118875090351/583403647212620977091790805378,1331077796087199482868402901617133/1166807294425241954183581610756,I0,I2,SW,false,pair:I0:I2:SW
2364,722960930482714030382372063456535/301271076127202220525741854642,688015912120027899955309668396325/602542152254404441051483709284,I1,I2,NW,false,pair:I1:I2:NW
2365,3446046297117800960545177136709499/1435789351108464677768257444714,3281133900485039496543193470477521/2871578702216929355536514889428,I1,I3,E,false,pair:I1:I3:E
2369,4169354217826986797475460332924197/1731448352886780414145705852758,3956472506726837057381133965153551/3462896705773560828291411705516,I1,O0,NW,false,pair:I1:O0:NW
2373,3682378638505010361049632229690031/1527301782759120904808839700354,3495758364256437609999145010278637/3054603565518241809617679400708,I1,I3,S,false,pair:I1:I3:S
2378,307128574140417734914227730762105/127661497547838720862477788462,884276647416675684001896967129505/765968985287032325174866730772,I2,I3,W,false,pair:I2:I3:W
2379,3348656768184435854420177478832717/1384310284005585202391974068742,3181395894751924720171401465213319/2768620568011170404783948137484,I2,O0,N,false,pair:I2:O0:N
2382,1089929675007847866374338271605951/451011816041982378785927617890,1039130575399455245282809136152861/902023632083964757571855235780,I0,I2,E,false,pair:I0:I2:E
2383,1772759741871157229164461877874857/732985209326553290493428870350,1687819378276702547349087171183643/1465970418653106580986857740700,I3,O0,SE,false,pair:I3:O0:SE
2387,76082723488614940547792149517523/31392874890078808268087063482,650482519017098978471522429093537/565071748021418548825567142676,I1,I3,S,false,pair:I1:I3:S
2389,275427785748263899987871679199087/113289796173133703166114848258,259846733489019090313390911131437/226579592346267406332229696516,I1,I3,S,false,pair:I1:I3:S
2392,4136020408126189975513194357745489/1704365807526061698120745254014,3937723609904721154870305057694995/3408731615052123396241490508028,I1,I2,S,false,pair:I1:I2:S
2395,6243693664701883446114003543729365/2565380061640018094777683441142,5924292190228210563974482123203103/5130760123280036189555366882284,I2,I3,SW,false,pair:I2:I3:SW
2397,4779355400119644861132016722098443/1965989018315520342274486135370,910188528005084612220841363597901/786395607326208136909794454148,I0,I1,N,false,pair:I0:I1:N
2402,7964131569365477899261276189471671/3266174431290932351072474379890,7544496239187461745579001138377989/6532348862581864702144948759780,I0,I2,S,false,pair:I0:I2:S
2403,1986010149053761076805117541426343/808365784558637500303547130514,1847868818766697988124017061402069/1616731569117275000607094261028,I0,I1,NE,false,pair:I0:I1:NE
2407,132909315443058505523180512419875/54277089556585992658212099866,376563255619376116709320331520859/325662537339515955949272599196,I2,O0,N,false,pair:I2:O0:N
2415,1728564938971434456656729209895971/704550386794487461779058450202,1643538808921261559659678180521929/1409100773588974923558116900404,I0,O0,NW,false,pair:I0:O0:NW
2419,110664641029548492308993959760275/45011469502477648652085875258,105251713961509845333352051496473/90022939004955297304171750516,I3,O0,NW,false,pair:I3:O0:NW
2422,473483239011997822515763455178309/192950926840644697114618753302,1057783655378268990596404656055555/900437658589675253201554182076,I1,I3,NE,false,pair:I1:I3:NE
2424,9952677290196452846967818526317749/4043613536687309713630372946486,9464979658381704133397639196845503/8087227073374619427260745892972,I2,I3,W,false,pair:I2:I3:W
2425,11021742331700445248615179406192679/4479342314895657442424259296146,10495368001597761401497597431883861/8958684629791314884848518592292,I1,O0,N,false,pair:I1:O0:N
2426,41414499882113766422583385618924993/16826291494847411692554468064670,39426395804527629038510321010671203/33652582989694823385108936129340,I0,I1,NE,false,pair:I0:I1:NE
2428,44373004930576402662779635487418751/17990582040284462963039759518690,1201274309521612392767849006391935/1028033259444826455030843401068,I1,I3,E,false,pair:I1:I3:E
2429,19371015218712875925353026806539635/7867606865056096807705949472378,18435659801332106235515126146903481/15735213730112193615411898944756,I1,O0,N,false,pair:I1:O0:N
2433,14079610277413851978085799589950229/5711764129652199802164950294902,13413823243589544320147172764505311/11423528259304399604329900589804,I0,I3,NE,false,pair:I0:I3:NE
2439,70022337366630153855495226081171633/28284906812499824177570210260414,66654775173532479398059608022271283/56569813624999648355140420520828,I0,O0,W,false,pair:I0:O0:W
2445,14629195566758008344842523336678777/5885632628287213579887788129582,41577800866241777013580996292787617/35313795769723281479326728777492,I0,I3,W,false,pair:I0:I3:W
2446,36929230605224374275385875082875761/14875222040305459886000662759486,35118713797791565636692834109754739/29750444080610919772001325518972,I3,O0,W,false,pair:I3:O0:W
2447,10046483434613341822678574563515573/4043613536687309713630372946486,9551179899197223732699415014811071/8087227073374619427260745892972,I1,I2,W,false,pair:I1:I2:W
2449,9232146873109897376279975491504499/3711167880986600447475010158202,8761459695375775476745792583244217/7422335761973200894950020316404,I1,O0,SW,false,pair:I1:O0:SW
2452,3524171976840130172891218996133043/1417683293682635984758677864442,3357404133990861232438260995955577/2835366587365271969517355728884,I0,I1,N,false,pair:I0:I1:N
2457,845645196999169507561585967592949/339415042817708703312991033270,806478567709141178346367845095807/678830085635417406625982066540,I1,O0,W,false,pair:I1:O0:W
2458,180527025727900572810183139497753/72151716335847616279915552238,1877554842106381480120511701953433/1587337759388647558158142149236,I0,O0,SE,false,pair:I0:O0:SE
2462,5365838160754393817188982592472411/2149706244574253536566727715754,5119891459992819190903796951585393/4299412489148507073133455431508,I3,O0,NE,false,pair:I3:O0:NE
2464,17018031568560033328383477155532677/6807060584010069771035717969558,16244724914406919628026727771318319/13614121168020139542071435939116,I1,O0,SW,false,pair:I1:O0:SW
2465,19694064519444565893436860020078473/7848666295558848624051831544590,18637363699259918814102397707678907/15697332591117697248103663089180,I0,I1,SE,false,pair:I0:I1:SE
2467,35381151176457292443108857786935561/14135416934490181830282100238350,33745288414121403833370726238583099/28270833868980363660564200476700,I0,I1,E,false,pair:I0:I1:E
2472,9111713215499357530660993262910259/3622970193294153571638094779130,43149766424719567788294439541965533/36229701932941535716380947791300,I1,O0,S,false,pair:I1:O0:S
2475,1458020518772567977711962923501777/580384026499331565378185587070,12468863921002692208031233709852203/10446912476987968176807340567260,I0,I2,W,false,pair:I0:I2:W
2477,2227684414102270499691731497557143/890659253678408377704587485362,2140541245153111424581930388302757/1781318507356816755409174970724,I0,I2,W,false,pair:I0:I2:W
2482,64709716181786518988974450225147835/25663872098165799092507603796714,61257376445349766572430514679152017/51327744196331598185015207593428,I0,O0,SE,false,pair:I0:O0:SE
2488,110324867300079209561281969076966345/43701698512150622746690534156942,104806627305036186311808942753042811/87403397024301245493381068313884,I0,I1,NW,false,pair:I0:I1:NW
2494,72546253392088589735292525337516367/28672380812680983421149947180610,69062132795034967438882285904613581/57344761625361966842299894361220,I1,I2,SE,false,pair:I1:I2:SE
2495,63539777731138599364174283670061279/25085503478759416651319306742050,2418012655307684381415848896803077/2006840278300753332105544539364,I2,I3,S,false,pair:I2:I3:S
2497,18872052874653118383851576704014021/7460001130325647545288368898070,90109769914194106759656055560961451/74600011303256475452883688980700,I2,O0,NE,false,pair:I2:O0:NE
2498,123019703070097556599264765227145865/48561749332202769246566058505486,117092395137133919153264310004415931/97123498664405538493132117010972,I0,O0,SW,false,pair:I0:O0:SW
2499,1791214918551997792500430106692235/703858980035908220007763375946,1686414076433738274600515902715905/1407717960071816440015526751892,I2,O0,NE,false,pair:I2:O0:NE
2502,935964985049730974224378828445183/367871190235845399750218613474,23881094424557190919272270483970895/19865044272735651586511805127596,I1,I2,E,false,pair:I1:I2:E
2508,14593747513470360692190356849178775/5735569387792814764561955334322,13887723224892780327541767897120677/11471138775585629529123910668644,I2,O0,N,false,pair:I2:O0:N
2510,1073188819438064199840490766066921/421784892536178868953850072142,1022480840022682339545724556347611/843569785072357737907700144284,I0,I1,W,false,pair:I0:I1:W
2511,143327641022451133093085228668471693/56180919785499073950789355305862,135936899012281105059763590123634503/112361839570998147901578710611724,I0,I3,NE,false,pair:I0:I3:NE
2512,100897228649554839248791030205514269/39624807253114454178484574760038,96199682739103664079953465544198903/79249614506228908356969149520076,I1,I2,NW,false,pair:I1:I2:NW
2516,53428350391966877381146720408710037/20908630396991316451590560415862,50629517114240714838932156227669599/41817260793982632903181120831724,I0,I1,W,false,pair:I0:I1:W
2518,56277104132968189177671083811435021/22050573473644017089330308725382,267843741489573396867315359722367971/220505734736440170893303087253820,I2,I3,E,false,pair:I2:I3:E
2519,274608752463862489136458112379063467/107594424279806673992914920724234,261640679892808153918643391803400801/215188848559613347985829841448468,I2,O0,NW,false,pair:I2:O0:NW
2522,173567876942760238512799502668647079/67936733619767886889094639703698,165196354122790978217038848895272917/135873467239535773778189279407396,I2,O0,NW,false,pair:I2:O0:NW
2524,4620184527341249957351775125466999/1787429513205565046186424006386,4278153732013064724431198820589637/3574859026411130092372848012772,I1,I2,E,false,pair:I1:I2:E
2528,76880521919459260846685195247806545/29992057109705597903767284128382,219095251266969556398429982705719353/179952342658233587422603704770292,I0,I2,SW,false,pair:I0:I2:SW
2532,156867052792886736620448542117437457/60991237571899730114390574883582,148900260306857662340565490977007443/121982475143799460228781149767164,I2,I3,N,false,pair:I2:I3:N
2534,141252162717706877250349652043818441/55083086192339579159645383640718,19348051918367643701451140773263341/15738024626382736902755823897348,I0,I2,S,false,pair:I0:I2:S
2538,136825472455756782103422749523332741/53103752270479179716057567332502,55758393835821962642822488748123851/45517501946125011185192200570716,I0,I1,E,false,pair:I0:I1:E
2542,81790003452230130805759649682325151/31547373631256306168536814806434,25654071489497973984804825864420927/21031582420837537445691209870956,I1,I3,NW,false,pair:I1:I3:NW
2543,111037573169216106303193491423835349/42849867324775792060785095759350,104648212330611047824178727108137503/85699734649551584121570191518700,I0,I1,NE,false,pair:I0:I1:NE
2545,501480678508266725970116243098677067/194203337771720338744406016427466,477308922135266965571187915575328321/388406675543440677488812032854932,I0,I2,W,false,pair:I0:I2:W
2547,217789545549826403335562746571523899/84526950132983003105499143717866,208672483481570953203441622878893073/169053900265966006210998287435732,I2,I3,N,false,pair:I2:I3:N
2549,2292122345611725896481507027605015/887249188751258562358582549938,6551715777501339793522583119075439/5323495132507551374151495299628,I1,I2,W,false,pair:I1:I2:W
2551,447377606158024830086435811989112591/172636753531736154391827677532866,423437966555314801382372294642225677/345273507063472308783655355065732,I0,O0,SE,false,pair:I0:O0:SE
2554,84000258337132356925847044255067601/32421114980080341039888951558014,79973483262676216704674297715624083/64842229960160682079777903116028,I1,I3,NE,false,pair:I1:I3:NE
2562,110177075478178516873402170219822521/42311675819585883101336953488558,34956838648811219990180076103958297/28207783879723922067557968992372,I0,O0,E,false,pair:I0:O0:E
2563,1606612320889118663544835395486814585/616531619605880387268548509111598,1526412580601128256132628083639054475/1233063239211760774537097018223196,I1,O0,S,false,pair:I1:O0:S
2566,1019503195051867210846373539579077157/391388287713083440471332967642454,51133934044163885031772605893948309/41198767127692993733824522909732,I1,I2,SE,false,pair:I1:I2:SE
2567,721945502393276214626705160914915365/276776530121482789677282258245974,2057121006159227868863318657709890093/1660659180728896738063693549475844,I0,O0,SE,false,pair:I0:O0:SE
2569,131851145552968090692973341342756983/50558403300253282529210887574770,11403099445602834507141214624910319/9192436963682415005311070468140,I2,O0,W,false,pair:I2:O0:W
2571,670612505986809542220234251065538909/256846873632701231074246216181222,638310563018857412923987899170035895/513693747265402462148492432362444,I2,I3,NE,false,pair:I2:I3:NE
2577,10134904097342434043629616470628983/3870083991154320833906754388210,9656782691352002676783127732339013/7740167982308641667813508776420,I3,O0,NE,false,pair:I3:O0:NE
2583,423602808023518485359504951701533189/161186585928518614089580971602326,31025792521525053134252351968981931/24797936296695171398397072554204,I1,O0,N,false,pair:I1:O0:N
2584,3021140097148659517208357455987321243/1147805049788690370756937347050282,2866267407604298849481750657839974193/2295610099577380741513874694100564,I0,I2,S,false,pair:I0:I2:S
2587,2361624115337909715527471705642557845/896216495420631897028107822781558,2238423041651719466664548010030084191/1792432990841263794056215645563116,I2,O0,SE,false,pair:I2:O0:SE
2588,1498553071012633770159354331318216015/570043603764279728151873084333634,1430281169428946096398251576935757005/1140087207528559456303746168667268,I1,I3,NW,false,pair:I1:I3:NW
2590,357941418128474863286354950612161333/136473154746486439692712362231094,343761150843613452562753360324434239/272946309492972879385424724462188,I2,I3,SE,false,pair:I2:I3:SE
2592,2533869831425751998165215239594591625/962102977459945638498252062342926,2412903621090439146681430966269599419/1924205954919891276996504124685852,I3,O0,NE,false,pair:I3:O0:NE
2595,1503096330763851744334318515606283599/570043603764279728151873084333634,1434824429180164070573215761223824589/1140087207528559456303746168667268,I1,I2,SW,false,pair:I1:I2:SW
2596,1388950294824753725640557493526404165/526580414332696082746699824358678,1327222545974098751574386067176007279/1053160828665392165493399648717356,I1,O0,NW,false,pair:I1:O0:NW
2602,474464647798536103381025374250490579/178939458861818435586223581603770,448873035744432679525659820788521433/357878917723636871172447163207540,I0,I3,SW,false,pair:I0:I3:SW
2608,143783534794707816406483696030074261/54246341038663939635679171382390,3157506747121315721138361045826981001/2495331687778541223241241883589940,I1,I2,W,false,pair:I1:I2:W
2609,181066101222841077496764364484971631/68883640497190144281606601233410,882503940745552786675127575570933473/688836404971901442816066012334100,I2,O0,SW,false,pair:I2:O0:SW
2613,6030026604507506324732738749723346317/2267862735439268374250988912903046,5753691240289311325037719279329801031/4535725470878536748501977825806092,I2,I3,S,false,pair:I2:I3:S
2615,1194703592149017009631839963868391915/448481030258354175118272600147082,10226973991512367161580984863359349545/8072658544650375152128906802647476,I0,I2,SE,false,pair:I0:I2:SE
2616,942979797270725193854980265303359159/354367703264203170872097934246002,2698298999133596788001017360705643023/2126206219585219025232587605476012,I1,O0,NW,false,pair:I1:O0:NW
2617,12826925585370308277627129929434382365/4808029455666396818674955784974438,12157626128475266742565208037127603447/9616058911332793637349911569948876,I2,I3,SE,false,pair:I2:I3:SE
2621,21803678220673860276626246719420309561/8170188377887539193419973607657390,20735496482332968471175309502419809483/16340376755775078386839947215314780,I1,I3,W,false,pair:I1:I3:W
2626,1457739872959655152436735647138886693/545517461641294899992431200538966,1387629962128219243335436930251541007/1091034923282589799984862401077932,I0,O0,SE,false,pair:I0:O0:SE
2627,19387919227083996124842501192720680729/7258526110996350820733472680082926,18503141056520875245047364878209787243/14517052221992701641466945360165852,I0,I1,S,false,pair:I0:I1:S
2629,14696237642491267516234823157819244225/5495125482050149451611156564061086,14000479335943429348259720514530986339/10990250964100298903222313128122172,I2,O0,NE,false,pair:I2:O0:NE
2630,11392382600912424069183910199268904849/4263731865999624947268047491396606,10902370722399427111152950275576112595/8527463731999249894536094982793212,I2,I3,SW,false,pair:I2:I3:SW
2636,3667524774829776992584571882608991099/1370270162291268156769216372958058,3509623390237345371269674750683822289/2740540324582536313538432745916116,I0,I3,W,false,pair:I0:I3:W
2637,4169864390369678887289366234755047703/1558003589098065751933137212172210,1330803877898513366395806196233596343/1038669059398710501288758141448140,I0,I2,E,false,pair:I0:I2:E
2638,37056457484821165496798297974650679907/13811646904508272522504826614413978,35281634133303888277390298880407069321/27623293809016545045009653228827956,I2,O0,NE,false,pair:I2:O0:NE
2640,36955581204100008114764482561264160311/13769067009540290561578182429397362,11727131926989007991737359853241747159/9179378006360193707718788286264908,I1,O0,S,false,pair:I1:O0:S
2641,12037271142603092173062100566120393689/4463625369919878010906003341380718,11327164331130647682265787348202335147/8927250739839756021812006682761436,I0,I2,E,false,pair:I0:I2:E
2647,20914713008298502090576843562464379677/7765563918074519992265669759158886,19885545975981864489101206110501268983/15531127836149039984531339518317772,I1,I2,SW,false,pair:I1:I2:SW
2649,49101713635913629688065375684815676791/18213180903936369373866587456260850,46677092408123464527927145860894196293/36426361807872738747733174912521700,I0,I3,SE,false,pair:I0:I3:SE
