batch_index,time_a,time_b,pair_a,pair_b,face_a,mixed_with_wall,batch_events
1,2,1,I1,O0,SE,false,pair:I1:O0:SE|pair:I3:O2:NW
1,2,1,I3,O2,NW,false,pair:I1:O0:SE|pair:I3:O2:NW
4,13/2,3,I0,I1,S,false,pair:I0:I1:S
7,10,9/2,I0,O2,W,false,pair:I0:O2:W
8,10,5,I3,O0,NE,false,pair:I3:O0:NE
12,46/3,43/6,I0,I1,SW,false,pair:I0:I1:SW
13,84/5,79/10,I1,I3,W,false,pair:I1:I3:W
20,26,25/2,I0,O2,W,false,pair:I0:O2:W
22,144/5,139/10,I3,O0,SW,false,pair:I3:O0:SW
26,33,63/4,I1,O2,NE,false,pair:I1:O2:NE
28,35,101/6,I3,O2,NW,false,pair:I3:O2:NW
33,42,81/4,I0,O0,SE,false,pair:I0:O0:SE
34,388/9,373/18,I3,O2,W,false,pair:I3:O2:W
40,356/7,339/14,I3,O0,SW,false,pair:I3:O0:SW
41,51,97/4,O0,O2,SW,false,pair:O0:O2:SW
42,52,49/2,I3,O0,SW,false,pair:I3:O0:SW
45,278/5,263/10,I0,I3,S,false,pair:I0:I3:S
47,227/4,215/8,I3,O2,S,false,pair:I3:O2:S
51,62,181/6,I3,O2,SE,false,pair:I3:O2:SE
58,211/3,203/6,I0,O0,N,false,pair:I0:O0:N
62,378/5,71/2,I1,O0,S,false,pair:I1:O0:S
63,230/3,359/10,I1,I3,N,false,pair:I1:I3:N
66,394/5,367/10,I1,O0,S,false,pair:I1:O0:S
69,159/2,155/4,I3,O2,E,false,pair:I3:O2:E
72,80,81/2,I3,O2,E,false,pair:I3:O2:E
73,1102/13,1047/26,O0,O2,NE,false,pair:O0:O2:NE
74,343/4,159/4,I3,O0,SE,false,pair:I3:O0:SE
77,1858/21,597/14,I0,I3,SW,false,pair:I0:I3:SW
82,2286/25,439/10,I1,I3,N,false,pair:I1:I3:N
84,1574/17,1531/34,I3,O2,E,false,pair:I3:O2:E
87,403/4,48,I3,O0,E,false,pair:I3:O0:E
89,508/5,289/6,I3,O0,E,false,pair:I3:O0:E
94,316/3,305/6,I0,O2,SE,false,pair:I0:O2:SE
100,5182/45,4927/90,I3,O2,SW,false,pair:I3:O2:SW
101,810/7,337/6,I0,I1,SW,false,pair:I0:I1:SW
105,4958/41,4627/82,O0,O2,N,false,pair:O0:O2:N
109,123,593/10,I0,I1,S,false,pair:I0:I1:S
110,874/7,5819/98,I1,O2,S,false,pair:I1:O2:S
113,1390/11,1337/22,I3,O2,W,false,pair:I3:O2:W
115,898/7,2599/42,I3,O2,W,false,pair:I3:O2:W
121,6986/51,2187/34,I1,I3,S,false,pair:I1:I3:S
123,11530/83,10945/166,I1,O0,NW,false,pair:I1:O0:NW
124,4270/31,4157/62,I1,O2,SW,false,pair:I1:O2:SW
129,1026/7,679/10,I0,I3,S,false,pair:I0:I3:S
132,3118/21,139/2,I0,O2,NE,false,pair:I0:O2:NE
135,151,141/2,I0,O2,NE,false,pair:I0:O2:NE
136,10142/67,9641/134,I0,I1,W,false,pair:I0:I1:W
141,1418/9,1379/18,I3,O0,SE,false,pair:I3:O0:SE
144,4670/29,4447/58,I3,O2,NW,false,pair:I3:O2:NW
145,6350/39,6085/78,I0,I3,NE,false,pair:I0:I3:NE
146,5380/33,1717/22,I0,O0,SE,false,pair:I0:O0:SE
154,3920/23,3713/46,I3,O2,W,false,pair:I3:O2:W
155,11762/69,3717/46,I0,I3,N,false,pair:I0:I3:N
158,864/5,4119/50,I0,O0,S,false,pair:I0:O0:S
159,9402/53,8623/106,I0,I1,NW,false,pair:I0:I1:NW
160,1405/8,3323/40,I0,I3,NE,false,pair:I0:I3:NE
165,19842/109,18471/218,I1,O2,W,false,pair:I1:O2:W
166,17650/97,16563/194,I1,I3,NE,false,pair:I1:I3:NE
168,33878/185,171/2,I0,O0,S,false,pair:I0:O0:S
172,8762/47,41913/470,I1,I3,N,false,pair:I1:I3:N
173,8834/47,24959/282,O0,O2,N,false,pair:O0:O2:N
176,575/3,1637/18,I0,I3,NE,false,pair:I0:I3:NE
178,2490/13,7109/78,I0,I3,NE,false,pair:I0:I3:NE
179,13884/73,13463/146,I1,O0,NW,false,pair:I1:O0:NW
181,3242/17,21893/238,I1,O0,NW,false,pair:I1:O0:NW
185,45626/233,43227/466,I3,O2,NW,false,pair:I3:O2:NW
186,48004/243,45581/486,I3,O0,S,false,pair:I3:O0:S
193,15920/79,15673/158,I3,O2,NW,false,pair:I3:O2:NW
194,28596/139,26837/278,I0,O0,E,false,pair:I0:O0:E
195,18695/91,2585/26,I1,O2,NW,false,pair:I1:O2:NW
202,9712/45,5087/50,I3,O2,NW,false,pair:I3:O2:NW
204,11365/52,5329/52,I3,O0,E,false,pair:I3:O0:E
205,23962/111,7735/74,I0,O2,SW,false,pair:I0:O2:SW
207,431/2,107,I0,I3,S,false,pair:I0:I3:S
210,27883/126,6707/63,I3,O2,S,false,pair:I3:O2:S
211,57376/257,54423/514,I0,O0,E,false,pair:I0:O0:E
214,79792/355,15105/142,I1,O0,E,false,pair:I1:O0:E
215,6832/31,6889/62,I0,I1,NE,false,pair:I0:I1:NE
218,55722/241,51251/482,I1,I3,NW,false,pair:I1:I3:NW
222,50278/215,47013/430,I0,I1,NE,false,pair:I0:I1:NE
223,14878/63,69697/630,I0,O2,SE,false,pair:I0:O2:SE
226,70618/299,67465/598,I3,O2,SW,false,pair:I3:O2:SW
227,185878/785,177019/1570,I3,O0,SE,false,pair:I3:O0:SE
233,85514/357,27893/238,I1,I3,SW,false,pair:I1:I3:SW
238,204688/833,193079/1666,I0,O0,E,false,pair:I0:O0:E
240,29455/122,7322/61,I0,O0,SE,false,pair:I0:O0:SE
241,108998/439,103173/878,I3,O2,SW,false,pair:I3:O2:SW
243,103230/413,14089/118,I1,I3,SW,false,pair:I1:I3:SW
250,38228/151,38441/302,I0,O2,SW,false,pair:I0:O2:SW
251,32837/122,7271/61,I3,O0,S,false,pair:I3:O0:S
254,49809/191,47863/382,I3,O0,S,false,pair:I3:O0:S
256,358984/1363,339429/2726,I0,I3,S,false,pair:I0:I3:S
257,457672/1743,146179/1162,I1,O2,E,false,pair:I1:O2:E
259,98220/373,94443/746,I1,O2,NE,false,pair:I1:O2:NE
260,793120/3001,761567/6002,I1,O0,SE,false,pair:I1:O0:SE
263,79504/297,674951/5346,O0,O2,N,false,pair:O0:O2:N
271,8015/29,7629/58,I0,I3,SE,false,pair:I0:I3:SE
272,771792/2777,730719/5554,O0,O2,N,false,pair:O0:O2:N
275,7600/27,707719/5346,O0,O2,N,false,pair:O0:O2:N
276,351376/1245,329531/2490,I3,O2,SW,false,pair:I3:O2:SW
282,1934768/6697,1826511/13394,I0,I3,E,false,pair:I0:I3:E
287,53901/185,52149/370,I0,O0,N,false,pair:I0:O0:N
289,2857584/9683,2732181/19366,I3,O2,NW,false,pair:I3:O2:NW
291,81728/275,76981/550,I3,O2,NW,false,pair:I3:O2:NW
293,2312656/7795,446577/3118,I1,O2,S,false,pair:I1:O2:S
294,4822160/16101,4559347/32202,I0,O2,NE,false,pair:I0:O2:NE
295,87856/287,868867/6314,I1,I3,E,false,pair:I1:I3:E
297,13744/45,1001029/7110,I3,O0,N,false,pair:I3:O0:N
299,8554096/27923,8093525/55846,O0,O2,S,false,pair:O0:O2:S
306,3355120/10807,3194001/21614,I0,O0,E,false,pair:I0:O0:E
309,5357744/17347,5224613/34694,I0,I1,NW,false,pair:I0:I1:NW
310,3368592/10561,3100215/21122,I0,O2,E,false,pair:I0:O2:E
314,7757648/24709,7611859/49418,I1,O2,SW,false,pair:I1:O2:SW
321,24923760/76007,23790945/152014,I1,I3,W,false,pair:I1:I3:W
330,3256800/9611,447643/2746,I0,O2,SW,false,pair:I0:O2:SW
331,19816720/58361,18979775/116722,O0,O2,N,false,pair:O0:O2:N
333,2197360/6427,2117133/12854,I1,I3,NW,false,pair:I1:I3:NW
335,8396208/24437,8143523/48874,I1,O0,N,false,pair:I1:O0:N
340,47685872/136351,45648361/272702,I0,I3,SE,false,pair:I0:I3:SE
343,85542800/242489,82388351/484978,I0,O0,N,false,pair:I0:O0:N
344,3286352/9189,9193049/55134,I1,I3,W,false,pair:I1:I3:W
346,19864048/55631,55972651/333786,I1,I3,W,false,pair:I1:I3:W
348,98857936/278797,95296779/557594,I0,I3,S,false,pair:I0:I3:S
353,66588624/183437,63499659/366874,I1,O0,NW,false,pair:I1:O0:NW
362,18807952/50201,90177051/502010,O0,O2,SE,false,pair:O0:O2:SE
363,8406384/22369,8021847/44738,I1,I3,NE,false,pair:I1:I3:NE
366,13941424/36947,66909161/369470,I1,O2,NW,false,pair:I1:O2:NW
368,22671344/60063,7290019/40042,I0,O0,NE,false,pair:I0:O0:NE
370,7743472/20327,22122403/121962,I0,O0,NE,false,pair:I0:O0:NE
371,62226352/161915,58108717/323830,I1,I3,E,false,pair:I1:I3:E
372,136821840/356293,128506515/712586,I0,O2,S,false,pair:I0:O2:S
379,143901168/371807,140147241/743614,I0,O0,NE,false,pair:I0:O0:NE
382,244550320/617963,230046269/1235926,I0,O2,E,false,pair:I0:O2:E
383,159533456/403545,10175409/53806,I0,O0,NE,false,pair:I0:O0:NE
384,100596240/255137,485828659/2551370,I0,I1,W,false,pair:I0:I1:W
388,123526960/308851,117770613/617702,I3,O0,W,false,pair:I3:O0:W
395,274126544/668973,262243819/1337946,I0,O0,NE,false,pair:I0:O0:NE
398,344866608/835571,331113461/1671142,I1,O0,SE,false,pair:I1:O0:SE
399,328128272/798641,320504135/1597282,I0,I3,NE,false,pair:I0:I3:NE
400,714801776/1727207,691133281/3454414,O0,O2,E,false,pair:O0:O2:E
402,262939536/629881,747964093/3779286,O0,O2,E,false,pair:O0:O2:E
403,632679952/1525857,611631895/3051714,I3,O0,NE,false,pair:I3:O0:NE
404,65041520/156743,190053635/940458,I1,O0,S,false,pair:I1:O0:S
406,31160688/74279,29574177/148558,I1,O0,S,false,pair:I1:O0:S
410,3425648/8039,79315449/401950,I1,O2,E,false,pair:I1:O2:E
412,33568496/80183,32553873/160366,I1,O2,E,false,pair:I1:O2:E
414,900498608/2136587,864914717/4273174,I0,O0,N,false,pair:I0:O0:N
417,510249488/1196129,484807447/2392258,I1,O0,S,false,pair:I1:O0:S
419,824150928/1920377,786569535/3840754,I1,I3,SW,false,pair:I1:I3:SW
421,165722896/387505,159985479/775010,I1,I3,SW,false,pair:I1:I3:SW
422,227244912/525799,214087265/1051598,I0,O2,NE,false,pair:I0:O2:NE
424,1559851568/3614755,1489965637/7229510,I0,I1,W,false,pair:I0:I1:W
427,4168944/9551,1097377951/5329458,I1,I3,NW,false,pair:I1:I3:NW
429,2096222448/4821007,2011171065/9642014,I1,O0,S,false,pair:I1:O0:S
431,883807888/2024105,847225487/4048210,I3,O2,NE,false,pair:I3:O2:NE
432,1663071248/3787201,1575110327/7574402,I1,O0,SW,false,pair:I1:O0:SW
435,552581520/1257113,2646582171/12571130,I3,O0,S,false,pair:I3:O0:S
436,1509508048/3456573,1471718491/6913146,I0,O2,SW,false,pair:I0:O2:SW
439,4822584272/10914237,4637891803/21828474,I3,O2,NE,false,pair:I3:O2:NE
442,2475262736/5521457,2320344263/11042914,I0,O2,W,false,pair:I0:O2:W
446,6420739216/14169417,6016279279/28338834,I0,O0,E,false,pair:I0:O0:E
449,5077350096/11128685,952900079/4451474,I0,O2,NW,false,pair:I0:O2:NW
456,7570510384/16477475,7271482693/32954950,I0,I1,NW,false,pair:I0:I1:NW
459,7832522960/16870669,7377782539/33741338,O0,O2,SW,false,pair:O0:O2:SW
460,7804105648/16816955,7430193773/33633910,I0,O0,E,false,pair:I0:O0:E
463,1261320848/2692009,3584918701/16152054,I0,O0,SE,false,pair:I0:O0:SE
466,7190912688/15312619,976874395/4375034,I0,I3,N,false,pair:I0:I3:N
468,2105653648/4357273,1876855071/8714546,I0,I3,N,false,pair:I0:I3:N
469,8760068560/18680989,8463094523/37361978,I3,O2,SW,false,pair:I3:O2:SW
470,4051771856/8598045,3873931643/17196090,I1,O2,SE,false,pair:I1:O2:SE
474,8106759216/17068355,7743221797/34136710,I0,O0,SE,false,pair:I0:O0:SE
476,799941136/1713185,800389463/3426370,I0,O2,N,false,pair:I0:O2:N
481,6792543888/14226409,6648274767/28452818,I0,I1,NW,false,pair:I0:I1:NW
483,710422928/1471257,5213997763/22559274,I0,I3,N,false,pair:I0:I3:N
485,32161356432/66235817,30520907663/132471634,I0,I1,NW,false,pair:I0:I1:NW
492,4855241840/9785031,4636147841/19570062,I0,I3,SE,false,pair:I0:I3:SE
494,51364733136/103154189,48917137931/206308378,I3,O0,SE,false,pair:I3:O0:SE
502,20357238608/39367925,18774696931/78735850,I3,O2,E,false,pair:I3:O2:E
505,31736754448/62291729,30750482151/124583458,I0,O0,NW,false,pair:I0:O0:NW
506,40029791952/78191213,2023254537/8230654,I3,O2,E,false,pair:I3:O2:E
510,29619035216/57527749,28357332115/115055498,I0,I3,NE,false,pair:I0:I3:NE
513,33190569424/64263773,31877208891/128527546,I1,I3,SW,false,pair:I1:I3:SW
515,11738825360/22415401,10976995599/44830802,I0,O0,W,false,pair:I0:O0:W
516,12139464304/23264359,11554280929/46528718,I0,I3,NE,false,pair:I0:I3:NE
520,21046867600/40297833,6729558853/26865222,I0,O0,SW,false,pair:I0:O0:SW
523,3739345040/7040521,3455960111/14081042,I1,I3,SE,false,pair:I1:I3:SE
524,2212492016/4257327,127921481/500862,I0,O0,SW,false,pair:I0:O0:SW
526,1775136912/3363337,8446517483/33633370,I0,I1,W,false,pair:I0:I1:W
527,3761832304/7157783,47127899389/186102358,I1,O0,S,false,pair:I1:O0:S
528,4749008688/8904307,4442235253/17808614,I0,O2,SE,false,pair:I0:O2:SE
533,4508032912/8389241,4251939903/16778482,I1,I3,N,false,pair:I1:I3:N
535,6960904688/12919711,19877061307/77518266,I1,O0,SW,false,pair:I1:O0:SW
537,16311205104/30701519,16251708217/61403038,I3,O0,SW,false,pair:I3:O0:SW
539,15738482704/29034241,105234992193/406479374,I1,I3,W,false,pair:I1:I3:W
541,51845465776/94655595,48585832381/189311190,I3,O0,W,false,pair:I3:O0:W
547,46360294672/83742545,43714079911/167485090,I0,O2,E,false,pair:I0:O2:E
550,34075075408/61737525,2204835373/8231670,I0,O2,NE,false,pair:I0:O2:NE
555,86019340208/152589691,81720284717/305179382,I0,O0,E,false,pair:I0:O0:E
559,164764636880/291315053,157249848235/582630106,I0,I1,NE,false,pair:I0:I1:NE
563,37558550928/66236441,36103805343/132472882,I3,O2,E,false,pair:I3:O2:E
564,193843273680/339787261,185280382619/679574522,I1,O2,SE,false,pair:I1:O2:SE
566,20929482448/36744941,20353164843/73489882,I1,O0,N,false,pair:I1:O0:N
567,243956686064/425864655,15722571319/56781954,I3,O2,E,false,pair:I3:O2:E
568,127236773936/221789571,123043160549/443579142,I0,I3,NE,false,pair:I0:I3:NE
571,394949366224/682461469,376757219963/1364922938,I1,I3,SW,false,pair:I1:I3:SW
574,81739040400/140833897,78114683599/281667794,I1,O0,NE,false,pair:I1:O0:NE
577,86096143312/148846141,83489729627/297692282,I0,I3,NW,false,pair:I0:I3:NW
579,2218620176/3063121,1089425063/6126242,I0,I3,NW,false,pair:I0:I3:NW
581,110968083568/189277511,105415546369/378555022,I0,O2,NE,false,pair:I0:O2:NE
582,138869935952/238381301,134212800483/476762602,I1,O2,S,false,pair:I1:O2:S
583,44269945328/73391135,39482483817/146782270,I1,O0,SE,false,pair:I1:O0:SE
584,276457225552/466466773,260183210499/932933546,I3,O0,N,false,pair:I3:O0:N
585,16994252112/28903253,81656014991/289032530,I0,I3,N,false,pair:I0:I3:N
590,269501822672/449634157,250732114347/899268314,I0,I3,NE,false,pair:I0:I3:NE
596,614923748656/1025915987,596803253397/2051831974,I0,O2,NE,false,pair:I0:O2:NE
597,415348333904/695552469,407481325571/1391104938,I0,I3,S,false,pair:I0:I3:S
598,26501051696/43900755,15203633395/52680906,I1,O0,N,false,pair:I1:O0:N
599,960417712592/1596789917,930847836923/3193579834,O0,O2,W,false,pair:O0:O2:W
601,50584653872/83174019,16061765367/55449346,I0,O2,NE,false,pair:I0:O2:NE
607,21334918544/34743385,20270244703/69486770,I1,O0,N,false,pair:I1:O0:N
613,165755560112/271308299,163584473373/542616598,I3,O0,N,false,pair:I3:O0:N
616,732904898704/1175156745,139826625443/470062698,I3,O2,SW,false,pair:I3:O2:SW
617,793315073648/1270565351,761270328417/2541130702,I0,O2,S,false,pair:I0:O2:S
619,708412864688/1133839243,682663419805/2267678486,I3,O0,NE,false,pair:I3:O0:NE
623,24371781872/39019663,70826869099/234117978,I1,O0,W,false,pair:I1:O0:W
627,561946914608/884535539,533810834165/1769071078,O0,O2,S,false,pair:O0:O2:S
631,738502663024/1167930807,720004897297/2335861614,I3,O0,E,false,pair:I3:O0:E
636,627219015056/974386265,605988836191/1948772530,I1,I3,NE,false,pair:I1:I3:NE
639,134093268336/209259607,131993968241/418519214,I0,I3,NE,false,pair:I0:I3:NE
640,66275930128/102747905,450928366657/1438470670,O0,O2,SW,false,pair:O0:O2:SW
641,1346459769616/2071796657,1288556375367/4143593314,I0,O0,S,false,pair:I0:O0:S
645,258532099248/396269899,249193651165/792539798,I0,O0,SW,false,pair:I0:O0:SW
648,40409879888/61033205,37858849251/122066410,I0,O2,S,false,pair:I0:O2:S
649,226686212432/344936597,217584114499/689873194,I3,O2,W,false,pair:I3:O2:W
652,690179412592/1048210983,662143030817/2096421966,O0,O2,E,false,pair:O0:O2:E
654,65348718352/99262705,12613918619/39705082,I0,I3,S,false,pair:I0:I3:S
655,49560025744/74694057,46981531535/149388114,I0,O2,W,false,pair:I0:O2:W
658,984492663632/1482441269,942508264611/2964882538,I0,O2,NW,false,pair:I0:O2:NW
660,43979087152/65638611,125361738815/393831666,I0,O2,N,false,pair:I0:O2:N
662,1417299302960/2114203043,1349066555589/4228406086,O0,O2,E,false,pair:O0:O2:E
667,1319279434960/1963462093,1270608281675/3926924186,O0,O2,E,false,pair:O0:O2:E
668,1436912378992/2129386055,1376019462401/4258772110,I0,O0,NW,false,pair:I0:O0:NW
669,53202334960/78784239,50874425113/157568478,I1,O0,SE,false,pair:I1:O0:SE
670,1001672532816/1482441269,959688133795/2964882538,I0,O2,NE,false,pair:I0:O2:NE
677,941312121552/1382445485,906204147051/2764890970,I0,O2,E,false,pair:I0:O2:E
678,930106127792/1364031323,895308223821/2728062646,I1,I3,SE,false,pair:I1:I3:SE
679,1535899486192/2258377855,299090169909/903351142,I1,O0,W,false,pair:I1:O0:W
681,469670841392/680820931,190776580313/583560798,I3,O2,N,false,pair:I3:O2:N
682,277998681936/397907957,256474097891/795815914,I0,O0,W,false,pair:I0:O0:W
687,1525642980080/2212121263,1474264475993/4424242526,I0,O0,NW,false,pair:I0:O0:NW
690,5108964639856/7353576519,4894051456769/14707153038,I0,I3,SE,false,pair:I0:I3:SE
692,330293632528/472911329,313060942231/945822658,I1,O2,N,false,pair:I1:O2:N
693,123241552400/174575009,2177982318837/6633850342,I0,O0,N,false,pair:I0:O0:N
698,2176078996272/3093231155,2066298018741/6186462310,I0,O0,N,false,pair:I0:O0:N
701,1603527826928/2268044767,1538692773033/4536089534,I3,O0,NW,false,pair:I3:O0:NW
703,2743678293008/3868052801,2625109694263/7736105602,I1,O0,NE,false,pair:I1:O0:NE
708,570075233040/800004017,543208460615/1600008034,I3,O0,NW,false,pair:I3:O0:NW
710,423299876592/598676591,414596985241/1197353182,O0,O2,NE,false,pair:O0:O2:NE
721,1346968176528/1848478841,1297864657471/3696957682,I3,O2,E,false,pair:I3:O2:E
725,513225165776/698745277,491894138075/1397490554,I1,I3,E,false,pair:I1:I3:E
728,4289221220016/5807451499,4112738408125/11614902998,I1,O2,SE,false,pair:I1:O2:SE
734,9611920654800/12917910557,9185605334907/25835821114,I0,O2,N,false,pair:I0:O2:N
735,23174714706544/31144453287,22250967829409/62288906574,I0,I3,SE,false,pair:I0:I3:SE
741,421063805264/559665301,2003454011471/5596653010,I0,O2,NW,false,pair:I0:O2:NW
746,31688034726096/41937697549,30238504487179/83875395098,I0,I1,E,false,pair:I0:I1:E
749,591103428112/772085601,551395011607/1544171202,I1,I3,W,false,pair:I1:I3:W
750,239420752400/315090977,3875506596551/10713093218,I0,O2,W,false,pair:I0:O2:W
751,23584915460176/30949257477,22299987521363/61898514954,I0,I3,E,false,pair:I0:I3:E
752,7304304296976/9523071041,6797961135159/19046142082,I0,O2,W,false,pair:I0:O2:W
754,873765613392/1144658293,828005821283/2289316586,I0,O2,NW,false,pair:I0:O2:NW
756,384899990864/515490389,389076310915/1030980778,I1,O2,SW,false,pair:I1:O2:SW
758,3914322182800/5094123561,3735459334415/10188247122,I0,O2,NE,false,pair:I0:O2:NE
763,11137533879600/14618862163,10977507466901/29237724326,I3,O2,N,false,pair:I3:O2:N
765,42869225590128/55334684887,41082953039345/110669369774,I1,O2,SE,false,pair:I1:O2:SE
771,20883093232688/26728761795,20030258353061/53457523590,I0,O0,NW,false,pair:I0:O0:NW
773,5296249224624/6745140187,5059065363661/13490280374,I0,I3,S,false,pair:I0:I3:S
774,70870900882000/90508280741,68400594065331/181016561482,I0,I1,SW,false,pair:I0:I1:SW
777,20254296608208/25512691933,19078171923643/51025383866,I3,O2,SE,false,pair:I3:O2:SE
781,6409465219888/8103656627,6160783548725/16207313254,I1,O0,NW,false,pair:I1:O0:NW
788,21503157544208/26839384657,20593940570535/53678769314,I0,O0,NW,false,pair:I0:O0:NW
794,72795046230608/90508280741,70324739413939/181016561482,I0,I1,SW,false,pair:I0:I1:SW
795,9143159792688/11315053123,8792442410789/22630106246,O0,O2,SE,false,pair:O0:O2:SE
799,144231999490288/176626594959,45878140390099/117751063306,I1,I3,E,false,pair:I1:I3:E
803,46185761014896/56533352519,44471945421569/113066705038,I1,I3,NE,false,pair:I1:I3:NE
804,73210140918064/90070485011,71465353128661/180140970022,I3,O2,N,false,pair:I3:O2:N
808,181317400972016/220580355247,173786535544665/441160710494,I1,I3,NE,false,pair:I1:I3:NE
810,216364485114160/262408183699,206966958069589/524816367398,I1,O0,N,false,pair:I1:O0:N
812,53045135459440/63871614023,50426119685889/127743228046,I0,O2,NW,false,pair:I0:O2:NW
813,46767423854256/56521238891,44875541838525/113042477782,I3,O2,E,false,pair:I3:O2:E
818,45693686810672/54737844355,43645870329573/109475688710,I3,O0,SW,false,pair:I3:O0:SW
822,148011570710768/176626594959,141207833960569/353253189918,I3,O0,S,false,pair:I3:O0:S
825,60989229557456/73445711469,60074053417643/146891422938,I0,O2,NW,false,pair:I0:O2:NW
827,266633410318704/317017702679,256453705622449/634035405358,I1,I3,NE,false,pair:I1:I3:NE
838,45367136369072/52686746523,477370995768719/1159108423506,I1,I3,W,false,pair:I1:I3:W
839,36767086668528/42849250991,604815416883945/1456874533694,I1,O2,NE,false,pair:I1:O2:NE
841,621004883373840/719501406961,596107188960263/1439002813922,I1,I3,W,false,pair:I1:I3:W
845,484652557121200/560110783339,466456992827581/1120221566678,I0,O2,NW,false,pair:I0:O2:NW
847,61183001502128/70700290587,59417762628749/141400581174,I0,I1,S,false,pair:I0:I1:S
854,627794462411120/711228438679,590992339955761/1422456877358,I1,O0,SW,false,pair:I1:O0:SW
856,22236780551024/25284730295,21186139025937/50569460590,I3,O2,N,false,pair:I3:O2:N
857,74005773247248/84561606193,71433955081927/169123212386,I1,I3,NW,false,pair:I1:I3:NW
860,1660500868828944/1887545690353,1594741780510215/3775091380706,I0,I3,SW,false,pair:I0:I3:SW
862,646668249400528/737373126733,630016319224267/1474746253466,I3,O0,SE,false,pair:I3:O0:SE
865,1404280216574160/1582741054861,1347050379348619/3165482109722,I0,I1,SE,false,pair:I0:I1:SE
869,116482095961680/131085430117,112058337492979/262170860234,I1,O0,S,false,pair:I1:O0:S
872,92519092604848/106483717371,94985430915757/212967434742,I0,O2,E,false,pair:I0:O2:E
875,143276692477936/159955923327,1793914254017653/4158854006502,I0,O0,SW,false,pair:I0:O0:SW
879,1127123253732944/1253630268005,1083148751926003/2507260536010,O0,O2,E,false,pair:O0:O2:E
880,56994550477264/62893049629,161175875505521/377358297774,I1,I3,W,false,pair:I1:I3:W
886,3806684685840/4197578849,3645194740503/8395157698,I1,O0,W,false,pair:I1:O0:W
887,3485542942745008/3846068103707,3349767606283405/7692136207414,I0,O2,NW,false,pair:I0:O2:NW
888,839242403058672/919084136767,792775111945801/1838168273534,I3,O0,N,false,pair:I3:O0:N
890,480383462111344/533798471559,471783438123457/1067596943118,I3,O0,N,false,pair:I3:O0:N
894,3142500995125264/3442513831169,432320037754641/983575380334,O0,O2,NW,false,pair:O0:O2:NW
895,12880752166384/14140027999,87474361689887/197960391986,I0,I3,NW,false,pair:I0:I3:NW
897,580611238444016/633351691199,2782468281554669/6333516911990,I3,O0,N,false,pair:I3:O0:N
898,160445139884560/175483316641,774139183343411/1754833166410,I0,I3,N,false,pair:I0:I3:N
901,5001357521551248/5429685192697,4752497629819583/10859370385394,I1,O0,SW,false,pair:I1:O0:SW
902,2498216782411664/2703602402169,786035583584533/1802401601446,I3,O0,NE,false,pair:I3:O0:NE
905,949152808865936/1029859653897,53272042949951/121159959282,I0,I3,NE,false,pair:I0:I3:NE
907,4558607150415792/4950245023739,4369621417293741/9900490047478,I3,O0,E,false,pair:I3:O0:E
912,1306853203506576/1394414817113,1230878112194655/2788829634226,I3,O2,E,false,pair:I3:O2:E
913,4425583017333584/4727351087413,4189017708070307/9454702174826,I0,I1,S,false,pair:I0:I1:S
915,1229219430613424/1315557573659,1172581991269005/2631115147318,I0,I3,NE,false,pair:I0:I3:NE
924,1468149761748880/1557471165177,4201381957678909/9344826991062,I1,O2,SE,false,pair:I1:O2:SE
926,17606741408784/19143394241,125274685569281/268007519374,I1,O2,S,false,pair:I1:O2:S
929,3087512166271504/3237871493281,2920252961593559/6475742986562,I3,O0,N,false,pair:I3:O0:N
934,6477672470199792/6764606151647,6136207933884073/13529212303294,I0,O0,SE,false,pair:I0:O0:SE
938,3472958482682704/3617650356533,195236273782387/425605924298,I1,O0,NE,false,pair:I1:O0:NE
940,19532202813488/20303211139,1437317509996769/3126694515406,I0,O2,N,false,pair:I0:O2:N
943,8910351240645424/9255156419763,2876770848485479/6170104279842,I0,I3,S,false,pair:I0:I3:S
946,4529304745752272/4689680434029,1457996898996025/3126453622686,I1,I3,S,false,pair:I1:I3:S
949,4223213966985360/4333036458121,3999196904754607/8666072916242,I0,I1,W,false,pair:I0:I1:W
954,268833584600720/275937826153,257854098231759/551875652306,O0,O2,S,false,pair:O0:O2:S
957,226282635641200/231248732183,216850367909041/462497464366,I0,O0,E,false,pair:I0:O0:E
961,2671167897392272/2709895658825,2549889120967407/5419791317650,I1,O2,SE,false,pair:I1:O2:SE
962,12653844641177776/12951521347083,4119467336456287/8634347564722,I3,O2,NE,false,pair:I3:O2:NE
963,375879647925200/380616022333,25432392275111997/54047475171286,I3,O0,E,false,pair:I3:O0:E
969,2094844606542000/2118645747467,6045723201857623/12711874484802,I0,O2,SE,false,pair:I0:O2:SE
970,15763821815742768/15929406391315,15186097649307349/31858812782630,I0,I1,W,false,pair:I0:I1:W
972,2127705957844112/2186544475209,6443509457148877/13119266851254,I1,I3,S,false,pair:I1:I3:S
975,10110587912055568/10119376146097,28909968769541845/60716256876582,I3,O0,SE,false,pair:I3:O0:SE
981,26091520403134288/26053312398709,25083847137644387/52106624797418,O0,O2,W,false,pair:O0:O2:W
982,79995165358712496/79749392791147,76881427833308605/159498785582294,I0,O2,SW,false,pair:I0:O2:SW
985,36627686008687984/35727353434327,33587445679961585/71454706868654,I3,O2,S,false,pair:I3:O2:S
989,141956353013509264/140618435903177,136586560651775343/281236871806354,I1,O2,W,false,pair:I1:O2:W
991,207456144894772336/205473244757063,200110491219085057/410946489514126,I1,O0,SE,false,pair:I1:O0:SE
998,134641112211199312/131856017588565,129300921922282627/263712035177130,I1,O0,S,false,pair:I1:O0:S
1001,126863693393393328/124336248383339,122562684157086909/248672496766678,I3,O0,E,false,pair:I3:O0:E
1002,106628900085983696/104867918116509,103937802271054075/209735836233018,I1,O0,SW,false,pair:I1:O0:SW
1008,229686450870579952/222998081386287,73906214365278963/148665387590858,I3,O2,E,false,pair:I3:O2:E
1015,58852492152464560/56388278124107,552697296306457/1116599566814,I0,O2,N,false,pair:I0:O2:N
1020,356762577207512912/341104921314549,344212328466076643/682209842629098,O0,O2,NE,false,pair:O0:O2:NE
1025,231380303181450000/220178401919153,223085445412102215/440356803838306,I1,O2,S,false,pair:I1:O2:S
1026,198434876399738288/188693891309019,191289967333898957/377387782618038,I3,O2,NW,false,pair:I3:O2:NW
1027,171721567223050512/162408323626769,163440149016782567/324816647253538,I0,O2,SW,false,pair:I0:O2:SW
1029,62488452086708464/58977643955087,13750330185918551/27220451056194,I3,O0,SW,false,pair:I3:O0:SW
1033,286278727997402768/269929781961449,275663963693094991/539859563922898,I1,I3,SE,false,pair:I1:I3:SE
1034,179546155873509232/168315793766903,170764160727421905/336631587533806,I0,O0,S,false,pair:I0:O0:S
1042,395840191839868304/369665107169625,25476389344623793/49288680955950,I1,O0,E,false,pair:I1:O0:E
1044,73889421525566640/68760824462411,70835997858693341/137521648924822,I0,I3,W,false,pair:I0:I3:W
1046,883391525820316528/823536389698487,851758465890085905/1647072779396974,I3,O2,SW,false,pair:I3:O2:SW
1047,735612682769183248/686014740773665,710086470172699223/1372029481547330,I0,I3,W,false,pair:I0:I3:W
1049,294289102263469904/272324408228981,19522623796520443/37998754636602,I1,O2,N,false,pair:I1:O2:N
1051,1944889465212659536/1805865454483061,1868684834091390563/3611730908966122,I0,O0,SE,false,pair:I0:O0:SE
1055,296340820640766128/272946509711755,281476908855749021/545893019423510,I3,O2,S,false,pair:I3:O2:S
1057,408901613906207536/377534093138483,1185628191181702943/2265204558830898,I0,O0,S,false,pair:I0:O0:S
1058,579500525730371280/526475946051949,538093885570463659/1052951892103898,I0,O2,W,false,pair:I0:O2:W
1062,1871868375471996688/1722839149136881,1812752136761744135/3445678298273762,O0,O2,NW,false,pair:O0:O2:NW
1064,404158890876970576/369721286552165,386719644649822963/739442573104330,I1,O2,SW,false,pair:I1:O2:SW
1066,641728263351267760/583099518830363,604519701281236877/1166199037660726,O0,O2,NW,false,pair:O0:O2:NW
1071,2589167539136015248/2357850539809465,2493249743826708991/4715701079618930,I0,O2,SW,false,pair:I0:O2:SW
1073,60951895166162544/55151179379047,58084233535486177/110302358758094,I0,O0,E,false,pair:I0:O0:E
1075,52018391516372720/47107968802287,49860606979726361/94215937604574,I1,O2,S,false,pair:I1:O2:S
1077,665037100358134640/601131319740087,636411681001128209/1202262639480174,I0,O0,E,false,pair:I0:O0:E
1081,3728505648505433584/3367522790781663,1199888144519751651/2245015193854442,I0,O2,W,false,pair:I0:O2:W
1085,1577148356502031984/1414060056854759,1508168142587604321/2828120113709518,I1,I3,NW,false,pair:I1:I3:NW
1088,1313401697339949040/1182254801742847,1269432060465939849/2364509603485694,I1,I3,NW,false,pair:I1:I3:NW
1089,3040481761142835088/2724600337965177,2918905013303793215/5449200675930354,I1,O0,E,false,pair:I1:O0:E
1090,8722210677882704/7741268240373,8214189015275747/15482536480746,I0,O2,SW,false,pair:I0:O2:SW
1096,3304140461884256816/2931639889453859,3149796354065588037/5863279778907718,I1,I3,NW,false,pair:I1:I3:NW
1106,178730301738366160/159276712835917,177179171865487051/318553425671834,I0,O2,S,false,pair:I0:O2:S
1107,4956647146716575088/4351973866855255,950152568200450429/1740789546742102,I0,O0,NE,false,pair:I0:O0:NE
1108,4599186543239842768/4033420441183421,4396404497271278043/8066840882366842,I0,O2,S,false,pair:I0:O2:S
1110,11329281652266853616/9957485557769807,10910468525180534969/19914971115539614,I1,O2,NE,false,pair:I1:O2:NE
1115,10990730101599005872/9596538443347659,10562337198767403613/19193076886695318,O0,O2,S,false,pair:O0:O2:S
1118,23930931859373884880/20880771622518877,23157321137663025467/41761543245037754,I1,O2,NW,false,pair:I1:O2:NW
1120,39099232568568464368/33995728468636735,7519250851127215477/13598291387454694,I1,I3,E,false,pair:I1:I3:E
1130,6842353608273674864/5829502754696231,19377313559680096355/34977016528177386,I0,O2,E,false,pair:I0:O2:E
1133,34477955737568884368/29511509558887273,33175907783545680847/59023019117774546,I1,O0,N,false,pair:I1:O0:N
1136,9426641892193094512/8050033532187831,27253180053707008307/48300201193126986,I3,O0,SW,false,pair:I3:O0:SW
1138,25667697428148937296/21843083430868517,24603869914449695027/43686166861737034,I0,O0,E,false,pair:I0:O0:E
1139,13026085395733763248/11004650462315851,12275118363162636253/22009300924631702,I1,O2,NW,false,pair:I1:O2:NW
1142,1017338289712522768/867157684194913,2944984045286283077/5202946105169478,I1,O2,NW,false,pair:I1:O2:NW
1143,2584265362675033072/2203896530724415,500086299133389685/881558612289766,I0,O0,E,false,pair:I0:O0:E
1146,2755273192942781456/2327595809881153,1874189068138736533/3325136871258790,I0,O2,SE,false,pair:I0:O2:SE
1148,25803126722645293168/21880591068530567,24894562267085160897/43761182137061134,I3,O0,SE,false,pair:I3:O0:SE
1149,7838074717903574576/6641368118885731,7552820175175029509/13282736237771462,O0,O2,S,false,pair:O0:O2:S
1150,39890304593834560208/33781710928254125,38419042671260873323/67563421856508250,I0,I3,E,false,pair:I0:I3:E
1151,685594920309631952/578151142994621,12417908738309906753/21969743433795598,I1,O2,NW,false,pair:I1:O2:NW
1152,1297057191994858128/1085875899503017,1216272140783719311/2171751799006034,O0,O2,S,false,pair:O0:O2:S
1158,61225956472322783856/51499595992805287,58726407805960202401/102999191985610574,I0,I3,E,false,pair:I0:I3:E
1161,14728320539812011312/12369029915150803,14167225399597169429/24738059830301606,O0,O2,W,false,pair:O0:O2:W
1163,23969579719402537776/20126096574252083,23146306117271625141/40252193148504166,I0,O2,SW,false,pair:I0:O2:SW
1165,1508741895284478672/1257861881083181,10026717661893271917/17610066335164534,I0,O2,W,false,pair:I0:O2:W
1171,56829607479780625840/47119798152821979,54307430623383937997/94239596305643958,I3,O2,SE,false,pair:I3:O2:SE
1172,21069045534177824976/17474398260265229,101176503610230611767/174743982602652290,I0,O2,NW,false,pair:I0:O2:NW
1177,32935419691670779376/27214678869115743,31734291881790874409/54429357738231486,I0,I3,NW,false,pair:I0:I3:NW
1184,60066495070587323312/49119617682894907,57360545646824998253/98239235365789814,I1,O2,N,false,pair:I1:O2:N
1185,16610638988040605776/13595685547831557,5317141415032814193/9063790365221038,I0,I1,SW,false,pair:I0:I1:SW
1189,113135822338270839728/92360853941752891,108581568111320662381/184721707883505782,I1,I3,S,false,pair:I1:I3:S
1191,11679448257306850000/9543515616286509,11251950250520304619/19087031232573018,I1,I3,S,false,pair:I1:I3:S
1193,13360380978170377712/10867364358792031,12832086846717264681/21734728717584062,I0,I1,SW,false,pair:I0:I1:SW
1196,464458181917263088/377731815173199,149342507361698707/251821210115466,O0,O2,NW,false,pair:O0:O2:NW
1197,87063578728271435728/70626125224168829,83493855170189556507/141252250448337658,I1,I3,S,false,pair:I1:I3:S
1202,122777231718028496/99805772202317,102241546370973874473/171466316643580606,I3,O2,S,false,pair:I3:O2:S
1203,219868965992712360752/177903547917053235,211159949827885739189/355807095834106470,O0,O2,NW,false,pair:O0:O2:NW
1204,37396457643080196304/30342851097270797,108562092755761714721/182057106583624782,I1,I3,S,false,pair:I1:I3:S
1205,233316427759620582448/188494337857097411,223801042597461419685/376988675714194822,I3,O2,S,false,pair:I3:O2:S
1208,112983983695298529424/90913396620445833,35979054584614875621/60608931080297222,I0,O0,SW,false,pair:I0:O0:SW
1211,61785531972279039664/50297388192687979,60762124973120081085/100594776385375958,I0,O0,SW,false,pair:I0:O0:SW
1214,130511664402072963248/105250627734603915,41861515940647031007/70167085156402610,I0,O0,W,false,pair:I0:O0:W
1221,17086114851694023408/13576239369251119,16243863142035248857/27152478738502238,I0,I1,E,false,pair:I0:I1:E
1224,103398067392539816784/82093609664812853,3409686659553395391/5661628252745714,O0,O2,N,false,pair:O0:O2:N
1229,8937681901139404624/6437231273472629,6676857085937990243/12874462546945258,I1,I3,N,false,pair:I1:I3:N
1230,185733098564856953456/146872482795850663,178151559723521797281/293744965591701326,I1,O0,SE,false,pair:I1:O0:SE
1231,88397708331858774416/70217625761189017,85737351318791903519/140435251522378034,I1,I3,N,false,pair:I1:I3:N
1233,93675371333809252752/73060688830347929,87283778607280012063/146121377660695858,O0,O2,E,false,pair:O0:O2:E
1237,40051452298406812400/31501781383255471,38402808986664142425/63003562766510942,I1,O0,E,false,pair:I1:O0:E
1239,40666422237285815824/31973650635753825,13020977825996227421/21315767090502550,I3,O0,SW,false,pair:I3:O0:SW
1240,339807073700975349936/267014524535247115,326242233853207176733/534029049070494230,I0,O0,NE,false,pair:I0:O0:NE
1241,50043910396210451760/39230882420838739,431155259496611017789/706155883575097302,O0,O2,S,false,pair:O0:O2:S
1242,479346585171271712528/375528580685981681,65518970222172350721/107293880195994766,I3,O0,SW,false,pair:I3:O0:SW
1244,102268511925195120752/80215150241501703,98179970113418552129/160430300483003406,I3,O0,SW,false,pair:I3:O0:SW
1245,396704293441044546864/311093899042898003,381762033469332836501/622187798085796006,O0,O2,S,false,pair:O0:O2:S
1248,1445838798329636749616/1130276320750073875,1386148378348956924629/2260552641500147750,I3,O0,S,false,pair:I3:O0:S
1249,687536204134918156688/540197526930396953,668699019124404009631/1080395053860793906,O0,O2,SE,false,pair:O0:O2:SE
1250,284925945624052787408/221282277119440525,269760087394447765899/442564554238881050,I0,I1,W,false,pair:I0:I1:W
1253,1131946824314849372272/881173299241187975,1081596292495019947713/1762346598482375950,I0,O0,SE,false,pair:I0:O0:SE
1263,1724431565009471039664/1329417790787966603,1648683781169410815133/2658835581575933206,I3,O2,E,false,pair:I3:O2:E
1266,5982430783345471945680/4609196657402378173,5746446321380026031835/9218393314804756346,I0,O2,NW,false,pair:I0:O2:NW
1269,5550404371809966445744/4263803593490457931,5328634691092922142685/8527607186980915862,I3,O2,E,false,pair:I3:O2:E
1273,2518014572065411233168/1925870918609682265,2407795154332713971807/3851741837219364530,I0,I1,NW,false,pair:I0:I1:NW
1274,198687746494914797840/151970420693056017,63559021945232021837/101313613795370678,I1,O2,N,false,pair:I1:O2:N
1278,213214862725394393296/162205049288736397,203171231649487743371/324410098577472794,I1,O0,SW,false,pair:I1:O0:SW
1279,2242143890914565455024/1710607762074564555,718507302073012314911/1140405174716376370,I3,O2,NW,false,pair:I3:O2:NW
1284,5463071902456077987184/4143250824059931351,5240816947259670916081/8286501648119862702,I1,I3,SE,false,pair:I1:I3:SE
1289,2626155932538552746672/1992730937797212203,2544727600597199656445/3985461875594424406,I1,O2,W,false,pair:I1:O2:W
1290,9694528297986087136016/7301338906602275505,1025096135333865852879/1622519757022727890,I1,O0,NW,false,pair:I1:O0:NW
1291,10224704026364251364720/7706669283204879831,3258671048208027517691/5137779522136586554,I3,O2,NW,false,pair:I3:O2:NW
1294,9666489900304210808112/7268032238978311379,9269786498621789669397/14536064477956622758,I1,O2,SW,false,pair:I1:O2:SW
1296,582679796158770007856/438149811496797427,560984947812684543733/876299622993594854,I1,O0,S,false,pair:I1:O0:S
1297,427192385735884521488/314591306576972801,5075648485219517571083/8179373971001292826,I0,I3,N,false,pair:I0:I3:N
1298,22879175491573628848784/17166593529697098921,21954982131865154777231/34333187059394197842,I3,O0,NW,false,pair:I3:O0:NW
1299,19184435015544288015376/14382529927213909825,1414794477778623884627/2212696911879063050,O0,O2,W,false,pair:O0:O2:W
1301,40240599981141724130128/30106476444161750709,12795715242052528132449/20070984296107833806,O0,O2,W,false,pair:O0:O2:W
1303,13719561990248265917616/10392398968931150411,13523488775737047016157/20784797937862300822,I0,O0,N,false,pair:I0:O0:N
1306,20502553279916440543664/15262670429458820635,3890335813813512647913/6105068171783528254,I0,O2,SW,false,pair:I0:O2:SW
1308,26170787471219369991216/19574137418470749635,25151012054257704028069/39148274836941499270,I3,O0,N,false,pair:I3:O0:N
1312,4819848796963580668304/3594680864770903705,4638896429776596371231/7189361729541807410,I1,O2,SE,false,pair:I1:O2:SE
1315,9207469340029231395120/6831729872167552787,8806366766325926851541/13663459744335105574,I1,O2,E,false,pair:I1:O2:E
1318,22418235177960240740560/16659176725404399501,21764298190420855105675/33318353450808799002,I1,O0,N,false,pair:I1:O0:N
1320,15524320784887503182128/11408638476317736339,14732339408119088777557/22817276952635472678,O0,O2,E,false,pair:O0:O2:E
1323,79368303607724169654288/58406453742970255105,75898725854840742821751/116812907485940510210,O0,O2,NE,false,pair:O0:O2:NE
1324,35405187805387820104336/26153443236505980841,34236497525012777903503/52306886473011961682,I0,O0,NW,false,pair:I0:O0:NW
1327,14339771370724164246576/10538168102332568003,13729132367340653169573/21076336204665136006,I0,O2,NW,false,pair:I0:O2:NW
1329,17005287948840897669328/12511278520787836557,16355862358977377405323/25022557041575673114,O0,O2,NE,false,pair:O0:O2:NE
1330,129047437012448276766160/94574929319821864413,123065653832294324553659/189149858639643728826,I3,O0,NE,false,pair:I3:O0:NE
1331,95036861114766481427504/69552372278246191299,10039325457148841082557/15456082728499153622,O0,O2,NE,false,pair:O0:O2:NE
1334,31667075176060005992656/23276694138707207309,91860577050623317064353/139660164832243243854,I0,I1,SW,false,pair:I0:I1:SW
1340,12900316767381886364400/9422385546790876847,12423952315338318306649/18844771093581753694,I0,O0,NW,false,pair:I0:O0:NW
1342,20868183398151832123312/15219460365192518523,6716156203161276276751/10146306910128345682,I3,O0,N,false,pair:I3:O0:N
1344,9497650857276974820400/6929691316816572099,9233873441538266695333/13859382633633144198,I0,I3,NW,false,pair:I0:I3:NW
1351,37557813902359680300432/27213252864321248089,36355445705628850910303/54426505728642496178,I1,O0,NE,false,pair:I1:O0:NE
1353,2038277945159086012912/1471369660064577439,131020643942058510385403/197163534448653376826,I1,O2,NW,false,pair:I1:O2:NW
1355,12289798904187880452848/8831052299136838447,58309752530800808564797/88310522991368384470,I1,O0,NE,false,pair:I1:O0:NE
1358,33492589082742658575440/23853286997064446661,31225794258037085355923/47706573994128893322,I1,O2,NW,false,pair:I1:O2:NW
1359,35940163168427849970032/25898891075690288919,34524628894243188186545/51797782151380577838,I3,O0,SW,false,pair:I3:O0:SW
1365,31842047172287065419760/22849542640590872319,10211326194808798729091/15233028427060581546,O0,O2,NW,false,pair:O0:O2:NW
1367,62918456422584800133872/45028782448411317295,60343370627600297710553/90057564896822634590,I1,O0,W,false,pair:I1:O0:W
1368,137745213946376174168528/98581767224326688413,132201235562775921688827/197163534448653376826,I3,O2,SW,false,pair:I3:O2:SW
1373,164894579725697549340496/117573112044132225269,158284090896882784675811/235146224088264450538,I0,O2,NE,false,pair:I0:O2:NE
1375,72394434434545498861904/51415533477419365141,262042287214267513701/390992650018398214,I0,O0,NE,false,pair:I0:O0:NE
1377,110386979858440734340496/78793510051653207897,35677382477290975300981/52529006701102138598,I3,O2,SW,false,pair:I3:O2:SW
1380,165937533097571704774224/118488717109476553189,23083614214069693364789/33853919174136158054,O0,O2,N,false,pair:O0:O2:N
1382,191985670253285228083216/136116346008591712129,183874681062566922171127/272232692017183424258,I0,I1,E,false,pair:I0:I1:E
1383,240502427798066917719952/170011560776631467001,76263235228911296241557/113341040517754311334,O0,O2,N,false,pair:O0:O2:N
1384,40445855546696496292272/28690080320968337947,349947775576585762623733/516421445777430083046,I0,I3,NE,false,pair:I0:I3:NE
1387,230225261956727747081680/162910639276635572061,220534256083888081101371/325821278553271144122,I1,I3,NW,false,pair:I1:I3:NW
1390,726394221577774756925200/512427394132625535217,696545224127588049292807/1024854788265251070434,I1,O0,W,false,pair:I1:O0:W
1394,718003972206006172888912/505374537266534583029,688958475533661413613027/1010749074533069166058,I0,I3,E,false,pair:I0:I3:E
1399,5447502002914865529456/3794917574325896231,25726143971628923728037/37949175743258962310,I0,I3,NE,false,pair:I0:I3:NE
1404,223039754317153373069808/154946000669753393695,42297136314714511242773/61978400267901357478,O0,O2,W,false,pair:O0:O2:W
1405,653644459765570005834896/457943807833863061961,633229353580548187976303/915887615667726123922,I1,O0,NE,false,pair:I1:O0:NE
1409,471516291177390055295952/326566524725895643325,450859199333431839034843/653133049451791286650,O0,O2,NW,false,pair:O0:O2:NW
1411,1815728238889767259918480/1258636265240151072009,1745389033312037240511791/2517272530480302144018,I0,I1,W,false,pair:I0:I1:W
1414,387957233539642321850384/269981007728872905985,75508063455312104704075/107992403091549162394,I0,I1,W,false,pair:I0:I1:W
1421,425108959222737523875664/293051828667174697461,136286647166055821256609/195367885778116464974,I0,I1,NW,false,pair:I0:I1:NW
1423,27754018848638195092528/18974587871629481155,5248530561138558234657/7589835148651792462,I1,I3,NW,false,pair:I1:I3:NW
1424,1028501145222013269308688/705914056407861792593,984084888056031905721511/1411828112815723585186,I1,O0,E,false,pair:I1:O0:E
1428,376926948762468777072/257495968144160711,42708977928752640709879/61284040418310249218,I0,I3,N,false,pair:I0:I3:N
1430,1121564913383148861087856/767835809173369849351,1076270774279889292562241/1535671618346739698702,I1,O2,E,false,pair:I1:O2:E
1433,603005923391201105498768/411694156544839460137,576038072182705530840079/823388313089678920274,I3,O0,NE,false,pair:I3:O0:NE
1437,199793744154069161343024/134006563717063856003,184633826160931703324645/268013127434127712006,I3,O2,SW,false,pair:I3:O2:SW
1439,1019790332714158660710416/694626424927592677121,140202753616298948776209/198464692836455050606,I0,I1,S,false,pair:I0:I1:S
1440,344561289944106292873904/234257716213138477227,331548411372981493840253/468515432426276954454,I1,O2,NE,false,pair:I1:O2:NE
1441,2478256720202936292667536/1683281682438870843145,2379963373488222052313903/3366563364877741686290,I0,O0,NW,false,pair:I0:O0:NW
1442,325125678939120013264/220333364425294077,311316190008642988955/440666728850588154,I0,I3,SE,false,pair:I0:I3:SE
1446,548533808808973148059760/369366955300541196167,517495380765610265960897/738733910601082392334,I0,I3,SE,false,pair:I0:I3:SE
1447,804904864213008806971664/544948463854954737809,771586649802835275997543/1089896927709909475618,I3,O2,S,false,pair:I3:O2:S
1449,1393063729568509297740688/941505457967084133561,1330835164660580976678911/1883010915934168267122,I1,O2,N,false,pair:I1:O2:N
1452,582609235416690013680688/394930839533847731011,560854471400608822097445/789861679067695462022,I1,O2,N,false,pair:I1:O2:N
1453,1170768100772190504449712/791487833645977126763,1120102986258354522778813/1582975667291954253526,I3,O2,S,false,pair:I3:O2:S
1454,2807097146981122610290192/1895085833880915267041,2681529319243108201079191/3790171667761830534082,I3,O0,NW,false,pair:I3:O0:NW
1456,41414232935154212477616/27851454541515538859,39354095879521158447229/55702909083031077718,I1,I3,NW,false,pair:I1:I3:NW
1463,401707534246294478537936/269863129530138653773,385638282841052381963723/539726259060277307546,I1,O2,W,false,pair:I1:O2:W
1466,928146114825705985757776/622218162145580819749,888438821241574754478643/1244436324291161639498,I0,I1,S,false,pair:I0:I1:S
1471,79679841769204165296336/52959529567254494221,1284491893078096224075963/1800624005286652803514,I0,O0,N,false,pair:I0:O0:N
1474,3121625352248230223737328/2080516265499706826527,3001345936963090821253481/4161032530999413653054,I1,O0,SW,false,pair:I1:O0:SW
1477,260942254748709991522128/172335963447630420469,247036370683787280471779/344671926895260840938,I1,O0,SE,false,pair:I1:O0:SE
1480,4519618341090844528349904/3002712850315188031789,4360677945246999823602155/6005425700630376063578,I0,I1,NE,false,pair:I0:I1:NE
1481,6736714472717727290991216/4464622108069977836071,6465658072678143198689825/8929244216139955672142,I1,O0,E,false,pair:I1:O0:E
1487,1433970069819607643583888/943534094642791501657,1369017751133201200341087/1887068189285583003314,I3,O2,SW,false,pair:I3:O2:SW
1488,593428668504525654210352/391089214363374351219,6263540622503267116359943/8603962715994235726818,I0,O0,E,false,pair:I0:O0:E
1494,5341236366003780241523728/3497110736648452603969,5085358584092797554478135/6994221473296905207938,I3,O0,W,false,pair:I3:O0:W
1496,397476909387573796507920/260849480528386083089,380899918409273402655975/521698961056772166178,I0,O0,E,false,pair:I0:O0:E
1499,2219254468047543718206480/1449303177094872966593,2115889250072326425688759/2898606354189745933186,I1,O2,E,false,pair:I1:O2:E
1504,762125038046070379995760/498063515221690926631,734701845736763720474145/996127030443381853262,I0,O0,SE,false,pair:I0:O0:SE
1506,3187738483008405256729072/2080516265499706826527,3067459067723265854245225/4161032530999413653054,I0,O0,SE,false,pair:I0:O0:SE
1508,989172750125165781708944/643893615483268304649,951271684139723284519727/1287787230966536609298,I0,O2,NE,false,pair:I0:O2:NE
1514,4010202963815701878761200/2595719041512583382639,3846182981541919281000345/5191438083025166765278,I3,O2,N,false,pair:I3:O2:N
1517,1538128099856480829247312/993636328753895858421,4432588589535047947863977/5961817972523375150526,I3,O0,N,false,pair:I3:O0:N
1522,1603483806473479011269680/1030309377240992663491,4615557405700934872609007/6181856263445955980946,I1,I3,SE,false,pair:I1:I3:SE
1524,4776769882023600861657648/3067252293293339499427,4582495493683040502899397/6134504586586678998854,I0,O0,SE,false,pair:I0:O0:SE
1526,1401224811059624417009072/900298084750755154395,4951402845940774557603397/6602185954838871132230,I0,I1,E,false,pair:I0:I1:E
1529,3272209207699867628880560/2094092283546122851371,15708523044235669019918833/20940922835461228513710,I1,O2,NE,false,pair:I1:O2:NE
1533,788245598592703121240848/501285900462600141617,2248893287992298266654037/3007715402775600849702,I1,O0,SW,false,pair:I1:O0:SW
1535,13086238301795773817870992/8326331594795668315561,12501789895101250914002831/16652663189591336631122,I0,O0,SE,false,pair:I0:O0:SE
1538,2451666106941971234237040/1561934949567148941991,2361597476651975358209441/3123869899134297883982,I0,I3,SW,false,pair:I0:I3:SW
1540,4560963889373208857196784/2904094881355171437455,4403527810063426625700217/5808189762710342874910,I3,O2,N,false,pair:I3:O2:N
1541,16811590701581438793960656/10651937608655741580493,16051928187035730269479243/21303875217311483160986,I0,O0,SE,false,pair:I0:O0:SE
1542,8305945218256989882829168/5270706604284356826263,23887963206450610287647891/31624239625706140957578,I0,O2,NW,false,pair:I0:O2:NW
1543,144754374164098765259408/92146110789238016041,979504377426860002271081/1290045551049332224574,I0,O0,SE,false,pair:I0:O0:SE
1544,7453354576140284861643472/4717085121422580537261,789711468823307809935571/1048241138093906786058,I1,O2,SE,false,pair:I1:O2:SE
1551,13227909296281863174281872/8326331594795668315561,1806208698512477181487673/2378951884227333804446,I0,I1,NW,false,pair:I0:I1:NW
1555,7827895013765657957609200/4935287037871463582447,7552174749237884839413529/9870574075742927164894,I3,O0,E,false,pair:I3:O0:E
1557,773547901560645958960592/485592668327591526493,500360093595551157727049/657899744185769164926,I3,O0,E,false,pair:I3:O0:E
1563,8769313427815176716347408/5482538609280955907713,8403860291744602420902903/10965077218561911815426,I0,I3,NE,false,pair:I0:I3:NE
1567,33953137981787225798560304/21162523253441333871779,32469999212403119378182597/42325046506882667743558,I3,O0,E,false,pair:I3:O0:E
1569,17047318205602688167154672/10622873008900888398143,16314717933895539251256905/21245746017801776796286,I1,I3,NE,false,pair:I1:I3:NE
1572,36468781889332079117325904/22682453370281784864101,34825809602398179256041459/45364906740563569728202,I3,O0,E,false,pair:I3:O0:E
1573,34618447365299221090257168/21429894930657103924369,4694350015535297356371873/6122827123044886835534,I0,I3,NE,false,pair:I0:I3:NE
1578,19235668104534937509246896/12045819831982089757563,18897183015981644707256365/24091639663964179515126,I0,I1,S,false,pair:I0:I1:S
1580,2690655857225810750601392/1648569239379190239115,47765628632230392396190887/62645631096409229086370,I0,O0,SE,false,pair:I0:O0:SE
1581,57293844542890512503205104/35638479073582146870991,55592307700683909743395897/71276958147164293741982,I1,O0,NE,false,pair:I1:O0:NE
1583,46477987354214398843928656/28769696260330468494341,44607437860967601917344851/57539392520660936988682,I1,O0,NE,false,pair:I1:O0:NE
1585,55682399887741245970190096/34681739614007702229233,4961770876327429010529141/6305770838910491314406,I0,O2,E,false,pair:I0:O2:E
1586,75085656337726824650488432/46125980398091090627495,71314694151821994232900769/92251960796182181254990,I0,O0,E,false,pair:I0:O0:E
1588,135701108895729053227958544/83423454618195561411601,129176184246391872800129511/166846909236391122823202,I0,I1,W,false,pair:I0:I1:W
1590,107850968468802252312083952/66428229890774564724703,103480664892836857918333609/132856459781549129449406,I3,O2,S,false,pair:I3:O2:S
1592,34530134291349525695480496/21250055772667050826795,166185473206232921178413553/212500557726670508267950,I1,O0,SE,false,pair:I1:O0:SE
1597,194181891001271505666016656/118776613727888545851481,185664273133810794075012959/237553227455777091702962,O0,O2,E,false,pair:O0:O2:E
1600,16055902419397007426249936/9826348940802597314125,15409993835976942495869899/19652697881605194628250,I0,I3,N,false,pair:I0:I3:N
1602,475795632667772066925118704/290956509251322736242767,456424641480015638322964153/581913018502645472485534,I1,O2,SW,false,pair:I1:O2:SW
1606,489355603668926172405019216/298489273060681546148645,468259857547376712607183923/596978546121363092297290,I3,O2,SE,false,pair:I3:O2:SE
1609,41779536896463513595707088/25400517327047691196397,200076389788732244717980119/254005173270476911963970,I0,I3,E,false,pair:I0:I3:E
1612,321543143711030968666996976/195629141347882978663439,309352793316597866810014969/391258282695765957326878,I0,O2,S,false,pair:I0:O2:S
1615,405403410598114452451722992/243576198549389540886639,126758023563488258704088883/162384132366259693924426,I3,O0,SW,false,pair:I3:O0:SW
1617,987917197308739285708978032/599534498277852465165175,73400263725651173068747349/92236076658131148486950,I0,O2,SE,false,pair:I0:O2:SE
1619,1733493532878299897591108368/1051019956245156449906993,1674319246892598207506639815/2102039912490312899813986,I1,O2,W,false,pair:I1:O2:W
1621,1360559732494116984854515120/824461492257117006399707,1314894600945304572899653581/1648922984514234012799414,I0,O2,E,false,pair:I0:O2:E
1622,1118135392852873229863599568/676124180250028600241117,1076612221401446351807027643/1352248360500057200482234,I1,I3,NE,false,pair:I1:I3:NE
1625,711410302219456455818080624/427878536700206725115671,676326965498842550918022577/855757073400413450231342,I1,I3,NE,false,pair:I1:I3:NE
1627,766137683540630864911896464/464598778643389126985977,744189406346176854895110591/929197557286778253971954,I1,I3,N,false,pair:I1:I3:N
1628,1795088396523420316026574320/1078764325674363163457887,1710416860504544184429100329/2157528651348726326915774,I1,O2,W,false,pair:I1:O2:W
1630,38815101414788417632869712/23548421436406184366549,37895409167737279682793475/47096842872812368733098,I1,O2,SW,false,pair:I1:O2:SW
1633,787117400277609519882831728/472814164959501786943607,754470998623439651575105873/945628329919003573887214,I1,I3,NW,false,pair:I1:I3:NW
1635,556522255276641040301926192/328435298956485611571827,513757068201381194830595445/656870597912971223143654,I1,O0,SW,false,pair:I1:O0:SW
1637,2700129884889353114621574896/1621783521455523480399855,521168199929925166543122949/648713408582209392159942,I1,O0,SW,false,pair:I1:O0:SW
1639,4174277012035505023923891056/2495191407086527660329655,3995899915437239054879907089/4990382814173055320659310,I1,I3,W,false,pair:I1:I3:W
1641,904438689189715995905491216/541689027032510512189457,870535711808964465012327911/1083378054065021024378914,I1,I3,W,false,pair:I1:I3:W
1642,2944343382841159338471912976/1760948050218329654361953,8499572210365648831733328965/10565688301309977926171718,I0,I3,E,false,pair:I0:I3:E
1646,4194828750968953719893896048/2495191407086527660329655,4012824876911843863325793553/4990382814173055320659310,I0,I1,E,false,pair:I0:I1:E
1648,10696469291814959643212192048/6363701556822501290508691,10272705464104582319967020373/12727403113645002581017382,I1,I3,SW,false,pair:I1:I3:SW
1650,13207016712951467983315486864/7875766107541212234966153,12784368877530739973136374191/15751532215082424469932306,I3,O2,S,false,pair:I3:O2:S
1651,1391987768815581705160091536/823246452425535626743417,1320469865012470707848181823/1646492904851071253486834,I0,I1,SW,false,pair:I0:I1:SW
1653,3452548289976665003394048912/2044263940256749647104569,3296235588324490226689244799/4088527880513499294209138,I0,O0,S,false,pair:I0:O0:S
1657,95054974184987145541685872/55713770339351283161383,1508598154166308764111152433/1894268191537943627487022,I0,O0,SW,false,pair:I0:O0:SW
1658,10257649240076390626342248880/6061134322121137379932699,9788101875207171001238494349/12122268644242274759865398,I3,O2,E,false,pair:I3:O2:E
1660,5681029260866173797051666224/3355316704331218657145075,5426432814681644767559133941/6710633408662437314290150,O0,O2,W,false,pair:O0:O2:W
1662,168754452915967392938431440/99535996351205966825789,161124370428611745725022555/199071992702411933651578,I0,O0,W,false,pair:I0:O0:W
1663,9376675026314394486945518576/5535503750665854847457599,8978648469919353998450789961/11071007501331709694915198,I1,O2,NE,false,pair:I1:O2:NE
1665,4621913381812227055111790192/2713725677383415939110375,4369840347545644683296714849/5427451354766831878220750,I0,O0,NW,false,pair:I0:O0:NW
1666,535251947809602320652474672/315446177263968894032275,1539238347950013790660749311/1892677063583813364193650,O0,O2,NW,false,pair:O0:O2:NW
1672,5610496343762383604300095568/3289466519791774642588165,5353613394002821403723550291/6578933039583549285176330,I1,I3,N,false,pair:I1:I3:N
1674,9840650003341828163610384/5787873654231094823537,85520893357591966906182847/104181725776159706823666,I1,I3,NE,false,pair:I1:I3:NE
1677,1780056509664225105080253456/1042306365046313308788673,1718115232498980920538282167/2084612730092626617577346,I1,O2,NE,false,pair:I1:O2:NE
1681,11385666215111562388016589456/6645224734367327749680809,10933269108857390445445779087/13290449468734655499361618,I0,O0,SE,false,pair:I0:O0:SE
1686,255720220101067818449972496/150050560982258947490513,250243384521119824860568871/300101121964517894981026,I0,O0,E,false,pair:I0:O0:E
1688,3958861423445623814117699312/2300741023238022407797487,3787678007522182452965037849/4601482046476044815594974,I1,O2,NE,false,pair:I1:O2:NE
1689,7411298013751262466381549552/4315767087052700067547391,7126404118343154934521020553/8631534174105400135094782,I3,O0,SW,false,pair:I3:O0:SW
1690,2129472377782330397527219856/1238521614374554759195113,6125430580258675635078745069/7431129686247328555170678,I0,O0,E,false,pair:I0:O0:E
1692,10129750633714976135743395952/5869705636405388257594759,9651051537528219821014748097/11739411272810776515189518,I1,O0,NW,false,pair:I1:O0:NW
1694,1872572486640668916522956304/1084401881582036135498593,8947739985292351387527049331/10844018815820361354985930,I3,O0,SE,false,pair:I3:O0:SE
1696,16357186806687199294064917648/9489432973530761518237641,15735641088098375815076904047/18978865947061523036475282,I0,I3,NE,false,pair:I0:I3:NE
1699,9608923009120278527917951440/5554261984475015644844189,9194076086579502181911490299/11108523968950031289688378,I1,O0,N,false,pair:I1:O0:N
1700,1458762425621044832967907600/845664544575534702599569,12667087507907575952305762207/15221961802359624646792242,I3,O2,NE,false,pair:I3:O2:NE
1708,501453764395050653291826064/288992146289818371226809,4357567689848565284965677047/5201858633216730682082562,I0,O2,NW,false,pair:I0:O2:NW
1709,1723697003604707718805496048/996688815431607160248847,1679364880307501081379032825/1993377630863214320497694,I0,I1,S,false,pair:I0:I1:S
1710,426795925762448893919954224/245031056429672764850259,408762961192145867385884821/490062112859345529700518,O0,O2,S,false,pair:O0:O2:S
1717,3503053022560931928538576848/2010311320567987788466045,3389572654121305937722454299/4020622641135975576932090,O0,O2,SW,false,pair:O0:O2:SW
1725,5388233911276714031030893584/3070270752000253840635841,5180558159535076339298474167/6140541504000507681271682,I0,O2,W,false,pair:I0:O2:W
1727,9139250695061818940224661648/5192389831688260899407497,8769214772229249371642406831/10384779663376521798814994,I0,O0,S,false,pair:I0:O0:S
1728,15126692859964755327117887344/8611831051417251297828983,14589923860736408760283658577/17223662102834502595657966,I1,O0,NW,false,pair:I1:O0:NW
1730,16985367114932398500514099760/9636949461796643979996963,5428159588590980259296252183/6424632974531095986664642,I3,O2,E,false,pair:I3:O2:E
1736,5429337389143611422970903568/3070270752000253840635841,5214408082484285956190247095/6140541504000507681271682,I0,I3,E,false,pair:I0:I3:E
1739,1182766577631757598868065456/670991787861064531207371,3442011432233722121675865367/4025950727166387187244226,I3,O0,S,false,pair:I3:O0:S
1741,10545302152060495421906495984/5949952737480629855113887,10152754405241246578604014057/11899905474961259710227774,I1,O2,SE,false,pair:I1:O2:SE
1744,3366775661514310828983010672/1897262443516673434313815,3234706833395369331277088369/3794524887033346868627630,I1,O2,SE,false,pair:I1:O2:SE
1746,9370779689411261797750997264/5255822379350133627486225,5368911650750307230398470641/6306986855220160352983470,I1,O2,S,false,pair:I1:O2:S
1747,8654443857209741601462888144/4881490843650575463195245,8385072210341353692235699883/9762981687301150926390490,I0,O2,W,false,pair:I0:O2:W
1748,11929951527475419001857421104/6690025713465555569236723,11400064874665661303925764341/13380051426931111138473446,I1,I3,N,false,pair:I1:I3:N
1754,75759074338747300963302928/42699897977201567249377,11068521580824898231978213091/12724569597206067040314346,I0,O0,NE,false,pair:I0:O0:NE
1756,40582473062702886137119456752/22822677144918505693561823,39609484310332121410033098409/45645354289837011387123646,I1,O0,SE,false,pair:I1:O0:SE
1757,1716896492593214382237170800/934215783474958289097671,1544019870433689862183629697/1868431566949916578195342,I0,I1,N,false,pair:I0:I1:N
1760,3701971563145174341532089168/2058645608181984524232629,3553451778380615762636651299/4117291216363969048465258,I3,O2,S,false,pair:I3:O2:S
1764,130641980077338578782859291728/72512494270188998084923077,41860090040067665406470832433/48341662846792665389948718,I0,I3,N,false,pair:I0:I3:N
1765,29539225443593302308817304624/16359257649071529428977603,28241558377708805795306382757/32718515298143058857955206,I0,O0,S,false,pair:I0:O0:S
1768,5452487014634600210071272880/3017222371544694871993307,5235035773888874169682312397/6034444743089389743986614,O0,O2,NW,false,pair:O0:O2:NW
1773,157393308725497218690031216/86882074933740167023079,452865879596610897677653283/521292449602441002138474,I3,O0,W,false,pair:I3:O0:W
1774,143905895413423737635886546384/79531174217427650202584029,19809339583154206330122640301/22723192633550757200738294,I3,O2,NW,false,pair:I3:O2:NW
1775,80424089508797703304165127440/44365214406802503892877137,77171282025726727041833761959/88730428813605007785754274,I1,O0,SE,false,pair:I1:O0:SE
1779,25444865257116762241294064752/14038631039854692299398599,24596999502323667543155169665/28077262079709384598797198,I0,I3,SE,false,pair:I0:I3:SE
1780,79648704522203380939971752560/43854655504954649510481703,76802085955213102649332927777/87709311009909299020963406,I0,I1,N,false,pair:I0:I1:N
1781,91506710600667268109045081072/50068782392792409242972735,17382900536786599212668645237/20027512957116963697189094,I1,O2,NE,false,pair:I1:O2:NE
1783,35960835612743577653124555440/19759351858987132569302571,103622677465452877125051299831/118556111153922795415815426,I3,O0,NW,false,pair:I3:O0:NW
1786,154192480379997507758445788304/84730651134791435774625737,148714739958872046072938445935/169461302269582871549251474,I0,I3,S,false,pair:I0:I3:S
1788,14267710848563433904266523152/7812027081650694554848033,40974228676801795746193100549/46872162489904167329088198,I1,O0,SW,false,pair:I1:O0:SW
1791,158532780770869783977415938352/86797720824018642214940947,152346319754964302987385174485/173595441648037284429881894,I3,O0,NE,false,pair:I3:O0:NE
1793,90361487106188952669731232304/49526378959171138477244835,87180852309973608691418778821/99052757918342276954489670,I1,O2,W,false,pair:I1:O2:W
1797,115192806805181426555370390608/62881767013550373266381893,110753937957927694332939848211/125763534027100746532763786,I0,O2,N,false,pair:I0:O2:N
1799,241187220609496021534377212624/131466502893169948956067757,231571289649016997847451838315/262933005786339897912135514,I1,I3,SW,false,pair:I1:I3:SW
1800,174188167836206147770487361616/95045369628909290078668037,167901173040840773776615947091/190090739257818580157336074,I0,I3,SE,false,pair:I0:I3:SE
1801,69739060424188039124855381136/38186704609158438256780745,9708859412157300455279293529/10910487031188125216223070,I1,O0,E,false,pair:I1:O0:E
1803,94343781820979046167323692016/51482065324385401726698687,91450991670519960403505219273/102964130648770803453397374,I0,I1,E,false,pair:I0:I1:E
1806,42195723703063267784721154864/22966587105537251964611635,40670873209842277932860437941/45933174211074503929223270,I0,I1,E,false,pair:I0:I1:E
1809,40215081778841705388205294448/21820806934338308269315127,38499500675261574669354977169/43641613868676616538630254,I0,I3,S,false,pair:I0:I3:S
1812,483459850342930690805072811632/261505139219176488600327527,462237281495690131563875710177/523010278438352977200655054,I0,O2,E,false,pair:I0:O2:E
1814,62312167282851426995702175312/33711573843769805135833445,131610101063648827402206557565/148330924912587142597667158,I0,I3,SE,false,pair:I0:I3:SE
1816,234704672120020203622977061552/127052452481409174275408939,226407568796363478333675989501/254104904962818348550817878,I1,I3,SW,false,pair:I1:I3:SW
1818,34374465446992179013918619856/18444140973567133318203277,32536745810546250686850898059/36888281947134266636406554,I0,O2,NE,false,pair:I0:O2:NE
1820,541656073885168945651091819728/291567177015045704866880717,517858978182231262375123089739/583134354030091409733761434,I1,I3,SE,false,pair:I1:I3:SE
1821,750534380600072267239951784912/404668562860077239607289277,721125822682259455601521901787/809337125720154479214578554,I1,O0,NW,false,pair:I1:O0:NW
1823,13054894169681457599303747824/7068836615314470921275535,12704177781251762076649925753/14137673230628941842551070,I1,I3,SE,false,pair:I1:I3:SE
1827,235942612159305583897876185776/127052452481409174275408939,227645508835648858608575113725/254104904962818348550817878,I1,I3,SE,false,pair:I1:I3:SE
1831,29969224432383400708952631088/16063536743743214030930547,28739017994781871163864255861/32127073487486428061861094,I0,O0,S,false,pair:I0:O0:S
1837,483836484304175328979522900176/257701455335505683188352269,461205264443624153355528810251/515402910671011366376704538,I0,I3,SE,false,pair:I0:I3:SE
1845,45941119118537762250076103824/24345156104567394305833545,307404977422605578198778198409/340832185463943520281669630,I0,O2,E,false,pair:I0:O2:E
1846,218944818149865338132794546832/115894359282218249408506281,23198357540698707465883800791/25754302062715166535223618,I1,I3,SE,false,pair:I1:I3:SE
1854,38252795563016332009706565520/20171509739355016497611513,36725174126089630522494279615/40343019478710032995223026,I3,O2,SE,false,pair:I3:O2:SE
1855,1253940876864575394597403070320/660521792882389221314144503,1201042656170278922509185150161/1321043585764778442628289006,I3,O0,W,false,pair:I3:O0:W
1859,597804801413343142815010487056/315305824171753145531279281,577799695326651154536162246983/630611648343506291062558562,I0,I1,SE,false,pair:I0:I1:SE
1866,5663625166726118479235521808/2966174065273670657962449,5442411370984187758218311207/5932348130547341315924898,I1,I3,N,false,pair:I1:I3:N
1867,126125381512577754629983340048/66405051493432332277348449,204908649256091034286760349649/221350171644774440924494830,I0,I3,SE,false,pair:I0:I3:SE
1869,3162029522038461787567806201136/1653068843231940104015031251,3039094180815967792826835585301/3306137686463880208030062502,I3,O0,E,false,pair:I3:O0:E
1872,274726055217466705337291433680/143123911321960112970341997,262466843084225831895175314091/286247822643920225940683994,I3,O0,SE,false,pair:I3:O0:SE
1874,46344183423340415257419213616/24506261298283334962181811,6575659003919033724490377187/7001788942366667132051946,I0,I3,N,false,pair:I0:I3:N
1878,1354629550512891949435839116848/705843844346146161047076707,118536051874655037970658123055/128335244426572029281286674,I1,O0,E,false,pair:I1:O0:E
1881,260978636406846489812854546832/135503770623863184485480985,249700109708872906558741561247/271007541247726368970961970,I3,O2,E,false,pair:I3:O2:E
1883,1744519914943548673092464654768/908230431970846015867497371,1683989267717587640165420474125/1816460863941692031734994742,I3,O2,SE,false,pair:I3:O2:SE
1885,4624104970547648591939516219568/2397907254493034192162565131,4433813175171480114285022671645/4795814508986068384325130262,I1,O2,E,false,pair:I1:O2:E
1890,5759002314849235858282292802256/2974551265270008457899730733,5505196273515637181034938469355/5949102530540016915799461466,I1,I3,NE,false,pair:I1:I3:NE
1891,213558194474619510180070456432/110792663751462813858191303,206870391636738711285629194113/221585327502925627716382606,I0,O0,SE,false,pair:I0:O0:SE
1892,1792268429796056702132622585616/927429171849071788763459313,246614704881382928881827373057/264979763385449082503845518,O0,O2,E,false,pair:O0:O2:E
1893,360182420866354918203456349808/186480243113587179555835495,347676648930320975029466330081/372960486227174359111670990,I0,O0,E,false,pair:I0:O0:E
1900,1118515027112705123718679407504/578287721434936096573389497,1087580925339183976322705803775/1156575442869872193146778994,I0,O0,NE,false,pair:I0:O0:NE
1905,671144227900951292086351058192/343074231548779380274566481,639012277140072498899577173671/686148463097558760549132962,I0,O0,N,false,pair:I0:O0:N
1906,3679866092938165482933750705584/1888453443680227228628437723,3542781659851398961156059571661/3776906887360454457256875446,I1,O2,E,false,pair:I1:O2:E
1908,1063202496172809828564856379120/545818112472376255933847919,1028880147705145494726275351705/1091636224944752511867695838,I0,I3,S,false,pair:I0:I3:S
1912,635575041921028623216190075024/326788037626021900697844489,206183679870802978730765834853/217858691750681267131896326,I0,I3,SW,false,pair:I0:I3:SW
1913,1049678253279828983380808037776/535619502634791004731412313,1004556076949080623418752639071/1071239005269582009462824626,I1,I3,SE,false,pair:I1:I3:SE
1914,13856046066119718167461376933456/7071053532742467864067009509,13287008008262515647371434675571/14142107065484935728134019018,I1,O2,N,false,pair:I1:O2:N
1916,1726106261404072196682316292240/880925152228577122136087049,552388007376473796865733164389/587283434819051414757391366,I1,I3,S,false,pair:I1:I3:S
1920,3059908370666843930895158310896/1558948820479509025840113535,2942779594889381055961690025481/3117897640959018051680227070,I0,O0,N,false,pair:I0:O0:N
1921,3953602988792302445372210091472/2009403362226907902836736349,3781672267194852128568449128507/4018806724453815805673472698,I1,O2,NW,false,pair:I1:O2:NW
1929,3284269103781064455153253127984/1663833619162569718755522931,3145111247620015477267939925621/3327667238325139437511045862,I0,O2,W,false,pair:I0:O2:W
1931,113159997997653882323562955152/57349045264707340182902809,10986656025631836805374888367035/11584507143470882716946367418,I3,O2,SW,false,pair:I3:O2:SW
1934,2771246332584300480203774202000/1402312235863027541926742281,23919387466747103624919775861415/25241620245534495754681361058,I1,I3,W,false,pair:I1:I3:W
1938,644002493164697096292237904912/326185318489315508326883521,623612313076363997261682845623/652370636978631016653767042,I3,O2,S,false,pair:I3:O2:S
1941,934804411768228128452425645392/469818077464883817563727829,2678240449059492736100277214729/2818908464789302905382366974,I0,I3,W,false,pair:I0:I3:W
1946,4652483852806433083910580430224/2338645805823115568719455833,13399071216673262872978352387101/14031874834938693412316734998,I1,O0,NE,false,pair:I1:O0:NE
1947,34507484417553337526052168806576/17344653155874080262534648587,33150264339376394353080854123549/34689306311748160525069297174,I0,I1,NW,false,pair:I0:I1:NW
1948,31360014449343803074600584965904/15720836737331218410521126641,30019649653055096536069902772231/31441673474662436821042253282,I0,O2,S,false,pair:I0:O2:S
1950,26796411188822682542917404230480/13424285246381695866262632501,56579280554976473049443767623/59268367533694021484603234,I0,O2,S,false,pair:I0:O2:S
1951,588308741085449669352581638192/298478510181439011334263427,580896030010342498688751510757/596957020362878022668526854,I1,I3,W,false,pair:I1:I3:W
1956,4004673800853222489302429727440/2004052639568093580788232109,3831421950622962745679890186091/4008105279136187161576464218,I1,I3,W,false,pair:I1:I3:W
1960,32882012480408621773985090398192/16463623483683011476546303615,6328589503003523480183652609589/6585449393473204590618521446,I0,I1,W,false,pair:I0:I1:W
1961,50407312463835296075840902875632/25153089063865975006958363807,48123757166785286321796380301289/50306178127731950013916727614,I0,O0,SE,false,pair:I0:O0:SE
1963,28175542551725024419164437292656/14075795402231499385872196199,26995779274934877411408250961889/28151590804462998771744392398,I1,I3,W,false,pair:I1:I3:W
1965,2977002817010403621551276212720/1480727728345837211002936351,2825368573718709414556524979305/2961455456691674422005872702,I0,I1,NW,false,pair:I0:I1:NW
1970,27799175151741426622302288560848/13837308465007581723859764269,26612741686472275037413894113003/27674616930015163447719528538,I0,O0,SW,false,pair:I0:O0:SW
1971,2665165995630064100663327941200/1328081394935241722959087141,12825164298921947369853900080639/13280813949352417229590871410,I3,O0,S,false,pair:I3:O0:S
1973,12752633341624456345770757429552/6354113280521611674252192147,12293046204908753093705241476437/12708226561043223348504384294,I1,I3,W,false,pair:I1:I3:W
1975,50077538128209793116331570071248/24887660795402448516340074605,48053109528034028007256194039979/49775321590804897032680149210,O0,O2,SE,false,pair:O0:O2:SE
1978,49636422157675853995604344574000/24591655586058981206070702339,47497300097391883897668348727909/49183311172117962412141404678,I0,O2,S,false,pair:I0:O2:S
1985,3913375044724095148549568852048/1935697681126549306433335045,3765150046318516699970607710547/3871395362253098612866670090,I1,O0,NW,false,pair:I1:O0:NW
1986,2694049141754867784797248631504/1333150541173215351838122797,2596000484577066627223474532331/2666301082346430703676245594,I0,O0,S,false,pair:I0:O0:S
1987,38185438811776579569308572120912/18812610636337031211976843125,12161890398168334112526246311713/12541740424224687474651228750,I1,I3,SE,false,pair:I1:I3:SE
1992,12100363250111040122655307615568/5950914567869400769833170133,11579120327919860223949305910531/11901829135738801539666340266,I1,O0,S,false,pair:I1:O0:S
1994,50997023631888432115139225463184/25135514326089112591188931225,49212888253336395860641763459871/50271028652178225182377862450,O0,O2,SE,false,pair:O0:O2:SE
1996,2061243644993590705477977619088/1000273140803027616994560937,1916713065504305067542015363471/2000546281606055233989121874,O0,O2,SE,false,pair:O0:O2:SE
1997,83525717561766046657911399133776/40968587818691239164529464101,79884712572128525570285525912627/81937175637382478329058928202,I3,O2,W,false,pair:I3:O2:W
1998,67035768401817321014087578181072/32966402692267018228572976605,64551008048094085029949403004859/65932805384534036457145953210,O0,O2,SE,false,pair:O0:O2:SE
2001,249484898073106500897782881364784/122128297131680010150434765491,238529102031178710377044573860661/244256594263360020300869530982,I0,O0,W,false,pair:I0:O0:W
2006,165759204821334565229412631733360/81346618020044834547216463431,160456245445244047252179231538433/162693236040089669094432926862,I0,O0,N,false,pair:I0:O0:N
2008,72635303675306728702543222772240/35413878042752896958604871969,69448321950781385446325120052311/70827756085505793917209743938,I1,I3,W,false,pair:I1:I3:W
2009,132824455251061791296607764047952/64959185325624454117066212997,9844166139106019213073749658975/9993720819326839094933263538,I0,I1,SW,false,pair:I0:I1:SW
2014,167536682394646782691896263214800/81380819528340289852761790573,160101062532596225787875494178987/162761639056680579705523581146,I0,I3,NW,false,pair:I0:I3:NW
2017,55833787241114083368053780841168/27203060941394979090757083181,53860239563757983462928009448171/54406121882789958181514166362,I1,I3,S,false,pair:I1:I3:S
2018,99910466297601031826705628510000/48633296218541280891593796467,96279896978481369929867188460661/97266592437082561783187592934,I0,I3,NW,false,pair:I0:I3:NW
2019,116363537023907038137206161215120/56530718782054411499356963049,111592211799964064222982187387471/113061437564108822998713926098,I1,O0,NE,false,pair:I1:O0:NE
2020,99268793496638170277056206779600/48102252238484368881647713101,94655666653950028312850821555915/96204504476968737763295426202,I1,I3,SW,false,pair:I1:I3:SW
2023,30210516549884757762869694227152/14669501980025993709466091053,29030364406215358306392505335019/29339003960051987418932182106,I1,I3,SW,false,pair:I1:I3:SW
2024,179180335335572918319589252477200/86739400546877824520861934353,171193120687190017379478385793767/173478801093755649041723868706,O0,O2,E,false,pair:O0:O2:E
2025,6701155659130608152187261057840/3245117087998744246820755379,455311507161942887219642098192563/460806626495821683048547263818,I0,O0,NE,false,pair:I0:O0:NE
2026,116300927159496800219845698918512/56564371978300593886947873159,112585593788885884869757861357505/113128743956601187773895746318,I0,I3,S,false,pair:I0:I3:S
2029,5496247112693646967011312632944/2620093108534129774511335495,7114131853769373122180023128731/7336260703895563368631739386,O0,O2,NE,false,pair:O0:O2:NE
2030,153947906632299168427834574993136/74177045735836865962458236783,146378522044956683564391322035865/148354091471673731924916473566,I1,O0,SE,false,pair:I1:O0:SE
2034,116670193840784611953587932377136/56552206057698704461579711235,112813779890646067068665657557093/113104412115397408923159422470,I1,O0,SE,false,pair:I1:O0:SE
2035,200344239417305854469312468314288/96743218784551369672030144139,192268749024463195402943368676509/193486437569102739344060288278,I0,I3,E,false,pair:I0:I3:E
2036,324110140222171656715857921317904/156651931199924182519621259713,311903593675979839518919188704951/313303862399848365039242519426,I3,O0,N,false,pair:I3:O0:N
2040,600588539904429109081279053446128/289152227738488845198620996543,574060542140833882158088412913609/578304455476977690397241993086,I0,I3,E,false,pair:I0:I3:E
2041,60795415900393081515338688237232/29280858436029862980026077419,19409529123617267055303628392383/19520572290686575320017384946,I1,O2,NE,false,pair:I1:O2:NE
2044,120934737364340609903287311058768/58217991440760908184700591221,16565090801354748620293782318533/16633711840217402338485883206,O0,O2,N,false,pair:O0:O2:N
2046,1422751967602689784621850260976/685797266713609882753009503,457570585740885998720669166179/457198177809073255168673002,O0,O2,NE,false,pair:O0:O2:NE
2047,779760553882023151967339794524368/375208880268156795478821744269,749851947320882070651779856497035/750417760536313590957643488538,I3,O2,NW,false,pair:I3:O2:NW
2051,85344229531785602430880553661264/40923087701008390941671495477,244893316040750219239775733542633/245538526206050345650028972862,I1,O0,E,false,pair:I1:O0:E
2053,377954434624641425092937879739920/182214034739980603627519829473,367173448008870471047351448553879/364428069479961207255039658946,I1,O2,N,false,pair:I1:O2:N
2057,167594987035805824467578418341072/80104544665515638656675924557,160313626089349660186075240587211/160209089331031277313351849114,I0,O0,W,false,pair:I0:O0:W
2058,281355062946884835423732751228432/134706418665088666271524955617,270512118645311242444728355162519/269412837330177332543049911234,I3,O2,W,false,pair:I3:O2:W
2060,6331447788757559282778308323184/3016185263608286771402386039,247118179336028323714079190680569/247327191615879515254995655198,I0,I3,N,false,pair:I0:I3:N
2067,919026457709554472195034858559344/437740782115304214334987147639,883606046453897473123456603764817/875481564230608428669974295278,I0,O2,W,false,pair:I0:O2:W
2070,32956418381027893523394128738544/15714257445326905897245665167,95465889791676295465024591233131/94285544671961435383473991002,I3,O2,S,false,pair:I3:O2:S
2071,459382553050440264658077998435856/217210487934893336623931596001,435193529995504505148956008503959/434420975869786673247863192002,I0,I3,NW,false,pair:I0:I3:NW
2073,892595806521791884033329040724336/423869293368043689682503921943,854827831439300160815851984139185/847738586736087379365007843886,I0,I1,SE,false,pair:I0:I1:SE
2074,1325809059993143503408580083012816/630528098801194042741076247885,424820710961031938827582653258137/420352065867462695160717498590,I0,I3,NW,false,pair:I0:I3:NW
2079,979916151772742571728437358797808/463746413602911130570004372031,940408651666020325484887942333769/927492827205822261140008744062,I3,O0,S,false,pair:I3:O0:S
2083,855323685445007229831463865474896/403148562344081523056012107253,814106625839422946754522645328611/806297124688163046112024214506,I1,O2,NE,false,pair:I1:O2:NE
2086,2009522907641032360850198709095088/948580055302325913063092397227,83846697890911368723647051640715/82485222200202253309834121498,I0,O0,SW,false,pair:I0:O0:SW
2090,433776119279060302859811168620304/203095575208820894918420248817,410311817662953872978615649781255/406191150417641789836840497634,I0,O0,W,false,pair:I0:O0:W
2091,1099234558000638934118044726154640/517172761516185351625909568857,1053137937781964169395476578892383/1034345523032370703251819137714,I0,O2,SE,false,pair:I0:O2:SE
2092,1531197511107255151512027748662544/718667292717703962255900596177,1461356259204789568702792282660903/1437334585435407924511801192354,I3,O0,E,false,pair:I3:O0:E
2094,2535403177769328638893026921834384/1189054368116234394502825735801,2421719119211582795406046343843903/2378108736232468789005651471602,I1,O2,E,false,pair:I1:O2:E
2100,261865052912294279918051012815984/122725121200013407556669135559,83549873574089930979592051981355/81816747466675605037779423706,I1,O2,E,false,pair:I1:O2:E
2101,2339162826510672913759715621130352/1096288453462090275421243931911,320301476445732939423419119401847/313225272417740078691783980546,O0,O2,SE,false,pair:O0:O2:SE
2102,2510666014978917699415310327224400/1178492817886947863870284198277,2418409554581241521811912750508755/2356985635773895727740568396554,I0,O0,NE,false,pair:I0:O0:NE
2104,1764772079641429026068158222272560/823931309292603802241187219587,1686443148798088758440194002845413/1647862618585207604482374439174,I0,I1,SW,false,pair:I0:I1:SW
2109,164933874794853821142790265741360/76994975270330776380141636099,158281689309670669531166790824293/153989950540661552760283272198,I0,O0,N,false,pair:I0:O0:N
2110,1624155093475852732215242989615440/757174668123849229643879820181,1554312468174353314597913089607747/1514349336247698459287759640362,I0,O2,SE,false,pair:I0:O2:SE
2113,2809073963328468459750935694445584/1308771787896413711854727993537,2692645064568651127383206303641527/2617543575792827423709455987074,I0,O2,E,false,pair:I0:O2:E
2114,585771643410429059462058814016624/272866525034490731864101732551,562472740529707588477284494761601/545733050068981463728203465102,I1,O0,N,false,pair:I1:O0:N
2122,372984676680787948483715037164464/170737253732001516503240505147,345663359762421339794538119104109/341474507464003033006481010294,I3,O2,NE,false,pair:I3:O2:NE
2124,620486492165756927417299518195984/287914326292730606330068265105,1786263472143839873981800358902837/1727485957756383637980409590630,I3,O2,N,false,pair:I3:O2:N
2126,7193984666785799916614052155788048/3334738169305049906798852462769,6917553458935268305523530256812103/6669476338610099813597704925538,I0,I3,N,false,pair:I0:I3:N
2128,11464944210497919206241945399283696/5313053440863283742900191307007,11021919502583619453025837218137225/10626106881726567485800382614014,I3,O0,NE,false,pair:I3:O0:NE
2132,350845428233229324218848949145840/161181272873681324209786734863,996177246050365282362054893238251/967087637242087945258720409178,I1,O2,SW,false,pair:I1:O2:SW
2140,4044718475763046867490835660531664/1856836150272995306935661629053,3866398282713665793323365875397147/3713672300545990613871323258106,I0,I3,SW,false,pair:I0:I3:SW
2141,22596967561378008425967855681210160/10384136100480765132848137207923,7225894628314235127734626302063911/6922757400320510088565424805282,I1,I3,E,false,pair:I1:I3:E
2144,1053696296512273181441649987058352/484039302073590481429826140075,40554655832413024353911555385861/38723144165887238514386091206,I1,I3,SE,false,pair:I1:I3:SE
2146,4184653884013192660709147658375152/1916948514128525763461293073663,20020379220787107521111931789334189/19169485141285257634612930736630,I3,O2,SE,false,pair:I3:O2:SE
2150,7048554660702269709929036623443088/3225912189856882778262618120009,2256688420518103602400238961593765/2150608126571255185508412080006,I3,O2,E,false,pair:I3:O2:E
2151,21711725095429622054658960643458896/9909526189585807376394467373173,20735440277710600689533155002698851/19819052379171614752788934746346,I0,I1,SE,false,pair:I0:I1:SE
2153,15520601516513153552513319983904080/7097258684216440318481596944213,14925130846475171414630293609932419/14194517368432880636963193888426,I1,O2,SW,false,pair:I1:O2:SW
2156,9866452047475600537837019785890768/4496269018840577040526868584637,47243765138764303964564650950905159/44962690188405770405268685846370,I3,O0,E,false,pair:I3:O0:E
2162,18329321555541038700991136209792784/8337477509495897204032733693681,17544317469511116075196038510856199/16674955018991794408065467387362,I3,O2,W,false,pair:I3:O2:W
2164,10367504528109878179637514493080752/4712267908388280021079265758027,49633025275553757482842898254848337/47122679083882800210792657580270,I3,O0,E,false,pair:I3:O0:E
2167,2372676768413670814673637826256624/1076709493974982213747321017839,6807607752989747150768492237057099/6460256963849893282483926107034,I1,O0,W,false,pair:I1:O0:W
2170,703669041688678633724583391173040/318897918689314443196696566171,673138465794420615678213967233293/637795837378628886393393132342,I3,O2,SE,false,pair:I3:O2:SE
2172,473384600075376871667843544989392/214166369838633164023368541165,451536306050901698769454701938987/428332739677266328046737082330,I1,O2,SW,false,pair:I1:O2:SW
2173,3018740994548720818934945067448048/1366316872257234734290032907119,8648052690779253849543637194747851/8197901233543408405740197442714,I3,O0,NE,false,pair:I3:O0:NE
2175,27424186704980017094074892568295536/12423748455598358333940945796999,26278693725792674632644726944549313/24847496911196716667881891593998,I0,I1,SW,false,pair:I0:I1:SW
2176,1884698409749118052031553463210928/855026624216886552632189273403,1812886637939822323768474266814573/1710053248433773105264378546806,I1,I3,W,false,pair:I1:I3:W
2177,15112947773143036478980618580622224/6830800523009997526157163284409,14413921650379300851804404098798847/13661601046019995052314326568818,I1,O2,SW,false,pair:I1:O2:SW
2181,29732610452510514336624412785054096/13436599747429513836708870488345,5697800883996940809815131638608723/5374639898971805534683548195338,I0,O0,NW,false,pair:I0:O0:NW
2184,11504373923224387050595894272000592/5193875734805184197943392952357,11030833754325035081905253276997427/10387751469610368395886785904714,I0,I1,SW,false,pair:I0:I1:SW
2190,511500995729505336637969106647216/231137640397341964227460438923,495566518738056109165887814387613/462275280794683928454920877846,O0,O2,SE,false,pair:O0:O2:SE
2194,7319823950570059943329830576912112/3281412830824438876284772892527,21042177260401348758053103139376075/19688476984946633257708637355162,I0,I3,SE,false,pair:I0:I3:SE
2196,30184893196689823743473256472875088/13506865864340440962603938392325,28845886544839673360814116458166099/27013731728680881925207876784650,I1,I3,W,false,pair:I1:I3:W
2199,11595644766440819567503656902787664/5193875734805184197943392952357,11122104597541467598813015907784499/10387751469610368395886785904714,I1,I3,SW,false,pair:I1:I3:SW
2201,20288906979587365713050955041437776/9097801158263883072868021897093,19551537339775215563597776411321555/18195602316527766145736043794186,I1,I3,S,false,pair:I1:I3:S
2203,4374402745872179534825224075506320/1955588646116812792806720263977,4202048603404365904927213824270863/3911177292233625585613440527954,I0,O2,NE,false,pair:I0:O2:NE
2204,24648762031354390127141825909720752/11021237436709121116232982448235,23688699536517314323253166686167997/22042474873418242232465964896470,I0,I1,SE,false,pair:I0:I1:SE
2207,7749477014596894717340421578280368/3449269225735914093910541266139,7383896096578578103507484795302861/6898538451471828187821082532278,I3,O0,SE,false,pair:I3:O0:SE
2210,3486006769815063421474419551762928/1553786410060474090254577233823,1431436692405986668176867936229037/1331816922908977791646780486134,I0,O2,NE,false,pair:I0:O2:NE
2215,19244415597962698825036403234017904/8565844061017355202612887284007,18459238276533605266596133939340065/17131688122034710405225774568014,I1,O2,W,false,pair:I1:O2:W
2218,2311561740316619077710628734106544/1026449330289387478224722227131,738604917113978034353014714303311/684299553526258318816481484754,I1,I3,NE,false,pair:I1:I3:NE
2221,7847860980985755657445477638954608/3482164790584184106262023071207,7528886684112395254764480488792161/6964329581168368212524046142414,I3,O0,SE,false,pair:I3:O0:SE
2224,35997725074769384613407391675010672/15938232835209702192822237078759,11484485972688123258887899115982283/10625488556806468128548158052506,I0,I1,N,false,pair:I0:I1:N
2227,926120204618018368371593902202416/410074418553082239157436504547,890302396086177062317050856444549/820148837106164478314873009094,I0,O2,S,false,pair:I0:O2:S
2232,27041192818308420293024341779014384/11952417232075643129005283405359,25969106497851682467046338260707801/23904834464151286258010566810718,I0,I3,N,false,pair:I0:I3:N
2239,74876526052034094144297111890292400/32953950407865548024690616045291,71884330449189718428839659897432381/65907900815731096049381232090582,I3,O2,SE,false,pair:I3:O2:SE
2243,3391289869377870131955102705581392/1486639810968916683536391823317,5393873100788705397872594342010373/4955466036563055611787972744390,I0,O2,NE,false,pair:I0:O2:NE
2250,14147185681084990765921283558775568/6199184979661166476985344391601,4538886146944931318583366119410285/4132789986440777651323562927734,I3,O2,N,false,pair:I3:O2:N
2251,2504274467680926946156928180635632/1094808409259990664092087067775,480069510620121625726335355955253/437923363703996265636834827110,I1,O0,W,false,pair:I1:O0:W
2252,20249650935617552954165676003118096/8838929247617334349812367238337,2152117889561768339253987151779263/1964206499470518744402748275186,I0,I3,SE,false,pair:I0:I3:SE
2253,62740575670868969833938619594204368/27404246753079745993561422616141,60115328085290369699680967708865483/54808493506159491987122845232282,I1,O2,E,false,pair:I1:O2:E
2256,3457078903072368004843225043775280/1526851017067957438498155037427,10239148319573170107997443390544607/9161106102407744630988930224562,I0,I3,SE,false,pair:I0:I3:SE
2259,48358743053172671205569783631420208/21115873223387828858005007362483,46548055515455547120678285167807541/42231746446775657716010014724966,I0,O0,N,false,pair:I0:O0:N
2262,2869831321409527531026051245908944/1249549753645192231211961346621,79917475463795373540096642986902095/72473885711421149410293758104018,I3,O0,N,false,pair:I3:O0:N
2266,5191153669946483221193419936025488/2252957807417597763214810995897,4966146527622090245574104033908735/4505915614835195526429621991794,I1,O0,N,false,pair:I1:O0:N
2273,4072573209210311397649606710835312/1769789068486828282198399900551,11821502732256350355656800441985347/10618734410920969693190399403306,I0,I3,SW,false,pair:I0:I3:SW
2274,110976646313155641410254134391673072/48055962991390406092212271874319,106667739482489608358554456755843065/96111925982780812184424543748638,I0,O0,NE,false,pair:I0:O0:NE
2275,18262956473261600512126426092351664/7877132455053149990350078501643,17400196278768337485070531902047261/15754264910106299980700157003286,I1,I3,NW,false,pair:I1:I3:NW
2278,14159113013515856281095418358361936/6118005703237931128669904217845,40777202356435978658392738441389481/36708034219427586772019425307070,I3,O2,NE,false,pair:I3:O2:NE
2281,16592171789916937695964016918089712/7147564474081905378403411059967,15827845718354398800444391928415369/14295128948163810756806822119934,I3,O2,NE,false,pair:I3:O2:NE
2282,9894357137269033843604915602408624/4264604497598110340562833474635,47296726262743861703779414931266641/42646044975981103405628334746350,I1,I3,N,false,pair:I1:I3:N
2291,95968652328994913796793838307499984/41161568095923436811896272072189,91831846695380218780312320694736539/82323136191846873623792544144378,I0,O2,SE,false,pair:I0:O2:SE
2296,34297343125312684781742503178323312/14690062767114997025459009961047,32874460009433141558902302844431985/29380125534229994050918019922094,I3,O2,SW,false,pair:I3:O2:SW
2297,55316688330967662693825015899136656/23683638472980494001759886162473,52998892674924556078321748433168143/47367276945960988003519772324946,I0,O2,SE,false,pair:I0:O2:SE
2308,55155875623263352497778636063329296/23459067614953011215277929587905,959481414904291665367481717774465/853057004180109498737379257742,I0,I3,E,false,pair:I0:I3:E
2312,15548138350258078370384892139955856/6624858577507710579463472436841,14973020298966545760081272050092239/13249717155015421158926944873682,I1,O2,NW,false,pair:I1:O2:NW
2313,112384390388612496531280371589467056/47761032970620025508180679447739,107654634342736545174209530615135469/95522065941240051016361358895478,I0,I1,N,false,pair:I0:I1:N
2314,39538526380616473941378485279808688/16825276377531188583958172284363,38043470944088856129209730619243357/33650552755062377167916344568726,I3,O0,N,false,pair:I3:O0:N
2317,3137210370086652764548345887589776/1330263089432626459292424597593,3003756958803705366475758836561759/2660526178865252918584849195186,I1,O0,S,false,pair:I1:O0:S
2319,149018652149502138282415736385715408/63144634433241984179799318254541,47570675394040727880053196779318809/42096422955494656119866212169694,I0,O2,N,false,pair:I0:O2:N
2320,82165884543696355106958680966319600/34661008591094527642840657392863,78110032531170575066819373682222505/69322017182189055285681314785726,I3,O0,N,false,pair:I3:O0:N
2323,135342883269836055674937683961572432/57295068880087757780016235310789,129862695991417043400605328034161555/114590137760175515560032470621578,I3,O0,N,false,pair:I3:O0:N
2326,14715646974095435189882644030514288/6229409343022422735863548667463,4718034698395773603231628758391211/4152939562014948490575699111642,I0,I3,S,false,pair:I0:I3:S
2327,16095229299349769706536693741054416/6800997274658172487443082706589,15419649439102797003918019446345979/13601994549316344974886165413178,O0,O2,NW,false,pair:O0:O2:NW
2332,12816979526784436691341263630262000/5487544129546359394854684751343,12738017037965417037116477124756505/10975088259092718789709369502686,I0,O0,NE,false,pair:I0:O0:NE
2334,6328867835695413750992376239864048/2678727812338399894485102726031,6148049668124197971775957336691065/5357455624676799788970205452062,I0,I3,SW,false,pair:I0:I3:SW
2336,126564451555220749867097950831513328/53141377269515315608949870506223,120987156431834186791331834796355865/106282754539030631217899741012446,I3,O0,E,false,pair:I3:O0:E
2340,126245536613614146656295523021349360/53024468440062406040475140279839,121134619013307452172973210825351785/106048936880124812080950280559678,I0,I1,N,false,pair:I0:I1:N
2342,86256377489787672899818158097593456/36216403655969072890025197344583,82838211464799284685657722171102209/72432807311938145780050394689166,I0,O0,S,false,pair:I0:O0:S
2343,170258494063069257577106985511537488/71463426839271232105185934314677,14866553981088799113593059780534601/12993350334412951291851988057214,I1,O2,W,false,pair:I1:O2:W
2346,138159123552953101652141097651268176/57932508650987800333914284887717,132525093422682639730830680915342515/115865017301975600667828569775434,I1,O2,W,false,pair:I1:O2:W
2351,125197536552883612070141155388094224/52405679359452381825410543927153,877577255469985843709769359148943/765046414006604114239569984338,I0,I3,NW,false,pair:I0:I3:NW
2352,129391700049020807934578948367525584/53877075179578249392489197085293,123044303078914019901557891471611563/107754150359156498784978394170586,I3,O0,E,false,pair:I3:O0:E
2353,334746551848405645705725343515731152/139797460360269650410143254150733,106957994638846940169971159606832793/93198306906846433606762169433822,I1,O0,SW,false,pair:I1:O0:SW
2354,1971448466681466401257452145330544/823965724932645393021652700311,1893959581584952987420538506378289/1647931449865290786043305400622,I1,O2,NW,false,pair:I1:O2:NW
2358,63296024829244329521254485664866640/26406560082394142616979833041429,545854269885156187534291518864260059/475318081483094567105636994745722,I1,O2,NW,false,pair:I1:O2:NW
2362,26362137028334576644281300349596080/10996881217152973272789624711963,25312819451853395861181420024013709/21993762434305946545579249423926,I3,O0,SE,false,pair:I3:O0:SE
2365,551489619824051967273399652021459632/229316564031119061691467165349291,527794519352931800051764576360967293/458633128062238123382934330698582,I0,O2,N,false,pair:I0:O2:N
2366,192325520407138661043897743240371184/79876257355021766944280782715327,2613789118256177941829998525774937/2271362768389244557657273442142,I3,O2,E,false,pair:I3:O2:E
2368,105373461284439452388384120808024848/43687448369780839557474934993585,100626597686734833812229557748325959/87374896739561679114949869987170,I1,O2,W,false,pair:I1:O2:W
2373,428728449753143376959351046465317584/177743139523259373591468424412845,25181848879674926428322144658064913/21764466064072576358138990744430,I0,I1,NE,false,pair:I0:I1:NE
2374,9803091876066863066482968944153744/4050678146258184693604330522953,127664688449352414014055588306714989/110718535997723714958518367627382,I0,O0,NW,false,pair:I0:O0:NW
2376,742169060620157622625417599620381392/307758170602372547039205362644909,713594480318898942228464789121726315/615516341204745094078410725289818,I0,O0,NW,false,pair:I0:O0:NW
2379,396089835891696664915704935758365136/163970404786394281869085460561949,380495785053751732130348460301796219/327940809572788563738170921123898,I3,O0,W,false,pair:I3:O0:W
2380,983833903603450167187948362743821296/406542749559397177129375636755263,943113892362350728282149519383118921/813085499118794354258751273510526,I1,I3,NW,false,pair:I1:I3:NW
2386,1305444048826471872983291714849210032/537514647189575847945191266840555,1249258790908865504026738486987112509/1075029294379151695890382533681110,I1,O0,NW,false,pair:I1:O0:NW
2388,195747909522702340884661176842342480/80566876574934945759823492617477,62618739391486375719836342745992817/53711251049956630506548995078318,I0,O0,E,false,pair:I0:O0:E
2391,168731864759190237280246150269379664/69237109644963432820921690796613,483160022084475190141595825278143545/415422657869780596925530144779678,I0,O0,E,false,pair:I0:O0:E
2393,515761389312165200222387989028888944/211717967748338377143468875974167,493356448208414579167452049450006193/423435935496676754286937751948334,O0,O2,SE,false,pair:O0:O2:SE
2401,991946867444910835357527263258227696/406542749559397177129375636755263,950902337650152969724945263876949065/813085499118794354258751273510526,I3,O2,NE,false,pair:I3:O2:NE
2402,339543622058595976464839029068389680/139294626327862793631805758074323,327484993386524082615798806172006165/278589252655725587263611516148646,I3,O0,N,false,pair:I3:O0:N
2403,462890443608667019791875522057129328/189058224905537579217124372339927,442060267807173781551815358998170097/378116449811075158434248744679854,I0,O0,SE,false,pair:I0:O0:SE
2414,43438812329492072515653582719183344/17716265094231774066570673034911,42000055045318549763154292368381417/35432530188463548133141346069822,I1,I3,S,false,pair:I1:I3:S
2416,448995462191984755896734551527164048/182050104427384209966961372584073,428144186950882188173071669840299439/364100208854768419933922745168146,I1,I3,S,false,pair:I1:I3:S
2424,393707193539583742414937548390701456/159627511850191298106187947399577,379913053611877266247010076170396703/319255023700382596212375894799154,I0,I3,SW,false,pair:I0:I3:SW
2426,722994638185319808753559758073753648/291867886144061950541774706765571,691274211691661924516313969735869541/583735772288123901083549413531142,I0,I3,S,false,pair:I0:I3:S
2428,2765304819151916324548597510228773360/1115681089667377935289114839943327,2649260023066051924786510054813701097/2231362179334755870578229679886654,I0,O0,NE,false,pair:I0:O0:NE
2431,3191465645955888549667796620183172432/1289887383334574808942367472592725,279897350042036278762283984450510441/234524978788104510716794085925950,O0,O2,N,false,pair:O0:O2:N
2434,2633809766176950936095579929279247024/1062566555714032482176462077475627,2537793052972073267233092851386202877/2125133111428064964352924154951254,I0,I3,E,false,pair:I0:I3:E
2438,541714420816820582010138525335903344/217482634615847758100102718653895,517336593900054115327910750906282369/434965269231695516200205437307790,I0,I3,NE,false,pair:I0:I3:NE
2440,8951852329812393349545401991646915184/3594605648167888636152294468135591,2860167228484848606473821387191295115/2396403765445259090768196312090394,I0,I1,SE,false,pair:I0:I1:SE
2445,1045679037614312424790703974114922640/418822326454081282801268741493001,1001653804054004997324448890723223855/837644652908162565602537482986002,I3,O0,SW,false,pair:I3:O0:SW
2446,6404286499215513887308728548918311632/2568673999249314728129078114964397,6158616357366481696328747953239325547/5137347998498629456258156229928794,I1,I3,NW,false,pair:I1:I3:NW
2447,148917830745266984874051752286842832/59546929067333261881864939579133,3560078867738571177060140005994699811/2977346453366663094093246978956650,I3,O2,E,false,pair:I3:O2:E
2451,5446032764391180588188632696258422448/2176241151039819684564921985683051,1736793457394470726582858430749904703/1450827434026546456376614657122034,I0,I3,E,false,pair:I0:I3:E
2457,7036708844302420444754165483395508752/2806434665151645770234873576224417,6747587472215258038003371831305671383/5612869330303291540469747152448834,I3,O2,SW,false,pair:I3:O2:SW
2458,2201709643762323691949470425657210384/877630081496321536494376068638561,2111919187707280535477377192956722199/1755260162992643072988752137277122,I0,I1,W,false,pair:I0:I1:W
2459,3641741675010300039203748302088628944/1449756775890838670867569448279725,696717445981683765656881416010518959/579902710356335468347027779311890,I0,O2,SE,false,pair:I0:O2:SE
2461,11289879213372526586602021815803851344/4505685091969097446161586588005157,10874365750976291513911707989411097651/9011370183938194892323173176010314,I0,O2,SE,false,pair:I0:O2:SE
2462,15229602216327897786583361835542052912/6066978713942136864198714221084675,14614142735069132756419463219520162661/12133957427884273728397428442169350,I3,O2,W,false,pair:I3:O2:W
2468,7052991928003983934654243309695532304/2793173604939711648104916986843089,6716830746969010204342216711405676583/5586347209879423296209833973686178,O0,O2,E,false,pair:O0:O2:E
2470,4483148633941902241842367248857737328/1769372134169670187915137987025543,4239612407242880585420875001967548097/3538744268339340375830275974051086,I0,O0,NE,false,pair:I0:O0:NE
2471,45177353035547021778573478745443289968/17940946530757670746918440564724919,43433381256863051988865918591127126801/35881893061515341493836881129449838,I0,I3,SE,false,pair:I0:I3:SE
2473,3033437353425398554861949601786376784/1193752884997558469305660352271141,953840619609371339593147339335730193/795835256665038979537106901514094,I0,O0,SE,false,pair:I0:O0:SE
2475,58810798678829646578975874954745948880/23277902251372137771609016959771309,56341476298864437392698598265597670507/46555804502744275543218033919542618,I3,O2,N,false,pair:I3:O2:N
2479,61883649798575217761171789547523297712/24488556748762521179106035033208091,59560312232009526061246363372426185101/48977113497525042358212070066416182,I0,O2,SE,false,pair:I0:O2:SE
2482,9608781224067288554766839930935508848/3794579989524704750722147981746167,46094325626905406814079809193034839317/37945799895247047507221479817461670,I0,O2,SE,false,pair:I0:O2:SE
2483,49114033445179002016762870197003794864/19411109478659594541844309687958427,47216401194565771920462757248654069517/38822218957319189083688619375916854,I3,O2,NE,false,pair:I3:O2:NE
2488,343784283248216204074005126500781424/135434525641113117524765090062551,329508120911491218229157107719529969/270869051282226235049530180125102,I0,I3,SW,false,pair:I0:I3:SW
2490,34539628568804925454319399850698485840/13586064200297698956498979121165061,33131178324885691635224053725041417555/27172128400595397912997958242330122,I1,I3,NE,false,pair:I1:I3:NE
2494,28162368736509689993940839970236893968/11036514066091324776982263999244465,3829771978769118443126693471371982273/3153289733168949936280646856926990,O0,O2,E,false,pair:O0:O2:E
2497,73847272253018237542638163158658003344/28964206813591938952678379024638745,70882445269484219377740536546030227103/57928413627183877905356758049277490,I0,O2,N,false,pair:I0:O2:N
2500,58143705587924954761466595710142236848/22786865556294890154473459484028043,55838143960066788322396887296105148061/45573731112589780308946918968056086,I3,O2,N,false,pair:I3:O2:N
2501,136880743246251944380243768769171421488/53609371891324216392878325727063955,26256000502559679889360736884913855249/21443748756529686557151330290825582,I0,I3,NW,false,pair:I0:I3:NW
2502,138479336162263388575429434226219691792/54170008586224368690054581497746161,132419088069150476948634286150015802375/108340017172448737380109162995492322,I1,I3,E,false,pair:I1:I3:E
2506,80736411748197049626327746104276420592/31662611379078395526200817592275071,77904283753114197334060895103356697865/63325222758156791052401635184550142,I3,O2,N,false,pair:I3:O2:N
2510,56658343455101922437758954732767967824/22148806120561284635599392279418789,54447368074535663581944723115500102579/44297612241122569271198784558837578,I0,I3,NE,false,pair:I0:I3:NE
2514,103146769214485662992810983789407804496/40217333429152894384106086167468485,98844024336451592341997247985610891411/80434666858305788768212172334936970,I0,I1,N,false,pair:I0:I1:N
