q,r,label
0,-88,H.1
1,-88,H.2
4,-88,H.2
12,-88,H.2
33,-88,H.2
88,-88,H.2
0,-87,D.4
1,-87,H.3
2,-87,H.1
3,-87,D.5
4,-87,H.3
10,-87,H.1
11,-87,D.5
12,-87,H.3
31,-87,H.1
32,-87,D.5
33,-87,H.3
86,-87,H.1
87,-87,D.5
88,-87,H.3
-1,-86,H.0
0,-86,D.1
1,-86,H.0
2,-86,D.2
3,-86,H.4
9,-86,H.0
10,-86,D.2
11,-86,H.4
30,-86,H.0
31,-86,D.2
32,-86,H.4
85,-86,H.0
86,-86,D.2
87,-86,H.4
-1,-85,H.5
0,-85,H.1
1,-85,H.2
2,-85,H.1
3,-85,H.2
5,-85,H.1
6,-85,H.2
9,-85,H.2
10,-85,H.1
11,-85,H.2
26,-85,H.1
27,-85,H.2
30,-85,H.2
31,-85,H.1
32,-85,H.2
81,-85,H.1
82,-85,H.2
85,-85,H.2
86,-85,H.1
87,-85,H.2
0,-84,D.4
1,-84,H.3
2,-84,D.3
3,-84,D.0
4,-84,H.3
5,-84,D.4
6,-84,H.3
7,-84,H.1
8,-84,D.5
9,-84,H.3
10,-84,D.3
11,-84,D.0
12,-84,H.3
26,-84,D.4
27,-84,H.3
28,-84,H.1
29,-84,D.5
30,-84,H.3
31,-84,D.3
32,-84,D.0
33,-84,H.3
81,-84,D.4
82,-84,H.3
83,-84,H.1
84,-84,D.5
85,-84,H.3
86,-84,D.3
87,-84,D.0
88,-84,H.3
-1,-83,H.0
0,-83,D.1
1,-83,H.2
2,-83,H.5
3,-83,H.4
4,-83,H.0
5,-83,D.1
6,-83,H.0
7,-83,D.2
8,-83,H.4
9,-83,H.2
10,-83,H.5
11,-83,H.4
25,-83,H.0
26,-83,D.1
27,-83,H.0
28,-83,D.2
29,-83,H.4
30,-83,H.2
31,-83,H.5
32,-83,H.4
80,-83,H.0
81,-83,D.1
82,-83,H.0
83,-83,D.2
84,-83,H.4
85,-83,H.2
86,-83,H.5
87,-83,H.4
-3,-82,H.1
-2,-82,H.2
-1,-82,H.5
0,-82,D.4
1,-82,H.3
2,-82,H.1
3,-82,H.2
4,-82,H.5
5,-82,H.1
6,-82,D.5
7,-82,H.3
8,-82,D.4
9,-82,H.3
23,-82,H.1
24,-82,H.2
25,-82,H.5
26,-82,H.1
27,-82,D.5
28,-82,H.3
29,-82,D.4
30,-82,H.3
78,-82,H.1
79,-82,H.2
80,-82,H.5
81,-82,H.1
82,-82,D.5
83,-82,H.3
84,-82,D.4
85,-82,H.3
-4,-81,H.0
-3,-81,D.3
-2,-81,D.0
-1,-81,H.0
0,-81,D.1
1,-81,H.0
2,-81,D.3
3,-81,D.0
4,-81,H.0
5,-81,D.2
6,-81,H.4
7,-81,H.0
8,-81,D.1
22,-81,H.0
23,-81,D.3
24,-81,D.0
25,-81,H.0
26,-81,D.2
27,-81,H.4
28,-81,H.0
29,-81,D.1
77,-81,H.0
78,-81,D.3
79,-81,D.0
80,-81,H.0
81,-81,D.2
82,-81,H.4
83,-81,H.0
84,-81,D.1
-3,-80,H.5
-2,-80,H.4
-1,-80,H.5
0,-80,H.1
1,-80,H.2
2,-80,H.5
3,-80,H.4
4,-80,H.2
5,-80,H.1
6,-80,H.2
7,-80,H.5
8,-80,H.4
9,-80,H.2
13,-80,H.1
14,-80,H.2
17,-80,H.2
23,-80,H.5
24,-80,H.4
25,-80,H.2
26,-80,H.1
27,-80,H.2
28,-80,H.5
29,-80,H.4
30,-80,H.2
68,-80,H.1
69,-80,H.2
72,-80,H.2
78,-80,H.5
79,-80,H.4
80,-80,H.2
81,-80,H.1
82,-80,H.2
83,-80,H.5
84,-80,H.4
85,-80,H.2
-3,-79,H.1
-2,-79,D.5
-1,-79,H.3
0,-79,D.4
1,-79,H.3
2,-79,H.1
3,-79,D.5
4,-79,H.3
5,-79,D.4
6,-79,H.3
7,-79,H.1
8,-79,D.5
9,-79,H.3
13,-79,D.4
14,-79,H.3
15,-79,H.1
16,-79,D.5
17,-79,H.3
23,-79,H.1
24,-79,D.5
25,-79,H.3
26,-79,D.4
27,-79,H.3
28,-79,H.1
29,-79,D.5
30,-79,H.3
68,-79,D.4
69,-79,H.3
70,-79,H.1
71,-79,D.5
72,-79,H.3
78,-79,H.1
79,-79,D.5
80,-79,H.3
81,-79,D.4
82,-79,H.3
83,-79,H.1
84,-79,D.5
85,-79,H.3
-4,-78,H.0
-3,-78,D.2
-2,-78,H.4
-1,-78,H.0
0,-78,D.1
1,-78,H.0
2,-78,D.2
3,-78,H.4
4,-78,H.0
5,-78,D.1
6,-78,H.0
7,-78,D.2
8,-78,H.4
12,-78,H.0
13,-78,D.1
14,-78,H.0
15,-78,D.2
16,-78,H.4
22,-78,H.0
23,-78,D.2
24,-78,H.4
25,-78,H.0
26,-78,D.1
27,-78,H.0
28,-78,D.2
29,-78,H.4
67,-78,H.0
68,-78,D.1
69,-78,H.0
70,-78,D.2
71,-78,H.4
77,-78,H.0
78,-78,D.2
79,-78,H.4
80,-78,H.0
81,-78,D.1
82,-78,H.0
83,-78,D.2
84,-78,H.4
-4,-77,H.5
-1,-77,H.5
0,-77,H.1
1,-77,H.2
2,-77,H.1
3,-77,H.2
4,-77,H.5
5,-77,H.1
6,-77,H.2
7,-77,H.1
8,-77,H.2
10,-77,H.1
11,-77,H.2
12,-77,H.5
13,-77,H.1
14,-77,H.2
15,-77,H.1
16,-77,H.2
18,-77,H.1
19,-77,H.2
22,-77,H.2
23,-77,H.1
24,-77,H.2
25,-77,H.5
26,-77,H.1
27,-77,H.2
28,-77,H.1
29,-77,H.2
31,-77,H.1
32,-77,H.2
67,-77,H.5
68,-77,H.1
69,-77,H.2
70,-77,H.1
71,-77,H.2
73,-77,H.1
74,-77,H.2
77,-77,H.2
78,-77,H.1
79,-77,H.2
80,-77,H.5
81,-77,H.1
82,-77,H.2
83,-77,H.1
84,-77,H.2
86,-77,H.1
87,-77,H.2
0,-76,D.4
1,-76,H.3
2,-76,D.3
3,-76,D.0
4,-76,H.3
5,-76,D.3
6,-76,D.0
7,-76,D.3
8,-76,D.0
9,-76,H.3
10,-76,D.3
11,-76,D.0
12,-76,H.3
13,-76,D.4
14,-76,H.3
15,-76,D.3
16,-76,D.0
17,-76,H.3
18,-76,D.4
19,-76,H.3
20,-76,H.1
21,-76,D.5
22,-76,H.3
23,-76,D.3
24,-76,D.0
25,-76,H.3
26,-76,D.3
27,-76,D.0
28,-76,D.3
29,-76,D.0
30,-76,H.3
31,-76,D.3
32,-76,D.0
33,-76,H.3
68,-76,D.4
69,-76,H.3
70,-76,D.3
71,-76,D.0
72,-76,H.3
73,-76,D.4
74,-76,H.3
75,-76,H.1
76,-76,D.5
77,-76,H.3
78,-76,D.3
79,-76,D.0
80,-76,H.3
81,-76,D.3
82,-76,D.0
83,-76,D.3
84,-76,D.0
85,-76,H.3
86,-76,D.3
87,-76,D.0
88,-76,H.3
-1,-75,H.0
0,-75,D.1
1,-75,H.2
2,-75,H.5
3,-75,H.4
4,-75,H.2
5,-75,H.5
6,-75,H.4
7,-75,H.5
8,-75,H.4
9,-75,H.2
10,-75,H.5
11,-75,H.4
12,-75,H.0
13,-75,D.1
14,-75,H.2
15,-75,H.5
16,-75,H.4
17,-75,H.0
18,-75,D.1
19,-75,H.0
20,-75,D.2
21,-75,H.4
22,-75,H.2
23,-75,H.5
24,-75,H.4
25,-75,H.2
26,-75,H.5
27,-75,H.4
28,-75,H.5
29,-75,H.4
30,-75,H.2
31,-75,H.5
32,-75,H.4
67,-75,H.0
68,-75,D.1
69,-75,H.2
70,-75,H.5
71,-75,H.4
72,-75,H.0
73,-75,D.1
74,-75,H.0
75,-75,D.2
76,-75,H.4
77,-75,H.2
78,-75,H.5
79,-75,H.4
80,-75,H.2
81,-75,H.5
82,-75,H.4
83,-75,H.5
84,-75,H.4
85,-75,H.2
86,-75,H.5
87,-75,H.4
-3,-74,H.1
-2,-74,H.2
-1,-74,H.5
0,-74,D.4
1,-74,H.3
2,-74,H.1
3,-74,D.5
4,-74,H.3
5,-74,H.1
6,-74,D.5
7,-74,H.3
8,-74,D.4
9,-74,H.3
10,-74,H.1
11,-74,H.2
12,-74,H.5
13,-74,D.4
14,-74,H.3
15,-74,H.1
16,-74,H.2
17,-74,H.5
18,-74,H.1
19,-74,D.5
20,-74,H.3
21,-74,D.4
22,-74,H.3
23,-74,H.1
24,-74,D.5
25,-74,H.3
26,-74,H.1
27,-74,D.5
28,-74,H.3
29,-74,D.4
30,-74,H.3
65,-74,H.1
66,-74,H.2
67,-74,H.5
68,-74,D.4
69,-74,H.3
70,-74,H.1
71,-74,H.2
72,-74,H.5
73,-74,H.1
74,-74,D.5
75,-74,H.3
76,-74,D.4
77,-74,H.3
78,-74,H.1
79,-74,D.5
80,-74,H.3
81,-74,H.1
82,-74,D.5
83,-74,H.3
84,-74,D.4
85,-74,H.3
-4,-73,H.0
-3,-73,D.3
-2,-73,D.0
-1,-73,H.0
0,-73,D.1
1,-73,H.0
2,-73,D.2
3,-73,H.4
4,-73,H.0
5,-73,D.2
6,-73,H.4
7,-73,H.0
8,-73,D.1
9,-73,H.0
10,-73,D.3
11,-73,D.0
12,-73,H.0
13,-73,D.1
14,-73,H.0
15,-73,D.3
16,-73,D.0
17,-73,H.0
18,-73,D.2
19,-73,H.4
20,-73,H.0
21,-73,D.1
22,-73,H.0
23,-73,D.2
24,-73,H.4
25,-73,H.0
26,-73,D.2
27,-73,H.4
28,-73,H.0
29,-73,D.1
64,-73,H.0
65,-73,D.3
66,-73,D.0
67,-73,H.0
68,-73,D.1
69,-73,H.0
70,-73,D.3
71,-73,D.0
72,-73,H.0
73,-73,D.2
74,-73,H.4
75,-73,H.0
76,-73,D.1
77,-73,H.0
78,-73,D.2
79,-73,H.4
80,-73,H.0
81,-73,D.2
82,-73,H.4
83,-73,H.0
84,-73,D.1
-8,-72,H.1
-7,-72,H.2
-4,-72,H.2
-3,-72,H.5
-2,-72,H.4
-1,-72,H.5
0,-72,H.1
1,-72,H.2
2,-72,H.1
3,-72,H.2
4,-72,H.5
5,-72,H.1
6,-72,H.2
7,-72,H.5
8,-72,H.4
9,-72,H.2
10,-72,H.5
11,-72,H.4
12,-72,H.5
13,-72,H.1
14,-72,H.2
15,-72,H.5
16,-72,H.4
17,-72,H.2
18,-72,H.1
19,-72,H.2
20,-72,H.5
21,-72,H.4
22,-72,H.2
23,-72,H.1
24,-72,H.2
25,-72,H.5
28,-72,H.5
29,-72,H.4
60,-72,H.1
61,-72,H.2
64,-72,H.2
65,-72,H.5
66,-72,H.4
67,-72,H.5
68,-72,H.1
69,-72,H.2
70,-72,H.5
71,-72,H.4
72,-72,H.2
73,-72,H.1
74,-72,H.2
75,-72,H.5
76,-72,H.4
77,-72,H.2
78,-72,H.1
79,-72,H.2
80,-72,H.5
83,-72,H.5
84,-72,H.4
-8,-71,D.4
-7,-71,H.3
-6,-71,H.1
-5,-71,D.5
-4,-71,H.3
-3,-71,H.1
-2,-71,D.5
-1,-71,H.3
0,-71,D.4
1,-71,H.3
2,-71,D.3
3,-71,D.0
4,-71,H.3
5,-71,D.4
6,-71,H.3
7,-71,H.1
8,-71,D.5
9,-71,H.3
10,-71,H.1
11,-71,D.5
12,-71,H.3
13,-71,D.4
14,-71,H.3
15,-71,H.1
16,-71,D.5
17,-71,H.3
18,-71,D.3
19,-71,D.0
20,-71,H.3
21,-71,D.4
22,-71,H.3
23,-71,D.3
24,-71,D.0
25,-71,H.3
60,-71,D.4
61,-71,H.3
62,-71,H.1
63,-71,D.5
64,-71,H.3
65,-71,H.1
66,-71,D.5
67,-71,H.3
68,-71,D.4
69,-71,H.3
70,-71,H.1
71,-71,D.5
72,-71,H.3
73,-71,D.3
74,-71,D.0
75,-71,H.3
76,-71,D.4
77,-71,H.3
78,-71,D.3
79,-71,D.0
80,-71,H.3
-9,-70,H.0
-8,-70,D.1
-7,-70,H.0
-6,-70,D.2
-5,-70,H.4
-4,-70,H.0
-3,-70,D.2
-2,-70,H.4
-1,-70,H.0
0,-70,D.1
1,-70,H.2
2,-70,H.5
3,-70,H.4
4,-70,H.0
5,-70,D.1
6,-70,H.0
7,-70,D.2
8,-70,H.4
9,-70,H.0
10,-70,D.2
11,-70,H.4
12,-70,H.0
13,-70,D.1
14,-70,H.0
15,-70,D.2
16,-70,H.4
17,-70,H.2
18,-70,H.5
19,-70,H.4
20,-70,H.0
21,-70,D.1
22,-70,H.2
23,-70,H.5
24,-70,H.4
59,-70,H.0
60,-70,D.1
61,-70,H.0
62,-70,D.2
63,-70,H.4
64,-70,H.0
65,-70,D.2
66,-70,H.4
67,-70,H.0
68,-70,D.1
69,-70,H.0
70,-70,D.2
71,-70,H.4
72,-70,H.2
73,-70,H.5
74,-70,H.4
75,-70,H.0
76,-70,D.1
77,-70,H.2
78,-70,H.5
79,-70,H.4
-11,-69,H.1
-10,-69,H.2
-9,-69,H.5
-8,-69,H.1
-7,-69,H.2
-6,-69,H.1
-5,-69,H.2
-4,-69,H.5
-3,-69,H.1
-2,-69,H.2
-1,-69,H.5
0,-69,D.4
1,-69,H.3
2,-69,H.1
3,-69,H.2
4,-69,H.5
5,-69,H.1
6,-69,H.2
7,-69,H.1
8,-69,H.2
9,-69,H.5
10,-69,H.1
11,-69,H.2
12,-69,H.5
13,-69,H.1
14,-69,D.5
15,-69,H.3
16,-69,D.4
17,-69,H.3
18,-69,H.1
19,-69,H.2
20,-69,H.5
21,-69,D.4
22,-69,H.3
57,-69,H.1
58,-69,H.2
59,-69,H.5
60,-69,H.1
61,-69,H.2
62,-69,H.1
63,-69,H.2
64,-69,H.5
65,-69,H.1
66,-69,H.2
67,-69,H.5
68,-69,H.1
69,-69,D.5
70,-69,H.3
71,-69,D.4
72,-69,H.3
73,-69,H.1
74,-69,H.2
75,-69,H.5
76,-69,D.4
77,-69,H.3
-12,-68,H.0
-11,-68,D.3
-10,-68,D.0
-9,-68,H.0
-8,-68,D.3
-7,-68,D.0
-6,-68,D.3
-5,-68,D.0
-4,-68,H.0
-3,-68,D.3
-2,-68,D.0
-1,-68,H.0
0,-68,D.1
1,-68,H.0
2,-68,D.3
3,-68,D.0
4,-68,H.0
5,-68,D.3
6,-68,D.0
7,-68,D.3
8,-68,D.0
9,-68,H.0
10,-68,D.3
11,-68,D.0
12,-68,H.0
13,-68,D.2
14,-68,H.4
15,-68,H.0
16,-68,D.1
17,-68,H.0
18,-68,D.3
19,-68,D.0
20,-68,H.0
21,-68,D.1
56,-68,H.0
57,-68,D.3
58,-68,D.0
59,-68,H.0
60,-68,D.3
61,-68,D.0
62,-68,D.3
63,-68,D.0
64,-68,H.0
65,-68,D.3
66,-68,D.0
67,-68,H.0
68,-68,D.2
69,-68,H.4
70,-68,H.0
71,-68,D.1
72,-68,H.0
73,-68,D.3
74,-68,D.0
75,-68,H.0
76,-68,D.1
-11,-67,H.5
-10,-67,H.4
-8,-67,H.5
-7,-67,H.4
-6,-67,H.5
-5,-67,H.4
-4,-67,H.2
-3,-67,H.5
-2,-67,H.4
-1,-67,H.5
0,-67,H.1
1,-67,H.2
2,-67,H.5
3,-67,H.4
4,-67,H.2
5,-67,H.5
6,-67,H.4
7,-67,H.5
8,-67,H.4
9,-67,H.2
10,-67,H.5
11,-67,H.4
12,-67,H.2
13,-67,H.1
14,-67,H.2
15,-67,H.5
16,-67,H.4
17,-67,H.2
18,-67,H.5
19,-67,H.4
20,-67,H.5
21,-67,H.4
22,-67,H.2
25,-67,H.2
34,-67,H.1
35,-67,H.2
38,-67,H.2
46,-67,H.2
57,-67,H.5
58,-67,H.4
60,-67,H.5
61,-67,H.4
62,-67,H.5
63,-67,H.4
64,-67,H.2
65,-67,H.5
66,-67,H.4
67,-67,H.2
68,-67,H.1
69,-67,H.2
70,-67,H.5
71,-67,H.4
72,-67,H.2
73,-67,H.5
74,-67,H.4
75,-67,H.5
76,-67,H.4
77,-67,H.2
80,-67,H.2
-8,-66,H.1
-7,-66,D.5
-6,-66,H.3
-5,-66,D.4
-4,-66,H.3
-3,-66,H.1
-2,-66,D.5
-1,-66,H.3
0,-66,D.4
1,-66,H.3
2,-66,H.1
3,-66,D.5
4,-66,H.3
5,-66,H.1
6,-66,D.5
7,-66,H.3
8,-66,D.4
9,-66,H.3
10,-66,H.1
11,-66,D.5
12,-66,H.3
13,-66,D.4
14,-66,H.3
15,-66,H.1
16,-66,D.5
17,-66,H.3
18,-66,H.1
19,-66,D.5
20,-66,H.3
21,-66,D.4
22,-66,H.3
23,-66,H.1
24,-66,D.5
25,-66,H.3
34,-66,D.4
35,-66,H.3
36,-66,H.1
37,-66,D.5
38,-66,H.3
44,-66,H.1
45,-66,D.5
46,-66,H.3
60,-66,H.1
61,-66,D.5
62,-66,H.3
63,-66,D.4
64,-66,H.3
65,-66,H.1
66,-66,D.5
67,-66,H.3
68,-66,D.4
69,-66,H.3
70,-66,H.1
71,-66,D.5
72,-66,H.3
73,-66,H.1
74,-66,D.5
75,-66,H.3
76,-66,D.4
77,-66,H.3
78,-66,H.1
79,-66,D.5
80,-66,H.3
-9,-65,H.0
-8,-65,D.2
-7,-65,H.4
-6,-65,H.0
-5,-65,D.1
-4,-65,H.0
-3,-65,D.2
-2,-65,H.4
-1,-65,H.0
0,-65,D.1
1,-65,H.0
2,-65,D.2
3,-65,H.4
4,-65,H.0
5,-65,D.2
6,-65,H.4
7,-65,H.0
8,-65,D.1
9,-65,H.0
10,-65,D.2
11,-65,H.4
12,-65,H.0
13,-65,D.1
14,-65,H.0
15,-65,D.2
16,-65,H.4
17,-65,H.0
18,-65,D.2
19,-65,H.4
20,-65,H.0
21,-65,D.1
22,-65,H.0
23,-65,D.2
24,-65,H.4
33,-65,H.0
34,-65,D.1
35,-65,H.0
36,-65,D.2
37,-65,H.4
43,-65,H.0
44,-65,D.2
45,-65,H.4
59,-65,H.0
60,-65,D.2
61,-65,H.4
62,-65,H.0
63,-65,D.1
64,-65,H.0
65,-65,D.2
66,-65,H.4
67,-65,H.0
68,-65,D.1
69,-65,H.0
70,-65,D.2
71,-65,H.4
72,-65,H.0
73,-65,D.2
74,-65,H.4
75,-65,H.0
76,-65,D.1
77,-65,H.0
78,-65,D.2
79,-65,H.4
-9,-64,H.5
-8,-64,H.1
-7,-64,H.2
-6,-64,H.5
-5,-64,H.4
-4,-64,H.5
-3,-64,H.1
-2,-64,H.2
-1,-64,H.5
0,-64,H.1
1,-64,H.2
2,-64,H.1
3,-64,H.2
4,-64,H.5
5,-64,H.1
6,-64,H.2
7,-64,H.5
8,-64,H.4
9,-64,H.2
10,-64,H.1
11,-64,H.2
12,-64,H.5
13,-64,H.1
14,-64,H.2
15,-64,H.1
16,-64,H.2
17,-64,H.5
18,-64,H.1
19,-64,H.2
20,-64,H.5
21,-64,H.4
22,-64,H.2
23,-64,H.1
24,-64,H.2
33,-64,H.5
34,-64,H.1
35,-64,H.2
36,-64,H.1
37,-64,H.2
39,-64,H.1
40,-64,H.2
43,-64,H.2
44,-64,H.1
45,-64,H.2
59,-64,H.5
60,-64,H.1
61,-64,H.2
62,-64,H.5
63,-64,H.4
64,-64,H.2
65,-64,H.1
66,-64,H.2
67,-64,H.5
68,-64,H.1
69,-64,H.2
70,-64,H.1
71,-64,H.2
72,-64,H.5
73,-64,H.1
74,-64,H.2
75,-64,H.5
76,-64,H.4
77,-64,H.2
78,-64,H.1
79,-64,H.2
-8,-63,D.4
-7,-63,H.3
-6,-63,H.1
-5,-63,D.5
-4,-63,H.3
-3,-63,D.3
-2,-63,D.0
-1,-63,H.3
0,-63,D.4
1,-63,H.3
2,-63,D.3
3,-63,D.0
4,-63,H.3
5,-63,D.4
6,-63,H.3
7,-63,H.1
8,-63,D.5
9,-63,H.3
10,-63,D.3
11,-63,D.0
12,-63,H.3
13,-63,D.4
14,-63,H.3
15,-63,D.3
16,-63,D.0
17,-63,H.3
18,-63,D.4
19,-63,H.3
20,-63,H.1
21,-63,D.5
22,-63,H.3
23,-63,D.3
24,-63,D.0
25,-63,H.3
34,-63,D.4
35,-63,H.3
36,-63,D.3
37,-63,D.0
38,-63,H.3
39,-63,D.4
40,-63,H.3
41,-63,H.1
42,-63,D.5
43,-63,H.3
44,-63,D.3
45,-63,D.0
46,-63,H.3
60,-63,D.4
61,-63,H.3
62,-63,H.1
63,-63,D.5
64,-63,H.3
65,-63,D.3
66,-63,D.0
67,-63,H.3
68,-63,D.4
69,-63,H.3
70,-63,D.3
71,-63,D.0
72,-63,H.3
73,-63,D.4
74,-63,H.3
75,-63,H.1
76,-63,D.5
77,-63,H.3
78,-63,D.3
79,-63,D.0
80,-63,H.3
-9,-62,H.0
-8,-62,D.1
-7,-62,H.0
-6,-62,D.2
-5,-62,H.4
-4,-62,H.2
-3,-62,H.5
-2,-62,H.4
-1,-62,H.0
0,-62,D.1
1,-62,H.2
2,-62,H.5
3,-62,H.4
4,-62,H.0
5,-62,D.1
6,-62,H.0
7,-62,D.2
8,-62,H.4
9,-62,H.2
10,-62,H.5
11,-62,H.4
12,-62,H.0
13,-62,D.1
14,-62,H.2
15,-62,H.5
16,-62,H.4
17,-62,H.0
18,-62,D.1
19,-62,H.0
20,-62,D.2
21,-62,H.4
22,-62,H.2
23,-62,H.5
24,-62,H.4
33,-62,H.0
34,-62,D.1
35,-62,H.2
36,-62,H.5
37,-62,H.4
38,-62,H.0
39,-62,D.1
40,-62,H.0
41,-62,D.2
42,-62,H.4
43,-62,H.2
44,-62,H.5
45,-62,H.4
59,-62,H.0
60,-62,D.1
61,-62,H.0
62,-62,D.2
63,-62,H.4
64,-62,H.2
65,-62,H.5
66,-62,H.4
67,-62,H.0
68,-62,D.1
69,-62,H.2
70,-62,H.5
71,-62,H.4
72,-62,H.0
73,-62,D.1
74,-62,H.0
75,-62,D.2
76,-62,H.4
77,-62,H.2
78,-62,H.5
79,-62,H.4
-11,-61,H.1
-10,-61,H.2
-9,-61,H.5
-8,-61,H.1
-7,-61,D.5
-6,-61,H.3
-5,-61,D.4
-4,-61,H.3
-3,-61,H.1
-2,-61,H.2
-1,-61,H.5
0,-61,D.4
1,-61,H.3
2,-61,H.1
3,-61,H.2
4,-61,H.5
5,-61,H.1
6,-61,D.5
7,-61,H.3
8,-61,D.4
9,-61,H.3
10,-61,H.1
11,-61,H.2
12,-61,H.5
13,-61,D.4
14,-61,H.3
15,-61,H.1
16,-61,H.2
17,-61,H.5
18,-61,H.1
19,-61,D.5
20,-61,H.3
21,-61,D.4
22,-61,H.3
31,-61,H.1
32,-61,H.2
33,-61,H.5
34,-61,D.4
35,-61,H.3
36,-61,H.1
37,-61,H.2
38,-61,H.5
39,-61,H.1
40,-61,D.5
41,-61,H.3
42,-61,D.4
43,-61,H.3
57,-61,H.1
58,-61,H.2
59,-61,H.5
60,-61,H.1
61,-61,D.5
62,-61,H.3
63,-61,D.4
64,-61,H.3
65,-61,H.1
66,-61,H.2
67,-61,H.5
68,-61,D.4
69,-61,H.3
70,-61,H.1
71,-61,H.2
72,-61,H.5
73,-61,H.1
74,-61,D.5
75,-61,H.3
76,-61,D.4
77,-61,H.3
-12,-60,H.0
-11,-60,D.3
-10,-60,D.0
-9,-60,H.0
-8,-60,D.2
-7,-60,H.4
-6,-60,H.0
-5,-60,D.1
-4,-60,H.0
-3,-60,D.3
-2,-60,D.0
-1,-60,H.0
0,-60,D.1
1,-60,H.0
2,-60,D.3
3,-60,D.0
4,-60,H.0
5,-60,D.2
6,-60,H.4
7,-60,H.0
8,-60,D.1
9,-60,H.0
10,-60,D.3
11,-60,D.0
12,-60,H.0
13,-60,D.1
14,-60,H.0
15,-60,D.3
16,-60,D.0
17,-60,H.0
18,-60,D.2
19,-60,H.4
20,-60,H.0
21,-60,D.1
30,-60,H.0
31,-60,D.3
32,-60,D.0
33,-60,H.0
34,-60,D.1
35,-60,H.0
36,-60,D.3
37,-60,D.0
38,-60,H.0
39,-60,D.2
40,-60,H.4
41,-60,H.0
42,-60,D.1
56,-60,H.0
57,-60,D.3
58,-60,D.0
59,-60,H.0
60,-60,D.2
61,-60,H.4
62,-60,H.0
63,-60,D.1
64,-60,H.0
65,-60,D.3
66,-60,D.0
67,-60,H.0
68,-60,D.1
69,-60,H.0
70,-60,D.3
71,-60,D.0
72,-60,H.0
73,-60,D.2
74,-60,H.4
75,-60,H.0
76,-60,D.1
-11,-59,H.5
-10,-59,H.4
-9,-59,H.5
-6,-59,H.5
-5,-59,H.4
-3,-59,H.5
-2,-59,H.4
-1,-59,H.5
0,-59,H.1
1,-59,H.2
2,-59,H.5
3,-59,H.4
4,-59,H.2
5,-59,H.1
6,-59,H.2
7,-59,H.5
8,-59,H.4
9,-59,H.2
10,-59,H.5
11,-59,H.4
12,-59,H.5
13,-59,H.1
14,-59,H.2
15,-59,H.5
16,-59,H.4
17,-59,H.2
18,-59,H.1
19,-59,H.2
20,-59,H.5
21,-59,H.4
22,-59,H.2
26,-59,H.1
27,-59,H.2
30,-59,H.2
31,-59,H.5
32,-59,H.4
33,-59,H.5
34,-59,H.1
35,-59,H.2
36,-59,H.5
37,-59,H.4
38,-59,H.2
39,-59,H.1
40,-59,H.2
41,-59,H.5
42,-59,H.4
43,-59,H.2
47,-59,H.1
48,-59,H.2
51,-59,H.2
57,-59,H.5
58,-59,H.4
59,-59,H.2
60,-59,H.1
61,-59,H.2
62,-59,H.5
63,-59,H.4
64,-59,H.2
65,-59,H.5
66,-59,H.4
67,-59,H.5
68,-59,H.1
69,-59,H.2
70,-59,H.5
71,-59,H.4
72,-59,H.2
73,-59,H.1
74,-59,H.2
75,-59,H.5
76,-59,H.4
77,-59,H.2
81,-59,H.1
82,-59,H.2
85,-59,H.2
-11,-58,H.1
-10,-58,D.5
-9,-58,H.3
-3,-58,H.1
-2,-58,D.5
-1,-58,H.3
0,-58,D.4
1,-58,H.3
2,-58,H.1
3,-58,D.5
4,-58,H.3
5,-58,D.4
6,-58,H.3
7,-58,H.1
8,-58,D.5
9,-58,H.3
10,-58,H.1
11,-58,D.5
12,-58,H.3
13,-58,D.4
14,-58,H.3
15,-58,H.1
16,-58,D.5
17,-58,H.3
18,-58,D.4
19,-58,H.3
20,-58,H.1
21,-58,D.5
22,-58,H.3
26,-58,D.4
27,-58,H.3
28,-58,H.1
29,-58,D.5
30,-58,H.3
31,-58,H.1
32,-58,D.5
33,-58,H.3
34,-58,D.4
35,-58,H.3
36,-58,H.1
37,-58,D.5
38,-58,H.3
39,-58,D.4
40,-58,H.3
41,-58,H.1
42,-58,D.5
43,-58,H.3
47,-58,D.4
48,-58,H.3
49,-58,H.1
50,-58,D.5
51,-58,H.3
57,-58,H.1
58,-58,D.5
59,-58,H.3
60,-58,D.4
61,-58,H.3
62,-58,H.1
63,-58,D.5
64,-58,H.3
65,-58,H.1
66,-58,D.5
67,-58,H.3
68,-58,D.4
69,-58,H.3
70,-58,H.1
71,-58,D.5
72,-58,H.3
73,-58,D.4
74,-58,H.3
75,-58,H.1
76,-58,D.5
77,-58,H.3
81,-58,D.4
82,-58,H.3
83,-58,H.1
84,-58,D.5
85,-58,H.3
-12,-57,H.0
-11,-57,D.2
-10,-57,H.4
-4,-57,H.0
-3,-57,D.2
-2,-57,H.4
-1,-57,H.0
0,-57,D.1
1,-57,H.0
2,-57,D.2
3,-57,H.4
4,-57,H.0
5,-57,D.1
6,-57,H.0
7,-57,D.2
8,-57,H.4
9,-57,H.0
10,-57,D.2
11,-57,H.4
12,-57,H.0
13,-57,D.1
14,-57,H.0
15,-57,D.2
16,-57,H.4
17,-57,H.0
18,-57,D.1
19,-57,H.0
20,-57,D.2
21,-57,H.4
25,-57,H.0
26,-57,D.1
27,-57,H.0
28,-57,D.2
29,-57,H.4
30,-57,H.0
31,-57,D.2
32,-57,H.4
33,-57,H.0
34,-57,D.1
35,-57,H.0
36,-57,D.2
37,-57,H.4
38,-57,H.0
39,-57,D.1
40,-57,H.0
41,-57,D.2
42,-57,H.4
46,-57,H.0
47,-57,D.1
48,-57,H.0
49,-57,D.2
50,-57,H.4
56,-57,H.0
57,-57,D.2
58,-57,H.4
59,-57,H.0
60,-57,D.1
61,-57,H.0
62,-57,D.2
63,-57,H.4
64,-57,H.0
65,-57,D.2
66,-57,H.4
67,-57,H.0
68,-57,D.1
69,-57,H.0
70,-57,D.2
71,-57,H.4
72,-57,H.0
73,-57,D.1
74,-57,H.0
75,-57,D.2
76,-57,H.4
80,-57,H.0
81,-57,D.1
82,-57,H.0
83,-57,D.2
84,-57,H.4
-12,-56,H.5
-4,-56,H.5
-1,-56,H.5
0,-56,H.1
1,-56,H.2
2,-56,H.1
3,-56,H.2
4,-56,H.5
5,-56,H.1
6,-56,H.2
7,-56,H.1
8,-56,H.2
9,-56,H.5
10,-56,H.1
11,-56,H.2
12,-56,H.5
13,-56,H.1
14,-56,H.2
15,-56,H.1
16,-56,H.2
17,-56,H.5
18,-56,H.1
19,-56,H.2
20,-56,H.1
21,-56,H.2
23,-56,H.1
24,-56,H.2
25,-56,H.5
26,-56,H.1
27,-56,H.2
28,-56,H.1
29,-56,H.2
30,-56,H.5
31,-56,H.1
32,-56,H.2
33,-56,H.5
34,-56,H.1
35,-56,H.2
36,-56,H.1
37,-56,H.2
38,-56,H.5
39,-56,H.1
40,-56,H.2
41,-56,H.1
42,-56,H.2
44,-56,H.1
45,-56,H.2
46,-56,H.5
47,-56,H.1
48,-56,H.2
49,-56,H.1
50,-56,H.2
52,-56,H.1
53,-56,H.2
56,-56,H.2
57,-56,H.1
58,-56,H.2
59,-56,H.5
60,-56,H.1
61,-56,H.2
62,-56,H.1
63,-56,H.2
64,-56,H.5
65,-56,H.1
66,-56,H.2
67,-56,H.5
68,-56,H.1
69,-56,H.2
70,-56,H.1
71,-56,H.2
72,-56,H.5
73,-56,H.1
74,-56,H.2
75,-56,H.1
76,-56,H.2
78,-56,H.1
79,-56,H.2
80,-56,H.5
81,-56,H.1
82,-56,H.2
83,-56,H.1
84,-56,H.2
86,-56,H.1
87,-56,H.2
0,-55,D.4
1,-55,H.3
2,-55,D.3
3,-55,D.0
4,-55,H.3
5,-55,D.3
6,-55,D.0
7,-55,D.3
8,-55,D.0
9,-55,H.3
10,-55,D.3
11,-55,D.0
12,-55,H.3
13,-55,D.3
14,-55,D.0
15,-55,D.3
16,-55,D.0
17,-55,H.3
18,-55,D.3
19,-55,D.0
20,-55,D.3
21,-55,D.0
22,-55,H.3
23,-55,D.3
24,-55,D.0
25,-55,H.3
26,-55,D.3
27,-55,D.0
28,-55,D.3
29,-55,D.0
30,-55,H.3
31,-55,D.3
32,-55,D.0
33,-55,H.3
34,-55,D.4
35,-55,H.3
36,-55,D.3
37,-55,D.0
38,-55,H.3
39,-55,D.3
40,-55,D.0
41,-55,D.3
42,-55,D.0
43,-55,H.3
44,-55,D.3
45,-55,D.0
46,-55,H.3
47,-55,D.4
48,-55,H.3
49,-55,D.3
50,-55,D.0
51,-55,H.3
52,-55,D.4
53,-55,H.3
54,-55,H.1
55,-55,D.5
56,-55,H.3
57,-55,D.3
58,-55,D.0
59,-55,H.3
60,-55,D.3
61,-55,D.0
62,-55,D.3
63,-55,D.0
64,-55,H.3
65,-55,D.3
66,-55,D.0
67,-55,H.3
68,-55,D.3
69,-55,D.0
70,-55,D.3
71,-55,D.0
72,-55,H.3
73,-55,D.3
74,-55,D.0
75,-55,D.3
76,-55,D.0
77,-55,H.3
78,-55,D.3
79,-55,D.0
80,-55,H.3
81,-55,D.3
82,-55,D.0
83,-55,D.3
84,-55,D.0
85,-55,H.3
86,-55,D.3
87,-55,D.0
88,-55,H.3
-1,-54,H.0
0,-54,D.1
1,-54,H.2
2,-54,H.5
3,-54,H.4
4,-54,H.2
5,-54,H.5
6,-54,H.4
7,-54,H.5
8,-54,H.4
9,-54,H.2
10,-54,H.5
11,-54,H.4
12,-54,H.2
13,-54,H.5
14,-54,H.4
15,-54,H.5
16,-54,H.4
17,-54,H.2
18,-54,H.5
19,-54,H.4
20,-54,H.5
21,-54,H.4
22,-54,H.2
23,-54,H.5
24,-54,H.4
25,-54,H.2
26,-54,H.5
27,-54,H.4
28,-54,H.5
29,-54,H.4
30,-54,H.2
31,-54,H.5
32,-54,H.4
33,-54,H.0
34,-54,D.1
35,-54,H.2
36,-54,H.5
37,-54,H.4
38,-54,H.2
39,-54,H.5
40,-54,H.4
41,-54,H.5
42,-54,H.4
43,-54,H.2
44,-54,H.5
45,-54,H.4
46,-54,H.0
47,-54,D.1
48,-54,H.2
49,-54,H.5
50,-54,H.4
51,-54,H.0
52,-54,D.1
53,-54,H.0
54,-54,D.2
55,-54,H.4
56,-54,H.2
57,-54,H.5
58,-54,H.4
59,-54,H.2
60,-54,H.5
61,-54,H.4
62,-54,H.5
63,-54,H.4
64,-54,H.2
65,-54,H.5
66,-54,H.4
67,-54,H.2
68,-54,H.5
69,-54,H.4
70,-54,H.5
71,-54,H.4
72,-54,H.2
73,-54,H.5
74,-54,H.4
75,-54,H.5
76,-54,H.4
77,-54,H.2
78,-54,H.5
79,-54,H.4
80,-54,H.2
81,-54,H.5
82,-54,H.4
83,-54,H.5
84,-54,H.4
85,-54,H.2
86,-54,H.5
87,-54,H.4
-3,-53,H.1
-2,-53,H.2
-1,-53,H.5
0,-53,D.4
1,-53,H.3
2,-53,H.1
3,-53,D.5
4,-53,H.3
5,-53,H.1
6,-53,D.5
7,-53,H.3
8,-53,D.4
9,-53,H.3
10,-53,H.1
11,-53,D.5
12,-53,H.3
13,-53,H.1
14,-53,D.5
15,-53,H.3
16,-53,D.4
17,-53,H.3
18,-53,H.1
19,-53,D.5
20,-53,H.3
21,-53,D.4
22,-53,H.3
23,-53,H.1
24,-53,D.5
25,-53,H.3
26,-53,H.1
27,-53,D.5
28,-53,H.3
29,-53,D.4
30,-53,H.3
31,-53,H.1
32,-53,H.2
33,-53,H.5
34,-53,D.4
35,-53,H.3
36,-53,H.1
37,-53,D.5
38,-53,H.3
39,-53,H.1
40,-53,D.5
41,-53,H.3
42,-53,D.4
43,-53,H.3
44,-53,H.1
45,-53,H.2
46,-53,H.5
47,-53,D.4
48,-53,H.3
49,-53,H.1
50,-53,H.2
51,-53,H.5
52,-53,H.1
53,-53,D.5
54,-53,H.3
55,-53,D.4
56,-53,H.3
57,-53,H.1
58,-53,D.5
59,-53,H.3
60,-53,H.1
61,-53,D.5
62,-53,H.3
63,-53,D.4
64,-53,H.3
65,-53,H.1
66,-53,D.5
67,-53,H.3
68,-53,H.1
69,-53,D.5
70,-53,H.3
71,-53,D.4
72,-53,H.3
73,-53,H.1
74,-53,D.5
75,-53,H.3
76,-53,D.4
77,-53,H.3
78,-53,H.1
79,-53,D.5
80,-53,H.3
81,-53,H.1
82,-53,D.5
83,-53,H.3
84,-53,D.4
85,-53,H.3
-4,-52,H.0
-3,-52,D.3
-2,-52,D.0
-1,-52,H.0
0,-52,D.1
1,-52,H.0
2,-52,D.2
3,-52,H.4
4,-52,H.0
5,-52,D.2
6,-52,H.4
7,-52,H.0
8,-52,D.1
9,-52,H.0
10,-52,D.2
11,-52,H.4
12,-52,H.0
13,-52,D.2
14,-52,H.4
15,-52,H.0
16,-52,D.1
17,-52,H.0
18,-52,D.2
19,-52,H.4
20,-52,H.0
21,-52,D.1
22,-52,H.0
23,-52,D.2
24,-52,H.4
25,-52,H.0
26,-52,D.2
27,-52,H.4
28,-52,H.0
29,-52,D.1
30,-52,H.0
31,-52,D.3
32,-52,D.0
33,-52,H.0
34,-52,D.1
35,-52,H.0
36,-52,D.2
37,-52,H.4
38,-52,H.0
39,-52,D.2
40,-52,H.4
41,-52,H.0
42,-52,D.1
43,-52,H.0
44,-52,D.3
45,-52,D.0
46,-52,H.0
47,-52,D.1
48,-52,H.0
49,-52,D.3
50,-52,D.0
51,-52,H.0
52,-52,D.2
53,-52,H.4
54,-52,H.0
55,-52,D.1
56,-52,H.0
57,-52,D.2
58,-52,H.4
59,-52,H.0
60,-52,D.2
61,-52,H.4
62,-52,H.0
63,-52,D.1
64,-52,H.0
65,-52,D.2
66,-52,H.4
67,-52,H.0
68,-52,D.2
69,-52,H.4
70,-52,H.0
71,-52,D.1
72,-52,H.0
73,-52,D.2
74,-52,H.4
75,-52,H.0
76,-52,D.1
77,-52,H.0
78,-52,D.2
79,-52,H.4
80,-52,H.0
81,-52,D.2
82,-52,H.4
83,-52,H.0
84,-52,D.1
-8,-51,H.1
-7,-51,H.2
-4,-51,H.2
-3,-51,H.5
-2,-51,H.4
-1,-51,H.5
0,-51,H.1
1,-51,H.2
2,-51,H.1
3,-51,H.2
4,-51,H.5
5,-51,H.1
6,-51,H.2
7,-51,H.5
8,-51,H.4
9,-51,H.2
10,-51,H.1
11,-51,H.2
12,-51,H.5
13,-51,H.1
14,-51,H.2
15,-51,H.5
16,-51,H.4
17,-51,H.5
18,-51,H.1
19,-51,H.2
20,-51,H.5
21,-51,H.4
22,-51,H.2
23,-51,H.1
24,-51,H.2
25,-51,H.5
26,-51,H.1
27,-51,H.2
28,-51,H.5
29,-51,H.4
30,-51,H.2
31,-51,H.5
32,-51,H.4
33,-51,H.5
34,-51,H.1
35,-51,H.2
36,-51,H.1
37,-51,H.2
38,-51,H.5
39,-51,H.1
40,-51,H.2
41,-51,H.5
42,-51,H.4
43,-51,H.2
44,-51,H.5
45,-51,H.4
46,-51,H.5
47,-51,H.1
48,-51,H.2
49,-51,H.5
50,-51,H.4
51,-51,H.2
52,-51,H.1
53,-51,H.2
54,-51,H.5
55,-51,H.4
56,-51,H.2
57,-51,H.1
58,-51,H.2
59,-51,H.5
60,-51,H.1
61,-51,H.2
62,-51,H.5
63,-51,H.4
64,-51,H.2
65,-51,H.1
66,-51,H.2
67,-51,H.5
68,-51,H.1
69,-51,H.2
70,-51,H.5
71,-51,H.4
72,-51,H.5
73,-51,H.1
74,-51,H.2
75,-51,H.5
76,-51,H.4
77,-51,H.2
78,-51,H.1
79,-51,H.2
80,-51,H.5
83,-51,H.5
84,-51,H.4
-8,-50,D.4
-7,-50,H.3
-6,-50,H.1
-5,-50,D.5
-4,-50,H.3
-3,-50,H.1
-2,-50,D.5
-1,-50,H.3
0,-50,D.4
1,-50,H.3
2,-50,D.3
3,-50,D.0
4,-50,H.3
5,-50,D.4
6,-50,H.3
7,-50,H.1
8,-50,D.5
9,-50,H.3
10,-50,D.3
11,-50,D.0
12,-50,H.3
13,-50,D.4
14,-50,H.3
15,-50,H.1
16,-50,D.5
17,-50,H.3
18,-50,D.3
19,-50,D.0
20,-50,H.3
21,-50,D.4
22,-50,H.3
23,-50,D.3
24,-50,D.0
25,-50,H.3
26,-50,D.4
27,-50,H.3
28,-50,H.1
29,-50,D.5
30,-50,H.3
31,-50,H.1
32,-50,D.5
33,-50,H.3
34,-50,D.4
35,-50,H.3
36,-50,D.3
37,-50,D.0
38,-50,H.3
39,-50,D.4
40,-50,H.3
41,-50,H.1
42,-50,D.5
43,-50,H.3
44,-50,H.1
45,-50,D.5
46,-50,H.3
47,-50,D.4
48,-50,H.3
49,-50,H.1
50,-50,D.5
51,-50,H.3
52,-50,D.3
53,-50,D.0
54,-50,H.3
55,-50,D.4
56,-50,H.3
57,-50,D.3
58,-50,D.0
59,-50,H.3
60,-50,D.4
61,-50,H.3
62,-50,H.1
63,-50,D.5
64,-50,H.3
65,-50,D.3
66,-50,D.0
67,-50,H.3
68,-50,D.4
69,-50,H.3
70,-50,H.1
71,-50,D.5
72,-50,H.3
73,-50,D.3
74,-50,D.0
75,-50,H.3
76,-50,D.4
77,-50,H.3
78,-50,D.3
79,-50,D.0
80,-50,H.3
-9,-49,H.0
-8,-49,D.1
-7,-49,H.0
-6,-49,D.2
-5,-49,H.4
-4,-49,H.0
-3,-49,D.2
-2,-49,H.4
-1,-49,H.0
0,-49,D.1
1,-49,H.2
2,-49,H.5
3,-49,H.4
4,-49,H.0
5,-49,D.1
6,-49,H.0
7,-49,D.2
8,-49,H.4
9,-49,H.2
10,-49,H.5
11,-49,H.4
12,-49,H.0
13,-49,D.1
14,-49,H.0
15,-49,D.2
16,-49,H.4
17,-49,H.2
18,-49,H.5
19,-49,H.4
20,-49,H.0
21,-49,D.1
22,-49,H.2
23,-49,H.5
24,-49,H.4
25,-49,H.0
26,-49,D.1
27,-49,H.0
28,-49,D.2
29,-49,H.4
30,-49,H.0
31,-49,D.2
32,-49,H.4
33,-49,H.0
34,-49,D.1
35,-49,H.2
36,-49,H.5
37,-49,H.4
38,-49,H.0
39,-49,D.1
40,-49,H.0
41,-49,D.2
42,-49,H.4
43,-49,H.0
44,-49,D.2
45,-49,H.4
46,-49,H.0
47,-49,D.1
48,-49,H.0
49,-49,D.2
50,-49,H.4
51,-49,H.2
52,-49,H.5
53,-49,H.4
54,-49,H.0
55,-49,D.1
56,-49,H.2
57,-49,H.5
58,-49,H.4
59,-49,H.0
60,-49,D.1
61,-49,H.0
62,-49,D.2
63,-49,H.4
64,-49,H.2
65,-49,H.5
66,-49,H.4
67,-49,H.0
68,-49,D.1
69,-49,H.0
70,-49,D.2
71,-49,H.4
72,-49,H.2
73,-49,H.5
74,-49,H.4
75,-49,H.0
76,-49,D.1
77,-49,H.2
78,-49,H.5
79,-49,H.4
-11,-48,H.1
-10,-48,H.2
-9,-48,H.5
-8,-48,H.1
-7,-48,H.2
-6,-48,H.1
-5,-48,H.2
-4,-48,H.5
-3,-48,H.1
-2,-48,H.2
-1,-48,H.5
0,-48,D.4
1,-48,H.3
2,-48,H.1
3,-48,H.2
4,-48,H.5
5,-48,H.1
6,-48,D.5
7,-48,H.3
8,-48,D.4
9,-48,H.3
10,-48,H.1
11,-48,H.2
12,-48,H.5
13,-48,H.1
14,-48,D.5
15,-48,H.3
16,-48,D.4
17,-48,H.3
18,-48,H.1
19,-48,H.2
20,-48,H.5
21,-48,D.4
22,-48,H.3
23,-48,H.1
24,-48,H.2
25,-48,H.5
26,-48,H.1
27,-48,H.2
28,-48,H.1
29,-48,H.2
30,-48,H.5
31,-48,H.1
32,-48,H.2
33,-48,H.5
34,-48,D.4
35,-48,H.3
36,-48,H.1
37,-48,H.2
38,-48,H.5
39,-48,H.1
40,-48,H.2
41,-48,H.1
42,-48,H.2
43,-48,H.5
44,-48,H.1
45,-48,H.2
46,-48,H.5
47,-48,H.1
48,-48,D.5
49,-48,H.3
50,-48,D.4
51,-48,H.3
52,-48,H.1
53,-48,H.2
54,-48,H.5
55,-48,D.4
56,-48,H.3
57,-48,H.1
58,-48,H.2
59,-48,H.5
60,-48,H.1
61,-48,D.5
62,-48,H.3
63,-48,D.4
64,-48,H.3
65,-48,H.1
66,-48,H.2
67,-48,H.5
68,-48,H.1
69,-48,D.5
70,-48,H.3
71,-48,D.4
72,-48,H.3
73,-48,H.1
74,-48,H.2
75,-48,H.5
76,-48,D.4
77,-48,H.3
-12,-47,H.0
-11,-47,D.3
-10,-47,D.0
-9,-47,H.0
-8,-47,D.3
-7,-47,D.0
-6,-47,D.3
-5,-47,D.0
-4,-47,H.0
-3,-47,D.3
-2,-47,D.0
-1,-47,H.0
0,-47,D.1
1,-47,H.0
2,-47,D.3
3,-47,D.0
4,-47,H.0
5,-47,D.2
6,-47,H.4
7,-47,H.0
8,-47,D.1
9,-47,H.0
10,-47,D.3
11,-47,D.0
12,-47,H.0
13,-47,D.2
14,-47,H.4
15,-47,H.0
16,-47,D.1
17,-47,H.0
18,-47,D.3
19,-47,D.0
20,-47,H.0
21,-47,D.1
22,-47,H.0
23,-47,D.3
24,-47,D.0
25,-47,H.0
26,-47,D.3
27,-47,D.0
28,-47,D.3
29,-47,D.0
30,-47,H.0
31,-47,D.3
32,-47,D.0
33,-47,H.0
34,-47,D.1
35,-47,H.0
36,-47,D.3
37,-47,D.0
38,-47,H.0
39,-47,D.3
40,-47,D.0
41,-47,D.3
42,-47,D.0
43,-47,H.0
44,-47,D.3
45,-47,D.0
46,-47,H.0
47,-47,D.2
48,-47,H.4
49,-47,H.0
50,-47,D.1
51,-47,H.0
52,-47,D.3
53,-47,D.0
54,-47,H.0
55,-47,D.1
56,-47,H.0
57,-47,D.3
58,-47,D.0
59,-47,H.0
60,-47,D.2
61,-47,H.4
62,-47,H.0
63,-47,D.1
64,-47,H.0
65,-47,D.3
66,-47,D.0
67,-47,H.0
68,-47,D.2
69,-47,H.4
70,-47,H.0
71,-47,D.1
72,-47,H.0
73,-47,D.3
74,-47,D.0
75,-47,H.0
76,-47,D.1
-21,-46,H.1
-20,-46,H.2
-17,-46,H.2
-11,-46,H.5
-10,-46,H.4
-9,-46,H.2
-8,-46,H.5
-7,-46,H.4
-6,-46,H.5
-5,-46,H.4
-4,-46,H.2
-3,-46,H.5
-2,-46,H.4
-1,-46,H.5
0,-46,H.1
1,-46,H.2
2,-46,H.5
3,-46,H.4
4,-46,H.2
5,-46,H.1
6,-46,H.2
7,-46,H.5
8,-46,H.4
9,-46,H.2
10,-46,H.5
11,-46,H.4
12,-46,H.5
13,-46,H.1
14,-46,H.2
15,-46,H.5
16,-46,H.4
17,-46,H.2
18,-46,H.5
19,-46,H.4
20,-46,H.5
21,-46,H.4
22,-46,H.2
23,-46,H.5
24,-46,H.4
25,-46,H.2
26,-46,H.5
27,-46,H.4
28,-46,H.5
29,-46,H.4
30,-46,H.2
31,-46,H.5
32,-46,H.4
33,-46,H.5
34,-46,H.1
35,-46,H.2
36,-46,H.5
37,-46,H.4
38,-46,H.2
39,-46,H.5
40,-46,H.4
41,-46,H.5
42,-46,H.4
43,-46,H.2
44,-46,H.5
45,-46,H.4
46,-46,H.2
47,-46,H.1
48,-46,H.2
49,-46,H.5
50,-46,H.4
51,-46,H.2
52,-46,H.5
53,-46,H.4
54,-46,H.5
55,-46,H.4
56,-46,H.2
57,-46,H.5
58,-46,H.4
59,-46,H.2
60,-46,H.1
61,-46,H.2
62,-46,H.5
63,-46,H.4
64,-46,H.2
65,-46,H.5
66,-46,H.4
67,-46,H.5
70,-46,H.5
71,-46,H.4
73,-46,H.5
74,-46,H.4
75,-46,H.5
76,-46,H.4
77,-46,H.2
-21,-45,D.4
-20,-45,H.3
-19,-45,H.1
-18,-45,D.5
-17,-45,H.3
-11,-45,H.1
-10,-45,D.5
-9,-45,H.3
-8,-45,H.1
-7,-45,D.5
-6,-45,H.3
-5,-45,D.4
-4,-45,H.3
-3,-45,H.1
-2,-45,D.5
-1,-45,H.3
0,-45,D.4
1,-45,H.3
2,-45,H.1
3,-45,D.5
4,-45,H.3
5,-45,D.4
6,-45,H.3
7,-45,H.1
8,-45,D.5
9,-45,H.3
10,-45,H.1
11,-45,D.5
12,-45,H.3
13,-45,D.4
14,-45,H.3
15,-45,H.1
16,-45,D.5
17,-45,H.3
18,-45,H.1
19,-45,D.5
20,-45,H.3
21,-45,D.4
22,-45,H.3
23,-45,H.1
24,-45,D.5
25,-45,H.3
26,-45,H.1
27,-45,D.5
28,-45,H.3
29,-45,D.4
30,-45,H.3
31,-45,H.1
32,-45,D.5
33,-45,H.3
34,-45,D.4
35,-45,H.3
36,-45,H.1
37,-45,D.5
38,-45,H.3
39,-45,H.1
40,-45,D.5
41,-45,H.3
42,-45,D.4
43,-45,H.3
44,-45,H.1
45,-45,D.5
46,-45,H.3
47,-45,D.4
48,-45,H.3
49,-45,H.1
50,-45,D.5
51,-45,H.3
52,-45,H.1
53,-45,D.5
54,-45,H.3
55,-45,D.4
56,-45,H.3
57,-45,H.1
58,-45,D.5
59,-45,H.3
60,-45,D.4
61,-45,H.3
62,-45,H.1
63,-45,D.5
64,-45,H.3
65,-45,H.1
66,-45,D.5
67,-45,H.3
73,-45,H.1
74,-45,D.5
75,-45,H.3
76,-45,D.4
77,-45,H.3
-22,-44,H.0
-21,-44,D.1
-20,-44,H.0
-19,-44,D.2
-18,-44,H.4
-12,-44,H.0
-11,-44,D.2
-10,-44,H.4
-9,-44,H.0
-8,-44,D.2
-7,-44,H.4
-6,-44,H.0
-5,-44,D.1
-4,-44,H.0
-3,-44,D.2
-2,-44,H.4
-1,-44,H.0
0,-44,D.1
1,-44,H.0
2,-44,D.2
3,-44,H.4
4,-44,H.0
5,-44,D.1
6,-44,H.0
7,-44,D.2
8,-44,H.4
9,-44,H.0
10,-44,D.2
11,-44,H.4
12,-44,H.0
13,-44,D.1
14,-44,H.0
15,-44,D.2
16,-44,H.4
17,-44,H.0
18,-44,D.2
19,-44,H.4
20,-44,H.0
21,-44,D.1
22,-44,H.0
23,-44,D.2
24,-44,H.4
25,-44,H.0
26,-44,D.2
27,-44,H.4
28,-44,H.0
29,-44,D.1
30,-44,H.0
31,-44,D.2
32,-44,H.4
33,-44,H.0
34,-44,D.1
35,-44,H.0
36,-44,D.2
37,-44,H.4
38,-44,H.0
39,-44,D.2
40,-44,H.4
41,-44,H.0
42,-44,D.1
43,-44,H.0
44,-44,D.2
45,-44,H.4
46,-44,H.0
47,-44,D.1
48,-44,H.0
49,-44,D.2
50,-44,H.4
51,-44,H.0
52,-44,D.2
53,-44,H.4
54,-44,H.0
55,-44,D.1
56,-44,H.0
57,-44,D.2
58,-44,H.4
59,-44,H.0
60,-44,D.1
61,-44,H.0
62,-44,D.2
63,-44,H.4
64,-44,H.0
65,-44,D.2
66,-44,H.4
72,-44,H.0
73,-44,D.2
74,-44,H.4
75,-44,H.0
76,-44,D.1
-22,-43,H.5
-21,-43,H.1
-20,-43,H.2
-19,-43,H.1
-18,-43,H.2
-16,-43,H.1
-15,-43,H.2
-12,-43,H.2
-11,-43,H.1
-10,-43,H.2
-9,-43,H.5
-8,-43,H.1
-7,-43,H.2
-6,-43,H.5
-5,-43,H.4
-4,-43,H.5
-3,-43,H.1
-2,-43,H.2
-1,-43,H.5
0,-43,H.1
1,-43,H.2
2,-43,H.1
3,-43,H.2
4,-43,H.5
5,-43,H.1
6,-43,H.2
7,-43,H.1
8,-43,H.2
9,-43,H.5
10,-43,H.1
11,-43,H.2
12,-43,H.5
13,-43,H.1
14,-43,H.2
15,-43,H.1
16,-43,H.2
17,-43,H.5
18,-43,H.1
19,-43,H.2
20,-43,H.5
21,-43,H.4
22,-43,H.2
23,-43,H.1
24,-43,H.2
25,-43,H.5
26,-43,H.1
27,-43,H.2
28,-43,H.5
29,-43,H.4
30,-43,H.5
31,-43,H.1
32,-43,H.2
33,-43,H.5
34,-43,H.1
35,-43,H.2
36,-43,H.1
37,-43,H.2
38,-43,H.5
39,-43,H.1
40,-43,H.2
41,-43,H.5
42,-43,H.4
43,-43,H.2
44,-43,H.1
45,-43,H.2
46,-43,H.5
47,-43,H.1
48,-43,H.2
49,-43,H.1
50,-43,H.2
51,-43,H.5
52,-43,H.1
53,-43,H.2
54,-43,H.5
55,-43,H.4
56,-43,H.2
57,-43,H.1
58,-43,H.2
59,-43,H.5
60,-43,H.1
61,-43,H.2
62,-43,H.1
63,-43,H.2
64,-43,H.5
65,-43,H.1
66,-43,H.2
72,-43,H.5
75,-43,H.5
76,-43,H.4
-21,-42,D.4
-20,-42,H.3
-19,-42,D.3
-18,-42,D.0
-17,-42,H.3
-16,-42,D.4
-15,-42,H.3
-14,-42,H.1
-13,-42,D.5
-12,-42,H.3
-11,-42,D.3
-10,-42,D.0
-9,-42,H.3
-8,-42,D.4
-7,-42,H.3
-6,-42,H.1
-5,-42,D.5
-4,-42,H.3
-3,-42,D.3
-2,-42,D.0
-1,-42,H.3
0,-42,D.4
1,-42,H.3
2,-42,D.3
3,-42,D.0
4,-42,H.3
5,-42,D.3
6,-42,D.0
7,-42,D.3
8,-42,D.0
9,-42,H.3
10,-42,D.3
11,-42,D.0
12,-42,H.3
13,-42,D.4
14,-42,H.3
15,-42,D.3
16,-42,D.0
17,-42,H.3
18,-42,D.4
19,-42,H.3
20,-42,H.1
21,-42,D.5
22,-42,H.3
23,-42,D.3
24,-42,D.0
25,-42,H.3
26,-42,D.4
27,-42,H.3
28,-42,H.1
29,-42,D.5
30,-42,H.3
31,-42,D.3
32,-42,D.0
33,-42,H.3
34,-42,D.4
35,-42,H.3
36,-42,D.3
37,-42,D.0
38,-42,H.3
39,-42,D.4
40,-42,H.3
41,-42,H.1
42,-42,D.5
43,-42,H.3
44,-42,D.3
45,-42,D.0
46,-42,H.3
47,-42,D.3
48,-42,D.0
49,-42,D.3
50,-42,D.0
51,-42,H.3
52,-42,D.3
53,-42,D.0
54,-42,H.3
55,-42,D.4
56,-42,H.3
57,-42,D.3
58,-42,D.0
59,-42,H.3
60,-42,D.3
61,-42,D.0
62,-42,D.3
63,-42,D.0
64,-42,H.3
65,-42,D.3
66,-42,D.0
67,-42,H.3
-22,-41,H.0
-21,-41,D.1
-20,-41,H.2
-19,-41,H.5
-18,-41,H.4
-17,-41,H.0
-16,-41,D.1
-15,-41,H.0
-14,-41,D.2
-13,-41,H.4
-12,-41,H.2
-11,-41,H.5
-10,-41,H.4
-9,-41,H.0
-8,-41,D.1
-7,-41,H.0
-6,-41,D.2
-5,-41,H.4
-4,-41,H.2
-3,-41,H.5
-2,-41,H.4
-1,-41,H.0
0,-41,D.1
1,-41,H.2
2,-41,H.5
3,-41,H.4
4,-41,H.2
5,-41,H.5
6,-41,H.4
7,-41,H.5
8,-41,H.4
9,-41,H.2
10,-41,H.5
11,-41,H.4
12,-41,H.0
13,-41,D.1
14,-41,H.2
15,-41,H.5
16,-41,H.4
17,-41,H.0
18,-41,D.1
19,-41,H.0
20,-41,D.2
21,-41,H.4
22,-41,H.2
23,-41,H.5
24,-41,H.4
25,-41,H.0
26,-41,D.1
27,-41,H.0
28,-41,D.2
29,-41,H.4
30,-41,H.2
31,-41,H.5
32,-41,H.4
33,-41,H.0
34,-41,D.1
35,-41,H.2
36,-41,H.5
37,-41,H.4
38,-41,H.0
39,-41,D.1
40,-41,H.0
41,-41,D.2
42,-41,H.4
43,-41,H.2
44,-41,H.5
45,-41,H.4
46,-41,H.2
47,-41,H.5
48,-41,H.4
49,-41,H.5
50,-41,H.4
51,-41,H.2
52,-41,H.5
53,-41,H.4
54,-41,H.0
55,-41,D.1
56,-41,H.2
57,-41,H.5
58,-41,H.4
59,-41,H.2
60,-41,H.5
61,-41,H.4
62,-41,H.5
63,-41,H.4
64,-41,H.2
65,-41,H.5
66,-41,H.4
-24,-40,H.1
-23,-40,H.2
-22,-40,H.5
-21,-40,D.4
-20,-40,H.3
-19,-40,H.1
-18,-40,H.2
-17,-40,H.5
-16,-40,H.1
-15,-40,D.5
-14,-40,H.3
-13,-40,D.4
-12,-40,H.3
-11,-40,H.1
-10,-40,H.2
-9,-40,H.5
-8,-40,H.1
-7,-40,D.5
-6,-40,H.3
-5,-40,D.4
-4,-40,H.3
-3,-40,H.1
-2,-40,H.2
-1,-40,H.5
0,-40,D.4
1,-40,H.3
2,-40,H.1
3,-40,D.5
4,-40,H.3
5,-40,H.1
6,-40,D.5
7,-40,H.3
8,-40,D.4
9,-40,H.3
10,-40,H.1
11,-40,H.2
12,-40,H.5
13,-40,D.4
14,-40,H.3
15,-40,H.1
16,-40,H.2
17,-40,H.5
18,-40,H.1
19,-40,D.5
20,-40,H.3
21,-40,D.4
22,-40,H.3
23,-40,H.1
24,-40,H.2
25,-40,H.5
26,-40,H.1
27,-40,D.5
28,-40,H.3
29,-40,D.4
30,-40,H.3
31,-40,H.1
32,-40,H.2
33,-40,H.5
34,-40,D.4
35,-40,H.3
36,-40,H.1
37,-40,H.2
38,-40,H.5
39,-40,H.1
40,-40,D.5
41,-40,H.3
42,-40,D.4
43,-40,H.3
44,-40,H.1
45,-40,D.5
46,-40,H.3
47,-40,H.1
48,-40,D.5
49,-40,H.3
50,-40,D.4
51,-40,H.3
52,-40,H.1
53,-40,H.2
54,-40,H.5
55,-40,D.4
56,-40,H.3
57,-40,H.1
58,-40,D.5
59,-40,H.3
60,-40,H.1
61,-40,D.5
62,-40,H.3
63,-40,D.4
64,-40,H.3
-25,-39,H.0
-24,-39,D.3
-23,-39,D.0
-22,-39,H.0
-21,-39,D.1
-20,-39,H.0
-19,-39,D.3
-18,-39,D.0
-17,-39,H.0
-16,-39,D.2
-15,-39,H.4
-14,-39,H.0
-13,-39,D.1
-12,-39,H.0
-11,-39,D.3
-10,-39,D.0
-9,-39,H.0
-8,-39,D.2
-7,-39,H.4
-6,-39,H.0
-5,-39,D.1
-4,-39,H.0
-3,-39,D.3
-2,-39,D.0
-1,-39,H.0
0,-39,D.1
1,-39,H.0
2,-39,D.2
3,-39,H.4
4,-39,H.0
5,-39,D.2
6,-39,H.4
7,-39,H.0
8,-39,D.1
9,-39,H.0
10,-39,D.3
11,-39,D.0
12,-39,H.0
13,-39,D.1
14,-39,H.0
15,-39,D.3
16,-39,D.0
17,-39,H.0
18,-39,D.2
19,-39,H.4
20,-39,H.0
21,-39,D.1
22,-39,H.0
23,-39,D.3
24,-39,D.0
25,-39,H.0
26,-39,D.2
27,-39,H.4
28,-39,H.0
29,-39,D.1
30,-39,H.0
31,-39,D.3
32,-39,D.0
33,-39,H.0
34,-39,D.1
35,-39,H.0
36,-39,D.3
37,-39,D.0
38,-39,H.0
39,-39,D.2
40,-39,H.4
41,-39,H.0
42,-39,D.1
43,-39,H.0
44,-39,D.2
45,-39,H.4
46,-39,H.0
47,-39,D.2
48,-39,H.4
49,-39,H.0
50,-39,D.1
51,-39,H.0
52,-39,D.3
53,-39,D.0
54,-39,H.0
55,-39,D.1
56,-39,H.0
57,-39,D.2
58,-39,H.4
59,-39,H.0
60,-39,D.2
61,-39,H.4
62,-39,H.0
63,-39,D.1
-29,-38,H.1
-28,-38,H.2
-25,-38,H.2
-24,-38,H.5
-23,-38,H.4
-22,-38,H.5
-21,-38,H.1
-20,-38,H.2
-19,-38,H.5
-18,-38,H.4
-17,-38,H.2
-16,-38,H.1
-15,-38,H.2
-14,-38,H.5
-13,-38,H.4
-12,-38,H.2
-11,-38,H.5
-10,-38,H.4
-9,-38,H.5
-8,-38,H.1
-7,-38,H.2
-6,-38,H.5
-5,-38,H.4
-4,-38,H.2
-3,-38,H.5
-2,-38,H.4
-1,-38,H.5
0,-38,H.1
1,-38,H.2
2,-38,H.1
3,-38,H.2
4,-38,H.5
5,-38,H.1
6,-38,H.2
7,-38,H.5
8,-38,H.4
9,-38,H.2
10,-38,H.5
11,-38,H.4
12,-38,H.5
13,-38,H.1
14,-38,H.2
15,-38,H.5
16,-38,H.4
17,-38,H.2
18,-38,H.1
19,-38,H.2
20,-38,H.5
21,-38,H.4
22,-38,H.2
23,-38,H.5
24,-38,H.4
25,-38,H.5
26,-38,H.1
27,-38,H.2
28,-38,H.5
29,-38,H.4
30,-38,H.2
31,-38,H.5
32,-38,H.4
33,-38,H.5
34,-38,H.1
35,-38,H.2
36,-38,H.5
37,-38,H.4
38,-38,H.2
39,-38,H.1
40,-38,H.2
41,-38,H.5
42,-38,H.4
43,-38,H.2
44,-38,H.1
45,-38,H.2
46,-38,H.5
47,-38,H.1
48,-38,H.2
49,-38,H.5
50,-38,H.4
51,-38,H.2
52,-38,H.5
53,-38,H.4
54,-38,H.5
55,-38,H.4
56,-38,H.2
57,-38,H.1
58,-38,H.2
59,-38,H.5
62,-38,H.5
63,-38,H.4
-29,-37,D.4
-28,-37,H.3
-27,-37,H.1
-26,-37,D.5
-25,-37,H.3
-24,-37,H.1
-23,-37,D.5
-22,-37,H.3
-21,-37,D.4
-20,-37,H.3
-19,-37,H.1
-18,-37,D.5
-17,-37,H.3
-16,-37,D.4
-15,-37,H.3
-14,-37,H.1
-13,-37,D.5
-12,-37,H.3
-11,-37,H.1
-10,-37,D.5
-9,-37,H.3
-8,-37,D.4
-7,-37,H.3
-6,-37,H.1
-5,-37,D.5
-4,-37,H.3
-3,-37,H.1
-2,-37,D.5
-1,-37,H.3
0,-37,D.4
1,-37,H.3
2,-37,D.3
3,-37,D.0
4,-37,H.3
5,-37,D.4
6,-37,H.3
7,-37,H.1
8,-37,D.5
9,-37,H.3
10,-37,H.1
11,-37,D.5
12,-37,H.3
13,-37,D.4
14,-37,H.3
15,-37,H.1
16,-37,D.5
17,-37,H.3
18,-37,D.4
19,-37,H.3
20,-37,H.1
21,-37,D.5
22,-37,H.3
23,-37,H.1
24,-37,D.5
25,-37,H.3
26,-37,D.4
27,-37,H.3
28,-37,H.1
29,-37,D.5
30,-37,H.3
31,-37,H.1
32,-37,D.5
33,-37,H.3
34,-37,D.4
35,-37,H.3
36,-37,H.1
37,-37,D.5
38,-37,H.3
39,-37,D.3
40,-37,D.0
41,-37,H.3
42,-37,D.4
43,-37,H.3
44,-37,D.3
45,-37,D.0
46,-37,H.3
47,-37,D.4
48,-37,H.3
49,-37,H.1
50,-37,D.5
51,-37,H.3
52,-37,H.1
53,-37,D.5
54,-37,H.3
55,-37,D.4
56,-37,H.3
57,-37,D.3
58,-37,D.0
59,-37,H.3
-30,-36,H.0
-29,-36,D.1
-28,-36,H.0
-27,-36,D.2
-26,-36,H.4
-25,-36,H.0
-24,-36,D.2
-23,-36,H.4
-22,-36,H.0
-21,-36,D.1
-20,-36,H.0
-19,-36,D.2
-18,-36,H.4
-17,-36,H.0
-16,-36,D.1
-15,-36,H.0
-14,-36,D.2
-13,-36,H.4
-12,-36,H.0
-11,-36,D.2
-10,-36,H.4
-9,-36,H.0
-8,-36,D.1
-7,-36,H.0
-6,-36,D.2
-5,-36,H.4
-4,-36,H.0
-3,-36,D.2
-2,-36,H.4
-1,-36,H.0
0,-36,D.1
1,-36,H.2
2,-36,H.5
3,-36,H.4
4,-36,H.0
5,-36,D.1
6,-36,H.0
7,-36,D.2
8,-36,H.4
9,-36,H.0
10,-36,D.2
11,-36,H.4
12,-36,H.0
13,-36,D.1
14,-36,H.0
15,-36,D.2
16,-36,H.4
17,-36,H.0
18,-36,D.1
19,-36,H.0
20,-36,D.2
21,-36,H.4
22,-36,H.0
23,-36,D.2
24,-36,H.4
25,-36,H.0
26,-36,D.1
27,-36,H.0
28,-36,D.2
29,-36,H.4
30,-36,H.0
31,-36,D.2
32,-36,H.4
33,-36,H.0
34,-36,D.1
35,-36,H.0
36,-36,D.2
37,-36,H.4
38,-36,H.2
39,-36,H.5
40,-36,H.4
41,-36,H.0
42,-36,D.1
43,-36,H.2
44,-36,H.5
45,-36,H.4
46,-36,H.0
47,-36,D.1
48,-36,H.0
49,-36,D.2
50,-36,H.4
51,-36,H.0
52,-36,D.2
53,-36,H.4
54,-36,H.0
55,-36,D.1
56,-36,H.2
57,-36,H.5
58,-36,H.4
-32,-35,H.1
-31,-35,H.2
-30,-35,H.5
-29,-35,H.1
-28,-35,H.2
-27,-35,H.1
-26,-35,H.2
-25,-35,H.5
-24,-35,H.1
-23,-35,H.2
-22,-35,H.5
-21,-35,H.1
-20,-35,H.2
-19,-35,H.1
-18,-35,H.2
-17,-35,H.5
-16,-35,H.1
-15,-35,H.2
-14,-35,H.1
-13,-35,H.2
-12,-35,H.5
-11,-35,H.1
-10,-35,H.2
-9,-35,H.5
-8,-35,H.1
-7,-35,H.2
-6,-35,H.1
-5,-35,H.2
-4,-35,H.5
-3,-35,H.1
-2,-35,H.2
-1,-35,H.5
0,-35,D.4
1,-35,H.3
2,-35,H.1
3,-35,H.2
4,-35,H.5
5,-35,H.1
6,-35,H.2
7,-35,H.1
8,-35,H.2
9,-35,H.5
10,-35,H.1
11,-35,H.2
12,-35,H.5
13,-35,H.1
14,-35,H.2
15,-35,H.1
16,-35,H.2
17,-35,H.5
18,-35,H.1
19,-35,H.2
20,-35,H.1
21,-35,H.2
22,-35,H.5
23,-35,H.1
24,-35,H.2
25,-35,H.5
26,-35,H.1
27,-35,H.2
28,-35,H.1
29,-35,H.2
30,-35,H.5
31,-35,H.1
32,-35,H.2
33,-35,H.5
34,-35,H.1
35,-35,D.5
36,-35,H.3
37,-35,D.4
38,-35,H.3
39,-35,H.1
40,-35,H.2
41,-35,H.5
42,-35,D.4
43,-35,H.3
44,-35,H.1
45,-35,H.2
46,-35,H.5
47,-35,H.1
48,-35,H.2
49,-35,H.1
50,-35,H.2
51,-35,H.5
52,-35,H.1
53,-35,H.2
54,-35,H.5
55,-35,D.4
56,-35,H.3
-33,-34,H.0
-32,-34,D.3
-31,-34,D.0
-30,-34,H.0
-29,-34,D.3
-28,-34,D.0
-27,-34,D.3
-26,-34,D.0
-25,-34,H.0
-24,-34,D.3
-23,-34,D.0
-22,-34,H.0
-21,-34,D.3
-20,-34,D.0
-19,-34,D.3
-18,-34,D.0
-17,-34,H.0
-16,-34,D.3
-15,-34,D.0
-14,-34,D.3
-13,-34,D.0
-12,-34,H.0
-11,-34,D.3
-10,-34,D.0
-9,-34,H.0
-8,-34,D.3
-7,-34,D.0
-6,-34,D.3
-5,-34,D.0
-4,-34,H.0
-3,-34,D.3
-2,-34,D.0
-1,-34,H.0
0,-34,D.1
1,-34,H.0
2,-34,D.3
3,-34,D.0
4,-34,H.0
5,-34,D.3
6,-34,D.0
7,-34,D.3
8,-34,D.0
9,-34,H.0
10,-34,D.3
11,-34,D.0
12,-34,H.0
13,-34,D.3
14,-34,D.0
15,-34,D.3
16,-34,D.0
17,-34,H.0
18,-34,D.3
19,-34,D.0
20,-34,D.3
21,-34,D.0
22,-34,H.0
23,-34,D.3
24,-34,D.0
25,-34,H.0
26,-34,D.3
27,-34,D.0
28,-34,D.3
29,-34,D.0
30,-34,H.0
31,-34,D.3
32,-34,D.0
33,-34,H.0
34,-34,D.2
35,-34,H.4
36,-34,H.0
37,-34,D.1
38,-34,H.0
39,-34,D.3
40,-34,D.0
41,-34,H.0
42,-34,D.1
43,-34,H.0
44,-34,D.3
45,-34,D.0
46,-34,H.0
47,-34,D.3
48,-34,D.0
49,-34,D.3
50,-34,D.0
51,-34,H.0
52,-34,D.3
53,-34,D.0
54,-34,H.0
55,-34,D.1
-55,-33,H.1
-54,-33,H.2
-51,-33,H.2
-43,-33,H.2
-32,-33,H.5
-31,-33,H.4
-29,-33,H.5
-28,-33,H.4
-27,-33,H.5
-26,-33,H.4
-25,-33,H.2
-24,-33,H.5
-23,-33,H.4
-22,-33,H.2
-21,-33,H.5
-20,-33,H.4
-19,-33,H.5
-18,-33,H.4
-17,-33,H.2
-16,-33,H.5
-15,-33,H.4
-14,-33,H.5
-13,-33,H.4
-12,-33,H.2
-11,-33,H.5
-10,-33,H.4
-9,-33,H.2
-8,-33,H.5
-7,-33,H.4
-6,-33,H.5
-5,-33,H.4
-4,-33,H.2
-3,-33,H.5
-2,-33,H.4
-1,-33,H.5
0,-33,H.1
1,-33,H.2
2,-33,H.5
3,-33,H.4
4,-33,H.2
5,-33,H.5
6,-33,H.4
7,-33,H.5
8,-33,H.4
9,-33,H.2
10,-33,H.5
11,-33,H.4
12,-33,H.2
13,-33,H.5
14,-33,H.4
15,-33,H.5
16,-33,H.4
17,-33,H.2
18,-33,H.5
19,-33,H.4
20,-33,H.5
21,-33,H.4
22,-33,H.2
23,-33,H.5
24,-33,H.4
25,-33,H.2
26,-33,H.5
27,-33,H.4
28,-33,H.5
29,-33,H.4
30,-33,H.2
31,-33,H.5
32,-33,H.4
33,-33,H.2
34,-33,H.1
35,-33,H.2
36,-33,H.5
37,-33,H.4
38,-33,H.2
39,-33,H.5
40,-33,H.4
41,-33,H.5
42,-33,H.4
43,-33,H.2
44,-33,H.5
45,-33,H.4
46,-33,H.2
47,-33,H.5
48,-33,H.4
49,-33,H.5
50,-33,H.4
51,-33,H.2
52,-33,H.5
53,-33,H.4
54,-33,H.5
55,-33,H.4
56,-33,H.2
59,-33,H.2
67,-33,H.2
-55,-32,D.4
-54,-32,H.3
-53,-32,H.1
-52,-32,D.5
-51,-32,H.3
-45,-32,H.1
-44,-32,D.5
-43,-32,H.3
-29,-32,H.1
-28,-32,D.5
-27,-32,H.3
-26,-32,D.4
-25,-32,H.3
-24,-32,H.1
-23,-32,D.5
-22,-32,H.3
-21,-32,H.1
-20,-32,D.5
-19,-32,H.3
-18,-32,D.4
-17,-32,H.3
-16,-32,H.1
-15,-32,D.5
-14,-32,H.3
-13,-32,D.4
-12,-32,H.3
-11,-32,H.1
-10,-32,D.5
-9,-32,H.3
-8,-32,H.1
-7,-32,D.5
-6,-32,H.3
-5,-32,D.4
-4,-32,H.3
-3,-32,H.1
-2,-32,D.5
-1,-32,H.3
0,-32,D.4
1,-32,H.3
2,-32,H.1
3,-32,D.5
4,-32,H.3
5,-32,H.1
6,-32,D.5
7,-32,H.3
8,-32,D.4
9,-32,H.3
10,-32,H.1
11,-32,D.5
12,-32,H.3
13,-32,H.1
14,-32,D.5
15,-32,H.3
16,-32,D.4
17,-32,H.3
18,-32,H.1
19,-32,D.5
20,-32,H.3
21,-32,D.4
22,-32,H.3
23,-32,H.1
24,-32,D.5
25,-32,H.3
26,-32,H.1
27,-32,D.5
28,-32,H.3
29,-32,D.4
30,-32,H.3
31,-32,H.1
32,-32,D.5
33,-32,H.3
34,-32,D.4
35,-32,H.3
36,-32,H.1
37,-32,D.5
38,-32,H.3
39,-32,H.1
40,-32,D.5
41,-32,H.3
42,-32,D.4
43,-32,H.3
44,-32,H.1
45,-32,D.5
46,-32,H.3
47,-32,H.1
48,-32,D.5
49,-32,H.3
50,-32,D.4
51,-32,H.3
52,-32,H.1
53,-32,D.5
54,-32,H.3
55,-32,D.4
56,-32,H.3
57,-32,H.1
58,-32,D.5
59,-32,H.3
65,-32,H.1
66,-32,D.5
67,-32,H.3
-56,-31,H.0
-55,-31,D.1
-54,-31,H.0
-53,-31,D.2
-52,-31,H.4
-46,-31,H.0
-45,-31,D.2
-44,-31,H.4
-30,-31,H.0
-29,-31,D.2
-28,-31,H.4
-27,-31,H.0
-26,-31,D.1
-25,-31,H.0
-24,-31,D.2
-23,-31,H.4
-22,-31,H.0
-21,-31,D.2
-20,-31,H.4
-19,-31,H.0
-18,-31,D.1
-17,-31,H.0
-16,-31,D.2
-15,-31,H.4
-14,-31,H.0
-13,-31,D.1
-12,-31,H.0
-11,-31,D.2
-10,-31,H.4
-9,-31,H.0
-8,-31,D.2
-7,-31,H.4
-6,-31,H.0
-5,-31,D.1
-4,-31,H.0
-3,-31,D.2
-2,-31,H.4
-1,-31,H.0
0,-31,D.1
1,-31,H.0
2,-31,D.2
3,-31,H.4
4,-31,H.0
5,-31,D.2
6,-31,H.4
7,-31,H.0
8,-31,D.1
9,-31,H.0
10,-31,D.2
11,-31,H.4
12,-31,H.0
13,-31,D.2
14,-31,H.4
15,-31,H.0
16,-31,D.1
17,-31,H.0
18,-31,D.2
19,-31,H.4
20,-31,H.0
21,-31,D.1
22,-31,H.0
23,-31,D.2
24,-31,H.4
25,-31,H.0
26,-31,D.2
27,-31,H.4
28,-31,H.0
29,-31,D.1
30,-31,H.0
31,-31,D.2
32,-31,H.4
33,-31,H.0
34,-31,D.1
35,-31,H.0
36,-31,D.2
37,-31,H.4
38,-31,H.0
39,-31,D.2
40,-31,H.4
41,-31,H.0
42,-31,D.1
43,-31,H.0
44,-31,D.2
45,-31,H.4
46,-31,H.0
47,-31,D.2
48,-31,H.4
49,-31,H.0
50,-31,D.1
51,-31,H.0
52,-31,D.2
53,-31,H.4
54,-31,H.0
55,-31,D.1
56,-31,H.0
57,-31,D.2
58,-31,H.4
64,-31,H.0
65,-31,D.2
66,-31,H.4
-56,-30,H.5
-55,-30,H.1
-54,-30,H.2
-53,-30,H.1
-52,-30,H.2
-50,-30,H.1
-49,-30,H.2
-46,-30,H.2
-45,-30,H.1
-44,-30,H.2
-30,-30,H.5
-29,-30,H.1
-28,-30,H.2
-27,-30,H.5
-26,-30,H.4
-25,-30,H.2
-24,-30,H.1
-23,-30,H.2
-22,-30,H.5
-21,-30,H.1
-20,-30,H.2
-19,-30,H.5
-18,-30,H.4
-17,-30,H.5
-16,-30,H.1
-15,-30,H.2
-14,-30,H.5
-13,-30,H.4
-12,-30,H.2
-11,-30,H.1
-10,-30,H.2
-9,-30,H.5
-8,-30,H.1
-7,-30,H.2
-6,-30,H.5
-5,-30,H.4
-4,-30,H.5
-3,-30,H.1
-2,-30,H.2
-1,-30,H.5
0,-30,H.1
1,-30,H.2
2,-30,H.1
3,-30,H.2
4,-30,H.5
5,-30,H.1
6,-30,H.2
7,-30,H.5
8,-30,H.4
9,-30,H.2
10,-30,H.1
11,-30,H.2
12,-30,H.5
13,-30,H.1
14,-30,H.2
15,-30,H.5
16,-30,H.4
17,-30,H.5
18,-30,H.1
19,-30,H.2
20,-30,H.5
21,-30,H.4
22,-30,H.2
23,-30,H.1
24,-30,H.2
25,-30,H.5
26,-30,H.1
27,-30,H.2
28,-30,H.5
29,-30,H.4
30,-30,H.2
31,-30,H.1
32,-30,H.2
33,-30,H.5
34,-30,H.1
35,-30,H.2
36,-30,H.1
37,-30,H.2
38,-30,H.5
39,-30,H.1
40,-30,H.2
41,-30,H.5
42,-30,H.4
43,-30,H.2
44,-30,H.1
45,-30,H.2
46,-30,H.5
47,-30,H.1
48,-30,H.2
49,-30,H.5
50,-30,H.4
51,-30,H.5
52,-30,H.1
53,-30,H.2
54,-30,H.5
55,-30,H.4
56,-30,H.2
57,-30,H.1
58,-30,H.2
60,-30,H.1
61,-30,H.2
64,-30,H.2
65,-30,H.1
66,-30,H.2
-55,-29,D.4
-54,-29,H.3
-53,-29,D.3
-52,-29,D.0
-51,-29,H.3
-50,-29,D.4
-49,-29,H.3
-48,-29,H.1
-47,-29,D.5
-46,-29,H.3
-45,-29,D.3
-44,-29,D.0
-43,-29,H.3
-29,-29,D.4
-28,-29,H.3
-27,-29,H.1
-26,-29,D.5
-25,-29,H.3
-24,-29,D.3
-23,-29,D.0
-22,-29,H.3
-21,-29,D.4
-20,-29,H.3
-19,-29,H.1
-18,-29,D.5
-17,-29,H.3
-16,-29,D.3
-15,-29,D.0
-14,-29,H.3
-13,-29,D.4
-12,-29,H.3
-11,-29,D.3
-10,-29,D.0
-9,-29,H.3
-8,-29,D.4
-7,-29,H.3
-6,-29,H.1
-5,-29,D.5
-4,-29,H.3
-3,-29,D.3
-2,-29,D.0
-1,-29,H.3
0,-29,D.4
1,-29,H.3
2,-29,D.3
3,-29,D.0
4,-29,H.3
5,-29,D.4
6,-29,H.3
7,-29,H.1
8,-29,D.5
9,-29,H.3
10,-29,D.3
11,-29,D.0
12,-29,H.3
13,-29,D.4
14,-29,H.3
15,-29,H.1
16,-29,D.5
17,-29,H.3
18,-29,D.3
19,-29,D.0
20,-29,H.3
21,-29,D.4
22,-29,H.3
23,-29,D.3
24,-29,D.0
25,-29,H.3
26,-29,D.4
27,-29,H.3
28,-29,H.1
29,-29,D.5
30,-29,H.3
31,-29,D.3
32,-29,D.0
33,-29,H.3
34,-29,D.4
35,-29,H.3
36,-29,D.3
37,-29,D.0
38,-29,H.3
39,-29,D.4
40,-29,H.3
41,-29,H.1
42,-29,D.5
43,-29,H.3
44,-29,D.3
45,-29,D.0
46,-29,H.3
47,-29,D.4
48,-29,H.3
49,-29,H.1
50,-29,D.5
51,-29,H.3
52,-29,D.3
53,-29,D.0
54,-29,H.3
55,-29,D.4
56,-29,H.3
57,-29,D.3
58,-29,D.0
59,-29,H.3
60,-29,D.4
61,-29,H.3
62,-29,H.1
63,-29,D.5
64,-29,H.3
65,-29,D.3
66,-29,D.0
67,-29,H.3
-56,-28,H.0
-55,-28,D.1
-54,-28,H.2
-53,-28,H.5
-52,-28,H.4
-51,-28,H.0
-50,-28,D.1
-49,-28,H.0
-48,-28,D.2
-47,-28,H.4
-46,-28,H.2
-45,-28,H.5
-44,-28,H.4
-30,-28,H.0
-29,-28,D.1
-28,-28,H.0
-27,-28,D.2
-26,-28,H.4
-25,-28,H.2
-24,-28,H.5
-23,-28,H.4
-22,-28,H.0
-21,-28,D.1
-20,-28,H.0
-19,-28,D.2
-18,-28,H.4
-17,-28,H.2
-16,-28,H.5
-15,-28,H.4
-14,-28,H.0
-13,-28,D.1
-12,-28,H.2
-11,-28,H.5
-10,-28,H.4
-9,-28,H.0
-8,-28,D.1
-7,-28,H.0
-6,-28,D.2
-5,-28,H.4
-4,-28,H.2
-3,-28,H.5
-2,-28,H.4
-1,-28,H.0
0,-28,D.1
1,-28,H.2
2,-28,H.5
3,-28,H.4
4,-28,H.0
5,-28,D.1
6,-28,H.0
7,-28,D.2
8,-28,H.4
9,-28,H.2
10,-28,H.5
11,-28,H.4
12,-28,H.0
13,-28,D.1
14,-28,H.0
15,-28,D.2
16,-28,H.4
17,-28,H.2
18,-28,H.5
19,-28,H.4
20,-28,H.0
21,-28,D.1
22,-28,H.2
23,-28,H.5
24,-28,H.4
25,-28,H.0
26,-28,D.1
27,-28,H.0
28,-28,D.2
29,-28,H.4
30,-28,H.2
31,-28,H.5
32,-28,H.4
33,-28,H.0
34,-28,D.1
35,-28,H.2
36,-28,H.5
37,-28,H.4
38,-28,H.0
39,-28,D.1
40,-28,H.0
41,-28,D.2
42,-28,H.4
43,-28,H.2
44,-28,H.5
45,-28,H.4
46,-28,H.0
47,-28,D.1
48,-28,H.0
49,-28,D.2
50,-28,H.4
51,-28,H.2
52,-28,H.5
53,-28,H.4
54,-28,H.0
55,-28,D.1
56,-28,H.2
57,-28,H.5
58,-28,H.4
59,-28,H.0
60,-28,D.1
61,-28,H.0
62,-28,D.2
63,-28,H.4
64,-28,H.2
65,-28,H.5
66,-28,H.4
-58,-27,H.1
-57,-27,H.2
-56,-27,H.5
-55,-27,D.4
-54,-27,H.3
-53,-27,H.1
-52,-27,H.2
-51,-27,H.5
-50,-27,H.1
-49,-27,D.5
-48,-27,H.3
-47,-27,D.4
-46,-27,H.3
-32,-27,H.1
-31,-27,H.2
-30,-27,H.5
-29,-27,H.1
-28,-27,D.5
-27,-27,H.3
-26,-27,D.4
-25,-27,H.3
-24,-27,H.1
-23,-27,H.2
-22,-27,H.5
-21,-27,H.1
-20,-27,D.5
-19,-27,H.3
-18,-27,D.4
-17,-27,H.3
-16,-27,H.1
-15,-27,H.2
-14,-27,H.5
-13,-27,D.4
-12,-27,H.3
-11,-27,H.1
-10,-27,H.2
-9,-27,H.5
-8,-27,H.1
-7,-27,D.5
-6,-27,H.3
-5,-27,D.4
-4,-27,H.3
-3,-27,H.1
-2,-27,H.2
-1,-27,H.5
0,-27,D.4
1,-27,H.3
2,-27,H.1
3,-27,H.2
4,-27,H.5
5,-27,H.1
6,-27,D.5
7,-27,H.3
8,-27,D.4
9,-27,H.3
10,-27,H.1
11,-27,H.2
12,-27,H.5
13,-27,H.1
14,-27,D.5
15,-27,H.3
16,-27,D.4
17,-27,H.3
18,-27,H.1
19,-27,H.2
20,-27,H.5
21,-27,D.4
22,-27,H.3
23,-27,H.1
24,-27,H.2
25,-27,H.5
26,-27,H.1
27,-27,D.5
28,-27,H.3
29,-27,D.4
30,-27,H.3
31,-27,H.1
32,-27,H.2
33,-27,H.5
34,-27,D.4
35,-27,H.3
36,-27,H.1
37,-27,H.2
38,-27,H.5
39,-27,H.1
40,-27,D.5
41,-27,H.3
42,-27,D.4
43,-27,H.3
44,-27,H.1
45,-27,H.2
46,-27,H.5
47,-27,H.1
48,-27,D.5
49,-27,H.3
50,-27,D.4
51,-27,H.3
52,-27,H.1
53,-27,H.2
54,-27,H.5
55,-27,D.4
56,-27,H.3
57,-27,H.1
58,-27,H.2
59,-27,H.5
60,-27,H.1
61,-27,D.5
62,-27,H.3
63,-27,D.4
64,-27,H.3
-59,-26,H.0
-58,-26,D.3
-57,-26,D.0
-56,-26,H.0
-55,-26,D.1
-54,-26,H.0
-53,-26,D.3
-52,-26,D.0
-51,-26,H.0
-50,-26,D.2
-49,-26,H.4
-48,-26,H.0
-47,-26,D.1
-33,-26,H.0
-32,-26,D.3
-31,-26,D.0
-30,-26,H.0
-29,-26,D.2
-28,-26,H.4
-27,-26,H.0
-26,-26,D.1
-25,-26,H.0
-24,-26,D.3
-23,-26,D.0
-22,-26,H.0
-21,-26,D.2
-20,-26,H.4
-19,-26,H.0
-18,-26,D.1
-17,-26,H.0
-16,-26,D.3
-15,-26,D.0
-14,-26,H.0
-13,-26,D.1
-12,-26,H.0
-11,-26,D.3
-10,-26,D.0
-9,-26,H.0
-8,-26,D.2
-7,-26,H.4
-6,-26,H.0
-5,-26,D.1
-4,-26,H.0
-3,-26,D.3
-2,-26,D.0
-1,-26,H.0
0,-26,D.1
1,-26,H.0
2,-26,D.3
3,-26,D.0
4,-26,H.0
5,-26,D.2
6,-26,H.4
7,-26,H.0
8,-26,D.1
9,-26,H.0
10,-26,D.3
11,-26,D.0
12,-26,H.0
13,-26,D.2
14,-26,H.4
15,-26,H.0
16,-26,D.1
17,-26,H.0
18,-26,D.3
19,-26,D.0
20,-26,H.0
21,-26,D.1
22,-26,H.0
23,-26,D.3
24,-26,D.0
25,-26,H.0
26,-26,D.2
27,-26,H.4
28,-26,H.0
29,-26,D.1
30,-26,H.0
31,-26,D.3
32,-26,D.0
33,-26,H.0
34,-26,D.1
35,-26,H.0
36,-26,D.3
37,-26,D.0
38,-26,H.0
39,-26,D.2
40,-26,H.4
41,-26,H.0
42,-26,D.1
43,-26,H.0
44,-26,D.3
45,-26,D.0
46,-26,H.0
47,-26,D.2
48,-26,H.4
49,-26,H.0
50,-26,D.1
51,-26,H.0
52,-26,D.3
53,-26,D.0
54,-26,H.0
55,-26,D.1
56,-26,H.0
57,-26,D.3
58,-26,D.0
59,-26,H.0
60,-26,D.2
61,-26,H.4
62,-26,H.0
63,-26,D.1
-58,-25,H.5
-57,-25,H.4
-56,-25,H.5
-55,-25,H.1
-54,-25,H.2
-53,-25,H.5
-52,-25,H.4
-51,-25,H.2
-50,-25,H.1
-49,-25,H.2
-48,-25,H.5
-47,-25,H.4
-46,-25,H.2
-42,-25,H.1
-41,-25,H.2
-38,-25,H.2
-32,-25,H.5
-31,-25,H.4
-30,-25,H.2
-29,-25,H.1
-28,-25,H.2
-27,-25,H.5
-26,-25,H.4
-25,-25,H.2
-24,-25,H.5
-23,-25,H.4
-22,-25,H.5
-21,-25,H.1
-20,-25,H.2
-19,-25,H.5
-18,-25,H.4
-17,-25,H.2
-16,-25,H.5
-15,-25,H.4
-14,-25,H.5
-13,-25,H.4
-12,-25,H.2
-11,-25,H.5
-10,-25,H.4
-9,-25,H.5
-8,-25,H.1
-7,-25,H.2
-6,-25,H.5
-5,-25,H.4
-4,-25,H.2
-3,-25,H.5
-2,-25,H.4
-1,-25,H.5
0,-25,H.1
1,-25,H.2
2,-25,H.5
3,-25,H.4
4,-25,H.2
5,-25,H.1
6,-25,H.2
7,-25,H.5
8,-25,H.4
9,-25,H.2
10,-25,H.5
11,-25,H.4
12,-25,H.5
13,-25,H.1
14,-25,H.2
15,-25,H.5
16,-25,H.4
17,-25,H.2
18,-25,H.5
19,-25,H.4
20,-25,H.5
21,-25,H.4
22,-25,H.2
23,-25,H.5
24,-25,H.4
25,-25,H.2
26,-25,H.1
27,-25,H.2
28,-25,H.5
29,-25,H.4
30,-25,H.2
31,-25,H.5
32,-25,H.4
33,-25,H.5
34,-25,H.1
35,-25,H.2
36,-25,H.5
37,-25,H.4
38,-25,H.2
39,-25,H.1
40,-25,H.2
41,-25,H.5
42,-25,H.4
43,-25,H.2
44,-25,H.5
45,-25,H.4
46,-25,H.5
47,-25,H.1
48,-25,H.2
49,-25,H.5
50,-25,H.4
51,-25,H.2
52,-25,H.5
53,-25,H.4
54,-25,H.5
55,-25,H.4
56,-25,H.2
57,-25,H.5
58,-25,H.4
59,-25,H.2
60,-25,H.1
61,-25,H.2
62,-25,H.5
63,-25,H.4
64,-25,H.2
-58,-24,H.1
-57,-24,D.5
-56,-24,H.3
-55,-24,D.4
-54,-24,H.3
-53,-24,H.1
-52,-24,D.5
-51,-24,H.3
-50,-24,D.4
-49,-24,H.3
-48,-24,H.1
-47,-24,D.5
-46,-24,H.3
-42,-24,D.4
-41,-24,H.3
-40,-24,H.1
-39,-24,D.5
-38,-24,H.3
-32,-24,H.1
-31,-24,D.5
-30,-24,H.3
-29,-24,D.4
-28,-24,H.3
-27,-24,H.1
-26,-24,D.5
-25,-24,H.3
-24,-24,H.1
-23,-24,D.5
-22,-24,H.3
-21,-24,D.4
-20,-24,H.3
-19,-24,H.1
-18,-24,D.5
-17,-24,H.3
-16,-24,H.1
-15,-24,D.5
-14,-24,H.3
-13,-24,D.4
-12,-24,H.3
-11,-24,H.1
-10,-24,D.5
-9,-24,H.3
-8,-24,D.4
-7,-24,H.3
-6,-24,H.1
-5,-24,D.5
-4,-24,H.3
-3,-24,H.1
-2,-24,D.5
-1,-24,H.3
0,-24,D.4
1,-24,H.3
2,-24,H.1
3,-24,D.5
4,-24,H.3
5,-24,D.4
6,-24,H.3
7,-24,H.1
8,-24,D.5
9,-24,H.3
10,-24,H.1
11,-24,D.5
12,-24,H.3
13,-24,D.4
14,-24,H.3
15,-24,H.1
16,-24,D.5
17,-24,H.3
18,-24,H.1
19,-24,D.5
20,-24,H.3
21,-24,D.4
22,-24,H.3
23,-24,H.1
24,-24,D.5
25,-24,H.3
26,-24,D.4
27,-24,H.3
28,-24,H.1
29,-24,D.5
30,-24,H.3
31,-24,H.1
32,-24,D.5
33,-24,H.3
34,-24,D.4
35,-24,H.3
36,-24,H.1
37,-24,D.5
38,-24,H.3
39,-24,D.4
40,-24,H.3
41,-24,H.1
42,-24,D.5
43,-24,H.3
44,-24,H.1
45,-24,D.5
46,-24,H.3
47,-24,D.4
48,-24,H.3
49,-24,H.1
50,-24,D.5
51,-24,H.3
52,-24,H.1
53,-24,D.5
54,-24,H.3
55,-24,D.4
56,-24,H.3
57,-24,H.1
58,-24,D.5
59,-24,H.3
60,-24,D.4
61,-24,H.3
62,-24,H.1
63,-24,D.5
64,-24,H.3
-59,-23,H.0
-58,-23,D.2
-57,-23,H.4
-56,-23,H.0
-55,-23,D.1
-54,-23,H.0
-53,-23,D.2
-52,-23,H.4
-51,-23,H.0
-50,-23,D.1
-49,-23,H.0
-48,-23,D.2
-47,-23,H.4
-43,-23,H.0
-42,-23,D.1
-41,-23,H.0
-40,-23,D.2
-39,-23,H.4
-33,-23,H.0
-32,-23,D.2
-31,-23,H.4
-30,-23,H.0
-29,-23,D.1
-28,-23,H.0
-27,-23,D.2
-26,-23,H.4
-25,-23,H.0
-24,-23,D.2
-23,-23,H.4
-22,-23,H.0
-21,-23,D.1
-20,-23,H.0
-19,-23,D.2
-18,-23,H.4
-17,-23,H.0
-16,-23,D.2
-15,-23,H.4
-14,-23,H.0
-13,-23,D.1
-12,-23,H.0
-11,-23,D.2
-10,-23,H.4
-9,-23,H.0
-8,-23,D.1
-7,-23,H.0
-6,-23,D.2
-5,-23,H.4
-4,-23,H.0
-3,-23,D.2
-2,-23,H.4
-1,-23,H.0
0,-23,D.1
1,-23,H.0
2,-23,D.2
3,-23,H.4
4,-23,H.0
5,-23,D.1
6,-23,H.0
7,-23,D.2
8,-23,H.4
9,-23,H.0
10,-23,D.2
11,-23,H.4
12,-23,H.0
13,-23,D.1
14,-23,H.0
15,-23,D.2
16,-23,H.4
17,-23,H.0
18,-23,D.2
19,-23,H.4
20,-23,H.0
21,-23,D.1
22,-23,H.0
23,-23,D.2
24,-23,H.4
25,-23,H.0
26,-23,D.1
27,-23,H.0
28,-23,D.2
29,-23,H.4
30,-23,H.0
31,-23,D.2
32,-23,H.4
33,-23,H.0
34,-23,D.1
35,-23,H.0
36,-23,D.2
37,-23,H.4
38,-23,H.0
39,-23,D.1
40,-23,H.0
41,-23,D.2
42,-23,H.4
43,-23,H.0
44,-23,D.2
45,-23,H.4
46,-23,H.0
47,-23,D.1
48,-23,H.0
49,-23,D.2
50,-23,H.4
51,-23,H.0
52,-23,D.2
53,-23,H.4
54,-23,H.0
55,-23,D.1
56,-23,H.0
57,-23,D.2
58,-23,H.4
59,-23,H.0
60,-23,D.1
61,-23,H.0
62,-23,D.2
63,-23,H.4
-59,-22,H.5
-56,-22,H.5
-55,-22,H.1
-54,-22,H.2
-53,-22,H.1
-52,-22,H.2
-51,-22,H.5
-50,-22,H.1
-49,-22,H.2
-48,-22,H.1
-47,-22,H.2
-45,-22,H.1
-44,-22,H.2
-43,-22,H.5
-42,-22,H.1
-41,-22,H.2
-40,-22,H.1
-39,-22,H.2
-37,-22,H.1
-36,-22,H.2
-33,-22,H.2
-32,-22,H.1
-31,-22,H.2
-30,-22,H.5
-29,-22,H.1
-28,-22,H.2
-27,-22,H.1
-26,-22,H.2
-25,-22,H.5
-24,-22,H.1
-23,-22,H.2
-22,-22,H.5
-21,-22,H.1
-20,-22,H.2
-19,-22,H.1
-18,-22,H.2
-17,-22,H.5
-16,-22,H.1
-15,-22,H.2
-14,-22,H.5
-13,-22,H.4
-12,-22,H.5
-11,-22,H.1
-10,-22,H.2
-9,-22,H.5
-8,-22,H.1
-7,-22,H.2
-6,-22,H.1
-5,-22,H.2
-4,-22,H.5
-3,-22,H.1
-2,-22,H.2
-1,-22,H.5
0,-22,H.1
1,-22,H.2
2,-22,H.1
3,-22,H.2
4,-22,H.5
5,-22,H.1
6,-22,H.2
7,-22,H.1
8,-22,H.2
9,-22,H.5
10,-22,H.1
11,-22,H.2
12,-22,H.5
13,-22,H.1
14,-22,H.2
15,-22,H.1
16,-22,H.2
17,-22,H.5
18,-22,H.1
19,-22,H.2
20,-22,H.5
21,-22,H.4
22,-22,H.2
23,-22,H.1
24,-22,H.2
25,-22,H.5
26,-22,H.1
27,-22,H.2
28,-22,H.1
29,-22,H.2
30,-22,H.5
31,-22,H.1
32,-22,H.2
33,-22,H.5
34,-22,H.1
35,-22,H.2
36,-22,H.1
37,-22,H.2
38,-22,H.5
39,-22,H.1
40,-22,H.2
41,-22,H.1
42,-22,H.2
43,-22,H.5
44,-22,H.1
45,-22,H.2
46,-22,H.5
47,-22,H.1
48,-22,H.2
49,-22,H.1
50,-22,H.2
51,-22,H.5
52,-22,H.1
53,-22,H.2
54,-22,H.5
55,-22,H.4
56,-22,H.2
57,-22,H.1
58,-22,H.2
59,-22,H.5
60,-22,H.1
61,-22,H.2
62,-22,H.1
63,-22,H.2
65,-22,H.1
66,-22,H.2
-55,-21,D.4
-54,-21,H.3
-53,-21,D.3
-52,-21,D.0
-51,-21,H.3
-50,-21,D.3
-49,-21,D.0
-48,-21,D.3
-47,-21,D.0
-46,-21,H.3
-45,-21,D.3
-44,-21,D.0
-43,-21,H.3
-42,-21,D.4
-41,-21,H.3
-40,-21,D.3
-39,-21,D.0
-38,-21,H.3
-37,-21,D.4
-36,-21,H.3
-35,-21,H.1
-34,-21,D.5
-33,-21,H.3
-32,-21,D.3
-31,-21,D.0
-30,-21,H.3
-29,-21,D.3
-28,-21,D.0
-27,-21,D.3
-26,-21,D.0
-25,-21,H.3
-24,-21,D.3
-23,-21,D.0
-22,-21,H.3
-21,-21,D.4
-20,-21,H.3
-19,-21,D.3
-18,-21,D.0
-17,-21,H.3
-16,-21,D.4
-15,-21,H.3
-14,-21,H.1
-13,-21,D.5
-12,-21,H.3
-11,-21,D.3
-10,-21,D.0
-9,-21,H.3
-8,-21,D.3
-7,-21,D.0
-6,-21,D.3
-5,-21,D.0
-4,-21,H.3
-3,-21,D.3
-2,-21,D.0
-1,-21,H.3
0,-21,D.4
1,-21,H.3
2,-21,D.3
3,-21,D.0
4,-21,H.3
5,-21,D.3
6,-21,D.0
7,-21,D.3
8,-21,D.0
9,-21,H.3
10,-21,D.3
11,-21,D.0
12,-21,H.3
13,-21,D.4
14,-21,H.3
15,-21,D.3
16,-21,D.0
17,-21,H.3
18,-21,D.4
19,-21,H.3
20,-21,H.1
21,-21,D.5
22,-21,H.3
23,-21,D.3
24,-21,D.0
25,-21,H.3
26,-21,D.3
27,-21,D.0
28,-21,D.3
29,-21,D.0
30,-21,H.3
31,-21,D.3
32,-21,D.0
33,-21,H.3
34,-21,D.4
35,-21,H.3
36,-21,D.3
37,-21,D.0
38,-21,H.3
39,-21,D.3
40,-21,D.0
41,-21,D.3
42,-21,D.0
43,-21,H.3
44,-21,D.3
45,-21,D.0
46,-21,H.3
47,-21,D.4
48,-21,H.3
49,-21,D.3
50,-21,D.0
51,-21,H.3
52,-21,D.4
53,-21,H.3
54,-21,H.1
55,-21,D.5
56,-21,H.3
57,-21,D.3
58,-21,D.0
59,-21,H.3
60,-21,D.3
61,-21,D.0
62,-21,D.3
63,-21,D.0
64,-21,H.3
65,-21,D.3
66,-21,D.0
67,-21,H.3
-56,-20,H.0
-55,-20,D.1
-54,-20,H.2
-53,-20,H.5
-52,-20,H.4
-51,-20,H.2
-50,-20,H.5
-49,-20,H.4
-48,-20,H.5
-47,-20,H.4
-46,-20,H.2
-45,-20,H.5
-44,-20,H.4
-43,-20,H.0
-42,-20,D.1
-41,-20,H.2
-40,-20,H.5
-39,-20,H.4
-38,-20,H.0
-37,-20,D.1
-36,-20,H.0
-35,-20,D.2
-34,-20,H.4
-33,-20,H.2
-32,-20,H.5
-31,-20,H.4
-30,-20,H.2
-29,-20,H.5
-28,-20,H.4
-27,-20,H.5
-26,-20,H.4
-25,-20,H.2
-24,-20,H.5
-23,-20,H.4
-22,-20,H.0
-21,-20,D.1
-20,-20,H.2
-19,-20,H.5
-18,-20,H.4
-17,-20,H.0
-16,-20,D.1
-15,-20,H.0
-14,-20,D.2
-13,-20,H.4
-12,-20,H.2
-11,-20,H.5
-10,-20,H.4
-9,-20,H.2
-8,-20,H.5
-7,-20,H.4
-6,-20,H.5
-5,-20,H.4
-4,-20,H.2
-3,-20,H.5
-2,-20,H.4
-1,-20,H.0
0,-20,D.1
1,-20,H.2
2,-20,H.5
3,-20,H.4
4,-20,H.2
5,-20,H.5
6,-20,H.4
7,-20,H.5
8,-20,H.4
9,-20,H.2
10,-20,H.5
11,-20,H.4
12,-20,H.0
13,-20,D.1
14,-20,H.2
15,-20,H.5
16,-20,H.4
17,-20,H.0
18,-20,D.1
19,-20,H.0
20,-20,D.2
21,-20,H.4
22,-20,H.2
23,-20,H.5
24,-20,H.4
25,-20,H.2
26,-20,H.5
27,-20,H.4
28,-20,H.5
29,-20,H.4
30,-20,H.2
31,-20,H.5
32,-20,H.4
33,-20,H.0
34,-20,D.1
35,-20,H.2
36,-20,H.5
37,-20,H.4
38,-20,H.2
39,-20,H.5
40,-20,H.4
41,-20,H.5
42,-20,H.4
43,-20,H.2
44,-20,H.5
45,-20,H.4
46,-20,H.0
47,-20,D.1
48,-20,H.2
49,-20,H.5
50,-20,H.4
51,-20,H.0
52,-20,D.1
53,-20,H.0
54,-20,D.2
55,-20,H.4
56,-20,H.2
57,-20,H.5
58,-20,H.4
59,-20,H.2
60,-20,H.5
61,-20,H.4
62,-20,H.5
63,-20,H.4
64,-20,H.2
65,-20,H.5
66,-20,H.4
-58,-19,H.1
-57,-19,H.2
-56,-19,H.5
-55,-19,D.4
-54,-19,H.3
-53,-19,H.1
-52,-19,D.5
-51,-19,H.3
-50,-19,H.1
-49,-19,D.5
-48,-19,H.3
-47,-19,D.4
-46,-19,H.3
-45,-19,H.1
-44,-19,H.2
-43,-19,H.5
-42,-19,D.4
-41,-19,H.3
-40,-19,H.1
-39,-19,H.2
-38,-19,H.5
-37,-19,H.1
-36,-19,D.5
-35,-19,H.3
-34,-19,D.4
-33,-19,H.3
-32,-19,H.1
-31,-19,D.5
-30,-19,H.3
-29,-19,H.1
-28,-19,D.5
-27,-19,H.3
-26,-19,D.4
-25,-19,H.3
-24,-19,H.1
-23,-19,H.2
-22,-19,H.5
-21,-19,D.4
-20,-19,H.3
-19,-19,H.1
-18,-19,H.2
-17,-19,H.5
-16,-19,H.1
-15,-19,D.5
-14,-19,H.3
-13,-19,D.4
-12,-19,H.3
-11,-19,H.1
-10,-19,D.5
-9,-19,H.3
-8,-19,H.1
-7,-19,D.5
-6,-19,H.3
-5,-19,D.4
-4,-19,H.3
-3,-19,H.1
-2,-19,H.2
-1,-19,H.5
0,-19,D.4
1,-19,H.3
2,-19,H.1
3,-19,D.5
4,-19,H.3
5,-19,H.1
6,-19,D.5
7,-19,H.3
8,-19,D.4
9,-19,H.3
10,-19,H.1
11,-19,H.2
12,-19,H.5
13,-19,D.4
14,-19,H.3
15,-19,H.1
16,-19,H.2
17,-19,H.5
18,-19,H.1
19,-19,D.5
20,-19,H.3
21,-19,D.4
22,-19,H.3
23,-19,H.1
24,-19,D.5
25,-19,H.3
26,-19,H.1
27,-19,D.5
28,-19,H.3
29,-19,D.4
30,-19,H.3
31,-19,H.1
32,-19,H.2
33,-19,H.5
34,-19,D.4
35,-19,H.3
36,-19,H.1
37,-19,D.5
38,-19,H.3
39,-19,H.1
40,-19,D.5
41,-19,H.3
42,-19,D.4
43,-19,H.3
44,-19,H.1
45,-19,H.2
46,-19,H.5
47,-19,D.4
48,-19,H.3
49,-19,H.1
50,-19,H.2
51,-19,H.5
52,-19,H.1
53,-19,D.5
54,-19,H.3
55,-19,D.4
56,-19,H.3
57,-19,H.1
58,-19,D.5
59,-19,H.3
60,-19,H.1
61,-19,D.5
62,-19,H.3
63,-19,D.4
64,-19,H.3
-59,-18,H.0
-58,-18,D.3
-57,-18,D.0
-56,-18,H.0
-55,-18,D.1
-54,-18,H.0
-53,-18,D.2
-52,-18,H.4
-51,-18,H.0
-50,-18,D.2
-49,-18,H.4
-48,-18,H.0
-47,-18,D.1
-46,-18,H.0
-45,-18,D.3
-44,-18,D.0
-43,-18,H.0
-42,-18,D.1
-41,-18,H.0
-40,-18,D.3
-39,-18,D.0
-38,-18,H.0
-37,-18,D.2
-36,-18,H.4
-35,-18,H.0
-34,-18,D.1
-33,-18,H.0
-32,-18,D.2
-31,-18,H.4
-30,-18,H.0
-29,-18,D.2
-28,-18,H.4
-27,-18,H.0
-26,-18,D.1
-25,-18,H.0
-24,-18,D.3
-23,-18,D.0
-22,-18,H.0
-21,-18,D.1
-20,-18,H.0
-19,-18,D.3
-18,-18,D.0
-17,-18,H.0
-16,-18,D.2
-15,-18,H.4
-14,-18,H.0
-13,-18,D.1
-12,-18,H.0
-11,-18,D.2
-10,-18,H.4
-9,-18,H.0
-8,-18,D.2
-7,-18,H.4
-6,-18,H.0
-5,-18,D.1
-4,-18,H.0
-3,-18,D.3
-2,-18,D.0
-1,-18,H.0
0,-18,D.1
1,-18,H.0
2,-18,D.2
3,-18,H.4
4,-18,H.0
5,-18,D.2
6,-18,H.4
7,-18,H.0
8,-18,D.1
9,-18,H.0
10,-18,D.3
11,-18,D.0
12,-18,H.0
13,-18,D.1
14,-18,H.0
15,-18,D.3
16,-18,D.0
17,-18,H.0
18,-18,D.2
19,-18,H.4
20,-18,H.0
21,-18,D.1
22,-18,H.0
23,-18,D.2
24,-18,H.4
25,-18,H.0
26,-18,D.2
27,-18,H.4
28,-18,H.0
29,-18,D.1
30,-18,H.0
31,-18,D.3
32,-18,D.0
33,-18,H.0
34,-18,D.1
35,-18,H.0
36,-18,D.2
37,-18,H.4
38,-18,H.0
39,-18,D.2
40,-18,H.4
41,-18,H.0
42,-18,D.1
43,-18,H.0
44,-18,D.3
45,-18,D.0
46,-18,H.0
47,-18,D.1
48,-18,H.0
49,-18,D.3
50,-18,D.0
51,-18,H.0
52,-18,D.2
53,-18,H.4
54,-18,H.0
55,-18,D.1
56,-18,H.0
57,-18,D.2
58,-18,H.4
59,-18,H.0
60,-18,D.2
61,-18,H.4
62,-18,H.0
63,-18,D.1
-63,-17,H.1
-62,-17,H.2
-59,-17,H.2
-58,-17,H.5
-57,-17,H.4
-56,-17,H.5
-55,-17,H.1
-54,-17,H.2
-53,-17,H.1
-52,-17,H.2
-51,-17,H.5
-50,-17,H.1
-49,-17,H.2
-48,-17,H.5
-47,-17,H.4
-46,-17,H.2
-45,-17,H.5
-44,-17,H.4
-43,-17,H.5
-42,-17,H.1
-41,-17,H.2
-40,-17,H.5
-39,-17,H.4
-38,-17,H.2
-37,-17,H.1
-36,-17,H.2
-35,-17,H.5
-34,-17,H.4
-33,-17,H.2
-32,-17,H.1
-31,-17,H.2
-30,-17,H.5
-29,-17,H.1
-28,-17,H.2
-27,-17,H.5
-26,-17,H.4
-25,-17,H.2
-24,-17,H.5
-23,-17,H.4
-22,-17,H.5
-21,-17,H.1
-20,-17,H.2
-19,-17,H.5
-18,-17,H.4
-17,-17,H.5
-16,-17,H.1
-15,-17,H.2
-14,-17,H.5
-13,-17,H.4
-12,-17,H.2
-11,-17,H.1
-10,-17,H.2
-9,-17,H.5
-8,-17,H.1
-7,-17,H.2
-6,-17,H.5
-5,-17,H.4
-4,-17,H.2
-3,-17,H.5
-2,-17,H.4
-1,-17,H.5
0,-17,H.1
1,-17,H.2
2,-17,H.1
3,-17,H.2
4,-17,H.5
5,-17,H.1
6,-17,H.2
7,-17,H.5
8,-17,H.4
9,-17,H.2
10,-17,H.5
11,-17,H.4
12,-17,H.5
13,-17,H.1
14,-17,H.2
15,-17,H.5
16,-17,H.4
17,-17,H.2
18,-17,H.1
19,-17,H.2
20,-17,H.5
21,-17,H.4
22,-17,H.2
23,-17,H.1
24,-17,H.2
25,-17,H.5
26,-17,H.1
27,-17,H.2
28,-17,H.5
29,-17,H.4
30,-17,H.2
31,-17,H.5
32,-17,H.4
33,-17,H.5
34,-17,H.1
35,-17,H.2
36,-17,H.1
37,-17,H.2
38,-17,H.5
39,-17,H.1
40,-17,H.2
41,-17,H.5
42,-17,H.4
43,-17,H.2
44,-17,H.5
45,-17,H.4
46,-17,H.5
47,-17,H.1
48,-17,H.2
49,-17,H.5
50,-17,H.4
51,-17,H.2
52,-17,H.1
53,-17,H.2
54,-17,H.5
55,-17,H.4
56,-17,H.2
57,-17,H.1
58,-17,H.2
59,-17,H.5
62,-17,H.5
63,-17,H.4
-63,-16,D.4
-62,-16,H.3
-61,-16,H.1
-60,-16,D.5
-59,-16,H.3
-58,-16,H.1
-57,-16,D.5
-56,-16,H.3
-55,-16,D.4
-54,-16,H.3
-53,-16,D.3
-52,-16,D.0
-51,-16,H.3
-50,-16,D.4
-49,-16,H.3
-48,-16,H.1
-47,-16,D.5
-46,-16,H.3
-45,-16,H.1
-44,-16,D.5
-43,-16,H.3
-42,-16,D.4
-41,-16,H.3
-40,-16,H.1
-39,-16,D.5
-38,-16,H.3
-37,-16,D.3
-36,-16,D.0
-35,-16,H.3
-34,-16,D.4
-33,-16,H.3
-32,-16,D.3
-31,-16,D.0
-30,-16,H.3
-29,-16,D.4
-28,-16,H.3
-27,-16,H.1
-26,-16,D.5
-25,-16,H.3
-24,-16,H.1
-23,-16,D.5
-22,-16,H.3
-21,-16,D.4
-20,-16,H.3
-19,-16,H.1
-18,-16,D.5
-17,-16,H.3
-16,-16,D.3
-15,-16,D.0
-14,-16,H.3
-13,-16,D.4
-12,-16,H.3
-11,-16,D.3
-10,-16,D.0
-9,-16,H.3
-8,-16,D.4
-7,-16,H.3
-6,-16,H.1
-5,-16,D.5
-4,-16,H.3
-3,-16,H.1
-2,-16,D.5
-1,-16,H.3
0,-16,D.4
1,-16,H.3
2,-16,D.3
3,-16,D.0
4,-16,H.3
5,-16,D.4
6,-16,H.3
7,-16,H.1
8,-16,D.5
9,-16,H.3
10,-16,H.1
11,-16,D.5
12,-16,H.3
13,-16,D.4
14,-16,H.3
15,-16,H.1
16,-16,D.5
17,-16,H.3
18,-16,D.3
19,-16,D.0
20,-16,H.3
21,-16,D.4
22,-16,H.3
23,-16,D.3
24,-16,D.0
25,-16,H.3
26,-16,D.4
27,-16,H.3
28,-16,H.1
29,-16,D.5
30,-16,H.3
31,-16,H.1
32,-16,D.5
33,-16,H.3
34,-16,D.4
35,-16,H.3
36,-16,D.3
37,-16,D.0
38,-16,H.3
39,-16,D.4
40,-16,H.3
41,-16,H.1
42,-16,D.5
43,-16,H.3
44,-16,H.1
45,-16,D.5
46,-16,H.3
47,-16,D.4
48,-16,H.3
49,-16,H.1
50,-16,D.5
51,-16,H.3
52,-16,D.3
53,-16,D.0
54,-16,H.3
55,-16,D.4
56,-16,H.3
57,-16,D.3
58,-16,D.0
59,-16,H.3
-64,-15,H.0
-63,-15,D.1
-62,-15,H.0
-61,-15,D.2
-60,-15,H.4
-59,-15,H.0
-58,-15,D.2
-57,-15,H.4
-56,-15,H.0
-55,-15,D.1
-54,-15,H.2
-53,-15,H.5
-52,-15,H.4
-51,-15,H.0
-50,-15,D.1
-49,-15,H.0
-48,-15,D.2
-47,-15,H.4
-46,-15,H.0
-45,-15,D.2
-44,-15,H.4
-43,-15,H.0
-42,-15,D.1
-41,-15,H.0
-40,-15,D.2
-39,-15,H.4
-38,-15,H.2
-37,-15,H.5
-36,-15,H.4
-35,-15,H.0
-34,-15,D.1
-33,-15,H.2
-32,-15,H.5
-31,-15,H.4
-30,-15,H.0
-29,-15,D.1
-28,-15,H.0
-27,-15,D.2
-26,-15,H.4
-25,-15,H.0
-24,-15,D.2
-23,-15,H.4
-22,-15,H.0
-21,-15,D.1
-20,-15,H.0
-19,-15,D.2
-18,-15,H.4
-17,-15,H.2
-16,-15,H.5
-15,-15,H.4
-14,-15,H.0
-13,-15,D.1
-12,-15,H.2
-11,-15,H.5
-10,-15,H.4
-9,-15,H.0
-8,-15,D.1
-7,-15,H.0
-6,-15,D.2
-5,-15,H.4
-4,-15,H.0
-3,-15,D.2
-2,-15,H.4
-1,-15,H.0
0,-15,D.1
1,-15,H.2
2,-15,H.5
3,-15,H.4
4,-15,H.0
5,-15,D.1
6,-15,H.0
7,-15,D.2
8,-15,H.4
9,-15,H.0
10,-15,D.2
11,-15,H.4
12,-15,H.0
13,-15,D.1
14,-15,H.0
15,-15,D.2
16,-15,H.4
17,-15,H.2
18,-15,H.5
19,-15,H.4
20,-15,H.0
21,-15,D.1
22,-15,H.2
23,-15,H.5
24,-15,H.4
25,-15,H.0
26,-15,D.1
27,-15,H.0
28,-15,D.2
29,-15,H.4
30,-15,H.0
31,-15,D.2
32,-15,H.4
33,-15,H.0
34,-15,D.1
35,-15,H.2
36,-15,H.5
37,-15,H.4
38,-15,H.0
39,-15,D.1
40,-15,H.0
41,-15,D.2
42,-15,H.4
43,-15,H.0
44,-15,D.2
45,-15,H.4
46,-15,H.0
47,-15,D.1
48,-15,H.0
49,-15,D.2
50,-15,H.4
51,-15,H.2
52,-15,H.5
53,-15,H.4
54,-15,H.0
55,-15,D.1
56,-15,H.2
57,-15,H.5
58,-15,H.4
-66,-14,H.1
-65,-14,H.2
-64,-14,H.5
-63,-14,H.1
-62,-14,H.2
-61,-14,H.1
-60,-14,H.2
-59,-14,H.5
-58,-14,H.1
-57,-14,H.2
-56,-14,H.5
-55,-14,D.4
-54,-14,H.3
-53,-14,H.1
-52,-14,H.2
-51,-14,H.5
-50,-14,H.1
-49,-14,H.2
-48,-14,H.1
-47,-14,H.2
-46,-14,H.5
-45,-14,H.1
-44,-14,H.2
-43,-14,H.5
-42,-14,H.1
-41,-14,D.5
-40,-14,H.3
-39,-14,D.4
-38,-14,H.3
-37,-14,H.1
-36,-14,H.2
-35,-14,H.5
-34,-14,D.4
-33,-14,H.3
-32,-14,H.1
-31,-14,H.2
-30,-14,H.5
-29,-14,H.1
-28,-14,H.2
-27,-14,H.1
-26,-14,H.2
-25,-14,H.5
-24,-14,H.1
-23,-14,H.2
-22,-14,H.5
-21,-14,H.1
-20,-14,D.5
-19,-14,H.3
-18,-14,D.4
-17,-14,H.3
-16,-14,H.1
-15,-14,H.2
-14,-14,H.5
-13,-14,D.4
-12,-14,H.3
-11,-14,H.1
-10,-14,H.2
-9,-14,H.5
-8,-14,H.1
-7,-14,H.2
-6,-14,H.1
-5,-14,H.2
-4,-14,H.5
-3,-14,H.1
-2,-14,H.2
-1,-14,H.5
0,-14,D.4
1,-14,H.3
2,-14,H.1
3,-14,H.2
4,-14,H.5
5,-14,H.1
6,-14,H.2
7,-14,H.1
8,-14,H.2
9,-14,H.5
10,-14,H.1
11,-14,H.2
12,-14,H.5
13,-14,H.1
14,-14,D.5
15,-14,H.3
16,-14,D.4
17,-14,H.3
18,-14,H.1
19,-14,H.2
20,-14,H.5
21,-14,D.4
22,-14,H.3
23,-14,H.1
24,-14,H.2
25,-14,H.5
26,-14,H.1
27,-14,H.2
28,-14,H.1
29,-14,H.2
30,-14,H.5
31,-14,H.1
32,-14,H.2
33,-14,H.5
34,-14,D.4
35,-14,H.3
36,-14,H.1
37,-14,H.2
38,-14,H.5
39,-14,H.1
40,-14,H.2
41,-14,H.1
42,-14,H.2
43,-14,H.5
44,-14,H.1
45,-14,H.2
46,-14,H.5
47,-14,H.1
48,-14,D.5
49,-14,H.3
50,-14,D.4
51,-14,H.3
52,-14,H.1
53,-14,H.2
54,-14,H.5
55,-14,D.4
56,-14,H.3
-67,-13,H.0
-66,-13,D.3
-65,-13,D.0
-64,-13,H.0
-63,-13,D.3
-62,-13,D.0
-61,-13,D.3
-60,-13,D.0
-59,-13,H.0
-58,-13,D.3
-57,-13,D.0
-56,-13,H.0
-55,-13,D.1
-54,-13,H.0
-53,-13,D.3
-52,-13,D.0
-51,-13,H.0
-50,-13,D.3
-49,-13,D.0
-48,-13,D.3
-47,-13,D.0
-46,-13,H.0
-45,-13,D.3
-44,-13,D.0
-43,-13,H.0
-42,-13,D.2
-41,-13,H.4
-40,-13,H.0
-39,-13,D.1
-38,-13,H.0
-37,-13,D.3
-36,-13,D.0
-35,-13,H.0
-34,-13,D.1
-33,-13,H.0
-32,-13,D.3
-31,-13,D.0
-30,-13,H.0
-29,-13,D.3
-28,-13,D.0
-27,-13,D.3
-26,-13,D.0
-25,-13,H.0
-24,-13,D.3
-23,-13,D.0
-22,-13,H.0
-21,-13,D.2
-20,-13,H.4
-19,-13,H.0
-18,-13,D.1
-17,-13,H.0
-16,-13,D.3
-15,-13,D.0
-14,-13,H.0
-13,-13,D.1
-12,-13,H.0
-11,-13,D.3
-10,-13,D.0
-9,-13,H.0
-8,-13,D.3
-7,-13,D.0
-6,-13,D.3
-5,-13,D.0
-4,-13,H.0
-3,-13,D.3
-2,-13,D.0
-1,-13,H.0
0,-13,D.1
1,-13,H.0
2,-13,D.3
3,-13,D.0
4,-13,H.0
5,-13,D.3
6,-13,D.0
7,-13,D.3
8,-13,D.0
9,-13,H.0
10,-13,D.3
11,-13,D.0
12,-13,H.0
13,-13,D.2
14,-13,H.4
15,-13,H.0
16,-13,D.1
17,-13,H.0
18,-13,D.3
19,-13,D.0
20,-13,H.0
21,-13,D.1
22,-13,H.0
23,-13,D.3
24,-13,D.0
25,-13,H.0
26,-13,D.3
27,-13,D.0
28,-13,D.3
29,-13,D.0
30,-13,H.0
31,-13,D.3
32,-13,D.0
33,-13,H.0
34,-13,D.1
35,-13,H.0
36,-13,D.3
37,-13,D.0
38,-13,H.0
39,-13,D.3
40,-13,D.0
41,-13,D.3
42,-13,D.0
43,-13,H.0
44,-13,D.3
45,-13,D.0
46,-13,H.0
47,-13,D.2
48,-13,H.4
49,-13,H.0
50,-13,D.1
51,-13,H.0
52,-13,D.3
53,-13,D.0
54,-13,H.0
55,-13,D.1
-76,-12,H.1
-75,-12,H.2
-72,-12,H.2
-66,-12,H.5
-65,-12,H.4
-64,-12,H.2
-63,-12,H.5
-62,-12,H.4
-61,-12,H.5
-60,-12,H.4
-59,-12,H.2
-58,-12,H.5
-57,-12,H.4
-56,-12,H.5
-55,-12,H.1
-54,-12,H.2
-53,-12,H.5
-52,-12,H.4
-51,-12,H.2
-50,-12,H.5
-49,-12,H.4
-48,-12,H.5
-47,-12,H.4
-46,-12,H.2
-45,-12,H.5
-44,-12,H.4
-43,-12,H.2
-42,-12,H.1
-41,-12,H.2
-40,-12,H.5
-39,-12,H.4
-38,-12,H.2
-37,-12,H.5
-36,-12,H.4
-35,-12,H.5
-34,-12,H.4
-33,-12,H.2
-32,-12,H.5
-31,-12,H.4
-30,-12,H.2
-29,-12,H.5
-28,-12,H.4
-27,-12,H.5
-26,-12,H.4
-25,-12,H.2
-24,-12,H.5
-23,-12,H.4
-22,-12,H.5
-21,-12,H.1
-20,-12,H.2
-19,-12,H.5
-18,-12,H.4
-17,-12,H.2
-16,-12,H.5
-15,-12,H.4
-14,-12,H.5
-13,-12,H.4
-12,-12,H.2
-11,-12,H.5
-10,-12,H.4
-9,-12,H.2
-8,-12,H.5
-7,-12,H.4
-6,-12,H.5
-5,-12,H.4
-4,-12,H.2
-3,-12,H.5
-2,-12,H.4
-1,-12,H.5
0,-12,H.1
1,-12,H.2
2,-12,H.5
3,-12,H.4
4,-12,H.2
5,-12,H.5
6,-12,H.4
7,-12,H.5
8,-12,H.4
9,-12,H.2
10,-12,H.5
11,-12,H.4
12,-12,H.2
13,-12,H.1
14,-12,H.2
15,-12,H.5
16,-12,H.4
17,-12,H.2
18,-12,H.5
19,-12,H.4
20,-12,H.5
21,-12,H.4
22,-12,H.2
23,-12,H.5
24,-12,H.4
25,-12,H.2
26,-12,H.5
27,-12,H.4
28,-12,H.5
29,-12,H.4
30,-12,H.2
31,-12,H.5
32,-12,H.4
33,-12,H.5
34,-12,H.1
35,-12,H.2
36,-12,H.5
37,-12,H.4
38,-12,H.2
39,-12,H.5
40,-12,H.4
41,-12,H.5
42,-12,H.4
43,-12,H.2
44,-12,H.5
45,-12,H.4
46,-12,H.2
47,-12,H.1
48,-12,H.2
49,-12,H.5
50,-12,H.4
51,-12,H.2
52,-12,H.5
53,-12,H.4
54,-12,H.5
55,-12,H.4
56,-12,H.2
59,-12,H.2
68,-12,H.1
69,-12,H.2
72,-12,H.2
80,-12,H.2
-76,-11,D.4
-75,-11,H.3
-74,-11,H.1
-73,-11,D.5
-72,-11,H.3
-66,-11,H.1
-65,-11,D.5
-64,-11,H.3
-63,-11,H.1
-62,-11,D.5
-61,-11,H.3
-60,-11,D.4
-59,-11,H.3
-58,-11,H.1
-57,-11,D.5
-56,-11,H.3
-55,-11,D.4
-54,-11,H.3
-53,-11,H.1
-52,-11,D.5
-51,-11,H.3
-50,-11,H.1
-49,-11,D.5
-48,-11,H.3
-47,-11,D.4
-46,-11,H.3
-45,-11,H.1
-44,-11,D.5
-43,-11,H.3
-42,-11,D.4
-41,-11,H.3
-40,-11,H.1
-39,-11,D.5
-38,-11,H.3
-37,-11,H.1
-36,-11,D.5
-35,-11,H.3
-34,-11,D.4
-33,-11,H.3
-32,-11,H.1
-31,-11,D.5
-30,-11,H.3
-29,-11,H.1
-28,-11,D.5
-27,-11,H.3
-26,-11,D.4
-25,-11,H.3
-24,-11,H.1
-23,-11,D.5
-22,-11,H.3
-21,-11,D.4
-20,-11,H.3
-19,-11,H.1
-18,-11,D.5
-17,-11,H.3
-16,-11,H.1
-15,-11,D.5
-14,-11,H.3
-13,-11,D.4
-12,-11,H.3
-11,-11,H.1
-10,-11,D.5
-9,-11,H.3
-8,-11,H.1
-7,-11,D.5
-6,-11,H.3
-5,-11,D.4
-4,-11,H.3
-3,-11,H.1
-2,-11,D.5
-1,-11,H.3
0,-11,D.4
1,-11,H.3
2,-11,H.1
3,-11,D.5
4,-11,H.3
5,-11,H.1
6,-11,D.5
7,-11,H.3
8,-11,D.4
9,-11,H.3
10,-11,H.1
11,-11,D.5
12,-11,H.3
13,-11,D.4
14,-11,H.3
15,-11,H.1
16,-11,D.5
17,-11,H.3
18,-11,H.1
19,-11,D.5
20,-11,H.3
21,-11,D.4
22,-11,H.3
23,-11,H.1
24,-11,D.5
25,-11,H.3
26,-11,H.1
27,-11,D.5
28,-11,H.3
29,-11,D.4
30,-11,H.3
31,-11,H.1
32,-11,D.5
33,-11,H.3
34,-11,D.4
35,-11,H.3
36,-11,H.1
37,-11,D.5
38,-11,H.3
39,-11,H.1
40,-11,D.5
41,-11,H.3
42,-11,D.4
43,-11,H.3
44,-11,H.1
45,-11,D.5
46,-11,H.3
47,-11,D.4
48,-11,H.3
49,-11,H.1
50,-11,D.5
51,-11,H.3
52,-11,H.1
53,-11,D.5
54,-11,H.3
55,-11,D.4
56,-11,H.3
57,-11,H.1
58,-11,D.5
59,-11,H.3
68,-11,D.4
69,-11,H.3
70,-11,H.1
71,-11,D.5
72,-11,H.3
78,-11,H.1
79,-11,D.5
80,-11,H.3
-77,-10,H.0
-76,-10,D.1
-75,-10,H.0
-74,-10,D.2
-73,-10,H.4
-67,-10,H.0
-66,-10,D.2
-65,-10,H.4
-64,-10,H.0
-63,-10,D.2
-62,-10,H.4
-61,-10,H.0
-60,-10,D.1
-59,-10,H.0
-58,-10,D.2
-57,-10,H.4
-56,-10,H.0
-55,-10,D.1
-54,-10,H.0
-53,-10,D.2
-52,-10,H.4
-51,-10,H.0
-50,-10,D.2
-49,-10,H.4
-48,-10,H.0
-47,-10,D.1
-46,-10,H.0
-45,-10,D.2
-44,-10,H.4
-43,-10,H.0
-42,-10,D.1
-41,-10,H.0
-40,-10,D.2
-39,-10,H.4
-38,-10,H.0
-37,-10,D.2
-36,-10,H.4
-35,-10,H.0
-34,-10,D.1
-33,-10,H.0
-32,-10,D.2
-31,-10,H.4
-30,-10,H.0
-29,-10,D.2
-28,-10,H.4
-27,-10,H.0
-26,-10,D.1
-25,-10,H.0
-24,-10,D.2
-23,-10,H.4
-22,-10,H.0
-21,-10,D.1
-20,-10,H.0
-19,-10,D.2
-18,-10,H.4
-17,-10,H.0
-16,-10,D.2
-15,-10,H.4
-14,-10,H.0
-13,-10,D.1
-12,-10,H.0
-11,-10,D.2
-10,-10,H.4
-9,-10,H.0
-8,-10,D.2
-7,-10,H.4
-6,-10,H.0
-5,-10,D.1
-4,-10,H.0
-3,-10,D.2
-2,-10,H.4
-1,-10,H.0
0,-10,D.1
1,-10,H.0
2,-10,D.2
3,-10,H.4
4,-10,H.0
5,-10,D.2
6,-10,H.4
7,-10,H.0
8,-10,D.1
9,-10,H.0
10,-10,D.2
11,-10,H.4
12,-10,H.0
13,-10,D.1
14,-10,H.0
15,-10,D.2
16,-10,H.4
17,-10,H.0
18,-10,D.2
19,-10,H.4
20,-10,H.0
21,-10,D.1
22,-10,H.0
23,-10,D.2
24,-10,H.4
25,-10,H.0
26,-10,D.2
27,-10,H.4
28,-10,H.0
29,-10,D.1
30,-10,H.0
31,-10,D.2
32,-10,H.4
33,-10,H.0
34,-10,D.1
35,-10,H.0
36,-10,D.2
37,-10,H.4
38,-10,H.0
39,-10,D.2
40,-10,H.4
41,-10,H.0
42,-10,D.1
43,-10,H.0
44,-10,D.2
45,-10,H.4
46,-10,H.0
47,-10,D.1
48,-10,H.0
49,-10,D.2
50,-10,H.4
51,-10,H.0
52,-10,D.2
53,-10,H.4
54,-10,H.0
55,-10,D.1
56,-10,H.0
57,-10,D.2
58,-10,H.4
67,-10,H.0
68,-10,D.1
69,-10,H.0
70,-10,D.2
71,-10,H.4
77,-10,H.0
78,-10,D.2
79,-10,H.4
-77,-9,H.5
-76,-9,H.1
-75,-9,H.2
-74,-9,H.1
-73,-9,H.2
-71,-9,H.1
-70,-9,H.2
-67,-9,H.2
-66,-9,H.1
-65,-9,H.2
-64,-9,H.5
-63,-9,H.1
-62,-9,H.2
-61,-9,H.5
-60,-9,H.4
-59,-9,H.5
-58,-9,H.1
-57,-9,H.2
-56,-9,H.5
-55,-9,H.1
-54,-9,H.2
-53,-9,H.1
-52,-9,H.2
-51,-9,H.5
-50,-9,H.1
-49,-9,H.2
-48,-9,H.5
-47,-9,H.4
-46,-9,H.2
-45,-9,H.1
-44,-9,H.2
-43,-9,H.5
-42,-9,H.1
-41,-9,H.2
-40,-9,H.1
-39,-9,H.2
-38,-9,H.5
-37,-9,H.1
-36,-9,H.2
-35,-9,H.5
-34,-9,H.4
-33,-9,H.2
-32,-9,H.1
-31,-9,H.2
-30,-9,H.5
-29,-9,H.1
-28,-9,H.2
-27,-9,H.5
-26,-9,H.4
-25,-9,H.5
-24,-9,H.1
-23,-9,H.2
-22,-9,H.5
-21,-9,H.1
-20,-9,H.2
-19,-9,H.1
-18,-9,H.2
-17,-9,H.5
-16,-9,H.1
-15,-9,H.2
-14,-9,H.5
-13,-9,H.4
-12,-9,H.2
-11,-9,H.1
-10,-9,H.2
-9,-9,H.5
-8,-9,H.1
-7,-9,H.2
-6,-9,H.5
-5,-9,H.4
-4,-9,H.5
-3,-9,H.1
-2,-9,H.2
-1,-9,H.5
0,-9,H.1
1,-9,H.2
2,-9,H.1
3,-9,H.2
4,-9,H.5
5,-9,H.1
6,-9,H.2
7,-9,H.5
8,-9,H.4
9,-9,H.2
10,-9,H.1
11,-9,H.2
12,-9,H.5
13,-9,H.1
14,-9,H.2
15,-9,H.1
16,-9,H.2
17,-9,H.5
18,-9,H.1
19,-9,H.2
20,-9,H.5
21,-9,H.4
22,-9,H.2
23,-9,H.1
24,-9,H.2
25,-9,H.5
26,-9,H.1
27,-9,H.2
28,-9,H.5
29,-9,H.4
30,-9,H.5
31,-9,H.1
32,-9,H.2
33,-9,H.5
34,-9,H.1
35,-9,H.2
36,-9,H.1
37,-9,H.2
38,-9,H.5
39,-9,H.1
40,-9,H.2
41,-9,H.5
42,-9,H.4
43,-9,H.2
44,-9,H.1
45,-9,H.2
46,-9,H.5
47,-9,H.1
48,-9,H.2
49,-9,H.1
50,-9,H.2
51,-9,H.5
52,-9,H.1
53,-9,H.2
54,-9,H.5
55,-9,H.4
56,-9,H.2
57,-9,H.1
58,-9,H.2
67,-9,H.5
68,-9,H.1
69,-9,H.2
70,-9,H.1
71,-9,H.2
73,-9,H.1
74,-9,H.2
77,-9,H.2
78,-9,H.1
79,-9,H.2
-76,-8,D.4
-75,-8,H.3
-74,-8,D.3
-73,-8,D.0
-72,-8,H.3
-71,-8,D.4
-70,-8,H.3
-69,-8,H.1
-68,-8,D.5
-67,-8,H.3
-66,-8,D.3
-65,-8,D.0
-64,-8,H.3
-63,-8,D.4
-62,-8,H.3
-61,-8,H.1
-60,-8,D.5
-59,-8,H.3
-58,-8,D.3
-57,-8,D.0
-56,-8,H.3
-55,-8,D.4
-54,-8,H.3
-53,-8,D.3
-52,-8,D.0
-51,-8,H.3
-50,-8,D.4
-49,-8,H.3
-48,-8,H.1
-47,-8,D.5
-46,-8,H.3
-45,-8,D.3
-44,-8,D.0
-43,-8,H.3
-42,-8,D.4
-41,-8,H.3
-40,-8,D.3
-39,-8,D.0
-38,-8,H.3
-37,-8,D.4
-36,-8,H.3
-35,-8,H.1
-34,-8,D.5
-33,-8,H.3
-32,-8,D.3
-31,-8,D.0
-30,-8,H.3
-29,-8,D.4
-28,-8,H.3
-27,-8,H.1
-26,-8,D.5
-25,-8,H.3
-24,-8,D.3
-23,-8,D.0
-22,-8,H.3
-21,-8,D.4
-20,-8,H.3
-19,-8,D.3
-18,-8,D.0
-17,-8,H.3
-16,-8,D.4
-15,-8,H.3
-14,-8,H.1
-13,-8,D.5
-12,-8,H.3
-11,-8,D.3
-10,-8,D.0
-9,-8,H.3
-8,-8,D.4
-7,-8,H.3
-6,-8,H.1
-5,-8,D.5
-4,-8,H.3
-3,-8,D.3
-2,-8,D.0
-1,-8,H.3
0,-8,D.4
1,-8,H.3
2,-8,D.3
3,-8,D.0
4,-8,H.3
5,-8,D.4
6,-8,H.3
7,-8,H.1
8,-8,D.5
9,-8,H.3
10,-8,D.3
11,-8,D.0
12,-8,H.3
13,-8,D.4
14,-8,H.3
15,-8,D.3
16,-8,D.0
17,-8,H.3
18,-8,D.4
19,-8,H.3
20,-8,H.1
21,-8,D.5
22,-8,H.3
23,-8,D.3
24,-8,D.0
25,-8,H.3
26,-8,D.4
27,-8,H.3
28,-8,H.1
29,-8,D.5
30,-8,H.3
31,-8,D.3
32,-8,D.0
33,-8,H.3
34,-8,D.4
35,-8,H.3
36,-8,D.3
37,-8,D.0
38,-8,H.3
39,-8,D.4
40,-8,H.3
41,-8,H.1
42,-8,D.5
43,-8,H.3
44,-8,D.3
45,-8,D.0
46,-8,H.3
47,-8,D.4
48,-8,H.3
49,-8,D.3
50,-8,D.0
51,-8,H.3
52,-8,D.4
53,-8,H.3
54,-8,H.1
55,-8,D.5
56,-8,H.3
57,-8,D.3
58,-8,D.0
59,-8,H.3
68,-8,D.4
69,-8,H.3
70,-8,D.3
71,-8,D.0
72,-8,H.3
73,-8,D.4
74,-8,H.3
75,-8,H.1
76,-8,D.5
77,-8,H.3
78,-8,D.3
79,-8,D.0
80,-8,H.3
-77,-7,H.0
-76,-7,D.1
-75,-7,H.2
-74,-7,H.5
-73,-7,H.4
-72,-7,H.0
-71,-7,D.1
-70,-7,H.0
-69,-7,D.2
-68,-7,H.4
-67,-7,H.2
-66,-7,H.5
-65,-7,H.4
-64,-7,H.0
-63,-7,D.1
-62,-7,H.0
-61,-7,D.2
-60,-7,H.4
-59,-7,H.2
-58,-7,H.5
-57,-7,H.4
-56,-7,H.0
-55,-7,D.1
-54,-7,H.2
-53,-7,H.5
-52,-7,H.4
-51,-7,H.0
-50,-7,D.1
-49,-7,H.0
-48,-7,D.2
-47,-7,H.4
-46,-7,H.2
-45,-7,H.5
-44,-7,H.4
-43,-7,H.0
-42,-7,D.1
-41,-7,H.2
-40,-7,H.5
-39,-7,H.4
-38,-7,H.0
-37,-7,D.1
-36,-7,H.0
-35,-7,D.2
-34,-7,H.4
-33,-7,H.2
-32,-7,H.5
-31,-7,H.4
-30,-7,H.0
-29,-7,D.1
-28,-7,H.0
-27,-7,D.2
-26,-7,H.4
-25,-7,H.2
-24,-7,H.5
-23,-7,H.4
-22,-7,H.0
-21,-7,D.1
-20,-7,H.2
-19,-7,H.5
-18,-7,H.4
-17,-7,H.0
-16,-7,D.1
-15,-7,H.0
-14,-7,D.2
-13,-7,H.4
-12,-7,H.2
-11,-7,H.5
-10,-7,H.4
-9,-7,H.0
-8,-7,D.1
-7,-7,H.0
-6,-7,D.2
-5,-7,H.4
-4,-7,H.2
-3,-7,H.5
-2,-7,H.4
-1,-7,H.0
0,-7,D.1
1,-7,H.2
2,-7,H.5
3,-7,H.4
4,-7,H.0
5,-7,D.1
6,-7,H.0
7,-7,D.2
8,-7,H.4
9,-7,H.2
10,-7,H.5
11,-7,H.4
12,-7,H.0
13,-7,D.1
14,-7,H.2
15,-7,H.5
16,-7,H.4
17,-7,H.0
18,-7,D.1
19,-7,H.0
20,-7,D.2
21,-7,H.4
22,-7,H.2
23,-7,H.5
24,-7,H.4
25,-7,H.0
26,-7,D.1
27,-7,H.0
28,-7,D.2
29,-7,H.4
30,-7,H.2
31,-7,H.5
32,-7,H.4
33,-7,H.0
34,-7,D.1
35,-7,H.2
36,-7,H.5
37,-7,H.4
38,-7,H.0
39,-7,D.1
40,-7,H.0
41,-7,D.2
42,-7,H.4
43,-7,H.2
44,-7,H.5
45,-7,H.4
46,-7,H.0
47,-7,D.1
48,-7,H.2
49,-7,H.5
50,-7,H.4
51,-7,H.0
52,-7,D.1
53,-7,H.0
54,-7,D.2
55,-7,H.4
56,-7,H.2
57,-7,H.5
58,-7,H.4
67,-7,H.0
68,-7,D.1
69,-7,H.2
70,-7,H.5
71,-7,H.4
72,-7,H.0
73,-7,D.1
74,-7,H.0
75,-7,D.2
76,-7,H.4
77,-7,H.2
78,-7,H.5
79,-7,H.4
-79,-6,H.1
-78,-6,H.2
-77,-6,H.5
-76,-6,D.4
-75,-6,H.3
-74,-6,H.1
-73,-6,H.2
-72,-6,H.5
-71,-6,H.1
-70,-6,D.5
-69,-6,H.3
-68,-6,D.4
-67,-6,H.3
-66,-6,H.1
-65,-6,H.2
-64,-6,H.5
-63,-6,H.1
-62,-6,D.5
-61,-6,H.3
-60,-6,D.4
-59,-6,H.3
-58,-6,H.1
-57,-6,H.2
-56,-6,H.5
-55,-6,D.4
-54,-6,H.3
-53,-6,H.1
-52,-6,H.2
-51,-6,H.5
-50,-6,H.1
-49,-6,D.5
-48,-6,H.3
-47,-6,D.4
-46,-6,H.3
-45,-6,H.1
-44,-6,H.2
-43,-6,H.5
-42,-6,D.4
-41,-6,H.3
-40,-6,H.1
-39,-6,H.2
-38,-6,H.5
-37,-6,H.1
-36,-6,D.5
-35,-6,H.3
-34,-6,D.4
-33,-6,H.3
-32,-6,H.1
-31,-6,H.2
-30,-6,H.5
-29,-6,H.1
-28,-6,D.5
-27,-6,H.3
-26,-6,D.4
-25,-6,H.3
-24,-6,H.1
-23,-6,H.2
-22,-6,H.5
-21,-6,D.4
-20,-6,H.3
-19,-6,H.1
-18,-6,H.2
-17,-6,H.5
-16,-6,H.1
-15,-6,D.5
-14,-6,H.3
-13,-6,D.4
-12,-6,H.3
-11,-6,H.1
-10,-6,H.2
-9,-6,H.5
-8,-6,H.1
-7,-6,D.5
-6,-6,H.3
-5,-6,D.4
-4,-6,H.3
-3,-6,H.1
-2,-6,H.2
-1,-6,H.5
0,-6,D.4
1,-6,H.3
2,-6,H.1
3,-6,H.2
4,-6,H.5
5,-6,H.1
6,-6,D.5
7,-6,H.3
8,-6,D.4
9,-6,H.3
10,-6,H.1
11,-6,H.2
12,-6,H.5
13,-6,D.4
14,-6,H.3
15,-6,H.1
16,-6,H.2
17,-6,H.5
18,-6,H.1
19,-6,D.5
20,-6,H.3
21,-6,D.4
22,-6,H.3
23,-6,H.1
24,-6,H.2
25,-6,H.5
26,-6,H.1
27,-6,D.5
28,-6,H.3
29,-6,D.4
30,-6,H.3
31,-6,H.1
32,-6,H.2
33,-6,H.5
34,-6,D.4
35,-6,H.3
36,-6,H.1
37,-6,H.2
38,-6,H.5
39,-6,H.1
40,-6,D.5
41,-6,H.3
42,-6,D.4
43,-6,H.3
44,-6,H.1
45,-6,H.2
46,-6,H.5
47,-6,D.4
48,-6,H.3
49,-6,H.1
50,-6,H.2
51,-6,H.5
52,-6,H.1
53,-6,D.5
54,-6,H.3
55,-6,D.4
56,-6,H.3
65,-6,H.1
66,-6,H.2
67,-6,H.5
68,-6,D.4
69,-6,H.3
70,-6,H.1
71,-6,H.2
72,-6,H.5
73,-6,H.1
74,-6,D.5
75,-6,H.3
76,-6,D.4
77,-6,H.3
-80,-5,H.0
-79,-5,D.3
-78,-5,D.0
-77,-5,H.0
-76,-5,D.1
-75,-5,H.0
-74,-5,D.3
-73,-5,D.0
-72,-5,H.0
-71,-5,D.2
-70,-5,H.4
-69,-5,H.0
-68,-5,D.1
-67,-5,H.0
-66,-5,D.3
-65,-5,D.0
-64,-5,H.0
-63,-5,D.2
-62,-5,H.4
-61,-5,H.0
-60,-5,D.1
-59,-5,H.0
-58,-5,D.3
-57,-5,D.0
-56,-5,H.0
-55,-5,D.1
-54,-5,H.0
-53,-5,D.3
-52,-5,D.0
-51,-5,H.0
-50,-5,D.2
-49,-5,H.4
-48,-5,H.0
-47,-5,D.1
-46,-5,H.0
-45,-5,D.3
-44,-5,D.0
-43,-5,H.0
-42,-5,D.1
-41,-5,H.0
-40,-5,D.3
-39,-5,D.0
-38,-5,H.0
-37,-5,D.2
-36,-5,H.4
-35,-5,H.0
-34,-5,D.1
-33,-5,H.0
-32,-5,D.3
-31,-5,D.0
-30,-5,H.0
-29,-5,D.2
-28,-5,H.4
-27,-5,H.0
-26,-5,D.1
-25,-5,H.0
-24,-5,D.3
-23,-5,D.0
-22,-5,H.0
-21,-5,D.1
-20,-5,H.0
-19,-5,D.3
-18,-5,D.0
-17,-5,H.0
-16,-5,D.2
-15,-5,H.4
-14,-5,H.0
-13,-5,D.1
-12,-5,H.0
-11,-5,D.3
-10,-5,D.0
-9,-5,H.0
-8,-5,D.2
-7,-5,H.4
-6,-5,H.0
-5,-5,D.1
-4,-5,H.0
-3,-5,D.3
-2,-5,D.0
-1,-5,H.0
0,-5,D.1
1,-5,H.0
2,-5,D.3
3,-5,D.0
4,-5,H.0
5,-5,D.2
6,-5,H.4
7,-5,H.0
8,-5,D.1
9,-5,H.0
10,-5,D.3
11,-5,D.0
12,-5,H.0
13,-5,D.1
14,-5,H.0
15,-5,D.3
16,-5,D.0
17,-5,H.0
18,-5,D.2
19,-5,H.4
20,-5,H.0
21,-5,D.1
22,-5,H.0
23,-5,D.3
24,-5,D.0
25,-5,H.0
26,-5,D.2
27,-5,H.4
28,-5,H.0
29,-5,D.1
30,-5,H.0
31,-5,D.3
32,-5,D.0
33,-5,H.0
34,-5,D.1
35,-5,H.0
36,-5,D.3
37,-5,D.0
38,-5,H.0
39,-5,D.2
40,-5,H.4
41,-5,H.0
42,-5,D.1
43,-5,H.0
44,-5,D.3
45,-5,D.0
46,-5,H.0
47,-5,D.1
48,-5,H.0
49,-5,D.3
50,-5,D.0
51,-5,H.0
52,-5,D.2
53,-5,H.4
54,-5,H.0
55,-5,D.1
64,-5,H.0
65,-5,D.3
66,-5,D.0
67,-5,H.0
68,-5,D.1
69,-5,H.0
70,-5,D.3
71,-5,D.0
72,-5,H.0
73,-5,D.2
74,-5,H.4
75,-5,H.0
76,-5,D.1
-84,-4,H.1
-83,-4,H.2
-80,-4,H.2
-79,-4,H.5
-78,-4,H.4
-77,-4,H.5
-76,-4,H.1
-75,-4,H.2
-74,-4,H.5
-73,-4,H.4
-72,-4,H.2
-71,-4,H.1
-70,-4,H.2
-69,-4,H.5
-68,-4,H.4
-67,-4,H.2
-66,-4,H.5
-65,-4,H.4
-64,-4,H.5
-63,-4,H.1
-62,-4,H.2
-61,-4,H.5
-60,-4,H.4
-59,-4,H.2
-58,-4,H.5
-57,-4,H.4
-56,-4,H.5
-55,-4,H.1
-54,-4,H.2
-53,-4,H.5
-52,-4,H.4
-51,-4,H.2
-50,-4,H.1
-49,-4,H.2
-48,-4,H.5
-47,-4,H.4
-46,-4,H.2
-45,-4,H.5
-44,-4,H.4
-43,-4,H.5
-42,-4,H.1
-41,-4,H.2
-40,-4,H.5
-39,-4,H.4
-38,-4,H.2
-37,-4,H.1
-36,-4,H.2
-35,-4,H.5
-34,-4,H.4
-33,-4,H.2
-32,-4,H.5
-31,-4,H.4
-30,-4,H.5
-29,-4,H.1
-28,-4,H.2
-27,-4,H.5
-26,-4,H.4
-25,-4,H.2
-24,-4,H.5
-23,-4,H.4
-22,-4,H.5
-21,-4,H.1
-20,-4,H.2
-19,-4,H.5
-18,-4,H.4
-17,-4,H.2
-16,-4,H.1
-15,-4,H.2
-14,-4,H.5
-13,-4,H.4
-12,-4,H.2
-11,-4,H.5
-10,-4,H.4
-9,-4,H.5
-8,-4,H.1
-7,-4,H.2
-6,-4,H.5
-5,-4,H.4
-4,-4,H.2
-3,-4,H.5
-2,-4,H.4
-1,-4,H.5
0,-4,H.1
1,-4,H.2
2,-4,H.5
3,-4,H.4
4,-4,H.2
5,-4,H.1
6,-4,H.2
7,-4,H.5
8,-4,H.4
9,-4,H.2
10,-4,H.5
11,-4,H.4
12,-4,H.5
13,-4,H.1
14,-4,H.2
15,-4,H.5
16,-4,H.4
17,-4,H.2
18,-4,H.1
19,-4,H.2
20,-4,H.5
21,-4,H.4
22,-4,H.2
23,-4,H.5
24,-4,H.4
25,-4,H.5
26,-4,H.1
27,-4,H.2
28,-4,H.5
29,-4,H.4
30,-4,H.2
31,-4,H.5
32,-4,H.4
33,-4,H.5
34,-4,H.1
35,-4,H.2
36,-4,H.5
37,-4,H.4
38,-4,H.2
39,-4,H.1
40,-4,H.2
41,-4,H.5
42,-4,H.4
43,-4,H.2
44,-4,H.5
45,-4,H.4
46,-4,H.5
47,-4,H.1
48,-4,H.2
49,-4,H.5
50,-4,H.4
51,-4,H.2
52,-4,H.1
53,-4,H.2
54,-4,H.5
55,-4,H.4
56,-4,H.2
60,-4,H.1
61,-4,H.2
64,-4,H.2
65,-4,H.5
66,-4,H.4
67,-4,H.5
68,-4,H.1
69,-4,H.2
70,-4,H.5
71,-4,H.4
72,-4,H.2
73,-4,H.1
74,-4,H.2
75,-4,H.5
76,-4,H.4
77,-4,H.2
81,-4,H.1
82,-4,H.2
85,-4,H.2
-84,-3,D.4
-83,-3,H.3
-82,-3,H.1
-81,-3,D.5
-80,-3,H.3
-79,-3,H.1
-78,-3,D.5
-77,-3,H.3
-76,-3,D.4
-75,-3,H.3
-74,-3,H.1
-73,-3,D.5
-72,-3,H.3
-71,-3,D.4
-70,-3,H.3
-69,-3,H.1
-68,-3,D.5
-67,-3,H.3
-66,-3,H.1
-65,-3,D.5
-64,-3,H.3
-63,-3,D.4
-62,-3,H.3
-61,-3,H.1
-60,-3,D.5
-59,-3,H.3
-58,-3,H.1
-57,-3,D.5
-56,-3,H.3
-55,-3,D.4
-54,-3,H.3
-53,-3,H.1
-52,-3,D.5
-51,-3,H.3
-50,-3,D.4
-49,-3,H.3
-48,-3,H.1
-47,-3,D.5
-46,-3,H.3
-45,-3,H.1
-44,-3,D.5
-43,-3,H.3
-42,-3,D.4
-41,-3,H.3
-40,-3,H.1
-39,-3,D.5
-38,-3,H.3
-37,-3,D.4
-36,-3,H.3
-35,-3,H.1
-34,-3,D.5
-33,-3,H.3
-32,-3,H.1
-31,-3,D.5
-30,-3,H.3
-29,-3,D.4
-28,-3,H.3
-27,-3,H.1
-26,-3,D.5
-25,-3,H.3
-24,-3,H.1
-23,-3,D.5
-22,-3,H.3
-21,-3,D.4
-20,-3,H.3
-19,-3,H.1
-18,-3,D.5
-17,-3,H.3
-16,-3,D.4
-15,-3,H.3
-14,-3,H.1
-13,-3,D.5
-12,-3,H.3
-11,-3,H.1
-10,-3,D.5
-9,-3,H.3
-8,-3,D.4
-7,-3,H.3
-6,-3,H.1
-5,-3,D.5
-4,-3,H.3
-3,-3,H.1
-2,-3,D.5
-1,-3,H.3
0,-3,D.4
1,-3,H.3
2,-3,H.1
3,-3,D.5
4,-3,H.3
5,-3,D.4
6,-3,H.3
7,-3,H.1
8,-3,D.5
9,-3,H.3
10,-3,H.1
11,-3,D.5
12,-3,H.3
13,-3,D.4
14,-3,H.3
15,-3,H.1
16,-3,D.5
17,-3,H.3
18,-3,D.4
19,-3,H.3
20,-3,H.1
21,-3,D.5
22,-3,H.3
23,-3,H.1
24,-3,D.5
25,-3,H.3
26,-3,D.4
27,-3,H.3
28,-3,H.1
29,-3,D.5
30,-3,H.3
31,-3,H.1
32,-3,D.5
33,-3,H.3
34,-3,D.4
35,-3,H.3
36,-3,H.1
37,-3,D.5
38,-3,H.3
39,-3,D.4
40,-3,H.3
41,-3,H.1
42,-3,D.5
43,-3,H.3
44,-3,H.1
45,-3,D.5
46,-3,H.3
47,-3,D.4
48,-3,H.3
49,-3,H.1
50,-3,D.5
51,-3,H.3
52,-3,D.4
53,-3,H.3
54,-3,H.1
55,-3,D.5
56,-3,H.3
60,-3,D.4
61,-3,H.3
62,-3,H.1
63,-3,D.5
64,-3,H.3
65,-3,H.1
66,-3,D.5
67,-3,H.3
68,-3,D.4
69,-3,H.3
70,-3,H.1
71,-3,D.5
72,-3,H.3
73,-3,D.4
74,-3,H.3
75,-3,H.1
76,-3,D.5
77,-3,H.3
81,-3,D.4
82,-3,H.3
83,-3,H.1
84,-3,D.5
85,-3,H.3
-85,-2,H.0
-84,-2,D.1
-83,-2,H.0
-82,-2,D.2
-81,-2,H.4
-80,-2,H.0
-79,-2,D.2
-78,-2,H.4
-77,-2,H.0
-76,-2,D.1
-75,-2,H.0
-74,-2,D.2
-73,-2,H.4
-72,-2,H.0
-71,-2,D.1
-70,-2,H.0
-69,-2,D.2
-68,-2,H.4
-67,-2,H.0
-66,-2,D.2
-65,-2,H.4
-64,-2,H.0
-63,-2,D.1
-62,-2,H.0
-61,-2,D.2
-60,-2,H.4
-59,-2,H.0
-58,-2,D.2
-57,-2,H.4
-56,-2,H.0
-55,-2,D.1
-54,-2,H.0
-53,-2,D.2
-52,-2,H.4
-51,-2,H.0
-50,-2,D.1
-49,-2,H.0
-48,-2,D.2
-47,-2,H.4
-46,-2,H.0
-45,-2,D.2
-44,-2,H.4
-43,-2,H.0
-42,-2,D.1
-41,-2,H.0
-40,-2,D.2
-39,-2,H.4
-38,-2,H.0
-37,-2,D.1
-36,-2,H.0
-35,-2,D.2
-34,-2,H.4
-33,-2,H.0
-32,-2,D.2
-31,-2,H.4
-30,-2,H.0
-29,-2,D.1
-28,-2,H.0
-27,-2,D.2
-26,-2,H.4
-25,-2,H.0
-24,-2,D.2
-23,-2,H.4
-22,-2,H.0
-21,-2,D.1
-20,-2,H.0
-19,-2,D.2
-18,-2,H.4
-17,-2,H.0
-16,-2,D.1
-15,-2,H.0
-14,-2,D.2
-13,-2,H.4
-12,-2,H.0
-11,-2,D.2
-10,-2,H.4
-9,-2,H.0
-8,-2,D.1
-7,-2,H.0
-6,-2,D.2
-5,-2,H.4
-4,-2,H.0
-3,-2,D.2
-2,-2,H.4
-1,-2,H.0
0,-2,D.1
1,-2,H.0
2,-2,D.2
3,-2,H.4
4,-2,H.0
5,-2,D.1
6,-2,H.0
7,-2,D.2
8,-2,H.4
9,-2,H.0
10,-2,D.2
11,-2,H.4
12,-2,H.0
13,-2,D.1
14,-2,H.0
15,-2,D.2
16,-2,H.4
17,-2,H.0
18,-2,D.1
19,-2,H.0
20,-2,D.2
21,-2,H.4
22,-2,H.0
23,-2,D.2
24,-2,H.4
25,-2,H.0
26,-2,D.1
27,-2,H.0
28,-2,D.2
29,-2,H.4
30,-2,H.0
31,-2,D.2
32,-2,H.4
33,-2,H.0
34,-2,D.1
35,-2,H.0
36,-2,D.2
37,-2,H.4
38,-2,H.0
39,-2,D.1
40,-2,H.0
41,-2,D.2
42,-2,H.4
43,-2,H.0
44,-2,D.2
45,-2,H.4
46,-2,H.0
47,-2,D.1
48,-2,H.0
49,-2,D.2
50,-2,H.4
51,-2,H.0
52,-2,D.1
53,-2,H.0
54,-2,D.2
55,-2,H.4
59,-2,H.0
60,-2,D.1
61,-2,H.0
62,-2,D.2
63,-2,H.4
64,-2,H.0
65,-2,D.2
66,-2,H.4
67,-2,H.0
68,-2,D.1
69,-2,H.0
70,-2,D.2
71,-2,H.4
72,-2,H.0
73,-2,D.1
74,-2,H.0
75,-2,D.2
76,-2,H.4
80,-2,H.0
81,-2,D.1
82,-2,H.0
83,-2,D.2
84,-2,H.4
-87,-1,H.1
-86,-1,H.2
-85,-1,H.5
-84,-1,H.1
-83,-1,H.2
-82,-1,H.1
-81,-1,H.2
-80,-1,H.5
-79,-1,H.1
-78,-1,H.2
-77,-1,H.5
-76,-1,H.1
-75,-1,H.2
-74,-1,H.1
-73,-1,H.2
-72,-1,H.5
-71,-1,H.1
-70,-1,H.2
-69,-1,H.1
-68,-1,H.2
-67,-1,H.5
-66,-1,H.1
-65,-1,H.2
-64,-1,H.5
-63,-1,H.1
-62,-1,H.2
-61,-1,H.1
-60,-1,H.2
-59,-1,H.5
-58,-1,H.1
-57,-1,H.2
-56,-1,H.5
-55,-1,H.1
-54,-1,H.2
-53,-1,H.1
-52,-1,H.2
-51,-1,H.5
-50,-1,H.1
-49,-1,H.2
-48,-1,H.1
-47,-1,H.2
-46,-1,H.5
-45,-1,H.1
-44,-1,H.2
-43,-1,H.5
-42,-1,H.1
-41,-1,H.2
-40,-1,H.1
-39,-1,H.2
-38,-1,H.5
-37,-1,H.1
-36,-1,H.2
-35,-1,H.1
-34,-1,H.2
-33,-1,H.5
-32,-1,H.1
-31,-1,H.2
-30,-1,H.5
-29,-1,H.1
-28,-1,H.2
-27,-1,H.1
-26,-1,H.2
-25,-1,H.5
-24,-1,H.1
-23,-1,H.2
-22,-1,H.5
-21,-1,H.1
-20,-1,H.2
-19,-1,H.1
-18,-1,H.2
-17,-1,H.5
-16,-1,H.1
-15,-1,H.2
-14,-1,H.1
-13,-1,H.2
-12,-1,H.5
-11,-1,H.1
-10,-1,H.2
-9,-1,H.5
-8,-1,H.1
-7,-1,H.2
-6,-1,H.1
-5,-1,H.2
-4,-1,H.5
-3,-1,H.1
-2,-1,H.2
-1,-1,H.5
0,-1,H.1
1,-1,H.2
2,-1,H.1
3,-1,H.2
4,-1,H.5
5,-1,H.1
6,-1,H.2
7,-1,H.1
8,-1,H.2
9,-1,H.5
10,-1,H.1
11,-1,H.2
12,-1,H.5
13,-1,H.1
14,-1,H.2
15,-1,H.1
16,-1,H.2
17,-1,H.5
18,-1,H.1
19,-1,H.2
20,-1,H.1
21,-1,H.2
22,-1,H.5
23,-1,H.1
24,-1,H.2
25,-1,H.5
26,-1,H.1
27,-1,H.2
28,-1,H.1
29,-1,H.2
30,-1,H.5
31,-1,H.1
32,-1,H.2
33,-1,H.5
34,-1,H.1
35,-1,H.2
36,-1,H.1
37,-1,H.2
38,-1,H.5
39,-1,H.1
40,-1,H.2
41,-1,H.1
42,-1,H.2
43,-1,H.5
44,-1,H.1
45,-1,H.2
46,-1,H.5
47,-1,H.1
48,-1,H.2
49,-1,H.1
50,-1,H.2
51,-1,H.5
52,-1,H.1
53,-1,H.2
54,-1,H.1
55,-1,H.2
57,-1,H.1
58,-1,H.2
59,-1,H.5
60,-1,H.1
61,-1,H.2
62,-1,H.1
63,-1,H.2
64,-1,H.5
65,-1,H.1
66,-1,H.2
67,-1,H.5
68,-1,H.1
69,-1,H.2
70,-1,H.1
71,-1,H.2
72,-1,H.5
73,-1,H.1
74,-1,H.2
75,-1,H.1
76,-1,H.2
78,-1,H.1
79,-1,H.2
80,-1,H.5
81,-1,H.1
82,-1,H.2
83,-1,H.1
84,-1,H.2
86,-1,H.1
87,-1,H.2
-88,0,H.0
-87,0,D.3
-86,0,D.0
-85,0,H.0
-84,0,D.3
-83,0,D.0
-82,0,D.3
-81,0,D.0
-80,0,H.0
-79,0,D.3
-78,0,D.0
-77,0,H.0
-76,0,D.3
-75,0,D.0
-74,0,D.3
-73,0,D.0
-72,0,H.0
-71,0,D.3
-70,0,D.0
-69,0,D.3
-68,0,D.0
-67,0,H.0
-66,0,D.3
-65,0,D.0
-64,0,H.0
-63,0,D.3
-62,0,D.0
-61,0,D.3
-60,0,D.0
-59,0,H.0
-58,0,D.3
-57,0,D.0
-56,0,H.0
-55,0,D.3
-54,0,D.0
-53,0,D.3
-52,0,D.0
-51,0,H.0
-50,0,D.3
-49,0,D.0
-48,0,D.3
-47,0,D.0
-46,0,H.0
-45,0,D.3
-44,0,D.0
-43,0,H.0
-42,0,D.3
-41,0,D.0
-40,0,D.3
-39,0,D.0
-38,0,H.0
-37,0,D.3
-36,0,D.0
-35,0,D.3
-34,0,D.0
-33,0,H.0
-32,0,D.3
-31,0,D.0
-30,0,H.0
-29,0,D.3
-28,0,D.0
-27,0,D.3
-26,0,D.0
-25,0,H.0
-24,0,D.3
-23,0,D.0
-22,0,H.0
-21,0,D.3
-20,0,D.0
-19,0,D.3
-18,0,D.0
-17,0,H.0
-16,0,D.3
-15,0,D.0
-14,0,D.3
-13,0,D.0
-12,0,H.0
-11,0,D.3
-10,0,D.0
-9,0,H.0
-8,0,D.3
-7,0,D.0
-6,0,D.3
-5,0,D.0
-4,0,H.0
-3,0,D.3
-2,0,D.0
-1,0,H.0
1,0,H.3
2,0,D.3
3,0,D.0
4,0,H.3
5,0,D.3
6,0,D.0
7,0,D.3
8,0,D.0
9,0,H.3
10,0,D.3
11,0,D.0
12,0,H.3
13,0,D.3
14,0,D.0
15,0,D.3
16,0,D.0
17,0,H.3
18,0,D.3
19,0,D.0
20,0,D.3
21,0,D.0
22,0,H.3
23,0,D.3
24,0,D.0
25,0,H.3
26,0,D.3
27,0,D.0
28,0,D.3
29,0,D.0
30,0,H.3
31,0,D.3
32,0,D.0
33,0,H.3
34,0,D.3
35,0,D.0
36,0,D.3
37,0,D.0
38,0,H.3
39,0,D.3
40,0,D.0
41,0,D.3
42,0,D.0
43,0,H.3
44,0,D.3
45,0,D.0
46,0,H.3
47,0,D.3
48,0,D.0
49,0,D.3
50,0,D.0
51,0,H.3
52,0,D.3
53,0,D.0
54,0,D.3
55,0,D.0
56,0,H.3
57,0,D.3
58,0,D.0
59,0,H.3
60,0,D.3
61,0,D.0
62,0,D.3
63,0,D.0
64,0,H.3
65,0,D.3
66,0,D.0
67,0,H.3
68,0,D.3
69,0,D.0
70,0,D.3
71,0,D.0
72,0,H.3
73,0,D.3
74,0,D.0
75,0,D.3
76,0,D.0
77,0,H.3
78,0,D.3
79,0,D.0
80,0,H.3
81,0,D.3
82,0,D.0
83,0,D.3
84,0,D.0
85,0,H.3
86,0,D.3
87,0,D.0
88,0,H.3
-87,1,H.5
-86,1,H.4
-84,1,H.5
-83,1,H.4
-82,1,H.5
-81,1,H.4
-80,1,H.2
-79,1,H.5
-78,1,H.4
-76,1,H.5
-75,1,H.4
-74,1,H.5
-73,1,H.4
-72,1,H.2
-71,1,H.5
-70,1,H.4
-69,1,H.5
-68,1,H.4
-67,1,H.2
-66,1,H.5
-65,1,H.4
-64,1,H.2
-63,1,H.5
-62,1,H.4
-61,1,H.5
-60,1,H.4
-59,1,H.2
-58,1,H.5
-57,1,H.4
-55,1,H.5
-54,1,H.4
-53,1,H.5
-52,1,H.4
-51,1,H.2
-50,1,H.5
-49,1,H.4
-48,1,H.5
-47,1,H.4
-46,1,H.2
-45,1,H.5
-44,1,H.4
-43,1,H.2
-42,1,H.5
-41,1,H.4
-40,1,H.5
-39,1,H.4
-38,1,H.2
-37,1,H.5
-36,1,H.4
-35,1,H.5
-34,1,H.4
-33,1,H.2
-32,1,H.5
-31,1,H.4
-30,1,H.2
-29,1,H.5
-28,1,H.4
-27,1,H.5
-26,1,H.4
-25,1,H.2
-24,1,H.5
-23,1,H.4
-22,1,H.2
-21,1,H.5
-20,1,H.4
-19,1,H.5
-18,1,H.4
-17,1,H.2
-16,1,H.5
-15,1,H.4
-14,1,H.5
-13,1,H.4
-12,1,H.2
-11,1,H.5
-10,1,H.4
-9,1,H.2
-8,1,H.5
-7,1,H.4
-6,1,H.5
-5,1,H.4
-4,1,H.2
-3,1,H.5
-2,1,H.4
-1,1,H.5
0,1,H.4
1,1,H.2
2,1,H.5
3,1,H.4
4,1,H.2
5,1,H.5
6,1,H.4
7,1,H.5
8,1,H.4
9,1,H.2
10,1,H.5
11,1,H.4
12,1,H.2
13,1,H.5
14,1,H.4
15,1,H.5
16,1,H.4
17,1,H.2
18,1,H.5
19,1,H.4
20,1,H.5
21,1,H.4
22,1,H.2
23,1,H.5
24,1,H.4
25,1,H.2
26,1,H.5
27,1,H.4
28,1,H.5
29,1,H.4
30,1,H.2
31,1,H.5
32,1,H.4
33,1,H.2
34,1,H.5
35,1,H.4
36,1,H.5
37,1,H.4
38,1,H.2
39,1,H.5
40,1,H.4
41,1,H.5
42,1,H.4
43,1,H.2
44,1,H.5
45,1,H.4
46,1,H.2
47,1,H.5
48,1,H.4
49,1,H.5
50,1,H.4
51,1,H.2
52,1,H.5
53,1,H.4
54,1,H.5
55,1,H.4
56,1,H.2
57,1,H.5
58,1,H.4
59,1,H.2
60,1,H.5
61,1,H.4
62,1,H.5
63,1,H.4
64,1,H.2
65,1,H.5
66,1,H.4
67,1,H.2
68,1,H.5
69,1,H.4
70,1,H.5
71,1,H.4
72,1,H.2
73,1,H.5
74,1,H.4
75,1,H.5
76,1,H.4
77,1,H.2
78,1,H.5
79,1,H.4
80,1,H.2
81,1,H.5
82,1,H.4
83,1,H.5
84,1,H.4
85,1,H.2
86,1,H.5
87,1,H.4
-84,2,H.1
-83,2,D.5
-82,2,H.3
-81,2,D.4
-80,2,H.3
-76,2,H.1
-75,2,D.5
-74,2,H.3
-73,2,D.4
-72,2,H.3
-71,2,H.1
-70,2,D.5
-69,2,H.3
-68,2,D.4
-67,2,H.3
-66,2,H.1
-65,2,D.5
-64,2,H.3
-63,2,H.1
-62,2,D.5
-61,2,H.3
-60,2,D.4
-59,2,H.3
-55,2,H.1
-54,2,D.5
-53,2,H.3
-52,2,D.4
-51,2,H.3
-50,2,H.1
-49,2,D.5
-48,2,H.3
-47,2,D.4
-46,2,H.3
-45,2,H.1
-44,2,D.5
-43,2,H.3
-42,2,H.1
-41,2,D.5
-40,2,H.3
-39,2,D.4
-38,2,H.3
-37,2,H.1
-36,2,D.5
-35,2,H.3
-34,2,D.4
-33,2,H.3
-32,2,H.1
-31,2,D.5
-30,2,H.3
-29,2,H.1
-28,2,D.5
-27,2,H.3
-26,2,D.4
-25,2,H.3
-24,2,H.1
-23,2,D.5
-22,2,H.3
-21,2,H.1
-20,2,D.5
-19,2,H.3
-18,2,D.4
-17,2,H.3
-16,2,H.1
-15,2,D.5
-14,2,H.3
-13,2,D.4
-12,2,H.3
-11,2,H.1
-10,2,D.5
-9,2,H.3
-8,2,H.1
-7,2,D.5
-6,2,H.3
-5,2,D.4
-4,2,H.3
-3,2,H.1
-2,2,D.5
-1,2,H.3
0,2,D.4
1,2,H.3
2,2,H.1
3,2,D.5
4,2,H.3
5,2,H.1
6,2,D.5
7,2,H.3
8,2,D.4
9,2,H.3
10,2,H.1
11,2,D.5
12,2,H.3
13,2,H.1
14,2,D.5
15,2,H.3
16,2,D.4
17,2,H.3
18,2,H.1
19,2,D.5
20,2,H.3
21,2,D.4
22,2,H.3
23,2,H.1
24,2,D.5
25,2,H.3
26,2,H.1
27,2,D.5
28,2,H.3
29,2,D.4
30,2,H.3
31,2,H.1
32,2,D.5
33,2,H.3
34,2,H.1
35,2,D.5
36,2,H.3
37,2,D.4
38,2,H.3
39,2,H.1
40,2,D.5
41,2,H.3
42,2,D.4
43,2,H.3
44,2,H.1
45,2,D.5
46,2,H.3
47,2,H.1
48,2,D.5
49,2,H.3
50,2,D.4
51,2,H.3
52,2,H.1
53,2,D.5
54,2,H.3
55,2,D.4
56,2,H.3
57,2,H.1
58,2,D.5
59,2,H.3
60,2,H.1
61,2,D.5
62,2,H.3
63,2,D.4
64,2,H.3
65,2,H.1
66,2,D.5
67,2,H.3
68,2,H.1
69,2,D.5
70,2,H.3
71,2,D.4
72,2,H.3
73,2,H.1
74,2,D.5
75,2,H.3
76,2,D.4
77,2,H.3
78,2,H.1
79,2,D.5
80,2,H.3
81,2,H.1
82,2,D.5
83,2,H.3
84,2,D.4
85,2,H.3
-85,3,H.0
-84,3,D.2
-83,3,H.4
-82,3,H.0
-81,3,D.1
-77,3,H.0
-76,3,D.2
-75,3,H.4
-74,3,H.0
-73,3,D.1
-72,3,H.0
-71,3,D.2
-70,3,H.4
-69,3,H.0
-68,3,D.1
-67,3,H.0
-66,3,D.2
-65,3,H.4
-64,3,H.0
-63,3,D.2
-62,3,H.4
-61,3,H.0
-60,3,D.1
-56,3,H.0
-55,3,D.2
-54,3,H.4
-53,3,H.0
-52,3,D.1
-51,3,H.0
-50,3,D.2
-49,3,H.4
-48,3,H.0
-47,3,D.1
-46,3,H.0
-45,3,D.2
-44,3,H.4
-43,3,H.0
-42,3,D.2
-41,3,H.4
-40,3,H.0
-39,3,D.1
-38,3,H.0
-37,3,D.2
-36,3,H.4
-35,3,H.0
-34,3,D.1
-33,3,H.0
-32,3,D.2
-31,3,H.4
-30,3,H.0
-29,3,D.2
-28,3,H.4
-27,3,H.0
-26,3,D.1
-25,3,H.0
-24,3,D.2
-23,3,H.4
-22,3,H.0
-21,3,D.2
-20,3,H.4
-19,3,H.0
-18,3,D.1
-17,3,H.0
-16,3,D.2
-15,3,H.4
-14,3,H.0
-13,3,D.1
-12,3,H.0
-11,3,D.2
-10,3,H.4
-9,3,H.0
-8,3,D.2
-7,3,H.4
-6,3,H.0
-5,3,D.1
-4,3,H.0
-3,3,D.2
-2,3,H.4
-1,3,H.0
0,3,D.1
1,3,H.0
2,3,D.2
3,3,H.4
4,3,H.0
5,3,D.2
6,3,H.4
7,3,H.0
8,3,D.1
9,3,H.0
10,3,D.2
11,3,H.4
12,3,H.0
13,3,D.2
14,3,H.4
15,3,H.0
16,3,D.1
17,3,H.0
18,3,D.2
19,3,H.4
20,3,H.0
21,3,D.1
22,3,H.0
23,3,D.2
24,3,H.4
25,3,H.0
26,3,D.2
27,3,H.4
28,3,H.0
29,3,D.1
30,3,H.0
31,3,D.2
32,3,H.4
33,3,H.0
34,3,D.2
35,3,H.4
36,3,H.0
37,3,D.1
38,3,H.0
39,3,D.2
40,3,H.4
41,3,H.0
42,3,D.1
43,3,H.0
44,3,D.2
45,3,H.4
46,3,H.0
47,3,D.2
48,3,H.4
49,3,H.0
50,3,D.1
51,3,H.0
52,3,D.2
53,3,H.4
54,3,H.0
55,3,D.1
56,3,H.0
57,3,D.2
58,3,H.4
59,3,H.0
60,3,D.2
61,3,H.4
62,3,H.0
63,3,D.1
64,3,H.0
65,3,D.2
66,3,H.4
67,3,H.0
68,3,D.2
69,3,H.4
70,3,H.0
71,3,D.1
72,3,H.0
73,3,D.2
74,3,H.4
75,3,H.0
76,3,D.1
77,3,H.0
78,3,D.2
79,3,H.4
80,3,H.0
81,3,D.2
82,3,H.4
83,3,H.0
84,3,D.1
-85,4,H.5
-82,4,H.5
-81,4,H.4
-77,4,H.5
-76,4,H.1
-75,4,H.2
-74,4,H.5
-73,4,H.4
-72,4,H.5
-71,4,H.1
-70,4,H.2
-69,4,H.5
-68,4,H.4
-67,4,H.2
-66,4,H.1
-65,4,H.2
-64,4,H.5
-61,4,H.5
-60,4,H.4
-56,4,H.5
-55,4,H.1
-54,4,H.2
-53,4,H.5
-52,4,H.4
-51,4,H.5
-50,4,H.1
-49,4,H.2
-48,4,H.5
-47,4,H.4
-46,4,H.2
-45,4,H.1
-44,4,H.2
-43,4,H.5
-42,4,H.1
-41,4,H.2
-40,4,H.5
-39,4,H.4
-38,4,H.5
-37,4,H.1
-36,4,H.2
-35,4,H.5
-34,4,H.4
-33,4,H.2
-32,4,H.1
-31,4,H.2
-30,4,H.5
-29,4,H.1
-28,4,H.2
-27,4,H.5
-26,4,H.4
-25,4,H.2
-24,4,H.1
-23,4,H.2
-22,4,H.5
-21,4,H.1
-20,4,H.2
-19,4,H.5
-18,4,H.4
-17,4,H.5
-16,4,H.1
-15,4,H.2
-14,4,H.5
-13,4,H.4
-12,4,H.2
-11,4,H.1
-10,4,H.2
-9,4,H.5
-8,4,H.1
-7,4,H.2
-6,4,H.5
-5,4,H.4
-4,4,H.5
-3,4,H.1
-2,4,H.2
-1,4,H.5
0,4,H.4
1,4,H.2
2,4,H.1
3,4,H.2
4,4,H.5
5,4,H.1
6,4,H.2
7,4,H.5
8,4,H.4
9,4,H.2
10,4,H.1
11,4,H.2
12,4,H.5
13,4,H.1
14,4,H.2
15,4,H.5
16,4,H.4
17,4,H.5
18,4,H.1
19,4,H.2
20,4,H.5
21,4,H.4
22,4,H.2
23,4,H.1
24,4,H.2
25,4,H.5
26,4,H.1
27,4,H.2
28,4,H.5
29,4,H.4
30,4,H.2
31,4,H.1
32,4,H.2
33,4,H.5
34,4,H.1
35,4,H.2
36,4,H.5
37,4,H.4
38,4,H.5
39,4,H.1
40,4,H.2
41,4,H.5
42,4,H.4
43,4,H.2
44,4,H.1
45,4,H.2
46,4,H.5
47,4,H.1
48,4,H.2
49,4,H.5
50,4,H.4
51,4,H.5
52,4,H.1
53,4,H.2
54,4,H.5
55,4,H.4
56,4,H.2
57,4,H.1
58,4,H.2
59,4,H.5
60,4,H.1
61,4,H.2
62,4,H.5
63,4,H.4
64,4,H.2
65,4,H.1
66,4,H.2
67,4,H.5
68,4,H.1
69,4,H.2
70,4,H.5
71,4,H.4
72,4,H.5
73,4,H.1
74,4,H.2
75,4,H.5
76,4,H.4
77,4,H.2
78,4,H.1
79,4,H.2
80,4,H.5
83,4,H.5
84,4,H.4
-76,5,D.4
-75,5,H.3
-74,5,H.1
-73,5,D.5
-72,5,H.3
-71,5,D.3
-70,5,D.0
-69,5,H.3
-68,5,D.4
-67,5,H.3
-66,5,D.3
-65,5,D.0
-64,5,H.3
-55,5,D.4
-54,5,H.3
-53,5,H.1
-52,5,D.5
-51,5,H.3
-50,5,D.3
-49,5,D.0
-48,5,H.3
-47,5,D.4
-46,5,H.3
-45,5,D.3
-44,5,D.0
-43,5,H.3
-42,5,D.4
-41,5,H.3
-40,5,H.1
-39,5,D.5
-38,5,H.3
-37,5,D.3
-36,5,D.0
-35,5,H.3
-34,5,D.4
-33,5,H.3
-32,5,D.3
-31,5,D.0
-30,5,H.3
-29,5,D.4
-28,5,H.3
-27,5,H.1
-26,5,D.5
-25,5,H.3
-24,5,D.3
-23,5,D.0
-22,5,H.3
-21,5,D.4
-20,5,H.3
-19,5,H.1
-18,5,D.5
-17,5,H.3
-16,5,D.3
-15,5,D.0
-14,5,H.3
-13,5,D.4
-12,5,H.3
-11,5,D.3
-10,5,D.0
-9,5,H.3
-8,5,D.4
-7,5,H.3
-6,5,H.1
-5,5,D.5
-4,5,H.3
-3,5,D.3
-2,5,D.0
-1,5,H.3
0,5,D.4
1,5,H.3
2,5,D.3
3,5,D.0
4,5,H.3
5,5,D.4
6,5,H.3
7,5,H.1
8,5,D.5
9,5,H.3
10,5,D.3
11,5,D.0
12,5,H.3
13,5,D.4
14,5,H.3
15,5,H.1
16,5,D.5
17,5,H.3
18,5,D.3
19,5,D.0
20,5,H.3
21,5,D.4
22,5,H.3
23,5,D.3
24,5,D.0
25,5,H.3
26,5,D.4
27,5,H.3
28,5,H.1
29,5,D.5
30,5,H.3
31,5,D.3
32,5,D.0
33,5,H.3
34,5,D.4
35,5,H.3
36,5,H.1
37,5,D.5
38,5,H.3
39,5,D.3
40,5,D.0
41,5,H.3
42,5,D.4
43,5,H.3
44,5,D.3
45,5,D.0
46,5,H.3
47,5,D.4
48,5,H.3
49,5,H.1
50,5,D.5
51,5,H.3
52,5,D.3
53,5,D.0
54,5,H.3
55,5,D.4
56,5,H.3
57,5,D.3
58,5,D.0
59,5,H.3
60,5,D.4
61,5,H.3
62,5,H.1
63,5,D.5
64,5,H.3
65,5,D.3
66,5,D.0
67,5,H.3
68,5,D.4
69,5,H.3
70,5,H.1
71,5,D.5
72,5,H.3
73,5,D.3
74,5,D.0
75,5,H.3
76,5,D.4
77,5,H.3
78,5,D.3
79,5,D.0
80,5,H.3
-77,6,H.0
-76,6,D.1
-75,6,H.0
-74,6,D.2
-73,6,H.4
-72,6,H.2
-71,6,H.5
-70,6,H.4
-69,6,H.0
-68,6,D.1
-67,6,H.2
-66,6,H.5
-65,6,H.4
-56,6,H.0
-55,6,D.1
-54,6,H.0
-53,6,D.2
-52,6,H.4
-51,6,H.2
-50,6,H.5
-49,6,H.4
-48,6,H.0
-47,6,D.1
-46,6,H.2
-45,6,H.5
-44,6,H.4
-43,6,H.0
-42,6,D.1
-41,6,H.0
-40,6,D.2
-39,6,H.4
-38,6,H.2
-37,6,H.5
-36,6,H.4
-35,6,H.0
-34,6,D.1
-33,6,H.2
-32,6,H.5
-31,6,H.4
-30,6,H.0
-29,6,D.1
-28,6,H.0
-27,6,D.2
-26,6,H.4
-25,6,H.2
-24,6,H.5
-23,6,H.4
-22,6,H.0
-21,6,D.1
-20,6,H.0
-19,6,D.2
-18,6,H.4
-17,6,H.2
-16,6,H.5
-15,6,H.4
-14,6,H.0
-13,6,D.1
-12,6,H.2
-11,6,H.5
-10,6,H.4
-9,6,H.0
-8,6,D.1
-7,6,H.0
-6,6,D.2
-5,6,H.4
-4,6,H.2
-3,6,H.5
-2,6,H.4
-1,6,H.0
0,6,D.1
1,6,H.2
2,6,H.5
3,6,H.4
4,6,H.0
5,6,D.1
6,6,H.0
7,6,D.2
8,6,H.4
9,6,H.2
10,6,H.5
11,6,H.4
12,6,H.0
13,6,D.1
14,6,H.0
15,6,D.2
16,6,H.4
17,6,H.2
18,6,H.5
19,6,H.4
20,6,H.0
21,6,D.1
22,6,H.2
23,6,H.5
24,6,H.4
25,6,H.0
26,6,D.1
27,6,H.0
28,6,D.2
29,6,H.4
30,6,H.2
31,6,H.5
32,6,H.4
33,6,H.0
34,6,D.1
35,6,H.0
36,6,D.2
37,6,H.4
38,6,H.2
39,6,H.5
40,6,H.4
41,6,H.0
42,6,D.1
43,6,H.2
44,6,H.5
45,6,H.4
46,6,H.0
47,6,D.1
48,6,H.0
49,6,D.2
50,6,H.4
51,6,H.2
52,6,H.5
53,6,H.4
54,6,H.0
55,6,D.1
56,6,H.2
57,6,H.5
58,6,H.4
59,6,H.0
60,6,D.1
61,6,H.0
62,6,D.2
63,6,H.4
64,6,H.2
65,6,H.5
66,6,H.4
67,6,H.0
68,6,D.1
69,6,H.0
70,6,D.2
71,6,H.4
72,6,H.2
73,6,H.5
74,6,H.4
75,6,H.0
76,6,D.1
77,6,H.2
78,6,H.5
79,6,H.4
-79,7,H.1
-78,7,H.2
-77,7,H.5
-76,7,H.1
-75,7,D.5
-74,7,H.3
-73,7,D.4
-72,7,H.3
-71,7,H.1
-70,7,H.2
-69,7,H.5
-68,7,D.4
-67,7,H.3
-58,7,H.1
-57,7,H.2
-56,7,H.5
-55,7,H.1
-54,7,D.5
-53,7,H.3
-52,7,D.4
-51,7,H.3
-50,7,H.1
-49,7,H.2
-48,7,H.5
-47,7,D.4
-46,7,H.3
-45,7,H.1
-44,7,H.2
-43,7,H.5
-42,7,H.1
-41,7,D.5
-40,7,H.3
-39,7,D.4
-38,7,H.3
-37,7,H.1
-36,7,H.2
-35,7,H.5
-34,7,D.4
-33,7,H.3
-32,7,H.1
-31,7,H.2
-30,7,H.5
-29,7,H.1
-28,7,D.5
-27,7,H.3
-26,7,D.4
-25,7,H.3
-24,7,H.1
-23,7,H.2
-22,7,H.5
-21,7,H.1
-20,7,D.5
-19,7,H.3
-18,7,D.4
-17,7,H.3
-16,7,H.1
-15,7,H.2
-14,7,H.5
-13,7,D.4
-12,7,H.3
-11,7,H.1
-10,7,H.2
-9,7,H.5
-8,7,H.1
-7,7,D.5
-6,7,H.3
-5,7,D.4
-4,7,H.3
-3,7,H.1
-2,7,H.2
-1,7,H.5
0,7,D.4
1,7,H.3
2,7,H.1
3,7,H.2
4,7,H.5
5,7,H.1
6,7,D.5
7,7,H.3
8,7,D.4
9,7,H.3
10,7,H.1
11,7,H.2
12,7,H.5
13,7,H.1
14,7,D.5
15,7,H.3
16,7,D.4
17,7,H.3
18,7,H.1
19,7,H.2
20,7,H.5
21,7,D.4
22,7,H.3
23,7,H.1
24,7,H.2
25,7,H.5
26,7,H.1
27,7,D.5
28,7,H.3
29,7,D.4
30,7,H.3
31,7,H.1
32,7,H.2
33,7,H.5
34,7,H.1
35,7,D.5
36,7,H.3
37,7,D.4
38,7,H.3
39,7,H.1
40,7,H.2
41,7,H.5
42,7,D.4
43,7,H.3
44,7,H.1
45,7,H.2
46,7,H.5
47,7,H.1
48,7,D.5
49,7,H.3
50,7,D.4
51,7,H.3
52,7,H.1
53,7,H.2
54,7,H.5
55,7,D.4
56,7,H.3
57,7,H.1
58,7,H.2
59,7,H.5
60,7,H.1
61,7,D.5
62,7,H.3
63,7,D.4
64,7,H.3
65,7,H.1
66,7,H.2
67,7,H.5
68,7,H.1
69,7,D.5
70,7,H.3
71,7,D.4
72,7,H.3
73,7,H.1
74,7,H.2
75,7,H.5
76,7,D.4
77,7,H.3
-80,8,H.0
-79,8,D.3
-78,8,D.0
-77,8,H.0
-76,8,D.2
-75,8,H.4
-74,8,H.0
-73,8,D.1
-72,8,H.0
-71,8,D.3
-70,8,D.0
-69,8,H.0
-68,8,D.1
-59,8,H.0
-58,8,D.3
-57,8,D.0
-56,8,H.0
-55,8,D.2
-54,8,H.4
-53,8,H.0
-52,8,D.1
-51,8,H.0
-50,8,D.3
-49,8,D.0
-48,8,H.0
-47,8,D.1
-46,8,H.0
-45,8,D.3
-44,8,D.0
-43,8,H.0
-42,8,D.2
-41,8,H.4
-40,8,H.0
-39,8,D.1
-38,8,H.0
-37,8,D.3
-36,8,D.0
-35,8,H.0
-34,8,D.1
-33,8,H.0
-32,8,D.3
-31,8,D.0
-30,8,H.0
-29,8,D.2
-28,8,H.4
-27,8,H.0
-26,8,D.1
-25,8,H.0
-24,8,D.3
-23,8,D.0
-22,8,H.0
-21,8,D.2
-20,8,H.4
-19,8,H.0
-18,8,D.1
-17,8,H.0
-16,8,D.3
-15,8,D.0
-14,8,H.0
-13,8,D.1
-12,8,H.0
-11,8,D.3
-10,8,D.0
-9,8,H.0
-8,8,D.2
-7,8,H.4
-6,8,H.0
-5,8,D.1
-4,8,H.0
-3,8,D.3
-2,8,D.0
-1,8,H.0
0,8,D.1
1,8,H.0
2,8,D.3
3,8,D.0
4,8,H.0
5,8,D.2
6,8,H.4
7,8,H.0
8,8,D.1
9,8,H.0
10,8,D.3
11,8,D.0
12,8,H.0
13,8,D.2
14,8,H.4
15,8,H.0
16,8,D.1
17,8,H.0
18,8,D.3
19,8,D.0
20,8,H.0
21,8,D.1
22,8,H.0
23,8,D.3
24,8,D.0
25,8,H.0
26,8,D.2
27,8,H.4
28,8,H.0
29,8,D.1
30,8,H.0
31,8,D.3
32,8,D.0
33,8,H.0
34,8,D.2
35,8,H.4
36,8,H.0
37,8,D.1
38,8,H.0
39,8,D.3
40,8,D.0
41,8,H.0
42,8,D.1
43,8,H.0
44,8,D.3
45,8,D.0
46,8,H.0
47,8,D.2
48,8,H.4
49,8,H.0
50,8,D.1
51,8,H.0
52,8,D.3
53,8,D.0
54,8,H.0
55,8,D.1
56,8,H.0
57,8,D.3
58,8,D.0
59,8,H.0
60,8,D.2
61,8,H.4
62,8,H.0
63,8,D.1
64,8,H.0
65,8,D.3
66,8,D.0
67,8,H.0
68,8,D.2
69,8,H.4
70,8,H.0
71,8,D.1
72,8,H.0
73,8,D.3
74,8,D.0
75,8,H.0
76,8,D.1
-79,9,H.5
-78,9,H.4
-77,9,H.5
-74,9,H.5
-73,9,H.4
-71,9,H.5
-70,9,H.4
-69,9,H.5
-68,9,H.4
-67,9,H.2
-58,9,H.5
-57,9,H.4
-56,9,H.5
-55,9,H.1
-54,9,H.2
-53,9,H.5
-52,9,H.4
-51,9,H.2
-50,9,H.5
-49,9,H.4
-48,9,H.5
-47,9,H.4
-46,9,H.2
-45,9,H.5
-44,9,H.4
-43,9,H.5
-42,9,H.1
-41,9,H.2
-40,9,H.5
-39,9,H.4
-38,9,H.2
-37,9,H.5
-36,9,H.4
-35,9,H.5
-34,9,H.4
-33,9,H.2
-32,9,H.5
-31,9,H.4
-30,9,H.2
-29,9,H.1
-28,9,H.2
-27,9,H.5
-26,9,H.4
-25,9,H.2
-24,9,H.5
-23,9,H.4
-22,9,H.5
-21,9,H.1
-20,9,H.2
-19,9,H.5
-18,9,H.4
-17,9,H.2
-16,9,H.5
-15,9,H.4
-14,9,H.5
-13,9,H.4
-12,9,H.2
-11,9,H.5
-10,9,H.4
-9,9,H.5
-8,9,H.1
-7,9,H.2
-6,9,H.5
-5,9,H.4
-4,9,H.2
-3,9,H.5
-2,9,H.4
-1,9,H.5
0,9,H.4
1,9,H.2
2,9,H.5
3,9,H.4
4,9,H.2
5,9,H.1
6,9,H.2
7,9,H.5
8,9,H.4
9,9,H.2
10,9,H.5
11,9,H.4
12,9,H.5
13,9,H.1
14,9,H.2
15,9,H.5
16,9,H.4
17,9,H.2
18,9,H.5
19,9,H.4
20,9,H.5
21,9,H.4
22,9,H.2
23,9,H.5
24,9,H.4
25,9,H.2
26,9,H.1
27,9,H.2
28,9,H.5
29,9,H.4
30,9,H.2
31,9,H.5
32,9,H.4
33,9,H.5
34,9,H.1
35,9,H.2
36,9,H.5
37,9,H.4
38,9,H.2
39,9,H.5
40,9,H.4
41,9,H.5
42,9,H.4
43,9,H.2
44,9,H.5
45,9,H.4
46,9,H.5
47,9,H.1
48,9,H.2
49,9,H.5
50,9,H.4
51,9,H.2
52,9,H.5
53,9,H.4
54,9,H.5
55,9,H.4
56,9,H.2
57,9,H.5
58,9,H.4
59,9,H.2
60,9,H.1
61,9,H.2
62,9,H.5
63,9,H.4
64,9,H.2
65,9,H.5
66,9,H.4
67,9,H.5
70,9,H.5
71,9,H.4
73,9,H.5
74,9,H.4
75,9,H.5
76,9,H.4
77,9,H.2
-79,10,H.1
-78,10,D.5
-77,10,H.3
-71,10,H.1
-70,10,D.5
-69,10,H.3
-68,10,D.4
-67,10,H.3
-58,10,H.1
-57,10,D.5
-56,10,H.3
-55,10,D.4
-54,10,H.3
-53,10,H.1
-52,10,D.5
-51,10,H.3
-50,10,H.1
-49,10,D.5
-48,10,H.3
-47,10,D.4
-46,10,H.3
-45,10,H.1
-44,10,D.5
-43,10,H.3
-42,10,D.4
-41,10,H.3
-40,10,H.1
-39,10,D.5
-38,10,H.3
-37,10,H.1
-36,10,D.5
-35,10,H.3
-34,10,D.4
-33,10,H.3
-32,10,H.1
-31,10,D.5
-30,10,H.3
-29,10,D.4
-28,10,H.3
-27,10,H.1
-26,10,D.5
-25,10,H.3
-24,10,H.1
-23,10,D.5
-22,10,H.3
-21,10,D.4
-20,10,H.3
-19,10,H.1
-18,10,D.5
-17,10,H.3
-16,10,H.1
-15,10,D.5
-14,10,H.3
-13,10,D.4
-12,10,H.3
-11,10,H.1
-10,10,D.5
-9,10,H.3
-8,10,D.4
-7,10,H.3
-6,10,H.1
-5,10,D.5
-4,10,H.3
-3,10,H.1
-2,10,D.5
-1,10,H.3
0,10,D.4
1,10,H.3
2,10,H.1
3,10,D.5
4,10,H.3
5,10,D.4
6,10,H.3
7,10,H.1
8,10,D.5
9,10,H.3
10,10,H.1
11,10,D.5
12,10,H.3
13,10,D.4
14,10,H.3
15,10,H.1
16,10,D.5
17,10,H.3
18,10,H.1
19,10,D.5
20,10,H.3
21,10,D.4
22,10,H.3
23,10,H.1
24,10,D.5
25,10,H.3
26,10,D.4
27,10,H.3
28,10,H.1
29,10,D.5
30,10,H.3
31,10,H.1
32,10,D.5
33,10,H.3
34,10,D.4
35,10,H.3
36,10,H.1
37,10,D.5
38,10,H.3
39,10,H.1
40,10,D.5
41,10,H.3
42,10,D.4
43,10,H.3
44,10,H.1
45,10,D.5
46,10,H.3
47,10,D.4
48,10,H.3
49,10,H.1
50,10,D.5
51,10,H.3
52,10,H.1
53,10,D.5
54,10,H.3
55,10,D.4
56,10,H.3
57,10,H.1
58,10,D.5
59,10,H.3
60,10,D.4
61,10,H.3
62,10,H.1
63,10,D.5
64,10,H.3
65,10,H.1
66,10,D.5
67,10,H.3
73,10,H.1
74,10,D.5
75,10,H.3
76,10,D.4
77,10,H.3
-80,11,H.0
-79,11,D.2
-78,11,H.4
-72,11,H.0
-71,11,D.2
-70,11,H.4
-69,11,H.0
-68,11,D.1
-59,11,H.0
-58,11,D.2
-57,11,H.4
-56,11,H.0
-55,11,D.1
-54,11,H.0
-53,11,D.2
-52,11,H.4
-51,11,H.0
-50,11,D.2
-49,11,H.4
-48,11,H.0
-47,11,D.1
-46,11,H.0
-45,11,D.2
-44,11,H.4
-43,11,H.0
-42,11,D.1
-41,11,H.0
-40,11,D.2
-39,11,H.4
-38,11,H.0
-37,11,D.2
-36,11,H.4
-35,11,H.0
-34,11,D.1
-33,11,H.0
-32,11,D.2
-31,11,H.4
-30,11,H.0
-29,11,D.1
-28,11,H.0
-27,11,D.2
-26,11,H.4
-25,11,H.0
-24,11,D.2
-23,11,H.4
-22,11,H.0
-21,11,D.1
-20,11,H.0
-19,11,D.2
-18,11,H.4
-17,11,H.0
-16,11,D.2
-15,11,H.4
-14,11,H.0
-13,11,D.1
-12,11,H.0
-11,11,D.2
-10,11,H.4
-9,11,H.0
-8,11,D.1
-7,11,H.0
-6,11,D.2
-5,11,H.4
-4,11,H.0
-3,11,D.2
-2,11,H.4
-1,11,H.0
0,11,D.1
1,11,H.0
2,11,D.2
3,11,H.4
4,11,H.0
5,11,D.1
6,11,H.0
7,11,D.2
8,11,H.4
9,11,H.0
10,11,D.2
11,11,H.4
12,11,H.0
13,11,D.1
14,11,H.0
15,11,D.2
16,11,H.4
17,11,H.0
18,11,D.2
19,11,H.4
20,11,H.0
21,11,D.1
22,11,H.0
23,11,D.2
24,11,H.4
25,11,H.0
26,11,D.1
27,11,H.0
28,11,D.2
29,11,H.4
30,11,H.0
31,11,D.2
32,11,H.4
33,11,H.0
34,11,D.1
35,11,H.0
36,11,D.2
37,11,H.4
38,11,H.0
39,11,D.2
40,11,H.4
41,11,H.0
42,11,D.1
43,11,H.0
44,11,D.2
45,11,H.4
46,11,H.0
47,11,D.1
48,11,H.0
49,11,D.2
50,11,H.4
51,11,H.0
52,11,D.2
53,11,H.4
54,11,H.0
55,11,D.1
56,11,H.0
57,11,D.2
58,11,H.4
59,11,H.0
60,11,D.1
61,11,H.0
62,11,D.2
63,11,H.4
64,11,H.0
65,11,D.2
66,11,H.4
72,11,H.0
73,11,D.2
74,11,H.4
75,11,H.0
76,11,D.1
-80,12,H.5
-72,12,H.5
-69,12,H.5
-68,12,H.4
-59,12,H.5
-56,12,H.5
-55,12,H.1
-54,12,H.2
-53,12,H.1
-52,12,H.2
-51,12,H.5
-50,12,H.1
-49,12,H.2
-48,12,H.5
-47,12,H.4
-46,12,H.5
-45,12,H.1
-44,12,H.2
-43,12,H.5
-42,12,H.1
-41,12,H.2
-40,12,H.1
-39,12,H.2
-38,12,H.5
-37,12,H.1
-36,12,H.2
-35,12,H.5
-34,12,H.4
-33,12,H.2
-32,12,H.1
-31,12,H.2
-30,12,H.5
-29,12,H.1
-28,12,H.2
-27,12,H.1
-26,12,H.2
-25,12,H.5
-24,12,H.1
-23,12,H.2
-22,12,H.5
-21,12,H.1
-20,12,H.2
-19,12,H.1
-18,12,H.2
-17,12,H.5
-16,12,H.1
-15,12,H.2
-14,12,H.5
-13,12,H.4
-12,12,H.5
-11,12,H.1
-10,12,H.2
-9,12,H.5
-8,12,H.1
-7,12,H.2
-6,12,H.1
-5,12,H.2
-4,12,H.5
-3,12,H.1
-2,12,H.2
-1,12,H.5
0,12,H.4
1,12,H.2
2,12,H.1
3,12,H.2
4,12,H.5
5,12,H.1
6,12,H.2
7,12,H.1
8,12,H.2
9,12,H.5
10,12,H.1
11,12,H.2
12,12,H.5
13,12,H.1
14,12,H.2
15,12,H.1
16,12,H.2
17,12,H.5
18,12,H.1
19,12,H.2
20,12,H.5
21,12,H.4
22,12,H.2
23,12,H.1
24,12,H.2
25,12,H.5
26,12,H.1
27,12,H.2
28,12,H.1
29,12,H.2
30,12,H.5
31,12,H.1
32,12,H.2
33,12,H.5
34,12,H.1
35,12,H.2
36,12,H.1
37,12,H.2
38,12,H.5
39,12,H.1
40,12,H.2
41,12,H.5
42,12,H.4
43,12,H.5
44,12,H.1
45,12,H.2
46,12,H.5
47,12,H.1
48,12,H.2
49,12,H.1
50,12,H.2
51,12,H.5
52,12,H.1
53,12,H.2
54,12,H.5
55,12,H.4
56,12,H.2
57,12,H.1
58,12,H.2
59,12,H.5
60,12,H.1
61,12,H.2
62,12,H.1
63,12,H.2
64,12,H.5
65,12,H.1
66,12,H.2
72,12,H.5
75,12,H.5
76,12,H.4
-55,13,D.4
-54,13,H.3
-53,13,D.3
-52,13,D.0
-51,13,H.3
-50,13,D.4
-49,13,H.3
-48,13,H.1
-47,13,D.5
-46,13,H.3
-45,13,D.3
-44,13,D.0
-43,13,H.3
-42,13,D.3
-41,13,D.0
-40,13,D.3
-39,13,D.0
-38,13,H.3
-37,13,D.3
-36,13,D.0
-35,13,H.3
-34,13,D.4
-33,13,H.3
-32,13,D.3
-31,13,D.0
-30,13,H.3
-29,13,D.3
-28,13,D.0
-27,13,D.3
-26,13,D.0
-25,13,H.3
-24,13,D.3
-23,13,D.0
-22,13,H.3
-21,13,D.4
-20,13,H.3
-19,13,D.3
-18,13,D.0
-17,13,H.3
-16,13,D.4
-15,13,H.3
-14,13,H.1
-13,13,D.5
-12,13,H.3
-11,13,D.3
-10,13,D.0
-9,13,H.3
-8,13,D.3
-7,13,D.0
-6,13,D.3
-5,13,D.0
-4,13,H.3
-3,13,D.3
-2,13,D.0
-1,13,H.3
0,13,D.4
1,13,H.3
2,13,D.3
3,13,D.0
4,13,H.3
5,13,D.3
6,13,D.0
7,13,D.3
8,13,D.0
9,13,H.3
10,13,D.3
11,13,D.0
12,13,H.3
13,13,D.4
14,13,H.3
15,13,D.3
16,13,D.0
17,13,H.3
18,13,D.4
19,13,H.3
20,13,H.1
21,13,D.5
22,13,H.3
23,13,D.3
24,13,D.0
25,13,H.3
26,13,D.3
27,13,D.0
28,13,D.3
29,13,D.0
30,13,H.3
31,13,D.3
32,13,D.0
33,13,H.3
34,13,D.4
35,13,H.3
36,13,D.3
37,13,D.0
38,13,H.3
39,13,D.4
40,13,H.3
41,13,H.1
42,13,D.5
43,13,H.3
44,13,D.3
45,13,D.0
46,13,H.3
47,13,D.3
48,13,D.0
49,13,D.3
50,13,D.0
51,13,H.3
52,13,D.3
53,13,D.0
54,13,H.3
55,13,D.4
56,13,H.3
57,13,D.3
58,13,D.0
59,13,H.3
60,13,D.3
61,13,D.0
62,13,D.3
63,13,D.0
64,13,H.3
65,13,D.3
66,13,D.0
67,13,H.3
-56,14,H.0
-55,14,D.1
-54,14,H.2
-53,14,H.5
-52,14,H.4
-51,14,H.0
-50,14,D.1
-49,14,H.0
-48,14,D.2
-47,14,H.4
-46,14,H.2
-45,14,H.5
-44,14,H.4
-43,14,H.2
-42,14,H.5
-41,14,H.4
-40,14,H.5
-39,14,H.4
-38,14,H.2
-37,14,H.5
-36,14,H.4
-35,14,H.0
-34,14,D.1
-33,14,H.2
-32,14,H.5
-31,14,H.4
-30,14,H.2
-29,14,H.5
-28,14,H.4
-27,14,H.5
-26,14,H.4
-25,14,H.2
-24,14,H.5
-23,14,H.4
-22,14,H.0
-21,14,D.1
-20,14,H.2
-19,14,H.5
-18,14,H.4
-17,14,H.0
-16,14,D.1
-15,14,H.0
-14,14,D.2
-13,14,H.4
-12,14,H.2
-11,14,H.5
-10,14,H.4
-9,14,H.2
-8,14,H.5
-7,14,H.4
-6,14,H.5
-5,14,H.4
-4,14,H.2
-3,14,H.5
-2,14,H.4
-1,14,H.0
0,14,D.1
1,14,H.2
2,14,H.5
3,14,H.4
4,14,H.2
5,14,H.5
6,14,H.4
7,14,H.5
8,14,H.4
9,14,H.2
10,14,H.5
11,14,H.4
12,14,H.0
13,14,D.1
14,14,H.2
15,14,H.5
16,14,H.4
17,14,H.0
18,14,D.1
19,14,H.0
20,14,D.2
21,14,H.4
22,14,H.2
23,14,H.5
24,14,H.4
25,14,H.2
26,14,H.5
27,14,H.4
28,14,H.5
29,14,H.4
30,14,H.2
31,14,H.5
32,14,H.4
33,14,H.0
34,14,D.1
35,14,H.2
36,14,H.5
37,14,H.4
38,14,H.0
39,14,D.1
40,14,H.0
41,14,D.2
42,14,H.4
43,14,H.2
44,14,H.5
45,14,H.4
46,14,H.2
47,14,H.5
48,14,H.4
49,14,H.5
50,14,H.4
51,14,H.2
52,14,H.5
53,14,H.4
54,14,H.0
55,14,D.1
56,14,H.2
57,14,H.5
58,14,H.4
59,14,H.2
60,14,H.5
61,14,H.4
62,14,H.5
63,14,H.4
64,14,H.2
65,14,H.5
66,14,H.4
-58,15,H.1
-57,15,H.2
-56,15,H.5
-55,15,D.4
-54,15,H.3
-53,15,H.1
-52,15,H.2
-51,15,H.5
-50,15,H.1
-49,15,D.5
-48,15,H.3
-47,15,D.4
-46,15,H.3
-45,15,H.1
-44,15,D.5
-43,15,H.3
-42,15,H.1
-41,15,D.5
-40,15,H.3
-39,15,D.4
-38,15,H.3
-37,15,H.1
-36,15,H.2
-35,15,H.5
-34,15,D.4
-33,15,H.3
-32,15,H.1
-31,15,D.5
-30,15,H.3
-29,15,H.1
-28,15,D.5
-27,15,H.3
-26,15,D.4
-25,15,H.3
-24,15,H.1
-23,15,H.2
-22,15,H.5
-21,15,D.4
-20,15,H.3
-19,15,H.1
-18,15,H.2
-17,15,H.5
-16,15,H.1
-15,15,D.5
-14,15,H.3
-13,15,D.4
-12,15,H.3
-11,15,H.1
-10,15,D.5
-9,15,H.3
-8,15,H.1
-7,15,D.5
-6,15,H.3
-5,15,D.4
-4,15,H.3
-3,15,H.1
-2,15,H.2
-1,15,H.5
0,15,D.4
1,15,H.3
2,15,H.1
3,15,D.5
4,15,H.3
5,15,H.1
6,15,D.5
7,15,H.3
8,15,D.4
9,15,H.3
10,15,H.1
11,15,H.2
12,15,H.5
13,15,D.4
14,15,H.3
15,15,H.1
16,15,H.2
17,15,H.5
18,15,H.1
19,15,D.5
20,15,H.3
21,15,D.4
22,15,H.3
23,15,H.1
24,15,D.5
25,15,H.3
26,15,H.1
27,15,D.5
28,15,H.3
29,15,D.4
30,15,H.3
31,15,H.1
32,15,H.2
33,15,H.5
34,15,D.4
35,15,H.3
36,15,H.1
37,15,H.2
38,15,H.5
39,15,H.1
40,15,D.5
41,15,H.3
42,15,D.4
43,15,H.3
44,15,H.1
45,15,D.5
46,15,H.3
47,15,H.1
48,15,D.5
49,15,H.3
50,15,D.4
51,15,H.3
52,15,H.1
53,15,H.2
54,15,H.5
55,15,D.4
56,15,H.3
57,15,H.1
58,15,D.5
59,15,H.3
60,15,H.1
61,15,D.5
62,15,H.3
63,15,D.4
64,15,H.3
-59,16,H.0
-58,16,D.3
-57,16,D.0
-56,16,H.0
-55,16,D.1
-54,16,H.0
-53,16,D.3
-52,16,D.0
-51,16,H.0
-50,16,D.2
-49,16,H.4
-48,16,H.0
-47,16,D.1
-46,16,H.0
-45,16,D.2
-44,16,H.4
-43,16,H.0
-42,16,D.2
-41,16,H.4
-40,16,H.0
-39,16,D.1
-38,16,H.0
-37,16,D.3
-36,16,D.0
-35,16,H.0
-34,16,D.1
-33,16,H.0
-32,16,D.2
-31,16,H.4
-30,16,H.0
-29,16,D.2
-28,16,H.4
-27,16,H.0
-26,16,D.1
-25,16,H.0
-24,16,D.3
-23,16,D.0
-22,16,H.0
-21,16,D.1
-20,16,H.0
-19,16,D.3
-18,16,D.0
-17,16,H.0
-16,16,D.2
-15,16,H.4
-14,16,H.0
-13,16,D.1
-12,16,H.0
-11,16,D.2
-10,16,H.4
-9,16,H.0
-8,16,D.2
-7,16,H.4
-6,16,H.0
-5,16,D.1
-4,16,H.0
-3,16,D.3
-2,16,D.0
-1,16,H.0
0,16,D.1
1,16,H.0
2,16,D.2
3,16,H.4
4,16,H.0
5,16,D.2
6,16,H.4
7,16,H.0
8,16,D.1
9,16,H.0
10,16,D.3
11,16,D.0
12,16,H.0
13,16,D.1
14,16,H.0
15,16,D.3
16,16,D.0
17,16,H.0
18,16,D.2
19,16,H.4
20,16,H.0
21,16,D.1
22,16,H.0
23,16,D.2
24,16,H.4
25,16,H.0
26,16,D.2
27,16,H.4
28,16,H.0
29,16,D.1
30,16,H.0
31,16,D.3
32,16,D.0
33,16,H.0
34,16,D.1
35,16,H.0
36,16,D.3
37,16,D.0
38,16,H.0
39,16,D.2
40,16,H.4
41,16,H.0
42,16,D.1
43,16,H.0
44,16,D.2
45,16,H.4
46,16,H.0
47,16,D.2
48,16,H.4
49,16,H.0
50,16,D.1
51,16,H.0
52,16,D.3
53,16,D.0
54,16,H.0
55,16,D.1
56,16,H.0
57,16,D.2
58,16,H.4
59,16,H.0
60,16,D.2
61,16,H.4
62,16,H.0
63,16,D.1
-63,17,H.1
-62,17,H.2
-59,17,H.2
-58,17,H.5
-57,17,H.4
-56,17,H.5
-55,17,H.1
-54,17,H.2
-53,17,H.5
-52,17,H.4
-51,17,H.5
-50,17,H.1
-49,17,H.2
-48,17,H.5
-47,17,H.4
-46,17,H.2
-45,17,H.1
-44,17,H.2
-43,17,H.5
-42,17,H.1
-41,17,H.2
-40,17,H.5
-39,17,H.4
-38,17,H.2
-37,17,H.5
-36,17,H.4
-35,17,H.5
-34,17,H.4
-33,17,H.2
-32,17,H.1
-31,17,H.2
-30,17,H.5
-29,17,H.1
-28,17,H.2
-27,17,H.5
-26,17,H.4
-25,17,H.2
-24,17,H.5
-23,17,H.4
-22,17,H.5
-21,17,H.1
-20,17,H.2
-19,17,H.5
-18,17,H.4
-17,17,H.5
-16,17,H.1
-15,17,H.2
-14,17,H.5
-13,17,H.4
-12,17,H.2
-11,17,H.1
-10,17,H.2
-9,17,H.5
-8,17,H.1
-7,17,H.2
-6,17,H.5
-5,17,H.4
-4,17,H.2
-3,17,H.5
-2,17,H.4
-1,17,H.5
0,17,H.4
1,17,H.2
2,17,H.1
3,17,H.2
4,17,H.5
5,17,H.1
6,17,H.2
7,17,H.5
8,17,H.4
9,17,H.2
10,17,H.5
11,17,H.4
12,17,H.5
13,17,H.1
14,17,H.2
15,17,H.5
16,17,H.4
17,17,H.2
18,17,H.1
19,17,H.2
20,17,H.5
21,17,H.4
22,17,H.2
23,17,H.1
24,17,H.2
25,17,H.5
26,17,H.1
27,17,H.2
28,17,H.5
29,17,H.4
30,17,H.2
31,17,H.5
32,17,H.4
33,17,H.5
34,17,H.1
35,17,H.2
36,17,H.5
37,17,H.4
38,17,H.5
39,17,H.1
40,17,H.2
41,17,H.5
42,17,H.4
43,17,H.2
44,17,H.1
45,17,H.2
46,17,H.5
47,17,H.1
48,17,H.2
49,17,H.5
50,17,H.4
51,17,H.2
52,17,H.5
53,17,H.4
54,17,H.5
55,17,H.4
56,17,H.2
57,17,H.1
58,17,H.2
59,17,H.5
62,17,H.5
63,17,H.4
-63,18,D.4
-62,18,H.3
-61,18,H.1
-60,18,D.5
-59,18,H.3
-58,18,H.1
-57,18,D.5
-56,18,H.3
-55,18,D.4
-54,18,H.3
-53,18,H.1
-52,18,D.5
-51,18,H.3
-50,18,D.3
-49,18,D.0
-48,18,H.3
-47,18,D.4
-46,18,H.3
-45,18,D.3
-44,18,D.0
-43,18,H.3
-42,18,D.4
-41,18,H.3
-40,18,H.1
-39,18,D.5
-38,18,H.3
-37,18,H.1
-36,18,D.5
-35,18,H.3
-34,18,D.4
-33,18,H.3
-32,18,D.3
-31,18,D.0
-30,18,H.3
-29,18,D.4
-28,18,H.3
-27,18,H.1
-26,18,D.5
-25,18,H.3
-24,18,H.1
-23,18,D.5
-22,18,H.3
-21,18,D.4
-20,18,H.3
-19,18,H.1
-18,18,D.5
-17,18,H.3
-16,18,D.3
-15,18,D.0
-14,18,H.3
-13,18,D.4
-12,18,H.3
-11,18,D.3
-10,18,D.0
-9,18,H.3
-8,18,D.4
-7,18,H.3
-6,18,H.1
-5,18,D.5
-4,18,H.3
-3,18,H.1
-2,18,D.5
-1,18,H.3
0,18,D.4
1,18,H.3
2,18,D.3
3,18,D.0
4,18,H.3
5,18,D.4
6,18,H.3
7,18,H.1
8,18,D.5
9,18,H.3
10,18,H.1
11,18,D.5
12,18,H.3
13,18,D.4
14,18,H.3
15,18,H.1
16,18,D.5
17,18,H.3
18,18,D.3
19,18,D.0
20,18,H.3
21,18,D.4
22,18,H.3
23,18,D.3
24,18,D.0
25,18,H.3
26,18,D.4
27,18,H.3
28,18,H.1
29,18,D.5
30,18,H.3
31,18,H.1
32,18,D.5
33,18,H.3
34,18,D.4
35,18,H.3
36,18,H.1
37,18,D.5
38,18,H.3
39,18,D.3
40,18,D.0
41,18,H.3
42,18,D.4
43,18,H.3
44,18,D.3
45,18,D.0
46,18,H.3
47,18,D.4
48,18,H.3
49,18,H.1
50,18,D.5
51,18,H.3
52,18,H.1
53,18,D.5
54,18,H.3
55,18,D.4
56,18,H.3
57,18,D.3
58,18,D.0
59,18,H.3
-64,19,H.0
-63,19,D.1
-62,19,H.0
-61,19,D.2
-60,19,H.4
-59,19,H.0
-58,19,D.2
-57,19,H.4
-56,19,H.0
-55,19,D.1
-54,19,H.0
-53,19,D.2
-52,19,H.4
-51,19,H.2
-50,19,H.5
-49,19,H.4
-48,19,H.0
-47,19,D.1
-46,19,H.2
-45,19,H.5
-44,19,H.4
-43,19,H.0
-42,19,D.1
-41,19,H.0
-40,19,D.2
-39,19,H.4
-38,19,H.0
-37,19,D.2
-36,19,H.4
-35,19,H.0
-34,19,D.1
-33,19,H.2
-32,19,H.5
-31,19,H.4
-30,19,H.0
-29,19,D.1
-28,19,H.0
-27,19,D.2
-26,19,H.4
-25,19,H.0
-24,19,D.2
-23,19,H.4
-22,19,H.0
-21,19,D.1
-20,19,H.0
-19,19,D.2
-18,19,H.4
-17,19,H.2
-16,19,H.5
-15,19,H.4
-14,19,H.0
-13,19,D.1
-12,19,H.2
-11,19,H.5
-10,19,H.4
-9,19,H.0
-8,19,D.1
-7,19,H.0
-6,19,D.2
-5,19,H.4
-4,19,H.0
-3,19,D.2
-2,19,H.4
-1,19,H.0
0,19,D.1
1,19,H.2
2,19,H.5
3,19,H.4
4,19,H.0
5,19,D.1
6,19,H.0
7,19,D.2
8,19,H.4
9,19,H.0
10,19,D.2
11,19,H.4
12,19,H.0
13,19,D.1
14,19,H.0
15,19,D.2
16,19,H.4
17,19,H.2
18,19,H.5
19,19,H.4
20,19,H.0
21,19,D.1
22,19,H.2
23,19,H.5
24,19,H.4
25,19,H.0
26,19,D.1
27,19,H.0
28,19,D.2
29,19,H.4
30,19,H.0
31,19,D.2
32,19,H.4
33,19,H.0
34,19,D.1
35,19,H.0
36,19,D.2
37,19,H.4
38,19,H.2
39,19,H.5
40,19,H.4
41,19,H.0
42,19,D.1
43,19,H.2
44,19,H.5
45,19,H.4
46,19,H.0
47,19,D.1
48,19,H.0
49,19,D.2
50,19,H.4
51,19,H.0
52,19,D.2
53,19,H.4
54,19,H.0
55,19,D.1
56,19,H.2
57,19,H.5
58,19,H.4
-66,20,H.1
-65,20,H.2
-64,20,H.5
-63,20,H.1
-62,20,H.2
-61,20,H.1
-60,20,H.2
-59,20,H.5
-58,20,H.1
-57,20,H.2
-56,20,H.5
-55,20,H.1
-54,20,D.5
-53,20,H.3
-52,20,D.4
-51,20,H.3
-50,20,H.1
-49,20,H.2
-48,20,H.5
-47,20,D.4
-46,20,H.3
-45,20,H.1
-44,20,H.2
-43,20,H.5
-42,20,H.1
-41,20,H.2
-40,20,H.1
-39,20,H.2
-38,20,H.5
-37,20,H.1
-36,20,H.2
-35,20,H.5
-34,20,D.4
-33,20,H.3
-32,20,H.1
-31,20,H.2
-30,20,H.5
-29,20,H.1
-28,20,H.2
-27,20,H.1
-26,20,H.2
-25,20,H.5
-24,20,H.1
-23,20,H.2
-22,20,H.5
-21,20,H.1
-20,20,D.5
-19,20,H.3
-18,20,D.4
-17,20,H.3
-16,20,H.1
-15,20,H.2
-14,20,H.5
-13,20,D.4
-12,20,H.3
-11,20,H.1
-10,20,H.2
-9,20,H.5
-8,20,H.1
-7,20,H.2
-6,20,H.1
-5,20,H.2
-4,20,H.5
-3,20,H.1
-2,20,H.2
-1,20,H.5
0,20,D.4
1,20,H.3
2,20,H.1
3,20,H.2
4,20,H.5
5,20,H.1
6,20,H.2
7,20,H.1
8,20,H.2
9,20,H.5
10,20,H.1
11,20,H.2
12,20,H.5
13,20,H.1
14,20,D.5
15,20,H.3
16,20,D.4
17,20,H.3
18,20,H.1
19,20,H.2
20,20,H.5
21,20,D.4
22,20,H.3
23,20,H.1
24,20,H.2
25,20,H.5
26,20,H.1
27,20,H.2
28,20,H.1
29,20,H.2
30,20,H.5
31,20,H.1
32,20,H.2
33,20,H.5
34,20,H.1
35,20,D.5
36,20,H.3
37,20,D.4
38,20,H.3
39,20,H.1
40,20,H.2
41,20,H.5
42,20,D.4
43,20,H.3
44,20,H.1
45,20,H.2
46,20,H.5
47,20,H.1
48,20,H.2
49,20,H.1
50,20,H.2
51,20,H.5
52,20,H.1
53,20,H.2
54,20,H.5
55,20,D.4
56,20,H.3
-67,21,H.0
-66,21,D.3
-65,21,D.0
-64,21,H.0
-63,21,D.3
-62,21,D.0
-61,21,D.3
-60,21,D.0
-59,21,H.0
-58,21,D.3
-57,21,D.0
-56,21,H.0
-55,21,D.2
-54,21,H.4
-53,21,H.0
-52,21,D.1
-51,21,H.0
-50,21,D.3
-49,21,D.0
-48,21,H.0
-47,21,D.1
-46,21,H.0
-45,21,D.3
-44,21,D.0
-43,21,H.0
-42,21,D.3
-41,21,D.0
-40,21,D.3
-39,21,D.0
-38,21,H.0
-37,21,D.3
-36,21,D.0
-35,21,H.0
-34,21,D.1
-33,21,H.0
-32,21,D.3
-31,21,D.0
-30,21,H.0
-29,21,D.3
-28,21,D.0
-27,21,D.3
-26,21,D.0
-25,21,H.0
-24,21,D.3
-23,21,D.0
-22,21,H.0
-21,21,D.2
-20,21,H.4
-19,21,H.0
-18,21,D.1
-17,21,H.0
-16,21,D.3
-15,21,D.0
-14,21,H.0
-13,21,D.1
-12,21,H.0
-11,21,D.3
-10,21,D.0
-9,21,H.0
-8,21,D.3
-7,21,D.0
-6,21,D.3
-5,21,D.0
-4,21,H.0
-3,21,D.3
-2,21,D.0
-1,21,H.0
0,21,D.1
1,21,H.0
2,21,D.3
3,21,D.0
4,21,H.0
5,21,D.3
6,21,D.0
7,21,D.3
8,21,D.0
9,21,H.0
10,21,D.3
11,21,D.0
12,21,H.0
13,21,D.2
14,21,H.4
15,21,H.0
16,21,D.1
17,21,H.0
18,21,D.3
19,21,D.0
20,21,H.0
21,21,D.1
22,21,H.0
23,21,D.3
24,21,D.0
25,21,H.0
26,21,D.3
27,21,D.0
28,21,D.3
29,21,D.0
30,21,H.0
31,21,D.3
32,21,D.0
33,21,H.0
34,21,D.2
35,21,H.4
36,21,H.0
37,21,D.1
38,21,H.0
39,21,D.3
40,21,D.0
41,21,H.0
42,21,D.1
43,21,H.0
44,21,D.3
45,21,D.0
46,21,H.0
47,21,D.3
48,21,D.0
49,21,D.3
50,21,D.0
51,21,H.0
52,21,D.3
53,21,D.0
54,21,H.0
55,21,D.1
-66,22,H.5
-65,22,H.4
-63,22,H.5
-62,22,H.4
-61,22,H.5
-60,22,H.4
-59,22,H.2
-58,22,H.5
-57,22,H.4
-56,22,H.5
-55,22,H.1
-54,22,H.2
-53,22,H.5
-52,22,H.4
-51,22,H.2
-50,22,H.5
-49,22,H.4
-48,22,H.5
-47,22,H.4
-46,22,H.2
-45,22,H.5
-44,22,H.4
-43,22,H.2
-42,22,H.5
-41,22,H.4
-40,22,H.5
-39,22,H.4
-38,22,H.2
-37,22,H.5
-36,22,H.4
-35,22,H.5
-34,22,H.4
-33,22,H.2
-32,22,H.5
-31,22,H.4
-30,22,H.2
-29,22,H.5
-28,22,H.4
-27,22,H.5
-26,22,H.4
-25,22,H.2
-24,22,H.5
-23,22,H.4
-22,22,H.5
-21,22,H.1
-20,22,H.2
-19,22,H.5
-18,22,H.4
-17,22,H.2
-16,22,H.5
-15,22,H.4
-14,22,H.5
-13,22,H.4
-12,22,H.2
-11,22,H.5
-10,22,H.4
-9,22,H.2
-8,22,H.5
-7,22,H.4
-6,22,H.5
-5,22,H.4
-4,22,H.2
-3,22,H.5
-2,22,H.4
-1,22,H.5
0,22,H.4
1,22,H.2
2,22,H.5
3,22,H.4
4,22,H.2
5,22,H.5
6,22,H.4
7,22,H.5
8,22,H.4
9,22,H.2
10,22,H.5
11,22,H.4
12,22,H.2
13,22,H.1
14,22,H.2
15,22,H.5
16,22,H.4
17,22,H.2
18,22,H.5
19,22,H.4
20,22,H.5
21,22,H.4
22,22,H.2
23,22,H.5
24,22,H.4
25,22,H.2
26,22,H.5
27,22,H.4
28,22,H.5
29,22,H.4
30,22,H.2
31,22,H.5
32,22,H.4
33,22,H.5
36,22,H.5
37,22,H.4
39,22,H.5
40,22,H.4
41,22,H.5
42,22,H.4
43,22,H.2
44,22,H.5
45,22,H.4
47,22,H.5
48,22,H.4
49,22,H.5
50,22,H.4
51,22,H.2
52,22,H.5
53,22,H.4
54,22,H.5
55,22,H.4
56,22,H.2
59,22,H.2
-63,23,H.1
-62,23,D.5
-61,23,H.3
-60,23,D.4
-59,23,H.3
-58,23,H.1
-57,23,D.5
-56,23,H.3
-55,23,D.4
-54,23,H.3
-53,23,H.1
-52,23,D.5
-51,23,H.3
-50,23,H.1
-49,23,D.5
-48,23,H.3
-47,23,D.4
-46,23,H.3
-45,23,H.1
-44,23,D.5
-43,23,H.3
-42,23,H.1
-41,23,D.5
-40,23,H.3
-39,23,D.4
-38,23,H.3
-37,23,H.1
-36,23,D.5
-35,23,H.3
-34,23,D.4
-33,23,H.3
-32,23,H.1
-31,23,D.5
-30,23,H.3
-29,23,H.1
-28,23,D.5
-27,23,H.3
-26,23,D.4
-25,23,H.3
-24,23,H.1
-23,23,D.5
-22,23,H.3
-21,23,D.4
-20,23,H.3
-19,23,H.1
-18,23,D.5
-17,23,H.3
-16,23,H.1
-15,23,D.5
-14,23,H.3
-13,23,D.4
-12,23,H.3
-11,23,H.1
-10,23,D.5
-9,23,H.3
-8,23,H.1
-7,23,D.5
-6,23,H.3
-5,23,D.4
-4,23,H.3
-3,23,H.1
-2,23,D.5
-1,23,H.3
0,23,D.4
1,23,H.3
2,23,H.1
3,23,D.5
4,23,H.3
5,23,H.1
6,23,D.5
7,23,H.3
8,23,D.4
9,23,H.3
10,23,H.1
11,23,D.5
12,23,H.3
13,23,D.4
14,23,H.3
15,23,H.1
16,23,D.5
17,23,H.3
18,23,H.1
19,23,D.5
20,23,H.3
21,23,D.4
22,23,H.3
23,23,H.1
24,23,D.5
25,23,H.3
26,23,H.1
27,23,D.5
28,23,H.3
29,23,D.4
30,23,H.3
31,23,H.1
32,23,D.5
33,23,H.3
39,23,H.1
40,23,D.5
41,23,H.3
42,23,D.4
43,23,H.3
47,23,H.1
48,23,D.5
49,23,H.3
50,23,D.4
51,23,H.3
52,23,H.1
53,23,D.5
54,23,H.3
55,23,D.4
56,23,H.3
57,23,H.1
58,23,D.5
59,23,H.3
-64,24,H.0
-63,24,D.2
-62,24,H.4
-61,24,H.0
-60,24,D.1
-59,24,H.0
-58,24,D.2
-57,24,H.4
-56,24,H.0
-55,24,D.1
-54,24,H.0
-53,24,D.2
-52,24,H.4
-51,24,H.0
-50,24,D.2
-49,24,H.4
-48,24,H.0
-47,24,D.1
-46,24,H.0
-45,24,D.2
-44,24,H.4
-43,24,H.0
-42,24,D.2
-41,24,H.4
-40,24,H.0
-39,24,D.1
-38,24,H.0
-37,24,D.2
-36,24,H.4
-35,24,H.0
-34,24,D.1
-33,24,H.0
-32,24,D.2
-31,24,H.4
-30,24,H.0
-29,24,D.2
-28,24,H.4
-27,24,H.0
-26,24,D.1
-25,24,H.0
-24,24,D.2
-23,24,H.4
-22,24,H.0
-21,24,D.1
-20,24,H.0
-19,24,D.2
-18,24,H.4
-17,24,H.0
-16,24,D.2
-15,24,H.4
-14,24,H.0
-13,24,D.1
-12,24,H.0
-11,24,D.2
-10,24,H.4
-9,24,H.0
-8,24,D.2
-7,24,H.4
-6,24,H.0
-5,24,D.1
-4,24,H.0
-3,24,D.2
-2,24,H.4
-1,24,H.0
0,24,D.1
1,24,H.0
2,24,D.2
3,24,H.4
4,24,H.0
5,24,D.2
6,24,H.4
7,24,H.0
8,24,D.1
9,24,H.0
10,24,D.2
11,24,H.4
12,24,H.0
13,24,D.1
14,24,H.0
15,24,D.2
16,24,H.4
17,24,H.0
18,24,D.2
19,24,H.4
20,24,H.0
21,24,D.1
22,24,H.0
23,24,D.2
24,24,H.4
25,24,H.0
26,24,D.2
27,24,H.4
28,24,H.0
29,24,D.1
30,24,H.0
31,24,D.2
32,24,H.4
38,24,H.0
39,24,D.2
40,24,H.4
41,24,H.0
42,24,D.1
46,24,H.0
47,24,D.2
48,24,H.4
49,24,H.0
50,24,D.1
51,24,H.0
52,24,D.2
53,24,H.4
54,24,H.0
55,24,D.1
56,24,H.0
57,24,D.2
58,24,H.4
-64,25,H.5
-63,25,H.1
-62,25,H.2
-61,25,H.5
-60,25,H.4
-59,25,H.5
-58,25,H.1
-57,25,H.2
-56,25,H.5
-55,25,H.1
-54,25,H.2
-53,25,H.1
-52,25,H.2
-51,25,H.5
-50,25,H.1
-49,25,H.2
-48,25,H.5
-47,25,H.4
-46,25,H.2
-45,25,H.1
-44,25,H.2
-43,25,H.5
-42,25,H.1
-41,25,H.2
-40,25,H.5
-39,25,H.4
-38,25,H.5
-37,25,H.1
-36,25,H.2
-35,25,H.5
-34,25,H.4
-33,25,H.2
-32,25,H.1
-31,25,H.2
-30,25,H.5
-29,25,H.1
-28,25,H.2
-27,25,H.5
-26,25,H.4
-25,25,H.5
-24,25,H.1
-23,25,H.2
-22,25,H.5
-21,25,H.1
-20,25,H.2
-19,25,H.1
-18,25,H.2
-17,25,H.5
-16,25,H.1
-15,25,H.2
-14,25,H.5
-13,25,H.4
-12,25,H.2
-11,25,H.1
-10,25,H.2
-9,25,H.5
-8,25,H.1
-7,25,H.2
-6,25,H.5
-5,25,H.4
-4,25,H.5
-3,25,H.1
-2,25,H.2
-1,25,H.5
0,25,H.4
1,25,H.2
2,25,H.1
3,25,H.2
4,25,H.5
5,25,H.1
6,25,H.2
7,25,H.5
8,25,H.4
9,25,H.2
10,25,H.1
11,25,H.2
12,25,H.5
13,25,H.1
14,25,H.2
15,25,H.1
16,25,H.2
17,25,H.5
18,25,H.1
19,25,H.2
20,25,H.5
21,25,H.4
22,25,H.2
23,25,H.1
24,25,H.2
25,25,H.5
26,25,H.1
27,25,H.2
28,25,H.5
29,25,H.4
30,25,H.5
31,25,H.1
32,25,H.2
38,25,H.5
41,25,H.5
42,25,H.4
46,25,H.5
47,25,H.1
48,25,H.2
49,25,H.5
50,25,H.4
51,25,H.5
52,25,H.1
53,25,H.2
54,25,H.5
55,25,H.4
56,25,H.2
57,25,H.1
58,25,H.2
-63,26,D.4
-62,26,H.3
-61,26,H.1
-60,26,D.5
-59,26,H.3
-58,26,D.3
-57,26,D.0
-56,26,H.3
-55,26,D.4
-54,26,H.3
-53,26,D.3
-52,26,D.0
-51,26,H.3
-50,26,D.4
-49,26,H.3
-48,26,H.1
-47,26,D.5
-46,26,H.3
-45,26,D.3
-44,26,D.0
-43,26,H.3
-42,26,D.4
-41,26,H.3
-40,26,H.1
-39,26,D.5
-38,26,H.3
-37,26,D.3
-36,26,D.0
-35,26,H.3
-34,26,D.4
-33,26,H.3
-32,26,D.3
-31,26,D.0
-30,26,H.3
-29,26,D.4
-28,26,H.3
-27,26,H.1
-26,26,D.5
-25,26,H.3
-24,26,D.3
-23,26,D.0
-22,26,H.3
-21,26,D.4
-20,26,H.3
-19,26,D.3
-18,26,D.0
-17,26,H.3
-16,26,D.4
-15,26,H.3
-14,26,H.1
-13,26,D.5
-12,26,H.3
-11,26,D.3
-10,26,D.0
-9,26,H.3
-8,26,D.4
-7,26,H.3
-6,26,H.1
-5,26,D.5
-4,26,H.3
-3,26,D.3
-2,26,D.0
-1,26,H.3
0,26,D.4
1,26,H.3
2,26,D.3
3,26,D.0
4,26,H.3
5,26,D.4
6,26,H.3
7,26,H.1
8,26,D.5
9,26,H.3
10,26,D.3
11,26,D.0
12,26,H.3
13,26,D.4
14,26,H.3
15,26,D.3
16,26,D.0
17,26,H.3
18,26,D.4
19,26,H.3
20,26,H.1
21,26,D.5
22,26,H.3
23,26,D.3
24,26,D.0
25,26,H.3
26,26,D.4
27,26,H.3
28,26,H.1
29,26,D.5
30,26,H.3
31,26,D.3
32,26,D.0
33,26,H.3
47,26,D.4
48,26,H.3
49,26,H.1
50,26,D.5
51,26,H.3
52,26,D.3
53,26,D.0
54,26,H.3
55,26,D.4
56,26,H.3
57,26,D.3
58,26,D.0
59,26,H.3
-64,27,H.0
-63,27,D.1
-62,27,H.0
-61,27,D.2
-60,27,H.4
-59,27,H.2
-58,27,H.5
-57,27,H.4
-56,27,H.0
-55,27,D.1
-54,27,H.2
-53,27,H.5
-52,27,H.4
-51,27,H.0
-50,27,D.1
-49,27,H.0
-48,27,D.2
-47,27,H.4
-46,27,H.2
-45,27,H.5
-44,27,H.4
-43,27,H.0
-42,27,D.1
-41,27,H.0
-40,27,D.2
-39,27,H.4
-38,27,H.2
-37,27,H.5
-36,27,H.4
-35,27,H.0
-34,27,D.1
-33,27,H.2
-32,27,H.5
-31,27,H.4
-30,27,H.0
-29,27,D.1
-28,27,H.0
-27,27,D.2
-26,27,H.4
-25,27,H.2
-24,27,H.5
-23,27,H.4
-22,27,H.0
-21,27,D.1
-20,27,H.2
-19,27,H.5
-18,27,H.4
-17,27,H.0
-16,27,D.1
-15,27,H.0
-14,27,D.2
-13,27,H.4
-12,27,H.2
-11,27,H.5
-10,27,H.4
-9,27,H.0
-8,27,D.1
-7,27,H.0
-6,27,D.2
-5,27,H.4
-4,27,H.2
-3,27,H.5
-2,27,H.4
-1,27,H.0
0,27,D.1
1,27,H.2
2,27,H.5
3,27,H.4
4,27,H.0
5,27,D.1
6,27,H.0
7,27,D.2
8,27,H.4
9,27,H.2
10,27,H.5
11,27,H.4
12,27,H.0
13,27,D.1
14,27,H.2
15,27,H.5
16,27,H.4
17,27,H.0
18,27,D.1
19,27,H.0
20,27,D.2
21,27,H.4
22,27,H.2
23,27,H.5
24,27,H.4
25,27,H.0
26,27,D.1
27,27,H.0
28,27,D.2
29,27,H.4
30,27,H.2
31,27,H.5
32,27,H.4
46,27,H.0
47,27,D.1
48,27,H.0
49,27,D.2
50,27,H.4
51,27,H.2
52,27,H.5
53,27,H.4
54,27,H.0
55,27,D.1
56,27,H.2
57,27,H.5
58,27,H.4
-66,28,H.1
-65,28,H.2
-64,28,H.5
-63,28,H.1
-62,28,D.5
-61,28,H.3
-60,28,D.4
-59,28,H.3
-58,28,H.1
-57,28,H.2
-56,28,H.5
-55,28,D.4
-54,28,H.3
-53,28,H.1
-52,28,H.2
-51,28,H.5
-50,28,H.1
-49,28,D.5
-48,28,H.3
-47,28,D.4
-46,28,H.3
-45,28,H.1
-44,28,H.2
-43,28,H.5
-42,28,H.1
-41,28,D.5
-40,28,H.3
-39,28,D.4
-38,28,H.3
-37,28,H.1
-36,28,H.2
-35,28,H.5
-34,28,D.4
-33,28,H.3
-32,28,H.1
-31,28,H.2
-30,28,H.5
-29,28,H.1
-28,28,D.5
-27,28,H.3
-26,28,D.4
-25,28,H.3
-24,28,H.1
-23,28,H.2
-22,28,H.5
-21,28,D.4
-20,28,H.3
-19,28,H.1
-18,28,H.2
-17,28,H.5
-16,28,H.1
-15,28,D.5
-14,28,H.3
-13,28,D.4
-12,28,H.3
-11,28,H.1
-10,28,H.2
-9,28,H.5
-8,28,H.1
-7,28,D.5
-6,28,H.3
-5,28,D.4
-4,28,H.3
-3,28,H.1
-2,28,H.2
-1,28,H.5
0,28,D.4
1,28,H.3
2,28,H.1
3,28,H.2
4,28,H.5
5,28,H.1
6,28,D.5
7,28,H.3
8,28,D.4
9,28,H.3
10,28,H.1
11,28,H.2
12,28,H.5
13,28,D.4
14,28,H.3
15,28,H.1
16,28,H.2
17,28,H.5
18,28,H.1
19,28,D.5
20,28,H.3
21,28,D.4
22,28,H.3
23,28,H.1
24,28,H.2
25,28,H.5
26,28,H.1
27,28,D.5
28,28,H.3
29,28,D.4
30,28,H.3
44,28,H.1
45,28,H.2
46,28,H.5
47,28,H.1
48,28,D.5
49,28,H.3
50,28,D.4
51,28,H.3
52,28,H.1
53,28,H.2
54,28,H.5
55,28,D.4
56,28,H.3
-67,29,H.0
-66,29,D.3
-65,29,D.0
-64,29,H.0
-63,29,D.2
-62,29,H.4
-61,29,H.0
-60,29,D.1
-59,29,H.0
-58,29,D.3
-57,29,D.0
-56,29,H.0
-55,29,D.1
-54,29,H.0
-53,29,D.3
-52,29,D.0
-51,29,H.0
-50,29,D.2
-49,29,H.4
-48,29,H.0
-47,29,D.1
-46,29,H.0
-45,29,D.3
-44,29,D.0
-43,29,H.0
-42,29,D.2
-41,29,H.4
-40,29,H.0
-39,29,D.1
-38,29,H.0
-37,29,D.3
-36,29,D.0
-35,29,H.0
-34,29,D.1
-33,29,H.0
-32,29,D.3
-31,29,D.0
-30,29,H.0
-29,29,D.2
-28,29,H.4
-27,29,H.0
-26,29,D.1
-25,29,H.0
-24,29,D.3
-23,29,D.0
-22,29,H.0
-21,29,D.1
-20,29,H.0
-19,29,D.3
-18,29,D.0
-17,29,H.0
-16,29,D.2
-15,29,H.4
-14,29,H.0
-13,29,D.1
-12,29,H.0
-11,29,D.3
-10,29,D.0
-9,29,H.0
-8,29,D.2
-7,29,H.4
-6,29,H.0
-5,29,D.1
-4,29,H.0
-3,29,D.3
-2,29,D.0
-1,29,H.0
0,29,D.1
1,29,H.0
2,29,D.3
3,29,D.0
4,29,H.0
5,29,D.2
6,29,H.4
7,29,H.0
8,29,D.1
9,29,H.0
10,29,D.3
11,29,D.0
12,29,H.0
13,29,D.1
14,29,H.0
15,29,D.3
16,29,D.0
17,29,H.0
18,29,D.2
19,29,H.4
20,29,H.0
21,29,D.1
22,29,H.0
23,29,D.3
24,29,D.0
25,29,H.0
26,29,D.2
27,29,H.4
28,29,H.0
29,29,D.1
43,29,H.0
44,29,D.3
45,29,D.0
46,29,H.0
47,29,D.2
48,29,H.4
49,29,H.0
50,29,D.1
51,29,H.0
52,29,D.3
53,29,D.0
54,29,H.0
55,29,D.1
-66,30,H.5
-65,30,H.4
-64,30,H.5
-61,30,H.5
-60,30,H.4
-58,30,H.5
-57,30,H.4
-56,30,H.5
-55,30,H.1
-54,30,H.2
-53,30,H.5
-52,30,H.4
-51,30,H.2
-50,30,H.1
-49,30,H.2
-48,30,H.5
-47,30,H.4
-46,30,H.2
-45,30,H.5
-44,30,H.4
-43,30,H.5
-42,30,H.1
-41,30,H.2
-40,30,H.5
-39,30,H.4
-38,30,H.2
-37,30,H.5
-36,30,H.4
-35,30,H.5
-34,30,H.4
-33,30,H.2
-32,30,H.5
-31,30,H.4
-30,30,H.5
-29,30,H.1
-28,30,H.2
-27,30,H.5
-26,30,H.4
-25,30,H.2
-24,30,H.5
-23,30,H.4
-22,30,H.5
-21,30,H.1
-20,30,H.2
-19,30,H.5
-18,30,H.4
-17,30,H.2
-16,30,H.1
-15,30,H.2
-14,30,H.5
-13,30,H.4
-12,30,H.2
-11,30,H.5
-10,30,H.4
-9,30,H.5
-8,30,H.1
-7,30,H.2
-6,30,H.5
-5,30,H.4
-4,30,H.2
-3,30,H.5
-2,30,H.4
-1,30,H.5
0,30,H.4
1,30,H.2
2,30,H.5
3,30,H.4
4,30,H.2
5,30,H.1
6,30,H.2
7,30,H.5
8,30,H.4
9,30,H.2
10,30,H.5
11,30,H.4
12,30,H.5
13,30,H.1
14,30,H.2
15,30,H.5
16,30,H.4
17,30,H.2
18,30,H.1
19,30,H.2
20,30,H.5
21,30,H.4
22,30,H.2
23,30,H.5
24,30,H.4
25,30,H.5
26,30,H.1
27,30,H.2
28,30,H.5
29,30,H.4
30,30,H.2
44,30,H.5
45,30,H.4
46,30,H.5
49,30,H.5
50,30,H.4
52,30,H.5
53,30,H.4
54,30,H.5
55,30,H.4
56,30,H.2
-66,31,H.1
-65,31,D.5
-64,31,H.3
-58,31,H.1
-57,31,D.5
-56,31,H.3
-55,31,D.4
-54,31,H.3
-53,31,H.1
-52,31,D.5
-51,31,H.3
-50,31,D.4
-49,31,H.3
-48,31,H.1
-47,31,D.5
-46,31,H.3
-45,31,H.1
-44,31,D.5
-43,31,H.3
-42,31,D.4
-41,31,H.3
-40,31,H.1
-39,31,D.5
-38,31,H.3
-37,31,H.1
-36,31,D.5
-35,31,H.3
-34,31,D.4
-33,31,H.3
-32,31,H.1
-31,31,D.5
-30,31,H.3
-29,31,D.4
-28,31,H.3
-27,31,H.1
-26,31,D.5
-25,31,H.3
-24,31,H.1
-23,31,D.5
-22,31,H.3
-21,31,D.4
-20,31,H.3
-19,31,H.1
-18,31,D.5
-17,31,H.3
-16,31,D.4
-15,31,H.3
-14,31,H.1
-13,31,D.5
-12,31,H.3
-11,31,H.1
-10,31,D.5
-9,31,H.3
-8,31,D.4
-7,31,H.3
-6,31,H.1
-5,31,D.5
-4,31,H.3
-3,31,H.1
-2,31,D.5
-1,31,H.3
0,31,D.4
1,31,H.3
2,31,H.1
3,31,D.5
4,31,H.3
5,31,D.4
6,31,H.3
7,31,H.1
8,31,D.5
9,31,H.3
10,31,H.1
11,31,D.5
12,31,H.3
13,31,D.4
14,31,H.3
15,31,H.1
16,31,D.5
17,31,H.3
18,31,D.4
19,31,H.3
20,31,H.1
21,31,D.5
22,31,H.3
23,31,H.1
24,31,D.5
25,31,H.3
26,31,D.4
27,31,H.3
28,31,H.1
29,31,D.5
30,31,H.3
44,31,H.1
45,31,D.5
46,31,H.3
52,31,H.1
53,31,D.5
54,31,H.3
55,31,D.4
56,31,H.3
-67,32,H.0
-66,32,D.2
-65,32,H.4
-59,32,H.0
-58,32,D.2
-57,32,H.4
-56,32,H.0
-55,32,D.1
-54,32,H.0
-53,32,D.2
-52,32,H.4
-51,32,H.0
-50,32,D.1
-49,32,H.0
-48,32,D.2
-47,32,H.4
-46,32,H.0
-45,32,D.2
-44,32,H.4
-43,32,H.0
-42,32,D.1
-41,32,H.0
-40,32,D.2
-39,32,H.4
-38,32,H.0
-37,32,D.2
-36,32,H.4
-35,32,H.0
-34,32,D.1
-33,32,H.0
-32,32,D.2
-31,32,H.4
-30,32,H.0
-29,32,D.1
-28,32,H.0
-27,32,D.2
-26,32,H.4
-25,32,H.0
-24,32,D.2
-23,32,H.4
-22,32,H.0
-21,32,D.1
-20,32,H.0
-19,32,D.2
-18,32,H.4
-17,32,H.0
-16,32,D.1
-15,32,H.0
-14,32,D.2
-13,32,H.4
-12,32,H.0
-11,32,D.2
-10,32,H.4
-9,32,H.0
-8,32,D.1
-7,32,H.0
-6,32,D.2
-5,32,H.4
-4,32,H.0
-3,32,D.2
-2,32,H.4
-1,32,H.0
0,32,D.1
1,32,H.0
2,32,D.2
3,32,H.4
4,32,H.0
5,32,D.1
6,32,H.0
7,32,D.2
8,32,H.4
9,32,H.0
10,32,D.2
11,32,H.4
12,32,H.0
13,32,D.1
14,32,H.0
15,32,D.2
16,32,H.4
17,32,H.0
18,32,D.1
19,32,H.0
20,32,D.2
21,32,H.4
22,32,H.0
23,32,D.2
24,32,H.4
25,32,H.0
26,32,D.1
27,32,H.0
28,32,D.2
29,32,H.4
43,32,H.0
44,32,D.2
45,32,H.4
51,32,H.0
52,32,D.2
53,32,H.4
54,32,H.0
55,32,D.1
-67,33,H.5
-59,33,H.5
-56,33,H.5
-55,33,H.1
-54,33,H.2
-53,33,H.1
-52,33,H.2
-51,33,H.5
-50,33,H.1
-49,33,H.2
-48,33,H.1
-47,33,H.2
-46,33,H.5
-45,33,H.1
-44,33,H.2
-43,33,H.5
-42,33,H.1
-41,33,H.2
-40,33,H.1
-39,33,H.2
-38,33,H.5
-37,33,H.1
-36,33,H.2
-35,33,H.5
-34,33,H.4
-33,33,H.5
-32,33,H.1
-31,33,H.2
-30,33,H.5
-29,33,H.1
-28,33,H.2
-27,33,H.1
-26,33,H.2
-25,33,H.5
-24,33,H.1
-23,33,H.2
-22,33,H.5
-21,33,H.1
-20,33,H.2
-19,33,H.1
-18,33,H.2
-17,33,H.5
-16,33,H.1
-15,33,H.2
-14,33,H.1
-13,33,H.2
-12,33,H.5
-11,33,H.1
-10,33,H.2
-9,33,H.5
-8,33,H.1
-7,33,H.2
-6,33,H.1
-5,33,H.2
-4,33,H.5
-3,33,H.1
-2,33,H.2
-1,33,H.5
0,33,H.4
1,33,H.2
2,33,H.1
3,33,H.2
4,33,H.5
5,33,H.1
6,33,H.2
7,33,H.1
8,33,H.2
9,33,H.5
10,33,H.1
11,33,H.2
12,33,H.5
13,33,H.1
14,33,H.2
15,33,H.1
16,33,H.2
17,33,H.5
18,33,H.1
19,33,H.2
20,33,H.1
21,33,H.2
22,33,H.5
23,33,H.1
24,33,H.2
25,33,H.5
26,33,H.1
27,33,H.2
28,33,H.1
29,33,H.2
31,33,H.1
32,33,H.2
43,33,H.5
51,33,H.5
54,33,H.5
55,33,H.4
-55,34,D.4
-54,34,H.3
-53,34,D.3
-52,34,D.0
-51,34,H.3
-50,34,D.3
-49,34,D.0
-48,34,D.3
-47,34,D.0
-46,34,H.3
-45,34,D.3
-44,34,D.0
-43,34,H.3
-42,34,D.4
-41,34,H.3
-40,34,D.3
-39,34,D.0
-38,34,H.3
-37,34,D.4
-36,34,H.3
-35,34,H.1
-34,34,D.5
-33,34,H.3
-32,34,D.3
-31,34,D.0
-30,34,H.3
-29,34,D.3
-28,34,D.0
-27,34,D.3
-26,34,D.0
-25,34,H.3
-24,34,D.3
-23,34,D.0
-22,34,H.3
-21,34,D.3
-20,34,D.0
-19,34,D.3
-18,34,D.0
-17,34,H.3
-16,34,D.3
-15,34,D.0
-14,34,D.3
-13,34,D.0
-12,34,H.3
-11,34,D.3
-10,34,D.0
-9,34,H.3
-8,34,D.3
-7,34,D.0
-6,34,D.3
-5,34,D.0
-4,34,H.3
-3,34,D.3
-2,34,D.0
-1,34,H.3
0,34,D.4
1,34,H.3
2,34,D.3
3,34,D.0
4,34,H.3
5,34,D.3
6,34,D.0
7,34,D.3
8,34,D.0
9,34,H.3
10,34,D.3
11,34,D.0
12,34,H.3
13,34,D.3
14,34,D.0
15,34,D.3
16,34,D.0
17,34,H.3
18,34,D.3
19,34,D.0
20,34,D.3
21,34,D.0
22,34,H.3
23,34,D.3
24,34,D.0
25,34,H.3
26,34,D.3
27,34,D.0
28,34,D.3
29,34,D.0
30,34,H.3
31,34,D.3
32,34,D.0
33,34,H.3
-56,35,H.0
-55,35,D.1
-54,35,H.2
-53,35,H.5
-52,35,H.4
-51,35,H.2
-50,35,H.5
-49,35,H.4
-48,35,H.5
-47,35,H.4
-46,35,H.2
-45,35,H.5
-44,35,H.4
-43,35,H.0
-42,35,D.1
-41,35,H.2
-40,35,H.5
-39,35,H.4
-38,35,H.0
-37,35,D.1
-36,35,H.0
-35,35,D.2
-34,35,H.4
-33,35,H.2
-32,35,H.5
-31,35,H.4
-30,35,H.2
-29,35,H.5
-28,35,H.4
-27,35,H.5
-26,35,H.4
-25,35,H.2
-24,35,H.5
-23,35,H.4
-22,35,H.2
-21,35,H.5
-20,35,H.4
-19,35,H.5
-18,35,H.4
-17,35,H.2
-16,35,H.5
-15,35,H.4
-14,35,H.5
-13,35,H.4
-12,35,H.2
-11,35,H.5
-10,35,H.4
-9,35,H.2
-8,35,H.5
-7,35,H.4
-6,35,H.5
-5,35,H.4
-4,35,H.2
-3,35,H.5
-2,35,H.4
-1,35,H.0
0,35,D.1
1,35,H.2
2,35,H.5
3,35,H.4
4,35,H.2
5,35,H.5
6,35,H.4
7,35,H.5
8,35,H.4
9,35,H.2
10,35,H.5
11,35,H.4
12,35,H.2
13,35,H.5
14,35,H.4
15,35,H.5
16,35,H.4
17,35,H.2
18,35,H.5
19,35,H.4
20,35,H.5
21,35,H.4
22,35,H.2
23,35,H.5
24,35,H.4
25,35,H.2
26,35,H.5
27,35,H.4
28,35,H.5
29,35,H.4
30,35,H.2
31,35,H.5
32,35,H.4
-58,36,H.1
-57,36,H.2
-56,36,H.5
-55,36,D.4
-54,36,H.3
-53,36,H.1
-52,36,D.5
-51,36,H.3
-50,36,H.1
-49,36,D.5
-48,36,H.3
-47,36,D.4
-46,36,H.3
-45,36,H.1
-44,36,H.2
-43,36,H.5
-42,36,D.4
-41,36,H.3
-40,36,H.1
-39,36,H.2
-38,36,H.5
-37,36,H.1
-36,36,D.5
-35,36,H.3
-34,36,D.4
-33,36,H.3
-32,36,H.1
-31,36,D.5
-30,36,H.3
-29,36,H.1
-28,36,D.5
-27,36,H.3
-26,36,D.4
-25,36,H.3
-24,36,H.1
-23,36,D.5
-22,36,H.3
-21,36,H.1
-20,36,D.5
-19,36,H.3
-18,36,D.4
-17,36,H.3
-16,36,H.1
-15,36,D.5
-14,36,H.3
-13,36,D.4
-12,36,H.3
-11,36,H.1
-10,36,D.5
-9,36,H.3
-8,36,H.1
-7,36,D.5
-6,36,H.3
-5,36,D.4
-4,36,H.3
-3,36,H.1
-2,36,H.2
-1,36,H.5
0,36,D.4
1,36,H.3
2,36,H.1
3,36,D.5
4,36,H.3
5,36,H.1
6,36,D.5
7,36,H.3
8,36,D.4
9,36,H.3
10,36,H.1
11,36,D.5
12,36,H.3
13,36,H.1
14,36,D.5
15,36,H.3
16,36,D.4
17,36,H.3
18,36,H.1
19,36,D.5
20,36,H.3
21,36,D.4
22,36,H.3
23,36,H.1
24,36,D.5
25,36,H.3
26,36,H.1
27,36,D.5
28,36,H.3
29,36,D.4
30,36,H.3
-59,37,H.0
-58,37,D.3
-57,37,D.0
-56,37,H.0
-55,37,D.1
-54,37,H.0
-53,37,D.2
-52,37,H.4
-51,37,H.0
-50,37,D.2
-49,37,H.4
-48,37,H.0
-47,37,D.1
-46,37,H.0
-45,37,D.3
-44,37,D.0
-43,37,H.0
-42,37,D.1
-41,37,H.0
-40,37,D.3
-39,37,D.0
-38,37,H.0
-37,37,D.2
-36,37,H.4
-35,37,H.0
-34,37,D.1
-33,37,H.0
-32,37,D.2
-31,37,H.4
-30,37,H.0
-29,37,D.2
-28,37,H.4
-27,37,H.0
-26,37,D.1
-25,37,H.0
-24,37,D.2
-23,37,H.4
-22,37,H.0
-21,37,D.2
-20,37,H.4
-19,37,H.0
-18,37,D.1
-17,37,H.0
-16,37,D.2
-15,37,H.4
-14,37,H.0
-13,37,D.1
-12,37,H.0
-11,37,D.2
-10,37,H.4
-9,37,H.0
-8,37,D.2
-7,37,H.4
-6,37,H.0
-5,37,D.1
-4,37,H.0
-3,37,D.3
-2,37,D.0
-1,37,H.0
0,37,D.1
1,37,H.0
2,37,D.2
3,37,H.4
4,37,H.0
5,37,D.2
6,37,H.4
7,37,H.0
8,37,D.1
9,37,H.0
10,37,D.2
11,37,H.4
12,37,H.0
13,37,D.2
14,37,H.4
15,37,H.0
16,37,D.1
17,37,H.0
18,37,D.2
19,37,H.4
20,37,H.0
21,37,D.1
22,37,H.0
23,37,D.2
24,37,H.4
25,37,H.0
26,37,D.2
27,37,H.4
28,37,H.0
29,37,D.1
-63,38,H.1
-62,38,H.2
-59,38,H.2
-58,38,H.5
-57,38,H.4
-56,38,H.5
-55,38,H.1
-54,38,H.2
-53,38,H.1
-52,38,H.2
-51,38,H.5
-50,38,H.1
-49,38,H.2
-48,38,H.5
-47,38,H.4
-46,38,H.2
-45,38,H.5
-44,38,H.4
-43,38,H.5
-42,38,H.1
-41,38,H.2
-40,38,H.5
-39,38,H.4
-38,38,H.5
-37,38,H.1
-36,38,H.2
-35,38,H.5
-34,38,H.4
-33,38,H.2
-32,38,H.1
-31,38,H.2
-30,38,H.5
-29,38,H.1
-28,38,H.2
-27,38,H.5
-26,38,H.4
-25,38,H.2
-24,38,H.1
-23,38,H.2
-22,38,H.5
-21,38,H.1
-20,38,H.2
-19,38,H.5
-18,38,H.4
-17,38,H.5
-16,38,H.1
-15,38,H.2
-14,38,H.5
-13,38,H.4
-12,38,H.2
-11,38,H.1
-10,38,H.2
-9,38,H.5
-8,38,H.1
-7,38,H.2
-6,38,H.5
-5,38,H.4
-4,38,H.2
-3,38,H.5
-2,38,H.4
-1,38,H.5
0,38,H.4
1,38,H.2
2,38,H.1
3,38,H.2
4,38,H.5
5,38,H.1
6,38,H.2
7,38,H.5
8,38,H.4
9,38,H.2
10,38,H.1
11,38,H.2
12,38,H.5
13,38,H.1
14,38,H.2
15,38,H.5
16,38,H.4
17,38,H.5
18,38,H.1
19,38,H.2
20,38,H.5
21,38,H.4
22,38,H.2
23,38,H.1
24,38,H.2
25,38,H.5
28,38,H.5
29,38,H.4
-63,39,D.4
-62,39,H.3
-61,39,H.1
-60,39,D.5
-59,39,H.3
-58,39,H.1
-57,39,D.5
-56,39,H.3
-55,39,D.4
-54,39,H.3
-53,39,D.3
-52,39,D.0
-51,39,H.3
-50,39,D.4
-49,39,H.3
-48,39,H.1
-47,39,D.5
-46,39,H.3
-45,39,H.1
-44,39,D.5
-43,39,H.3
-42,39,D.4
-41,39,H.3
-40,39,H.1
-39,39,D.5
-38,39,H.3
-37,39,D.3
-36,39,D.0
-35,39,H.3
-34,39,D.4
-33,39,H.3
-32,39,D.3
-31,39,D.0
-30,39,H.3
-29,39,D.4
-28,39,H.3
-27,39,H.1
-26,39,D.5
-25,39,H.3
-24,39,D.3
-23,39,D.0
-22,39,H.3
-21,39,D.4
-20,39,H.3
-19,39,H.1
-18,39,D.5
-17,39,H.3
-16,39,D.3
-15,39,D.0
-14,39,H.3
-13,39,D.4
-12,39,H.3
-11,39,D.3
-10,39,D.0
-9,39,H.3
-8,39,D.4
-7,39,H.3
-6,39,H.1
-5,39,D.5
-4,39,H.3
-3,39,H.1
-2,39,D.5
-1,39,H.3
0,39,D.4
1,39,H.3
2,39,D.3
3,39,D.0
4,39,H.3
5,39,D.4
6,39,H.3
7,39,H.1
8,39,D.5
9,39,H.3
10,39,D.3
11,39,D.0
12,39,H.3
13,39,D.4
14,39,H.3
15,39,H.1
16,39,D.5
17,39,H.3
18,39,D.3
19,39,D.0
20,39,H.3
21,39,D.4
22,39,H.3
23,39,D.3
24,39,D.0
25,39,H.3
-64,40,H.0
-63,40,D.1
-62,40,H.0
-61,40,D.2
-60,40,H.4
-59,40,H.0
-58,40,D.2
-57,40,H.4
-56,40,H.0
-55,40,D.1
-54,40,H.2
-53,40,H.5
-52,40,H.4
-51,40,H.0
-50,40,D.1
-49,40,H.0
-48,40,D.2
-47,40,H.4
-46,40,H.0
-45,40,D.2
-44,40,H.4
-43,40,H.0
-42,40,D.1
-41,40,H.0
-40,40,D.2
-39,40,H.4
-38,40,H.2
-37,40,H.5
-36,40,H.4
-35,40,H.0
-34,40,D.1
-33,40,H.2
-32,40,H.5
-31,40,H.4
-30,40,H.0
-29,40,D.1
-28,40,H.0
-27,40,D.2
-26,40,H.4
-25,40,H.2
-24,40,H.5
-23,40,H.4
-22,40,H.0
-21,40,D.1
-20,40,H.0
-19,40,D.2
-18,40,H.4
-17,40,H.2
-16,40,H.5
-15,40,H.4
-14,40,H.0
-13,40,D.1
-12,40,H.2
-11,40,H.5
-10,40,H.4
-9,40,H.0
-8,40,D.1
-7,40,H.0
-6,40,D.2
-5,40,H.4
-4,40,H.0
-3,40,D.2
-2,40,H.4
-1,40,H.0
0,40,D.1
1,40,H.2
2,40,H.5
3,40,H.4
4,40,H.0
5,40,D.1
6,40,H.0
7,40,D.2
8,40,H.4
9,40,H.2
10,40,H.5
11,40,H.4
12,40,H.0
13,40,D.1
14,40,H.0
15,40,D.2
16,40,H.4
17,40,H.2
18,40,H.5
19,40,H.4
20,40,H.0
21,40,D.1
22,40,H.2
23,40,H.5
24,40,H.4
-66,41,H.1
-65,41,H.2
-64,41,H.5
-63,41,H.1
-62,41,H.2
-61,41,H.1
-60,41,H.2
-59,41,H.5
-58,41,H.1
-57,41,H.2
-56,41,H.5
-55,41,D.4
-54,41,H.3
-53,41,H.1
-52,41,H.2
-51,41,H.5
-50,41,H.1
-49,41,H.2
-48,41,H.1
-47,41,H.2
-46,41,H.5
-45,41,H.1
-44,41,H.2
-43,41,H.5
-42,41,H.1
-41,41,D.5
-40,41,H.3
-39,41,D.4
-38,41,H.3
-37,41,H.1
-36,41,H.2
-35,41,H.5
-34,41,D.4
-33,41,H.3
-32,41,H.1
-31,41,H.2
-30,41,H.5
-29,41,H.1
-28,41,D.5
-27,41,H.3
-26,41,D.4
-25,41,H.3
-24,41,H.1
-23,41,H.2
-22,41,H.5
-21,41,H.1
-20,41,D.5
-19,41,H.3
-18,41,D.4
-17,41,H.3
-16,41,H.1
-15,41,H.2
-14,41,H.5
-13,41,D.4
-12,41,H.3
-11,41,H.1
-10,41,H.2
-9,41,H.5
-8,41,H.1
-7,41,H.2
-6,41,H.1
-5,41,H.2
-4,41,H.5
-3,41,H.1
-2,41,H.2
-1,41,H.5
0,41,D.4
1,41,H.3
2,41,H.1
3,41,H.2
4,41,H.5
5,41,H.1
6,41,D.5
7,41,H.3
8,41,D.4
9,41,H.3
10,41,H.1
11,41,H.2
12,41,H.5
13,41,H.1
14,41,D.5
15,41,H.3
16,41,D.4
17,41,H.3
18,41,H.1
19,41,H.2
20,41,H.5
21,41,D.4
22,41,H.3
-67,42,H.0
-66,42,D.3
-65,42,D.0
-64,42,H.0
-63,42,D.3
-62,42,D.0
-61,42,D.3
-60,42,D.0
-59,42,H.0
-58,42,D.3
-57,42,D.0
-56,42,H.0
-55,42,D.1
-54,42,H.0
-53,42,D.3
-52,42,D.0
-51,42,H.0
-50,42,D.3
-49,42,D.0
-48,42,D.3
-47,42,D.0
-46,42,H.0
-45,42,D.3
-44,42,D.0
-43,42,H.0
-42,42,D.2
-41,42,H.4
-40,42,H.0
-39,42,D.1
-38,42,H.0
-37,42,D.3
-36,42,D.0
-35,42,H.0
-34,42,D.1
-33,42,H.0
-32,42,D.3
-31,42,D.0
-30,42,H.0
-29,42,D.2
-28,42,H.4
-27,42,H.0
-26,42,D.1
-25,42,H.0
-24,42,D.3
-23,42,D.0
-22,42,H.0
-21,42,D.2
-20,42,H.4
-19,42,H.0
-18,42,D.1
-17,42,H.0
-16,42,D.3
-15,42,D.0
-14,42,H.0
-13,42,D.1
-12,42,H.0
-11,42,D.3
-10,42,D.0
-9,42,H.0
-8,42,D.3
-7,42,D.0
-6,42,D.3
-5,42,D.0
-4,42,H.0
-3,42,D.3
-2,42,D.0
-1,42,H.0
0,42,D.1
1,42,H.0
2,42,D.3
3,42,D.0
4,42,H.0
5,42,D.2
6,42,H.4
7,42,H.0
8,42,D.1
9,42,H.0
10,42,D.3
11,42,D.0
12,42,H.0
13,42,D.2
14,42,H.4
15,42,H.0
16,42,D.1
17,42,H.0
18,42,D.3
19,42,D.0
20,42,H.0
21,42,D.1
-76,43,H.1
-75,43,H.2
-72,43,H.2
-66,43,H.5
-65,43,H.4
-64,43,H.2
-63,43,H.5
-62,43,H.4
-61,43,H.5
-60,43,H.4
-59,43,H.2
-58,43,H.5
-57,43,H.4
-56,43,H.5
-55,43,H.1
-54,43,H.2
-53,43,H.5
-52,43,H.4
-51,43,H.2
-50,43,H.5
-49,43,H.4
-48,43,H.5
-47,43,H.4
-46,43,H.2
-45,43,H.5
-44,43,H.4
-43,43,H.5
-42,43,H.1
-41,43,H.2
-40,43,H.5
-39,43,H.4
-38,43,H.2
-37,43,H.5
-36,43,H.4
-35,43,H.5
-34,43,H.4
-33,43,H.2
-32,43,H.5
-31,43,H.4
-30,43,H.2
-29,43,H.1
-28,43,H.2
-27,43,H.5
-26,43,H.4
-25,43,H.2
-24,43,H.5
-23,43,H.4
-22,43,H.5
-21,43,H.1
-20,43,H.2
-19,43,H.5
-18,43,H.4
-17,43,H.2
-16,43,H.5
-15,43,H.4
-14,43,H.5
-13,43,H.4
-12,43,H.2
-11,43,H.5
-10,43,H.4
-9,43,H.2
-8,43,H.5
-7,43,H.4
-6,43,H.5
-5,43,H.4
-4,43,H.2
-3,43,H.5
-2,43,H.4
-1,43,H.5
0,43,H.4
1,43,H.2
2,43,H.5
3,43,H.4
4,43,H.2
5,43,H.1
6,43,H.2
7,43,H.5
8,43,H.4
9,43,H.2
10,43,H.5
11,43,H.4
12,43,H.5
15,43,H.5
16,43,H.4
18,43,H.5
19,43,H.4
20,43,H.5
21,43,H.4
22,43,H.2
-76,44,D.4
-75,44,H.3
-74,44,H.1
-73,44,D.5
-72,44,H.3
-66,44,H.1
-65,44,D.5
-64,44,H.3
-63,44,H.1
-62,44,D.5
-61,44,H.3
-60,44,D.4
-59,44,H.3
-58,44,H.1
-57,44,D.5
-56,44,H.3
-55,44,D.4
-54,44,H.3
-53,44,H.1
-52,44,D.5
-51,44,H.3
-50,44,H.1
-49,44,D.5
-48,44,H.3
-47,44,D.4
-46,44,H.3
-45,44,H.1
-44,44,D.5
-43,44,H.3
-42,44,D.4
-41,44,H.3
-40,44,H.1
-39,44,D.5
-38,44,H.3
-37,44,H.1
-36,44,D.5
-35,44,H.3
-34,44,D.4
-33,44,H.3
-32,44,H.1
-31,44,D.5
-30,44,H.3
-29,44,D.4
-28,44,H.3
-27,44,H.1
-26,44,D.5
-25,44,H.3
-24,44,H.1
-23,44,D.5
-22,44,H.3
-21,44,D.4
-20,44,H.3
-19,44,H.1
-18,44,D.5
-17,44,H.3
-16,44,H.1
-15,44,D.5
-14,44,H.3
-13,44,D.4
-12,44,H.3
-11,44,H.1
-10,44,D.5
-9,44,H.3
-8,44,H.1
-7,44,D.5
-6,44,H.3
-5,44,D.4
-4,44,H.3
-3,44,H.1
-2,44,D.5
-1,44,H.3
0,44,D.4
1,44,H.3
2,44,H.1
3,44,D.5
4,44,H.3
5,44,D.4
6,44,H.3
7,44,H.1
8,44,D.5
9,44,H.3
10,44,H.1
11,44,D.5
12,44,H.3
18,44,H.1
19,44,D.5
20,44,H.3
21,44,D.4
22,44,H.3
-77,45,H.0
-76,45,D.1
-75,45,H.0
-74,45,D.2
-73,45,H.4
-67,45,H.0
-66,45,D.2
-65,45,H.4
-64,45,H.0
-63,45,D.2
-62,45,H.4
-61,45,H.0
-60,45,D.1
-59,45,H.0
-58,45,D.2
-57,45,H.4
-56,45,H.0
-55,45,D.1
-54,45,H.0
-53,45,D.2
-52,45,H.4
-51,45,H.0
-50,45,D.2
-49,45,H.4
-48,45,H.0
-47,45,D.1
-46,45,H.0
-45,45,D.2
-44,45,H.4
-43,45,H.0
-42,45,D.1
-41,45,H.0
-40,45,D.2
-39,45,H.4
-38,45,H.0
-37,45,D.2
-36,45,H.4
-35,45,H.0
-34,45,D.1
-33,45,H.0
-32,45,D.2
-31,45,H.4
-30,45,H.0
-29,45,D.1
-28,45,H.0
-27,45,D.2
-26,45,H.4
-25,45,H.0
-24,45,D.2
-23,45,H.4
-22,45,H.0
-21,45,D.1
-20,45,H.0
-19,45,D.2
-18,45,H.4
-17,45,H.0
-16,45,D.2
-15,45,H.4
-14,45,H.0
-13,45,D.1
-12,45,H.0
-11,45,D.2
-10,45,H.4
-9,45,H.0
-8,45,D.2
-7,45,H.4
-6,45,H.0
-5,45,D.1
-4,45,H.0
-3,45,D.2
-2,45,H.4
-1,45,H.0
0,45,D.1
1,45,H.0
2,45,D.2
3,45,H.4
4,45,H.0
5,45,D.1
6,45,H.0
7,45,D.2
8,45,H.4
9,45,H.0
10,45,D.2
11,45,H.4
17,45,H.0
18,45,D.2
19,45,H.4
20,45,H.0
21,45,D.1
-77,46,H.5
-76,46,H.1
-75,46,H.2
-74,46,H.1
-73,46,H.2
-71,46,H.1
-70,46,H.2
-67,46,H.2
-66,46,H.1
-65,46,H.2
-64,46,H.5
-63,46,H.1
-62,46,H.2
-61,46,H.5
-60,46,H.4
-59,46,H.5
-58,46,H.1
-57,46,H.2
-56,46,H.5
-55,46,H.1
-54,46,H.2
-53,46,H.1
-52,46,H.2
-51,46,H.5
-50,46,H.1
-49,46,H.2
-48,46,H.5
-47,46,H.4
-46,46,H.5
-45,46,H.1
-44,46,H.2
-43,46,H.5
-42,46,H.1
-41,46,H.2
-40,46,H.1
-39,46,H.2
-38,46,H.5
-37,46,H.1
-36,46,H.2
-35,46,H.5
-34,46,H.4
-33,46,H.2
-32,46,H.1
-31,46,H.2
-30,46,H.5
-29,46,H.1
-28,46,H.2
-27,46,H.1
-26,46,H.2
-25,46,H.5
-24,46,H.1
-23,46,H.2
-22,46,H.5
-21,46,H.1
-20,46,H.2
-19,46,H.1
-18,46,H.2
-17,46,H.5
-16,46,H.1
-15,46,H.2
-14,46,H.5
-13,46,H.4
-12,46,H.2
-11,46,H.1
-10,46,H.2
-9,46,H.5
-8,46,H.1
-7,46,H.2
-6,46,H.5
-5,46,H.4
-4,46,H.5
-3,46,H.1
-2,46,H.2
-1,46,H.5
0,46,H.4
1,46,H.2
2,46,H.1
3,46,H.2
4,46,H.5
5,46,H.1
6,46,H.2
7,46,H.1
8,46,H.2
9,46,H.5
10,46,H.1
11,46,H.2
17,46,H.5
20,46,H.5
21,46,H.4
-76,47,D.4
-75,47,H.3
-74,47,D.3
-73,47,D.0
-72,47,H.3
-71,47,D.4
-70,47,H.3
-69,47,H.1
-68,47,D.5
-67,47,H.3
-66,47,D.3
-65,47,D.0
-64,47,H.3
-63,47,D.4
-62,47,H.3
-61,47,H.1
-60,47,D.5
-59,47,H.3
-58,47,D.3
-57,47,D.0
-56,47,H.3
-55,47,D.4
-54,47,H.3
-53,47,D.3
-52,47,D.0
-51,47,H.3
-50,47,D.4
-49,47,H.3
-48,47,H.1
-47,47,D.5
-46,47,H.3
-45,47,D.3
-44,47,D.0
-43,47,H.3
-42,47,D.3
-41,47,D.0
-40,47,D.3
-39,47,D.0
-38,47,H.3
-37,47,D.3
-36,47,D.0
-35,47,H.3
-34,47,D.4
-33,47,H.3
-32,47,D.3
-31,47,D.0
-30,47,H.3
-29,47,D.3
-28,47,D.0
-27,47,D.3
-26,47,D.0
-25,47,H.3
-24,47,D.3
-23,47,D.0
-22,47,H.3
-21,47,D.4
-20,47,H.3
-19,47,D.3
-18,47,D.0
-17,47,H.3
-16,47,D.4
-15,47,H.3
-14,47,H.1
-13,47,D.5
-12,47,H.3
-11,47,D.3
-10,47,D.0
-9,47,H.3
-8,47,D.4
-7,47,H.3
-6,47,H.1
-5,47,D.5
-4,47,H.3
-3,47,D.3
-2,47,D.0
-1,47,H.3
0,47,D.4
1,47,H.3
2,47,D.3
3,47,D.0
4,47,H.3
5,47,D.3
6,47,D.0
7,47,D.3
8,47,D.0
9,47,H.3
10,47,D.3
11,47,D.0
12,47,H.3
-77,48,H.0
-76,48,D.1
-75,48,H.2
-74,48,H.5
-73,48,H.4
-72,48,H.0
-71,48,D.1
-70,48,H.0
-69,48,D.2
-68,48,H.4
-67,48,H.2
-66,48,H.5
-65,48,H.4
-64,48,H.0
-63,48,D.1
-62,48,H.0
-61,48,D.2
-60,48,H.4
-59,48,H.2
-58,48,H.5
-57,48,H.4
-56,48,H.0
-55,48,D.1
-54,48,H.2
-53,48,H.5
-52,48,H.4
-51,48,H.0
-50,48,D.1
-49,48,H.0
-48,48,D.2
-47,48,H.4
-46,48,H.2
-45,48,H.5
-44,48,H.4
-43,48,H.2
-42,48,H.5
-41,48,H.4
-40,48,H.5
-39,48,H.4
-38,48,H.2
-37,48,H.5
-36,48,H.4
-35,48,H.0
-34,48,D.1
-33,48,H.2
-32,48,H.5
-31,48,H.4
-30,48,H.2
-29,48,H.5
-28,48,H.4
-27,48,H.5
-26,48,H.4
-25,48,H.2
-24,48,H.5
-23,48,H.4
-22,48,H.0
-21,48,D.1
-20,48,H.2
-19,48,H.5
-18,48,H.4
-17,48,H.0
-16,48,D.1
-15,48,H.0
-14,48,D.2
-13,48,H.4
-12,48,H.2
-11,48,H.5
-10,48,H.4
-9,48,H.0
-8,48,D.1
-7,48,H.0
-6,48,D.2
-5,48,H.4
-4,48,H.2
-3,48,H.5
-2,48,H.4
-1,48,H.0
0,48,D.1
1,48,H.2
2,48,H.5
3,48,H.4
4,48,H.2
5,48,H.5
6,48,H.4
7,48,H.5
8,48,H.4
9,48,H.2
10,48,H.5
11,48,H.4
-79,49,H.1
-78,49,H.2
-77,49,H.5
-76,49,D.4
-75,49,H.3
-74,49,H.1
-73,49,H.2
-72,49,H.5
-71,49,H.1
-70,49,D.5
-69,49,H.3
-68,49,D.4
-67,49,H.3
-66,49,H.1
-65,49,H.2
-64,49,H.5
-63,49,H.1
-62,49,D.5
-61,49,H.3
-60,49,D.4
-59,49,H.3
-58,49,H.1
-57,49,H.2
-56,49,H.5
-55,49,D.4
-54,49,H.3
-53,49,H.1
-52,49,H.2
-51,49,H.5
-50,49,H.1
-49,49,D.5
-48,49,H.3
-47,49,D.4
-46,49,H.3
-45,49,H.1
-44,49,D.5
-43,49,H.3
-42,49,H.1
-41,49,D.5
-40,49,H.3
-39,49,D.4
-38,49,H.3
-37,49,H.1
-36,49,H.2
-35,49,H.5
-34,49,D.4
-33,49,H.3
-32,49,H.1
-31,49,D.5
-30,49,H.3
-29,49,H.1
-28,49,D.5
-27,49,H.3
-26,49,D.4
-25,49,H.3
-24,49,H.1
-23,49,H.2
-22,49,H.5
-21,49,D.4
-20,49,H.3
-19,49,H.1
-18,49,H.2
-17,49,H.5
-16,49,H.1
-15,49,D.5
-14,49,H.3
-13,49,D.4
-12,49,H.3
-11,49,H.1
-10,49,H.2
-9,49,H.5
-8,49,H.1
-7,49,D.5
-6,49,H.3
-5,49,D.4
-4,49,H.3
-3,49,H.1
-2,49,H.2
-1,49,H.5
0,49,D.4
1,49,H.3
2,49,H.1
3,49,D.5
4,49,H.3
5,49,H.1
6,49,D.5
7,49,H.3
8,49,D.4
9,49,H.3
-80,50,H.0
-79,50,D.3
-78,50,D.0
-77,50,H.0
-76,50,D.1
-75,50,H.0
-74,50,D.3
-73,50,D.0
-72,50,H.0
-71,50,D.2
-70,50,H.4
-69,50,H.0
-68,50,D.1
-67,50,H.0
-66,50,D.3
-65,50,D.0
-64,50,H.0
-63,50,D.2
-62,50,H.4
-61,50,H.0
-60,50,D.1
-59,50,H.0
-58,50,D.3
-57,50,D.0
-56,50,H.0
-55,50,D.1
-54,50,H.0
-53,50,D.3
-52,50,D.0
-51,50,H.0
-50,50,D.2
-49,50,H.4
-48,50,H.0
-47,50,D.1
-46,50,H.0
-45,50,D.2
-44,50,H.4
-43,50,H.0
-42,50,D.2
-41,50,H.4
-40,50,H.0
-39,50,D.1
-38,50,H.0
-37,50,D.3
-36,50,D.0
-35,50,H.0
-34,50,D.1
-33,50,H.0
-32,50,D.2
-31,50,H.4
-30,50,H.0
-29,50,D.2
-28,50,H.4
-27,50,H.0
-26,50,D.1
-25,50,H.0
-24,50,D.3
-23,50,D.0
-22,50,H.0
-21,50,D.1
-20,50,H.0
-19,50,D.3
-18,50,D.0
-17,50,H.0
-16,50,D.2
-15,50,H.4
-14,50,H.0
-13,50,D.1
-12,50,H.0
-11,50,D.3
-10,50,D.0
-9,50,H.0
-8,50,D.2
-7,50,H.4
-6,50,H.0
-5,50,D.1
-4,50,H.0
-3,50,D.3
-2,50,D.0
-1,50,H.0
0,50,D.1
1,50,H.0
2,50,D.2
3,50,H.4
4,50,H.0
5,50,D.2
6,50,H.4
7,50,H.0
8,50,D.1
-84,51,H.1
-83,51,H.2
-80,51,H.2
-79,51,H.5
-78,51,H.4
-77,51,H.5
-76,51,H.1
-75,51,H.2
-74,51,H.5
-73,51,H.4
-72,51,H.2
-71,51,H.1
-70,51,H.2
-69,51,H.5
-68,51,H.4
-67,51,H.2
-66,51,H.5
-65,51,H.4
-64,51,H.5
-63,51,H.1
-62,51,H.2
-61,51,H.5
-60,51,H.4
-59,51,H.2
-58,51,H.5
-57,51,H.4
-56,51,H.5
-55,51,H.1
-54,51,H.2
-53,51,H.5
-52,51,H.4
-51,51,H.5
-50,51,H.1
-49,51,H.2
-48,51,H.5
-47,51,H.4
-46,51,H.2
-45,51,H.1
-44,51,H.2
-43,51,H.5
-42,51,H.1
-41,51,H.2
-40,51,H.5
-39,51,H.4
-38,51,H.2
-37,51,H.5
-36,51,H.4
-35,51,H.5
-34,51,H.4
-33,51,H.2
-32,51,H.1
-31,51,H.2
-30,51,H.5
-29,51,H.1
-28,51,H.2
-27,51,H.5
-26,51,H.4
-25,51,H.2
-24,51,H.5
-23,51,H.4
-22,51,H.5
-21,51,H.1
-20,51,H.2
-19,51,H.5
-18,51,H.4
-17,51,H.2
-16,51,H.1
-15,51,H.2
-14,51,H.5
-13,51,H.4
-12,51,H.2
-11,51,H.5
-10,51,H.4
-9,51,H.5
-8,51,H.1
-7,51,H.2
-6,51,H.5
-5,51,H.4
-4,51,H.2
-3,51,H.5
-2,51,H.4
-1,51,H.5
0,51,H.4
1,51,H.2
2,51,H.1
3,51,H.2
4,51,H.5
7,51,H.5
8,51,H.4
-84,52,D.4
-83,52,H.3
-82,52,H.1
-81,52,D.5
-80,52,H.3
-79,52,H.1
-78,52,D.5
-77,52,H.3
-76,52,D.4
-75,52,H.3
-74,52,H.1
-73,52,D.5
-72,52,H.3
-71,52,D.4
-70,52,H.3
-69,52,H.1
-68,52,D.5
-67,52,H.3
-66,52,H.1
-65,52,D.5
-64,52,H.3
-63,52,D.4
-62,52,H.3
-61,52,H.1
-60,52,D.5
-59,52,H.3
-58,52,H.1
-57,52,D.5
-56,52,H.3
-55,52,D.4
-54,52,H.3
-53,52,H.1
-52,52,D.5
-51,52,H.3
-50,52,D.3
-49,52,D.0
-48,52,H.3
-47,52,D.4
-46,52,H.3
-45,52,D.3
-44,52,D.0
-43,52,H.3
-42,52,D.4
-41,52,H.3
-40,52,H.1
-39,52,D.5
-38,52,H.3
-37,52,H.1
-36,52,D.5
-35,52,H.3
-34,52,D.4
-33,52,H.3
-32,52,D.3
-31,52,D.0
-30,52,H.3
-29,52,D.4
-28,52,H.3
-27,52,H.1
-26,52,D.5
-25,52,H.3
-24,52,H.1
-23,52,D.5
-22,52,H.3
-21,52,D.4
-20,52,H.3
-19,52,H.1
-18,52,D.5
-17,52,H.3
-16,52,D.4
-15,52,H.3
-14,52,H.1
-13,52,D.5
-12,52,H.3
-11,52,H.1
-10,52,D.5
-9,52,H.3
-8,52,D.4
-7,52,H.3
-6,52,H.1
-5,52,D.5
-4,52,H.3
-3,52,H.1
-2,52,D.5
-1,52,H.3
0,52,D.4
1,52,H.3
2,52,D.3
3,52,D.0
4,52,H.3
-85,53,H.0
-84,53,D.1
-83,53,H.0
-82,53,D.2
-81,53,H.4
-80,53,H.0
-79,53,D.2
-78,53,H.4
-77,53,H.0
-76,53,D.1
-75,53,H.0
-74,53,D.2
-73,53,H.4
-72,53,H.0
-71,53,D.1
-70,53,H.0
-69,53,D.2
-68,53,H.4
-67,53,H.0
-66,53,D.2
-65,53,H.4
-64,53,H.0
-63,53,D.1
-62,53,H.0
-61,53,D.2
-60,53,H.4
-59,53,H.0
-58,53,D.2
-57,53,H.4
-56,53,H.0
-55,53,D.1
-54,53,H.0
-53,53,D.2
-52,53,H.4
-51,53,H.2
-50,53,H.5
-49,53,H.4
-48,53,H.0
-47,53,D.1
-46,53,H.2
-45,53,H.5
-44,53,H.4
-43,53,H.0
-42,53,D.1
-41,53,H.0
-40,53,D.2
-39,53,H.4
-38,53,H.0
-37,53,D.2
-36,53,H.4
-35,53,H.0
-34,53,D.1
-33,53,H.2
-32,53,H.5
-31,53,H.4
-30,53,H.0
-29,53,D.1
-28,53,H.0
-27,53,D.2
-26,53,H.4
-25,53,H.0
-24,53,D.2
-23,53,H.4
-22,53,H.0
-21,53,D.1
-20,53,H.0
-19,53,D.2
-18,53,H.4
-17,53,H.0
-16,53,D.1
-15,53,H.0
-14,53,D.2
-13,53,H.4
-12,53,H.0
-11,53,D.2
-10,53,H.4
-9,53,H.0
-8,53,D.1
-7,53,H.0
-6,53,D.2
-5,53,H.4
-4,53,H.0
-3,53,D.2
-2,53,H.4
-1,53,H.0
0,53,D.1
1,53,H.2
2,53,H.5
3,53,H.4
-87,54,H.1
-86,54,H.2
-85,54,H.5
-84,54,H.1
-83,54,H.2
-82,54,H.1
-81,54,H.2
-80,54,H.5
-79,54,H.1
-78,54,H.2
-77,54,H.5
-76,54,H.1
-75,54,H.2
-74,54,H.1
-73,54,H.2
-72,54,H.5
-71,54,H.1
-70,54,H.2
-69,54,H.1
-68,54,H.2
-67,54,H.5
-66,54,H.1
-65,54,H.2
-64,54,H.5
-63,54,H.1
-62,54,H.2
-61,54,H.1
-60,54,H.2
-59,54,H.5
-58,54,H.1
-57,54,H.2
-56,54,H.5
-55,54,H.1
-54,54,D.5
-53,54,H.3
-52,54,D.4
-51,54,H.3
-50,54,H.1
-49,54,H.2
-48,54,H.5
-47,54,D.4
-46,54,H.3
-45,54,H.1
-44,54,H.2
-43,54,H.5
-42,54,H.1
-41,54,H.2
-40,54,H.1
-39,54,H.2
-38,54,H.5
-37,54,H.1
-36,54,H.2
-35,54,H.5
-34,54,D.4
-33,54,H.3
-32,54,H.1
-31,54,H.2
-30,54,H.5
-29,54,H.1
-28,54,H.2
-27,54,H.1
-26,54,H.2
-25,54,H.5
-24,54,H.1
-23,54,H.2
-22,54,H.5
-21,54,H.1
-20,54,H.2
-19,54,H.1
-18,54,H.2
-17,54,H.5
-16,54,H.1
-15,54,H.2
-14,54,H.1
-13,54,H.2
-12,54,H.5
-11,54,H.1
-10,54,H.2
-9,54,H.5
-8,54,H.1
-7,54,H.2
-6,54,H.1
-5,54,H.2
-4,54,H.5
-3,54,H.1
-2,54,H.2
-1,54,H.5
0,54,D.4
1,54,H.3
-88,55,H.0
-87,55,D.3
-86,55,D.0
-85,55,H.0
-84,55,D.3
-83,55,D.0
-82,55,D.3
-81,55,D.0
-80,55,H.0
-79,55,D.3
-78,55,D.0
-77,55,H.0
-76,55,D.3
-75,55,D.0
-74,55,D.3
-73,55,D.0
-72,55,H.0
-71,55,D.3
-70,55,D.0
-69,55,D.3
-68,55,D.0
-67,55,H.0
-66,55,D.3
-65,55,D.0
-64,55,H.0
-63,55,D.3
-62,55,D.0
-61,55,D.3
-60,55,D.0
-59,55,H.0
-58,55,D.3
-57,55,D.0
-56,55,H.0
-55,55,D.2
-54,55,H.4
-53,55,H.0
-52,55,D.1
-51,55,H.0
-50,55,D.3
-49,55,D.0
-48,55,H.0
-47,55,D.1
-46,55,H.0
-45,55,D.3
-44,55,D.0
-43,55,H.0
-42,55,D.3
-41,55,D.0
-40,55,D.3
-39,55,D.0
-38,55,H.0
-37,55,D.3
-36,55,D.0
-35,55,H.0
-34,55,D.1
-33,55,H.0
-32,55,D.3
-31,55,D.0
-30,55,H.0
-29,55,D.3
-28,55,D.0
-27,55,D.3
-26,55,D.0
-25,55,H.0
-24,55,D.3
-23,55,D.0
-22,55,H.0
-21,55,D.3
-20,55,D.0
-19,55,D.3
-18,55,D.0
-17,55,H.0
-16,55,D.3
-15,55,D.0
-14,55,D.3
-13,55,D.0
-12,55,H.0
-11,55,D.3
-10,55,D.0
-9,55,H.0
-8,55,D.3
-7,55,D.0
-6,55,D.3
-5,55,D.0
-4,55,H.0
-3,55,D.3
-2,55,D.0
-1,55,H.0
0,55,D.1
-87,56,H.5
-86,56,H.4
-84,56,H.5
-83,56,H.4
-82,56,H.5
-81,56,H.4
-80,56,H.2
-79,56,H.5
-78,56,H.4
-76,56,H.5
-75,56,H.4
-74,56,H.5
-73,56,H.4
-72,56,H.2
-71,56,H.5
-70,56,H.4
-69,56,H.5
-68,56,H.4
-67,56,H.2
-66,56,H.5
-65,56,H.4
-64,56,H.2
-63,56,H.5
-62,56,H.4
-61,56,H.5
-60,56,H.4
-59,56,H.2
-58,56,H.5
-57,56,H.4
-56,56,H.5
-53,56,H.5
-52,56,H.4
-50,56,H.5
-49,56,H.4
-48,56,H.5
-47,56,H.4
-46,56,H.2
-45,56,H.5
-44,56,H.4
-42,56,H.5
-41,56,H.4
-40,56,H.5
-39,56,H.4
-38,56,H.2
-37,56,H.5
-36,56,H.4
-35,56,H.5
-34,56,H.4
-33,56,H.2
-32,56,H.5
-31,56,H.4
-30,56,H.2
-29,56,H.5
-28,56,H.4
-27,56,H.5
-26,56,H.4
-25,56,H.2
-24,56,H.5
-23,56,H.4
-21,56,H.5
-20,56,H.4
-19,56,H.5
-18,56,H.4
-17,56,H.2
-16,56,H.5
-15,56,H.4
-14,56,H.5
-13,56,H.4
-12,56,H.2
-11,56,H.5
-10,56,H.4
-9,56,H.2
-8,56,H.5
-7,56,H.4
-6,56,H.5
-5,56,H.4
-4,56,H.2
-3,56,H.5
-2,56,H.4
-1,56,H.5
0,56,H.4
1,56,H.2
4,56,H.2
12,56,H.2
-84,57,H.1
-83,57,D.5
-82,57,H.3
-81,57,D.4
-80,57,H.3
-76,57,H.1
-75,57,D.5
-74,57,H.3
-73,57,D.4
-72,57,H.3
-71,57,H.1
-70,57,D.5
-69,57,H.3
-68,57,D.4
-67,57,H.3
-66,57,H.1
-65,57,D.5
-64,57,H.3
-63,57,H.1
-62,57,D.5
-61,57,H.3
-60,57,D.4
-59,57,H.3
-58,57,H.1
-57,57,D.5
-56,57,H.3
-50,57,H.1
-49,57,D.5
-48,57,H.3
-47,57,D.4
-46,57,H.3
-42,57,H.1
-41,57,D.5
-40,57,H.3
-39,57,D.4
-38,57,H.3
-37,57,H.1
-36,57,D.5
-35,57,H.3
-34,57,D.4
-33,57,H.3
-32,57,H.1
-31,57,D.5
-30,57,H.3
-29,57,H.1
-28,57,D.5
-27,57,H.3
-26,57,D.4
-25,57,H.3
-21,57,H.1
-20,57,D.5
-19,57,H.3
-18,57,D.4
-17,57,H.3
-16,57,H.1
-15,57,D.5
-14,57,H.3
-13,57,D.4
-12,57,H.3
-11,57,H.1
-10,57,D.5
-9,57,H.3
-8,57,H.1
-7,57,D.5
-6,57,H.3
-5,57,D.4
-4,57,H.3
-3,57,H.1
-2,57,D.5
-1,57,H.3
0,57,D.4
1,57,H.3
2,57,H.1
3,57,D.5
4,57,H.3
10,57,H.1
11,57,D.5
12,57,H.3
-85,58,H.0
-84,58,D.2
-83,58,H.4
-82,58,H.0
-81,58,D.1
-77,58,H.0
-76,58,D.2
-75,58,H.4
-74,58,H.0
-73,58,D.1
-72,58,H.0
-71,58,D.2
-70,58,H.4
-69,58,H.0
-68,58,D.1
-67,58,H.0
-66,58,D.2
-65,58,H.4
-64,58,H.0
-63,58,D.2
-62,58,H.4
-61,58,H.0
-60,58,D.1
-59,58,H.0
-58,58,D.2
-57,58,H.4
-51,58,H.0
-50,58,D.2
-49,58,H.4
-48,58,H.0
-47,58,D.1
-43,58,H.0
-42,58,D.2
-41,58,H.4
-40,58,H.0
-39,58,D.1
-38,58,H.0
-37,58,D.2
-36,58,H.4
-35,58,H.0
-34,58,D.1
-33,58,H.0
-32,58,D.2
-31,58,H.4
-30,58,H.0
-29,58,D.2
-28,58,H.4
-27,58,H.0
-26,58,D.1
-22,58,H.0
-21,58,D.2
-20,58,H.4
-19,58,H.0
-18,58,D.1
-17,58,H.0
-16,58,D.2
-15,58,H.4
-14,58,H.0
-13,58,D.1
-12,58,H.0
-11,58,D.2
-10,58,H.4
-9,58,H.0
-8,58,D.2
-7,58,H.4
-6,58,H.0
-5,58,D.1
-4,58,H.0
-3,58,D.2
-2,58,H.4
-1,58,H.0
0,58,D.1
1,58,H.0
2,58,D.2
3,58,H.4
9,58,H.0
10,58,D.2
11,58,H.4
-85,59,H.5
-82,59,H.5
-81,59,H.4
-77,59,H.5
-76,59,H.1
-75,59,H.2
-74,59,H.5
-73,59,H.4
-72,59,H.5
-71,59,H.1
-70,59,H.2
-69,59,H.5
-68,59,H.4
-67,59,H.2
-66,59,H.1
-65,59,H.2
-64,59,H.5
-63,59,H.1
-62,59,H.2
-61,59,H.5
-60,59,H.4
-59,59,H.5
-58,59,H.1
-57,59,H.2
-51,59,H.5
-48,59,H.5
-47,59,H.4
-43,59,H.5
-42,59,H.1
-41,59,H.2
-40,59,H.5
-39,59,H.4
-38,59,H.5
-37,59,H.1
-36,59,H.2
-35,59,H.5
-34,59,H.4
-33,59,H.2
-32,59,H.1
-31,59,H.2
-30,59,H.5
-27,59,H.5
-26,59,H.4
-22,59,H.5
-21,59,H.1
-20,59,H.2
-19,59,H.5
-18,59,H.4
-17,59,H.5
-16,59,H.1
-15,59,H.2
-14,59,H.5
-13,59,H.4
-12,59,H.2
-11,59,H.1
-10,59,H.2
-9,59,H.5
-8,59,H.1
-7,59,H.2
-6,59,H.5
-5,59,H.4
-4,59,H.5
-3,59,H.1
-2,59,H.2
-1,59,H.5
0,59,H.4
1,59,H.2
2,59,H.1
3,59,H.2
5,59,H.1
6,59,H.2
9,59,H.2
10,59,H.1
11,59,H.2
-76,60,D.4
-75,60,H.3
-74,60,H.1
-73,60,D.5
-72,60,H.3
-71,60,D.3
-70,60,D.0
-69,60,H.3
-68,60,D.4
-67,60,H.3
-66,60,D.3
-65,60,D.0
-64,60,H.3
-63,60,D.4
-62,60,H.3
-61,60,H.1
-60,60,D.5
-59,60,H.3
-58,60,D.3
-57,60,D.0
-56,60,H.3
-42,60,D.4
-41,60,H.3
-40,60,H.1
-39,60,D.5
-38,60,H.3
-37,60,D.3
-36,60,D.0
-35,60,H.3
-34,60,D.4
-33,60,H.3
-32,60,D.3
-31,60,D.0
-30,60,H.3
-21,60,D.4
-20,60,H.3
-19,60,H.1
-18,60,D.5
-17,60,H.3
-16,60,D.3
-15,60,D.0
-14,60,H.3
-13,60,D.4
-12,60,H.3
-11,60,D.3
-10,60,D.0
-9,60,H.3
-8,60,D.4
-7,60,H.3
-6,60,H.1
-5,60,D.5
-4,60,H.3
-3,60,D.3
-2,60,D.0
-1,60,H.3
0,60,D.4
1,60,H.3
2,60,D.3
3,60,D.0
4,60,H.3
5,60,D.4
6,60,H.3
7,60,H.1
8,60,D.5
9,60,H.3
10,60,D.3
11,60,D.0
12,60,H.3
-77,61,H.0
-76,61,D.1
-75,61,H.0
-74,61,D.2
-73,61,H.4
-72,61,H.2
-71,61,H.5
-70,61,H.4
-69,61,H.0
-68,61,D.1
-67,61,H.2
-66,61,H.5
-65,61,H.4
-64,61,H.0
-63,61,D.1
-62,61,H.0
-61,61,D.2
-60,61,H.4
-59,61,H.2
-58,61,H.5
-57,61,H.4
-43,61,H.0
-42,61,D.1
-41,61,H.0
-40,61,D.2
-39,61,H.4
-38,61,H.2
-37,61,H.5
-36,61,H.4
-35,61,H.0
-34,61,D.1
-33,61,H.2
-32,61,H.5
-31,61,H.4
-22,61,H.0
-21,61,D.1
-20,61,H.0
-19,61,D.2
-18,61,H.4
-17,61,H.2
-16,61,H.5
-15,61,H.4
-14,61,H.0
-13,61,D.1
-12,61,H.2
-11,61,H.5
-10,61,H.4
-9,61,H.0
-8,61,D.1
-7,61,H.0
-6,61,D.2
-5,61,H.4
-4,61,H.2
-3,61,H.5
-2,61,H.4
-1,61,H.0
0,61,D.1
1,61,H.2
2,61,H.5
3,61,H.4
4,61,H.0
5,61,D.1
6,61,H.0
7,61,D.2
8,61,H.4
9,61,H.2
10,61,H.5
11,61,H.4
-79,62,H.1
-78,62,H.2
-77,62,H.5
-76,62,H.1
-75,62,D.5
-74,62,H.3
-73,62,D.4
-72,62,H.3
-71,62,H.1
-70,62,H.2
-69,62,H.5
-68,62,D.4
-67,62,H.3
-66,62,H.1
-65,62,H.2
-64,62,H.5
-63,62,H.1
-62,62,D.5
-61,62,H.3
-60,62,D.4
-59,62,H.3
-45,62,H.1
-44,62,H.2
-43,62,H.5
-42,62,H.1
-41,62,D.5
-40,62,H.3
-39,62,D.4
-38,62,H.3
-37,62,H.1
-36,62,H.2
-35,62,H.5
-34,62,D.4
-33,62,H.3
-24,62,H.1
-23,62,H.2
-22,62,H.5
-21,62,H.1
-20,62,D.5
-19,62,H.3
-18,62,D.4
-17,62,H.3
-16,62,H.1
-15,62,H.2
-14,62,H.5
-13,62,D.4
-12,62,H.3
-11,62,H.1
-10,62,H.2
-9,62,H.5
-8,62,H.1
-7,62,D.5
-6,62,H.3
-5,62,D.4
-4,62,H.3
-3,62,H.1
-2,62,H.2
-1,62,H.5
0,62,D.4
1,62,H.3
2,62,H.1
3,62,H.2
4,62,H.5
5,62,H.1
6,62,D.5
7,62,H.3
8,62,D.4
9,62,H.3
-80,63,H.0
-79,63,D.3
-78,63,D.0
-77,63,H.0
-76,63,D.2
-75,63,H.4
-74,63,H.0
-73,63,D.1
-72,63,H.0
-71,63,D.3
-70,63,D.0
-69,63,H.0
-68,63,D.1
-67,63,H.0
-66,63,D.3
-65,63,D.0
-64,63,H.0
-63,63,D.2
-62,63,H.4
-61,63,H.0
-60,63,D.1
-46,63,H.0
-45,63,D.3
-44,63,D.0
-43,63,H.0
-42,63,D.2
-41,63,H.4
-40,63,H.0
-39,63,D.1
-38,63,H.0
-37,63,D.3
-36,63,D.0
-35,63,H.0
-34,63,D.1
-25,63,H.0
-24,63,D.3
-23,63,D.0
-22,63,H.0
-21,63,D.2
-20,63,H.4
-19,63,H.0
-18,63,D.1
-17,63,H.0
-16,63,D.3
-15,63,D.0
-14,63,H.0
-13,63,D.1
-12,63,H.0
-11,63,D.3
-10,63,D.0
-9,63,H.0
-8,63,D.2
-7,63,H.4
-6,63,H.0
-5,63,D.1
-4,63,H.0
-3,63,D.3
-2,63,D.0
-1,63,H.0
0,63,D.1
1,63,H.0
2,63,D.3
3,63,D.0
4,63,H.0
5,63,D.2
6,63,H.4
7,63,H.0
8,63,D.1
-79,64,H.5
-78,64,H.4
-77,64,H.5
-76,64,H.1
-75,64,H.2
-74,64,H.5
-73,64,H.4
-72,64,H.2
-71,64,H.5
-70,64,H.4
-69,64,H.5
-68,64,H.4
-67,64,H.2
-66,64,H.5
-65,64,H.4
-64,64,H.5
-63,64,H.1
-62,64,H.2
-61,64,H.5
-60,64,H.4
-59,64,H.2
-45,64,H.5
-44,64,H.4
-43,64,H.5
-40,64,H.5
-39,64,H.4
-37,64,H.5
-36,64,H.4
-35,64,H.5
-34,64,H.4
-33,64,H.2
-24,64,H.5
-23,64,H.4
-22,64,H.5
-21,64,H.1
-20,64,H.2
-19,64,H.5
-18,64,H.4
-17,64,H.2
-16,64,H.5
-15,64,H.4
-14,64,H.5
-13,64,H.4
-12,64,H.2
-11,64,H.5
-10,64,H.4
-9,64,H.5
-8,64,H.1
-7,64,H.2
-6,64,H.5
-5,64,H.4
-4,64,H.2
-3,64,H.5
-2,64,H.4
-1,64,H.5
0,64,H.4
1,64,H.2
2,64,H.5
3,64,H.4
4,64,H.2
5,64,H.1
6,64,H.2
7,64,H.5
8,64,H.4
9,64,H.2
-79,65,H.1
-78,65,D.5
-77,65,H.3
-76,65,D.4
-75,65,H.3
-74,65,H.1
-73,65,D.5
-72,65,H.3
-71,65,H.1
-70,65,D.5
-69,65,H.3
-68,65,D.4
-67,65,H.3
-66,65,H.1
-65,65,D.5
-64,65,H.3
-63,65,D.4
-62,65,H.3
-61,65,H.1
-60,65,D.5
-59,65,H.3
-45,65,H.1
-44,65,D.5
-43,65,H.3
-37,65,H.1
-36,65,D.5
-35,65,H.3
-34,65,D.4
-33,65,H.3
-24,65,H.1
-23,65,D.5
-22,65,H.3
-21,65,D.4
-20,65,H.3
-19,65,H.1
-18,65,D.5
-17,65,H.3
-16,65,H.1
-15,65,D.5
-14,65,H.3
-13,65,D.4
-12,65,H.3
-11,65,H.1
-10,65,D.5
-9,65,H.3
-8,65,D.4
-7,65,H.3
-6,65,H.1
-5,65,D.5
-4,65,H.3
-3,65,H.1
-2,65,D.5
-1,65,H.3
0,65,D.4
1,65,H.3
2,65,H.1
3,65,D.5
4,65,H.3
5,65,D.4
6,65,H.3
7,65,H.1
8,65,D.5
9,65,H.3
-80,66,H.0
-79,66,D.2
-78,66,H.4
-77,66,H.0
-76,66,D.1
-75,66,H.0
-74,66,D.2
-73,66,H.4
-72,66,H.0
-71,66,D.2
-70,66,H.4
-69,66,H.0
-68,66,D.1
-67,66,H.0
-66,66,D.2
-65,66,H.4
-64,66,H.0
-63,66,D.1
-62,66,H.0
-61,66,D.2
-60,66,H.4
-46,66,H.0
-45,66,D.2
-44,66,H.4
-38,66,H.0
-37,66,D.2
-36,66,H.4
-35,66,H.0
-34,66,D.1
-25,66,H.0
-24,66,D.2
-23,66,H.4
-22,66,H.0
-21,66,D.1
-20,66,H.0
-19,66,D.2
-18,66,H.4
-17,66,H.0
-16,66,D.2
-15,66,H.4
-14,66,H.0
-13,66,D.1
-12,66,H.0
-11,66,D.2
-10,66,H.4
-9,66,H.0
-8,66,D.1
-7,66,H.0
-6,66,D.2
-5,66,H.4
-4,66,H.0
-3,66,D.2
-2,66,H.4
-1,66,H.0
0,66,D.1
1,66,H.0
2,66,D.2
3,66,H.4
4,66,H.0
5,66,D.1
6,66,H.0
7,66,D.2
8,66,H.4
-80,67,H.5
-77,67,H.5
-76,67,H.1
-75,67,H.2
-74,67,H.1
-73,67,H.2
-72,67,H.5
-71,67,H.1
-70,67,H.2
-69,67,H.5
-68,67,H.4
-67,67,H.5
-66,67,H.1
-65,67,H.2
-64,67,H.5
-63,67,H.1
-62,67,H.2
-61,67,H.1
-60,67,H.2
-58,67,H.1
-57,67,H.2
-46,67,H.5
-38,67,H.5
-35,67,H.5
-34,67,H.4
-25,67,H.5
-22,67,H.5
-21,67,H.1
-20,67,H.2
-19,67,H.1
-18,67,H.2
-17,67,H.5
-16,67,H.1
-15,67,H.2
-14,67,H.5
-13,67,H.4
-12,67,H.5
-11,67,H.1
-10,67,H.2
-9,67,H.5
-8,67,H.1
-7,67,H.2
-6,67,H.1
-5,67,H.2
-4,67,H.5
-3,67,H.1
-2,67,H.2
-1,67,H.5
0,67,H.4
1,67,H.2
2,67,H.1
3,67,H.2
4,67,H.5
5,67,H.1
6,67,H.2
7,67,H.1
8,67,H.2
10,67,H.1
11,67,H.2
-76,68,D.4
-75,68,H.3
-74,68,D.3
-73,68,D.0
-72,68,H.3
-71,68,D.4
-70,68,H.3
-69,68,H.1
-68,68,D.5
-67,68,H.3
-66,68,D.3
-65,68,D.0
-64,68,H.3
-63,68,D.3
-62,68,D.0
-61,68,D.3
-60,68,D.0
-59,68,H.3
-58,68,D.3
-57,68,D.0
-56,68,H.3
-21,68,D.4
-20,68,H.3
-19,68,D.3
-18,68,D.0
-17,68,H.3
-16,68,D.4
-15,68,H.3
-14,68,H.1
-13,68,D.5
-12,68,H.3
-11,68,D.3
-10,68,D.0
-9,68,H.3
-8,68,D.3
-7,68,D.0
-6,68,D.3
-5,68,D.0
-4,68,H.3
-3,68,D.3
-2,68,D.0
-1,68,H.3
0,68,D.4
1,68,H.3
2,68,D.3
3,68,D.0
4,68,H.3
5,68,D.3
6,68,D.0
7,68,D.3
8,68,D.0
9,68,H.3
10,68,D.3
11,68,D.0
12,68,H.3
-77,69,H.0
-76,69,D.1
-75,69,H.2
-74,69,H.5
-73,69,H.4
-72,69,H.0
-71,69,D.1
-70,69,H.0
-69,69,D.2
-68,69,H.4
-67,69,H.2
-66,69,H.5
-65,69,H.4
-64,69,H.2
-63,69,H.5
-62,69,H.4
-61,69,H.5
-60,69,H.4
-59,69,H.2
-58,69,H.5
-57,69,H.4
-22,69,H.0
-21,69,D.1
-20,69,H.2
-19,69,H.5
-18,69,H.4
-17,69,H.0
-16,69,D.1
-15,69,H.0
-14,69,D.2
-13,69,H.4
-12,69,H.2
-11,69,H.5
-10,69,H.4
-9,69,H.2
-8,69,H.5
-7,69,H.4
-6,69,H.5
-5,69,H.4
-4,69,H.2
-3,69,H.5
-2,69,H.4
-1,69,H.0
0,69,D.1
1,69,H.2
2,69,H.5
3,69,H.4
4,69,H.2
5,69,H.5
6,69,H.4
7,69,H.5
8,69,H.4
9,69,H.2
10,69,H.5
11,69,H.4
-79,70,H.1
-78,70,H.2
-77,70,H.5
-76,70,D.4
-75,70,H.3
-74,70,H.1
-73,70,H.2
-72,70,H.5
-71,70,H.1
-70,70,D.5
-69,70,H.3
-68,70,D.4
-67,70,H.3
-66,70,H.1
-65,70,D.5
-64,70,H.3
-63,70,H.1
-62,70,D.5
-61,70,H.3
-60,70,D.4
-59,70,H.3
-24,70,H.1
-23,70,H.2
-22,70,H.5
-21,70,D.4
-20,70,H.3
-19,70,H.1
-18,70,H.2
-17,70,H.5
-16,70,H.1
-15,70,D.5
-14,70,H.3
-13,70,D.4
-12,70,H.3
-11,70,H.1
-10,70,D.5
-9,70,H.3
-8,70,H.1
-7,70,D.5
-6,70,H.3
-5,70,D.4
-4,70,H.3
-3,70,H.1
-2,70,H.2
-1,70,H.5
0,70,D.4
1,70,H.3
2,70,H.1
3,70,D.5
4,70,H.3
5,70,H.1
6,70,D.5
7,70,H.3
8,70,D.4
9,70,H.3
-80,71,H.0
-79,71,D.3
-78,71,D.0
-77,71,H.0
-76,71,D.1
-75,71,H.0
-74,71,D.3
-73,71,D.0
-72,71,H.0
-71,71,D.2
-70,71,H.4
-69,71,H.0
-68,71,D.1
-67,71,H.0
-66,71,D.2
-65,71,H.4
-64,71,H.0
-63,71,D.2
-62,71,H.4
-61,71,H.0
-60,71,D.1
-25,71,H.0
-24,71,D.3
-23,71,D.0
-22,71,H.0
-21,71,D.1
-20,71,H.0
-19,71,D.3
-18,71,D.0
-17,71,H.0
-16,71,D.2
-15,71,H.4
-14,71,H.0
-13,71,D.1
-12,71,H.0
-11,71,D.2
-10,71,H.4
-9,71,H.0
-8,71,D.2
-7,71,H.4
-6,71,H.0
-5,71,D.1
-4,71,H.0
-3,71,D.3
-2,71,D.0
-1,71,H.0
0,71,D.1
1,71,H.0
2,71,D.2
3,71,H.4
4,71,H.0
5,71,D.2
6,71,H.4
7,71,H.0
8,71,D.1
-84,72,H.1
-83,72,H.2
-80,72,H.2
-79,72,H.5
-78,72,H.4
-77,72,H.5
-76,72,H.1
-75,72,H.2
-74,72,H.5
-73,72,H.4
-72,72,H.5
-71,72,H.1
-70,72,H.2
-69,72,H.5
-68,72,H.4
-67,72,H.2
-66,72,H.1
-65,72,H.2
-64,72,H.5
-61,72,H.5
-60,72,H.4
-29,72,H.1
-28,72,H.2
-25,72,H.2
-24,72,H.5
-23,72,H.4
-22,72,H.5
-21,72,H.1
-20,72,H.2
-19,72,H.5
-18,72,H.4
-17,72,H.5
-16,72,H.1
-15,72,H.2
-14,72,H.5
-13,72,H.4
-12,72,H.2
-11,72,H.1
-10,72,H.2
-9,72,H.5
-8,72,H.1
-7,72,H.2
-6,72,H.5
-5,72,H.4
-4,72,H.2
-3,72,H.5
-2,72,H.4
-1,72,H.5
0,72,H.4
1,72,H.2
2,72,H.1
3,72,H.2
4,72,H.5
7,72,H.5
8,72,H.4
-84,73,D.4
-83,73,H.3
-82,73,H.1
-81,73,D.5
-80,73,H.3
-79,73,H.1
-78,73,D.5
-77,73,H.3
-76,73,D.4
-75,73,H.3
-74,73,H.1
-73,73,D.5
-72,73,H.3
-71,73,D.3
-70,73,D.0
-69,73,H.3
-68,73,D.4
-67,73,H.3
-66,73,D.3
-65,73,D.0
-64,73,H.3
-29,73,D.4
-28,73,H.3
-27,73,H.1
-26,73,D.5
-25,73,H.3
-24,73,H.1
-23,73,D.5
-22,73,H.3
-21,73,D.4
-20,73,H.3
-19,73,H.1
-18,73,D.5
-17,73,H.3
-16,73,D.3
-15,73,D.0
-14,73,H.3
-13,73,D.4
-12,73,H.3
-11,73,D.3
-10,73,D.0
-9,73,H.3
-8,73,D.4
-7,73,H.3
-6,73,H.1
-5,73,D.5
-4,73,H.3
-3,73,H.1
-2,73,D.5
-1,73,H.3
0,73,D.4
1,73,H.3
2,73,D.3
3,73,D.0
4,73,H.3
-85,74,H.0
-84,74,D.1
-83,74,H.0
-82,74,D.2
-81,74,H.4
-80,74,H.0
-79,74,D.2
-78,74,H.4
-77,74,H.0
-76,74,D.1
-75,74,H.0
-74,74,D.2
-73,74,H.4
-72,74,H.2
-71,74,H.5
-70,74,H.4
-69,74,H.0
-68,74,D.1
-67,74,H.2
-66,74,H.5
-65,74,H.4
-30,74,H.0
-29,74,D.1
-28,74,H.0
-27,74,D.2
-26,74,H.4
-25,74,H.0
-24,74,D.2
-23,74,H.4
-22,74,H.0
-21,74,D.1
-20,74,H.0
-19,74,D.2
-18,74,H.4
-17,74,H.2
-16,74,H.5
-15,74,H.4
-14,74,H.0
-13,74,D.1
-12,74,H.2
-11,74,H.5
-10,74,H.4
-9,74,H.0
-8,74,D.1
-7,74,H.0
-6,74,D.2
-5,74,H.4
-4,74,H.0
-3,74,D.2
-2,74,H.4
-1,74,H.0
0,74,D.1
1,74,H.2
2,74,H.5
3,74,H.4
-87,75,H.1
-86,75,H.2
-85,75,H.5
-84,75,H.1
-83,75,H.2
-82,75,H.1
-81,75,H.2
-80,75,H.5
-79,75,H.1
-78,75,H.2
-77,75,H.5
-76,75,H.1
-75,75,D.5
-74,75,H.3
-73,75,D.4
-72,75,H.3
-71,75,H.1
-70,75,H.2
-69,75,H.5
-68,75,D.4
-67,75,H.3
-32,75,H.1
-31,75,H.2
-30,75,H.5
-29,75,H.1
-28,75,H.2
-27,75,H.1
-26,75,H.2
-25,75,H.5
-24,75,H.1
-23,75,H.2
-22,75,H.5
-21,75,H.1
-20,75,D.5
-19,75,H.3
-18,75,D.4
-17,75,H.3
-16,75,H.1
-15,75,H.2
-14,75,H.5
-13,75,D.4
-12,75,H.3
-11,75,H.1
-10,75,H.2
-9,75,H.5
-8,75,H.1
-7,75,H.2
-6,75,H.1
-5,75,H.2
-4,75,H.5
-3,75,H.1
-2,75,H.2
-1,75,H.5
0,75,D.4
1,75,H.3
-88,76,H.0
-87,76,D.3
-86,76,D.0
-85,76,H.0
-84,76,D.3
-83,76,D.0
-82,76,D.3
-81,76,D.0
-80,76,H.0
-79,76,D.3
-78,76,D.0
-77,76,H.0
-76,76,D.2
-75,76,H.4
-74,76,H.0
-73,76,D.1
-72,76,H.0
-71,76,D.3
-70,76,D.0
-69,76,H.0
-68,76,D.1
-33,76,H.0
-32,76,D.3
-31,76,D.0
-30,76,H.0
-29,76,D.3
-28,76,D.0
-27,76,D.3
-26,76,D.0
-25,76,H.0
-24,76,D.3
-23,76,D.0
-22,76,H.0
-21,76,D.2
-20,76,H.4
-19,76,H.0
-18,76,D.1
-17,76,H.0
-16,76,D.3
-15,76,D.0
-14,76,H.0
-13,76,D.1
-12,76,H.0
-11,76,D.3
-10,76,D.0
-9,76,H.0
-8,76,D.3
-7,76,D.0
-6,76,D.3
-5,76,D.0
-4,76,H.0
-3,76,D.3
-2,76,D.0
-1,76,H.0
0,76,D.1
-87,77,H.5
-86,77,H.4
-84,77,H.5
-83,77,H.4
-82,77,H.5
-81,77,H.4
-80,77,H.2
-79,77,H.5
-78,77,H.4
-77,77,H.5
-74,77,H.5
-73,77,H.4
-71,77,H.5
-70,77,H.4
-69,77,H.5
-68,77,H.4
-67,77,H.2
-32,77,H.5
-31,77,H.4
-29,77,H.5
-28,77,H.4
-27,77,H.5
-26,77,H.4
-25,77,H.2
-24,77,H.5
-23,77,H.4
-22,77,H.5
-19,77,H.5
-18,77,H.4
-16,77,H.5
-15,77,H.4
-14,77,H.5
-13,77,H.4
-12,77,H.2
-11,77,H.5
-10,77,H.4
-8,77,H.5
-7,77,H.4
-6,77,H.5
-5,77,H.4
-4,77,H.2
-3,77,H.5
-2,77,H.4
-1,77,H.5
0,77,H.4
1,77,H.2
4,77,H.2
-84,78,H.1
-83,78,D.5
-82,78,H.3
-81,78,D.4
-80,78,H.3
-79,78,H.1
-78,78,D.5
-77,78,H.3
-71,78,H.1
-70,78,D.5
-69,78,H.3
-68,78,D.4
-67,78,H.3
-29,78,H.1
-28,78,D.5
-27,78,H.3
-26,78,D.4
-25,78,H.3
-24,78,H.1
-23,78,D.5
-22,78,H.3
-16,78,H.1
-15,78,D.5
-14,78,H.3
-13,78,D.4
-12,78,H.3
-8,78,H.1
-7,78,D.5
-6,78,H.3
-5,78,D.4
-4,78,H.3
-3,78,H.1
-2,78,D.5
-1,78,H.3
0,78,D.4
1,78,H.3
2,78,H.1
3,78,D.5
4,78,H.3
-85,79,H.0
-84,79,D.2
-83,79,H.4
-82,79,H.0
-81,79,D.1
-80,79,H.0
-79,79,D.2
-78,79,H.4
-72,79,H.0
-71,79,D.2
-70,79,H.4
-69,79,H.0
-68,79,D.1
-30,79,H.0
-29,79,D.2
-28,79,H.4
-27,79,H.0
-26,79,D.1
-25,79,H.0
-24,79,D.2
-23,79,H.4
-17,79,H.0
-16,79,D.2
-15,79,H.4
-14,79,H.0
-13,79,D.1
-9,79,H.0
-8,79,D.2
-7,79,H.4
-6,79,H.0
-5,79,D.1
-4,79,H.0
-3,79,D.2
-2,79,H.4
-1,79,H.0
0,79,D.1
1,79,H.0
2,79,D.2
3,79,H.4
-85,80,H.5
-84,80,H.1
-83,80,H.2
-82,80,H.5
-81,80,H.4
-80,80,H.5
-79,80,H.1
-78,80,H.2
-72,80,H.5
-69,80,H.5
-68,80,H.4
-30,80,H.5
-29,80,H.1
-28,80,H.2
-27,80,H.5
-26,80,H.4
-25,80,H.5
-24,80,H.1
-23,80,H.2
-17,80,H.5
-14,80,H.5
-13,80,H.4
-9,80,H.5
-8,80,H.1
-7,80,H.2
-6,80,H.5
-5,80,H.4
-4,80,H.5
-3,80,H.1
-2,80,H.2
-1,80,H.5
0,80,H.4
1,80,H.2
2,80,H.1
3,80,H.2
-84,81,D.4
-83,81,H.3
-82,81,H.1
-81,81,D.5
-80,81,H.3
-79,81,D.3
-78,81,D.0
-77,81,H.3
-29,81,D.4
-28,81,H.3
-27,81,H.1
-26,81,D.5
-25,81,H.3
-24,81,D.3
-23,81,D.0
-22,81,H.3
-8,81,D.4
-7,81,H.3
-6,81,H.1
-5,81,D.5
-4,81,H.3
-3,81,D.3
-2,81,D.0
-1,81,H.3
0,81,D.4
1,81,H.3
2,81,D.3
3,81,D.0
4,81,H.3
-85,82,H.0
-84,82,D.1
-83,82,H.0
-82,82,D.2
-81,82,H.4
-80,82,H.2
-79,82,H.5
-78,82,H.4
-30,82,H.0
-29,82,D.1
-28,82,H.0
-27,82,D.2
-26,82,H.4
-25,82,H.2
-24,82,H.5
-23,82,H.4
-9,82,H.0
-8,82,D.1
-7,82,H.0
-6,82,D.2
-5,82,H.4
-4,82,H.2
-3,82,H.5
-2,82,H.4
-1,82,H.0
0,82,D.1
1,82,H.2
2,82,H.5
3,82,H.4
-87,83,H.1
-86,83,H.2
-85,83,H.5
-84,83,H.1
-83,83,D.5
-82,83,H.3
-81,83,D.4
-80,83,H.3
-32,83,H.1
-31,83,H.2
-30,83,H.5
-29,83,H.1
-28,83,D.5
-27,83,H.3
-26,83,D.4
-25,83,H.3
-11,83,H.1
-10,83,H.2
-9,83,H.5
-8,83,H.1
-7,83,D.5
-6,83,H.3
-5,83,D.4
-4,83,H.3
-3,83,H.1
-2,83,H.2
-1,83,H.5
0,83,D.4
1,83,H.3
-88,84,H.0
-87,84,D.3
-86,84,D.0
-85,84,H.0
-84,84,D.2
-83,84,H.4
-82,84,H.0
-81,84,D.1
-33,84,H.0
-32,84,D.3
-31,84,D.0
-30,84,H.0
-29,84,D.2
-28,84,H.4
-27,84,H.0
-26,84,D.1
-12,84,H.0
-11,84,D.3
-10,84,D.0
-9,84,H.0
-8,84,D.2
-7,84,H.4
-6,84,H.0
-5,84,D.1
-4,84,H.0
-3,84,D.3
-2,84,D.0
-1,84,H.0
0,84,D.1
-87,85,H.5
-86,85,H.4
-85,85,H.5
-82,85,H.5
-81,85,H.4
-32,85,H.5
-31,85,H.4
-30,85,H.5
-27,85,H.5
-26,85,H.4
-11,85,H.5
-10,85,H.4
-9,85,H.5
-6,85,H.5
-5,85,H.4
-3,85,H.5
-2,85,H.4
-1,85,H.5
0,85,H.4
1,85,H.2
-87,86,H.1
-86,86,D.5
-85,86,H.3
-32,86,H.1
-31,86,D.5
-30,86,H.3
-11,86,H.1
-10,86,D.5
-9,86,H.3
-3,86,H.1
-2,86,D.5
-1,86,H.3
0,86,D.4
1,86,H.3
-88,87,H.0
-87,87,D.2
-86,87,H.4
-33,87,H.0
-32,87,D.2
-31,87,H.4
-12,87,H.0
-11,87,D.2
-10,87,H.4
-4,87,H.0
-3,87,D.2
-2,87,H.4
-1,87,H.0
0,87,D.1
-88,88,H.5
-33,88,H.5
-12,88,H.5
-4,88,H.5
-1,88,H.5
0,88,H.4
