token_index,batch,time_a,time_b,pair,mixed_with_wall,events
1,1,1,1/2,P0/P2,false,pair:P0:P2:SE
2,5,6,3,P0/P2,false,pair:P0:P2:SE
3,6,13/2,3,P0/P1,false,pair:P0:P1:W
4,8,15/2,7/2,P0/P2,false,pair:P0:P2:SE
5,12,25/2,6,P0/P2,false,pair:P0:P2:SE
6,16,35/2,17/2,P0/P2,false,pair:P0:P2:SE
7,17,37/2,9,P1/P2,true,pair:P1:P2:NW|wall:P0:N
8,19,41/2,19/2,P0/P2,false,pair:P0:P2:S
9,21,43/2,61/6,P1/P2,false,pair:P1:P2:NW
10,23,47/2,23/2,P0/P2,false,pair:P0:P2:S
11,26,267/10,127/10,P1/P2,false,pair:P1:P2:NW
12,28,393/14,181/14,P0/P2,false,pair:P0:P2:S
13,31,173/6,27/2,P0/P2,false,pair:P0:P2:S
14,33,61/2,14,P1/P2,false,pair:P1:P2:N
15,35,465/14,205/14,P0/P1,false,pair:P0:P1:S
16,41,545/14,237/14,P0/P1,false,pair:P0:P1:S
17,43,83/2,35/2,P0/P1,false,pair:P0:P1:SE
18,44,407/10,191/10,P1/P2,false,pair:P1:P2:E
19,46,83/2,191/10,P0/P1,false,pair:P0:P1:SE
20,49,625/14,269/14,P0/P1,false,pair:P0:P1:S
21,54,701/14,325/14,P0/P2,false,pair:P0:P2:E
22,58,543/10,239/10,P0/P1,false,pair:P0:P1:W
23,62,1947/34,851/34,P0/P1,false,pair:P0:P1:SW
24,63,583/10,1291/50,P0/P2,false,pair:P0:P2:E
25,69,2957/46,1381/46,P0/P2,false,pair:P0:P2:S
26,75,431/6,197/6,P0/P2,false,pair:P0:P2:SE
27,79,1649/22,753/22,P0/P1,false,pair:P0:P1:NE
28,81,2333/30,351/10,P1/P2,false,pair:P1:P2:S
29,88,841/10,391/10,P0/P1,false,pair:P0:P1:NE
30,92,173/2,83/2,P1/P2,false,pair:P1:P2:E
31,93,535/6,731/18,P0/P2,false,pair:P0:P2:NE
32,98,195/2,597/14,P0/P2,false,pair:P0:P2:N
33,101,991/10,1421/30,P0/P1,false,pair:P0:P1:NW
34,107,11917/110,5509/110,P1/P2,false,pair:P1:P2:E
35,109,1955/18,4519/90,P1/P2,false,pair:P1:P2:E
36,110,8741/78,99/2,P0/P2,false,pair:P0:P2:W
37,112,437/4,105/2,P0/P2,false,pair:P0:P2:SW
38,116,13825/118,6353/118,P0/P1,false,pair:P0:P1:SE
39,120,16697/134,7721/134,P0/P1,false,pair:P0:P1:SE
40,123,9311/74,4367/74,P1/P2,false,pair:P1:P2:S
41,125,761/6,1789/30,P0/P1,false,pair:P0:P1:E
42,126,7559/58,3415/58,P0/P2,false,pair:P0:P2:S
43,129,3447/26,4661/78,P0/P2,false,pair:P0:P2:S
44,134,9107/66,1393/22,P0/P1,false,pair:P0:P1:S
45,135,5791/42,1147/18,P1/P2,false,pair:P1:P2:SW
46,138,17501/126,885/14,P1/P2,false,pair:P1:P2:SW
47,143,8925/62,4157/62,P0/P2,false,pair:P0:P2:SE
48,146,7371/50,687/10,P0/P1,false,pair:P0:P1:N
49,149,10729/70,4681/70,P0/P1,false,pair:P0:P1:W
50,153,13281/86,6177/86,P1/P2,false,pair:P1:P2:NE
51,157,20189/126,1339/18,P0/P1,false,pair:P0:P1:SE
52,159,15197/94,7085/94,P1/P2,false,pair:P1:P2:NE
53,164,4263/26,2151/26,P0/P1,false,pair:P0:P1:SW
54,167,16157/94,7565/94,P0/P2,false,pair:P0:P2:NE
55,168,10183/58,4599/58,P0/P1,false,pair:P0:P1:S
56,172,1063/6,1475/18,P1/P2,false,pair:P1:P2:NE
57,173,1761/10,497/6,P0/P1,false,pair:P0:P1:E
58,176,10355/58,4871/58,P1/P2,false,pair:P1:P2:NE
59,179,4689/26,2239/26,P0/P1,false,pair:P0:P1:E
60,181,32639/178,15323/178,P1/P2,false,pair:P1:P2:NW
61,183,10205/54,4609/54,P0/P1,false,pair:P0:P1:NE
62,189,34559/178,16283/178,P0/P2,false,pair:P0:P2:NW
63,193,22715/114,10763/114,P0/P1,false,pair:P0:P1:NW
64,197,2023/10,4939/50,P1/P2,false,pair:P1:P2:E
65,201,4669/22,2161/22,P0/P1,false,pair:P0:P1:W
66,202,14817/70,1381/14,P0/P2,false,pair:P0:P2:NE
67,203,2537/12,593/6,P0/P1,false,pair:P0:P1:W
68,207,4767/22,6707/66,P0/P1,false,pair:P0:P1:N
69,209,13457/62,6413/62,P1/P2,false,pair:P1:P2:SE
70,212,6713/30,3077/30,P0/P2,false,pair:P0:P2:E
71,215,6829/30,3157/30,P1/P2,false,pair:P1:P2:SW
72,217,9511/42,4507/42,P0/P1,false,pair:P0:P1:S
73,225,18373/78,2883/26,P1/P2,false,pair:P1:P2:NW
74,228,29047/122,13699/122,P0/P1,false,pair:P0:P1:E
75,231,28609/118,13389/118,P0/P2,false,pair:P0:P2:NW
76,233,1493/6,221/2,P1/P2,false,pair:P1:P2:NW
77,235,10223/42,1601/14,P1/P2,false,pair:P1:P2:NW
78,236,31691/130,14843/130,P0/P1,false,pair:P0:P1:N
79,237,5367/22,1255/11,P1/P2,false,pair:P1:P2:NW
80,241,60737/246,28477/246,P1/P2,false,pair:P1:P2:N
81,242,22319/90,6217/54,P0/P1,false,pair:P0:P1:N
82,243,1555/6,326/3,P1/P2,false,pair:P1:P2:N
83,245,30607/122,14023/122,P1/P2,false,pair:P1:P2:NE
84,250,71369/278,32753/278,P0/P2,false,pair:P0:P2:E
85,253,43115/162,19363/162,P0/P1,false,pair:P0:P1:NW
86,257,25045/94,11517/94,P0/P1,false,pair:P0:P1:NW
87,261,23237/86,10875/86,P0/P1,false,pair:P0:P1:NE
88,265,15943/58,7403/58,P1/P2,false,pair:P1:P2:SE
89,268,145703/522,7463/58,P0/P2,false,pair:P0:P2:S
90,271,75997/270,35237/270,P1/P2,false,pair:P1:P2:W
91,272,164369/582,76057/582,P0/P1,false,pair:P0:P1:S
92,276,233111/810,107759/810,P1/P2,false,pair:P1:P2:W
93,279,132969/470,64337/470,P1/P2,false,pair:P1:P2:W
94,280,35151/122,115537/854,P0/P1,false,pair:P0:P1:W
95,283,41373/142,57583/426,P0/P1,false,pair:P0:P1:W
96,284,167333/574,78093/574,P1/P2,false,pair:P1:P2:S
97,287,251177/854,117585/854,P0/P1,false,pair:P0:P1:W
98,290,153787/514,71251/514,P0/P2,false,pair:P0:P2:S
99,292,256297/854,119633/854,P0/P1,false,pair:P0:P1:W
100,294,144853/478,68445/478,P1/P2,false,pair:P1:P2:SE
101,297,53143/170,23247/170,P1/P2,false,pair:P1:P2:SE
102,299,568953/1846,261537/1846,P0/P2,false,pair:P0:P2:N
103,300,319867/1026,47825/342,P1/P2,false,pair:P1:P2:SW
104,302,46847/154,6127/42,P1/P2,false,pair:P1:P2:SW
105,306,616525/1966,284437/1966,P1/P2,false,pair:P1:P2:W
106,308,529073/1670,243417/1670,P0/P1,false,pair:P0:P1:NE
107,311,100335/314,229603/1570,P0/P2,false,pair:P0:P2:NW
108,315,87299/274,41267/274,P0/P1,false,pair:P0:P1:E
109,317,22577/70,2101/14,P0/P1,false,pair:P0:P1:E
110,320,24047/74,33089/222,P0/P2,false,pair:P0:P2:N
111,324,520107/1570,47559/314,P0/P2,false,pair:P0:P2:NW
112,326,970373/2942,450669/2942,P0/P1,false,pair:P0:P1:NE
113,333,224841/662,103569/662,P0/P2,false,pair:P0:P2:SW
114,340,16173/46,22223/138,P1/P2,false,pair:P1:P2:NE
115,347,998425/2806,463809/2806,P0/P2,false,pair:P0:P2:E
116,350,367355/1026,19163/114,P1/P2,false,pair:P1:P2:SW
117,354,1697697/4646,783945/4646,P1/P2,false,pair:P1:P2:SW
118,357,9523/26,4493/26,P0/P1,false,pair:P0:P1:SE
119,362,289143/778,135607/778,P0/P2,false,pair:P0:P2:S
120,367,342361/886,151873/886,P0/P2,false,pair:P0:P2:SW
121,369,424119/1130,202671/1130,P0/P2,false,pair:P0:P2:SW
122,371,1205811/3154,562603/3154,P0/P1,false,pair:P0:P1:N
123,374,1844537/4790,848161/4790,P0/P1,false,pair:P0:P1:N
124,377,62315/162,556313/3078,P0/P2,false,pair:P0:P2:NW
125,384,1231559/3146,577695/3146,P0/P2,false,pair:P0:P2:NE
126,388,1761331/4434,821227/4434,P1/P2,false,pair:P1:P2:E
127,390,3019135/7578,157727/842,P0/P2,false,pair:P0:P2:NE
128,394,3114283/7714,208901/1102,P0/P2,false,pair:P0:P2:NE
129,398,176695/426,26261/142,P0/P2,false,pair:P0:P2:N
130,401,1910689/4646,884297/4646,P0/P1,false,pair:P0:P1:SW
131,404,1033685/2526,1460503/7578,P0/P2,false,pair:P0:P2:NW
132,410,170377/406,52543/266,P1/P2,false,pair:P1:P2:SW
133,412,675217/1606,321113/1606,P0/P1,false,pair:P0:P1:S
134,417,3503111/8138,125339/626,P0/P2,false,pair:P0:P2:S
135,418,2073913/4790,191341/958,P0/P1,false,pair:P0:P1:E
136,420,334199/778,157367/778,P0/P1,false,pair:P0:P1:E
137,423,63059/146,327257/1606,P1/P2,false,pair:P1:P2:S
138,427,3576839/8138,1653983/8138,P0/P1,false,pair:P0:P1:N
139,431,4674651/10562,2185811/10562,P0/P2,false,pair:P0:P2:NW
140,433,712081/1606,333401/1606,P0/P2,false,pair:P0:P2:N
141,436,6337843/14162,2961131/14162,P0/P1,false,pair:P0:P1:NE
142,437,1716977/3846,810713/3846,P0/P2,false,pair:P0:P2:W
143,443,8796307/19346,4128843/19346,P0/P1,false,pair:P0:P1:NE
144,445,33586185/73366,15713201/73366,P0/P2,false,pair:P0:P2:N
145,448,3615919/7866,566509/2622,P0/P2,false,pair:P0:P2:NE
146,451,7536581/16254,3542989/16254,P1/P2,false,pair:P1:P2:NE
147,454,15846947/33522,7214171/33522,P0/P1,false,pair:P0:P1:SE
148,457,996807/2122,466463/2122,P0/P1,false,pair:P0:P1:SE
149,462,5451725/11438,2526101/11438,P0/P2,false,pair:P0:P2:N
150,463,38893363/81746,2623485/11678,P0/P1,false,pair:P0:P1:E
151,468,57997961/120214,27163185/120214,P0/P2,false,pair:P0:P2:E
152,474,9586627/19634,4533243/19634,P0/P1,false,pair:P0:P1:E
153,477,59374217/120214,27753009/120214,P1/P2,false,pair:P1:P2:W
154,482,35114067/70162,16315403/70162,P1/P2,false,pair:P1:P2:SW
155,484,13510215/26954,6287903/26954,P0/P2,false,pair:P0:P2:SE
156,487,15943933/31694,7451077/31694,P0/P2,false,pair:P0:P2:E
157,491,58649557/116190,1837267/7746,P0/P2,false,pair:P0:P2:E
158,493,33095903/64986,5118589/21662,P1/P2,false,pair:P1:P2:SE
159,497,66582605/130478,31094677/130478,P0/P1,false,pair:P0:P1:E
160,504,84867031/162986,39622447/162986,P1/P2,false,pair:P1:P2:NE
161,506,14132807/26954,6566431/26954,P0/P1,false,pair:P0:P1:SW
162,510,93078289/177094,43614713/177094,P0/P1,false,pair:P0:P1:S
163,511,62662291/118674,29420107/118674,P0/P2,false,pair:P0:P2:SE
164,514,20948263/39562,9803007/39562,P0/P2,false,pair:P0:P2:SE
165,517,68578283/129186,32295779/129186,P0/P2,false,pair:P0:P2:SE
166,518,10887209/20310,1684123/6770,P0/P1,false,pair:P0:P1:E
167,522,136918747/255042,64403411/255042,P1/P2,false,pair:P1:P2:S
168,523,105459007/195610,49311447/195610,P0/P1,false,pair:P0:P1:SE
169,527,3683683/6770,1023581/4062,P0/P1,false,pair:P0:P1:E
170,528,128530225/235654,59421465/235654,P1/P2,false,pair:P1:P2:S
171,531,170999927/314474,80543951/314474,P1/P2,false,pair:P1:P2:S
172,535,201663095/366698,93774543/366698,P0/P2,false,pair:P0:P2:E
173,539,31261107/56914,14836331/56914,P0/P2,false,pair:P0:P2:NE
174,541,38162165/68766,5941119/22922,P0/P2,false,pair:P0:P2:NE
175,544,5500951/9770,27822021/107470,P1/P2,false,pair:P1:P2:W
176,549,106081975/186858,7132345/26694,P0/P2,false,pair:P0:P2:W
177,551,167028433/291398,77011897/291398,P0/P2,false,pair:P0:P2:SW
178,554,222013461/384862,103063709/384862,P0/P1,false,pair:P0:P1:SE
179,556,243984497/423942,38000499/141314,P1/P2,false,pair:P1:P2:SE
180,557,265955533/463022,124939285/463022,P0/P1,false,pair:P0:P1:SE
181,560,300363761/521478,4893677/17982,P1/P2,false,pair:P1:P2:S
182,563,880969447/1518858,413156543/1518858,P0/P1,false,pair:P0:P1:SE
183,567,133262559/226778,185435749/680334,P0/P1,false,pair:P0:P1:SE
184,570,175119745/298086,81762793/298086,P1/P2,false,pair:P1:P2:W
185,572,56216221/96654,8995703/32218,P0/P2,false,pair:P0:P2:S
186,576,524208439/887018,10753865/38566,P0/P1,false,pair:P0:P1:NE
187,578,464435563/784802,219282659/784802,P0/P2,false,pair:P0:P2:SW
188,579,287947191/482282,133291023/482282,P0/P1,false,pair:P0:P1:N
189,584,300392131/500402,140439035/500402,P1/P2,false,pair:P1:P2:S
190,588,403685733/664894,187331181/664894,P0/P2,false,pair:P0:P2:NE
191,592,389200049/635270,183029913/635270,P0/P1,false,pair:P0:P1:NE
192,595,72549687/119018,34638735/119018,P0/P1,false,pair:P0:P1:NE
193,597,208561837/337902,32355751/112634,P0/P1,false,pair:P0:P1:E
194,603,126932329/203478,59194385/203478,P0/P2,false,pair:P0:P2:SE
195,605,1257417831/2014730,589557311/2014730,P0/P1,false,pair:P0:P1:E
196,607,41569567/65370,18648503/65370,P0/P1,false,pair:P0:P1:E
197,611,1430221963/2271330,668904707/2271330,P1/P2,false,pair:P1:P2:S
198,616,1280486503/2014730,600043071/2014730,P0/P1,false,pair:P0:P1:W
199,618,573082985/903894,271010833/903894,P1/P2,false,pair:P1:P2:SE
200,620,321207377/500550,148403513/500550,P1/P2,false,pair:P1:P2:SE
201,627,1472165003/2271330,137555815/454266,P1/P2,false,pair:P1:P2:E
202,634,1537405355/2343714,240013921/781238,P0/P1,false,pair:P0:P1:N
203,636,2859983599/4345914,443477677/1448638,P1/P2,false,pair:P1:P2:NE
204,637,4512443105/6889638,708515011/2296546,P0/P1,false,pair:P0:P1:N
205,643,4501237155/6787058,2099085275/6787058,P0/P2,false,pair:P0:P2:E
206,645,1188146417/1794822,559326937/1794822,P0/P2,false,pair:P0:P2:E
207,650,1592016623/2381882,749510663/2381882,P0/P1,false,pair:P0:P1:SE
208,654,3855994215/5727242,1810962239/5727242,P0/P2,false,pair:P0:P2:NW
209,656,2215916861/3274062,1041501701/3274062,P0/P1,false,pair:P0:P1:SW
210,661,1812697729/2648678,841754345/2648678,P0/P2,false,pair:P0:P2:W
211,663,588281041/861766,1929546767/6032362,P0/P2,false,pair:P0:P2:W
212,667,3493448857/5044214,1616827073/5044214,P0/P1,false,pair:P0:P1:W
213,669,12161048793/17615222,5676392705/17615222,P0/P1,false,pair:P0:P1:W
214,674,1654931183/2381882,778870791/2381882,P0/P2,false,pair:P0:P2:SW
215,678,10553227559/15078026,4941170943/15078026,P1/P2,false,pair:P1:P2:W
216,681,4243796407/6032362,1984072719/6032362,P0/P2,false,pair:P0:P2:S
217,687,7489744909/10589230,3510893909/10589230,P0/P1,false,pair:P0:P1:S
218,690,1784964327/2507018,831273663/2507018,P1/P2,false,pair:P1:P2:E
219,692,10737776935/15078026,5025057023/15078026,P1/P2,false,pair:P1:P2:E
220,695,6475859525/9033342,1007391599/3011114,P0/P2,false,pair:P0:P2:SE
221,697,11470985807/16023674,5385658983/16023674,P0/P1,false,pair:P0:P1:W
222,702,10440323207/14467786,4888551263/14467786,P0/P1,false,pair:P0:P1:SW
223,705,4049158435/5559538,1879269211/5559538,P0/P1,false,pair:P0:P1:S
224,708,11638757967/16023674,5461156455/16023674,P0/P1,false,pair:P0:P1:S
225,709,7150574377/9811286,3342031825/9811286,P1/P2,false,pair:P1:P2:SE
226,715,13105175711/17914970,1236472075/3582994,P0/P2,false,pair:P0:P2:S
227,719,4690318855/6337482,2186543327/6337482,P0/P2,false,pair:P0:P2:SW
228,720,1351278829/1824110,628933429/1824110,P0/P1,false,pair:P0:P1:E
229,723,13272947871/17914970,6249469239/17914970,P0/P2,false,pair:P0:P2:S
230,725,1361764589/1824110,633127733/1824110,P0/P1,false,pair:P0:P1:E
231,729,12904754063/17244154,6036157863/17244154,P0/P2,false,pair:P0:P2:S
232,730,5419601339/7184770,2496084403/7184770,P0/P1,false,pair:P0:P1:N
233,734,13457497247/17914970,6333355319/17914970,P1/P2,false,pair:P1:P2:S
234,738,5327347905/7026662,7453582715/21079986,P1/P2,false,pair:P1:P2:W
235,739,25220159207/33205514,11757558975/33205514,P0/P1,false,pair:P0:P1:NE
236,743,28280671643/37041346,13174983827/37041346,P1/P2,false,pair:P1:P2:NW
237,746,14703445737/19162070,6862310801/19162070,P1/P2,false,pair:P1:P2:NW
238,748,1927975177/2509974,85037633/236790,P0/P2,false,pair:P0:P2:E
239,751,8454705281/11009638,3966381289/11009638,P0/P2,false,pair:P0:P2:E
240,755,1944752393/2509974,1513516327/4183290,P0/P2,false,pair:P0:P2:E
241,756,36520799087/47100730,17050601607/47100730,P0/P1,false,pair:P0:P1:SW
242,765,1793654077/2254158,4115455513/11270790,P1/P2,false,pair:P1:P2:NW
243,768,3975423899/5017794,5557863353/15053382,P0/P1,false,pair:P0:P1:W
244,777,12867689039/16023674,6023193191/16023674,P0/P1,false,pair:P0:P1:N
245,781,37461228127/46429914,17474824439/46429914,P0/P2,false,pair:P0:P2:SE
246,784,50244777973/62141086,23430486909/62141086,P1/P2,false,pair:P1:P2:S
247,787,4529406243/5559538,2101567323/5559538,P0/P1,false,pair:P0:P1:N
248,788,55676536561/68386566,8627866355/22795522,P0/P2,false,pair:P0:P2:SE
249,790,17097485909/21069022,8043325661/21069022,P0/P2,false,pair:P0:P2:SE
250,797,19830142419/24191762,1326665565/3455966,P0/P2,false,pair:P0:P2:S
251,799,24704302365/30111886,1666935987/4301698,P0/P1,false,pair:P0:P1:S
252,803,19981137363/24191762,9336990603/24191762,P1/P2,false,pair:P1:P2:S
253,805,54209563/65474,75882553/196422,P0/P1,false,pair:P0:P1:SW
254,806,8144854899/9803986,11341101697/29411958,P1/P2,false,pair:P1:P2:S
255,811,64935840289/77878310,6065159349/15575662,P0/P1,false,pair:P0:P1:W
256,814,22931897681/27314502,10697764409/27314502,P1/P2,false,pair:P1:P2:SE
257,817,24906089921/29717990,11751564329/29717990,P0/P1,false,pair:P0:P1:S
258,819,24191713149/28674766,33799296719/86024298,P0/P2,false,pair:P0:P2:E
259,824,16576143859/19503058,23212543489/58509174,P0/P2,false,pair:P0:P2:E
260,826,73246228087/86024298,11355910725/28674766,P0/P2,false,pair:P0:P2:E
261,828,44214833/51846,1088860973/2747838,P1/P2,false,pair:P1:P2:SW
262,834,9325438539/10885858,30680226133/76201006,P0/P1,false,pair:P0:P1:NW
263,835,128091499887/148799290,59607849607/148799290,P0/P2,false,pair:P0:P2:NE
264,837,125135256361/144848214,19408776859/48282738,P0/P1,false,pair:P0:P1:NW
265,840,171341281207/197799914,80043397647/197799914,P0/P1,false,pair:P0:P1:N
266,841,45190252039/52122570,63328817821/156367710,P0/P2,false,pair:P0:P2:SE
267,844,41939929967/48231226,19480914055/48231226,P0/P2,false,pair:P0:P2:SE
268,846,7196948385/8287526,10120727323/24862578,P0/P1,false,pair:P0:P1:NE
269,848,55142931385/63299254,77280359587/189897762,P0/P2,false,pair:P0:P2:SE
270,850,178705532587/204284194,83407180835/204284194,P0/P2,false,pair:P0:P2:E
271,852,166502535979/189897762,25939076833/63299254,P0/P2,false,pair:P0:P2:NE
272,854,6788435659/7732706,3174816067/7732706,P1/P2,false,pair:P1:P2:SE
273,861,8315963725/9397166,3905312917/9397166,P0/P2,false,pair:P0:P2:N
274,863,101290777361/114090950,47232754169/114090950,P0/P2,false,pair:P0:P2:N
275,866,214117354251/239861602,99858046851/239861602,P1/P2,false,pair:P1:P2:N
276,871,99486199213/110952942,139337214943/332858826,P1/P2,false,pair:P1:P2:W
277,872,102498736913/114090950,47635407353/114090950,P0/P1,false,pair:P0:P1:N
278,874,444545301757/493980622,207241817029/493980622,P0/P2,false,pair:P0:P2:W
279,879,73043352059/80560898,33952301043/80560898,P1/P2,false,pair:P1:P2:W
280,884,80654582345/88599574,113044744147/265798722,P0/P1,false,pair:P0:P1:NE
281,886,35836809385/38913622,16258686289/38913622,P0/P1,false,pair:P0:P1:NE
282,889,143355384341/156367710,66818478749/156367710,P0/P1,false,pair:P0:P1:NE
283,893,46337747211/50295650,280757440423/653843450,P0/P2,false,pair:P0:P2:E
284,895,102903865721/111372598,47975580321/111372598,P0/P1,false,pair:P0:P1:E
285,899,334895281265/361537542,17401277393/40170838,P1/P2,false,pair:P1:P2:NE
286,902,607989678357/655668574,286072035741/655668574,P0/P1,false,pair:P0:P1:NW
287,903,625363350903/670730858,291573425615/670730858,P1/P2,false,pair:P1:P2:N
288,906,1102364170715/1181439554,1543367202937/3544318662,P0/P1,false,pair:P0:P1:NW
289,908,2056365810339/2202856946,960220351707/2202856946,P1/P2,false,pair:P1:P2:N
290,911,1712421002777/1826091254,2394977607875/5478273762,P0/P2,false,pair:P0:P2:NW
291,914,376605178169/400629686,3346363746099/7611964034,P0/P1,false,pair:P0:P1:W
292,924,2116075925009/2221569478,990309575929/2221569478,P0/P1,false,pair:P0:P1:NE
293,925,132797179037/138884494,132055258621/297609630,P1/P2,false,pair:P1:P2:W
294,929,1924634248995/2007202034,896271418715/2007202034,P0/P2,false,pair:P0:P2:N
295,930,12585251895323/13142139842,5883664407315/13142139842,P1/P2,false,pair:P1:P2:SW
296,931,4886714899343/5113331706,2298578732455/5113331706,P0/P2,false,pair:P0:P2:N
297,934,2869077657937/2983203142,1338449893945/2983203142,P0/P2,false,pair:P0:P2:N
298,937,12662561306651/13142139842,455232626591/1010933834,P1/P2,false,pair:P1:P2:SW
299,941,485689325781/501427166,2493810761983/5515698826,P0/P1,false,pair:P0:P1:N
300,945,3482323546357/3597559966,233632183899/513937138,P0/P1,false,pair:P0:P1:N
301,952,5188138583887/5288717946,808199088077/1762905982,P0/P2,false,pair:P0:P2:NE
302,953,12238685022521/12483837878,5729807577185/12483837878,P0/P1,false,pair:P0:P1:S
303,958,12980388886555/13142139842,6068348001043/13142139842,P0/P1,false,pair:P0:P1:SE
304,962,17792057791411/17964018258,8317072370795/17964018258,P1/P2,false,pair:P1:P2:NE
305,964,1877282759789/1889276526,2623055989279/5667829578,P0/P1,false,pair:P0:P1:SE
306,966,5577095920321/5618340838,7848506483579/16855022514,P0/P2,false,pair:P0:P2:E
307,973,13580974447639/13567217194,6365216832879/13567217194,P1/P2,false,pair:P1:P2:SE
308,974,33329328078623/33269947226,15605345541047/33269947226,P0/P1,false,pair:P0:P1:E
309,977,4603638746819/4572930738,15039962024413/32010515166,P1/P2,false,pair:P1:P2:SW
310,979,20454873334709/20312629534,9566895222077/20312629534,P1/P2,false,pair:P1:P2:W
311,983,28620712973409/28274829734,40148119890779/84824489202,P0/P1,false,pair:P0:P1:NE
312,985,10833449711559/10670171722,5059133659295/10670171722,P1/P2,false,pair:P1:P2:NW
313,987,13457995707717/13245943934,6292864565581/13245943934,P1/P2,false,pair:P1:P2:NW
314,989,19402583635747/19073014002,104143863965/219230046,P1/P2,false,pair:P1:P2:NW
315,990,60044509955663/58909853818,28071219252839/58909853818,P0/P1,false,pair:P0:P1:NE
316,993,73775379771443/72296170834,34528188013803/72296170834,P0/P1,false,pair:P0:P1:NE
317,995,126030852434607/123140318906,58882208430535/123140318906,P0/P2,false,pair:P0:P2:W
318,998,22322854245443/21791626162,10438207342459/21791626162,P0/P2,false,pair:P0:P2:W
319,1003,2384945926289/2317006022,27872776906449/57925150550,P1/P2,false,pair:P1:P2:W
320,1005,44771544799299/43423542194,20846102088571/43423542194,P1/P2,false,pair:P1:P2:W
321,1012,88462635744361/84994290902,41345291652881/84994290902,P0/P2,false,pair:P0:P2:SW
322,1015,156197196663395/149869855858,73052756105883/149869855858,P0/P1,false,pair:P0:P1:N
323,1022,173364075646677/164711067614,81099384913245/164711067614,P1/P2,false,pair:P1:P2:SW
324,1023,184609635934927/175266095994,9578436338543/19474010666,P0/P1,false,pair:P0:P1:W
325,1026,6706291705399/6305314538,3075651224719/6305314538,P0/P1,false,pair:P0:P1:NW
326,1028,278377563054917/263070704766,129976338767693/263070704766,P0/P2,false,pair:P0:P2:SW
327,1031,51910020979969/48754293094,72290016364603/146262879282,P1/P2,false,pair:P1:P2:W
328,1034,590405062194233/554801504694,275832226706273/554801504694,P0/P2,false,pair:P0:P2:NW
329,1039,1730006087137/1616118438,2424965374939/4848355314,P0/P1,false,pair:P0:P1:NW
330,1041,70618740383047/65787975498,10971357948085/21929325166,P0/P2,false,pair:P0:P2:SE
331,1043,432913829780225/404132441446,203243904916329/404132441446,P0/P2,false,pair:P0:P2:SE
332,1047,587569254144505/544520760374,274616465780513/544520760374,P1/P2,false,pair:P1:P2:E
333,1051,418611508292727/387048305770,589033197362797/1161144917310,P0/P2,false,pair:P0:P2:SE
334,1053,601949934285881/554801504694,281604662752097/554801504694,P1/P2,false,pair:P1:P2:SE
335,1054,913343183355049/839791103574,141741734273819/279930367858,P0/P1,false,pair:P0:P1:E
336,1057,1785727608342871/1642566817194,835048766819503/1642566817194,P0/P1,false,pair:P0:P1:E
337,1058,2779766808287091/2554461317330,1300074235442731/2554461317330,P1/P2,false,pair:P1:P2:E
338,1061,1367996428530509/1258160562094,643661590950549/1258160562094,P0/P1,false,pair:P0:P1:SE
339,1065,1478685681143803/1352785643266,692649147704819/1352785643266,P0/P2,false,pair:P0:P2:SE
340,1068,1374593498297165/1258160562094,646960125833877/1258160562094,P1/P2,false,pair:P1:P2:NW
341,1074,203765261040659/184933834898,285727831356257/554801504694,P1/P2,false,pair:P1:P2:SW
342,1076,5353227018659/4848355314,277553313219/538706146,P0/P1,false,pair:P0:P1:SW
343,1079,1475900082219613/1337167134734,692383919999013/1337167134734,P1/P2,false,pair:P1:P2:S
344,1081,6280368515575531/5679526865570,2944039287182947/5679526865570,P0/P1,false,pair:P0:P1:SW
345,1082,3328568351136305/3005192596102,1559271447184921/3005192596102,P1/P2,false,pair:P1:P2:S
346,1087,8941291553613669/8037834844478,4199888508653677/8037834844478,P0/P1,false,pair:P0:P1:SE
347,1090,10060173888915273/8986940107286,4690909855597809/8986940107286,P0/P2,false,pair:P0:P2:E
348,1095,17469965032298923/15588539216674,8193251414204195/15588539216674,P0/P1,false,pair:P0:P1:SE
349,1098,19743408594055373/17594478207150,9273645453749269/17594478207150,P0/P1,false,pair:P0:P1:SE
350,1103,288718562847145/256497269846,137010507325009/256497269846,P1/P2,false,pair:P1:P2:W
351,1105,7142322502792797/6301882976270,3338276184847397/6301882976270,P1/P2,false,pair:P1:P2:W
352,1112,20007291384721613/17594478207150,9396790756060181/17594478207150,P0/P1,false,pair:P0:P1:NE
353,1116,1004870035846323/878967312466,471797915694443/878967312466,P0/P2,false,pair:P0:P2:SE
354,1118,10035400970985365/8774416161886,4716342327434269/8774416161886,P0/P1,false,pair:P0:P1:N
355,1122,19911655203549631/17274225796890,1861255939239083/3454845159378,P0/P2,false,pair:P0:P2:SW
356,1126,9419870942755647/8144096817178,4415870691312855/8144096817178,P0/P2,false,pair:P0:P2:SW
357,1130,19174810484376553/16562800161238,9028515085476497/16562800161238,P0/P1,false,pair:P0:P1:N
358,1136,7111675226305535/6082828913818,3339466021718935/6082828913818,P0/P1,false,pair:P0:P1:SE
359,1140,62640531035112101/53349617861822,29396632902270381/53349617861822,P1/P2,false,pair:P1:P2:NW
360,1145,3379989506905291/2846728757730,522878234058689/948909585910,P1/P2,false,pair:P1:P2:W
361,1147,6345211517725855/5368221252698,2978560817071415/5368221252698,P1/P2,false,pair:P1:P2:W
362,1158,64012721546576549/53349617861822,30065135971958189/53349617861822,P1/P2,false,pair:P1:P2:SE
363,1164,25119376938489257/20773230593110,2360703776239325/4154646118622,P0/P1,false,pair:P0:P1:S
364,1167,38631875475673129/31876732851030,6050297567890843/10625577617010,P1/P2,false,pair:P1:P2:W
365,1168,42776384004309073/35248106011462,20060289918855481/35248106011462,P0/P1,false,pair:P0:P1:SW
366,1172,43534482132261671/35797319065226,20471429510601471/35797319065226,P0/P2,false,pair:P0:P2:SW
367,1173,48270677127238535/39633546458314,22622847774702175/39633546458314,P1/P2,false,pair:P1:P2:NW
368,1178,26262393279217881/21427239127414,12319573074026753/21427239127414,P0/P2,false,pair:P0:P2:E
369,1180,45463250730798119/37061424227466,21347743798621183/37061424227466,P0/P1,false,pair:P0:P1:W
370,1184,3068732502126029/2500355419822,4338987255403327/7501066259466,P0/P2,false,pair:P0:P2:NE
371,1186,141024171613673/114736680406,465186593708023/803156762842,P0/P1,false,pair:P0:P1:S
372,1191,25102860805418371/20245973492530,11751751314981563/20245973492530,P1/P2,false,pair:P1:P2:NE
373,1195,21156072498295615/17050250919962,10010053589187799/17050250919962,P0/P1,false,pair:P0:P1:W
374,1198,2352915342052699/1876693932866,1088588634985043/1876693932866,P0/P1,false,pair:P0:P1:NW
375,1199,14407851697552979/11563157521938,2265647629929817/3854385840646,P0/P2,false,pair:P0:P2:S
376,1202,23379618836455823/18655923872762,10929717254273959/18655923872762,P0/P1,false,pair:P0:P1:NE
377,1205,72276587783441989/57542197905022,34006137428394573/57542197905022,P1/P2,false,pair:P1:P2:SW
378,1209,23984420399152117/19049530444446,3756382680918655/6349843481482,P0/P1,false,pair:P0:P1:SE
379,1211,24147170514612353/19153032789606,11342135272664297/19153032789606,P1/P2,false,pair:P1:P2:SE
380,1212,46045053201252571/36511808086082,65018933591381369/109535424258246,P0/P1,false,pair:P0:P1:S
381,1221,127397549775432139/100053827223522,19925594601914049/33351275741174,P0/P1,false,pair:P0:P1:E
382,1222,14434195187520827/11356152831618,6809298104372531/11356152831618,P1/P2,false,pair:P1:P2:SW
383,1224,24411053305278593/19153032789606,3821760191658403/6384344263202,P0/P2,false,pair:P0:P2:SE
384,1230,582329123879041/454640496230,5205938156039499/8638169428370,P1/P2,false,pair:P1:P2:N
385,1233,164561072721494809/127999723417334,77333582948830529/127999723417334,P0/P1,false,pair:P0:P1:S
386,1244,42091745734487645/32509283719182,19956577906600997/32509283719182,P1/P2,false,pair:P1:P2:NW
387,1246,52576620029605369/40430068831286,24778803226618657/40430068831286,P0/P2,false,pair:P0:P2:SE
388,1249,38118850570762765/29253759766574,17924497051203413/29253759766574,P1/P2,false,pair:P1:P2:NW
389,1252,1625787675860077/1245558170222,14497343963495791/23665605234218,P0/P2,false,pair:P0:P2:SW
390,1254,4966194175761269/3796146804638,20983636096778981/34165321241742,P0/P1,false,pair:P0:P1:S
391,1257,64115453766787615/48986133368154,30184118699505335/48986133368154,P1/P2,false,pair:P1:P2:W
392,1258,5611087194191379/4278032268434,2632288992265675/4278032268434,P0/P2,false,pair:P0:P2:S
393,1269,342533393250471049/258480920117654,161206695608200241/258480920117654,P1/P2,false,pair:P1:P2:NE
394,1273,435125538124639673/326929436412598,204449219391293665/326929436412598,P0/P2,false,pair:P0:P2:N
395,1274,858668556193841569/644894653247782,404066502627586825/644894653247782,P0/P1,false,pair:P0:P1:SW
396,1276,6037992670298039/4538183999466,19936167415756393/31767287996262,P0/P1,false,pair:P0:P1:SW
397,1281,78620289278554933/58750649667102,36956634534652093/58750649667102,P1/P2,false,pair:P1:P2:NW
398,1282,1117330797927151015/835498381225354,526216781912521087/835498381225354,P0/P2,false,pair:P0:P2:SE
399,1283,173887326584491819/130490585220130,82737167496695971/130490585220130,P1/P2,false,pair:P1:P2:NW
400,1287,83960515857990669/62536386645038,39414689647513941/62536386645038,P1/P2,false,pair:P1:P2:W
401,1291,1035033837211142587/769967426537858,487118006573274547/769967426537858,P0/P1,false,pair:P0:P1:SE
402,1293,390294494603734833/289967511357574,183591754955596569/289967511357574,P1/P2,false,pair:P1:P2:SW
403,1296,445034822339440647/329729124208586,208865828617513695/329729124208586,P0/P1,false,pair:P0:P1:SW
404,1301,833590289559726285/615379230060718,392438717492143125/615379230060718,P1/P2,false,pair:P1:P2:E
405,1302,733232153402911677/541455379950670,69131447807991425/108291075990134,P0/P2,false,pair:P0:P2:SW
406,1304,420615287914580617/309747717109142,197766810272750129/309747717109142,P1/P2,false,pair:P1:P2:SE
407,1308,965735314860387725/710425607935278,455268701965391573/710425607935278,P0/P1,false,pair:P0:P1:SW
408,1309,103200751201682867/75842016581202,113294928614370383/176964705356138,P1/P2,false,pair:P1:P2:S
409,1314,120245159511591907/87856125943154,56090098754287643/87856125943154,P0/P1,false,pair:P0:P1:W
410,1318,607503392536667311/443609314280122,286010469711676359/443609314280122,P0/P1,false,pair:P0:P1:S
411,1324,426244787448793737/309747717109142,200581560039856689/309747717109142,P0/P2,false,pair:P0:P2:SE
412,1326,317060898833153945/230109854714358,149319935265988033/230109854714358,P0/P2,false,pair:P0:P2:SE
413,1329,244836227470112759/176964705356138,345514285377324269/530894116068414,P0/P2,false,pair:P0:P2:E
414,1333,983468238393159053/710425607935278,463712951266711253/710425607935278,P0/P1,false,pair:P0:P1:NW
415,1337,119881890694440253/86297981113678,56388823161024005/86297981113678,P1/P2,false,pair:P1:P2:NE
416,1341,64033453646387189/45907701199518,30150654518262653/45907701199518,P1/P2,false,pair:P1:P2:N
417,1344,562172704779536915/402705816941714,264490118890076619/402705816941714,P1/P2,false,pair:P1:P2:N
418,1351,812405895668235989/577470911451102,4395596591669099/6637596683346,P0/P2,false,pair:P0:P2:N
419,1353,712595744451357183/506582496759962,47978162569608689/72368928108566,P0/P2,false,pair:P0:P2:N
420,1357,1855518502473334309/1311994130643390,873271625068733741/1311994130643390,P0/P1,false,pair:P0:P1:N
421,1365,239544766796265763/168398903829746,113588129790216027/168398903829746,P0/P1,false,pair:P0:P1:NE
422,1366,910133390666767107/637012730053682,427214057011784763/637012730053682,P0/P2,false,pair:P0:P2:N
423,1369,558010971404856935/390412063476234,87705356485918741/130137354492078,P0/P2,false,pair:P0:P2:NW
424,1373,62798957495058843/43642400894146,29400064111935635/43642400894146,P0/P2,false,pair:P0:P2:W
425,1378,1072400776077280417/744525399270182,1513826478164462107/2233576197810546,P1/P2,false,pair:P1:P2:S
426,1379,1447410490098765371/1004800108254338,185869292427940459/274036393160274,P0/P2,false,pair:P0:P2:NW
427,1384,2607149044580882959/1798147856901882,1218396374826723367/1798147856901882,P1/P2,false,pair:P1:P2:S
428,1388,6827570811240178219/4711557934683682,3215306350471781283/4711557934683682,P0/P1,false,pair:P0:P1:SW
429,1395,12820264661531707/8788924868738,11210135089457393/16322289041942,P0/P1,false,pair:P0:P1:SE
430,1397,4205991757915288123/2883461561986178,1982289218589405747/2883461561986178,P0/P1,false,pair:P0:P1:SE
431,1399,6167385888559119187/4230652792624146,2915764054861671691/4230652792624146,P0/P2,false,pair:P0:P2:SW
432,1400,4368592677521393733/2992724191552126,2059390344656718925/2992724191552126,P0/P1,false,pair:P0:P1:E
433,1406,11525799165796740977/7826948506427910,361340719928378391/521796567095194,P1/P2,false,pair:P1:P2:S
434,1408,10513861847479229821/7136156934340302,1652835575923376151/2378718978113434,P1/P2,false,pair:P1:P2:S
435,1410,13350217498784065655/9030666027555946,6287550091466576079/9030666027555946,P0/P2,false,pair:P0:P2:SE
436,1412,1696355441900098873/1147920021145526,4008697476933447141/5739600105727630,P0/P1,false,pair:P0:P1:SW
437,1416,9205041624395554867/6203458125243730,4327627147096050923/6203458125243730,P0/P2,false,pair:P0:P2:NE
438,1421,5183517667721229917/3476796761278478,2441465150831899685/3476796761278478,P0/P1,false,pair:P0:P1:E
439,1423,170513905291386681/114355005408182,80487136627938913/114355005408182,P0/P2,false,pair:P0:P2:SW
440,1425,820413914135336207/548510986971386,384312368716225319/548510986971386,P0/P2,false,pair:P0:P2:SW
441,1431,7962722708004087373/5304893133975982,3751043476379573653/5304893133975982,P0/P2,false,pair:P0:P2:SE
442,1436,3012732011633158157/2002377979552814,1418957802531706197/2002377979552814,P0/P1,false,pair:P0:P1:S
443,1440,14889552494527643667/9859650870638738,7000826993719844811/9859650870638738,P1/P2,false,pair:P1:P2:N
444,1441,41315396009686718857/27378945501687702,19463095723108991281/27378945501687702,P0/P2,false,pair:P0:P2:SE
445,1442,11536291020631431523/7659643760410226,5461441735669301659/7659643760410226,P1/P2,false,pair:P1:P2:N
446,1450,34844290722863587669/22917896618168030,16331026921326171101/22917896618168030,P0/P1,false,pair:P0:P1:E
447,1453,13310453084094318675/8743718608536082,6263565395060736523/8743718608536082,P1/P2,false,pair:P1:P2:N
448,1455,49491364624311015983/32473476261385146,23294367880828482887/32473476261385146,P0/P2,false,pair:P0:P2:E
449,1460,229384941196369595/150280910989186,10067387601706838791/13976124721994298,P0/P1,false,pair:P0:P1:S
450,1461,2360381892947023277/1543581539299822,14449962402286820209/20066560010897686,P0/P2,false,pair:P0:P2:NE
451,1467,49851652594500655663/32473476261385146,23456497467413820743/32473476261385146,P0/P2,false,pair:P0:P2:N
452,1469,42072000747084962185/27378945501687702,19814376494043889969/27378945501687702,P1/P2,false,pair:P1:P2:NE
453,1478,2394491945227742225/1545353886378438,1126466118256909049/1545353886378438,P0/P1,false,pair:P0:P1:S
454,1483,6825321766995406421/4390844947627230,357163755980468021/487871660847470,P1/P2,false,pair:P1:P2:E
455,1486,13627252923297623227/8759647315524482,6422537348857819315/8759647315524482,P0/P2,false,pair:P0:P2:SW
456,1489,14510604288045381223/9309649093081610,6831027561414150207/9309649093081610,P0/P1,false,pair:P0:P1:W
457,1491,9260626734524273219/5924475059718066,1449783810127824681/1974825019906022,P0/P2,false,pair:P0:P2:SW
458,1493,23474511539056965889/15016114410660198,11063856326376106345/15016114410660198,P0/P1,false,pair:P0:P1:NW
459,1495,9283918665304810615/5932439413212266,4365787012498828495/5932439413212266,P0/P1,false,pair:P0:P1:NW
460,1499,33143476455309200707/21122478406551986,15605403080753170555/21122478406551986,P0/P2,false,pair:P0:P2:SW
461,1500,12967097098047378721/8261695050921510,407090242052082663/550779670061434,P1/P2,false,pair:P1:P2:E
462,1504,18065556452704276333/11473535397344366,8486617874683100085/11473535397344366,P0/P2,false,pair:P0:P2:S
463,1506,51934945901999976905/32971428525988118,24430206731086492529/32971428525988118,P0/P2,false,pair:P0:P2:S
464,1508,1459169391828709995/930051714109346,4871132751014471989/6510361998765422,P0/P1,false,pair:P0:P1:W
465,1512,52115089887094796745/32971428525988118,24502264325124420465/32971428525988118,P0/P2,false,pair:P0:P2:S
466,1516,40805523030913419823/25765060974982074,6405264913224207469/8588353658327358,P1/P2,false,pair:P1:P2:S
467,1518,14694280580298582205/9273528287115854,6924714618495704453/9273528287115854,P0/P1,false,pair:P0:P1:W
468,1520,6755989596522899411/4267167846338322,1066716096410434009/1422389282112774,P1/P2,false,pair:P1:P2:S
469,1522,39743766360899250583/25025561159020330,3756184089822167395/5005112231804066,P1/P2,false,pair:P1:P2:SW
470,1524,13768191410696693101/8631444958902382,6440884366373765557/8631444958902382,P1/P2,false,pair:P1:P2:SW
471,1528,9974836509329632495/6249851195870266,4702259848150050311/6249851195870266,P0/P2,false,pair:P0:P2:NW
472,1536,3673135137201664361/2281771420324566,1727143380659604497/2281771420324566,P0/P1,false,pair:P0:P1:W
473,1539,10154454388718948257/6300335012578598,23927213916722656557/31501675062892990,P1/P2,false,pair:P1:P2:NE
474,1541,55619635651732690285/34441181989083246,26122149847076139445/34441181989083246,P0/P2,false,pair:P0:P2:NW
475,1547,8871201537622002137/5480688076136310,1946577619275229833/2557654435530278,P0/P2,false,pair:P0:P2:N
476,1548,68942067998771598039/42588490115571370,32415303919254254127/42588490115571370,P0/P1,false,pair:P0:P1:SW
477,1551,53973899533862954617/33349209923348278,25467630163293949857/33349209923348278,P0/P2,false,pair:P0:P2:N
478,1553,104191607891343155055/64162042143435578,48931089563075632263/64162042143435578,P0/P1,false,pair:P0:P1:SW
479,1556,117938485057716702835/72632048565113554,55559132968652850475/72632048565113554,P0/P1,false,pair:P0:P1:SW
480,1560,25366198178995732917/15557477359113502,11928314225266613053/15557477359113502,P0/P1,false,pair:P0:P1:S
481,1564,3107069259602422473/1904964104720150,3809713553296189529/4952906672272390,P0/P2,false,pair:P0:P2:W
482,1567,25456270171543142837/15557477359113502,11964343022285577021/15557477359113502,P0/P1,false,pair:P0:P1:S
483,1569,43452546769762003655/26504560790943818,20371244970613687199/26504560790943818,P0/P2,false,pair:P0:P2:NW
484,1572,34328667409158940181/20946242281665374,16171120328248542877/20946242281665374,P0/P2,false,pair:P0:P2:NW
485,1575,71183546991115987021/43361930804903342,33529252371145142165/43361930804903342,P1/P2,false,pair:P1:P2:N
486,1579,20107620974405760675/12211345090733554,9456281213773938907/12211345090733554,P0/P1,false,pair:P0:P1:NW
487,1580,158737158876981345755/96371052386790978,24865333828514397425/32123684128930326,P1/P2,false,pair:P1:P2:NW
488,1581,38091433030546781705/23102981842389654,5952771400966519611/7700993947463218,P0/P1,false,pair:P0:P1:NW
489,1583,29841217963090271697/18119034379353158,14055823196733735609/18119034379353158,P0/P1,false,pair:P0:P1:NW
490,1590,159818022787550264795/96371052386790978,8348492604536405755/10707894709643442,P0/P2,false,pair:P0:P2:NW
491,1591,79715984781395759259/48032218991847106,37454728874779355027/48032218991847106,P1/P2,false,pair:P1:P2:S
492,1596,114190722133957695/68663115617818,591028433658189885/755294271795998,P0/P2,false,pair:P0:P2:SW
493,1598,4256674207837713983/2556772309103130,666314160449442461/852257436367710,P0/P2,false,pair:P0:P2:SW
494,1599,124224557437574335019/74614214919882274,58506571064337122211/74614214919882274,P1/P2,false,pair:P1:P2:SE
495,1604,201314642048932612063/120508356509259738,31574285591754750845/40169452169753246,P0/P2,false,pair:P0:P2:S
496,1607,125301553733857533455/74774841102483194,58750142824851344423/74774841102483194,P1/P2,false,pair:P1:P2:S
497,1609,155333606921971210547/92655814162144082,72971668151950437867/92655814162144082,P0/P1,false,pair:P0:P1:NW
498,1613,165343610366878761319/98502424557460490,77857676807121898303/98502424557460490,P1/P2,false,pair:P1:P2:W
499,1617,144542808254965188909/85838566519043822,68015225046164974453/85838566519043822,P0/P2,false,pair:P0:P2:N
500,1620,79320518606896131939/46922298755367538,36998954201537529755/46922298755367538,P0/P2,false,pair:P0:P2:N
501,1621,111946793653542301355/66544184965075234,52940231559659158563/66544184965075234,P0/P1,false,pair:P0:P1:NE
502,1622,196096239495371717771/116383397617121378,92439490104410631427/116383397617121378,P1/P2,false,pair:P1:P2:NW
503,1627,60916398045965349179/36042654933698178,200459235106769961061/252298584535887246,P0/P1,false,pair:P0:P1:N
504,1629,248087758470566917593/146311515943085942,116602508012560211457/146311515943085942,P0/P1,false,pair:P0:P1:N
505,1631,427855938202516002973/252298584535887246,67011898619691128183/84099528178629082,P0/P1,false,pair:P0:P1:N
506,1633,545434831056574813697/321638164516319078,256324456762258067049/321638164516319078,P1/P2,false,pair:P1:P2:NW
507,1639,321829474125641922731/188549794586168610,150732224019091461667/188549794586168610,P0/P1,false,pair:P0:P1:NE
508,1642,203848496152578826253/119537719261475886,96093574205408808277/119537719261475886,P0/P2,false,pair:P0:P2:NW
509,1644,107660798543416256569/62849931528722870,10087245651426325677/12569986305744574,P0/P1,false,pair:P0:P1:NW
510,1646,407273908628244741391/238227797048072442,192237616996074193703/238227797048072442,P0/P1,false,pair:P0:P1:W
511,1654,271194255118527097327/157234460831455802,127175165939784149767/157234460831455802,P0/P2,false,pair:P0:P2:E
512,1659,956003487140636594413/552696718710984046,449470252637159610677/552696718710984046,P0/P1,false,pair:P0:P1:E
513,1660,272491291811209800175/157234460831455802,127607511504011717383/157234460831455802,P1/P2,false,pair:P1:P2:E
514,1665,207091087884285583373/119537719261475886,32583632956093716935/39845906420491962,P0/P2,false,pair:P0:P2:NW
515,1668,558837543547629409793/321638164516319078,262809640225671581289/321638164516319078,P1/P2,false,pair:P1:P2:SE
516,1670,21906859197680476581/12569986305744574,51300919385586763617/62849931528722870,P0/P2,false,pair:P0:P2:NW
517,1672,89779011901719135299/51586730757075890,42233758727172757371/51586730757075890,P1/P2,false,pair:P1:P2:SE
518,1674,132088997212299607273/75886258878457814,62196745182020354961/75886258878457814,P0/P2,false,pair:P0:P2:W
519,1681,69702900172449188527/39845906420491962,98759705184812141909/119537719261475886,P0/P2,false,pair:P0:P2:SW
520,1685,1154389378535142695/660480062487178,549619543921100031/660480062487178,P1/P2,false,pair:P1:P2:SW
521,1686,414458990011658750789/235420920834479230,193988868918173992781/235420920834479230,P0/P1,false,pair:P0:P1:W
522,1687,266697149559160485829/150879472836120446,123637567296273188813/150879472836120446,P1/P2,false,pair:P1:P2:SW
523,1692,719674023244962779583/408331479416792858,339476954971399159639/408331479416792858,P1/P2,false,pair:P1:P2:SW
524,1700,372272736244998837707/210060305892804578,175408775949017630787/210060305892804578,P0/P2,false,pair:P0:P2:W
525,1702,472528863433127422369/265759766158139686,221445619994464508681/265759766158139686,P0/P2,false,pair:P0:P2:SW
526,1704,210549313836668756501/118412179470637918,99006579675851596445/118412179470637918,P0/P1,false,pair:P0:P1:SE
527,1705,118415832306802130017/66671783261575590,18615664542733162819/22223927753858530,P0/P2,false,pair:P0:P2:S
528,1708,1267590475877469510063/710764921666789562,594814166845646323911/710764921666789562,P1/P2,false,pair:P1:P2:W
529,1713,1277431664707385277763/716378674093975986,201139112933272873001/238792891364658662,P0/P1,false,pair:P0:P1:S
530,1715,929520284364674896337/520404896525218886,437306877334780008121/520404896525218886,P0/P1,false,pair:P0:P1:S
531,1721,765826980622440201943/426892539239884458,119977968947587858277/142297513079961486,P0/P2,false,pair:P0:P2:SW
532,1722,1938194337861121010465/1079464244705458726,911249078160186996873/1079464244705458726,P0/P1,false,pair:P0:P1:W
533,1728,4549414113298886959457/2523223359621158822,2133951645747307755721/2523223359621158822,P0/P2,false,pair:P0:P2:SW
534,1732,4335874334056665812127/2401455913146874970,407668709629891551499/480291182629374994,P1/P2,false,pair:P1:P2:N
535,1735,3357583798184629860701/1859649887427836430,1585215328516110364453/1859649887427836430,P1/P2,false,pair:P1:P2:NW
536,1737,7023168045049765494713/3872825313716549302,3291201241127742352097/3872825313716549302,P0/P2,false,pair:P0:P2:NW
537,1741,6044430223323004197427/3325130959831384402,2827472387715639777003/3325130959831384402,P0/P1,false,pair:P0:P1:S
538,1743,15121280004719734196401/8320714828992704902,7102985621087540156569/8320714828992704902,P0/P2,false,pair:P0:P2:NW
539,1747,1690085797229412620677/930086512577200638,799320913226455326605/930086512577200638,P0/P2,false,pair:P0:P2:N
540,1750,2914502208689801143431/1598650716236282570,1373994716027214607199/1598650716236282570,P0/P1,false,pair:P0:P1:SE
541,1751,9967923037529791953047/5464516352367929642,4696657950882403102191/5464516352367929642,P0/P2,false,pair:P0:P2:N
542,1754,3922478066359823484827/2146978080360255682,1848775251561181492883/2146978080360255682,P0/P2,false,pair:P0:P2:N
543,1757,88619822103664299399/48358551790866634,4715104694956112653807/5464516352367929642,P0/P2,false,pair:P0:P2:N
544,1761,3945536496451960424347/2146978080360255682,1857998623598036268691/2146978080360255682,P0/P2,false,pair:P0:P2:N
545,1764,10060156757898339711127/5464516352367929642,4733551439029822205423/5464516352367929642,P0/P2,false,pair:P0:P2:N
546,1768,3008644771259601722863/1624979737977147962,1410193125518894120711/1624979737977147962,P0/P2,false,pair:P0:P2:NW
547,1771,1616235638674237179655/869461944589171146,250102084111581486581/289820648196390382,P0/P2,false,pair:P0:P2:NW
548,1773,8186373307513622308159/4420519667601714202,3837940442871537909463/4420519667601714202,P0/P2,false,pair:P0:P2:NW
549,1775,2153189009156209018287/1160884900396165306,3032544495997951567445/3482654701188495918,P1/P2,false,pair:P1:P2:W
550,1780,23033509797803072473115/12419636502983607234,1209363965172571463995/1379959611442623026,P0/P2,false,pair:P0:P2:SW
551,1787,9325089158583197500405/5012594867981253278,401277124336864191383/455690442543750298,P1/P2,false,pair:P1:P2:NW
552,1788,13520421049252999607531/7248895759412645538,19094259958522576938281/21746687278237936614,P0/P2,false,pair:P0:P2:SE
553,1789,6687641128146013592183/3575317453459769450,3128626591128896279247/3575317453459769450,P1/P2,false,pair:P1:P2:W
554,1794,1998495404183019311715/1067876033272886386,2813850377638162376657/3203628099818659158,P1/P2,false,pair:P1:P2:S
555,1795,26450448515888642348585/14158560392161949526,1782445987370168550503/2022651484594564218,P0/P1,false,pair:P0:P1:NE
556,1798,24045743334487045036997/12857128482140055422,11373287759742714563533/12857128482140055422,P0/P2,false,pair:P0:P2:E
557,1801,16009373700832775133623/8541580945305385962,7545362457471631295503/8541580945305385962,P0/P1,false,pair:P0:P1:N
558,1805,594647798556187000469/316354849826125406,7563809201545340847119/8541580945305385962,P0/P1,false,pair:P0:P1:N
559,1809,22819402935343652777425/12100041188896971846,3573763180333086415763/4033347062965657282,P0/P2,false,pair:P0:P2:N
560,1814,68642676246768053848435/36300123566690915538,32237655599292615948331/36300123566690915538,P0/P2,false,pair:P0:P2:N
561,1816,33510267989146265490461/17724694753272275598,15783242669929279072229/17724694753272275598,P0/P1,false,pair:P0:P1:W
562,1817,22829818418947222727783/12060817260917177866,10748200853487003020863/12060817260917177866,P0/P2,false,pair:P0:P2:NE
563,1821,1534458027620350901969/808524238247387718,2156746909326538990379/2425572714742163154,P0/P2,false,pair:P0:P2:NE
564,1823,70003642658975940770973/36900090266884392334,32996367572509737714789/36900090266884392334,P1/P2,false,pair:P1:P2:N
565,1824,5568298885776907918661/2924601498448822398,2604379631315227961677/2924601498448822398,P0/P2,false,pair:P0:P2:E
566,1826,23003870376080748293585/12100041188896971846,32403676295956001912875/36300123566690915538,P0/P2,false,pair:P0:P2:E
567,1834,127748214072592966711637/66881946802103246558,60076715559691862993885/66881946802103246558,P1/P2,false,pair:P1:P2:W
568,1839,51849678078345412111043/27051745528526604978,24343715079299194315259/27051745528526604978,P1/P2,false,pair:P1:P2:NW
569,1841,41686514536255281471169/21746687278237936614,19601545420549589607721/21746687278237936614,P0/P2,false,pair:P0:P2:SE
570,1847,27023515367827179432959/14049775521196186778,884574666797250640079/980216896827640938,P0/P1,false,pair:P0:P1:SE
571,1852,226402277561272593091/117517814823717554,14854128114998140744521/16334976260496740006,P1/P2,false,pair:P1:P2:SW
572,1856,10581570641016555150229/5480543009316422750,4990018742080747403293/5480543009316422750,P1/P2,false,pair:P1:P2:SE
573,1857,25202867810642781073049/13042453986682602486,11860599855183956812993/13042453986682602486,P0/P1,false,pair:P0:P1:NE
574,1861,79804301356208553050571/41167689837823135714,37459267248722400728131/41167689837823135714,P0/P1,false,pair:P0:P1:NE
575,1868,7301081775033821224855/3747732066902356778,3426548672563612151023/3747732066902356778,P0/P1,false,pair:P0:P1:SE
576,1869,40546537657601056674565/20830893957513128702,19089122653791870842125/20830893957513128702,P1/P2,false,pair:P1:P2:S
577,1870,25944374107533414224855/13335429823708415146,12236025308664646540079/13335429823708415146,P0/P1,false,pair:P0:P1:SE
578,1873,50878581236251779688593/26070108802761180358,23895398864255784381305/26070108802761180358,P0/P1,false,pair:P0:P1:E
579,1877,107963423160363256241951/55290193575760485210,1541317668061330792663/1675460411386681370,P0/P1,false,pair:P0:P1:E
580,1879,63180233142085245101665/32282507211242886566,29658608604590328546761/32282507211242886566,P0/P2,false,pair:P0:P2:W
581,1881,95956919159709143654735/49077795167278779002,45174060281984210198887/49077795167278779002,P0/P2,false,pair:P0:P2:W
582,1884,12966651223564811243/6622373167536290,50937270022318754364343/55290193575760485210,P0/P1,false,pair:P0:P1:E
583,1886,51173729141431132514449/26070108802761180358,23969185840550622587769/26070108802761180358,P0/P1,false,pair:P0:P1:E
584,1888,101753620441283143793401/51891018534493819446,47883153883481597622305/51891018534493819446,P0/P2,false,pair:P0:P2:SW
585,1890,61723802274280751517979/31432557295558695362,29045185797970881846291/31432557295558695362,P1/P2,false,pair:P1:P2:SW
586,1893,49807626174922318425641/25326811654529517398,23416350912954148697809/25326811654529517398,P0/P1,false,pair:P0:P1:SE
587,1894,108537178045721120605249/55183540808307956966,51061149584032877069993/55183540808307956966,P0/P2,false,pair:P0:P2:S
588,1896,95634145623498710839729/48598496260679681926,45037199576257090103705/48598496260679681926,P1/P2,false,pair:P1:P2:SW
589,1899,13858360711988892515861/7004645770922001246,6472141912978988146333/7004645770922001246,P1/P2,false,pair:P1:P2:SW
590,1904,58729133705728359724855/29680625387110366442,27594742700722967649679/29680625387110366442,P0/P1,false,pair:P0:P1:NE
591,1913,81816580801723651360791/41174249266463954474,38596481103991349119343/41174249266463954474,P0/P1,false,pair:P0:P1:NW
592,1914,63300181463643841525443/31803208304643789490,29743108827747723070971/31803208304643789490,P0/P2,false,pair:P0:P2:SW
593,1919,177663140643081843303845/89041876161331099326,83522097865117285013677/89041876161331099326,P0/P2,false,pair:P0:P2:NW
594,1920,317061933316336406231603/158965577877295595858,149262427568725733127915/158965577877295595858,P1/P2,false,pair:P1:P2:S
595,1925,317799803079284788296243/158965577877295595858,149557575473905085953771/158965577877295595858,P1/P2,false,pair:P1:P2:S
596,1927,105441033483561518024435/52708750357438387666,49550541279244982268331/52708750357438387666,P1/P2,false,pair:P1:P2:S
597,1928,31063365783933084113999/15478466916171730042,14523890746785381127271/15478466916171730042,P0/P2,false,pair:P0:P2:W
598,1930,31069717765072399033741/15531702145650550062,4893773026220700162631/5177234048550183354,P1/P2,false,pair:P1:P2:SW
599,1931,283733029590687701232771/141395399301758516530,133168065294603497249211/141395399301758516530,P0/P1,false,pair:P0:P1:NW
600,1937,160221727163118789595129/79765375001283424310,75746103135310194660641/79765375001283424310,P0/P2,false,pair:P0:P2:NE
601,1939,265970588451521044984109/131908953233450559214,124763966167441799484277/131908953233450559214,P0/P2,false,pair:P0:P2:NE
602,1940,499043278238204499763139/247652226821615724722,234577052038865526857467/247652226821615724722,P1/P2,false,pair:P1:P2:S
603,1943,189276152978714716409079/93930016887245989738,89243148393491926190415/93930016887245989738,P0/P2,false,pair:P0:P2:N
604,1944,660971453424689522346535/327562884131649837194,310632642294707619029503/327562884131649837194,P1/P2,false,pair:P1:P2:S
605,1945,282419147467260089528377/139702850357157857718,132146345507723766648673/139702850357157857718,P0/P2,false,pair:P0:P2:N
606,1947,186039518526406268582907/91953624578433502978,87031318944700106224115/91953624578433502978,P0/P2,false,pair:P0:P2:NW
607,1950,77669095758756700239501/38349743030645140270,9922075852680967957213/10459020826539583710,P1/P2,false,pair:P1:P2:SW
608,1952,153815050216807176475599/75933227241898797434,72094777864034578798567/75933227241898797434,P1/P2,false,pair:P1:P2:SW
609,1953,186482240384175297821691/91953624578433502978,87252679873584620843507/91953624578433502978,P0/P1,false,pair:P0:P1:SW
610,1956,451992601288649333560113/222998605556393287814,212606558578760142628633/222998605556393287814,P1/P2,false,pair:P1:P2:SW
611,1958,186924962241944327060475/91953624578433502978,87474040802469135462899/91953624578433502978,P0/P2,false,pair:P0:P2:SE
612,1961,39475958101375260378233/19462325280397777718,18590790589360353992097/19462325280397777718,P0/P2,false,pair:P0:P2:SE
613,1964,788389068863799058843913/388210084687566658710,24745301429255220934463/25880672312504443914,P1/P2,false,pair:P1:P2:SW
614,1968,197357854786326778897407/96838769294693395610,18520637318066560191467/19367753858938679122,P1/P2,false,pair:P1:P2:SW
615,1975,670416186390428812773927/327562884131649837194,315133647848692749623807/327562884131649837194,P1/P2,false,pair:P1:P2:E
616,1980,62806016442964450240219/30569306214097978434,9839960147321354573809/10189768738032659478,P0/P1,false,pair:P0:P1:SE
617,1983,199276316169992572265471/96838769294693395610,18705104758803655707627/19367753858938679122,P0/P2,false,pair:P0:P2:NW
618,1985,877018828915807085456183/426446433578299864298,412646015865433044332943/426446433578299864298,P0/P1,false,pair:P0:P1:SE
619,1989,275552902865185578566185/133885345542263045974,129853487691732309502673/133885345542263045974,P0/P2,false,pair:P0:P2:NE
620,1993,550506147396222864856687/266625118958231639354,259059095827852095859591/266625118958231639354,P0/P1,false,pair:P0:P1:E
621,1995,8314371494431706749451/4005099334133676386,3863262478682348717699/4005099334133676386,P0/P1,false,pair:P0:P1:NE
622,1997,1212385947590771890831359/586267748198368089242,570660154480704285194135/586267748198368089242,P1/P2,false,pair:P1:P2:NW
623,2002,334614397179295616910787/161605005379912092850,474070705156741247344369/484815016139736278550,P0/P1,false,pair:P0:P1:N
624,2003,478256226196759859798309/230550809679220157374,225057597812922413203501/230550809679220157374,P0/P2,false,pair:P0:P2:W
625,2009,541708844040360184128839/259854923179829004106,253644051107026085741087/259854923179829004106,P1/P2,false,pair:P1:P2:S
626,2011,525465100675242645431449/252105049206267348982,739403533200529820442691/756315147618802046946,P1/P2,false,pair:P1:P2:S
627,2013,2991536334565342021638655/1436322368357225754778,1407609916185404217909655/1436322368357225754778,P0/P2,false,pair:P0:P2:NW
628,2016,1674219673684767792463803/802713603872436981122,787655650398173905468339/802713603872436981122,P1/P2,false,pair:P1:P2:W
629,2023,4801922085083501612592347/2292053482511567546434,2259613445615752329887187/2292053482511567546434,P0/P2,false,pair:P0:P2:E
630,2027,3067389966908912760146037/1459612784955699283358,1438071019783233660444669/1459612784955699283358,P0/P1,false,pair:P0:P1:S
631,2030,4813728001290675725626587/2292053482511567546434,2264335812098621975100883/2292053482511567546434,P0/P2,false,pair:P0:P2:E
632,2032,2295468260361842610746879/1089387509446013229210,214686738218303111267819/217877501889202645842,P0/P1,false,pair:P0:P1:SE
633,2040,2852380460040537480083647/1345713866830568517914,1332488405934359987306071/1345713866830568517914,P0/P2,false,pair:P0:P2:NW
634,2042,2159200150978491846899123/1022647542561377367634,1019572839069961169018475/1022647542561377367634,P0/P2,false,pair:P0:P2:NW
635,2047,6475539112222092788544807/3052663167218628459146,3051481653447411307250943/3052663167218628459146,P1/P2,false,pair:P1:P2:SW
636,2052,68269193020191469850123/32086660045091352930,53610060956359001981317/53477766741818921550,P1/P2,false,pair:P1:P2:SW
637,2054,3551694540488532709797449/1669358309143307514902,1674572755103735073702897/1669358309143307514902,P0/P2,false,pair:P0:P2:N
638,2056,1472547610453236741104495/691652429037660472122,693176815654707761987719/691652429037660472122,P0/P2,false,pair:P0:P2:N
639,2063,343116852532033466205751/160433300225456764650,808282985017895969281739/802166501127283823250,P1/P2,false,pair:P1:P2:SE
640,2064,2536485687648167357380409/1184180704695972942774,397126104523828975035595/394726901565324314258,P0/P2,false,pair:P0:P2:NW
641,2072,1327434054811059176201089/618017978253936124006,625444556198985564458985/618017978253936124006,P1/P2,false,pair:P1:P2:NE
642,2074,2520174995005311369021151/1171010649619132379610,169399825372246217994001/167287235659876054230,P0/P2,false,pair:P0:P2:S
643,2076,720921916852013518889675/334654710201095271906,1016758222291855789676489/1003964130603285815718,P1/P2,false,pair:P1:P2:NE
644,2079,1362595307511937509163687/632586303961804037002,4489872923679878148040057/4428104127732628259014,P1/P2,false,pair:P1:P2:E
645,2081,7673854322608849742930275/3559271011481145093746,3616400547641236673808795/3559271011481145093746,P0/P1,false,pair:P0:P1:SW
646,2086,8483460684202719754437191/3929938299074980615498,4020144334939718863120159/3929938299074980615498,P0/P2,false,pair:P0:P2:S
647,2089,1693644736000105069259483/781760716084004035650,796719996079387735124947/781760716084004035650,P0/P2,false,pair:P0:P2:SE
648,2090,3365912726278667175689821/1552477750442668341262,1582437891054732077775909/1552477750442668341262,P0/P1,false,pair:P0:P1:W
649,2094,17994824475595748115812949/8280714369799533221086,444997745703868218056015/435827072094712274794,P0/P2,false,pair:P0:P2:S
650,2096,13389925399089920125693869/6161393538274369326574,6307389023057544702735861/6161393538274369326574,P1/P2,false,pair:P1:P2:S
651,2097,15629168738480873386609289/7200246901931591103894,2462431677203832612391099/2400082300643863701298,P0/P1,false,pair:P0:P1:SW
652,2104,31661537139473811562761161/14490625371570206586134,14879156062249817358441841/14490625371570206586134,P0/P1,false,pair:P0:P1:NE
653,2107,3575215210380511638692897/1635154301428305244198,1685936531577324309633417/1635154301428305244198,P0/P1,false,pair:P0:P1:N
654,2111,1552498559563199535802781/706866997809959515022,55921671566094779838649/54374384446919962694,P1/P2,false,pair:P1:P2:S
655,2116,8957683915349546709296867/4071923726250255671154,4214790207535709504375579/4071923726250255671154,P1/P2,false,pair:P1:P2:SE
656,2117,7735815604546854139808749/3521870251639286484846,1220116282858841947396455/1173956750546428828282,P0/P2,false,pair:P0:P2:SW
657,2122,18979728914716494009327043/8613980897551510133938,8959317654401703243320571/8613980897551510133938,P1/P2,false,pair:P1:P2:SE
658,2124,7951903427437459801437913/3596671771323003702646,3733012707123515442693889/3596671771323003702646,P1/P2,false,pair:P1:P2:SE
659,2125,8886220560716702849547/4005099334133676386,4139963639787991991939/4005099334133676386,P0/P1,false,pair:P0:P1:NE
660,2127,17417184589323189728877563/7872646322363839090434,8180164278701956735980019/7872646322363839090434,P0/P1,false,pair:P0:P1:NE
661,2129,2874563820930578949629733/1301061263396612116414,1356119562294610716194349/1301061263396612116414,P0/P1,false,pair:P0:P1:NE
662,2130,10048466999953287231002349/4547175681177507639662,4739069006293730372980533/4547175681177507639662,P0/P2,false,pair:P0:P2:SE
663,2132,461169141008941993451745/208946981202411365542,1091161889348179228710253/1044734906012056827710,P0/P2,false,pair:P0:P2:SE
664,2133,2591198178803270433839439/1173956750546428828282,3679238314508004423044149/3521870251639286484846,P0/P1,false,pair:P0:P1:NE
665,2135,16778264507188497910121191/7575127533894288356618,1128328730254175527105417/1082161076270612622374,P0/P2,false,pair:P0:P2:S
666,2139,9381036019040024813376365/4220683120485031038062,4405306639067204802240437/4220683120485031038062,P1/P2,false,pair:P1:P2:SW
667,2140,10185920014151025179669585/4591350408078866559814,4806689243124252168944953/4591350408078866559814,P0/P1,false,pair:P0:P1:SE
668,2142,9480710101374805600334033/4264857847386389958214,4454037409966248017350073/4264857847386389958214,P0/P2,false,pair:P0:P2:S
669,2148,16058383108769151157674499/7204460246300452834866,7534697439585138484742971/7204460246300452834866,P1/P2,false,pair:P1:P2:SW
670,2149,15146231587150304829062705/6794807050156677284486,7117880096343405684427289/6794807050156677284486,P0/P1,false,pair:P0:P1:S
671,2151,13228344947301673398526763/5932778244756225227810,18653344457100358282022377/17798334734268675683430,P0/P1,false,pair:P0:P1:S
672,2155,18386276507479410431079665/8236539642898174300934,8635261171893630720818905/8236539642898174300934,P1/P2,false,pair:P1:P2:S
673,2157,1133391954863901155368925/507503906164312772878,532474479724248819104165/507503906164312772878,P1/P2,false,pair:P1:P2:S
674,2158,3943713476214731951079067/1763387758974870371010,5542202300649191838568633/5290163276924611113030,P0/P1,false,pair:P0:P1:SE
675,2162,25035859915972017913196049/11182916008871737488838,11766098975001026764778745/11182916008871737488838,P1/P2,false,pair:P1:P2:S
676,2163,13781881817168100678430637/6161393538274369326574,6491561315889460866070005/6161393538274369326574,P0/P2,false,pair:P0:P2:E
677,2168,3240440782193135001445267/1443601636083890691474,1527010597312429927575371/1443601636083890691474,P0/P2,false,pair:P0:P2:S
678,2172,31125276092905116712004943/13833426905816391651962,14645079997216091930676583/13833426905816391651962,P1/P2,false,pair:P1:P2:NE
679,2177,31200833956631031035424079/13833426905816391651962,14682858929079049092386151/13833426905816391651962,P1/P2,false,pair:P1:P2:NE
680,2183,30343201025096185956235681/13410225775553615479078,14250688635551958752783113/13410225775553615479078,P1/P2,false,pair:P1:P2:NE
681,2188,4949298921494169634449415/2175388035362276302794,769043793297137299677429/725129345120758767598,P1/P2,false,pair:P1:P2:NE
682,2191,16388948762570026322633219/7204460246300452834866,7681090800554097486367547/7204460246300452834866,P0/P2,false,pair:P0:P2:SE
683,2197,68586476439697041107300825/30068689442145289998198,32197025016024343750523393/30068689442145289998198,P0/P1,false,pair:P0:P1:E
684,2198,45488216294263867176314159/19936900518992967038394,21378539863995539667286087/19936900518992967038394,P0/P2,false,pair:P0:P2:N
685,2204,22925123699670608971949555/10022896480715096666066,10757527626583419357980843/10022896480715096666066,P0/P1,false,pair:P0:P1:E
686,2205,1715870706236002728752423/751390980377895205514,23457338187780222236561635/21790338430958960959906,P0/P2,false,pair:P0:P2:NW
687,2209,15225703651192884328287333/6645633506330989012798,21454097727721453990705223/19936900518992967038394,P0/P2,false,pair:P0:P2:N
688,2219,10663383415115377583722933/4635525134980225479966,1678289980124113967391679/1545175044993408493322,P0/P1,false,pair:P0:P1:W
689,2221,9602007638741266795288119/4139175505593164519146,4445401277847975080400015/4139175505593164519146,P0/P1,false,pair:P0:P1:W
690,2227,4820549541929498878199559/2082307958323959314890,2262181513490526705572319/2082307958323959314890,P0/P2,false,pair:P0:P2:NE
691,2232,49544859390979505803694525/21367137300696184787022,23336844082122528481062533/21367137300696184787022,P0/P1,false,pair:P0:P1:SE
692,2234,45314903751683119994179897/19540795256968192110518,21364309522634475313780833/19540795256968192110518,P0/P2,false,pair:P0:P2:NE
693,2237,85923402000755951843357/36745117166882552462,119284901823581437936559/110235351500647657386,P0/P2,false,pair:P0:P2:NE
694,2240,24013276711385804086541755/10326009454922287956354,11296905148601258167429555/10326009454922287956354,P0/P2,false,pair:P0:P2:E
695,2249,8511193826332066511581857/3596773245319820015398,3889900607314614792293385/3596773245319820015398,P0/P1,false,pair:P0:P1:N
696,2252,37648464074528719745671553/16082970079807160501350,3545961124752892869666709/3216594015961432100270,P0/P2,false,pair:P0:P2:S
697,2255,64365446390114611194800469/27497706782110761418462,30393796571410609299495901/27497706782110761418462,P0/P1,false,pair:P0:P1:W
698,2261,37837358733843505554219393/16082970079807160501350,17805363487490378671752681/16082970079807160501350,P0/P2,false,pair:P0:P2:S
699,2265,330490521216682571916705/139493162103559997734,1690005266992349231963491/1534424783139159975074,P1/P2,false,pair:P1:P2:N
700,2270,17050080070171776652550659/7204460246300452834866,7992766988423494070471483/7204460246300452834866,P1/P2,false,pair:P1:P2:SE
701,2272,12047310924767840062673731/5103744531754207784370,17093937734877446170966897/15311233595262623353110,P0/P2,false,pair:P0:P2:E
702,2274,24443012061326941800988091/10326009454922287956354,3834896424615840852277393/3442003151640762652118,P1/P2,false,pair:P1:P2:S
703,2279,8163411908718546084375017/3442003151640762652118,11523578739779001137686963/10326009454922287956354,P1/P2,false,pair:P1:P2:S
704,2284,91390738094939693418228739/38479001058913868958258,43048066365934672325223739/38479001058913868958258,P1/P2,false,pair:P1:P2:SW
705,2285,54684130987392101803788935/23033822749813038554826,77387057563141393313995805/69101468249439115664478,P0/P2,false,pair:P0:P2:E
706,2287,115717756785425979777772233/48573969191969969901334,54209682378021329507423345/48573969191969969901334,P1/P2,false,pair:P1:P2:SW
707,2289,277561614243856604417192167/116642182086786637400330,130772040368250003282921151/116642182086786637400330,P0/P1,false,pair:P0:P1:E
708,2292,18469495983726957043616217/7763778026923799453558,113353890030794100610017805/100929114350009392896254,P0/P1,false,pair:P0:P1:E
709,2296,278317192881115747651383527/116642182086786637400330,26214854364630732115319539/23328436417357327480066,P0/P1,false,pair:P0:P1:E
710,2297,169711432753076152416227735/70983235277572233731882,79587171531584023214337775/70983235277572233731882,P0/P2,false,pair:P0:P2:SW
711,2299,116226081361327898825124265/48682352664921974881366,54785853162659675762237009/48682352664921974881366,P0/P1,false,pair:P0:P1:SE
712,2303,7719806585249149060776009/3226107997510034890774,18173135478470133322710453/16130539987550174453870,P0/P2,false,pair:P0:P2:S
713,2305,1578841572742933783213139/659694553821531605522,21599178754028753552955199/19131142060824416560138,P0/P1,false,pair:P0:P1:SW
714,2310,301397920493663327457575487/125586163046273710307866,141802826321824476459983831/125586163046273710307866,P0/P2,false,pair:P0:P2:SE
715,2313,45956410802928386940874087/19131142060824416560138,21684181350720407166801727/19131142060824416560138,P1/P2,false,pair:P1:P2:SE
716,2316,582013017127080121087221631/241920333683141712028058,273762152697429769081332503/241920333683141712028058,P0/P1,false,pair:P0:P1:N
717,2319,424692029272119859043058755/176235242923855208133554,199399360964744818026715003/176235242923855208133554,P1/P2,false,pair:P1:P2:SE
718,2321,24300115842817223526904753/10086781699776942904198,125995207810846112027955091/110954598697546371946178,P0/P2,false,pair:P0:P2:NW
719,2323,112788588512640646803041953/46739242465000349556518,52990162126623099571185673/46739242465000349556518,P0/P2,false,pair:P0:P2:NW
720,2325,106557465686518491062379037/44101978712226433447566,16665887516835371665957367/14700659570742144482522,P1/P2,false,pair:P1:P2:S
721,2327,343680782074239325682001759/142139142480194993120474,160974558120062317568155127/142139142480194993120474,P1/P2,false,pair:P1:P2:S
722,2330,303513540677988928513311295/125586163046273710307866,142785078550261362664432599/125586163046273710307866,P0/P2,false,pair:P0:P2:NW
723,2334,40940895407402646511962569/16800514827875695159574,18965393019111802698468209/16800514827875695159574,P1/P2,false,pair:P1:P2:W
724,2335,29789217703166418589543273/12282500325719400296150,181554084852050569454804701/159672504234352203849950,P0/P1,false,pair:P0:P1:W
725,2336,834252327164269152896487095/344613394080051050273258,392939110403257286776668431/344613394080051050273258,P1/P2,false,pair:P1:P2:W
726,2339,318564294623902942482996757/131379998601551733572446,149650783900351270968721053/131379998601551733572446,P0/P1,false,pair:P0:P1:W
727,2343,1164197342062719583341599999/479017512703056611549850,545266717465959022951767191/479017512703056611549850,P1/P2,false,pair:P1:P2:W
728,2347,720435047121318367372996317/296200242339901420833550,338327875041425172701044901/296200242339901420833550,P0/P1,false,pair:P0:P1:NE
729,2348,804416293572333741549446379/329488690215773237898914,374712166578769806864366691/329488690215773237898914,P0/P2,false,pair:P0:P2:SW
730,2355,18714383732769576320340157/7690250361580831746638,345851055112512133297411907/299919764101652438118882,P0/P2,false,pair:P0:P2:NE
731,2357,1612594348463669027417948993/660075910290138632189670,252702076730346558685137379/220025303430046210729890,P1/P2,false,pair:P1:P2:NW
732,2360,1925822551911097627812360483/788431788870236538057970,181499608513653948033433567/157686357774047307611594,P0/P1,false,pair:P0:P1:NE
733,2367,477865460230053753063984121/194847797637381158557750,134884583203092376729889351/116908678582428695134650,P0/P1,false,pair:P0:P1:N
734,2369,1764955630936079552788803321/719894244132815056718390,166255849426753479816512109/143978848826563011343678,P0/P1,false,pair:P0:P1:N
735,2373,959799890593780839857066147/389307024058449662427634,448791877886208501772544731/389307024058449662427634,P1/P2,false,pair:P1:P2:S
736,2374,920990110063957459395837037/374832467827475373236846,434464982775870476558004405/374832467827475373236846,P0/P2,false,pair:P0:P2:NE
737,2377,3722652568580779508604345303/1514970141189813746201770,1759492727864576710126641967/1514970141189813746201770,P0/P1,false,pair:P0:P1:N
738,2378,609995058152170180821703179/247391150126477967522146,286000240150311200696452739/247391150126477967522146,P0/P2,false,pair:P0:P2:E
739,2390,5030989313923615321164894021/2029229751998520032521342,2368909625631979552109374285/2029229751998520032521342,P0/P1,false,pair:P0:P1:W
740,2393,144066295029629096239571133/57906590644144661006926,67423365627455999721788805/57906590644144661006926,P0/P1,false,pair:P0:P1:NW
741,2396,2427075349509568314231458493/976606001293010868454990,1145174444633410391989899141/976606001293010868454990,P0/P2,false,pair:P0:P2:W
742,2400,5657194423269447645975087947/2271811087516492407757026,889331942431452808017531713/757270362505497469252342,P1/P2,false,pair:P1:P2:SW
743,2409,15015654581853007188878971/5991713258010133085698,91798530654838716141594071/77892272354131730114074,P1/P2,false,pair:P1:P2:NW
744,2414,818678584565490612496811193/326109409261239633097910,385341368706965210846459873/326109409261239633097910,P0/P2,false,pair:P0:P2:NW
745,2416,1965761600239692026263964501/782953394332412350696158,927938429005696564862111197/782953394332412350696158,P1/P2,false,pair:P1:P2:NW
746,2425,166142805455557865461979963/65566327150389532787330,388333012366955361760350207/327831635751947663936650,P0/P1,false,pair:P0:P1:SW
747,2427,565139366389110761104440469/220741627815722955893342,257467895464334200731353373/220741627815722955893342,P0/P1,false,pair:P0:P1:SW
748,2429,5891442025539438434092516773/2325989129226741284026046,2761757770983360092181493933/2325989129226741284026046,P1/P2,false,pair:P1:P2:S
749,2432,8215961892885156738013180995/3250681910195350448296882,3876794194221501842485249915/3250681910195350448296882,P1/P2,false,pair:P1:P2:S
750,2439,6208865505847887893589828493/2442311687984442985158958,2914189294601930637470399701/2442311687984442985158958,P1/P2,false,pair:P1:P2:NE
751,2444,7158359354066478633809378737/2811151800262686034497414,1122797551681806746763626291/937050600087562011499138,P0/P2,false,pair:P0:P2:E
752,2446,4397814656395342493082032357/1732470374770298781016638,2086073729865530266935516653/1732470374770298781016638,P0/P2,false,pair:P0:P2:E
753,2447,198452497704303409362449471/77892272354131730114074,13335352408745708538812337/11127467479161675730582,P0/P1,false,pair:P0:P1:SW
754,2451,12280466933522149999758789357/4816588698860175149689198,5795535194852855689294193461/4816588698860175149689198,P0/P2,false,pair:P0:P2:S
755,2453,2543990901253138875221551819/992727458077319984899554,395521814605605156513653185/330909152692439994966518,P0/P2,false,pair:P0:P2:S
756,2457,5173572238246808730018868729/2028253179149129283527734,2450871770038517509291991841/2028253179149129283527734,P0/P2,false,pair:P0:P2:SW
757,2459,1939097352627570351588431575/755733445731307691603626,906761626033328742413850159/755733445731307691603626,P1/P2,false,pair:P1:P2:S
758,2462,8770611237781938848939605439/3423397511854042965602074,4130097385780823886451379031/3423397511854042965602074,P0/P2,false,pair:P0:P2:SW
759,2463,1400898979893582073832946701/548704191313650840788014,666035920104512459514349909/548704191313650840788014,P0/P1,false,pair:P0:P1:NW
760,2469,2885071837972949924832834887/1124497403482426119710538,1362027850578920944647262751/1124497403482426119710538,P1/P2,false,pair:P1:P2:SW
761,2470,1812713881802316894026003617/705904298851667706364710,56962091531298487696205927/47060286590111180424314,P0/P1,false,pair:P0:P1:NW
762,2473,9097706124647305341834566567/3539720070611744666734986,186407157072950128193004761/153900872635293246379782,P0/P2,false,pair:P0:P2:NW
763,2483,1644573140500466012649183139/638434314124215241477106,780077196209215897683724763/638434314124215241477106,P1/P2,false,pair:P1:P2:SW
764,2484,3486616392126694292910973103/1349302698450240732736186,149236837357403232315115701/122663881677294612066926,P0/P2,false,pair:P0:P2:E
765,2486,460510812906557070065447491/177717096081506372814770,215382003680554914445636987/177717096081506372814770,P1/P2,false,pair:P1:P2:SW
766,2487,3714375105970885552211232109/1435660499279586991388782,1744682753228611308542566837/1435660499279586991388782,P0/P2,false,pair:P0:P2:E
767,2491,744676145486021362993419865/287746536364009951500918,1053609927463657362629203843/863239609092029854502754,P0/P2,false,pair:P0:P2:SE
768,2496,8416244756725780180524811923/3243937266232914164223890,792975795238275545439470095/648787453246582832844778,P1/P2,false,pair:P1:P2:W
769,2498,2253843284630432750803591801/869618058564530425974582,1776183230190791683269953719/1449363430940884043290970,P0/P2,false,pair:P0:P2:SW
770,2502,8651796307869886004682536217/3322915457158498208619254,4060400422502329374010740545/3322915457158498208619254,P0/P1,false,pair:P0:P1:S
771,2506,10179704123833972178056578665/3902656399689276464918742,4776224382779813338205022481/3902656399689276464918742,P1/P2,false,pair:P1:P2:SW
772,2507,28728949506950089149532525975/10996982069619331927914282,4481766251242273451378318245/3665660689873110642638094,P0/P1,false,pair:P0:P1:S
773,2509,35247853406048978328673341027/13529417455396194333727858,16643104546316210766738341531/13529417455396194333727858,P1/P2,false,pair:P1:P2:SW
774,2515,15749208798440159404423945075/5980772678832170669441234,7280255291863587347024566827/5980772678832170669441234,P1/P2,false,pair:P1:P2:SW
775,2517,4463248605642081375078352181/1704736890613253478365726,2098361123414259911613729469/1704736890613253478365726,P0/P1,false,pair:P0:P1:SE
776,2519,55662768891833142596829689821/21295017570979884984410382,26293522682764571238795104677/21295017570979884984410382,P1/P2,false,pair:P1:P2:SW
777,2522,27657382057598250788579340443/10548487314006272882157250,2594879296047961670681539767/2109697462801254576431450,P1/P2,false,pair:P1:P2:SW
778,2525,41437375415946867889610234045/15830313424579664680180302,6526735231652996654592088535/5276771141526554893393434,P0/P1,false,pair:P0:P1:SE
779,2528,27715410496939752988965236891/10548487314006272882157250,13003410699910559453600647059/10548487314006272882157250,P0/P2,false,pair:P0:P2:NW
780,2530,20335742957781738377960660461/7759383905414881210792814,9616005396214165784300990005/7759383905414881210792814,P0/P1,false,pair:P0:P1:SE
781,2534,9867466354843788099685803137/3762248713193917226350182,23393984859389147878071649421/18811243565969586131750910,P0/P1,false,pair:P0:P1:E
782,2536,32219254613252901396475166801/12243343420610331991243590,15185064697756594275537676601/12243343420610331991243590,P1/P2,false,pair:P1:P2:E
783,2542,49511417092243447099586705029/18811243565969586131750910,3350287614104378582636792267/2687320509424226590250130,P0/P2,false,pair:P0:P2:E
784,2546,50895471595881775005079751807/19232721823671301224763290,1589484580238048693790678905/1282181454911420081650886,P0/P1,false,pair:P0:P1:N
785,2549,15120520265400696361316616733/5675443275251077850736270,777276372137541637755444733/630604808361230872304030,P1/P2,false,pair:P1:P2:E
786,2550,105561208105765643214966740923/39908218193982131896065410,49787662521486948121178919859/39908218193982131896065410,P0/P2,false,pair:P0:P2:NE
787,2557,1548987601098773641199997517/583016353362396761487790,5106821463184477581034922771/4081114473536777330414530,P0/P2,false,pair:P0:P2:E
788,2559,192353590240385225284575661181/72386409186777854789630158,90820844098482114179700754245/72386409186777854789630158,P0/P1,false,pair:P0:P1:E
789,2561,17229772912530325178581290971/6473309870629018868308546,624559993955913935346902111/497946913125309143716042,P0/P1,false,pair:P0:P1:SE
790,2563,184612920923964736420147721605/69194942805266090719341054,28865491064439921811997346095/23064980935088696906447018,P1/P2,false,pair:P1:P2:SW
791,2566,208976947599091254835931345081/78373661841324734345591990,98245912453181771606711239649/78373661841324734345591990,P1/P2,false,pair:P1:P2:SW
792,2571,52300150749236204130242390055/19600161464375825875324042,24682481671776641387319390207/19600161464375825875324042,P0/P2,false,pair:P0:P2:S
793,2578,189967549511066737772524567971/70970618656316894498795506,89743331985248774685076889563/70970618656316894498795506,P0/P2,false,pair:P0:P2:SW
794,2587,280758775590059997435960733733/104266901323840809818826174,132077029056857680920421066541/104266901323840809818826174,P1/P2,false,pair:P1:P2:W
795,2588,85367248012594329512039787861/31770295727565242748147422,40378368641695491910438109149/31770295727565242748147422,P0/P2,false,pair:P0:P2:N
796,2595,77068317170370327394871064467/28506839139816781511431570,108591784841851345378814667233/85520517419450344534294710,P0/P1,false,pair:P0:P1:NW
797,2597,146753824929883979890047517421/54450571125996051667827054,69473061921776435420928351029/54450571125996051667827054,P0/P1,false,pair:P0:P1:NW
798,2599,272972709290133878651081719727/100769517654096340571325626,127989279980134630582283130567/100769517654096340571325626,P0/P2,false,pair:P0:P2:NW
799,2601,101342718500822893590161869601/37674335988792979178764838,6916494456508462846155464431/5382047998398997025537834,P1/P2,false,pair:P1:P2:NE
800,2602,395795740109079782809441988917/146521510208427944203010590,187167269095815885551624263357/146521510208427944203010590,P0/P2,false,pair:P0:P2:NW
801,2603,403608654824975329917344996167/148615699084753705926855498,188475088636248081106734327839/148615699084753705926855498,P0/P1,false,pair:P0:P1:W
802,2607,1383947469833132627563861321/510375194939671418797590,198701812791918477408679575841/155664434456599782733264950,P1/P2,false,pair:P1:P2:N
803,2611,631654014580151263484585688365/233178884886285113006632686,298385657142728697979374239605/233178884886285113006632686,P1/P2,false,pair:P1:P2:N
804,2614,1199842410190455071567100689841/441658719501609594332876678,564976021896629267691056321945/441658719501609594332876678,P0/P2,false,pair:P0:P2:NW
805,2616,48242168240486504714436555655/17757297360736929714861258,568836545762556148979665425223/443932434018423242871531450,P0/P1,false,pair:P0:P1:SW
806,2620,53344662657383243737188526119/19600161464375825875324042,25156380593065576023804211199/19600161464375825875324042,P1/P2,false,pair:P1:P2:N
807,2622,571294293521157581229421602243/209616691873731305595571378,268520626686864010355986633979/209616691873731305595571378,P1/P2,false,pair:P1:P2:N
808,2626,873446198082909575935966128313/319656733923654394995444918,136302750307691631695324621131/106552244641218131665148306,P0/P2,false,pair:P0:P2:W
809,2629,2759871786619094266066857833915/1011589447204244122239078786,56576080444755585188366463173/43982149878445396619090382,P0/P1,false,pair:P0:P1:SW
810,2637,16503578509879688009440598899/5980772678832170669441234,7638097334469517582737594923/5980772678832170669441234,P0/P2,false,pair:P0:P2:NW
811,2639,189951537343382938855650194821/69194942805266090719341054,89188410150573530386562079629/69194942805266090719341054,P0/P1,false,pair:P0:P1:SE
812,2641,252205678170352142757318106667/92097923098610461690887714,119532218325932628748933150627/92097923098610461690887714,P0/P1,false,pair:P0:P1:S
813,2644,589253754822679442916241194757/214399251603267425158509310,831167587181002916123540357927/643197754809802275475527930,P0/P1,false,pair:P0:P1:S
814,2649,1562183074687837885008945014693/568208134113192090747617982,739906300955605825347449105069/568208134113192090747617982,P0/P2,false,pair:P0:P2:NW
815,2653,191112106130212982863368123781/69194942805266090719341054,29910002972586961418943482159/23064980935088696906447018,P0/P1,false,pair:P0:P1:SE
816,2659,1024739820826486226806467257417/372275979356935332248188950,489004078560012880397526985201/372275979356935332248188950,P0/P2,false,pair:P0:P2:E
817,2665,4102340559538460037018743225497/1479395064241192783757645814,644862580519490023568669040875/493131688080397594585881938,P0/P1,false,pair:P0:P1:SE
818,2672,2380056251126906464110714827633/855654241525261235066223110,3368208922462588808340738302987/2566962724575783705198669330,P0/P2,false,pair:P0:P2:N
819,2674,3188947921970824113548528247949/1145709717470268914598215470,1505061105018620237884784747989/1145709717470268914598215470,P1/P2,false,pair:P1:P2:SW
820,2676,2569851605264024108293150305551/921888104187656189672143098,1208698846746696865677032862503/921888104187656189672143098,P1/P2,false,pair:P1:P2:SW
821,2677,8601703490132974766536577446269/3087256952840991123415398094,4053655609978430317263294854213/3087256952840991123415398094,P0/P2,false,pair:P0:P2:N
822,2682,8075405815493335978131466259417/2891714898850171464469605238,3801165507359880663413599085569/2891714898850171464469605238,P1/P2,false,pair:P1:P2:SW
823,2684,10505256935425726892878318999625/3761557955543757534533333014,4956199593764412544086332980721/3761557955543757534533333014,P1/P2,false,pair:P1:P2:S
824,2686,20082765527318440830281912907727/7180593945462143697379279226,9473649441600481648195219823591/7180593945462143697379279226,P0/P1,false,pair:P0:P1:N
825,2688,25382799759059257454296147586771/9066228804532153711300401426,11953042568731014987836557266059/9066228804532153711300401426,P0/P1,false,pair:P0:P1:N
826,2697,10584485097939991230471862949961/3761557955543757534533333014,4990861914864403191783508458993/3761557955543757534533333014,P1/P2,false,pair:P1:P2:N
827,2699,46179620365975357659467994525/16327679563021396541619086,64659836910281642917010411567/48983038689064189624857258,P0/P1,false,pair:P0:P1:NW
828,2705,1820373716137666990431936363791/643197754809802275475527930,856390615481442539224610013991/643197754809802275475527930,P1/P2,false,pair:P1:P2:S
829,2707,5976091645043783741318361304603/2108060091036967739836360642,2809135906365461039470240194835/2108060091036967739836360642,P1/P2,false,pair:P1:P2:SE
830,2708,2474064883553097800784116622261/876269154093780472386871582,1174846429351494994618043223357/876269154093780472386871582,P0/P2,false,pair:P0:P2:W
831,2718,1942925754938681385274175996351/686409901578192671339185946,926375273634090344943386390359/686409901578192671339185946,P0/P1,false,pair:P0:P1:E
832,2719,122059747098106181517905261313/42879850320653485031701862,8362547336296932624506859329/6244638396211672577432310,P1/P2,false,pair:P1:P2:N
833,2723,10056907961639186785881749878483/3528641484193890215452641554,4736621772955542477204129436811/3528641484193890215452641554,P1/P2,false,pair:P1:P2:NW
834,2725,12962039080613907833863212836281/4545286574568784568531049142,6104647467943173816049218994401/4545286574568784568531049142,P0/P1,false,pair:P0:P1:NE
835,2729,12520274858650165222860323383285/4386123952846983286203732638,5906498106943741981167874132861/4386123952846983286203732638,P1/P2,false,pair:P1:P2:NW
836,2733,186918417094052225588918127751/65120730276724966650112714,87232615100677777336045820767/65120730276724966650112714,P1/P2,false,pair:P1:P2:NE
837,2739,13757453653834623935578782273799/4803415828759533691570664906,6487657011462265078319732306911/4803415828759533691570664906,P0/P1,false,pair:P0:P1:SW
838,2740,2714266961923265650480954226379/947483075308797425208634850,11520394184625274471884513074011/8527347677779176826877713650,P0/P2,false,pair:P0:P2:E
839,2744,15123674671919814953375685440161/5268893015552781470278219558,7128829388340862189161244888073/5268893015552781470278219558,P0/P2,false,pair:P0:P2:N
840,2746,1551469814598603164600658320193/541157893697395461084645094,735076602812096269515665503657/541157893697395461084645094,P0/P1,false,pair:P0:P1:S
841,2748,3972546788684310033325946186521/1381325135877398451474898678,1867965309803721910159026550081/1381325135877398451474898678,P0/P1,false,pair:P0:P1:S
842,2753,24537341380766504318519710969123/8527347677779176826877713650,11569911786196689682880478042971/8527347677779176826877713650,P0/P2,false,pair:P0:P2:E
843,2756,188156357133337605863817251975/65120730276724966650112714,88006327625231140007857773407/65120730276724966650112714,P0/P2,false,pair:P0:P2:NE
844,2760,1357254101631852816485775296495/470949276797175280255602234,14766439071471653623658135707553/10831833366335031445878851382,P0/P1,false,pair:P0:P1:NW
845,2763,4752406898081938822828995927349/1641808056984298318075349534,2232370020697500272939448885949/1641808056984298318075349534,P0/P1,false,pair:P0:P1:N
846,2766,1082385347005079325306152637183/373614071590166194958149274,509439799898550384292195566231/373614071590166194958149274,P0/P2,false,pair:P0:P2:NW
847,2770,6025238623638206928749611994095/2074287329741107402625525306,8472419704064556164094750316309/6222861989223322207876575918,P0/P2,false,pair:P0:P2:W
848,2771,14073388147337145699040525339085/4825972010739730963484645038,6535744032390365296484782222613/4825972010739730963484645038,P1/P2,false,pair:P1:P2:N
849,2774,56019893888482671403146895335341/19283988941529261013193715182,26371371825313958123028426810869/19283988941529261013193715182,P0/P1,false,pair:P0:P1:W
850,2782,13868987474925389396302555641131/4777416194311462844820203554,6592347332629684730244413744803/4777416194311462844820203554,P1/P2,false,pair:P1:P2:N
851,2784,56237771335396898331529141198765/19283988941529261013193715182,26470407028456788545020356748789/19283988941529261013193715182,P0/P1,false,pair:P0:P1:E
852,2788,14172423350479976121032455277005/4825972010739730963484645038,6575358113647497465281554197781/4825972010739730963484645038,P1/P2,false,pair:P1:P2:N
853,2790,23888334421029183544788984587939/8178125183158279015779730930,2249830190692762432452934083423/1635625036631655803155946186,P0/P1,false,pair:P0:P1:NE
854,2791,33604245491578390968545513898873/11530278355576827068074816822,15922943793280126859247786636449/11530278355576827068074816822,P1/P2,false,pair:P1:P2:N
855,2795,43013927994684596007325505668243/14708688659311248418438300562,20272903416445635958225456117835/14708688659311248418438300562,P0/P2,false,pair:P0:P2:NE
856,2798,4055205619622248687031992813213/1384908621024759049590817166,3543275508560553861203824214423/2571973153331695377811517594,P1/P2,false,pair:P1:P2:W
857,2805,12679621979294871477932920611593/4306034634128723710054217878,5933115629019652970382239671985/4306034634128723710054217878,P0/P2,false,pair:P0:P2:SW
858,2807,1278305745383069854319580264747/436203498848309283290726434,605452188177189469585867328163/436203498848309283290726434,P0/P2,false,pair:P0:P2:SW
859,2810,1229416264951941201000621591517/423823626407363295296985358,600285161339194254656175343013/423823626407363295296985358,P1/P2,false,pair:P1:P2:SE
860,2812,16824456605747543890556020628041/5712094500907292281034308630,1582057696343464241760183242749/1142418900181458456206861726,P1/P2,false,pair:P1:P2:SE
861,2816,72194039899227665132227393102169/24524255571886927238755548278,34219746700642203484596526118273/24524255571886927238755548278,P1/P2,false,pair:P1:P2:E
862,2820,134929158583370059124622164209225/45660101475660908644610274326,63661229771983712729569019446257/45660101475660908644610274326,P0/P1,false,pair:P0:P1:NW
863,2823,19382324338794256714549193748995/6559741753722018871628279346,1308271503698364881222776231469/937105964817431267375468478,P0/P2,false,pair:P0:P2:NW
864,2824,5079286517899341208566629177797/1719572413843587240520162174,343221365168566632620352084619/245653201977655320074308882,P1/P2,false,pair:P1:P2:SW
865,2828,124971697134099714711025295974627/42230678589658612149095136114,59154431616216743700660778521883/42230678589658612149095136114,P1/P2,false,pair:P1:P2:N
866,2829,130779123097229794957271507659045/44061569835398246844451806142,61475521414714639820121610340397/44061569835398246844451806142,P0/P1,false,pair:P0:P1:N
867,2832,6761679942480314197716459514711/2279986283303506956018786730,35060266076219167388776160113029/25079849116338576516206654030,P0/P1,false,pair:P0:P1:NE
868,2835,457380654328776441098812450937823/154045392421215507086177882074,215803630617167249181737813599863/154045392421215507086177882074,P0/P2,false,pair:P0:P2:W
869,2837,2754190676322855368630813476105/925343377930368650327442582,148659911537104078946697297205123/106414488461992394787655896930,P0/P1,false,pair:P0:P1:SE
870,2839,131175263909801116645239227410725/44061569835398246844451806142,61633977739743168495308698241069/44061569835398246844451806142,P0/P1,false,pair:P0:P1:S
871,2843,599613944130709801556952231130291/201676296380438619384699867218,283581174997344534117526681597291/201676296380438619384699867218,P0/P2,false,pair:P0:P2:W
872,2844,1234345450285194765743536033839817/414505273304423408960011661078,581534823371666806711669627610225/414505273304423408960011661078,P0/P1,false,pair:P0:P1:SE
873,2847,236939491484304406885370016806867/79272341626753459652848348946,111000257870263940318821643025803/79272341626753459652848348946,P1/P2,false,pair:P1:P2:NW
874,2848,815631746294675099780285560492373/273220217056432515102766100190,25555947643193975803009643073875/18214681137095501006851073346,P0/P1,false,pair:P0:P1:S
875,2850,755494306492858243708220708030821/252983899462226523029259285822,355003300503249840257212467872365/252983899462226523029259285822,P0/P2,false,pair:P0:P2:W
876,2855,33168701150423235613030801388923/11135768473074804553470425090,15768276999321649834898010457971/11135768473074804553470425090,P0/P1,false,pair:P0:P1:NW
877,2856,244108541031191137287640249694063/81614157242388744946823723834,114859597928713993772731368010887/81614157242388744946823723834,P1/P2,false,pair:P1:P2:N
878,2857,111433736429498194835517044138371/37071083350089526732942023474,17262163310475798144379775393001/12357027783363175577647341158,P0/P1,false,pair:P0:P1:NW
879,2859,208784622856140198685673817098767/69819625802210259862531065594,98329732613670266329524498126887/69819625802210259862531065594,P1/P2,false,pair:P1:P2:N
880,2860,306135509282782202535830590059163/102568168254330992992120107714,144872975295913138225909670074771/102568168254330992992120107714,P0/P1,false,pair:P0:P1:NW
881,2867,454952866655155693915601215379677/151529203154332939231592498958,91559110776945748601672839440089/64941087066142688242111070982,P1/P2,false,pair:P1:P2:NE
882,2870,853932000746292855526258973139559/284247903391835246989513867786,1204883022109528739474680324799677/852743710175505740968541603358,P0/P1,false,pair:P0:P1:W
883,2873,5047299810927540829882082847573077/1678174446124607904864332136670,2376529056193063012787637123624669/1678174446124607904864332136670,P0/P2,false,pair:P0:P2:SW
884,2875,3832565774202183534564752721757953/1273506687908693005749255386470,95026957795244125593910053241363/67026667784668052934171336130,P1/P2,false,pair:P1:P2:N
885,2877,263653948242748577191212936826373/87615408416573655500920564990,2112051211152363373696327205480669/1489461943081752143515649604830,P1/P2,false,pair:P1:P2:N
886,2879,20497846847425981063293019496045/6814575511890731200004402798,959293456294902139314820654377983/674642975677182388800435877002,P0/P2,false,pair:P0:P2:S
887,2883,2925583454659399428747888969805265/971333106306567719032315518022,1380209934357534845615890427482809/971333106306567719032315518022,P0/P2,false,pair:P0:P2:E
888,2885,898705195105755975372818050979345/297892388616350428703129920966,2115854162953048061900817315096797/1489461943081752143515649604830,P0/P1,false,pair:P0:P1:S
889,2888,3843974629604237599178223050606337/1273506687908693005749255386470,361863029982064614897756224240405/254701337581738601149851077294,P0/P1,false,pair:P0:P1:S
890,2889,2931921707660540575755372485832145/971333106306567719032315518022,1382745235557991304418883833893561/971333106306567719032315518022,P0/P2,false,pair:P0:P2:E
891,2892,2089475975932083806475782211762247/690101868196287124733521271114,979559193012061355544978354441503/690101868196287124733521271114,P0/P2,false,pair:P0:P2:SE
892,2893,1545021916765492173542486209161665/511439612571302696747249618406,243284006435292695312818475847011/170479870857100898915749872802,P1/P2,false,pair:P1:P2:NE
893,2899,623320194695034661131414435006015/205747010247968763479093924378,294180943406868438543396852139991/205747010247968763479093924378,P0/P1,false,pair:P0:P1:SW
894,2903,2876712437945105925132674311918133/947099961696933621642882869278,1352333751832617311838295722336189/947099961696933621642882869278,P0/P1,false,pair:P0:P1:SW
895,2904,4194103314571073326051090716859051/1381484315495222574632452495650,1974627337133853747509017898600483/1381484315495222574632452495650,P1/P2,false,pair:P1:P2:SE
896,2907,288473404979929907376894428238403/94638359943928691891098798002,134677194760387444241738928412027/94638359943928691891098798002,P1/P2,false,pair:P1:P2:E
897,2908,168695968315552774045767883680911/55481396210169452539292222970,396271992226497373110622355257667/277406981050847262696461114850,P0/P2,false,pair:P0:P2:SW
898,2909,266533031617904055475050561927749/88130261162989878914263518846,42305867568574161542381499477871/29376753720996626304754506282,P1/P2,false,pair:P1:P2:E
899,2915,340862915198371207754060484467323/111709083628791239127431280130,159977075807936591803993741292659/111709083628791239127431280130,P1/P2,false,pair:P1:P2:E
900,2921,5130964750542603970380865259127893/1678174446124607904864332136670,2415192399500024009533286571388637/1678174446124607904864332136670,P0/P1,false,pair:P0:P1:SW
901,2930,852036483129304418688942165040843/277406981050847262696461114850,400550313002267647340673728575811/277406981050847262696461114850,P1/P2,false,pair:P1:P2:SW
902,2934,5157585413147396787812296026440789/1678174446124607904864332136670,485700546160484083649800391009017/335634889224921580972866427334,P0/P2,false,pair:P0:P2:SW
903,2942,1035573564550209691647248655545361/335634889224921580972866427334,2438643935604246253460975580688093/1678174446124607904864332136670,P0/P2,false,pair:P0:P2:SW
904,2946,2421808537358829519969335228264573/784501777094277991844881895630,1144249347238128880911813563484997/784501777094277991844881895630,P1/P2,false,pair:P1:P2:S
905,2951,1069886801006109139023934732896217/345311762405486243999971398518,503062095066972064892868923719681/345311762405486243999971398518,P0/P2,false,pair:P0:P2:E
906,2956,7198950626577604545713917097856715/2322500231491498530794436181474,3400837839681870103919573576296771/2322500231491498530794436181474,P0/P1,false,pair:P0:P1:S
907,2957,2433217392760883584582805557112957/784501777094277991844881895630,229610459807762713823260734620225/156900355418855598368976379126,P0/P2,false,pair:P0:P2:N
908,2960,7210359481979658610327387426705099/2322500231491498530794436181474,3404640791482554792124063685912899/2322500231491498530794436181474,P1/P2,false,pair:P1:P2:N
909,2965,8469607850934651968936464015661767/2723405642046281361587015112778,3998485121537770522147235991597983/2723405642046281361587015112778,P1/P2,false,pair:P1:P2:NE
910,2975,3954422839758300721805855419940559/1266142063105387015102946249594,1865781473615648738539734832036583/1266142063105387015102946249594,P1/P2,false,pair:P1:P2:NW
911,2976,4317699248093325692697019279383211/1381484315495222574632452495650,678280246881564881360037100285281/460494771831740858210817498550,P0/P2,false,pair:P0:P2:SW
912,2980,2592777764218895231692367430981691/828170133868698760314709233794,1221293961732382551546808767924275/828170133868698760314709233794,P0/P1,false,pair:P0:P1:S
913,2981,10224306079458560464216369971147089/3261996108219355108618591371590,960852719114110188941763482448805/652399221643871021723718274318,P0/P2,false,pair:P0:P2:W
914,2985,458898340645717533109257587203451/146462552596993384402624522242,216658949612564568394329923350387/146462552596993384402624522242,P1/P2,false,pair:P1:P2:NW
915,2993,1198859769570324802086680941505155/381716531596062373443120443698,567031778573456039164672414648251/381716531596062373443120443698,P0/P2,false,pair:P0:P2:N
916,2995,7122791726911768229535245919228135/2258818837350941889249578797322,3338981393781171414813211598988991/2258818837350941889249578797322,P1/P2,false,pair:P1:P2:W
917,3001,5837553099849729456799012138955963/1851992273493360552713444338562,2754601157569901026643246831532211/1851992273493360552713444338562,P0/P2,false,pair:P0:P2:NW
918,3008,1205198022571465949094164457532035/381716531596062373443120443698,569883992423969555318039996860347/381716531596062373443120443698,P0/P2,false,pair:P0:P2:E
919,3009,4003227387867087553763478493347535/1266142063105387015102946249594,1889233009719870982467423841336039/1266142063105387015102946249594,P0/P1,false,pair:P0:P1:SW
920,3013,13121077495522776604247428352375079/4140850669343493801573546168970,6177458242274693604217859219122431/4140850669343493801573546168970,P1/P2,false,pair:P1:P2:E
921,3015,10343465235880014027957060072452433/3261996108219355108618591371590,4862575523181049497177665759691321/3261996108219355108618591371590,P1/P2,false,pair:P1:P2:E
922,3018,701124841133452733621643270881509/221155663429216119062114669118,330646361432970019785935253538285/221155663429216119062114669118,P0/P1,false,pair:P0:P1:SW
923,3020,3486587380754915615212981020882357/1099173674564108761623129394462,1646206156588664656847966272384829/1099173674564108761623129394462,P0/P2,false,pair:P0:P2:S
924,3024,1675716247625169116045494322731167/527042694296998043878583256154,3941653481308797423604847552747027/2635213471484990219392916280770,P1/P2,false,pair:P1:P2:NE
925,3027,2580879602405958349667259073368713/812115983741086299981942859158,1218288864932141560249400241185329/812115983741086299981942859158,P0/P1,false,pair:P0:P1:S
926,3031,4016527691443449119889078041838233/1261148078259026688652554140662,5673605057538541480423058928831043/3783444234777080065957662421986,P1/P2,false,pair:P1:P2:E
927,3035,2173608836357174921561382934017147/681090472296836955828460179970,1022384601679634890037075110502003/681090472296836955828460179970,P0/P1,false,pair:P0:P1:W
928,3039,4755750124730016518044583823601259/1486982708192900372828170139554,2229984314682705037210583427949027/1486982708192900372828170139554,P0/P2,false,pair:P0:P2:S
929,3041,10507177052270694106184432971714681/3285465765703212337274841408310,4936151628064831063399405853116833/3285465765703212337274841408310,P0/P1,false,pair:P0:P1:NW
930,3043,40179952786880472094425760777135/12581466689731360514500402362,890831869878389171537079396059785/591328934417373944181518911014,P0/P2,false,pair:P0:P2:S
931,3046,15263432577308897168186555259924317/4767633306077858690799221259790,7176974621361095900683473024800037/4767633306077858690799221259790,P1/P2,false,pair:P1:P2:S
932,3048,5621009610103402515487314004499385/1761481226771444827099601297078,2665988855849969333013958194489057/1761481226771444827099601297078,P1/P2,false,pair:P1:P2:S
933,3054,5934528370767189006013509934167227/1851992273493360552713444338562,2798335103277774940994883092117683/1851992273493360552713444338562,P0/P2,false,pair:P0:P2:SW
934,3059,1897965160485093908949236030565665/591328934417373944181518911014,894951734329130917091943681477257/591328934417373944181518911014,P0/P2,false,pair:P0:P2:W
935,3060,12027362372176674131512482482466763/3740986377725588242773958648802,5649525170089988869179597446967875/3740986377725588242773958648802,P0/P1,false,pair:P0:P1:S
936,3063,2939069024858799969906360266933953/915604788058521155815610637286,6945209315066861918330384045097421/4578023940292605779078053186430,P1/P2,false,pair:P1:P2:NW
937,3067,18656691456869420650646219234848495/5794280234430129138824483870778,2925137502081661259557054660711085/1931426744810043046274827956926,P0/P2,false,pair:P0:P2:SW
938,3071,2157042350758258630338889664468239/664302530371272965157209876730,997670590758222712448752075938599/664302530371272965157209876730,P1/P2,false,pair:P1:P2:N
939,3073,21641285470271338607636463315316115/6705321458474880949822718351762,10176806578290734802201613105727819/6705321458474880949822718351762,P0/P2,false,pair:P0:P2:W
940,3076,11554756453764651248900344086033185/3582067002144870321712411159078,5444949444114876496253143829561481/3582067002144870321712411159078,P0/P2,false,pair:P0:P2:W
941,3078,15768438889084848128169724597989451/4883239010385377327826249389794,7414583253406536095988609361110723/4883239010385377327826249389794,P0/P1,false,pair:P0:P1:S
942,3081,45321388414502061190624905277617109/14039286890970588885982355762654,21386131521954866614345166456449629/14039286890970588885982355762654,P1/P2,false,pair:P1:P2:NW
943,3085,3885211123134798805040689194471545/1201052248277830963572034249526,9153682029620193006475434855510053/6005261241389154817860171247630,P1/P2,false,pair:P1:P2:NW
944,3093,36186335854521202316863427683320503/11148955471699030453627736003050,17040619076836692419792615515477263/11148955471699030453627736003050,P1/P2,false,pair:P1:P2:E
945,3095,667715561487085815229494552342841/206452244233682745168187125686,2223462246568216273336143598701223/1445165709635779216177309879802,P1/P2,false,pair:P1:P2:E
946,3096,18574098259955116480310735633944429/5720847115766866504697554318446,416824849577083914496210579232033/272421291226993643080835919926,P0/P1,false,pair:P0:P1:E
947,3097,19563808773191387097024558727708955/6010028726805738413593207323074,9161693741213554428406775381756947/6010028726805738413593207323074,P1/P2,false,pair:P1:P2:SE
948,3099,10102806223644599639930234051057445/3108957674536508943877089013694,4757775049850526931991208319346221/3108957674536508943877089013694,P0/P2,false,pair:P0:P2:SE
949,3101,515927898343167324143541166381929/158340073550802037462265745110,14731214524257775981480447449297421/9658744486598924285198210451710,P0/P2,false,pair:P0:P2:SE
950,3102,11073020131167175618991308993173353/3413517290927644362043283093206,5246839268164144970655697261158929/3413517290927644362043283093206,P0/P1,false,pair:P0:P1:N
951,3105,26877674248353060213683876486386621/8259264910921842687805959756878,12654352523442083520140237879672965/8259264910921842687805959756878,P0/P1,false,pair:P0:P1:N
952,3108,38411803153396802805036407554600881/11795242428963033905914512046982,18090475655960417827187040729225113/11795242428963033905914512046982,P1/P2,false,pair:P1:P2:NE
953,3110,54671251029695371165803685406332667/16753728290709226885173639549186,8553936725389907042778123814218833/5584576096903075628391213183062,P0/P1,false,pair:P0:P1:NW
954,3112,38619461507658295632533967934285601/11792678994985551239783137993254,18010103173822336602498980493120649/11792678994985551239783137993254,P0/P1,false,pair:P0:P1:W
955,3115,40648477807486132158826162023530465/12450127479939537459741574233766,19126876741349349124465777741921097/12450127479939537459741574233766,P0/P1,false,pair:P0:P1:SW
956,3124,114470403785767051049710587409859287/34937077400197197529312733560490,53989028047189414634348564022977071/34937077400197197529312733560490,P0/P2,false,pair:P0:P2:S
957,3126,77417853231382132677081271669647557/23601358383445657227175342839166,36423280595265947824457618936340685/23601358383445657227175342839166,P1/P2,false,pair:P1:P2:NE
958,3131,725844027837903206950828983386341/221155663429216119062114669118,16295889198097743479742508108921/10531222068057910431529269958,P1/P2,false,pair:P1:P2:SE
959,3133,9950669602393203938877378411521627/3031438594812165430659527070018,32873854664867410400588673136412485/21220070163685158014616689490126,P0/P1,false,pair:P0:P1:S
960,3135,35408473729366382559464582874722719/10779761415776787381565707434586,50084693357080093740313323912541861/32339284247330362144697122303758,P0/P1,false,pair:P0:P1:SW
961,3137,93143124440190691474382672522515171/28312490533817977948460744533874,43774783858650403498814405021882139/28312490533817977948460744533874,P1/P2,false,pair:P1:P2:SE
962,3142,57292880267613105240575938404943/17402813423347977577236377722,836796696826454934843040320602745/539487216123787304894327709382,P0/P2,false,pair:P0:P2:S
963,3145,171847456797072456735325332477070457/52129733592236776400348357331766,80820482976792475194244804444726689/52129733592236776400348357331766,P1/P2,false,pair:P1:P2:E
964,3149,90954592166248814763029842607910675/27598454858848542550272453096082,43024287051692906483415667740174027/27598454858848542550272453096082,P1/P2,false,pair:P1:P2:E
965,3151,172253104989145490143804277502790777/52129733592236776400348357331766,80982742253621688557636382455014817/52129733592236776400348357331766,P1/P2,false,pair:P1:P2:E
966,3156,22099435052885668432868379095363495/6688673907966278891866544687498,31235427691323215115852237722782333/20066021723898836675599634062494,P0/P1,false,pair:P0:P1:NE
967,3159,125060162278691797488736261007828767/37734754834562619391031547923290,58680614481455831551767449705825207/37734754834562619391031547923290,P0/P1,false,pair:P0:P1:NE
968,3166,138702198178064106043621885440506847/41783295599114182417960563183578,65231793631331926088346076536833655/41783295599114182417960563183578,P1/P2,false,pair:P1:P2:NW
969,3172,466544853785885529286242818562100739/140448648431123281389909025019442,220199752726637629108216501914359611/140448648431123281389909025019442,P0/P2,false,pair:P0:P2:N
970,3176,83837868045366136751633080516913915/25134171711755875095979181476098,39306980321448497695115495721040115/25134171711755875095979181476098,P1/P2,false,pair:P1:P2:E
971,3177,491123847385895361429319853694704159/147443440444256717763973459402074,33020185637588181452899878400528337/21063348634893816823424779914582,P0/P1,false,pair:P0:P1:NE
972,3181,546967169732271685630478877098588677/164023752685184453204949804791038,257034284083534470958203268028199949/164023752685184453204949804791038,P0/P1,false,pair:P0:P1:NE
973,3185,189302716706586530562390625691375173/56882057232894916553987898652286,89817295102388383613220137845836365/56882057232894916553987898652286,P0/P2,false,pair:P0:P2:NE
974,3187,221704433407667521740007889443412293/66314574332502416268036467419262,104001545217406774979524681303115085/66314574332502416268036467419262,P0/P2,false,pair:P0:P2:NE
975,3190,977409180209117899715415419082550031/292459464658393814457590668356858,459955629470587146746135873330159911/292459464658393814457590668356858,P0/P1,false,pair:P0:P1:W
976,3194,23887002560204777655710980315343939/7131467508051497965432600208306,258170099021338964501944314100216845/164023752685184453204949804791038,P0/P1,false,pair:P0:P1:SW
977,3200,580199833853049520961568434187735959/172476490770059428415829975165738,271237184167590205822200897317912815/172476490770059428415829975165738,P0/P2,false,pair:P0:P2:NE
978,3203,298322435795630802642527956503049783/88340959862773365763655226988266,46176016375579244157275502020776325/29446986620924455254551742329422,P0/P1,false,pair:P0:P1:SW
979,3204,4854619597920131297026254704916349/1444845280388593882910888123086,48631314266254578641179747912651/30741388944438167721508257938,P1/P2,false,pair:P1:P2:SE
980,3207,2006394428816032739745683998865096967/597382634436468217511945041302986,946107839704248033677155553093559263/597382634436468217511945041302986,P0/P1,false,pair:P0:P1:S
981,3211,572545515565308753073692537873496965/170308476809013038782750728506878,269670771339800991087287348999082381/170308476809013038782750728506878,P1/P2,false,pair:P1:P2:S
982,3213,1832793607046010252841658063439629027/545043701048732314948650588911474,863350906146571989208284796685487899/545043701048732314948650588911474,P1/P2,false,pair:P1:P2:S
983,3215,301449041836676233438382448051171071/89778376355366437034015143906970,85596557923289751535191913355991233/53867025813219862220409086344182,P0/P1,false,pair:P0:P1:SE
984,3218,2012235762781884420827780807235469575/597382634436468217511945041302986,948379469579857020764637645237593055/597382634436468217511945041302986,P0/P1,false,pair:P0:P1:E
985,3221,324738733363756523786475929903742755/96310317804586012778476640717042,152844314130655447185272099911630171/96310317804586012778476640717042,P1/P2,false,pair:P1:P2:E
986,3222,64498570174036701838695686464821933/19149046879685116166558067421166,30454395611752388872355213227399413/19149046879685116166558067421166,P0/P1,false,pair:P0:P1:NE
987,3226,99981676187974312092147912201977021/29446986620924455254551742329422,139177086234054585925392818103481487/88340959862773365763655226988266,P0/P1,false,pair:P0:P1:NE
988,3228,467300025160758016579911948848967123/138378083258229044104564014805778,220091307673642357359112974596006795/138378083258229044104564014805778,P0/P1,false,pair:P0:P1:NE
989,3230,534369566045571687258591457146730629/157739028561355867627148881075198,250401390069948845274607573437978253/157739028561355867627148881075198,P1/P2,false,pair:P1:P2:N
990,3233,325874548301561017330216975975759651/96310317804586012778476640717042,153331091961143087275446833942494555/96310317804586012778476640717042,P0/P2,false,pair:P0:P2:E
991,3236,120822372252726351681257942059909703/35761463241373964578065788147018,24481187666164007589231057720311419/15326341389160270533456766348722,P1/P2,false,pair:P1:P2:NE
992,3238,1706012591091773029485149222577406445/503210814639621187333362838983534,802185316948647856080902864484446773/503210814639621187333362838983534,P0/P2,false,pair:P0:P2:NE
993,3241,928800263831843557011816927308477623/273281155752513382776248906743274,435150517673255611661953319762040591/273281155752513382776248906743274,P0/P2,false,pair:P0:P2:N
994,3243,1017461398897885356972039338337010971/299905025333293919291150645875138,68498690153842449706576467717108885/42843575047613417041592949410734,P0/P2,false,pair:P0:P2:N
995,3249,637712769592230716828739027969486505/187213952978762989204511069256278,298238830784741674178674185588796241/187213952978762989204511069256278,P0/P1,false,pair:P0:P1:SE
996,3256,1413751144557794438855104434287499929/414610452507774590132430608206838,664843822516002505110226418587168961/414610452507774590132430608206838,P1/P2,false,pair:P1:P2:NE
997,3258,504791134185816634127414360077493057/148079678688759453529410552444646,713716389001877359346991239146715387/444239036066278360588231657333938,P0/P1,false,pair:P0:P1:SE
998,3262,4533573407691769062712404195155977409/1327576887194931125457511554502630,2131437764266917626560611881371802409/1327576887194931125457511554502630,P0/P2,false,pair:P0:P2:E
999,3264,4936062439690390916820958778935894377/1446091221428946207280715751011030,2326928030210417043507671163609988113/1446091221428946207280715751011030,P1/P2,false,pair:P1:P2:NE
1000,3278,4159642008415088760560767341186770969/1209062552960916043634307357994230,389785648093951055736975767991333389/241812510592183208726861471598846,P0/P2,false,pair:P0:P2:W
1001,3280,1952891635408386546476269315488982603/566752037129538542052735604923106,911668944520749639679990648220814531/566752037129538542052735604923106,P0/P2,false,pair:P0:P2:W
1002,3281,5785276490532809084103484104871902621/1680940726646024588512132462455694,2710862407959225841137004075226066277/1680940726646024588512132462455694,P0/P1,false,pair:P0:P1:E
1003,3287,8874655270477148798764864327053541939/2579699240786389222302962612121938,4179785253089182480212964835055369963/2579699240786389222302962612121938,P0/P2,false,pair:P0:P2:SE
1004,3289,17217304623170733044214786242908574309/4997824346708221309571577328110398,8085430179316495279025518259462533997/4997824346708221309571577328110398,P1/P2,false,pair:P1:P2:W
1005,3292,9547342616063353141331826167813514177/2769446967675249216652783613045222,4481850955581008048482960909122810409/2769446967675249216652783613045222,P0/P2,false,pair:P0:P2:E
1006,3294,543852609290375218754098223234350747/156436442501131990944260462557890,83315200541138096233589270659372849/52145480833710663648086820852630,P0/P2,false,pair:P0:P2:E
1007,3297,18734267627586850807471824476130849301/5433043023962367699738694106987358,8824967434941599821673826103650267805/5433043023962367699738694106987358,P0/P1,false,pair:P0:P1:SW
1008,3299,3014347955998328840334067943192395501/873091206419101221358550198493550,1417497515690456631882411101283055413/873091206419101221358550198493550,P0/P2,false,pair:P0:P2:NE
1009,3302,12231729699115969513300957421390322693/3545530329221933520227393689141502,5772038468125182744236794666243450381/3545530329221933520227393689141502,P0/P2,false,pair:P0:P2:N
1010,3304,272916289340737259246199357022352593/78999215415214549532212942431814,128663899608658565971518206893666745/78999215415214549532212942431814,P1/P2,false,pair:P1:P2:N
1011,3306,8483873919432345916763374946118336953/2449215868402033513893026743059126,3973058381114086255985572551009041633/2449215868402033513893026743059126,P1/P2,false,pair:P1:P2:N
1012,3313,25382189868096707275241545428089538597/7320555718702801879249994524833214,918876635455305358329365691795149729/563119670669446298403845732679478,P1/P2,false,pair:P1:P2:NW
1013,3320,12928419001762164479130522103414279881/3713203315045466306408433821968150,242721074114494684197183093424490009/148528132601818652256337352878726,P1/P2,false,pair:P1:P2:NE
1014,3321,25785615962115325443059970869929073871/7420307779131956961670175407243130,2433225723286953561370417675159221499/1484061555826391392334035081448626,P0/P2,false,pair:P0:P2:SW
1015,3322,1285719696035316096392944876651479399/370710446408649065526174158527498,609810176357240070192251104018385727/370710446408649065526174158527498,P1/P2,false,pair:P1:P2:NE
1016,3324,11378479629990254865797649806306027679/3271526336307343464459967765980250,5365414616114912847443260408578154807/3271526336307343464459967765980250,P0/P2,false,pair:P0:P2:SW
1017,3328,21757566525789956912347231777078891745/6247757154994234078605452887710886,10246520548428377915290083540911183945/6247757154994234078605452887710886,P1/P2,false,pair:P1:P2:E
1018,3330,58327516481379239228808439155566596107/16756717625422114685834226942180706,27536381207523508035020572848762498179/16756717625422114685834226942180706,P0/P1,false,pair:P0:P1:S
1019,3334,52412647159927614836281243314731530863/15014405114305525922627131665001786,24605632617693556617103570322339688327/15014405114305525922627131665001786,P1/P2,false,pair:P1:P2:SE
1020,3336,24553060205296900692637550657975714263/7021012198591516832780353417484458,34478878739189755214338853524786277261/21063036595774550498341060252453374,P0/P1,false,pair:P0:P1:S
1021,3337,21809489494375305188632536740371092705/6247757154994234078605452887710886,10267289735862517225804205526228064329/6247757154994234078605452887710886,P1/P2,false,pair:P1:P2:E
1022,3341,142873309391457312343709011375706144977/40863432096516952244320081038585414,22411914835979730197044442455629132947/13621144032172317414773360346195138,P0/P1,false,pair:P0:P1:W
1023,3345,56407184684586374120689889363941361671/16110421085963886145696835357646794,26512512056095516896218354154778755807/16110421085963886145696835357646794,P0/P1,false,pair:P0:P1:NW
1024,3350,64699307926381928452646318673373029799/18499030136538703449041322219359626,30674821671694852558078795228354111871/18499030136538703449041322219359626,P0/P1,false,pair:P0:P1:N
1025,3352,11416815650175783494616644462131443019/3261399638644396600580382966813922,27027216294364046483962203446011019983/16306998193221983002901914834069610,P0/P2,false,pair:P0:P2:SE
1026,3356,91367325258750047532328142815217829293/26010618836335087018686345750712814,43067483033660418723985627951022799861/26010618836335087018686345750712814,P0/P1,false,pair:P0:P1:NE
1027,3361,36820887529408616091074527014219926215/10465943020942572814778071997282378,52060633946102696322264801387601242845/31397829062827718444334215991847134,P0/P2,false,pair:P0:P2:E
1028,3364,135768301131257517389271671554272223113/38622609345528426589007135759750038,64285660539839718124270888898088531761/38622609345528426589007135759750038,P1/P2,false,pair:P1:P2:E
1029,3365,98439182725398308396035556066699740707/27964633170227937249027187266097906,46473007856555526142370980767146679387/27964633170227937249027187266097906,P0/P2,false,pair:P0:P2:S
1030,3367,206188589601996302333123016995763213697/58433071384771083999584035338976358,96815741270109129333204789908258789865/58433071384771083999584035338976358,P1/P2,false,pair:P1:P2:E
1031,3374,110878046336908634483506020748997386325/31397829062827718444334215991847134,52226787445575810806377777270136285917/31397829062827718444334215991847134,P0/P2,false,pair:P0:P2:E
1032,3377,26710061356107604710584301351318162159/7545415434802867720716150578888762,12527093419586394574408359963453551623/7545415434802867720716150578888762,P0/P2,false,pair:P0:P2:N
1033,3378,54726623450320887778641678136025223203/15437808759858048856894624141414130,25617492646126286549582636857692468827/15437808759858048856894624141414130,P1/P2,false,pair:P1:P2:NE
1034,3382,63935964274785699815707986292394641533/18064435419856736376037676873031886,30136113347049087075001987816729879365/18064435419856736376037676873031886,P0/P1,false,pair:P0:P1:N
1035,3385,22146988790180068984487019001770398945/6247757154994234078605452887710886,10420462493189294640845855167940057161/6247757154994234078605452887710886,P0/P1,false,pair:P0:P1:N
1036,3386,85987791542559751577740369943722549537/24173048780127010299661296223944230,40167914351311903488484665642184040073/24173048780127010299661296223944230,P1/P2,false,pair:P1:P2:E
1037,3390,125020749972462742191172380774282005359/35238204260600450602873644927546170,58872818913295065378716038347398719623/35238204260600450602873644927546170,P1/P2,false,pair:P1:P2:E
1038,3392,165212013296225973567295990805576447539/46488659932433453885766517149624658,77696358033431386165476936903380996843/46488659932433453885766517149624658,P0/P1,false,pair:P0:P1:NW
1039,3395,160076501625242892751771906506169221203/45094644472549974098988556823613970,75503073688714875622211190400957987339/45094644472549974098988556823613970,P0/P1,false,pair:P0:P1:NW
1040,3400,130571645392128609216978904780026839375/36632219720483930389651605253556858,61232256757484690406094760732356772199/36632219720483930389651605253556858,P1/P2,false,pair:P1:P2:E
1041,3402,163306262298034773487806574064110189223/45963833905913908244995847516269450,77307411898201282456359074710297265791/45963833905913908244995847516269450,P0/P2,false,pair:P0:P2:N
1042,3404,259274341439065581268959756777491337801/72761090560197403141726958999620630,121878328825397372145352932101520377841/72761090560197403141726958999620630,P0/P1,false,pair:P0:P1:W
1043,3405,65862263479820546498621894335111960937/18467720036157283214119664870097622,30899077103136804317894564485924140049/18467720036157283214119664870097622,P0/P2,false,pair:P0:P2:NE
1044,3408,155073294263565001751993629901699968237/43458748656134219528541476420941166,72850926512537793917961570966803813685/43458748656134219528541476420941166,P1/P2,false,pair:P1:P2:E
1045,3412,726122725099432685507008579427984929/203159986833341634026715757247526,67818572304736947875819107162374707071/40428837379834985171316435692257674,P1/P2,false,pair:P1:P2:SE
1046,3415,26185261512197050397583324623507564887/7325585476015795903296370644669866,12313965843658777660761675743300562095/7325585476015795903296370644669866,P0/P1,false,pair:P0:P1:NE
1047,3417,4307735138052556420588869595919632919/1204968925325139329495309860741674,6076586224682644169552022532577808973/3614906775975417988485929582225022,P0/P1,false,pair:P0:P1:NE
1048,3418,3230995898774991102971512366594964797/903032658593424570809840692290894,22771706155667209857159490044609124939/13545489878901368562147610384363410,P0/P2,false,pair:P0:P2:S
1049,3426,62144341211833375225430259168308574301/17316923313169246099662463261889550,29203323337226110297243141308892612133/17316923313169246099662463261889550,P0/P1,false,pair:P0:P1:W
1050,3430,67240796831020756050361288062808228319/18669362344307556633160658868630490,31467481668087916733967950688373193847/18669362344307556633160658868630490,P0/P2,false,pair:P0:P2:W
1051,3436,335164531010968141590364219576434531/93154745640774181610798215111282,158435150257223085248960749286299547/93154745640774181610798215111282,P0/P1,false,pair:P0:P1:N
1052,3439,57504807716197059231809913950780288731/15964484282030935566164267655148610,27146856880705696965659551782580834259/15964484282030935566164267655148610,P0/P1,false,pair:P0:P1:W
1053,3440,22448114385401277398555583953356937101/6232564478716859228269367683174702,10604810562547669264723752630178205909/6232564478716859228269367683174702,P1/P2,false,pair:P1:P2:S
1054,3444,58006356871867477853504874562324696415/16080035733409136445024664948574426,27369284099514539941056015734201742327/16080035733409136445024664948574426,P0/P2,false,pair:P0:P2:SW
1055,3446,26476030136275000744781032417943890263/7325585476015795903296370644669866,12448965561980683179103468647860284591/7325585476015795903296370644669866,P0/P2,false,pair:P0:P2:SW
1056,3448,45575166097833213094496211448920022525/12596335464063604866731402774688206,21395126705497956526411989246224086213/12596335464063604866731402774688206,P0/P2,false,pair:P0:P2:S
1057,3450,155763912675231708193859092008909577217/43055464039833672690459488423875430,73313344815064295995402191431305495657/43055464039833672690459488423875430,P1/P2,false,pair:P1:P2:SE
1058,3451,181910227793626384134403006160483647951/50335917895109654945103859362250106,85847106392245139502668769958770882023/50335917895109654945103859362250106,P0/P1,false,pair:P0:P1:S
1059,3453,163283854270355366955129169994576007451/45082664575112279906817753899014594,76685249865794702588745336128794778643/45082664575112279906817753899014594,P1/P2,false,pair:P1:P2:SE
1060,3456,390895531957198319525977331144663941561/107989797572486459933576988725904054,26309896835998864192035344682624340439/15427113938926637133368141246557722,P0/P1,false,pair:P0:P1:S
1061,3459,262611628822180076695860773657676567989/72434840244815656889551902531505438,123534414374648114835602001794718977853/72434840244815656889551902531505438,P1/P2,false,pair:P1:P2:NE
1062,3463,94326934468114899280590525722873284013/26010618836335087018686345750712814,44427864810596543562660617989278465013/26010618836335087018686345750712814,P0/P2,false,pair:P0:P2:SW
1063,3467,818001237626533735608846343365002090281/225199165188739194386318919040621910,384848108338941010566919694086950324177/225199165188739194386318919040621910,P0/P1,false,pair:P0:P1:W
1064,3470,228541277514689907515571329832702748749/62842225798982721370273308789849518,107334569953843599622271689050206171029/62842225798982721370273308789849518,P1/P2,false,pair:P1:P2:NW
1065,3472,250440199222040598513952760489809863135/68925676703326482500959079745401818,826245877420109053790188439367414105921/482479736923285377506713558217812726,P0/P1,false,pair:P0:P1:NW
1066,3475,2047557251819031115478132370886094598009/562207750721132002359775883079875894,960934732588524923160948805216182091937/562207750721132002359775883079875894,P1/P2,false,pair:P1:P2:N
1067,3485,1889047795364076398130078244571234790431/518128673767809177746596520073562458,891332657149849746290074413942211662007/518128673767809177746596520073562458,P0/P1,false,pair:P0:P1:E
1068,3487,165539719223026741107365185072397099419/45395733794188260640423764710665410,46870518980889787779076949996630027557/27237440276512956384254258826399246,P0/P1,false,pair:P0:P1:E
1069,3488,2054868005795848152779103309717636493177/562207750721132002359775883079875894,964257802577987212843208322866882953377/562207750721132002359775883079875894,P1/P2,false,pair:P1:P2:S
1070,3492,284288268045459626309680544955312369433/77842162166650633099651871052642038,134128222772576624691492722757512419649/77842162166650633099651871052642038,P0/P1,false,pair:P0:P1:NE
1071,3493,1663391727406744050156150821773967889843/454756646827425040856398374993622610,781906258369893118803614472880408952427/454756646827425040856398374993622610,P0/P2,false,pair:P0:P2:SW
1072,3494,526238655224905544917428641952718412111/143387998160822508457790890783054458,245393367279586620037643581850359273831/143387998160822508457790890783054458,P0/P1,false,pair:P0:P1:NE
1073,3500,1151346369546051490751731395055335983489/314211128994913606851366543949247590,108165337451209172042836568462881386389/62842225798982721370273308789849518,P0/P2,false,pair:P0:P2:NW
1074,3503,1211630909281845719142464864442817634999/330758335964315843102193705428308458,570190700708922442489101732604170941711/330758335964315843102193705428308458,P1/P2,false,pair:P1:P2:S
1075,3506,1182669288255723256272453985115046703393/322136975743577070440934322580807206,554263093958753580426523911570657439369/322136975743577070440934322580807206,P0/P2,false,pair:P0:P2:N
1076,3512,293365148968925926320708511589252872449/79823623853816498997043815710531942,138068861696409455438973405660447697257/79823623853816498997043815710531942,P0/P2,false,pair:P0:P2:NE
1077,3516,170120043338262054553329135883186674247/46309004962557206680312733700007242,401600945883886218525144027137767799707/231545024812786033401563668500036210,P0/P1,false,pair:P0:P1:S
1078,3518,41394448700777512257730884823688765459/11252503775287262987608932150229138,643301615470108257316900927762407979307/371332624584479678591094760957561554,P0/P2,false,pair:P0:P2:SE
1079,3521,1717719879739457133823882236421443851235/465932529953883141255886396738751858,808512608930350485403177860855103111195/465932529953883141255886396738751858,P0/P2,false,pair:P0:P2:S
1080,3528,1781327489464713651896875223459626364185/482479736923285377506713558217812726,14229460294541664618969940846952839859/8177622659716701313673111156234114,P0/P2,false,pair:P0:P2:SE
1081,3531,40609823062511255807462479903807599073/10998216790211448996484641866869414,19164974463746901007632986112626801993/10998216790211448996484641866869414,P1/P2,false,pair:P1:P2:S
1082,3532,1193303112222002583255684441597289460001/322136975743577070440934322580807206,559247698942947014949913188046708731529/322136975743577070440934322580807206,P0/P2,false,pair:P0:P2:E
1083,3535,1844602792191023941001642258732738790991/499026943892687613757540719696873594,290077132942206570222349735773420635341/166342314630895871252513573232291198,P0/P1,false,pair:P0:P1:N
1084,3536,1724366019718381713188401271722845574115/465932529953883141255886396738751858,811503371920866546117211426740733886491/465932529953883141255886396738751858,P0/P2,false,pair:P0:P2:E
1085,3544,145013154719510575848741448499032991559/39072231188219298929468098217530186,340815861536985703297597547023755224219/195361155941096494647340491087650930,P0/P2,false,pair:P0:P2:S
1086,3547,3038169558673429744660916554542702448643/817875467240649509143394936478573106,1431428694739691957725986017646193273147/817875467240649509143394936478573106,P0/P2,false,pair:P0:P2:SE
1087,3555,3468161572894155831681884674080861194167/929277331534819560373371798102314986,1627269496415646848027236113739726807567/929277331534819560373371798102314986,P1/P2,false,pair:P1:P2:W
1088,3556,3762085237306829939678143991386292789507/1006836080725672803187716682973276210,1760651506894325707046855672975931515451/1006836080725672803187716682973276210,P0/P2,false,pair:P0:P2:SE
1089,3566,4664411695034974237411261742048491026227/1245540154706814401099544106597044050,2186681635076030996147594141327051439083/1245540154706814401099544106597044050,P1/P2,false,pair:P1:P2:NE
1090,3567,6786525788867906383008420486190655364257/1815929355026024736658476375872320294,3200469894302307070327516284082744493577/1815929355026024736658476375872320294,P0/P1,false,pair:P0:P1:NW
1091,3573,6580084863292223299270257787312809494179/1756317431939646141765327941554292210,3095729996497861725421091066618747490523/1756317431939646141765327941554292210,P0/P1,false,pair:P0:P1:NW
1092,3574,7129749477583219444356334206905579527319/1904212992863786030647892970369188138,3360775198809189958956154955276155990511/1904212992863786030647892970369188138,P1/P2,false,pair:P1:P2:N
1093,3576,119231112517658722913848325181414775031/31923579827051983791611489684828010,56566292339654748853424094006928438607/31923579827051983791611489684828010,P1/P2,false,pair:P1:P2:NW
1094,3580,15835928434020217758382412988466169793297/4218726026601892244868147994569540550,7444100103850539239070853457929883800057/4218726026601892244868147994569540550,P0/P2,false,pair:P0:P2:NW
1095,3582,2530368141103286642504016347972052364609/674079913030343438328442862320628454,1190139152726997982510144187199480960937/674079913030343438328442862320628454,P0/P1,false,pair:P0:P1:NE
1096,3585,4004361406524353409700710612911842358847/1066166472041618110570032497205080602,9426361538493485880909047532648757450547/5330832360208090552850162486025403010,P1/P2,false,pair:P1:P2:W
1097,3587,7246585098462070743837279129749201363785/1932885059896008393783743017463878166,3431345614538708867062977500213994995953/1932885059896008393783743017463878166,P1/P2,false,pair:P1:P2:W
1098,3591,4009678318507493073192325841152963737151/1066166472041618110570032497205080602,1887399072491953041578455597826200041431/1066166472041618110570032497205080602,P1/P2,false,pair:P1:P2:W
1099,3594,3465384528443988933881863517781180686605/918552442887911509198300088476408366,1622943078315786388257581721807285876309/918552442887911509198300088476408366,P0/P2,false,pair:P0:P2:N
1100,3595,4014995230490632736683941069394085115455/1066166472041618110570032497205080602,9447629186426044534875508445613242963763/5330832360208090552850162486025403010,P1/P2,false,pair:P1:P2:W
1101,3598,381349129178830979788215099898032924055/101309449131652334145028901002745642,5584447915691068689558058844310071425777/3140592923081222358495895931085114902,P0/P1,false,pair:P0:P1:E
1102,3603,20130803728276130150081665243502200049467/5330832360208090552850162486025403010,9471555290350173020587776972698289166131/5330832360208090552850162486025403010,P0/P2,false,pair:P0:P2:W
1103,3604,8322391783372837206009355462175826970891/2205053865150546638492714628622988130,3924126318057672740850045919038301113731/2205053865150546638492714628622988130,P1/P2,false,pair:P1:P2:NE
1104,3610,8717112930324585785008279355609569844329/2300463486162186763233658877305402582,4086638293824578717569113101099885571857/2300463486162186763233658877305402582,P0/P2,false,pair:P0:P2:SW
1105,3613,15311646872075351372180850008390523505445/4042158750926369656889314805575804862,7196597034604943834823285503858479757869/4042158750926369656889314805575804862,P0/P2,false,pair:P0:P2:S
1106,3614,5165467607696507782983993223237437236055/1362113419352918561648884784794726826,2423311135139339728767308400585648092847/1362113419352918561648884784794726826,P1/P2,false,pair:P1:P2:NW
1107,3617,2660226901090278583999342091593767613139/706856043170358954489344038248706322,1273034023099839897409856607884424786059/706856043170358954489344038248706322,P1/P2,false,pair:P1:P2:NW
1108,3618,14979464639229095055510568630659996987383/3951093503952901065481236837499427178,7045438034642399486347655603907940181071/3951093503952901065481236837499427178,P0/P2,false,pair:P0:P2:SW
1109,3620,13580069112082665570412756639840457599055/3584792721405736125861640277148963962,6400754237605273078260511956119303192679/3584792721405736125861640277148963962,P0/P2,false,pair:P0:P2:SW
1110,3621,19767746493857983010765792229695497203115/5205793883149093539832322089977588514,1323464063384771196204562566380386505989/743684840449870505690331727139655502,P1/P2,false,pair:P1:P2:W
1111,3622,8971213960806994208672049389308137144253/2356277859331113503201655117919282254,464335103646539868909218309136645509021/261808651036790389244628346435475806,P0/P1,false,pair:P0:P1:S
1112,3628,28002718459246550815047829731753488555779/7365828592645839647378628881097399346,13148970985777099992526039470771167645755/7365828592645839647378628881097399346,P0/P2,false,pair:P0:P2:SW
1113,3631,19123535181839077275109663522894599555235/5031110858701274119254390233059332594,2999477709883509874292645604481471329865/1677036952900424706418130077686444198,P1/P2,false,pair:P1:P2:W
1114,3635,6794646254927455401374770646757006107995/1786128352153456247245654375944121154,3200256761019587707425258367959752272467/1786128352153456247245654375944121154,P0/P2,false,pair:P0:P2:SW
1115,3640,2909797751546140366601792979505346411399/762875259116232936445085616090621130,1367556767904867902724729001142656131679/762875259116232936445085616090621130,P0/P2,false,pair:P0:P2:NW
1116,3646,51442708367824904923112199465898813081171/13481671733242203604385237382151321106,24230404084076865436855515758741123919883/13481671733242203604385237382151321106,P1/P2,false,pair:P1:P2:NW
1117,3647,66577336829164323231245731877623301236017/17415209242381887420441485774887111814,31238802417275482209381338861440629049625/17415209242381887420441485774887111814,P0/P1,false,pair:P0:P1:N
1118,3650,680697336223777570506924777868661749231/179195825630091554414025954081104442,325270005887978104757540012099986511623/179195825630091554414025954081104442,P0/P1,false,pair:P0:P1:NW
1119,3653,123033595427671239135640208615122297895271/32172548563006567646090590681739815946,57882505242749002601396089099533835322175/32172548563006567646090590681739815946,P0/P2,false,pair:P0:P2:NW
1120,3656,24066007483979015471621728740922619741783/6285811237897466593605475485537493930,11291680306465483798844832369574878646703/6285811237897466593605475485537493930,P1/P2,false,pair:P1:P2:NE
1121,3657,41447060475246134074373869227301474381097/10838371306552031142343021078768918870,3900957271339819004123107929533539638365/2167674261310406228468604215753783774,P0/P2,false,pair:P0:P2:NW
1122,3661,123225004259064267021338356831802667514215/32172548563006567646090590681739815946,57978209658445516544245163207874020131647/32172548563006567646090590681739815946,P0/P1,false,pair:P0:P1:NW
1123,3667,123437680738389853561002965961447522646375/32172548563006567646090590681739815946,58084547898108309814077467772696447697727/32172548563006567646090590681739815946,P0/P1,false,pair:P0:P1:NE
1124,3673,29821337324068729621999100718006849130321/7755337697407111242552159802648786246,14017855039381248143890048532452154970169/7755337697407111242552159802648786246,P0/P1,false,pair:P0:P1:E
1125,3676,15867838592099662059641874748330267773923/4123982473436010306301091561984597362,4751820770249512584850582666682400370519/2624352483095642922191603721262925594,P0/P2,false,pair:P0:P2:SE
1126,3679,124988923523122293777034693825942943128225/32466247184003949422911218426439952166,58826084100027053782748898686429492851721/32466247184003949422911218426439952166,P1/P2,false,pair:P1:P2:N
1127,3683,57273966183657517043546427947390243051279/14862688233216406521584482330168358138,26972852661063913064282504704493205744935/14862688233216406521584482330168358138,P0/P2,false,pair:P0:P2:W
1128,3690,17174439121716472489476694114454825263701/4455869022332618177864901218992305374,8125394237002809774768784863580668624093/4455869022332618177864901218992305374,P0/P2,false,pair:P0:P2:N
1129,3693,24482096873941302327776007059879982702553/6321771092366378807239952169999950710,11463547200125680277254265489822355281921/6321771092366378807239952169999950710,P0/P1,false,pair:P0:P1:NE
1130,3698,2508757708284705320406018368841180883775/646862040286506969565026604235001882,345722400627586979682816250678589917187/190253541260737343989713707127941730,P0/P1,false,pair:P0:P1:NE
1131,3702,132317865631143148887630455572240905736307/34181245488765431221033865879329021650,62347578982253898404897786141105391785771/34181245488765431221033865879329021650,P0/P2,false,pair:P0:P2:NW
1132,3709,75749545866460768143438606619556688034229/19529006378273810031610686341739914526,35763581463934870897613072812539574260541/19529006378273810031610686341739914526,P0/P1,false,pair:P0:P1:NE
1133,3721,5769282419529836324462990814997090962349/1480698548725565402040934988502005230,2723964142602274319376429717384946921973/1480698548725565402040934988502005230,P0/P2,false,pair:P0:P2:W
1134,3725,197513716126349870921232124968152085023533/50556591813565710094263872121344213742,30919716643396076271700931021961308389159/16852197271188570031421290707114737914,P1/P2,false,pair:P1:P2:S
1135,3732,79612228830766335574626509411081958644735/20326960173202044429763110773723774106,37409386273749444592305227964252361765783/20326960173202044429763110773723774106,P0/P1,false,pair:P0:P1:S
1136,3733,120424775646334063682078850765028097238223/30751248879242467624788570973550882682,56623183389618845706520587835551695737063/30751248879242467624788570973550882682,P1/P2,false,pair:P1:P2:S
1137,3737,144621502227518120558853261932328622434049/36916511167380822902590563436691060070,68099402294641737987281697791665810737001/36916511167380822902590563436691060070,P0/P2,false,pair:P0:P2:SW
1138,3739,107570771232401250054767898231687801162701/27428585958632312389590617926788571822,50600543605549361462882086396500860731157/27428585958632312389590617926788571822,P0/P2,false,pair:P0:P2:SW
1139,3740,75336122246120215914612537598661242509435/19235307757276428254790058597039778306,35564370284296372605086395179400909693555/19235307757276428254790058597039778306,P0/P1,false,pair:P0:P1:NW
1140,3747,103567416107526676505464767023677734931403/26349046701366253627447340684066491362,16250917455872478194827969583849227461825/8783015567122084542482446894688830454,P0/P2,false,pair:P0:P2:NE
1141,3750,126521489688610858386139798341297922062695/32172548563006567646090590681739815946,59562649429421136264746501223728190866239/32172548563006567646090590681739815946,P0/P1,false,pair:P0:P1:SW
1142,3757,126734166167936444925804407470942777194855/32172548563006567646090590681739815946,59668987669083929534578805788550618432319/32172548563006567646090590681739815946,P0/P1,false,pair:P0:P1:SE
1143,3760,75630094937003608022423578788089683017263/19191620223504898699027396057427930042,35646766818680472135631235980880982554951/19191620223504898699027396057427930042,P1/P2,false,pair:P1:P2:N
1144,3763,165515060328460321392872140989456480547793/41979117216015186179716639976980611142,78034168526908672358932915376244683589817/41979117216015186179716639976980611142,P0/P2,false,pair:P0:P2:SE
1145,3769,58714849331088365849774154800734136571663/14862688233216406521584482330168358138,27674685042838348645175714832321227681063/14862688233216406521584482330168358138,P0/P2,false,pair:P0:P2:S
1146,3774,427804889202649956912776724684621169562143/108113875558715085827690315054972611930,40303171608196908672371552604510686844043/21622775111743017165538063010994522386,P1/P2,false,pair:P1:P2:S
1147,3778,520901113210780449094184270177206342135749/131443036856006982629574805522976694142,244950807606550111517148573216829737746381/131443036856006982629574805522976694142,P1/P2,false,pair:P1:P2:W
1148,3782,58938159634380231716421994386861234460431/14862688233216406521584482330168358138,27770389458534862588024788940661412490535/14862688233216406521584482330168358138,P0/P1,false,pair:P0:P1:S
1149,3783,521751819128082795252842706695785762664389/131443036856006982629574805522976694142,245291089973471049980611947824261505957837/131443036856006982629574805522976694142,P1/P2,false,pair:P1:P2:W
1150,3786,346275643170757131142404096477890526825653/87204610930863524694993827499191187230,32557515896919198424593650272789826425561/17440922186172704938998765499838237446,P1/P2,false,pair:P1:P2:W
1151,3790,522602525045385141411501143214365183193029/131443036856006982629574805522976694142,245631372340391988444075322431693274169293/131443036856006982629574805522976694142,P1/P2,false,pair:P1:P2:W
1152,3791,466908058170511435869874526444781875784143/117371345291378369896626682943786757498,73066824921196905740966381223023170297677/39123781763792789965542227647928919166,P0/P1,false,pair:P0:P1:SW
1153,3794,194902944929844279364635819792221674420615/48996120618939845519989685542782720202,91674883260080057424721478107414527889503/48996120618939845519989685542782720202,P1/P2,false,pair:P1:P2:NW
1154,3799,278303743979802266684057008339827042320113/69905385246791406652686173098564144902,131253867733770954822269426284598250510553/69905385246791406652686173098564144902,P0/P1,false,pair:P0:P1:E
1155,3801,170536351760874566229284070482043900429415/42795421935570886020157030794236317194,26784010108683399911744844715134042374677/14265140645190295340052343598078772398,P0/P2,false,pair:P0:P2:SE
1156,3808,68788276791110609060034614235889041660713/17205963289374799517542263304078128470,32330090479824212097879633244792541129681/17205963289374799517542263304078128470,P0/P2,false,pair:P0:P2:SE
1157,3811,1144384946783601529102548757776066840457627/286203444065682859762689784163130936514,538164200713381183664965422666989282324627/286203444065682859762689784163130936514,P1/P2,false,pair:P1:P2:E
1158,3814,378771016239198420790254260996318297597749/94815851254251319191033588145152968222,178693348519967743968855301323838105926845/94815851254251319191033588145152968222,P0/P2,false,pair:P0:P2:SE
1159,3817,767151630525530909624304904824296135187509/191741113641588234410564854795930625054,1084526853541418240707285294792817351814455/575223340924764703231694564387791875162,P0/P1,false,pair:P0:P1:S
1160,3821,905966788544345059828365683208658166901233/226057469672400541307535756168464232710,1278709196499361350795468114282372637881227/678172409017201623922607268505392698130,P0/P2,false,pair:P0:P2:SE
1161,3823,4313241861209251965540831243683467498528245/1074520553883620239053119835127294416542,2023436141430382858969383228142575680614781/1074520553883620239053119835127294416542,P1/P2,false,pair:P1:P2:E
1162,3825,1891815064858569047529999871468437674650475/472274272832327782540781860270191052194,893066769518842638326809472162716211439331/472274272832327782540781860270191052194,P0/P1,false,pair:P0:P1:S
1163,3828,754954613196530614093694180188956867228231/188524634245777697833219140538420507978,357442820005637497164017367361084988069663/188524634245777697833219140538420507978,P0/P2,false,pair:P0:P2:SW
1164,3833,154824030157075056543824890979964870036209/38458016906179189455769847249152972550,363073662403120865089477384645706017609789/192290084530895947278849236245764862750,P1/P2,false,pair:P1:P2:S
1165,3839,3475751203390361017855219092951913308688759/863853029342995657297471545415797224042,1638742241675534378347696477071672365179343/863853029342995657297471545415797224042,P0/P2,false,pair:P0:P2:NW
1166,3840,3424776471483534515889080946030165534023731/849855854445243696899489120107644331346,1609213853248420635640806494844673638059243/849855854445243696899489120107644331346,P1/P2,false,pair:P1:P2:S
1167,3850,1525178422545143671371331838151570247240875/377315425052235655012572770457147147554,717217773705031188138332751739222542436899/377315425052235655012572770457147147554,P0/P2,false,pair:P0:P2:S
1168,3854,4986034523716000318282754850033767539883363/1233903710385675072764918613838561793650,470222770536481257201393541309577326674207/246780742077135014552983722767712358730,P1/P2,false,pair:P1:P2:S
1169,3857,3440578414006061187283729184201337677300569/849886002935573429844203988984004610166,1619244967429832338725812242352116938303361/849886002935573429844203988984004610166,P0/P1,false,pair:P0:P1:NW
1170,3859,999377079770876627680390188179079706372901/246565997125348524858263149927915136958,156377509714566131949099246140646952427023/82188665708449508286087716642638378986,P0/P1,false,pair:P0:P1:NW
1171,3863,2677707168291961435329066305910969359716561/658034989174130805979090738570179219014,1248914652209453486470496251366533155368377/658034989174130805979090738570179219014,P1/P2,false,pair:P1:P2:W
1172,3864,877682090546624446437910601965875908946667/216303828266499243850422209556274172578,2062020101328405422765264441776298818976751/1081519141332496219252111047781370862890,P0/P1,false,pair:P0:P1:N
1173,3865,1106169613525677296401303758078484720383221/274055911665528951963565845040293019806,1580154849802777836358786190092417824711031/822167734996586855890697535120879059418,P0/P2,false,pair:P0:P2:NW
1174,3867,2677829959254402298301693647991395258658643/659375697273369190206087092844583980050,251286354945742236619357251350681719134671/131875139454673838041217418568916796010,P0/P2,false,pair:P0:P2:NW
1175,3870,9001397360399703579726592952911277768659373/2217110305780716542664060643221785860590,846529043760154233168334827221226625530673/443422061156143308532812128644357172118,P0/P2,false,pair:P0:P2:NW
1176,3871,80873374516443344072939097172114302975183/19861831793015273536434227176263892858,188911200696589605613937246873758555671683/99309158965076367682171135881319464290,P0/P1,false,pair:P0:P1:NW
1177,3876,4336842176811173428640304872814314347107609/1066989653313383740161859643712605706998,2042799869658300584830166908242192760565569/1066989653313383740161859643712605706998,P0/P1,false,pair:P0:P1:SW
1178,3880,1314004591354370484862594365287520590438207/323864484583134913160411866144048859162,3116006606687796351499838664864326660615219/1619322422915674565802059330720244295810,P1/P2,false,pair:P1:P2:NE
1179,3883,3589870576788765562440617062761762650367955/877604270874560003797710442847130160914,1671946379733724379631373278909086780353931/877604270874560003797710442847130160914,P0/P2,false,pair:P0:P2:NE
1180,3888,10512417987714354576087574639055584342591429/2576251353522326360212150725541194297214,4946379765904361060656762125157123287881677/2576251353522326360212150725541194297214,P0/P1,false,pair:P0:P1:S
1181,3890,8375605078175960422100763932961492868015739/2054654646894675689711338335451391573506,3953034419719752163358000105265490058289267/2054654646894675689711338335451391573506,P0/P2,false,pair:P0:P2:SW
1182,3896,1764897352124784901029790992246675752419611/431591337646688232591986684139297421762,830252428967487957397152284967808630443027/431591337646688232591986684139297421762,P0/P1,false,pair:P0:P1:NW
1183,3898,10776415227927821475610308376163716344866557/2633244382375395773299188646542309836750,5066009791234171185240184112985985516676549/2633244382375395773299188646542309836750,P0/P2,false,pair:P0:P2:S
1184,3900,21057264259114511342086199099995854247115067/5148244300326571732899141726246362510978,9916708670515843527920321355129872835596595/5148244300326571732899141726246362510978,P0/P2,false,pair:P0:P2:S
1185,3902,16271775339652198208371306913956975827351447/3973875340504932815439506542190910620458,7649293746100647383592421041117493365425391/3973875340504932815439506542190910620458,P0/P1,false,pair:P0:P1:N
1186,3904,15583682218873074670986856537078227930163361/3807613342197034690758823830597761727270,2446289744506700781661166140239091092743683/1269204447399011563586274610199253909090,P0/P1,false,pair:P0:P1:N
1187,3905,4366909816062656876397709180348735848657819/1068330361412622124388855997987010468034,2064608851588237696921918647141202465751699/1068330361412622124388855997987010468034,P0/P2,false,pair:P0:P2:SW
1188,3911,4372354333933391891813123174067644140041115/1068330361412622124388855997987010468034,2067331110523605204629625644000656611443347/1068330361412622124388855997987010468034,P0/P2,false,pair:P0:P2:SW
1189,3913,10567108748346586456186969260405519054308553/2578932769720803128666143434090003819286,4987275470828867777132558606095688552562289/2578932769720803128666143434090003819286,P0/P1,false,pair:P0:P1:NE
1190,3916,1771702999463203670299058484395311116648731/431591337646688232591986684139297421762,833314970269776403568322656434694544346131/431591337646688232591986684139297421762,P0/P1,false,pair:P0:P1:NE
1191,3917,3484273731692679816473014697702437546428841/849604772129728304025712065165518339158,1644224101502859447402031939287360701972049/849604772129728304025712065165518339158,P0/P2,false,pair:P0:P2:S
1192,3921,16337109554101018393356274838583875323950999/3973875340504932815439506542190910620458,7679238594389689968377198006571488968033519/3973875340504932815439506542190910620458,P0/P1,false,pair:P0:P1:E
1193,3925,4393993230695593447608805585193443767512395/1068611592218467250207347921805496739042,2072977389473462557665109661734271986805699/1068611592218467250207347921805496739042,P0/P1,false,pair:P0:P1:SW
1194,3929,21570608046476943502969639361649816491082661/5235071244586911531127658959241990499006,10148291846549347750563004396284745841993389/5235071244586911531127658959241990499006,P1/P2,false,pair:P1:P2:N
1195,3930,3047569747704644084860700701814013848913635/738142963194079924736689311557658779506,4281584058743392203720208551529554670797137/2214428889582239774210067934672976338518,P0/P2,false,pair:P0:P2:S
1196,3932,16388832473873001039802707778913504092092311/3973875340504932815439506542190910620458,7701016665872630030038853981447122133566703/3973875340504932815439506542190910620458,P0/P2,false,pair:P0:P2:S
1197,3938,1085502332039553735928159388223418792137527/262323662397454311280410935342915855594,507961455162043148195711838763903625058703/262323662397454311280410935342915855594,P0/P1,false,pair:P0:P1:NE
1198,3943,14358690949524765737486430642134545037815303/3485225535234745060440223490645349221322,2273618760827364079755627625238934438015733/1161741845078248353480074496881783073774,P1/P2,false,pair:P1:P2:W
1199,3945,13034723091142052723016092805568795548281627/3157201231512470824174728848554831771074,6159679291621079440646846069400410152257043/3157201231512470824174728848554831771074,P1/P2,false,pair:P1:P2:W
1200,3948,3121266560251432227562346047564078000966591/755160588751167939229397756142253540122,490707154940741300708704318302568694727453/251720196250389313076465918714084513374,P0/P1,false,pair:P0:P1:W
1201,3950,3978469796956468365827558524981276153150367/961361159498957563220151066861065516634,5617292426956711776362057569861238521201829/2884083478496872689660453200583196549902,P1/P2,false,pair:P1:P2:W
1202,3952,185474754745121989910488964693720639626947/44892630967701227193511260289926054578,87685547736804513766300812897930813076987/44892630967701227193511260289926054578,P1/P2,false,pair:P1:P2:NW
1203,3955,400886962937716228889677058435788067822641/96692253595112071713274601200998233734,188163912831157928177009632248197937649689/96692253595112071713274601200998233734,P1/P2,false,pair:P1:P2:NW
1204,3957,4550230215537455097900934519652337642870805/1096048629351608698342362451850136018782,2130921558568967276366014667995443036260509/1096048629351608698342362451850136018782,P0/P1,false,pair:P0:P1:N
1205,3959,46691727054092239046156112548790937093275887/11257113476366185996096550724512728564794,7318860335117733443699498050611303281248429/3752371158788728665365516908170909521598,P1/P2,false,pair:P1:P2:W
1206,3964,15582057410933196400103417495326673335702949/3752371158788728665365516908170909521598,21978359076836140392760150126709543009278471/11257113476366185996096550724512728564794,P1/P2,false,pair:P1:P2:W
1207,3967,4563841510214292636439469503949608371329045/1096048629351608698342362451850136018782,2136366076439702291781428661714351327643805/1096048629351608698342362451850136018782,P0/P1,false,pair:P0:P1:N
1208,3969,1795487971467484736275001315978076506935175/431661645348149514046609665093918989514,281021152665601244727348779583392236455797/143887215116049838015536555031306329838,P1/P2,false,pair:P1:P2:NW
1209,3974,17427159492448032113075444430393728939362057/4186514998934656653218048761964766007446,2730474120227061446343291421953989608934971/1395504999644885551072682920654922002482,P1/P2,false,pair:P1:P2:NE
1210,3976,14186875836860513465345544207491200562864555/3409266569648000055684410270367598109474,20039172811578530756439159823469425288246633/10227799708944000167053230811102794328422,P0/P2,false,pair:P0:P2:W
1211,3979,664700621565186837285437144465505341408539/159827927795195869034547338596044067266,313776652166664410771572564271853057568787/159827927795195869034547338596044067266,P1/P2,false,pair:P1:P2:E
1212,3986,14290101250242353785855082009372464350677561/3428711685459412728299598899230757447094,2249217654718100363625664758026725238685131/1142903895153137576099866299743585815698,P0/P1,false,pair:P0:P1:S
1213,3991,12060633301896310452037197430478719161266909/2884083478496872689660453200583196549902,270082743126860091929342738430967687382609/137337308499851080460021580980152216662,P0/P2,false,pair:P0:P2:S
1214,3995,57834677921881734075348398321026053325831/13813179085016010244753514457285461962,189992930553357972418125270763143691786265/96692253595112071713274601200998233734,P0/P2,false,pair:P0:P2:SW
1215,3999,10807750314685133876587091354967543871895593/2579495231332493380303127281726976361302,5082958055724975222142443544205997819728081/2579495231332493380303127281726976361302,P1/P2,false,pair:P1:P2:E
1216,4002,15156630573025233143323131030041210931909655/3608808998754679209346447195136910597674,7103812089043610089694643753229739911509359/3608808998754679209346447195136910597674,P0/P2,false,pair:P0:P2:NE
1217,4006,10895168739468875361853565097178842946207841/2602931287890388307211296004961273622950,5155355496646901312388726387678067366211529/2602931287890388307211296004961273622950,P0/P2,false,pair:P0:P2:E
1218,4009,4038359493534553535397112455889267358366623/961361159498957563220151066861065516634,5693515677147001992177853481925954600567973/2884083478496872689660453200583196549902,P0/P2,false,pair:P0:P2:S
1219,4010,12608815479041829000790640613077995316502833/3004103458395953054301363090478866904198,5939805840357945725879081880878174079116569/3004103458395953054301363090478866904198,P0/P1,false,pair:P0:P1:N
1220,4014,17110369324808751719477095980848055167916213/4066495019035576288577138872069095653150,8034966742337368359682976763271736156080701/4066495019035576288577138872069095653150,P0/P2,false,pair:P0:P2:NW
1221,4016,10709521905965660578790815599460233994329235/2546417438115055975070671413546681848722,5035873776417862532967818839430719291461707/2546417438115055975070671413546681848722,P0/P2,false,pair:P0:P2:NW
1222,4017,7531819890995368447879259176509998168384801/1791132497814464238601434055501687264806,10647149857672657544652102484344635171129243/5373397493443392715804302166505061794418,P0/P1,false,pair:P0:P1:NE
1223,4020,19541511521418233643984122195908367771175847/4644201019215553732448740438896951062922,3068989013657111782652374726182347862605781/1548067006405184577482913479632317020974,P0/P2,false,pair:P0:P2:NW
1224,4022,9627608108443039623684282193681194354013441/2285821362912733419205182925840050030950,4528670299762970982495147883932918632809833/2285821362912733419205182925840050030950,P0/P2,false,pair:P0:P2:NW
1225,4023,7777236144397748122122157149391801874777025/1837777079291378818298778393853862226406,3615758627820279434758468684945397701087785/1837777079291378818298778393853862226406,P0/P1,false,pair:P0:P1:NE
1226,4024,20577642631509974261920053952845270987113019/4887266510624833393567261014766321306754,9694287337032756100742668938771451837432371/4887266510624833393567261014766321306754,P1/P2,false,pair:P1:P2:W
1227,4032,20151545443791364484454034305294653115134343/4775135377859253445349031891761915275466,9504082551771566596631052861227232368904287/4775135377859253445349031891761915275466,P0/P2,false,pair:P0:P2:W
1228,4039,35831241643613766083252870459613147566504201/8450689536442011081946588679469639728278,988290236580055626537232832690878074569377/497099384496588887173328745851155278134,P0/P1,false,pair:P0:P1:N
1229,4041,13375986482387754747552924910940072751490785/3162658420884780498304419630039478700198,6315760394313363568103132060518193796725321/3162658420884780498304419630039478700198,P0/P1,false,pair:P0:P1:N
1230,4042,100809590186858522883700345980027052681255605/23805084983525433857522514747659164044062,47458880067945432972148470050553628029934653/23805084983525433857522514747659164044062,P0/P2,false,pair:P0:P2:SW
1231,4046,123535341520937860558698736602241180190429067/29098214673679624251659967537267055970914,57935410798448136512200821816340075840665603/29098214673679624251659967537267055970914,P1/P2,false,pair:P1:P2:S
1232,4049,114792918854825132671199845456506330405769979/27013446072061043804736059635614001428738,17944742280747707995032047407535468080128081/9004482024020347934912019878538000476246,P0/P2,false,pair:P0:P2:NW
1233,4050,37016382559700657045881232781473549968765849/8735629138551407244124499808869074469366,17485368317241971090319554381885506599629249/8735629138551407244124499808869074469366,P1/P2,false,pair:P1:P2:SW
1234,4052,6566467513223183030343709337918902740430477/1548067006405184577482913479632317020974,9283190291161625563772920090611759667183487/4644201019215553732448740438896951062922,P1/P2,false,pair:P1:P2:SW
1235,4055,32500160684505237334297947237852207203815935/7604624699906053388442758871246808793242,15063696438479285531990884205578304004217239/7604624699906053388442758871246808793242,P0/P1,false,pair:P0:P1:NW
1236,4058,21118916975618149599804251015106301543743129/4969493856866944816196893739697138263030,49705474689394399790655713621301162319873989/24847469284334724080984468698485691315150,P1/P2,false,pair:P1:P2:SW
1237,4060,15678220788502845699393346194494390615930365/3680060707816708958514241842838794912206,66075947310245385990049866386962799298720493/33120546370350380626628176585549154209854,P0/P1,false,pair:P0:P1:W
1238,4063,247853062686006110073540208265054757113196227/58189651494478079775253665791927521419954,116289520786839052506286838787757602411775483/58189651494478079775253665791927521419954,P1/P2,false,pair:P1:P2:SW
1239,4070,37894372262625118194387935372055128217057807/8889927304390471105183097428594366605050,124866185260812673826016409041009856844806417/62229491130733297736281682000160566235350,P1/P2,false,pair:P1:P2:NW
1240,4078,89352973472442256514325814157588471889494033/20906345773771706982843942685678848647622,42028067803899663213375537555762672492711673/20906345773771706982843942685678848647622,P0/P2,false,pair:P0:P2:SW
1241,4080,58037028458895895496642783383636571881247599/13582027431213447277515076226108897305402,27353042395801042877539979812585112812023943/13582027431213447277515076226108897305402,P0/P1,false,pair:P0:P1:NW
1242,4083,283103710420404345881124006441229701236276751/66269330766988515697309698208393611050746,133660630449615695762362539043018442933169191/66269330766988515697309698208393611050746,P0/P2,false,pair:P0:P2:SE
1243,4088,708146510962739636031835018091974065125653053/165357990323595710520659387369128789947214,333265069600496418537769851808668896647187205/165357990323595710520659387369128789947214,P0/P1,false,pair:P0:P1:E
1244,4089,887375131623214710540366389804166204877437535/207170681871139124486347272740486487242458,417582542066091025704460798618701839619008759/207170681871139124486347272740486487242458,P1/P2,false,pair:P1:P2:SE
1245,4092,386709208308143952678493835351281473750500893/90424781120419639663106028252774912593550,60910864987932523694665213950208563945360887/30141593706806546554368676084258304197850,P1/P2,false,pair:P1:P2:E
1246,4095,1208382475203203389004539877396215277782947779/281737293312551870071166718952983832787122,567847693750605009223215879072742352699791099/281737293312551870071166718952983832787122,P0/P1,false,pair:P0:P1:E
1247,4098,36162673176483043376603680158013697331981127/8626764996161409566913981515159597640522,18019228526212955971980419683895707798517791/8626764996161409566913981515159597640522,P0/P1,false,pair:P0:P1:NE
1248,4099,1701058753869172774701631998061840075814528959/396948197974153791145298793553850522282778,267664429140813927268252281839925100909549341/132316065991384597048432931184616840760926,P1/P2,false,pair:P1:P2:NE
1249,4100,1628733407516206687948424637745812681150566705/379694667981830972011470830523531327001734,766954830370015869860796006151983887131612441/379694667981830972011470830523531327001734,P0/P1,false,pair:P0:P1:NE
1250,4102,2570986871043003741996736411449144736378420945/598723660117578972635208118448718537482822,1207758295068461515915206036262757240783899577/598723660117578972635208118448718537482822,P1/P2,false,pair:P1:P2:E
1251,4105,1421960408165347376672358782233731205474951789/331196588289765415117005431499986176067182,668903667284409483502067524576251340957877941/331196588289765415117005431499986176067182,P0/P1,false,pair:P0:P1:N
1252,4106,303743843845849890857307683149208044196823949/70469232272088377191183626962446772427054,141605044353502163447381315152162557037960405/70469232272088377191183626962446772427054,P0/P2,false,pair:P0:P2:NE
1253,4109,4126883382012482618361960638402534028242229061/960422784599257531287632231459818187857022,1942521615504649251103640055243371445262070605/960422784599257531287632231459818187857022,P1/P2,false,pair:P1:P2:SE
1254,4115,1738911498134222947566269488124691227835875495/404123126604423766768564704004377886429066,819040981671645858905762441367913316107009151/404123126604423766768564704004377886429066,P1/P2,false,pair:P1:P2:SE
1255,4118,1970468166225844780013850957110931260955391927/457785195573402218252840864523824992628714,927684248655000557899721866340523302544757263/457785195573402218252840864523824992628714,P1/P2,false,pair:P1:P2:S
1256,4124,333425198065883205438944836136714475791754089/77306358927435648705071800890271138643670,52460931311769849854371053181328574823001947/25768786309145216235023933630090379547890,P0/P2,false,pair:P0:P2:SW
1257,4127,1625800313022734641422979479491559582266379017/375644069211716368650004225469758353942678,761393343199010266217642953375558431142416049/375644069211716368650004225469758353942678,P0/P1,false,pair:P0:P1:W
1258,4129,13505633670316786097241341159051134699324523/3119550859937301906685551022175945816994,65379195663825219113865910447851309635318143/32235358886018786369084027229151440108938,P1/P2,false,pair:P1:P2:S
1259,4132,2114657955477280487110205440919387136751618909/490420670925868194155780626537568297281038,1002502221286575778048995165562797410306085157/490420670925868194155780626537568297281038,P0/P2,false,pair:P0:P2:NW
1260,4135,4141072505154012968371184254262225742748478305/956806013072507156969683068971496210912166,1949127654574954593962494448026781870878397129/956806013072507156969683068971496210912166,P0/P1,false,pair:P0:P1:NW
1261,4136,3493852767469660752088576393068468939148225703/806560660384475838520039197351984934623114,547219911903582916479026901109984000555434709/268853553461491946173346399117328311541038,P0/P2,false,pair:P0:P2:NE
1262,4142,4148041488028553788102914166222428355719097185/956806013072507156969683068971496210912166,1952612146012225003828359404006883177363706569/956806013072507156969683068971496210912166,P0/P1,false,pair:P0:P1:NW
1263,4145,2600091664687593099521811718058006095811348551/600021500675968547238010247044286436407626,1225853687906602626901303702757004412246072607/600021500675968547238010247044286436407626,P0/P2,false,pair:P0:P2:N
1264,4147,95906121848197467198848124222053074804612351/22093900637887965853917641557553500201626,405496805595281699038549421827849005917552975/198845105740991692685258774017981501814634,P0/P1,false,pair:P0:P1:NW
1265,4152,4170439524978362741685272588153800359308597061/960422784599257531287632231459818187857022,1963777013271998751285416286721989414822458189/960422784599257531287632231459818187857022,P0/P1,false,pair:P0:P1:NW
1266,4155,2896553374539188599470505491563637426273837519/666456706227637394786720455487971284516218,4090550529053120803574418096902315667558678965/1999370118682912184360161366463913853548654,P0/P2,false,pair:P0:P2:NE
1267,4161,96254570991924508185434619820063205453143295/22093900637887965853917641557553500201626,407064826742053383478188652018894593835942223/198845105740991692685258774017981501814634,P1/P2,false,pair:P1:P2:NW
1268,4169,3309256142613785858923397052228981674777385039/757139274533661931761131097381973730505850,4659080337279804872143684493146021810713055541/2271417823600985795283393292145921191517550,P0/P1,false,pair:P0:P1:W
1269,4172,3004955869358038257651535189853660322033553087/687230675046037112786908197348527137830170,1409327940940170795072138852525346803285509207/687230675046037112786908197348527137830170,P0/P1,false,pair:P0:P1:W
1270,4174,1496417406720483319428570482697892070652476413/341971913179772341647057824337649078707662,700881721208524903928059558791992181936571077/341971913179772341647057824337649078707662,P1/P2,false,pair:P1:P2:NW
1271,4176,20840276954439343934503904510736551975121287/4775135377859253445349031891761915275466,9836198141886402536971306478080638143285343/4775135377859253445349031891761915275466,P0/P2,false,pair:P0:P2:W
1272,4178,11345445752309650419258789551526366472316669369/2593609158137550678090376010314875605764790,5334733293979772308178296358066136622216194273/2593609158137550678090376010314875605764790,P1/P2,false,pair:P1:P2:N
1273,4184,11359383718058732058722249375446771698257907129/2593609158137550678090376010314875605764790,5340308480279404963963680287634298712592689377/2593609158137550678090376010314875605764790,P1/P2,false,pair:P1:P2:N
1274,4186,1818726284348634215622685095601439969337454537/416027326753159815686717638508132381887766,2577520418679457418763554066895482463432713299/1248081980259479447060152915524397145663298,P1/P2,false,pair:P1:P2:N
1275,4187,10455306241484483777455075736208262196057753681/2388905765283365121173036886897086818265926,4929040626981303882578576222750778655297220921/2388905765283365121173036886897086818265926,P0/P1,false,pair:P0:P1:SW
1276,4191,23010889376986577902005357903995688031754063531/5249755561828658858012004559661222975131938,10825139524468116741851668457450478739580967971/5249755561828658858012004559661222975131938,P0/P2,false,pair:P0:P2:N
1277,4196,21426203403722431956937717570282603961035679495/4885069725802324015293342717945881109592522,10109169802688565671139912039598472988856875487/4885069725802324015293342717945881109592522,P0/P1,false,pair:P0:P1:S
1278,4200,578123387714328291973065311454806746765147213/131587717754121364141369937055376755733934,7890432525825211784194292341039874096938584033/3816043814869519560099728174605925916284086,P1/P2,false,pair:P1:P2:NE
1279,4203,12073899516012195655085667874505443370556950281/2747724912902989879428640906194432439062678,5690380214984264506544061993283241416007363249/2747724912902989879428640906194432439062678,P0/P2,false,pair:P0:P2:SE
1280,4207,8275331342263530075103985329450271620492461957/1880040133344473458627030366460456056755710,3891669852080338783921779823506683011436854669/1880040133344473458627030366460456056755710,P0/P2,false,pair:P0:P2:E
1281,4212,9339402789721799692611736783120571792687353841/2119528517027812905149465677840212616385798,4403133753810176065871529594321032983826747865/2119528517027812905149465677840212616385798,P1/P2,false,pair:P1:P2:N
1282,4218,25300988147411027226876558490944647922802460235/5727075503182413760944528559675054162303714,11918934699389591904980261782929681199210753219/5727075503182413760944528559675054162303714,P1/P2,false,pair:P1:P2:E
1283,4221,28107431211157990352414599566611056318348479029/6344520078873938160690517359735710287837214,13164564431117788892629228878421487004411664317/6344520078873938160690517359735710287837214,P1/P2,false,pair:P1:P2:E
1284,4222,19528764888117675056070056494831694462398882165/4415745345520102531817550008505626129775518,27569241902205436877448140020478844600605598455/13247236036560307595452650025516878389326554,P0/P1,false,pair:P0:P1:E
1285,4223,21562405425014998308084832837736722691544624037/4885776734768598789815869992874342825679550,3401969125635276487143558801451569488371625871/1628592244922866263271956664291447608559850,P1/P2,false,pair:P1:P2:SE
1286,4230,27078854189611008970951642293511100394025873535/6105122916843360727898693631903386930571162,12722869072020208238307089455823119910209428503/6105122916843360727898693631903386930571162,P0/P2,false,pair:P0:P2:S
1287,4233,112573581000122441093399230747852246884754738313/25384501017654774207213867919267460617388438,52952405083864168742264351570063078668935506993/25384501017654774207213867919267460617388438,P1/P2,false,pair:P1:P2:NE
1288,4237,43449270343708660018401083277791039363354014613/9765132767378176015179941505424066185319518,495570100029400520960676541872832232499871445/238173969936053073540974183059123565495598,P0/P2,false,pair:P0:P2:E
1289,4240,57040346129635232156902683039961002928166973305/12840416520282410557120080724072997205081398,26805678611465884349199289119175407263034196129/12840416520282410557120080724072997205081398,P0/P2,false,pair:P0:P2:E
1290,4244,77277039874824677301805836198238350100816657719/17369638304296390590790498702478988720201962,36282414136274406523713294475869453298984686479/17369638304296390590790498702478988720201962,P0/P1,false,pair:P0:P1:SE
1291,4253,77500047326809983533221193380964833715876461879/17369638304296390590790498702478988720201962,5199131123181008519917281866747527872359226937/2481376900613770084398642671782712674314566,P0/P1,false,pair:P0:P1:SW
1292,4256,58728083053679851875477446216647123157786717067/13174255183968052751416480655460686756246114,27662772156213466627640922686325377379058512899/13174255183968052751416480655460686756246114,P0/P2,false,pair:P0:P2:S
1293,4257,16834567581638709344794805342678088920939369469/3781972952254450489779244767261014174840270,7963711287841493115878956997150556998663117509/3781972952254450489779244767261014174840270,P1/P2,false,pair:P1:P2:NE
1294,4264,46973708700401261197493429845917424606023741953/10518034428495113721261772528162143720494950,22141785125422642966124528942286413690044369513/10518034428495113721261772528162143720494950,P0/P1,false,pair:P0:P1:NE
1295,4268,214441801553652798882448975963301538157731014137/47913531792560833932997478060418664196650038,100807419803924075876747440313153141376183376673/47913531792560833932997478060418664196650038,P1/P2,false,pair:P1:P2:SW
1296,4272,18952589938026728155912375008934071816130280277/4232889761103933126644124449527457722346206,8929287111733575334087457279769551986347507165/4232889761103933126644124449527457722346206,P0/P1,false,pair:P0:P1:W
1297,4274,15699971017379686994129715142977737799761651483/3482378125116295309379072671507313546976706,21811180391999057817104090069660988115958720057/10447134375348885928137218014521940640930118,P0/P1,false,pair:P0:P1:W
1298,4276,84516341607350701732637667895060394375385630691/18809706043899523910688882312467075652420978,39528062469564740242671622013315882218224587803/18809706043899523910688882312467075652420978,P1/P2,false,pair:P1:P2:W
1299,4278,7421847792216103395862992415355892094040444751/1640488392359301791905347161537786508222074,3415293866964758803083669755020231130963623783/1640488392359301791905347161537786508222074,P0/P1,false,pair:P0:P1:SW
1300,4285,272253754556512564400411402570209864419844279463/60534134802687724429607677343958987420096394,127984943139617678072097763100451499429338196095/60534134802687724429607677343958987420096394,P1/P2,false,pair:P1:P2:NW
