token_index,batch,time_a,time_b,pair,mixed_with_wall,events
1,4,9/2,2,P0/P2,false,pair:P0:P2:E
2,5,6,5/2,P1/P2,true,pair:P1:P2:N|wall:P0:W
3,8,17/2,4,P1/P2,false,pair:P1:P2:NE
4,9,10,9/2,P0/P2,false,pair:P0:P2:SE
5,15,49/3,15/2,P0/P1,false,pair:P0:P1:W
6,19,21,19/2,P0/P2,false,pair:P0:P2:SW
7,21,23,61/6,P1/P2,false,pair:P1:P2:S
8,26,275/9,85/6,P0/P2,false,pair:P0:P2:NE
9,29,33,16,P0/P1,false,pair:P0:P1:SE
10,32,35,163/10,P0/P1,false,pair:P0:P1:SE
11,34,75/2,35/2,P0/P2,false,pair:P0:P2:NW
12,38,40,115/6,P1/P2,false,pair:P1:P2:NW
13,41,47,219/10,P1/P2,false,pair:P1:P2:N
14,45,47,501/22,P1/P2,false,pair:P1:P2:N
15,47,439/9,415/18,P0/P1,false,pair:P0:P1:W
16,50,577/11,549/22,P0/P1,false,pair:P0:P1:SW
17,51,707/13,667/26,P0/P2,false,pair:P0:P2:NW
18,58,123/2,29,P0/P2,false,pair:P0:P2:NW
19,60,311/5,59/2,P0/P1,false,pair:P0:P1:SE
20,63,63,795/26,P0/P2,false,pair:P0:P2:NE
21,67,875/13,843/26,P0/P1,false,pair:P0:P1:SE
22,68,915/13,875/26,P0/P2,false,pair:P0:P2:NE
23,73,367/5,351/10,P0/P1,false,pair:P0:P1:SE
24,77,411/5,371/10,P0/P2,false,pair:P0:P2:S
25,80,83,79/2,P0/P1,false,pair:P0:P1:N
26,83,253/3,577/14,P0/P1,false,pair:P0:P1:NW
27,91,99,459/10,P0/P1,false,pair:P0:P1:S
28,94,1695/17,1607/34,P1/P2,false,pair:P1:P2:E
29,98,723/7,701/14,P0/P2,false,pair:P0:P2:E
30,100,967/9,911/18,P1/P2,false,pair:P1:P2:N
31,104,3821/35,737/14,P0/P2,false,pair:P0:P2:SE
32,106,111,2449/46,P1/P2,false,pair:P1:P2:N
33,107,2149/19,2053/38,P0/P1,false,pair:P0:P1:SE
34,115,1079/9,119/2,P0/P1,false,pair:P0:P1:E
35,116,1151/9,341/6,P0/P2,false,pair:P0:P2:S
36,123,2009/15,373/6,P1/P2,false,pair:P1:P2:NW
37,125,401/3,1921/30,P0/P1,false,pair:P0:P1:NW
38,129,691/5,3819/58,P0/P1,false,pair:P0:P1:W
39,131,17545/127,16921/254,P1/P2,false,pair:P1:P2:NW
40,132,1803/13,22783/338,P0/P1,false,pair:P0:P1:W
41,139,61463/417,19565/278,P1/P2,false,pair:P1:P2:NW
42,142,28535/193,27943/386,P0/P1,false,pair:P0:P1:NE
43,146,30863/201,9781/134,P0/P2,false,pair:P0:P2:W
44,150,46049/295,44337/590,P1/P2,false,pair:P1:P2:W
45,156,65191/401,62679/802,P0/P2,false,pair:P0:P2:NW
46,159,93849/559,87913/1118,P1/P2,false,pair:P1:P2:W
47,161,96961/583,1773/22,P0/P1,false,pair:P0:P1:N
48,162,68501/403,62885/806,P0/P2,false,pair:P0:P2:W
49,164,157097/927,149369/1854,P0/P1,false,pair:P0:P1:N
50,169,130337/743,122737/1486,P0/P1,false,pair:P0:P1:NW
51,172,41441/231,38897/462,P1/P2,false,pair:P1:P2:S
52,175,176027/957,163723/1914,P0/P2,false,pair:P0:P2:SW
53,179,107713/583,103185/1166,P0/P2,false,pair:P0:P2:S
54,180,86649/463,81865/926,P1/P2,false,pair:P1:P2:NW
55,188,113069/571,106813/1142,P0/P1,false,pair:P0:P1:SE
56,190,279955/1413,267011/2826,P0/P2,false,pair:P0:P2:W
57,192,554875/2781,175225/1854,P0/P1,false,pair:P0:P1:SE
58,198,78811/381,73675/762,P1/P2,false,pair:P1:P2:N
59,204,98937/463,280411/2778,P1/P2,false,pair:P1:P2:NE
60,206,215,45099/442,P0/P1,false,pair:P0:P1:W
61,212,411825/1879,397697/3758,P1/P2,false,pair:P1:P2:NE
62,215,203705/911,190985/1822,P1/P2,false,pair:P1:P2:E
63,216,10711/49,10775/98,P0/P1,false,pair:P0:P1:N
64,221,524759/2273,495623/4546,P0/P1,false,pair:P0:P1:E
65,229,703151/2889,671455/5778,P0/P2,false,pair:P0:P2:E
66,233,116977/471,36651/314,P0/P2,false,pair:P0:P2:NE
67,235,654361/2607,55771/474,P1/P2,false,pair:P1:P2:NW
68,242,628335/2441,598687/4882,P0/P2,false,pair:P0:P2:NE
69,245,723869/2763,691501/5526,P0/P2,false,pair:P0:P2:SE
70,250,339839/1273,1621867/12730,P0/P2,false,pair:P0:P2:SW
71,253,1743683/6485,1655731/12970,P1/P2,false,pair:P1:P2:E
72,256,1290353/4759,1218113/9518,P1/P2,false,pair:P1:P2:E
73,259,756193/2727,704689/5454,P1/P2,false,pair:P1:P2:NE
74,260,497903/1801,473375/3602,P0/P2,false,pair:P0:P2:SE
75,262,84981/307,732461/5526,P0/P2,false,pair:P0:P2:SE
76,265,12093/43,307103/2322,P0/P2,false,pair:P0:P2:SE
77,268,97933/347,465297/3470,P0/P2,false,pair:P0:P2:SE
78,270,835467/2893,768635/5786,P0/P1,false,pair:P0:P1:W
79,271,2479997/8683,2347789/17366,P0/P2,false,pair:P0:P2:SE
80,274,2395177/8351,2293625/16702,P0/P1,false,pair:P0:P1:SW
81,276,2255977/7775,2129849/15550,P0/P2,false,pair:P0:P2:SE
82,281,376703/1273,1802091/12730,P0/P1,false,pair:P0:P1:SE
83,287,1322701/4379,1261405/8758,P0/P1,false,pair:P0:P1:SW
84,289,201805/667,194013/1334,P0/P1,false,pair:P0:P1:W
85,292,85269/275,866711/6050,P0/P2,false,pair:P0:P2:S
86,293,1137735/3697,1083383/7394,P0/P1,false,pair:P0:P1:W
87,301,978919/3025,899479/6050,P0/P2,false,pair:P0:P2:S
88,303,24203/77,31061/198,P0/P1,false,pair:P0:P1:S
89,305,70687/217,65231/434,P1/P2,false,pair:P1:P2:E
90,310,219725/667,211421/1334,P0/P2,false,pair:P0:P2:E
91,313,3388231/10097,3194615/20194,P1/P2,false,pair:P1:P2:NE
92,317,1538713/4527,1461481/9054,P0/P1,false,pair:P0:P1:SW
93,327,84249/239,81193/478,P1/P2,false,pair:P1:P2:N
94,328,4086029/11483,3875229/22966,P0/P1,false,pair:P0:P1:E
95,332,3866019/10741,159077/934,P0/P1,false,pair:P0:P1:E
96,335,4167949/11483,3940765/22966,P0/P1,false,pair:P0:P1:E
97,336,995483/2749,4750007/27490,P1/P2,false,pair:P1:P2:E
98,338,1274395/3389,1116683/6778,P1/P2,false,pair:P1:P2:SE
99,340,2312791/6369,2222855/12738,P1/P2,false,pair:P1:P2:SE
100,341,7518909/20651,67111/386,P0/P1,false,pair:P0:P1:E
101,344,8122769/22135,1548973/8854,P0/P1,false,pair:P0:P1:E
102,347,9045587/24261,8526787/48522,P0/P2,false,pair:P0:P2:S
103,348,14074383/37609,1018491/5786,P0/P1,false,pair:P0:P1:NE
104,352,2391749/6371,11309097/63710,P0/P2,false,pair:P0:P2:S
105,354,3005679/7945,2816287/15890,P0/P1,false,pair:P0:P1:NW
106,357,28315141/74659,26955797/149318,P1/P2,false,pair:P1:P2:S
107,362,226333/587,20195123/111530,P0/P1,false,pair:P0:P1:S
108,363,6064751/15753,17316829/94518,P0/P2,false,pair:P0:P2:SE
109,366,43060817/110519,40539681/221038,P0/P2,false,pair:P0:P2:E
110,369,2521953/6439,2377265/12878,P0/P1,false,pair:P0:P1:S
111,372,5294943/13337,4917903/26674,P0/P1,false,pair:P0:P1:E
112,373,352621/891,332797/1782,P0/P2,false,pair:P0:P2:NE
113,377,30012401/75543,28593601/151086,P1/P2,false,pair:P1:P2:W
114,378,9348595/23589,3006241/15726,P0/P2,false,pair:P0:P2:E
115,380,9673851/24029,9009771/48058,P0/P2,false,pair:P0:P2:E
116,382,2461671/6097,2299287/12194,P1/P2,false,pair:P1:P2:NW
117,384,27512463/68201,25992383/136402,P1/P2,false,pair:P1:P2:NW
118,386,62411457/153287,58611089/306574,P0/P1,false,pair:P0:P1:SE
119,390,59738943/146233,56911983/292466,P0/P2,false,pair:P0:P2:E
120,392,98632077/239707,93213213/479414,P0/P1,false,pair:P0:P1:SE
121,394,4331425/10471,4075633/20942,P0/P1,false,pair:P0:P1:SE
122,396,106570025/255903,100092025/511806,P1/P2,false,pair:P1:P2:NE
123,398,7255459/16885,6364179/33770,P0/P2,false,pair:P0:P2:S
124,400,108297251/257909,101952147/515818,P0/P1,false,pair:P0:P1:SW
125,403,11985973/28403,11244869/56806,P0/P2,false,pair:P0:P2:SE
126,409,271981/635,17178167/85090,P0/P2,false,pair:P0:P2:SE
127,413,14742397/34283,14085901/68566,P1/P2,false,pair:P1:P2:S
128,415,168493319/389041,159645879/778082,P0/P1,false,pair:P0:P1:S
129,421,239420771/544821,75016177/363214,P1/P2,false,pair:P1:P2:NE
130,422,115571953/263703,36564203/175802,P0/P2,false,pair:P0:P2:SW
131,424,28993171/65669,27316227/131338,P0/P2,false,pair:P0:P2:SW
132,429,22793929/50943,21313561/101886,P0/P2,false,pair:P0:P2:SE
133,430,796141/1787,8331615/39314,P1/P2,false,pair:P1:P2:N
134,433,218934057/486815,41375461/194726,P0/P1,false,pair:P0:P1:S
135,434,551586813/1227115,522827661/2454230,P0/P2,false,pair:P0:P2:NE
136,436,34593835/76717,554521291/2608378,P0/P1,false,pair:P0:P1:S
137,439,496270643/1093349,469297315/2186698,P1/P2,false,pair:P1:P2:N
138,443,1008180809/2196351,944009113/4392702,P0/P2,false,pair:P0:P2:NE
139,446,122279661/265723,1494009689/6908798,P1/P2,false,pair:P1:P2:N
140,448,16276297/36479,16587929/72958,P1/P2,false,pair:P1:P2:NE
141,449,524005381/1135011,496718357/2270022,P0/P1,false,pair:P0:P1:NE
142,453,2697208845/5773787,2524855453/11547574,P1/P2,false,pair:P1:P2:S
143,454,4105056831/8817721,3877240687/17635442,P0/P2,false,pair:P0:P2:NE
144,458,8203541013/17461267,7709542693/34922534,P1/P2,false,pair:P1:P2:S
145,461,6479859697/13708055,6116731329/27416110,P0/P2,false,pair:P0:P2:SE
146,462,15304806349/32369691,14466479197/64739382,P0/P1,false,pair:P0:P1:N
147,465,11798408539/24857597,11199441227/49715194,P0/P2,false,pair:P0:P2:NE
148,467,34941289599/73100281,32857253295/146200562,P1/P2,false,pair:P1:P2:S
149,473,9960641825/20445031,9358132721/40890062,P0/P1,false,pair:P0:P1:E
150,477,44152851701/89596979,41743012357/179193958,P1/P2,false,pair:P1:P2:SW
151,480,4572509257/9297279,4434011545/18594558,P0/P1,false,pair:P0:P1:SW
152,486,16123914267/31901501,15117590539/63803002,P1/P2,false,pair:P1:P2:W
153,488,21146066149/41819075,19847754997/83638150,P1/P2,false,pair:P1:P2:W
154,490,45495028981/89596979,43018080773/179193958,P0/P2,false,pair:P0:P2:SW
155,493,3231685633/6289287,27192719705/113207166,P1/P2,false,pair:P1:P2:SW
156,495,18111139593/35207359,50955351307/211244154,P0/P1,false,pair:P0:P1:SW
157,497,41236443/79229,113742689/475374,P1/P2,false,pair:P1:P2:W
158,499,11370197841/21983927,10655861537/43967854,P1/P2,false,pair:P1:P2:NW
159,501,10370488975/19857001,9542273215/39714002,P1/P2,false,pair:P1:P2:N
160,503,18312466185/35207359,17164074073/70414718,P0/P2,false,pair:P0:P2:SW
161,505,13550920413/25979275,12699870317/51958550,P1/P2,false,pair:P1:P2:NE
162,508,46837206261/89596979,44360258053/179193958,P0/P1,false,pair:P0:P1:SW
163,510,12959668361/24509247,12183305689/49018494,P1/P2,false,pair:P1:P2:NW
164,517,17080215579/31901501,16023560203/63803002,P1/P2,false,pair:P1:P2:S
165,522,265174281/490175,2633926473/10391710,P1/P2,false,pair:P1:P2:SW
166,526,14188454621/25979275,13303850093/51958550,P1/P2,false,pair:P1:P2:NW
167,532,14322672349/25979275,13438067821/51958550,P1/P2,false,pair:P1:P2:NW
168,533,17805497619/32450053,16960546435/64900106,P0/P2,false,pair:P0:P2:N
169,540,45599335167/80757113,42525166639/161514226,P1/P2,false,pair:P1:P2:SW
170,544,44055648371/77041061,40683562979/154082122,P0/P2,false,pair:P0:P2:E
171,545,94099842487/164976769,87601976423/329953538,P1/P2,false,pair:P1:P2:SW
172,549,286353820895/499529369,268395723791/999058738,P0/P1,false,pair:P0:P1:E
173,554,289038175455/499529369,270543207439/999058738,P0/P1,false,pair:P0:P1:E
174,565,315703742893/532842811,299074698301/1065685622,P0/P2,false,pair:P0:P2:E
175,570,318388097453/532842811,301222181949/1065685622,P0/P2,false,pair:P0:P2:E
176,574,134040700873/221832703,125943042329/443665406,P0/P2,false,pair:P0:P2:NE
177,578,135114442697/221832703,127016784153/443665406,P0/P2,false,pair:P0:P2:NW
178,579,168872470343/276831089,158782094071/553662178,P0/P1,false,pair:P0:P1:NE
179,582,210858990585/345447247,199645064265/690894494,P0/P2,false,pair:P0:P2:NW
180,590,828717991/1325585,16251840547/55674570,P0/P1,false,pair:P0:P1:SE
181,597,48972530297/77752527,46638357193/155505054,P0/P1,false,pair:P0:P1:SW
182,600,5206152411/8167549,82769065339/277696666,P0/P2,false,pair:P0:P2:W
183,604,181173998049/283639975,171383987889/567279950,P1/P2,false,pair:P1:P2:S
184,613,52712874751/80757113,49571597359/161514226,P0/P1,false,pair:P0:P1:SW
185,618,13604361553/20766903,38834890595/124601418,P1/P2,false,pair:P1:P2:NW
186,620,11251080657/17046583,10539924897/34093166,P0/P1,false,pair:P0:P1:W
187,622,37093584627/56077093,34923382371/112154186,P0/P1,false,pair:P0:P1:W
188,627,37429128947/56077093,35191817827/112154186,P0/P1,false,pair:P0:P1:W
189,629,11418852817/17046583,10674142625/34093166,P0/P1,false,pair:P0:P1:W
190,632,37764673267/56077093,35460253283/112154186,P0/P1,false,pair:P0:P1:W
191,636,41808262361/61495663,39095761705/122991326,P0/P1,false,pair:P0:P1:NW
192,640,1618068329/2389855,12042637219/37281738,P0/P1,false,pair:P0:P1:N
193,642,45929926479/67194793,43429976447/134389586,P1/P2,false,pair:P1:P2:S
194,644,190620149905/277759863,59884164811/185173242,P0/P2,false,pair:P0:P2:NW
195,653,11905392081/17046583,11110350241/34093166,P0/P2,false,pair:P0:P2:W
196,656,297572624825/425892751,280452441609/851785502,P0/P1,false,pair:P0:P1:NW
197,660,89682251097/127517935,84721793961/255035870,P1/P2,false,pair:P1:P2:E
198,667,41081503651/57657333,38697829907/115314666,P0/P2,false,pair:P0:P2:NE
199,668,56434356707/77481909,16831289713/51654606,P0/P1,false,pair:P0:P1:W
200,673,309810840449/432589831,294835757649/865179662,P0/P2,false,pair:P0:P2:NE
201,677,621633052311/858535585,584276869959/1717071170,P0/P1,false,pair:P0:P1:N
202,680,378455751421/523485803,358219961997/1046971606,P0/P1,false,pair:P0:P1:N
203,681,42148684045/58311899,280720360267/816366586,P0/P2,false,pair:P0:P2:E
204,685,627001761431/858535585,117714367451/343414234,P0/P1,false,pair:P0:P1:N
205,688,297725142875/408183293,282867843915/816366586,P0/P2,false,pair:P0:P2:E
206,690,383824460541/523485803,362514929293/1046971606,P0/P1,false,pair:P0:P1:N
207,692,632370470551/858535585,592866804551/1717071170,P0/P1,false,pair:P0:P1:N
208,696,423028241225/572298879,132753972275/381532586,P0/P2,false,pair:P0:P2:N
209,699,84280019013/114072419,80381926997/228144838,P1/P2,false,pair:P1:P2:NW
210,700,417021774601/563862719,398116583513/1127725438,P0/P1,false,pair:P0:P1:NE
211,702,99133754687/132778297,93008284271/265556594,P0/P1,false,pair:P0:P1:NE
212,704,1392645560683/1858107501,1304241209947/3716215002,P0/P2,false,pair:P0:P2:N
213,705,432779214599/579117489,408563064503/1158234978,P1/P2,false,pair:P1:P2:W
214,713,116738128423/154382225,1661245462937/4631466750,P1/P2,false,pair:P1:P2:SW
215,716,87360391485/113165867,79554754765/226331734,P0/P2,false,pair:P0:P2:NW
216,719,1697697520669/2215434827,1585370390957/4430869654,P0/P2,false,pair:P0:P2:NW
217,724,1837094093655/2404276193,1750508471303/4808552386,P0/P1,false,pair:P0:P1:SW
218,727,195885644865/255310151,932800467797/2553101510,P1/P2,false,pair:P1:P2:NW
219,728,1960604541087/2528207065,1829369469903/5056414130,P0/P2,false,pair:P0:P2:W
220,730,58368214201/75602063,3032621893871/8316226930,P0/P2,false,pair:P0:P2:W
221,734,717778767291/921190045,673877055403/1842380090,P0/P2,false,pair:P0:P2:SW
222,740,650640290803/831622693,614255319907/1663245386,P0/P2,false,pair:P0:P2:S
223,742,1105410404669/1406377515,622612504699/1687653018,P1/P2,false,pair:P1:P2:SW
224,744,2257716848979/2862994373,6353686531145/17177966238,P0/P1,false,pair:P0:P1:S
225,746,1228980189785/1573634031,1182283167913/3147268062,P0/P1,false,pair:P0:P1:S
226,750,93371235889/117657303,6388046269513/17177966238,P0/P1,false,pair:P0:P1:S
227,754,782771988431/986594089,57127859003/151783706,P1/P2,false,pair:P1:P2:W
228,759,1812964262937/2245944367,1679277796969/4491888734,P0/P2,false,pair:P0:P2:N
229,760,656932194907/819418877,623078004299/1638837754,P0/P1,false,pair:P0:P1:N
230,763,1931583374167/2404276193,1834260333575/4808552386,P1/P2,false,pair:P1:P2:NW
231,768,4872612320463/6028015145,4622600820479/12056030290,P0/P2,false,pair:P0:P2:W
232,772,701294965775/858534121,5896332700727/15453614178,P0/P1,false,pair:P0:P1:S
233,775,4915561993423/6028015145,4656960558847/12056030290,P0/P2,false,pair:P0:P2:W
234,776,64278419311/79050889,184376881885/474305334,P0/P1,false,pair:P0:P1:S
235,779,1858061419545/2245944367,1717932502633/4491888734,P1/P2,false,pair:P1:P2:N
236,784,2133949668397/2575602363,5973642112055/15453614178,P0/P2,false,pair:P0:P2:N
237,785,7917060150129/9592210327,7476903527745/19184420654,P0/P1,false,pair:P0:P1:SW
238,789,7366871054965/8905646771,6990069118853/17811293542,P0/P2,false,pair:P0:P2:NE
239,798,6854537883043/8169294325,6473721451539/16338588650,P0/P2,false,pair:P0:P2:E
240,799,10948454543673/13040914447,10388650608009/26081828894,P1/P2,false,pair:P1:P2:NW
241,801,3623203096043/4303663085,683167076703/1721465234,P1/P2,false,pair:P1:P2:NW
242,803,2623329610373/3086773027,7266715172287/18520638162,P1/P2,false,pair:P1:P2:NW
243,811,5589769381933/6534129339,5265157659325/13068258678,P0/P1,false,pair:P0:P1:S
244,815,8273791928275/9620220229,7811723072835/19240440458,P0/P2,false,pair:P0:P2:S
245,823,3936842130225/4522136023,18510281532677/45221360230,P0/P2,false,pair:P0:P2:SW
246,826,5225910347985/6115830071,5181041555617/12231660142,P1/P2,false,pair:P1:P2:E
247,829,4295436886083/4897414229,36311693389387/88153456122,P0/P1,false,pair:P0:P1:SW
248,832,2369219609607/2670642353,2190984295351/5341284706,P0/P2,false,pair:P0:P2:SE
249,838,5223995857979/5942502429,15083286825601/35655014574,P0/P2,false,pair:P0:P2:E
250,840,35648900657767/40025151825,33422276317207/80050303650,P0/P2,false,pair:P0:P2:E
251,843,8272667481943/9182520289,7623936874503/18365040578,P0/P1,false,pair:P0:P1:S
252,847,11997499347149/13341717275,33697154224151/80050303650,P0/P2,false,pair:P0:P2:E
253,855,870047695951/971850409,848532938367/1943700818,P0/P1,false,pair:P0:P1:S
254,858,87667861226211/96038567605,82335742635347/192077135210,P0/P1,false,pair:P0:P1:SW
255,860,68981346312233/75505934495,1510041596139/3511903930,P0/P2,false,pair:P0:P2:NE
256,862,45132032397059/49366090645,42620773471091/98732181290,P0/P1,false,pair:P0:P1:SW
257,866,2212816442785/2410527463,6269353823059/14463164778,P0/P1,false,pair:P0:P1:SW
258,868,69599821602857/75505934495,65550263924601/151011868990,P1/P2,false,pair:P1:P2:SE
259,871,6435680755151/6963885353,6075121381375/13927770706,P0/P1,false,pair:P0:P1:SW
260,873,2498068628487/2670642353,2311243379639/5341284706,P0/P2,false,pair:P0:P2:SW
261,877,9292810955023/9958663145,43434680835131/99586631450,P0/P2,false,pair:P0:P2:W
262,879,567079343801/607082127,1590625577243/3642492762,P1/P2,false,pair:P1:P2:E
263,881,38617955954005/41186006739,36007100891237/82372013478,P1/P2,false,pair:P1:P2:E
264,882,1215337788515/1300764981,42362206391423/96256608594,P0/P2,false,pair:P0:P2:NW
265,888,85898668905151/90858581945,80166734186479/181717163890,P0/P2,false,pair:P0:P2:S
266,894,2290125854113/2410527463,6501282057043/14463164778,P0/P1,false,pair:P0:P1:NE
267,898,74180542977077/77673527027,70077166124357/155347054054,P0/P1,false,pair:P0:P1:E
268,900,14484266977961/15177828895,2756714924133/6071131558,P0/P2,false,pair:P0:P2:SW
269,901,33111933293509/34943249379,32135199375829/69886498758,P0/P1,false,pair:P0:P1:NE
270,908,14228565278963/14772611365,13513882482787/29545222730,P0/P2,false,pair:P0:P2:NE
271,910,1226266179881/1265569695,977896319551/2141733330,P0/P1,false,pair:P0:P1:NW
272,912,28731400856481/29763263719,3917652898247/8503789634,P0/P1,false,pair:P0:P1:NW
273,914,57394689844615/59308486449,54657493683511/118616972898,P1/P2,false,pair:P1:P2:NW
274,918,37446484622283/38185908493,34929691120315/76371816986,P1/P2,false,pair:P1:P2:NW
275,927,1692469521415/1717230769,69013274945469/147681846134,P0/P1,false,pair:P0:P1:S
276,930,121616580430001/122571397207,16333248781111/35020399202,P1/P2,false,pair:P1:P2:SW
277,937,187612536244259/188122710901,178207989888659/376245421802,P0/P2,false,pair:P0:P2:NW
278,941,11259766861531/11098822269,10372085588683/22197644538,P0/P1,false,pair:P0:P1:NE
279,942,42508755545209/42300477135,40196895122633/84600954270,P0/P2,false,pair:P0:P2:N
280,952,1986752246045/1945496907,301770614813389/626450004054,P0/P2,false,pair:P0:P2:W
281,954,37555215714257/37110841911,12151981048459/24740561274,P1/P2,false,pair:P1:P2:N
282,957,166511256199915/162213133037,156720033186779/324426266074,P0/P2,false,pair:P0:P2:SW
283,961,85517997682295/82929661377,26730595652365/55286440918,P1/P2,false,pair:P1:P2:E
284,962,396352877113115/384953399357,374141240907531/769906798714,P0/P2,false,pair:P0:P2:SW
285,964,395699721988093/383355141483,371955874583437/766710282966,P1/P2,false,pair:P1:P2:E
286,966,225316881748525/219094076603,12573980411373/25775773718,P1/P2,false,pair:P1:P2:E
287,969,38398981889031/37032357041,396930388213981/814711854902,P0/P1,false,pair:P0:P1:W
288,972,7636544258781/7366510987,79577393541295/162063241714,P0/P1,false,pair:P0:P1:W
289,976,143989839203745/138121003751,135605849876081/276242007502,P0/P1,false,pair:P0:P1:NW
290,978,179670367585075/172573104357,170403898920611/345146208714,P0/P2,false,pair:P0:P2:SW
291,982,341045671356773/325225395011,321404697209205/650450790022,P1/P2,false,pair:P1:P2:SE
292,986,137624413339071/131507838137,131266663883503/263015676274,P0/P1,false,pair:P0:P1:S
293,990,319765916024703/302428948729,300214400061615/604857897458,P1/P2,false,pair:P1:P2:SE
294,993,60760569233681/57524368119,172877800083107/345146208714,P0/P2,false,pair:P0:P2:SW
295,999,1536950174623/1443599833,42154063547763/83728790314,P1/P2,false,pair:P1:P2:SE
296,1001,31362017884881/29456459575,326691451655403/648042110650,P1/P2,false,pair:P1:P2:SE
297,1003,90977429729195/84858385453,85193099963547/169716770906,P0/P2,false,pair:P0:P2:SW
298,1011,245880412459011/227567487637,232114945057907/455134975274,P0/P1,false,pair:P0:P1:E
299,1018,312457612400057/287295491983,295571727127049/574590983966,P1/P2,false,pair:P1:P2:SW
300,1025,103807350058435/94439340757,97779980234291/188878681514,P0/P2,false,pair:P0:P2:N
301,1027,230494453668593/210003834903,217922643862721/420007669806,P0/P2,false,pair:P0:P2:N
302,1035,14096925765859/12661555381,13308985949011/25323110762,P0/P2,false,pair:P0:P2:E
303,1037,432654722014417/388587935031,136396813433227/259058623354,P1/P2,false,pair:P1:P2:SW
304,1039,48931475483191/43793119233,46055864926439/87586238466,P0/P2,false,pair:P0:P2:SE
305,1042,118392002081299/106009030917,112650984821635/212018061834,P0/P1,false,pair:P0:P1:N
306,1043,1757870160405/1575964691,239913495155/450275626,P0/P2,false,pair:P0:P2:SE
307,1046,61176232570897/53736307703,55632376259553/107472615406,P0/P2,false,pair:P0:P2:SE
308,1048,266464098564523/238033074733,253807518357147/476066149466,P0/P2,false,pair:P0:P2:S
309,1052,910686059582131/808595604837,860978646627875/1617191209674,P0/P1,false,pair:P0:P1:NE
310,1056,17502570602999/15553977921,16751859188903/31107955842,P1/P2,false,pair:P1:P2:SW
311,1059,1173468731713177/1035798107567,1109360029341929/2071596215134,P0/P2,false,pair:P0:P2:E
312,1069,1185563359618713/1035798107567,1120355145619689/2071596215134,P0/P2,false,pair:P0:P2:E
313,1073,97776812894427/85153262717,277466815592033/510919576302,P1/P2,false,pair:P1:P2:SE
314,1074,368412101555345/319992601463,346567416369249/639985202926,P0/P1,false,pair:P0:P1:NE
315,1077,1372579421264937/1190381421727,1298743056331641/2380762843454,P1/P2,false,pair:P1:P2:S
316,1079,493872674638141/426809787947,464995678779597/853619575894,P1/P2,false,pair:P1:P2:S
317,1083,98601446615259/85153262717,279665838847585/510919576302,P1/P2,false,pair:P1:P2:SW
318,1086,372535270159505/319992601463,350415707066465/639985202926,P0/P1,false,pair:P0:P1:NE
319,1087,207518989254601/178168131071,195144807909657/356336262142,P0/P2,false,pair:P0:P2:NW
320,1089,5398421241085/4611919979,35339619322843/64566879706,P0/P2,false,pair:P0:P2:NE
321,1090,195302333213073/168610401911,187635023189345/337220803822,P1/P2,false,pair:P1:P2:SW
322,1092,400704392989585/342309174391,376094701016929/684618348782,P1/P2,false,pair:P1:P2:SW
323,1095,18121045893623/15553977921,17301615002791/31107955842,P1/P2,false,pair:P1:P2:SW
324,1098,948619210740403/808595604837,298904258176865/539063736558,P0/P2,false,pair:P0:P2:NE
325,1107,1279913770073095/1082908806321,1216615361948599/2165817612642,P0/P2,false,pair:P0:P2:E
326,1112,398306409343679/334651840441,1127360805035981/2007911042646,P0/P1,false,pair:P0:P1:NE
327,1113,161581755290779/135892369085,765249901889207/1358923690850,P0/P2,false,pair:P0:P2:SE
328,1119,540178301997857/452259342695,512470472664049/904518685390,P1/P2,false,pair:P1:P2:SW
329,1125,412799020895121/342309174391,388189328922465/684618348782,P0/P1,false,pair:P0:P1:NE
330,1126,37028828829977/33151743791,41791867966313/66303487582,P0/P2,false,pair:P0:P2:W
331,1131,588450154596299/486165597453,1671120052165681/2916993584718,P0/P1,false,pair:P0:P1:SW
332,1133,25924059774945/21323612839,461839988887843/810297287882,P0/P2,false,pair:P0:P2:SE
333,1136,149808276510561/123324475175,142388041407537/246648950350,P0/P1,false,pair:P0:P1:S
334,1139,2092065394343777/1716628045607,1973910734341169/3433256091214,P0/P1,false,pair:P0:P1:S
335,1144,595047224362955/486165597453,1688712238210097/2916993584718,P0/P1,false,pair:P0:P1:SW
336,1146,1856343076506475/1517754373741,1762473945158747/3035508747482,P0/P1,false,pair:P0:P1:W
337,1150,1080317308680501/879080028659,1023126255432261/1758160057318,P0/P2,false,pair:P0:P2:SE
338,1151,1793937766111073/1458496792359,1697508331232305/2916993584718,P0/P1,false,pair:P0:P1:SW
339,1156,1722079131706671/1392193304777,1618322641810783/2784386609554,P0/P2,false,pair:P0:P2:S
340,1157,5328219771779063/4312336119873,5028122328758951/8624672239746,P1/P2,false,pair:P1:P2:N
341,1158,2155812906255451/1733629914365,401045906206735/693451965746,P0/P2,false,pair:P0:P2:SW
342,1163,8544607102413715/6891042325381,8086199498573059/13782084650762,P1/P2,false,pair:P1:P2:N
343,1167,453516359078489/365017851887,428973739937961/730035703774,P0/P2,false,pair:P0:P2:W
344,1169,7677638067738921/6165407281055,7251109716410489/12330814562110,P0/P1,false,pair:P0:P1:SW
345,1172,4166642792369353/3345569532159,3954449967293977/6691139064318,P0/P1,false,pair:P0:P1:SW
346,1177,2224839448916843/1775885626989,2107046069189723/3551771253978,P0/P1,false,pair:P0:P1:SE
347,1182,22418859976827977/17845978541439,21189375626958233/35691957082878,P1/P2,false,pair:P1:P2:E
348,1184,9866870118793517/7867114149307,9376934279660477/15734228298614,P1/P2,false,pair:P1:P2:E
349,1185,5715666222569157/4524314984675,5350605700822229/9048629969350,P0/P1,false,pair:P0:P1:NE
350,1189,4197788671120225/3330415889191,3977284667578417/6660831778382,P1/P2,false,pair:P1:P2:E
351,1195,8322596041584205/6579848446363,7905157477489373/13159696892726,P0/P2,false,pair:P0:P2:SE
352,1196,8556519573118775/6741815110401,2691449979000653/4494543406934,P1/P2,false,pair:P1:P2:E
353,1202,9217910594599153/7214833125911,8713401710568129/14429666251822,P0/P1,false,pair:P0:P1:S
354,1204,1276092673946273/998893127143,8459626191749143/13984503780002,P0/P1,false,pair:P0:P1:S
355,1207,1036030385148595/808595604837,978626390799907/1617191209674,P1/P2,false,pair:P1:P2:SE
356,1212,9106285997720777/7089407725823,8645944035319321/14178815451646,P0/P1,false,pair:P0:P1:E
357,1219,14129140780303789/10941766169915,13483427916165181/21883532339830,P1/P2,false,pair:P1:P2:W
358,1226,25001073030657833/19133244244383,7876240887190739/12755496162922,P0/P1,false,pair:P0:P1:W
359,1233,890101557403961/677057126415,283960674385027/451371417610,P0/P1,false,pair:P0:P1:SE
360,1235,25300140193412905/19133244244383,23910197638282873/38266488488766,P0/P1,false,pair:P0:P1:E
361,1240,8900413568639605/6705273846451,8403623710826373/13410547692902,P0/P1,false,pair:P0:P1:SE
362,1242,3358231302441239/2532989001761,9553856360571221/15197934010566,P1/P2,false,pair:P1:P2:SE
363,1243,180080133550267/136309928861,172396805860011/272619857722,P0/P1,false,pair:P0:P1:S
364,1249,7661321670698255/5753003837417,7272785095105343/11506007674834,P0/P2,false,pair:P0:P2:SW
365,1250,23813040720847945/17845978541439,22504391533778329/35691957082878,P1/P2,false,pair:P1:P2:E
366,1251,1698079475890287/1267994173321,7958821343567643/12679941733210,P0/P2,false,pair:P0:P2:SW
367,1256,36080002003096019/26894608510789,33988455214399299/53789217021578,P0/P1,false,pair:P0:P1:W
368,1260,30609620030750973/22817273080939,29058187286002829/45634546161878,P1/P2,false,pair:P1:P2:SE
369,1263,16559860142135807/12372121207417,15867549056758575/24744242414834,P0/P1,false,pair:P0:P1:S
370,1266,79109557923897359/58751688451305,25001145638765077/39167792300870,P0/P2,false,pair:P0:P2:SE
371,1275,65697109455399337/48177156547359,61949003822938361/96354313094718,P0/P1,false,pair:P0:P1:NW
372,1279,55602699560654073/40801454762575,52853599041418569/81602909525150,P0/P1,false,pair:P0:P1:NW
373,1281,2043957137533559/1503901735361,1959243428738343/3007803470722,P0/P1,false,pair:P0:P1:NW
374,1284,31738480858759111/23142067603185,29895883484560247/46284135206370,P0/P1,false,pair:P0:P1:NW
375,1285,3351277487143697/2450222614775,98667036294036799/151913802116050,P1/P2,false,pair:P1:P2:SW
376,1288,218244755093899607/158823318290913,206453013242964487/317646636581826,P1/P2,false,pair:P1:P2:S
377,1291,72982814178558749/52941106096971,23001773688487311/35294070731314,P1/P2,false,pair:P1:P2:S
378,1293,75872179292064281/55034371706415,14362946074903573/22013748682566,P1/P2,false,pair:P1:P2:S
379,1297,219652129977452887/158823318290913,207578913149807111/317646636581826,P1/P2,false,pair:P1:P2:S
380,1301,105226608240830223/75956901058025,99792936200879423/151913802116050,P1/P2,false,pair:P1:P2:SW
381,1304,14435131612410953/10358302154111,13596392420926873/20716604308222,P1/P2,false,pair:P1:P2:SW
382,1306,2083539556133495/1503901735361,1994427800827175/3007803470722,P1/P2,false,pair:P1:P2:SW
383,1307,48772021027610591/35011941219225,138243272350121261/210071647315350,P0/P1,false,pair:P0:P1:N
384,1313,32442168300535751/23142067603185,30529202182159223/46284135206370,P0/P1,false,pair:P0:P1:NW
385,1317,142163890776689063/101318506912785,44713257378011421/67545671275190,P1/P2,false,pair:P1:P2:W
386,1320,27291072285123839/19471398195065,25858321303842351/38942796390130,P0/P1,false,pair:P0:P1:W
387,1322,75209150003706567/53193651381233,69895870042498679/106387302762466,P1/P2,false,pair:P1:P2:SW
388,1325,210385268944869511/149443362444337,199228099155701815/298886724888674,P0/P2,false,pair:P0:P2:W
389,1328,65356693019512539/45759017891453,60000019750060747/91518035782906,P1/P2,false,pair:P1:P2:E
390,1333,462706626539059631/325137845815369,435608860519231967/650275691630738,P0/P2,false,pair:P0:P2:NW
391,1335,39655423814840107/28409258143917,39189027760866331/56818516287834,P0/P2,false,pair:P0:P2:NW
392,1340,220091313226613685/154384241787763,209795269832688837/308768483575526,P0/P1,false,pair:P0:P1:NW
393,1346,56399520165158807/39241164979617,53299339039282247/78482329959234,P1/P2,false,pair:P1:P2:E
394,1354,550865552824573711/379742741356009,521294107028010303/759485482712018,P0/P2,false,pair:P0:P2:E
395,1360,15251513845270301/10475011983179,14440010792156333/20950023966358,P0/P2,false,pair:P0:P2:NE
396,1363,119380503619986395/81689573509501,112313879582222283/163379147019002,P0/P2,false,pair:P0:P2:NE
397,1368,129758870776319197/88349097676683,121761019294396013/176698195353366,P0/P1,false,pair:P0:P1:W
398,1369,759444966010585027/520017870600405,80475891802387803/115559526800090,P1/P2,false,pair:P1:P2:NE
399,1371,152570830307396921/103939599160335,431914229837259931/623637594962010,P0/P2,false,pair:P0:P2:NW
400,1380,176001754221874541/118946193525627,829599193229923313/1189461935256270,P1/P2,false,pair:P1:P2:SW
401,1384,270172351749135271/182401622399505,85493336298520349/121601081599670,P1/P2,false,pair:P1:P2:S
402,1386,263231816201192035/177631677758261,250017503163483347/355263355516522,P0/P2,false,pair:P0:P2:W
403,1387,110184195550103073/73956231089767,309811024364410067/443737386538602,P1/P2,false,pair:P1:P2:SE
404,1388,16435734972929/10800052615,2919605527389/4320021046,P0/P2,false,pair:P0:P2:W
405,1390,458911424510560017/309258520796407,436438592870460129/618517041592814,P0/P2,false,pair:P0:P2:SW
406,1394,201403119437985711/135329982134857,573940647702278045/811979892809142,P0/P2,false,pair:P0:P2:S
407,1395,713043597388405525/476865058584339,670959777798478373/953730117168678,P0/P1,false,pair:P0:P1:NW
408,1397,652948793336257131/436466027921261,615522643835835227/872932055842522,P0/P2,false,pair:P0:P2:SW
409,1399,68763939676249133/46128036188859,65414135121891005/92256072377718,P0/P2,false,pair:P0:P2:SW
410,1400,245008356678922335/164312629423897,233937973506242447/328625258847794,P0/P1,false,pair:P0:P1:NW
411,1405,1753341448702544135/1166072517519281,1659457077927561399/2332145035038562,P1/P2,false,pair:P1:P2:E
412,1409,45340724039054959/30048516673929,9892863531326225/13868546157198,P1/P2,false,pair:P1:P2:SE
413,1416,283172341530851423/186431137179417,89305373756336773/124287424786278,P0/P1,false,pair:P0:P1:S
414,1419,205343769111934895/135329982134857,584918171793993629/811979892809142,P0/P1,false,pair:P0:P1:S
415,1421,1227267158743366611/805490317432133,1161916672901237059/1610980634864266,P1/P2,false,pair:P1:P2:NE
416,1424,2055512125378763961/1345362041176207,1941977704842905865/2690724082352414,P0/P2,false,pair:P0:P2:SE
417,1427,1877615539207268363/1225830503747277,196720058716361699/272406778610506,P0/P1,false,pair:P0:P1:S
418,1428,2770251463453642861/1812111427100795,2625052309145351933/3624222854201590,P0/P2,false,pair:P0:P2:NE
419,1431,6862093890498199747/4476877207945173,6477329036084162867/8953754415890346,P0/P1,false,pair:P0:P1:S
420,1436,8582114699276058287/5591268185713481,8149173758709106399/11182536371426962,P1/P2,false,pair:P1:P2:NE
421,1440,1241340907578899411/805490317432133,1175427471783348547/1610980634864266,P0/P2,false,pair:P0:P2:NE
422,1448,6615554534415589507/4263772434595349,6251581758959901939/8527544869190698,P0/P1,false,pair:P0:P1:SW
423,1452,7706437510991840645/4951421085083683,7268854587196448661/9902842170167366,P1/P2,false,pair:P1:P2:N
424,1453,12605258800637157789/8101100062146763,11916584838724427565/16202200124293526,P0/P2,false,pair:P0:P2:S
425,1459,1106709986805453587/707345869297669,1042268026422953091/1414691738595338,P0/P1,false,pair:P0:P1:S
426,1466,6297085440852422819/4016428697181941,5978431020275713811/8032857394363882,P0/P2,false,pair:P0:P2:S
427,1473,6312736045597326337/4002333330806663,5974033861123588817/8004666661613326,P0/P2,false,pair:P0:P2:NE
428,1474,786348974745015659/497430800882797,6675487419688464691/8953754415890346,P1/P2,false,pair:P1:P2:S
429,1476,233434488819553819/149083192985917,679575312315484705/894499157915502,P1/P2,false,pair:P1:P2:SE
430,1481,788503683765316329/495061065829343,738144756133658169/990122131658686,P0/P1,false,pair:P0:P1:S
431,1484,107561813289464707/67697565369109,101854240099688435/135395130738218,P0/P2,false,pair:P0:P2:SE
432,1486,2794442363595103717/1757067691123395,293836666804107661/390459486916310,P0/P1,false,pair:P0:P1:SW
433,1489,2003630883040655531/1254958942106413,1891801766551979419/2509917884212826,P1/P2,false,pair:P1:P2:S
434,1492,4726765399248292979/2957124459280805,4461838018316180451/5914248918561610,P0/P2,false,pair:P0:P2:SW
435,1497,5666722670950876333/3541841816153659,5379219426037096253/7083683632307318,P1/P2,false,pair:P1:P2:S
436,1499,1968531956684810251/1225830503747277,618307673820150697/817220335831518,P0/P2,false,pair:P0:P2:W
437,1501,2186385200828723567/1359904758410889,2056011105872082335/2719809516821778,P0/P1,false,pair:P0:P1:N
438,1502,640443074162394817/399304925217479,605960327738395025/798609850434958,P0/P2,false,pair:P0:P2:W
439,1508,4424307158455343851/2747232826671853,4187462535204420571/5494465653343706,P0/P2,false,pair:P0:P2:SW
440,1512,5714010467038266541/3541841816153659,5419751822683430717/7083683632307318,P0/P2,false,pair:P0:P2:S
441,1514,646072573696607937/399304925217479,611026877319186833/798609850434958,P0/P2,false,pair:P0:P2:S
442,1515,1779115930094786221/1096913962085435,1674623033713938749/2193827924170870,P1/P2,false,pair:P1:P2:W
443,1517,8541290955923576003/5285710575471573,2716794509417551633/3523807050314382,P0/P1,false,pair:P0:P1:S
444,1520,13313963149846093991/8186851860315409,12537607748259123799/16373703720630818,P0/P1,false,pair:P0:P1:S
445,1524,5759046463311971501/3541841816153659,5455780619702394685/7083683632307318,P0/P2,false,pair:P0:P2:S
446,1525,13354495546492428455/8186851860315409,12564629346023346775/16373703720630818,P1/P2,false,pair:P1:P2:N
447,1527,1915621565042319551/1186857836351929,1853870125510391279/2373715672703858,P1/P2,false,pair:P1:P2:NE
448,1528,4482853953611160299/2747232826671853,4232498531478125531/5494465653343706,P0/P1,false,pair:P0:P1:SE
449,1532,9790685968856372419/5993502823648213,9251195055543338291/11987005647296426,P0/P1,false,pair:P0:P1:SE
450,1537,9983404175758491883/6090179851341037,9453706196447019483/12180359702682074,P0/P1,false,pair:P0:P1:S
451,1539,4139805310133584965/2525245546610531,3924805116897745493/5050491093221062,P0/P2,false,pair:P0:P2:NE
452,1541,11502216130003007429/6990847267399651,10815641837540304341/13981694534799302,P0/P1,false,pair:P0:P1:S
453,1543,249488724061041883/152612545069181,238966265432983755/305225090138362,P0/P2,false,pair:P0:P2:E
454,1548,32548353868503076517/19756096342513667,30825942931663131317/39512192685027334,P0/P2,false,pair:P0:P2:SE
455,1553,26299820553973546297/15875396447183887,24801369865373864329/31750792894367774,P1/P2,false,pair:P1:P2:SE
456,1561,53358732686579099871/32072626142001817,50469198474636580879/64145252284003634,P0/P2,false,pair:P0:P2:W
457,1562,2748097647647371805/1651390416499787,2598593218421823405/3302780832999574,P0/P1,false,pair:P0:P1:N
458,1565,38240845449080564523/22869107412866221,2758421642079194823/3518324217364034,P0/P1,false,pair:P0:P1:NW
459,1569,42566616367231525451/25412706931361421,40048215787231969595/50825413862722842,P0/P1,false,pair:P0:P1:W
460,1575,87112639481892897819/51834953595358013,82166139237265603595/103669907190716026,P0/P1,false,pair:P0:P1:SW
461,1580,6132414905345880733/3630386704480203,40372474960402645307/50825413862722842,P0/P1,false,pair:P0:P1:N
462,1585,8906082525740586179/5285710575471573,8483649900678071603/10571421150943146,P0/P2,false,pair:P0:P2:W
463,1588,7833257481703596209/4623371598561367,36990523887255269509/46233715985613670,P1/P2,false,pair:P1:P2:SE
464,1591,26231775888783021531/15541604692141949,25173047387653798347/31083209384283898,P0/P1,false,pair:P0:P1:SW
465,1597,2205664013486867149/1293593152426267,297601706338913403/369598043550362,P0/P1,false,pair:P0:P1:S
466,1599,92663409164544693407/54360694934162649,9734744223258646295/12080154429813922,P1/P2,false,pair:P1:P2:SE
467,1600,57372784948754819023/33663204495342377,54281306899369515519/67326408990684754,P0/P1,false,pair:P0:P1:S
468,1603,70279775211515992883/41139140249403621,66238408629759223459/82278280498807242,P1/P2,false,pair:P1:P2:SE
469,1613,1306912969027415575/758274451940129,1232440755038350023/1516548903880258,P1/P2,false,pair:P1:P2:SE
470,1619,14667382231379219309/8528903149155707,14022747669324425725/17057806298311414,P1/P2,false,pair:P1:P2:E
471,1620,81927677838577062449/47347993391176407,77291060622434615297/94695986782352814,P0/P2,false,pair:P0:P2:SW
472,1623,2046263313777948493/1180590484504731,1926227229621040093/2361180969009462,P1/P2,false,pair:P1:P2:NE
473,1629,156467247283927285249/90035602195555719,148397632226864489681/180071204391111438,P0/P1,false,pair:P0:P1:SE
474,1632,1320986717862948375/758274451940129,1246514503873882823/1516548903880258,P1/P2,false,pair:P1:P2:NE
475,1634,45801786574047239841/26161723426830823,42748033194266888049/52323446853661646,P0/P2,false,pair:P0:P2:SE
476,1637,83095645648927829163/47688607581314861,79031864533317810587/95377215162629722,P0/P2,false,pair:P0:P2:SE
477,1639,37010059990670403755/21173497307120429,35007143019944015259/42346994614240858,P0/P2,false,pair:P0:P2:SE
478,1643,7391621061643803771/4205208156112349,48676386784799650029/58872914185572886,P0/P2,false,pair:P0:P2:S
479,1646,39979840419400097033/22810864140098239,37971319815210396249/45621728280196478,P0/P2,false,pair:P0:P2:S
480,1651,205636140529618300531/116696931257706405,38753669874748707527/46678772503082562,P1/P2,false,pair:P1:P2:E
481,1656,321862648236005461669/182119312775190531,303842521252863496885/364238625550381062,P0/P2,false,pair:P0:P2:NE
482,1660,43675990674598441775/24649279717923529,206489747683264196827/246492797179235290,P0/P2,false,pair:P0:P2:N
483,1662,40376157186608700681/22810864140098239,38331607785400035929/45621728280196478,P0/P2,false,pair:P0:P2:N
484,1664,300842593379609177013/169020378111368051,282434949899946142917/338040756222736102,P0/P1,false,pair:P0:P1:E
485,1669,302283745260367735733/169020378111368051,283587871404552989893/338040756222736102,P0/P1,false,pair:P0:P1:E
486,1674,14919904637833514447/8333957745476905,7445802074725885831/8824190554034370,P1/P2,false,pair:P1:P2:NE
487,1676,235197701376954190193/130743986563267991,219683677613624957761/261487973126535982,P0/P2,false,pair:P0:P2:E
488,1679,254949394264291954957/142384594363667675,241180033152169474461/284769188727335350,P0/P1,false,pair:P0:P1:S
489,1681,165504774469693929411/92935971832463573,158766260621496965171/185871943664927146,P0/P1,false,pair:P0:P1:SE
490,1682,448968357954278133595/250038383107422717,422682370855431056203/500076766214845434,P1/P2,false,pair:P1:P2:N
491,1689,159902913520734556415/88500645290673017,451768777138800905869/531003871744038102,P1/P2,false,pair:P1:P2:SW
492,1692,1017247351503778057931/562082822945914381,958348596789393872315/1124165645891828762,P0/P1,false,pair:P0:P1:NW
493,1694,326863306356516397063/180939749733877937,309458335237808246711/361879499467755874,P0/P1,false,pair:P0:P1:NW
494,1698,93691475057083811021/51718763591491355,620166586439096242571/724062690280878970,P1/P2,false,pair:P1:P2:N
495,1701,152168150274945535841/83958281826184999,431321721611803147411/503749690957109994,P1/P2,false,pair:P1:P2:NE
496,1703,640270282161033834161/351989375346975319,1802537824993415105923/2111936252081851914,P0/P1,false,pair:P0:P1:NE
497,1706,609130195683928148189/331905435760046987,562204652115222620781/663810871520093974,P1/P2,false,pair:P1:P2:N
498,1710,2597733717740538293647/1424039088628515689,222754556826039709597/258916197932457398,P1/P2,false,pair:P1:P2:NE
499,1722,449941347916003954469/242010457616456579,415173349601431780149/484020915232913158,P0/P2,false,pair:P0:P2:W
500,1724,1552899785412837079523/841385064457764789,4389567916733303880953/5048310386746588734,P0/P1,false,pair:P0:P1:NE
501,1729,8402848475143807391891/4548086846902926981,883845955078225091755/1010685965978428218,P0/P2,false,pair:P0:P2:N
502,1731,9466879225710294159271/5116174995551077905,2984322364874537859869/3410783330367385270,P0/P1,false,pair:P0:P1:SE
503,1733,9250928547575443777277/4980445777942099563,2893030516201480050223/3320297185294733042,P0/P2,false,pair:P0:P2:N
504,1737,7384934584761594503551/3979998698254776057,6993153584931857175215/7959997396509552114,P0/P2,false,pair:P0:P2:N
505,1741,494455935993368312537/265763474550457199,469086479510938313001/531526949100914398,P0/P1,false,pair:P0:P1:E
506,1745,331388226634116295007/178023096007032345,315976971884400230543/356046192014064690,P0/P2,false,pair:P0:P2:SW
507,1749,1078264495583989660061/576993931963427019,1024702518392180307757/1153987863926854038,P1/P2,false,pair:P1:P2:NW
508,1757,8205620692655097910883/4379585105566172981,7853614058192875952339/8759170211132345962,P1/P2,false,pair:P1:P2:W
509,1762,4871941947420414307407/2589059481564142249,4657358794482247222911/5178118963128284498,P0/P1,false,pair:P0:P1:SE
510,1765,15888110726514800062813/8387481645038456587,15000847498756327258861/16774963290076913174,P0/P2,false,pair:P0:P2:N
511,1772,31638463584096399424379/16603734985734889181,1754937315291170592187/1953380586557045786,P0/P2,false,pair:P0:P2:S
512,1774,15980344446883347820893/8387481645038456587,15074634475051165465325/16774963290076913174,P0/P2,false,pair:P0:P2:S
513,1778,16568594407251541273633/8661603368627722343,15587732284285476130033/17323206737255444686,P0/P2,false,pair:P0:P2:SW
514,1781,1102475847180733446557/576993931963427019,1047184487732013823789/1153987863926854038,P0/P2,false,pair:P0:P2:SW
515,1785,7604109878698839893933/3971065808553583419,7187664642090195399229/7942131617107166838,P0/P2,false,pair:P0:P2:SW
516,1789,31915164745202042698619/16603734985734889181,30092188776981833789803/33207469971469778362,P0/P2,false,pair:P0:P2:S
517,1791,976941743284960468801/510092999749627463,71687563073932619029/78475846115327302,P0/P1,false,pair:P0:P1:SW
518,1792,12758448235434466061697/6642843429850690055,345381989634089119483/379591053134325146,P1/P2,false,pair:P1:P2:SE
519,1794,1238386244617968047097/643894864177226575,234561389808873044597/257557945670890630,P0/P1,false,pair:P0:P1:SW
520,1796,3542447961903729436073/1836112350492215071,3330214967535172482297/3672224700984430142,P0/P1,false,pair:P0:P1:SW
521,1797,11400891142872317388947/5924172532665085573,10797354198993388524035/11848345065330171146,P0/P2,false,pair:P0:P2:S
522,1801,16831148151842219661349/8715145236354439811,15910131727297969624117/17430290472708879622,P0/P1,false,pair:P0:P1:SW
523,1805,1360786109249920469383/703166428136991537,1284341397248995684663/1406332856273983074,P0/P1,false,pair:P0:P1:S
524,1809,15957635389555700276927/8260278315474338745,15229702432676915516399/16520556630948677490,P1/P2,false,pair:P1:P2:E
525,1812,33713406227951374494947/17367231712033350837,3544902392597896321915/3859384824896300186,P0/P1,false,pair:P0:P1:NE
526,1813,4675670547638625094371/2410947604621211317,31079399263707888104773/33753266464696958438,P1/P2,false,pair:P1:P2:NE
527,1817,6183718276469923308347/3175769888206492957,29220457436678447299031/31757698882064929570,P0/P1,false,pair:P0:P1:E
528,1822,94541499732806431938957/48430992229870276699,89172686523897851587101/96861984459740553398,P1/P2,false,pair:P1:P2:SE
529,1825,24180547175426027395773/12393869097933258923,68764700745903712945895/74363214587599553538,P0/P1,false,pair:P0:P1:E
530,1828,72876773593643507223733/37195638297503318643,68728138365754630643141/74391276595006637286,P0/P1,false,pair:P0:P1:SE
531,1836,92055124153587710261057/46751673071404471879,86910773594347841413649/93503346142808943758,P0/P2,false,pair:P0:P2:E
532,1839,25880710054221494123435/13286593023466653741,8391421969105509383561/8857728682311102494,P0/P2,false,pair:P0:P2:NE
533,1840,206753565266235813650807/104971214983467375297,195890161380954087316519/209942429966934750594,P0/P1,false,pair:P0:P1:SE
534,1847,94012920981593779296305/47449795270500533463,4234533073054924758333/4519028121000050806,P0/P1,false,pair:P0:P1:SE
535,1851,166120394767075547528557/83431721700342635387,156372070686407141012477/166863443400685270774,P0/P2,false,pair:P0:P2:E
536,1857,17757795871736733108923/8893530750824901021,16815872321206135596203/17787061501649802042,P0/P1,false,pair:P0:P1:W
537,1859,184139916288063133744877/92161004241258194427,174452457751192234470781/184322008482516388854,P0/P1,false,pair:P0:P1:NW
538,1861,70230105426840527392127/35219213375060290297,67015338169402600111791/70438426750120580594,P0/P1,false,pair:P0:P1:N
539,1864,201525683894439754014773/100709424092333673203,191545518618302847322437/201418848184667346406,P0/P2,false,pair:P0:P2:N
540,1867,36248702165859939311717/18563920278727619651,36754822226250953658485/37127840557455239302,P0/P2,false,pair:P0:P2:E
541,1873,124502335362686677469461/61809121226470963475,354516477987114233722991/370854727358825780850,P1/P2,false,pair:P1:P2:SE
542,1875,320860142264078985683945/158854177632479582943,303282502456943118944057/317708355264959165886,P0/P1,false,pair:P0:P1:SW
543,1877,214653655642169214870359/106367459381659498465,40751185205579366215067/42546983752663799386,P1/P2,false,pair:P1:P2:SE
544,1883,79961944372142461713601/39578063429397167303,228637912333156877508275/237468380576383003818,P1/P2,false,pair:P1:P2:E
545,1885,464419406122143245139687/229292604382600163537,440264657847541847426199/458585208765200327074,P1/P2,false,pair:P1:P2:E
546,1890,465895145648040009268967/229292604382600163537,441445249468259258729623/458585208765200327074,P1/P2,false,pair:P1:P2:E
547,1892,146071118055413719598683/71318911180208044797,135951148099454751494731/142637822360416089594,P0/P2,false,pair:P0:P2:SE
548,1893,1095234293078588511026207/538619050222061003097,1039057017228294333927247/1077238100444122006194,P0/P1,false,pair:P0:P1:W
549,1894,336356879324055226115627/166149469396174959021,107698521332645040158985/110766312930783306014,P0/P2,false,pair:P0:P2:E
550,1898,69989674061651541540583/34301164459474825425,22022368602411149268701/22867442972983216950,P0/P2,false,pair:P0:P2:N
551,1899,721936946114413245496901/354297041739544614243,228378195779286955648711/236198027826363076162,P1/P2,false,pair:P1:P2:SE
552,1904,640191539450706713513249/312612855617444314983,603114453646336902954481/625225711234888629966,P0/P2,false,pair:P0:P2:NW
553,1907,355694394481437549050517/174013397335395832723,337402764142142890725797/348026794670791665446,P1/P2,false,pair:P1:P2:NE
554,1910,364469621758429744481/177037723736219943,9914226197461467525005/10268187976700756694,P0/P1,false,pair:P0:P1:SW
555,1913,357170134007334313179797/174013397335395832723,338878503668039654855077/348026794670791665446,P1/P2,false,pair:P1:P2:SE
556,1918,328107435515372190969579/158967954414885474029,926272650068690920271761/953807726489312844174,P0/P2,false,pair:P0:P2:SE
557,1922,230038011699677887976793/111422013628080110831,217336390209448864891817/222844027256160221662,P1/P2,false,pair:P1:P2:E
558,1926,305039779017417133900607/147440211288462525241,288529971853406598553711/294880422576925050482,P0/P2,false,pair:P0:P2:SE
559,1927,503158757259694765602209/243738627645135952615,479115652021883600719473/487477255290271905230,P1/P2,false,pair:P1:P2:S
560,1930,845518636924028508042561/408029635272348059719,114273237886114685061415/116579895792099445634,P0/P1,false,pair:P0:P1:SE
561,1933,1523472408352504290141153/735439207648898612903,1444630341042300952629425/1470878415297797225806,P1/P2,false,pair:P1:P2:SE
562,1934,1057509182232986438071523/509433013044281924789,998652748684245525577555/1018866026088563849578,P0/P1,false,pair:P0:P1:SE
563,1938,659917292416560392191355/317169201182089374941,622545415376995014185835/634338402364178749882,P1/P2,false,pair:P1:P2:NE
564,1943,1070568339573740983407257/514322379460081289647,59803204913568315739993/60508515230597798782,P0/P1,false,pair:P0:P1:S
565,1947,35985181542592889054625/17256406956166097639,34171569992097276640881/34512813912332195278,P1/P2,false,pair:P1:P2:W
566,1954,1867111192999881365193421/890617524146820600091,1766115250055937203541853/1781235048293641200182,P1/P2,false,pair:P1:P2:N
567,1964,1595073845748283634033491/754354425268276210117,1499500193633101737838787/1508708850536552420234,P1/P2,false,pair:P1:P2:SE
568,1967,63979764039769328175693/30176128619809310107,300101934503125774783057/301761286198093101070,P0/P2,false,pair:P0:P2:W
569,1971,1555348382111874395333601/735439207648898612903,1475325723180953646518449/1470878415297797225806,P0/P2,false,pair:P0:P2:NW
570,1974,1123019038843934720492585/529904119945408371871,24709849697732964818155/24646703253274807994,P0/P1,false,pair:P0:P1:E
571,1978,5669427736944712192036261/2667466496943708082435,5360410569571289120932277/5334932993887416164870,P0/P1,false,pair:P0:P1:NE
572,1989,3342256973002562340778513/1563746741544871299575,3174590663837493490451937/3127493483089742599150,P1/P2,false,pair:P1:P2:NW
573,1992,5719012585014843466780069/2667466496943708082435,1081999083528284079135217/1066986598777483232974,P0/P2,false,pair:P0:P2:NE
574,1993,3824754896449571448604805/1782999184188438789411,3616631165765360675541653/3565998368376877578822,P1/P2,false,pair:P1:P2:W
575,1999,10098408215952152802949061/4699259945709301491683,9581045200539795839083989/9398519891418602983366,P0/P2,false,pair:P0:P2:W
576,2001,5950034467542354111390843/2777542278960345841117,5692701656782390569626219/5555084557920691682234,P0/P1,false,pair:P0:P1:NW
577,2003,2091717491616432147165793/973020993913007514663,1990270202700544985147185/1946041987826015029326,P1/P2,false,pair:P1:P2:SW
578,2009,8675532912307022485740507/4018968810943721738621,8240969096477132350857163/8037937621887443477242,P1/P2,false,pair:P1:P2:S
579,2015,18590777408012383726104529/8567019600284272171575,17601044877150119725674401/17134039200568544343150,P0/P2,false,pair:P0:P2:E
580,2021,2920638582172810433585353/1342629913356053976319,146065481743592164711075/141329464563795155402,P0/P1,false,pair:P0:P1:NW
581,2024,2759034574254304060350261/1256386314169802621939,2569747752384851585448005/2512772628339605243878,P0/P1,false,pair:P0:P1:NW
582,2025,20093348969776101279504685/9204923559871461866939,19010295343109663795551165/18409847119742923733878,P0/P2,false,pair:P0:P2:NE
583,2027,4771132283100689698391645/2194836252403169649163,4565654404672757432049645/4389672504806339298326,P0/P1,false,pair:P0:P1:NW
584,2029,22379943294925420540772077/10259939746925787244027,21247777931641987050892669/20519879493851574488054,P0/P1,false,pair:P0:P1:N
585,2034,34920953052115414955982379/15967053262584525953453,33127079786500326298026779/31934106525169051906906,P0/P1,false,pair:P0:P1:N
586,2036,5399313777375905226141593/2464829122172579058863,5114037146969868571406825/4929658244345158117726,P0/P2,false,pair:P0:P2:E
587,2044,14212058236844281997872205/6465773991322128061339,13551958437376432449329373/12931547982644256122678,P0/P1,false,pair:P0:P1:SE
588,2047,2787368773151521931632437/1256386314169802621939,2598081951282069456730181/2512772628339605243878,P0/P1,false,pair:P0:P1:SE
589,2050,35242073972950550830513707/15967053262584525953453,33429311241403983591703323/31934106525169051906906,P0/P1,false,pair:P0:P1:S
590,2051,2211300564160058309930015/1001116022337301131609,10478395526997668675779723/10011160223373011316090,P1/P2,false,pair:P1:P2:NW
591,2053,38782362130722697003957933/17529077250714340803643,36690353756909996285360445/35058154501428681607286,P1/P2,false,pair:P1:P2:N
592,2055,27613997572185130696573401/12503531994035130315887,26279136485850239877584937/25007063988070260631774,P0/P2,false,pair:P0:P2:SE
593,2063,54920717799379300712689111/24773791002570859348321,52216206019453568677934727/49547582005141718696642,P1/P2,false,pair:P1:P2:E
594,2066,105745405811574882130132787/47561686495463811923173,100188749045751632712239779/95123372990927623846346,P0/P1,false,pair:P0:P1:SW
595,2073,159617421807714732101609905/71426931793034405789527,150879607077850659771559809/142853863586068811579054,P0/P2,false,pair:P0:P2:N
596,2075,82504013529206800834271473/36939686636855557564951,78205933442653650578506433/73879373273711115129902,P1/P2,false,pair:P1:P2:S
597,2078,159957432194481346556996017/71426931793034405789527,151106280669028402741817217/142853863586068811579054,P0/P1,false,pair:P0:P1:N
598,2083,160335221513110918174091697/71426931793034405789527,151408512123932060035493761/142853863586068811579054,P0/P1,false,pair:P0:P1:N
599,2089,146181852882331701320990511/64938851045775726194377,137888288971499648962637663/129877702091551452388754,P0/P1,false,pair:P0:P1:NW
600,2091,126567428441201462934435743/56319909402128978592217,120023279406458100469162703/112639818804257957184434,P1/P2,false,pair:P1:P2:N
601,2094,161090800150370061408283057/71426931793034405789527,152088532897465288946265985/142853863586068811579054,P0/P1,false,pair:P0:P1:W
602,2095,167052109206781839670893373/73943221520937271837739,157196987927312605055281869/147886443041874543675478,P0/P2,false,pair:P0:P2:NE
603,2101,479322501915277449159778309/212149934482715149361571,151118803896859700521047559/141433289655143432907714,P1/P2,false,pair:P1:P2:SE
604,2102,540416003255237061494296553/239197583692715481927391,511819932960296078679257913/478395167385430963854782,P0/P2,false,pair:P0:P2:N
605,2110,109531940318954000377458997/47990898531902553457139,102209400952871988882827845/95981797063805106914278,P0/P2,false,pair:P0:P2:NE
606,2112,396980955658336835054421411/175191813298741358932469,377670565462673454330489875/350383626597482717864938,P0/P1,false,pair:P0:P1:E
607,2118,77486151888574876546692937/34027446795976468886143,73382105228437569873778841/68054893591952937772286,P1/P2,false,pair:P1:P2:NW
608,2119,116628391252185295140406511/51211060052319886898953,993882714880029699751143959/921799080941757964181154,P0/P2,false,pair:P0:P2:SE
609,2120,739710913715368150076886851/324789753286973106546005,140070858793255884051205719/129915901314789242618402,P1/P2,false,pair:P1:P2:NW
610,2124,641760764851355179691394369/280467911611128333957191,603564817620011426151665681/560935823222256667914382,P1/P2,false,pair:P1:P2:W
611,2125,159229799295506870157430673/69843734007129144875127,151219544498190361436117857/139687468014258289750254,P0/P1,false,pair:P0:P1:S
612,2129,635720944750045037168489163/277764921152746614684173,601306182776022530484763067/555529842305493229368346,P0/P2,false,pair:P0:P2:SW
613,2132,37130745037360404976053393/16125442454472450499447,104106437525998882422511907/96752654726834702996682,P0/P2,false,pair:P0:P2:W
614,2133,64241412530900026921027579/27933297554660668814941,542572808439821574550885699/502799355983892038668938,P1/P2,false,pair:P1:P2:E
615,2137,894059800995076200283853789/391231107964654787149963,858214693246638831316575597/782462215929309574299926,P0/P1,false,pair:P0:P1:SW
616,2139,1629164357447076867685434905/709267714179780800770607,4635855278488838269992300859/4255606285078684804623642,P1/P2,false,pair:P1:P2:S
617,2140,6770859310593903120979201447/2941947945868304589060113,6391309423014841151392354135/5883895891736609178120226,P0/P1,false,pair:P0:P1:SW
618,2145,287405705314285490113678087/124353138350366759499185,1891029275154058196851075841/1740943936905134632988590,P0/P2,false,pair:P0:P2:SW
619,2150,2168870922552906255549172793/939294707856309945945359,2054394818298868046938198153/1878589415712619891890718,P1/P2,false,pair:P1:P2:SW
620,2156,1298929469511927698997445509/559842847639644913457699,1226576882906992309516729749/1119685695279289826915398,P1/P2,false,pair:P1:P2:NW
621,2162,1426706283568381710545436241/612780708849818916880311,6744073822394172029881933477/6127807088498189168803110,P0/P2,false,pair:P0:P2:SW
622,2166,927020999054407668604430333/397989096297870473280875,879529780242480930204570509/795978192595740946561750,P1/P2,false,pair:P1:P2:W
623,2172,1909129701509813537230382687/819881519623725062646041,1818719886457655993165958543/1639763039247450125292082,P1/P2,false,pair:P1:P2:W
624,2173,7876244808629894035891373911/3370877089263717714654177,7455903566119970715792623623/6741754178527435429308354,P0/P1,false,pair:P0:P1:N
625,2176,930043313603444241541195773/397989096297870473280875,881947631881710188553982861/795978192595740946561750,P1/P2,false,pair:P1:P2:W
626,2177,2242311303939518294221904521/959567803203798066661695,2126773462912549852631736281/1919135606407596133323390,P0/P2,false,pair:P0:P2:NW
627,2183,15336594893344015796388102395/6545488591513101765051741,14550763065011894894107569899/13090977183026203530103482,P1/P2,false,pair:P1:P2:NW
628,2185,1284947957759563178455602721/546764465769018436140647,1212651105480025617497937649/1093528931538036872281294,P0/P1,false,pair:P0:P1:NE
629,2187,11733850600649923005314600401/5001338860377588104096823,11151964595987359438802922913/10002677720755176208193646,P0/P2,false,pair:P0:P2:NW
630,2192,8519382067392110115507313459/3614788286025297705337061,8074389705866379172192937635/7229576572050595410674122,P0/P1,false,pair:P0:P1:SW
631,2194,3074205505271182006706335475/1302956881652920532691749,2906006021839973634244396643/2605913763305841065383498,P0/P1,false,pair:P0:P1:SW
632,2199,9241959328927380086914305241/3908870644958761598075247,8737360878633754969528488745/7817741289917523196150494,P0/P1,false,pair:P0:P1:SE
633,2201,13731709447607240579812094903/5801846149101371449899649,12992693973684900875968234087/11603692298202742899799298,P0/P1,false,pair:P0:P1:E
634,2203,7299119605719275730801761995/3081823904288915718974989,20727521260884537741451112753/18490943425733494313849934,P0/P1,false,pair:P0:P1:E
635,2208,1780828729819079804563686155/750756981308272299166669,8435484546218751567063168487/7507569813082722991666690,P1/P2,false,pair:P1:P2:S
636,2209,27475104965962412497225885929/11571526196458884691983839,25987577555941597773301341241/23143052392917769383967678,P0/P1,false,pair:P0:P1:SE
637,2215,34311656691125463567776886343/14426987042357332613532785,32493176563175653378089611767/28853974084714665227065570,P0/P2,false,pair:P0:P2:S
638,2218,2078330857278803035404586289/870471968452567316494295,391262253882649634457041869/348188787381026926597718,P0/P2,false,pair:P0:P2:SW
639,2221,13733942189674829068450506653/5763583839056477890947787,13037675875028383519877367085/11527167678112955781895574,P1/P2,false,pair:P1:P2:S
640,2226,23445870434470655591196438625/9787070491775128245687847,22119593144884168870844220721/19574140983550256491375694,P0/P1,false,pair:P0:P1:NE
641,2230,755822016598609765632533829/315715556176136065361507,7875799272005629790611029159/6945742235874993437953154,P0/P2,false,pair:P0:P2:SW
642,2232,9706009339132313423850868245/4050787813046562584435731,9177736476417430186051632421/8101575626093125168871462,P0/P1,false,pair:P0:P1:E
643,2235,82465656319896701797139113355/34432342483867685029920077,78222918107727467007428634747/68864684967735370059840154,P0/P2,false,pair:P0:P2:W
644,2238,82659084451035042465092101515/34432342483867685029920077,78377660612638139541791025275/68864684967735370059840154,P0/P2,false,pair:P0:P2:W
645,2243,828398141746290928476126465/343982691531811254673031,28958965413928045833293225269/25454719173354032845804294,P0/P1,false,pair:P0:P1:NW
646,2248,1836841420092143855022512621/764233871220045692560123,1754139540673869224867739773/1528467742440091385120246,P0/P2,false,pair:P0:P2:NW
647,2253,85297448782936407715045827713/35270054845125787319120647,80738274673966902637259461457/70540109690251574638241294,P1/P2,false,pair:P1:P2:N
648,2256,63872668482693616886107638359/26409754011634525724985569,8665946703068930355304262913/7545644003324150207138734,P0/P2,false,pair:P0:P2:E
649,2260,145159801353318283313633986517/59887061657221717875724371,137417474601096607082504807141/119774123314443435751448742,P1/P2,false,pair:P1:P2:NW
650,2267,36029625873634538671485743859/14829936320320802310915877,34211436146196522372085746275/29659872640641604621831754,P1/P2,false,pair:P1:P2:NE
651,2271,48847069462878408847222123231/20047599484835132095367321,46210758940084865030246480399/40095198969670264190734642,P1/P2,false,pair:P1:P2:NE
652,2274,7579536835999225345966391585/3097316218143799868910439,22473904099104725904250565/19541427243809462895334,P0/P1,false,pair:P0:P1:SW
653,2276,98306746110604640264831706899/40312920673671461384348677,93255659563783605607997560963/80625841347342922768697354,P0/P1,false,pair:P0:P1:SW
654,2277,42962353338493780617038657585/17609927615818192008651991,40710928532329497432711841281/35219855231636384017303982,P0/P2,false,pair:P0:P2:N
655,2283,60064068575928679648123072309/24566807198606527254787059,56975926055545115337503590469/49133614397213054509574118,P1/P2,false,pair:P1:P2:NW
656,2286,15076240103282588509698104507/6150271042451101016680349,100010879850604804818925379245/86103794594315414233524886,P1/P2,false,pair:P1:P2:W
657,2289,129028325465695149747767100249/52601786319267854256357103,122268650965823883571922571689/105203572638535708512714206,P1/P2,false,pair:P1:P2:W
658,2292,22527285711011028351804941187/9174580652933248155964181,21328300119665247413031145459/18349161305866496311928362,P0/P2,false,pair:P0:P2:S
659,2305,26070641981014149017071081711/10552648806051050158883593,24768583882351024377302398239/21105297612102100317767186,P0/P2,false,pair:P0:P2:SW
660,2308,25292085224477798440263349945/10197054976656413223319183,23943949222231299403682235145/20394109953312826446638366,P1/P2,false,pair:P1:P2:NW
661,2310,235704673300215279208156270585/95006517661879295289395023,223456089050263909625867133001/190013035323758590578790046,P0/P1,false,pair:P0:P1:NW
662,2313,18239973996133419738374365945/7333367562058317728074831,258044944685421790453349028167/220001026861749531842244930,P1/P2,false,pair:P1:P2:N
663,2317,3667628232090116291836783579/1475071542078797230981501,406156657765341728810840430535/345166740846438552049671234,P0/P2,false,pair:P0:P2:NW
664,2322,261784063459190153811745373531/105192648545949450023484413,248439005340253847653095209291/210385297091898900046968826,P0/P2,false,pair:P0:P2:NW
665,2324,446417057921808129234782414029/179104792688312903484342043,423098498364529804045979195741/358209585376625806968684086,P1/P2,false,pair:P1:P2:NE
666,2327,380230500259605407142363274661/152189260469906449578197251,5898625973278456645034424025/4989811818685457363219582,P0/P2,false,pair:P0:P2:N
667,2332,373985619784670485917453556691/149472553243235369668490565,353764259535125204288698689859/298945106486470739336981130,P0/P2,false,pair:P0:P2:NE
668,2333,189610754259152488343604210081/75931037935755232540821223,180316468396832147756358353521/151862075871510465081642446,P0/P1,false,pair:P0:P1:SE
669,2336,787682010650827180896161019471/314802968073859163228430505,748937638775566971577482227839/629605936147718326456861010,P0/P2,false,pair:P0:P2:NE
670,2342,375533044833777211261077461971/149472553243235369668490565,118437228194743976544107531713/99648368828823579778993710,P0/P2,false,pair:P0:P2:NW
671,2345,1543390375465701779449187659253/613748074560329902565411635,11526722819539603636254128763/9665324008824092953786010,P0/P2,false,pair:P0:P2:W
672,2347,1025021777447878396722852782217/407049617132734610528351039,969796514804055419884576835033/814099234265469221056702078,P0/P2,false,pair:P0:P2:W
673,2350,1546485225563915230136435469813/613748074560329902565411635,1466369678160100422354072601349/1227496149120659805130823270,P0/P2,false,pair:P0:P2:W
674,2352,1028116627546091847410100592777/407049617132734610528351039,972272394882626180434375083481/814099234265469221056702078,P0/P2,false,pair:P0:P2:W
675,2354,1549580075662128680823683280373/613748074560329902565411635,1468845558238671182903870849797/1227496149120659805130823270,P0/P2,false,pair:P0:P2:W
676,2358,1552674925760342131510931090933/613748074560329902565411635,294264287663448388690733819649/245499229824131961026164654,P0/P2,false,pair:P0:P2:W
677,2360,1031211477644305298097348403337/407049617132734610528351039,974748274961196940984173331929/814099234265469221056702078,P0/P2,false,pair:P0:P2:W
678,2362,1347243393866306293301576480813/532171634747078596778858171,1276056024421535407399513844413/1064343269494157193557716342,P0/P1,false,pair:P0:P1:SE
679,2365,1583068588459539017005540065963/624162196988982012929161517,135984054141620868931408017585/113484035816178547805302094,P0/P1,false,pair:P0:P1:SE
680,2367,433944513518617357056209870051/171117298735295694325658805,82238407005697108367665537399/68446919494118277730263522,P0/P2,false,pair:P0:P2:W
681,2369,765470770541216697258194560387/301307880663725888667361557,241267909830347101480897477457/200871920442483925778241038,P0/P1,false,pair:P0:P1:S
682,2371,44233768441550487375674343461/17424247098567197323293315,13970692979612063294470170983/11616164732378131548862210,P0/P1,false,pair:P0:P1:S
683,2375,604961002423367228893500937683/237654762359721284532439877,573457899835543624421259232067/475309524719442569064879754,P0/P1,false,pair:P0:P1:NW
684,2383,1282192833696166967823938223877/501581508735483103320079011,93484919745812475937247742761/77166385959305092818473694,P0/P2,false,pair:P0:P2:SW
685,2385,991759409393548347656798580393/387326320027823436708398623,938203906574666325002484846073/774652640055646873416797246,P0/P1,false,pair:P0:P1:N
686,2391,518183144297680076794784552459/201707424746891187784437965,44479569391314007809291692241/36674077226707488688079630,P1/P2,false,pair:P1:P2:E
687,2393,397062194473377592479236115469/153536993185624902104461787,369784775734619795762022245533/307073986371249804208923574,P0/P2,false,pair:P0:P2:NE
688,2395,728832109595252652372291548251/283876396719689097245129981,691241066708473166351983517771/567752793439378194490259962,P0/P2,false,pair:P0:P2:NE
689,2396,3436362219872724868728784815605/1337945369466708574838158131,3256794306702548428185504258821/2675890738933417149676316262,P0/P1,false,pair:P0:P1:SW
690,2400,3351900711564483871268480010877/1302665824055543284347449067,3176455292979462006721378303501/2605331648111086568694898134,P0/P1,false,pair:P0:P1:SW
691,2402,2155766577358547522443148069095/836724941168271631762929361,2039105011982709843449587642007/1673449882336543263525858722,P0/P2,false,pair:P0:P2:NE
692,2403,5192294909420882252015714340525/2013154659920575464125248571,4902003011293322051699234769213/4026309319841150928250497142,P0/P1,false,pair:P0:P1:W
693,2411,6264073033347159897092530567103/2418034225096479835840524985,5915373651973482703851954126063/4836068450192959671681049970,P0/P2,false,pair:P0:P2:NW
694,2414,5403307887373067176282894173597/2083713750742906045106666699,5102295119996627063424258655021/4167427501485812090213333398,P1/P2,false,pair:P1:P2:S
695,2418,2989655681456351849585875177219/1149463907935840944029942677,2815871947588233021408322720627/2298927815871681888059885354,P0/P1,false,pair:P0:P1:NW
696,2425,1880104184469233192859251258563/721289786625003096594721749,1776406739917631043826522203443/1442579573250006193189443498,P1/P2,false,pair:P1:P2:SE
697,2428,707859715716756998059655978093/271659828407432867025581179,10072625926081331555261057969363/8149794852222986010767435370,P0/P1,false,pair:P0:P1:W
698,2430,5196233652460610093753935182941/1989634962979798603798109195,4906214203977915516885109929453/3979269925959597207596218390,P0/P2,false,pair:P0:P2:S
699,2434,21821073017711135100591401235021/8354932531350858715897404827,20700110069060140102397771226845/16709865062701717431794809654,P0/P1,false,pair:P0:P1:SW
700,2436,10891706137654747683528955754809/4158767656661102847101093903,10288983266261214512950217657737/8317535313322205694202187806,P0/P1,false,pair:P0:P1:SW
701,2443,35788215259617078865102172383/13637204174340548600722073,169125538164533209694179483723/136372041743405486007220730,P0/P1,false,pair:P0:P1:NW
702,2444,28575755354257719715357341233183/10895598468484537970848402777,27068870759508157196849490756431/21791196936969075941696805554,P0/P2,false,pair:P0:P2:SW
703,2452,35450383388183296885181407897617/13462468738372223891773064183,33607702506546723374232836807649/26924937476744447783546128366,P0/P2,false,pair:P0:P2:N
704,2453,353690477046612901182899862233/134009267566150336676840303,333813667533941972401786790185/268018535132300673353680606,P1/P2,false,pair:P1:P2:E
705,2456,11201730513619481873220369923019/4238593953605682778910914829,10553492538816757106420647137979/8477187907211365557821829658,P1/P2,false,pair:P1:P2:E
706,2465,44198696511877612999600892372159/16672467844673064410099592633,13950826926603661858617133394085/11114978563115376273399728422,P0/P2,false,pair:P0:P2:SW
707,2474,15104653204773303737282482734401/5677788217625705687928158279,14331829373443343355104139628561/11355576435251411375856316558,P0/P2,false,pair:P0:P2:NE
708,2480,5076010860600418030223289073361/1908729985995171013270684471,4872378172340842160961229434529/3817459971990342026541368942,P0/P2,false,pair:P0:P2:N
709,2483,8041610180835565897001809451061/3000643903900552659958911731,7616925466826640130838753247557/6001287807801105319917823462,P1/P2,false,pair:P1:P2:SE
710,2488,6901281802405337812490552655277/2578063155162332276646214971,6599842950442841635140178372669/5156126310324664553292429942,P1/P2,false,pair:P1:P2:SE
711,2490,10237111399313368794121841901463/3808235159487021765675638177,48596945508330282431748821943651/38082351594870217656756381770,P0/P2,false,pair:P0:P2:W
712,2492,14345916833645195044206874679869/5316891409421653034243276075,2709069752847697676962813740329/2126756563768661213697310430,P0/P2,false,pair:P0:P2:SW
713,2496,5443108311587455911335409077161/2014619375602697460271649055,5146034992003803798505488890617/4029238751205394920543298110,P0/P1,false,pair:P0:P1:W
714,2497,362356057321610563107193731801/134009267566150336676840303,342169762799118289257355878697/268018535132300673353680606,P1/P2,false,pair:P1:P2:S
715,2502,11479029082419407054797773749195/4238593953605682778910914829,10820887587302399245798857970363/8477187907211365557821829658,P1/P2,false,pair:P1:P2:S
716,2505,1102414935784927728304132492357/406753351052961308691281763,148928894459070671189411707843/116215243157988945340366218,P0/P2,false,pair:P0:P2:SE
717,2509,3937187584437336658407609266777/1452059175403669067291297775,1742865972746320569210546819697/1355255230376757796138544590,P0/P1,false,pair:P0:P1:E
718,2516,38984566163445046582248121125771/14303759891911019991820994381,36831228585976938062613559340667/28607519783822039983641988762,P1/P2,false,pair:P1:P2:E
719,2520,41945272440894368491103098839471/15422212404485459318094831689,39909767973831780928448804428255/30844424808970918636189663378,P1/P2,false,pair:P1:P2:NE
720,2522,57085920446619265083852574746181/20922254683553393544732061027,54041644252003021849700565654613/41844509367106787089464122054,P0/P2,false,pair:P0:P2:N
721,2527,7348803253238209732153405132265/2678232248823849403582415071,20660345914684307707972406621099/16069393492943096421494490426,P0/P2,false,pair:P0:P2:N
722,2537,39321285854130670017020682914699/14303759891911019991820994381,37148141236033995412987735142011/28607519783822039983641988762,P1/P2,false,pair:P1:P2:E
723,2540,12311793751863855695695389520309/4489216717972268325551211891,11708594605729042350784292393669/8978433435944536651102423782,P1/P2,false,pair:P1:P2:NE
724,2542,25303796771287930516781507460113/9205922973889576791898656759,71941724293359177105301775273891/55235537843337460751391940554,P0/P1,false,pair:P0:P1:SE
725,2545,27214988536967492665750456006955/9864245782449879661017757357,25647319615088603410233516846619/19728491564899759322035514714,P0/P2,false,pair:P0:P2:NE
726,2547,42381027334722822347867590566319/15422212404485459318094831689,40345522867660234785213296155103/30844424808970918636189663378,P0/P2,false,pair:P0:P2:NE
727,2548,51917804203209468394734778997909/18842679218394416312120181139,49143736989060952449395645584293/37685358436788832624240362278,P1/P2,false,pair:P1:P2:NW
728,2552,66864834477292766529921203124215/24296707324782029371166570561,63638284304040024474773117991591/48593414649564058742333141122,P1/P2,false,pair:P1:P2:W
729,2556,170670738770051633317625550173133/61783255327526350016415033371,161847333886912839188582780295261/123566510655052700032830066742,P0/P2,false,pair:P0:P2:NE
730,2562,4868033082903214231213542433947/1756215394675462643267301053,4604289750694367259228637774987/3512430789350925286534602106,P0/P1,false,pair:P0:P1:NE
731,2566,226130681956672055037842533541411/81511746892426109338450548085,214132325148518350228969113367699/163023493784852218676901096170,P1/P2,false,pair:P1:P2:S
732,2570,73079864809973374704453557550525/26276209049088648587058607531,69060454124086030954462403564877/52552418098177297174117215062,P1/P2,false,pair:P1:P2:SE
733,2571,31595461409987504117554934339311/11371490908579851742555993353,29940933687117313476372171330335/22742981817159703485111986706,P0/P1,false,pair:P0:P1:E
734,2573,118188192975795860484119281223373/42447629902267873834655264027,111537115049286393898655498247005/84895259804535747669310528054,P0/P1,false,pair:P0:P1:SE
735,2576,38385160897019118840230254542003/13783377620775332981322443621,36325598693150049413536361873443/27566755241550665962644887242,P0/P2,false,pair:P0:P2:SE
736,2580,135481677107406593527887719113947/48803669045083862347248537725,25885812422150516053577335094927/19521467618033544938899415090,P0/P2,false,pair:P0:P2:SE
737,2581,73625433180586560360488089182467/26444478244691659381188870549,69834413573626720425942394127731/52888956489383318762377741098,P1/P2,false,pair:P1:P2:N
738,2583,177384032539267141447448232662249/63656907380773164862347866591,167899318683834077990925417580601/127313814761546329724695733182,P0/P2,false,pair:P0:P2:SE
739,2588,373509973099296337198248451101/133993390590023501802101323,139565692180409249958982917747349/105318805003758472416451639878,P0/P1,false,pair:P0:P1:S
740,2590,296072373930695602370326509116813/106007466966270720078907403355,280391527211522244647793974423069/212014933932541440157814806710,P0/P2,false,pair:P0:P2:SE
741,2595,172809899157936770432651236832205/61783255327526350016415033371,163828037949769447628421379053661/123566510655052700032830066742,P1/P2,false,pair:P1:P2:SE
742,2596,241985418070214574783628447615939/86475206156173532936711376085,229364028567447870708137862900787/172950412312347065873422752170,P0/P1,false,pair:P0:P1:SE
743,2602,211390804958970893855091856236383/75477701277279604282589329433,201030402064023042676195363067535/150955402554559208565178658866,P0/P2,false,pair:P0:P2:SW
744,2606,19216500963002814567390823465387/6842957771409737672886530605,10979688092907120382037561905757/8211549325691685207463836726,P0/P2,false,pair:P0:P2:SE
745,2614,4368777529697713290232849667317/1550612416101026403941866547,62351036256809848502888440514123/46518372483030792118255996410,P0/P2,false,pair:P0:P2:N
746,2617,41160848013178368694891151196333/14577395020356944453490954811,39043273497565560555194300406589/29154790040713888906981909622,P1/P2,false,pair:P1:P2:E
747,2620,13145946670350272039495320977119/4651837248303079211825599641,12501898516367675435615105682959/9303674496606158423651199282,P0/P2,false,pair:P0:P2:N
748,2624,687022907065171038082423769788609/242465357869228940989579323591,651012358696469806640136815285137/484930715738457881979158647182,P0/P1,false,pair:P0:P1:NW
749,2630,251017112076545756395151478819577/88369081525185125160431182927,238290729948404677104960281398089/176738163050370250320862365854,P0/P1,false,pair:P0:P1:W
750,2632,14239026160831235981421377549167/5022749153218948979240926345,13595176835043250700240662353823/10045498306437897958481852690,P0/P1,false,pair:P0:P1:W
751,2639,691301227840941312312475143106753/242465357869228940989579323591,655132223147211552195001100702609/484930715738457881979158647182,P0/P1,false,pair:P0:P1:SW
752,2643,59473221164198078557629975160471/20862107009791361134915825313,1827417966190903511609966374873/1345942387728474911930053246,P0/P1,false,pair:P0:P1:S
753,2644,315533921124632220431153507492801/110364091282972982468675276231,298444022105881964022961214879377/220728182565945964937350552462,P0/P2,false,pair:P0:P2:W
754,2647,210976633229893394750633861592737/73868679980384527235918422503,66867452467766176656423976716923/49245786653589684823945615002,P0/P2,false,pair:P0:P2:W
755,2648,338669657591932573736298974723987/118505576444498819035876740997,321763266859006525408649310329091/237011152888997638071753481994,P0/P1,false,pair:P0:P1:SE
756,2650,177504207562218334351991243446423/61979890712365060976851291297,167793672419302214119485510491463/123959781424730121953702582594,P0/P1,false,pair:P0:P1:SE
757,2652,140941724455241357119510301009765/49304559904990750876039128387,134175800434885056448215915644789/98609119809981501752078256774,P1/P2,false,pair:P1:P2:NW
758,2654,363177689592556598687004898510365/126628042692233692332245991499,343163739294399965155469480717229/253256085384467384664491982998,P1/P2,false,pair:P1:P2:N
759,2655,204904125231914902756542459939377/71499422518615676506867081943,970394088032955265431290960664581/714994225186156765068670819430,P0/P2,false,pair:P0:P2:S
760,2656,82667867070877239386963425148315/28858633737605586275261177277,78403793592319412534477684993419/57717267475211172550522354554,P1/P2,false,pair:P1:P2:N
761,2658,290250699523880235494979119784737/101248062422995554132850907495,54983841852119413391782983820285/40499224969198221653140362998,P1/P2,false,pair:P1:P2:N
762,2660,894688282308404590014331389679323/312073674589609246892632059517,848740904226883485520804581100235/624147349179218493785264119034,P0/P2,false,pair:P0:P2:SE
763,2666,1027372840010088029936079881908981/357497112593078382534335409715,972612476583354666883910191273989/714994225186156765068670819430,P0/P2,false,pair:P0:P2:E
764,2668,36067523910445474088616479308357/12809148602402295643282274659,36017223082244565044152455114837/25618297204804591286564549318,P0/P2,false,pair:P0:P2:SE
765,2670,825405448338027157990466013274705/286455377384804655606067510199,779241759262850814235493077281313/572910754769609311212135020398,P0/P2,false,pair:P0:P2:SE
766,2674,1030541966510658603439821639922421/357497112593078382534335409715,195092938086773636607455554697217/142998845037231353013734163886,P0/P2,false,pair:P0:P2:S
767,2681,904487316790837797637150740348747/312879235042755054005209305485,859708592446518940090884252184123/625758470085510108010418610970,P0/P1,false,pair:P0:P1:SE
768,2685,842098836640914389519064874777517/290942375175481780255505329979,799874473374908692079295132173885/581884750350963560511010659958,P1/P2,false,pair:P1:P2:E
769,2688,2345120299542293200227402115007491/808718360741675541820019635861,2220438905504245979368470532593779/1617436721483351083640039271722,P0/P1,false,pair:P0:P1:SE
770,2694,1693408060236397312508726524562527/583150888993252451753798284057,1607819679135597216695863258289039/1166301777986504903507596568114,P0/P2,false,pair:P0:P2:E
771,2696,5035493642118467004363364683544419/1732194640345054302628377308725,954238554053199750144229531632119/692877856138021721051350923490,P0/P1,false,pair:P0:P1:SE
772,2699,2306865833849013996471522478142587/793099733523530991222381063645,6560094665006998532045380762840897/4758598401141185947334286381870,P1/P2,false,pair:P1:P2:N
773,2701,237915321497878436260269438440051/82010165141910363803119887269,227407641307050722209075959415267/164020330283820727606239774538,P0/P2,false,pair:P0:P2:S
774,2702,1544247753289665443428389405035687/529814364079257669564852597009,486730859705042845295478122899997/353209576052838446376568398006,P1/P2,false,pair:P1:P2:N
775,2704,6930738706348867824626541060070769/2379299200570592973667143190935,6565165267407911449651367575662401/4758598401141185947334286381870,P0/P2,false,pair:P0:P2:S
776,2705,897748492176533730199691942505847/308247472748555884017048432321,2552486344146391456882466603481205/1849484836491335304102290593926,P1/P2,false,pair:P1:P2:N
777,2707,844050827879927874098870127930061/289331254269190166030350838043,796953855939061223961586338086749/578662508538380332060701676086,P0/P2,false,pair:P0:P2:SW
778,2709,3017114948451840758370024956738471/1034285832490098631886240987665,570668108295309282493005011636907/413714332996039452754496395066,P0/P2,false,pair:P0:P2:SW
779,2720,2545456042754925685326481041198105/869607649042252102403524582447,2414567257750027115700655849338473/1739215298084504204807049164894,P0/P1,false,pair:P0:P1:S
780,2722,5851570396186330244736815771277145/1996123770799535968807042927343,5537898025386995890057200235144617/3992247541599071937614085854686,P0/P2,false,pair:P0:P2:NE
781,2725,3612104137446648403261576188545833/1229772911257421959086842400159,3407304505331471006779063361786489/2459545822514843918173684800318,P0/P1,false,pair:P0:P1:S
782,2729,6660512850804081402111285551539417/2269029662163761874371901761903,6312144805419290896514686725073705/4538059324327523748743803523806,P0/P2,false,pair:P0:P2:E
783,2731,489073303429934353978544113907799/166506656164152525501213690593,463418461656456298482106574457095/333013312328305051002427381186,P1/P2,false,pair:P1:P2:E
784,2734,760658310676478874083853688880935/256908472715031763999993762449,708763509886941658655888536467671/513816945430063527999987524898,P0/P1,false,pair:P0:P1:S
785,2740,1697366460998684476318121347771015/575788014318189816680077136433,535412245251315860589790778515645/383858676212126544453384757622,P1/P2,false,pair:P1:P2:SW
786,2743,1474191988591058323643864209352965/499519968492457576503641071779,1396593637970510042453803239398165/999039936984915153007282143558,P1/P2,false,pair:P1:P2:W
787,2747,833613547735226024147012683295345/281696900270282279472029607063,3931378186196662657406606833204549/2816969002702822794720296070630,P0/P1,false,pair:P0:P1:N
788,2748,2348288859150288079314239993416381/793782979964600530815665557675,2218424064548585531186571907543629/1587565959929201061631331115350,P1/P2,false,pair:P1:P2:NW
789,2751,6579700532146827831056132117312513/2224955174651716940993620418439,6235186511593127401443157464316625/4449910349303433881987240836878,P0/P1,false,pair:P0:P1:N
790,2757,13687979687884373324224515574317005/4616256206948566074470491651099,12956026909486806411631336087020637/9232512413897132148940983302198,P0/P2,false,pair:P0:P2:E
791,2762,6605053544151392419086066181420033/2224955174651716940993620418439,2085156307065593023955701571867547/1483303449767811293995746945626,P0/P1,false,pair:P0:P1:N
792,2763,13713332699888937912254449638424525/4616256206948566074470491651099,12976309319090458082055283338306653/9232512413897132148940983302198,P0/P2,false,pair:P0:P2:E
793,2765,1091390966993222947773401839041129/367103103538394390842370586719,1032326838249260278282993036584377/734206207076788781684741173438,P1/P2,false,pair:P1:P2:SE
794,2769,5942841239402762761644578402064217/1996123770799535968807042927343,5620295314401830801154485943494057/3992247541599071937614085854686,P0/P1,false,pair:P0:P1:NE
795,2772,1581009620696284096071793797991591/529814364079257669564852597009,1489348542920377812120858542423639/1059628728158515339129705194018,P1/P2,false,pair:P1:P2:N
796,2773,3551370320815524790898164039218809/1191652521532047964827259016399,3358846438371655698367096090169033/2383305043064095929654518032798,P0/P2,false,pair:P0:P2:NE
797,2780,6785823589469337392142873000998989/2272736759158060640429495601051,6431998619805074765768553054405853/4545473518316121280858991202102,P1/P2,false,pair:P1:P2:E
798,2787,6813711902674358438975800471517261/2272736759158060640429495601051,717483514645515483755387457612597/505052613146235697873221244678,P1/P2,false,pair:P1:P2:W
799,2789,1600427298565187566437316888802347/533525415489934883405823677357,1517377428251595600696830360131867/1067050830979869766811647354714,P0/P2,false,pair:P0:P2:W
800,2796,8059417606888231629842024446359249/2677949432685140111978736536375,305512816002571656870554829179849/214235954614811208958298922910,P0/P1,false,pair:P0:P1:SW
801,2802,1004232837799559593312021216334355/332744990358587858247578243333,950365027906047085182428324311939/665489980717175716495156486666,P1/P2,false,pair:P1:P2:NW
802,2806,4402941291689778454513522816702063/1455581651986529631005924635017,4159778259698815031543559653698207/2911163303973059262011849270034,P1/P2,false,pair:P1:P2:NW
803,2811,8097447124895078511886925542520529/2677949432685140111978736536375,1535169983614227660761754365131501/1071179773074056044791494614550,P0/P2,false,pair:P0:P2:SW
804,2813,6411014513056346257124267778905615/2116727466735337564911477989097,2018967229905217379178543793566741/1411151644490225043274318659398,P0/P1,false,pair:P0:P1:S
805,2816,15334558730150320410241904160728003/5061254475749236041633254569173,14520307854837272640692634326533171/10122508951498472083266509138346,P0/P2,false,pair:P0:P2:W
806,2817,163159858860243279533585220674585/53795840175353301074753487919,154160236609603902512132304604777/107591680350706602149506975838,P0/P1,false,pair:P0:P1:E
807,2820,15357376440954428539468844818424771/5061254475749236041633254569173,14535519662040011393510594764997683/10122508951498472083266509138346,P1/P2,false,pair:P1:P2:W
808,2823,8893552367282495033046238806151959/2927152813789496508009959859745,8410233322623586897057418383433671/5854305627578993016019919719490,P0/P2,false,pair:P0:P2:NW
809,2827,3952036399747772345303925064209515/1299880229448427340909401445741,3751364211687701731127565015493979/2599760458896854681818802891482,P0/P2,false,pair:P0:P2:W
810,2831,1004469018605389359789660661031207/329063553021056540710717669521,947355167664822866266563632331479/658127106042113081421435339042,P1/P2,false,pair:P1:P2:S
811,2833,2432666597785960731679850942403617/797454545944416549584489295975,766431496858443830950281125193467/531636363962944366389659530650,P1/P2,false,pair:P1:P2:S
812,2838,3964712905750054639318892096263275/1299880229448427340909401445741,3761505416489527566339538641136987/2599760458896854681818802891482,P0/P2,false,pair:P0:P2:E
813,2843,3688916341557677070190968886235127/1205685928178190873617848246337,3494852859519457228290138480956071/2411371856356381747235696492674,P0/P2,false,pair:P0:P2:E
814,2846,704000843726909398245966012840721/229678200539452128511555848439,1999004720598336938984007798037667/1378069203236712771069335090634,P0/P1,false,pair:P0:P1:NW
815,2851,3176298434159152908616154292949485/1032432283992949248857444068091,2994970079719942952676067703173245/2064864567985898497714888136182,P0/P2,false,pair:P0:P2:N
816,2859,5793111076649845593203966053948145/1878731019980110013154405201943,5474169210504618179787662582457537/3757462039960220026308810403886,P0/P2,false,pair:P0:P2:S
817,2862,2083383496026743406875497478082571/677827667269227541260517009101,1986795361282027537647967391095547/1355655334538455082521034018202,P1/P2,false,pair:P1:P2:NW
818,2863,920058204652122745308896879227085/298402156175585575508695094043,870845500220098435553727751234909/596804312351171151017390188086,P0/P2,false,pair:P0:P2:SE
819,2866,11940814947193409273744571568234639/3867645851046893739598474193001,1255903608889423008088003443858055/859476855788198608799660931778,P0/P2,false,pair:P0:P2:SE
820,2869,4504987165008150921334007424734831/1455581651986529631005924635017,1417861468038568002418105230298677/970387767991019754003949756678,P0/P1,false,pair:P0:P1:SE
821,2873,12254641029392633724917395874424067/3961840152317130206890027392405,11605279253781267834083338844653939/7923680304634260413780054784810,P1/P2,false,pair:P1:P2:N
822,2875,9055871781828225658591228983951025/2930278237450900685341500658263,8607035372183622507343464804144257/5860556474901801370683001316526,P0/P2,false,pair:P0:P2:SE
823,2879,23036222294804546060957775350416585/7428928530491438618840386359551,26675203984979077975230701649769/18185871555670596374150272606,P0/P1,false,pair:P0:P1:W
824,2885,12016873983207103037834373760557199/3867645851046893739598474193001,11374120913617587919275846374223551/7735291702093787479196948386002,P0/P1,false,pair:P0:P1:NW
825,2888,7861440858928742981753247491273691/2529378060749285255276170049917,7447132909108277743956525598013387/5058756121498570510552340099834,P0/P2,false,pair:P0:P2:NE
826,2889,31511733146137081381427396021748981/10140239199568348783882454395955,29882799968081578549322983571245573/20280478399136697567764908791910,P1/P2,false,pair:P1:P2:SE
827,2893,11859884615467081170142251913650305/3808949939214926465580451649287,11230208985164642242090032381890385/7617899878429852931160903298574,P0/P2,false,pair:P0:P2:E
828,2894,34789944061724654356458462763593275/11149901441749415253107728654877,32814582477127519799870803598581803/22299802883498830506215457309754,P1/P2,false,pair:P1:P2:S
829,2897,12741485520023753195638198267978623/4089107022855518936990650074361,36231853739378870703471954330770957/24534642137133113621943900446166,P1/P2,false,pair:P1:P2:S
830,2900,24991692623437594044967696126779245/8013157330570140756792958568827,23696005473613499758565590822008317/16026314661140281513585917137654,P0/P1,false,pair:P0:P1:E
831,2902,38668493495343210227970641564311439/12375354128158810694533976760681,36531571115138337978903905344495039/24750708256317621389067953521362,P0/P1,false,pair:P0:P1:E
832,2903,34891356109742912708578199020023355/11149901441749415253107728654877,32895712115542126481566592603725867/22299802883498830506215457309754,P1/P2,false,pair:P1:P2:S
833,2906,38325868608089517939034331060365949/12267321068566556810971950223083,12104327792597825795055914445305007/8178214045711037873981300148722,P1/P2,false,pair:P1:P2:S
834,2911,35782477942437760214666228253811075/11426849817644779396741354947861,33852886232323140089661675155959283/22853699635289558793482709895722,P0/P2,false,pair:P0:P2:E
835,2913,28080532272379560762511581950139769/8961661641084172054585580381647,26536949633257911011199399020832201/17923323282168344109171160763294,P0/P2,false,pair:P0:P2:E
836,2914,4570742764576519551437401726268569/1457342447319340565045015263151,30217027232726928592324362415190111/20402794262470767910630213684114,P1/P2,false,pair:P1:P2:SE
837,2920,4107865896495927158748978151207049/1308156670021508293573897675583,58169965198108490675239147897849783/39244700100645248807216930267490,P0/P1,false,pair:P0:P1:SE
838,2923,44733724542692430021070826798186551/14237989315907271287316009488897,2488530045636572091624884365229943/1675057566577326033801883469282,P1/P2,false,pair:P1:P2:NE
839,2927,51477112121898154780807595127346215/16377572879551096023731668510097,48853082866853261710621720363982295/32755145759102192047463337020194,P0/P2,false,pair:P0:P2:NE
840,2936,12032285097098120368745803549581441/3808949939214926465580451649287,11382327057192029770269636766535505/7617899878429852931160903298574,P0/P1,false,pair:P0:P1:S
841,2938,15793140637818207270844679223937877/4993402067183359728438554126547,14933112291438252805212355718561381/9986804134366719456877108253094,P0/P2,false,pair:P0:P2:W
842,2941,2220937942063154583214847781417681/703075917097256189892011257655,2111085259265763212139845769454241/1406151834194512379784022515310,P0/P2,false,pair:P0:P2:W
843,2943,34023985934249519006659995270938015/10752965542773046504595578448857,32248354527178279399438215726352591/21505931085546093009191156897714,P1/P2,false,pair:P1:P2:N
844,2953,37449244319463566592264679584605925/11762627784954112973820852707779,35357608120256172766195574202441461/23525255569908225947641705415558,P1/P2,false,pair:P1:P2:NW
845,2954,55318159903987061610103198092377453/17387235121732162492956942769019,52327419832796885145010129363219453/34774470243464324985913885538038,P0/P2,false,pair:P0:P2:E
846,2958,46476790506597999211372728991347713/14586268977862221573721670442887,44003680381088089315400661838117585/29172537955724443147443340885774,P0/P2,false,pair:P0:P2:NE
847,2962,46557920145012605893068517996491777/14586268977862221573721670442887,44084810019502695997096450843261649/29172537955724443147443340885774,P0/P2,false,pair:P0:P2:NW
848,2964,16459047202976572129851565767988179/5154064091611507786211101637957,202353919232097651419562088493007/133871794587311890550937704882,P0/P1,false,pair:P0:P1:SE
849,2967,7263887527364111800635307551177497/2270981306073940875276226962735,6868552037571329551000700423132521/4541962612147881750552453925470,P1/P2,false,pair:P1:P2:W
850,2970,502943053248866018193684859085181/156925848562730167761012248555,474528990280463357879413934589197/313851697125460335522024497110,P0/P1,false,pair:P0:P1:SE
851,2971,5963319071065583761143008625242781/1865384159727499827791627384779,5665912228157579048378620885237805/3730768319454999655583254769558,P0/P2,false,pair:P0:P2:S
852,2974,22694160437286866571547301700048327/7079106938509146920534739493105,3061226799414474077415554571716369/2022601982431184834438496998030,P0/P1,false,pair:P0:P1:E
853,2975,18518990138780708919883179926133191/5781767485862428457255150632177,17525003163601588849277817867711863/11563534971724856914510301264354,P1/P2,false,pair:P1:P2:SW
854,2980,4618295901960425860140173631456249/1439738696410222696561234981711,4374573198427645178201338585158729/2879477392820445393122469963422,P0/P2,false,pair:P0:P2:E
855,2983,30601790716713125719686629624155211/9527512856363651063169330343053,28967437695645972134519979883088699/19055025712727302126338660686106,P0/P1,false,pair:P0:P1:W
856,2986,14671657649486750615539239033331333/4557564526935176385937855207203,13846848956945694569880031557961877/9115129053870352771875710414406,P1/P2,false,pair:P1:P2:E
857,2988,4629704757362479924753643960304633/1439738696410222696561234981711,4382179102029014554610318804390985/2879477392820445393122469963422,P1/P2,false,pair:P1:P2:E
858,2993,4463729671615142083193203877271757/1385113482613383170124473805595,4223283762117549993990587920305501/2770226965226766340248947611190,P0/P1,false,pair:P0:P1:NW
859,2996,13400645498492612031466666440795857/4155572773305856856265660341047,12678750927589624165644670620079777/8311145546611713712531320682094,P0/P1,false,pair:P0:P1:NW
860,2999,6234099591012132735545914724389651/1930832106810905435891946313733,17686678439700838293839596994268553/11584992640865432615351677882398,P1/P2,false,pair:P1:P2:N
861,3001,7018182726982927690344020595474259/2171949774976631403609730461125,33127850964494198723165242468136911/21719497749766314036097304611250,P1/P2,false,pair:P1:P2:N
862,3003,4475138527017196147806674206120141/1385113482613383170124473805595,4233424966919375829202561545948509/2770226965226766340248947611190,P0/P1,false,pair:P0:P1:NW
863,3007,32076653202370832176266833479481013/9914527558946747642510600267891,30349444202931244077053576596645829/19829055117893495285021200535782,P1/P2,false,pair:P1:P2:E
864,3008,10049740072780662349394776092847535/3103285969856642828968778101833,9486670841447156635142491486873055/6206571939713285657937556203666,P0/P2,false,pair:P0:P2:N
865,3012,54685948675606832422906663083704225/16873404181339781668671629385959,51716337451885058290851667372144753/33746808362679563337343258771918,P0/P2,false,pair:P0:P2:NE
866,3017,105386979830745671207629218022518255/32463357983343974943843451082249,99709639096170349331915525060811295/64926715966687949887686902164498,P0/P1,false,pair:P0:P1:NE
867,3020,41255979652756702635009684576224221/12704322778941273022466039632011,13045250143921515552519185043993039/8469548519294182014977359754674,P0/P2,false,pair:P0:P2:SE
868,3026,7912289147299529889612721549479593/2427950749019436500436949394975,22434518428698429798782443307092459/14567704494116619002621696369850,P0/P1,false,pair:P0:P1:N
869,3030,138826632020859003387249408598672709/42543741258849910822748183135843,131269448504428304212917971507571541/85087482517699821645496366271686,P0/P2,false,pair:P0:P2:N
870,3032,73022295349625877560478231764522649/22382974707838039064938719028655,69163950168094977972110441178351849/44765949415676078129877438057310,P1/P2,false,pair:P1:P2:E
871,3034,37181180795337505772716931705612457/11363833654841524272404539743263,35039456300613902085702889114806265/22727667309683048544809079486526,P0/P2,false,pair:P0:P2:N
872,3036,139029456116895520091488881111532869/42543741258849910822748183135843,131431707781257517576309549517859669/85087482517699821645496366271686,P0/P2,false,pair:P0:P2:N
873,3040,187508905229301361988822943124609895/57289645742197117575593675896913,177185033776832432706123342556104983/114579291484394235151187351793826,P0/P2,false,pair:P0:P2:NE
874,3043,25582737049384362433968512109266033/7809953952048319587916835789463,24168108126682825720288690843092545/15619907904096639175833671578926,P1/P2,false,pair:P1:P2:SE
875,3047,88409554600171287988462115177862903/26953787456845717547576361439553,83519535775386833216941480834337191/53907574913691435095152722879106,P0/P2,false,pair:P0:P2:NE
876,3050,77145553161476905420517941246374497/23494501916912554955892327539751,24277295002144120362084356039047099/15663001277941703303928218359834,P0/P1,false,pair:P0:P1:NW
877,3055,77307812438306118783909519256662625/23494501916912554955892327539751,72994144283261574449644646127429425/46989003833825109911784655079502,P0/P1,false,pair:P0:P1:SW
878,3057,88693508334622411374397376695867127/26953787456845717547576361439553,83803489509837956602876742352341415/53907574913691435095152722879106,P0/P2,false,pair:P0:P2:NE
879,3060,58156511586384773094272371931892279/17662103627868989487194437687297,164703620370447921413511704716780213/105972621767213936923166626123782,P0/P1,false,pair:P0:P1:S
880,3064,89015974411026735764644215216583051/26983741558938163448238211322189,83984144842089103638998688339571835/53967483117876326896476422644378,P1/P2,false,pair:P1:P2:N
881,3065,175054143064231470296110150084597687/53080832102277036882745775060609,165425686791737039058163876401849959/106161664204554073765491550121218,P0/P2,false,pair:P0:P2:SE
882,3067,44323322787290879124687272033349613/13438286372709118718166640278779,41874289398714945417301722276720253/26876572745418237436333280557558,P0/P2,false,pair:P0:P2:SE
883,3069,159180871762315441152078722705443045/48302449667036720832804552839107,150774184224259234158794161980825845/96604899334073441665609105678214,P0/P2,false,pair:P0:P2:SE
884,3074,353158730597541053611817128269436779/106833977593113511755412336175725,333734140770742887544328655560171611/213667955186227023510824672351450,P0/P2,false,pair:P0:P2:SE
885,3077,164503865988675408857159511360310019/49836118881495733654971048945557,156198999396253741306792952750739315/99672237762991467309942097891114,P0/P2,false,pair:P0:P2:SE
886,3078,5633026957974242452240245715674369/1714665718920358345511092008583,5415756995180875910674811375270865/3429331437840716691022184017166,P1/P2,false,pair:P1:P2:SW
887,3082,41764514637393129839222117629815729/12604583817916456650701709774167,39468621964068696895671043018068353/25209167635832913301403419548334,P0/P2,false,pair:P0:P2:E
888,3083,40807370030255298401549539534947541/12318596120157453337920807746387,193073891996630424629958118611480441/123185961201574533379208077463870,P1/P2,false,pair:P1:P2:S
889,3086,75592393623828245106428521570054137/22819976418212755276432808437583,71611492644398491341657228825624649/45639952836425510552865616875166,P0/P2,false,pair:P0:P2:E
890,3090,187358181443394937821213387329906855/56415642321447685152605497079057,176995467852272593505385529559915095/112831284642895370305210994158114,P0/P1,false,pair:P0:P1:N
891,3091,154146938931462501692755210238458387/46501308662325085385111326927109,146414070380839533856878657705843587/93002617324650170770222653854218,P1/P2,false,pair:P1:P2:SE
892,3093,86837009664755144554639934293278411/26109738138188731025250032504333,81847467595578704077561939219924411/52219476276377462050500065008666,P1/P2,false,pair:P1:P2:SE
893,3095,199075837049821749883974704213455783/59911656004445414844558212350481,188300584544410818928789352213402967/119823312008890829689116424700962,P1/P2,false,pair:P1:P2:SE
894,3102,373163714480421481747878787825174253/112011315872453093292410877828603,352895491174855772573341226807211389/224022631744906186584821755657206,P0/P2,false,pair:P0:P2:NE
895,3104,338995080680512306557852277084071913/101656639313773930218413794522847,319927346501994043507238158652640057/203313278627547860436827589045694,P1/P2,false,pair:P1:P2:W
896,3109,339806377064658373374810167135512553/101656639313773930218413794522847,320576383609310896960804470693792569/203313278627547860436827589045694,P1/P2,false,pair:P1:P2:W
897,3113,18778209766635635589771132234141257/5612711272524745097869864211327,53193728980739965597780215777009355/33676267635148470587219185267962,P0/P2,false,pair:P0:P2:N
898,3119,53689511406855021715190564317714377/16009714684681889525945409328639,152414718256071838812002461980074827/96058288108091337155672455971834,P0/P2,false,pair:P0:P2:NE
899,3122,7660399209794109324428664297642577/2279003966337393733819774550967,5611104868350032822245552555709295/3545117280969279141497427079282,P0/P2,false,pair:P0:P2:NE
900,3125,360048850884602079781504186620917787/107232933437212777242469655607101,341002396313474594851628338561085451/214465866874425554484939311214202,P0/P2,false,pair:P0:P2:SE
901,3130,11437429432499804916652618081165587/3397622783566320788403283229189,2949956662420673070061562044309307/1853248791036174975492699943194,P1/P2,false,pair:P1:P2:NW
902,3140,2078256071464655905919987805185743/614777198527802674100010710057,5901196402832862484965308229442301/3688663191166816044600064260342,P0/P2,false,pair:P0:P2:E
903,3143,487137417440539676343779738490584593/143845055447432630612491243462135,460128862187877468083472796807238113/287690110894865261224982486924270,P1/P2,false,pair:P1:P2:E
904,3146,236249855518416046499510152316976027/69588237283295830547088056324029,222220433652272137593414437251287947/139176474566591661094176112648058,P0/P1,false,pair:P0:P1:NW
905,3152,184552211420983177622200817174820721/54466845934853210682032940892055,175071713773749141647607407769938241/108933691869706421364065881784110,P1/P2,false,pair:P1:P2:N
906,3154,6262656527598988764592890886075501/1844331595583408022300032130171,5926549414837427072995242293549821/3688663191166816044600064260342,P0/P1,false,pair:P0:P1:E
907,3156,1047283605472662681723312873418675037/308043332356848819231221999467787,990120184319306926064188068920737005/616086664713697638462443998935574,P0/P2,false,pair:P0:P2:NE
908,3162,267260570779210916784705106350414727/78454864645674406307839092091185,252585210677744470514190653541622583/156909729291348812615678184182370,P0/P1,false,pair:P0:P1:SW
909,3165,11579406299725366609620248840167699/3397622783566320788403283229189,2990521481627976410909456546881339/1853248791036174975492699943194,P1/P2,false,pair:P1:P2:NE
910,3167,91905708964635084495203197061102663/26934935987216318380797503516273,86897784983555404039697221693415415/53869871974432636761595007032546,P0/P2,false,pair:P0:P2:W
911,3170,86514394212129695493280328326381903/25284540289161143669702561492393,81340409958819978290390841034500991/50569080578322287339405122984786,P1/P2,false,pair:P1:P2:NW
912,3172,358879074059876275515894097909889551/105035926513175498021438063876841,338888348629193591772130135910957119/210071853026350996042876127753682,P0/P1,false,pair:P0:P1:SW
913,3173,104591573942869988725400454706390381/30630860575464815869633418933115,560854437976382903225133302474159087/347149753188601246522512081241970,P1/P2,false,pair:P1:P2:W
914,3182,187018737364881912642597194567906663/54484794988550884279996021173841,529471375101797182266104551792036165/326908769931305305679976127043046,P0/P1,false,pair:P0:P1:S
915,3184,700867248780447966518027984145439071/204295726800502190042741758856729,662423817171592628453433066884804751/408591453601004380085483517713458,P0/P1,false,pair:P0:P1:S
916,3196,1112797482819533245153749122394620467/322393775280223927725324642996709,1050175616151488476548427207527792035/644787550560447855450649285993418,P0/P1,false,pair:P0:P1:NE
917,3198,317265717263894773108762250075459173/91937527941538710720682455594563,299596390836639586313800184772091509/183875055883077421441364911189126,P0/P1,false,pair:P0:P1:NE
918,3199,1512857944737197514943801062221227605/438621913892619161142802936538579,4292728927451039262097929481988627503/2631731483355714966856817619231474,P0/P2,false,pair:P0:P2:S
919,3200,2000448096100434359961305186060009431/580365518145547797662949164859233,99787252671469609030922526516415549/61091107173215557648731491037814,P0/P1,false,pair:P0:P1:NE
920,3204,6574032449780323548016383619059375/1905479065816887923379735157577,31183475593096439560521077724951131/19054790658168879233797351575770,P0/P1,false,pair:P0:P1:E
921,3207,1115393631248800658968014370559230515/322393775280223927725324642996709,1052771764580755890362692455692402083/644787550560447855450649285993418,P0/P1,false,pair:P0:P1:NE
922,3211,666048899363250911634742525588222073/192399238512464723352843412122319,5668206924370959931253997972917923601/3463186293224365020351181418201742,P0/P2,false,pair:P0:P2:NW
923,3216,2535301167814568488703927076002378993/730985228881228307810808160710167,2394494363714179337062282702531976897/1461970457762456615621616321420334,P0/P2,false,pair:P0:P2:NW
924,3217,884951009111914615834398388632152787/255595890909208649234310325493317,839567490916098442254821662572357699/511191781818417298468620650986634,P1/P2,false,pair:P1:P2:E
925,3221,2109538604830992823887825115748688797/607672904840616233508928975589067,104996647584051128697310063231934911/63965568930591182474624102693586,P0/P2,false,pair:P0:P2:NE
926,3224,5265193130658440578396109834035600129/1517027589138257238824440542326919,4988287141144066568299932180179685841/3034055178276514477648881084653838,P0/P1,false,pair:P0:P1:SW
927,3227,3775335499703360248940847605916282843/1086805596051734654724941423107453,3573047988926517805785674054191559627/2173611192103469309449882846214906,P0/P1,false,pair:P0:P1:SW
928,3228,668645047792518325449007773752832121/192399238512464723352843412122319,5691572260234366655582385206399414033/3463186293224365020351181418201742,P0/P2,false,pair:P0:P2:NE
929,3232,1182958006297190579810444160000100343/340294997203422747671386050881601,374221421461872042218859780926260109/226863331468948498447590700587734,P1/P2,false,pair:P1:P2:E
930,3239,395401063944591615692758573401954301/113431665734474249223795350293867,1125260412814883540470844590943390375/680589994406845495342772101763202,P1/P2,false,pair:P1:P2:E
931,3241,371697972928027046370114751297606487/106425707135732676659462092113889,5970422147381635737096143033671898231/3618474042614911006421711131872226,P0/P2,false,pair:P0:P2:S
932,3245,862364711688935377487202376621598705/246645279947609239261279621550871,815330353284396406091722367708185025/493290559895218478522559243101742,P0/P1,false,pair:P0:P1:S
933,3248,6879525023311120899226669725652637189/1965644472566042013418118529866659,6501443883743928594729405931182020629/3931288945132084026836237059733318,P0/P1,false,pair:P0:P1:SE
934,3253,8039629330781167362438006207479595911/2293494909112878835176881342808369,7605885241530999618004677747169184567/4586989818225757670353762685616738,P0/P2,false,pair:P0:P2:S
935,3255,5984129842015127205470427987064931273/1707956342906441782267318045329919,5673485563846641413435039293548825881/3415912685812883564534636090659838,P0/P1,false,pair:P0:P1:N
936,3260,16457419604576411745537893924896282045/4688004450193423994789206936919467,15586603935999554160552650599996665165/9376008900386847989578413873838934,P1/P2,false,pair:P1:P2:W
937,3264,289185669515823401705244290983606267/82215093315869746420426540516957,819873613035614380266686551996252609/493290559895218478522559243101742,P0/P2,false,pair:P0:P2:N
938,3265,2666365904688534172148803470072592013/758793720036138750446403583728475,2529012435957250578829646871464892189/1517587440072277500892807167456950,P1/P2,false,pair:P1:P2:NW
939,3267,6007495177878533929798815220546421705/1707956342906441782267318045329919,5689062454422245896320630782536486169/3415912685812883564534636090659838,P1/P2,false,pair:P1:P2:N
940,3274,185440781370225091691432923841490613/52683274266503650067007962509427,882540761905633821260343979968437977/526832742665036500670079625094270,P0/P1,false,pair:P0:P1:E
941,3275,3360469519746247873573736379273878745/953280503780018173918446780707183,3189649473750673835231413479284515625/1906561007560036347836893561414366,P1/P2,false,pair:P1:P2:SW
942,3276,16445119508165137979807497155044932151/4652069641315112571856585791760385,15508777968042845738087665073397534951/9304139282630225143713171583520770,P0/P2,false,pair:P0:P2:S
943,3279,15593857242359103381944087102745641829/4411656449421257190323488692824387,14737361316504506013184435394941428597/8823312898842514380646977385648774,P0/P2,false,pair:P0:P2:S
944,3282,16566457838605643125737034347809904061/4688004450193423994789206936919467,15690449873170250713123260526581067085/9376008900386847989578413873838934,P1/P2,false,pair:P1:P2:W
945,3285,24883123701110864466721399169217331667/7028658486754876551772107894521669,23518809307667623180665564610213310275/14057316973509753103544215789043338,P0/P1,false,pair:P0:P1:SE
946,3291,3376046410321852356459327868261539033/953280503780018173918446780707183,9610486796120300126722484408487307643/5719683022680109043510680684243098,P1/P2,false,pair:P1:P2:NW
947,3292,19417405689717318154155295671256306937/5476843548673673883203959543818831,6130644929094472431401204541253063107/3651229032449115922135973029212554,P0/P2,false,pair:P0:P2:S
948,3297,21692507293815017161524834268893788299/6113929837053855962401490055561805,20583648241881003383640375927836404603/12227859674107711924802980111123610,P1/P2,false,pair:P1:P2:SW
949,3299,23160545352001774010951999980711793903/6516167389046793467823073531717385,4383159452451835294624578108378597843/2606466955618717387129229412686954,P0/P1,false,pair:P0:P1:SW
950,3303,12034470013253156262577617806491724189/3386674254005091022425419967215819,11417106694799846390271416339057944365/6773348508010182044850839934431638,P1/P2,false,pair:P1:P2:S
951,3307,3834531867632154824647355127710752429/1076599947836896853425807584732219,2016096305030454031756233325652461289/1196222164263218726028675094146910,P0/P1,false,pair:P0:P1:SE
952,3308,20423792518299336637041965621679581051/5734526011873662914812179552441053,57994846470108842684411145660781664321/34407156071241977488873077314646318,P0/P2,false,pair:P0:P2:W
953,3312,61375223492068706463696506791623145073/17203578035620988744436538657323159,19359307739948466642155877867349728619/11469052023747325829624359104882106,P0/P2,false,pair:P0:P2:W
954,3314,8531655042785556135919414426679509787/2385734341590494170468514575647805,1605844899275016658999289961461300175/954293736636197668187405830259122,P0/P2,false,pair:P0:P2:NW
955,3316,20166010946691200866863981380684390585/5653009553729709423813491183328399,19104352040809001938503851458317782281/11306019107459418847626982366656798,P0/P2,false,pair:P0:P2:NW
956,3317,19214197713029052744265019609187522913/5382999739184484267129037923661095,18181212823283830079205813405176692273/10765999478368968534258075847322190,P1/P2,false,pair:P1:P2:NE
957,3320,4865364718290674242873321705505572727/1363627791524382469988035044172993,4614424554691787462455662772364550695/2727255583048764939976070088345986,P0/P2,false,pair:P0:P2:NW
958,3321,17661400371794255596905606276877577263/4944249999047465536763724118321609,16707436215503669413478613158403861599/9888499998094931073527448236643218,P1/P2,false,pair:P1:P2:E
959,3322,1599504456687947669254035571421500567/447577775940385383346961134268577,503875485867161747959289599418304621/298385183960256922231307422845718,P0/P2,false,pair:P0:P2:NW
960,3327,45524945234996575325747457977457616559/12725248117249331934415860463584073,43078556039870320424743226951232761567/25450496234498663868831720927168146,P0/P2,false,pair:P0:P2:N
961,3329,56377065955628499008148633501576853533/15741717839882245353891634393521739,53241898601499844351827325578754440621/31483435679764490707783268787043478,P0/P2,false,pair:P0:P2:N
962,3330,40057914119180009537422519609187828239/11196526571353782926714640228061929,37940023081611711688246003709474670655/22393053142707565853429280456123858,P0/P1,false,pair:P0:P1:W
963,3337,21810247588249835141105276005241431997/6077417648909774737457759726377899,20626347192957002188208522914807471949/12154835297819549474915519452755798,P0/P1,false,pair:P0:P1:SW
964,3343,48844572299265052840001230204547019959/13574064307609462561704397549683073,46164084719034599545180813834845901671/27148128615218925123408795099366146,P1/P2,false,pair:P1:P2:E
965,3344,40265605993521402642563739462356632079/11196526571353782926714640228061929,38126945768518965482873101577326594111/22393053142707565853429280456123858,P0/P1,false,pair:P0:P1:N
966,3346,55279703017527504690778800670812340711/15353821932846261265191096179656145,52274318637007350474835514213153994647/30707643865692522530382192359312290,P0/P1,false,pair:P0:P1:N
967,3351,91336550756512519839070766406290050555/25341003698393027947919378788573277,86407660765587831423577804328226638827/50682007396786055895838757577146554,P1/P2,false,pair:P1:P2:SE
968,3358,10622994614311866749767384050435757649/2941734847695891346553745309722551,10060894011638307969599247623345184289/5883469695391782693107490619445102,P1/P2,false,pair:P1:P2:E
969,3359,16793692098218701978346725269893137527/4644966968931202815124515524300737,111050683194651969310850267356645804561/65029537565036839411743217340210318,P0/P2,false,pair:P0:P2:N
970,3362,96897036675149454341550555354401315197/26788335413981319794665209465165803,91639480886357830038755300083428605197/53576670827962639589330418930331606,P0/P1,false,pair:P0:P1:W
971,3366,202934416163274494746334467013758751177/56048647564085550478301571147885567,191870142286704662035870200108477365017/112097295128171100956603142295771134,P0/P2,false,pair:P0:P2:SE
972,3370,87776880888728381478166418296143110033/24200178059533463028918696766916727,83005167706884871053094905908793568097/48400356119066926057837393533833454,P0/P2,false,pair:P0:P2:S
973,3374,187239623094277490871112962143294998469/51567291746963659994152176143472611,176992235266410177288742519199918699989/103134583493927319988304352286945222,P0/P1,false,pair:P0:P1:SE
974,3375,204466580320046625054715951592355118609/56305636311436829841995832985591287,193269214375067483747072998661812720097/112611272622873659683991665971182574,P0/P2,false,pair:P0:P2:W
975,3379,182237582871437195301069259404547915279/50152746452714626289321374482986729,172393371326970433540771877174005679167/100305492905429252578642748965973458,P0/P1,false,pair:P0:P1:S
976,3382,210405924331048252291147566849838115175/57819216264440758674928408280537681,198728588261915660562027238252592822039/115638432528881517349856816561075362,P0/P1,false,pair:P0:P1:S
977,3383,47099870981484770547425052351102826199/12951525531901857848175895449419873,44582820260361369529663196167973687175/25903051063803715696351790898839746,P0/P2,false,pair:P0:P2:SW
978,3385,363956459368046055216236629913326520039/99967647866030586051989569677306065,68799898335403721259922037262543218923/39987059146412234420795827870922426,P1/P2,false,pair:P1:P2:NW
979,3388,424843614961436035829661754159824569927/116596829312000499405895393483682929,401419750648337718688024716268700912119/233193658624000998811790786967365858,P0/P2,false,pair:P0:P2:SW
980,3393,397506040999190551260148326127209585391/108930359500274367020288359686131977,375915301210758064087334234602788984607/217860719000548734040576719372263954,P0/P2,false,pair:P0:P2:SW
981,3395,154104294289091336988037887436029575695/42194283303105403313884466734256873,145579967572022911048081473490989991999/84388566606210806627768933468513746,P1/P2,false,pair:P1:P2:W
982,3400,56910945286175182628951686219012670153/15579081259819779424220636208792319,53919554279548028350181582567213890585/31158162519639558848441272417584638,P1/P2,false,pair:P1:P2:S
983,3402,389072793746155213128983127781962029101/106301519121824053924619134896584379,367624826377030621505845359902729652925/212603038243648107849238269793168758,P0/P1,false,pair:P0:P1:W
984,3403,218831143504846176648866652512088767467/59810416978732230304963794883897837,207115283948044110762971472611127586011/119620833957464460609927589767795674,P0/P2,false,pair:P0:P2:S
985,3409,154789677474417934235003912951486628367/42194283303105403313884466734256873,146203043195047090363505133050496403519/84388566606210806627768933468513746,P0/P2,false,pair:P0:P2:E
986,3414,456338110507917319700919496092263202877/124226942390311615861216714914236203,431622598943982651565406432365410475981/248453884780623231722433429828472406,P0/P2,false,pair:P0:P2:NW
987,3417,36416352794494833565112579995827989293/9902759954570397001844396335102907,378822987451537567559311312547152238367/217860719000548734040576719372263954,P0/P1,false,pair:P0:P1:SW
988,3421,344821650970969018731557263815952561569/93633776610237118179360004458027751,326023375959092483553216192728894000753/187267553220474236358720008916055502,P0/P2,false,pair:P0:P2:NE
989,3423,277817465485731321729770578844565690213/75407676605259517694327287276188995,52509741532261882346086825446376481969/30163070642103807077730914910475598,P0/P1,false,pair:P0:P1:W
990,3424,90240692876938056373526820205619438457/24490013049373684066352017981607887,596734382194248229106709599834684936831/342860182691231576928928251742510418,P0/P2,false,pair:P0:P2:NE
991,3432,458830413000014036962614134330288848957/124226942390311615861216714914236203,434114901436079368827101070603436122061/248453884780623231722433429828472406,P1/P2,false,pair:P1:P2:NW
992,3439,40580493696982792525093577031398105453/10959449923344213504334677899892603,345443446928913256587414395887518586853/197270098620195843078024202198066854,P0/P1,false,pair:P0:P1:NW
993,3441,4456660794505796513666159497954493779/1202894519474310504475635761764293,297274782821159813270192391662344501/169751538028004888709457114798854,P1/P2,false,pair:P1:P2:NE
994,3444,78175463847654701436077463523681305589/21062553634269969438170267661591859,221124973226544348810152548946788182799/126375321805619816629021605969551154,P1/P2,false,pair:P1:P2:E
995,3449,173211868848398880241233497563995693099/46696174006637975289576544034572205,491812854494300173267176730040166354769/280177044039827851737459264207433230,P1/P2,false,pair:P1:P2:SE
996,3450,472198475392702525347537920020238545601/127213778732866949087030869073868487,446612284434577339550984579851236144529/254427557465733898174061738147736974,P0/P2,false,pair:P0:P2:N
997,3454,50311153961229688698729892828875417173/13542655625745680467555845447509459,47626226502680663284927190552443816293/27085311251491360935111690895018918,P1/P2,false,pair:P1:P2:SE
998,3456,69137646200316088251405861648424087855/18572115051698883384589775463009481,65215674188511561890874119055441805663/37144230103397766769179550926018962,P0/P1,false,pair:P0:P1:W
999,3457,340326297860748143949472797520196887201/91362932195891825213835709038564839,320610581294350653241218145516295015281/182725864391783650427671418077129678,P0/P2,false,pair:P0:P2:SE
1000,3466,1149292445227777910747862503963044595697/308045422207822712694729236198716183,1086617889324596013418764615536237109697/616090844415645425389458472397432366,P0/P1,false,pair:P0:P1:S
1001,3470,2266469912179969705507049452202553067691/606304778556792661547277411084985133,2141571811396547547666326624958971368859/1212609557113585323094554822169970266,P1/P2,false,pair:P1:P2:E
1002,3472,1343028653825109119871224215830879764209/359544395356010619821524288318108695,254281570710168419180448927494559796877/143817758142404247928609715327243478,P0/P1,false,pair:P0:P1:S
1003,3473,296823258258381059456556207712500684945/79415586825670492310579092400035703,280590259268745639392462661477197509729/158831173651340984621158184800071406,P1/P2,false,pair:P1:P2:E
1004,3479,1346351723814571409553483733481580625649/359544395356010619821524288318108695,424688769847470642549350750531119891179/239696263570673746547682858878739130,P0/P1,false,pair:P0:P1:N
1005,3482,2273780666156786742808020391034094962859/606304778556792661547277411084985133,2148217951375472127030845660260373091739/1212609557113585323094554822169970266,P1/P2,false,pair:P1:P2:W
1006,3491,64956919048557856430859094830487746537/17269051293707354515549299966535391,552624809838373237031223270441557751041/310842923286732381279887399397637038,P0/P2,false,pair:P0:P2:NE
1007,3496,776177558311642366088025493571761188943/205790908631290308939600698369586857,731480187694436290186642505262596115071/411581817262580617879201396739173714,P0/P2,false,pair:P0:P2:E
1008,3500,174546718322921317053426690200269767773/46285467292212377793861661399520267,825323974405893292606435782936058164641/462854672922123777938616613995202670,P0/P1,false,pair:P0:P1:E
1009,3505,3464605163962333041498170962712429999885/917147701843525042827164810482622171,3274070604986884797123301210577833934749/1834295403687050085654329620965244342,P0/P2,false,pair:P0:P2:NE
1010,3508,844285410211272243885565644071334847601/223462439547581000367137229238581911,798643759722156616707265460243326494273/446924879095162000734274458477163822,P0/P1,false,pair:P0:P1:NW
1011,3512,573045993577706623654634686903244107385/151431009640467088296182732162473167,541140885391699403970143214901905868489/302862019280934176592365464324946334,P0/P1,false,pair:P0:P1:W
1012,3518,357798400497675079851394097291951237839/94414356880031438195221146039029801,1016050194360772241629731121428490004221/566486141280188629171326876234178806,P1/P2,false,pair:P1:P2:W
1013,3520,1097867183440458990692875200534495229063/289471594859602688735099922515122225,1037272378610855662665745656968099482679/578943189719205377470199845030244450,P1/P2,false,pair:P1:P2:W
1014,3525,1238877567449530938981760006288294642299/326223991303404482292384787107925981,1172183205640014500711657287099954620523/652447982606808964584769574215851962,P0/P1,false,pair:P0:P1:S
1015,3532,334477506300594381748633307029650338479/87814865288520361539449719780824905,948435354006997318421133377054671581341/526889191731122169236698318684949430,P1/P2,false,pair:P1:P2:SE
1016,3533,1317723294536522104031899820592340509567/345855312896460372695073296328623353,1244833562778580882725734888574181504175/691710625792920745390146592657246706,P0/P2,false,pair:P0:P2:W
1017,3537,123431924054741246094791114708987466033/32380543712940084975368341339739095,350327039894362941661042025393466461443/194283262277640509852210048038434570,P0/P2,false,pair:P0:P2:W
1018,3538,1104513323419383570057394235835896951943/289471594859602688735099922515122225,1042589290593995326157360885209220860983/578943189719205377470199845030244450,P1/P2,false,pair:P1:P2:E
1019,3541,3746606052471352357485712912321979693957/981182220652523434125246515172368931,3537573328134296755100445890598705247637/1962364441305046868250493030344737862,P0/P2,false,pair:P0:P2:W
1020,3542,1321046364525984393714159338243041371007/345855312896460372695073296328623353,1247492018770150714471542502694742193327/691710625792920745390146592657246706,P1/P2,false,pair:P1:P2:E
1021,3546,3506475845829557891494640885111260854029/917147701843525042827164810482622171,3312618216864647357437511615325963927453/1834295403687050085654329620965244342,P0/P1,false,pair:P0:P1:NW
1022,3549,1200981261205087160718623324637681951043/313838053491961177046032443983749973,1135014463135326015640075365058371533235/627676106983922354092064887967499946,P0/P2,false,pair:P0:P2:W
1023,3550,1080589188615587649342253411040765430929/282506060292235771452922259798344567,3067679608835900944834962981143110301987/1695036361753414628717533558790067402,P0/P1,false,pair:P0:P1:N
1024,3553,85277565957841250614013555034574439617/22284329071923864003461202733249735,80718066245887306222406786128628492177/44568658143847728006922405466499470,P0/P2,false,pair:P0:P2:W
1025,3554,3759233718431309058278299079394642967429/981182220652523434125246515172368931,3548207152100576082083676347080948004245/1962364441305046868250493030344737862,P0/P1,false,pair:P0:P1:N
1026,3558,1870480519854363037010178684252465506321/487661454250959350673740269638616055,1769331624531402618241301967360473242593/975322908501918701347480539277232110,P0/P1,false,pair:P0:P1:W
1027,3560,2025449913890227226056023730868536081143/527475661766456208423632946927635777,1911769974193493289655901672758955814311/1054951323532912416847265893855271554,P0/P2,false,pair:P0:P2:SW
1028,3563,2187272488870196816976916938111985507047/569600403389942816246045118433195217,2069296040762284511235545651832391639191/1139200806779885632492090236866390434,P0/P2,false,pair:P0:P2:SW
1029,3571,6105799798543130649882484073257752952303/1584737519407358375343418334999447049,1923888429139913024366403401638768736437/1056491679604905583562278889999631366,P0/P1,false,pair:P0:P1:W
1030,3574,1287034310396829678401335427000582775665/333794908781916666258126762258412439,1217560483315481614974715031252648039745/667589817563833332516253524516824878,P0/P1,false,pair:P0:P1:SW
1031,3576,352455503322285501289720036945255031457/91362932195891825213835709038564839,333238247254307354033804312588958288753/182725864391783650427671418077129678,P0/P1,false,pair:P0:P1:SW
1032,3577,1852247783920169276647866712297029447917/479929456751172844918255805115433979,1750497142781178111152818098886188269437/959858913502345689836511610230867958,P1/P2,false,pair:P1:P2:S
1033,3579,1147336777275598274068426638406519385003/297203592359389194490584387038304301,1084020648272563403085209473708271691931/594407184718778388981168774076608602,P0/P1,false,pair:P0:P1:SW
1034,3580,4524912756875191129152972951169560115179/1171640082544093590308402397772680685,4272065740237177857553979245481279547611/2343280165088187180616804795545361370,P1/P2,false,pair:P1:P2:S
1035,3586,382347954953724765657354413811772434419/98935378368578801010743970057943589,1086156393743455492414785565433890041385/593612270211472806064463820347661534,P0/P2,false,pair:P0:P2:NW
1036,3588,3462063528060248371183509145181140226693/895237924658013259351495277298434851,3277090644062627162303912688573386701973/1790475849316026518702990554596869702,P1/P2,false,pair:P1:P2:NE
1037,3591,1433377983496985662098763250896047889207/370386225204444138025669137478520577,1357746458337324406228739624098426110439/740772450408888276051338274957041154,P0/P2,false,pair:P0:P2:NE
1038,3597,1670863245010221009491757726037863619033/430072717627899731340359169086692463,1574136594462162382484690251338467471401/860145435255799462680718338173384926,P0/P1,false,pair:P0:P1:NW
1039,3601,7761123607975025459494608390721645085683/1997834956270623160378434272226213413,7341713918378900829908342938546191133539/3995669912541246320756868544452426826,P0/P2,false,pair:P0:P2:NW
1040,3604,5463664176554558802555363569893728070139/1405395626129818432687839708363924573,224376176146661938712688314792587233101/122208315315636385451116496379471702,P0/P1,false,pair:P0:P1:SE
1041,3614,3576924929606158432758542659306119116557/917147701843525042827164810482622171,3379744230651785609019153871870121328541/1834295403687050085654329620965244342,P0/P1,false,pair:P0:P1:NW
1042,3620,5482986614202095856025327592574374614081/1404222686059150354313970451878551879,5185351866841408835553617492401775185681/2808445372118300708627940903757103758,P0/P1,false,pair:P0:P1:NW
1043,3622,288843963922289476958535361428840057663/74054916267600590961324320482786105,274294268370440674780693721114936027247/148109832535201181922648640965572210,P0/P2,false,pair:P0:P2:SW
1044,3624,5987916534576750235399917187198734677389/1531496809169841553993428907529098331,5662130456250835379378002946423260382749/3062993618339683107986857815058196662,P0/P1,false,pair:P0:P1:NW
1045,3626,303509880207755365919871376282167135505/77723024516796934397500894116185847,863717834988161210977438523146511577763/466338147100781606385005364697115082,P0/P1,false,pair:P0:P1:NW
1046,3628,1684155524968070168220795796640667064793/430072717627899731340359169086692463,1587428874420011541213728321941270917161/860145435255799462680718338173384926,P0/P1,false,pair:P0:P1:NW
1047,3629,2156176179936313123520068658071654152375/551298515806304950513469497463889281,2038957777137061413166734160287803938663/1102597031612609901026938994927778562,P1/P2,false,pair:P1:P2:SW
1048,3635,1181923022028512748975967242823377232181/301777649377417470609085909913539059,373456349877394482893880558269833780759/201185099584944980406057273275692706,P0/P2,false,pair:P0:P2:W
1049,3639,111456000499967843608852593943934171237/28393525881134016652758015876406339,1791611158463533586572857658046776586181/965379879958556566193772539797815526,P1/P2,false,pair:P1:P2:NW
1050,3643,4061293848982944824901768352890224974915/1033628016382734672558530988913770581,3841459253642227597306049742163077047475/2067256032765469345117061977827541162,P0/P1,false,pair:P0:P1:SW
1051,3645,7810379830971754299424549940147197614977/1986718987656592946850857016261424135,7395022065761928021258394887367702510161/3973437975313185893701714032522848270,P1/P2,false,pair:P1:P2:N
1052,3651,7835537899474356154384004633679361066741/1989064867797929103598595529232169523,2469808459541078497611401707305540467031/1326043245198619402399063686154779682,P0/P2,false,pair:P0:P2:SW
1053,3654,8457489704305680116647605832051631237655/2145447197733009586635528426422912801,7998946931810792204322915672664657815239/4290894395466019173271056852845825602,P1/P2,false,pair:P1:P2:E
1054,3655,3361685697193192347325623475424570512423/852606510500288904412892449570284945,211904061678503316836352711862878404025/113680868066705187255052326609371326,P0/P2,false,pair:P0:P2:W
1055,3659,9630483392441027762420581445942371853363/2441209315739234770816576449437777893,9113524229792122926449705793263954608035/4882418631478469541633152898875555786,P1/P2,false,pair:P1:P2:NE
1056,3661,3909282251935886507003715217360085805293/990981402082379183981061179030768635,740633799340977130788828762111336549145/396392560832951673592424471612307454,P1/P2,false,pair:P1:P2:NE
1057,3663,11377234736528334474280617444661485466319/2879039388683814971740437865843804201,10752340678913648668421491824364981392639/5758078777367629943480875731687608402,P0/P2,false,pair:P0:P2:SW
1058,3668,23113379013925248407000735326705965557173/5845892627349483054878208662481940851,21883649204069358473997133220908880414405/11691785254698966109756417324963881702,P0/P1,false,pair:P0:P1:SW
1059,3669,14209400295334558289566979167683196512931/3590399642406559929790192793335117045,13434234169347380788251061727630761550099/7180799284813119859580385586670234090,P1/P2,false,pair:P1:P2:SW
1060,3672,32278913774445651251679514523223634339849/8154824218650743860187143157266229183,30533691106095707873162444455777165714777/16309648437301487720374286314532458366,P0/P1,false,pair:P0:P1:SW
1061,3677,5305421576743868172133223008660427468689/1334906657463636804702176924188293239,4984819134625403102504990234352642685793/2669813314927273609404353848376586478,P0/P1,false,pair:P0:P1:SW
1062,3679,17343008805260755317125710068620835017797/4378708245447872284668389783640158051,16435347741678181844207748428160568420949/8757416490895744569336779567280316102,P0/P1,false,pair:P0:P1:SW
1063,3681,8164083580824238739540591819316730333029/2057620471495328497408340266401563971,23153937672601634882732232975869407114847/12345722828971970984450041598409383826,P0/P1,false,pair:P0:P1:S
1064,3683,40225084165912776189485710435730719029731/10136787022815502228149265515327766453,38062318075117691441357882326436322907219/20273574045631004456298531030655532906,P0/P1,false,pair:P0:P1:S
1065,3688,14275861695123804083212169520697213741731/3590399642406559929790192793335117045,13498037113145056750150444466524218089747/7180799284813119859580385586670234090,P1/P2,false,pair:P1:P2:SE
1066,3689,244216520548435443669699477792324702749/61455011314951638889904292963554379,3007897612095090290942615192935360517065/1597830294188742611137511617052413854,P0/P1,false,pair:P0:P1:NE
1067,3696,9545711949321540957084740546865148920427/2396745441283113916706267425578620781,9044960484217829526794306491770567064411/4793490882566227833412534851157241562,P0/P1,false,pair:P0:P1:NE
1068,3700,16347518531875344866379494015158750528607/4097150254707988571760288102966557465,15449234189735991752279943558713575148431/8194300509415977143520576205933114930,P0/P2,false,pair:P0:P2:W
1069,3701,43855036499902536210624549551718880283379/10995444626840726848104170576773197605,41488161644292546764115432537386455573091/21990889253681453696208341153546395210,P0/P1,false,pair:P0:P1:NE
1070,3704,4719898511178108545891232385740868361867/1181850167494116839347824784660515917,13384297643903816063283468290819399881841/7091101004964701036086948707963095502,P0/P2,false,pair:P0:P2:S
1071,3708,3732721801453126020398047994785599265919/932913024686687680352111087441728505,3524724868656012063672573673314446917039/1865826049373375360704222174883457010,P0/P2,false,pair:P0:P2:SE
1072,3711,781839596682068450702707362753898959567/195495458055213804979386294985648169,740167666485676598207452431913087333631/390990916110427609958772589971296338,P1/P2,false,pair:P1:P2:S
1073,3714,33943275258214185128396327518489904750179/8476044075833692118688903674399178549,32109240568338634569632092152588311961811/16952088151667384237377807348798357098,P0/P2,false,pair:P0:P2:SE
1074,3716,81070134388230672592467650074866178757699/20231170992045770069339908555910350933,10942678971825621722281677055429607013109/5780334569155934305525688158831528838,P0/P1,false,pair:P0:P1:NW
1075,3725,162289679206827482307887263706054897909677/40423564658285530765325003255384148795,153647235752739858319734670869010914052669/80847129316571061530650006510768297590,P1/P2,false,pair:P1:P2:W
1076,3729,11360504989925272126392774484253020195361/2825348025277897372896301224799726183,32242163367917126156922472858616346419411/16952088151667384237377807348798357098,P1/P2,false,pair:P1:P2:SW
1077,3733,133181536177334130890192750429582256064607/33094135707506866033609963158169163545,126059581337009982546959737969201617817487/66188271415013732067219926316338327090,P0/P2,false,pair:P0:P2:S
1078,3736,197916263222843781999305660956620390103443/49128510336112503585850449681501840773,187233724208690128594942958776947440038659/98257020672225007171700899363003681546,P1/P2,false,pair:P1:P2:SW
1079,3740,125400004570209564232478802332244203763543/31103032185910018770172020326756631521,118602270510139807234782185600633178290183/62206064371820037540344040653513263042,P0/P2,false,pair:P0:P2:SE
1080,3744,58628729921534863501260877940040519769787/14536575669253581066689631819453773213,55542133140034689217600381706956751157419/29073151338507162133379263638907546426,P0/P1,false,pair:P0:P1:NE
1081,3747,52245193777331203155659180685814656577657/12943494494515974849317685717965187791,49446002793104919649446671470870063442121/25886988989031949698635371435930375582,P0/P2,false,pair:P0:P2:SE
1082,3750,21101025846940185806858589177295260227173/5216043196878069071536648890826255939,19901673755322995821586990875573421024885/10432086393756138143073297781652511878,P1/P2,false,pair:P1:P2:SW
1083,3752,98076702508429257380242173530550157671919/24282130505406532772827968455371752969,10320283190790918212885730871248084554471/5396029001201451727295104101193722882,P1/P2,false,pair:P1:P2:SW
1084,3758,1273901763339342810416700793209734190843/314676331100239297959896114468839261,1203218810944872041034839219587363792107/629352662200478595919792228937678522,P0/P2,false,pair:P0:P2:SW
1085,3759,87359621775729472484967341080665685044401/21600856527948031877264195573932512343,82792789439999187327013586767079805297281/43201713055896063754528391147865024686,P1/P2,false,pair:P1:P2:W
1086,3763,23378686953501605165962966019397424393643/5774794951183647252189286179340592685,154923294628693377557722325646880044845629/80847129316571061530650006510768297590,P0/P1,false,pair:P0:P1:W
1087,3764,11664347983617876302827839769682039894735/2879039388683814971740437865843804201,11030149330032696085858387499963573409023/5758078777367629943480875731687608402,P1/P2,false,pair:P1:P2:SW
1088,3771,70548701284893812278782653107970506729781/17391249548815010991401500328633715187,66852241171892278102586912950887341679173/34782499097630021982803000657267430374,P0/P1,false,pair:P0:P1:W
1089,3778,81648599680379652945453781991215718595187/20072523526273511886965273210072955813,77282282815932293155008278632472065583587/40145047052547023773930546420145911626,P1/P2,false,pair:P1:P2:E
1090,3779,59139153471916271196455939851188172086971/14536575669253581066689631819453773213,55988753746618420950896060879210946934955/29073151338507162133379263638907546426,P0/P2,false,pair:P0:P2:NW
1091,3785,3618713936721940357891346597439320957049/887113013932003831297163287348427471,30761114769305518463307708881848835481361/15968034250776068963348939172271694478,P1/P2,false,pair:P1:P2:E
1092,3791,47729605658938730114129226594405837444161/11681901789692151141977763310273831239,45125266321344563799205208807534552190737/23363803579384302283955526620547662478,P0/P1,false,pair:P0:P1:W
1093,3795,19907317784450258221795977061478572024435/4868629012460684648264171111956992933,56502170536419195437016844381221960889769/29211774074764107889585026671741957598,P0/P2,false,pair:P0:P2:N
1094,3800,17619921681381782867579621289146794914881/4286132461083917821371175861997863239,16567104400726942359141896259879002877713/8572264922167835642742351723995726478,P1/P2,false,pair:P1:P2:W
1095,3804,183888075651992846014439767673444923557241/44814814823005026548942540324879547855,173840194109326955617477047976554639068617/89629629646010053097885080649759095710,P0/P1,false,pair:P0:P1:SW
1096,3806,17975940720501353200813319187527796378095/4381298137845700847795046107690801673,51005127260274907503809174811058626159197/26287788827074205086770276646144810038,P1/P2,false,pair:P1:P2:SW
1097,3807,369406609040630613478232439668418706919/90089218371125380361914652639160785,3850713304237011315836466394247800993661/1981962804164758367962122358061537270,P0/P1,false,pair:P0:P1:SW
1098,3809,5743196072099008727806068758568551181029/1399251171787469286737116452138843587,5436590923047491562992853949221367882485/2798502343574938573474232904277687174,P0/P1,false,pair:P0:P1:S
1099,3812,5749842212077933307170587793869952903909/1399251171787469286737116452138843587,5441907835030631226484469177462489260789/2798502343574938573474232904277687174,P0/P1,false,pair:P0:P1:S
1100,3814,152831786608643891823614224936856476457611/37168090940681845452478229535989772365,28936932861041973559080717515315194998655/14867236376272738180991291814395908946,P0/P2,false,pair:P0:P2:SW
1101,3816,27490651180898543180867468362153181536241/6678035820723020472944023903624829719,25951675877713808757922644182813379099073/13356071641446040945888047807249659438,P0/P2,false,pair:P0:P2:SW
1102,3817,141430812182921770553125058363280576944303/34382728429248888405869242543227035977,133824170119355377434638457095762941886687/68765456858497776811738485086454071954,P1/P2,false,pair:P1:P2:NW
1103,3819,9758636903381894358032400051962063831857/2372381384240180346538813341341037015,2605890202873482897433769538072693753981/1338266421879076092919330602807764470,P1/P2,false,pair:P1:P2:NW
1104,3820,194687971806918859167666333197501731378279/47314445614877052546751471382122186577,184228819955533396081941971133756233191959/94628891229754105093502942764244373154,P0/P1,false,pair:P0:P1:S
1105,3826,227937365632260554583321152240536352010701/55307969301406091701511973426493364763,71899147127177385524091248798501084615199/36871979534270727801007982284328909842,P0/P2,false,pair:P0:P2:W
1106,3833,111697103939576852536454829253729238815355/27048284984787264585370354698535256029,105752094794114571807399869230153156524139/54096569969574529170740709397070512058,P1/P2,false,pair:P1:P2:NW
1107,3835,295904543391220271333776593787390476974717/71603790234106009376985038937775800043,279989302246703543662147906602047636205069/143207580468212018753970077875551600086,P0/P2,false,pair:P0:P2:NE
1108,3838,96411919765995007055129374083225483927871/23310832715209026765317959761988670777,91194576684862515718481099763311733562991/46621665430418053530635919523977341554,P0/P2,false,pair:P0:P2:NE
1109,3840,242671698498901007313119673081543139704635/58611004963832918226606674778919344413,229189629187705890712605627107482442203435/117222009927665836453213349557838688826,P0/P1,false,pair:P0:P1:E
1110,3843,511734336836284929321438643852662020878893/123690238959039425963563798730160630971,484541332013070343591062389305197413008573/247380477918078851927127597460321261942,P1/P2,false,pair:P1:P2:N
1111,3845,105477427295583059912889012936434579615217/25499036696499836778442589111714364695,299932383088095693123512120353481937123139/152994220178999020670655534670286188170,P0/P1,false,pair:P0:P1:NE
1112,3846,655761406090036945080053693527037123719017/158435454442991578647068014340224723807,621007166546047759535210635551318357895865/316870908885983157294136028680449447614,P1/P2,false,pair:P1:P2:N
1113,3848,1408373709655188195784247649349381845304837/340076518837337542646526636318442679203,1333110208117893956526236652702160926787605/680153037674675085293053272636885358406,P0/P1,false,pair:P0:P1:N
1114,3852,383064769592518454373611228803978556491147/92362021293267734625856500783962840397,362249720677914414731429827267548057143419/184724042586535469251713001567925680794,P0/P2,false,pair:P0:P2:NW
1115,3853,1592310499614122305165268392748555384454907/383956799183008978350424250726916028253,1506202278122514511238013525959652700163307/767913598366017956700848501453832056506,P1/P2,false,pair:P1:P2:SW
1116,3855,364520569585204839087212451763439812652623/87850443591932440596313982740430006441,11135898152161793120433406280851217042337/5667770554318221973955740821963226222,P0/P2,false,pair:P0:P2:NW
1117,3857,114833284465769080011195382388966354492801/27771232416501824508345096808978334215,21945404708668429623675168149554126469341/11108492966600729803338038723591333686,P1/P2,false,pair:P1:P2:S
1118,3860,390874476091134278246342706119801059022659/94016399976311451100822741919845457237,368644512817297097823249371045167746256819/188032799952622902201645483839690914474,P1/P2,false,pair:P1:P2:S
1119,3868,786835730357872711726162468810680318743789/188873522689839096665456060775290372091,743240046124900115036144215864817899398013/377747045379678193330912121550580744182,P0/P2,false,pair:P0:P2:N
1120,3870,1084661730297006517213343029144530527179287/260362077957330724057892198916087471905,3077469082145051748729981564238891498712149/1562172467743984344347353193496524831430,P1/P2,false,pair:P1:P2:SE
1121,3882,386467593261727839008244974878296238605707/92362021293267734625856500783962840397,365652544347123799366063573341865739257979/184724042586535469251713001567925680794,P1/P2,false,pair:P1:P2:NE
1122,3884,1658898191821348269845276805451968133163545/396404712568596741295156066511869472303,1569998381392874915080730780607108568888425/792809425137193482590312133023738944606,P0/P2,false,pair:P0:P2:SE
1123,3887,2936160136651685349354396367508647611981261/700827708068992135644560279407365475867,2778842024237494492020138511731148554986077/1401655416137984271289120558814730951734,P0/P2,false,pair:P0:P2:SE
1124,3892,6264164991302010042948851216635536924652031/1493637133206185618234872412431104420473,5928366693297030599158574561953455202683695/2987274266412371236469744824862208840946,P0/P2,false,pair:P0:P2:E
1125,3894,122675884956098964915255076179721723509381/29168547285354521406964178672626244387,576873521460430318721904774008007470790377/291685472853545214069641786726262443870,P1/P2,false,pair:P1:P2:N
1126,3897,5614405070836968255162284487687173748621985/1337700415556163744216646049658417116647,5315421201756767121670644472862005299342193/2675400831112327488433292099316834233294,P1/P2,false,pair:P1:P2:NE
1127,3898,7746747600061136968667063995424383486487355/1845038907573915380620128343392824446237,7328273876712665500046265918795185135775019/3690077815147830761240256686785648892474,P0/P1,false,pair:P0:P1:E
1128,3910,10364586059735633766101253498737359010240077/2457758483639460740806235399482674649499,9796308544419925503468555538658154262692573/4915516967278921481612470798965349298998,P0/P2,false,pair:P0:P2:NE
1129,3911,2283296786270736220158998690918293506041997/541561626762353805226168196357632096603,15128337113501649349634480623511842044469195/7581862774672953273166354749006849352442,P0/P1,false,pair:P0:P1:S
1130,3917,7401250307690271395071013378066269581045073/1752311107159852991688631261204703234231,6997586824514037935106129677721447969760545/3504622214319705983377262522409406468462,P0/P2,false,pair:P0:P2:NE
1131,3919,10113490893996748553647323964458263747271167/2394621539723500701474153071704940118649,28722071964043292185210157888842073951803789/14367729238341004208844918430229640711894,P0/P1,false,pair:P0:P1:E
1132,3926,30394917860697595815096111830563874155646461/7183864619170502104422459215114820355947,9588542702336390769511156612864446760956719/4789243079447001402948306143409880237298,P0/P1,false,pair:P0:P1:E
1133,3929,17844182196068542261660838148731967413546403/4216949770176593032556673835810651720181,16892289814388369421647330074590945311740947/8433899540353186065113347671621303440362,P0/P1,false,pair:P0:P1:E
1134,3932,30449363039404945969250251767752957069479421/7183864619170502104422459215114820355947,28809184249975052431856781788344606613936525/14367729238341004208844918430229640711894,P0/P1,false,pair:P0:P1:E
1135,3933,7428472897043946472148083346660811037961553/1752311107159852991688631261204703234231,7030253931738448027598613640034897718060321/3504622214319705983377262522409406468462,P0/P2,false,pair:P0:P2:NE
1136,3940,26124862635523923458790667181812632260996291/6147836298787291502046492086268323541973,24703304119899067212670131087318305937874227/12295672597574583004092984172536647083946,P1/P2,false,pair:P1:P2:NE
1137,3943,5339247487116217351509873761472583904319233/1255812679711211664254299665451599729799,5054311518269481373426461164659551572856273/2511625359422423328508599330903199459598,P0/P2,false,pair:P0:P2:NW
1138,3945,22837128025313463030387394932201965048841547/5365976071916459948578373813512192654221,2397470602653391286748082443465868776045347/1192439127092546655239638625224931700938,P0/P2,false,pair:P0:P2:W
1139,3946,28158328445283247869181217353678993837325935/6621427126351276241897049486997749877129,26665627193715134198001396413902415127630495/13242854252702552483794098973995499754258,P1/P2,false,pair:P1:P2:NE
1140,3948,4173888388596549130804930936054968080107643/980824709065495666957792942021517441501,11848675301813312940058262075085686269176641/5884948254392974001746757652129104649006,P1/P2,false,pair:P1:P2:NE
1141,3950,31994729087701436216712353939003351465860181/7516285334578764109010900608608924884947,30261871011735146461529266851225309250035557/15032570669157528218021801217217849769894,P1/P2,false,pair:P1:P2:NE
1142,3951,3104060013028910907947404626116571484987829/729439663222710154616715953151943267699,2941479034906232067486105522078985607398085/1458879326445420309233431906303886535398,P0/P1,false,pair:P0:P1:W
1143,3958,3110865660367329677216672118265206849216949/729439663222710154616715953151943267699,2946923552776967082901519515797893898781381/1458879326445420309233431906303886535398,P0/P1,false,pair:P0:P1:W
1144,3960,357056491262681373624357138710171036294085/83648911432156785786491727444581508067,3042018714857112654586043794214100333631613/1505680405778822144156851094002467145206,P0/P2,false,pair:P0:P2:NW
1145,3963,6909087802321954286294707027836919264030399/1617884265828403763810761975428393776057,6537906717731774889674981698207130515645423/3235768531656807527621523950856787552114,P0/P2,false,pair:P0:P2:NW
1146,3967,19041042838792928061085836474371798018283665/4452884683132176034831339892833253627767,18010573943385048046728968289698538265883745/8905769366264352069662679785666507255534,P0/P2,false,pair:P0:P2:W
1147,3969,16275680178954960318343836463883991703019761/3806134567369478149807382719829932843543,15413153994054067596296775614607728050031297/7612269134738956299614765439659865687086,P0/P2,false,pair:P0:P2:W
1148,3972,9667747853446072164934712713769159436856775/2258520608668233216235276641003700717809,27454391683904304107090190059991619082050661/13551123652009399297411659846022204306854,P0/P2,false,pair:P0:P2:SW
1149,3976,9488351043919214838920545720902415613510863/2212965775846720768403135757858318321193,8968895474252147407566461890608157956736767/4425931551693441536806271515716636642386,P1/P2,false,pair:P1:P2:W
1150,3981,16332847616597677980205683397932528762544369/3806134567369478149807382719829932843543,15462154654890682735035501558077902672480961/7612269134738956299614765439659865687086,P0/P1,false,pair:P0:P1:E
1151,3985,5177395731756769494639547654588270184766301/1210264742439285748660424497301176218891,4947189790805167837719254763115637949793517/2420529484878571497320848994602352437782,P0/P1,false,pair:P0:P1:SE
1152,3986,43228801229106859127799182425138281883709081/10062127845826168822272967528734449503663,40888105902262577652970070250175169273340137/20124255691652337644545935057468899007326,P0/P2,false,pair:P0:P2:W
1153,3987,71357002838624923797951949815784685702432487/16601273990089418390664935074031838292177,67465333197945005397444769968564278927805591/33202547980178836781329870148063676584354,P1/P2,false,pair:P1:P2:NW
1154,3992,110129184145590805992327894036551323560870673/25592202435504190472854892024174882849015,104125491228514200113640093908086283400242913/51184404871008380945709784048349765698030,P0/P2,false,pair:P0:P2:SW
1155,3997,649962035127835846851871924239895592552397/150904291349361403407055341025887564827,615276625289320482686190966428124629920861/301808582698722806814110682051775129654,P0/P1,false,pair:P0:P1:W
1156,4003,52837167861430908008907768620693836922304179/12241843227247252011736956710500245766501,149894887146958362553234589715183612440481385/73451059363483512070421740263001474599006,P0/P2,false,pair:P0:P2:S
1157,4004,26842585571009286881395908635665637201317485/6218421354865152869677550089885984445051,25393683705585854923732640716682672525366525/12436842709730305739355100179771968890102,P1/P2,false,pair:P1:P2:N
1158,4006,199916045622313830658650206424064244888497679/46316018379307172864016833422780480947945,63088129537722632558828490461756728046369813/30877345586204781909344555615186987298630,P0/P2,false,pair:P0:P2:S
1159,4010,18988721251516773667573545659865795805246171/4395245554723286676074613174328106234493,53885912729407215579715758521462665017209953/26371473328339720056447679045968637406958,P1/P2,false,pair:P1:P2:W
1160,4013,26891586231845902020134634579135811823767149/6218421354865152869677550089885984445051,25426350812810265016225124678996122273666301/12436842709730305739355100179771968890102,P0/P1,false,pair:P0:P1:S
1161,4018,92828818267554903934668099554784927235159131/21442332959846561385306633063236543167741,87994546791585638844818092166798358355107915/42884665919693122770613266126473086335482,P0/P2,false,pair:P0:P2:S
1162,4021,159186623800263865938234641083226138898441241/36725529681741756035210870131500737299503,50153705668504934718812548353983358248114723/24483686454494504023473913421000491533002,P0/P2,false,pair:P0:P2:S
1163,4025,22316944744008917034455712593746274556269399/5146224264367463651557425935864497883105,190091955329519620019628398430544244429370431/92632036758614345728033666845560961895890,P1/P2,false,pair:P1:P2:S
1164,4028,72119235340527825956109908936431846496093927/16601273990089418390664935074031838292177,68140453413916147308956105189708907059334295/33202547980178836781329870148063676584354,P0/P2,false,pair:P0:P2:SE
1165,4031,23294007201980369498000602165748451680917057/5356942788786269455386264282478753361735,22025216896557276603377571154789086122291473/10713885577572538910772528564957506723470,P0/P1,false,pair:P0:P1:SE
1166,4034,46663976171844792858469408652242690583553455/10729074046770526558134552404248209095753,44139214641541925339401539546506153671400927/21458148093541053116269104808496418191506,P0/P1,false,pair:P0:P1:E
1167,4035,67420953851868932681934590461742069415825789/15509129926355247325175510210597378547691,63865852955116961138350518993875257087096077/31018259852710494650351020421194757095382,P0/P2,false,pair:P0:P2:S
1168,4040,2310108470284631874616624803628910812208289/528005465606704546360493369650351287271,2162140315435500664126212430084032640558449/1056010931213409092720986739300702574542,P1/P2,false,pair:P1:P2:W
1169,4041,43860365302112120915987205696531643684171417/10062127845826168822272967528734449503663,41443446725077549225342297609503814994436329/20124255691652337644545935057468899007326,P0/P2,false,pair:P0:P2:E
1170,4042,39240148361542857166753956089273822059754839/9006116914612759729551980789433746929121,37119166094206547897089872749335749713319431/18012233829225519459103961578867493858242,P1/P2,false,pair:P1:P2:W
1171,4044,51382194434087286885180110146440861452869361/11785084977983935650855539143548911670295,48528829486861746852638932331301118449117377/23570169955967871301711078287097823340590,P1/P2,false,pair:P1:P2:W
1172,4045,46761977493518023135946860539183039828452783/10729074046770526558134552404248209095753,44204548855990745524386507471133053168000479/21458148093541053116269104808496418191506,P0/P2,false,pair:P0:P2:E
1173,4049,90474973508641212271138340142781534276054521/20744760607125756716568355683448652896591,12230031766525261714154072696062747519728431/5927074459178787633305244480985329399026,P1/P2,false,pair:P1:P2:SW
1174,4051,169151272875073387159601156095209876885362855/38756994436351276175672317262316146754833,159979222982987568163228190220364531057936983/77513988872702552351344634524632293509666,P0/P1,false,pair:P0:P1:E
1175,4052,30132747171813782054078848862017074895899809/6899851246310728222154397756384694205415,28461143678367386434261949639565572643902833/13799702492621456444308795512769388410830,P0/P2,false,pair:P0:P2:SW
1176,4056,87682251674650010359486965174508303959439075/20077814406181398980706770807934893304501,378704258085367104779364944795947612450537/183359035672889488408281011944610897758,P0/P2,false,pair:P0:P2:SW
1177,4058,230468086526873446881406347058995457053743673/52706298756357755353853384579552821702415,217489818793646782479962378739024233403907721/105412597512715510707706769159105643404830,P0/P1,false,pair:P0:P1:E
1178,4060,44846051767721334449287272227966534197327105/10273499245584737933782664737746104198791,42557044974215891510855648612823944846756817/20546998491169475867565329475492208397582,P0/P2,false,pair:P0:P2:S
1179,4062,180874863659081199651285706961082039224343189/41404661360989297013282494164956139926419,171525847789596615161871707779367151039099301/82809322721978594026564988329912279852838,P0/P2,false,pair:P0:P2:SW
1180,4063,447356576976464745210051011914879507757566051/102321678989047349348835884469711765316917,423472420569484613132709868936464282773433043/204643357978094698697671768939423530633834,P0/P1,false,pair:P0:P1:E
1181,4065,642682159572145695880564640074098279953157895/146817258873704807720989263324061783331249,607202383664344262094969456453435879143976631/293634517747409615441978526648123566662498,P0/P1,false,pair:P0:P1:E
1182,4075,11412182876450160745430675182107413955519113/2598900236574586922550939991622832324927,3592259393317697348038827517808472102762483/1732600157716391281700626661081888216618,P0/P2,false,pair:P0:P2:NE
1183,4078,70693600960504256938179719360374930103188161/16105702065173572569918077625004828552903,66942098728348601235824043835714420161150353/32211404130347145139836155250009657105806,P0/P2,false,pair:P0:P2:NE
1184,4079,109005520669910223050516641815503483015686585/24749442897538862742444946211793352924047,34152782973747807629343217337874703312511491/16499628598359241828296630807862235282698,P0/P1,false,pair:P0:P1:N
1185,4082,3226824668518943014382227983704637892979751/734024992914861479066297833722953649553,3051877766318760392640753645729972941632983/1468049985829722958132595667445907299106,P0/P1,false,pair:P0:P1:NE
1186,4084,113649844467261605771016474426925642497527233/25825780324126955864100887004082613466055,321991726127924816734202348993405168113074611/154954681944761735184605322024495680796330,P0/P1,false,pair:P0:P1:E
1187,4086,487193017936766943343255597456525658603278963/110769766438754622090603778384117385913253,460854258766268951651421232601889850210615779/221539532877509244181207556768234771826506,P1/P2,false,pair:P1:P2:SE
1188,4089,149267415366498692215059619566763617060073227/33879802334073371208262181148977684709325,28200475298748322825631193790576711072260607/13551920933629348483304872459591073883730,P0/P1,false,pair:P0:P1:N
1189,4090,53412930964561665309011589398571918141831187/12129362892126226603311872940323501038341,454837285066056247117883004177672251693696411/218328532058272078859613712925823018690138,P0/P2,false,pair:P0:P2:SE
1190,4094,204701159549214199829453969087493483315011167/46426952425520446203721407449147881386265,38664005035514562806746714588787170265524099/18570780970208178481488562979659152554506,P0/P2,false,pair:P0:P2:S
1191,4098,162230938215826148957260114729994416504255169/36737855144866335317908672282782753011399,153104897727697815817633098956723058455967121/73475710289732670635817344565565506022798,P0/P1,false,pair:P0:P1:NW
1192,4099,56027886982974123075014111399779277141827093/12724405668859284725827561410929861381139,17764405810970214444089153282205998382913975/8482937112572856483885040940619907587426,P0/P2,false,pair:P0:P2:SE
1193,4106,573549727604753274042393778694037101701197695/129591759995907227725351487181078515783929,541487193801478648818032722834645414353862831/259183519991814455450702974362157031567858,P0/P2,false,pair:P0:P2:S
1194,4110,595646858082751322070471116070289395410515157/134613077366854608881461979284771232107347,564211313081693861675109888654989287179427813/269226154733709217762923958569542464214694,P0/P2,false,pair:P0:P2:E
1195,4113,162927836503280230930433105926014677801317057/36737855144866335317908672282782753011399,153714683729220137544159466253240787090896273/73475710289732670635817344565565506022798,P0/P1,false,pair:P0:P1:NE
1196,4117,267318685612999290597070512098096014984394657/60226654918141902648030202961917269797095,252463675825567473191746381660381579499810929/120453309836283805296060405923834539594190,P0/P2,false,pair:P0:P2:S
1197,4120,176718833076468342800776866406760061600453351/39824348127812099301120254151097566411985,167405264238376915467626987280326957778409623/79648696255624198602240508302195132823970,P1/P2,false,pair:P1:P2:SW
1198,4126,523253300505241753560354231013371926648308411/117612353478843312171574750377317129941405,494614711125963992419376525079417467339529387/235224706957686624343149500754634259882810,P0/P1,false,pair:P0:P1:S
1199,4129,1595886375654860040720285839244715446987197/358793315308969550362512164611771853227,68039192607430037673402820547569753490946697/32291398377807259532626094815059466790430,P0/P2,false,pair:P0:P2:S
1200,4131,95009687043861947930394692689317941743927223/21332652242626296212802954848807488032385,89730075241091537182337851755861651340578407/42665304485252592425605909697614976064770,P0/P2,false,pair:P0:P2:S
1201,4140,525169770795740478986579956802427645215228603/117612353478843312171574750377317129941405,496356956844599197352309003069468120582184107/235224706957686624343149500754634259882810,P0/P1,false,pair:P0:P1:S
1202,4146,233813373059655396241798196273270051278123/52258773382489698271007714403303588525,677559353045417476649917184571242076505995641/320555315928191809194361320149864212012350,P0/P2,false,pair:P0:P2:N
1203,4149,36228480224405276011333237947895423306321995/8099974726458845462627856538416826206349,583825529034210336370547834848247678891967211/275399140699600745729347122306172091015866,P0/P1,false,pair:P0:P1:NE
1204,4156,481959905597994251209221251424233922802662183/107567771349781013790696923808933647021713,457124216365234811940916467715457353111778519/215135542699562027581393847617867294043426,P1/P2,false,pair:P1:P2:E
1205,4159,72446450977473963620600886037405556914886201/16145699188903629766313047407529733395215,68561866323020599153282563944584949463743113/32291398377807259532626094815059466790430,P0/P2,false,pair:P0:P2:W
1206,4161,1477841218361292044493364500313428979047540613/329089292766763143928530502042712390358563,1397069838271694275189265108796244718516101525/658178585533526287857061004085424780717126,P1/P2,false,pair:P1:P2:S
1207,4165,1095711775323482006852266755968096428180646057/243758683796257959077318682647482438229023,1036058842444965880540394728184737329262602233/487517367592515918154637365294964876458046,P0/P1,false,pair:P0:P1:N
1208,4166,317520532293415242859711255151797895456798971/70634753932292177511331689019048096370013,300252769226812690003481154647227058358478571/141269507864584355022663378038096192740026,P0/P2,false,pair:P0:P2:W
1209,4170,824076477404532684633202268193183454033293143/182855745578391436329687758996778166504417,776519914212530231728083968264388433847988231/365711491156782872659375517993556333008834,P0/P1,false,pair:P0:P1:N
1210,4173,483702151316629456142153729414284576045316903/107567771349781013790696923808933647021713,458518012940142975887262450107497875705902295/215135542699562027581393847617867294043426,P1/P2,false,pair:P1:P2:W
1211,4174,1097454021042117211785199233958147081423300777/243758683796257959077318682647482438229023,1037452639019874044486740710576777851856726009/487517367592515918154637365294964876458046,P0/P1,false,pair:P0:P1:N
1212,4179,158085388231085863754104101895759653661619767/35068711492821116826833795749401661049857,746659420251401415143410045504804395096850563/350687114928211168268337957494016610498570,P0/P2,false,pair:P0:P2:NE
1213,4182,1682078141445951015055510508428538431146089073/372924277307486997207823061907720305390743,1590477408472490370538625664907589145997573185/745848554614973994415646123815440610781486,P1/P2,false,pair:P1:P2:SE
1214,4184,183984387167063107768752115959533554791251551/40750615460862755807033991739672067903769,1216206437245071655357018394213264994381743849/570508616452078581298475884355408950652766,P0/P2,false,pair:P0:P2:E
1215,4186,4415891744440620710833769755210389906111475657/977979139870542531232910425074860583599615,4171543461391298779062452009087113420089997593/1955958279741085062465820850149721167199230,P0/P1,false,pair:P0:P1:NW
1216,4188,1840110324101737202071240131776920139033953943/407470523418463949934434540719451632946849,1739130586901155468348415220660583431326509895/814941046836927899868869081438903265893698,P0/P2,false,pair:P0:P2:E
1217,4193,5547615273786180907364243433105442350566813531/1227479702113030012070705508647539331865085,1049239200414021151362188694073662082820804367/490991880845212004828282203459015732746034,P0/P1,false,pair:P0:P1:NW
1218,4194,7402145387619506385439561266095789341685058087/1637436405839724428289326727085084313821073,6998165794059824906569095022673726922445468631/3274872811679448856578653454170168627642146,P0/P2,false,pair:P0:P2:SE
1219,4201,11690966873208705268900325292679638832477284155/2581812504412453417575421343512172471546141,11050455236700903321333104150432782123486243115/5163625008824906835150842687024344943092282,P0/P1,false,pair:P0:P1:N
