token_index,batch,time_a,time_b,pair,mixed_with_wall,events
1,3,7/2,3/2,P1/P2,false,pair:P1:P2:N
2,5,7,3,P0/P2,false,pair:P0:P2:E
3,7,25/3,11/3,P1/P2,false,pair:P1:P2:NE
4,9,11,5,P0/P2,false,pair:P0:P2:E
5,15,21,9,P0/P1,false,pair:P0:P1:S
6,18,25,59/5,P0/P1,false,pair:P0:P1:SE
7,20,27,37/3,P1/P2,false,pair:P1:P2:SE
8,27,159/5,15,P0/P1,false,pair:P0:P1:S
9,28,227/7,15,P1/P2,false,pair:P1:P2:E
10,34,435/11,205/11,P0/P1,false,pair:P0:P1:SW
11,38,549/13,259/13,P1/P2,false,pair:P1:P2:W
12,40,577/13,259/13,P0/P1,false,pair:P0:P1:W
13,45,563/11,245/11,P0/P1,false,pair:P0:P1:SW
14,50,54,77/3,P0/P1,false,pair:P0:P1:S
15,53,737/13,331/13,P0/P1,false,pair:P0:P1:S
16,55,871/15,139/5,P0/P2,false,pair:P0:P2:E
17,56,182/3,85/3,P0/P1,false,pair:P0:P1:S
18,59,817/13,363/13,P0/P1,false,pair:P0:P1:S
19,63,763/11,353/11,P0/P2,false,pair:P0:P2:NE
20,67,527/7,715/21,P0/P2,false,pair:P0:P2:N
21,70,1151/15,521/15,P0/P1,false,pair:P0:P1:SE
22,73,867/11,421/11,P1/P2,false,pair:P1:P2:N
23,78,1417/17,639/17,P1/P2,false,pair:P1:P2:N
24,79,85,39,P0/P1,false,pair:P0:P1:NE
25,84,265/3,121/3,P0/P1,false,pair:P0:P1:NE
26,85,995/11,453/11,P1/P2,false,pair:P1:P2:NW
27,88,2839/31,1313/31,P1/P2,false,pair:P1:P2:W
28,92,3145/33,1439/33,P0/P2,false,pair:P0:P2:NW
29,95,299/3,407/9,P1/P2,false,pair:P1:P2:NW
30,99,105,533/11,P0/P2,false,pair:P0:P2:NE
31,101,3319/31,1537/31,P1/P2,false,pair:P1:P2:N
32,106,1227/11,557/11,P0/P2,false,pair:P0:P2:N
33,110,2235/19,1021/19,P1/P2,false,pair:P1:P2:W
34,111,3655/31,1681/31,P0/P1,false,pair:P0:P1:N
35,115,1371/11,55,P1/P2,false,pair:P1:P2:S
36,120,621/5,63,P0/P1,false,pair:P0:P1:NW
37,123,659/5,309/5,P0/P1,false,pair:P0:P1:N
38,127,1499/11,701/11,P1/P2,false,pair:P1:P2:SW
39,130,9339/67,4317/67,P1/P2,false,pair:P1:P2:S
40,133,2425/17,1167/17,P0/P2,false,pair:P0:P2:W
41,140,3229/21,505/7,P0/P1,false,pair:P0:P1:W
42,143,2713/17,1263/17,P1/P2,false,pair:P1:P2:E
43,144,159,75,P0/P2,false,pair:P0:P2:N
44,147,169,505/7,P0/P2,false,pair:P0:P2:NE
45,150,3517/21,537/7,P0/P2,false,pair:P0:P2:E
46,152,12529/73,5751/73,P0/P1,false,pair:P0:P1:S
47,154,1553/9,727/9,P0/P1,false,pair:P0:P1:SE
48,156,2261/13,1043/13,P0/P1,false,pair:P0:P1:SE
49,160,13169/73,6007/73,P0/P1,false,pair:P0:P1:S
50,161,541/3,83,P0/P2,false,pair:P0:P2:E
51,163,3757/21,253/3,P0/P2,false,pair:P0:P2:E
52,169,23959/127,11201/127,P0/P1,false,pair:P0:P1:E
53,173,26545/137,12343/137,P0/P2,false,pair:P0:P2:NE
54,175,8323/43,3925/43,P0/P1,false,pair:P0:P1:SE
55,177,27605/141,12851/141,P0/P2,false,pair:P0:P2:NE
56,180,4213/21,1963/21,P0/P1,false,pair:P0:P1:SE
57,183,11119/55,5193/55,P0/P1,false,pair:P0:P1:SE
58,191,22527/103,10457/103,P0/P2,false,pair:P0:P2:N
59,194,21385/97,10015/97,P0/P2,false,pair:P0:P2:N
60,196,10905/49,729/7,P0/P1,false,pair:P0:P1:N
61,197,223,105,P1/P2,false,pair:P1:P2:E
62,202,5761/25,13507/125,P1/P2,false,pair:P1:P2:NE
63,207,9745/41,13637/123,P0/P2,false,pair:P0:P2:N
64,211,23433/97,10911/97,P0/P1,false,pair:P0:P1:N
65,215,10129/41,14021/123,P1/P2,false,pair:P1:P2:S
66,217,84719/343,5647/49,P0/P2,false,pair:P0:P2:NW
67,221,80617/321,12629/107,P0/P1,false,pair:P0:P1:NE
68,224,87023/343,40681/343,P1/P2,false,pair:P1:P2:SW
69,226,2819/11,6601/55,P0/P2,false,pair:P0:P2:N
70,228,47119/183,21961/183,P0/P2,false,pair:P0:P2:N
71,231,1835/7,841/7,P1/P2,false,pair:P1:P2:S
72,235,15265/57,2285/19,P0/P2,false,pair:P0:P2:N
73,239,19039/71,127,P0/P2,false,pair:P0:P2:N
74,244,93935/343,6287/49,P1/P2,false,pair:P1:P2:SE
75,248,127025/457,58743/457,P0/P2,false,pair:P0:P2:N
76,250,18619/67,25975/201,P0/P2,false,pair:P0:P2:N
77,251,19807/71,9209/71,P1/P2,false,pair:P1:P2:SW
78,254,1983/7,2795/21,P1/P2,false,pair:P1:P2:W
79,256,9883/35,14167/105,P1/P2,false,pair:P1:P2:SW
80,259,26693/93,12547/93,P0/P1,false,pair:P0:P1:E
81,263,9015/31,29415/217,P1/P2,false,pair:P1:P2:S
82,267,19691/67,9245/67,P0/P1,false,pair:P0:P1:NE
83,269,81821/277,38251/277,P0/P2,false,pair:P0:P2:SW
84,274,21969/73,10263/73,P1/P2,false,pair:P1:P2:SW
85,275,6943/23,9659/69,P0/P2,false,pair:P0:P2:N
86,284,120763/387,56573/387,P1/P2,false,pair:P1:P2:N
87,285,209719/671,98017/671,P0/P2,false,pair:P0:P2:SW
88,289,9919/31,4513/31,P0/P2,false,pair:P0:P2:W
89,292,10553/33,14813/99,P0/P1,false,pair:P0:P1:SW
90,294,322,149,P0/P2,false,pair:P0:P2:NE
91,297,11821/37,5787/37,P0/P2,false,pair:P0:P2:E
92,299,43999/135,103133/675,P1/P2,false,pair:P1:P2:S
93,304,301397/909,140531/909,P0/P1,false,pair:P0:P1:E
94,308,225801/673,104671/673,P0/P2,false,pair:P0:P2:SE
95,311,324977/969,152503/969,P1/P2,false,pair:P1:P2:W
96,312,15157/45,3307/21,P0/P2,false,pair:P0:P2:E
97,315,248869/733,116131/733,P1/P2,false,pair:P1:P2:W
98,318,12717/37,136237/851,P0/P1,false,pair:P0:P1:NE
99,320,68045/197,31419/197,P0/P1,false,pair:P0:P1:NE
100,321,501923/1451,232917/1451,P0/P2,false,pair:P0:P2:W
101,324,118585/337,54831/337,P0/P2,false,pair:P0:P2:NW
102,326,192959/551,90585/551,P1/P2,false,pair:P1:P2:S
103,328,35381/101,16619/101,P0/P2,false,pair:P0:P2:NW
104,331,164057/465,15203/93,P0/P2,false,pair:P0:P2:NW
105,333,56311/159,8651/53,P1/P2,false,pair:P1:P2:S
106,340,24475/67,102757/603,P0/P2,false,pair:P0:P2:SE
107,345,541775/1463,252745/1463,P1/P2,false,pair:P1:P2:E
108,348,303865/817,142607/817,P0/P1,false,pair:P0:P1:SE
109,351,4106/11,5777/33,P1/P2,false,pair:P1:P2:E
110,353,198417/529,92511/529,P0/P1,false,pair:P0:P1:SE
111,361,39731/103,18721/103,P1/P2,false,pair:P1:P2:E
112,369,98651/243,44653/243,P0/P1,false,pair:P0:P1:E
113,371,65807/167,32121/167,P0/P1,false,pair:P0:P1:E
114,375,41779/103,19233/103,P1/P2,false,pair:P1:P2:E
115,378,215313/529,100703/529,P0/P1,false,pair:P0:P1:NE
116,383,1100731/2659,513373/2659,P0/P2,false,pair:P0:P2:SW
117,385,227191/543,104417/543,P0/P1,false,pair:P0:P1:NW
118,391,804587/1907,379021/1907,P0/P2,false,pair:P0:P2:S
119,396,2720791/6335,1274689/6335,P1/P2,false,pair:P1:P2:SW
120,400,194793/449,456763/2245,P1/P2,false,pair:P1:P2:SW
121,404,1499275/3411,232975/1137,P1/P2,false,pair:P1:P2:NW
122,407,471575/1087,227521/1087,P1/P2,false,pair:P1:P2:NW
123,410,1173413/2653,552995/2653,P1/P2,false,pair:P1:P2:NE
124,412,815477/1837,381011/1837,P1/P2,false,pair:P1:P2:NE
125,413,2888879/6487,1348905/6487,P0/P2,false,pair:P0:P2:W
126,415,1257925/2813,586883/2813,P1/P2,false,pair:P1:P2:NE
127,416,6772931/15179,3184437/15179,P0/P2,false,pair:P0:P2:W
128,420,718547/1595,340101/1595,P0/P2,false,pair:P0:P2:NW
129,423,8813311/19495,595103/2785,P0/P1,false,pair:P0:P1:SW
130,427,3718249/8193,1772927/8193,P0/P2,false,pair:P0:P2:NW
131,429,2905111/6335,194679/905,P1/P2,false,pair:P1:P2:NE
132,433,2222213/4797,344641/1599,P0/P1,false,pair:P0:P1:W
133,434,12546763/27155,5920877/27155,P1/P2,false,pair:P1:P2:NE
134,439,10175879/21871,4836113/21871,P0/P2,false,pair:P0:P2:N
135,440,35531549/76181,2401277/10883,P1/P2,false,pair:P1:P2:SE
136,441,1379981/2949,7136713/32439,P0/P2,false,pair:P0:P2:N
137,443,12444745/26593,17630941/79779,P0/P2,false,pair:P0:P2:N
138,449,24306307/50955,3803431/16985,P0/P1,false,pair:P0:P1:E
139,453,90699503/188055,4736737/20895,P1/P2,false,pair:P1:P2:SW
140,459,41398803/85019,330207/1441,P1/P2,false,pair:P1:P2:SW
141,462,2982395/6083,4273207/18249,P0/P2,false,pair:P0:P2:SE
142,469,34516777/68545,16206783/68545,P0/P2,false,pair:P0:P2:SE
143,472,23768405/46861,11131507/46861,P0/P2,false,pair:P0:P2:S
144,474,90599179/177747,42649645/177747,P1/P2,false,pair:P1:P2:SE
145,477,35172137/68545,16534463/68545,P0/P1,false,pair:P0:P1:SW
146,481,173367217/335625,16299851/67125,P0/P2,false,pair:P0:P2:NE
147,484,189882561/365977,89781735/365977,P1/P2,false,pair:P1:P2:E
148,486,213460999/408559,100078737/408559,P0/P1,false,pair:P0:P1:E
149,489,161020967/305935,74995057/305935,P1/P2,false,pair:P1:P2:SE
150,493,503200077/953413,237316411/953413,P0/P2,false,pair:P0:P2:S
151,495,115487375/219447,55038793/219447,P0/P2,false,pair:P0:P2:S
152,496,537490199/1014911,252840961/1014911,P0/P1,false,pair:P0:P1:N
153,504,561367001/1038577,263153295/1038577,P1/P2,false,pair:P1:P2:NW
154,506,412705663/763047,194244569/763047,P0/P2,false,pair:P0:P2:SE
155,511,842393353/1542305,395026143/1542305,P0/P1,false,pair:P0:P1:E
156,512,18608911/33975,2911043/11325,P1/P2,false,pair:P1:P2:S
157,516,371840243/677883,58757335/225961,P1/P2,false,pair:P1:P2:S
158,520,322181957/579453,50034177/193151,P0/P2,false,pair:P0:P2:E
159,524,1266875947/2271347,598279693/2271347,P0/P2,false,pair:P0:P2:NE
160,525,36543607/65247,74059535/282737,P0/P1,false,pair:P0:P1:NW
161,529,2589684997/4594493,1216044611/4594493,P0/P1,false,pair:P0:P1:N
162,533,43533753/76753,1133177497/4221415,P0/P2,false,pair:P0:P2:NE
163,537,179782783/310695,11745823/44385,P0/P2,false,pair:P0:P2:E
164,539,589402371/1020299,819983071/3060897,P0/P1,false,pair:P0:P1:W
165,543,137013727/236551,1340854765/4967571,P0/P1,false,pair:P0:P1:N
166,544,263654255/456471,372400187/1369413,P0/P2,false,pair:P0:P2:SE
167,550,8683721/15457,148745983/510081,P0/P1,false,pair:P0:P1:N
168,551,703053925/1212317,341068259/1212317,P0/P2,false,pair:P0:P2:W
169,553,5370900827/9137187,2530044509/9137187,P0/P2,false,pair:P0:P2:W
170,555,4796271993/8101265,2233848303/8101265,P1/P2,false,pair:P1:P2:SW
171,558,4746377007/7955671,2205267881/7955671,P0/P1,false,pair:P0:P1:N
172,559,8194676567/13809343,3875549633/13809343,P0/P2,false,pair:P0:P2:SW
173,565,772505609/1284513,2544574745/8991591,P1/P2,false,pair:P1:P2:W
174,567,2332657279/3866535,1817707199/6444225,P1/P2,false,pair:P1:P2:W
175,570,2123384001/3508633,2983093685/10525899,P0/P2,false,pair:P0:P2:E
176,572,7332764743/12060207,3421612625/12060207,P1/P2,false,pair:P1:P2:W
177,575,15603189701/25485309,7287536003/25485309,P0/P1,false,pair:P0:P1:NE
178,582,4272000041/6889665,2000893631/6889665,P0/P1,false,pair:P0:P1:NW
179,585,11760985639/18867471,16533099091/56602413,P1/P2,false,pair:P1:P2:S
180,589,35618501237/56602413,1851924091/6289157,P1/P2,false,pair:P1:P2:S
181,591,23656659967/37853479,11265891161/37853479,P1/P2,false,pair:P1:P2:S
182,594,35954045557/56602413,2400219221/8086059,P1/P2,false,pair:P1:P2:S
183,603,959887637/1477837,1338125849/4433511,P0/P1,false,pair:P0:P1:W
184,605,6814748227/10525899,3192808885/10525899,P0/P1,false,pair:P0:P1:W
185,607,7751574613/11957773,10875474521/35873319,P1/P2,false,pair:P1:P2:SW
186,608,5831799339/9002099,8199222823/27006297,P0/P1,false,pair:P0:P1:W
187,613,2019139207/3092079,316099419/1030693,P0/P2,false,pair:P0:P2:N
188,618,17830942337/27006297,2777813517/9002099,P0/P1,false,pair:P0:P1:W
189,623,12989253059/19482699,6079658549/19482699,P1/P2,false,pair:P1:P2:SE
190,630,341161253/506717,161246243/506717,P0/P2,false,pair:P0:P2:NW
191,632,327179771/483267,153052861/483267,P0/P2,false,pair:P0:P2:NW
192,633,10317147107/15251819,4857002261/15251819,P1/P2,false,pair:P1:P2:W
193,637,6972364447/10197703,3234638265/10197703,P0/P1,false,pair:P0:P1:N
194,643,7056250527/10197703,3268192697/10197703,P0/P1,false,pair:P0:P1:N
195,646,17830666237/25818997,8405263883/25818997,P0/P2,false,pair:P0:P2:E
196,649,1368726751/1982215,654734713/1982215,P0/P1,false,pair:P0:P1:N
197,651,7140136607/10197703,3301747129/10197703,P0/P1,false,pair:P0:P1:N
198,655,4191206591/5966823,1944873113/5966823,P0/P2,false,pair:P0:P2:S
199,658,13479685515/19149011,6253776301/19149011,P0/P2,false,pair:P0:P2:SW
200,659,3037096889/4313553,1419238831/4313553,P0/P1,false,pair:P0:P1:NW
201,665,28385145521/40131081,13458774391/40131081,P1/P2,false,pair:P1:P2:E
202,666,41703597107/58987835,19838809413/58987835,P0/P1,false,pair:P0:P1:NE
203,675,2407637283/3267755,215832465/653551,P1/P2,false,pair:P1:P2:SE
204,677,73011253957/100233981,34320901763/100233981,P0/P2,false,pair:P0:P2:E
205,679,12543423905/17741689,6430458887/17741689,P0/P1,false,pair:P0:P1:NE
206,686,15804891439/21274327,7414283689/21274327,P0/P1,false,pair:P0:P1:E
207,687,36532925415/49188047,51631160083/147564141,P1/P2,false,pair:P1:P2:SW
208,695,32903090885/43676413,15395219075/43676413,P1/P2,false,pair:P1:P2:E
209,697,201486545399/267651167,13580702871/38235881,P0/P1,false,pair:P0:P1:SE
210,701,319260125813/421488429,49855329137/140496143,P1/P2,false,pair:P1:P2:E
211,705,37472449511/49188047,17657779121/49188047,P1/P2,false,pair:P1:P2:NE
212,709,538570517929/704415297,252775207231/704415297,P0/P1,false,pair:P0:P1:NW
213,714,227312746189/295802309,107207958459/295802309,P0/P1,false,pair:P0:P1:NW
214,715,737497662713/955787537,344470586991/955787537,P1/P2,false,pair:P1:P2:N
215,722,459488820701/590522965,216136401707/590522965,P0/P2,false,pair:P0:P2:W
216,729,464857529821/590522965,43656777071/118104593,P0/P2,false,pair:P0:P2:W
217,736,763578966795/956320339,355641046061/956320339,P0/P2,false,pair:P0:P2:SW
218,737,152161696507/191050947,356922448049/955254735,P1/P2,false,pair:P1:P2:S
219,740,1846807140967/2312171343,867977376049/2312171343,P0/P1,false,pair:P0:P1:SW
220,744,2667915432673/3323151033,417669509869/1107717011,P1/P2,false,pair:P1:P2:E
221,745,4918501278571/6132562867,2320625095373/6132562867,P0/P2,false,pair:P0:P2:SW
222,751,742802200337/920678249,1052354772037/2762034747,P0/P2,false,pair:P0:P2:SW
223,752,5874828353223/7254795439,64099822067/168716173,P1/P2,false,pair:P1:P2:E
224,754,4039483615247/5010330295,1919317580233/5010330295,P1/P2,false,pair:P1:P2:E
225,760,18353205733/22762781,44590384623/113813905,P0/P1,false,pair:P0:P1:SW
226,764,3566462834815/4333306279,1676743652057/4333306279,P1/P2,false,pair:P1:P2:NE
227,765,135981324373/166021645,65098319731/166021645,P0/P2,false,pair:P0:P2:E
228,774,129992163047/154738639,2489763585113/6344284199,P1/P2,false,pair:P1:P2:N
229,777,1440134395303/1709099151,2019277776851/5127297453,P1/P2,false,pair:P1:P2:N
230,780,5808604119877/6920212349,2763347102211/6920212349,P0/P1,false,pair:P0:P1:SW
231,782,3015408512001/3523890905,1379205299367/3523890905,P1/P2,false,pair:P1:P2:NW
232,787,1331971018021/1525149277,584981035811/1525149277,P0/P1,false,pair:P0:P1:E
233,788,5974752055091/7043074107,2827672027717/7043074107,P0/P2,false,pair:P0:P2:S
234,792,13129567884207/15365573975,6197574586153/15365573975,P1/P2,false,pair:P1:P2:S
235,797,11212389764713/12965382401,5221202570879/12965382401,P1/P2,false,pair:P1:P2:SE
236,799,9024060908503/10406530879,4205460986177/10406530879,P0/P2,false,pair:P0:P2:N
237,800,922645230949/1060801693,427127110883/1060801693,P1/P2,false,pair:P1:P2:E
238,802,18442345462773/21384232109,8726200124627/21384232109,P0/P2,false,pair:P0:P2:N
239,805,13301366576047/15365573975,6274883997481/15365573975,P1/P2,false,pair:P1:P2:E
240,811,18614144154613/21384232109,8794919601363/21384232109,P0/P2,false,pair:P0:P2:N
241,812,14573629485417/16583848961,6739096355711/16583848961,P1/P2,false,pair:P1:P2:S
242,814,13202014531171/15206914027,6295643970197/15206914027,P1/P2,false,pair:P1:P2:S
243,815,9161499861975/10406530879,4239820724545/10406530879,P0/P2,false,pair:P0:P2:N
244,819,18751583108085/21384232109,8829279339731/21384232109,P0/P2,false,pair:P0:P2:N
245,821,14711068438889/16583848961,6773456094079/16583848961,P1/P2,false,pair:P1:P2:S
246,825,18906201930741/21384232109,8880818947283/21384232109,P0/P1,false,pair:P0:P1:N
247,826,6542674623581/7331865813,3009685866667/7331865813,P1/P2,false,pair:P1:P2:NE
248,829,6823430886457/7577589329,3086796110127/7577589329,P0/P1,false,pair:P0:P1:NE
249,831,5422204933747/6138457467,2581342567685/6138457467,P0/P1,false,pair:P0:P1:NE
250,837,4007648000013/4434599173,1846736386171/4434599173,P0/P1,false,pair:P0:P1:E
251,841,8585252793553/9538346793,4021729805399/9538346793,P1/P2,false,pair:P1:P2:E
252,845,9927422660869/10985305917,4684857492035/10985305917,P0/P1,false,pair:P0:P1:N
253,846,10303858775543/11368090719,1610821452811/3789363573,P0/P2,false,pair:P0:P2:S
254,848,22258111237035/24654887411,10545822659725/24654887411,P0/P2,false,pair:P0:P2:S
255,851,2638887252841/2892424705,3674544927869/8677274115,P0/P1,false,pair:P0:P1:E
256,856,22429909928875/24654887411,10614542136461/24654887411,P0/P2,false,pair:P0:P2:S
257,857,13162524941353/14358048961,6142820902591/14358048961,P0/P1,false,pair:P0:P1:NE
258,860,738693200273/803941865,69025029611/160788373,P0/P2,false,pair:P0:P2:S
259,861,6458634905615/6991434423,2993766848969/6991434423,P1/P2,false,pair:P1:P2:SW
260,865,9905664489639/10743272335,4633606958321/10743272335,P1/P2,false,pair:P1:P2:SW
261,868,18467895242293/19991565549,8646395382931/19991565549,P0/P1,false,pair:P0:P1:SE
262,871,3006122600615/3251078031,4245175334611/9753234093,P0/P2,false,pair:P0:P2:SW
263,875,725261598039/776826047,3028126587337/6991434423,P1/P2,false,pair:P1:P2:SW
264,876,2296912094949/2451014173,3174314038825/7353042519,P0/P1,false,pair:P0:P1:SW
265,878,7420652374003/7947690747,3456253577093/7947690747,P1/P2,false,pair:P1:P2:SW
266,884,8157179927099/8677274115,757242815513/1735454823,P0/P2,false,pair:P0:P2:W
267,885,15793376742783/16861884071,22250948186507/50585652213,P1/P2,false,pair:P1:P2:SE
268,892,7056809867579/7471118595,9926647793783/22413355785,P1/P2,false,pair:P1:P2:S
269,894,26499915912891/28123593347,12538034154493/28123593347,P0/P2,false,pair:P0:P2:N
270,897,217654159035/230902403,1767511481293/3925340851,P0/P1,false,pair:P0:P1:N
271,905,26877873034939/28123593347,12709832846333/28123593347,P1/P2,false,pair:P1:P2:N
272,906,23745830544019/24735773851,11107266766309/24735773851,P0/P2,false,pair:P0:P2:SE
273,907,17481745562179/17960134859,7902134606261/17960134859,P1/P2,false,pair:P1:P2:N
274,911,24456342487993/25411885521,11481401996719/25411885521,P1/P2,false,pair:P1:P2:NW
275,914,58888240195705/60846456977,27440488984303/60846456977,P0/P2,false,pair:P0:P2:S
276,916,17127486081731/17640990027,13206310422019/29401650045,P0/P2,false,pair:P0:P2:S
277,918,17056101080803/17561203819,7946379034133/17561203819,P0/P1,false,pair:P0:P1:S
278,923,25611620084567/26487745215,810771076399/1765849681,P0/P1,false,pair:P0:P1:W
279,924,181711291226857/186896507265,85230341985791/186896507265,P1/P2,false,pair:P1:P2:SW
280,925,43496017019241/44640338945,60907209693821/133921016835,P0/P1,false,pair:P0:P1:W
281,930,88770328963015/90889717167,125269123416179/272669151501,P0/P1,false,pair:P0:P1:N
282,932,36589648361621/37379301453,85780097799679/186896507265,P0/P2,false,pair:P0:P2:NW
283,935,17962781899331/17960134859,8039573559733/17960134859,P1/P2,false,pair:P1:P2:S
284,937,129174228820997/131091272253,3536432842259/7711251309,P1/P2,false,pair:P1:P2:S
285,940,48380527792781/49345778565,22977504051707/49345778565,P0/P2,false,pair:P0:P2:W
286,943,72031891736729/72840575921,33659505796047/72840575921,P0/P2,false,pair:P0:P2:SW
287,948,141572863079759/142448627191,66609750245001/142448627191,P0/P1,false,pair:P0:P1:SW
288,950,263472512075329/264141541145,123277434608743/264141541145,P0/P2,false,pair:P0:P2:E
289,956,261745618323923/260223547867,121185728315557/260223547867,P1/P2,false,pair:P1:P2:NE
290,957,267948184896175/268059534423,126468652529705/268059534423,P0/P2,false,pair:P0:P2:E
291,961,34388181813345/34396773433,147452295919999/309570960897,P0/P1,false,pair:P0:P1:SW
292,962,551916955906907/543749864995,254114240075869/543749864995,P1/P2,false,pair:P1:P2:N
293,967,64528442657857/64559686937,93589177357109/193679060811,P0/P2,false,pair:P0:P2:SW
294,969,454706753287303/450538787951,215389443505169/450538787951,P1/P2,false,pair:P1:P2:NE
295,972,505450720843463/495163202735,702857098836851/1485489608205,P1/P2,false,pair:P1:P2:E
296,974,847446527119365/840293965373,406175681272643/840293965373,P0/P1,false,pair:P0:P1:SW
297,977,3902141084735663/3811273181783,1820685971968553/3811273181783,P1/P2,false,pair:P1:P2:E
298,979,2502428977058483/2452537622459,1182163036129989/2452537622459,P1/P2,false,pair:P1:P2:E
299,983,3924131317291183/3811273181783,1829482064990761/3811273181783,P1/P2,false,pair:P1:P2:E
300,986,6105300922319461/5945510416797,960058637882017/1981836805599,P0/P2,false,pair:P0:P2:NE
301,990,6235077525984101/6023765179037,2916742647238371/6023765179037,P0/P1,false,pair:P0:P1:N
302,995,823325258749525/788506630157,383408638228851/788506630157,P0/P1,false,pair:P0:P1:NW
303,997,9022281445822673/8652751823657,4223277997850711/8652751823657,P0/P2,false,pair:P0:P2:NE
304,1004,831571595957845/788506630157,387531806833011/788506630157,P1/P2,false,pair:P1:P2:SW
305,1009,2361041245244579/2230827826219,1103630965872213/2230827826219,P0/P1,false,pair:P0:P1:NW
306,1011,3827387556321711/3601931739991,1776422922205481/3601931739991,P1/P2,false,pair:P1:P2:W
307,1012,590785926491603/545125039579,261635546807461/545125039579,P0/P1,false,pair:P0:P1:W
308,1019,9564464343066019/8991474707755,4535249494730069/8991474707755,P1/P2,false,pair:P1:P2:S
309,1027,9816421252389501/9106401127925,923110422369871/1821280225585,P0/P1,false,pair:P0:P1:S
310,1030,8732648729842251/8084176099219,4111341080643309/8084176099219,P1/P2,false,pair:P1:P2:N
311,1035,1981756045824537/1821280225585,4655134530449291/9106401127925,P0/P2,false,pair:P0:P2:N
312,1039,298134798147167/269977304199,1769674750945189/3509704954587,P0/P1,false,pair:P0:P1:W
313,1040,10478639169691449/9587507194193,4921989365245487/9587507194193,P0/P2,false,pair:P0:P2:NW
314,1043,11691184287114789/10669745119069,5475866595265059/10669745119069,P1/P2,false,pair:P1:P2:N
315,1049,50032109884090729/45280752413697,7814033978459093/15093584137899,P0/P2,false,pair:P0:P2:SW
316,1057,24493939307340757/21811729795469,11258424657119219/21811729795469,P1/P2,false,pair:P1:P2:NW
317,1061,69267829381857667/62071636856331,10872910162009127/20690545618777,P1/P2,false,pair:P1:P2:N
318,1063,53943282204201697/47989428667065,25054180615575751/47989428667065,P0/P2,false,pair:P0:P2:SW
319,1067,85296064001290277/76153845045597,13488251777729889/25384615015199,P1/P2,false,pair:P1:P2:N
320,1075,40298846333627727/35360838321655,3766279764404149/7072167664331,P0/P1,false,pair:P0:P1:S
321,1078,136726412136327935/119485942345767,21318822654493043/39828647448589,P0/P1,false,pair:P0:P1:SE
322,1081,4866109719782293/4259807630157,2293267192225331/4259807630157,P0/P2,false,pair:P0:P2:SW
323,1085,324750436728544877/283308872426597,152632922225574171/283308872426597,P1/P2,false,pair:P1:P2:W
324,1086,173071569776698105/152516047312657,83468043505801327/152516047312657,P0/P2,false,pair:P0:P2:SE
325,1095,555982684434744439/479745193031391,87030636969549963/159915064343797,P0/P1,false,pair:P0:P1:W
326,1097,21362173035831035/18321607801027,9887028471696829/18321607801027,P1/P2,false,pair:P1:P2:W
327,1098,482058803214604769/414101697540537,224049600759032263/414101697540537,P0/P1,false,pair:P0:P1:W
328,1099,8250825567135777/7115057219065,65857145211882999/120955972724105,P1/P2,false,pair:P1:P2:W
329,1108,69673295699400407/59847149783615,6663573829125645/11969429956723,P0/P2,false,pair:P0:P2:N
330,1113,188329961229828477/159915064343797,265032560582599073/479745193031391,P1/P2,false,pair:P1:P2:W
331,1116,160814931856342699/135891678311667,74921255710685581/135891678311667,P0/P2,false,pair:P0:P2:N
332,1118,54514682225176339/46199511141659,25745360216067429/46199511141659,P1/P2,false,pair:P1:P2:NW
333,1120,212362924524088611/179394610153643,99587707685358037/179394610153643,P1/P2,false,pair:P1:P2:NW
334,1122,64555144531728913/54395651865193,91192173476649797/163186955595579,P1/P2,false,pair:P1:P2:NE
335,1128,180108444194464505/152516047312657,12406534746618457/21788006758951,P0/P2,false,pair:P0:P2:NE
336,1129,136706322751270897/114502767002953,64159647219682871/114502767002953,P0/P1,false,pair:P0:P1:W
337,1134,1477278373575165/1222449930613,3406222656613431/6112249653065,P0/P2,false,pair:P0:P2:N
338,1140,475001301993148577/392620106865273,221775565256515847/392620106865273,P0/P1,false,pair:P0:P1:SE
339,1142,47641768841456247/39516327521503,22502567383346081/39516327521503,P0/P2,false,pair:P0:P2:NW
340,1147,443028296640235127/365741544024287,209315075774197665/365741544024287,P0/P2,false,pair:P0:P2:NE
341,1151,116812914032086303/95871953018183,54819992709351225/95871953018183,P1/P2,false,pair:P1:P2:NW
342,1152,416608752762282031/342711064045015,1256940291666557/2182873019395,P0/P2,false,pair:P0:P2:N
343,1155,228067931105098239/185096163534631,104878243062762841/185096163534631,P0/P1,false,pair:P0:P1:E
344,1157,297627875783443403/242984147651859,46486176300926415/80994715883953,P0/P1,false,pair:P0:P1:SE
345,1158,109348583841741209/89043284444337,50980302394399439/89043284444337,P0/P2,false,pair:P0:P2:NW
346,1159,17013909149680821/13431683983213,21998569875926585/40295051949639,P0/P1,false,pair:P0:P1:S
347,1161,147718955518768371/120556990924795,69411448526430853/120556990924795,P0/P1,false,pair:P0:P1:S
348,1166,383801217626892135/311150989456463,179447252521020465/311150989456463,P0/P1,false,pair:P0:P1:SE
349,1167,109981902539340185/89043284444337,5695753041234455/9893698271593,P0/P2,false,pair:P0:P2:SW
350,1176,169259181157662379/135891678311667,78721167896279437/135891678311667,P1/P2,false,pair:P1:P2:E
351,1177,198419044000891989/159877920757261,93476782021032819/159877920757261,P0/P2,false,pair:P0:P2:NE
352,1180,1441740625164483/1155349996363,674847265120053/1155349996363,P1/P2,false,pair:P1:P2:E
353,1184,1447238183303363/1155349996363,677046288375605/1155349996363,P1/P2,false,pair:P1:P2:E
354,1190,44387398245860883/35302591187995,70943392224555249/120028810039183,P0/P1,false,pair:P0:P1:NW
355,1192,583470567289446169/462111685217841,271969288857882959/462111685217841,P1/P2,false,pair:P1:P2:N
356,1195,73789901613789971/58185546527003,4898758750066739/8312220932429,P0/P2,false,pair:P0:P2:N
357,1198,597167858531193367/468857059214207,276691691149591809/468857059214207,P1/P2,false,pair:P1:P2:N
358,1202,83433160446449679/65718269362871,196207867037978861/328591346814355,P0/P2,false,pair:P0:P2:NW
359,1211,1091948041080603155/852253702039579,516239879014560357/852253702039579,P0/P2,false,pair:P0:P2:N
360,1215,79805560735640981/62320485141837,493640563155523223/810166306843881,P0/P1,false,pair:P0:P1:NW
361,1221,215284163411598743/165867187454719,302735555104772227/497601562364157,P0/P1,false,pair:P0:P1:SW
362,1223,1137466337503495145/881146061136513,542788196674032895/881146061136513,P0/P2,false,pair:P0:P2:E
363,1228,2462898571018003743/1889544221963591,1155569304151568185/1889544221963591,P0/P2,false,pair:P0:P2:N
364,1233,548742744610422731/419014152644883,257541325491877229/419014152644883,P0/P1,false,pair:P0:P1:SW
365,1234,1076644140600173657/824667192213873,509550714034863631/824667192213873,P1/P2,false,pair:P1:P2:W
366,1241,219224813085547927/165867187454719,102788351546328449/165867187454719,P1/P2,false,pair:P1:P2:SW
367,1244,2431349771692590479/1833065353040951,1136968520301353033/1833065353040951,P1/P2,false,pair:P1:P2:S
368,1246,2789168467816411177/2109020671354049,1318021029008519871/2109020671354049,P0/P2,false,pair:P0:P2:N
369,1250,1724990684395542563/1299994136804267,813366581553436373/1299994136804267,P0/P1,false,pair:P0:P1:NE
370,1251,4922231326985151673/3689475792769745,2293300996721360047/3689475792769745,P1/P2,false,pair:P1:P2:E
371,1254,5356299334786857901/4015470953705381,2506693484883219931/4015470953705381,P0/P1,false,pair:P0:P1:E
372,1258,2450490070108915087/1833065353040951,1143723919742408777/1833065353040951,P1/P2,false,pair:P1:P2:E
373,1259,4940245725494633657/3689475792769745,135164976255807679/217027987809985,P0/P1,false,pair:P0:P1:E
374,1271,3611025954112947493/2671093658330717,1689205868210914083/2671093658330717,P1/P2,false,pair:P1:P2:NE
375,1277,1154401643512990859/852484900255699,544245577285715629/852484900255699,P0/P1,false,pair:P0:P1:S
376,1285,1495079686934645651/1079762815382939,679701848130102501/1079762815382939,P1/P2,false,pair:P1:P2:SE
377,1286,9004276170774172493/6584177911985733,1409822902024579689/2194725970661911,P0/P1,false,pair:P0:P1:SW
378,1288,7227328778513014347/5280806635717523,3390625209535896301/5280806635717523,P1/P2,false,pair:P1:P2:SE
379,1293,4383722230860682479/3180284725550231,2046422527901425641/3180284725550231,P1/P2,false,pair:P1:P2:SE
380,1297,244138915513469749/177933863823853,116205122697607059/177933863823853,P1/P2,false,pair:P1:P2:SE
381,1300,8452081582114950457/6090270816839505,1310334764058922341/2030090272279835,P1/P2,false,pair:P1:P2:S
382,1305,3940494083396199695/2838953590687671,616711233334512707/946317863562557,P0/P1,false,pair:P0:P1:E
383,1309,7891752727885420639/5685895411869319,3731933661302103545/5685895411869319,P1/P2,false,pair:P1:P2:NW
384,1314,13918871678780285307/9971612997982019,6541626010465791805/9971612997982019,P0/P2,false,pair:P0:P2:NE
385,1324,2995027262288966997/2110122625834765,1389417619377926771/2110122625834765,P1/P2,false,pair:P1:P2:W
386,1326,10598684773791567419/7482460412102147,4961190931468640381/7482460412102147,P0/P2,false,pair:P0:P2:S
387,1332,24065046845988718381/17008190362152741,11435441978947573339/17008190362152741,P0/P1,false,pair:P0:P1:SE
388,1336,7554482204393830165/5322934781336269,3583772836698953395/5322934781336269,P1/P2,false,pair:P1:P2:NE
389,1338,7231623421911583621/5103883368910269,3460925119207943107/5103883368910269,P0/P1,false,pair:P0:P1:SW
390,1343,35723238300107627123/24952510283174267,16824577971399579909/24952510283174267,P0/P1,false,pair:P0:P1:NW
391,1345,16055746411260004989/11186165955255797,7535903535557132171/11186165955255797,P1/P2,false,pair:P1:P2:S
392,1348,1520441973398909811/978399217435259,578024500122281989/978399217435259,P1/P2,false,pair:P1:P2:S
393,1350,16423641190015956493/11405217367681797,7681269251184994939/11405217367681797,P0/P2,false,pair:P0:P2:NW
394,1351,8533106944223282315/5944367790043091,4024045590084259501/5944367790043091,P1/P2,false,pair:P1:P2:SE
395,1358,988817711167888937/684264638735041,322767055661322451/473721672970413,P0/P1,false,pair:P0:P1:NE
396,1359,1108644873202765791/760285323293191,511624101857333881/760285323293191,P0/P2,false,pair:P0:P2:SE
397,1361,882507268748705359/610463261257463,416648074774683017/610463261257463,P0/P2,false,pair:P0:P2:SE
398,1369,1653981991851389605/1134505416177629,779569738590826915/1134505416177629,P1/P2,false,pair:P1:P2:W
399,1371,17450387686595289409/11845581883978265,8064229759413860711/11845581883978265,P0/P2,false,pair:P0:P2:W
400,1375,20659961467268002721/14053374694655353,9617031633391236615/14053374694655353,P0/P2,false,pair:P0:P2:SW
401,1376,90554188949682886183/61750602450326799,42524033635139709809/61750602450326799,P0/P1,false,pair:P0:P1:NE
402,1377,49234266015146880741/33643853061016093,3327138624051033797/4806264723002299,P0/P2,false,pair:P0:P2:SW
403,1380,52688542727535655607/36038734403547935,25004209424216687969/36038734403547935,P0/P2,false,pair:P0:P2:SW
404,1384,5712847469419630337/3876002585278937,2672142888873824679/3876002585278937,P0/P1,false,pair:P0:P1:N
405,1387,55977672749662983077/38059438682370269,26539689304387844259/38059438682370269,P1/P2,false,pair:P1:P2:S
406,1389,18023115624556295587/12261168509173035,25692377852984279039/36783505527519105,P0/P2,false,pair:P0:P2:W
407,1393,45083732299985190113/30504200594513081,21175793259881905863/30504200594513081,P1/P2,false,pair:P1:P2:S
408,1394,50083959848768643529/34018030124725601,23756959920197243423/34018030124725601,P0/P2,false,pair:P0:P2:W
409,1397,45535956337686158879/30742581768095303,21453135298810306105/30742581768095303,P0/P1,false,pair:P0:P1:W
410,1400,55365783383346092615/37421472104944687,26260148766761917521/37421472104944687,P1/P2,false,pair:P1:P2:SW
411,1403,13974700455363746801/9368366662963529,19572966403125151397/28105099988890587,P0/P1,false,pair:P0:P1:W
412,1404,141994522700753721467/95396104911763011,22245369587606002367/31798701637254337,P0/P2,false,pair:P0:P2:SW
413,1411,70582264116701271181/47268722049271173,33443865101100617723/47268722049271173,P0/P1,false,pair:P0:P1:E
414,1413,15161866166784707791/10107086992636279,21320523501889517851/30321260977908837,P0/P1,false,pair:P0:P1:E
415,1415,46135425411087358809/30689037393518705,4312326403069661955/6137807478703741,P0/P2,false,pair:P0:P2:W
416,1417,130641910727593282405/86717699373134493,60976985283148519139/86717699373134493,P1/P2,false,pair:P1:P2:SW
417,1420,953926208506701149/633824968320469,1348973812977473281/1901474904961407,P0/P1,false,pair:P0:P1:NE
418,1423,74980021015475904197/50248374950371069,36134246469361449603/50248374950371069,P0/P2,false,pair:P0:P2:W
419,1424,179418114085593123323/119346190856367043,84929464627311516349/119346190856367043,P0/P1,false,pair:P0:P1:NE
420,1426,29458072054641314929/18849440955624905,12660971688588617143/18849440955624905,P0/P2,false,pair:P0:P2:W
421,1427,157668804966836778093/102527582951803493,70710465721810574107/102527582951803493,P0/P1,false,pair:P0:P1:NE
422,1428,98752660857554148235/64828701040553683,45388522344633339821/64828701040553683,P0/P2,false,pair:P0:P2:W
423,1430,160590850475637265447/106465172529832719,25314059787767673979/35488390843277573,P0/P2,false,pair:P0:P2:NW
424,1432,22229339977020380205/14652325145850917,10403362697865548123/14652325145850917,P0/P2,false,pair:P0:P2:NW
425,1438,215785931465249668991/141850360111567015,304012813387607796619/425551080334701045,P1/P2,false,pair:P1:P2:S
426,1440,335094808679414053223/219189967083124303,155551028078054435377/219189967083124303,P0/P1,false,pair:P0:P1:W
427,1444,455911207330803903609/299918877048153233,216659789136130919151/299918877048153233,P0/P1,false,pair:P0:P1:W
428,1446,84386278724036089657/55018167738900817,39230639967465696815/55018167738900817,P0/P2,false,pair:P0:P2:S
429,1450,439230066624111390219/286093685653265747,205744361081122464045/286093685653265747,P1/P2,false,pair:P1:P2:SW
430,1451,1115184291505973731545/724473619819514353,519152260246445028751/724473619819514353,P0/P1,false,pair:P0:P1:W
431,1453,2304491523105406746221/1503376503919854693,361441882768498690825/501125501306618231,P1/P2,false,pair:P1:P2:SW
432,1459,1637949622457640871777/1064377350184346425,771405941008964925511/1064377350184346425,P0/P1,false,pair:P0:P1:NW
433,1461,1162570583171882613111/751504783040029663,542624229729860203681/751504783040029663,P1/P2,false,pair:P1:P2:W
434,1462,2447754470108837242203/1572963885792976931,1125778315840471512669/1572963885792976931,P0/P1,false,pair:P0:P1:NW
435,1464,1325516908872576974737/858562328794252265,374944144319563448257/515137397276551359,P0/P2,false,pair:P0:P2:W
436,1470,5401971054858370310223/3476105964987973879,2520947921508384050057/3476105964987973879,P1/P2,false,pair:P1:P2:SE
437,1471,5948301108780778862613/3833731661537113037,2790703831538737708467/3833731661537113037,P0/P2,false,pair:P0:P2:W
438,1474,8031039556148894946679/5187261237661605855,3805638156354337814689/5187261237661605855,P0/P2,false,pair:P0:P2:S
439,1476,128891509483879799177/82676290815489825,60211868532019900511/82676290815489825,P0/P1,false,pair:P0:P1:W
440,1478,1857758455045808605335/1194988164516541951,874071183056816951937/1194988164516541951,P0/P1,false,pair:P0:P1:W
441,1484,5596333795229562755525/3584964493549625853,2631436921207305631619/3584964493549625853,P0/P1,false,pair:P0:P1:W
442,1485,3318851509456810398779/2130864640805936131,1570604963312159689341/2130864640805936131,P0/P2,false,pair:P0:P2:SE
443,1487,7466438243033100911963/4776505946901610531,3506608128373651281501/4776505946901610531,P0/P1,false,pair:P0:P1:W
444,1491,9158656127575145611999/5830473286530362631,4280577370152742033273/5830473286530362631,P0/P1,false,pair:P0:P1:SW
445,1497,1980203253040536421301/1247137980484111981,911121208666075321107/1247137980484111981,P0/P2,false,pair:P0:P2:S
446,1498,1150270357932444648133/727049926371844861,535027664966000359043/727049926371844861,P0/P1,false,pair:P0:P1:W
447,1499,4345132088283085078933/2754367427438657869,2040426615668186935347/2754367427438657869,P1/P2,false,pair:P1:P2:SE
448,1505,9346132939756113900593/5908999775210921865,4406063298673647014903/5908999775210921865,P1/P2,false,pair:P1:P2:NE
449,1509,2907107762546362318229/1828967878607592781,1365923033965898880051/1828967878607592781,P0/P1,false,pair:P0:P1:SW
450,1513,6462544166701721017995/4044144631707236819,3030060411733318681773/4044144631707236819,P0/P2,false,pair:P0:P2:NE
451,1516,2920942820601644481941/1828967878607592781,1372840562993539961907/1828967878607592781,P1/P2,false,pair:P1:P2:NW
452,1517,3472241929628937743871/2161555716178574119,1608343773672014346585/2161555716178574119,P0/P2,false,pair:P0:P2:NE
453,1521,7471698560981494559127/4653289625759168255,3491843444694503952769/4653289625759168255,P0/P2,false,pair:P0:P2:N
454,1525,7494756991073631498647/4653289625759168255,3501066816731358728577/4653289625759168255,P0/P2,false,pair:P0:P2:N
455,1527,3437434786408714071689/2145222433386726433,1627066285900489237343/2145222433386726433,P0/P2,false,pair:P0:P2:N
456,1529,757034013242134530229/470472167728024429,356309768257347786259/470472167728024429,P0/P1,false,pair:P0:P1:NE
457,1531,4489679368197230317251/2771400954847070539,2085051115738822359349/2771400954847070539,P0/P2,false,pair:P0:P2:N
458,1533,5857248008054407596375/3626978591183886527,2756219270776970416065/3626978591183886527,P0/P1,false,pair:P0:P1:NE
459,1544,269762815126765206091/174519212054577043,432994489327001705671/523557636163731129,P0/P2,false,pair:P0:P2:W
460,1546,240557424567832691241/147147957596399297,113003259489865347263/147147957596399297,P0/P1,false,pair:P0:P1:S
461,1547,162569284876522048935/99384598542639247,839018049048756936539/1093230583969031717,P1/P2,false,pair:P1:P2:W
462,1549,4004269744797370578959/2449794930412692151,10527793279257203091/13686005197836269,P1/P2,false,pair:P1:P2:W
463,1551,7128530374486566365201/4348717128733202537,3335891826013356370711/4348717128733202537,P0/P1,false,pair:P0:P1:S
464,1556,22307019763270518871991/13593914229506263071,10497743825696161296481/13593914229506263071,P0/P1,false,pair:P0:P1:SE
465,1557,7827191028543553365233/4739426994678739529,3634940234867194634551/4739426994678739529,P0/P2,false,pair:P0:P2:N
466,1569,5313239552517013502043/3206914494904826659,17563461601335933026187/22448401464333786613,P0/P1,false,pair:P0:P1:SW
467,1571,1828673322946320577963/1100939843230733299,23212608618234073161/29755130898127927,P0/P2,false,pair:P0:P2:N
468,1575,22565102881376049579685/13587694451935210461,10694774533418593975715/13587694451935210461,P0/P2,false,pair:P0:P2:NE
469,1577,4626930735169789995373/2645196450023815013,1921409021632897363483/2645196450023815013,P0/P2,false,pair:P0:P2:E
470,1581,53400461246917487793247/31927255453691265671,25073149744028546466297/31927255453691265671,P0/P2,false,pair:P0:P2:E
471,1584,3826693121117880353219/2284772037321016395,1794893761537581874741/2284772037321016395,P0/P1,false,pair:P0:P1:N
472,1586,13778971845902799763815/8225088014054782543,6477197720038366390833/8225088014054782543,P0/P1,false,pair:P0:P1:N
473,1589,53584928687654583309407/31927255453691265671,25146936720323384672761/31927255453691265671,P0/P2,false,pair:P0:P2:E
474,1593,22060442661601566085471/13073466482128058247,3431221229938762597459/4357822160709352749,P1/P2,false,pair:P1:P2:SE
475,1596,37746079189830381062781/22448401464333786613,17821716018367866748811/22448401464333786613,P0/P2,false,pair:P0:P2:SE
476,1601,4931626950718902018275/2907124032576448107,2303776498378194734101/2907124032576448107,P0/P2,false,pair:P0:P2:SW
477,1604,36182671232364515466153/21395066414435271745,3410260131006178696563/4279013282887054349,P0/P2,false,pair:P0:P2:W
478,1606,23022740031939623314561/13456055318618272601,10577396275070732556327/13456055318618272601,P0/P1,false,pair:P0:P1:NW
479,1608,18910576167687747212455/11154533274832277391,8904509106681991622897/11154533274832277391,P0/P1,false,pair:P0:P1:NW
480,1611,32985571777980551047357/19410029613636665909,46588206444809481204193/58230088840909997727,P1/P2,false,pair:P1:P2:S
481,1615,159466214186731088151395/93361116044579071211,74531785827469522603413/93361116044579071211,P0/P1,false,pair:P0:P1:NW
482,1617,79135857970958835566683/46311879209070152483,111282962647853008478743/138935637627210457449,P1/P2,false,pair:P1:P2:S
483,1622,119974658534895757357301/70105005948259658157,56407863510660416542675/70105005948259658157,P0/P2,false,pair:P0:P2:W
484,1623,238145443675824888764689/138935637627210457449,8582931581002489331123/10687356740554650573,P1/P2,false,pair:P1:P2:S
485,1627,39185086244100600197387/23099061637240924243,18939774967328792630829/23099061637240924243,P1/P2,false,pair:P1:P2:S
486,1629,10544247322356243972313/6147063518328678897,94588788344382058158493/116794206848244899043,P0/P1,false,pair:P0:P1:N
487,1634,239694970178016491100433/138935637627210457449,112242193339685905162775/138935637627210457449,P0/P2,false,pair:P0:P2:N
488,1640,363577750863380803778513/209821293726399066665,170512103816292336857431/209821293726399066665,P1/P2,false,pair:P1:P2:SW
489,1644,60461446952882575521537/34840107262578352601,85062898188121542917365/104520321787735057803,P0/P1,false,pair:P0:P1:SE
490,1650,39348063718378939857329/22431003304391117065,18181059394058070911607/22431003304391117065,P0/P1,false,pair:P0:P1:S
491,1652,284726809990611155356239/163977131866610047735,135022974755944846455177/163977131866610047735,P0/P1,false,pair:P0:P1:S
492,1654,78594121010243584635979/45417473123552897427,12546938815732670217295/15139157707850965809,P0/P2,false,pair:P0:P2:N
493,1656,484778977218714040894551/277090625103491963839,227049558291116087561409/277090625103491963839,P0/P1,false,pair:P0:P1:SE
494,1661,81687998828311050063841/46978773425410799545,39151301090244894761927/46978773425410799545,P0/P2,false,pair:P0:P2:NE
495,1663,35379290356571856102115/20172864249363585131,16613009124583383751189/20172864249363585131,P0/P1,false,pair:P0:P1:SE
496,1666,116519787127235046193761/66449005407342526009,54852732803224821620039/66449005407342526009,P1/P2,false,pair:P1:P2:NW
497,1669,512577648276656714037719/289391062364701062463,237576303499912079356737/289391062364701062463,P0/P1,false,pair:P0:P1:E
498,1671,41947382731518270176983/23916515646206964287,99652495311773608283973/119582578231034821435,P0/P1,false,pair:P0:P1:E
499,1677,9725572615762578167897/5519195918355453297,300138077556038236155343/358747734693104464305,P0/P1,false,pair:P0:P1:E
500,1679,515529127328450242296279/289391062364701062463,238756895120629490660161/289391062364701062463,P0/P1,false,pair:P0:P1:E
501,1681,207295698159883136275921/116617226140898484265,96861565793084406432599/116617226140898484265,P1/P2,false,pair:P1:P2:NE
502,1684,303955275643066546137753/172339599522103299505,145310729927548878246351/172339599522103299505,P0/P1,false,pair:P0:P1:NE
503,1686,77861426433610941814965/43856172821694995309,36720627614509832193555/43856172821694995309,P1/P2,false,pair:P1:P2:E
504,1695,8593714845325783684945/4776275177769821609,179218445091329532976843/214932382999641972405,P0/P1,false,pair:P0:P1:N
505,1697,916784099944062130171897/510325077385288932369,142963085756572367712549/170108359128429644123,P0/P2,false,pair:P0:P2:N
506,1703,371459265334157614991985/206746184411096792009,175074647702840064038839/206746184411096792009,P1/P2,false,pair:P1:P2:NW
507,1704,511664820575576901803799/283240843734096513151,238142102022806301769729/283240843734096513151,P0/P2,false,pair:P0:P2:NE
508,1710,29295831557337582223221/16195106075111945261,13690194680562929585491/16195106075111945261,P1/P2,false,pair:P1:P2:N
509,1711,789982116999001755778217/437611515354498972993,371166743923145349847615/437611515354498972993,P0/P1,false,pair:P0:P1:NE
510,1717,733746789079569489221179/405574051803900268035,115421661730203945115007/135191350601300089345,P0/P1,false,pair:P0:P1:N
511,1721,31014801754385289743053/16963883403937513925,2047095644576995645869/2423411914848216275,P0/P2,false,pair:P0:P2:W
512,1723,56414403629439176196701/30721631043329145557,25868035986477120418475/30721631043329145557,P0/P1,false,pair:P0:P1:NE
513,1729,229650531301178778441497/125751578640457942577,107881551690378392131919/125751578640457942577,P1/P2,false,pair:P1:P2:NE
514,1731,1304008604059446845399671/713267183450756326623,7947049075631343176357/9263210174685147099,P0/P2,false,pair:P0:P2:S
515,1734,1630295395879524334810759/886498237429677819503,756135932610772230212113/886498237429677819503,P1/P2,false,pair:P1:P2:N
516,1739,332509200181676475113311/181659703339833480583,157069772838631021473529/181659703339833480583,P1/P2,false,pair:P1:P2:W
517,1740,478956299985848630154191/261238464018419689591,225374072053287860216841/261238464018419689591,P0/P1,false,pair:P0:P1:SW
518,1745,678285754011414131019497/364021309392838440321,102582990581877110795093/121340436464279480107,P1/P2,false,pair:P1:P2:N
519,1748,1295452691746062221746327/704867138442350202367,612724793191288015239809/704867138442350202367,P0/P1,false,pair:P0:P1:SW
520,1750,655232089207960271462087/352054013512083498159,100403904145180302421659/117351337837361166053,P0/P1,false,pair:P0:P1:SW
521,1753,575332692515035728498357/311217711026346025325,1353046555445197782696031/1556088555131730126625,P0/P2,false,pair:P0:P2:NW
522,1755,935590122897473089569411/505919976088953513739,440125429630720114719605/505919976088953513739,P1/P2,false,pair:P1:P2:NE
523,1758,67921715607758664068281/36608899759395527377,31832809352985191511215/36608899759395527377,P0/P2,false,pair:P0:P2:NW
524,1761,745361948953493287262495/397135213288610171207,340210021094157951195961/397135213288610171207,P1/P2,false,pair:P1:P2:NE
525,1763,532642713766331661410479/290172723718744576599,85774726199442427495267/96724241239581525533,P1/P2,false,pair:P1:P2:NE
526,1764,2939299074872130119854541/1580023146893240010949,1373794919600041806408891/1580023146893240010949,P0/P1,false,pair:P0:P1:NW
527,1772,944444560052853674345091/505919976088953513739,444552648208410407107445/505919976088953513739,P0/P2,false,pair:P0:P2:NW
528,1775,388605215110824563164719/208185956899362216919,183478030074061985906857/208185956899362216919,P0/P2,false,pair:P0:P2:NW
529,1779,398060657476385299972325/212175055526280530973,559332532773711205447721/636525166578841592919,P0/P1,false,pair:P0:P1:NE
530,1781,2969994457010782813743565/1580023146893240010949,1389142610669368153353403/1580023146893240010949,P0/P2,false,pair:P0:P2:NW
531,1786,641623157370245702332069/340086717631328555997,299396819608320127358371/340086717631328555997,P0/P2,false,pair:P0:P2:N
532,1789,2260093574524522474009627/1198442636065406116067,1059119495700629571589533/1198442636065406116067,P1/P2,false,pair:P1:P2:SE
533,1793,2320962648232780068831661/1233561038935397025189,1102487190526126659043291/1233561038935397025189,P0/P2,false,pair:P0:P2:E
534,1797,3668611113858916833399277/1926485254851082996709,1700590454847675285035419/1926485254851082996709,P0/P1,false,pair:P0:P1:NE
535,1800,5022171235273405123312841/2641777092983731017825,2346293563751964861116191/2641777092983731017825,P0/P2,false,pair:P0:P2:NE
536,1806,4964335753605518402630985/2608176912950106520801,2341237479877641344633503/2608176912950106520801,P1/P2,false,pair:P1:P2:SE
537,1809,4419292861726333431990963/2322058244843043223483,2090579881239468572480197/2322058244843043223483,P1/P2,false,pair:P1:P2:SE
538,1818,3959919399781112674632061/2062949868382608276725,1867595634265049044508811/2062949868382608276725,P0/P2,false,pair:P0:P2:S
539,1820,4368419465043783715365787/2267331083900594758755,682098895736027552619359/755777027966864919585,P1/P2,false,pair:P1:P2:W
540,1823,326800165840516332237001/170389403395701812321,155510550042703801408287/170389403395701812321,P1/P2,false,pair:P1:P2:W
541,1825,4380225381250957828400027/2267331083900594758755,2051019053690952303071773/2267331083900594758755,P1/P2,false,pair:P1:P2:W
542,1829,5230205338056494333041897/2710773257415574754177,2469518700564542113604607/2710773257415574754177,P0/P2,false,pair:P0:P2:SW
543,1833,4290371905278577212777235/2219461900377574990107,2026050608071308013893989/2219461900377574990107,P0/P2,false,pair:P0:P2:SW
544,1834,1747973159670942211204171/889946853245584988563,794105841328305586930925/889946853245584988563,P1/P2,false,pair:P1:P2:N
545,1836,3107929875527437444096819/1608770905684614380603,1477624362795421574155845/1608770905684614380603,P0/P1,false,pair:P0:P1:SW
546,1841,1779991153975436106145107/904215856734980260187,814018203073626359626021/904215856734980260187,P0/P1,false,pair:P0:P1:NW
547,1844,7609182484931476934089585/3902295975683877283017,108274919871337308058583/118251393202541735849,P0/P1,false,pair:P0:P1:N
548,1847,1412011877584007359815251/727139938102888716891,671293441780748363784229/727139938102888716891,P1/P2,false,pair:P1:P2:W
549,1851,6685479037243947036189905/3402933615665179629353,3106999056370266924174423/3402933615665179629353,P0/P2,false,pair:P0:P2:N
550,1855,5958652051268813591194427/3049614587490867337987,2815533907844794425166717/3049614587490867337987,P0/P1,false,pair:P0:P1:E
551,1856,4243916711948662636461911/2166739238409345703615,1994444946947968684870081/2166739238409345703615,P0/P2,false,pair:P0:P2:N
552,1863,4267528544363010862530391/2166739238409345703615,2003889679913707975297473/2166739238409345703615,P0/P2,false,pair:P0:P2:S
553,1867,3317852081019697915955383/1667376878390648049951,1526010464322669620504417/1667376878390648049951,P1/P2,false,pair:P1:P2:S
554,1877,1438575189050149114142291/727139938102888716891,683689653798281182470181/727139938102888716891,P0/P2,false,pair:P0:P2:E
555,1879,6661051736749443928717397/3358596646448541231629,3149360813831384328726387/3358596646448541231629,P0/P1,false,pair:P0:P1:W
556,1886,6820066482005731924780241/3402933615665179629353,3170751003889007134559319/3402933615665179629353,P0/P1,false,pair:P0:P1:N
557,1887,4350052879156120284785981/2176166434860431823541,2037519167162739600616139/2176166434860431823541,P0/P2,false,pair:P0:P2:SW
558,1892,675593945848499489134079/336927961848679670567,2213273484429558829758831/2358495732940757693969,P0/P2,false,pair:P0:P2:SW
559,1899,3489947738569617769505195/1737977640793686155251,1643784934918069144260237/1737977640793686155251,P0/P2,false,pair:P0:P2:SE
560,1902,1212961989421494990532779/602299348098214303475,22781300487749997785493/24091973923928572139,P1/P2,false,pair:P1:P2:SE
561,1904,2824376544385555815337981/1397131811744174393205,1315787576868422940988939/1397131811744174393205,P1/P2,false,pair:P1:P2:S
562,1911,820300728010115403291071/400601553862288314599,374477484006585910395801/400601553862288314599,P0/P2,false,pair:P0:P2:NW
563,1917,8736876577762285386565961/4305691564155729260769,1375368018595820664762933/1435230521385243086923,P0/P1,false,pair:P0:P1:S
564,1919,5022861263482199534539741/2455838697957991600213,2326234023453279534980395/2455838697957991600213,P0/P1,false,pair:P0:P1:S
565,1921,757321638072015163507585/378433069253969115737,372046530322796386603303/378433069253969115737,P1/P2,false,pair:P1:P2:W
566,1925,4278542583646637122171317/2104562610077414575213,2032742430710233550083347/2104562610077414575213,P0/P2,false,pair:P0:P2:SE
567,1927,2763899307502606795156147/1347696471569476343739,1288649370064640776876741/1347696471569476343739,P1/P2,false,pair:P1:P2:W
568,1936,1134653556081108058256869/550282238519578671389,532785139235046401478755/550282238519578671389,P0/P1,false,pair:P0:P1:N
569,1938,4705009138117419248313033/2280200654017703087713,2205461242737539591207199/2280200654017703087713,P0/P1,false,pair:P0:P1:N
570,1940,5524989656158533072191221/2663907136272534128557,2560587295221182144068051/2663907136272534128557,P1/P2,false,pair:P1:P2:N
571,1944,1688506462066443247663421/819524625168237346485,3986198113676952289475063/4097623125841186732425,P1/P2,false,pair:P1:P2:N
572,1945,673493410154736934105775/325742950573957583959,2207822425978974413814047/2280200654017703087713,P0/P1,false,pair:P0:P1:N
573,1949,8463782959505129641778737/4097623125841186732425,3993281663401256757295607/4097623125841186732425,P0/P2,false,pair:P0:P2:N
574,1951,5546240305331446475652853/2663907136272534128557,2567670844945486611888595/2663907136272534128557,P0/P2,false,pair:P0:P2:N
575,1955,2829131597306492622615739/1365874375280395577475,4002726396366996047722999/4097623125841186732425,P0/P2,false,pair:P0:P2:N
576,1957,412100542242750451542385/198243516470441181897,1351812995241718582572289/1387704615293088273279,P0/P1,false,pair:P0:P1:NW
577,1958,8823756113018680577133713/4254213283687295944937,4160021874237123881237143/4254213283687295944937,P1/P2,false,pair:P1:P2:NE
578,1961,13967664727047477932291071/6716442198581254066471,6567946374911783960208217/6716442198581254066471,P0/P2,false,pair:P0:P2:N
579,1970,17597374790899912776666561/8423307163598930750105,1183037563937155927080993/1203329594799847250015,P0/P1,false,pair:P0:P1:NE
580,1973,1776325633333746697032301/852344010091905480805,7610126755313051653985779/7671096090827149327245,P1/P2,false,pair:P1:P2:S
581,1982,17435277758948463188635697/8263274588704483031945,8179724174303608913623031/8263274588704483031945,P1/P2,false,pair:P1:P2:W
582,1986,691954905152475712530803/332689857157946493051,48193367058127490724499/47527122451135213293,P0/P2,false,pair:P0:P2:N
583,1992,10612396746962373159737575/5022549558940055562703,5028984715950850286843569/5022549558940055562703,P1/P2,false,pair:P1:P2:NE
584,1993,10817788657413499192728093/5101159603507895196821,5082979614410854187364587/5101159603507895196821,P0/P2,false,pair:P0:P2:W
585,1998,10841400489827847418796573/5101159603507895196821,5092424347376593477791979/5101159603507895196821,P0/P2,false,pair:P0:P2:W
586,2000,10659075584030178962446909/5009577233563577382837,5005745529715305077687755/5009577233563577382837,P1/P2,false,pair:P1:P2:N
587,2003,2466628476113422450813859/1165623737408900973355,235916771975277642154769/233124747481780194671,P1/P2,false,pair:P1:P2:NE
588,2007,500562433972505096205287/234164095934787259599,2587249910318930114287771/2575805055282659855589,P0/P1,false,pair:P0:P1:SW
589,2010,53763395296637003593255859/25109888915902344532155,25290044581436670737545669/25109888915902344532155,P0/P2,false,pair:P0:P2:W
590,2012,55175108215487221185162237/25653258167974741902197,25695769582896785592244747/25653258167974741902197,P1/P2,false,pair:P1:P2:SE
591,2016,93201553858453660015087037/43461110960800428203829,43962425564178857734757963/43461110960800428203829,P0/P1,false,pair:P0:P1:W
592,2019,46968303655787240786212287/21856191560761438883047,22106621203882627611183001/21856191560761438883047,P0/P1,false,pair:P0:P1:SW
593,2020,16733863449493160490570935/7744983397442529934623,7786339692900663476681569/7744983397442529934623,P0/P2,false,pair:P0:P2:SE
594,2022,498992535002128064419207/233124747481780194671,1189028592842127501201237/1165623737408900973355,P0/P2,false,pair:P0:P2:SE
595,2024,184272089662876208719415455/85442637397478704221383,86181746374002023365023673/85442637397478704221383,P0/P2,false,pair:P0:P2:SE
596,2028,51452274622623353769064187/23925531920147677122755,24415302266496256350238141/23925531920147677122755,P0/P1,false,pair:P0:P1:S
597,2034,85693559511024517698241045/39615142321703859187149,4492230702875289973628123/4401682480189317687461,P0/P2,false,pair:P0:P2:S
598,2039,85882454170339303506788885/39615142321703859187149,40505634189603524086072243/39615142321703859187149,P0/P2,false,pair:P0:P2:S
599,2042,171596338811114404062837653/78881208418918736816973,80534039430279856247064115/78881208418918736816973,P0/P1,false,pair:P0:P1:SW
600,2044,172689056507501953198509247/79579360867896699931623,81790728783037897390901401/79579360867896699931623,P0/P2,false,pair:P0:P2:S
601,2046,79007490302357938424708719/36131009858438248647191,110286663649215002552276795/108393029575314745941573,P0/P2,false,pair:P0:P2:S
602,2052,14476268661841685615366529/6595617067125066881113,6744132619231002077262631/6595617067125066881113,P1/P2,false,pair:P1:P2:NE
603,2054,177107950998292421574676513/81142225018185078074873,83745811814670085516660103/81142225018185078074873,P1/P2,false,pair:P1:P2:E
604,2059,448498409177010804606818105/204095157255905454432593,210592397945607029272899119/204095157255905454432593,P0/P2,false,pair:P0:P2:SW
605,2060,348655400675254875067085513/159121983746912726720097,165010481242133337307375903/159121983746912726720097,P0/P1,false,pair:P0:P1:N
606,2062,419372357424719352701640333/191440993350062090125189,198880213461822853621995003/191440993350062090125189,P0/P1,false,pair:P0:P1:N
607,2065,81713076508382042513798149/37130312507221423858237,38409094611133492744853315/37130312507221423858237,P0/P2,false,pair:P0:P2:SW
608,2071,210537601247661491109683513/95270171618194811132753,98537902579415182375842863/95270171618194811132753,P0/P2,false,pair:P0:P2:NW
609,2072,1029290974554865140081271/466682382509576611039,484363079465728572683169/466682382509576611039,P1/P2,false,pair:P1:P2:S
610,2074,2561075805770815355087779/1165623737408900973355,1217362791739345372483413/1165623737408900973355,P1/P2,false,pair:P1:P2:SE
611,2082,94034746291845581621576567/42330602661167257574879,44018812373953858215180961/42330602661167257574879,P1/P2,false,pair:P1:P2:S
612,2084,348003281115950170866517363/156325372132551778026619,162377104410436651663549957/156325372132551778026619,P0/P2,false,pair:P0:P2:SW
613,2087,388849582328445630583187627/175281488548487408422643,184212083263755525167259533/175281488548487408422643,P0/P2,false,pair:P0:P2:SW
614,2091,316117264737310492121458685/141639650025143465074549,148144355262923243097423371/141639650025143465074549,P1/P2,false,pair:P1:P2:W
615,2098,140773639558695191015863277/62975420092034950995429,66346950339916695659775899/62975420092034950995429,P0/P1,false,pair:P0:P1:W
616,2100,161640035323491285473661189/72300409991306158782269,76312526265009201609900611/72300409991306158782269,P1/P2,false,pair:P1:P2:NW
617,2101,213598730567330728421938279/95485149194780485753167,100700184356270703191885617/95485149194780485753167,P0/P1,false,pair:P0:P1:NW
618,2102,25979347621919721474138545/11592369601737163485449,1741975577947250112998929/1656052800248166212207,P1/P2,false,pair:P1:P2:NW
619,2104,12136648420658633077670863/5370224793883335710839,39088972706705540103187519/37591573557183349975873,P0/P1,false,pair:P0:P1:NW
620,2105,10999281233590329531806317/4802278117903007668325,14701314615444038521202513/14406834353709023004975,P1/P2,false,pair:P1:P2:NW
621,2107,41617390667710918881420235/18637148930676694822163,59328694276173718847280199/55911446792030084466489,P1/P2,false,pair:P1:P2:NW
622,2111,52165961449700853730789835/23077250415181489660691,24137653703818798731574125/23077250415181489660691,P1/P2,false,pair:P1:P2:NW
623,2114,301075378667283235998979217/133776876110166346961129,141473650196173702926660247/133776876110166346961129,P0/P1,false,pair:P0:P1:S
624,2119,158803968412303978681084253/70355019134619780614613,74489931808708072928388011/70355019134619780614613,P1/P2,false,pair:P1:P2:SW
625,2121,144303913755474821586828851/64105928391668121624379,68311736384809903330814789/64105928391668121624379,P1/P2,false,pair:P1:P2:S
626,2126,41995179986340490498515915/18637148930676694822163,59857599322255119111214151/55911446792030084466489,P1/P2,false,pair:P1:P2:SE
627,2130,160191509545582214564407491/70686726819280699659083,2431182885154914357941803/2280216994170345150293,P0/P1,false,pair:P0:P1:NW
628,2132,446162988571423681483243769/196535317716391075218705,209348418551857789908986479/196535317716391075218705,P0/P2,false,pair:P0:P2:NE
629,2137,232534010515772363791785017/101659162839005560495697,107568867553469632624505135/101659162839005560495697,P1/P2,false,pair:P1:P2:E
630,2138,235742288290269913604405269/103861859214834054132685,22255101977891099029916759/20772371842966810826537,P0/P2,false,pair:P0:P2:NW
631,2143,701760845948310511998457787/308358211300451244151683,330801448062064057570054909/308358211300451244151683,P0/P2,false,pair:P0:P2:W
632,2148,696294827025811283183699767/305130844956400325905311,327776366455761629691358433/305130844956400325905311,P0/P2,false,pair:P0:P2:SW
633,2149,40786182353612805639974713/17873392101323357305169,19219629619659273825015343/17873392101323357305169,P1/P2,false,pair:P1:P2:N
634,2151,54802725565046112459463477/23989567435548413245933,25787504719641914896426899/23989567435548413245933,P1/P2,false,pair:P1:P2:N
635,2153,711458105239460942924687423/311585577644502162398055,111879972799262809736936883/103861859214834054132685,P0/P2,false,pair:P0:P2:SW
636,2159,699014910119944198826788663/305130844956400325905311,109661764091792086288688203/101710281652133441968437,P0/P2,false,pair:P0:P2:NW
637,2161,65284727218450284535789757/28237474710776968761909,10034804520097864510814489/9412491570258989587303,P1/P2,false,pair:P1:P2:W
638,2165,235834414530493333526104041/102786070433483748050561,333370415428745144566305533/308358211300451244151683,P0/P2,false,pair:P0:P2:N
639,2166,41022300677756287900659513/17873392101323357305169,19323521682282406019716655/17873392101323357305169,P1/P2,false,pair:P1:P2:S
640,2168,165390428923575223582839199/71968702306645239737799,77740303477555316306376377/71968702306645239737799,P1/P2,false,pair:P1:P2:S
641,2171,370954135366926667304199161/161193440343109846429713,58237870379960085142672677/53731146781036615476571,P0/P1,false,pair:P0:P1:NE
642,2175,23112986212060056231903555/10087052525362786228171,11047048604156611833965237/10087052525362786228171,P0/P1,false,pair:P0:P1:NE
643,2176,811910785650785059919510253/350792393658497231457509,378643115529569669465315483/350792393658497231457509,P1/P2,false,pair:P1:P2:E
644,2177,719458840802544834991896033/310444183557046086544825,66890984222588644425890907/62088836711409217308965,P0/P1,false,pair:P0:P1:NE
645,2182,641315849642894652508328971/279452088364898355319635,102492447460477367662901519/93150696121632785106545,P1/P2,false,pair:P1:P2:E
646,2186,484177305334508687767768071/209346841894595556376559,229445492773858013853896849/209346841894595556376559,P0/P2,false,pair:P0:P2:SE
647,2192,915750957828487220022341305/395648234137861126589649,1308126866362896764237924365/1186944702413583379768947,P1/P2,false,pair:P1:P2:E
648,2197,2369876780135636796674452411/1012028970874040549459843,1104434873278036167394500349/1012028970874040549459843,P1/P2,false,pair:P1:P2:SE
649,2205,5000844794373150908601033685/2132536112588216654039437,2351525295677775838523426803/2132536112588216654039437,P0/P1,false,pair:P0:P1:W
650,2209,1864684397934142931205821325/794143643299866983033989,876079149823191159057377531/794143643299866983033989,P0/P2,false,pair:P0:P2:SE
651,2214,1868384156222413641950116813/791350728338523190659781,872774103728299961323072187/791350728338523190659781,P0/P1,false,pair:P0:P1:SW
652,2216,1383652026737550628212226479/586144538556202102293335,648220344369962146024937769/586144538556202102293335,P1/P2,false,pair:P1:P2:N
653,2220,10116880090403370646736486843/4276406665210211290017155,4728010760751139856875092221/4276406665210211290017155,P1/P2,false,pair:P1:P2:N
654,2226,4175134596604944468130802957/1758433615668606306880005,390866487933360694294492543/351686723133721261376001,P1/P2,false,pair:P1:P2:S
655,2229,10170072826466414330423558587/4276406665210211290017155,4752189277143432440369215741/4276406665210211290017155,P1/P2,false,pair:P1:P2:S
656,2236,4931159081588152753778350765/2076742481188724574254757,260387397828261125852072131/230749164576524952694973,P1/P2,false,pair:P1:P2:E
657,2240,1299281292356001517207633083/544248825988482687971459,612665180047154441330439677/544248825988482687971459,P0/P2,false,pair:P0:P2:E
658,2242,2050455956440041822860715711/855281333042042258003431,4790874903371100573959813373/4276406665210211290017155,P1/P2,false,pair:P1:P2:N
659,2247,110536147160425502488538583/46100883665911815457087,51983152166621490881126209/46100883665911815457087,P0/P1,false,pair:P0:P1:SE
660,2250,2320913512381009817358606581/970220516737812006312365,3296787871208698041890748281/2910661550213436018937095,P0/P1,false,pair:P0:P1:E
661,2257,7111506818583259266714090341/2948283791485418839958173,3329445023450607916499511011/2948283791485418839958173,P0/P1,false,pair:P0:P1:N
662,2260,1850024804945094305191730591/759485587054591022602695,56618027784888757567389879/50632372470306068173513,P0/P2,false,pair:P0:P2:E
663,2263,16001643413126719291162835939/6618430928753445881497963,7511771086021076197142292757/6618430928753445881497963,P0/P1,false,pair:P0:P1:SE
664,2265,2006750495852594213797840669/832837632355941046894997,4758503770815155165520575383/4164188161779705234474985,P0/P2,false,pair:P0:P2:NE
665,2267,277552700239364352107532901/114453320433709317415325,285104957353967265258382477/251797304954160498313715,P0/P2,false,pair:P0:P2:NE
666,2270,16045164742632845941452258275/6618430928753445881497963,7533531750774139522287003925/6618430928753445881497963,P1/P2,false,pair:P1:P2:NE
667,2274,1032368605061392705349852949/425735561824193001145037,3398887891550932422950569701/2980148932769351008015259,P0/P1,false,pair:P0:P1:S
668,2276,11089076833114497655518646573/4562850389446397389334821,5204882389988263804332022875/4562850389446397389334821,P0/P2,false,pair:P0:P2:SE
669,2282,16260804466490449732825544767/6682161211321310217612135,7667581783696330018490296601/6682161211321310217612135,P1/P2,false,pair:P1:P2:NE
670,2284,2571356706852600488556974985/1059655410937456414138657,1224096141936345332030899807/1059655410937456414138657,P0/P2,false,pair:P0:P2:SW
671,2286,13484695550288624101178138121/5514979915572053648410529,6306121764115263057878540255/5514979915572053648410529,P0/P2,false,pair:P0:P2:W
672,2288,3475178563289498960394122657/1421282656393360377263993,771198986053527027564873893/673239153028433862914523,P1/P2,false,pair:P1:P2:SE
673,2292,6689130133622649398506059207/2736435961494708026123183,15742474245116304467151945749/13682179807473540130615915,P0/P1,false,pair:P0:P1:W
674,2294,35856277347655960080168419427/14640680694464848427080171,16802929203104043967121430677/14640680694464848427080171,P0/P1,false,pair:P0:P1:W
675,2298,6717842648570955528828951063/2720084963387444395019135,620198432954845381589001677/544016992677488879003827,P0/P2,false,pair:P0:P2:W
676,2299,2821684693388525300036287435/1147602880527437783139603,1317433289074853992443681133/1147602880527437783139603,P1/P2,false,pair:P1:P2:S
677,2301,4307215969028242441190827671/1761584076396136098554879,2040537206786487407975523457/1761584076396136098554879,P0/P2,false,pair:P0:P2:W
678,2305,6727765475729910037118314111/2733710795143497420939175,3155084844817130779279299801/2733710795143497420939175,P1/P2,false,pair:P1:P2:E
679,2309,7340219262473524079871351187/2980148932769351008015259,493154375373425158091091635/425735561824193001145037,P1/P2,false,pair:P1:P2:E
680,2311,2962295415692903959270714395/1203573621106913710086371,4190685674873517851364350167/3610720863320741130259113,P1/P2,false,pair:P1:P2:SE
681,2315,30681494198852306800331129249/12439754029180317919372153,25427108214978666139429951/21862485112794934831937,P0/P1,false,pair:P0:P1:NE
682,2317,35261164476902776236952444763/14288890816104922951076387,16618173042409891476724468829/14288890816104922951076387,P0/P2,false,pair:P0:P2:W
683,2320,2286361351616311669862385579/925503069637989802399219,1079867194142303005219346573/925503069637989802399219,P1/P2,false,pair:P1:P2:W
684,2321,5053035125386130401285880959/2044877339904792406197671,2385264887758571510290558681/2044877339904792406197671,P0/P1,false,pair:P0:P1:N
685,2324,62228751865615225246206372349/25063929516977572903440757,29090744107785253976972004363/25063929516977572903440757,P1/P2,false,pair:P1:P2:SW
686,2331,2838794026702422037806941159/1139173913896888954510543,1332862469068651651561030577/1139173913896888954510543,P0/P2,false,pair:P0:P2:NW
687,2333,42684469236536411800291172171/17138908033616239690914963,6696134622056690141703498575/5712969344538746563638321,P0/P2,false,pair:P0:P2:N
688,2340,92592149789806078630762625/37142584995001018189657,3025291933728228502906953347/2562838364655070255086333,P1/P2,false,pair:P1:P2:W
689,2342,28550622180982730437524092133/11369223614779539164143645,13312522227399294363958552931/11369223614779539164143645,P0/P2,false,pair:P0:P2:SW
690,2346,109292077715056117146923047205/43649634660235518351202909,51559025923912284336194637603/43649634660235518351202909,P1/P2,false,pair:P1:P2:SW
691,2349,83088345786434755234201892015/32988951000338906115966551,38750739995270795799873672745/32988951000338906115966551,P1/P2,false,pair:P1:P2:SW
692,2358,47095916096501724186661446507/18546067547055941594930099,21775226351524549659667985101/18546067547055941594930099,P0/P2,false,pair:P0:P2:NW
693,2360,4081539731824214586251296353/1623890768184772848411193,1939386878890467749949208903/1623890768184772848411193,P0/P2,false,pair:P0:P2:NW
694,2365,6838230589744197537017523413/2644220825754394269821581,3038298105577623888911591155/2644220825754394269821581,P0/P1,false,pair:P0:P1:E
695,2366,45918995672646803121927929255/18202908469222375139659919,65253420734983264421648666579/54608725407667125418979757,P0/P2,false,pair:P0:P2:SW
696,2367,38563693168763054224118365835/15254057825942073793173971,90921716302886220517247809377/76270289129710368965869855,P1/P2,false,pair:P1:P2:W
697,2371,157000325657032754986926702637/61878150298640225352138789,24549487080880903805010952649/20626050099546741784046263,P1/P2,false,pair:P1:P2:W
698,2373,138066472027761754434508568821/54608725407667125418979757,65408163239893936956011057107/54608725407667125418979757,P0/P2,false,pair:P0:P2:SE
699,2378,112457837335210890355666373515/44466595687107274315652819,53525231063447705242916216749/44466595687107274315652819,P0/P2,false,pair:P0:P2:SE
700,2384,47417263616071778967082761607/18590665341421021424661871,22225820937776766903557970705/18590665341421021424661871,P0/P2,false,pair:P0:P2:SW
701,2385,136599440851556882981917122239/53591693405318101922614759,192481644754992882516386485195/160775080215954305767844277,P1/P2,false,pair:P1:P2:E
702,2387,255994858316160888057871583003/100982948858800683001854947,17433574912785071834639990587/14426135551257240428836421,P0/P2,false,pair:P0:P2:SW
703,2393,565149211842287135177255055711/220567211573107928533833607,263547235140132952327742598393/220567211573107928533833607,P1/P2,false,pair:P1:P2:E
704,2398,6992304484981423203989194167/2727407480316510805132831,22950262125185176483841335463/19091852362215575635929817,P1/P2,false,pair:P1:P2:NW
705,2401,112053445304130203915826710185/43709322805817232770398017,29258200769253405025566072867/24282957114342907094665565,P0/P1,false,pair:P0:P1:N
706,2408,65421360895025767269635634121/25498311907702891335694177,30923540886757095433731952671/25498311907702891335694177,P0/P1,false,pair:P0:P1:W
707,2411,7006825150121413693013735231/2725560307461376696128103,9910826026749966767909553739/8176680922384130088384309,P0/P1,false,pair:P0:P1:W
708,2413,375953920423806133734337252813/146236230434008105901526213,59285986269474468003563856617/48745410144669368633842071,P1/P2,false,pair:P1:P2:E
709,2420,65827559970416282672336909257/25498311907702891335694177,31097626204781602034889642015/25498311907702891335694177,P0/P2,false,pair:P0:P2:W
710,2421,565528471687613885747454828877/218546614029086163851990085,265799687001851405779892904251/218546614029086163851990085,P0/P1,false,pair:P0:P1:S
711,2435,884864141307904469069251443/338055799775998250766971,19398836039460483511790250219/15888622589471917786047637,P1/P2,false,pair:P1:P2:NW
712,2437,185114612436285997190844982457/70750559773422742951056081,12374118278605767133453493273/10107222824774677564436583,P0/P2,false,pair:P0:P2:SW
713,2439,225128478286519893023802953361/86590810027730539388123881,107082906902912081755700840599/86590810027730539388123881,P0/P2,false,pair:P0:P2:SW
714,2440,66115106060124226875514507557/25273665314304586294481501,31008915840755436329313785635/25273665314304586294481501,P0/P1,false,pair:P0:P1:SE
715,2444,501421511304196710337927278147/191936737777036996315004107,236736554968955502075355055541/191936737777036996315004107,P0/P2,false,pair:P0:P2:SW
716,2445,107024998233725547639196850233/40704236686373225937451601,49780842379137946625634358575/40704236686373225937451601,P0/P1,false,pair:P0:P1:SE
717,2449,26544421958340574799353677119/10107222824774677564436583,86966998586289383136489831599/70750559773422742951056081,P1/P2,false,pair:P1:P2:NW
718,2451,440725899803077713645820559107/167999283400476991263027083,207340932933286001411600315125/167999283400476991263027083,P0/P1,false,pair:P0:P1:S
719,2457,97482361609888359255893882585/37057185440933538869997553,320765335116851366578780351721/259400298086534772089982871,P0/P2,false,pair:P0:P2:NW
720,2460,959476834932881698999571311029/364312729634961322279453805,450531127261165593203524394259/364312729634961322279453805,P1/P2,false,pair:P1:P2:W
721,2462,300751548663032250215223777519/114779530896378656189055127,143334453680888637696753777641/114779530896378656189055127,P0/P2,false,pair:P0:P2:W
722,2466,1341799701047779842198496535785/508640074923365325675207553,631558979370458985400604744703/508640074923365325675207553,P0/P1,false,pair:P0:P1:SE
723,2469,1371508589066631366266926772937/518303022211053475153108577,642687510064486200304866830623/518303022211053475153108577,P1/P2,false,pair:P1:P2:SW
724,2477,1579612066376262540587862130165/595398864887488754616037037,743184326228956996120100508371/595398864887488754616037037,P0/P1,false,pair:P0:P1:NW
725,2483,337468513499573117144049005455/126646644303173023414358583,263570251191188807207328967631/211077740505288372357264305,P1/P2,false,pair:P1:P2:SW
726,2484,2555128978131978928333589289621/959214020560434007868633677,1198895598448583542364353183539/959214020560434007868633677,P0/P2,false,pair:P0:P2:E
727,2486,2857873607512699510631664449807/1075346279133027294832196535,29991627549786427648583334029/23896583980733939885159923,P0/P2,false,pair:P0:P2:E
728,2488,294202929712319492638679333363/110227749587345133178881275,5528037532760625463035137613/4409109983493805327155251,P0/P2,false,pair:P0:P2:NE
729,2492,615236614974114575316227088725/231583709214543501363440397,15390779692972208998707596321/12188616274449657966496863,P0/P2,false,pair:P0:P2:N
730,2494,4100513663102281444702978803557/1536523401714050021451648669,1931672587160754773076968454883/1536523401714050021451648669,P1/P2,false,pair:P1:P2:SW
731,2497,1359440346607596511115809055977/508640074923365325675207553,640069817140545974790536223743/508640074923365325675207553,P0/P1,false,pair:P0:P1:NE
732,2502,4111655123455849867177070921573/1536523401714050021451648669,1937243317337538984314014513891/1536523401714050021451648669,P0/P2,false,pair:P0:P2:NW
733,2509,3820051954428697707353087879403/1420391143141456734488085811,1791467436202874803591714163021/1420391143141456734488085811,P0/P2,false,pair:P0:P2:N
734,2514,9187257450315807486263668999439/3416299653684165439277311927,4331372412755014758497343636681/3416299653684165439277311927,P0/P1,false,pair:P0:P1:NW
735,2517,2173796919364208246699025119377/807012631055627725050205417,1023604137758999898879689862807/807012631055627725050205417,P0/P2,false,pair:P0:P2:NW
736,2521,5375532954784463520818154184565/1997631821147628922315297837,2548043734073662595858375339347/1997631821147628922315297837,P0/P1,false,pair:P0:P1:N
737,2522,2048495163839937776635185132975/758173273661947991765606231,961657543677515475993009159465/758173273661947991765606231,P1/P2,false,pair:P1:P2:NE
738,2526,1168912150759000177460797965883/432624456113029517466467843,551326819625034192157523028093/432624456113029517466467843,P0/P1,false,pair:P0:P1:N
739,2535,6930460948635354389451973656379/2554497362667946839396519683,3274706849490840782685368293245/2554497362667946839396519683,P1/P2,false,pair:P1:P2:SE
740,2536,2689854066265188238430883569503/986043376423506999495546247,1254284779763454815429629505273/986043376423506999495546247,P0/P2,false,pair:P0:P2:E
741,2544,965992909615767479667962920105/354054073909145383889206593,758133111647143613752230631017/590090123181908973148677655,P1/P2,false,pair:P1:P2:SE
742,2547,5340678610966115336147768458853/1953874068980210072055541149,837039456902147485036648488609/651291356326736690685180383,P0/P2,false,pair:P0:P2:E
743,2549,1016766754879626518501513203735/371924137298265242044371327,2391851781510743316548704359173/1859620686491326210221856635,P0/P1,false,pair:P0:P1:NW
744,2553,1888620233861004071116968412075/689078436492308479735394803,886194333803898900065002503309/689078436492308479735394803,P0/P2,false,pair:P0:P2:NE
745,2557,1595124349311224844348552718331/583144390618324743303141827,754391831717857717897276796093/583144390618324743303141827,P1/P2,false,pair:P1:P2:NE
746,2561,1894190964037788282354014471083/689078436492308479735394803,888979698892291005683525532813/689078436492308479735394803,P0/P1,false,pair:P0:P1:SE
747,2562,5863272344076130287782060785841/2132574702871408653607188489,2753450904080779687343365143415/2132574702871408653607188489,P1/P2,false,pair:P1:P2:NE
748,2571,2509335775619259999204551682295/909917125116434995298674527,3546565649275691803184563835747/2729751375349304985896023581,P0/P1,false,pair:P0:P1:SE
749,2573,2163883425814230870580981099091/783818718744609001172371035,203630532434076660764072787361/156763743748921800234474207,P0/P2,false,pair:P0:P2:W
750,2577,8708914338784290215438779151579/3154304107600461769181266851,4104934124499320341916644299485/3154304107600461769181266851,P0/P1,false,pair:P0:P1:SE
751,2579,995861778976686021190828120015/360802351661185722438929527,1410377244630340530778816348187/1082407054983557167316788581,P0/P2,false,pair:P0:P2:NW
752,2581,420598449313698238366831644827/151177452618949875210652003,195321469006041407807410138397/151177452618949875210652003,P0/P1,false,pair:P0:P1:SE
753,2589,275982486245933206287252029477/99395521813404232865392989,129954688764571307782015746083/99395521813404232865392989,P0/P1,false,pair:P0:P1:E
754,2590,10540655629763741988410820849/3790740184162080349042249,64379740500651920996227087307/49279622394107044537549237,P0/P2,false,pair:P0:P2:SW
755,2591,820245699249495960507473338819/294841457339452123435000907,10407655006503893518589214929/7968688036201408741486511,P0/P1,false,pair:P0:P1:E
756,2594,895355148901363768673063296847/323504616787154597618427895,3839227624070868797453873940689/2911541551084391378565851055,P0/P2,false,pair:P0:P2:S
757,2596,2073196635969805440181461771925/742631212425852950736952909,4841395534859575882541397811199/3713156062129264753684764545,P1/P2,false,pair:P1:P2:SW
758,2599,4387136538806127942279733013819/1577356190989036343979691267,2074492989421307996634956487037/1577356190989036343979691267,P1/P2,false,pair:P1:P2:S
759,2601,10385790220477593285305694847209/3713156062129264753684764545,4851299055173858924740590804991/3713156062129264753684764545,P1/P2,false,pair:P1:P2:SE
760,2603,1628508995219107249454538408467/586497126608995573907056667,59628392840669291812002549177/45115163585307351839004359,P1/P2,false,pair:P1:P2:E
761,2605,4738982920033599642815151816323/1700488832622348701768172299,2244049499206459041469816545141/1700488832622348701768172299,P0/P2,false,pair:P0:P2:SE
762,2607,22466849045853756877837006039507/8043600830818715260508150235,3526970580793937450187464515639/2681200276939571753502716745,P1/P2,false,pair:P1:P2:NE
763,2611,4902967579610457956782141802117/1752652781493124151112454333,2305280739314870392226140432579/1752652781493124151112454333,P0/P1,false,pair:P0:P1:S
764,2615,1207719692534077960499459950753/431642701764434106610078329,63322691094939062165210416271/47960300196048234067786481,P0/P2,false,pair:P0:P2:SE
765,2616,22501991397501110114171324209205/8025124116188160993985081069,10568474308077805364558013706899/8025124116188160993985081069,P1/P2,false,pair:P1:P2:N
766,2623,21688557252078950496008858303/7310389799325130504124903,8866643655974300575483222681/7310389799325130504124903,P0/P2,false,pair:P0:P2:S
767,2624,12784227860014016403125492166247/4556771982463021224806310735,6057064100413201368608439975217/4556771982463021224806310735,P1/P2,false,pair:P1:P2:W
768,2630,9372628418804670636315011599779/3326137513387481285548135723,4429483498845790429756771302741/3326137513387481285548135723,P0/P1,false,pair:P0:P1:E
769,2633,22868998223520770793221770567735/8077288065058936443329363103,10723788991171905616206671035361/8077288065058936443329363103,P1/P2,false,pair:P1:P2:N
770,2636,21341704700596567253008196135029/7557259169031352641721087277,10109947837552563591918210387027/7557259169031352641721087277,P1/P2,false,pair:P1:P2:N
771,2639,22918515825092186004217735536695/8077288065058936443329363103,3581198677266823900201685674315/2692429355019645481109787701,P1/P2,false,pair:P1:P2:N
772,2641,12888214823313988346217018601063/4556771982463021224806310735,6101629941827475058504808447281/4556771982463021224806310735,P0/P2,false,pair:P0:P2:E
773,2643,5982062260817377547796794019177/2115560827821935678086475777,2840232169353386581080719542143/2115560827821935678086475777,P1/P2,false,pair:P1:P2:NE
774,2649,8941634998189463515989419143591/3145474024662795554697847951,4210853963851308415387174886385/3145474024662795554697847951,P0/P2,false,pair:P0:P2:SE
775,2651,1824930251571663448635709002851/641399208973157694301228523,859261201309335708102785770645/641399208973157694301228523,P0/P1,false,pair:P0:P1:SE
776,2653,2691200079466067045828498394309/953855164339459613313309949,1296033476286778079571507428483/953855164339459613313309949,P1/P2,false,pair:P1:P2:E
777,2655,4479447898781945141544787306067/1570342829374585466934272603,2100844823186217221009986132005/1570342829374585466934272603,P1/P2,false,pair:P1:P2:E
778,2658,8966393798975171121487401628071/3145474024662795554697847951,4223233364244162218136166128625/3145474024662795554697847951,P0/P2,false,pair:P0:P2:NE
779,2663,2503512452042999228311050253763/878720573703374385970878539,1186314119320078619256800946741/878720573703374385970878539,P0/P2,false,pair:P0:P2:NE
780,2666,8991152599760878726985384112551/3145474024662795554697847951,4235612764637016020885157370865/3145474024662795554697847951,P0/P2,false,pair:P0:P2:NE
781,2669,11178945615036443299597202346539/3908636808522572271262612595,5267855329066815555226378318349/3908636808522572271262612595,P1/P2,false,pair:P1:P2:SW
782,2673,3510049276001752889051405643275/1224531701538979926452575571,1652245051528145582057687408941/1224531701538979926452575571,P1/P2,false,pair:P1:P2:S
783,2676,13142291226814119217251030913837/4571982502072688141104454437,6147889833642155479451565648475/4571982502072688141104454437,P0/P1,false,pair:P0:P1:E
784,2678,47577109444218141065288622359/16986610470421789307009663,23742833288419534518708473345/16986610470421789307009663,P0/P1,false,pair:P0:P1:NE
785,2679,28627872876746797601944965661635/9994575125565104911614588491,13524827344753158284418556267573/9994575125565104911614588491,P0/P2,false,pair:P0:P2:SE
786,2686,13470386285415754340160268865103/4699853038840152496009051895,6411330065311919740174827425161/4699853038840152496009051895,P0/P2,false,pair:P0:P2:E
787,2688,18303023906658748863622043806839/6341835219565479618761055967,8588048249685531327208456878497/6341835219565479618761055967,P1/P2,false,pair:P1:P2:N
788,2693,2799611635511403325403476575015/971370469924142584297749007,14529670013298851659693714507483/10685075169165568427275239077,P1/P2,false,pair:P1:P2:N
789,2696,17541099422665042673018058895215/6083097550182574657935840023,8297336714851324436326557509993/6083097550182574657935840023,P0/P2,false,pair:P0:P2:NE
790,2702,26530447648476044605796470328369/9188384116783258567600830345,4192929344426378373522218161149/3062794705594419522533610115,P0/P1,false,pair:P0:P1:E
791,2705,13569421488558584762152198803023/4699853038840152496009051895,1291179181345238686014239179445/939970607768030499201810379,P0/P2,false,pair:P0:P2:S
792,2712,60194664049385753053271787363859/20715291056625725678484104219,28425970370400434040267976750693/20715291056625725678484104219,P0/P2,false,pair:P0:P2:NE
793,2717,6896084264890870828898214856113/2338522823059208543282443529,3149552060070767292744351858295/2338522823059208543282443529,P0/P1,false,pair:P0:P1:E
794,2718,19312382991344411046417817701537/6610481248869192672608073337,9041474220987052386861707101447/6610481248869192672608073337,P1/P2,false,pair:P1:P2:SE
795,2720,63945198433159086500089976990813/21905029152395325517677073621,30028375204944732492389639461035/21905029152395325517677073621,P1/P2,false,pair:P1:P2:SE
796,2721,92799983228637191884930879579923/31781247147365102973898409243,43573444688601369862676975392101/31781247147365102973898409243,P0/P1,false,pair:P0:P1:SE
797,2723,66581076778269617921617062674827/22851270269530717743146919123,31461063133687123967119391316397/22851270269530717743146919123,P1/P2,false,pair:P1:P2:SE
798,2728,134793252520020374415646981722095/46082631934887644153528328087,21143931903295080044749513951651/15360877311629214717842776029,P1/P2,false,pair:P1:P2:E
799,2732,160721501470504494403858176948935/54758447172432043262396113071,25106416896489214990729412614811/18252815724144014420798704357,P0/P1,false,pair:P0:P1:NW
800,2734,35288484043966641959232934277543/12028811157425548061455737999,16562533883802359459695847480305/12028811157425548061455737999,P0/P1,false,pair:P0:P1:NW
801,2736,394115576200386074960200445279207/134583149791028451705096295631,185989174071456667569621880867761/134583149791028451705096295631,P0/P2,false,pair:P0:P2:E
802,2745,176029020709198920287971613164231/60025980165849488768841050287,83731597977327548858578750441425/60025980165849488768841050287,P0/P2,false,pair:P0:P2:S
803,2746,58510701722171902398945726640555/19981357809629835499544686579,83898381328091814817158207142823/59944073428889506498634059737,P0/P1,false,pair:P0:P1:N
804,2748,284303754195062394895666511889619/96424163731879464756108999899,133684159082827840149782237691301/96424163731879464756108999899,P0/P1,false,pair:P0:P1:N
805,2755,324196170777979446389998850498069/109645126229617850101325146573,152400932824916059624254003496883/109645126229617850101325146573,P0/P1,false,pair:P0:P1:NW
806,2759,358580708555753562033513023939237/121362187293290066359880148957,169332332554739320872582257770915/121362187293290066359880148957,P1/P2,false,pair:P1:P2:W
807,2760,165248516692717344794595580656799/55985688779895807978921713863,234811440920133019312823314008875/167957066339687423936765141589,P0/P1,false,pair:P0:P1:NW
808,2768,438523998046616193697364789056809/147804112288766837050312442305,206924336363944288496712877282751/147804112288766837050312442305,P0/P1,false,pair:P0:P1:NW
809,2770,217197104923190377626517236683965/73145880067654338905758354997,102532547529041023817784508788555/73145880067654338905758354997,P1/P2,false,pair:P1:P2:E
810,2771,22235890044968518396443478636917/7461952886153581846963805741,10405839053224623859309852877651/7461952886153581846963805741,P0/P2,false,pair:P0:P2:N
811,2779,510233897775161718989656195087859/170981333357058427692364245243,239744686977641647065315477733765/170981333357058427692364245243,P0/P1,false,pair:P0:P1:SW
812,2782,108037332112918544682436766670239/36564727168730845439984572871,52117892121301874931552575228601/36564727168730845439984572871,P0/P2,false,pair:P0:P2:SW
813,2786,289264939144787603022000386286247/96956493404945813563210788239,410552119809367321528186562132179/290869480214837440689632364717,P0/P2,false,pair:P0:P2:S
814,2787,18143087782522062692006565628039/6074104267487720177906042991,59926087133752930013070430599287/42518729872414041245342300937,P1/P2,false,pair:P1:P2:E
815,2790,132111492230783688080847751430829/44399822270623123588275281573,189193606029104117600983109825681/133199466811869370764825844719,P1/P2,false,pair:P1:P2:S
816,2794,236522451996148515787664391786487/78835006701484034962403259999,110996169540188659313975901954593/78835006701484034962403259999,P0/P2,false,pair:P0:P2:S
817,2798,38944228029761810407864688823905/12965838139387606907481059897,18287461433205048893773727066439/12965838139387606907481059897,P1/P2,false,pair:P1:P2:W
818,2801,468216281809828936159904559256095/156360223730922295824600832583,222394478185136580296438536522297/156360223730922295824600832583,P0/P2,false,pair:P0:P2:SW
819,2802,23819440734742916979018109346911/7971449025502411669710672519,34135339094154875177988323874283/23914347076507235009132017557,P0/P1,false,pair:P0:P1:SE
820,2804,699386366165440328139250625433769/232420857500622113125524861249,328444473362457446639765062297151/232420857500622113125524861249,P0/P1,false,pair:P0:P1:SE
821,2806,82490002197622987200209004302759/27443339528592903419464516751,38857753717781264676407058627569/27443339528592903419464516751,P0/P2,false,pair:P0:P2:SW
822,2807,199463588186563148615017267658583/66475508236104259520951115455,94389810807176043335542178777537/66475508236104259520951115455,P0/P1,false,pair:P0:P1:SE
823,2809,184552209760440044418871551194967/61207975242686814014506178239,86373604331887461137119385932225/61207975242686814014506178239,P0/P2,false,pair:P0:P2:SW
824,2812,329879051911408851631160845381711/109563219492657867831118156023,155499158188708106073794586360713/109563219492657867831118156023,P1/P2,false,pair:P1:P2:W
825,2817,441724565216319495610705228000953/146245434987514896505190780113,207731113687164343577537582187183/146245434987514896505190780113,P1/P2,false,pair:P1:P2:SW
826,2819,206709947160065026128464252031025/68610673490003119399649254281,97850719797458325885137761048567/68610673490003119399649254281,P1/P2,false,pair:P1:P2:SW
827,2820,692173560355839144642104404715333/229413054632489774952202572669,3366366152069351353370540847331/2365083037448348195383531677,P0/P2,false,pair:P0:P2:N
828,2822,168367769097931557026575442791847/55638629774218891382259605647,7173209095556681793805605712243/5058057252201717398387236877,P1/P2,false,pair:P1:P2:SW
829,2826,437325880686376260486196678138375/144741533553448727418529635823,206460722731242103545752106332817/144741533553448727418529635823,P1/P2,false,pair:P1:P2:SW
830,2828,402206742878376138738767439603633/132942565752816528889767642889,189498035945897447412019448884343/132942565752816528889767642889,P0/P2,false,pair:P0:P2:N
831,2829,45773110430069263201301451911563/15144006083947040064142529747,21625669658340174450156857420205/15144006083947040064142529747,P1/P2,false,pair:P1:P2:SW
832,2831,83084213416479969732160583930279/27443339528592903419464516751,3010388637429322296768035573365/2111026117584069493804962827,P1/P2,false,pair:P1:P2:SW
833,2838,195577767883304139634635541207105/64382786313836167355461144857,92057527611494837204212051597927/64382786313836167355461144857,P0/P2,false,pair:P0:P2:S
834,2842,766686699314471996702850999344983/252590712990326680316246736575,362500652856924832382985535596993/252590712990326680316246736575,P1/P2,false,pair:P1:P2:E
835,2845,65324636231958487107534420319595/21460928771278722451820381619,30738661312174455293133046499533/21460928771278722451820381619,P0/P2,false,pair:P0:P2:S
836,2853,1147899680654987937853771242589349/375410039280343819734469738973,539083704749080840205755192829859/375410039280343819734469738973,P0/P1,false,pair:P0:P1:NE
837,2855,1229249746521972574390657933248687/402032679188524535269585189463,44467264591864394456507574945677/30925590706809579636121937651,P1/P2,false,pair:P1:P2:N
838,2860,249377582641964638650923141142101/81406608433751437218095618061,13021739141626471152066449921179/9045178714861270802010624229,P0/P1,false,pair:P0:P1:E
839,2864,375292818174155448782093009371981/123721978086476903942840804933,181174393266804848593820933852987/123721978086476903942840804933,P0/P1,false,pair:P0:P1:NE
840,2866,1895279139049415392911176485065379/617217235944174757314902987307,296234409184606124151235289410247/205739078648058252438300995769,P0/P2,false,pair:P0:P2:NW
841,2871,384179524481735416580129376793885/125302313319888507726772322197,544665363329440762321165334391233/375906939959665523180316966591,P0/P1,false,pair:P0:P1:NW
842,2874,1074155518389372677725864771162267/348787399372163104199354288483,503579008954552183331027845180701/348787399372163104199354288483,P1/P2,false,pair:P1:P2:SW
843,2883,682648162060749532713523583376979/220621889699989914596762868315,64007685625730667793227030296993/44124377939997982919352573663,P1/P2,false,pair:P1:P2:W
844,2885,963396401567701901285883889644417/311327284444257224933174028889,452621701224587128642076290654503/311327284444257224933174028889,P0/P2,false,pair:P0:P2:E
845,2887,1909310614380707876940022897670151/618211037302818164206597442543,902243389589966146812332469863569/618211037302818164206597442543,P1/P2,false,pair:P1:P2:W
846,2889,1244144641074654269858244195911855/402032679188524535269585189463,585204974320520918318017429824041/402032679188524535269585189463,P1/P2,false,pair:P1:P2:W
847,2891,1516448288723074541913802329333851/489051726272001567712311567139,710867074428946560395548338959197/489051726272001567712311567139,P0/P2,false,pair:P0:P2:SE
848,2897,1518983589923531000716795735744603/489051726272001567712311567139,101733532147024969971006434594939/69864532324571652530330223877,P0/P2,false,pair:P0:P2:SE
849,2899,816317937907629083568533864338189/263986304986315367455798083589,388462458741199225658341427631483/263986304986315367455798083589,P0/P2,false,pair:P0:P2:NE
850,2900,256571393335313493179197730226661/83416069984635730169935406365,123736392741627835872135637443683/83416069984635730169935406365,P0/P1,false,pair:P0:P1:SE
851,2902,1521518891123987459519789142155355/489051726272001567712311567139,713402375629403019198541745369949/489051726272001567712311567139,P0/P1,false,pair:P0:P1:SE
852,2907,1310913774539155145697919505780603/422262256675339333908405294403,621107640805149331776083486372157/422262256675339333908405294403,P1/P2,false,pair:P1:P2:N
853,2909,36078093063350983809942565391459/11575510367844714996456556011,118625155440621109315685281757203/81028572574913004975195892077,P0/P2,false,pair:P0:P2:NE
854,2911,1522873860452997649533668522706367/490045527630644974604006022375,240307065771488901300019668925747/163348509210214991534668674125,P0/P2,false,pair:P0:P2:NE
855,2914,1589404133729963367414100578844763/510121858245671349738091316003,749745522306327622222284290069341/510121858245671349738091316003,P0/P1,false,pair:P0:P1:SE
856,2916,3090041184608441639644422499795539/989879021070961026164161633883,207528226011329674579314534457203/141411288724423003737737376269,P1/P2,false,pair:P1:P2:N
857,2924,1702946420923863015434763967867083/543516593044002466640044452371,799695841519139154138003529184365/543516593044002466640044452371,P0/P2,false,pair:P0:P2:S
858,2928,6082329696887872419279191382012457/1943333267965641491836437993153,2871302747269763343690782391189695/1943333267965641491836437993153,P0/P1,false,pair:P0:P1:SW
859,2933,298531643397817551792653701458735/95345424689468046567227635927,707718019344942524065919445987917/476727123447340232836138179635,P0/P1,false,pair:P0:P1:S
860,2938,3413267042929534444213359106786427/1081696378054467836245100200515,1594361656419940631279570173330493/1081696378054467836245100200515,P0/P2,false,pair:P0:P2:E
861,2940,4128506505233578588461845631389731/1313306003755546486182720369579,1947146396444659873603822536990421/1313306003755546486182720369579,P0/P2,false,pair:P0:P2:E
862,2941,299165468697931666493402053061423/95345424689468046567227635927,708985669945170753467416149193293/476727123447340232836138179635,P0/P1,false,pair:P0:P1:S
863,2944,4773383084432828982841358356686957/1517851631043591761075757801061,2253074035665928417299573605762843/1517851631043591761075757801061,P1/P2,false,pair:P1:P2:NE
864,2953,49671504796990218421808444636229/15877728496794106933163565181,23943940896725399056654888630531/15877728496794106933163565181,P0/P2,false,pair:P0:P2:N
865,2955,558744944229578403334256567764873/176947352174946140453654885665,263622971282111468907771874226783/176947352174946140453654885665,P0/P1,false,pair:P0:P1:SW
866,2956,4693054833842271987020192015495139/1486096174050003547209430670699,2214693533374189339697489102542101/1486096174050003547209430670699,P0/P2,false,pair:P0:P2:NE
867,2958,797593297550160295421744978985163/252669846074549847633708745235,1886456302653511850366209040322081/1263349230372749238168543726175,P0/P1,false,pair:P0:P1:SW
868,2966,5900112011343524548088367201305823/1859283912108690380733955038983,2778292475857244943883873676371321/1859283912108690380733955038983,P1/P2,false,pair:P1:P2:E
869,2968,1934029394620698297960600373191467/611803806423023479309681862003,920613254337143806412596327270669/611803806423023479309681862003,P1/P2,false,pair:P1:P2:NE
870,2970,10570175062328030435399750306226443/3330473471722044120656644675667,4989805259731906807115672569308717/3330473471722044120656644675667,P0/P2,false,pair:P0:P2:SE
871,2973,1536787772954028367960203888867811/484289510368944319831707326315,727703307081466699005898432781077/484289510368944319831707326315,P0/P2,false,pair:P0:P2:S
872,2977,14009770577139837123999534393950387/4395321007219573550322158779835,6588264331966710948705246248389829/4395321007219573550322158779835,P0/P1,false,pair:P0:P1:W
873,2980,19294964163338849060091712932846035/6050409622093613135328221743579,9091450315026126143805543983067301/6050409622093613135328221743579,P1/P2,false,pair:P1:P2:SE
874,2983,16648505054803007980345915826069937/5220092920276873103616525463817,7843894319850406914820444575138423/5220092920276873103616525463817,P1/P2,false,pair:P1:P2:SE
875,2985,8165619175670760439183936164949831/2559806391571357317771677999407,3848475145014975184192757060308817/2559806391571357317771677999407,P0/P2,false,pair:P0:P2:NE
876,2989,11440717341675064059490345467196315/3585502063830202439612593747043,5411119371049651445170976048038429/3585502063830202439612593747043,P0/P1,false,pair:P0:P1:N
877,2992,1018206377289391517075486171945673/318771090731792043015225230945,4333383105490354989380475228572183/2868939816586128387137027078505,P0/P2,false,pair:P0:P2:SE
878,2996,1256464232473707514939798739981013/390002857258035748068041482381,583490255058659931199199835762931/390002857258035748068041482381,P0/P2,false,pair:P0:P2:SE
879,2997,451723411802547544289814193698679/141134340711909404356170609119,213467887751574744019404374206113/141134340711909404356170609119,P1/P2,false,pair:P1:P2:NW
880,2998,2357323061946672839378714809608419/739071868437239486781323390571,1124252846953938020956035157885973/739071868437239486781323390571,P0/P2,false,pair:P0:P2:SE
881,3000,507395252089930267044064554556227/157817362748871801854959182283,2136293598967527820443886735402589/1420356264739846216694632640547,P0/P2,false,pair:P0:P2:SE
882,3002,1763306928305191582928313562661465/550037238372146648666201976689,9142156339035255319865412111282341/6050409622093613135328221743579,P0/P2,false,pair:P0:P2:SE
883,3003,1999593815430063830794009014796471/623098681260125103033589221663,286314938009657432492305222499057/189638729079168509618918458767,P1/P2,false,pair:P1:P2:N
884,3006,24836160533911071349712729777548965/7739128475366350549421318935517,11719351513452041362831751356372387/7739128475366350549421318935517,P0/P2,false,pair:P0:P2:NE
885,3009,24564850206293722185448808205967661/7630872481714217049242987985189,11526852507837325650711759364000859/7630872481714217049242987985189,P0/P1,false,pair:P0:P1:SE
886,3010,7976772266456915993830907071209037/2476637402481966704365549685061,11222823243394586722629924829316273/7429912207445900113096649055183,P0/P2,false,pair:P0:P2:N
887,3014,42860860987464845946150571828529987/13327849253709551980231841518027,20213842879305084439917297509527733/13327849253709551980231841518027,P0/P2,false,pair:P0:P2:N
888,3016,53657690248089630053812441864257261/16663470287276418928037906968805,25274997564753628867255415131157659/16663470287276418928037906968805,P0/P1,false,pair:P0:P1:E
889,3023,24656121049510154702356570836754733/7630872481714217049242987985189,11567417327044628991559653866572891/7630872481714217049242987985189,P0/P1,false,pair:P0:P1:SE
890,3027,89950480070440999291775492981651497/27840911843962821789658952133825,14128558251360541681323396981728149/9280303947987607263219650711275,P0/P2,false,pair:P0:P2:SE
891,3033,81259583772302357993576892600155907/25037461196266852130555090136971,38105348932752883275697976149160693/25037461196266852130555090136971,P0/P1,false,pair:P0:P1:W
892,3035,100948683837797921636550881108756319/31240997910975012822616940428679,47862160196012326179542704239314681/31240997910975012822616940428679,P0/P1,false,pair:P0:P1:W
893,3039,62414438179103123136201616641170723/19250408947668121586785107065003,29454279109304062597222907460442581/19250408947668121586785107065003,P1/P2,false,pair:P1:P2:S
894,3041,101151507933834438340790353621616479/31240997910975012822616940428679,47943289834426932861238493244458745/31240997910975012822616940428679,P0/P1,false,pair:P0:P1:W
895,3044,36818518307047045785943084244428689/11273080979188746610186844875753,17099343933325576754950969523853207/11273080979188746610186844875753,P0/P1,false,pair:P0:P1:NW
896,3048,162053042857326325466825262552490455/49773898874524989783757059005759,76170161428762915312788362455026497/49773898874524989783757059005759,P1/P2,false,pair:P1:P2:S
897,3050,81644949554771739731631890374590211/25037461196266852130555090136971,38267608209582096639089554159448821/25037461196266852130555090136971,P0/P2,false,pair:P0:P2:N
898,3056,365613568120421605714690699375456405/112255894696475015428990939863117,57541549522173009269045290659984145/37418631565491671809663646621039,P0/P1,false,pair:P0:P1:NW
899,3057,368087280624855913707567735768836339/112857941732492444383697182399483,173354758547321583737917363707694725/112857941732492444383697182399483,P1/P2,false,pair:P1:P2:N
900,3062,119997423246906338207907600815407285/36768500945926810634916555162477,396408005717737489107055838177677957/257379506621487674444415886137339,P0/P2,false,pair:P0:P2:NW
901,3069,280534851832212167029756328603577425/85793168873829224814805295379113,56745614585983365132001961175588371/36768500945926810634916555162477,P0/P2,false,pair:P0:P2:NW
902,3072,254041965041742671267041841572137391/77357994109275201072475143377751,118907103975613791263502269590587689/77357994109275201072475143377751,P1/P2,false,pair:P1:P2:E
903,3077,108725323093480486469881876060552729/33209504035525814608714800764209,51433750982917232367161541288921679/33209504035525814608714800764209,P0/P1,false,pair:P0:P1:NE
904,3083,122979961098473493221406016195454343/37418631565491671809663646621039,174247241334811161441051652082833715/112255894696475015428990939863117,P1/P2,false,pair:P1:P2:SE
905,3086,119900128704613424227799092225168175/36431414740257521992532797202647,56473167746267332704882467753229225/36431414740257521992532797202647,P1/P2,false,pair:P1:P2:SE
906,3090,464954514942429688667936033404791/141134340711909404356170609119,219885368915230155364481434183329/141134340711909404356170609119,P0/P2,false,pair:P0:P2:NE
907,3091,57481174033517889609266540814757869/17476617693896907302248695167461,27302368207865356408122537142299547/17476617693896907302248695167461,P0/P1,false,pair:P0:P1:NW
908,3094,24593128071641750388092021126538833/7415046146789592914340189494441,34401540345152122316381716219843717/22245138440368778743020568483323,P0/P1,false,pair:P0:P1:NE
909,3099,201006548924876273586203173793130871/60765931869979025773442088211423,94741218097537953702767075041166497/60765931869979025773442088211423,P0/P2,false,pair:P0:P2:SE
910,3103,34184342893073958520874865996626549/10311799414176834665896760866605,5356877899651580318478049738900337/3437266471392278221965586955535,P0/P1,false,pair:P0:P1:E
911,3105,177280261423718653384368160915252973/53607008916145714817428371101925,83958106023030006249060834816380059/53607008916145714817428371101925,P1/P2,false,pair:P1:P2:S
912,3110,34602187699803304989899150262111385/10375239751184526977664447946673,16100972573709841249570794868555727/10375239751184526977664447946673,P0/P1,false,pair:P0:P1:SE
913,3113,80927482775462750584378168957910027/24445219636707141322959351036755,38440676669388339728745679939814189/24445219636707141322959351036755,P1/P2,false,pair:P1:P2:W
914,3120,22223501199489719633863483964083717/6691715289958817963361143548989,1952950361913211100955114956386781/1239206535177558882103915472035,P0/P2,false,pair:P0:P2:SW
915,3124,228474719789029649520212212621938257/68515714045068782959827516654761,107703753647112717502195742409203415/68515714045068782959827516654761,P1/P2,false,pair:P1:P2:E
916,3126,363573055314197452167128971592591109/109255389005714583129273063480637,172473744190622339106101275107466307/109255389005714583129273063480637,P0/P2,false,pair:P0:P2:W
917,3129,375460157724661273367716803522643619/112267082511235998153325471065643,176489326388411505043269116401380437/112267082511235998153325471065643,P1/P2,false,pair:P1:P2:N
918,3130,214296147511109144483806825119246867/64322302097034475475031686402075,20352642730325623864891343396622049/12864460419406895095006337280415,P0/P1,false,pair:P0:P1:W
919,3132,385583731016273835917021797295159845/115256400387235447728708816245597,181375294614364024767924103397709347/115256400387235447728708816245597,P1/P2,false,pair:P1:P2:N
920,3136,91838174463079915605180160500761057/27448093275628703941615774931385,216367472533927024482943119933671651/137240466378143519708078874656925,P0/P1,false,pair:P0:P1:S
921,3137,175426176219209036001086313697908359/52400056473305368602522282714735,247848894034722578278479986566889011/157200169419916105807566848144205,P0/P2,false,pair:P0:P2:NW
922,3145,380686838827667757419416710779315477/113232037438099961848826731321549,178513575302913432302008265536116915/113232037438099961848826731321549,P1/P2,false,pair:P1:P2:S
923,3146,387206323784565969550937577398041125/115256400387235447728708816245597,182024331721680878221490415438861859/115256400387235447728708816245597,P0/P1,false,pair:P0:P1:S
924,3150,967506332979682016608075173223692929/288626287075022749255964748978521,458930019457894207362946417141166631/288626287075022749255964748978521,P0/P2,false,pair:P0:P2:SE
925,3152,1261699862404311893870487362803601823/375710947431345272066112975105479,596690605059868377212080409028736697/375710947431345272066112975105479,P1/P2,false,pair:P1:P2:NE
926,3154,79066416411915400577451109959466769/23441104492851780024822479722345,36996427543009410571020900431309847/23441104492851780024822479722345,P1/P2,false,pair:P1:P2:NE
927,3155,14911581648130278470318341300228645/4428952553784278625826615356253,161294355361318731554025718784365861/101865908737038408394012153193819,P0/P1,false,pair:P0:P1:S
928,3160,9825932515099915981984103357822845/2916178927943857349446902006517,23184645278497518339060469715289271/14580894639719286747234510032585,P0/P1,false,pair:P0:P1:W
929,3162,2350808936046013949213829028890298151/697357134460409662093443003571727,1109091071032981889337774247825859185/697357134460409662093443003571727,P0/P2,false,pair:P0:P2:N
930,3166,2354054121582598216481660589096060711/697357134460409662093443003571727,1110389145247615596244906871908164209/697357134460409662093443003571727,P0/P2,false,pair:P0:P2:N
931,3169,344588970675288538451237630008140115/101865908737038408394012153193819,161943392468635585007592030825518373/101865908737038408394012153193819,P0/P1,false,pair:P0:P1:S
932,3171,579012292126903351503675223198846713/171979129957268455278088668717841,275399968551864621011161595542309999/171979129957268455278088668717841,P0/P1,false,pair:P0:P1:S
933,3172,399650068103905784671786182294517863/117799624848624250512421888712015,186854254601620544800977716295090993/117799624848624250512421888712015,P1/P2,false,pair:P1:P2:N
934,3175,26358192045668352264003482373541291/7826241642969265589020577000435,12559516982594359874144625683186317/7826241642969265589020577000435,P1/P2,false,pair:P1:P2:NW
935,3177,2516943151750645415781016805353608751/742821649264655875912701316082647,1183809284765212373411801243203236009/742821649264655875912701316082647,P0/P1,false,pair:P0:P1:SE
936,3180,143122895364421602825801490064923347/42338236106126403495661627990747,67825721031455006471482957514020773/42338236106126403495661627990747,P0/P2,false,pair:P0:P2:NW
937,3185,3915968198382669586891786656496643737/1153255703864662318964843585712561,1846824070887974808304875278935469519/1153255703864662318964843585712561,P1/P2,false,pair:P1:P2:W
938,3186,832841555231755610648833177482060371/242734928866844428936840489221723,127662927010900557631019855129771703/80911642955614809645613496407241,P0/P2,false,pair:P0:P2:N
939,3189,2030978164916730091296272285060092681/598641308911924993341182781404321,961613364783628676482366488279921375/598641308911924993341182781404321,P0/P2,false,pair:P0:P2:N
940,3191,64752459190936781301956742155974347/18977607276119433579923592038419,30289259518925211719438807392671341/18977607276119433579923592038419,P1/P2,false,pair:P1:P2:SW
941,3196,813567686563718957796796162775080915/238465998229926723764685322133467,381983274995397901992344735197289125/238465998229926723764685322133467,P0/P1,false,pair:P0:P1:E
942,3198,1946887016026860313754161153996863143/571186753426477388815264147464591,305544260350865803865689130139890939/190395584475492462938421382488197,P0/P1,false,pair:P0:P1:E
943,3200,128758496521913825536221270934538443/37847456961819376530043102759443,1280635108330049339616942820962118897/794796596198206907130905157948303,P0/P2,false,pair:P0:P2:NE
944,3213,6603283757293558325624739772787438671/1924533514682438094551965497930999,3100133838153439195168855050412152713/1924533514682438094551965497930999,P0/P1,false,pair:P0:P1:N
945,3215,874094981166342483804704057690603897/253465204602022744750935540478353,45147484112909077453300640298654775/28162800511335860527881726719817,P0/P2,false,pair:P0:P2:N
946,3218,855178217238012268712925504233701291/248832349948652956997651976015347,401456526136971331746065083487969421/248832349948652956997651976015347,P1/P2,false,pair:P1:P2:SE
947,3220,1525121120668043193815441365255821185/444837892065508729207986250264153,721467468692119355587714116783316263/444837892065508729207986250264153,P0/P1,false,pair:P0:P1:N
948,3225,3827006213432961831408973185862057325/1114805847545877629105434400140133,1810240329581586060386858487533877787/1114805847545877629105434400140133,P1/P2,false,pair:P1:P2:SE
949,3229,40935971823337324990782317180027345/11892803110381412684034993482793,96524320383009467407891880680936627/59464015551907063420174967413965,P0/P1,false,pair:P0:P1:NE
950,3232,4548418179494245239120721959542973775/1321215199121537810982026142367223,2146012286647553278032086399791713929/1321215199121537810982026142367223,P0/P1,false,pair:P0:P1:NE
951,3234,5927304388744454659662632841987198061/1718124163106777912675373755703909,2785780105628928141491315435512349467/1718124163106777912675373755703909,P0/P2,false,pair:P0:P2:SW
952,3238,10351196673392593580618510462730432747/3002643897266547082673143376661811,4892171788932533386869035536989897037/3002643897266547082673143376661811,P1/P2,false,pair:P1:P2:W
953,3241,5742066525231941614387332923505164939/1663381579680624457448656968367571,2707371469503532584207584653531545773/1663381579680624457448656968367571,P0/P1,false,pair:P0:P1:SW
954,3246,22271852835471268700606834840926697869/6442790970249757105994768106496645,10509815010061841145831259015961064187/6442790970249757105994768106496645,P0/P2,false,pair:P0:P2:S
955,3248,4091672460203966828440122052363014373/1183856043585750628813172042865693,5795865006881152017427439700281985065/3551568130757251886439516128597079,P1/P2,false,pair:P1:P2:N
956,3254,55350175200908276978980651614969064861/15973470505541497907602305532978197,26085261034788489850365775084638513515/15973470505541497907602305532978197,P0/P1,false,pair:P0:P1:SW
957,3258,26807652188430800896550940164381674439/7719609260096407143879423468095919,741936797811486756744646813530389185/454094662358612184934083733417407,P0/P2,false,pair:P0:P2:W
958,3260,22365314178924895597920383774852659597/6442790970249757105994768106496645,10546161088071584939230972490265604859/6442790970249757105994768106496645,P1/P2,false,pair:P1:P2:E
959,3268,10553005986192470908853490253658470267/3032047101916971043315180272368963,4970981239932321705609434405643143485/3032047101916971043315180272368963,P0/P2,false,pair:P0:P2:SW
960,3269,93493301728695011257703717337803397887/26829641318443699935921715940565031,43916335028762243240376927282590733401/26829641318443699935921715940565031,P1/P2,false,pair:P1:P2:SE
961,3274,4127770762786007882418060494386941473/1184354759020841018663743547358201,216164902774037779076349741150996239/131594973224537890962638171928689,P1/P2,false,pair:P1:P2:S
962,3277,129215857883288873220608574197036325749/37064240703722291694487506191347757,61027015545981756165995710630152851795/37064240703722291694487506191347757,P0/P1,false,pair:P0:P1:N
963,3280,9846827074134727517312096401766336587/2812844558301715646600003158777235,921807792687690016968064039739677129/562568911660343129320000631755447,P0/P1,false,pair:P0:P1:NE
964,3291,27536416994152258620956282552198646559/7839537068639589940474530031283015,12948136099848263790060086351416506681/7839537068639589940474530031283015,P0/P1,false,pair:P0:P1:E
965,3293,83539912223805211897783479327007496873/23835129497158334364239777721576257,39521834993242719607498954237748194367/23835129497158334364239777721576257,P0/P2,false,pair:P0:P2:N
966,3300,652101912258253298960709192990273571/185185915007234408042705433809835,38927485049281348612236746995517041579/23518611205918769821423590093849045,P0/P1,false,pair:P0:P1:E
967,3302,83747604098146605002924699180176300713/23835129497158334364239777721576257,39604911742979276849555442179015715903/23835129497158334364239777721576257,P0/P2,false,pair:P0:P2:N
968,3304,130378932379600674609399405374781627253/37064240703722291694487506191347757,61567014419269378239362882248391741779/37064240703722291694487506191347757,P0/P1,false,pair:P0:P1:S
969,3309,106805629492540814893845956295441989225/30291425954820530757955548142598401,50340711077728990323113363555880353407/30291425954820530757955548142598401,P0/P1,false,pair:P0:P1:SW
970,3310,38927669679403469947900170247648815393/11069710970223212661318077574897401,18484541282199612307210652066114346119/11069710970223212661318077574897401,P1/P2,false,pair:P1:P2:NW
971,3314,50663764780761609384797051658207003161/14346532186818122047003180404914481,23849189460332095181782597179889280591/14346532186818122047003180404914481,P1/P2,false,pair:P1:P2:N
972,3318,39010746429140027189956658188916336929/11069710970223212661318077574897401,18526079657067890928238896036748106887/11069710970223212661318077574897401,P1/P2,false,pair:P1:P2:NW
973,3322,22141690034161576804447602325889010803/6241554565812788944459267767825275,2074214416003967565030329462550006529/1248310913162557788891853553565055,P1/P2,false,pair:P1:P2:W
974,3324,16675542183503986070378272222664102777/4703722241183753964284718018769809,39176715298491020338406210819319606187/23518611205918769821423590093849045,P0/P2,false,pair:P0:P2:S
975,3326,50570912907488341101188469724524501761/14297859199054310858175962785408473,23914748511876886975531978710497306023/14297859199054310858175962785408473,P1/P2,false,pair:P1:P2:W
976,3329,131334315001571082893049016699358124917/37064240703722291694487506191347757,62003167355386303760159443940046229843/37064240703722291694487506191347757,P0/P1,false,pair:P0:P1:E
977,3331,142648130351793523963339866415013313687/40226468023488292382650466707819007,67315421042452189865436204176803888769/40226468023488292382650466707819007,P0/P2,false,pair:P0:P2:SE
978,3335,233513381247894013393722121413764226983/65757305077358535788493867001176719,110096160837299141023492956020845518321/65757305077358535788493867001176719,P1/P2,false,pair:P1:P2:SW
979,3338,108567058231254823349325467378528761781/30607944246060095300771735770325613,17130661048413808716562084825027624881/10202648082020031766923911923441871,P0/P2,false,pair:P0:P2:NE
980,3339,95228138349626002299337870112006370279/26780968330679888747094498321059023,44823046171389677109948249218532414385/26780968330679888747094498321059023,P1/P2,false,pair:P1:P2:SW
981,3340,81889218467997181249350272845483978777/22953992415299682193417260871792433,38254109197537928070210243961981954127/22953992415299682193417260871792433,P0/P2,false,pair:P0:P2:NE
982,3343,221312160943378145998389787003975113585/62127804942501069849979012501660873,103917105633097832857148563733386079927/62127804942501069849979012501660873,P0/P2,false,pair:P0:P2:N
983,3349,234302610370391307193258756855805681575/65757305077358535788493867001176719,110470006211113648612747151756549365233/65757305077358535788493867001176719,P0/P2,false,pair:P0:P2:NW
984,3353,27720914589941158133534840016852578303/7769466138000335117970154461801767,13056667106021969168627059122338383705/7769466138000335117970154461801767,P0/P1,false,pair:P0:P1:N
985,3360,349124719962721594637126518346147316987/97612596770760780570663188327476931,164539867377984829917809327604246484925/97612596770760780570663188327476931,P1/P2,false,pair:P1:P2:NE
986,3365,284432701482352010389934674473196014533/79315389827786876749123490606253053,133780824893100302841557976640473126275/79315389827786876749123490606253053,P0/P2,false,pair:P0:P2:NE
987,3369,154814409590663027643284494858170620621/42984846554432981380225336595927493,72270685383923403386773189169224606651/42984846554432981380225336595927493,P0/P2,false,pair:P0:P2:N
988,3371,121591402014740920979527787079891916137/33850335653044124967671401157179393,8170023515998940865280161790552684233/4835762236149160709667343022454199,P1/P2,false,pair:P1:P2:E
989,3375,121757555514214035463640762962426959209/33850335653044124967671401157179393,286283130058909159253031614434414034299/169251678265220624838357005785896965,P1/P2,false,pair:P1:P2:E
990,3381,547755021321081138217905914780035133225/152240346987088579761101040059026369,258885968115460187500257664570956401599/152240346987088579761101040059026369,P0/P1,false,pair:P0:P1:NE
991,3383,286094236477083155231064433298546445253/79315389827786876749123490606253053,134570054015597596641094612082514580867/79315389827786876749123490606253053,P1/P2,false,pair:P1:P2:SE
992,3385,391733155165026418938881864631595169637/108965040421583804896003346023661213,185878536527430994842681085247386733283/108965040421583804896003346023661213,P0/P1,false,pair:P0:P1:NE
993,3392,55964389089125579004467619767107287671/15489437553894953999857680263609567,26413613015491236245244790342126558113/15489437553894953999857680263609567,P1/P2,false,pair:P1:P2:S
994,3399,486956920806344917594316701907638633651/134437748430883454583596919150010811,229705228294022119671220195066917955781/134437748430883454583596919150010811,P0/P1,false,pair:P0:P1:S
995,3401,341205794097940039978478053327267537487/94272150430982296959654039031018231,161329034935819756547995271114894416265/94272150430982296959654039031018231,P0/P1,false,pair:P0:P1:S
996,3404,27981311370862816621522934610490716031/7758680857698282546819951728181415,2676292154366190294248560171959562437/1551736171539656509363990345636283,P0/P2,false,pair:P0:P2:E
997,3407,126896772151255305727911126775689120481/34841853995838781348542309828639417,19792658136762048306572875004119010029/11613951331946260449514103276213139,P1/P2,false,pair:P1:P2:W
998,3412,601627231725902464591116043503681419681/165416623538673362583312279677229945,283778605571052950792557094870183895047/165416623538673362583312279677229945,P0/P2,false,pair:P0:P2:S
999,3414,549355258914348383547525985432735835275/150723733548071854646962972684586963,258481413231812697319362889266283884205/150723733548071854646962972684586963,P1/P2,false,pair:P1:P2:SW
1000,3418,744322765347527490458567936933520300661/204121456422561017280681538807289645,70024542421865110870357440783396489335/40824291284512203456136307761457929,P1/P2,false,pair:P1:P2:SW
1001,3419,460423546904735577557837431924406215131/126767638977788930073507466932676771,218797730087014138564260512108463648221/126767638977788930073507466932676771,P0/P2,false,pair:P0:P2:SE
1002,3424,252817663654885524984884174801926431709/69386805212216001727008721500692565,119660593593265156803639231914956459307/69386805212216001727008721500692565,P0/P2,false,pair:P0:P2:S
1003,3426,417478919461512497791447659448807584287/114129319662124047003883577242139207,195717177015995284536012868219724343865/114129319662124047003883577242139207,P0/P2,false,pair:P0:P2:S
1004,3430,461918928399993607914854214867221602779/126767638977788930073507466932676771,219462344084906596500712415638603820509/126767638977788930073507466932676771,P0/P2,false,pair:P0:P2:SE
1005,3431,746815067839624207720262575171545946741/204121456422561017280681538807289645,351285786605637355740578035094727748179/204121456422561017280681538807289645,P1/P2,false,pair:P1:P2:SW
1006,3435,551847561406445100809220623670761481355/150723733548071854646962972684586963,259644487728124498708153720444029185709/150723733548071854646962972684586963,P1/P2,false,pair:P1:P2:SW
1007,3437,748480135529155244084235835089148088679/204065608099557795093117092421783119,351417937046661594766661291752464831025/204065608099557795093117092421783119,P0/P2,false,pair:P0:P2:SE
1008,3445,234028277533541356498703207026526246821/63629777182657670756968617601193181,36695972592134878596322646534475089633/21209925727552556918989539200397727,P0/P1,false,pair:P0:P1:SW
1009,3448,89634619883858926696806025576632898263/24193031224690298914650062062495295,41511798480587004662381227629799244353/24193031224690298914650062062495295,P0/P2,false,pair:P0:P2:NW
1010,3449,751969359018090648250608328622383993191/204065608099557795093117092421783119,353162548791129296849847538519082783281/204065608099557795093117092421783119,P1/P2,false,pair:P1:P2:NE
1011,3451,584161875993459326998950604446355731557/158828485262880971172206659868128157,275901508078767217459514216490283832803/158828485262880971172206659868128157,P0/P2,false,pair:P0:P2:N
1012,3452,137705094571979010441749944840528734497/37876415636895961459909551762956025,66952192439582080222521474250131119239/37876415636895961459909551762956025,P0/P1,false,pair:P0:P1:W
1013,3457,1071394169278730675054155893223789353245/290146997854430202228696658384651157,503587298157432861483407511195854424555/290146997854430202228696658384651157,P0/P2,false,pair:P0:P2:SE
1014,3462,1190696348437600276857671267743070614605/322342611421653779579413621576789829,560836306350444968387533727885069190715/322342611421653779579413621576789829,P0/P1,false,pair:P0:P1:S
1015,3466,1113376942324662068776834029830683681325/300878869043504728012268979448697381,1571333972654772981036608267927478901265/902636607130514184036806938346092143,P0/P2,false,pair:P0:P2:NE
1016,3468,2307718090127654948882213480729852560107/624692597593032803944307174339465011,1092118919661826395374919771213053247309/624692597593032803944307174339465011,P1/P2,false,pair:P1:P2:NE
1017,3472,736891449679735012947534240093198636745/198994083262782128796149539987120737,347517694676695313022942170151740712223/198994083262782128796149539987120737,P0/P1,false,pair:P0:P1:W
1018,3473,2152689193235907039055596699652779509917/578829381702390108369007165060400917,1004374250326620440820525292336827221611/578829381702390108369007165060400917,P0/P2,false,pair:P0:P2:E
1019,3482,909463254157172399015303795991867084517/244514692235602943324858652800379421,427512335352292585604500832039420125027/244514692235602943324858652800379421,P0/P2,false,pair:P0:P2:NE
1020,3485,1479791920696882396053424826662961699337/398401906763716726705008535363199905,699468108593633661811684776849458938847/398401906763716726705008535363199905,P0/P1,false,pair:P0:P1:E
1021,3491,1733388063190599586690617993507349573403/465175687705662800530430370183373795,816612782244628464164101447297789514397/465175687705662800530430370183373795,P1/P2,false,pair:P1:P2:NE
1022,3496,208708493811545030285441281993559707903/56023355304726905430440022303483431,98734536778203292484861868556872175193/56023355304726905430440022303483431,P0/P1,false,pair:P0:P1:S
1023,3502,1321287987550649189611350657761351535901/353128977096208989669550325576406933,621802164679791710940185324304605853163/353128977096208989669550325576406933,P1/P2,false,pair:P1:P2:SW
1024,3506,7948687184336963669474432292932555271249/2125557095702475781175886346456347305,3752232924204824109793266234578301186263/2125557095702475781175886346456347305,P0/P1,false,pair:P0:P1:NW
1025,3509,4769098434736156337549288450478950031823/1274151226089724431943180582466553463,2249012785795354290101538757117380838921/1274151226089724431943180582466553463,P1/P2,false,pair:P1:P2:SW
1026,3511,2052397583805492626251101628776772836553/548366568398195566753557144092358753,323390920380697196732045340392214425525/182788856132731855584519048030786251,P0/P2,false,pair:P0:P2:W
1027,3513,1441259933476618341473173595666396545461/383691949478751311009429244033997933,675321256798525914359747104993408779539/383691949478751311009429244033997933,P0/P2,false,pair:P0:P2:W
1028,3522,1217895915558258734077562452567604091085/324273147179287945031797054878425029,575566921028224649224914498714224661947/324273147179287945031797054878425029,P0/P1,false,pair:P0:P1:NE
1029,3524,2774523470572570401144313205531786727541/736976502455656594490764330232077613,1305322363223612725572872895105954079827/736976502455656594490764330232077613,P0/P2,false,pair:P0:P2:SE
1030,3526,1329595662524304913816999451888103689501/353128977096208989669550325576406933,625789848667146458558896745485446886891/353128977096208989669550325576406933,P1/P2,false,pair:P1:P2:SW
1031,3531,2174731154737818132973769084579515191577/577222398315116611391310414790340657,1025380293765206834053507544423916793679/577222398315116611391310414790340657,P0/P2,false,pair:P0:P2:S
1032,3533,1217539466507984958604821062330959084931/322463537441284943143309876060645899,2858145195341532415915274979734913145417/1612317687206424715716549380303229495,P0/P1,false,pair:P0:P1:S
1033,3538,4574323299574427919097062637595360638297/1212714129563247201639853224308025969,719602472653972859846376480210301568773/404238043187749067213284408102675323,P1/P2,false,pair:P1:P2:W
1034,3543,1213780876494864500684091887040585990263/320119035972202090749567991675720415,1703077480317028161040094528591863107811/960357107916606272248703975027161245,P0/P2,false,pair:P0:P2:S
1035,3548,2338675952926184766570720315777805936195/617243515375135711345889628691657931,3298514115732315883710147949263259019551/1851730546125407134037668886074973793,P0/P2,false,pair:P0:P2:W
1036,3553,3654634909442442660781313731724561416549/960357107916606272248703975027161245,341678878460033564906341951366596897223/192071421583321254449740795005432249,P0/P2,false,pair:P0:P2:N
1037,3557,1341558714486369156673133715430626790685/353128977096208989669550325576406933,11907674729250681548122867428803174815/6662810888607716786217930671252961,P0/P1,false,pair:P0:P1:SW
1038,3563,64860593158548404957652176544639623071/17067007746278312896410371309390791,582711521505568572041772461663231514043/324273147179287945031797054878425029,P0/P2,false,pair:P0:P2:SW
1039,3564,189321397223106383214810384576587292619/51439896626708393189349464620501267,96840624628793036210729557777045591405/51439896626708393189349464620501267,P0/P1,false,pair:P0:P1:S
1040,3569,8161831719549957662253851582450360750937/2142026376966073873824879111748933745,3852305661722496492028360590533965260559/2142026376966073873824879111748933745,P1/P2,false,pair:P1:P2:N
1041,3571,8037277404167145579844177206098388010313/2109087814438877688526893581163760865,759143362046384528366356608226582865235/421817562887775537705378716232752173,P1/P2,false,pair:P1:P2:N
1042,3573,3347384061825158036849435357168849790419/877560303777784480791232053379593691,1580614183807816581989281167170640544933/877560303777784480791232053379593691,P0/P2,false,pair:P0:P2:NW
1043,3575,6308095813540139531417473234599779022137/1651371842598794305276062063359086417,2973402595987822565072108136038251642927/1651371842598794305276062063359086417,P1/P2,false,pair:P1:P2:N
1044,3580,2094102112173244361763458575293068647625/548366568398195566753557144092358753,989945027579392213805580151198313402143/548366568398195566753557144092358753,P0/P2,false,pair:P0:P2:W
1045,3581,6058987182774515366598124481895833540889/1585494717544401934680091002188740657,2860224893006674864678953037236149774159/1585494717544401934680091002188740657,P1/P2,false,pair:P1:P2:N
1046,3589,83652241694025711999296824711465720251/21813725994322049249376445085533571,748612704842883629189240421135144448711/414460793892118935738152456625137849,P0/P1,false,pair:P0:P1:NE
1047,3590,2721403015849678010395523818849739341687/709579741962249398740183102337169887,8972938058697170925569261961601649989223/4967058193735745791181281716360189209,P1/P2,false,pair:P1:P2:N
1048,3596,19076405670863444390226742873153782283329/4967058193735745791181281716360189209,8983571882663450252552492418083892745831/4967058193735745791181281716360189209,P1/P2,false,pair:P1:P2:N
1049,3598,2218717851572464285764997624748985312421/576730544530849850408376216937454045,1042892248578798056278323443948335271843/576730544530849850408376216937454045,P1/P2,false,pair:P1:P2:N
1050,3601,19102990230779142707684819014359389174849/4967058193735745791181281716360189209,8994205706629729579535722874566135502439/4967058193735745791181281716360189209,P1/P2,false,pair:P1:P2:N
1051,3602,1594044890171735733541802994228829890785/414460793892118935738152456625137849,750606546836561002998596131725564965575/414460793892118935738152456625137849,P0/P1,false,pair:P0:P1:NE
1052,3608,1612937249584049533525271808923527344803/418578114208018458900400647948284459,759009381268667650146072132460976676949/418578114208018458900400647948284459,P0/P1,false,pair:P0:P1:NW
1053,3611,3246908397533024246939608604468007140491/838818195383748689436163739764549587,504433896794777569357119935089801578383/279606065127916229812054579921516529,P0/P2,false,pair:P0:P2:SW
1054,3613,4764737613621142816640154552395349085239/1235097819091502660242135008023791775,448402406401345093396526273916543116077/247019563818300532048427001604758355,P0/P2,false,pair:P0:P2:S
1055,3620,5584914480141714409321120162414883302063/1443234456648074573829864981384891479,2626686530336613726018116256741565943849/1443234456648074573829864981384891479,P0/P1,false,pair:P0:P1:N
1056,3622,827154236431421253414494605128005564629/214608718920401169122744845115659917,131006540318278064108005920648112799313/71536239640133723040914948371886639,P0/P1,false,pair:P0:P1:N
1057,3627,8191929502882650086478172201404083456225/2113527094572645010961070175562483897,3855318350062529135771118024250424382151/2113527094572645010961070175562483897,P1/P2,false,pair:P1:P2:SW
1058,3630,11716830305066212753251501252546971975973/3028960535041107413179667428398023261,5546318888805582709634632068261212120867/3028960535041107413179667428398023261,P1/P2,false,pair:P1:P2:SW
1059,3632,6687593375411776572867530867380508731991/1725752353458782228790952056413639103,3155475025631807206634382807645718156993/1725752353458782228790952056413639103,P0/P1,false,pair:P0:P1:W
1060,3635,6415725170628565328985316228916660275495/1651371094204646487417594954745991183,3015348712653856732672312565081257341041/1651371094204646487417594954745991183,P0/P2,false,pair:P0:P2:W
1061,3637,6458922926357532799656257974459770551777/1664315256932304998487624698255111609,3045331237861597757978416385255036855751/1664315256932304998487624698255111609,P0/P2,false,pair:P0:P2:W
1062,3641,6429017450586414487714354299519463721255/1651371094204646487417594954745991183,3020665624636996396163927793322378719345/1651371094204646487417594954745991183,P0/P2,false,pair:P0:P2:W
1063,3643,6472215206315381958385296045062573997537/1664315256932304998487624698255111609,3050648149844737421470031613496158234055/1664315256932304998487624698255111609,P0/P2,false,pair:P0:P2:W
1064,3647,1861259768437109065621092189944783002435/476289774041860548175907189344248267,869424446514898137860815178955523711157/476289774041860548175907189344248267,P0/P1,false,pair:P0:P1:NW
1065,3649,6492393010671378312103518606599142698595/1665620735401360918849499422839216107,3056377664348957718733855674151998806677/1665620735401360918849499422839216107,P1/P2,false,pair:P1:P2:NW
1066,3652,4765164997333854954150372984209126647547/1220848177894788228810230539930566851,2236872236197817209489491051139543418301/1220848177894788228810230539930566851,P1/P2,false,pair:P1:P2:NW
1067,3657,2922926649003236540522545090521463800325/744442536330075273834850851020849213,1359861331081398567947853904080475945283/744442536330075273834850851020849213,P0/P1,false,pair:P0:P1:S
1068,3658,4967678270185112547413788167738035498549/1268035633224551027681653429995869421,258583857800609369561152808602663196347/140892848136061225297961492221763269,P0/P2,false,pair:P0:P2:NE
1069,3664,7700443913600982593522046133842671717187/1967495095203199349923122549219561931,10889339943891711564926103396995795505695/5902485285609598049769367647658685793,P1/P2,false,pair:P1:P2:E
1070,3667,996769785453663658255465015859468372159/253504161152549581663785434211756007,465903547188409949744884664491203128473/253504161152549581663785434211756007,P0/P1,false,pair:P0:P1:W
1071,3675,10668919255243083289682674136710362279661/2711270464069699510440751965687308517,1671571904649951098150657817950424351113/903756821356566503480250655229102839,P1/P2,false,pair:P1:P2:SW
1072,3679,2263098306662193265964946553853330016515/575417426631688289812519479038519691,1068207939380388724106676823701865330933/575417426631688289812519479038519691,P1/P2,false,pair:P1:P2:SW
1073,3682,1260642808165684538456133037903770603611/315225098489272935589361160789529379,572492861175945267426914573131518804829/315225098489272935589361160789529379,P0/P1,false,pair:P0:P1:N
1074,3685,28853276398884409450704085073327296606335/7325956703306765854040988286791915943,13637885889125375948475863771832369519321/7325956703306765854040988286791915943,P0/P2,false,pair:P0:P2:NW
1075,3688,14200653495076970045289776108813180847171/3589468752899284865419209242708157131,950093811126239534378977166697958472547/512781250414183552202744177529736733,P0/P2,false,pair:P0:P2:N
1076,3692,2272176163667637804179733384075900718621/575250784486260742930317352137879701,1071320352482114501680716772766017772779/575250784486260742930317352137879701,P0/P2,false,pair:P0:P2:N
1077,3695,10004822032830773967301311506267384984411/2533865972145912704338206676996357667,4737489447628140903950900325669496887389/2533865972145912704338206676996357667,P1/P2,false,pair:P1:P2:SE
1078,3697,271105535670029227990470509656921120469/69011547410988077088826439395183757,130018337067974164889410117757876667635/69011547410988077088826439395183757,P1/P2,false,pair:P1:P2:SE
1079,3701,2463702461291693632099089336682945862999/621993395774040521823191118056066239,3482435076974295326108850317314137527107/1865980187322121565469573354168198717,P0/P2,false,pair:P0:P2:SW
1080,3705,5077337425703325811729920266295163003631/1280979795952209538751683173504989847,2389138717312063332306170467044476551657/1280979795952209538751683173504989847,P0/P2,false,pair:P0:P2:SW
1081,3707,29012783758378599355452541920560937955455/7325956703306765854040988286791915943,13714981112880901069104284581328629504729/7325956703306765854040988286791915943,P0/P1,false,pair:P0:P1:NW
1082,3708,17790690777322078180232255673741808096019/4479013867912430245497747008525455643,8353470477983633721040952151804076624229/4479013867912430245497747008525455643,P0/P2,false,pair:P0:P2:SW
1083,3712,1593089293089025810952290592484924021553/401887930156260624860281205772742281,753470726675127014829597108599210657015/401887930156260624860281205772742281,P0/P2,false,pair:P0:P2:S
1084,3714,4370265400473108217716392805042322394315/1099017964473968209920758756224167443,10269177091597117959477873754413597487649/5495089822369841049603793781120837215,P1/P2,false,pair:P1:P2:E
1085,3722,7151399089957967311977453498268968470561/1790584552004590865838727761256031737,10040989687981341982074548743954476007573/5371753656013772597516183283768095211,P1/P2,false,pair:P1:P2:S
1086,3724,4516689056404074297273499731882067179931/1133934058739191095164927279970470499,709971984595591804441785992166399064415/377978019579730365054975759990156833,P0/P2,false,pair:P0:P2:SW
1087,3726,14679315181358692442255637360249632027765/3699718813899756163803234955995668781,6998337942312861324528315068039101538387/3699718813899756163803234955995668781,P1/P2,false,pair:P1:P2:S
1088,3735,17507139734418189977518778081519709766243/4386854703288464670373729226078014443,24831472108865398947264063133720672859071/13160564109865394011121187678234043329,P0/P1,false,pair:P0:P1:NE
1089,3738,22114386085768503120971622936620893929891/5552347316941496573597398663806445867,10530621615898361629659182502442352109909/5552347316941496573597398663806445867,P0/P2,false,pair:P0:P2:NE
1090,3742,22638587463152844084508341230340379586545/5656736899503689128556058215024575817,10682708920069018963933307750042410946103/5656736899503689128556058215024575817,P1/P2,false,pair:P1:P2:S
1091,3743,10199946053717384733293441912384222484911/2552259970309176948671793384223908695,24152498667284503845232043834441224658381/12761299851545884743358966921119543475,P0/P2,false,pair:P0:P2:N
1092,3750,76322632239962975537567771468114501716765/19020804505385730946805937108084958613,35933213814446736357300243010081698949099/19020804505385730946805937108084958613,P1/P2,false,pair:P1:P2:NW
1093,3753,63914189392362057231459124330052765953391/15916373235184332864394917023507915031,3342975447079036426107869690623944890465/1768485915020481429377213002611990559,P0/P1,false,pair:P0:P1:SE
1094,3755,23377184999506141485193140023123360080077/5828275408904937389272008923568203717,11039893685678017052695644301915013991867/5828275408904937389272008923568203717,P0/P2,false,pair:P0:P2:NE
1095,3762,9033953588594723699312890986677800327827/2239669399849146985417382165376969883,29646785772276201252027429609016148459843/15677685798944028897921675157638789181,P0/P2,false,pair:P0:P2:S
1096,3764,75706149418935152922418605799966806241855/18860469846064572236723775673137763687,35976876009304824499230367037652421885721/18860469846064572236723775673137763687,P1/P2,false,pair:P1:P2:W
1097,3770,214992481559270388699840914865449813068923/53304302921210362239574187815319669315,20276373260811121187483718000603187222745/10660860584242072447914837563063933863,P0/P1,false,pair:P0:P1:SW
1098,3771,186286968508962255716502302323385084799657/46188905747558763904407911646271109953,87950604980481766212347840244269589830719/46188905747558763904407911646271109953,P0/P2,false,pair:P0:P2:E
1099,3773,280122856923728387655548131703307162183265/69405118371572060661825632005565794873,132031267906839229767201034882358044463431/69405118371572060661825632005565794873,P0/P2,false,pair:P0:P2:E
1100,3781,98701283729753281110575784851284017061315/24425835565827592459604963897092309067,46642119081189298420866111742433122042421/24425835565827592459604963897092309067,P0/P2,false,pair:P0:P2:SW
1101,3787,98913960209078867650240393980928872193475/24425835565827592459604963897092309067,46748457320852091690698416307255549608501/24425835565827592459604963897092309067,P0/P2,false,pair:P0:P2:SE
1102,3788,216055863955898321398163960513674088729723/53304302921210362239574187815319669315,101892289854437013632613651914163588430909/53304302921210362239574187815319669315,P0/P1,false,pair:P0:P1:NW
1103,3791,63737464846578194263402068361410011855365/15677685798944028897921675157638789181,4268675699933478063665499950232212729317/2239669399849146985417382165376969883,P0/P2,false,pair:P0:P2:S
1104,3794,188442438646186316809078085798077632103/44746660136468907639056096830538575,403985401787058606695515420346464883189/223733300682344538195280484152692875,P0/P2,false,pair:P0:P2:S
1105,3797,113185976111799997997034213190681116115745/27797673011062258628260212230753298681,17689032261738110560916028445614096860717/9265891003687419542753404076917766227,P0/P2,false,pair:P0:P2:SW
1106,3801,87515234396859267468493128328505197969/21496493170382682182794185517865449,5552618161659800252289571155690027855521/2902026578001662094677215044911835615,P0/P2,false,pair:P0:P2:SW
1107,3803,156637553406107083185905889409204291775375/38467305103932773085816919895160736311,1890483672865525958247153156104787746831/986341156511096745790177433209249649,P1/P2,false,pair:P1:P2:N
1108,3805,26993361410924983581720631729433376962757/6625878792950008824796091776832956669,190445252584247602380038066591106669746093/99388181894250132371941376652494350035,P0/P2,false,pair:P0:P2:SW
1109,3809,91625314351660587353997697123092070890605/22453571686384586200307536862172877413,42987526100736577636760120414933225493275/22453571686384586200307536862172877413,P1/P2,false,pair:P1:P2:N
1110,3813,339272314208569501574276445461575311502087/83487154225951854822270271494907152111,161404544845560109429108094067586861959569/83487154225951854822270271494907152111,P0/P1,false,pair:P0:P1:SW
1111,3817,794970668297260082947847464003149941443383/194517536875001398442597824460065419167,374179281746612942809397820802101529856225/194517536875001398442597824460065419167,P0/P1,false,pair:P0:P1:SE
1112,3818,573945299847971066847736541694501575882413/140541428390474769087947840315880485541,270735903575710084067683781846058053538523/140541428390474769087947840315880485541,P0/P2,false,pair:P0:P2:SW
1113,3823,336852493656295546299796167531756550866741/82452249783390893510020656052503184877,159302252577805714110922290771756598156179/82452249783390893510020656052503184877,P0/P1,false,pair:P0:P1:NE
1114,3825,190897806943173697731391746730751978143697/46417818938081911860652472473954335273,88929781844941135774030708564710162442583/46417818938081911860652472473954335273,P0/P2,false,pair:P0:P2:N
