token_index,batch,time_a,time_b,pair,mixed_with_wall,events
1,1,1/2,0,P0/P2,false,pair:P0:P2:E
2,3,2,1/2,P1/P2,false,pair:P1:P2:N
3,6,16/3,13/6,P0/P2,false,pair:P0:P2:NE
4,9,12,11/2,P1/P2,true,pair:P1:P2:N|wall:P0:N
5,11,14,41/6,P0/P1,false,pair:P0:P1:SE
6,14,18,79/10,P1/P2,false,pair:P1:P2:N
7,17,62/3,49/6,P0/P1,false,pair:P0:P1:N
8,18,21,9,P1/P2,false,pair:P1:P2:N
9,19,106/5,19/2,P0/P1,false,pair:P0:P1:N
10,23,24,23/2,P0/P1,false,pair:P0:P1:W
11,24,82/3,19/2,P0/P2,false,pair:P0:P2:NW
12,25,74/3,73/6,P1/P2,false,pair:P1:P2:N
13,30,61/2,13,P0/P2,false,pair:P0:P2:W
14,34,106/3,89/6,P0/P1,false,pair:P0:P1:W
15,38,350/9,35/2,P0/P2,false,pair:P0:P2:NE
16,39,282/7,35/2,P0/P1,false,pair:P0:P1:W
17,43,298/7,277/14,P0/P2,false,pair:P0:P2:N
18,49,53,47/2,P0/P1,false,pair:P0:P1:NE
19,53,306/5,829/30,P0/P2,false,pair:P0:P2:S
20,58,686/11,625/22,P0/P2,false,pair:P0:P2:S
21,60,200/3,181/6,P0/P2,false,pair:P0:P2:SE
22,65,72,197/6,P0/P2,false,pair:P0:P2:SE
23,68,232/3,71/2,P0/P2,false,pair:P0:P2:SW
24,74,248/3,229/6,P0/P2,false,pair:P0:P2:SW
25,76,87,81/2,P0/P2,false,pair:P0:P2:SE
26,80,278/3,233/6,P0/P2,false,pair:P0:P2:E
27,81,452/5,411/10,P0/P1,false,pair:P0:P1:N
28,90,1134/11,1057/22,P0/P2,false,pair:P0:P2:W
29,94,108,491/10,P0/P1,false,pair:P0:P1:N
30,97,114,99/2,P0/P2,false,pair:P0:P2:N
31,102,794/7,765/14,P1/P2,false,pair:P1:P2:W
32,105,1302/11,1201/22,P0/P1,false,pair:P0:P1:E
33,107,122,313/6,P0/P1,false,pair:P0:P1:E
34,112,1362/11,1321/22,P0/P2,false,pair:P0:P2:NW
35,120,1238/9,385/6,P0/P2,false,pair:P0:P2:SW
36,121,146,361/6,P0/P1,false,pair:P0:P1:NE
37,132,150,3539/50,P0/P2,false,pair:P0:P2:NE
38,136,621/4,297/4,P0/P2,false,pair:P0:P2:NE
39,141,2164/13,2043/26,P0/P1,false,pair:P0:P1:N
40,145,1516/9,159/2,P0/P1,false,pair:P0:P1:NW
41,149,872/5,811/10,P0/P2,false,pair:P0:P2:NW
42,153,1622/9,1531/18,P1/P2,false,pair:P1:P2:NW
43,156,1636/9,517/6,P1/P2,false,pair:P1:P2:NW
44,164,194,4197/46,P0/P2,false,pair:P0:P2:S
45,168,3354/17,3203/34,P0/P2,false,pair:P0:P2:SW
46,172,3882/19,3777/38,P0/P2,false,pair:P0:P2:N
47,176,3980/19,3733/38,P0/P2,false,pair:P0:P2:NE
48,181,2370/11,203/2,P0/P1,false,pair:P0:P1:E
49,182,10098/47,9589/94,P1/P2,false,pair:P1:P2:NE
50,186,6398/29,5855/58,P0/P1,false,pair:P0:P1:S
51,190,10034/45,9623/90,P0/P1,false,pair:P0:P1:SE
52,194,15734/69,14887/138,P1/P2,false,pair:P1:P2:NE
53,196,26022/113,24731/226,P0/P2,false,pair:P0:P2:E
54,201,33782/145,6431/58,P0/P1,false,pair:P0:P1:SW
55,204,14382/61,13791/122,P1/P2,false,pair:P1:P2:NE
56,206,1658/7,27005/238,P1/P2,false,pair:P1:P2:NE
57,208,7934/33,7451/66,P0/P1,false,pair:P0:P1:SW
58,213,24230/97,22443/194,P0/P1,false,pair:P0:P1:SE
59,216,4278/17,235/2,P1/P2,false,pair:P1:P2:SE
60,219,35198/141,34223/282,P0/P1,false,pair:P0:P1:E
61,221,3782/15,3613/30,P1/P2,false,pair:P1:P2:S
62,224,18758/73,17923/146,P0/P1,false,pair:P0:P1:NE
63,226,19078/73,17923/146,P1/P2,false,pair:P1:P2:E
64,228,16874/63,5063/42,P1/P2,false,pair:P1:P2:E
65,236,3630/13,267/2,P1/P2,false,pair:P1:P2:N
66,242,22802/79,21781/158,P0/P1,false,pair:P0:P1:NE
67,244,65538/227,63713/454,P1/P2,false,pair:P1:P2:NE
68,246,58074/199,55725/398,P0/P1,false,pair:P0:P1:NE
69,255,30178/99,3161/22,P0/P2,false,pair:P0:P2:SE
70,256,17534/57,16387/114,P0/P1,false,pair:P0:P1:S
71,261,23662/77,22735/154,P0/P1,false,pair:P0:P1:W
72,262,69634/227,68065/454,P1/P2,false,pair:P1:P2:NE
73,271,145402/455,19819/130,P0/P1,false,pair:P0:P1:S
74,272,16958/53,48533/318,P1/P2,false,pair:P1:P2:W
75,275,160910/501,51917/334,P0/P2,false,pair:P0:P2:SW
76,280,124346/375,116669/750,P0/P1,false,pair:P0:P1:E
77,285,286966/849,90697/566,P0/P2,false,pair:P0:P2:SW
78,289,47194/135,41453/270,P0/P2,false,pair:P0:P2:W
79,290,132590/389,125847/778,P0/P1,false,pair:P0:P1:SW
80,300,681674/1935,43243/258,P0/P1,false,pair:P0:P1:E
81,302,8082/23,7821/46,P1/P2,false,pair:P1:P2:S
82,307,402826/1135,391781/2270,P0/P1,false,pair:P0:P1:S
83,309,32038/89,394903/2314,P1/P2,false,pair:P1:P2:S
84,310,24758/69,23719/138,P0/P1,false,pair:P0:P1:S
85,318,15922/43,681413/3870,P0/P1,false,pair:P0:P1:W
86,327,739018/1935,701893/3870,P0/P1,false,pair:P0:P1:E
87,332,347158/897,25303/138,P1/P2,false,pair:P1:P2:SW
88,334,40154/103,37645/206,P0/P1,false,pair:P0:P1:SE
89,335,245482/639,80135/426,P1/P2,false,pair:P1:P2:S
90,337,722194/1851,684457/3702,P1/P2,false,pair:P1:P2:S
91,345,226402/563,211793/1126,P0/P1,false,pair:P0:P1:NE
92,348,79706/199,76973/398,P1/P2,false,pair:P1:P2:SE
93,351,327602/811,941291/4866,P0/P2,false,pair:P0:P2:NE
94,354,121522/299,347371/1794,P1/P2,false,pair:P1:P2:SE
95,361,187754/447,59463/298,P0/P2,false,pair:P0:P2:E
96,363,663218/1579,1897963/9474,P0/P2,false,pair:P0:P2:E
97,368,776998/1817,748915/3634,P0/P1,false,pair:P0:P1:W
98,373,874406/2009,841139/4018,P1/P2,false,pair:P1:P2:SW
99,382,579774/1277,545727/2554,P0/P2,false,pair:P0:P2:W
100,384,23266/51,108437/510,P0/P2,false,pair:P0:P2:NW
101,390,5412982/11793,1737993/7862,P0/P1,false,pair:P0:P1:NE
102,391,1879214/4069,1784503/8138,P1/P2,false,pair:P1:P2:NE
103,394,201974/433,189051/866,P0/P1,false,pair:P0:P1:N
104,398,6415062/13729,6111307/27458,P1/P2,false,pair:P1:P2:E
105,404,9096382/19197,2899093/12798,P0/P1,false,pair:P0:P1:SW
106,409,4362538/9055,4144821/18110,P0/P2,false,pair:P0:P2:SW
107,414,9342142/19197,993671/4266,P1/P2,false,pair:P1:P2:NE
108,415,410130/827,374697/1654,P0/P1,false,pair:P0:P1:NW
109,418,11440210/23451,11019209/46902,P0/P1,false,pair:P0:P1:W
110,422,16497794/33507,15664865/67014,P0/P2,false,pair:P0:P2:E
111,424,5096470/10369,4904939/20738,P0/P1,false,pair:P0:P1:W
112,426,632198/1257,193569/838,P0/P1,false,pair:P0:P1:W
113,432,8940718/17893,8582327/35786,P0/P1,false,pair:P0:P1:SW
114,436,2357394/4603,6595003/27618,P0/P2,false,pair:P0:P2:S
115,437,5252118/10369,5036011/20738,P1/P2,false,pair:P1:P2:N
116,438,13936290/27667,13549041/55334,P0/P2,false,pair:P0:P2:S
117,440,438914/867,422497/1734,P0/P2,false,pair:P0:P2:SW
118,442,923298/1811,4382389/18110,P0/P2,false,pair:P0:P2:SW
119,443,14605810/28683,4645427/19122,P1/P2,false,pair:P1:P2:NW
120,451,20396526/39365,19690327/78730,P0/P1,false,pair:P0:P1:NE
121,459,14108958/26509,13415919/53018,P0/P2,false,pair:P0:P2:NE
122,460,23710266/44791,22928189/89582,P1/P2,false,pair:P1:P2:S
123,463,56832754/106379,54264089/212758,P0/P1,false,pair:P0:P1:NE
124,468,1574058/2911,1503669/5822,P0/P1,false,pair:P0:P1:N
125,470,24288786/44603,22885545/89206,P0/P2,false,pair:P0:P2:SE
126,474,6892426/12783,20155055/76698,P0/P2,false,pair:P0:P2:SE
127,484,48587962/87735,15703423/58490,P1/P2,false,pair:P1:P2:E
128,487,40672678/72409,38805171/144818,P0/P2,false,pair:P0:P2:N
129,493,30683478/54113,29192075/108226,P1/P2,false,pair:P1:P2:N
130,498,85966/149,3331935/12218,P0/P2,false,pair:P0:P2:E
131,501,7350650/12759,25775061/93566,P0/P2,false,pair:P0:P2:SE
132,505,69918494/119949,22303141/79966,P1/P2,false,pair:P1:P2:S
133,509,44760346/76103,42064557/152206,P1/P2,false,pair:P1:P2:S
134,513,10901498/18327,10257949/36654,P0/P2,false,pair:P0:P2:E
135,516,20513078/35121,20565371/70242,P1/P2,false,pair:P1:P2:W
136,519,170984330/285167,163061989/570334,P0/P1,false,pair:P0:P1:S
137,526,128820130/211859,123603057/423718,P0/P1,false,pair:P0:P1:SE
138,529,122889634/200339,118028657/400678,P1/P2,false,pair:P1:P2:NW
139,532,121982918/198665,117989827/397330,P0/P1,false,pair:P0:P1:NW
140,535,181679842/289907,169817617/579814,P0/P2,false,pair:P0:P2:W
141,540,219370290/351211,209329465/702422,P1/P2,false,pair:P1:P2:SW
142,541,263251018/423695,255069509/847390,P0/P1,false,pair:P0:P1:NW
143,546,94114838/148353,626137709/2076942,P0/P1,false,pair:P0:P1:E
144,552,375754970/590567,364286093/1181134,P1/P2,false,pair:P1:P2:N
145,559,380997850/590567,368480397/1181134,P1/P2,false,pair:P1:P2:S
146,562,251563454/386173,240762431/772346,P0/P2,false,pair:P0:P2:W
147,566,29930006/45185,193626989/632590,P0/P2,false,pair:P0:P2:W
148,567,286375838/437581,828254093/2625486,P1/P2,false,pair:P1:P2:SW
149,571,338521670/511433,322586883/1022866,P0/P2,false,pair:P0:P2:NW
150,576,1299119118/1945333,1234382439/3890666,P0/P2,false,pair:P0:P2:N
151,578,766209482/1154383,740657669/2308766,P0/P2,false,pair:P0:P2:N
152,579,444445550/669701,433248279/1339402,P1/P2,false,pair:P1:P2:E
153,582,1395952670/2074637,1327192943/4149274,P0/P2,false,pair:P0:P2:NW
154,583,2467408642/3660963,2336766497/7321926,P1/P2,false,pair:P1:P2:E
155,587,3682315886/5464197,3539715479/10928394,P0/P2,false,pair:P0:P2:NW
156,588,4044234922/5986207,3865987445/11972414,P1/P2,false,pair:P1:P2:SE
157,590,2318148854/3418833,733017033/2279222,P0/P2,false,pair:P0:P2:NW
158,592,1401589370/2079063,449772319/1386042,P0/P2,false,pair:P0:P2:NW
159,595,661526402/968547,208728779/645698,P1/P2,false,pair:P1:P2:SE
160,597,4081983658/5986207,3903736181/11972414,P0/P1,false,pair:P0:P1:NW
161,603,3008351042/4362499,2860113473/8724998,P0/P2,false,pair:P0:P2:NE
162,608,347589686/498097,4285191871/12950522,P0/P1,false,pair:P0:P1:N
163,609,766748562/1097851,726336873/2195702,P1/P2,false,pair:P1:P2:N
164,611,6205908586/8911935,5926606933/17823870,P0/P1,false,pair:P0:P1:N
165,612,3138914338/4520531,3021259441/9041062,P1/P2,false,pair:P1:P2:N
166,614,843621334/1218337,820707531/2436674,P0/P1,false,pair:P0:P1:N
167,617,3816533614/5464197,3661350295/10928394,P1/P2,false,pair:P1:P2:NW
168,621,3360786806/4753809,354003331/1056402,P0/P1,false,pair:P0:P1:SE
169,626,1385102350/1945333,1314074215/3890666,P0/P1,false,pair:P0:P1:S
170,632,7168087738/9922999,6785329533/19845998,P1/P2,false,pair:P1:P2:NW
171,633,351143202/476627,317018417/953254,P0/P2,false,pair:P0:P2:NE
172,635,821422682/1163559,274947183/775706,P0/P2,false,pair:P0:P2:NE
173,637,7812306682/10808855,7418838429/21617710,P0/P2,false,pair:P0:P2:NE
174,639,321747206/444905,924204841/2669430,P0/P1,false,pair:P0:P1:SE
175,644,583818666/803615,562870261/1607230,P0/P1,false,pair:P0:P1:SW
176,645,2285060342/3118289,2172660059/6236578,P1/P2,false,pair:P1:P2:NW
177,647,924928306/1264875,6196849039/17708250,P1/P2,false,pair:P1:P2:NW
178,650,3460978118/4694281,3293779139/9388562,P1/P2,false,pair:P1:P2:N
179,653,8182983874/11115331,7873013505/22230662,P0/P2,false,pair:P0:P2:S
180,654,10299229086/13955917,9854340911/27911834,P1/P2,false,pair:P1:P2:N
181,656,9637888330/13021839,9174641605/26043678,P0/P2,false,pair:P0:P2:SE
182,660,3498726854/4694281,3323139267/9388562,P0/P2,false,pair:P0:P2:E
183,666,6879074362/9208823,6672048701/18417646,P0/P1,false,pair:P0:P1:S
184,669,25628453834/33905231,24419010821/67810462,P1/P2,false,pair:P1:P2:SW
185,674,39839577122/52444243,37958015153/104888486,P0/P1,false,pair:P0:P1:SE
186,676,31273932978/41081899,29831378937/82163798,P1/P2,false,pair:P1:P2:S
187,682,10886722818/14142371,10327236385/28284742,P0/P1,false,pair:P0:P1:N
188,685,27772695590/35951769,3770850229/10271934,P0/P1,false,pair:P0:P1:NW
189,690,91729847690/118115567,87266669029/236231134,P0/P2,false,pair:P0:P2:N
190,692,135142382690/173825203,128791552209/347650406,P0/P1,false,pair:P0:P1:SW
191,695,21231470886/27206681,101073694271/272066810,P0/P2,false,pair:P0:P2:NE
192,698,179426388526/228603429,169619017591/457206858,P0/P1,false,pair:P0:P1:W
193,700,27638518934/35466305,5364856687/14186522,P1/P2,false,pair:P1:P2:E
194,702,168926492054/215109057,53698627385/143406038,P1/P2,false,pair:P1:P2:E
195,708,170268669334/215109057,162169623979/430218114,P1/P2,false,pair:P1:P2:E
196,709,325178746742/410056337,309230470299/820112674,P0/P1,false,pair:P0:P1:NE
197,711,37997258090/48114367,36731439061/96228734,P1/P2,false,pair:P1:P2:SE
198,718,329473714038/410056337,313525437595/820112674,P0/P1,false,pair:P0:P1:SE
199,723,245262727266/304137907,234710593233/608275814,P1/P2,false,pair:P1:P2:NW
200,729,175100507542/215109057,55577675577/143406038,P1/P2,false,pair:P1:P2:N
201,730,62441087818/75900303,58023017669/151800606,P0/P1,false,pair:P0:P1:SW
202,733,24503440678/29840921,23174718067/59681842,P0/P1,false,pair:P0:P1:SE
203,735,15053881718/18333073,157143966121/403327606,P0/P1,false,pair:P0:P1:SE
204,740,34548588734/41308413,10635195029/27538942,P0/P2,false,pair:P0:P2:SW
205,741,11717195010/14142371,11082211105/28284742,P0/P1,false,pair:P0:P1:E
206,742,59188971346/71830555,56752103753/143661110,P0/P2,false,pair:P0:P2:SW
207,745,52834406290/63806587,50379618665/127613174,P0/P2,false,pair:P0:P2:SW
208,747,145835781226/175146303,137779747669/350292606,P0/P1,false,pair:P0:P1:E
209,752,234562223702/279840481,222763628043/559680962,P0/P1,false,pair:P0:P1:SE
210,754,231063898682/275189495,219365866301/550378990,P1/P2,false,pair:P1:P2:E
211,758,74540542006/88097713,212132791025/528586278,P0/P1,false,pair:P0:P1:SE
212,760,64766928962/77859971,64106101953/155719942,P0/P1,false,pair:P0:P1:SE
213,762,353335639862/416093745,332473793659/832187490,P0/P1,false,pair:P0:P1:SE
214,765,79774556838/94020185,226422784921/564121110,P1/P2,false,pair:P1:P2:NE
215,767,106959312822/125895409,102216233147/251790818,P0/P1,false,pair:P0:P1:S
216,770,149151696682/173930847,140326364341/347861694,P0/P1,false,pair:P0:P1:S
217,772,357987322150/420013081,344639962227/840026162,P0/P1,false,pair:P0:P1:SW
218,773,260023829390/303895093,248411728423/607790186,P0/P2,false,pair:P0:P2:N
219,776,777591452178/903551035,738427220649/1807102070,P1/P2,false,pair:P1:P2:NE
220,778,227916593314/264293139,215354016497/528586278,P1/P2,false,pair:P1:P2:NE
221,780,713376980026/824347127,672311796797/1648694254,P0/P2,false,pair:P0:P2:N
222,781,1182743842838/1370791297,1128109566699/2741582594,P0/P1,false,pair:P0:P1:NW
223,784,636817852078/736413925,607829796279/1472827850,P0/P1,false,pair:P0:P1:N
224,787,492109596522/561438143,459342485717/1122876286,P0/P1,false,pair:P0:P1:NW
225,797,965321033398/1092917617,914892445755/2185835234,P1/P2,false,pair:P1:P2:SE
226,798,3984097432690/4503048651,3775105655257/9006097302,P0/P1,false,pair:P0:P1:E
227,802,1088034088418/1228554995,3121789245619/7371329970,P1/P2,false,pair:P1:P2:SW
228,809,8751833438570/9747282111,8331729805781/19494564222,P0/P2,false,pair:P0:P2:E
229,813,166571705362/184030011,157004340137/368060022,P1/P2,false,pair:P1:P2:S
230,818,2948774239694/3249094037,1202518450243/2784937746,P0/P2,false,pair:P0:P2:W
231,822,2710974658430/2964291357,853524209589/1976194238,P0/P1,false,pair:P0:P1:N
232,826,7317902803222/7969593089,6972404101995/15939186178,P1/P2,false,pair:P1:P2:SE
233,830,2360407425246/2566333229,2261975601615/5132666458,P0/P2,false,pair:P0:P2:NW
234,832,1093782179034/1183014119,148018941899/338004034,P0/P2,false,pair:P0:P2:NW
235,834,6279959681098/6802801935,6008638924613/13605603870,P0/P2,false,pair:P0:P2:NW
236,837,7395212214550/7969593089,7049713513323/15939186178,P0/P1,false,pair:P0:P1:NE
237,839,9073955985770/9747282111,8636672483797/19494564222,P0/P2,false,pair:P0:P2:N
238,842,7664835505398/8177170129,7230320828251/16354340258,P1/P2,false,pair:P1:P2:NW
239,843,6357269092426/6802801935,2025786133783/4535201290,P0/P2,false,pair:P0:P2:NE
240,847,2086979179914/2215793903,1963500177893/4431587806,P0/P2,false,pair:P0:P2:NE
241,853,845103461714/890638619,796579756105/1781277238,P0/P1,false,pair:P0:P1:NW
242,854,3702737809878/3900034081,10457072432993/23400204486,P1/P2,false,pair:P1:P2:N
243,855,4347385735922/4574993291,4084434384153/9149986582,P0/P1,false,pair:P0:P1:NW
244,860,2096884863254/2213424897,673457782393/1475616598,P0/P1,false,pair:P0:P1:W
245,861,2326116738034/2441773323,2216391074201/4883546646,P0/P2,false,pair:P0:P2:NE
246,867,16055201699982/16627491253,15101688439975/33254982506,P0/P2,false,pair:P0:P2:E
247,871,30407193394294/31590868497,9693064443145/21060578998,P0/P1,false,pair:P0:P1:NE
248,875,35866919237218/36883579827,11367040902299/24589053218,P0/P1,false,pair:P0:P1:NE
249,879,14080879252494/14449734389,13455913327207/28899468778,P0/P1,false,pair:P0:P1:N
250,882,17683024152614/18032005785,3353625695639/7212802314,P1/P2,false,pair:P1:P2:E
251,889,53294640382158/53869077013,50782510206151/107738154026,P1/P2,false,pair:P1:P2:NW
252,892,47701215765286/47860353817,45075083872627/95720707634,P0/P2,false,pair:P0:P2:N
253,896,9415336696622/9431682981,44576219895763/94316829810,P0/P2,false,pair:P0:P2:N
254,899,17722433646722/17805065443,17040094819553/35610130886,P1/P2,false,pair:P1:P2:W
255,900,12310690375542/12294526609,35097555119569/73767159654,P0/P2,false,pair:P0:P2:NE
256,904,3161352057786/3143894327,6407299686101/13473832830,P0/P2,false,pair:P0:P2:N
257,908,11873697205778/11748147771,11208075411625/23496295542,P0/P1,false,pair:P0:P1:N
258,911,2272834214862/2245638805,9011451246583/18863365962,P1/P2,false,pair:P1:P2:N
259,912,30874829183466/30575624575,1173510662493/2446049966,P0/P1,false,pair:P0:P1:N
260,917,11819790955378/11646726219,3751649255539/7764484146,P0/P1,false,pair:P0:P1:E
261,919,48766367654694/47860353817,46037156546931/95720707634,P1/P2,false,pair:P1:P2:E
262,922,31308077522114/30563582787,9769106841515/20375721858,P0/P1,false,pair:P0:P1:E
263,930,94569564377238/91714831937,89425962660651/183429663874,P0/P1,false,pair:P0:P1:SE
264,932,37997223016034/36883579827,36093987532241/73767159654,P1/P2,false,pair:P1:P2:SW
265,939,18426808283266/17805065443,17675749979361/35610130886,P0/P1,false,pair:P0:P1:E
266,942,25264263839090/24267669323,24024654603865/48535338646,P0/P1,false,pair:P0:P1:E
267,943,118925352200734/113668379917,111923640805999/227336759834,P0/P2,false,pair:P0:P2:S
268,946,38234712688834/36532610371,36325591880961/73065220742,P0/P2,false,pair:P0:P2:SE
269,947,25944192726058/24841399519,74364314861983/149048397114,P1/P2,false,pair:P1:P2:W
270,954,32422531657914/30751109303,30802512352893/61502218606,P1/P2,false,pair:P1:P2:N
271,955,2184382952554/2065625407,47402632261795/95018768722,P0/P1,false,pair:P0:P1:NE
272,958,63079953079926/59877800209,60200788283419/119755600418,P0/P1,false,pair:P0:P1:NE
273,963,75586009722254/71165161781,71911742119719/142330323562,P1/P2,false,pair:P1:P2:NW
274,967,72950441640078/68357406133,69366530398375/136714812266,P0/P1,false,pair:P0:P1:W
275,968,206010987170262/193515827233,197630929728459/387031654466,P1/P2,false,pair:P1:P2:NW
276,973,27808127650686/25924345117,79234372008797/155546070702,P0/P1,false,pair:P0:P1:NE
277,974,5951508002402/5488386995,5521340321233/10976773990,P0/P2,false,pair:P0:P2:SW
278,976,102570768170242/96555349923,33404779512075/64370233282,P0/P2,false,pair:P0:P2:SW
279,979,43482970650242/40186185187,40904984524769/80372370374,P0/P1,false,pair:P0:P1:E
280,980,337413337797734/313484118265,64371435348279/125393647306,P0/P2,false,pair:P0:P2:S
281,985,95174681917010/87863468699,91148193810633/175726937398,P0/P2,false,pair:P0:P2:NE
282,990,503448954280914/459246662363,474497246712713/918493324726,P1/P2,false,pair:P1:P2:E
283,993,38001311067402/34772791343,253465228525443/486819078802,P0/P1,false,pair:P0:P1:SW
284,999,120094277939270/107918561481,111615520721411/215837122962,P1/P2,false,pair:P1:P2:E
285,1000,237032180830498/213598140371,20197024350003/38836025522,P0/P2,false,pair:P0:P2:W
286,1002,432044793954994/389172083499,135185180894291/259448055666,P1/P2,false,pair:P1:P2:E
287,1006,129277070587638/116610442705,24576137740511/46644177082,P0/P2,false,pair:P0:P2:S
288,1007,16301524695742/14674270205,108113594081593/205439782870,P0/P1,false,pair:P0:P1:SW
289,1016,430002309978970/384099187367,58701641553547/109742624962,P0/P2,false,pair:P0:P2:S
290,1018,5062209922462/4475815501,4733429792815/8951631002,P1/P2,false,pair:P1:P2:W
291,1022,34647105567054/30514020053,226565314361137/427196280742,P0/P2,false,pair:P0:P2:E
292,1025,122425470732226/108157752259,115737653068929/216315504518,P1/P2,false,pair:P1:P2:NW
293,1026,453336775264970/400526186703,143015975117527/267017457802,P0/P2,false,pair:P0:P2:E
294,1028,247172143959526/219032868665,236385297914579/438065737330,P0/P2,false,pair:P0:P2:E
295,1033,152028518111470/133508728901,431246948608133/801052373406,P0/P2,false,pair:P0:P2:E
296,1035,127289734001386/110933391103,118831078762133/221866782206,P0/P1,false,pair:P0:P1:S
297,1038,224692831822258/197171141035,42785287604453/78868456414,P0/P1,false,pair:P0:P1:SW
298,1039,223774798575622/196183914601,213478068181475/392367829202,P0/P2,false,pair:P0:P2:SE
299,1041,104456705187442/90746659019,97430825346777/181493318038,P0/P2,false,pair:P0:P2:SE
300,1045,1000005229434366/868095931613,938722956252767/1736191863226,P1/P2,false,pair:P1:P2:S
301,1046,1741605123460858/1517772374551,1654710842513821/3035544749102,P0/P1,false,pair:P0:P1:SW
302,1052,1456892585069674/1257517208895,456106989421511/838344805930,P0/P2,false,pair:P0:P2:S
303,1055,8560623211870/7422126573,19093098304547/34636590674,P1/P2,false,pair:P1:P2:S
304,1059,3785596047440630/3253964237777,3571739173619291/6507928475554,P0/P1,false,pair:P0:P1:NE
305,1060,418479292853462/359784625313,395529423115595/719569250626,P0/P2,false,pair:P0:P2:SE
306,1071,1712099240628962/1455471548019,1627038408639505/2910943096038,P1/P2,false,pair:P1:P2:E
307,1077,3464517088253734/2933331187993,3314825068864371/5866662375986,P1/P2,false,pair:P1:P2:S
308,1079,302812919021094/254398677913,285005763897075/508797355826,P0/P2,false,pair:P0:P2:NE
309,1082,1448854602238406/1218774814473,458418648717889/812516542982,P0/P2,false,pair:P0:P2:NE
310,1083,867023051982898/729087810411,823194346235833/1458175620822,P1/P2,false,pair:P1:P2:SE
311,1084,232845769504774/196183914601,222274161203683/392367829202,P0/P1,false,pair:P0:P1:NE
312,1087,2011012434908194/1683982003283,1903228469160113/3367964006566,P1/P2,false,pair:P1:P2:E
313,1091,313722625342414/261663705749,295677303454279/523327411498,P0/P2,false,pair:P0:P2:NE
314,1093,1481587713606598/1234486560265,199932605181797/352710445790,P1/P2,false,pair:P1:P2:E
315,1101,2097961619678570/1730043300543,656119093988679/1153362200362,P0/P1,false,pair:P0:P1:NE
316,1102,1706292303030334/1409921168445,1614954731574143/2819842336890,P1/P2,false,pair:P1:P2:N
317,1108,77411037459514/62866607607,7888497750933/13970357246,P0/P1,false,pair:P0:P1:N
318,1109,1484797510667102/1215879183085,1396155541962511/2431758366170,P1/P2,false,pair:P1:P2:NW
319,1111,6900085084041442/5662123819891,934353959099943/1617749662826,P0/P1,false,pair:P0:P1:NW
320,1113,463213535597578/380086549167,439797393346853/760173098334,P0/P1,false,pair:P0:P1:NW
321,1116,6891080747880378/5614186024759,6462050389513725/11228372049518,P1/P2,false,pair:P1:P2:N
322,1122,5215246150426054/4236231175433,4923692724508867/8472462350866,P0/P2,false,pair:P0:P2:N
323,1123,334929465716582/273258217849,319744053379987/546516435698,P0/P1,false,pair:P0:P1:W
324,1128,3802822632395106/3111069334579,3695057444408145/6222138669158,P0/P2,false,pair:P0:P2:W
325,1132,392292250511194/314910756007,4773229560303977/8187679656182,P1/P2,false,pair:P1:P2:SW
326,1135,7803326631150514/6266012814507,7349139897728377/12532025629014,P0/P1,false,pair:P0:P1:SW
327,1138,309349912860694/246321719681,2005758427072621/3448504075534,P0/P2,false,pair:P0:P2:SW
328,1140,3606395254842662/2899043913241,490435296489269/828298260926,P1/P2,false,pair:P1:P2:N
329,1142,23054278453641638/18458779861209,154385732769343/261826664698,P1/P2,false,pair:P1:P2:N
330,1145,11740893791275214/9411358699029,11160046602490055/18822717398058,P0/P2,false,pair:P0:P2:SE
331,1146,2033624634108138/1628078696447,1931749881766293/3256157392894,P1/P2,false,pair:P1:P2:N
332,1152,4644917423066302/3693187928829,1458824054465685/2462125285886,P0/P2,false,pair:P0:P2:E
333,1153,106281075984634/84477499671,100070650197661/168954999342,P1/P2,false,pair:P1:P2:NW
334,1156,13163444365652998/10486565204585,2509891526116551/4194626081834,P0/P1,false,pair:P0:P1:SE
335,1159,106899551275258/84477499671,100689125488285/168954999342,P0/P2,false,pair:P0:P2:NE
336,1166,13245814534622042/10396231279271,12440894600500685/20792462558542,P1/P2,false,pair:P1:P2:W
337,1167,18323854285351422/14446196962013,17404632733270111/28892393924026,P0/P1,false,pair:P0:P1:W
338,1168,2539019875364690/2024982841371,80060292464023/130644054282,P1/P2,false,pair:P1:P2:W
339,1171,15533202266519598/12252264000293,14811731789051511/24504528000586,P0/P1,false,pair:P0:P1:W
340,1172,10455162515790218/8202298317551,9847993656282085/16404596635102,P1/P2,false,pair:P1:P2:W
341,1174,1325437603779050/1032554616191,1238853815232021/2065109232382,P0/P2,false,pair:P0:P2:NW
342,1176,311020000561778/243120874187,293361654627545/486241748374,P0/P2,false,pair:P0:P2:NW
343,1178,6445444281064978/5058234825275,6140833855203497/10116469650550,P0/P2,false,pair:P0:P2:NW
344,1182,1708118421265770/1330316656319,1611690127565781/2660633312638,P0/P1,false,pair:P0:P1:NW
345,1184,4000382850943190/3127887011489,224929551288731/367986707234,P1/P2,false,pair:P1:P2:N
346,1188,1103807920289978/855201602743,1043335946500733/1710403205486,P0/P2,false,pair:P0:P2:SW
347,1190,16565210066463826/12838102799259,5228912159228227/8558735199506,P0/P1,false,pair:P0:P1:NE
348,1194,7453777710012242/5741620675611,21055798056704987/34449724053666,P0/P1,false,pair:P0:P1:N
349,1196,8587252387259866/6595310850663,2684130275460015/4396873900442,P0/P1,false,pair:P0:P1:N
350,1197,551561755233322/421656916191,8703030189968005/14336335150494,P1/P2,false,pair:P1:P2:N
351,1199,7214134807502594/5550668434083,6813447688401953/11101336868166,P1/P2,false,pair:P1:P2:N
352,1200,22431701874214390/17224862026833,21090982428793819/34449724053666,P0/P1,false,pair:P0:P1:N
353,1202,6527576017623958/5028347225793,2064658706470969/3352231483862,P1/P2,false,pair:P1:P2:N
354,1206,21712773166685446/16652005302249,20475527437294691/33304010604498,P0/P1,false,pair:P0:P1:N
355,1207,15463592496210278/11869960047737,1329075320783513/2158174554134,P1/P2,false,pair:P1:P2:NE
356,1213,22590031548614134/17224862026833,21214127731104731/34449724053666,P1/P2,false,pair:P1:P2:E
357,1214,3043521328621902/2350896236245,2958399169325319/4701792472490,P0/P1,false,pair:P0:P1:N
358,1218,8504279211228374/6515058068641,8166266814487883/13030116137282,P0/P2,false,pair:P0:P2:S
359,1221,16509210921965530/12551674436967,15642891772601357/25103348873934,P0/P1,false,pair:P0:P1:NE
360,1224,4002465855368578/3018308184163,3738312479056737/6036616368326,P0/P2,false,pair:P0:P2:S
361,1228,11568639957051454/8821772145725,11157484306133887/17643544291450,P0/P2,false,pair:P0:P2:SE
362,1229,33922934364122286/25685161673189,32208186520991927/51370323346378,P1/P2,false,pair:P1:P2:W
363,1232,5473568417021670/4149434446009,15691605629897209/24896606676054,P1/P2,false,pair:P1:P2:N
364,1233,8933828359884854/6717486219185,8381717049627899/13434972438370,P0/P2,false,pair:P0:P2:S
365,1237,25137205827847742/18790718955837,7836962942099669/12527145970558,P0/P1,false,pair:P0:P1:S
366,1241,5526344975154918/4149434446009,15797158746163705/24896606676054,P0/P1,false,pair:P0:P1:S
367,1242,1720187626913314/1282373176147,1610142465793457/2564746352294,P0/P2,false,pair:P0:P2:NW
368,1243,1354405532498338/980058258579,3524550843357779/5880349551474,P0/P1,false,pair:P0:P1:S
369,1247,6568891222867598/4828830497461,5988318318581671/9657660994922,P0/P2,false,pair:P0:P2:N
370,1251,45736656301055438/34018691505557,3924173046209333/6185216637374,P0/P1,false,pair:P0:P1:SE
371,1252,36858908191061678/27388200751333,34780827882601911/54776401502666,P0/P2,false,pair:P0:P2:N
372,1256,3205851103849110/2383341563201,3050911614074923/4766683126402,P0/P2,false,pair:P0:P2:NW
373,1260,72645539890124806/53334013495401,67682126736050659/106668026990802,P0/P1,false,pair:P0:P1:NW
374,1261,31973263740356042/23430095495503,29707508707489285/46860190991006,P1/P2,false,pair:P1:P2:NW
375,1264,176217937631783622/129600943517833,166226092060757827/259201887035666,P0/P2,false,pair:P0:P2:W
376,1272,48324882670359454/35880561535821,15798685743600229/23920374357214,P1/P2,false,pair:P1:P2:SE
377,1274,27725820724370062/20213142791349,78002078303891701/121278856748094,P1/P2,false,pair:P1:P2:SE
378,1279,114186599599194946/83061763654915,107833314321078849/166123527309830,P1/P2,false,pair:P1:P2:SE
379,1282,3274020824771222/2383341563201,3116882311741483/4766683126402,P0/P2,false,pair:P0:P2:NE
380,1285,166061898163097670/120705724326089,158553352721398275/241411448652178,P0/P1,false,pair:P0:P1:W
381,1289,437701522661296442/316113560255863,412911804383062717/632227120511726,P0/P2,false,pair:P0:P2:NE
382,1295,341614707273998846/244352437184221,318964114851593311/488704874368442,P0/P1,false,pair:P0:P1:NE
383,1300,257516367034989242/184361995763639,244911182808882045/368723991527278,P0/P2,false,pair:P0:P2:SE
384,1303,8345382881815894/5926001499489,70074664038091235/106668026990802,P0/P2,false,pair:P0:P2:SE
385,1307,237394973607557150/168939413490189,224965110397833583/337878826980378,P0/P1,false,pair:P0:P1:SE
386,1319,218962430040388994/153516831216739,206707887847049057/307033662433478,P0/P2,false,pair:P0:P2:SW
387,1323,325543642606489238/228394913809217,310193297660326443/456789827618434,P1/P2,false,pair:P1:P2:N
388,1324,681186478670522278/476512769358297,92159975303252981/136146505530942,P0/P2,false,pair:P0:P2:S
389,1328,326810280001687190/228394913809217,311037722590458411/456789827618434,P0/P1,false,pair:P0:P1:S
390,1331,165187490774717922/114022696872691,152980803838612881/228045393745382,P0/P1,false,pair:P0:P1:SW
391,1337,1209007415588174186/839002841843903,1147391949568512469/1678005683687806,P1/P2,false,pair:P1:P2:S
392,1348,1221392314563443050/839002841843903,1158650948636938709/1678005683687806,P1/P2,false,pair:P1:P2:S
393,1351,16674702291641014/11419752301425,12564749920606163/18154478017650,P0/P1,false,pair:P0:P1:NW
394,1355,1110454630939258558/757513362105853,1048086486972456639/1515026724211706,P0/P2,false,pair:P0:P2:E
395,1359,1081627582079361518/734986272662981,1017608729293911895/1469972545325962,P1/P2,false,pair:P1:P2:SW
396,1362,803078558413420662/545315224002577,2272313453061674833/3271891344015462,P0/P2,false,pair:P0:P2:NE
397,1363,2073231194156613022/1407900278262349,1959596445943393327/2815800556524698,P1/P2,false,pair:P1:P2:SW
398,1369,40501499996403338/27374715385455,38183783383681637/54749430770910,P0/P2,false,pair:P0:P2:N
399,1370,116180739341260866/78482478339203,109566075208127681/156964956678406,P0/P1,false,pair:P0:P1:SE
400,1374,256503329123885442/173645483038307,244662517496323425/347290966076614,P0/P2,false,pair:P0:P2:E
401,1375,1051503192189464002/711521019014339,1004616676128585601/1423042038028678,P0/P1,false,pair:P0:P1:SW
402,1379,575373723843805594/386981537019911,543257047134881005/773963074039822,P0/P1,false,pair:P0:P1:SW
403,1384,848386799836912702/567187352707645,159181600181109427/226874941083058,P0/P2,false,pair:P0:P2:SW
404,1386,577906998634201498/386981537019911,545790321925276909/773963074039822,P1/P2,false,pair:P1:P2:NE
405,1392,1653864434259891166/1098328696532909,1549950230418443087/2196657393065818,P0/P1,false,pair:P0:P1:S
406,1393,966092873396796502/642237909042145,908753617486083339/1284475818084290,P1/P2,false,pair:P1:P2:SW
407,1395,1909056417097660274/1272603248137803,1809777746161386329/2545206496275606,P1/P2,false,pair:P1:P2:SW
408,1397,492158946357444906/330262337417311,476136216323989941/660524674834622,P0/P1,false,pair:P0:P1:S
409,1399,4529860264965664358/3004260187000825,4267386435778761491/6008520374001650,P0/P1,false,pair:P0:P1:S
410,1401,994567156167634258/659940377167131,940288689872204873/1319880754334262,P1/P2,false,pair:P1:P2:S
411,1406,2828848392462127254/1867563650983489,2677005127642354475/3735127301966978,P1/P2,false,pair:P1:P2:W
412,1412,235586217346429910/154982227463969,223042434405755083/309964454927938,P0/P2,false,pair:P0:P2:NW
413,1418,4599666059189907046/3004260187000825,866087366112389687/1201704074800330,P0/P2,false,pair:P0:P2:W
414,1421,57654027826646/39313773089,60386240686539/78627546178,P0/P2,false,pair:P0:P2:NW
415,1422,6566021036618133206/4289411359528865,6210314601901487691/8578822719057730,P1/P2,false,pair:P1:P2:E
416,1423,553974476423840834/360668448216707,5715630518197360203/7934705860767554,P0/P2,false,pair:P0:P2:NW
417,1427,6111733639171731158/3967352930383777,5733644916706842187/7934705860767554,P0/P2,false,pair:P0:P2:NE
418,1429,3255432556149027190/2131754149250449,3127312535858792859/4263508298500898,P0/P2,false,pair:P0:P2:NE
419,1432,4902494920560972674/3180843244405091,4641821096743786081/6361686488810182,P0/P1,false,pair:P0:P1:E
420,1436,7035622667739507906/4565868444973891,6689022287062091521/9131736889947782,P0/P1,false,pair:P0:P1:NE
421,1438,7860575360220336886/5062043369238481,7354201868682768987/10124086738476962,P1/P2,false,pair:P1:P2:W
422,1443,4022970015045181362/2588204672161451,3799054719445511033/5176409344322902,P0/P2,false,pair:P0:P2:NE
423,1444,4772177283114438182/3074309337512857,4529978181775150835/6148618675025714,P0/P1,false,pair:P0:P1:S
424,1449,807526598664226702/516858884094005,3796176192099187907/5168588840940050,P1/P2,false,pair:P1:P2:N
425,1454,13681066751352160786/8732913095495739,12946204548196899497/17465826190991478,P0/P1,false,pair:P0:P1:S
426,1459,4138260170563953094/2633806015861513,3918613909418556099/5267612031723026,P0/P1,false,pair:P0:P1:SE
427,1460,1804276724967371882/1144965130096959,1697123332816346965/2289930260193918,P1/P2,false,pair:P1:P2:SE
428,1469,1160975226903910318/732042544034405,219179691533411851/292817017613762,P0/P2,false,pair:P0:P2:E
429,1470,1370579582756909198/863779200312757,3877830743115887093/5182675201876542,P0/P1,false,pair:P0:P1:NW
430,1475,9166222247489595226/5755231323966631,8647338583068337101/11510462647933262,P0/P1,false,pair:P0:P1:N
431,1478,4134256746407580074/2591337600938271,3900348741252739573/5182675201876542,P0/P1,false,pair:P0:P1:NE
432,1479,2179657686569101006/1367846993238805,6188395886942740309/8207081959432830,P1/P2,false,pair:P1:P2:SE
433,1485,5886305123577095074/3674281118563219,16691731984764492115/22045686711379314,P0/P2,false,pair:P0:P2:SE
434,1488,24719161354186823562/15381792429291503,23250368809438767845/30763584858583006,P1/P2,false,pair:P1:P2:W
435,1490,17240553635124698/10668660308583,186771163381151981/248935407200270,P1/P2,false,pair:P1:P2:NW
436,1491,26784622843771862058/16676965651347679,25291279083602620213/33353931302695358,P0/P2,false,pair:P0:P2:SE
437,1492,19543590317019488898/12196128321742819,18567517201881148897/24392256643485638,P1/P2,false,pair:P1:P2:NW
438,1494,21247279126749082070/13210992269863969,20016906298292979659/26421984539727938,P0/P2,false,pair:P0:P2:S
439,1496,14684284810571145874/9124927469259003,41736553280053377211/54749564815554018,P0/P1,false,pair:P0:P1:S
440,1500,21250936535704939038/13171366906230029,20097666737796188783/26342733812460058,P0/P1,false,pair:P0:P1:SW
441,1501,66918624235098148850/41344605320700683,62804814184497731481/82689210641401366,P1/P2,false,pair:P1:P2:W
442,1507,33035867602152180566/20403210281175649,31304596945956269195/40806420562351298,P0/P2,false,pair:P0:P2:W
443,1512,44449171198922041270/27374782407777009,14032280416747672297/18249854938518006,P0/P1,false,pair:P0:P1:S
444,1516,33216011587247000406/20403210281175649,31448712134032125067/40806420562351298,P0/P2,false,pair:P0:P2:W
445,1519,10814842169389530690/6663894282087811,10367282340713482177/13327788564175622,P1/P2,false,pair:P1:P2:NE
446,1521,6276587281718842654/3796415314691469,9594910251890959673/12654717715638230,P0/P2,false,pair:P0:P2:NW
447,1526,33006513704154957438/20142939032831389,31178141418234648223/40285878065662778,P0/P2,false,pair:P0:P2:NE
448,1527,101327868706727364694/61694092871906785,95375866766823676683/123388185743813570,P1/P2,false,pair:P1:P2:S
449,1534,322363635660644059270/195268319537223977,304012356329121172003/390536639074447954,P0/P1,false,pair:P0:P1:NW
450,1535,57008721401277008110/34606625782722629,54060376195801340631/69213251565445258,P0/P2,false,pair:P0:P2:SE
451,1537,14272758285384425854/8632363713011229,13441590132857410591/17264727426022458,P0/P1,false,pair:P0:P1:N
452,1542,80222782218689483930/48483903052899463,379602025687197063201/484839030528994630,P0/P2,false,pair:P0:P2:E
453,1551,361268545444502956146/216794142072483787,341996838067524922329/433588284144967574,P0/P1,false,pair:P0:P1:NW
454,1552,96282119613416402878/57683973945898877,90826169678561799999/115367947891797754,P1/P2,false,pair:P1:P2:NW
455,1553,216424172235995461122/129309701602909475,40592036000769175533/51723880641163790,P0/P1,false,pair:P0:P1:NW
456,1556,131261700862834542774/78644003372104817,19640008057765119403/24834948433296258,P1/P2,false,pair:P1:P2:NW
457,1557,28351823359255189930/17044296114724127,352425089725230390641/443151698982827302,P0/P1,false,pair:P0:P1:W
458,1561,1563104505639245426398/933782145645742125,1477700526843176765647/1867564291291484250,P1/P2,false,pair:P1:P2:NW
459,1563,222437611715384555274/132775569216528175,1051750863666543992121/1327755692165281750,P0/P1,false,pair:P0:P1:SW
460,1567,53737808118609798522/31988264182852567,152348755851658716823/191929585097115402,P0/P2,false,pair:P0:P2:W
461,1571,1473250987557276769138/877122463109450827,1397915417376961008985/1754244926218901654,P0/P1,false,pair:P0:P1:S
462,1574,762077883890333829874/450633229055830923,714809681992981751065/901266458111661846,P1/P2,false,pair:P1:P2:W
463,1578,592447727474206719194/350222599479911655,238935715353203320673/300190799554209990,P0/P1,false,pair:P0:P1:SE
464,1581,2715220069060131132986/1604843585890828535,514269387068234365401/641937434356331414,P0/P2,false,pair:P0:P2:E
465,1583,4545403051915379213546/2684460784143233535,4302815704158267248533/5368921568286467070,P1/P2,false,pair:P1:P2:NW
466,1589,879451764077041912938/516826393319617855,829438059004494883669/1033652786639235710,P0/P1,false,pair:P0:P1:SW
467,1590,2796969566789813919458/1644840803497912435,2647834344814615611921/3289681606995824870,P0/P2,false,pair:P0:P2:NE
468,1594,88526613726110387178/51871353208745087,83681745034957423381/103742706417490174,P1/P2,false,pair:P1:P2:N
469,1601,100460370257865848030/58502672786616621,1229352430441430202755/1521069492452032146,P0/P2,false,pair:P0:P2:NE
470,1604,563005013993042835098/327432045797660551,3920476355041496785/4827008046157158,P0/P1,false,pair:P0:P1:S
471,1606,958273265188387551994/558637919201436695,911300651032752394141/1117275838402873390,P0/P2,false,pair:P0:P2:E
472,1615,4467766317561420325618/2575731972279283595,4210537163797731103001/5151463944558567190,P1/P2,false,pair:P1:P2:N
473,1619,1439631910890048665126/831514164904064921,1369324951493354627827/1663028329808129842,P1/P2,false,pair:P1:P2:NW
474,1620,1312387912226696227342/756027237957956597,1241298025567658181991/1512054475915913194,P0/P1,false,pair:P0:P1:W
475,1624,4490824747653557265138/2575731972279283595,4228983907871440654617/5151463944558567190,P1/P2,false,pair:P1:P2:N
476,1627,3197941896259915863570/1827487634648477243,2997978361509896610985/3654975269296954486,P0/P2,false,pair:P0:P2:W
477,1631,746060771420681500850/426661928100465707,703439135251006441465/853323856200931414,P0/P1,false,pair:P0:P1:SE
478,1637,9839527645956531014442/5599840924111109983,9286409730510621140661/11199681848222219966,P1/P2,false,pair:P1:P2:NE
479,1641,6357461526694642279490/3619992559863039619,6050617867616630569665/7239985119726079238,P0/P1,false,pair:P0:P1:W
480,1646,9462858571004852561046/5358161079617881153,8964082949683153329451/10716322159235762306,P1/P2,false,pair:P1:P2:E
481,1650,6398966700860488770626/3619992559863039619,6078287983727194897089/7239985119726079238,P0/P2,false,pair:P0:P2:E
482,1652,2849973675083083830698/1601349871958161183,2672674339832009520117/3202699743916322366,P0/P1,false,pair:P0:P1:W
483,1654,9504363745170699052182/5358161079617881153,8991753065793717656875/10716322159235762306,P0/P1,false,pair:P0:P1:W
484,1658,1065974183086482127954/599652089402248091,1009485373056002288585/1199304178804496182,P0/P2,false,pair:P0:P2:SE
485,1661,10837784448337470988718/6081076797588799845,10234815175409233937207/12162153595177599690,P1/P2,false,pair:P1:P2:NE
486,1668,1044932429020507137646/583037076656174213,51893701787650715885/61372323858544654,P1/P2,false,pair:P1:P2:S
487,1673,213406143119347678670/118822750364044693,1009720810558037321827/1188227503640446930,P0/P1,false,pair:P0:P1:NE
488,1676,1124437298409360496594/626135201276619995,1068552074388375982473/1252270402553239990,P1/P2,false,pair:P1:P2:SE
489,1677,8886462314476881976902/4933469628425475529,8388027982623671247107/9866939256850951058,P0/P2,false,pair:P0:P2:N
490,1679,1555218693900369265722/863152802045937143,1470689646456138037309/1726305604091874286,P1/P2,false,pair:P1:P2:S
491,1681,13331371469473685595934/7398538037018763405,12616835037597210294511/14797076074037526810,P1/P2,false,pair:P1:P2:S
492,1686,13377488329657959474974/7398538037018763405,4217909508581543132581/4932358691345842270,P1/P2,false,pair:P1:P2:S
493,1688,9223965162500958938974/5077121176878654701,8635522364164178169103/10154242353757309402,P0/P2,false,pair:P0:P2:E
494,1690,11831096455280507749970/6546686387946781339,11239565734474374975689/13093372775893562678,P0/P2,false,pair:P0:P2:E
495,1695,4474535063280744451338/2466179345672921135,2538124402778409700195/2959415214807505362,P1/P2,false,pair:P1:P2:S
496,1699,6046244709081446763794/3328221210639225019,5736390189577096187945/6656442421278450038,P0/P2,false,pair:P0:P2:S
497,1700,11072980435277267771822/6081076797588799845,3482317577418964593597/4054051198392533230,P0/P1,false,pair:P0:P1:NW
498,1701,2513367863097910504014/1376427793474787413,2355281271339898796423/2752855586949574826,P0/P2,false,pair:P0:P2:S
499,1705,4786311164521681042066/2619050098915527931,4513992755490888695529/5238100197831055862,P0/P1,false,pair:P0:P1:NW
500,1707,10213036403147096786054/5579098987233727273,9601189466450092017699/11158197974467454546,P0/P2,false,pair:P0:P2:SW
501,1712,3279460811398231047794/1784169508012232907,1022689779103119146227/1189446338674821938,P0/P1,false,pair:P0:P1:N
502,1713,1903606266969945152830/1040342636423533501,5419707939537246501373/6242055818541201006,P0/P2,false,pair:P0:P2:W
503,1716,649657423005562219674/351175001154357383,601929403931267476077/702350002308714766,P1/P2,false,pair:P1:P2:SE
504,1724,4280759382921441473922/2324441811144258659,4050592129708376713057/4648883622288517318,P0/P2,false,pair:P0:P2:N
505,1725,138231064237017403458/74570165741766787,129110041013669695681/149140331483533574,P1/P2,false,pair:P1:P2:E
506,1731,2787772817477433183546/1508958382069367671,2657297799898451143869/3017916764138735342,P0/P2,false,pair:P0:P2:W
507,1734,3374685873110121204802/1814433804588638851,3172786514404774407873/3628867609177277702,P0/P1,false,pair:P0:P1:NW
508,1739,28141950737972475970/15084652657771651,26450532385507517633/30169305315543302,P1/P2,false,pair:P1:P2:S
509,1740,3092758560339845663934/1661696093329003261,2924265529188467551679/3323392186658006522,P0/P2,false,pair:P0:P2:E
510,1743,5017895915782903718242/2688367354923160627,4726839597367237038929/5376734709846321254,P0/P2,false,pair:P0:P2:SE
511,1749,2872056847640544733542/1544744356627363961,2758641455099224064147/3089488713254727922,P0/P1,false,pair:P0:P1:E
512,1751,7364626193501512462758/3930989660363901145,1390945274358927551319/1572395864145560458,P0/P2,false,pair:P0:P2:W
513,1752,140392792058155241538/74570165741766787,131127653646731677889/149140331483533574,P0/P1,false,pair:P0:P1:E
514,1754,3115816990431982603454/1661696093329003261,173100721956598653135/195493658038706266,P0/P1,false,pair:P0:P1:E
515,1763,883225184131277767622/470196802373379593,840888125675977927619/940393604746759186,P1/P2,false,pair:P1:P2:NW
516,1764,9263177533358658701182/4912534959483008797,8743093672764981544735/9825069918966017594,P0/P2,false,pair:P0:P2:SW
517,1768,17655278470196440903954/9346195084202354363,16689244145419035034153/18692390168404708726,P1/P2,false,pair:P1:P2:W
518,1774,14686409532306098465870/7721934968717867861,13770666461062781196935/15443869937435735722,P0/P2,false,pair:P0:P2:SW
519,1779,28800699584952338930338/15116614992860306963,27108773714027576947697/30233229985720613926,P1/P2,false,pair:P1:P2:W
520,1781,20827061592897588409814/10970455199686840865,2827469895787483483933/3134415771339097390,P1/P2,false,pair:P1:P2:W
521,1782,36513674930240530235406/19171265003168371957,34470579396128350949479/38342530006336743914,P0/P1,false,pair:P0:P1:W
522,1787,34771521737198777238586/18213515333641045495,939334085597328423967/1040772304779488314,P0/P2,false,pair:P0:P2:NE
523,1790,66366109340769175509162/34615134940604107679,62454634176022942582133/69230269881208215358,P1/P2,false,pair:P1:P2:E
524,1795,21002305661597829150166/10970455199686840865,19939863223102060800459/21940910399373681730,P0/P2,false,pair:P0:P2:N
525,1796,3717056553680043289322/1937258956619139839,3514750496467163824789/3874517913238279678,P1/P2,false,pair:P1:P2:SE
526,1799,15430067576431520864150/8031181263089950913,14581366085066867771051/16062362526179901826,P0/P2,false,pair:P0:P2:N
527,1804,15476184436615794743190/8031181263089950913,14618259573214286874283/16062362526179901826,P0/P2,false,pair:P0:P2:N
528,1807,77888013934044755375018/40295060366839047199,73194020315050602070773/80590120733678094398,P0/P1,false,pair:P0:P1:SW
529,1809,3740114983772180228842/1937258956619139839,10608815093659474905023/11623553739714839034,P1/P2,false,pair:P1:P2:NE
530,1813,4529632684314018945054/2336136679838382605,17874609181161365323679/19623548110642413882,P0/P2,false,pair:P0:P2:W
531,1816,180237794121891296036806/93025460939166362633,170215834410543080779203/186050921878332725266,P1/P2,false,pair:P1:P2:SE
532,1818,258557750827196390066578/133198720420744795003,243843974561234821166697/266397440841489590006,P0/P1,false,pair:P0:P1:W
533,1824,8726729200556166539126/4474918468599051921,8192612887173602411675/8949836937198103842,P0/P1,false,pair:P0:P1:SW
534,1829,260033490353093154195858/133198720420744795003,245172140134541908883049/266397440841489590006,P0/P1,false,pair:P0:P1:S
535,1830,174695582593877758371890/89401669485810396011,164429987518206206859193/178803338971620792022,P0/P2,false,pair:P0:P2:NE
536,1836,61834333118212524207326/31531250457072059693,58195586345011788826575/63062500914144119386,P0/P1,false,pair:P0:P1:NW
537,1838,72273719814723966935738/36517715630052105143,66721793208104852721533/73035431260104210286,P1/P2,false,pair:P1:P2:E
538,1843,107573109909142661466838/54426504059343331745,100516746927279958795339/108853008118686663490,P1/P2,false,pair:P1:P2:E
539,1846,30301841525720655918778/15373552620523575735,9556381601012122282111/10249035080349050490,P0/P1,false,pair:P0:P1:W
540,1850,45903669154994733441318/23184142908287526937,215783621949784131832383/231841429082875269370,P1/P2,false,pair:P1:P2:E
541,1854,173487756240121763631594/88038995766186317183,165526550314781603620373/176077991532372634366,P0/P1,false,pair:P0:P1:SW
542,1856,108310979672091043531478/54426504059343331745,101107042737638664447051/108853008118686663490,P0/P1,false,pair:P0:P1:W
543,1860,177868422574555801249842/89401669485810396011,167381466569999735117753/178803338971620792022,P0/P2,false,pair:P0:P2:SW
544,1868,357909378494268360834938/178983215455581754071,336897161122677354699229/357966430911163508142,P0/P2,false,pair:P0:P2:NW
545,1872,640345867277321947929958/319880424849061586553,22387870068290136590057/23694846285115673078,P0/P2,false,pair:P0:P2:W
546,1874,470821809901046954466254/234173363082735458965,440557681351288098515527/468346726165470917930,P1/P2,false,pair:P1:P2:NE
547,1878,812821403705390469652222/405587486615387714141,770748485577814099954399/811174973230775428282,P0/P2,false,pair:P0:P2:W
548,1883,1466289450605137441107814/726846552875333730681,1382445213858848428049299/1453693105750667461362,P1/P2,false,pair:P1:P2:NE
549,1885,148810152934043113952154/73543829952762450695,139431683693640579681773/147087659905524901390,P1/P2,false,pair:P1:P2:NE
550,1888,630031730668498381070058/310345375206939302143,587465483499352020573333/620690750413878604286,P0/P2,false,pair:P0:P2:SE
551,1890,218572272236065552325702/108036336915036050121,205707600833574749544451/216072673830072100242,P0/P1,false,pair:P0:P1:W
552,1895,24551683557199195479542/12108974583704072273,254764447052870875723369/266397440841489590006,P0/P1,false,pair:P0:P1:S
553,1898,1243757201880395030307254/614727181431166054897,1184445565313431300150715/1229454362862332109794,P1/P2,false,pair:P1:P2:N
554,1901,2916050054657185968301322/1434975871476019356719,2758843243977525786012069/2869951742952038713438,P0/P1,false,pair:P0:P1:SE
555,1904,232010630657997295532742/113713110365959817353,654056709241820197553609/682278662195758904118,P0/P1,false,pair:P0:P1:E
556,1909,646484014452294854761118/319112849748428555725,624992697746772252658351/638225699496857111450,P0/P2,false,pair:P0:P2:E
557,1913,5223395026725034243551094/2550838893203610157713,4930472722071236481075355/5101677786407220315426,P0/P1,false,pair:P0:P1:NE
558,1914,1041374512261261595156490/509097264373850655919,985902943927578492213029/1018194528747701311838,P0/P2,false,pair:P0:P2:SE
559,1919,1821775422236049075084274/883007929594936505611,1706015204961769986399641/1766015859189873011222,P0/P1,false,pair:P0:P1:NW
560,1922,564015776214239497578366/274095929814224627485,533112676313073587099423/548191859628449254970,P0/P1,false,pair:P0:P1:W
561,1926,4566888173396947551206114/2214060579988812952179,1439125363844292105420123/1476040386659208634786,P1/P2,false,pair:P1:P2:N
562,1927,2045677642820666391768094/991016090378068056077,9653879291765626346969387/9910160903780680560770,P0/P2,false,pair:P0:P2:SW
563,1931,3612608648858723022003862/1745587675316866259777,10224207727565852974902913/10473526051901197558662,P0/P1,false,pair:P0:P1:S
564,1932,6151440208270306158349074/2962486143516999781819,5761375113367936379997993/5924972287033999563638,P0/P2,false,pair:P0:P2:W
565,1935,3430624161489150056292530/1655530848954613950507,3241452250632278639885305/3311061697909227901014,P0/P2,false,pair:P0:P2:SW
566,1936,6238666733420049484916278/2999316378980280860849,142451962885966978610051/146308116047818578578,P1/P2,false,pair:P1:P2:NE
567,1937,2185460982372648800954966/1032040211096719870177,177882200432041484215297/187643674744858158214,P0/P2,false,pair:P0:P2:SW
568,1939,884872065894540249879446/425956605071570541249,277734571359771420355641/283971070047713694166,P1/P2,false,pair:P1:P2:E
569,1941,10885049611404865518148546/5236763025950598779331,3420662219809603378870827/3491175350633732519554,P0/P1,false,pair:P0:P1:S
570,1948,370498039982802132264410/177742395096758186599,10874939337767126736221843/11020028495999007569138,P0/P2,false,pair:P0:P2:SE
571,1952,1342319881258684292766046/646089584986446270445,1286373981131800911775247/1292179169972892540890,P0/P1,false,pair:P0:P1:W
572,1954,720695773993155731130146/342815945769290426579,672240342886028150796849/685631891538580853158,P0/P1,false,pair:P0:P1:NW
573,1957,2759857987725234624141398/1315374742486260092385,1114636849470613403972503/1127464064988222936330,P0/P1,false,pair:P0:P1:NW
574,1961,1399484776520105964820994/667020808982981595939,3984613295114189546144995/4002124853897889575634,P0/P2,false,pair:P0:P2:SW
575,1962,7750019832356747968581470/3672873005409875271917,7255618398716152261189903/7345746010819750543834,P0/P1,false,pair:P0:P1:NW
576,1970,6437579595598961689583674/3061807691149910183927,6138995090081197624747581/6123615382299820367854,P0/P2,false,pair:P0:P2:S
577,1972,2637385046525427993353386/1249451924372646564255,12486357410587058657273161/12494519243726465642550,P1/P2,false,pair:P1:P2:E
578,1975,1118023074910745220801122/528232822125752051123,11598654064311066204490235/11621122086766545124706,P0/P1,false,pair:P0:P1:NW
579,1976,5809910588174850943050754/2735668735701415363107,1812640271747524869683083/1823779157134276908738,P0/P2,false,pair:P0:P2:S
580,1979,14371047254660816607658658/6790681322998894754323,13618050530525870892984305/13581362645997789508646,P0/P2,false,pair:P0:P2:SW
581,1981,9313125988278125617873826/4392794529431168068499,8803257597507108630583409/8785589058862336136998,P0/P2,false,pair:P0:P2:W
582,1982,2699439479414475506761306/1272926515728698195751,851280285084145457359471/848617677152465463834,P1/P2,false,pair:P1:P2:SE
583,1985,14015045266469960426780282/6566678817242457560407,13064312750378401320183133/13133357634484915120814,P1/P2,false,pair:P1:P2:S
584,1986,46960716448504461714181742/22120733594629569384581,44408231876485646325601687/44241467189259138769162,P0/P1,false,pair:P0:P1:NW
585,1991,14309048323058300289930218/6716013821080082356351,40470419004813450333844799/40296082926480494138106,P1/P2,false,pair:P1:P2:SW
586,1994,8553026567196278230430610/4017783706832290845307,8100998648783682188168041/8035567413664581690614,P0/P1,false,pair:P0:P1:N
587,1996,28973332375263774205010694/13573062185698128300265,5460061328845423748720199/5429224874279251320106,P0/P2,false,pair:P0:P2:W
588,2001,15115276085064043714848122/7050818245822896901079,14213152484664769845980381/14101636491645793802158,P0/P1,false,pair:P0:P1:W
589,2006,25847974360903620499839670/12053351120496872535921,24454111673802875211342395/24106702240993745071842,P0/P1,false,pair:P0:P1:S
590,2011,75991948675812747353045858/35254091229114484505395,14288710348390684169399517/14101636491645793802158,P0/P1,false,pair:P0:P1:E
591,2014,47640737222037690624953966/22120733594629569384581,45031584252224439493809559/44241467189259138769162,P0/P2,false,pair:P0:P2:SW
592,2018,18464184996292050049976618/8539370948631779875935,3470316148356590211550705/3415748379452711950374,P1/P2,false,pair:P1:P2:S
593,2020,681728429428187599700838/314683453170946654073,639699189148681512185235/629366906341893308146,P0/P1,false,pair:P0:P1:NW
594,2022,1519425705147851641224454/709031435882190245865,1468095981554568993123427/1418062871764380491730,P1/P2,false,pair:P1:P2:SW
595,2028,4288820554778390017649794/1972677020859121628899,4031713733851367355527905/3945354041718243257798,P0/P2,false,pair:P0:P2:W
596,2029,237723742612291801205078/108958120901690320737,221898322350486593604491/217916241803380641474,P0/P1,false,pair:P0:P1:NW
597,2036,1487010401811312988855170/680646029792367086947,1400088737271799200422497/1361292059584734173894,P0/P1,false,pair:P0:P1:NW
598,2039,14237055792482333872941306/6518970472431063787799,13494925828325494013912733/13037940944862127575598,P0/P2,false,pair:P0:P2:E
599,2043,14464778392155663876993730/6599595457016406991939,13675363934475317739203073/13199190914032813983878,P0/P1,false,pair:P0:P1:NW
600,2047,26017220004157710098437510/11826860587402839260329,24503320900020474278518947/23653721174805678520658,P1/P2,false,pair:P1:P2:SE
601,2049,25656222134468442994606582/11665610618232152852049,24218002551446741151357403/23331221236464305704098,P0/P2,false,pair:P0:P2:W
602,2054,26875890856523922739557694/12212113062329962862525,5093976184755831479850291/4884845224931985145010,P0/P1,false,pair:P0:P1:W
603,2056,9040414832131321997855762/4072837911708961972027,8391081861107189565202345/8145675823417923944054,P0/P1,false,pair:P0:P1:SW
604,2057,500591513170285901990550/226541360104979103041,7993757925492466116424411/7702406243569289503394,P0/P2,false,pair:P0:P2:NE
605,2058,42019919511237840005180338/19034380818998906538155,39571465691847607133344121/38068761637997813076310,P0/P1,false,pair:P0:P1:SW
606,2062,41997636290242541310416290/18994493925029196408467,39619651319284500126024049/37988987850058392816934,P0/P2,false,pair:P0:P2:SE
607,2064,1480986059689136991652450/670427114185327968691,1402106036127984547141585/1340854228370655937382,P0/P1,false,pair:P0:P1:SW
608,2067,35603023310447942516378998/16063822348269475811217,33461318068521840681662363/32127644696538951622434,P0/P1,false,pair:P0:P1:SW
609,2070,11770693896672556001034246/5307416287043514451049,11093761535056335330876899/10614832574087028902098,P1/P2,false,pair:P1:P2:SE
610,2076,15819604640683132636807262/7083283276408102828653,14793054243762677479590287/14166566552816205657306,P0/P1,false,pair:P0:P1:SE
611,2083,21850365448704722280355154/9808000482683197210907,20748079319484928636389449/19616000965366394421814,P0/P1,false,pair:P0:P1:SW
612,2087,7757119358869013818936534/3476165948444306605217,36910769011412323302988407/34761659484443066052170,P1/P2,false,pair:P1:P2:NW
613,2088,242257891626708616600646/108036336915036050121,227954374186468468793347/216072673830072100242,P0/P1,false,pair:P0:P1:W
614,2092,46516442690475855719039270/20648045001806569920537,14509017583732456764265169/13765363334537713280358,P0/P2,false,pair:P0:P2:W
615,2095,27674218737407184409945690/12344057762193036524327,26305869260768846873203533/24688115524386073048654,P0/P2,false,pair:P0:P2:SW
616,2096,69998997292746216295058718/31169593973376437311885,66326009194031966109764591/62339187946752874623770,P0/P1,false,pair:P0:P1:NE
617,2100,123847868951071246068017458/54961699474736761584875,116666128197185345822402617/109923398949473523169750,P1/P2,false,pair:P1:P2:W
618,2105,130203588974696857645833518/57614263368208698462885,17534513678652845811917713/16461218105202485275110,P1/P2,false,pair:P1:P2:N
619,2109,3801782111342522370791118/1674559163206419514133,53377852779845667143148713/50236774896192585423990,P0/P1,false,pair:P0:P1:NE
620,2110,81700314407204513248831098/36167715219118454750551,77594037045628205608738141/72335430438236909501102,P0/P2,false,pair:P0:P2:N
621,2112,96890766166297746137758794/42622371950349108280079,90620744325168428280035653/85244743900698216560158,P0/P2,false,pair:P0:P2:N
622,2119,850114703781800300827606/373340413301251268385,8237586533339365029041543/7715701874892526213290,P1/P2,false,pair:P1:P2:N
623,2120,5884004085531171679236506/2585395338009530974215,1844022321824234996954191/1723596892006353982810,P0/P1,false,pair:P0:P1:NE
624,2123,37862355670372143276908594/16634796196986777526123,35658835419892496795177913/33269592393973555052246,P0/P1,false,pair:P0:P1:E
625,2125,77673284408766446047146086/34149822270902919172857,220568574232540350115478585/204898933625417515037142,P0/P2,false,pair:P0:P2:NW
626,2128,68788087910905254086165566/30114036374471848017469,64624921504024795663810943/60228072748943696034938,P0/P1,false,pair:P0:P1:S
627,2135,85765999964294782816585494/37435079498371360301057,80968927046509555406698091/74870158996742720602114,P0/P2,false,pair:P0:P2:S
628,2137,5106901038141386652658022/2225301169837280139385,4814627586771262132363411/4450602339674560278770,P0/P1,false,pair:P0:P1:S
629,2141,122051848399492835319817738/53207999260532156626351,115871455621005366224501285/106415998521064313252702,P0/P1,false,pair:P0:P1:SE
630,2149,14983674801614591570872402/6516043679740659834267,185594463282802527718868789/169417135673257155690942,P1/P2,false,pair:P1:P2:NE
631,2152,290701217960107387164377314/125214551957575387962227,271680278792742027205778193/250429103915150775924454,P0/P1,false,pair:P0:P1:SE
632,2156,72016871645004223605793906/31239829377915793058251,68767227367637391582423513/62479658755831586116502,P1/P2,false,pair:P1:P2:N
633,2163,88026725564949496639636046/37837318095037536599125,583146026294299460686603953/529722453330525512387750,P0/P2,false,pair:P0:P2:N
634,2165,59698479167159882780046006/25505245685026867362673,55714858261442494989733435/51010491370053734725346,P0/P2,false,pair:P0:P2:NW
635,2171,649217162980311570106390414/277279422264378137612341,610308800822980918182859815/554558844528756275224682,P0/P1,false,pair:P0:P1:NW
636,2176,1109669958043793148780121994/473497420589249758702575,1045892946402920390094939877/946994841178499517405150,P0/P2,false,pair:P0:P2:N
637,2179,1112819298896232109584540806/474920159304142236295977,1052453943572670030488352803/949840318608284472591954,P1/P2,false,pair:P1:P2:E
638,2180,1413801920412644882086229790/604382648829581188692109,1343487613587862665905144047/1208765297659162377384218,P0/P2,false,pair:P0:P2:NW
639,2184,1605296090342181971147670854/682820765331040882327625,1511492027928711549162513539/1365641530662081764655250,P0/P2,false,pair:P0:P2:NW
640,2189,1115714587141866294653652874/473497420589249758702575,1051333112591186221381117669/946994841178499517405150,P0/P2,false,pair:P0:P2:W
641,2191,91315457839721233517765098/38749267380650503015807,86147597511821655607741973/77498534761301006031614,P0/P1,false,pair:P0:P1:NW
642,2194,177762364364627524858605398/75397760013303355424865,168142719823105210880900747/150795520026606710849730,P1/P2,false,pair:P1:P2:S
643,2197,649592454754919684080260262/275145679450894524206425,1841255326052660142445325977/1650874076705367145238550,P1/P2,false,pair:P1:P2:SE
644,2200,1908919178134336067359837390/808424614309796127593493,1806131441154007434268897991/1616849228619592255186986,P0/P2,false,pair:P0:P2:W
645,2203,524394166868958845973838594/222103656537428055995555,498447005614051802760118817/444207313074856111991110,P0/P1,false,pair:P0:P1:W
646,2204,59505981000628889364265586/25132586671101118474955,33749436546582505093650767/30159104005321342169946,P1/P2,false,pair:P1:P2:S
647,2206,905731428170010848872957934/381229725277827460628165,5938440686035070305062329/5331884269619964484310,P1/P2,false,pair:P1:P2:S
648,2213,525905324143477132442221314/222103656537428055995555,499655931433666431934824993/444207313074856111991110,P0/P1,false,pair:P0:P1:W
649,2215,82613976610822492891793034/34657247752529769148015,851614869742244311973325399/762459450555654921256330,P1/P2,false,pair:P1:P2:S
650,2217,42236128824434450535819978/17797259528302786300111,360496249285327295894027437/320350671509450153401998,P0/P1,false,pair:P0:P1:W
651,2218,1832602030576655560161340630/769807081380886995678369,1725784441202419190899725643/1539614162761773991356738,P0/P2,false,pair:P0:P2:SW
652,2227,2517744127678409791782309650/1051540219961428017165243,2368847791460714797668020521/2103080439922856034330486,P0/P2,false,pair:P0:P2:E
653,2232,2523788756776482937655840530/1051540219961428017165243,2373683494739173314366845225/2103080439922856034330486,P0/P2,false,pair:P0:P2:E
654,2236,2619448717447997511649636106/1090157752890337149080367,2470955456165366366181904037/2180315505780674298160734,P0/P1,false,pair:P0:P1:E
655,2240,1084440969932981742263642786/449456409871436842276371,338960400275970296952910843/299637606580957894850914,P0/P2,false,pair:P0:P2:SW
656,2244,1407679880853592301616695074/585073882365126622734547,1332932796192626959000859185/1170147764730253245469094,P0/P2,false,pair:P0:P2:W
657,2247,1410702195402628874553460514/585073882365126622734547,1335350647831856217350271537/1170147764730253245469094,P0/P2,false,pair:P0:P2:W
658,2250,393366976868165438752479454/162691314266781991397165,371384387418034647557930447/325382628533563982794330,P0/P2,false,pair:P0:P2:W
659,2252,74406553155350813025801366/30793362229743506459713,1337768499471085475699683889/1170147764730253245469094,P0/P2,false,pair:P0:P2:W
660,2258,1416746824500702020426991394/585073882365126622734547,1340186351110314734049096241/1170147764730253245469094,P0/P2,false,pair:P0:P2:W
661,2261,1374357010353210564716271398/565765115900672056776985,1296386073675676724840391539/1131530231801344113553970,P0/P2,false,pair:P0:P2:SW
662,2267,1468203582295303194948007710/604382648829581188692109,37633759710331220202182275/32669332369166550740114,P0/P2,false,pair:P0:P2:SE
663,2268,711861587375820686513071238/292196879516901237826345,134083233643883347378984967/116878751806760495130538,P0/P1,false,pair:P0:P1:W
664,2270,1283465600183968627138782854/525462988064533642741289,515151366190814018053971215/450396846912457408063962,P0/P2,false,pair:P0:P2:SE
665,2274,767801453822061159344814970/314101310700653747490007,721836110295127534440552413/628202621401307494980014,P0/P2,false,pair:P0:P2:S
666,2278,4044134573534164287753352066/1653624030051419192054115,3803021337827313488357328481/3307248060102838384108230,P0/P2,false,pair:P0:P2:S
667,2282,2883529875688152223992236542/1176228245131661608329949,8135207761528991647555334429/7057369470789969649979694,P1/P2,false,pair:P1:P2:E
668,2284,1179001895636311406726739114/481306155624201070007711,1112162643133584303818371957/962612311248402140015422,P0/P2,false,pair:P0:P2:SE
669,2290,15375381676056633454435855522/6256980023114613910100243,14506471393521181116627082481/12513960046229227820200486,P0/P2,false,pair:P0:P2:SW
670,2292,7606888229054402457819612542/3104202094727412053652509,7231488124229824146786764319/6208404189454824107305018,P1/P2,false,pair:P1:P2:E
671,2294,865879266132804991688022898/352718843629562879405131,821525923360549844605023577/705437687259125758810262,P0/P2,false,pair:P0:P2:SW
672,2305,4522965265851547475215838186/1828299315381715533675647,4291143749765993409590178581/3656598630763431067351294,P1/P2,false,pair:P1:P2:SE
673,2306,1390536112305681106079599834/560716323815029996158183,48633517214354917384595063/41534542504817036752458,P0/P1,false,pair:P0:P1:SW
674,2308,1431160978072898545375613222/576953031969745818628121,4055593700021201792373342553/3461718191818474911768726,P0/P1,false,pair:P0:P1:SW
675,2313,4822975483670030267217241306/1938856576094704572637415,130022843397345102990757263/110791804348268832722138,P0/P1,false,pair:P0:P1:W
676,2315,2814533852031952080087356554/1125676487778379261231983,874655802401923289596422263/750450991852252840821322,P0/P2,false,pair:P0:P2:SW
677,2318,486588003011033172573422086/195168550570924699035497,5046005337792955416979665857/4293708112560343378780934,P0/P1,false,pair:P0:P1:SW
678,2319,6820484122156930964923470902/2741734482826308409238961,2155223063320469595448190889/1827822988550872272825974,P1/P2,false,pair:P1:P2:SW
679,2320,734008044517783033307913978/297440213273068359924247,709831926084226684682453405/594880426546136719848494,P0/P1,false,pair:P0:P1:SW
680,2332,1711104309300511723708164358/686671499409087298884073,1639931022347740231719076451/1373342998818174597768146,P0/P2,false,pair:P0:P2:W
681,2333,1295299303943487918796115854/517396332779735075341365,1227722654612747301906485287/1034792665559470150682730,P1/P2,false,pair:P1:P2:N
682,2339,5443818086146596051270185894/2160469153337849411914713,5118098342658932606192834995/4320938306675698823829426,P0/P2,false,pair:P0:P2:NW
683,2343,12407195049207897563322822238/4925945012855558620086125,1065816859471431716447379469/895626365973737930924750,P1/P2,false,pair:P1:P2:W
684,2345,2782352319933159965413440578/1107666604104922468854403,7953475432339181950762226755/6645999624629534813126418,P0/P1,false,pair:P0:P1:SW
685,2348,2628895938586024222219213298/1039036505707789419598347,2460456341773786708882341017/2078073011415578839196694,P0/P1,false,pair:P0:P1:SW
686,2350,5410744754254625932305645050/2151981473041210874083479,1715587301263338843214897247/1434654315360807249388986,P0/P1,false,pair:P0:P1:SW
687,2351,1522907475632865165103462174/604382648829581188692109,1443828456615876887405756655/1208765297659162377384218,P1/P2,false,pair:P1:P2:SW
688,2353,1323830309588686943926404406/522093798250075078500145,1238054484327096509694787451/1044187596500150157000290,P0/P1,false,pair:P0:P1:S
689,2354,1732616692261816215240769870/681544082648048114191061,1611710005527556869536421127/1363088165296096228382122,P0/P2,false,pair:P0:P2:W
690,2362,1798534082735064143221018578/708381388922314747068635,1702916161345154270717046153/1416762777844629494137270,P1/P2,false,pair:P1:P2:S
691,2365,13696081021900645496093551850/5379472348926569773444607,1843830473846410616202027139/1536992099693305649555602,P1/P2,false,pair:P1:P2:SE
692,2369,1804578711833137289094549458/708381388922314747068635,1707751864623612787415870857/1416762777844629494137270,P1/P2,false,pair:P1:P2:S
693,2371,8391088376988980686990284818/3291097155926269459444027,7935252566502654207839741353/6582194311852538918888054,P0/P1,false,pair:P0:P1:S
694,2375,6279156840119196192348322198/2455799283552418913735617,5917063548887909675654092715/4911598567104837827471234,P1/P2,false,pair:P1:P2:W
695,2382,8439445409773565853978531858/3291097155926269459444027,7973938192730322341430338985/6582194311852538918888054,P0/P1,false,pair:P0:P1:N
696,2383,764545319093021938144236962/297889389338234492913299,9378506459280491159124669117/7745124122794096815745774,P1/P2,false,pair:P1:P2:NW
697,2384,1748293395236656114810979242/682073821929907271277599,1656888976437622713527364341/1364147643859814542555198,P0/P1,false,pair:P0:P1:NW
698,2388,3751954105928268830659443906/1455031466078723653104451,3511314270526271792223973121/2910062932157447306208902,P0/P1,false,pair:P0:P1:NW
699,2391,716126258462845412698754890/278629451939614167132047,676888766021228689791980229/557258903879228334264094,P1/P2,false,pair:P1:P2:W
700,2395,6090218912227213078378939786/2365651773867527042301167,5763156942623854704256303589/4731303547735054084602334,P1/P2,false,pair:P1:P2:NW
701,2397,7560724821799759057994527926/2924409377908168098823793,7105915028600813782013923131/5848818755816336197647586,P0/P2,false,pair:P0:P2:NE
702,2400,669457775973273447592290910/258471353728857170549101,626916964378335278864957071/516942707457714341098202,P0/P2,false,pair:P0:P2:E
703,2402,8782557125955682418844577538/3399537188782955724497571,2761777303324190456604201995/2266358125855303816331714,P0/P1,false,pair:P0:P1:NW
704,2404,10914803829225984156538599290/4220507325596432861275863,10303375958273740959857063389/8441014651192865722551726,P1/P2,false,pair:P1:P2:E
705,2411,5448893674807513067378238410/2099526779004003900157519,1399852178167801907161766797/1145196424911274854631374,P0/P2,false,pair:P0:P2:NE
706,2414,801145913070612060783437266/309879807659530243490267,901425790494413067463154943/732443181740707848249722,P0/P2,false,pair:P0:P2:NE
707,2415,12478187947852911187140254922/4810412563301207242118095,11798713657502321033077461381/9620825126602414484236190,P1/P2,false,pair:P1:P2:SW
708,2419,314543611436615344725194566/120856592831396489702217,296669306903702024983928195/241713185662792979404434,P1/P2,false,pair:P1:P2:E
709,2420,5445172475633649791982333718/2092419457166299631811585,5137181011253452824548338283/4184838914332599263623170,P0/P1,false,pair:P0:P1:N
710,2422,2226479329188088561745089226/856046454029599497979087,2111465708106752524257971333/1712092908059198995958174,P1/P2,false,pair:P1:P2:SE
711,2424,1051302296940543292011810406/400736300135197803380729,976477428410851349431509779/801472600270395606761458,P1/P2,false,pair:P1:P2:SE
712,2427,4446283235980973749603644698/1706941817266838258556231,4209696640972327996358121133/3413883634533676517112462,P1/P2,false,pair:P1:P2:SE
713,2428,13485962589898054559823586998/5177855364043673225537905,12786254496335808466641881147/10355710728087346451075810,P0/P2,false,pair:P0:P2:NW
714,2433,13459372029023865067051151442/5149162472542231640308123,12701888476973062855389947337/10298324945084463280616246,P0/P2,false,pair:P0:P2:SW
715,2434,137027581604381813180385634/52365948090199887556659,387352933611766942032729587/314195688541199325339954,P0/P1,false,pair:P0:P1:NW
716,2439,5103083874069878045900956742/1948351000313666849038025,4818304469796797374292747267/3896702000627333698076050,P1/P2,false,pair:P1:P2:SE
717,2442,13502893358529991717340573778/5149162472542231640308123,12745409806479189505679369673/10298324945084463280616246,P0/P1,false,pair:P0:P1:SW
718,2449,2540091156495577519410026566/964586810440431836261577,16719019366021014137188954645/13504215346166045707662078,P0/P1,false,pair:P0:P1:S
719,2450,5728543543474497960803589970/2179966689880930941931547,5423763772241710703140801865/4359933379761861883863094,P0/P2,false,pair:P0:P2:W
720,2456,12982936247303981140500295610/4937998328798978240397111,12335878551113525609532270077/9875996657597956480794222,P0/P2,false,pair:P0:P2:NW
721,2458,20050932946545824436244770698/7584097593824891320843247,18832824481722130595619280613/15168195187649782641686494,P0/P2,false,pair:P0:P2:N
722,2460,13604443127377620568015892562/5149162472542231640308123,12842123872048359839655863753/10298324945084463280616246,P1/P2,false,pair:P1:P2:NW
723,2463,969120633745622906968538214/366906040026150617449721,2751775036571164595820359225/2201436240156903704698326,P1/P2,false,pair:P1:P2:NW
724,2468,23080571374946577559608981782/8717536209335727828052737,21825264904510950031215169387/17435072418671455656105474,P1/P2,false,pair:P1:P2:N
725,2473,69208756554636318677649234454/26042498162377409022585985,65264767267270334547239825387/52084996324754818045171970,P0/P2,false,pair:P0:P2:NW
726,2474,57829149861262334227114106530/21733625731969603796239379,54385095867015908666538055153/43467251463939207592478758,P1/P2,false,pair:P1:P2:E
727,2477,9454838720160387992934034718/3574910163502882012014989,9049594397438451153374706671/7149820327005764024029978,P0/P2,false,pair:P0:P2:N
728,2481,86524275074639261347966149582/32512778784706111716247189,81821526022526903466156543559/65025557569412223432494378,P0/P2,false,pair:P0:P2:NE
729,2482,59425430525778861145821953410/22320346064843542605389923,56176226709964410149604379489/44640692129687085210779846,P0/P1,false,pair:P0:P1:SW
730,2487,122068956573316278445824760062/45794491477573321984174429,115459365248733135924362053599/91588982955146643968348858,P1/P2,false,pair:P1:P2:NE
731,2489,447060484682635287754536658/166810301066375594388315,8788293616229017596956100029/7006032644787774964309230,P0/P1,false,pair:P0:P1:S
732,2493,2829535288466627088395274902/1014672766044239593020737,2401261887752570342193352747/2029345532088479186041474,P1/P2,false,pair:P1:P2:NE
733,2500,78556370705807293298486597578/29177929927037336630631503,73645374516002465202345680645/58355859854074673261263006,P0/P1,false,pair:P0:P1:NW
734,2501,23090924491150706901315494938/8566217017367067467264967,21605073321888188401523408429/17132434034734134934529934,P1/P2,false,pair:P1:P2:NW
735,2503,21869566074207199717726413058/8123284366711117717835171,20549314985610728766042584353/16246568733422235435670342,P1/P2,false,pair:P1:P2:N
736,2506,61352143140359428855414979590/22799826341462386374688361,57946453515308513841967078371/45599652682924772749376722,P0/P2,false,pair:P0:P2:N
737,2509,67210683714533050808015571530/24961234533383283842002959,7060685513095035623666759005/5546941007418507520445102,P1/P2,false,pair:P1:P2:NE
738,2511,41037350558513722051402489522/15207073363800672601228587,12866026084338603743927950931/10138048909200448400819058,P1/P2,false,pair:P1:P2:NE
739,2515,36455090848203144731482593082/13500449591290710057128567,34401641872721111821353185725/27000899182581420114257134,P0/P2,false,pair:P0:P2:NE
740,2516,6603201459545375870938090314/2434100622003716724613519,6160300567428377054662529221/4868201244007433449227038,P1/P2,false,pair:P1:P2:S
741,2521,96911916937725451330688891694/35638450965290058685005733,90561878202474620870604965879/71276901930580117370011466,P0/P2,false,pair:P0:P2:E
742,2527,165555634986000402196747312450/60867619545247679801543683,155838469874905032376018798401/121735239090495359603087366,P0/P1,false,pair:P0:P1:NW
743,2530,263453411489380317197455505254/96895704645513129249328505,248906369987722270319614642067/193791409291026258498657010,P0/P2,false,pair:P0:P2:SW
744,2531,339336229266101209950053951314/124605820398425386928512027,319478922179699040689343172937/249211640796850773857024054,P0/P1,false,pair:P0:P1:N
745,2537,50167204258119401996049710866/18430559915965484813253563,47478295256919303683216066857/36861119831930969626507126,P1/P2,false,pair:P1:P2:SW
746,2540,739441803687662428940639995630/271135656780419675157818693,698877181835555050585923852759/542271313560839350315637386,P0/P2,false,pair:P0:P2:W
747,2541,998924515988666816055060768078/365658802598483615696519381,940967387641694978239542339335/731317605196967231393038762,P0/P1,false,pair:P0:P1:NE
748,2544,169156026424145501699430019758/62064224805907271405570789,801911581025288810919012051603/620642248059072714055707890,P0/P1,false,pair:P0:P1:NE
749,2548,288024525714830559340961057150/105483323467326054497753629,273035921494245588021317920799/210966646934652108995507258,P0/P2,false,pair:P0:P2:N
750,2551,35071659868160439557026710422/12826592769924503396541121,33250956448613746844478037163/25653185539849006793082242,P0/P2,false,pair:P0:P2:N
751,2552,848565497209119614115673128294/310321124029536357027853945,804387461103859571468810300051/620642248059072714055707890,P0/P1,false,pair:P0:P1:SE
752,2556,1243385521016910200746602017798/453032232250876549354394217,130440780712692436676709735307/100673829389083677634309826,P1/P2,false,pair:P1:P2:S
753,2564,485839306573263598131990063246/176612510962355734619118005,461738736186556644031901863079/353225021924711469238236010,P0/P2,false,pair:P0:P2:E
754,2570,613295525483104400765104350710/221707779338363153678031953,578224342952898390328706960347/443415558676726307356063906,P0/P1,false,pair:P0:P1:SE
755,2571,948813746965885597762393990810/343111168410479906167062407,895722954671020597977580595053/686222336820959812334124814,P1/P2,false,pair:P1:P2:S
756,2575,1776641257225462525584021305098/640190255743079049649381167,1669029511053245144507652657829/1280380511486158099298762334,P1/P2,false,pair:P1:P2:SE
757,2581,951908597064099048449641801370/343111168410479906167062407,898508319759412703596103624557/686222336820959812334124814,P1/P2,false,pair:P1:P2:E
758,2583,1469114549450298530193300842298/529514898605184532312050295,1389060987761504739454243396029/1059029797210369064624100590,P0/P1,false,pair:P0:P1:SW
759,2590,5854619084673964638895219750/2096171288453713827871897,159445341355469703921472426119/121577934730315402016570026,P1/P2,false,pair:P1:P2:NW
760,2592,3276772252606065864005691027274/1175669976575566882374932367,344378064939982273835579229149/261259994794570418305540526,P0/P1,false,pair:P0:P1:E
761,2595,245994478564092977364804341846/88624736252891349686469089,705520252619854391583453748513/531748417517348098118814534,P0/P1,false,pair:P0:P1:E
762,2597,520245219181065552514823108582/185292371834632632991618617,484467745526105910788264243155/370584743669265265983237234,P1/P2,false,pair:P1:P2:NE
763,2601,2359564819473949128278551474990/842929775036735092356199333,2224779331904712159328557089783/1685859550073470184712398666,P1/P2,false,pair:P1:P2:E
764,2603,158750660091651162891956455842/56706764517091646473606291,449376473792439349722821177939/340240587102549878841637746,P0/P2,false,pair:P0:P2:W
765,2605,1450451022725678781128403465218/518032573373464423010351651,1370232458434802638454012333729/1036065146746928846020703302,P1/P2,false,pair:P1:P2:E
766,2607,2582873766161946719095187450954/923511611960776508423987983,2449545659116316780948443967813/1847023223921553016847975966,P1/P2,false,pair:P1:P2:E
767,2613,300146736080442269364082834470/107080702397577345933082777,284745847387809013348805436915/214161404795154691866165554,P1/P2,false,pair:P1:P2:NE
768,2620,2595253166554800521844178693194/923511611960776508423987983,2460687119469885203422536085829/1847023223921553016847975966,P1/P2,false,pair:P1:P2:N
769,2621,657308984626606229087252397478/233159884704972532908554969,618339890334568517058983853747/466319769409945065817109938,P0/P2,false,pair:P0:P2:W
770,2624,317356447999962334959922751486/112806755080882035548344285,300780315950966590820521729887/225613510161764071096688570,P0/P1,false,pair:P0:P1:SW
771,2629,2733549831930603736748347591434/969320033427214025346080047,2588962867975145823196266429605/1938640066854428050692160094,P0/P1,false,pair:P0:P1:W
772,2631,1463449393138175274014844269570/518032573373464423010351651,1381373918788371060928104451745/1036065146746928846020703302,P0/P1,false,pair:P0:P1:W
773,2632,285722389249314309386765946958/101354649714272656317821269,271187258903222196426887392391/202709299428545312635642538,P0/P2,false,pair:P0:P2:N
774,2633,219778185461226360074351387598/77724998212509299314714261,207104573913074562405950434887/155449996425018598629428522,P1/P2,false,pair:P1:P2:NE
775,2636,144928929607372657640152222954/51128555315751434870922751,136084770450610244338506560405/102257110631502869741845502,P1/P2,false,pair:P1:P2:NE
776,2638,85452361671392991134919583082/30088282406022624340052671,79854121110632499162702702549/60176564812045248680105342,P1/P2,false,pair:P1:P2:NE
777,2640,1266577522072309774808436717042/447321289500127224774720523,1195878195365541515543439035033/894642579000254449549441046,P0/P1,false,pair:P0:P1:SW
778,2641,60002499886968158935537023806/21176911612616900733141181,2319056141063412359528929170647/1736506752234585860117576842,P0/P2,false,pair:P0:P2:N
779,2644,3024328329045508280988264945958/1070386690737135120633371673,2873724875358303850162393179251/2140773381474270241266743346,P0/P1,false,pair:P0:P1:SW
780,2648,1054456230757120101492396746202/371714108225601143859950183,4979040896185653725270767900481/3717141082256011438599501830,P0/P2,false,pair:P0:P2:NW
781,2653,1932476105968203639790713965490/677989266221835880168855723,1812833331732944504428445139321/1355978532443671760337711446,P0/P1,false,pair:P0:P1:N
782,2654,8003415684766357046715428093438/2818762647696106121435599069,7582566003156689049701415733855/5637525295392212242871198138,P1/P2,false,pair:P1:P2:NW
783,2655,4138463472829949767134000162458/1462784115252434361097887623,3956899339690800040844525455213/2925568230504868722195775246,P0/P1,false,pair:P0:P1:N
784,2658,1302929000676010576415147356846/457548589760511699348884197,1228163449213625914226012797879/915097179521023398697768394,P1/P2,false,pair:P1:P2:W
785,2661,16974021576812066148026180532342/5947759639810818234731814929,15951504077951514968965323136283/11895519279621636469463629858,P0/P2,false,pair:P0:P2:NW
786,2663,109230537405320592927114489034/38322789270074559247207375,103315901502680355787614583173/76645578540149118494414750,P0/P1,false,pair:P0:P1:NW
787,2665,3850144174577771660803864880918/1345832680782390637595717633,10835888899054847471826286228289/8074996084694343825574305798,P0/P1,false,pair:P0:P1:W
788,2667,10676687481787924728055769534546/3756189111041112207169497499,10195535434087488804665180075465/7512378222082224414338994998,P0/P2,false,pair:P0:P2:W
789,2670,16697452491039129702640688156746/5841848773458302651674040591,15748645153128810700776445461317/11683697546916605303348081182,P1/P2,false,pair:P1:P2:NE
790,2676,2169741995281086810260489535470/761041564424800893001511621,14517409219075203820629041712225/10654581901947212502021162694,P0/P2,false,pair:P0:P2:NW
791,2680,31386975203351647738005080716630/10948030304175442943851563361,29702156154409952184832531513739/21896060608350885887703126722,P1/P2,false,pair:P1:P2:W
792,2683,51005658299907759850991367433290/17772461577885186403241714447,48293037046698635860855198822725/35544923155770372806483428894,P0/P1,false,pair:P0:P1:SE
793,2686,30298057602585092124849544121318/10534569631388173926875034681,28666460754287685509387264227795/21069139262776347853750069362,P0/P2,false,pair:P0:P2:SE
794,2690,16261932414112965360254042790802/5635118437064668143185776251,15339736176524790827244934750057/11270236874129336286371552502,P1/P2,false,pair:P1:P2:NE
795,2692,10800481485716462755545681956946/3756189111041112207169497499,10304474157544602268856303007177/7512378222082224414338994998,P0/P1,false,pair:P0:P1:N
796,2695,14996782796359456788482328994662/5187189489840918583508922233,745452090625974930058873355393/546019946299044061421991814,P0/P1,false,pair:P0:P1:E
797,2697,11736466373559518923265195214138/4058386223307232170072741751,11100732772370538331242673539261/8116772446614464340145483502,P0/P2,false,pair:P0:P2:NE
798,2700,66769574726168390636123824786134/23073946691604980164865761697,63258173805798304226255475172427/46147893383209960329731523394,P1/P2,false,pair:P1:P2:NE
799,2702,93986447024659653153532268243178/32399507587283924356624222207,88644673809843125138286304379285/64799015174567848713248444414,P0/P1,false,pair:P0:P1:S
800,2706,94184517430945313997516128119018/32399507587283924356624222207,88803130134871653813473392279957/64799015174567848713248444414,P0/P1,false,pair:P0:P1:S
801,2708,1864251167695071424199291129610/632682571575214576416473903,1699324511407513675113785794213/1265365143150429152832947806,P0/P2,false,pair:P0:P2:E
802,2709,61834159719717281179637932770982/21286114110196227122647898201,58462466626493884732879969538867/42572228220392454245295796402,P1/P2,false,pair:P1:P2:NE
803,2711,16740128724202090352329080971314/5750934416383668583241678699,15764599812194474750149044138937/11501868832767337166483357398,P0/P2,false,pair:P0:P2:NE
804,2715,62032230126002942023621792646822/21286114110196227122647898201,58660537032779545576863829414707/42572228220392454245295796402,P1/P2,false,pair:P1:P2:SW
805,2718,74761369493919960611677410969342/25604676977905838470531657309,70570454907771077121068654026463/51209353955811676941063314618,P1/P2,false,pair:P1:P2:SW
806,2722,30048424148903232082847548115878/10260083355802961988902719449,28298106991094979939492558423475/20520166711605923977805438898,P1/P2,false,pair:P1:P2:S
807,2725,46263561821186604543579680111870/15794042924766751303246569309,43646215147999320013878057032159/31588085849533502606493138618,P0/P2,false,pair:P0:P2:SE
808,2731,95824161114682020737018962017206/32631982042527919909344024817,90315102848504592333166615831227/65263964085055839818688049634,P0/P2,false,pair:P0:P2:S
809,2735,148701790544625303433372909201910/50599407457657018176008086097,140337713417616097196140916477403/101198814915314036352016172194,P0/P1,false,pair:P0:P1:SE
810,2738,185377541410879163510807230307322/63115444625696576104495662487,175683425726069684781773045633053/126230889251393152208991324974,P1/P2,false,pair:P1:P2:W
811,2740,106954621337850051241226355971146/36314209636372675281052008207,33585804062177332695740403185431/24209473090915116854034672138,P0/P2,false,pair:P0:P2:E
812,2744,68592368592817850056101595121322/23248904811397649916206387359,64526523326613828497352252693621/46497809622795299832412774718,P1/P2,false,pair:P1:P2:N
813,2745,185734068142193353029978178083834/63115444625696576104495662487,175921110213612477794553677484061/126230889251393152208991324974,P0/P1,false,pair:P0:P1:E
814,2749,97191089883052781191975215254078/32806707487916784109806315325,90945009163262246089156042908799/65613414975833568219612630650,P1/P2,false,pair:P1:P2:NE
815,2753,122589670517525152162035494357906/41528332027398036942444910203,115922578844595557768984808044393/83056664054796073884889820406,P1/P2,false,pair:P1:P2:NE
816,2754,255605857760968701721187190851190/86534258287915214709336208657,241412900668524543310805589124123/173068516575830429418672417314,P0/P1,false,pair:P0:P1:N
817,2760,113174848034828276251044975376370/38083370289617460247520509707,106101195384362210336818402626457/76166740579234920495041019414,P0/P1,false,pair:P0:P1:NW
818,2762,15954459251509861934371951825946/5396778149574634790512688071,15158089167282758681579305260589/10793556299149269581025376142,P0/P1,false,pair:P0:P1:NW
819,2764,400080421700010454132314186959514/134767866690069548692931614087,376650094414586793864986040965485/269535733380139097385863228174,P1/P2,false,pair:P1:P2:SW
820,2768,302479208977950667695728160077282/102114085050315985217193622259,287234293729735875140571799160209/204228170100631970434387244518,P1/P2,false,pair:P1:P2:W
821,2770,208135752150211756405537062490554/69990087871895012493246919223,195996663487884886828043381962493/139980175743790024986493838446,P1/P2,false,pair:P1:P2:W
822,2774,208531892962783078093504782242234/69990087871895012493246919223,196313576137941944178417557763837/139980175743790024986493838446,P1/P2,false,pair:P1:P2:W
823,2777,303271490603093311071663599580642/102114085050315985217193622259,287868119029849989841320150762897/204228170100631970434387244518,P1/P2,false,pair:P1:P2:W
824,2778,359554592240731449073436395209106/120742943527950128115137963899,339673855487744710557444593046121/241485887055900256230275927798,P0/P2,false,pair:P0:P2:N
825,2781,651074215492779119540407365505926/217581776121700912204595173801,609816666864212364579123961446307/435163552243401824409190347602,P0/P1,false,pair:P0:P1:NE
826,2787,656447365245122836596028600927590/219501972450645529406933222009,619354885281672078218360090308243/439003944901291058813866444018,P1/P2,false,pair:P1:P2:NW
827,2791,220606838332488851217216612116418/73807389593196715536423756739,628893103699131791857596219170179/442844337559180293218542540434,P0/P1,false,pair:P0:P1:SE
828,2801,57208568979112560501789329600598/19007032213018597892709888481,593739022560219036242145457210745/418154708686409153639617546582,P0/P1,false,pair:P0:P1:N
829,2805,39518364690995613787925699671294/13183642647242071142823998301,37759568577107087709854268061151/26367285294484142285647996602,P0/P1,false,pair:P0:P1:E
830,2809,320262528508618357284137979325886/106087000457780310232909493373,302108302008970588312627210333759/212174000915560620465818986746,P1/P2,false,pair:P1:P2:N
831,2810,273767229986797644369293818397066/90600661282442324340596209391,257698783454804593457177091817445/181201322564884648681192418782,P0/P1,false,pair:P0:P1:E
832,2815,632621841595837267698611471520690/209077354343204576819808773291,596591236410732552395513039422841/418154708686409153639617546582,P0/P2,false,pair:P0:P2:N
833,2817,116861914515128677426347987966578/38651009200551192488893094603,331253332183073893084000535899787/231906055203307154933358567618,P0/P2,false,pair:P0:P2:N
834,2822,634206404846122554450482350527410/209077354343204576819808773291,54350807910087343799728158420747/38014064426037195785419776962,P0/P2,false,pair:P0:P2:N
835,2826,275510249562111459796351785304458/90600661282442324340596209391,259283346705089880209047970824165/181201322564884648681192418782,P0/P1,false,pair:P0:P1:E
836,2827,352170306795671319030914842906454/115953027601653577466679283809,110840327594434040828499079701721/77302018401102384977786189206,P0/P2,false,pair:P0:P2:N
837,2829,635790968096407841202353229534130/209077354343204576819808773291,599126537611189011198506445833593/418154708686409153639617546582,P0/P2,false,pair:P0:P2:N
838,2835,637375531346693127954224108540850/209077354343204576819808773291,600394188211417240600003149038969/418154708686409153639617546582,P0/P2,false,pair:P0:P2:N
839,2838,61701546395669577260641475380682/20230797377168735323204919631,290546457097460980755495217663513/202307973771687353232049196310,P0/P1,false,pair:P0:P1:S
840,2840,323590111334217459463066825239998/106087000457780310232909493373,304960515859484104465994792545855/212174000915560620465818986746,P0/P2,false,pair:P0:P2:N
841,2845,231048383197328816528856979966950/75746799755831842931545625657,218608006714262697091501586717139/151493599511663685863091251314,P0/P2,false,pair:P0:P2:NW
842,2848,63537706541844261469033341522350/20793432629784270909017729381,59934489583704733006552554568503/41586865259568541818035458762,P0/P1,false,pair:P0:P1:E
843,2850,6872164181646720773581197186278/2246174573356463851177931193,6467168024137144705740418739795/4492349146712927702355862386,P0/P2,false,pair:P0:P2:NW
844,2852,281640194704822503973276821725778/91983682963937866238185645211,795005107367475508166330015013979/551902097783627197429113871266,P0/P1,false,pair:P0:P1:NE
845,2855,74334802997047025165762195548202/24353536155080296577374943967,212031083100787513900851954388895/146121216930481779464249663802,P1/P2,false,pair:P1:P2:W
846,2858,407823952751526910275497675624206/132476054571682815368327166837,381070696065237393378521006843879/264952109143365630736654333674,P1/P2,false,pair:P1:P2:W
847,2875,402470263158113162856459409076802/130092892302696408500333730691,34445696667417945837547058653411/23653253145944801545515223762,P1/P2,false,pair:P1:P2:NW
848,2882,70938889609485975357389920122770/22858026935887555857528592507,869468609896791209225295377231445/594308700333076452295743405182,P0/P1,false,pair:P0:P1:NW
849,2883,150497711820284927000345683312978/48402975273596473331196166939,141266804926066545252445185220169/96805950547192946662392333878,P1/P2,false,pair:P1:P2:N
850,2886,568185846563832700726492718325218/183128014670668885000697370355,536841174088220161655736876874129/366256029341337770001394740710,P0/P1,false,pair:P0:P1:NW
851,2890,734836098980573895430325341518906/236308912352758465445386729975,676086609434869286911427772477/461090560688309200869047278,P0/P2,false,pair:P0:P2:NE
852,2897,250695700818398926717429451157590/80725148596931069989920444897,238701570745457993620940790943499/161450297193862139979840889794,P1/P2,false,pair:P1:P2:W
853,2898,657409378017679895198169320548886/210875748793519422473011438721,1860403050486114744991018401105857/1265254492761116534838068632326,P0/P2,false,pair:P0:P2:SE
854,2908,1158331034520567425026441377131346/369075375633364598067686425115,1090449713350554615763389219664713/738150751266729196135372850230,P0/P2,false,pair:P0:P2:SE
855,2910,1305458190442282199524267603479738/416323017411508118960132733623,1232322630948009215483489965786237/832646034823016237920265467246,P0/P1,false,pair:P0:P1:E
856,2911,1346136475741415115937321734799146/431520569488657129767464455519,1287689902631453318300385276854453/863041138977314259534928911038,P1/P2,false,pair:P1:P2:S
857,2917,1171669732345921227633446667974638/372874763652651850769519355589,1107460657771986214971354805445207/745749527305303701539038711178,P0/P2,false,pair:P0:P2:SE
858,2924,1174838858846491801137188425988078/372874763652651850769519355589,1110629784272556788475096563458647/745749527305303701539038711178,P0/P2,false,pair:P0:P2:NE
859,2925,2403040646195533997331430798950498/761140217050830650743072535219,2261700788106582892641995444916945/1522280434101661301486145070438,P0/P1,false,pair:P0:P1:SE
860,2929,3320903660731939503937876276128886/1049339265038459333752521682449,3119438507773468255899993054770971/2098678530076918667505043364898,P1/P2,false,pair:P1:P2:N
861,2932,5120666609682928817236008332656310/1624181356028144910278001446257,4859898304173597658469706656322619/3248362712056289820556002892514,P1/P2,false,pair:P1:P2:N
862,2938,70997618603411655406150435219710/22409374170129733641574687069,67011403279828598933941045489631/44818748340259467283149374138,P0/P1,false,pair:P0:P1:NW
863,2940,32392521608501688456251941121254/10227081034686600033945875897,153185876390306874538964438320031/102270810346866000339458758970,P0/P1,false,pair:P0:P1:N
864,2944,6052984348636922121329896029236338/1907822072022115522038210155979,5720477189646452627837757535014361/3815644144044231044076420311958,P0/P2,false,pair:P0:P2:NE
865,2948,2193305383452745678935138278805722/690789613143579861036498395879,2078540195525520020130145085288589/1381579226287159722072996791758,P0/P2,false,pair:P0:P2:E
866,2951,1772567679768948181446078490401186/556532381392610396196859694227,8365202606301597534579499392971061/5565323813926103961968596942270,P1/P2,false,pair:P1:P2:SE
867,2955,342807040545565511367552372848734/107407601184555260379049717357,322776031292332985862927721661839/214815202369110520758099434714,P0/P1,false,pair:P0:P1:NW
868,2962,9837683177010823441927130127444690/3080597390851311351299487381851,9321161091537979536068082793564937/6161194781702622702598974763702,P0/P2,false,pair:P0:P2:E
869,2964,12994008779340230266029974987242214/4059193784892275828087533841081,12246884312387173170079954096046419/8118387569784551656175067682162,P0/P2,false,pair:P0:P2:E
870,2966,1307887369627139389986884924843094/408533504679260931003287445473,1234022963395702670003244206795019/817067009358521862006574890946,P1/P2,false,pair:P1:P2:N
871,2972,4069358452995086921949754455713606/1267794314155703014035685184329,3833978322137561768527619824964995/2535588628311406028071370368658,P0/P1,false,pair:P0:P1:NW
872,2978,4082034958997369215964721487767366/1267794314155703014035685184329,3846654828139844062542586857018755/2535588628311406028071370368658,P0/P1,false,pair:P0:P1:NE
873,2981,279004480953231648997556202141970/86561965846286557340870202043,1837901953130706019210000789048095/1211867521848011802772182828602,P0/P2,false,pair:P0:P2:NE
874,2986,13100491429759401535755698056493798/4059193784892275828087533841081,12348296360405431522199690352476499/8118387569784551656175067682162,P0/P2,false,pair:P0:P2:N
875,2988,3071641304272308534542393500489870/952296740540182168748492652981,2904605480012648401222514623399079/1904593481080364337496985305962,P1/P2,false,pair:P1:P2:SE
876,2995,6259315677530347347910085294183918/1934436846675541367150342427589,5914099214102791847864001569059159/3868873693351082734300684855178,P1/P2,false,pair:P1:P2:SE
877,2999,1496608674687699656994129084565114/458140146091493486566642077015,153999777844478610509574467080117/101808921353665219237031572670,P1/P2,false,pair:P1:P2:SE
878,3003,9265629936826054779687048629684650/2856890221620546506245477958943,8764522464047074379727411998412277/5713780443241093012490955917886,P1/P2,false,pair:P1:P2:SE
879,3005,5795390880503511255692548799842670/1784947793935896794846755305733,5476943941196579546437288337163031/3569895587871793589693510611466,P0/P1,false,pair:P0:P1:SE
880,3011,13946357199593467748719067446615054/4282900954123040673141543263989,13173676915144721311657662227168871/8565801908246081346283086527978,P1/P2,false,pair:P1:P2:NE
881,3013,11727072655743752649897516129945814/3599728916321573842990873362081,3692212482778940973224451607331097/2399819277547715895327248908054,P0/P2,false,pair:P0:P2:SW
882,3016,16963688652508851877863276436266854/5208877966871646981138493368697,16087816675652249125244445009476499/10417755933743293962276986737394,P0/P1,false,pair:P0:P1:SW
883,3018,3303707442243769092192990086898226/1011983471730536228055206896235,3114381988167638492060459267921081/2023966943461072456110413792470,P0/P1,false,pair:P0:P1:SW
884,3021,552465647801576780422231371010894/169077877600544472064896476629,1561949295567883047337304913631765/1014467265603266832389378859774,P1/P2,false,pair:P1:P2:W
885,3027,6748436478655537637777849829350666/2067289196641566624714262083631,6409853733918015994172227423258021/4134578393283133249428524167262,P1/P2,false,pair:P1:P2:S
886,3030,1985990282278555507421807698333566/605933760924005901386091414301,1870227043436525868948166720785183/1211867521848011802772182828602,P0/P1,false,pair:P0:P1:NE
887,3031,8671707600677150389120639838259894/2648766935405996949128393482097,8194484941154150831993797491006011/5297533870811993898256786964194,P1/P2,false,pair:P1:P2:E
888,3036,3999041826410931834879135134753062/1220106757945085785172291373081,180277693289467637710181430083687/116200643613817693825932511722,P0/P1,false,pair:P0:P1:NE
889,3042,25497306641948671687382735992689886/7761941722730094675344964108589,24097104304267676900135714837470159/15523883445460189350689928217178,P1/P2,false,pair:P1:P2:S
890,3043,25334014165186732452455575965707886/7701710864054176720274172469381,2171275323180899842631690884697125/1400311066191668494595304085342,P0/P1,false,pair:P0:P1:E
891,3047,21448939678184403882846137880524434/6517640628757079683429078337275,20266072284603554572809167644556521/13035281257514159366858156674550,P0/P2,false,pair:P0:P2:E
892,3048,9100990523608432429234163818600502/2766561570703042717924615228337,8611617511645365732475310504646907/5533123141406085435849230456674,P1/P2,false,pair:P1:P2:SW
893,3053,17156371543743542746890775323484006/5208877966871646981138493368697,16270358362085114159059970271050643/10417755933743293962276986737394,P1/P2,false,pair:P1:P2:SE
894,3062,25501344044416858733453140788817518/7701710864054176720274172469381,24036146627017285797128204116313495/15403421728108353440548344938762,P1/P2,false,pair:P1:P2:W
895,3063,8178119420051707299998790974582158/2468626086814783347609426317621,7710168002218797595251085341884199/4937252173629566695218852635242,P0/P2,false,pair:P0:P2:S
896,3071,2264845440526610532146943338511478/685062970014215908382266762769,2160329999570230811376168483577627/1370125940028431816764533525538,P1/P2,false,pair:P1:P2:NE
897,3072,11359637018415895989932762983584314/3428936763798031203663021415159,10788655844034679177200246104555325/6857873527596062407326042830318,P0/P2,false,pair:P0:P2:SE
898,3073,22053696595765332393891764452783058/6614442921548430879968772699867,20629973008030119892660516983914377/13228885843096861759937545399734,P0/P1,false,pair:P0:P1:S
899,3075,20860240792117452632908990405078390/6277833123266305575315385671569,19703586093010999963466464023209883/12555666246532611150630771343138,P0/P2,false,pair:P0:P2:E
900,3079,8970820054202346211090615885019150/2694463289828898657458963106037,42288414334514084928756798198169091/26944632898288986574589631060370,P0/P2,false,pair:P0:P2:SE
901,3081,38931361258851538999015469464214218/11694700307877420486761623638223,36755954720724996133252723231821957/23389400615754840973523247276446,P1/P2,false,pair:P1:P2:NW
902,3087,2677146942704922984184330061353042/802999918913435027604669901211,2530046708283974460369481551132105/1605999837826870055209339802422,P0/P1,false,pair:P0:P1:W
903,3095,101990743038351899179141075011470126/30466585608698089787634408614821,2047495237714953449399765463963321/1296450451433961267558911004886,P1/P2,false,pair:P1:P2:S
904,3097,93813348211178042553780045491054794/28073715890608522014058920469967,88968213485788512801207519181985669/56147431781217044028117840939934,P0/P1,false,pair:P0:P1:E
905,3100,87233037435638337640388358496665754/26025700939892040274456005551751,82291218277205776820697402349139053/52051401879784080548912011103502,P0/P2,false,pair:P0:P2:SE
906,3101,49978702570753038058019549260170410/14828333496531042246995733433759,46534232976984955541720678533602165/29656666993062084493991466867518,P1/P2,false,pair:P1:P2:S
907,3103,275265382050067456156427394504495662/82173132721109084302573846491685,260552163802441229149895596733686647/164346265442218168605147692983370,P0/P1,false,pair:P0:P1:E
908,3108,93196643868874451912048378962985182/27747632817202421602194300961581,29292535647416969264664357832112965/18498421878134947734796200641054,P1/P2,false,pair:P1:P2:W
909,3109,55126093084586637244811689005528790/16434626544221816860514769298337,260795552717685049194982963749118839/164346265442218168605147692983370,P0/P2,false,pair:P0:P2:E
910,3111,42656865721372924400165191458675786/12716426027450597193093499775759,40466977576045887713852037988649285/25432852054901194386186999551518,P0/P1,false,pair:P0:P1:SE
911,3116,78008441460782685229015067465483506/23145970009707209446165977145995,73294737507142213940027572284744217/46291940019414418892331954291990,P0/P1,false,pair:P0:P1:S
912,3119,22829475673797316603209574471560758/6788695983052893928481323740337,21640227159086052435461910406767611/13577391966105787856962647480674,P0/P1,false,pair:P0:P1:S
913,3120,27267920808383687047028755145920142/8123615517904315369073101370037,25994928023439516073153514606100391/16247231035808630738146202740074,P0/P2,false,pair:P0:P2:NW
914,3123,22946309593947493255790506867713566/6817678992923771746613562642189,7250506187200565426059046722238501/4545119328615847831075708428126,P0/P2,false,pair:P0:P2:NW
915,3124,9334734745914011426835886937152774/2763100209668621197100474728425,78921690991394648254171137934516091/49735803774035181547808545111650,P0/P1,false,pair:P0:P1:SW
916,3126,68191989756928613911711759863208630/20100934144805440848861249984369,63484378360386974537386172766011963/40201868289610881697722499968738,P0/P1,false,pair:P0:P1:W
917,3130,52632131241170481737837468318810774/15570873152769870986437686145345,49636924231047737875230348668054571/31141746305539741972875372290690,P0/P2,false,pair:P0:P2:NW
918,3140,88267440325424572832009668312252570/26025700939892040274456005551751,83224209118973753660198975908295789/52051401879784080548912011103502,P0/P1,false,pair:P0:P1:SE
919,3144,480819993654668752374151963178375658/141755301233806634332289952964991,455086256571335035122524769503160853/283510602467613268664579905929982,P0/P1,false,pair:P0:P1:E
920,3147,77195754512798234910130958217424550/22747142119988215387994113487961,73149263900026291621514464586237747/45494284239976430775988226975922,P0/P1,false,pair:P0:P1:SE
921,3151,111436266056378074720140867592216558/32710103658687333481179831534277,524534831935820275598393000240246707/327101036586873334811798315342770,P1/P2,false,pair:P1:P2:NW
922,3157,210409666634206381592437189415382994/61607134728040724194042227986651,197979617153481004227152072241241481/123214269456081448388084455973302,P1/P2,false,pair:P1:P2:NW
923,3163,131785328733322589488432628741469718/38561612837832284358944968898177,124431343155266442291188499870424555/77123225675664568717889937796354,P1/P2,false,pair:P1:P2:NW
924,3168,44200988272979340749142201217431514/12946065081406721670334647586151,125877502006643303448064986675387431/77676390488440330022007885516906,P0/P2,false,pair:P0:P2:SE
925,3170,216946203174743352312973661119958826/63722960194548254489920977028447,207713610568047636088694429998491829/127445920389096508979841954056894,P1/P2,false,pair:P1:P2:NE
926,3173,211220963018352448409395079466823634/61607134728040724194042227986651,198790913537627071044109962292682121/123214269456081448388084455973302,P1/P2,false,pair:P1:P2:NE
927,3176,97313566741377810840656325669852634/28409184810998115236977516837479,92078680372282084062332504564564749/56818369621996230473955033674958,P0/P1,false,pair:P0:P1:SW
928,3180,1347149236376653074109528466557706/392318969588687951097100426543,6360192006313092026652295691202361/3923189695886879510971004265430,P0/P2,false,pair:P0:P2:SW
929,3184,13945400412204655128145076348448982/4058454972999730748139645262497,92382916516336859118691713333854989/56818369621996230473955033674958,P1/P2,false,pair:P1:P2:SW
930,3193,565132034846521828406891660465201062/163550518293436667405899157671385,532485536500451730404580322744364979/327101036586873334811798315342770,P1/P2,false,pair:P1:P2:NW
931,3198,41760423940964617531791087179643278/12084287391611806483500843197237,197536720778861988528647511641594307/120842873916118064835008431972370,P0/P2,false,pair:P0:P2:W
932,3201,53522776504000580052850345896562142/15518049644075910863428149126829,50960527562418478133526951474301007/31036099288151821726856298253658,P1/P2,false,pair:P1:P2:SE
933,3210,313850848649542446525834698131261310/90402735911908982505201413601053,296434836127193228290471374422247199/180805471823817965010402827202106,P1/P2,false,pair:P1:P2:NW
934,3212,180061544907523961995624948341188502/52029604515951736753867839363265,34310409782373286449522956218835695/20811841806380694701547135745306,P0/P1,false,pair:P0:P1:W
935,3214,608831582740568179986686649676072762/175243873972033185141952295336567,575299728506630682144714670070491581/350487747944066370283904590673134,P0/P1,false,pair:P0:P1:W
936,3219,572418734000420247607446679815954990/164524240717627193515328238193189,540655891694997445063112829922929527/329048481435254387030656476386378,P0/P1,false,pair:P0:P1:NW
937,3221,833273754841725210691595334014193970/239829235666104139984260099709163,790227028744412313655101057992105017/479658471332208279968520199418326,P1/P2,false,pair:P1:P2:N
938,3223,147665491704790532287845048831896846/42451662568949148815580185749621,139817011332840122369050554503476967/84903325137898297631160371499242,P0/P1,false,pair:P0:P1:NW
939,3224,715689256770309600316699900075068922/205499680399636420209188284223639,2028111672562337551240910121855613783/1232998082397818521255129705341834,P1/P2,false,pair:P1:P2:N
940,3229,400413082491530784977341226565177638/114724101636257058824213724819481,1890185362423121456368069073306518079/1147241016362570588242137248194810,P0/P1,false,pair:P0:P1:N
941,3235,146531660844554953111191745811153526/41928610757362147457675686514449,138767103204476550253712423838401051/83857221514724294915351373028898,P0/P2,false,pair:P0:P2:SE
942,3241,421913751897317771815934173522730074/120660086941358349408749445639207,668202880832163895891113328878054699/402200289804527831362498152130690,P1/P2,false,pair:P1:P2:NE
943,3242,848658294462682800812927191820136778/242200631206067523537336123710095,802957748702182920579695373942432709/484401262412135047074672247420190,P0/P1,false,pair:P0:P1:NE
944,3245,735161645754000056998052443766475838/209974930229938936701228121688637,698135236503863158340924885712307583/419949860459877873402456243377274,P0/P1,false,pair:P0:P1:NE
945,3246,1108083181889165769681749861065524978/316068773565552837607998648419723,1048848189952715114608545761888191257/632137547131105675215997296839446,P1/P2,false,pair:P1:P2:E
946,3250,3012284899524642705986606589780293746/857921370696972212335615497521099,2851167828258551326844687895212848089/1715842741393944424671230995042198,P0/P1,false,pair:P0:P1:N
947,3256,2056652204743743080694757835025463094/582660806642467525305203707390513,1929493134867154765676288395592226939/1165321613284935050610407414781026,P1/P2,false,pair:P1:P2:S
948,3257,147464651686322929950693319370310262/41928610757362147457675686514449,139618964407829920411518208392413723/83857221514724294915351373028898,P0/P2,false,pair:P0:P2:NE
949,3259,302782222237423798516335274899501098/88196965475326834017607276840671,43487185094017708701143276955198947/25199132992950524005030650525906,P1/P2,false,pair:P1:P2:S
950,3261,2649547028710279791640068116907147470/751702755444428912787305209913877,2498515244074398327712757596821277895/1503405510888857825574610419827754,P1/P2,false,pair:P1:P2:S
951,3264,422765561310160488780018040283373166/119964853216840886218119276906629,276804280434737398148886736767131851/166105181377164303994318998793794,P0/P2,false,pair:P0:P2:E
952,3266,274965145869423901964033319869290134/77992851881542928394146863411009,2861552421975620982101748887871288281/1715842741393944424671230995042198,P0/P2,false,pair:P0:P2:E
953,3269,2656037399783448326175731237318672590/751702755444428912787305209913877,834569180310977718447096031050165997/501135170296285941858203473275918,P1/P2,false,pair:P1:P2:S
954,3271,5214533117957563334021503526090864642/1475280887014857648255472686260259,4915876679644003168979949908959932577/2950561774029715296510945372520518,P0/P2,false,pair:P0:P2:SE
955,3273,600455069694060409716781421983865122/169230846645874878545153248125907,1682598614059990916332160362271150483/1015385079875249271270919488755442,P0/P1,false,pair:P0:P1:N
956,3276,11014874352903595997841895886014264814/3113683178435424704713076306518981,10400317351936024518034496289837965655/6227366356870849409426152613037962,P1/P2,false,pair:P1:P2:SE
957,3280,16406998209687529837226829565020336978/4636737020158736048481679652204059,15533176262026431011428158507464005449/9273474040317472096963359304408118,P0/P1,false,pair:P0:P1:W
958,3290,7443297715890442505312390332086394658/2098298098560175433442156817763539,7066273904967251651141358543270985265/4196596197120350866884313635527078,P0/P1,false,pair:P0:P1:N
959,3293,3838639981371920778605610588690289118/1079683678951567975963073492159661,3629609426802795141706710555948034639/2159367357903135951926146984319322,P0/P2,false,pair:P0:P2:E
960,3295,4954237437806303298631365174763741454/1396297565650556784660486329685621,4713319039413352025212937479098085607/2792595131301113569320972659371242,P0/P1,false,pair:P0:P1:NW
961,3296,16016087340405921843792846485907158786/4501740239627026817598686451773091,15147015866624635456555471998648320033/9003480479254053635197372903546182,P0/P2,false,pair:P0:P2:E
962,3300,4649208974136360651109944322843318190/1298886956064203980220258132578917,1448666104922255484792640918018766013/865924637376135986813505421719278,P0/P2,false,pair:P0:P2:SE
963,3305,20386681816172008827481764974463199366/5715032281456828688512780298324265,19304448902644020178839206651499305507/11430064562913657377025560596648530,P0/P1,false,pair:P0:P1:SW
964,3307,13934391161724365805856186210047368762/3903334723171080553916515712929015,2635541607389878388378031018312822233/1561333889268432221566606285171606,P1/P2,false,pair:P1:P2:SE
965,3310,9499077921371862793466909606198996426/2652443589092296657425821238091087,8923759642965006051669391304149060101/5304887178184593314851642476182174,P1/P2,false,pair:P1:P2:SE
966,3311,4721878374609579043729115531502943422/1321016969026116500069511291837181,4457726551834760408453267662698481087/2642033938052233000139022583674362,P0/P2,false,pair:P0:P2:S
967,3316,2141052748078023550122700936596911230/597767931466313617081433938381469,2023407254956306647811278226436599199/1195535862932627234162867876762938,P1/P2,false,pair:P1:P2:SW
968,3319,7558318433693791609686917914268525834/2110668513761772349272950698247215,7157232783970105417880969019486325157/4221337027523544698545901396494430,P0/P1,false,pair:P0:P1:NW
969,3324,1866335654552180756228838139721794390/512334075414020720913372314713697,154897970506311087488273252849584513/93151650075276494711522239038854,P1/P2,false,pair:P1:P2:NW
970,3326,2163763357947546122452457923049885122/603300434706791747043747228196035,411176514794904622101015727577042509/241320173882716698817498891278414,P1/P2,false,pair:P1:P2:NW
971,3328,8773836181221573324826645511362805566/2443191062870612578908093524608701,8318520969463954678715692637035958015/4886382125741225157816187049217402,P1/P2,false,pair:P1:P2:W
972,3331,36413902736785969517029249439809787222/10120881004798863633914821647333729,11480680748062252193824156874168108505/6747254003199242422609881098222486,P1/P2,false,pair:P1:P2:W
973,3334,12155275235123772597771518134367329394/3373627001599621211304940549111243,34483580619055035202500714593138086283/20241762009597727267829643294667458,P1/P2,false,pair:P1:P2:W
974,3338,434569975489996414160477258325204058/120660086941358349408749445639207,2063671019262325351947874382379042689/1206600869413583494087494456392070,P1/P2,false,pair:P1:P2:SW
975,3341,39266724758923481145000841984897913702/10885865117917701975999896317597561,37196682354554048076409032538783823251/21771730235835403951999792635195122,P0/P1,false,pair:P0:P1:SW
976,3343,35284914222794524683094724841449584762/9772676915242010454776139051137111,33373167836294437301136824319499552349/19545353830484020909552278102274222,P1/P2,false,pair:P1:P2:S
977,3346,55485178174469207900385382781916328110/15355467220096941970869691292747749,52501034777387353497979575949967981239/30710934440193883941739382585495498,P0/P2,false,pair:P0:P2:SW
978,3350,4021475149388521314917645834302178486/1110798487163667755742392785278577,49332387970706125813083490233228176895/28880760666255361649302212417243002,P0/P2,false,pair:P0:P2:SW
979,3351,36991760776174436638893328236027990578/10230220358726641027885431593200235,35040567989371608385641355119136976057/20460440717453282055770863186400470,P1/P2,false,pair:P1:P2:S
980,3352,15774637978929470922015158541542026850/4351179046378146248416736376076211,14848715062667380155805882715347134929/8702358092756292496833472752152422,P0/P1,false,pair:P0:P1:W
981,3356,10659914575061852003037346256508963706/2944567163117627639041060798211287,10090788849626739221245021280365109213/5889134326235255278082121596422574,P1/P2,false,pair:P1:P2:W
982,3357,13495570589348326319924155509952256294/3730415022338720622080727415471129,64005962233041427866379592989965047359/37304150223387206220807274154711290,P0/P1,false,pair:P0:P1:SW
983,3361,4738057614317607506102885008078964414/1306087923049299263496506751191549,4478954654786258260571017389010119359/2612175846098598526993013502383098,P0/P1,false,pair:P0:P1:S
984,3364,67664775633648885394247875417613204926/18652075111693603110403637077355645,64172115732514542350492568872500090431/37304150223387206220807274154711290,P0/P1,false,pair:P0:P1:SE
985,3366,495855755769025574976614425158626378/136442108123318029868493368779535,18260729954408482944582638969012388227/10642484433618806329742482764803730,P0/P1,false,pair:P0:P1:SE
986,3368,17106663990152388578696823877910943650/4712017616783176333072654690052499,16232710131009750390427185760011928177/9424035233566352666145309380104998,P1/P2,false,pair:P1:P2:SW
987,3373,20901642861559168022696866113305173582/5736685767611217774899399319479893,19692388450733942591454502285994988423/11473371535222435549798798638959786,P0/P1,false,pair:P0:P1:E
988,3375,151465888786909475431845429833187841878/41574028869454693490828805646916705,143084891227536348581853840518053769867/83148057738909386981657611293833410,P1/P2,false,pair:P1:P2:W
989,3376,110420186728137973218721945903901196270/30272346248453055431723046452220613,104071874168911894531661159382017672791/60544692496906110863446092904441226,P0/P2,false,pair:P0:P2:SE
990,3385,5430505310190980699671789029008843706/1486268944848052589093148839128375,5131221677063589760874474774993477629/2972537889696105178186297678256750,P1/P2,false,pair:P1:P2:SW
991,3387,330893229311798725076050188105797448866/90523239542285132752127917884851475,104199321394132740904474867090848557819/60348826361523421834751945256567650,P0/P1,false,pair:P0:P1:W
992,3389,112186532916263324658142609320174598126/30762528467135430776229751711827653,106658347513306698074402099766025601623/61525056934270861552459503423655306,P0/P1,false,pair:P0:P1:W
993,3390,58649023817202937772157774955671417878/16013130603314891211246111469327233,55233913269218236348576671064840043755/32026261206629782422492222938654466,P1/P2,false,pair:P1:P2:NW
994,3393,136329794621639286757087426428231819334/37255054469485120770440903207762121,42949392985354369222178980328795952641/24836702979656747180293935471841414,P0/P1,false,pair:P0:P1:W
995,3399,54066135925327405977762410445197749342/14743940977615585278098316625517677,51032811071000232541589251796299890575/29487881955231170556196633251035354,P1/P2,false,pair:P1:P2:NE
996,3402,81042582349198992525896047480618143306/22118639909525855060590136746767887,76911181692517577888614942029427712581/44237279819051710121180273493535774,P0/P1,false,pair:P0:P1:E
997,3404,9537217689232756224678353786841592534/2595755190984056744426532621712801,27008351043119264759691933755009435873/15574531145904340466559195730276806,P0/P2,false,pair:P0:P2:NW
998,3407,69971943477629741479352911190527496822/19042822318886937979450891156260625,66123726859992095427306998203222223387/38085644637773875958901782312521250,P0/P1,false,pair:P0:P1:E
999,3410,197529122781740028655577976946599508474/53660658655143692413439464512565911,186232429663874999882293678330900979485/107321317310287384826878929025131822,P1/P2,false,pair:P1:P2:W
1000,3411,2802616192843334735066658404978138342/761712892755477519178035646250425,66186034422294513358849364159172864539/38085644637773875958901782312521250,P0/P2,false,pair:P0:P2:E
1001,3416,13756330883228099587046497349934670666/3734984083263671874996324577093007,12994614637357986386858130957924859077/7469968166527343749992649154186014,P1/P2,false,pair:P1:P2:SE
1002,3418,19466289302822548285388948230208569198/5370029771726892348971595954178565,19168798933839530897260184654558518807/10740059543453784697943191908357130,P0/P2,false,pair:P0:P2:N
1003,3421,27940700733279677406725198796933888866/7584411574125169342388011389557555,15889577145548701062581042671070455447/9101293888950203210865613667469066,P1/P2,false,pair:P1:P2:S
1004,3426,83064803501539673819313815316284411870/22510630620404059504364100112476589,78760938274512725279273242129593043279/45021261240808119008728200224953178,P0/P2,false,pair:P0:P2:S
1005,3427,92562886284236966376330496102301835086/25049009871802671370659689800095701,87495449669894961861474032431743435783/50098019743605342741319379600191402,P0/P1,false,pair:P0:P1:NW
1006,3429,96101424926868406374789224797999081042/25999497723550353024269609916639899,90792031698331381835142097789335969993/51998995447100706048539219833279798,P0/P1,false,pair:P0:P1:NW
1007,3432,146067386961846203262940824905472021310/39435647074183432923264979186099389,412658285594487656375748006045040364285/236613882445100597539589875116596334,P1/P2,false,pair:P1:P2:S
1008,3436,307809784195433810633412640363660316602/83055323117310170367810193016917815,96797970033757306169656018142288097791/55370215411540113578540128677945210,P1/P2,false,pair:P1:P2:S
1009,3438,353058240962372948856668504087560517902/95463690488271391843920700299131509,335158428187974472909801505752600149223/190927380976542783687841400598263018,P0/P2,false,pair:P0:P2:W
1010,3439,439032928382904182209387354129091279290/118306941222550298769794937558298167,413322899592380114312199909575180536573/236613882445100597539589875116596334,P1/P2,false,pair:P1:P2:S
1011,3440,82169152565120384973306785304985083698/22161684910593238160880310537940459,77585987069354996979832547102942274361/44323369821186476321760621075880918,P0/P1,false,pair:P0:P1:NW
1012,3446,202147913983861737550118719257549827858/54548771342374702476583943224632251,191693170618897917444676813664537739561/109097542684749404953167886449264502,P0/P1,false,pair:P0:P1:W
1013,3447,479003966360256244305871349855352436886/129047000766004083467738129466655297,452491264957424748527285158296972789547/258094001532008166935476258933310594,P1/P2,false,pair:P1:P2:SW
1014,3448,138428026188197253377876315298901304514/37249114711814690495577093121011523,130399047169263415541304172316217524993/74498229423629380991154186242023046,P0/P1,false,pair:P0:P1:W
1015,3452,116389819234260749476160543390564162142/31323535146714091604860286247821677,109908569395972560440363645623009711759/62647070293428183209720572495643354,P0/P1,false,pair:P0:P1:NW
1016,3454,36250112590562206978680790442128868486/9727694479964419215119334450074409,34052621983196863285526121561547966499/19455388959928838430238668900148818,P0/P2,false,pair:P0:P2:W
1017,3459,102013106651983211238363736747750093250/27489152552718223397540219170714307,97128252230584632440905284334901672321/54978305105436446795080438341428614,P1/P2,false,pair:P1:P2:S
1018,3461,480623962980119110525972864710069106838/129047000766004083467738129466655297,453986646452682778884301941239788177195/258094001532008166935476258933310594,P0/P1,false,pair:P0:P1:SW
1019,3462,338584894997949541880960689579307495866/90921170010833767470765691337310775,320082991403405263667201876962521949949/181842340021667534941531382674621550,P1/P2,false,pair:P1:P2:SW
1020,3465,313455896605332797361639134811656263898/84025739525195964459009929241702119,295467848906818641421077601685391832205/168051479050391928918019858483404238,P1/P2,false,pair:P1:P2:W
1021,3468,483702954473874325469862487822314346990/129744892185625726154705708615727557,457831930358256265840200114235905102679/259489784371251452309411417231455114,P0/P2,false,pair:P0:P2:SW
1022,3472,686976325276709135780282000561059896346/184025305871440530262818567808083911,650403146407002532059581196382547081773/368050611742881060525637135616167822,P0/P1,false,pair:P0:P1:SW
1023,3474,288710300074231751663123048198360166/76249704367941149203413077736697,9097320969045831506664282227618799/5258600301237320634718143292186,P0/P1,false,pair:P0:P1:SW
1024,3476,246256284378922845291772626964774496586/65963929017699360737996446874594959,233536086480804791830349850699099013061/131927858035398721475992893749189918,P1/P2,false,pair:P1:P2:NW
1025,3480,600690949059661109849810026841345304210/160277401035536596452954805500391163,566099768496416618085198320243020018921/320554802071073192905909611000782326,P0/P2,false,pair:P0:P2:N
1026,3483,608528611943966978539394583010048463398/162532251400903370463882954032128409,576590854999482684093680513890294477043/325064502801806740927765908064256818,P1/P2,false,pair:P1:P2:SW
1027,3486,195460677515702132101414601926721161606/52097447836041808786825674058893993,61442631480743878434519783426519771361/34731631890694539191217116039262662,P1/P2,false,pair:P1:P2:SW
1028,3488,254681026195233879801396014222668639070/67848410063211154819630771902892781,720932420271714845879090393526019820845/407090460379266928917784631417356686,P0/P1,false,pair:P0:P1:NW
1029,3490,103453750959470102981487260771448287522/27294002333048266661138800883607507,31788401060644326192155360090412128187/18196001555365511107425867255738338,P0/P2,false,pair:P0:P2:SW
1030,3493,265230845205490460370195963703362402522/70652561076236144809881864513298151,1254911947434542410288583361015412709057/706525610762361448098818645132981510,P0/P2,false,pair:P0:P2:S
1031,3496,420629063617927571931915785201111124174/111819932995367761702783689356242453,1190761318309680267147475979931769926229/670919597972206570216702136137454718,P1/P2,false,pair:P1:P2:S
1032,3500,1678360650683232959467504012809687211762/444635808318296351752906271603157387,524960195676327337733049305045758717875/296423872212197567835270847735438258,P0/P2,false,pair:P0:P2:SE
1033,3501,167875462281021521618327900233365897778/44629753401395390552932723329012331,158963463814144872358443516224159278265/89259506802790781105865446658024662,P0/P1,false,pair:P0:P1:SW
1034,3506,12266558596605407801730627351813858158/3254009189199907354747024982417413,1496052830167616995399314474612843928471/839534370813576097524732445463692554,P0/P1,false,pair:P0:P1:SW
1035,3511,2152733696310854489116601747034568486610/569648582547429480187766045367967579,2027683701839816128175749018118525054217/1139297165094858960375532090735935158,P0/P2,false,pair:P0:P2:W
1036,3517,102620662780805840050092536300159435018/27122379218618311659254297046478383,4166509042166167182694115589942631430327/2332524612801174802695869545997140938,P1/P2,false,pair:P1:P2:W
1037,3518,29440623477384952497927388535886275838/7813298389320820527178735860300637,28092502801335739080896349083159252447/15626596778641641054357471720601274,P0/P2,false,pair:P0:P2:S
1038,3520,1882688547285482715979046295735643039698/497705547906635192205320261666383067,1781091470092887589664070795783746140553/995411095813270384410640523332766134,P0/P1,false,pair:P0:P1:SE
1039,3523,5649584265010666055404006751404442715458/1491039271140019027517136827469727747,5327979656524130716858584262386097691457/2982078542280038055034273654939455494,P0/P1,false,pair:P0:P1:SE
1040,3525,2535886780690984031806017868373857590774/669595444783895483692026490096898129,2398381860933685282588474084882577033179/1339190889567790967384052980193796258,P1/P2,false,pair:P1:P2:W
1041,3527,2870687940192112472675973922661140097098/758556664060757014001820656431496463,906783484339262871277136601245749380375/505704442707171342667880437620997642,P1/P2,false,pair:P1:P2:W
1042,3529,235336976896568297444700948671509752766/61660328289606415196547183843012989,218621000893219478252143390660019924287/123320656579212830393094367686025978,P0/P2,false,pair:P0:P2:S
1043,3535,2166690590266596105782091721167512104658/569648582547429480187766045367967579,2040311367799772828968335185191188327689/1139297165094858960375532090735935158,P1/P2,false,pair:P1:P2:S
1044,3538,2857331407500321058263690559493513658250/751451762562908933496664826734965743,2697267559312271469362353730502499401445/1502903525125817866993329653469931486,P0/P2,false,pair:P0:P2:NE
1045,3542,456561264796732087040759887580156812830/119676683840717145585558694421168909,2144437800425806541769852174668566591019/1196766838407171455855586944211689090,P1/P2,false,pair:P1:P2:SW
1046,3543,169827765899830616806655366853152653874/44629753401395390552932723329012331,160791152308349131683686250932044752057/89259506802790781105865446658024662,P0/P2,false,pair:P0:P2:SE
1047,3546,168494522108174309953548729007570872230/44185697057779885521360483972979161,158850010953334966702031318707267826611/88371394115559771042720967945958322,P1/P2,false,pair:P1:P2:W
1048,3552,6552043524690086399170244441116403369506/1716444449767734879699206144398153555,1237183133360935692929810484707483813565/686577779907093951879682457759261422,P0/P2,false,pair:P0:P2:NE
1049,3554,101929725339870413101585887862998338122/26681961271252228001164224686805007,1249422540674383301562486231862880486273/693730993052557928030269841856930182,P0/P1,false,pair:P0:P1:E
1050,3557,27559215053269153993896429003989246194/7141391992738259917131906807999627,3621418095936338043313627441446201055/2040397712210931404894830516571322,P1/P2,false,pair:P1:P2:NE
1051,3559,287835474262708707544331554035198884766/75438890615063167630075427414181709,272881557153409067866746473865255267119/150877781230126335260150854828363418,P1/P2,false,pair:P1:P2:NE
1052,3562,6922437081055572878286353593120095583130/1808892609878754444067558580832833287,6528186032377272827822585316495326437869/3617785219757508888135117161665666574,P0/P2,false,pair:P0:P2:SE
1053,3565,1264662383744517270959689193481606336466/330373536434484193078795762675163355,1193207864208240638060290168780347837833/660747072868968386157591525350326710,P1/P2,false,pair:P1:P2:E
1054,3566,2179756689762133359287868259989886342406/569282387629184779817559600406950889,6166919427545870443088989116374475303209/3415694325775108678905357602441705334,P0/P1,false,pair:P0:P1:S
1055,3570,3517863571840849987926808513330628754870/919620993242161740561746037626518513,3335889562454191493491367660291803104187/1839241986484323481123492075253037026,P1/P2,false,pair:P1:P2:E
1056,3571,4459180974453632904876644932497063244078/1163246424329715659406176911744938149,4208953356275257826017864054046076830455/2326492848659431318812353823489876298,P0/P1,false,pair:P0:P1:E
1057,3573,9531122789389551147444439777026292035702/2484740570067652431721359962445591569,8992418637074499705242255185649710938395/4969481140135304863442719924891183138,P1/P2,false,pair:P1:P2:E
1058,3578,2961847972802901067563904507284284852006/770225890914094267057463993681518873,2780669264223337701248707663765316696947/1540451781828188534114927987363037746,P0/P1,false,pair:P0:P1:SE
1059,3581,215292446679101904729959736992599367230/56066094758948823949841887540184381,6303943988166372823466514880717928128865/3476097875054827084890197027491431622,P1/P2,false,pair:P1:P2:NE
1060,3584,6954338552954410859236044962566823852954/1808892609878754444067558580832833287,6556099820288756061153565264761213673965/3617785219757508888135117161665666574,P0/P2,false,pair:P0:P2:SE
1061,3587,6072443671249797931431359234439167974746/1580368066111130126719337562976845223,5744902166799016339451312717877264637645/3160736132222260253438675125953690446,P1/P2,false,pair:P1:P2:NE
1062,3590,10960121413063769809637223488452166299662/2847559328843414621077653167984147701,10344822656312023579787460936359914096743/5695118657686829242155306335968295402,P0/P2,false,pair:P0:P2:SE
1063,3594,1957411496623715170191759657002240921862/508519453694482640355183777621020137,1850686417011163604251321434629281535587/1017038907388965280710367555242040274,P0/P1,false,pair:P0:P1:S
1064,3598,2595155361169055893197625393008119089726/675995562154607821717315163508098877,825815758862253078522271048066871056085/450663708103071881144876775672065918,P0/P2,false,pair:P0:P2:S
1065,3600,3850685753508273265055358963624502049346/995263493847560550347126741437425539,3614100440089703698953284862475000497601/1990526987695121100694253482874851078,P0/P1,false,pair:P0:P1:E
1066,3604,290909314002961325500421607862097181598/75438890615063167630075427414181709,275664628269583735475638819897717238575/150877781230126335260150854828363418,P0/P1,false,pair:P0:P1:NE
1067,3608,2059393662878325314809120332785435815842/531026687686402860363891675118808467,1933186775726580532043407974162862648945/1062053375372805720727783350237616934,P0/P2,false,pair:P0:P2:N
1068,3612,6813527543002605579985827231357711998246/1761777445499011221397484165746123289,6447024122335584136245539830907832936051/3523554890998022442794968331492246578,P0/P2,false,pair:P0:P2:NW
1069,3615,5725165815366817859577013211916300722386/1479322619119930022104457783364864603,5416866261862236851540311694263422117385/2958645238239860044208915566729729206,P1/P2,false,pair:P1:P2:W
1070,3620,659638055111374801820220376685729132554/168207928910640671007598469580252335,606038088408970059083374557597986037541/336415857821281342015196939160504670,P1/P2,false,pair:P1:P2:SW
1071,3621,95423465396282960218588197429893992202/24582668897652589907756766863418159,4054902315566799898746109333177918341889/2212440200788733091698109017707634310,P0/P2,false,pair:P0:P2:NE
1072,3623,667812645714750138735001303171472147326/172311515144665478149851909879312669,211124783744029888277725645954436628917/114874343429776985433234606586208446,P1/P2,false,pair:P1:P2:S
1073,3628,5024232387053409609308682925793848976074/1292771359757148283976756146109340879,678453795524623933410321226331924810771/369363245644899509707644613174097394,P1/P2,false,pair:P1:P2:W
1074,3630,833454711034341731809427124025344085290/214314334894194770582986996095509087,788265570068986378871214727895537338293/428628669788389541165973992191018174,P0/P1,false,pair:P0:P1:NE
1075,3634,7047384512659354970339311456786447973274/1808892609878754444067558580832833287,6646487324002130340511024144860277105133/3617785219757508888135117161665666574,P0/P1,false,pair:P0:P1:NE
1076,3635,7316165785005682894849561471815691224094/1883017811995618503798522002135006221,6949225816706205133330609387336984835951/3766035623991237007597044004270012442,P1/P2,false,pair:P1:P2:NW
1077,3642,6443264893446316008214426698952403350182/1650820838952205225895556398329731673,6075342102639303561843713327339493009715/3301641677904410451791112796659463346,P0/P2,false,pair:P0:P2:N
1078,3643,3824452183847792786904607786557908793190/981812520968427731122258137565597049,3625211141819772960790997637566231971731/1963625041936855462244516275131194098,P1/P2,false,pair:P1:P2:W
1079,3646,495532205017068243816566237521179877058/126642399853605523689943276060411459,2327525552660538136392824590910986051589/1266423998536055236899432760604114590,P0/P1,false,pair:P0:P1:NE
1080,3651,7737866561849204575967994688467822961226/1976903888876871613800098925697618959,7292636759265415514121251446194793802821/3953807777753743227600197851395237918,P0/P1,false,pair:P0:P1:E
1081,3654,7313544718763321951338702842766022567522/1873078303924050552237983839773322163,6951316826561271859016113713019512219089/3746156607848101104475967679546644326,P1/P2,false,pair:P1:P2:W
1082,3655,140497159994516065859774163885162329938/35949588294247730342822677108438043,133271835237906168355370738468581153097/71899176588495460685645354216876086,P0/P2,false,pair:P0:P2:E
1083,3657,22813203946385859588986960746786714692342/5826886081677793779838181691168560081,21552541081041521877733462290132463959643/11653772163355587559676363382337120162,P1/P2,false,pair:P1:P2:W
1084,3658,18317294826561345481474187502461520134326/4676499256261866408867856023698542705,17287842353428524490361598659137867060539/9352998512523732817735712047397085410,P0/P2,false,pair:P0:P2:E
1085,3660,7749829613811268818824128952010346062410/1976903888876871613800098925697618959,7300612127240125009358674288556475870277/3953807777753743227600197851395237918,P1/P2,false,pair:P1:P2:W
1086,3664,22834471594318418242953421659751200205558/5826886081677793779838181691168560081,21563174905007801204716692746614706716251/11653772163355587559676363382337120162,P0/P2,false,pair:P0:P2:E
1087,3666,6104452386755605545678874960628200810934/1556639558139532447766951910976437745,5758670936132425099674937000800440490427/3113279116279064895533903821952875490,P1/P2,false,pair:P1:P2:NW
1088,3668,1333906292298319248152060803046504402406/339657100796102207587152741724993337,1256695460123778111907197084683920407251/679314201592204415174305483449986674,P0/P1,false,pair:P0:P1:NE
1089,3671,9849526663353960850525392679839058470734/2508078178528984308227504382711768021,3096959366239046707785017056918272852653/1672052119019322872151669588474512014,P1/P2,false,pair:P1:P2:N
1090,3673,10279920381916861123369133889200579425214/2618988137443757836621762825004735869,9717935231153896673701229852232640352575/5237976274887515673243525650009471738,P0/P1,false,pair:P0:P1:N
1091,3676,13006101614698512971899369060714152033038/3304981016772858651786157284864204149,12218915794683671927624455678508889464295/6609962033545717303572314569728408298,P0/P1,false,pair:P0:P1:N
1092,3680,9443059048715189063393919997562583718622/2397168219614210779833245940418800173,8879771702229802563483718174000360898255/4794336439228421559666491880837600346,P0/P2,false,pair:P0:P2:N
1093,3684,6716877815933537214863684826049011110798/1711175340285109964668851480559331893,6378791138700027309560492347724111786535/3422350680570219929337702961118663786,P0/P2,false,pair:P0:P2:N
1094,3686,10656189082403086119853608101485169841142/2707026383555459818737277578446455121,10071221871593679458471337685965129794267/5414052767110919637474555156892910242,P0/P1,false,pair:P0:P1:E
1095,3689,35262648969441314550159150945349935350262/8946745779800127740939085803890665041,33278438241713788817609887393391381527003/17893491559600255481878171607781330082,P1/P2,false,pair:P1:P2:NW
1096,3692,13950270804635142310451934742379595667978/3532693012689208103464530646997754799,13135994498526429900667212021461121938469/7065386025378416206929061293995509598,P0/P1,false,pair:P0:P1:E
1097,3694,61434359558332530398706345914011880765458/15556707813345845044511400373619073339,57865143366609043250624025141160559048105/31113415626691690089022800747238146678,P0/P2,false,pair:P0:P2:NW
1098,3695,33533817949062245777802476429252689429502/8491321787967428837582339079623563741,31593154369556183449289601098238315171167/16982643575934857675164678159247127482,P0/P1,false,pair:P0:P1:E
1099,3699,16376530872010936423371310950224767913018/4152409340571706181272593923053064695,15518894837254183690642451045390659730493/8304818681143412362545187846106129390,P0/P2,false,pair:P0:P2:N
1100,3702,17865031571397013954460831871217715668750/4516822518535224621295419989954379637,16821062727646239329768969229795111212007/9033645037070449242590839979908759274,P0/P2,false,pair:P0:P2:NE
1101,3704,123678108305299822468156577800216911644026/31279065504314481542447708527487589335,116673139191659636188189626261652022205661/62558131008628963084895417054975178670,P1/P2,false,pair:P1:P2:NW
1102,3708,12804664034094090882162952597181981326634/3231727691246323035920065952516368991,84434879434717724207488901965585600110067/45244187677448522502880923335229165874,P1/P2,false,pair:P1:P2:NW
1103,3711,10116085465348383385268954402537894008682/2552097301584835299285261759432627647,9539299730709416972876910668876201885909/5104194603169670598570523518865255294,P0/P2,false,pair:P0:P2:NW
1104,3712,3650854531652694492378639228285916732738/919666610805622649524440368513567747,37739184387094363530233581881177573642187/20232665437723698289537688107298490434,P0/P1,false,pair:P0:P1:SW
1105,3716,57558291715515117049146998276580473369358/14487676798524030057629147377438249333,54121839056916721011191219282925972756967/28975353597048060115258294754876498666,P0/P2,false,pair:P0:P2:N
1106,3719,6576025957788434576026203859539684079082/1659373762773948880326943532195548031,68497603642386029650516627007186200324327/36506222781026875367192757708302056682,P0/P2,false,pair:P0:P2:NE
1107,3721,80773843475712268639212042463430499326010/20306919588402419485794118616812880887,75845247298577553184728490548081889763901/40613839176804838971588237233625761774,P0/P1,false,pair:P0:P1:NW
1108,3725,184993074938578008767477104570227972780926/46583268727459747710505169901433182493,175003689051199355387076005545933316439327/93166537454919495421010339802866364986,P1/P2,false,pair:P1:P2:E
1109,3730,185418427897229181846806322829517683045246/46583268727459747710505169901433182493,175343971418120293850539380153365084650783/93166537454919495421010339802866364986,P1/P2,false,pair:P1:P2:E
1110,3736,50960494426299544448549969744281209343838/12765857616831727982761473643650949357,47977940320728729283608912950031304761615/25531715233663455965522947287301898714,P0/P1,false,pair:P0:P1:N
1111,3738,8329980725634781604529874005016283421610/2081417977586159346039357824843530271,7795498277357150027877386985754887223029/4162835955172318692078715649687060542,P0/P1,false,pair:P0:P1:NW
1112,3740,56151308717650845948716557825959349708350/14083737140075514533033766146054099261,53124194700935626913566440772032293270143/28167474280151029066067532292108198522,P0/P1,false,pair:P0:P1:NW
1113,3741,9339155007592967345675175304825670172830/2340066899530867138494964037846982349,8813540618918539265603607366075905621423/4680133799061734276989928075693964698,P1/P2,false,pair:P1:P2:N
1114,3747,135122341267392992496098067150194606706422/33785494624780729498440168587487078865,25490063646249208134416495908662751182047/13514197849912291799376067434994831546,P0/P1,false,pair:P0:P1:NW
1115,3750,339857560185758633756889304471827835636846/84848925092107641429486063162090876293,320127714839733069349310724210160453432471/169697850184215282858972126324181752586,P0/P2,false,pair:P0:P2:N
1116,3754,4286702751230128200590682666843393901862/1069155525298775103895353442466954777,246517382001557872465115365881730150370663/130436974086450562675233119980968482794,P1/P2,false,pair:P1:P2:NE
1117,3760,234288579975510678007819012490080990610926/58382362246977186615236448977539316677,221213773976978974531791480115480030275927/116764724493954373230472897955078633354,P0/P1,false,pair:P0:P1:NW
1118,3763,116232748621735314990402615452635397128486/28988436399571477587753203931124570137,110150247844406535820036202406072552634483/57976872799142955175506407862249140274,P0/P2,false,pair:P0:P2:N
1119,3766,592608141220601833849278004915792213935010/147411779363639319204413921237716954003,559086168819061688754215024298278280435825/294823558727278638408827842475433908006,P0/P1,false,pair:P0:P1:W
1120,3770,115444220369258601705060253911182843872946/28705889874756475752177291557480104235,327470338923458901690267769200800681725163/172235339248538854513063749344880625410,P1/P2,false,pair:P1:P2:N
1121,3774,72584396210814257583955074390020087431738/18045784081749254135322901435211809527,68811242355224487826914572686648224118589/36091568163498508270645802870423619054,P0/P2,false,pair:P0:P2:NW
1122,3777,175859225746830180996078544693792452982822/43600713649221909544374920173290396313,165744220005612744891832422615042893366259/87201427298443819088749840346580792626,P0/P2,false,pair:P0:P2:NW
1123,3780,34142266702981498325737601346318408272210/8458810211719131544047194093328027419,225233595812899688009882003812824342376447/118423342964067841616660717306592383866,P1/P2,false,pair:P1:P2:SE
1124,3783,104386314675510428925356724218701543463538/25804599713263050235885449297538579147,98119505041234027116145799305242301449433/51609199426526100471770898595077158294,P0/P1,false,pair:P0:P1:N
1125,3786,256036168910325973628893229621104987398/63525882734512670007487263870388201,730029586852088463479253809534935399721/381155296407076020044923583222329206,P1/P2,false,pair:P1:P2:SE
1126,3789,167353364670723289320605298857192513681490/41358874843548661821754778988806202779,157771457277918788075134984012904664680905/82717749687097323643509557977612405558,P1/P2,false,pair:P1:P2:S
1127,3793,80784600212827861575742120756525661494806/19962142589575461364191406607387259521,76376043947607535873399245095156172812779/39924285179150922728382813214774519042,P1/P2,false,pair:P1:P2:SW
1128,3801,531344226962152938308434597564974904798114/131060115602652278120162474816655640467,502790064153210513198288032884972889508977/262120231205304556240324949633311280934,P0/P2,false,pair:P0:P2:W
1129,3809,327603902318289348788922558435127481923622/80505810227266535345097350295911119513,308938283413773621905432211835469409494003/161011620454533070690194700591822239026,P1/P2,false,pair:P1:P2:E
1130,3813,122842730573662943879020395482984754414762/29951504851880792570032225775166598559,114065655573573915222186266963670624844661/59903009703761585140064451550333197118,P0/P2,false,pair:P0:P2:E
1131,3817,1132292477070609689546379249523199978700866/277536176358927026596157234447015391363,355974216773925319044304677705214068785899/185024117572618017730771489631343594242,P0/P1,false,pair:P0:P1:NE
1132,3820,642570153363337206018368365672224033768034/157614702459267719773979564947117626803,607858799983906103336030768247197924176849/315229404918535439547959129894235253606,P0/P2,false,pair:P0:P2:S
1133,3824,114190171999627655193917305144517026531334/27967640701194094334449798887466856553,11989687882902434870020274746625239471499/6215031266932020963211066419437079234,P0/P2,false,pair:P0:P2:SW
1134,3827,162769277189535776826070718472400688243314/39796660637300329046350210458672776907,767185898132870209871554815303729998933053/397966606373003290463502104586727769070,P1/P2,false,pair:P1:P2:NW
1135,3828,900725915755065088634057639511580363322918/220262126131024201009419678362130519961,850124945998792655701248678933362147525363/440524252262048402018839356724261039922,P0/P1,false,pair:P0:P1:SW
1136,3830,117025911851867689799320806464442837346410/28610529411764496191602711485803175743,110490609394230230487666871280722822494549/57221058823528992383205422971606351486,P1/P2,false,pair:P1:P2:NW
1137,3834,582974384140940291318127280217151912339886/142409758348252079100860644830679559525,550550193256884712707776707057381981644599/284819516696504158201721289661359119050,P0/P2,false,pair:P0:P2:SW
1138,3836,1271100246465145221537240770062798174723098/310690478548953204037770736544571221959,1203480345981976229579535024402732429310509/621380957097906408075541473089142443918,P0/P1,false,pair:P0:P1:S
1139,3837,94198760958944919121536807574448492840146/22209781144153172188262556103113334875,81357208601874396295615154370882912327689/44419562288306344376525112206226669750,P1/P2,false,pair:P1:P2:W
1140,3841,1096193715623049776061099811286935459255198/267114920431074178392099083127408724813,1035040130045570274197423870119674159814447/534229840862148356784198166254817449626,P0/P1,false,pair:P0:P1:S
1141,3844,2857761153068119865698173457840522826798806/696244149099103076929852469308746339233,2699607872287635442048871610444048361949771/1392488298198206153859704938617492678466,P0/P2,false,pair:P0:P2:SW
1142,3848,5056954231652638187089640572563029109538322/1230473989961251433714050635563563788859,4775132650249511005859133344402304972961961/2460947979922502867428101271127127577718,P0/P1,false,pair:P0:P1:S
1143,3850,305941489168558892864796245666051839605798/74413923501233061795183134863971524761,7224054101228755681581943305786658676626619/3720696175061653089759156743198576238050,P0/P2,false,pair:P0:P2:SW
1144,3856,536816950016482786536678626501566147940402/129833773713095197981068620179689817963,502214063886344097238376327182900157123513/259667547426190395962137240359379635926,P0/P2,false,pair:P0:P2:W
1145,3858,3498387401034394773291233645340957405157390/849166889646935912366962034272679614709,3302707762386865409379373711509887608536167/1698333779293871824733924068545359229418,P0/P2,false,pair:P0:P2:W
1146,3864,5999059326471018259571902480743433851551298/1454215115570804188389649026663298641283,5666973896639845147431516593183590744672193/2908430231141608376779298053326597282566,P0/P1,false,pair:P0:P1:NW
1147,3866,1535151963713529479739395222049167489412286/372069617506165308975915674319857623805,289996622444589880192206391038058922427891/148827847002466123590366269727943049522,P1/P2,false,pair:P1:P2:NW
1148,3871,5085537950473997018020564039587297639300626/1230473989961251433714050635563563788859,4801674674869344206009276563781982893455529/2460947979922502867428101271127127577718,P0/P1,false,pair:P0:P1:N
1149,3872,69632042842279732568328522958878878356606/16799913293981195095669153407718070941,65288334533364499468134454893849641000351/33599826587962390191338306815436141882,P1/P2,false,pair:P1:P2:W
1150,3876,1514793296975842762780927237686261797301286/366625759951341392706670334319504935065,1433926869651820411168825077961552772890099/733251519902682785413340668639009870130,P1/P2,false,pair:P1:P2:W
1151,3880,2882942048220269311994463178790473674446550/696244149099103076929852469308746339233,2723767920339022072954771207571703904963147/1392488298198206153859704938617492678466,P0/P2,false,pair:P0:P2:SW
1152,3886,1925595440758117681174429052051604822094110/462734033406201574207101912827374374797,1806787995751609153994402233187558055026159/925468066812403148414203825654748749594,P0/P2,false,pair:P0:P2:W
1153,3889,1777616552483216418065453387279519365115786/427867538480617614764572744179789290479,1677652797906545253923033004929190499383013/855735076961235229529145488359578580958,P0/P2,false,pair:P0:P2:SW
1154,3890,334075912275125020964640983151372472806902/80376309024771718186236830526190282833,315266321917640832136329668122844284030939/160752618049543436372473661052380565666,P0/P1,false,pair:P0:P1:N
1155,3894,2906641510303691858665297073386460991002622/697088153269530395660705928097810511837,2724847768944783679433157854179046824351583/1394176306539060791321411856195621023674,P0/P1,false,pair:P0:P1:W
1156,3895,2012462261453969559259092115109757014196118/483802819883005803433472341954723003585,1899762403586826443157470380605932521781931/967605639766011606866944683909446007170,P1/P2,false,pair:P1:P2:SW
1157,3899,1118283012604247259852887156833053037389614/270517486496481211206238755811635495333,1074677038228869206881782907032818219212279/541034972992962422412477511623270990666,P0/P1,false,pair:P0:P1:W
1158,3900,5482990543527119293857718402179470619840266/1317625106197009485005393942397888783151,5184152943909561870877591069743956372782757/2635250212394018970010787884795777566302,P1/P2,false,pair:P1:P2:SW
1159,3902,4630122551697040327310050062916317430227386/1110870261530794136509768077191317703223,4366705309276025885455713157112358781239037/2221740523061588273019536154382635406446,P0/P1,false,pair:P0:P1:N
1160,3911,2693544815947215262799982316494909151845250/644555437932549239805946003007103569251,2541864647897420015187884453504301209033313/1289110875865098479611892006014207138502,P0/P1,false,pair:P0:P1:NW
1161,3912,10671152726811987334369158455887668407561638/2552797452867036942462384793239895245529,10065669204557032320828604915433132569614003/5105594905734073884924769586479790491058,P1/P2,false,pair:P1:P2:NW
1162,3918,18973556623654309518680492019827908907277834/4533810569375735054626350030629632027055,17902262567813823240563671064642956895352357/9067621138751470109252700061259264054110,P0/P2,false,pair:P0:P2:W
1163,3924,15160245293840232010007706236648657937184246/3620544238084788497300459171059078190161,14352056391542607452831584592790398582961115/7241088476169576994600918342118156380322,P1/P2,false,pair:P1:P2:SE
1164,3929,7813233894803706537936179451648271804489654/1860348087530826544879578371599288119025,7380583990012387374775095625205272053896379/3720696175061653089759156743198576238050,P0/P2,false,pair:P0:P2:SW
1165,3930,228220805615812443908261935239738758510978/54207626287605464324479552495403719267,214306371936264746608104581962511648082273/108415252575210928648959104990807438534,P0/P1,false,pair:P0:P1:NW
1166,3932,89548732632371882403945842979827512819478/21334834993557447712291140310196974593,10600754484848927560513536412487801527369279/5333708748389361928072785077549243648250,P1/P2,false,pair:P1:P2:S
1167,3935,10231704878098936960976526629403556339721246/2432433749590591862034599334743445933069,9656733331472230757002176287387771063773039/4864867499181183724069198669486891866138,P1/P2,false,pair:P1:P2:S
1168,3938,12538914779413269054707088720744305958185682/2965182411837309708261589563657071892827,11701622526249474220239734556951220215180041/5930364823674619416523179127314143785654,P0/P1,false,pair:P0:P1:W
1169,3940,46554738337694168562553187879933360731108558/11061936588208094676818772657456230666261,43999616262619062306486488949146377500362439/22123873176416189353637545314912461332522,P0/P2,false,pair:P0:P2:S
1170,3943,19315722644376432337727383482984552591498958/4584659167102055088149148468206670090005,18231065252906024074964058717345992130206663/9169318334204110176298296936413340180010,P0/P1,false,pair:P0:P1:W
1171,3949,15794614245639517343189944596097879017210046/3728993466900847114192883716525667696893,14789630800002231326012065334861064169678783/7457986933801694228385767433051335393786,P0/P2,false,pair:P0:P2:W
1172,3954,16168913535564884357552807482009145360140514/3820848112038517682217854315338074285939,15230169265085027215838351838938680837840657/7641696224077035364435708630676148571878,P0/P2,false,pair:P0:P2:W
1173,3956,24232889394050018146551695059603382022838610/5728227839818732748745987579906987018011,22863441507370027370444384048797673942223433/11456455679637465497491975159813974036022,P1/P2,false,pair:P1:P2:N
1174,3960,19424613001791132646035663357362718419164878/4584659167102055088149148468206670090005,18318177538837784321610682616848524792339399/9169318334204110176298296936413340180010,P0/P1,false,pair:P0:P1:W
1175,3964,16217914196401499496291533425479319982590178/3820848112038517682217854315338074285939,15262836372309437308330835801252130586140433/7641696224077035364435708630676148571878,P1/P2,false,pair:P1:P2:E
1176,3967,10324261681901432223038564522624997293237278/2432433749590591862034599334743445933069,9743845617403991003648800186890303725905775/4864867499181183724069198669486891866138,P0/P2,false,pair:P0:P2:N
1177,3976,15386192785475735149747386975983352029591030/3620544238084788497300459171059078190161,14580726142113478100278972328984546821059547/7241088476169576994600918342118156380322,P1/P2,false,pair:P1:P2:NE
1178,3978,17462570331276151559753372100721572283902562/4102601702593421792724803819632874140083,16498452501312246349683553416386710429149137/8205203405186843585449607639265748280166,P0/P2,false,pair:P0:P2:W
1179,3985,24995204515811576341996162271446947950371866/5836677068634791365638412125373576524743,23399017237502881521102316677808688773840429/11673354137269582731276824250747153049486,P0/P1,false,pair:P0:P1:SW
1180,3987,35475994242450476212650362831310921592768078/8298891160226671636334374641206315541077,33425805211537890821146550778942019242715015/16597782320453343272668749282412631082154,P0/P2,false,pair:P0:P2:NW
1181,3996,31689183230451301909628188644452453409880774/7395465027554470895505828186990949181577,9963358219182511073017316856808125116966849/4930310018369647263670552124660632787718,P1/P2,false,pair:P1:P2:NE
1182,3998,4461112204556466957262690355333995981971906/1042122285435594613264017572142458567363,63300021854384393682301481626934144122160783/31263668563067838397920527164273757020890,P0/P1,false,pair:P0:P1:N
1183,4003,3923280455898647249016981570188741902872194/916617890163405945328236117616320371171,3727471433017394088375098863850380245701601/1833235780326811890656472235232640742342,P0/P1,false,pair:P0:P1:NW
1184,4006,6986029262160379454293534468510207063645538/1621309865166902862747355307677758869043,6539582541970092148339137577361386796814673/3242619730333805725494710615355517738086,P0/P1,false,pair:P0:P1:NW
1185,4007,117364431601111898337827455345292132106519186/27305188418803501930237087832884031559931,110555395830531898019400890454939818146038505/54610376837607003860474175665768063119862,P0/P2,false,pair:P0:P2:NE
1186,4010,138343129689654066969822496549992821841310766/32225950382182947505909420058293188248869,130937141291701873018846227421283379968742519/64451900764365895011818840116586376497738,P1/P2,false,pair:P1:P2:E
1187,4012,130491436714401628018537013774835218384502958/30327139263213500418452163403600052772837,122947813616889495211939135772449514039460535/60654278526427000836904326807200105545674,P0/P1,false,pair:P0:P1:NE
1188,4015,258676571541058675378816974291861564627195298/60126002039550876272035518389947024680595,244111036987801553256508547977079089497620849/120252004079101752544071036779894049361190,P0/P1,false,pair:P0:P1:NE
1189,4017,2045693214151318998636901393076111526520874/476084588763452993455838133598138202847,21326413146431846230258192370984455017544007/10473860952795965856028438939159040462634,P0/P2,false,pair:P0:P2:E
1190,4020,101246125149405102698866328131030023247997590/23474481221995206695362859777639390940481,95245110303507343675893999195449831834886187/46948962443990413390725719555278781880962,P1/P2,false,pair:P1:P2:W
1191,4023,60937097577035978294884620617632537244336386/14133735118959305519112990363451731393955,57446246706732491836822077311177454935229729/28267470237918611038225980726903462787910,P0/P1,false,pair:P0:P1:N
1192,4024,27451943177625692016788501705796957322943878/6371706360326453046761907532608712378537,129654105003995370816097512852236842937825071/63717063603264530467619075326087123785370,P1/P2,false,pair:P1:P2:W
1193,4029,171659865148593455893612761251225849871751850/39710945449438315933682498172594577165983,53814619659297083202102208584113813838463527/26473963632958877289121665448396384777322,P1/P2,false,pair:P1:P2:SW
1194,4031,9003397684680839346269045099488690841680450/2096012644909264634611669471351042738051,506014627948353340297110494952750163278513/246589722930501721719019937806005028006,P1/P2,false,pair:P1:P2:SW
1195,4033,95148150868198763697656634732718207578330558/22093755490676892793460334381038047162493,90581173371160214069108286602664076356600383/44187510981353785586920668762076094324986,P0/P1,false,pair:P0:P1:W
1196,4035,157771156313881625419009287648914460110277314/36569789479781087707546777146406456592451,149545019488724692026537270874805847286691329/73139578959562175415093554292812913184902,P0/P1,false,pair:P0:P1:W
1197,4041,27141370924481131971379894721777713366065406/6276610721333391471289641266937893549405,281855404551560743640715900089086533985567381/138085435869334612368372107872633658086910,P0/P2,false,pair:P0:P2:E
1198,4042,101703464650546843993761103603418319724194454/23474481221995206695362859777639390940481,534285561956426060255887188509559937511081/262284706391007896037573852264127273078,P0/P1,false,pair:P0:P1:W
1199,4045,104186315718993164885440270072275655204773842/24032984008124370872316491394102194993371,97942690484626559780167339881186656265622921/48065968016248741744632982788204389986742,P0/P1,false,pair:P0:P1:NW
