token_index,batch,time_a,time_b,pair,mixed_with_wall,events
1,3,4,2,P1/P2,false,pair:P1:P2:NE
2,4,9/2,2,P0/P2,false,pair:P0:P2:S
3,6,11/2,5/2,P1/P2,false,pair:P1:P2:NE
4,10,21/2,5,P1/P2,false,pair:P1:P2:NE
5,14,31/2,15/2,P1/P2,false,pair:P1:P2:NE
6,15,33/2,8,P0/P1,true,pair:P0:P1:NE|wall:P2:E
7,17,37/2,17/2,P1/P2,false,pair:P1:P2:E
8,19,39/2,55/6,P0/P1,false,pair:P0:P1:NE
9,21,43/2,21/2,P1/P2,false,pair:P1:P2:E
10,24,247/10,117/10,P0/P1,false,pair:P0:P1:NE
11,26,365/14,167/14,P1/P2,false,pair:P1:P2:E
12,29,161/6,25/2,P1/P2,false,pair:P1:P2:E
13,31,57/2,13,P0/P1,false,pair:P0:P1:E
14,33,437/14,191/14,P0/P2,false,pair:P0:P2:E
15,39,517/14,223/14,P0/P2,false,pair:P0:P2:E
16,41,79/2,33/2,P0/P2,false,pair:P0:P2:NE
17,42,387/10,181/10,P0/P1,false,pair:P0:P1:S
18,44,79/2,181/10,P0/P2,false,pair:P0:P2:NE
19,47,597/14,255/14,P0/P2,false,pair:P0:P2:E
20,52,673/14,311/14,P1/P2,false,pair:P1:P2:N
21,56,523/10,229/10,P0/P2,false,pair:P0:P2:S
22,60,1879/34,817/34,P0/P2,false,pair:P0:P2:SE
23,61,563/10,1241/50,P1/P2,false,pair:P1:P2:N
24,67,2865/46,1335/46,P1/P2,false,pair:P1:P2:E
25,73,419/6,191/6,P1/P2,false,pair:P1:P2:NE
26,77,1605/22,731/22,P0/P2,false,pair:P0:P2:NW
27,79,2273/30,341/10,P0/P1,false,pair:P0:P1:W
28,86,821/10,381/10,P0/P2,false,pair:P0:P2:NW
29,90,169/2,81/2,P0/P1,false,pair:P0:P1:S
30,91,523/6,713/18,P1/P2,false,pair:P1:P2:NW
31,96,191/2,583/14,P1/P2,false,pair:P1:P2:W
32,99,971/10,1391/30,P0/P2,false,pair:P0:P2:SW
33,105,11697/110,5399/110,P0/P1,false,pair:P0:P1:S
34,107,1919/18,4429/90,P0/P1,false,pair:P0:P1:S
35,108,8585/78,97/2,P1/P2,false,pair:P1:P2:S
36,110,429/4,103/2,P1/P2,false,pair:P1:P2:SE
37,114,13589/118,6235/118,P0/P2,false,pair:P0:P2:NE
38,118,16429/134,7587/134,P0/P2,false,pair:P0:P2:NE
39,121,9163/74,4293/74,P0/P1,false,pair:P0:P1:W
40,123,749/6,1759/30,P0/P2,false,pair:P0:P2:N
41,124,7443/58,3357/58,P1/P2,false,pair:P1:P2:E
42,127,3395/26,4583/78,P1/P2,false,pair:P1:P2:E
43,132,8975/66,1371/22,P0/P2,false,pair:P0:P2:E
44,133,5707/42,1129/18,P0/P1,false,pair:P0:P1:NW
45,136,17249/126,871/14,P0/P1,false,pair:P0:P1:NW
46,141,8801/62,4095/62,P1/P2,false,pair:P1:P2:NE
47,144,7271/50,677/10,P0/P2,false,pair:P0:P2:W
48,147,10589/70,4611/70,P0/P2,false,pair:P0:P2:S
49,151,13109/86,6091/86,P0/P1,false,pair:P0:P1:SE
50,155,19937/126,1321/18,P0/P2,false,pair:P0:P2:NE
51,157,15009/94,6991/94,P0/P1,false,pair:P0:P1:SE
52,162,4211/26,2125/26,P0/P2,false,pair:P0:P2:SE
53,165,15969/94,7471/94,P1/P2,false,pair:P1:P2:NW
54,166,10067/58,4541/58,P0/P2,false,pair:P0:P2:E
55,170,1051/6,1457/18,P0/P1,false,pair:P0:P1:SE
56,171,1741/10,491/6,P0/P2,false,pair:P0:P2:N
57,174,10239/58,4813/58,P0/P1,false,pair:P0:P1:SE
58,177,4637/26,2213/26,P0/P2,false,pair:P0:P2:N
59,179,32283/178,15145/178,P0/P1,false,pair:P0:P1:NE
60,181,10097/54,4555/54,P0/P2,false,pair:P0:P2:NW
61,187,34203/178,16105/178,P1/P2,false,pair:P1:P2:SW
62,191,22487/114,10649/114,P0/P2,false,pair:P0:P2:SW
63,195,2003/10,4889/50,P0/P1,false,pair:P0:P1:S
64,199,4625/22,2139/22,P0/P2,false,pair:P0:P2:S
65,200,14677/70,1367/14,P1/P2,false,pair:P1:P2:NW
66,201,2513/12,587/6,P0/P2,false,pair:P0:P2:S
67,205,4723/22,6641/66,P0/P2,false,pair:P0:P2:W
68,207,13333/62,6351/62,P0/P1,false,pair:P0:P1:SW
69,210,6653/30,3047/30,P1/P2,false,pair:P1:P2:N
70,213,6769/30,3127/30,P0/P1,false,pair:P0:P1:NW
71,215,9427/42,4465/42,P0/P2,false,pair:P0:P2:E
72,223,18217/78,2857/26,P0/P1,false,pair:P0:P1:NE
73,226,28803/122,13577/122,P0/P2,false,pair:P0:P2:N
74,229,28373/118,13271/118,P1/P2,false,pair:P1:P2:SW
75,231,1481/6,219/2,P0/P1,false,pair:P0:P1:NE
76,233,10139/42,1587/14,P0/P1,false,pair:P0:P1:NE
77,234,31431/130,14713/130,P0/P2,false,pair:P0:P2:W
78,235,5323/22,1244/11,P0/P1,false,pair:P0:P1:NE
79,239,60245/246,28231/246,P0/P1,false,pair:P0:P1:E
80,240,22139/90,6163/54,P0/P2,false,pair:P0:P2:W
81,241,1543/6,323/3,P0/P1,false,pair:P0:P1:E
82,243,30363/122,13901/122,P0/P1,false,pair:P0:P1:SE
83,248,70813/278,32475/278,P1/P2,false,pair:P1:P2:N
84,251,42791/162,19201/162,P0/P2,false,pair:P0:P2:SW
85,255,24857/94,11423/94,P0/P2,false,pair:P0:P2:SW
86,259,23065/86,10789/86,P0/P2,false,pair:P0:P2:NW
87,263,15827/58,7345/58,P0/P1,false,pair:P0:P1:SW
88,266,144659/522,7405/58,P1/P2,false,pair:P1:P2:E
89,269,75457/270,34967/270,P0/P1,false,pair:P0:P1:N
90,270,163205/582,75475/582,P0/P2,false,pair:P0:P2:E
91,274,231491/810,106949/810,P0/P1,false,pair:P0:P1:N
92,277,132029/470,63867/470,P0/P1,false,pair:P0:P1:N
93,278,34907/122,114683/854,P0/P2,false,pair:P0:P2:S
94,281,41089/142,57157/426,P0/P2,false,pair:P0:P2:S
95,282,166185/574,77519/574,P0/P1,false,pair:P0:P1:W
96,285,249469/854,116731/854,P0/P2,false,pair:P0:P2:S
97,288,152759/514,70737/514,P1/P2,false,pair:P1:P2:E
98,290,254589/854,118779/854,P0/P2,false,pair:P0:P2:S
99,292,143897/478,67967/478,P0/P1,false,pair:P0:P1:SW
100,295,52803/170,23077/170,P0/P1,false,pair:P0:P1:SW
101,297,565261/1846,259691/1846,P1/P2,false,pair:P1:P2:W
102,298,317815/1026,47483/342,P0/P1,false,pair:P0:P1:NW
103,300,46539/154,6085/42,P0/P1,false,pair:P0:P1:NW
104,304,612593/1966,282471/1966,P0/P1,false,pair:P0:P1:N
105,306,525733/1670,241747/1670,P0/P2,false,pair:P0:P2:NW
106,309,99707/314,228033/1570,P1/P2,false,pair:P1:P2:SW
107,313,86751/274,40993/274,P0/P2,false,pair:P0:P2:N
108,315,22437/70,2087/14,P0/P2,false,pair:P0:P2:N
109,318,23899/74,32867/222,P1/P2,false,pair:P1:P2:W
110,322,516967/1570,47245/314,P1/P2,false,pair:P1:P2:SW
111,324,964489/2942,447727/2942,P0/P2,false,pair:P0:P2:NW
112,331,223517/662,102907/662,P1/P2,false,pair:P1:P2:SE
113,338,16081/46,22085/138,P0/P1,false,pair:P0:P1:SE
114,345,992813/2806,461003/2806,P1/P2,false,pair:P1:P2:N
115,348,365303/1026,19049/114,P0/P1,false,pair:P0:P1:NW
116,352,1688405/4646,779299/4646,P0/P1,false,pair:P0:P1:NW
117,355,9471/26,4467/26,P0/P2,false,pair:P0:P2:NE
118,360,287587/778,134829/778,P1/P2,false,pair:P1:P2:E
119,365,340589/886,150987/886,P1/P2,false,pair:P1:P2:SE
120,367,421859/1130,201541/1130,P1/P2,false,pair:P1:P2:SE
121,369,1199503/3154,559449/3154,P0/P2,false,pair:P0:P2:W
122,372,1834957/4790,843371/4790,P0/P2,false,pair:P0:P2:W
123,375,61991/162,553235/3078,P1/P2,false,pair:P1:P2:SW
124,382,1225267/3146,574549/3146,P1/P2,false,pair:P1:P2:NW
125,386,1752463/4434,816793/4434,P0/P1,false,pair:P0:P1:S
126,388,3003979/7578,156885/842,P1/P2,false,pair:P1:P2:NW
127,392,3098855/7714,207799/1102,P1/P2,false,pair:P1:P2:NW
128,396,175843/426,26119/142,P1/P2,false,pair:P1:P2:W
129,399,1901397/4646,879651/4646,P0/P2,false,pair:P0:P2:SE
130,402,1028633/2526,1452925/7578,P1/P2,false,pair:P1:P2:SW
131,408,169565/406,52277/266,P0/P1,false,pair:P0:P1:NW
132,410,672005/1606,319507/1606,P0/P2,false,pair:P0:P2:E
133,415,3486835/8138,124713/626,P1/P2,false,pair:P1:P2:E
134,416,2064333/4790,190383/958,P0/P2,false,pair:P0:P2:N
135,418,332643/778,156589/778,P0/P2,false,pair:P0:P2:N
136,421,62767/146,325651/1606,P0/P1,false,pair:P0:P1:W
137,425,3560563/8138,1645845/8138,P0/P2,false,pair:P0:P2:W
138,429,4653527/10562,2175249/10562,P1/P2,false,pair:P1:P2:SW
139,431,708869/1606,331795/1606,P1/P2,false,pair:P1:P2:W
140,434,6309519/14162,2946969/14162,P0/P2,false,pair:P0:P2:NW
141,435,1709285/3846,806867/3846,P1/P2,false,pair:P1:P2:S
142,441,8757615/19346,4109497/19346,P0/P2,false,pair:P0:P2:NW
143,443,33439453/73366,15639835/73366,P1/P2,false,pair:P1:P2:W
144,446,3600187/7866,563887/2622,P1/P2,false,pair:P1:P2:NW
145,449,7504073/16254,3526735/16254,P0/P1,false,pair:P0:P1:SE
146,452,15779903/33522,7180649/33522,P0/P2,false,pair:P0:P2:NE
147,455,992563/2122,464341/2122,P0/P2,false,pair:P0:P2:NE
148,460,5428849/11438,2514663/11438,P1/P2,false,pair:P1:P2:W
149,461,38729871/81746,2611807/11678,P0/P2,false,pair:P0:P2:N
150,466,57757533/120214,27042971/120214,P1/P2,false,pair:P1:P2:N
151,472,9547359/19634,4513609/19634,P0/P2,false,pair:P0:P2:N
152,475,59133789/120214,27632795/120214,P0/P1,false,pair:P0:P1:N
153,480,34973743/70162,16245241/70162,P0/P1,false,pair:P0:P1:NW
154,482,13456307/26954,6260949/26954,P1/P2,false,pair:P1:P2:NE
155,485,15880545/31694,7419383/31694,P1/P2,false,pair:P1:P2:N
156,489,58417177/116190,1829521/7746,P1/P2,false,pair:P1:P2:N
157,491,32965931/64986,5096927/21662,P0/P1,false,pair:P0:P1:SW
158,495,66321649/130478,30964199/130478,P0/P2,false,pair:P0:P2:N
159,502,84541059/162986,39459461/162986,P0/P1,false,pair:P0:P1:SE
160,504,14078899/26954,6539477/26954,P0/P2,false,pair:P0:P2:SE
161,508,92724101/177094,43437619/177094,P0/P2,false,pair:P0:P2:E
162,509,62424943/118674,29301433/118674,P1/P2,false,pair:P1:P2:NE
163,512,20869139/39562,9763445/39562,P1/P2,false,pair:P1:P2:NE
164,515,68319911/129186,32166593/129186,P1/P2,false,pair:P1:P2:NE
165,516,10846589/20310,1677353/6770,P0/P2,false,pair:P0:P2:N
166,520,136408663/255042,64148369/255042,P0/P1,false,pair:P0:P1:W
167,521,105067787/195610,49115837/195610,P0/P2,false,pair:P0:P2:NE
168,525,3670143/6770,1019519/4062,P0/P2,false,pair:P0:P2:N
169,526,128058917/235654,59185811/235654,P0/P1,false,pair:P0:P1:W
170,529,170370979/314474,80229477/314474,P0/P1,false,pair:P0:P1:W
171,533,200929699/366698,93407845/366698,P1/P2,false,pair:P1:P2:N
172,537,31147279/56914,14779417/56914,P1/P2,false,pair:P1:P2:NW
173,539,38024633/68766,5918197/22922,P1/P2,false,pair:P1:P2:NW
174,542,5481411/9770,27714551/107470,P0/P1,false,pair:P0:P1:N
175,547,105708259/186858,7105651/26694,P1/P2,false,pair:P1:P2:S
176,549,166445637/291398,76720499/291398,P1/P2,false,pair:P1:P2:SE
177,552,221243737/384862,102678847/384862,P0/P2,false,pair:P0:P2:NE
178,554,243136613/423942,37859185/141314,P0/P1,false,pair:P0:P1:SW
179,555,265029489/463022,124476263/463022,P0/P2,false,pair:P0:P2:NE
180,558,299320805/521478,4875695/17982,P0/P1,false,pair:P0:P1:W
181,561,877931731/1518858,411637685/1518858,P0/P2,false,pair:P0:P2:NE
182,565,132809003/226778,184755415/680334,P0/P2,false,pair:P0:P2:NE
183,568,174523573/298086,81464707/298086,P0/P1,false,pair:P0:P1:N
184,570,56022913/96654,8963485/32218,P1/P2,false,pair:P1:P2:E
185,574,522434403/887018,10715299/38566,P0/P2,false,pair:P0:P2:NW
186,576,462865959/784802,218497857/784802,P1/P2,false,pair:P1:P2:SE
187,577,286982627/482282,132808741/482282,P0/P2,false,pair:P0:P2:W
188,582,299391327/500402,139938633/500402,P0/P1,false,pair:P0:P1:W
189,586,402355945/664894,186666287/664894,P1/P2,false,pair:P1:P2:NW
190,590,387929509/635270,182394643/635270,P0/P2,false,pair:P0:P2:NW
191,593,72311651/119018,34519717/119018,P0/P2,false,pair:P0:P2:NW
192,595,207886033/337902,32243117/112634,P0/P2,false,pair:P0:P2:N
193,601,126525373/203478,58990907/203478,P1/P2,false,pair:P1:P2:NE
194,603,1253388371/2014730,587542581/2014730,P0/P2,false,pair:P0:P2:N
195,605,41438827/65370,18583133/65370,P0/P2,false,pair:P0:P2:N
196,609,1425679303/2271330,666633377/2271330,P0/P1,false,pair:P0:P1:W
197,614,1276457043/2014730,598028341/2014730,P0/P2,false,pair:P0:P2:S
198,616,571275197/903894,270106939/903894,P0/P1,false,pair:P0:P1:SW
199,618,320206277/500550,147902963/500550,P0/P1,false,pair:P0:P1:SW
200,625,1467622343/2271330,137101549/454266,P0/P1,false,pair:P0:P1:S
201,632,1532717927/2343714,239232683/781238,P0/P2,false,pair:P0:P2:W
202,634,2851291771/4345914,442029039/1448638,P0/P1,false,pair:P0:P1:SE
203,635,4498663829/6889638,706218465/2296546,P0/P2,false,pair:P0:P2:W
204,641,4487663039/6787058,2092298217/6787058,P1/P2,false,pair:P1:P2:N
205,643,1184556773/1794822,557532115/1794822,P1/P2,false,pair:P1:P2:N
206,648,1587252859/2381882,747128781/2381882,P0/P2,false,pair:P0:P2:NE
207,652,3844539731/5727242,1805234997/5727242,P1/P2,false,pair:P1:P2:SW
208,654,2209368737/3274062,1038227639/3274062,P0/P2,false,pair:P0:P2:SE
209,659,1807400373/2648678,839105667/2648678,P1/P2,false,pair:P1:P2:S
210,661,586557509/861766,1923514405/6032362,P1/P2,false,pair:P1:P2:S
211,665,3483360429/5044214,1611782859/5044214,P0/P2,false,pair:P0:P2:S
212,667,12125818349/17615222,5658777483/17615222,P0/P2,false,pair:P0:P2:S
213,672,1650167419/2381882,776488909/2381882,P1/P2,false,pair:P1:P2:SE
214,676,10523071507/15078026,4926092917/15078026,P0/P1,false,pair:P0:P1:N
215,679,4231731683/6032362,1978040357/6032362,P1/P2,false,pair:P1:P2:E
216,685,7468566449/10589230,3500304679/10589230,P0/P2,false,pair:P0:P2:E
217,688,1779950291/2507018,828766645/2507018,P0/P1,false,pair:P0:P1:S
218,690,10707620883/15078026,5009978997/15078026,P0/P1,false,pair:P0:P1:S
219,693,6457792841/9033342,1004380485/3011114,P1/P2,false,pair:P1:P2:NE
220,695,11438938459/16023674,5369635309/16023674,P0/P2,false,pair:P0:P2:S
221,700,10411387635/14467786,4874083477/14467786,P0/P2,false,pair:P0:P2:SE
222,703,4038039359/5559538,1873709673/5559538,P0/P2,false,pair:P0:P2:E
223,706,11606710619/16023674,5445132781/16023674,P0/P2,false,pair:P0:P2:E
224,707,7130951805/9811286,3332220539/9811286,P0/P1,false,pair:P0:P1:SW
225,713,13069345771/17914970,1232889081/3582994,P1/P2,false,pair:P1:P2:E
226,717,4677643891/6337482,2180205845/6337482,P1/P2,false,pair:P1:P2:SE
227,718,1347630609/1824110,627109319/1824110,P0/P2,false,pair:P0:P2:N
228,721,13237117931/17914970,6231554269/17914970,P1/P2,false,pair:P1:P2:E
229,723,1358116369/1824110,631303623/1824110,P0/P2,false,pair:P0:P2:N
230,727,12870265755/17244154,6018913709/17244154,P1/P2,false,pair:P1:P2:E
231,728,5405231799/7184770,2488899633/7184770,P0/P2,false,pair:P0:P2:W
232,732,13421667307/17914970,6315440349/17914970,P0/P1,false,pair:P0:P1:W
233,736,5313294581/7026662,7432502729/21079986,P0/P1,false,pair:P0:P1:N
234,737,25153748179/33205514,11724353461/33205514,P0/P2,false,pair:P0:P2:NW
235,741,28206588951/37041346,13137942481/37041346,P0/P1,false,pair:P0:P1:NE
236,744,14665121597/19162070,6843148731/19162070,P0/P1,false,pair:P0:P1:NE
237,746,1922955229/2509974,84800843/236790,P1/P2,false,pair:P1:P2:N
238,749,8432686005/11009638,3955371651/11009638,P1/P2,false,pair:P1:P2:N
239,753,1939732445/2509974,1509333037/4183290,P1/P2,false,pair:P1:P2:N
240,754,36426597627/47100730,17003500877/47100730,P0/P2,false,pair:P0:P2:SE
241,763,1789145761/2254158,4104184723/11270790,P0/P1,false,pair:P0:P1:NE
242,766,3965388311/5017794,5542809971/15053382,P0/P2,false,pair:P0:P2:S
243,775,12835641691/16023674,6007169517/16023674,P0/P2,false,pair:P0:P2:W
244,779,37368368299/46429914,17428394525/46429914,P1/P2,false,pair:P1:P2:NE
245,782,50120495801/62141086,23368345823/62141086,P0/P1,false,pair:P0:P1:W
246,785,4518287167/5559538,2096007785/5559538,P0/P2,false,pair:P0:P2:W
247,786,55539763429/68386566,8605070833/22795522,P1/P2,false,pair:P1:P2:NE
248,788,17055347865/21069022,8022256639/21069022,P1/P2,false,pair:P1:P2:NE
249,795,19781758895/24191762,1323209599/3455966,P1/P2,false,pair:P1:P2:E
250,797,24644078593/30111886,1662634289/4301698,P0/P2,false,pair:P0:P2:E
251,801,19932753839/24191762,9312798841/24191762,P0/P1,false,pair:P0:P1:W
252,803,54078615/65474,75686131/196422,P0/P2,false,pair:P0:P2:SE
253,804,8125246927/9803986,11311689739/29411958,P0/P1,false,pair:P0:P1:W
254,809,64780083669/77878310,6049583687/15575662,P0/P2,false,pair:P0:P2:S
255,812,22877268677/27314502,10670449907/27314502,P0/P1,false,pair:P0:P1:SW
256,815,24846653941/29717990,11721846339/29717990,P0/P2,false,pair:P0:P2:E
257,817,24134363617/28674766,33713272421/86024298,P1/P2,false,pair:P1:P2:N
258,822,16537137743/19503058,23154034315/58509174,P1/P2,false,pair:P1:P2:N
259,824,73074179491/86024298,11327235959/28674766,P1/P2,false,pair:P1:P2:N
260,826,44111141/51846,1086113135/2747838,P0/P1,false,pair:P0:P1:NW
261,832,9303666823/10885858,30604025127/76201006,P0/P2,false,pair:P0:P2:SW
262,833,127793901307/148799290,59459050317/148799290,P1/P2,false,pair:P1:P2:NW
263,835,124845559933/144848214,19360494121/48282738,P0/P2,false,pair:P0:P2:SW
264,838,170945681379/197799914,79845597733/197799914,P0/P2,false,pair:P0:P2:W
265,839,45086006899/52122570,63172450111/156367710,P1/P2,false,pair:P1:P2:NE
266,842,41843467515/48231226,19432682829/48231226,P1/P2,false,pair:P1:P2:NE
267,844,7180373333/8287526,10095864745/24862578,P0/P2,false,pair:P0:P2:NW
268,846,55016332877/63299254,77090461825/189897762,P1/P2,false,pair:P1:P2:NE
269,848,178296964199/204284194,83202896641/204284194,P1/P2,false,pair:P1:P2:N
270,850,166122740455/189897762,25875777579/63299254,P1/P2,false,pair:P1:P2:NW
271,852,6772970247/7732706,3167083361/7732706,P0/P1,false,pair:P0:P1:SW
272,859,8297169393/9397166,3895915751/9397166,P1/P2,false,pair:P1:P2:W
273,861,101062595461/114090950,47118663219/114090950,P1/P2,false,pair:P1:P2:W
274,864,213637631047/239861602,99618185249/239861602,P0/P1,false,pair:P0:P1:E
275,869,99264293329/110952942,139004356117/332858826,P0/P1,false,pair:P0:P1:N
276,870,102270555013/114090950,47521316403/114090950,P0/P2,false,pair:P0:P2:W
277,872,443557340513/493980622,206747836407/493980622,P1/P2,false,pair:P1:P2:S
278,877,72882230263/80560898,33871740145/80560898,P0/P1,false,pair:P0:P1:N
279,882,80477383197/88599574,112778945425/265798722,P0/P2,false,pair:P0:P2:NW
280,884,35758982141/38913622,16219772667/38913622,P0/P2,false,pair:P0:P2:NW
281,887,143042648921/156367710,66662111039/156367710,P0/P2,false,pair:P0:P2:NW
282,891,46237155911/50295650,280103596973/653843450,P1/P2,false,pair:P1:P2:N
283,893,102681120525/111372598,47864207723/111372598,P0/P2,false,pair:P0:P2:N
284,897,334172206181/361537542,17361106555/40170838,P0/P1,false,pair:P0:P1:SE
285,900,606678341209/655668574,285416367167/655668574,P0/P2,false,pair:P0:P2:SW
286,901,624021889187/670730858,290902694757/670730858,P0/P1,false,pair:P0:P1:E
287,904,1100001291607/1181439554,1539822884275/3544318662,P0/P2,false,pair:P0:P2:SW
288,906,2051960096447/2202856946,958017494761/2202856946,P0/P1,false,pair:P0:P1:E
289,909,1708768820269/1826091254,2389499334113/5478273762,P1/P2,false,pair:P1:P2:SW
290,912,375803918797/400629686,3338751782065/7611964034,P0/P2,false,pair:P0:P2:S
291,922,2111632786053/2221569478,988088006451/2221569478,P0/P2,false,pair:P0:P2:NW
292,923,132519410049/138884494,131757648991/297609630,P0/P1,false,pair:P0:P1:N
293,927,1920619844927/2007202034,894264216681/2007202034,P1/P2,false,pair:P1:P2:W
294,928,12558967615639/13142139842,5870522267473/13142139842,P0/P1,false,pair:P0:P1:NW
295,929,4876488235931/5113331706,2293465400749/5113331706,P1/P2,false,pair:P1:P2:W
296,932,2863111251653/2983203142,1335466690803/2983203142,P1/P2,false,pair:P1:P2:W
297,935,12636277026967/13142139842,454221692757/1010933834,P0/P1,false,pair:P0:P1:NW
298,939,484686471449/501427166,2488295063157/5515698826,P0/P2,false,pair:P0:P2:W
299,943,3475128426425/3597559966,233118246761/513937138,P0/P2,false,pair:P0:P2:W
300,950,5177561147995/5288717946,806436182095/1762905982,P1/P2,false,pair:P1:P2:NW
301,951,12213717346765/12483837878,5717323739307/12483837878,P0/P2,false,pair:P0:P2:E
302,956,12954104606871/13142139842,6055205861201/13142139842,P0/P2,false,pair:P0:P2:NE
303,960,17756129754895/17964018258,8299108352537/17964018258,P0/P1,false,pair:P0:P1:SE
304,962,1873504206737/1889276526,2617388159701/5667829578,P0/P2,false,pair:P0:P2:NE
305,964,5565859238645/5618340838,7831651461065/16855022514,P1/P2,false,pair:P1:P2:N
306,971,13553840013251/13567217194,6351649615685/13567217194,P0/P1,false,pair:P0:P1:SW
307,972,33262788184171/33269947226,15572075593821/33269947226,P0/P2,false,pair:P0:P2:N
308,975,4594492885343/4572930738,15007951509247/32010515166,P0/P1,false,pair:P0:P1:NW
309,977,20414248075641/20312629534,9546582592543/20312629534,P0/P1,false,pair:P0:P1:N
310,981,28564163313941/28274829734,40063295401577/84824489202,P0/P2,false,pair:P0:P2:NW
311,983,10812109368115/10670171722,5048463487573/10670171722,P0/P1,false,pair:P0:P1:NE
312,985,13431503819849/13245943934,6279618621647/13245943934,P0/P1,false,pair:P0:P1:NE
313,987,19364437607743/19073014002,103924633919/219230046,P0/P1,false,pair:P0:P1:NE
314,988,59926690248027/58909853818,28012309399021/58909853818,P0/P2,false,pair:P0:P2:NW
315,991,73630787429775/72296170834,34455891842969/72296170834,P0/P2,false,pair:P0:P2:NW
316,993,125784571796795/123140318906,58759068111629/123140318906,P1/P2,false,pair:P1:P2:S
317,996,22279270993119/21791626162,10416415716297/21791626162,P1/P2,false,pair:P1:P2:S
318,1001,2380311914245/2317006022,27814851755899/57925150550,P0/P1,false,pair:P0:P1:N
319,1003,44684697714911/43423542194,20802678546377/43423542194,P0/P1,false,pair:P0:P1:N
320,1010,88292647162557/84994290902,41260297361979/84994290902,P1/P2,false,pair:P1:P2:SE
321,1013,155897456951679/149869855858,72902886250025/149869855858,P0/P2,false,pair:P0:P2:W
322,1020,173034653511449/164711067614,80934673845631/164711067614,P0/P1,false,pair:P0:P1:NW
323,1021,184259103742939/175266095994,9558962327877/19474010666,P0/P2,false,pair:P0:P2:S
324,1024,6693681076323/6305314538,3069345910181/6305314538,P0/P2,false,pair:P0:P2:SW
325,1026,277851421645385/263070704766,129713268062927/263070704766,P1/P2,false,pair:P1:P2:SE
326,1029,51812512393781/48754293094,72143753485321/146262879282,P0/P1,false,pair:P0:P1:N
327,1032,589295459184845/554801504694,275277425201579/554801504694,P1/P2,false,pair:P1:P2:SW
328,1037,1726773850261/1616118438,2420117019625/4848355314,P0/P2,false,pair:P0:P2:SW
329,1039,70487164432051/65787975498,10949428622919/21929325166,P1/P2,false,pair:P1:P2:NE
330,1041,432105564897333/404132441446,202839772474883/404132441446,P1/P2,false,pair:P1:P2:NE
331,1045,586480212623757/544520760374,274071945020139/544520760374,P0/P1,false,pair:P0:P1:S
332,1049,417837411681187/387048305770,587872052445487/1161144917310,P1/P2,false,pair:P1:P2:NE
333,1051,600840331276493/554801504694,281049861247403/554801504694,P0/P1,false,pair:P0:P1:SW
334,1052,911663601147901/839791103574,141461803905961/279930367858,P0/P2,false,pair:P0:P2:N
335,1055,1782442474708483/1642566817194,833406200002309/1642566817194,P0/P2,false,pair:P0:P2:N
336,1056,2774657885652431/2554461317330,1297519774125401/2554461317330,P0/P1,false,pair:P0:P1:S
337,1059,1365480107406321/1258160562094,642403430388455/1258160562094,P0/P2,false,pair:P0:P2:NE
338,1063,1475980109857271/1352785643266,691296362061553/1352785643266,P1/P2,false,pair:P1:P2:NE
339,1066,1372077177172977/1258160562094,645701965271783/1258160562094,P0/P1,false,pair:P0:P1:NE
340,1072,203395393370863/184933834898,285173029851563/554801504694,P0/P1,false,pair:P0:P1:NW
341,1074,5343530308031/4848355314,277014607073/538706146,P0/P2,false,pair:P0:P2:SE
342,1077,1473225747950145/1337167134734,691046752864279/1337167134734,P0/P1,false,pair:P0:P1:W
343,1079,6269009461844391/5679526865570,2938359760317377/5679526865570,P0/P2,false,pair:P0:P2:SE
344,1080,3322557965944101/3005192596102,1556266254588819/3005192596102,P0/P1,false,pair:P0:P1:W
345,1085,8925215883924713/8037834844478,4191850673809199/8037834844478,P0/P2,false,pair:P0:P2:NE
346,1088,10042200008700701/8986940107286,4681922915490523/8986940107286,P1/P2,false,pair:P1:P2:N
347,1093,17438787953865575/15588539216674,8177662874987521/15588539216674,P0/P2,false,pair:P0:P2:NE
348,1096,19708219637641073/17594478207150,9256050975542119/17594478207150,P0/P2,false,pair:P0:P2:NE
349,1101,288205568307453/256497269846,136754010055163/256497269846,P0/P1,false,pair:P0:P1:N
350,1103,7129718736840257/6301882976270,3331974301871127/6301882976270,P0/P1,false,pair:P0:P1:N
351,1110,19972102428307313/17594478207150,9379196277853031/17594478207150,P0/P2,false,pair:P0:P2:NW
352,1114,1003112101221391/878967312466,470918948381977/878967312466,P1/P2,false,pair:P1:P2:NE
353,1116,10017852138661593/8774416161886,4707567911272383/8774416161886,P0/P2,false,pair:P0:P2:W
354,1120,19877106751955851/17274225796890,1857801094079705/3454845159378,P1/P2,false,pair:P1:P2:SE
355,1124,9403582749121291/8144096817178,4407726594495677/8144096817178,P1/P2,false,pair:P1:P2:SE
356,1128,19141684884054077/16562800161238,9011952285315259/16562800161238,P0/P2,false,pair:P0:P2:W
357,1134,7099509568477899/6082828913818,3333383192805117/6082828913818,P0/P2,false,pair:P0:P2:NE
358,1138,62533831799388457/53349617861822,29343283284408559/53349617861822,P0/P1,false,pair:P0:P1:NE
359,1143,3374296049389831/2846728757730,521929324472779/948909585910,P0/P1,false,pair:P0:P1:N
360,1145,6334475075220459/5368221252698,2973192595818717/5368221252698,P0/P1,false,pair:P0:P1:N
361,1156,63906022310852905/53349617861822,30011786354096367/53349617861822,P0/P1,false,pair:P0:P1:SW
362,1162,25077830477303037/20773230593110,2356549130120703/4154646118622,P0/P2,false,pair:P0:P2:E
363,1165,38568122009971069/31876732851030,6039671990273833/10625577617010,P0/P1,false,pair:P0:P1:N
364,1166,42705887792286149/35248106011462,20025041812844019/35248106011462,P0/P2,false,pair:P0:P2:SE
365,1170,43462887494131219/35797319065226,20435632191536245/35797319065226,P1/P2,false,pair:P1:P2:SE
366,1171,48191410034321907/39633546458314,22583214228243861/39633546458314,P0/P1,false,pair:P0:P1:NE
367,1176,26219538800963053/21427239127414,12298145834899339/21427239127414,P1/P2,false,pair:P1:P2:N
368,1178,45389127882343187/37061424227466,21310682374393717/37061424227466,P0/P2,false,pair:P0:P2:S
369,1182,3063731791286385/2500355419822,4331486189143861/7501066259466,P1/P2,false,pair:P1:P2:NW
370,1184,140794698252861/114736680406,464383436945181/803156762842,P0/P2,false,pair:P0:P2:E
371,1189,25062368858433311/20245973492530,11731505341489033/20245973492530,P0/P1,false,pair:P0:P1:SE
372,1193,21121971996455691/17050250919962,9993003338267837/17050250919962,P0/P2,false,pair:P0:P2:S
373,1196,2349161954186967/1876693932866,1086711941052177/1876693932866,P0/P2,false,pair:P0:P2:SW
374,1197,14384725382509103/11563157521938,2261793244089171/3854385840646,P1/P2,false,pair:P1:P2:E
375,1200,23342306988710299/18655923872762,10911061330401197/18655923872762,P0/P2,false,pair:P0:P2:NW
376,1203,72161503387631945/57542197905022,33948595230489551/57542197905022,P0/P1,false,pair:P0:P1:NW
377,1207,23946321338263225/19049530444446,3750032837437173/6349843481482,P0/P2,false,pair:P0:P2:NE
378,1209,24108864449033141/19153032789606,11322982239874691/19153032789606,P0/P1,false,pair:P0:P1:SW
379,1210,45972029585080407/36511808086082,64909398167123123/109535424258246,P0/P2,false,pair:P0:P2:E
380,1219,127197442120985095/100053827223522,19892243326172875/33351275741174,P0/P2,false,pair:P0:P2:N
381,1220,14411482881857591/11356152831618,6797941951540913/11356152831618,P0/P1,false,pair:P0:P1:NW
382,1222,24372747239699381/19153032789606,3815375847395201/6384344263202,P1/P2,false,pair:P1:P2:NE
383,1228,581419842886581/454640496230,5197299986611129/8638169428370,P0/P1,false,pair:P0:P1:E
384,1231,164305073274660141/127999723417334,77205583225413195/127999723417334,P0/P2,false,pair:P0:P2:E
385,1242,42026727167049281/32509283719182,19924068622881815/32509283719182,P0/P1,false,pair:P0:P1:NE
386,1244,52495759891942797/40430068831286,24738373157787371/40430068831286,P1/P2,false,pair:P1:P2:NE
387,1247,38060343051229617/29253759766574,17895243291436839/29253759766574,P0/P1,false,pair:P0:P1:NE
388,1250,1623296559519633/1245558170222,14473678358261573/23665605234218,P1/P2,false,pair:P1:P2:SE
389,1252,4958601882151993/3796146804638,20949470775537239/34165321241742,P0/P2,false,pair:P0:P2:E
390,1255,64017481500051307/48986133368154,30135132566137181/48986133368154,P0/P1,false,pair:P0:P1:N
391,1256,5602531129654511/4278032268434,2628010959997241/4278032268434,P1/P2,false,pair:P1:P2:E
392,1267,342016431410235741/258480920117654,160948214688082587/258480920117654,P0/P1,false,pair:P0:P1:SE
393,1271,434471679251814477/326929436412598,204122289954881067/326929436412598,P1/P2,false,pair:P1:P2:W
394,1272,857378766887346005/644894653247782,403421607974339043/644894653247782,P0/P2,false,pair:P0:P2:SE
395,1274,6028916302299107/4538183999466,19904400127760131/31767287996262,P0/P2,false,pair:P0:P2:SE
396,1279,78502787979220729/58750649667102,36897883884984991/58750649667102,P0/P1,false,pair:P0:P1:NE
397,1280,1115659801164700307/835498381225354,525381283531295733/835498381225354,P1/P2,false,pair:P1:P2:NE
398,1281,173626345414051559/130490585220130,82606676911475841/130490585220130,P0/P1,false,pair:P0:P1:NE
399,1285,83835443084700593/62536386645038,39352153260868903/62536386645038,P0/P1,false,pair:P0:P1:N
400,1289,1033493902358066871/769967426537858,486348039146736689/769967426537858,P0/P2,false,pair:P0:P2:NE
401,1291,389714559581019685/289967511357574,183301787444238995/289967511357574,P0/P1,false,pair:P0:P1:NW
402,1294,444375364091023475/329729124208586,208536099493305109/329729124208586,P0/P2,false,pair:P0:P2:SE
403,1299,832359531099604849/615379230060718,391823338262082407/615379230060718,P0/P1,false,pair:P0:P1:S
404,1300,732149242643010337/541455379950670,69023156732001291/108291075990134,P1/P2,false,pair:P1:P2:SE
405,1302,419995792480362333/309747717109142,197457062555640987/309747717109142,P0/P1,false,pair:P0:P1:SW
406,1306,964314463644517169/710425607935278,454558276357456295/710425607935278,P0/P2,false,pair:P0:P2:SE
407,1307,103049067168520463/75842016581202,113117963909014245/176964705356138,P0/P1,false,pair:P0:P1:W
408,1312,120069447259705599/87856125943154,56002242628344489/87856125943154,P0/P2,false,pair:P0:P2:S
409,1316,606616173908107067/443609314280122,285566860397396237/443609314280122,P0/P2,false,pair:P0:P2:E
410,1322,425625292014575453/309747717109142,200271812322747547/309747717109142,P1/P2,false,pair:P1:P2:NE
411,1324,316600679123725229/230109854714358,149089825411273675/230109854714358,P1/P2,false,pair:P1:P2:NE
412,1327,244482298059400483/176964705356138,344983391261255855/530894116068414,P1/P2,false,pair:P1:P2:N
413,1331,982047387177288497/710425607935278,463002525658775975/710425607935278,P0/P2,false,pair:P0:P2:SW
414,1335,119709294732212897/86297981113678,56302525179910327/86297981113678,P0/P1,false,pair:P0:P1:SE
415,1339,63941638243988153/45907701199518,30104746817063135/45907701199518,P0/P1,false,pair:P0:P1:E
416,1342,561367293145653487/402705816941714,264087413073134905/402705816941714,P0/P1,false,pair:P0:P1:E
417,1349,811250953845333785/577470911451102,4388958994985753/6637596683346,P1/P2,false,pair:P1:P2:W
418,1351,711582579457837259/506582496759962,47905793641500123/72368928108566,P1/P2,false,pair:P1:P2:W
419,1355,1852894514212047529/1311994130643390,871959630938090351/1311994130643390,P0/P2,false,pair:P0:P2:W
420,1363,239207968988606271/168398903829746,113419730886386281/168398903829746,P0/P2,false,pair:P0:P2:NW
421,1364,908859365206659743/637012730053682,426577044281731081/637012730053682,P1/P2,false,pair:P1:P2:W
422,1367,557230147277904467/390412063476234,87575219131426663/130137354492078,P1/P2,false,pair:P1:P2:SW
423,1371,62711672693270551/43642400894146,29356421711041489/43642400894146,P1/P2,false,pair:P1:P2:S
424,1376,1070911725278740053/744525399270182,1511592901966651561/2233576197810546,P0/P1,false,pair:P0:P1:W
425,1377,1445400889882256695/1004800108254338,185595256034780185/274036393160274,P1/P2,false,pair:P1:P2:SW
426,1382,2603552748867079195/1798147856901882,1216598226969821485/1798147856901882,P0/P1,false,pair:P0:P1:W
427,1386,6818147695370810855/4711557934683682,3210594792537097601/4711557934683682,P0/P2,false,pair:P0:P2:SE
428,1393,12802686811794231/8788924868738,11193812800415451/16322289041942,P0/P2,false,pair:P0:P2:NE
429,1395,4200224834791315767/2883461561986178,1979405757027419569/2883461561986178,P0/P2,false,pair:P0:P2:NE
430,1397,6158924582973870895/4230652792624146,2911533402069047545/4230652792624146,P1/P2,false,pair:P1:P2:SE
431,1398,4362607229138289481/2992724191552126,2056397620465166799/2992724191552126,P0/P2,false,pair:P0:P2:N
432,1404,11510145268783885157/7826948506427910,360818923361283197/521796567095194,P0/P1,false,pair:P0:P1:W
433,1406,10499589533610549217/7136156934340302,1650456856945262717/2378718978113434,P0/P1,false,pair:P0:P1:W
434,1408,13332156166728953763/9030666027555946,6278519425439020133/9030666027555946,P1/P2,false,pair:P1:P2:NE
435,1410,1694059601857807821/1147920021145526,4002957876827719511/5739600105727630,P0/P2,false,pair:P0:P2:SE
436,1414,9192634708145067407/6203458125243730,4321423688970807193/6203458125243730,P1/P2,false,pair:P1:P2:NW
437,1419,5176564074198672961/3476796761278478,2437988354070621207/3476796761278478,P0/P2,false,pair:P0:P2:N
438,1421,170285195280570317/114355005408182,80372781622530731/114355005408182,P1/P2,false,pair:P1:P2:SE
439,1423,819316892161393435/548510986971386,383763857729253933/548510986971386,P1/P2,false,pair:P1:P2:SE
440,1429,7952112921736135409/5304893133975982,3745738583245597671/5304893133975982,P1/P2,false,pair:P1:P2:NE
441,1434,3008727255674052529/2002377979552814,1416955424552153383/2002377979552814,P0/P2,false,pair:P0:P2:E
442,1438,14869833192786366191/9859650870638738,6990967342849206073/9859650870638738,P0/P1,false,pair:P0:P1:E
443,1439,41260638118683343453/27378945501687702,19435716777607303579/27378945501687702,P1/P2,false,pair:P1:P2:NE
444,1440,11520971733110611071/7659643760410226,5453782091908891433/7659643760410226,P0/P1,false,pair:P0:P1:E
445,1448,34798454929627251609/22917896618168030,16308109024708003071/22917896618168030,P0/P2,false,pair:P0:P2:N
446,1451,13292965646877246511/8743718608536082,6254821676452200441/8743718608536082,P0/P1,false,pair:P0:P1:E
447,1453,49426417671788245691/32473476261385146,23261894404567097741/32473476261385146,P1/P2,false,pair:P1:P2:N
448,1458,229084379374391223/150280910989186,10053411476984844493/13976124721994298,P0/P2,false,pair:P0:P2:E
449,1459,2357294729868423633/1543581539299822,14429895842275922523/20066560010897686,P1/P2,false,pair:P1:P2:NW
450,1465,49786705641977885371/32473476261385146,23424023991152435597/32473476261385146,P1/P2,false,pair:P1:P2:W
451,1467,42017242856081586781/27378945501687702,19786997548542202267/27378945501687702,P0/P1,false,pair:P0:P1:SE
452,1476,2391401237454985349/1545353886378438,1124920764370530611/1545353886378438,P0/P2,false,pair:P0:P2:E
453,1481,6816540077100151961/4390844947627230,356675884319620551/487871660847470,P0/P1,false,pair:P0:P1:S
454,1484,13609733628666574263/8759647315524482,6413777701542294833/8759647315524482,P1/P2,false,pair:P1:P2:SE
455,1487,14491984989859218003/9309649093081610,6821717912321068597/9309649093081610,P0/P2,false,pair:P0:P2:S
456,1489,9248777784404837087/5924475059718066,1447808985107918659/1974825019906022,P1/P2,false,pair:P1:P2:SE
457,1491,23444479310235645493/15016114410660198,11048840211965446147/15016114410660198,P0/P2,false,pair:P0:P2:SW
458,1493,9272053786478386083/5932439413212266,4359854573085616229/5932439413212266,P0/P2,false,pair:P0:P2:SW
459,1497,33101231498496096735/21122478406551986,15584280602346618569/21122478406551986,P1/P2,false,pair:P1:P2:SE
460,1498,12950573707945535701/8261695050921510,406539462382021229/550779670061434,P0/P1,false,pair:P0:P1:S
461,1502,18042609381909587601/11473535397344366,8475144339285755719/11473535397344366,P1/P2,false,pair:P1:P2:E
462,1504,51869003044948000669/32971428525988118,24397235302560504411/32971428525988118,P1/P2,false,pair:P1:P2:E
463,1506,1457309288400491303/930051714109346,4864622389015706567/6510361998765422,P0/P2,false,pair:P0:P2:S
464,1510,52049147030042820509/32971428525988118,24469292896598432347/32971428525988118,P1/P2,false,pair:P1:P2:E
465,1514,40753992908963455675/25765060974982074,6396676559565880111/8588353658327358,P0/P1,false,pair:P0:P1:W
466,1516,14675733523724350497/9273528287115854,6915441090208588599/9273528287115854,P0/P2,false,pair:P0:P2:S
467,1518,6747455260830222767/4267167846338322,1065293707128321235/1422389282112774,P0/P1,false,pair:P0:P1:W
468,1520,39693715238581209923/25025561159020330,3751178977590363329/5005112231804066,P0/P1,false,pair:P0:P1:NW
469,1522,13750928520778888337/8631444958902382,6432252921414863175/8631444958902382,P0/P1,false,pair:P0:P1:NW
470,1526,9962336806937891963/6249851195870266,4696009996954180045/6249851195870266,P1/P2,false,pair:P1:P2:SW
471,1534,3668571594361015229/2281771420324566,1724861609239279931/2281771420324566,P0/P2,false,pair:P0:P2:S
472,1537,10141853718693791061/6300335012578598,23895712241659763567/31501675062892990,P0/P1,false,pair:P0:P1:SE
473,1539,55550753287754523793/34441181989083246,26087708665087056199/34441181989083246,P1/P2,false,pair:P1:P2:SW
474,1545,8860240161469729517/5480688076136310,1944019964839699555/2557654435530278,P1/P2,false,pair:P1:P2:W
475,1546,68856891018540455299/42588490115571370,32372715429138682757/42588490115571370,P0/P2,false,pair:P0:P2:SE
476,1549,53907201114016258061/33349209923348278,25434280953370601579/33349209923348278,P1/P2,false,pair:P1:P2:W
477,1551,104063283807056283899/64162042143435578,48866927520932196685/64162042143435578,P0/P2,false,pair:P0:P2:SE
478,1554,117793220960586475727/72632048565113554,55486500920087736921/72632048565113554,P0/P2,false,pair:P0:P2:SE
479,1558,25335083224277505913/15557477359113502,11912756747907499551/15557477359113502,P0/P2,false,pair:P0:P2:E
480,1562,3103259331392982173/1904964104720150,3804760646623917139/4952906672272390,P1/P2,false,pair:P1:P2:S
481,1565,25425155216824915833/15557477359113502,11948785544926463519/15557477359113502,P0/P2,false,pair:P0:P2:E
482,1567,43399537648180116019/26504560790943818,20344740409822743381/26504560790943818,P1/P2,false,pair:P1:P2:SW
483,1570,34286774924595609433/20946242281665374,16150174085966877503/20946242281665374,P1/P2,false,pair:P1:P2:SW
484,1573,71096823129506180337/43361930804903342,33485890440340238823/43361930804903342,P0/P1,false,pair:P0:P1:E
485,1577,20083198284224293567/12211345090733554,9444069868683205353/12211345090733554,P0/P2,false,pair:P0:P2:SW
486,1578,158544416772207763799/96371052386790978,24833210144385467099/32123684128930326,P0/P1,false,pair:P0:P1:NE
487,1579,38045227066862002397/23102981842389654,5945070407019056393/7700993947463218,P0/P2,false,pair:P0:P2:SW
488,1581,29804979894331565381/18119034379353158,14037704162354382451/18119034379353158,P0/P2,false,pair:P0:P2:SW
489,1588,159625280682776682839/96371052386790978,8337784709826762313/10707894709643442,P1/P2,false,pair:P1:P2:SW
490,1589,79619920343412065047/48032218991847106,37406696655787507921/48032218991847106,P0/P1,false,pair:P0:P1:W
491,1594,114053395902722059/68663115617818,590273139386393887/755294271795998,P1/P2,false,pair:P1:P2:SE
492,1596,4251560663219507723/2556772309103130,665461903013074751/852257436367710,P1/P2,false,pair:P1:P2:SE
493,1597,124075329007734570471/74614214919882274,58431956849417239937/74614214919882274,P0/P1,false,pair:P0:P1:SW
494,1602,201073625335914092587/120508356509259738,31534116139584997599/40169452169753246,P1/P2,false,pair:P1:P2:E
495,1605,125152004051652567067/74774841102483194,58675367983748861229/74774841102483194,P0/P1,false,pair:P0:P1:W
496,1607,155148295293646922383/92655814162144082,72879012337788293785/92655814162144082,P0/P2,false,pair:P0:P2:SW
497,1611,165146605517763840339/98502424557460490,77759174382564437813/98502424557460490,P0/P1,false,pair:P0:P1:N
498,1615,144371131121927101265/85838566519043822,67929386479645930631/85838566519043822,P1/P2,false,pair:P1:P2:W
499,1618,79226674009385396863/46922298755367538,36952031902782162217/46922298755367538,P1/P2,false,pair:P1:P2:W
500,1619,111813705283612150887/66544184965075234,52873687374694083329/66544184965075234,P0/P2,false,pair:P0:P2:NW
501,1620,195863472700137475015/116383397617121378,92323106706793510049/116383397617121378,P0/P1,false,pair:P0:P1:NE
502,1625,60844312736097952823/36042654933698178,200206936522234073815/252298584535887246,P0/P2,false,pair:P0:P2:W
503,1627,247795135438680745709/146311515943085942,116456196496617125515/146311515943085942,P0/P2,false,pair:P0:P2:W
504,1629,427351341033444228481/252298584535887246,66927799091512499101/84099528178629082,P0/P2,false,pair:P0:P2:W
505,1631,544791554727542175541/321638164516319078,256002818597741747971/321638164516319078,P0/P1,false,pair:P0:P1:NE
506,1637,321452374536469585511/188549794586168610,150543674224505293057/188549794586168610,P0/P2,false,pair:P0:P2:NW
507,1640,203609420714055874481/119537719261475886,95974036486147332391/119537719261475886,P1/P2,false,pair:P1:P2:SW
508,1642,107535098680358810829/62849931528722870,10074675665120581103/12569986305744574,P0/P2,false,pair:P0:P2:SW
509,1644,406797453034148596507/238227797048072442,191999389199026121261/238227797048072442,P0/P2,false,pair:P0:P2:S
510,1652,270879786196864185723/157234460831455802,127017931478952693965/157234460831455802,P1/P2,false,pair:P1:P2:N
511,1657,954898093703214626321/552696718710984046,448917555918448626631/552696718710984046,P0/P2,false,pair:P0:P2:N
512,1658,272176822889546888571/157234460831455802,127450277043180261581/157234460831455802,P0/P1,false,pair:P0:P1:S
513,1663,206852012445762631601/119537719261475886,32543787049673224973/39845906420491962,P1/P2,false,pair:P1:P2:SW
514,1666,558194267218596771637/321638164516319078,262488002061155262211/321638164516319078,P0/P1,false,pair:P0:P1:SW
515,1668,21881719225068987433/12569986305744574,51238069454058040747/62849931528722870,P1/P2,false,pair:P1:P2:SW
516,1670,89675838440204983519/51586730757075890,42182171996415681481/51586730757075890,P0/P1,false,pair:P0:P1:SW
517,1672,131937224694542691645/75886258878457814,62120858923141897147/75886258878457814,P1/P2,false,pair:P1:P2:S
518,1679,69623208359608204603/39845906420491962,98640167465550666023/119537719261475886,P1/P2,false,pair:P1:P2:SE
519,1683,1153068418410168339/660480062487178,548959063858612853/660480062487178,P0/P1,false,pair:P0:P1:NW
520,1684,413988148169989792329/235420920834479230,193753447997339513551/235420920834479230,P0/P2,false,pair:P0:P2:S
521,1685,266395390613488244937/150879472836120446,123486687823437068367/150879472836120446,P0/P1,false,pair:P0:P1:NW
522,1690,718857360286129193867/408331479416792858,339068623491982366781/408331479416792858,P0/P1,false,pair:P0:P1:NW
523,1698,371852615633213228551/210060305892804578,175198715643124826209/210060305892804578,P1/P2,false,pair:P1:P2:S
524,1700,471997343900811142997/265759766158139686,221179860228306368995/265759766158139686,P1/P2,false,pair:P1:P2:SE
525,1702,210312489477727480665/118412179470637918,98888167496380958527/118412179470637918,P0/P2,false,pair:P0:P2:NE
526,1703,118282488740278978837/66671783261575590,18593440614979304289/22223927753858530,P1/P2,false,pair:P1:P2:E
527,1706,1266168946034135930939/710764921666789562,594103401923979534349/710764921666789562,P0/P1,false,pair:P0:P1:N
528,1711,1275998907359197325791/716378674093975986,200900320041908214339/238792891364658662,P0/P2,false,pair:P0:P2:E
529,1713,928479474571624458565/520404896525218886,436786472438254789235/520404896525218886,P0/P2,false,pair:P0:P2:E
530,1719,764973195543960433027/426892539239884458,119835671434507896791/142297513079961486,P1/P2,false,pair:P1:P2:SE
531,1720,1936035409371710093013/1079464244705458726,910169613915481538147/1079464244705458726,P0/P2,false,pair:P0:P2:S
532,1726,4544367666579644641813/2523223359621158822,2131428422387686596899/2523223359621158822,P1/P2,false,pair:P1:P2:SE
533,1730,4331071422230372062187/2401455913146874970,407188418447262176505/480291182629374994,P0/P1,false,pair:P0:P1:E
534,1733,3353864498409774187841/1859649887427836430,1583355678628682528023/1859649887427836430,P0/P1,false,pair:P0:P1:NE
535,1735,7015422394422332396109/3872825313716549302,3287328415814025802795/3872825313716549302,P1/P2,false,pair:P1:P2:SW
536,1739,6037779961403341428623/3325130959831384402,2824147256755808392601/3325130959831384402,P0/P2,false,pair:P0:P2:E
537,1741,15104638575061748786597/8320714828992704902,7094664906258547451667/8320714828992704902,P1/P2,false,pair:P1:P2:SW
538,1745,1688225624204258219401/930086512577200638,798390826713878125967/930086512577200638,P1/P2,false,pair:P1:P2:W
539,1748,2911304907257328578291/1598650716236282570,1372396065310978324629/1598650716236282570,P0/P2,false,pair:P0:P2:NE
540,1749,9956994004825056093763/5464516352367929642,4691193434530035172549/5464516352367929642,P1/P2,false,pair:P1:P2:W
541,1752,3918184110199102973463/2146978080360255682,1846628273480821237201/2146978080360255682,P1/P2,false,pair:P1:P2:W
542,1755,88523105000082566131/48358551790866634,4709640178603744724165/5464516352367929642,P1/P2,false,pair:P1:P2:W
543,1759,3941242540291239912983/2146978080360255682,1855851645517676013009/2146978080360255682,P1/P2,false,pair:P1:P2:W
544,1762,10049227725193603851843/5464516352367929642,4728086922677454275781/5464516352367929642,P1/P2,false,pair:P1:P2:W
545,1766,3005394811783647426939/1624979737977147962,1408568145780916972749/1624979737977147962,P1/P2,false,pair:P1:P2:SW
546,1769,1614496714785058837363/869461944589171146,249812263463385096199/289820648196390382,P1/P2,false,pair:P1:P2:SW
547,1771,8177532268178418879755/4420519667601714202,3833519923203936195261/4420519667601714202,P1/P2,false,pair:P1:P2:SW
548,1773,2150867239355416687675/1160884900396165306,3029061841296763071527/3482654701188495918,P0/P1,false,pair:P0:P1:N
549,1778,23008670524797105258647/12419636502983607234,1207984005561128840969/1379959611442623026,P1/P2,false,pair:P1:P2:SE
550,1785,9315063968847234993849/5012594867981253278,400821433894320441085/455690442543750298,P0/P1,false,pair:P0:P1:NE
551,1786,13505923257734174316455/7248895759412645538,19072513271244339001667/21746687278237936614,P1/P2,false,pair:P1:P2:NE
552,1787,6680490493239094053283/3575317453459769450,3125051273675436509797/3575317453459769450,P0/P1,false,pair:P0:P1:N
553,1792,1996359652116473538943/1067876033272886386,2810646749538343717499/3203628099818659158,P0/P1,false,pair:P0:P1:W
554,1793,26422131395104318449533/14158560392161949526,1780423335885573986285/2022651484594564218,P0/P2,false,pair:P0:P2:NW
555,1796,24020029077522764926153/12857128482140055422,11360430631260574508111/12857128482140055422,P1/P2,false,pair:P1:P2:N
556,1799,15992290538942164361699/8541580945305385962,7536820876526325909541/8541580945305385962,P0/P2,false,pair:P0:P2:W
557,1803,594015088856534749657/316354849826125406,7555267620600035461157/8541580945305385962,P0/P2,false,pair:P0:P2:W
558,1807,22795202852965858833733/12100041188896971846,3569729833270120758481/4033347062965657282,P1/P2,false,pair:P1:P2:W
559,1812,68570075999634672017359/36300123566690915538,32201355475725925032793/36300123566690915538,P1/P2,false,pair:P1:P2:W
560,1814,33474818599639720939265/17724694753272275598,15765517975176006796631/17724694753272275598,P0/P2,false,pair:P0:P2:S
561,1815,22805696784425388372051/12060817260917177866,10736140036226085842997/12060817260917177866,P1/P2,false,pair:P1:P2:NW
562,1819,1532840979143856126533/808524238247387718,2154321336611796827225/2425572714742163154,P1/P2,false,pair:P1:P2:NW
563,1821,69929842478442171986305/36900090266884392334,32959467482242853322455/36900090266884392334,P0/P1,false,pair:P0:P1:E
564,1822,5562449682780010273865/2924601498448822398,2601455029816779139279/2924601498448822398,P1/P2,false,pair:P1:P2:N
565,1824,22979670293702954349893/12100041188896971846,32367376172389310997337/36300123566690915538,P1/P2,false,pair:P1:P2:N
566,1832,127614450178988760218521/66881946802103246558,60009833612889759747327/66881946802103246558,P0/P1,false,pair:P0:P1:N
567,1837,51795574587288358901087/27051745528526604978,24316663333770667710281/27051745528526604978,P0/P1,false,pair:P0:P1:NE
568,1839,41643021161698805597941/21746687278237936614,19579798733271351671107/21746687278237936614,P1/P2,false,pair:P1:P2:NE
569,1845,26995415816784787059403/14049775521196186778,883594449900422999141/980216896827640938,P0/P2,false,pair:P0:P2:NE
570,1850,226167241931625157983/117517814823717554,14837793138737644004515/16334976260496740006,P0/P1,false,pair:P0:P1:NW
571,1854,10570609554997922304729/5480543009316422750,4984538199071430980543/5480543009316422750,P0/P1,false,pair:P0:P1:SW
572,1855,25176782902669415868077/13042453986682602486,11847557401197274210507/13042453986682602486,P0/P2,false,pair:P0:P2:NW
573,1859,79721965976532906779143/41167689837823135714,37418099558884577592417/41167689837823135714,P0/P2,false,pair:P0:P2:NW
574,1866,7293586310900016511299/3747732066902356778,3422800940496709794245/3747732066902356778,P0/P2,false,pair:P0:P2:NE
575,1867,40504875869686030417161/20830893957513128702,19068291759834357713423/20830893957513128702,P0/P1,false,pair:P0:P1:W
576,1868,25917703247885997394563/13335429823708415146,12222689878840938124933/13335429823708415146,P0/P2,false,pair:P0:P2:NE
577,1871,50826441018646257327877/26070108802761180358,23869328755453023200947/26070108802761180358,P0/P2,false,pair:P0:P2:N
578,1875,107852842773211735271531/55290193575760485210,1539642207649944111293/1675460411386681370,P0/P2,false,pair:P0:P2:N
579,1877,63115668127662759328533/32282507211242886566,29626326097379085660195/32282507211242886566,P1/P2,false,pair:P1:P2:S
580,1879,95858763569374586096731/49077795167278779002,45124982486816931419885/49077795167278779002,P1/P2,false,pair:P1:P2:S
581,1882,12953406477229738663/6622373167536290,50881979828742993879133/55290193575760485210,P0/P2,false,pair:P0:P2:N
582,1884,51121588923825610153733/26070108802761180358,23943115731747861407411/26070108802761180358,P0/P2,false,pair:P0:P2:N
583,1886,101649838404214156154509/51891018534493819446,47831262864947103802859/51891018534493819446,P1/P2,false,pair:P1:P2:SE
584,1888,61660937159689634127255/31432557295558695362,29013753240675323150929/31432557295558695362,P0/P1,false,pair:P0:P1:NW
585,1891,49756972551613259390845/25326811654529517398,23391024101299619180411/25326811654529517398,P0/P2,false,pair:P0:P2:NE
586,1892,108426810964104504691317/55183540808307956966,51005966043224569113027/55183540808307956966,P1/P2,false,pair:P1:P2:E
587,1894,95536948630977351475877/48598496260679681926,44988601079996410421779/48598496260679681926,P0/P1,false,pair:P0:P1:NW
588,1897,13844351420447048513369/7004645770922001246,6465137267208066145087/7004645770922001246,P0/P1,false,pair:P0:P1:NW
589,1902,58669772454954138991971/29680625387110366442,27565062075335857283237/29680625387110366442,P0/P2,false,pair:P0:P2:NW
590,1911,81734232303190723451843/41174249266463954474,38555306854724885164869/41174249266463954474,P0/P2,false,pair:P0:P2:SW
591,1912,63236575047034553946463/31803208304643789490,29711305619443079281481/31803208304643789490,P1/P2,false,pair:P1:P2:SE
592,1917,177485056890759181105193/89041876161331099326,83433055988955953914351/89041876161331099326,P1/P2,false,pair:P1:P2:SW
593,1918,316744002160581815039887/158965577877295595858,149103461990848437532057/158965577877295595858,P0/P1,false,pair:P0:P1:W
594,1923,317481871923530197104527/158965577877295595858,149398609896027790357913/158965577877295595858,P0/P1,false,pair:P0:P1:W
595,1925,105335615982846641249103/52708750357438387666,49497832528887543880665/52708750357438387666,P0/P1,false,pair:P0:P1:W
596,1926,31032408850100740653915/15478466916171730042,14508412279869209397229/15478466916171730042,P1/P2,false,pair:P1:P2:S
597,1928,31038654360781097933617/15531702145650550062,4888595792172149979277/5177234048550183354,P0/P1,false,pair:P0:P1:NW
598,1929,283450238792084184199711/141395399301758516530,133026669895301738732681/141395399301758516530,P0/P2,false,pair:P0:P2:SW
599,1935,160062196413116222746509/79765375001283424310,75666337760308911236331/79765375001283424310,P1/P2,false,pair:P1:P2:NW
600,1937,265706770545054143865681/131908953233450559214,124632057214208348925063/131908953233450559214,P1/P2,false,pair:P1:P2:NW
601,1938,498547973784561268313695/247652226821615724722,234329399812043911132745/247652226821615724722,P0/P1,false,pair:P0:P1:W
602,1941,189088292944940224429603/93930016887245989738,89149218376604680200677/93930016887245989738,P1/P2,false,pair:P1:P2:W
603,1942,660316327656426222672147/327562884131649837194,310305079410575969192309/327562884131649837194,P0/P1,false,pair:P0:P1:W
604,1943,282139741766545773812941/139702850357157857718,132006642657366608790955/139702850357157857718,P1/P2,false,pair:P1:P2:W
605,1945,185855611277249401576951/91953624578433502978,86939365320121672721137/91953624578433502978,P1/P2,false,pair:P1:P2:SW
606,1948,77592396272695409958961/38349743030645140270,9911616831854428373503/10459020826539583710,P0/P1,false,pair:P0:P1:NW
607,1950,153663183762323378880731/75933227241898797434,72018844636792680001133/75933227241898797434,P0/P1,false,pair:P0:P1:NW
608,1951,186298333135018430815735/91953624578433502978,87160726249006187340529/91953624578433502978,P0/P2,false,pair:P0:P2:SE
609,1954,451546604077536546984485/222998605556393287814,212383559973203749340819/222998605556393287814,P0/P1,false,pair:P0:P1:NW
610,1956,186741054992787460054519/91953624578433502978,87382087177890701959921/91953624578433502978,P1/P2,false,pair:P1:P2:NE
611,1959,39437033450814464822797/19462325280397777718,18571328264079956214379/19462325280397777718,P1/P2,false,pair:P1:P2:NE
612,1962,787612648694423925526493/388210084687566658710,24719420756942716490549/25880672312504443914,P0/P1,false,pair:P0:P1:NW
613,1966,197164177247737392106187/96838769294693395610,18501269564207621512345/19367753858938679122,P0/P1,false,pair:P0:P1:NW
614,1973,669761060622165513099539/327562884131649837194,314806084964561099786613/327562884131649837194,P0/P1,false,pair:P0:P1:S
615,1978,62744877830536254283351/30569306214097978434,9829770378583321914331/10189768738032659478,P0/P2,false,pair:P0:P2:NE
616,1981,199082638631403185474251/96838769294693395610,18685737004944717028505/19367753858938679122,P1/P2,false,pair:P1:P2:SW
617,1983,876165936048650485727587/426446433578299864298,412219569431854744468645/426446433578299864298,P0/P2,false,pair:P0:P2:NE
618,1987,275285132174101052474237/133885345542263045974,129719602346190046456699/133885345542263045974,P1/P2,false,pair:P1:P2:NW
619,1991,549972897158306401577979/266625118958231639354,258792470708893864220237/266625118958231639354,P0/P2,false,pair:P0:P2:N
620,1993,8306361295763439396679/4005099334133676386,3859257379348215041313/4005099334133676386,P0/P2,false,pair:P0:P2:NW
621,1995,1211213412094375154652875/586267748198368089242,570073886732505917104893/586267748198368089242,P0/P1,false,pair:P0:P1:NE
622,2000,334291187168535792725087/161605005379912092850,473585890140601511065819/484815016139736278550,P0/P2,false,pair:P0:P2:W
623,2001,477795124577401419483561/230550809679220157374,224827047003243193046127/230550809679220157374,P1/P2,false,pair:P1:P2:S
624,2007,541189134194000526120627/259854923179829004106,253384196183846256736981/259854923179829004106,P0/P1,false,pair:P0:P1:W
625,2009,524960890576830110733485/252105049206267348982,738647218052911018395745/756315147618802046946,P0/P1,false,pair:P0:P1:W
626,2011,2988663689828627570129099/1436322368357225754778,1406173593817046992154877/1436322368357225754778,P1/P2,false,pair:P1:P2:SW
627,2014,1672614246477022918501559/802713603872436981122,786852936794301468487217/802713603872436981122,P0/P1,false,pair:P0:P1:N
628,2021,4797337978118478477499479/2292053482511567546434,2257321392133240762340753/2292053482511567546434,P1/P2,false,pair:P1:P2:N
629,2025,3064470741339001361579321/1459612784955699283358,1436611406998277961161311/1459612784955699283358,P0/P2,false,pair:P0:P2:E
630,2028,4809143894325652590533719/2292053482511567546434,2262043758616110407554449/2292053482511567546434,P1/P2,false,pair:P1:P2:N
631,2030,2293289485342950584288459/1089387509446013229210,214468860716413908621977/217877501889202645842,P0/P2,false,pair:P0:P2:NE
632,2038,2849689032306876343047819/1345713866830568517914,1331142692067529418788157/1345713866830568517914,P1/P2,false,pair:P1:P2:SW
633,2040,2157154855893369092163855/1022647542561377367634,1018550191527399791650841/1022647542561377367634,P1/P2,false,pair:P1:P2:SW
634,2045,6469433785887655531626515/3052663167218628459146,3048428990280192678791797/3052663167218628459146,P0/P1,false,pair:P0:P1:NW
635,2050,68205019700101287144263/32086660045091352930,53556583189617183059767/53477766741818921550,P0/P1,false,pair:P0:P1:NW
636,2052,3548355823870246094767645/1669358309143307514902,1672903396794591766187995/1669358309143307514902,P1/P2,false,pair:P1:P2:W
637,2054,1471164305595161420160251/691652429037660472122,692485163225670101515597/691652429037660472122,P1/P2,false,pair:P1:P2:W
638,2061,342795985931582552676451/160433300225456764650,807480818516768685458489/802166501127283823250,P0/P1,false,pair:P0:P1:SW
639,2062,2534117326238775411494861/1184180704695972942774,396731377622263650721337/394726901565324314258,P1/P2,false,pair:P1:P2:SW
640,2070,1326198018854551303953077/618017978253936124006,624826538220731628334979/618017978253936124006,P0/P1,false,pair:P0:P1:SE
641,2072,2517832973706073104261931/1171010649619132379610,169232538136586341939771/167287235659876054230,P1/P2,false,pair:P1:P2:E
642,2074,720252607431611328345863/334654710201095271906,1015754258161252503860771/1003964130603285815718,P0/P1,false,pair:P0:P1:SE
643,2077,1361330134904013901089683/632586303961804037002,4485444819552145519781043/4428104127732628259014,P0/P1,false,pair:P0:P1:S
644,2079,7666735780585887452742783/3559271011481145093746,3612841276629755528715049/3559271011481145093746,P0/P2,false,pair:P0:P2:SE
645,2084,8475600807604569793206195/3929938299074980615498,4016214396640643882504661/3929938299074980615498,P1/P2,false,pair:P1:P2:E
646,2087,1692081214567937061188183/781760716084004035650,795938235363303731089297/781760716084004035650,P1/P2,false,pair:P1:P2:NE
647,2088,3362807770777781839007297/1552477750442668341262,1580885413304289409434647/1552477750442668341262,P0/P2,false,pair:P0:P2:S
648,2092,17978263046856149049370777/8280714369799533221086,444561918631773505781221/435827072094712274794,P1/P2,false,pair:P1:P2:E
649,2094,13377602612013371387040721/6161393538274369326574,6301227629519270333409287/6161393538274369326574,P0/P1,false,pair:P0:P1:W
650,2095,15614768244677010204401501/7200246901931591103894,2460031594903188748689801/2400082300643863701298,P0/P2,false,pair:P0:P2:SE
651,2102,31632555888730671149588893/14490625371570206586134,14864665436878247151855707/14490625371570206586134,P0/P2,false,pair:P0:P2:NW
652,2105,3571944901777655028204501/1635154301428305244198,1684301377275896004389219/1635154301428305244198,P0/P2,false,pair:P0:P2:W
653,2109,1551084825567579616772737/706866997809959515022,55867297181647859875955/54374384446919962694,P0/P1,false,pair:P0:P1:W
654,2114,8949540067897046197954559/4071923726250255671154,4210718283809459248704425/4071923726250255671154,P0/P1,false,pair:P0:P1:SW
655,2115,7728771864043575566839057/3521870251639286484846,1218942326108295518568173/1173956750546428828282,P1/P2,false,pair:P1:P2:SE
656,2120,18962500952921390989059167/8613980897551510133938,8950703673504151733186633/8613980897551510133938,P0/P1,false,pair:P0:P1:SW
657,2122,7944710083894813794032621/3596671771323003702646,3729416035352192438991243/3596671771323003702646,P0/P1,false,pair:P0:P1:SW
658,2123,8878210362048435496775/4005099334133676386,4135958540453858315553/4005099334133676386,P0/P2,false,pair:P0:P2:NW
659,2125,17401439296678462050696695/7872646322363839090434,8172291632379592896889585/7872646322363839090434,P0/P2,false,pair:P0:P2:NW
660,2127,2871961698403785725396905/1301061263396612116414,1354818501031214104077935/1301061263396612116414,P0/P2,false,pair:P0:P2:NW
661,2128,10039372648590932215723025/4547175681177507639662,4734521830612552865340871/4547175681177507639662,P1/P2,false,pair:P1:P2:NE
662,2130,460751247046537170720661/208946981202411365542,1090117154442167171882543/1044734906012056827710,P1/P2,false,pair:P1:P2:NE
663,2131,2588850265302177576182875/1173956750546428828282,3675716444256365136559303/3521870251639286484846,P0/P2,false,pair:P0:P2:NW
664,2133,16763114252120709333407955/7575127533894288356618,1127246569177904914483043/1082161076270612622374,P1/P2,false,pair:P1:P2:E
665,2137,9372594652799054751300241/4220683120485031038062,4401085955946719771202375/4220683120485031038062,P0/P1,false,pair:P0:P1:NW
666,2138,10176737313334867446549957/4591350408078866559814,4802097892716173302385139/4591350408078866559814,P0/P2,false,pair:P0:P2:NE
667,2140,9472180385680032820417605/4264857847386389958214,4449772552118861627391859/4264857847386389958214,P1/P2,false,pair:P1:P2:E
668,2146,16043974188276550252004767/7204460246300452834866,7527492979338838031908105/7204460246300452834866,P0/P1,false,pair:P0:P1:NW
669,2147,15132641973049991474493733/6794807050156677284486,7111085289293249007142803/6794807050156677284486,P0/P2,false,pair:P0:P2:E
670,2149,13216479390812160948071143/5932778244756225227810,18635546122366089606338947/17798334734268675683430,P0/P2,false,pair:P0:P2:E
671,2153,18369803428193614082477797/8236539642898174300934,8627024632250732546517971/8236539642898174300934,P0/P1,false,pair:P0:P1:W
672,2155,1132376947051572529823169/507503906164312772878,531966975818084506331287/507503906164312772878,P0/P1,false,pair:P0:P1:W
673,2156,3940186700696782210337047/1763387758974870371010,5536912137372267227455603/5290163276924611113030,P0/P2,false,pair:P0:P2:NE
674,2160,25013494083954274438218373/11182916008871737488838,11754916058992155027289907/11182916008871737488838,P0/P1,false,pair:P0:P1:W
675,2161,13769559030091551939777489/6161393538274369326574,6485399922351186496743431/6161393538274369326574,P1/P2,false,pair:P1:P2:N
676,2166,3237553578920967220062319/1443601636083890691474,1525566995676346036883897/1443601636083890691474,P1/P2,false,pair:P1:P2:E
677,2170,31097609239093483928701019/13833426905816391651962,14631246570310275539024621/13833426905816391651962,P0/P1,false,pair:P0:P1:SE
678,2175,31173167102819398252120155/13833426905816391651962,14669025502173232700734189/13833426905816391651962,P0/P1,false,pair:P0:P1:SE
679,2181,30316380573545078725277525/13410225775553615479078,14237278409776405137304035/13410225775553615479078,P0/P1,false,pair:P0:P1:SE
680,2186,4944948145423445081843827/2175388035362276302794,768318663952016540909831/725129345120758767598,P0/P1,false,pair:P0:P1:SE
681,2189,16374539842077425416963487/7204460246300452834866,7673886340307797033532681/7204460246300452834866,P1/P2,false,pair:P1:P2:NE
682,2195,68526339060812750527304429/30068689442145289998198,32166956326582198460525195/30068689442145289998198,P0/P2,false,pair:P0:P2:N
683,2196,45448342493225881242237371/19936900518992967038394,21358602963476546700247693/19936900518992967038394,P1/P2,false,pair:P1:P2:W
684,2202,22905077906709178778617423/10022896480715096666066,10747504730102704261314777/10022896480715096666066,P0/P2,false,pair:P0:P2:N
685,2203,1714367924275246938341395/751390980377895205514,23435547849349263275601729/21790338430958960959906,P1/P2,false,pair:P1:P2:SW
686,2207,15212412384180222350261737/6645633506330989012798,21434160827202461023666829/19936900518992967038394,P1/P2,false,pair:P1:P2:W
687,2217,10654112364845417132763001/4635525134980225479966,1676744805079120558898357/1545175044993408493322,P0/P2,false,pair:P0:P2:S
688,2219,9593729287730080466249827/4139175505593164519146,4441262102342381915880869/4139175505593164519146,P0/P2,false,pair:P0:P2:S
689,2225,4816384926012850959569779/2082307958323959314890,2260099205532202746257429/2082307958323959314890,P1/P2,false,pair:P1:P2:NW
690,2230,49502125116378113434120481/21367137300696184787022,23315476944821832296275511/21367137300696184787022,P0/P2,false,pair:P0:P2:NE
691,2232,45275822161169183609958861/19540795256968192110518,21344768727377507121670315/19540795256968192110518,P1/P2,false,pair:P1:P2:NW
692,2235,85849911766422186738433/36745117166882552462,119174666472080790279173/110235351500647657386,P1/P2,false,pair:P1:P2:NW
693,2238,23992624692475959510629047/10326009454922287956354,11286579139146335879473201/10326009454922287956354,P1/P2,false,pair:P1:P2:N
694,2247,8504000279841426871551061/3596773245319820015398,3886303834069294972277987/3596773245319820015398,P0/P2,false,pair:P0:P2:W
695,2250,37616298134369105424668853/16082970079807160501350,3542744530736931437566439/3216594015961432100270,P1/P2,false,pair:P1:P2:E
696,2253,64310450976550389671963545/27497706782110761418462,30366298864628498538077439/27497706782110761418462,P0/P2,false,pair:P0:P2:S
697,2259,37805192793683891233216693/16082970079807160501350,17789280517410571511251331/16082970079807160501350,P1/P2,false,pair:P1:P2:E
698,2263,330211534892475451921237/139493162103559997734,1688470842209210071988417/1534424783139159975074,P0/P1,false,pair:P0:P1:E
699,2268,17035671149679175746880927/7204460246300452834866,7985562528177193617636617/7204460246300452834866,P0/P1,false,pair:P0:P1:SW
700,2270,12037103435704331647104991/5103744531754207784370,17078626501282183547613787/15311233595262623353110,P1/P2,false,pair:P1:P2:N
701,2272,24422360042417097225075383/10326009454922287956354,3831454421464200089625275/3442003151640762652118,P0/P1,false,pair:P0:P1:W
702,2277,8156527902415264559070781/3442003151640762652118,11513252730324078849730609/10326009454922287956354,P0/P1,false,pair:P0:P1:W
703,2282,91313780092821865680312223/38479001058913868958258,43009587364875758456265481/38479001058913868958258,P0/P1,false,pair:P0:P1:NW
704,2283,54638063341892475726679283/23033822749813038554826,77317956094891954198331327/69101468249439115664478,P1/P2,false,pair:P1:P2:N
705,2285,115620608847042039837969565/48573969191969969901334,54161108408829359537522011/48573969191969969901334,P0/P1,false,pair:P0:P1:NW
706,2287,277328329879683031142391507/116642182086786637400330,130655398186163216645520821/116642182086786637400330,P0/P2,false,pair:P0:P2:N
707,2290,18453968427673109444709101/7763778026923799453558,113252960916444091217121551/100929114350009392896254,P0/P2,false,pair:P0:P2:N
708,2294,278083908516942174376582867/116642182086786637400330,26191525928213374787839473/23328436417357327480066,P0/P2,false,pair:P0:P2:N
709,2295,169569466282521007948763971/70983235277572233731882,79516188296306450980605893/70983235277572233731882,P1/P2,false,pair:P1:P2:SE
710,2297,116128716655998054875361533/48682352664921974881366,54737170809994753787355643/48682352664921974881366,P0/P2,false,pair:P0:P2:NE
711,2301,7713354369254128990994461/3226107997510034890774,18157004938482583148256583/16130539987550174453870,P1/P2,false,pair:P1:P2:E
712,2303,1577522183635290720002095/659694553821531605522,21580047611967929136395061/19131142060824416560138,P0/P2,false,pair:P0:P2:SE
713,2308,301146748167570780036959755/125586163046273710307866,141677240158778202749675965/125586163046273710307866,P1/P2,false,pair:P1:P2:NE
714,2311,45918148518806738107753811/19131142060824416560138,21665050208659582750241589/19131142060824416560138,P0/P1,false,pair:P0:P1:SW
715,2314,581529176459713837663165515/241920333683141712028058,273520232363746627369304445/241920333683141712028058,P0/P2,false,pair:P0:P2:W
716,2317,424339558786272148626791647/176235242923855208133554,199223125721820962818581449/176235242923855208133554,P0/P1,false,pair:P0:P1:SW
717,2319,24279942279417669641096357/10086781699776942904198,125884253212148565656008913/110954598697546371946178,P1/P2,false,pair:P1:P2:SW
718,2321,112695110027710646103928917/46739242465000349556518,52943422884158099221629155/46739242465000349556518,P1/P2,false,pair:P1:P2:SW
719,2323,106469261729094038195483905/44101978712226433447566,16651186857264629521474845/14700659570742144482522,P0/P1,false,pair:P0:P1:W
720,2325,343396503789278935695760811/142139142480194993120474,160832418977582122575034653/142139142480194993120474,P0/P1,false,pair:P0:P1:W
721,2328,303262368351896381092695563/125586163046273710307866,142659492387215088954124733/125586163046273710307866,P1/P2,false,pair:P1:P2:SW
722,2332,40907294377746895121643421/16800514827875695159574,18948592504283927003308635/16800514827875695159574,P0/P1,false,pair:P0:P1:N
723,2333,29764652702514979788950973/12282500325719400296150,181394412347816217250954751/159672504234352203849950,P0/P2,false,pair:P0:P2:S
724,2334,833563100376109050795940579/344613394080051050273258,392594497009177235726395173/344613394080051050273258,P0/P1,false,pair:P0:P1:N
725,2337,318301534626699839015851865/131379998601551733572446,149519403901749719235148607/131379998601551733572446,P0/P2,false,pair:P0:P2:S
726,2341,1163239307037313470118500299/479017512703056611549850,544787699953255966340217341/479017512703056611549850,P0/P1,false,pair:P0:P1:N
727,2345,719842646636638564531329217/296200242339901420833550,338031674799085271280211351/296200242339901420833550,P0/P2,false,pair:P0:P2:NW
728,2346,803757316191902195073648551/329488690215773237898914,374382677888554033626467777/329488690215773237898914,P1/P2,false,pair:P1:P2:SE
729,2353,18699003232046414656846881/7690250361580831746638,345551135348410480859293025/299919764101652438118882,P1/P2,false,pair:P1:P2:NW
730,2355,1611274196643088750153569653/660075910290138632189670,252482051426916512474407489/220025303430046210729890,P0/P1,false,pair:P0:P1:NE
731,2358,1924245688333357154736244543/788431788870236538057970,181341922155879900725821973/157686357774047307611594,P0/P2,false,pair:P0:P2:NW
732,2365,477475764634778990746868621/194847797637381158557750,134767674524509948034754701/116908678582428695134650,P0/P2,false,pair:P0:P2:W
733,2367,1763515842447813922675366541/719894244132815056718390,166111870577926916805168431/143978848826563011343678,P0/P2,false,pair:P0:P2:W
734,2371,959021276545663940532210879/389307024058449662427634,448402570862150052110117097/389307024058449662427634,P0/P1,false,pair:P0:P1:W
735,2372,920240445128302508649363345/374832467827475373236846,434090150308043001184767559/374832467827475373236846,P1/P2,false,pair:P1:P2:NW
736,2375,3719622628298399881111941763/1514970141189813746201770,1757977757723386896380440197/1514970141189813746201770,P0/P2,false,pair:P0:P2:W
737,2376,609500275851917224886658887/247391150126477967522146,285752849000184722728930593/247391150126477967522146,P1/P2,false,pair:P1:P2:N
738,2388,5026930854419618281099851337/2029229751998520032521342,2366880395879981032076852943/2029229751998520032521342,P0/P2,false,pair:P0:P2:S
739,2391,143950481848340806917557281/57906590644144661006926,67365459036811855060781879/57906590644144661006926,P0/P2,false,pair:P0:P2:SW
740,2394,2425122137506982292494548513/976606001293010868454990,1144197838632117381121444151/976606001293010868454990,P1/P2,false,pair:P1:P2:S
741,2398,5652650801094414661159573895/2271811087516492407757026,888574672068947310548279371/757270362505497469252342,P0/P1,false,pair:P0:P1:NW
742,2407,15003671155336986922707575/5991713258010133085698,91720638382484584411479997/77892272354131730114074,P0/P1,false,pair:P0:P1:NE
743,2412,818026365746968133230615373/326109409261239633097910,385015259297703971213361963/326109409261239633097910,P1/P2,false,pair:P1:P2:SW
744,2414,1964195693451027201562572185/782953394332412350696158,927155475611364152511415039/782953394332412350696158,P0/P1,false,pair:P0:P1:NE
745,2423,166011672801257086396405303/65566327150389532787330,388005180731203414096413557/327831635751947663936650,P0/P2,false,pair:P0:P2:SE
746,2425,564697883133479315192653785/220741627815722955893342,257247153836518477775460031/220741627815722955893342,P0/P2,false,pair:P0:P2:SE
747,2427,5886790047280984951524464681/2325989129226741284026046,2759431781854133350897467887/2325989129226741284026046,P0/P1,false,pair:P0:P1:W
748,2430,8209460529064766037116587231/3250681910195350448296882,3873543512311306492036953033/3250681910195350448296882,P0/P1,false,pair:P0:P1:W
749,2437,6203980882471919007619510577/2442311687984442985158958,2911746982913946194485240743/2442311687984442985158958,P0/P1,false,pair:P0:P1:SE
750,2442,7152737050465953261740383909/2811151800262686034497414,1121860501081719184752127153/937050600087562011499138,P1/P2,false,pair:P1:P2:N
751,2444,4394349715645801895519999081/1732470374770298781016638,2084341259490759968154500015/1732470374770298781016638,P1/P2,false,pair:P1:P2:N
752,2445,198296713159595145902221323/77892272354131730114074,13324224941266546863081755/11127467479161675730582,P0/P2,false,pair:P0:P2:SE
753,2449,12270833756124429649459410961/4816588698860175149689198,5790718606153995514144504263/4816588698860175149689198,P1/P2,false,pair:P1:P2:E
754,2451,2542005446336984235251752711/992727458077319984899554,395190905452912716518686667/330909152692439994966518,P1/P2,false,pair:P1:P2:E
755,2455,5169515731888510471451813261/2028253179149129283527734,2448843516859368380008464107/2028253179149129283527734,P1/P2,false,pair:P1:P2:SE
756,2457,1937585885736107736205224323/755733445731307691603626,906005892587597434722246533/755733445731307691603626,P0/P1,false,pair:P0:P1:W
757,2460,8763764442758230763008401291/3423397511854042965602074,4126673988268969843485776957/3423397511854042965602074,P1/P2,false,pair:P1:P2:SE
758,2461,1399801571510954772151370673/548704191313650840788014,665487215913198808673561895/548704191313650840788014,P0/P2,false,pair:P0:P2:SW
759,2467,2882822843165985072593413811/1124497403482426119710538,1360903353175438518527552213/1124497403482426119710538,P0/P1,false,pair:P0:P1:NW
760,2468,1811302073204613558613274197/705904298851667706364710,56915031244708376515781613/47060286590111180424314,P0/P2,false,pair:P0:P2:SW
761,2471,9090626684506081852501096595/3539720070611744666734986,186253256200314834946624979/153900872635293246379782,P1/P2,false,pair:P1:P2:SW
762,2481,1643296271872217582166228927/638434314124215241477106,779438761895091682442247657/638434314124215241477106,P0/P1,false,pair:P0:P1:NW
763,2482,3483917786729793811445500731/1349302698450240732736186,149114173475725937703048775/122663881677294612066926,P1/P2,false,pair:P1:P2:N
764,2484,460155378714394057319817951/177717096081506372814770,215204286584473408072822217/177717096081506372814770,P0/P1,false,pair:P0:P1:NW
765,2485,3711503784972326378228454545/1435660499279586991388782,1743247092729331721551178055/1435660499279586991388782,P1/P2,false,pair:P1:P2:N
766,2489,744100652413293343090418029/287746536364009951500918,1052746687854565332774701089/863239609092029854502754,P1/P2,false,pair:P1:P2:NE
767,2494,8409756882193314352196364143/3243937266232914164223890,792327007785028962606625317/648787453246582832844778,P0/P1,false,pair:P0:P1:N
768,2496,2252104048513303689951642637/869618058564530425974582,1774733866759850799226662749/1449363430940884043290970,P1/P2,false,pair:P1:P2:SE
769,2500,8645150476955569008265297709/3322915457158498208619254,4057077507045170875802121291/3322915457158498208619254,P0/P2,false,pair:P0:P2:E
770,2504,10171898811034593625126741181/3902656399689276464918742,4772321726380124061740103739/3902656399689276464918742,P0/P1,false,pair:P0:P1:NW
771,2505,28706955542810850485676697411/10996982069619331927914282,4478100590552400340735680151/3665660689873110642638094,P0/P2,false,pair:P0:P2:E
772,2507,35220794571138185940005885311/13529417455396194333727858,16629575128860814572404613673/13529417455396194333727858,P0/P1,false,pair:P0:P1:NW
773,2513,15737247253082495063085062607/5980772678832170669441234,7274274519184755176355125593/5980772678832170669441234,P0/P1,false,pair:P0:P1:NW
774,2515,4459839131860854868121620729/1704736890613253478365726,2096656386523646658135363743/1704736890613253478365726,P0/P2,false,pair:P0:P2:NE
775,2517,55620178856691182826860869057/21295017570979884984410382,26272227665193591353810694295/21295017570979884984410382,P0/P1,false,pair:P0:P1:NW
776,2520,27636285082970238242815025943/10548487314006272882157250,2592769598585160416105108317/2109697462801254576431450,P0/P1,false,pair:P0:P1:NW
777,2523,41405714789097708560249873441/15830313424579664680180302,6521458460511470099698695101/5276771141526554893393434,P0/P2,false,pair:P0:P2:NE
778,2526,27694313522311740443200922391/10548487314006272882157250,12992862212596553180718489809/10548487314006272882157250,P1/P2,false,pair:P1:P2:SW
779,2528,20320224189970908615539074833/7759383905414881210792814,9608246012308750903090197191/7759383905414881210792814,P0/P2,false,pair:P0:P2:NE
780,2532,9859941857417400265233102773/3762248713193917226350182,23375173615823178291939898511/18811243565969586131750910,P0/P2,false,pair:P0:P2:N
781,2534,32194767926411680732492679621/12243343420610331991243590,15172821354335983943546433011/12243343420610331991243590,P0/P1,false,pair:P0:P1:S
782,2540,49473794605111507927323203209/18811243565969586131750910,3347600293594954356046542137/2687320509424226590250130,P1/P2,false,pair:P1:P2:N
783,2544,50857006152234432402630225227/19232721823671301224763290,1588202398783137273709028019/1282181454911420081650886,P0/P2,false,pair:P0:P2:W
784,2547,15109169378850194205615144193/5675443275251077850736270,776645767329180406883140703/630604808361230872304030,P0/P1,false,pair:P0:P1:S
785,2548,105481391669377678951174610103/39908218193982131896065410,49747754303292965989282854449/39908218193982131896065410,P1/P2,false,pair:P1:P2:NW
786,2555,1547821568392048847677021937/583016353362396761487790,5102740348710940803704508241/4081114473536777330414530,P1/P2,false,pair:P1:P2:N
787,2557,192208817422011669574996400865/72386409186777854789630158,90748457689295336324911124087/72386409186777854789630158,P0/P2,false,pair:P0:P2:N
788,2559,17216826292789067140844673879/6473309870629018868308546,624062047042788626203186069/497946913125309143716042,P0/P2,false,pair:P0:P2:NE
789,2561,184474531038354204238709039497/69194942805266090719341054,28842426083504833115090899077/23064980935088696906447018,P0/P1,false,pair:P0:P1:NW
790,2564,208820200275408605367240161101/78373661841324734345591990,98167538791340446872365647659/78373661841324734345591990,P0/P1,false,pair:P0:P1:NW
791,2569,52260950426307452478491741971/19600161464375825875324042,24662881510312265561444066165/19600161464375825875324042,P1/P2,false,pair:P1:P2:E
792,2576,189825608273754103983526976959/70970618656316894498795506,89672361366592457790578094057/70970618656316894498795506,P1/P2,false,pair:P1:P2:SE
793,2585,280550241787412315816323081385/104266901323840809818826174,131972762155533840110602240367/104266901323840809818826174,P0/P1,false,pair:P0:P1:N
794,2586,85303707421139199026543493017/31770295727565242748147422,40346598345967926667689961727/31770295727565242748147422,P1/P2,false,pair:P1:P2:W
795,2593,77011303492090693831848201327/28506839139816781511431570,108506264324431895034280372523/85520517419450344534294710,P0/P2,false,pair:P0:P2:SW
796,2595,146644923787631987786711863313/54450571125996051667827054,69418611350650439369260523975/54450571125996051667827054,P0/P2,false,pair:P0:P2:SW
797,2597,272771170254825685969939068475/100769517654096340571325626,127888510462480534241711804941/100769517654096340571325626,P1/P2,false,pair:P1:P2:SW
798,2599,101267369828845307631804339925/37674335988792979178764838,6911112408510063849129926597/5382047998398997025537834,P0/P1,false,pair:P0:P1:SE
799,2600,395502697088662926921035967737/146521510208427944203010590,187020747585607457607421252767/146521510208427944203010590,P1/P2,false,pair:P1:P2:SW
800,2601,403311423426805822505491285171/148615699084753705926855498,188326472937163327400807472341/148615699084753705926855498,P0/P2,false,pair:P0:P2:S
801,2605,1382926719443253284726266141/510375194939671418797590,198546148357461877625946310891/155664434456599782733264950,P0/P1,false,pair:P0:P1:E
802,2609,631187656810378693258572422993/233178884886285113006632686,298152478257842412866367606919/233178884886285113006632686,P0/P1,false,pair:P0:P1:E
803,2612,1198959092751451852378434936485/441658719501609594332876678,564534363177127658096723445267/441658719501609594332876678,P1/P2,false,pair:P1:P2:SW
804,2614,48206653645765030855006833139/17757297360736929714861258,568392613328537725736793893773/443932434018423242871531450,P0/P2,false,pair:P0:P2:SE
805,2618,53305462334454492085437878035/19600161464375825875324042,25136780431601200197928887157/19600161464375825875324042,P0/P1,false,pair:P0:P1:E
806,2620,570875060137410118618230459487/209616691873731305595571378,268311009994990279050391062601/209616691873731305595571378,P0/P1,false,pair:P0:P1:E
807,2624,872806884615062267145975238477/319656733923654394995444918,136196198063050413563659472825/106552244641218131665148306,P1/P2,false,pair:P1:P2:S
808,2627,2757848607724685777822379676343/1011589447204244122239078786,56532098294877139791747372791/43982149878445396619090382,P0/P2,false,pair:P0:P2:SE
809,2635,16491616964522023668101716431/5980772678832170669441234,7632116561790685412068153689/5980772678832170669441234,P1/P2,false,pair:P1:P2:SW
810,2637,189813147457772406674211512713/69194942805266090719341054,89119215207768264295842738575/69194942805266090719341054,P0/P2,false,pair:P0:P2:NE
811,2639,252021482324154921833936331239/92097923098610461690887714,119440120402834018287242262913/92097923098610461690887714,P0/P2,false,pair:P0:P2:E
812,2642,588824956319472908065924176137/214399251603267425158509310,830524389426193113848064829997/643197754809802275475527930,P0/P2,false,pair:P0:P2:E
813,2647,1561046658419611500827449778729/568208134113192090747617982,739338092821492633256701487087/568208134113192090747617982,P1/P2,false,pair:P1:P2:SW
814,2651,190973716244602450681929441673/69194942805266090719341054,29886937991651872722037035141/23064980935088696906447018,P0/P2,false,pair:P0:P2:NE
815,2657,1023995268867772356141970879517/372275979356935332248188950,488631802580655945065278796251/372275979356935332248188950,P1/P2,false,pair:P1:P2:N
816,2663,4099381769409977651451227933869/1479395064241192783757645814,644369448831409625974083158937/493131688080397594585881938,P0/P2,false,pair:P0:P2:NE
817,2670,2378344942643855941640582381413/855654241525261235066223110,3365641959738013024635539633657/2566962724575783705198669330,P1/P2,false,pair:P1:P2:W
818,2672,3186656502535883575719331817009/1145709717470268914598215470,1503915395301149968970186532519/1145709717470268914598215470,P0/P1,false,pair:P0:P1:NW
819,2674,2568007829055648795913806019355/921888104187656189672143098,1207776958642509209487360719405/921888104187656189672143098,P0/P1,false,pair:P0:P1:NW
820,2675,8595528976227292784289746650081/3087256952840991123415398094,4050568353025589326139879456119/3087256952840991123415398094,P1/P2,false,pair:P1:P2:W
821,2680,8069622385695635635202527048941/2891714898850171464469605238,3798273792461030491949129480331/2891714898850171464469605238,P0/P1,false,pair:P0:P1:NW
822,2682,10497733819514639377809252333597/3761557955543757534533333014,4952438035808868786551799647707/3761557955543757534533333014,P0/P1,false,pair:P0:P1:W
823,2684,20068404339427516542887154349275/7180593945462143697379279226,9466468847655019504497840544365/7180593945462143697379279226,P0/P2,false,pair:P0:P2:W
824,2686,25364667301450193146873546783919/9066228804532153711300401426,11943976339926482834125256864633/9066228804532153711300401426,P0/P2,false,pair:P0:P2:W
825,2695,10576961982028903715402796283933/3761557955543757534533333014,4987100356908859434248975125979/3761557955543757534533333014,P0/P1,false,pair:P0:P1:E
826,2697,46146965006849314866384756353/16327679563021396541619086,64610853871592578727385554309/48983038689064189624857258,P0/P2,false,pair:P0:P2:SW
827,2703,1819087320628047385880985307931/643197754809802275475527930,855747417726632736949134486061/643197754809802275475527930,P0/P1,false,pair:P0:P1:W
828,2705,5971875524861709805838688583319/2108060091036967739836360642,2807027846274424071730403834193/2108060091036967739836360642,P0/P1,false,pair:P0:P1:SW
829,2706,2472312345244910239839342879097/876269154093780472386871582,1173970160197401214145656351775/876269154093780472386871582,P1/P2,false,pair:P1:P2:S
830,2716,1941552935135524999931497624459/686409901578192671339185946,925688863732512152272047204413/686409901578192671339185946,P0/P2,false,pair:P0:P2:N
831,2717,121973987397464874547841857589/42879850320653485031701862,8356302697900720951929427019/6244638396211672577432310,P0/P1,false,pair:P0:P1:E
832,2721,10049850678670799005450844595375/3528641484193890215452641554,4733093131471348586988676795257/3528641484193890215452641554,P0/P1,false,pair:P0:P1:NE
833,2723,12952948507464770264726150737997/4545286574568784568531049142,6100102181368605031480687945259/4545286574568784568531049142,P0/P2,false,pair:P0:P2:NW
834,2727,12511502610744471256287915918009/4386123952846983286203732638,5902111982990894997881670400223/4386123952846983286203732638,P0/P1,false,pair:P0:P1:NE
835,2731,186788175633498775655617902323/65120730276724966650112714,87167494370401052369395708053/65120730276724966650112714,P0/P1,false,pair:P0:P1:SE
836,2737,13747846822177104868195640943987/4803415828759533691570664906,6482853595633505544628161642005/4803415828759533691570664906,P0/P2,false,pair:P0:P2:SE
837,2738,2712371995772648055630536956679/947483075308797425208634850,11511866836947495295057635360361/8527347677779176826877713650,P1/P2,false,pair:P1:P2:N
838,2742,15113136885888709390435129001045/5268893015552781470278219558,7123560495325309407690966668515/5268893015552781470278219558,P1/P2,false,pair:P1:P2:W
839,2744,1550387498811208373678489030005/541157893697395461084645094,734535444918398874054580858563/541157893697395461084645094,P0/P2,false,pair:P0:P2:E
840,2746,3969784138412555236422996389165/1381325135877398451474898678,1866583984667844511707551651403/1381325135877398451474898678,P0/P2,false,pair:P0:P2:E
841,2751,24520286685410945964865955541823/8527347677779176826877713650,11561384438518910506053600329321/8527347677779176826877713650,P1/P2,false,pair:P1:P2:N
842,2754,188026115672784155930517026547/65120730276724966650112714,87941206894954415041207660693/65120730276724966650112714,P1/P2,false,pair:P1:P2:NW
843,2758,1356312203078258465925264092027/470949276797175280255602234,14755607238105318592212256856171/10831833366335031445878851382,P0/P2,false,pair:P0:P2:SW
844,2761,4749123281967970226192845228281/1641808056984298318075349534,2230728212640515974621373536415/1641808056984298318075349534,P0/P2,false,pair:P0:P2:W
845,2764,1081638118861898992916236338635/373614071590166194958149274,509066185826960218097237416957/373614071590166194958149274,P1/P2,false,pair:P1:P2:SW
846,2768,6021090048978724713944360943483/2074287329741107402625525306,8466196842075332841886873740391/6222861989223322207876575918,P1/P2,false,pair:P1:P2:S
847,2769,14063736203315666237113556049009/4825972010739730963484645038,6530918060379625565521297577575/4825972010739730963484645038,P0/P1,false,pair:P0:P1:E
848,2772,55981325910599612881120507904977/19283988941529261013193715182,26352087836372428862015233095687/19283988941529261013193715182,P0/P2,false,pair:P0:P2:S
849,2780,13859432642536766470612915234023/4777416194311462844820203554,6587569916435373267399593541249/4777416194311462844820203554,P0/P1,false,pair:P0:P1:E
850,2782,56199203357513839809502753768401/19283988941529261013193715182,26451123039515259284007163033607/19283988941529261013193715182,P0/P2,false,pair:P0:P2:N
851,2786,14162771406458496659105485986929/4825972010739730963484645038,6570532141636757734318069552743/4825972010739730963484645038,P0/P1,false,pair:P0:P1:E
852,2788,23871978170662866986757425126079/8178125183158279015779730930,2248194565656130776649778137237/1635625036631655803155946186,P0/P2,false,pair:P0:P2:NW
853,2789,33581184934867237314409364265229/11530278355576827068074816822,15911413514924550032179711819627/11530278355576827068074816822,P0/P1,false,pair:P0:P1:E
854,2793,42984510617365973510488629067119/14708688659311248418438300562,20258194727786324709807017817273/14708688659311248418438300562,P1/P2,false,pair:P1:P2:NW
855,2796,4052435802380199168932811178881/1384908621024759049590817166,3540703535407222165826012696829/2571973153331695377811517594,P0/P1,false,pair:P0:P1:N
856,2803,12671009910026614030512812175837/4306034634128723710054217878,5928809594385524246672185454107/4306034634128723710054217878,P1/P2,false,pair:P1:P2:SE
857,2805,1277433338385373235752998811879/436203498848309283290726434,605015984678341160302576601729/436203498848309283290726434,P1/P2,false,pair:P1:P2:SE
858,2808,1228568617699126474410027620801/423823626407363295296985358,599861337712786891360878357655/423823626407363295296985358,P0/P1,false,pair:P0:P1:SW
859,2810,16813032416745729305993952010781/5712094500907292281034308630,1580915277443282783303976381023/1142418900181458456206861726,P0/P1,false,pair:P0:P1:SW
860,2814,72144991388083891277749882005613/24524255571886927238755548278,34195222445070316557357770569995/24524255571886927238755548278,P0/P1,false,pair:P0:P1:S
861,2818,134837838380418737307332943660573/45660101475660908644610274326,63615569670508051820924409171931/45660101475660908644610274326,P0/P2,false,pair:P0:P2:SW
862,2821,19369204855286812676805937190303/6559741753722018871628279346,1307334397733547449955400762991/937105964817431267375468478,P1/P2,false,pair:P1:P2:SW
863,2822,5075847373071654034085588853449/1719572413843587240520162174,342975711966588977300277775737/245653201977655320074308882,P0/P1,false,pair:P0:P1:NW
864,2826,124887235776920397486727105702399/42230678589658612149095136114,59112200937627085088511683385769/42230678589658612149095136114,P0/P1,false,pair:P0:P1:E
865,2827,130690999957558998463582604046761/44061569835398246844451806142,61431459844879241573277158534255/44061569835398246844451806142,P0/P2,false,pair:P0:P2:W
866,2830,6757119969913707183804421941251/2279986283303506956018786730,35035186227102828812259953458999/25079849116338576516206654030,P0/P2,false,pair:P0:P2:NW
867,2833,457072563543934010084640095173675/154045392421215507086177882074,215649585224746033674651635717789/154045392421215507086177882074,P1/P2,false,pair:P1:P2:S
868,2835,2752339989566994631330158590941/925343377930368650327442582,148553497048642086551909641308193/106414488461992394787655896930,P0/P2,false,pair:P0:P2:NE
869,2837,131087140770130320151550323798441/44061569835398246844451806142,61589916169907770248464246434927/44061569835398246844451806142,P0/P2,false,pair:P0:P2:E
870,2841,599210591537948924318182831395855/201676296380438619384699867218,283379498700964095498141981730073/201676296380438619384699867218,P1/P2,false,pair:P1:P2:S
871,2842,1233516439738585918925616010517661/414505273304423408960011661078,581120318098362383302709615949147/414505273304423408960011661078,P0/P2,false,pair:P0:P2:NE
872,2845,236780946801050899966064320108975/79272341626753459652848348946,110920985528637186859168794676857/79272341626753459652848348946,P0/P1,false,pair:P0:P1:NE
873,2846,815085305860562234750080028291993/273220217056432515102766100190,25537732962056880302002792000529/18214681137095501006851073346,P0/P2,false,pair:P0:P2:E
874,2848,754988338693933790662162189459177/252983899462226523029259285822,354750316603787613734183208586543/252983899462226523029259285822,P1/P2,false,pair:P1:P2:S
875,2853,33146429613477086003923860538743/11135768473074804553470425090,15757141230848575030344540032881/11135768473074804553470425090,P0/P2,false,pair:P0:P2:SW
876,2854,243945312716706359797746602246395/81614157242388744946823723834,114777983771471605027784544287053/81614157242388744946823723834,P0/P1,false,pair:P0:P1:E
877,2855,111359594262798015782051160091423/37071083350089526732942023474,17249806282692434968802128051843/12357027783363175577647341158,P0/P2,false,pair:P0:P2:SW
878,2857,208644983604535778165948754967579/69819625802210259862531065594,98259912987868056069661967061293/69819625802210259862531065594,P0/P1,false,pair:P0:P1:E
879,2858,305930372946273540549846349843735/102568168254330992992120107714,144770407127658807232917549967057/102568168254330992992120107714,P0/P2,false,pair:P0:P2:SW
880,2865,454649808248847028037138030381761/151529203154332939231592498958,91494169689879605913430728369107/64941087066142688242111070982,P0/P1,false,pair:P0:P1:SE
881,2868,853363504939509185032279945403987/284247903391835246989513867786,1204030278399353233733711783196319/852743710175505740968541603358,P0/P2,false,pair:P0:P2:S
882,2871,5043943462035291614072354183299737/1678174446124607904864332136670,2374850881746938404882772791487999/1678174446124607904864332136670,P1/P2,false,pair:P1:P2:SE
883,2873,3830018760826366148553254210985013/1273506687908693005749255386470,94959931127459457540975881905233/67026667784668052934171336130,P0/P1,false,pair:P0:P1:E
884,2875,263478717425915429880211095696393/87615408416573655500920564990,2110561749209281621552811555875839/1489461943081752143515649604830,P0/P1,false,pair:P0:P1:E
885,2877,20484217696402199600893010690449/6814575511890731200004402798,958618813319224956926020218500981/674642975677182388800435877002,P1/P2,false,pair:P1:P2:E
886,2881,2923640788446786293309824338769221/971333106306567719032315518022,1379238601251228277896858111964787/971333106306567719032315518022,P1/P2,false,pair:P1:P2:N
887,2883,898109410328523274515411791137413/297892388616350428703129920966,2114364701009966309757301665491967/1489461943081752143515649604830,P0/P2,false,pair:P0:P2:E
888,2886,3841427616228420213166724539833397/1273506687908693005749255386470,361608328644482876296606373163111/254701337581738601149851077294,P0/P2,false,pair:P0:P2:E
889,2887,2929979041447927440317307854796101/971333106306567719032315518022,1381773902451684736699851518375539/971333106306567719032315518022,P1/P2,false,pair:P1:P2:N
890,2890,2088095772195691232226315169220019/690101868196287124733521271114,978869091143865068420244833170389/690101868196287124733521271114,P1/P2,false,pair:P1:P2:NE
891,2891,1543999037540349568148991709924853/511439612571302696747249618406,243113526564435594413902725974209/170479870857100898915749872802,P0/P1,false,pair:P0:P1:SE
892,2897,622908700674538723604456247157259/205747010247968763479093924378,293975196396620469779917758215613/205747010247968763479093924378,P0/P2,false,pair:P0:P2:SE
893,2901,2874818238021712057889388546179577/947099961696933621642882869278,1351386651870920378216652839466911/947099961696933621642882869278,P0/P2,false,pair:P0:P2:SE
894,2902,4191340345940082880901825811867751/1381484315495222574632452495650,1973245852818358524934385446104833/1381484315495222574632452495650,P0/P1,false,pair:P0:P1:SW
895,2905,288284128260042049993112230642399/94638359943928691891098798002,134582556400443515549847829614025/94638359943928691891098798002,P0/P1,false,pair:P0:P1:S
896,2906,168585005523132435140689299234971/55481396210169452539292222970,395994585245446525847925894142817/277406981050847262696461114850,P1/P2,false,pair:P1:P2:SE
897,2907,266356771095578075717222034890057/88130261162989878914263518846,42276490814853164916076744971589/29376753720996626304754506282,P0/P1,false,pair:P0:P1:S
898,2913,340639497031113625275805621907063/111709083628791239127431280130,159865366724307800564866310012529/111709083628791239127431280130,P0/P1,false,pair:P0:P1:S
899,2919,5127608401650354754571136594854553/1678174446124607904864332136670,2413514225053899401628422239251967/1678174446124607904864332136670,P0/P2,false,pair:P0:P2:SE
900,2928,851481669167202724163549242811143/277406981050847262696461114850,400272906021216800077977267460961/277406981050847262696461114850,P0/P1,false,pair:P0:P1:NW
901,2932,5154229064255147572002567362167449/1678174446124607904864332136670,485364911271259162068827524581683/335634889224921580972866427334,P1/P2,false,pair:P1:P2:SE
902,2940,1034902294771759848485302922690693/335634889224921580972866427334,2436965761158121645556111248551423/1678174446124607904864332136670,P1/P2,false,pair:P1:P2:SE
903,2944,2420239533804640963985645464473313/784501777094277991844881895630,1143464845461034602919968681589367/784501777094277991844881895630,P0/P1,false,pair:P0:P1:W
904,2949,1069196177481298166535934790099181/345311762405486243999971398518,502716783304566578648868952321163/345311762405486243999971398518,P1/P2,false,pair:P1:P2:N
905,2954,7194305626114621548652328225493767/2322500231491498530794436181474,3398515339450378605388779140115297/2322500231491498530794436181474,P0/P2,false,pair:P0:P2:E
906,2955,2431648389206695028599115793321697/784501777094277991844881895630,229453559452343858224891758241099/156900355418855598368976379126,P1/P2,false,pair:P1:P2:W
907,2958,7205714481516675613265798554342151/2322500231491498530794436181474,3402318291251063293593269249731425/2322500231491498530794436181474,P0/P1,false,pair:P0:P1:E
908,2963,8464161039650559406213289985436211/2723405642046281361587015112778,3995761715895724240785648976485205/2723405642046281361587015112778,P0/P1,false,pair:P0:P1:SE
909,2973,3951890555632089947775649527441371/1266142063105387015102946249594,1864515331552543351524631885786989/1266142063105387015102946249594,P0/P1,false,pair:P0:P1:NE
910,2974,4314936279462335247547754374391911/1381484315495222574632452495650,677819752109733140501826282786731/460494771831740858210817498550,P1/P2,false,pair:P1:P2:SE
911,2978,2591121423951157834171738012514103/828170133868698760314709233794,1220465791598513852786494058690481/828170133868698760314709233794,P0/P2,false,pair:P0:P2:E
912,2979,10217782087242121753999132788403909/3261996108219355108618591371590,960200319892466317920039764174487/652399221643871021723718274318,P1/P2,false,pair:P1:P2:S
913,2983,458605415540523546340452338158967/146462552596993384402624522242,216512487059967575009927298828145/146462552596993384402624522242,P0/P1,false,pair:P0:P1:NE
914,2991,1198096336507132677339794700617759/381716531596062373443120443698,566650062041859976791229294204553/381716531596062373443120443698,P1/P2,false,pair:P1:P2:W
915,2993,7118274089237066345756746761633491/2258818837350941889249578797322,3336722574943820472923962020191669/2258818837350941889249578797322,P0/P1,false,pair:P0:P1:N
916,2999,5833849115302742735693585250278839/1851992273493360552713444338562,2752749165296407666090533387193649/1851992273493360552713444338562,P1/P2,false,pair:P1:P2:SW
917,3006,1204434589508273824347278216644639/381716531596062373443120443698,569502275892373492944596876416649/381716531596062373443120443698,P1/P2,false,pair:P1:P2:N
918,3007,4000695103740876779733272600848347/1266142063105387015102946249594,1887966867656765595452320895086445/1266142063105387015102946249594,P0/P2,false,pair:P0:P2:SE
919,3011,13112795794184089616644281260037139/4140850669343493801573546168970,6173317391605350110416285672953461/4140850669343493801573546168970,P0/P1,false,pair:P0:P1:S
920,3013,10336941243663575317739822889709253/3261996108219355108618591371590,4859313527072830142069047168319731/3261996108219355108618591371590,P0/P1,false,pair:P0:P1:S
921,3016,700682529806594301383519041543273/221155663429216119062114669118,330425205769540803666873138869167/221155663429216119062114669118,P0/P2,false,pair:P0:P2:SE
922,3018,3484389033405787397689734762093433/1099173674564108761623129394462,1645106982914100548086343142990367/1099173674564108761623129394462,P1/P2,false,pair:P1:P2:E
923,3022,1674662162236575119957737156218859/527042694296998043878583256154,3939018267837312433385454636466257/2635213471484990219392916280770,P0/P1,false,pair:P0:P1:SE
924,3025,2579255370438476177067295187650397/812115983741086299981942859158,1217476748948400473949418298326171/812115983741086299981942859158,P0/P2,false,pair:P0:P2:E
925,3029,4014005395286931066511772933556909/1261148078259026688652554140662,5669821613303764400357101266409057/3783444234777080065957662421986,P0/P1,false,pair:P0:P1:S
926,3033,2172246655412581247649726013657207/681090472296836955828460179970,1021703511207338053081246650322033/681090472296836955828460179970,P0/P2,false,pair:P0:P2:S
927,3037,4752776159313630717298927483322151/1486982708192900372828170139554,2228497331974512136837755257809473/1486982708192900372828170139554,P1/P2,false,pair:P1:P2:E
928,3039,10500606120739287681509883288898061/3285465765703212337274841408310,4932866162299127851062131011708523/3285465765703212337274841408310,P0/P2,false,pair:P0:P2:SW
929,3041,40154789853501009373396759972411/12581466689731360514500402362,890240540943971797592897877148771/591328934417373944181518911014,P1/P2,false,pair:P1:P2:E
930,3044,15253897310696741450804956817404737/4767633306077858690799221259790,7172206988055018041992673803540247/4767633306077858690799221259790,P0/P1,false,pair:P0:P1:W
931,3046,5617486647649859625833114801905229/1761481226771444827099601297078,2664227374623197888186858593191979/1761481226771444827099601297078,P0/P1,false,pair:P0:P1:W
932,3052,5930824386220202284908083045490103/1851992273493360552713444338562,2796483111004281580442169647779121/1851992273493360552713444338562,P1/P2,false,pair:P1:P2:SE
933,3057,1896782502616259161060872992743637/591328934417373944181518911014,894360405394713543147762162566243/591328934417373944181518911014,P1/P2,false,pair:P1:P2:S
934,3058,12019880399421222955026934565169159/3740986377725588242773958648802,5645784183712263280936823488319073/3740986377725588242773958648802,P0/P2,false,pair:P0:P2:E
935,3061,2937237815282682927594729045659381/915604788058521155815610637286,6940631291126569312551305991910991/4578023940292605779078053186430,P0/P1,false,pair:P0:P1:NE
936,3065,18645102896400560392368570267106939/5794280234430129138824483870778,2923206075336851216510779832754159/1931426744810043046274827956926,P1/P2,false,pair:P1:P2:SE
937,3069,2155713745697516084408575244714779/664302530371272965157209876730,997006288227851439483594866061869/664302530371272965157209876730,P0/P1,false,pair:P0:P1:E
938,3071,21627874827354388845736817878612591/6705321458474880949822718351762,10170101256832259921251790387376057/6705321458474880949822718351762,P1/P2,false,pair:P1:P2:S
939,3074,11547592319760361508256919263715029/3582067002144870321712411159078,5441367377112731625931431418402403/3582067002144870321712411159078,P1/P2,false,pair:P1:P2:S
940,3076,15758672411064077373514072099209863/4883239010385377327826249389794,7409700014396150718660783111720929/4883239010385377327826249389794,P0/P2,false,pair:P0:P2:E
941,3079,45293309840720120012852940566091801/14039286890970588885982355762654,21372092235063896025459184100686975/14039286890970588885982355762654,P0/P1,false,pair:P0:P1:NE
942,3083,3882809018638243143113545125972493/1201052248277830963572034249526,9147676768378803851657574684262423/6005261241389154817860171247630,P0/P1,false,pair:P0:P1:NE
943,3091,36164037943577804255956172211314403/11148955471699030453627736003050,17029470121364993389338987779474213/11148955471699030453627736003050,P0/P1,false,pair:P0:P1:S
944,3093,667302656998618449739158178091469/206452244233682745168187125686,2222017080858580494119966288821421/1445165709635779216177309879802,P0/P1,false,pair:P0:P1:S
945,3094,18562656565723582747301340525307537/5720847115766866504697554318446,416552428285856920853129743312107/272421291226993643080835919926,P0/P2,false,pair:P0:P2:N
946,3095,19551788715737775620197372313062807/6010028726805738413593207323074,9155683712486748689993182174433873/6010028726805738413593207323074,P0/P1,false,pair:P0:P1:SW
947,3097,10096588308295526622042479873030057/3108957674536508943877089013694,4754666092175990423047331230332527/3108957674536508943877089013694,P1/P2,false,pair:P1:P2:NE
948,3099,515611218196065720068616634891709/158340073550802037462265745110,14721555779771177057195249238845711/9658744486598924285198210451710,P1/P2,false,pair:P1:P2:NE
949,3100,11066193096585320330267222426986941/3413517290927644362043283093206,5243425750873217326293653978065723/3413517290927644362043283093206,P0/P2,false,pair:P0:P2:W
950,3103,26861155718531216528308264566872865/8259264910921842687805959756878,12646093258531161677452431919916087/8259264910921842687805959756878,P0/P2,false,pair:P0:P2:W
951,3106,38388212668538876737224578530506917/11795242428963033905914512046982,18078680413531454793281126217178131/11795242428963033905914512046982,P0/P1,false,pair:P0:P1:SE
952,3108,54637743573113952712033338127234295/16753728290709226885173639549186,8548352149293003967149732601035771/5584576096903075628391213183062,P0/P2,false,pair:P0:P2:SW
953,3110,38595876149668324530054401658299093/11792678994985551239783137993254,17998310494827351051259197355127395/11792678994985551239783137993254,P0/P2,false,pair:P0:P2:S
954,3113,40623577552526253083906678875062933/12450127479939537459741574233766,19114426613869409587006036167687331/12450127479939537459741574233766,P0/P2,false,pair:P0:P2:SE
955,3122,114400529630966656654651961942738307/34937077400197197529312733560490,53954090969789217436819251289416581/34937077400197197529312733560490,P1/P2,false,pair:P1:P2:E
956,3124,77370650514615241362626920983969225/23601358383445657227175342839166,36399679236882502167230443593501519/23601358383445657227175342839166,P0/P1,false,pair:P0:P1:SE
957,3129,725401716511044774712704754048105/221155663429216119062114669118,16285357976029685569310978838963/10531222068057910431529269958,P0/P1,false,pair:P0:P1:SW
958,3131,9944606725203579608016059357381591/3031438594812165430659527070018,32852634594703725242574056446922359/21220070163685158014616689490126,P0/P2,false,pair:P0:P2:E
959,3133,35386914206534828984701451459853547/10779761415776787381565707434586,50052354072832763378168626790238103/32339284247330362144697122303758,P0/P2,false,pair:P0:P2:SE
960,3135,93086499459123055518485751033447423/28312490533817977948460744533874,43746471368116585520865944277348265/28312490533817977948460744533874,P0/P1,false,pair:P0:P1:SW
961,3140,57258074640766409285421465649499/17402813423347977577236377722,836257209610331147538145992893363/539487216123787304894327709382,P1/P2,false,pair:P1:P2:E
962,3143,171743197329887983182524635762406925/52129733592236776400348357331766,80768353243200238417844456087394923/52129733592236776400348357331766,P0/P1,false,pair:P0:P1:S
963,3147,90899395256531117677929297701718511/27598454858848542550272453096082,42996688596834057940865395287077945/27598454858848542550272453096082,P0/P1,false,pair:P0:P1:S
964,3149,172148845521961016591003580788127245/52129733592236776400348357331766,80930612520029451781236034097683051/52129733592236776400348357331766,P0/P1,false,pair:P0:P1:S
965,3154,22086057705069735875084646005988499/6688673907966278891866544687498,31215361669599316279176638088719839/20066021723898836675599634062494,P0/P2,false,pair:P0:P2:NW
966,3157,124984692769022672249954197911982187/37734754834562619391031547923290,58642879726621268932376418157901917/37734754834562619391031547923290,P0/P2,false,pair:P0:P2:NW
967,3164,138618631586865877678785964314139691/41783295599114182417960563183578,65190010335732811905928115973650077/41783295599114182417960563183578,P0/P1,false,pair:P0:P1:NE
968,3170,466263956489023282723463000512061855/140448648431123281389909025019442,220059304078206505826826592889340169/140448648431123281389909025019442,P1/P2,false,pair:P1:P2:W
969,3174,83787599701942625001441122153961719/25134171711755875095979181476098,39281846149736741820019516539564017/25134171711755875095979181476098,P0/P1,false,pair:P0:P1:S
970,3175,490828960505006847993791906775900011/147443440444256717763973459402074,32999122288953287636076453620613755/21063348634893816823424779914582,P0/P2,false,pair:P0:P2:NW
971,3179,546639122226901316724068977489006601/164023752685184453204949804791038,256870260330849286504998318223408911/164023752685184453204949804791038,P0/P2,false,pair:P0:P2:NW
972,3183,189188952592120740729282649894070601/56882057232894916553987898652286,89760413045155488696666149947184079/56882057232894916553987898652286,P1/P2,false,pair:P1:P2:NW
973,3185,221571804259002516907471816508573769/66314574332502416268036467419262,103935230643074272563256644835695823/66314574332502416268036467419262,P1/P2,false,pair:P1:P2:NW
974,3188,976824261279801112086500237745836315/292459464658393814457590668356858,459663170005928752931678282661803053/292459464658393814457590668356858,P0/P2,false,pair:P0:P2:S
975,3192,23872739625188674659780115114927327/7131467508051497965432600208306,258006075268653780048739364295425807/164023752685184453204949804791038,P0/P2,false,pair:P0:P2:SE
976,3198,579854880871509402104736774237404483/172476490770059428415829975165738,271064707676820146393785067342747077/172476490770059428415829975165738,P1/P2,false,pair:P1:P2:NW
977,3201,298145753875905255911000646049073251/88340959862773365763655226988266,46146569388958319702020950278446903/29446986620924455254551742329422,P0/P2,false,pair:P0:P2:SE
978,3202,4851729907359354109260432928670177/1444845280388593882910888123086,48600572877310140473458239654713/30741388944438167721508257938,P0/P1,false,pair:P0:P1:SW
979,3205,2005199663547159803310660108782490995/597382634436468217511945041302986,945510457069811565459643608052256277/597382634436468217511945041302986,P0/P2,false,pair:P0:P2:E
980,3209,572204898611690726996127036416483209/170308476809013038782750728506878,269500462862991978048504598270575503/170308476809013038782750728506878,P0/P1,false,pair:P0:P1:W
981,3211,1831703519643912788211760762261806079/545043701048732314948650588911474,862805862445523256893336146096576425/545043701048732314948650588911474,P0/P1,false,pair:P0:P1:W
982,3213,301269485083965500564314417763357131/89778376355366437034015143906970,85542690897476531672971504269647051/53867025813219862220409086344182,P0/P2,false,pair:P0:P2:NE
983,3216,2011040997513011484392756917152863603/597382634436468217511945041302986,947782086945420552547125700196290069/597382634436468217511945041302986,P0/P2,false,pair:P0:P2:N
984,3219,324546112728147351760918976622308671/96310317804586012778476640717042,152748003812850861172493623270913129/96310317804586012778476640717042,P0/P1,false,pair:P0:P1:S
985,3220,64460272080277331606362570329979601/19149046879685116166558067421166,30435246564872703756188655159978247/19149046879685116166558067421166,P0/P2,false,pair:P0:P2:NW
986,3224,99922782214732463181638808717318177/29446986620924455254551742329422,139088745274191812559629162876493221/88340959862773365763655226988266,P0/P2,false,pair:P0:P2:NW
987,3226,467023268994241558491702820819355567/138378083258229044104564014805778,219952929590384128315008410581201017/138378083258229044104564014805778,P0/P2,false,pair:P0:P2:NW
988,3228,534054087988448975523337159384580233/157739028561355867627148881075198,250243651041387489406980424556903055/157739028561355867627148881075198,P0/P1,false,pair:P0:P1:E
989,3231,325681927665951845304660022694325567/96310317804586012778476640717042,153234781643338501262668357301777513/96310317804586012778476640717042,P1/P2,false,pair:P1:P2:N
990,3234,120750849326243603752101810483615667/35761463241373964578065788147018,24465861324774847318697600953962697/15326341389160270533456766348722,P0/P1,false,pair:P0:P1:SE
991,3236,1705006169462493787110482496899439377/503210814639621187333362838983534,801682106134008234893569501645463239/503210814639621187333362838983534,P1/P2,false,pair:P1:P2:NW
992,3239,928253701520338530246264429494991075/273281155752513382776248906743274,434877236517503098279177070855297317/273281155752513382776248906743274,P1/P2,false,pair:P1:P2:W
993,3241,1016861588847218769133457037045260695/299905025333293919291150645875138,68455846578794836289534874767698151/42843575047613417041592949410734,P1/P2,false,pair:P1:P2:W
994,3247,637338341686273190850330005830973949/187213952978762989204511069256278,298051616831762911189469674519539963/187213952978762989204511069256278,P0/P2,false,pair:P0:P2:NE
995,3254,1412921923652778889674839573071086253/414610452507774590132430608206838,664429212063494730520093987978962123/414610452507774590132430608206838,P0/P1,false,pair:P0:P1:SE
996,3256,504494974828439115220355538972603765/148079678688759453529410552444646,713272149965811080986403007489381449/444239036066278360588231657333938,P0/P2,false,pair:P0:P2:NE
997,3260,4530918253917379200461489172046972149/1327576887194931125457511554502630,2130110187379722695435154369817299779/1327576887194931125457511554502630,P1/P2,false,pair:P1:P2:N
998,3262,4933170257247533024406397347433872317/1446091221428946207280715751011030,2325481938988988097300390447858977083/1446091221428946207280715751011030,P0/P1,false,pair:P0:P1:SE
999,3276,4157223883309166928473498726470782509/1209062552960916043634307357994230,389543835583358872528248906519734543/241812510592183208726861471598846,P1/P2,false,pair:P1:P2:S
1000,3278,1951758131334127469392163844279136391/566752037129538542052735604923106,911102192483620101137937912615891425/566752037129538542052735604923106,P1/P2,false,pair:P1:P2:S
1001,3279,5781914609079517034926459839946991233/1680940726646024588512132462455694,2709181467232579816548491942763610583/1680940726646024588512132462455694,P0/P2,false,pair:P0:P2:N
1002,3285,8869495871995576020320258401829298063/2579699240786389222302962612121938,4177205553848396090990661872443248025/2579699240786389222302962612121938,P1/P2,false,pair:P1:P2:NE
1003,3287,17207308974477316601595643088252353513/4997824346708221309571577328110398,8080432354969787057715946682134423599/4997824346708221309571577328110398,P0/P1,false,pair:P0:P1:N
1004,3290,9541803722128002642898520600587423733/2769446967675249216652783613045222,4479081508613332799266308125509765187/2769446967675249216652783613045222,P1/P2,false,pair:P1:P2:N
1005,3292,543539736405372954772209702309234967/156436442501131990944260462557890,83263055060304385569941183838520219/52145480833710663648086820852630,P1/P2,false,pair:P1:P2:N
1006,3295,18723401541538926072072347087916874585/5433043023962367699738694106987358,8819534391917637453974087409543280447/5433043023962367699738694106987358,P0/P2,false,pair:P0:P2:SE
1007,3297,3012601773585490637891350842795408401/873091206419101221358550198493550,1416624424484037530661052551084561863/873091206419101221358550198493550,P1/P2,false,pair:P1:P2:NW
1008,3300,12224638638457525646260502634012039689/3545530329221933520227393689141502,5768492937795960810716567272554308879/3545530329221933520227393689141502,P1/P2,false,pair:P1:P2:W
1009,3302,272758290909906830147134931137488965/78999215415214549532212942431814,128584900393243351421985993951234931/78999215415214549532212942431814,P0/P1,false,pair:P0:P1:E
1010,3304,8478975487695541849735588892632218701/2449215868402033513893026743059126,3970609165245684222471679524265982507/2449215868402033513893026743059126,P0/P1,false,pair:P0:P1:E
1011,3311,25367548756659301671483045439039872169/7320555718702801879249994524833214,918313515784635912030961846062470251/563119670669446298403845732679478,P0/P1,false,pair:P0:P1:NE
1012,3318,12920992595132073546517705235770343581/3713203315045466306408433821968150,242572545981892865544926756071611283/148528132601818652256337352878726,P0/P1,false,pair:P0:P1:SE
1013,3319,25770775346557061529136630519114587611/7420307779131956961670175407243130,2431741661731127169978083640077772873/1484061555826391392334035081448626,P1/P2,false,pair:P1:P2:SE
1014,3320,1284978275142498798261892528334424403/370710446408649065526174158527498,609439465910831421126724929859858229/370710446408649065526174158527498,P0/P1,false,pair:P0:P1:SE
1015,3322,11371936577317640178868729870774067179/3271526336307343464459967765980250,5362143089778605503978800440812174557/3271526336307343464459967765980250,P1/P2,false,pair:P1:P2:SE
1016,3326,21745071011479968444190020871303469973/6247757154994234078605452887710886,10240272791273383681211478088023473059/6247757154994234078605452887710886,P0/P1,false,pair:P0:P1:S
1017,3328,58294003046128394999436770701682234695/16756717625422114685834226942180706,27519624489898085920334738621820317473/16756717625422114685834226942180706,P0/P2,false,pair:P0:P2:E
1018,3332,52382618349699003784435989051401527291/15014405114305525922627131665001786,24590618212579251091180943190674686541/15014405114305525922627131665001786,P0/P1,false,pair:P0:P1:SW
1019,3334,24539018180899717658971989951140745347/7021012198591516832780353417484458,34457815702593980663840512464533823887/21063036595774550498341060252453374,P0/P2,false,pair:P0:P2:E
1020,3335,21796993980065316720475325834595670933/6247757154994234078605452887710886,10261041978707522991725600073340353443/6247757154994234078605452887710886,P0/P1,false,pair:P0:P1:S
1021,3339,142791582527264278439220371213628974149/40863432096516952244320081038585414,22398293691947557879629669095282937809/13621144032172317414773360346195138,P0/P2,false,pair:P0:P2:S
1022,3343,56374963842414446348398495693226068083/16110421085963886145696835357646794,26496401635009553010072657319421109013/16110421085963886145696835357646794,P0/P2,false,pair:P0:P2:SW
1023,3348,64662309866108851045748236028934310547/18499030136538703449041322219359626,30656322641558313854629753906134752245/18499030136538703449041322219359626,P0/P2,false,pair:P0:P2:W
1024,3350,11410292850898494701415483696197815175/3261399638644396600580382966813922,27010909296170824500959301531176950373/16306998193221983002901914834069610,P1/P2,false,pair:P1:P2:NE
1025,3354,91315304021077377358290770123716403665/26010618836335087018686345750712814,43041472414824083636966941605272087047/26010618836335087018686345750712814,P0/P2,false,pair:P0:P2:NW
1026,3359,36799955643366730945444970870225361459/10465943020942572814778071997282378,52029236117039868603820467171609395711/31397829062827718444334215991847134,P1/P2,false,pair:P1:P2:N
1027,3362,135691055912566460536093657282752723037/38622609345528426589007135759750038,64247037930494189697681881762328781723/38622609345528426589007135759750038,P0/P1,false,pair:P0:P1:S
1028,3363,98383253459057852521537501692167544895/27964633170227937249027187266097906,46445043223385298205121953579880581481/27964633170227937249027187266097906,P1/P2,false,pair:P1:P2:E
1029,3365,206071723459226760165123848925085260981/58433071384771083999584035338976358,96757308198724358249205205872919813507/58433071384771083999584035338976358,P0/P1,false,pair:P0:P1:S
1030,3372,110815250678782979046617352317013692057/31397829062827718444334215991847134,52195389616512983087933443054144438783/31397829062827718444334215991847134,P1/P2,false,pair:P1:P2:N
1031,3375,26694970525237998975142869050160384635/7545415434802867720716150578888762,12519548004151591706687643812874662861/7545415434802867720716150578888762,P1/P2,false,pair:P1:P2:W
1032,3376,54695747832801171680927888887742394943/15437808759858048856894624141414130,25602054837366428500725742233551054697/15437808759858048856894624141414130,P0/P1,false,pair:P0:P1:SE
1033,3380,63899835403945986342955910938648577761/18064435419856736376037676873031886,30118048911629230338625950139856847479/18064435419856736376037676873031886,P0/P2,false,pair:P0:P2:W
1034,3383,22134493275870080516329808095994977173/6247757154994234078605452887710886,10414214736034300406767249715052346275/6247757154994234078605452887710886,P0/P2,false,pair:P0:P2:W
1035,3384,85939445444999497557141047351274661077/24173048780127010299661296223944230,40143741302531776478185004345960095843/24173048780127010299661296223944230,P0/P1,false,pair:P0:P1:S
1036,3388,124950273563941541289966633484426913019/35238204260600450602873644927546170,58837580709034464928113164702471173453/35238204260600450602873644927546170,P0/P1,false,pair:P0:P1:S
1037,3390,165119035976361106659524457771277198223/46488659932433453885766517149624658,77649869373498952711591170386231372185/46488659932433453885766517149624658,P0/P2,false,pair:P0:P2:SW
1038,3393,159986312336297792803573929392521993263/45094644472549974098988556823613970,75457979044242325648112201844134373369/45094644472549974098988556823613970,P0/P2,false,pair:P0:P2:SW
1039,3398,130498380952687641356199601569519725659/36632219720483930389651605253556858,61195624537764206475705109127103215341/36632219720483930389651605253556858,P0/P1,false,pair:P0:P1:S
1040,3400,163214334630222945671316582369077650323/45963833905913908244995847516269450,77261448064295368548114078862780996341/45963833905913908244995847516269450,P1/P2,false,pair:P1:P2:W
1041,3402,259128819257945186462676302859492096541/72761090560197403141726958999620630,121805567734837174742211205142520757211/72761090560197403141726958999620630,P0/P2,false,pair:P0:P2:S
1042,3403,65825328039748231932193655005371765693/18467720036157283214119664870097622,30880609383100647034680444821054042427/18467720036157283214119664870097622,P1/P2,false,pair:P1:P2:NW
1043,3406,154986376766252733312936546948858085905/43458748656134219528541476420941166,72807467763881659698433029490382872519/43458748656134219528541476420941166,P0/P1,false,pair:P0:P1:S
1044,3410,725716405125766002238955147913489877/203159986833341634026715757247526,67778143467357112890647790726682449397/40428837379834985171316435692257674,P0/P1,false,pair:P0:P1:SW
1045,3413,26170610341245018805776731882218225155/7325585476015795903296370644669866,12306640258182761864858379372655892229/7325585476015795903296370644669866,P0/P2,false,pair:P0:P2:NW
1046,3415,4305325200201906141929878976198149571/1204968925325139329495309860741674,6072971317906668751563536602995583951/3614906775975417988485929582225022,P0/P2,false,pair:P0:P2:NW
1047,3416,3229189833457804253829892685210383009/903032658593424570809840692290894,22758160665788308488597342434224761529/13545489878901368562147610384363410,P1/P2,false,pair:P1:P2:E
1048,3424,62109707365207036733230934241784795201/17316923313169246099662463261889550,29186006413912941051143478845630722583/17316923313169246099662463261889550,P0/P2,false,pair:P0:P2:S
1049,3428,67203458106332140937094966745070967339/18669362344307556633160658868630490,31448812305743609177334790029504563357/18669362344307556633160658868630490,P1/P2,false,pair:P1:P2:S
1050,3434,334978221519686593227142623146211967/93154745640774181610798215111282,158341995511582311067349951071188265/93154745640774181610798215111282,P0/P2,false,pair:P0:P2:W
1051,3437,57472878747632997360677585415469991511/15964484282030935566164267655148610,27130892396423666030093387514925685649/15964484282030935566164267655148610,P0/P2,false,pair:P0:P2:S
1052,3438,22435649256443843680099045217990587697/6232564478716859228269367683174702,10598577998068952405495483262495031207/6232564478716859228269367683174702,P0/P1,false,pair:P0:P1:W
1053,3442,57974196800400659580614825232427547563/16080035733409136445024664948574426,27353204063781130804610991069253167901/16080035733409136445024664948574426,P1/P2,false,pair:P1:P2:SE
1054,3444,26461378965322969152974439676654550531/7325585476015795903296370644669866,12441639976504667383200172277215614725/7325585476015795903296370644669866,P1/P2,false,pair:P1:P2:SE
1055,3446,45549973426905085884762748643370646113/12596335464063604866731402774688206,21382530370033892921545257843449398007/12596335464063604866731402774688206,P1/P2,false,pair:P1:P2:E
1056,3448,155677801747152040848478173032061826357/43055464039833672690459488423875430,73270289351024462322711731942881620227/43055464039833672690459488423875430,P0/P1,false,pair:P0:P1:SW
1057,3449,181809555957836164824512798441759147739/50335917895109654945103859362250106,85796770474350029847723666099408631917/50335917895109654945103859362250106,P0/P2,false,pair:P0:P2:E
1058,3451,163193688941205142395315534486777978263/45082664575112279906817753899014594,76640167201219590308838518374895764049/45082664575112279906817753899014594,P0/P1,false,pair:P0:P1:SW
1059,3454,390679552362053346606110177167212133453/107989797572486459933576988725904054,26294469722059937554901976541377782717/15427113938926637133368141246557722,P0/P2,false,pair:P0:P2:E
1060,3457,262466759141690445382081669852613557113/72434840244815656889551902531505438,123461979534403299178712449892187472415/72434840244815656889551902531505438,P0/P1,false,pair:P0:P1:SE
1061,3461,94274913230442229106553153031371858385/26010618836335087018686345750712814,44401854191760208475641931643527752199/26010618836335087018686345750712814,P1/P2,false,pair:P1:P2:SE
1062,3465,817550839296156257220073705526920846461/225199165188739194386318919040621910,384622909173752271372533375167909702267/225199165188739194386318919040621910,P0/P2,false,pair:P0:P2:S
1063,3468,228415593063091942072830783215123049713/62842225798982721370273308789849518,107271727728044616900901415741416321511/62842225798982721370273308789849518,P0/P1,false,pair:P0:P1:NE
1064,3470,250302347868633945548950842330319059499/68925676703326482500959079745401818,825763397683185768412681725809196293195/482479736923285377506713558217812726,P0/P2,false,pair:P0:P2:SW
1065,3473,2046432836317588851473412819119934846221/562207750721132002359775883079875894,960372524837803791158589029333102216043/562207750721132002359775883079875894,P0/P1,false,pair:P0:P1:E
1066,3483,1888011538016540779774585051531087665515/518128673767809177746596520073562458,890814528476081937112327817422138099549/518128673767809177746596520073562458,P0/P2,false,pair:P0:P2:N
1067,3485,165448927755438364586084337542975768599/45395733794188260640423764710665410,46843281540613274822692695737803628311/27237440276512956384254258826399246,P0/P2,false,pair:P0:P2:N
1068,3486,2053743590294405888774383757951476741389/562207750721132002359775883079875894,963695594827266080840848546983803077483/562207750721132002359775883079875894,P0/P1,false,pair:P0:P1:W
1069,3490,284132583721126325043481241213207085357/77842162166650633099651871052642038,134050380610409974058393070886459777611/77842162166650633099651871052642038,P0/P2,false,pair:P0:P2:NW
1070,3491,1662482214113089200074438025023980644623/454756646827425040856398374993622610,781451501723065693762758074505415329817/454756646827425040856398374993622610,P1/P2,false,pair:P1:P2:SE
1071,3492,525951879228583899900513060171152303195/143387998160822508457790890783054458,245249979281425797529185790959576219373/143387998160822508457790890783054458,P0/P2,false,pair:P0:P2:NW
1072,3498,1150717947288061663538028661967437488309/314211128994913606851366543949247590,108102495225410189321466295154091536871/62842225798982721370273308789849518,P1/P2,false,pair:P1:P2:SW
1073,3501,1210969392609917087456260477031961018083/330758335964315843102193705428308458,569859942372958126645999538898742633253/330758335964315843102193705428308458,P0/P1,false,pair:P0:P1:W
1074,3504,1182025014304236102131572116469885088981/322136975743577070440934322580807206,553940956983010003356082977248076632163/322136975743577070440934322580807206,P1/P2,false,pair:P1:P2:W
1075,3510,293205501721218293322714423957831808565/79823623853816498997043815710531942,137989038072555638939976361844737165315/79823623853816498997043815710531942,P1/P2,false,pair:P1:P2:NW
1076,3514,170027425328336940139968510415786659763/46309004962557206680312733700007242,401369400859073432491742463469267763497/231545024812786033401563668500036210,P0/P2,false,pair:P0:P2:E
1077,3516,41371943693226937731755666959388307183/11252503775287262987608932150229138,642930282845523777638309833001450417753/371332624584479678591094760957561554,P1/P2,false,pair:P1:P2:NE
1078,3519,1716788014679549367541370463627966347519/465932529953883141255886396738751858,808046676400396602261921974458364359337/465932529953883141255886396738751858,P1/P2,false,pair:P1:P2:E
1079,3526,1780362529990867081141861796343190738733/482479736923285377506713558217812726,14221282671881947917656267735796605745/8177622659716701313673111156234114,P1/P2,false,pair:P1:P2:NE
1080,3529,40587826628930832909469510620073860245/10998216790211448996484641866869414,19153976246956689558636501470759932579/10998216790211448996484641866869414,P0/P1,false,pair:P0:P1:W
1081,3530,1192658838270515429114802572952127845589/322136975743577070440934322580807206,558925561967203437879472253724127924323/322136975743577070440934322580807206,P1/P2,false,pair:P1:P2:N
1082,3533,1843604738303238565774127177293345043803/499026943892687613757540719696873594,289910790627575674351097222200188344143/166342314630895871252513573232291198,P0/P2,false,pair:P0:P2:W
1083,3534,1723434154658473946905889498929368070399/465932529953883141255886396738751858,811037439390912662975955540343995134633/465932529953883141255886396738751858,P1/P2,false,pair:P1:P2:N
1084,3542,144935010257134137250882512302597931187/39072231188219298929468098217530186,340620500381044606802950206532667573289/195361155941096494647340491087650930,P1/P2,false,pair:P1:P2:E
1085,3545,3036533807738948445642629764669745302431/817875467240649509143394936478573106,1430610819272451308216842622709714700041/817875467240649509143394936478573106,P1/P2,false,pair:P1:P2:NE
1086,3553,3466303018231086192561137930484656564195/929277331534819560373371798102314986,1626340219084112028466862741941624492581/929277331534819560373371798102314986,P0/P1,false,pair:P0:P1:N
1087,3554,3760071565145378594071768558020346237087/1006836080725672803187716682973276210,1759644670813600034243667956292958239241/1006836080725672803187716682973276210,P1/P2,false,pair:P1:P2:NE
1088,3564,4661920614725560608609062653835296938127/1245540154706814401099544106597044050,2185436094921324181746494597220454395033/1245540154706814401099544106597044050,P0/P1,false,pair:P0:P1:SE
1089,3565,6782893930157854333535103533438910723669/1815929355026024736658476375872320294,3198653964947281045590857807706872173283/1815929355026024736658476375872320294,P0/P2,false,pair:P0:P2:SW
1090,3571,6576572228428344006986727131429700909759/1756317431939646141765327941554292210,3093973679065922079279325738677193198313/1756317431939646141765327941554292210,P0/P2,false,pair:P0:P2:SW
1091,3572,7125941051597491872295038420964841151043/1904212992863786030647892970369188138,3358870985816326172925507062305786802373/1904212992863786030647892970369188138,P0/P1,false,pair:P0:P1:E
1092,3574,119167265358004618946265102202045119011/31923579827051983791611489684828010,56534368759827696869632482517243610597/31923579827051983791611489684828010,P0/P1,false,pair:P0:P1:NE
1093,3578,15827490981967013973892676692477030712197/4218726026601892244868147994569540550,7439881377823937346825985309935314259507/4218726026601892244868147994569540550,P1/P2,false,pair:P1:P2:SW
1094,3580,2529019981277225955627359462247411107701/674079913030343438328442862320628454,1189465072813967639071815744337160332483/674079913030343438328442862320628454,P0/P2,false,pair:P0:P2:NW
1095,3583,4002229073580270173479570547917432197643/1066166472041618110570032497205080602,9421030706133277790356197370162732047537/5330832360208090552850162486025403010,P0/P1,false,pair:P0:P1:N
1096,3585,7242719328342278727049711643714273607453/1932885059896008393783743017463878166,3429412729478812858669193757196531117787/1932885059896008393783743017463878166,P0/P1,false,pair:P0:P1:N
1097,3589,4007545985563409836971185776158553575947/1066166472041618110570032497205080602,1886332906019911423467885565328994960829/1066166472041618110570032497205080602,P0/P1,false,pair:P0:P1:N
1098,3592,3463547423558213110863466917604227869873/918552442887911509198300088476408366,1622024525872898476748383421718809467943/918552442887911509198300088476408366,P1/P2,false,pair:P1:P2:W
1099,3593,4012862897546549500462801004399674954251/1066166472041618110570032497205080602,9442298354065836444322658283127217560753/5330832360208090552850162486025403010,P0/P1,false,pair:P0:P1:N
1100,3596,381146510280567675119925042096027432771/101309449131652334145028901002745642,5581307322767987467199562948378986310875/3140592923081222358495895931085114902,P0/P2,false,pair:P0:P2:N
1101,3601,20120142063555713968975964918530149243447/5330832360208090552850162486025403010,9466224457989964930034926810212263763121/5330832360208090552850162486025403010,P1/P2,false,pair:P1:P2:S
1102,3602,8317981675642536112732370032918580994631/2205053865150546638492714628622988130,3921921264192522194211553204409678125601/2205053865150546638492714628622988130,P0/P1,false,pair:P0:P1:SE
1103,3608,8712512003352261411481812037854959039165/2300463486162186763233658877305402582,4084337830338416530805879442222580169275/2300463486162186763233658877305402582,P1/P2,false,pair:P1:P2:SE
1104,3611,15303562554573498632867071378779371895721/4042158750926369656889314805575804862,7192554875854017465166396189052903953007/4042158750926369656889314805575804862,P1/P2,false,pair:P1:P2:E
1105,3612,5162743380857801945860695453667847782403/1362113419352918561648884784794726826,2421949021719986810205659515800853366021/1362113419352918561648884784794726826,P0/P1,false,pair:P0:P1:NE
1106,3615,2658813189003937866090363403517270200495/706856043170358954489344038248706322,1272327167056669538455367263846176079737/706856043170358954489344038248706322,P0/P1,false,pair:P0:P1:NE
1107,3616,14971562452221189253379606156984998133027/3951093503952901065481236837499427178,7041486941138446585282174367070440753893/3951093503952901065481236837499427178,P1/P2,false,pair:P1:P2:SE
1108,3618,13572899526639854098161033359286159671131/3584792721405736125861640277148963962,6397169444883867342134650315842154228717/3584792721405736125861640277148963962,P1/P2,false,pair:P1:P2:SE
1109,3619,19757334906091684823686127585515542026087/5205793883149093539832322089977588514,1322720378544321325698872234653246850487/743684840449870505690331727139655502,P0/P1,false,pair:P0:P1:N
1110,3620,8966501405088331981665646079072298579745/2356277859331113503201655117919282254,464073294995503078519973680790210033215/261808651036790389244628346435475806,P0/P2,false,pair:P0:P2:E
1111,3626,27987986802061259135753072473991293757087/7365828592645839647378628881097399346,13141605157184454152878660841890070246409/7365828592645839647378628881097399346,P1/P2,false,pair:P1:P2:SE
1112,3629,19113472960121674726871154742428480890047/5031110858701274119254390233059332594,2997800672930609449586227474403784885667/1677036952900424706418130077686444198,P0/P1,false,pair:P0:P1:N
1113,3633,6791073998223148488880279338005117865687/1786128352153456247245654375944121154,3198470632667434251178012713583808151313/1786128352153456247245654375944121154,P1/P2,false,pair:P1:P2:SE
1114,3638,2908272001027907900728902808273165169139/762875259116232936445085616090621130,1366793892645751669788283915526565510549/762875259116232936445085616090621130,P1/P2,false,pair:P1:P2:SW
1115,3644,51415745024358420515903428991134510438959/13481671733242203604385237382151321106,24216922412343623233251130521358972598777/13481671733242203604385237382151321106,P0/P1,false,pair:P0:P1:NE
1116,3645,66542506410679559456404848906073527012389/17415209242381887420441485774887111814,31221387208033100321960897375665741937811/17415209242381887420441485774887111814,P0/P2,false,pair:P0:P2:W
1117,3648,680338944572517387398096725960499540347/179195825630091554414025954081104442,325090810062348013203125986145905407181/179195825630091554414025954081104442,P0/P2,false,pair:P0:P2:SW
1118,3651,122969250330545226000348027433758818263379/32172548563006567646090590681739815946,57850332694185996033749998508852095506229/32172548563006567646090590681739815946,P1/P2,false,pair:P1:P2:SW
1119,3654,24053435861503220538434517789951544753923/6285811237897466593605475485537493930,11285394495227586332251226894089341152773/6285811237897466593605475485537493930,P0/P1,false,pair:P0:P1:SE
1120,3655,41425383732633030012089183185143936543357/10838371306552031142343021078768918870,3898789597078508597894639325317785854591/2167674261310406228468604215753783774,P1/P2,false,pair:P1:P2:SW
1121,3659,123160659161938253886046175650439187882323/32172548563006567646090590681739815946,57946037109882509976599072617192280315701/32172548563006567646090590681739815946,P0/P2,false,pair:P0:P2:SW
1122,3665,123373335641263840425710784780084043014483/32172548563006567646090590681739815946,58052375349545303246431377182014707881781/32172548563006567646090590681739815946,P0/P2,false,pair:P0:P2:NW
1123,3671,29805826648673915399513996398401551557829/7755337697407111242552159802648786246,14010099701683841032647496372649506183923/7755337697407111242552159802648786246,P0/P2,false,pair:P0:P2:N
1124,3674,15859590627152790039029272565206298579199/4123982473436010306301091561984597362,4749196417766416941928391062961137444925/2624352483095642922191603721262925594,P1/P2,false,pair:P1:P2:NE
1125,3677,124923991028754285878188871389090063223893/32466247184003949422911218426439952166,58793617852843049833325987468003052899555/32466247184003949422911218426439952166,P0/P1,false,pair:P0:P1:E
1126,3681,57244240807191084230503258982729906335003/14862688233216406521584482330168358138,26957989972830696657760920222163037386797/14862688233216406521584482330168358138,P1/P2,false,pair:P1:P2:S
1127,3688,17165527383671807253120964312016840652953/4455869022332618177864901218992305374,8120938367980477156590919962361676318719/4455869022332618177864901218992305374,P1/P2,false,pair:P1:P2:W
1128,3691,24469453331756569570161527155539982801133/6321771092366378807239952169999950710,11457225429033313898447025537652355331211/6321771092366378807239952169999950710,P0/P2,false,pair:P0:P2:NW
1129,3696,2507463984204132306466888315632710880011/646862040286506969565026604235001882,345532147086326242338826536971461975457/190253541260737343989713707127941730,P0/P2,false,pair:P0:P2:NW
1130,3700,132249503140165618025188387840482247693007/34181245488765431221033865879329021650,62313397736765132973676752275226062764121/34181245488765431221033865879329021650,P1/P2,false,pair:P1:P2:SW
1131,3707,75710487853704220523375385246873208205177/19529006378273810031610686341739914526,35744052457556597087581462126197834346015/19529006378273810031610686341739914526,P0/P2,false,pair:P0:P2:NW
1132,3719,5766321022432385193658908945020086951889/1480698548725565402040934988502005230,2722483444053548753974388782396444916743/1480698548725565402040934988502005230,P1/P2,false,pair:P1:P2:S
1133,3723,197412602942722739501043597223909396596049/50556591813565710094263872121344213742,30902864446124887701669509731254193651245/16852197271188570031421290707114737914,P0/P1,false,pair:P0:P1:W
1134,3730,79571574910419931485766983189534511096523/20326960173202044429763110773723774106,37389059313576242547875464853478637991677/20326960173202044429763110773723774106,P0/P2,false,pair:P0:P2:E
1135,3731,120363273148575578746829273623080995472859/30751248879242467624788570973550882682,56592432140739603238895799264578144854381/30751248879242467624788570973550882682,P0/P1,false,pair:P0:P1:W
1136,3735,144547669205183358913048080805455240313909/36916511167380822902590563436691060070,68062485783474357164379107228229119676931/36916511167380822902590563436691060070,P1/P2,false,pair:P1:P2:SE
1137,3737,107515914060483985429988716995834224019057/27428585958632312389590617926788571822,50573115019590729150492495778574072159335/27428585958632312389590617926788571822,P1/P2,false,pair:P1:P2:SE
1138,3738,75297651630605663058102957481467162952823/19235307757276428254790058597039778306,35545134976539096176831605120803869915249/19235307757276428254790058597039778306,P0/P2,false,pair:P0:P2:SW
1139,3745,103514718014123943998209872342309601948679/26349046701366253627447340684066491362,16242134440305356110285487136954538631371/8783015567122084542482446894688830454,P1/P2,false,pair:P1:P2:NW
1140,3748,126457144591484845250847617159934442430803/32172548563006567646090590681739815946,59530476880858129697100410633046451050293/32172548563006567646090590681739815946,P0/P2,false,pair:P0:P2:SE
1141,3755,126669821070810431790512226289579297562963/32172548563006567646090590681739815946,59636815120520922966932715197868878616373/32172548563006567646090590681739815946,P0/P2,false,pair:P0:P2:NE
1142,3758,75591711696556598225025523995974827157179/19191620223504898699027396057427930042,35627575198456967236932208584823554624909/19191620223504898699027396057427930042,P0/P1,false,pair:P0:P1:E
1143,3761,165431102094028291020512707709502519325509/41979117216015186179716639976980611142,77992189409692657172753198736267702978675/41979117216015186179716639976980611142,P1/P2,false,pair:P1:P2:NE
1144,3767,58685123954621933036730985836073799855387/14862688233216406521584482330168358138,27659822354605132238654130349991059322925/14862688233216406521584482330168358138,P1/P2,false,pair:P1:P2:E
1145,3772,427588661451532526741121344054511224338283/108113875558715085827690315054972611930,40281548833085165655206014541499692321657/21622775111743017165538063010994522386,P0/P1,false,pair:P0:P1:W
1146,3776,520638227137068435128925120566160388747465/131443036856006982629574805522976694142,244819364569694104534518998411306761052239/131443036856006982629574805522976694142,P0/P1,false,pair:P0:P1:N
1147,3780,58908434257913798903378825422200897744155/14862688233216406521584482330168358138,27755526770301646181503204458331244132397/14862688233216406521584482330168358138,P0/P2,false,pair:P0:P2:E
1148,3781,521488933054370781287583557084739809276105/131443036856006982629574805522976694142,245159646936615042997982373018738529263695/131443036856006982629574805522976694142,P0/P1,false,pair:P0:P1:N
1149,3784,346101233948895404093014108822892144451193/87204610930863524694993827499191187230,32540074974733025719654651507289988188115/17440922186172704938998765499838237446,P0/P1,false,pair:P0:P1:N
1150,3788,522339638971673127446241993603319229804745/131443036856006982629574805522976694142,245499929303535981461445747626170297475151/131443036856006982629574805522976694142,P0/P1,false,pair:P0:P1:N
1151,3789,466673315479928679130081273078894302269147/117371345291378369896626682943786757498,73027701139433112951000838995375241378511/39123781763792789965542227647928919166,P0/P2,false,pair:P0:P2:SE
1152,3792,194804952688606399673595840421136108980211/48996120618939845519989685542782720202,91625887139461117579201488421871745169301/48996120618939845519989685542782720202,P0/P1,false,pair:P0:P1:NE
1153,3797,278163933209308683870751635993629914030309/69905385246791406652686173098564144902,131183962348524163415616740111499686365651/69905385246791406652686173098564144902,P0/P2,false,pair:P0:P2:N
1154,3799,170450760917003424457243756420455427795027/42795421935570886020157030794236317194,26769744968038209616404792371535963602279/14265140645190295340052343598078772398,P1/P2,false,pair:P1:P2:NE
1155,3806,68753864864531859460999529709280885403773/17205963289374799517542263304078128470,32312884516534837298362090981488463001211/17205963289374799517542263304078128470,P1/P2,false,pair:P1:P2:NE
1156,3809,1143812539895470163383023378207740578584599/286203444065682859762689784163130936514,537877997269315500805202732882826151388113/286203444065682859762689784163130936514,P0/P1,false,pair:P0:P1:S
1157,3812,378581384536689918151872193820027991661305/94815851254251319191033588145152968222,178598532668713492649664267735692952958623/94815851254251319191033588145152968222,P1/P2,false,pair:P1:P2:NE
1158,3815,766768148298247733155483775114704273937401/191741113641588234410564854795930625054,1083951630200493476004053600228429559939293/575223340924764703231694564387791875162,P0/P2,false,pair:P0:P2:E
1159,3819,905514673605000258745750611696321238435813/226057469672400541307535756168464232710,1278031024090344149171545507013867245183097/678172409017201623922607268505392698130,P1/P2,false,pair:P1:P2:NE
1160,3821,4311092820101484725062725004013212909695161/1074520553883620239053119835127294416542,2022361620876499238730330108307448386198239/1074520553883620239053119835127294416542,P0/P1,false,pair:P0:P1:S
1161,3823,1890870516312904391964918307747897292546087/472274272832327782540781860270191052194,892594495246010310544268690302446020387137/472274272832327782540781860270191052194,P0/P2,false,pair:P0:P2:E
1162,3826,754577563928039058698027741907880026212275/188524634245777697833219140538420507978,357254295371391719466184148220546567561685/188524634245777697833219140538420507978,P1/P2,false,pair:P1:P2:SE
1163,3831,154747114123262698164913351285466564091109/38458016906179189455769847249152972550,362881372318589969142198535409460252747039/192290084530895947278849236245764862750,P0/P1,false,pair:P0:P1:W
1164,3837,3474023497331675026540624149861081714240675/863853029342995657297471545415797224042,1637878388646191382690399005526256567955301/863853029342995657297471545415797224042,P1/P2,false,pair:P1:P2:SW
1165,3838,3423076759774644028495281967789950245361039/849855854445243696899489120107644331346,1608363997393975391943907005724565993727897/849855854445243696899489120107644331346,P0/P1,false,pair:P0:P1:W
1166,3848,1524423791695039200061306692610655952945767/377315425052235655012572770457147147554,716840458279978952483320178968765395289345/377315425052235655012572770457147147554,P1/P2,false,pair:P1:P2:E
1167,3852,4983566716295228968137225012806090416296063/1233903710385675072764918613838561793650,469975989794404122186840557586809614315477/246780742077135014552983722767712358730,P0/P1,false,pair:P0:P1:W
1168,3855,3438878642000190040424040776223369668080237/849886002935573429844203988984004610166,1618395081426896765295968038363132933693195/849886002935573429844203988984004610166,P0/P2,false,pair:P0:P2:SW
1169,3857,998883947776625930630673661879223876098985/246565997125348524858263149927915136958,156295321048857682440813158424004314048037/82188665708449508286087716642638378986,P0/P2,false,pair:P0:P2:SW
1170,3861,2676391098313613173717108124433829001278533/658034989174130805979090738570179219014,1248256617220279355664517160627962976149363/658034989174130805979090738570179219014,P0/P1,false,pair:P0:P1:N
1171,3862,877249482890091447950209757546763360601511/216303828266499243850422209556274172578,2060938582187072926546012330728517448113861/1081519141332496219252111047781370862890,P0/P2,false,pair:P0:P2:W
1172,3863,1105621501702346238497376626388404134343609/274055911665528951963565845040293019806,1579332682067781249502895492557296945651613/822167734996586855890697535120879059418,P1/P2,false,pair:P1:P2:SW
1173,3865,2676511207859855559921281473805706090698543/659375697273369190206087092844583980050,251154479806287562781316033932112802338661/131875139454673838041217418568916796010,P1/P2,false,pair:P1:P2:SW
1174,3868,8996963139788142146641264831624834196938193/2217110305780716542664060643221785860590,846085621698998089859802015092582268358555/443422061156143308532812128644357172118,P1/P2,false,pair:P1:P2:SW
1175,3869,80833650852857313525866228717761775189467/19861831793015273536434227176263892858,188811891537624529246255075737877236207393/99309158965076367682171135881319464290,P0/P2,false,pair:P0:P2:SW
1176,3874,4334708197504546661159981153526889135693613/1066989653313383740161859643712605706998,2041732880004987201090005048598480154858571/1066989653313383740161859643712605706998,P0/P2,false,pair:P0:P2:SE
1177,3878,1313356862385204215036273541555232492719883/323864484583134913160411866144048859162,3114387284264880676934036605533606416319409/1619322422915674565802059330720244295810,P0/P1,false,pair:P0:P1:SE
1178,3881,3588115368247016442433021641876068390046127/877604270874560003797710442847130160914,1671068775462849819627575568466239650193017/877604270874560003797710442847130160914,P1/P2,false,pair:P1:P2:NW
1179,3886,10507265485007309923367150337604501953997001/2576251353522326360212150725541194297214,4943803514550838734296549974431582093584463/2576251353522326360212150725541194297214,P0/P2,false,pair:P0:P2:E
1180,3888,8371495768882171070721341256290590084868727/2054654646894675689711338335451391573506,3950979765072857487668288766930038666715761/2054654646894675689711338335451391573506,P1/P2,false,pair:P1:P2:SE
1181,3894,1764034169449491524564607018878397157576087/431591337646688232591986684139297421762,829820837629841269164560298283669333021265/431591337646688232591986684139297421762,P0/P2,false,pair:P0:P2:SW
1182,3896,10771148739163070684063709998870631725193057/2633244382375395773299188646542309836750,5063376546851795789466884924339443206839799/2633244382375395773299188646542309836750,P1/P2,false,pair:P1:P2:E
1183,3898,21046967770513858198620400816543361522093111/5148244300326571732899141726246362510978,9911560426215516956187422213403626473085617/5148244300326571732899141726246362510978,P1/P2,false,pair:P1:P2:E
1184,3900,16263827588971188342740427900872594006110531/3973875340504932815439506542190910620458,7645319870760142450776981534575302454804933/3973875340504932815439506542190910620458,P0/P2,false,pair:P0:P2:W
1185,3902,15576066992188680601605338889417032406708821/3807613342197034690758823830597761727270,2445020540059301770097579865628891838834593/1269204447399011563586274610199253909090,P0/P2,false,pair:P0:P2:W
1186,3903,4364773155339831632148931468352761827721751/1068330361412622124388855997987010468034,2063540521226825074797529791143215455283665/1068330361412622124388855997987010468034,P1/P2,false,pair:P1:P2:SE
1187,3909,4370217673210566647564345462071670119105047/1068330361412622124388855997987010468034,2066262780162192582505236788002669600975313/1068330361412622124388855997987010468034,P1/P2,false,pair:P1:P2:SE
1188,3911,10561950882807144849929636973537339046669981/2578932769720803128666143434090003819286,4984696538059146974003892462661598548743003/2578932769720803128666143434090003819286,P0/P2,false,pair:P0:P2:NW
1189,3914,1770839816787910293833874511027032521805207/431591337646688232591986684139297421762,832883378932129715335730669750555246924369/431591337646688232591986684139297421762,P0/P2,false,pair:P0:P2:NW
1190,3915,3482574522148420359864963273572106509750525/849604772129728304025712065165518339158,1643374496730729719098006227222195183632891/849604772129728304025712065165518339158,P1/P2,false,pair:P1:P2:E
1191,3919,16329161803420008527725395825499493502710083/3973875340504932815439506542190910620458,7675264719049185035561758500029298057413061/3973875340504932815439506542190910620458,P0/P2,false,pair:P0:P2:N
1192,3923,4391856007511156513108390889349832774034311/1068611592218467250207347921805496739042,2071908777881244090414902313812466490066657/1068611592218467250207347921805496739042,P0/P2,false,pair:P0:P2:SE
1193,3927,21560137903987769679907384043731332510084649/5235071244586911531127658959241990499006,10143056775304760839031876737325503851494383/5235071244586911531127658959241990499006,P0/P1,false,pair:P0:P1:E
1194,3928,3046093461778255925011227323190898531354623/738142963194079924736689311557658779506,4279369629853809963945998483594881694458619/2214428889582239774210067934672976338518,P1/P2,false,pair:P1:P2:E
1195,3930,16380884723191991174171828765829122270851395/3973875340504932815439506542190910620458,7697042790532125097223414474904931222946245/3973875340504932815439506542190910620458,P1/P2,false,pair:P1:P2:E
1196,3936,1084977684714758827305598566352732960426339/262323662397454311280410935342915855594,507699131499645693884431427828560709203109/262323662397454311280410935342915855594,P0/P2,false,pair:P0:P2:NW
1197,3941,14351720498454296247365550195153254339372659/3485225535234745060440223490645349221322,2272457018982285831402147550742052654941959/1161741845078248353480074496881783073774,P0/P1,false,pair:P0:P1:N
1198,3943,13028408688679027781367743347871685884739479/3157201231512470824174728848554831771074,6156522090389566969822671340551855320485969/3157201231512470824174728848554831771074,P0/P1,false,pair:P0:P1:N
1199,3946,3119756239073929891683887252051793493886347/755160588751167939229397756142253540122,490455434744490911395627852383854610214079/251720196250389313076465918714084513374,P0/P2,false,pair:P0:P2:S
1200,3948,3976547074637470450701118222847554022117099/961361159498957563220151066861065516634,5614408343478214903672397116660655324651927/2884083478496872689660453200583196549902,P0/P1,false,pair:P0:P1:N
1201,3950,185384969483186587456101942173140787517791/44892630967701227193511260289926054578,87640655105836812539107301637640887022409/44892630967701227193511260289926054578,P0/P1,false,pair:P0:P1:NE
1202,3953,400693578430526004746250509233386071355173/96692253595112071713274601200998233734,188067220577562816105296357646996939415955/96692253595112071713274601200998233734,P0/P1,false,pair:P0:P1:NE
1203,3955,4548038118278751880504249794748637370833241/1096048629351608698342362451850136018782,2129825509939615667667672305543592900241727/1096048629351608698342362451850136018782,P0/P2,false,pair:P0:P2:W
1204,3957,46669212827139506674163919447341911636146299/11257113476366185996096550724512728564794,7315107963958944715034132533703132371726831/3752371158788728665365516908170909521598,P0/P1,false,pair:P0:P1:N
1205,3962,15574552668615618942772686461510331516659753/3752371158788728665365516908170909521598,21967101963359774206764053575985030280713677/11257113476366185996096550724512728564794,P0/P1,false,pair:P0:P1:N
1206,3965,4561649412955589419042784779045908099291481/1096048629351608698342362451850136018782,2135270027810350683083086299262501191625023/1096048629351608698342362451850136018782,P0/P2,false,pair:P0:P2:W
1207,3967,1794624648176788437246908096647888668956147/431661645348149514046609665093918989514,280877265450485194889333243028360930125959/143887215116049838015536555031306329838,P0/P1,false,pair:P0:P1:NE
1208,3972,17418786462450162799769008332869799407347165/4186514998934656653218048761964766007446,2729078615227416560792218739033334686932489/1395504999644885551072682920654922002482,P0/P1,false,pair:P0:P1:SE
1209,3974,14180057303721217465234175386950465366645607/3409266569648000055684410270367598109474,20028945011869586756272106592658322493918211/10227799708944000167053230811102794328422,P1/P2,false,pair:P1:P2:S
1210,3977,664380965709596445547368049788313253274007/159827927795195869034547338596044067266,313616824238869214902538016933257013501521/159827927795195869034547338596044067266,P0/P1,false,pair:P0:P1:S
1211,3984,14283243826871434960398482811574002835783373/3428711685459412728299598899230757447094,2248074750822947226049564891726981652869433/1142903895153137576099866299743585815698,P0/P2,false,pair:P0:P2:E
1212,3989,12054865134939316706657876524077552768167105/2884083478496872689660453200583196549902,269945405818360240848882716849987535165947/137337308499851080460021580980152216662,P1/P2,false,pair:P1:P2:E
1213,3993,57807051563711702054858891292111482401907/13813179085016010244753514457285461962,189896238299762860346411996161942693552531/96692253595112071713274601200998233734,P1/P2,false,pair:P1:P2:SE
1214,3997,10802591324222468889826485100404089919172989/2579495231332493380303127281726976361302,5080378560493642728762140416924270843366779/2579495231332493380303127281726976361302,P0/P1,false,pair:P0:P1:S
1215,4000,15149412955027723784904438135650937110714307/3608808998754679209346447195136910597674,7100203280044855410485297306034603000911685/3608808998754679209346447195136910597674,P1/P2,false,pair:P1:P2:NW
1216,4004,10889962876893094585239142505168920398961941/2602931287890388307211296004961273622950,5152752565359010924081515091673106092588579/2602931287890388307211296004961273622950,P1/P2,false,pair:P1:P2:N
1217,4007,4036436771215555620270672153755545227333355/961361159498957563220151066861065516634,5690631593668505119488193028725371404018071/2884083478496872689660453200583196549902,P1/P2,false,pair:P1:P2:E
1218,4008,12602807272125037094682037886897037582694437/3004103458395953054301363090478866904198,5936801736899549772824780517787695212212371/3004103458395953054301363090478866904198,P0/P2,false,pair:P0:P2:W
1219,4012,17102236334770680566899941703103916976609913/4066495019035576288577138872069095653150,8030900247318332783394399624399667060427551/4066495019035576288577138872069095653150,P1/P2,false,pair:P1:P2:SW
1220,4014,10704429071089430466840674256633140630631791/2546417438115055975070671413546681848722,5033327358979747476992748168017172609612985/2546417438115055975070671413546681848722,P1/P2,false,pair:P1:P2:SW
1221,4015,7528237625999739519402056308398994793855189/1791132497814464238601434055501687264806,10641776460179214151936298182178130109334825/5373397493443392715804302166505061794418,P0/P2,false,pair:P0:P2:NW
1222,4018,19532223119379802536519224715030573869050003/4644201019215553732448740438896951062922,3067440946650706598074891812702715545584807/1548067006405184577482913479632317020974,P1/P2,false,pair:P1:P2:SW
1223,4020,9623036465717214156845871827829514253951541/2285821362912733419205182925840050030950,4526384478400058249075942701007078582778883/2285821362912733419205182925840050030950,P1/P2,false,pair:P1:P2:SW
1224,4021,7773560590239165364485559592604094150324213/1837777079291378818298778393853862226406,3613920850740988055940169906551543838861379/1837777079291378818298778393853862226406,P0/P2,false,pair:P0:P2:NW
1225,4022,20567868098488724595132919430815738344499511/4887266510624833393567261014766321306754,9689400070522131267349101677756685516125617/4887266510624833393567261014766321306754,P0/P1,false,pair:P0:P1:N
1226,4030,20141995173035645977563336241511129284583411/4775135377859253445349031891761915275466,9499307416393707343185703829335470453628821/4775135377859253445349031891761915275466,P1/P2,false,pair:P1:P2:S
1227,4037,35814340264540882061088977282254208287047645/8450689536442011081946588679469639728278,987793137195559037650059503945026919291243/497099384496588887173328745851155278134,P0/P2,false,pair:P0:P2:W
1228,4039,13369661165545985186556316071679993794090389/3162658420884780498304419630039478700198,6312597735892478787604827640888154318025123/3162658420884780498304419630039478700198,P0/P2,false,pair:P0:P2:W
1229,4040,100761980016891472015985300950531734353167481/23805084983525433857522514747659164044062,47435074982961907538290947535805968865890591/23805084983525433857522514747659164044062,P1/P2,false,pair:P1:P2:SE
1230,4044,123477145091590501310195416667166646078487239/29098214673679624251659967537267055970914,57906312583774456887949161848802808784694689/29098214673679624251659967537267055970914,P0/P1,false,pair:P0:P1:W
1231,4047,114738891962681010583590373337235102402912503/27013446072061043804736059635614001428738,17935737798723687647097135387656930079651835/9004482024020347934912019878538000476246,P1/P2,false,pair:P1:P2:SW
1232,4048,36998911301423554231392983781855811819827117/8735629138551407244124499808869074469366,17476632688103419683075429882076637525159883/8735629138551407244124499808869074469366,P0/P1,false,pair:P0:P1:NW
1233,4050,6563371379210372661188743510959638106388529/1548067006405184577482913479632317020974,9278546090142410010040471350172862716120565/4644201019215553732448740438896951062922,P0/P1,false,pair:P0:P1:NW
1234,4053,32484951435105425227521061720109713586229451/7604624699906053388442758871246808793242,15056091813779379478602441446707057195423997/7604624699906053388442758871246808793242,P0/P2,false,pair:P0:P2:SW
1235,4056,21108977987904415710171857227626907267217069/4969493856866944816196893739697138263030,49680627220110065066574729152602676628558839/24847469284334724080984468698485691315150,P0/P1,false,pair:P0:P1:NW
1236,4058,15670860667087212281476317710808713026105953/3680060707816708958514241842838794912206,66042826763875035609423238210377250144510639/33120546370350380626628176585549154209854,P0/P2,false,pair:P0:P2:S
1237,4061,247736683383017153913989700933470902070356319/58189651494478079775253665791927521419954,116231331135344574426511585121965674890355529/58189651494478079775253665791927521419954,P0/P1,false,pair:P0:P1:NW
1238,4068,37876592408016337252177569177197939483847707/8889927304390471105183097428594366605050,124803955769681940528280127359009696278571067/62229491130733297736281682000160566235350,P0/P1,false,pair:P0:P1:NE
1239,4076,89311160780894713100360126272217114192198789/20906345773771706982843942685678848647622,42007161458125891506392693613076993644064051/20906345773771706982843942685678848647622,P1/P2,false,pair:P1:P2:SE
1240,4078,58009864404033468602087753231184354086636795/13582027431213447277515076226108897305402,27339460368369829430262464736359003914718541/13582027431213447277515076226108897305402,P0/P2,false,pair:P0:P2:SW
1241,4081,282971171758870368849729387044812914014175259/66269330766988515697309698208393611050746,133594361118848707246665229344810049322118445/66269330766988515697309698208393611050746,P1/P2,false,pair:P1:P2:NE
1242,4086,707815794982092444610793699317235807545758625/165357990323595710520659387369128789947214,333099711610172822827249192421299767857239991/165357990323595710520659387369128789947214,P0/P2,false,pair:P0:P2:N
1243,4087,886960790259472432291393695258685231902952619/207170681871139124486347272740486487242458,417375371384219886579974451345961353131766301/207170681871139124486347272740486487242458,P0/P1,false,pair:P0:P1:SW
1244,4090,386528358745903113399167623294775923925313793/90424781120419639663106028252774912593550,60880723394225717148110845274124305641163037/30141593706806546554368676084258304197850,P0/P1,false,pair:P0:P1:S
1245,4093,1207819000616578285264397543958309310117373535/281737293312551870071166718952983832787122,567565956457292457353144712353789368867003977/281737293312551870071166718952983832787122,P0/P2,false,pair:P0:P2:N
1246,4096,36145419646490720557469852194983378136700083/8626764996161409566913981515159597640522,18010601761216794562413505702380548200877269/8626764996161409566913981515159597640522,P0/P2,false,pair:P0:P2:NW
1247,4097,1700264857473224467119341400474732374769963403/396948197974153791145298793553850522282778,267532113074822542671203848908740484068788415/132316065991384597048432931184616840760926,P0/P1,false,pair:P0:P1:SE
1248,4098,1627974018180243026004401696084765618496563237/379694667981830972011470830523531327001734,766575135702034038888784535321460355804610707/379694667981830972011470830523531327001734,P0/P2,false,pair:P0:P2:NW
1249,4100,2569789423722768584051465995212247299303455301/598723660117578972635208118448718537482822,1207159571408343936942570828144308522246416755/598723660117578972635208118448718537482822,P0/P1,false,pair:P0:P1:S
1250,4103,1421298014988767845842124771370731233122817425/331196588289765415117005431499986176067182,668572470696119718086950519144751354781810759/331196588289765415117005431499986176067182,P0/P2,false,pair:P0:P2:W
1251,4104,303602905381305714102925315895283150651969841/70469232272088377191183626962446772427054,141534575121230075070190131525200110265533351/70469232272088377191183626962446772427054,P1/P2,false,pair:P1:P2:NW
1252,4107,4124962536443284103299385373939614391866515017/960422784599257531287632231459818187857022,1941561192720049993572352423011911627074213583/960422784599257531287632231459818187857022,P0/P1,false,pair:P0:P1:SW
1253,4113,1738103251881014100032732358716682472063017363/404123126604423766768564704004377886429066,818636858545041435138993876663908938220580085/404123126604423766768564704004377886429066,P0/P1,false,pair:P0:P1:SW
1254,4116,1969552595834697975577345275381883610970134499/457785195573402218252840864523824992628714,927226463459427155681469025475999477552128549/457785195573402218252840864523824992628714,P0/P1,false,pair:P0:P1:W
1255,4122,333270585348028334141534692534933933514466749/77306358927435648705071800890271138643670,52435162525460704638136029247698484443454057/25768786309145216235023933630090379547890,P1/P2,false,pair:P1:P2:SE
1256,4125,1625049024884311208685679471040620065558493661/375644069211716368650004225469758353942678,761017699129798549848992949150088672788473371/375644069211716368650004225469758353942678,P0/P2,false,pair:P0:P2:S
1257,4127,13499394568596911493427970057006782807690535/3119550859937301906685551022175945816994,65346960304939200327496826420622158195209205/32235358886018786369084027229151440108938,P0/P1,false,pair:P0:P1:W
1258,4130,2113677114135428750721893879666312000157056833/490420670925868194155780626537568297281038,1002011800615649909854839384936259842008804119/490420670925868194155780626537568297281038,P1/P2,false,pair:P1:P2:SW
1259,4133,4139158893127867954057244888124282750326653973/956806013072507156969683068971496210912166,1948170848561882086805524764957810374667484963/956806013072507156969683068971496210912166,P0/P2,false,pair:P0:P2:SW
1260,4134,3492239646148891800411536314673764969278979475/806560660384475838520039197351984934623114,546951058350121424532853554710866672243893671/268853553461491946173346399117328311541038,P1/P2,false,pair:P1:P2:NW
1261,4140,4146127876002408773788974800084485363297272853/956806013072507156969683068971496210912166,1951655339999152496671389720937911681152794403/956806013072507156969683068971496210912166,P0/P2,false,pair:P0:P2:SW
1262,4143,2598891621686241162427335697563917522938533299/600021500675968547238010247044286436407626,1225253666405926658354065692509960125809664981/600021500675968547238010247044286436407626,P1/P2,false,pair:P1:P2:W
1263,4145,95861934046921691267140288938937967804209099/22093900637887965853917641557553500201626,405297960489540707345864163053831024415738341/198845105740991692685258774017981501814634,P0/P2,false,pair:P0:P2:SW
1264,4150,4168518679409164226622697323690880722932883017/960422784599257531287632231459818187857022,1962816590487399493754128654490529596634601167/960422784599257531287632231459818187857022,P0/P2,false,pair:P0:P2:SW
1265,4153,2895220461126733324680932050652661483704805083/666456706227637394786720455487971284516218,4088551158934437891390057935535851753705130311/1999370118682912184360161366463913853548654,P1/P2,false,pair:P1:P2:NW
1266,4159,96210383190648732253726784536948098452740043/22093900637887965853917641557553500201626,406865981636312391785503393244876612334127589/198845105740991692685258774017981501814634,P0/P1,false,pair:P0:P1:NE
1267,4167,3307741864064718535059874790034217727316373339/757139274533661931761131097381973730505850,4656808919456203886348401099853875889521537991/2271417823600985795283393292145921191517550,P0/P2,false,pair:P0:P2:S
1268,4170,3003581408007946183425961373458963267757892747/687230675046037112786908197348527137830170,1408640710265124757959351944327998276147679037/687230675046037112786908197348527137830170,P0/P2,false,pair:P0:P2:S
1269,4172,1495733462894123774745276367049216772495061089/341971913179772341647057824337649078707662,700539749295345131586412500967654532857863415/341971913179772341647057824337649078707662,P0/P1,false,pair:P0:P1:NE
1270,4174,20830726683683625427613206446953028144570355/4775135377859253445349031891761915275466,9831423006508543283525957446188876228009877/4775135377859253445349031891761915275466,P1/P2,false,pair:P1:P2:S
1271,4176,11340258533993375317902608799505736721105139789/2593609158137550678090376010314875605764790,5332139684821634757500205982055821746610429483/2593609158137550678090376010314875605764790,P0/P1,false,pair:P0:P1:E
1272,4182,11354196499742456957366068623426141947046377549/2593609158137550678090376010314875605764790,5337714871121267413285589911623983836986924587/2593609158137550678090376010314875605764790,P0/P1,false,pair:P0:P1:E
1273,4184,1817894229695127895991311660324423704573679005/416027326753159815686717638508132381887766,2576272336699197939316493913979958066287050001/1248081980259479447060152915524397145663298,P0/P1,false,pair:P0:P1:E
1274,4185,10450528429953917047212729662434468022421221829/2388905765283365121173036886897086818265926,4926651721216020517457403185863881568478954995/2388905765283365121173036886897086818265926,P0/P2,false,pair:P0:P2:SE
1275,4189,23000389865862920584289333894876365585803799655/5249755561828658858012004559661222975131938,10819889768906288082993656452890817516605836033/5249755561828658858012004559661222975131938,P1/P2,false,pair:P1:P2:W
1276,4194,21416433264270827308907130884846712198816494451/4885069725802324015293342717945881109592522,10104284732962763347124618696880527107747282965/4885069725802324015293342717945881109592522,P0/P2,false,pair:P0:P2:E
1277,4198,577860212278820049244782571580695993253679345/131587717754121364141369937055376755733934,7886616482010342264634192612865268171022299947/3816043814869519560099728174605925916284086,P0/P1,false,pair:P0:P1:SE
1278,4201,12068404066186389675326810592693054505678824925/2747724912902989879428640906194432439062678,5687632490071361516664633352377046983568300571/2747724912902989879428640906194432439062678,P1/P2,false,pair:P1:P2:NE
1279,4205,8271571261996841128186731268717350708378950537/1880040133344473458627030366460456056755710,3889789811946994310463152793140222555380098959/1880040133344473458627030366460456056755710,P1/P2,false,pair:P1:P2:N
1280,4210,9335163732687744066801437851764891367454582245/2119528517027812905149465677840212616385798,4401014225293148252966380128643192771210362067/2119528517027812905149465677840212616385798,P0/P1,false,pair:P0:P1:E
1281,4216,25289533996404662399354669433825297814477852807/5727075503182413760944528559675054162303714,11913207623886409491219317254370006145048449505/5727075503182413760944528559675054162303714,P0/P1,false,pair:P0:P1:S
1282,4219,28094742171000242476093218531891584897772804601/6344520078873938160690517359735710287837214,13158219911038914954468538361061751294123827103/6344520078873938160690517359735710287837214,P0/P1,false,pair:P0:P1:S
1283,4220,19519933397426634851006421394814683210139331129/4415745345520102531817550008505626129775518,27555994666168876569852687370453327722216271901/13247236036560307595452650025516878389326554,P0/P2,false,pair:P0:P2:N
1284,4221,21552633871545461110505201097750974005893264937/4885776734768598789815869992874342825679550,3400340533390353620880286844787278040763066021/1628592244922866263271956664291447608559850,P0/P1,false,pair:P0:P1:SW
1285,4228,27066643943777322249495844906247293620164731211/6105122916843360727898693631903386930571162,12716763949103364877579190762191216523278857341/6105122916843360727898693631903386930571162,P1/P2,false,pair:P1:P2:E
1286,4231,112522811998087131544984803012013711963519961437/25384501017654774207213867919267460617388438,52927020582846513968057137702143811208318118555/25384501017654774207213867919267460617388438,P0/P1,false,pair:P0:P1:SE
1287,4235,43429740078173903666370723394780191230983375577/9765132767378176015179941505424066185319518,495331926059464467887135567689773108934375847/238173969936053073540974183059123565495598,P1/P2,false,pair:P1:P2:N
1288,4238,57014665296594667335788442878512856933756810509/12840416520282410557120080724072997205081398,26792838194945601938642169038451334265829114731/12840416520282410557120080724072997205081398,P1/P2,false,pair:P1:P2:N
1289,4242,77242300598216084520624255200833392123376253795/17369638304296390590790498702478988720201962,36265044497970110133122503977166974310264484517/17369638304296390590790498702478988720201962,P0/P2,false,pair:P0:P2:NE
1290,4251,77465308050201390752039612383559875738436057955/17369638304296390590790498702478988720201962,5196649746280394749832883224075745159684912371/2481376900613770084398642671782712674314566,P0/P2,false,pair:P0:P2:SE
1291,4254,58701734543311915769974613255336201784274224839/13174255183968052751416480655460686756246114,27649597901029498574889506205669916692302266785/13174255183968052751416480655460686756246114,P1/P2,false,pair:P1:P2:E
1292,4255,16827003635734200443815246853143566892589688929/3781972952254450489779244767261014174840270,7959929314889238665389177752383295984488277239/3781972952254450489779244767261014174840270,P0/P1,false,pair:P0:P1:SE
1293,4262,46952672631544270970050906300861100318582752053/10518034428495113721261772528162143720494950,22131267090994147852403267169758251546323874563/10518034428495113721261772528162143720494950,P0/P2,false,pair:P0:P2:NW
1294,4266,214345974490067677214582981007180700829337714061/47913531792560833932997478060418664196650038,100759506272131515042814442835092722711986726635/47913531792560833932997478060418664196650038,P0/P1,false,pair:P0:P1:NW
1295,4270,18944124158504520289659086760035016900685587865/4232889761103933126644124449527457722346206,8925054221972471400960813155320024528625160959/4232889761103933126644124449527457722346206,P0/P2,false,pair:P0:P2:S
1296,4272,15693006261129454403510956997634723172667698071/3482378125116295309379072671507313546976706,21800733257623708931175952851646466175317789939/10447134375348885928137218014521940640930118,P0/P2,false,pair:P0:P2:S
1297,4274,84478722195262902684816290130435460224080788735/18809706043899523910688882312467075652420978,39509252763520840718760933131003415142572166825/18809706043899523910688882312467075652420978,P0/P1,false,pair:P0:P1:N
1298,4276,7418566815431384792279181721032816521024000603/1640488392359301791905347161537786508222074,3413653378572399501291764407858693344455401709/1640488392359301791905347161537786508222074,P0/P2,false,pair:P0:P2:SE
1299,4283,272132686286907188951552187215521946445004086675/60534134802687724429607677343958987420096394,127924409004814990347668155423107540441918099701/60534134802687724429607677343958987420096394,P0/P1,false,pair:P0:P1:NE
