token_index,batch,time_a,time_b,pair,mixed_with_wall,events
1,2,3,3/2,P1/P2,false,pair:P1:P2:SE
2,6,8,4,P1/P2,false,pair:P1:P2:SE
3,7,17/2,4,P0/P2,false,pair:P0:P2:N
4,9,19/2,9/2,P1/P2,false,pair:P1:P2:SE
5,13,29/2,7,P1/P2,false,pair:P1:P2:SE
6,17,39/2,19/2,P1/P2,false,pair:P1:P2:SE
7,18,41/2,10,P0/P1,true,pair:P0:P1:SE|wall:P2:E
8,20,45/2,21/2,P1/P2,false,pair:P1:P2:E
9,22,47/2,67/6,P0/P1,false,pair:P0:P1:SE
10,24,51/2,25/2,P1/P2,false,pair:P1:P2:E
11,27,287/10,137/10,P0/P1,false,pair:P0:P1:SE
12,29,421/14,195/14,P1/P2,false,pair:P1:P2:E
13,32,185/6,29/2,P1/P2,false,pair:P1:P2:E
14,34,65/2,15,P0/P1,false,pair:P0:P1:E
15,36,493/14,219/14,P0/P2,false,pair:P0:P2:E
16,42,573/14,251/14,P0/P2,false,pair:P0:P2:E
17,44,87/2,37/2,P0/P2,false,pair:P0:P2:SE
18,45,427/10,201/10,P0/P1,false,pair:P0:P1:N
19,47,87/2,201/10,P0/P2,false,pair:P0:P2:SE
20,50,653/14,283/14,P0/P2,false,pair:P0:P2:E
21,55,729/14,339/14,P1/P2,false,pair:P1:P2:S
22,59,563/10,249/10,P0/P2,false,pair:P0:P2:N
23,63,2015/34,885/34,P0/P2,false,pair:P0:P2:NE
24,64,603/10,1341/50,P1/P2,false,pair:P1:P2:S
25,70,3049/46,1427/46,P1/P2,false,pair:P1:P2:E
26,76,443/6,203/6,P1/P2,false,pair:P1:P2:SE
27,80,1693/22,775/22,P0/P2,false,pair:P0:P2:SW
28,82,2393/30,361/10,P0/P1,false,pair:P0:P1:W
29,89,861/10,401/10,P0/P2,false,pair:P0:P2:SW
30,93,177/2,85/2,P0/P1,false,pair:P0:P1:N
31,94,547/6,749/18,P1/P2,false,pair:P1:P2:SW
32,99,199/2,611/14,P1/P2,false,pair:P1:P2:W
33,102,1011/10,1451/30,P0/P2,false,pair:P0:P2:NW
34,108,12137/110,5619/110,P0/P1,false,pair:P0:P1:N
35,110,1991/18,4609/90,P0/P1,false,pair:P0:P1:N
36,111,8897/78,101/2,P1/P2,false,pair:P1:P2:N
37,113,445/4,107/2,P1/P2,false,pair:P1:P2:NE
38,117,14061/118,6471/118,P0/P2,false,pair:P0:P2:SE
39,121,16965/134,7855/134,P0/P2,false,pair:P0:P2:SE
40,124,9459/74,4441/74,P0/P1,false,pair:P0:P1:W
41,126,773/6,1819/30,P0/P2,false,pair:P0:P2:S
42,127,7675/58,3473/58,P1/P2,false,pair:P1:P2:E
43,130,3499/26,4739/78,P1/P2,false,pair:P1:P2:E
44,135,9239/66,1415/22,P0/P2,false,pair:P0:P2:E
45,136,5875/42,1165/18,P0/P1,false,pair:P0:P1:SW
46,139,17753/126,899/14,P0/P1,false,pair:P0:P1:SW
47,144,9049/62,4219/62,P1/P2,false,pair:P1:P2:SE
48,147,7471/50,697/10,P0/P2,false,pair:P0:P2:W
49,150,10869/70,4751/70,P0/P2,false,pair:P0:P2:N
50,154,13453/86,6263/86,P0/P1,false,pair:P0:P1:NE
51,158,20441/126,1357/18,P0/P2,false,pair:P0:P2:SE
52,160,15385/94,7179/94,P0/P1,false,pair:P0:P1:NE
53,165,4315/26,2177/26,P0/P2,false,pair:P0:P2:NE
54,168,16345/94,7659/94,P1/P2,false,pair:P1:P2:SW
55,169,10299/58,4657/58,P0/P2,false,pair:P0:P2:E
56,173,1075/6,1493/18,P0/P1,false,pair:P0:P1:NE
57,174,1781/10,503/6,P0/P2,false,pair:P0:P2:S
58,177,10471/58,4929/58,P0/P1,false,pair:P0:P1:NE
59,180,4741/26,2265/26,P0/P2,false,pair:P0:P2:S
60,182,32995/178,15501/178,P0/P1,false,pair:P0:P1:SE
61,184,10313/54,4663/54,P0/P2,false,pair:P0:P2:SW
62,190,34915/178,16461/178,P1/P2,false,pair:P1:P2:NW
63,194,22943/114,10877/114,P0/P2,false,pair:P0:P2:NW
64,198,2043/10,4989/50,P0/P1,false,pair:P0:P1:N
65,202,4713/22,2183/22,P0/P2,false,pair:P0:P2:N
66,203,14957/70,1395/14,P1/P2,false,pair:P1:P2:SW
67,204,2561/12,599/6,P0/P2,false,pair:P0:P2:N
68,208,4811/22,6773/66,P0/P2,false,pair:P0:P2:W
69,210,13581/62,6475/62,P0/P1,false,pair:P0:P1:NW
70,213,6773/30,3107/30,P1/P2,false,pair:P1:P2:S
71,216,6889/30,3187/30,P0/P1,false,pair:P0:P1:SW
72,218,9595/42,4549/42,P0/P2,false,pair:P0:P2:E
73,226,18529/78,2909/26,P0/P1,false,pair:P0:P1:SE
74,229,29291/122,13821/122,P0/P2,false,pair:P0:P2:S
75,232,28845/118,13507/118,P1/P2,false,pair:P1:P2:NW
76,234,1505/6,223/2,P0/P1,false,pair:P0:P1:SE
77,236,10307/42,1615/14,P0/P1,false,pair:P0:P1:SE
78,237,31951/130,14973/130,P0/P2,false,pair:P0:P2:W
79,238,5411/22,1266/11,P0/P1,false,pair:P0:P1:SE
80,242,61229/246,28723/246,P0/P1,false,pair:P0:P1:E
81,243,22499/90,6271/54,P0/P2,false,pair:P0:P2:W
82,244,1567/6,329/3,P0/P1,false,pair:P0:P1:E
83,246,30851/122,14145/122,P0/P1,false,pair:P0:P1:NE
84,251,71925/278,33031/278,P1/P2,false,pair:P1:P2:S
85,254,43439/162,19525/162,P0/P2,false,pair:P0:P2:NW
86,258,25233/94,11611/94,P0/P2,false,pair:P0:P2:NW
87,262,23409/86,10961/86,P0/P2,false,pair:P0:P2:SW
88,266,16059/58,7461/58,P0/P1,false,pair:P0:P1:NW
89,269,146747/522,7521/58,P1/P2,false,pair:P1:P2:E
90,272,76537/270,35507/270,P0/P1,false,pair:P0:P1:S
91,273,165533/582,76639/582,P0/P2,false,pair:P0:P2:E
92,277,234731/810,108569/810,P0/P1,false,pair:P0:P1:S
93,280,133909/470,64807/470,P0/P1,false,pair:P0:P1:S
94,281,35395/122,116391/854,P0/P2,false,pair:P0:P2:N
95,284,41657/142,58009/426,P0/P2,false,pair:P0:P2:N
96,285,168481/574,78667/574,P0/P1,false,pair:P0:P1:W
97,288,252885/854,118439/854,P0/P2,false,pair:P0:P2:N
98,291,154815/514,71765/514,P1/P2,false,pair:P1:P2:E
99,293,258005/854,120487/854,P0/P2,false,pair:P0:P2:N
100,295,145809/478,68923/478,P0/P1,false,pair:P0:P1:NW
101,298,53483/170,23417/170,P0/P1,false,pair:P0:P1:NW
102,300,572645/1846,263383/1846,P1/P2,false,pair:P1:P2:W
103,301,321919/1026,48167/342,P0/P1,false,pair:P0:P1:SW
104,303,47155/154,6169/42,P0/P1,false,pair:P0:P1:SW
105,307,620457/1966,286403/1966,P0/P1,false,pair:P0:P1:S
106,309,532413/1670,245087/1670,P0/P2,false,pair:P0:P2:SW
107,312,100963/314,231173/1570,P1/P2,false,pair:P1:P2:NW
108,316,87847/274,41541/274,P0/P2,false,pair:P0:P2:S
109,318,22717/70,2115/14,P0/P2,false,pair:P0:P2:S
110,321,24195/74,33311/222,P1/P2,false,pair:P1:P2:W
111,325,523247/1570,47873/314,P1/P2,false,pair:P1:P2:NW
112,327,976257/2942,453611/2942,P0/P2,false,pair:P0:P2:SW
113,334,226165/662,104231/662,P1/P2,false,pair:P1:P2:NE
114,341,16265/46,22361/138,P0/P1,false,pair:P0:P1:NE
115,348,1004037/2806,466615/2806,P1/P2,false,pair:P1:P2:S
116,351,369407/1026,19277/114,P0/P1,false,pair:P0:P1:SW
117,355,1706989/4646,788591/4646,P0/P1,false,pair:P0:P1:SW
118,358,9575/26,4519/26,P0/P2,false,pair:P0:P2:SE
119,363,290699/778,136385/778,P1/P2,false,pair:P1:P2:E
120,368,344133/886,152759/886,P1/P2,false,pair:P1:P2:NE
121,370,426379/1130,203801/1130,P1/P2,false,pair:P1:P2:NE
122,372,1212119/3154,565757/3154,P0/P2,false,pair:P0:P2:W
123,375,1854117/4790,852951/4790,P0/P2,false,pair:P0:P2:W
124,378,62639/162,559391/3078,P1/P2,false,pair:P1:P2:NW
125,385,1237851/3146,580841/3146,P1/P2,false,pair:P1:P2:SW
126,389,1770199/4434,825661/4434,P0/P1,false,pair:P0:P1:N
127,391,3034291/7578,158569/842,P1/P2,false,pair:P1:P2:SW
128,395,3129711/7714,210003/1102,P1/P2,false,pair:P1:P2:SW
129,399,177547/426,26403/142,P1/P2,false,pair:P1:P2:W
130,402,1919981/4646,888943/4646,P0/P2,false,pair:P0:P2:NE
131,405,1038737/2526,1468081/7578,P1/P2,false,pair:P1:P2:NW
132,411,171189/406,52809/266,P0/P1,false,pair:P0:P1:SW
133,413,678429/1606,322719/1606,P0/P2,false,pair:P0:P2:E
134,418,3519387/8138,125965/626,P1/P2,false,pair:P1:P2:E
135,419,2083493/4790,192299/958,P0/P2,false,pair:P0:P2:S
136,421,335755/778,158145/778,P0/P2,false,pair:P0:P2:S
137,424,63351/146,328863/1606,P0/P1,false,pair:P0:P1:W
138,428,3593115/8138,1662121/8138,P0/P2,false,pair:P0:P2:W
139,432,4695775/10562,2196373/10562,P1/P2,false,pair:P1:P2:NW
140,434,715293/1606,335007/1606,P1/P2,false,pair:P1:P2:W
141,437,6366167/14162,2975293/14162,P0/P2,false,pair:P0:P2:SW
142,438,1724669/3846,814559/3846,P1/P2,false,pair:P1:P2:N
143,444,8834999/19346,4148189/19346,P0/P2,false,pair:P0:P2:SW
144,446,33732917/73366,15786567/73366,P1/P2,false,pair:P1:P2:W
145,449,3631651/7866,569131/2622,P1/P2,false,pair:P1:P2:SW
146,452,7569089/16254,3559243/16254,P0/P1,false,pair:P0:P1:NE
147,455,15913991/33522,7247693/33522,P0/P2,false,pair:P0:P2:SE
148,458,1001051/2122,468585/2122,P0/P2,false,pair:P0:P2:SE
149,463,5474601/11438,2537539/11438,P1/P2,false,pair:P1:P2:W
150,464,39056855/81746,2635163/11678,P0/P2,false,pair:P0:P2:S
151,469,58238389/120214,27283399/120214,P1/P2,false,pair:P1:P2:S
152,475,9625895/19634,4552877/19634,P0/P2,false,pair:P0:P2:S
153,478,59614645/120214,27873223/120214,P0/P1,false,pair:P0:P1:S
154,483,35254391/70162,16385565/70162,P0/P1,false,pair:P0:P1:SW
155,485,13564123/26954,6314857/26954,P1/P2,false,pair:P1:P2:SE
156,488,16007321/31694,7482771/31694,P1/P2,false,pair:P1:P2:S
157,492,58881937/116190,1845013/7746,P1/P2,false,pair:P1:P2:S
158,494,33225875/64986,5140251/21662,P0/P1,false,pair:P0:P1:NW
159,498,66843561/130478,31225155/130478,P0/P2,false,pair:P0:P2:S
160,505,85193003/162986,39785433/162986,P0/P1,false,pair:P0:P1:NE
161,507,14186715/26954,6593385/26954,P0/P2,false,pair:P0:P2:NE
162,511,93432477/177094,43791807/177094,P0/P2,false,pair:P0:P2:E
163,512,62899639/118674,29538781/118674,P1/P2,false,pair:P1:P2:SE
164,515,21027387/39562,9842569/39562,P1/P2,false,pair:P1:P2:SE
165,518,68836655/129186,32424965/129186,P1/P2,false,pair:P1:P2:SE
166,519,10927829/20310,1690893/6770,P0/P2,false,pair:P0:P2:S
167,523,137428831/255042,64658453/255042,P0/P1,false,pair:P0:P1:W
168,524,105850227/195610,49507057/195610,P0/P2,false,pair:P0:P2:SE
169,528,3697223/6770,1027643/4062,P0/P2,false,pair:P0:P2:S
170,529,129001533/235654,59657119/235654,P0/P1,false,pair:P0:P1:W
171,532,171628875/314474,80858425/314474,P0/P1,false,pair:P0:P1:W
172,536,202396491/366698,94141241/366698,P1/P2,false,pair:P1:P2:S
173,540,31374935/56914,14893245/56914,P1/P2,false,pair:P1:P2:SW
174,542,38299697/68766,5964041/22922,P1/P2,false,pair:P1:P2:SW
175,545,5520491/9770,27929491/107470,P0/P1,false,pair:P0:P1:S
176,550,106455691/186858,7159039/26694,P1/P2,false,pair:P1:P2:N
177,552,167611229/291398,77303295/291398,P1/P2,false,pair:P1:P2:NE
178,555,222783185/384862,103448571/384862,P0/P2,false,pair:P0:P2:SE
179,557,244832381/423942,38141813/141314,P0/P1,false,pair:P0:P1:NW
180,558,266881577/463022,125402307/463022,P0/P2,false,pair:P0:P2:SE
181,561,301406717/521478,4911659/17982,P0/P1,false,pair:P0:P1:W
182,564,884007163/1518858,414675401/1518858,P0/P2,false,pair:P0:P2:SE
183,568,133716115/226778,186116083/680334,P0/P2,false,pair:P0:P2:SE
184,571,175715917/298086,82060879/298086,P0/P1,false,pair:P0:P1:S
185,573,56409529/96654,9027921/32218,P1/P2,false,pair:P1:P2:E
186,577,525982475/887018,10792431/38566,P0/P2,false,pair:P0:P2:SW
187,579,466005167/784802,220067461/784802,P1/P2,false,pair:P1:P2:NE
188,580,288911755/482282,133773305/482282,P0/P2,false,pair:P0:P2:W
189,585,301392935/500402,140939437/500402,P0/P1,false,pair:P0:P1:W
190,589,405015521/664894,187996075/664894,P1/P2,false,pair:P1:P2:SW
191,593,390470589/635270,183665183/635270,P0/P2,false,pair:P0:P2:SW
192,596,72787723/119018,34757753/119018,P0/P2,false,pair:P0:P2:SW
193,598,209237641/337902,32468385/112634,P0/P2,false,pair:P0:P2:S
194,604,127339285/203478,59397863/203478,P1/P2,false,pair:P1:P2:SE
195,606,1261447291/2014730,591572041/2014730,P0/P2,false,pair:P0:P2:S
196,608,41700307/65370,18713873/65370,P0/P2,false,pair:P0:P2:S
197,612,1434764623/2271330,671176037/2271330,P0/P1,false,pair:P0:P1:W
198,617,1284515963/2014730,602057801/2014730,P0/P2,false,pair:P0:P2:N
199,619,574890773/903894,271914727/903894,P0/P1,false,pair:P0:P1:NW
200,621,322208477/500550,148904063/500550,P0/P1,false,pair:P0:P1:NW
201,628,1476707663/2271330,138010081/454266,P0/P1,false,pair:P0:P1:N
202,635,1542092783/2343714,240795159/781238,P0/P2,false,pair:P0:P2:W
203,637,2868675427/4345914,444926315/1448638,P0/P1,false,pair:P0:P1:NE
204,638,4526222381/6889638,710811557/2296546,P0/P2,false,pair:P0:P2:W
205,644,4514811271/6787058,2105872333/6787058,P1/P2,false,pair:P1:P2:S
206,646,1191736061/1794822,561121759/1794822,P1/P2,false,pair:P1:P2:S
207,651,1596780387/2381882,751892545/2381882,P0/P2,false,pair:P0:P2:SE
208,655,3867448699/5727242,1816689481/5727242,P1/P2,false,pair:P1:P2:NW
209,657,2222464985/3274062,1044775763/3274062,P0/P2,false,pair:P0:P2:NE
210,662,1817995085/2648678,844403023/2648678,P1/P2,false,pair:P1:P2:N
211,664,590004573/861766,1935579129/6032362,P1/P2,false,pair:P1:P2:N
212,668,3503537285/5044214,1621871287/5044214,P0/P2,false,pair:P0:P2:N
213,670,12196279237/17615222,5694007927/17615222,P0/P2,false,pair:P0:P2:N
214,675,1659694947/2381882,781252673/2381882,P1/P2,false,pair:P1:P2:NE
215,679,10583383611/15078026,4956248969/15078026,P0/P1,false,pair:P0:P1:S
216,682,4255861131/6032362,1990105081/6032362,P1/P2,false,pair:P1:P2:E
217,688,7510923369/10589230,3521483139/10589230,P0/P2,false,pair:P0:P2:E
218,691,1789978363/2507018,833780681/2507018,P0/P1,false,pair:P0:P1:N
219,693,10767932987/15078026,5040135049/15078026,P0/P1,false,pair:P0:P1:N
220,696,6493926209/9033342,1010402713/3011114,P1/P2,false,pair:P1:P2:SE
221,698,11503033155/16023674,5401682657/16023674,P0/P2,false,pair:P0:P2:N
222,703,10469258779/14467786,4903019049/14467786,P0/P2,false,pair:P0:P2:NE
223,706,4060277511/5559538,1884828749/5559538,P0/P2,false,pair:P0:P2:E
224,709,11670805315/16023674,5477180129/16023674,P0/P2,false,pair:P0:P2:E
225,710,7170196949/9811286,3351843111/9811286,P0/P1,false,pair:P0:P1:NW
226,716,13141005651/17914970,1240055069/3582994,P1/P2,false,pair:P1:P2:E
227,720,4702993819/6337482,2192880809/6337482,P1/P2,false,pair:P1:P2:NE
228,721,1354927049/1824110,630757539/1824110,P0/P2,false,pair:P0:P2:S
229,724,13308777811/17914970,6267384209/17914970,P1/P2,false,pair:P1:P2:E
230,726,1365412809/1824110,634951843/1824110,P0/P2,false,pair:P0:P2:S
231,730,12939242371/17244154,6053402017/17244154,P1/P2,false,pair:P1:P2:E
232,731,5433970879/7184770,2503269173/7184770,P0/P2,false,pair:P0:P2:W
233,735,13493327187/17914970,6351270289/17914970,P0/P1,false,pair:P0:P1:W
234,739,5341401229/7026662,7474662701/21079986,P0/P1,false,pair:P0:P1:S
235,740,25286570235/33205514,11790764489/33205514,P0/P2,false,pair:P0:P2:SW
236,744,28354754335/37041346,13212025173/37041346,P0/P1,false,pair:P0:P1:SE
237,747,14741769877/19162070,6881472871/19162070,P0/P1,false,pair:P0:P1:SE
238,749,1932995125/2509974,85274423/236790,P1/P2,false,pair:P1:P2:S
239,752,8476724557/11009638,3977390927/11009638,P1/P2,false,pair:P1:P2:S
240,756,1949772341/2509974,1517699617/4183290,P1/P2,false,pair:P1:P2:S
241,757,36615000547/47100730,17097702337/47100730,P0/P2,false,pair:P0:P2:NE
242,766,1798162393/2254158,4126726303/11270790,P0/P1,false,pair:P0:P1:SE
243,769,3985459487/5017794,5572916735/15053382,P0/P2,false,pair:P0:P2:N
244,778,12899736387/16023674,6039216865/16023674,P0/P2,false,pair:P0:P2:W
245,782,37554087955/46429914,17521254353/46429914,P1/P2,false,pair:P1:P2:SE
246,785,50369060145/62141086,23492627995/62141086,P0/P1,false,pair:P0:P1:W
247,788,4540525319/5559538,2107126861/5559538,P0/P2,false,pair:P0:P2:W
248,789,55813309693/68386566,8650661877/22795522,P1/P2,false,pair:P1:P2:SE
249,791,17139623953/21069022,8064394683/21069022,P1/P2,false,pair:P1:P2:SE
250,798,19878525943/24191762,1330121531/3455966,P1/P2,false,pair:P1:P2:E
251,800,24764526137/30111886,1671237685/4301698,P0/P2,false,pair:P0:P2:E
252,804,20029520887/24191762,9361182365/24191762,P0/P1,false,pair:P0:P1:W
253,806,54340511/65474,76078975/196422,P0/P2,false,pair:P0:P2:NE
254,807,8164462871/9803986,11370513655/29411958,P0/P1,false,pair:P0:P1:W
255,812,65091596909/77878310,6080735011/15575662,P0/P2,false,pair:P0:P2:N
256,815,22986526685/27314502,10725078911/27314502,P0/P1,false,pair:P0:P1:NW
257,818,24965525901/29717990,11781282319/29717990,P0/P2,false,pair:P0:P2:E
258,820,24249062681/28674766,33885321017/86024298,P1/P2,false,pair:P1:P2:S
259,825,16615149975/19503058,23271052663/58509174,P1/P2,false,pair:P1:P2:S
260,827,73418276683/86024298,11384585491/28674766,P1/P2,false,pair:P1:P2:S
261,829,44318525/51846,1091608811/2747838,P0/P1,false,pair:P0:P1:SW
262,835,9347210255/10885858,30756427139/76201006,P0/P2,false,pair:P0:P2:NW
263,836,128389098467/148799290,59756648897/148799290,P1/P2,false,pair:P1:P2:SW
264,838,125424952789/144848214,19457059597/48282738,P0/P2,false,pair:P0:P2:NW
265,841,171736881035/197799914,80241197561/197799914,P0/P2,false,pair:P0:P2:W
266,842,45294497179/52122570,63485185531/156367710,P1/P2,false,pair:P1:P2:SE
267,845,42036392419/48231226,19529145281/48231226,P1/P2,false,pair:P1:P2:SE
268,847,7213523437/8287526,10145589901/24862578,P0/P2,false,pair:P0:P2:SW
269,849,55269529893/63299254,77470257349/189897762,P1/P2,false,pair:P1:P2:SE
270,851,179114100975/204284194,83611465029/204284194,P1/P2,false,pair:P1:P2:S
271,853,166882331503/189897762,26002376087/63299254,P1/P2,false,pair:P1:P2:SW
272,855,6803901071/7732706,3182548773/7732706,P0/P1,false,pair:P0:P1:NW
273,862,8334758057/9397166,3914710083/9397166,P1/P2,false,pair:P1:P2:W
274,864,101518959261/114090950,47346845119/114090950,P1/P2,false,pair:P1:P2:W
275,867,214597077455/239861602,100097908453/239861602,P0/P1,false,pair:P0:P1:E
276,872,99708105097/110952942,139670073769/332858826,P0/P1,false,pair:P0:P1:S
277,873,102726918813/114090950,47749498303/114090950,P0/P2,false,pair:P0:P2:W
278,875,445533263001/493980622,207735797651/493980622,P1/P2,false,pair:P1:P2:N
279,880,73204473855/80560898,34032861941/80560898,P0/P1,false,pair:P0:P1:S
280,885,80831781493/88599574,113310542869/265798722,P0/P2,false,pair:P0:P2:SW
281,887,35914636629/38913622,16297599911/38913622,P0/P2,false,pair:P0:P2:SW
282,890,143668119761/156367710,66974846459/156367710,P0/P2,false,pair:P0:P2:SW
283,894,46438338511/50295650,281411283873/653843450,P1/P2,false,pair:P1:P2:S
284,896,103126610917/111372598,48086952919/111372598,P0/P2,false,pair:P0:P2:S
285,900,335618356349/361537542,17441448231/40170838,P0/P1,false,pair:P0:P1:NE
286,903,609301015505/655668574,286727704315/655668574,P0/P2,false,pair:P0:P2:NW
287,904,626704812619/670730858,292244156473/670730858,P0/P1,false,pair:P0:P1:E
288,907,1104727049823/1181439554,1546911521599/3544318662,P0/P2,false,pair:P0:P2:NW
289,909,2060771524231/2202856946,962423208653/2202856946,P0/P1,false,pair:P0:P1:E
290,912,1716073185285/1826091254,2400455881637/5478273762,P1/P2,false,pair:P1:P2:NW
291,915,377406437541/400629686,3353975710133/7611964034,P0/P2,false,pair:P0:P2:N
292,925,2120519063965/2221569478,992531145407/2221569478,P0/P2,false,pair:P0:P2:SW
293,926,133074948025/138884494,132352868251/297609630,P0/P1,false,pair:P0:P1:S
294,930,1928648653063/2007202034,898278620749/2007202034,P1/P2,false,pair:P1:P2:W
295,931,12611536175007/13142139842,5896806547157/13142139842,P0/P1,false,pair:P0:P1:SW
296,932,4896941562755/5113331706,2303692064161/5113331706,P1/P2,false,pair:P1:P2:W
297,935,2875044064221/2983203142,1341433097087/2983203142,P1/P2,false,pair:P1:P2:W
298,938,12688845586335/13142139842,456243560425/1010933834,P0/P1,false,pair:P0:P1:SW
299,942,486692180113/501427166,2499326460809/5515698826,P0/P2,false,pair:P0:P2:W
300,946,3489518666289/3597559966,234146121037/513937138,P0/P2,false,pair:P0:P2:W
301,953,5198716019779/5288717946,809961994059/1762905982,P1/P2,false,pair:P1:P2:SW
302,954,12263652698277/12483837878,5742291415063/12483837878,P0/P2,false,pair:P0:P2:E
303,959,13006673166239/13142139842,6081490140885/13142139842,P0/P2,false,pair:P0:P2:SE
304,963,17827985827927/17964018258,8335036389053/17964018258,P0/P1,false,pair:P0:P1:NE
305,965,1881061312841/1889276526,2628723818857/5667829578,P0/P2,false,pair:P0:P2:SE
306,967,5588332601997/5618340838,7865361506093/16855022514,P1/P2,false,pair:P1:P2:S
307,974,13608108882027/13567217194,6378784050073/13567217194,P0/P1,false,pair:P0:P1:NW
308,975,33395867973075/33269947226,15638615488273/33269947226,P0/P2,false,pair:P0:P2:S
309,978,4612784608295/4572930738,15071972539579/32010515166,P0/P1,false,pair:P0:P1:SW
310,980,20495498593777/20312629534,9587207851611/20312629534,P0/P1,false,pair:P0:P1:S
311,984,28677262632877/28274829734,40232944379981/84824489202,P0/P2,false,pair:P0:P2:SW
312,986,10854790055003/10670171722,5069803831017/10670171722,P0/P1,false,pair:P0:P1:SE
313,988,13484487595585/13245943934,6306110509515/13245943934,P0/P1,false,pair:P0:P1:SE
314,990,19440729663751/19073014002,104363094011/219230046,P0/P1,false,pair:P0:P1:SE
315,991,60162329663299/58909853818,28130129106657/58909853818,P0/P2,false,pair:P0:P2:SW
316,994,73919972113111/72296170834,34600484184637/72296170834,P0/P2,false,pair:P0:P2:SW
317,996,126277133072419/123140318906,59005348749441/123140318906,P1/P2,false,pair:P1:P2:N
318,999,22366437497767/21791626162,10459998968621/21791626162,P1/P2,false,pair:P1:P2:N
319,1004,2389579938333/2317006022,27930702056999/57925150550,P0/P1,false,pair:P0:P1:S
320,1006,44858391883687/43423542194,20889525630765/43423542194,P0/P1,false,pair:P0:P1:S
321,1013,88632624326165/84994290902,41430285943783/84994290902,P1/P2,false,pair:P1:P2:NE
322,1016,156496936375111/149869855858,73202625961741/149869855858,P0/P2,false,pair:P0:P2:W
323,1023,173693497781905/164711067614,81264095980859/164711067614,P0/P1,false,pair:P0:P1:SW
324,1024,184960168126915/175266095994,9597910349209/19474010666,P0/P2,false,pair:P0:P2:N
325,1027,6718902334475/6305314538,3081956539257/6305314538,P0/P2,false,pair:P0:P2:NW
326,1029,278903704464449/263070704766,130239409472459/263070704766,P1/P2,false,pair:P1:P2:NE
327,1032,52007529566157/48754293094,72436279243885/146262879282,P0/P1,false,pair:P0:P1:S
328,1035,591514665203621/554801504694,276387028210967/554801504694,P1/P2,false,pair:P1:P2:NW
329,1040,1733238324013/1616118438,2429813730253/4848355314,P0/P2,false,pair:P0:P2:NW
330,1042,70750316334043/65787975498,10993287273251/21929325166,P1/P2,false,pair:P1:P2:SE
331,1044,433722094663117/404132441446,203648037357775/404132441446,P1/P2,false,pair:P1:P2:SE
332,1048,588658295665253/544520760374,275160986540887/544520760374,P0/P1,false,pair:P0:P1:N
333,1052,419385604904267/387048305770,590194342280107/1161144917310,P1/P2,false,pair:P1:P2:SE
334,1054,603059537295269/554801504694,282159464256791/554801504694,P0/P1,false,pair:P0:P1:NW
335,1055,915022765562197/839791103574,142021664641677/279930367858,P0/P2,false,pair:P0:P2:S
336,1058,1789012741977259/1642566817194,836691333636697/1642566817194,P0/P2,false,pair:P0:P2:S
337,1059,2784875730921751/2554461317330,1302628696760061/2554461317330,P0/P1,false,pair:P0:P1:N
338,1062,1370512749654697/1258160562094,644919751512643/1258160562094,P0/P2,false,pair:P0:P2:SE
339,1066,1481391252430335/1352785643266,694001933348085/1352785643266,P1/P2,false,pair:P1:P2:SE
340,1069,1377109819421353/1258160562094,648218286395971/1258160562094,P0/P1,false,pair:P0:P1:SE
341,1075,204135128710455/184933834898,286282632860951/554801504694,P0/P1,false,pair:P0:P1:SW
342,1077,5362923729287/4848355314,278092019365/538706146,P0/P2,false,pair:P0:P2:NE
343,1080,1478574416489081/1337167134734,693721087133747/1337167134734,P0/P1,false,pair:P0:P1:W
344,1082,6291727569306671/5679526865570,2949718814048517/5679526865570,P0/P2,false,pair:P0:P2:NE
345,1083,3334578736328509/3005192596102,1562276639781023/3005192596102,P0/P1,false,pair:P0:P1:W
346,1088,8957367223302625/8037834844478,4207926343498155/8037834844478,P0/P2,false,pair:P0:P2:SE
347,1091,10078147769129845/8986940107286,4699896795705095/8986940107286,P1/P2,false,pair:P1:P2:S
348,1096,17501142110732271/15588539216674,8208839953420869/15588539216674,P0/P2,false,pair:P0:P2:SE
349,1099,19778597550469673/17594478207150,9291239931956419/17594478207150,P0/P2,false,pair:P0:P2:SE
350,1104,289231557386837/256497269846,137267004594855/256497269846,P0/P1,false,pair:P0:P1:S
351,1106,7154926268745337/6301882976270,3344578067823667/6301882976270,P0/P1,false,pair:P0:P1:S
352,1113,20042480341135913/17594478207150,9414385234267331/17594478207150,P0/P2,false,pair:P0:P2:SW
353,1117,1006627970471255/878967312466,472676883006909/878967312466,P1/P2,false,pair:P1:P2:SE
354,1119,10052949803309137/8774416161886,4725116743596155/8774416161886,P0/P2,false,pair:P0:P2:W
355,1123,19946203655143411/17274225796890,1864710784398461/3454845159378,P1/P2,false,pair:P1:P2:NE
356,1127,9436159136390003/8144096817178,4424014788130033/8144096817178,P1/P2,false,pair:P1:P2:NE
357,1131,19207936084699029/16562800161238,9045077885637735/16562800161238,P0/P2,false,pair:P0:P2:W
358,1137,7123840884133171/6082828913818,3345548850632753/6082828913818,P0/P2,false,pair:P0:P2:SE
359,1141,62747230270835745/53349617861822,29449982520132203/53349617861822,P0/P1,false,pair:P0:P1:SE
360,1146,3385682964420751/2846728757730,523827143644599/948909585910,P0/P1,false,pair:P0:P1:S
361,1148,6355947960231251/5368221252698,2983929038324113/5368221252698,P0/P1,false,pair:P0:P1:S
362,1159,64119420782300193/53349617861822,30118485589820011/53349617861822,P0/P1,false,pair:P0:P1:NW
363,1165,25160923399675477/20773230593110,2364858422357947/4154646118622,P0/P2,false,pair:P0:P2:E
364,1168,38695628941375189/31876732851030,6060923145507853/10625577617010,P0/P1,false,pair:P0:P1:S
365,1169,42846880216331997/35248106011462,20095538024866943/35248106011462,P0/P2,false,pair:P0:P2:NE
366,1173,43606076770392123/35797319065226,20507226829666697/35797319065226,P1/P2,false,pair:P1:P2:NE
367,1174,48349944220155163/39633546458314,22662481321160489/39633546458314,P0/P1,false,pair:P0:P1:SE
368,1179,26305247757472709/21427239127414,12341000313154167/21427239127414,P1/P2,false,pair:P1:P2:S
369,1181,45537373579253051/37061424227466,21384805222848649/37061424227466,P0/P2,false,pair:P0:P2:N
370,1185,3073733212965673/2500355419822,4346488321662793/7501066259466,P1/P2,false,pair:P1:P2:SW
371,1187,141253644974485/114736680406,465989750470865/803156762842,P0/P2,false,pair:P0:P2:E
372,1192,25143352752403431/20245973492530,11771997288474093/20245973492530,P0/P1,false,pair:P0:P1:NE
373,1196,21190173000135539/17050250919962,10027103840107761/17050250919962,P0/P2,false,pair:P0:P2:N
374,1199,2356668729918431/1876693932866,1090465328917909/1876693932866,P0/P2,false,pair:P0:P2:NW
375,1200,14430978012596855/11563157521938,2269502015770463/3854385840646,P1/P2,false,pair:P1:P2:E
376,1203,23416930684201347/18655923872762,10948373178146721/18655923872762,P0/P2,false,pair:P0:P2:SW
377,1206,72391672179252033/57542197905022,34063679626299595/57542197905022,P0/P1,false,pair:P0:P1:SW
378,1210,24022519460041009/19049530444446,3762732524400137/6349843481482,P0/P2,false,pair:P0:P2:SE
379,1212,24185476580191565/19153032789606,11361288305453903/19153032789606,P0/P1,false,pair:P0:P1:NW
380,1213,46118076817424735/36511808086082,65128469015639615/109535424258246,P0/P2,false,pair:P0:P2:E
381,1222,127597657429879183/100053827223522,19958945877655223/33351275741174,P0/P2,false,pair:P0:P2:S
382,1223,14456907493184063/11356152831618,6820654257204149/11356152831618,P0/P1,false,pair:P0:P1:SW
383,1225,24449359370857805/19153032789606,3828144535921605/6384344263202,P1/P2,false,pair:P1:P2:SE
384,1231,583238404871501/454640496230,5214576325467869/8638169428370,P0/P1,false,pair:P0:P1:E
385,1234,164817072168329477/127999723417334,77461582672247863/127999723417334,P0/P2,false,pair:P0:P2:E
386,1245,42156764301926009/32509283719182,19989087190320179/32509283719182,P0/P1,false,pair:P0:P1:SE
387,1247,52657480167267941/40430068831286,24819233295449943/40430068831286,P1/P2,false,pair:P1:P2:SE
388,1250,38177358090295913/29253759766574,17953750810969987/29253759766574,P0/P1,false,pair:P0:P1:SE
389,1253,1628278792200521/1245558170222,14521009568730009/23665605234218,P1/P2,false,pair:P1:P2:NE
390,1255,4973786469370545/3796146804638,21017801418020723/34165321241742,P0/P2,false,pair:P0:P2:E
391,1258,64213426033523923/48986133368154,30233104832873489/48986133368154,P0/P1,false,pair:P0:P1:S
392,1259,5619643258728247/4278032268434,2636567024534109/4278032268434,P1/P2,false,pair:P1:P2:E
393,1270,343050355090706357/258480920117654,161465176528317895/258480920117654,P0/P1,false,pair:P0:P1:NE
394,1274,435779396997464869/326929436412598,204776148827706263/326929436412598,P1/P2,false,pair:P1:P2:W
395,1275,859958345500337133/644894653247782,404711397280834607/644894653247782,P0/P2,false,pair:P0:P2:NE
396,1277,6047069038296971/4538183999466,19967934703752655/31767287996262,P0/P2,false,pair:P0:P2:NE
397,1282,78737790577889137/58750649667102,37015385184319195/58750649667102,P0/P1,false,pair:P0:P1:SE
398,1283,1119001794689601723/835498381225354,527052280293746441/835498381225354,P1/P2,false,pair:P1:P2:SE
399,1284,174148307754932079/130490585220130,82867658081916101/130490585220130,P0/P1,false,pair:P0:P1:SE
400,1288,84085588631280745/62536386645038,39477226034158979/62536386645038,P0/P1,false,pair:P0:P1:S
401,1292,1036573772064218303/769967426537858,487887973999812405/769967426537858,P0/P2,false,pair:P0:P2:SE
402,1294,390874429626449981/289967511357574,183881722466954143/289967511357574,P0/P1,false,pair:P0:P1:SW
403,1297,445694280587857819/329729124208586,209195557741722281/329729124208586,P0/P2,false,pair:P0:P2:NE
404,1302,834821048019847721/615379230060718,393054096722203843/615379230060718,P0/P1,false,pair:P0:P1:N
405,1303,734315064162813017/541455379950670,69239738883981559/108291075990134,P1/P2,false,pair:P1:P2:NE
406,1305,421234783348798901/309747717109142,198076557989859271/309747717109142,P0/P1,false,pair:P0:P1:NW
407,1309,967156166076258281/710425607935278,455979127573326851/710425607935278,P0/P2,false,pair:P0:P2:NE
408,1310,103352435234845271/75842016581202,113471893319726521/176964705356138,P0/P1,false,pair:P0:P1:W
409,1315,120420871763478215/87856125943154,56177954880230797/87856125943154,P0/P2,false,pair:P0:P2:N
410,1319,608390611165227555/443609314280122,286454079025956481/443609314280122,P0/P2,false,pair:P0:P2:E
411,1325,426864282883012021/309747717109142,200891307756965831/309747717109142,P1/P2,false,pair:P1:P2:SE
412,1327,317521118542582661/230109854714358,149550045120702391/230109854714358,P1/P2,false,pair:P1:P2:SE
413,1330,245190156880825035/176964705356138,346045179493392683/530894116068414,P1/P2,false,pair:P1:P2:S
414,1334,984889089609029609/710425607935278,464423376874646531/710425607935278,P0/P2,false,pair:P0:P2:NW
415,1338,120054486656667609/86297981113678,56475121142137683/86297981113678,P0/P1,false,pair:P0:P1:NE
416,1342,64125269048786225/45907701199518,30196562219462171/45907701199518,P0/P1,false,pair:P0:P1:E
417,1345,562978116413420343/402705816941714,264892824707018333/402705816941714,P0/P1,false,pair:P0:P1:E
418,1352,813560837491138193/577470911451102,4402234188352445/6637596683346,P1/P2,false,pair:P1:P2:W
419,1354,713608909444877107/506582496759962,48050531497717255/72368928108566,P1/P2,false,pair:P1:P2:W
420,1358,1858142490734621089/1311994130643390,874583619199377131/1311994130643390,P0/P2,false,pair:P0:P2:W
421,1366,239881564603925255/168398903829746,113756528694045773/168398903829746,P0/P2,false,pair:P0:P2:SW
422,1367,911407416126874471/637012730053682,427851069741838445/637012730053682,P1/P2,false,pair:P1:P2:W
423,1370,558791795531809403/390412063476234,87835493840410819/130137354492078,P1/P2,false,pair:P1:P2:NW
424,1374,62886242296847135/43642400894146,29443706512829781/43642400894146,P1/P2,false,pair:P1:P2:N
425,1379,1073889826875820781/744525399270182,1516060054362272653/2233576197810546,P0/P1,false,pair:P0:P1:W
426,1380,1449420090315274047/1004800108254338,186143328821100733/274036393160274,P1/P2,false,pair:P1:P2:NW
427,1385,2610745340294686723/1798147856901882,1220194522683625249/1798147856901882,P0/P1,false,pair:P0:P1:W
428,1389,6836993927109545583/4711557934683682,3220017908406464965/4711557934683682,P0/P2,false,pair:P0:P2:NE
429,1396,12837842511269183/8788924868738,11226457378499335/16322289041942,P0/P2,false,pair:P0:P2:SE
430,1398,4211758681039260479/2883461561986178,1985172680151391925/2883461561986178,P0/P2,false,pair:P0:P2:SE
431,1400,6175847194144367479/4230652792624146,2919994707654295837/4230652792624146,P1/P2,false,pair:P1:P2:NE
432,1401,4374578125904497985/2992724191552126,2062383068848271051/2992724191552126,P0/P2,false,pair:P0:P2:S
433,1407,11541453062809596797/7826948506427910,361862516495473585/521796567095194,P0/P1,false,pair:P0:P1:W
434,1409,10528134161347910425/7136156934340302,1655214294901489585/2378718978113434,P0/P1,false,pair:P0:P1:W
435,1411,13368278830839177547/9030666027555946,6296580757494132025/9030666027555946,P1/P2,false,pair:P1:P2:SE
436,1413,1698651281942389925/1147920021145526,4014437077039174771/5739600105727630,P0/P2,false,pair:P0:P2:NE
437,1417,9217448540646042327/6203458125243730,4333830605221294653/6203458125243730,P1/P2,false,pair:P1:P2:SW
438,1422,5190471261243786873/3476796761278478,2444941947593178163/3476796761278478,P0/P2,false,pair:P0:P2:S
439,1424,170742615302203045/114355005408182,80601491633347095/114355005408182,P1/P2,false,pair:P1:P2:NE
440,1426,821510936109278979/548510986971386,384860879703196705/548510986971386,P1/P2,false,pair:P1:P2:NE
441,1432,7973332494272039337/5304893133975982,3756348369513549635/5304893133975982,P1/P2,false,pair:P1:P2:SE
442,1437,3016736767592263785/2002377979552814,1420960180511259011/2002377979552814,P0/P2,false,pair:P0:P2:E
443,1441,14909271796268921143/9859650870638738,7010686644590483549/9859650870638738,P0/P1,false,pair:P0:P1:E
444,1442,41370153900690094261/27378945501687702,19490474668610678983/27378945501687702,P1/P2,false,pair:P1:P2:SE
445,1443,11551610308152251975/7659643760410226,5469101379429711885/7659643760410226,P0/P1,false,pair:P0:P1:E
446,1451,34890126516099923729/22917896618168030,16353944817944339131/22917896618168030,P0/P2,false,pair:P0:P2:S
447,1454,13327940521311390839/8743718608536082,6272309113669272605/8743718608536082,P0/P1,false,pair:P0:P1:E
448,1456,49556311576833786275/32473476261385146,23326841357089868033/32473476261385146,P1/P2,false,pair:P1:P2:S
449,1461,229685503018347967/150280910989186,10081363726428833089/13976124721994298,P0/P2,false,pair:P0:P2:E
450,1462,2363469056025622921/1543581539299822,14470028962297717895/20066560010897686,P1/P2,false,pair:P1:P2:SW
451,1468,49916599547023425955/32473476261385146,23488970943675205889/32473476261385146,P1/P2,false,pair:P1:P2:W
452,1470,42126758638088337589/27378945501687702,19841755439545577671/27378945501687702,P0/P1,false,pair:P0:P1:NE
453,1479,2397582653000499101/1545353886378438,1128011472143287487/1545353886378438,P0/P2,false,pair:P0:P2:E
454,1484,6834103456890660881/4390844947627230,357651627641315491/487871660847470,P0/P1,false,pair:P0:P1:N
455,1487,13644772217928672191/8759647315524482,6431296996173343797/8759647315524482,P1/P2,false,pair:P1:P2:NE
456,1490,14529223586231544443/9309649093081610,6840337210507231817/9309649093081610,P0/P2,false,pair:P0:P2:N
457,1492,9272475684643709351/5924475059718066,1451758635147730703/1974825019906022,P1/P2,false,pair:P1:P2:NE
458,1494,23504543767878286285/15016114410660198,11078872440786766543/15016114410660198,P0/P2,false,pair:P0:P2:NW
459,1496,9295783544131235147/5932439413212266,4371719451912040761/5932439413212266,P0/P2,false,pair:P0:P2:NW
460,1500,33185721412122304679/21122478406551986,15626525559159722541/21122478406551986,P1/P2,false,pair:P1:P2:NE
461,1501,12983620488149221741/8261695050921510,407641021722144097/550779670061434,P0/P1,false,pair:P0:P1:N
462,1505,18088503523498965065/11473535397344366,8498091410080444451/11473535397344366,P1/P2,false,pair:P1:P2:E
463,1507,52000888759051953141/32971428525988118,24463178159612480647/32971428525988118,P1/P2,false,pair:P1:P2:E
464,1509,1461029495256928687/930051714109346,4877643113013237411/6510361998765422,P0/P2,false,pair:P0:P2:N
465,1513,52181032744146772981/32971428525988118,24535235753650408583/32971428525988118,P1/P2,false,pair:P1:P2:E
466,1517,40857053152863383971/25765060974982074,6413853266882534827/8588353658327358,P0/P1,false,pair:P0:P1:W
467,1519,14712827636872813913/9273528287115854,6933988146782820307/9273528287115854,P0/P2,false,pair:P0:P2:N
468,1521,6764523932215576055/4267167846338322,1068138485692546783/1422389282112774,P0/P1,false,pair:P0:P1:W
469,1523,39793817483217291243/25025561159020330,3761189202053971461/5005112231804066,P0/P1,false,pair:P0:P1:SW
470,1525,13785454300614497865/8631444958902382,6449515811332667939/8631444958902382,P0/P1,false,pair:P0:P1:SW
471,1529,9987336211721373027/6249851195870266,4708509699345920577/6249851195870266,P1/P2,false,pair:P1:P2:NW
472,1537,3677698680042313493/2281771420324566,1729425152079929063/2281771420324566,P0/P2,false,pair:P0:P2:N
473,1540,10167055058744105453/6300335012578598,23958715591785549547/31501675062892990,P0/P1,false,pair:P0:P1:NE
474,1542,55688518015710856777/34441181989083246,26156591029065222691/34441181989083246,P1/P2,false,pair:P1:P2:NW
475,1548,8882162913774274757/5480688076136310,1949135273710760111/2557654435530278,P1/P2,false,pair:P1:P2:W
476,1549,69027244979002740779/42588490115571370,32457892409369825497/42588490115571370,P0/P2,false,pair:P0:P2:NE
477,1552,54040597953709651173/33349209923348278,25500979373217298135/33349209923348278,P1/P2,false,pair:P1:P2:W
478,1554,104319931975630026211/64162042143435578,48995251605219067841/64162042143435578,P0/P2,false,pair:P0:P2:NE
479,1557,118083749154846929943/72632048565113554,55631765017217964029/72632048565113554,P0/P2,false,pair:P0:P2:NE
480,1561,25397313133713959921/15557477359113502,11943871702625726555/15557477359113502,P0/P2,false,pair:P0:P2:E
481,1565,3110879187811862773/1904964104720150,3814666459968461919/4952906672272390,P1/P2,false,pair:P1:P2:N
482,1568,25487385126261369841/15557477359113502,11979900499644690523/15557477359113502,P0/P2,false,pair:P0:P2:E
483,1570,43505555891343891291/26504560790943818,20397749531404631017/26504560790943818,P1/P2,false,pair:P1:P2:NW
484,1573,34370559893722270929/20946242281665374,16192066570530208251/20946242281665374,P1/P2,false,pair:P1:P2:NW
485,1576,71270270852725793705/43361930804903342,33572614301950045507/43361930804903342,P0/P1,false,pair:P0:P1:E
486,1580,20132043664587227783/12211345090733554,9468492558864672461/12211345090733554,P0/P2,false,pair:P0:P2:NW
487,1581,158929900981754927711/96371052386790978,24897457512643327751/32123684128930326,P0/P1,false,pair:P0:P1:SE
488,1582,38137638994231561013/23102981842389654,5960472394913982829/7700993947463218,P0/P2,false,pair:P0:P2:NW
489,1584,29877456031848978013/18119034379353158,14073942231113088767/18119034379353158,P0/P2,false,pair:P0:P2:NW
490,1591,160010764892323846751/96371052386790978,8359200499246049197/10707894709643442,P1/P2,false,pair:P1:P2:NW
491,1592,79812049219379453471/48032218991847106,37502761093771202133/48032218991847106,P0/P1,false,pair:P0:P1:W
492,1597,114328048365193331/68663115617818,591783727929985883/755294271795998,P1/P2,false,pair:P1:P2:NE
493,1599,4261787752455920243/2556772309103130,667166417885810171/852257436367710,P1/P2,false,pair:P1:P2:NE
494,1600,124373785867414099567/74614214919882274,58581185279257004485/74614214919882274,P0/P1,false,pair:P0:P1:NW
495,1605,201555658761951131539/120508356509259738,31614455043924504091/40169452169753246,P1/P2,false,pair:P1:P2:E
496,1608,125451103416062499843/74774841102483194,58824917665953827617/74774841102483194,P0/P1,false,pair:P0:P1:W
497,1610,155518918550295498711/92655814162144082,73064323966112581949/92655814162144082,P0/P2,false,pair:P0:P2:NW
498,1614,165540615215993682299/98502424557460490,77956179231679358793/98502424557460490,P0/P1,false,pair:P0:P1:S
499,1618,144714485388003276553/85838566519043822,68101063612684018275/85838566519043822,P1/P2,false,pair:P1:P2:W
500,1621,79414363204406867015/46922298755367538,37045876500292897293/46922298755367538,P1/P2,false,pair:P1:P2:W
501,1622,112079882023472451823/66544184965075234,53006775744624233797/66544184965075234,P0/P2,false,pair:P0:P2:SW
502,1623,196329006290605960527/116383397617121378,92555873502027752805/116383397617121378,P0/P1,false,pair:P0:P1:SE
503,1628,60988483355832745535/36042654933698178,200711533691305848307/252298584535887246,P0/P2,false,pair:P0:P2:W
504,1630,248380381502453089477/146311515943085942,116748819528503297399/146311515943085942,P0/P2,false,pair:P0:P2:W
505,1632,428360535371587777465/252298584535887246,67095998147869757265/84099528178629082,P0/P2,false,pair:P0:P2:W
506,1634,546078107385607451853/321638164516319078,256646094926774386127/321638164516319078,P0/P1,false,pair:P0:P1:SE
507,1640,322206573714814259951/188549794586168610,150920773813677630277/188549794586168610,P0/P2,false,pair:P0:P2:SW
508,1643,204087571591101778025/119537719261475886,96213111924670284163/119537719261475886,P1/P2,false,pair:P1:P2:NW
509,1645,107786498406473702309/62849931528722870,10099815637732070251/12569986305744574,P0/P2,false,pair:P0:P2:NW
510,1647,407750364222340886275/238227797048072442,192475844793122266145/238227797048072442,P0/P2,false,pair:P0:P2:N
511,1655,271508724040190008931/157234460831455802,127332400400615605569/157234460831455802,P1/P2,false,pair:P1:P2:S
512,1660,957108880578058562505/552696718710984046,450022949355870594723/552696718710984046,P0/P2,false,pair:P0:P2:S
513,1661,272805760732872711779/157234460831455802,127764745964843173185/157234460831455802,P0/P1,false,pair:P0:P1:N
514,1666,207330163322808535145/119537719261475886,32623478862514208897/39845906420491962,P1/P2,false,pair:P1:P2:NW
515,1669,559480819876662047949/321638164516319078,263131278390187900367/321638164516319078,P0/P1,false,pair:P0:P1:NW
516,1671,21931999170291965729/12569986305744574,51363769317115486487/62849931528722870,P1/P2,false,pair:P1:P2:NW
517,1673,89882185363233287079/51586730757075890,42285345457929833261/51586730757075890,P0/P1,false,pair:P0:P1:NW
518,1675,132240769730056522901/75886258878457814,62272631440898812775/75886258878457814,P1/P2,false,pair:P1:P2:N
519,1682,69782591985290172451/39845906420491962,98879242904073617795/119537719261475886,P1/P2,false,pair:P1:P2:NE
520,1686,1155710338660117051/660480062487178,550280023983587209/660480062487178,P0/P1,false,pair:P0:P1:SW
521,1687,414929831853327709249/235420920834479230,194224289839008472011/235420920834479230,P0/P2,false,pair:P0:P2:N
522,1688,266998908504832726721/150879472836120446,123788446769109309259/150879472836120446,P0/P1,false,pair:P0:P1:SW
523,1693,720490686203796365299/408331479416792858,339885286450815952497/408331479416792858,P0/P1,false,pair:P0:P1:SW
524,1701,372692856856784446863/210060305892804578,175618836254910435365/210060305892804578,P1/P2,false,pair:P1:P2:N
525,1703,473060382965443701741/265759766158139686,221711379760622648367/265759766158139686,P1/P2,false,pair:P1:P2:NE
526,1705,210786138195610032337/118412179470637918,99124991855322234363/118412179470637918,P0/P2,false,pair:P0:P2:SE
527,1706,118549175873325281197/66671783261575590,18637888470487021349/22223927753858530,P1/P2,false,pair:P1:P2:E
528,1709,1269012005720803089187/710764921666789562,595524931767313113473/710764921666789562,P0/P1,false,pair:P0:P1:S
529,1714,1278864422055573229735/716378674093975986,201377905824637531663/238792891364658662,P0/P2,false,pair:P0:P2:E
530,1716,930561094157725334109/520404896525218886,437827282231305227007/520404896525218886,P0/P2,false,pair:P0:P2:E
531,1722,766680765700919970859/426892539239884458,120120266460667819763/142297513079961486,P1/P2,false,pair:P1:P2:NE
532,1723,1940353266350531927917/1079464244705458726,912328542404892455599/1079464244705458726,P0/P2,false,pair:P0:P2:N
533,1729,4554460560018129277101/2523223359621158822,2136474869106928914543/2523223359621158822,P1/P2,false,pair:P1:P2:NE
534,1733,4340677245882959562067/2401455913146874970,408149000812520926493/480291182629374994,P0/P1,false,pair:P0:P1:E
535,1736,3361303097959485533561/1859649887427836430,1587074978403538200883/1859649887427836430,P0/P1,false,pair:P0:P1:SE
536,1738,7030913695677198593317/3872825313716549302,3295074066441458901399/3872825313716549302,P1/P2,false,pair:P1:P2:NW
537,1742,6051080485242666966231/3325130959831384402,2830797518675471161405/3325130959831384402,P0/P2,false,pair:P0:P2:E
538,1744,15137921434377719606205/8320714828992704902,7111306335916532861471/8320714828992704902,P1/P2,false,pair:P1:P2:NW
539,1748,1691945970254567021953/930086512577200638,800250999739032527243/930086512577200638,P1/P2,false,pair:P1:P2:W
540,1751,2917699510122273708571/1598650716236282570,1375593366743450889769/1598650716236282570,P0/P2,false,pair:P0:P2:SE
541,1752,9978852070234527812331/5464516352367929642,4702122467234771031833/5464516352367929642,P1/P2,false,pair:P1:P2:W
542,1755,3926772022520543996191/2146978080360255682,1850922229641541748565/2146978080360255682,P1/P2,false,pair:P1:P2:W
543,1758,88716539207246032667/48358551790866634,4720569211308480583449/5464516352367929642,P1/P2,false,pair:P1:P2:W
544,1762,3949830452612680935711/2146978080360255682,1860145601678396524373/2146978080360255682,P1/P2,false,pair:P1:P2:W
545,1765,10071085790603075570411/5464516352367929642,4739015955382190135065/5464516352367929642,P1/P2,false,pair:P1:P2:W
546,1769,3011894730735556018787/1624979737977147962,1411818105256871268673/1624979737977147962,P1/P2,false,pair:P1:P2:NW
547,1772,1617974562563415521947/869461944589171146,250391904759777876963/289820648196390382,P1/P2,false,pair:P1:P2:NW
548,1774,8195214346848825736563/4420519667601714202,3842360962539139623665/4420519667601714202,P1/P2,false,pair:P1:P2:NW
549,1776,2155510778957001348899/1160884900396165306,3036027150699140063363/3482654701188495918,P0/P1,false,pair:P0:P1:S
550,1781,23058349070809039687583/12419636502983607234,1210743924784014087021/1379959611442623026,P1/P2,false,pair:P1:P2:NE
551,1788,9335114348319160006961/5012594867981253278,401732814779407941681/455690442543750298,P0/P1,false,pair:P0:P1:SE
552,1789,13534918840771824898607/7248895759412645538,19116006645800814874895/21746687278237936614,P1/P2,false,pair:P1:P2:SE
553,1790,6694791763052933131083/3575317453459769450,3132201908582356048697/3575317453459769450,P0/P1,false,pair:P0:P1:S
554,1795,2000631156249565084487/1067876033272886386,2817054005737981035815/3203628099818659158,P0/P1,false,pair:P0:P1:W
555,1796,26478765636672966247637/14158560392161949526,1784468638854763114721/2022651484594564218,P0/P2,false,pair:P0:P2:SW
556,1799,24071457591451325147841/12857128482140055422,11386144888224854618955/12857128482140055422,P1/P2,false,pair:P1:P2:S
557,1802,16026456862723385905547/8541580945305385962,7553904038416936681465/8541580945305385962,P0/P2,false,pair:P0:P2:W
558,1806,595280508255839251281/316354849826125406,7572350782490646233081/8541580945305385962,P0/P2,false,pair:P0:P2:W
559,1810,22843603017721446721117/12100041188896971846,3577796527396052073045/4033347062965657282,P1/P2,false,pair:P1:P2:W
560,1815,68715276493901435679511/36300123566690915538,32273955722859306863869/36300123566690915538,P1/P2,false,pair:P1:P2:W
561,1817,33545717378652810041657/17724694753272275598,15800967364682551347827/17724694753272275598,P0/P2,false,pair:P0:P2:N
562,1818,22853940053469057083515/12060817260917177866,10760261670747920198729/12060817260917177866,P1/P2,false,pair:P1:P2:SW
563,1822,1536075076096845677405/808524238247387718,2159172482041281153533/2425572714742163154,P1/P2,false,pair:P1:P2:SW
564,1824,70077442839509709555641/36900090266884392334,33033267662776622107123/36900090266884392334,P0/P1,false,pair:P0:P1:E
565,1825,5574148088773805563457/2924601498448822398,2607304232813676784075/2924601498448822398,P1/P2,false,pair:P1:P2:S
566,1827,23028070458458542237277/12100041188896971846,32439976419522692828413/36300123566690915538,P1/P2,false,pair:P1:P2:S
567,1835,127881977966197173204753/66881946802103246558,60143597506493966240443/66881946802103246558,P0/P1,false,pair:P0:P1:S
568,1840,51903781569402465320999/27051745528526604978,24370766824827720920237/27051745528526604978,P0/P1,false,pair:P0:P1:SE
569,1842,41730007910811757344397/21746687278237936614,19623292107827827544335/21746687278237936614,P1/P2,false,pair:P1:P2:SE
570,1848,27051614918869571806515/14049775521196186778,885554883694078281017/980216896827640938,P0/P2,false,pair:P0:P2:SE
571,1853,226637313190920028199/117517814823717554,14870463091258637484527/16334976260496740006,P0/P1,false,pair:P0:P1:SW
572,1857,10592531727035187995729/5480543009316422750,4995499285090063826043/5480543009316422750,P0/P1,false,pair:P0:P1:NW
573,1858,25228952718616146278021/13042453986682602486,11873642309170639415479/13042453986682602486,P0/P2,false,pair:P0:P2:SW
574,1862,79886636735884199321999/41167689837823135714,37500434938560223863845/41167689837823135714,P0/P2,false,pair:P0:P2:SW
575,1869,7308577239167625938411/3747732066902356778,3430296404630514507801/3747732066902356778,P0/P2,false,pair:P0:P2:SE
576,1870,40588199445516082931969/20830893957513128702,19109953547749383970827/20830893957513128702,P0/P1,false,pair:P0:P1:W
577,1871,25971044967180831055147/13335429823708415146,12249360738488354955225/13335429823708415146,P0/P2,false,pair:P0:P2:SE
578,1874,50930721453857302049309/26070108802761180358,23921468973058545561663/26070108802761180358,P0/P2,false,pair:P0:P2:S
579,1878,108074003547514777212371/55290193575760485210,1542993128472717474033/1675460411386681370,P0/P2,false,pair:P0:P2:S
580,1880,63244798156507730874797/32282507211242886566,29690891111801571433327/32282507211242886566,P1/P2,false,pair:P1:P2:N
581,1882,96055074750043701212739/49077795167278779002,45223138077151488977889/49077795167278779002,P1/P2,false,pair:P1:P2:N
582,1885,12979895969899883823/6622373167536290,50992560215894514849553/55290193575760485210,P0/P2,false,pair:P0:P2:S
583,1887,51225869359036654875165/26070108802761180358,23995255949353383768127/26070108802761180358,P0/P2,false,pair:P0:P2:S
584,1889,101857402478352131432293/51891018534493819446,47935044902016091441751/51891018534493819446,P1/P2,false,pair:P1:P2:NE
585,1891,61786667388871868908703/31432557295558695362,29076618355266440541653/31432557295558695362,P0/P1,false,pair:P0:P1:SW
586,1894,49858279798231377460437/25326811654529517398,23441677724608678215207/25326811654529517398,P0/P2,false,pair:P0:P2:SE
587,1895,108647545127337736519181/55183540808307956966,51116333124841185026959/55183540808307956966,P1/P2,false,pair:P1:P2:E
588,1897,95731342616020070203581/48598496260679681926,45085798072517769785631/48598496260679681926,P0/P1,false,pair:P0:P1:SW
589,1900,13872370003530736518353/7004645770922001246,6479146558749910147579/7004645770922001246,P0/P1,false,pair:P0:P1:SW
590,1905,58788494956502580457739/29680625387110366442,27624423326110078016121/29680625387110366442,P0/P2,false,pair:P0:P2:SW
591,1914,81898929300256579269739/41174249266463954474,38637655353257813073817/41174249266463954474,P0/P2,false,pair:P0:P2:NW
592,1915,63363787880253129104423/31803208304643789490,29774912036052366860461/31803208304643789490,P1/P2,false,pair:P1:P2:NE
593,1920,177841224395404505502497/89041876161331099326,83611139741278616113003/89041876161331099326,P1/P2,false,pair:P1:P2:NW
594,1921,317379864472090997423319/158965577877295595858,149421393146603028723773/158965577877295595858,P0/P1,false,pair:P0:P1:W
595,1926,318117734235039379487959/158965577877295595858,149716541051782381549629/158965577877295595858,P0/P1,false,pair:P0:P1:W
596,1928,105546450984276394799767/52708750357438387666,49603250029602420655997/52708750357438387666,P0/P1,false,pair:P0:P1:W
597,1929,31094322717765427574083/15478466916171730042,14539369213701552857313/15478466916171730042,P1/P2,false,pair:P1:P2:N
598,1931,31100781169363700133865/15531702145650550062,4898950260269250345985/5177234048550183354,P0/P1,false,pair:P0:P1:SW
599,1932,284015820389291218265831/141395399301758516530,133309460693905255765741/141395399301758516530,P0/P2,false,pair:P0:P2:NW
600,1938,160381257913121356443749/79765375001283424310,75825868510311478084951/79765375001283424310,P1/P2,false,pair:P1:P2:SW
601,1940,266234406357987946102537/131908953233450559214,124895875120675250043491/131908953233450559214,P1/P2,false,pair:P1:P2:SW
602,1941,499538582691847731212583/247652226821615724722,234824704265687142582189/247652226821615724722,P0/P1,false,pair:P0:P1:W
603,1944,189464013012489208388555/93930016887245989738,89337078410379172180153/93930016887245989738,P1/P2,false,pair:P1:P2:W
604,1945,661626579192952822020923/327562884131649837194,310960205178839268866697/327562884131649837194,P0/P1,false,pair:P0:P1:W
605,1946,282698553167974405243813/139702850357157857718,132286048358080924506391/139702850357157857718,P1/P2,false,pair:P1:P2:W
606,1948,186223425775563135588863/91953624578433502978,87123272569278539727093/91953624578433502978,P1/P2,false,pair:P1:P2:NW
607,1951,77745795244817990520041/38349743030645140270,9932534873507507540923/10459020826539583710,P0/P1,false,pair:P0:P1:SW
608,1953,153966916671290974070467/75933227241898797434,72170711091276477596001/75933227241898797434,P0/P1,false,pair:P0:P1:SW
609,1954,186666147633332164827647/91953624578433502978,87344633498163054346485/91953624578433502978,P0/P2,false,pair:P0:P2:NE
610,1957,452438598499762120135741/222998605556393287814,212829557184316535916447/222998605556393287814,P0/P1,false,pair:P0:P1:SW
611,1959,187108869491101194066431/91953624578433502978,87565994427047568965877/91953624578433502978,P1/P2,false,pair:P1:P2:SE
612,1962,39514882751936055933669/19462325280397777718,18610252914640751769815/19462325280397777718,P1/P2,false,pair:P1:P2:SE
613,1965,789165489033174192161333/388210084687566658710,24771182101567725378377/25880672312504443914,P0/P1,false,pair:P0:P1:SW
614,1969,197551532324916165688627/96838769294693395610,18540005071925498870589/19367753858938679122,P0/P1,false,pair:P0:P1:SW
615,1976,671071312158692112448315/327562884131649837194,315461210732824399461001/327562884131649837194,P0/P1,false,pair:P0:P1:N
616,1981,62867155055392646197087/30569306214097978434,9850149916059387233287/10189768738032659478,P0/P2,false,pair:P0:P2:SE
617,1984,199469993708581959056691/96838769294693395610,18724472512662594386749/19367753858938679122,P1/P2,false,pair:P1:P2:NW
618,1986,877871721782963685184779/426446433578299864298,413072462299011344197241/426446433578299864298,P0/P2,false,pair:P0:P2:SE
619,1990,275820673556270104658133/133885345542263045974,129987373037274572548647/133885345542263045974,P1/P2,false,pair:P1:P2:SW
620,1994,551039397634139328135395/266625118958231639354,259325720946810327498945/266625118958231639354,P0/P2,false,pair:P0:P2:S
621,1996,8322381693099974102223/4005099334133676386,3867267578016482394085/4005099334133676386,P0/P2,false,pair:P0:P2:SW
622,1998,1213558483087168627009843/586267748198368089242,571246422228902653283377/586267748198368089242,P0/P1,false,pair:P0:P1:SE
623,2003,334937607190055441096487/161605005379912092850,474555520172880983622919/484815016139736278550,P0/P2,false,pair:P0:P2:W
624,2004,478717327816118300113057/230550809679220157374,225288148622601633360875/230550809679220157374,P1/P2,false,pair:P1:P2:N
625,2010,542228553886719842137051/259854923179829004106,253903906030205914745193/259854923179829004106,P0/P1,false,pair:P0:P1:W
626,2012,525969310773655180129413/252105049206267348982,740159848348148622489637/756315147618802046946,P0/P1,false,pair:P0:P1:W
627,2014,2994408979302056473148211/1436322368357225754778,1409046238553761443664433/1436322368357225754778,P1/P2,false,pair:P1:P2:NW
628,2017,1675825100892512666426047/802713603872436981122,788458364002046342449461/802713603872436981122,P0/P1,false,pair:P0:P1:S
629,2024,4806506192048524747685215/2292053482511567546434,2261905499098263897433621/2292053482511567546434,P1/P2,false,pair:P1:P2:S
630,2028,3070309192478824158712753/1459612784955699283358,1439530632568189359728027/1459612784955699283358,P0/P2,false,pair:P0:P2:E
631,2031,4818312108255698860719455/2292053482511567546434,2266627865581133542647317/2292053482511567546434,P1/P2,false,pair:P1:P2:S
632,2033,2297647035380734637205299/1089387509446013229210,214904615720192313913661/217877501889202645842,P0/P2,false,pair:P0:P2:SE
633,2041,2855071887774198617119475/1345713866830568517914,1333834119801190555823985/1345713866830568517914,P1/P2,false,pair:P1:P2:NW
634,2043,2161245446063614601634391/1022647542561377367634,1020595486612522546386109/1022647542561377367634,P1/P2,false,pair:P1:P2:NW
635,2048,6481644438556530045463099/3052663167218628459146,3054534316614629935710089/3052663167218628459146,P0/P1,false,pair:P0:P1:SW
636,2053,68333366340281652555983/32086660045091352930,53663538723100820902867/53477766741818921550,P0/P1,false,pair:P0:P1:SW
637,2055,3555033257106819324827253/1669358309143307514902,1676242113412878381217799/1669358309143307514902,P1/P2,false,pair:P1:P2:W
638,2057,1473930915311312062048739/691652429037660472122,693868468083745422459841/691652429037660472122,P1/P2,false,pair:P1:P2:W
639,2064,343437719132484379735051/160433300225456764650,809085151519023253104989/802166501127283823250,P0/P1,false,pair:P0:P1:NW
640,2065,2538854049057559303265957/1184180704695972942774,397520831425394299349853/394726901565324314258,P1/P2,false,pair:P1:P2:NW
641,2073,1328670090767567048449101/618017978253936124006,626062574177239500582991/618017978253936124006,P0/P1,false,pair:P0:P1:NE
642,2075,2522517016304549633780371/1171010649619132379610,169567112607906094048231/167287235659876054230,P1/P2,false,pair:P1:P2:E
643,2077,721591226272415709433487/334654710201095271906,1017762186422459075492207/1003964130603285815718,P0/P1,false,pair:P0:P1:NE
644,2080,1363860480119861117237691/632586303961804037002,4494301027807610776299071/4428104127732628259014,P0/P1,false,pair:P0:P1:N
645,2082,7680972864631812033117767/3559271011481145093746,3619959818652717818902541/3559271011481145093746,P0/P2,false,pair:P0:P2:NE
646,2087,8491320560800869715668187/3929938299074980615498,4024074273238793843735657/3929938299074980615498,P1/P2,false,pair:P1:P2:E
647,2090,1695208257432273077330783/781760716084004035650,797501756795471739160597/781760716084004035650,P1/P2,false,pair:P1:P2:SE
648,2091,3369017681779552512372345/1552477750442668341262,1583990368805174746117171/1552477750442668341262,P0/P2,false,pair:P0:P2:N
649,2095,18011385904335347182255121/8280714369799533221086,445433572775962930330809/435827072094712274794,P1/P2,false,pair:P1:P2:E
650,2097,13402248186166468864347017/6161393538274369326574,6313550416595819072062435/6161393538274369326574,P0/P1,false,pair:P0:P1:W
651,2098,15643569232284736568817077/7200246901931591103894,2464831759504476476092397/2400082300643863701298,P0/P2,false,pair:P0:P2:NE
652,2105,31690518390216951975933429/14490625371570206586134,14893646687621387565027975/14490625371570206586134,P0/P2,false,pair:P0:P2:SW
653,2108,3578485518983368249181293/1635154301428305244198,1687571685878752614877615/1635154301428305244198,P0/P2,false,pair:P0:P2:W
654,2112,1553912293558819454832825/706866997809959515022,55976045950541699801343/54374384446919962694,P0/P1,false,pair:P0:P1:W
655,2117,8965827762802047220639175/4071923726250255671154,4218862131261959760046733/4071923726250255671154,P0/P1,false,pair:P0:P1:NW
656,2118,7742859345050132712778441/3521870251639286484846,1221290239609388376224737/1173956750546428828282,P1/P2,false,pair:P1:P2:NE
657,2123,18996956876511597029594919/8613980897551510133938,8967931635299254753454509/8613980897551510133938,P0/P1,false,pair:P0:P1:NW
658,2125,7959096770980105808843205/3596671771323003702646,3736609378894838446396535/3596671771323003702646,P0/P1,false,pair:P0:P1:NW
659,2126,8894230759384970202319/4005099334133676386,4143968739122125668325/4005099334133676386,P0/P2,false,pair:P0:P2:SW
660,2128,17432929881967917407058431/7872646322363839090434,8188036925024320575070453/7872646322363839090434,P0/P2,false,pair:P0:P2:SW
661,2130,2877165943457372173862561/1301061263396612116414,1357420623558007328310763/1301061263396612116414,P0/P2,false,pair:P0:P2:SW
662,2131,10057561351315642246281673/4547175681177507639662,4743616181974907880620195/4547175681177507639662,P1/P2,false,pair:P1:P2:SE
663,2133,461587034971346816182829/208946981202411365542,1092206624254191285537963/1044734906012056827710,P1/P2,false,pair:P1:P2:SE
664,2134,2593546092304363291496003/1173956750546428828282,3682760184759643709528995/3521870251639286484846,P0/P2,false,pair:P0:P2:SW
665,2136,16793414762256286486834427/7575127533894288356618,1129410891330446139727791/1082161076270612622374,P1/P2,false,pair:P1:P2:E
666,2140,9389477385280994875452489/4220683120485031038062,4409527322187689833278499/4220683120485031038062,P0/P1,false,pair:P0:P1:SW
667,2141,10195102714967182912789213/4591350408078866559814,4811280593532331035504767/4591350408078866559814,P0/P2,false,pair:P0:P2:SE
668,2143,9489239817069578380250461/4264857847386389958214,4458302267813634407308287/4264857847386389958214,P1/P2,false,pair:P1:P2:E
669,2149,16072792029261752063344231/7204460246300452834866,7541901899831438937577837/7204460246300452834866,P0/P1,false,pair:P0:P1:SW
670,2150,15159821201250618183631677/6794807050156677284486,7124674903393562361711775/6794807050156677284486,P0/P2,false,pair:P0:P2:E
671,2152,13240210503791185848982383/5932778244756225227810,18671142791834626957705807/17798334734268675683430,P0/P2,false,pair:P0:P2:E
672,2156,18402749586765206779681533/8236539642898174300934,8643497711536528895119839/8236539642898174300934,P0/P1,false,pair:P0:P1:W
673,2158,1134406962676229780914681/507503906164312772878,532981983630413131877043/507503906164312772878,P0/P1,false,pair:P0:P1:W
674,2159,3947240251732681691821087/1763387758974870371010,5547492463926116449681663/5290163276924611113030,P0/P2,false,pair:P0:P2:SE
675,2163,25058225747989761388173725/11182916008871737488838,11777281891009898502267583/11182916008871737488838,P0/P1,false,pair:P0:P1:W
676,2164,13794204604244649417083785/6161393538274369326574,6497722709427735235396579/6161393538274369326574,P1/P2,false,pair:P1:P2:S
677,2169,3243327985465302782828215/1443601636083890691474,1528454198948513818266845/1443601636083890691474,P1/P2,false,pair:P1:P2:E
678,2173,31152942946716749495308867/13833426905816391651962,14658913424121908322328545/13833426905816391651962,P0/P1,false,pair:P0:P1:NE
679,2178,31228500810442663818728003/13833426905816391651962,14696692355984865484038113/13833426905816391651962,P0/P1,false,pair:P0:P1:NE
680,2184,30370021476647293187193837/13410225775553615479078,14264098861327512368262191/13410225775553615479078,P0/P1,false,pair:P0:P1:NE
681,2189,4953649697564894187055003/2175388035362276302794,769768922642258058445027/725129345120758767598,P0/P1,false,pair:P0:P1:NE
682,2192,16403357683062627228302951/7204460246300452834866,7688295260800397939202413/7204460246300452834866,P1/P2,false,pair:P1:P2:SE
683,2198,68646613818581331687297221/30068689442145289998198,32227093705466489040521591/30068689442145289998198,P0/P2,false,pair:P0:P2:S
684,2199,45528090095301853110390947/19936900518992967038394,21398476764514532634324481/19936900518992967038394,P1/P2,false,pair:P1:P2:W
685,2205,22945169492632039165281687/10022896480715096666066,10767550523064134454646909/10022896480715096666066,P0/P2,false,pair:P0:P2:S
686,2206,1717373488196758519163451/751390980377895205514,23479128526211181197521541/21790338430958960959906,P1/P2,false,pair:P1:P2:NW
687,2210,15238994918205546306312929/6645633506330989012798,21474034628240446957743617/19936900518992967038394,P1/P2,false,pair:P1:P2:W
688,2220,10672654465385338034682865/4635525134980225479966,1679835155169107375885001/1545175044993408493322,P0/P2,false,pair:P0:P2:N
689,2222,9610285989752453124326411/4139175505593164519146,4449540453353568244919161/4139175505593164519146,P0/P2,false,pair:P0:P2:N
690,2228,4824714157846146796829339/2082307958323959314890,2264263821448850664887209/2082307958323959314890,P1/P2,false,pair:P1:P2:SW
691,2233,49587593665580898173268569/21367137300696184787022,23358211219423224665849555/21367137300696184787022,P0/P2,false,pair:P0:P2:SE
692,2235,45353985342197056378400933/19540795256968192110518,21383850317891443505891351/19540795256968192110518,P1/P2,false,pair:P1:P2:SW
693,2238,85996892235089716948281/36745117166882552462,119395137175082085593945/110235351500647657386,P1/P2,false,pair:P1:P2:SW
694,2241,24033928730295648662454463/10326009454922287956354,11307231158056180455385909/10326009454922287956354,P1/P2,false,pair:P1:P2:S
695,2250,8518387372822706151612653/3596773245319820015398,3893497380559934612308783/3596773245319820015398,P0/P2,false,pair:P0:P2:W
696,2253,37680630014688334066674253/16082970079807160501350,3549177718768854301766979/3216594015961432100270,P1/P2,false,pair:P1:P2:E
697,2256,64420441803678832717637393/27497706782110761418462,30421294278192720060914363/27497706782110761418462,P0/P2,false,pair:P0:P2:N
698,2262,37869524674003119875222093/16082970079807160501350,17821446457570185832254031/16082970079807160501350,P1/P2,false,pair:P1:P2:E
699,2266,330769507540889691912173/139493162103559997734,1691539691775488391938565/1534424783139159975074,P0/P1,false,pair:P0:P1:E
700,2271,17064488990664377558220391/7204460246300452834866,7999971448669794523306349/7204460246300452834866,P0/P1,false,pair:P0:P1:NW
701,2273,12057518413831348478242471/5103744531754207784370,17109248968472708794320007/15311233595262623353110,P1/P2,false,pair:P1:P2:S
702,2275,24463664080236786376900799/10326009454922287956354,3838338427767481614929511/3442003151640762652118,P0/P1,false,pair:P0:P1:W
703,2280,8170295915021827609679253/3442003151640762652118,11533904749233923425643317/10326009454922287956354,P0/P1,false,pair:P0:P1:W
704,2285,91467696097057521156145255/38479001058913868958258,43086545366993586194181997/38479001058913868958258,P0/P1,false,pair:P0:P1:SW
705,2286,54730198632891727880898587/23033822749813038554826,77456159031390832429660283/69101468249439115664478,P1/P2,false,pair:P1:P2:S
706,2288,115814904723809919717574901/48573969191969969901334,54258256347213299477324679/48573969191969969901334,P0/P1,false,pair:P0:P1:SW
707,2290,277794898608030177691992827/116642182086786637400330,130888682550336789920321481/116642182086786637400330,P0/P2,false,pair:P0:P2:S
708,2293,18485023539780804642523333/7763778026923799453558,113454819145144110002914059/100929114350009392896254,P0/P2,false,pair:P0:P2:S
709,2297,278550477245289320926184187/116642182086786637400330,26238182801048089442799605/23328436417357327480066,P0/P2,false,pair:P0:P2:S
710,2298,169853399223631296883691499/70983235277572233731882,79658154766861595448069657/70983235277572233731882,P1/P2,false,pair:P1:P2:NE
711,2300,116323446066657742774886997/48682352664921974881366,54834535515324597737118375/48682352664921974881366,P0/P2,false,pair:P0:P2:SE
712,2304,7726258801244169130557557/3226107997510034890774,18189266018457683497164323/16130539987550174453870,P1/P2,false,pair:P1:P2:E
713,2306,1580160961850576846424183/659694553821531605522,21618309896089577969515337/19131142060824416560138,P0/P2,false,pair:P0:P2:NE
714,2311,301649092819755874878191219/125586163046273710307866,141928412484870750170291697/125586163046273710307866,P1/P2,false,pair:P1:P2:SE
715,2314,45994673087050035773994363/19131142060824416560138,21703312492781231583361865/19131142060824416560138,P0/P1,false,pair:P0:P1:NW
716,2317,582496857794446404511277747/241920333683141712028058,274004073031112910793360561/241920333683141712028058,P0/P2,false,pair:P0:P2:W
717,2320,425044499757967569459325863/176235242923855208133554,199575596207668673234848557/176235242923855208133554,P0/P1,false,pair:P0:P1:NW
718,2322,24320289406216777412713149/10086781699776942904198,126106162409543658399901269/110954598697546371946178,P1/P2,false,pair:P1:P2:NW
719,2324,112882066997570647502154989/46739242465000349556518,53036901369088099920742191/46739242465000349556518,P1/P2,false,pair:P1:P2:NW
720,2326,106645669643942943929274169/44101978712226433447566,16680588176406113810439889/14700659570742144482522,P0/P1,false,pair:P0:P1:W
721,2328,343965060359199715668242707/142139142480194993120474,161116697262542512561275601/142139142480194993120474,P0/P1,false,pair:P0:P1:W
722,2331,303764713004081475933927027/125586163046273710307866,142910664713307636374740465/125586163046273710307866,P1/P2,false,pair:P1:P2:NW
723,2335,40974496437058397902281717/16800514827875695159574,18982193533939678393627783/16800514827875695159574,P0/P1,false,pair:P0:P1:S
724,2336,29813782703817857390135573/12282500325719400296150,181713757356284921658654651/159672504234352203849950,P0/P2,false,pair:P0:P2:N
725,2337,834941553952429254997033611/344613394080051050273258,393283723797337337826941689/344613394080051050273258,P0/P1,false,pair:P0:P1:S
726,2340,318827054621106045950141649/131379998601551733572446,149782163898952822702293499/131379998601551733572446,P0/P2,false,pair:P0:P2:N
727,2344,1165155377088125696564699699/479017512703056611549850,545745734978662079563317041/479017512703056611549850,P0/P1,false,pair:P0:P1:S
728,2348,721027447605998170214663417/296200242339901420833550,338624075283765074121878451/296200242339901420833550,P0/P2,false,pair:P0:P2:SW
729,2349,805075270952765288025244207/329488690215773237898914,375041655268985580102265605/329488690215773237898914,P1/P2,false,pair:P1:P2:NE
730,2356,18729764233492737983833433/7690250361580831746638,346150974876613785735530789/299919764101652438118882,P1/P2,false,pair:P1:P2:SW
731,2358,1613914500284249304682328333/660075910290138632189670,252922102033776604895867269/220025303430046210729890,P0/P1,false,pair:P0:P1:SE
732,2361,1927399415488838100888476423/788431788870236538057970,181657294871427995341045161/157686357774047307611594,P0/P2,false,pair:P0:P2:SW
733,2368,478255155825328515381099621/194847797637381158557750,135001491881674805425024001/116908678582428695134650,P0/P2,false,pair:P0:P2:W
734,2370,1766395419424345182902240101/719894244132815056718390,166399828275580042827855787/143978848826563011343678,P0/P2,false,pair:P0:P2:W
735,2374,960578504641897739181921415/389307024058449662427634,449181184910266951434972365/389307024058449662427634,P0/P1,false,pair:P0:P1:W
736,2375,921739774999612410142310729/374832467827475373236846,434839815243697951931241251/374832467827475373236846,P1/P2,false,pair:P1:P2:SW
737,2378,3725682508863159136096748843/1514970141189813746201770,1761007698005766523872843737/1514970141189813746201770,P0/P2,false,pair:P0:P2:W
738,2379,610489840452423136756747471/247391150126477967522146,286247631300437678663974885/247391150126477967522146,P1/P2,false,pair:P1:P2:S
739,2391,5035047773427612361229936705/2029229751998520032521342,2370938855383978072141895627/2029229751998520032521342,P0/P2,false,pair:P0:P2:N
740,2394,144182108210917385561584985/57906590644144661006926,67481272218100144382795731/57906590644144661006926,P0/P2,false,pair:P0:P2:NW
741,2397,2429028561512154335968368473/976606001293010868454990,1146151050634703402858354131/976606001293010868454990,P1/P2,false,pair:P1:P2:N
742,2401,5661738045444480630790601999/2271811087516492407757026,890089212793958305486784055/757270362505497469252342,P0/P1,false,pair:P0:P1:SW
743,2410,15027638008369027455050367/5991713258010133085698,91876422927192847871708145/77892272354131730114074,P0/P1,false,pair:P0:P1:SE
744,2415,819330803384013091763007013/326109409261239633097910,385667478116226450479557783/326109409261239633097910,P1/P2,false,pair:P1:P2:NW
745,2417,1967327507028356850965356817/782953394332412350696158,928721382400028977212807355/782953394332412350696158,P0/P1,false,pair:P0:P1:SE
746,2426,166273938109858644527554623/65566327150389532787330,388660844002707309424286857/327831635751947663936650,P0/P2,false,pair:P0:P2:NE
747,2428,565580849644742207016227153/220741627815722955893342,257688637092149923687246715/220741627815722955893342,P0/P2,false,pair:P0:P2:NE
748,2430,5896094003797891916660568865/2325989129226741284026046,2764083760112586833465519979/2325989129226741284026046,P0/P1,false,pair:P0:P1:W
749,2433,8222463256705547438909774759/3250681910195350448296882,3880044876131697192933546797/3250681910195350448296882,P0/P1,false,pair:P0:P1:W
750,2440,6213750129223856779560146409/2442311687984442985158958,2916631606289915080455558659/2442311687984442985158958,P0/P1,false,pair:P0:P1:NE
751,2445,7163981657667004005878373565/2811151800262686034497414,1123734602281894308775125429/937050600087562011499138,P1/P2,false,pair:P1:P2:S
752,2447,4401279597144883090644065633/1732470374770298781016638,2087806200240300565716533291/1732470374770298781016638,P1/P2,false,pair:P1:P2:S
753,2448,198608282249011672822677619/77892272354131730114074,13346479876224870214542919/11127467479161675730582,P0/P2,false,pair:P0:P2:NE
754,2452,12290100110919870350058167753/4816588698860175149689198,5800351783551715864443882659/4816588698860175149689198,P1/P2,false,pair:P1:P2:E
755,2454,2545976356169293515191350927/992727458077319984899554,395852723758297596508619703/330909152692439994966518,P1/P2,false,pair:P1:P2:E
756,2458,5177628744605106988585924197/2028253179149129283527734,2452900023217666638575519575/2028253179149129283527734,P1/P2,false,pair:P1:P2:NE
757,2460,1940608819519032966971638827/755733445731307691603626,907517359479060050105453785/755733445731307691603626,P0/P1,false,pair:P0:P1:W
758,2463,8777458032805646934870809587/3423397511854042965602074,4133520783292677929416981105/3423397511854042965602074,P1/P2,false,pair:P1:P2:NE
759,2464,1401996388276209375514522729/548704191313650840788014,666584624295826110355137923/548704191313650840788014,P0/P2,false,pair:P0:P2:NW
760,2470,2887320832779914777072255963/1124497403482426119710538,1363152347982403370766973289/1124497403482426119710538,P0/P1,false,pair:P0:P1:SW
761,2471,1814125690400020229438733037/705904298851667706364710,57009151817888598876630241/47060286590111180424314,P0/P2,false,pair:P0:P2:NW
762,2474,9104785564788528831168036539/3539720070611744666734986,186561057945585421439384543/153900872635293246379782,P1/P2,false,pair:P1:P2:NW
763,2484,1645850009128714443132137351/638434314124215241477106,780715630523340112925201869/638434314124215241477106,P0/P1,false,pair:P0:P1:SW
764,2485,3489314997523594774376445475/1349302698450240732736186,149359501239080526927182627/122663881677294612066926,P1/P2,false,pair:P1:P2:S
765,2487,460866247098720082811077031/177717096081506372814770,215559720776636420818451757/177717096081506372814770,P0/P1,false,pair:P0:P1:SW
766,2488,3717246426969444726194009673/1435660499279586991388782,1746118413727890895533955619/1435660499279586991388782,P1/P2,false,pair:P1:P2:S
767,2492,745251638558749382896421701/287746536364009951500918,1054473167072749392483706597/863239609092029854502754,P1/P2,false,pair:P1:P2:SE
768,2497,8422732631258246008853259703/3243937266232914164223890,793624582691522128272314873/648787453246582832844778,P0/P1,false,pair:P0:P1:S
769,2499,2255582520747561811655540965/869618058564530425974582,1777632593621732567313244689/1449363430940884043290970,P1/P2,false,pair:P1:P2:NE
770,2503,8658442138784203001099774725/3322915457158498208619254,4063723337959487872219359799/3322915457158498208619254,P0/P2,false,pair:P0:P2:E
771,2507,10187509436633350730986416149/3902656399689276464918742,4780127039179502614669941223/3902656399689276464918742,P0/P1,false,pair:P0:P1:SW
772,2508,28750943471089327813388354539/10996982069619331927914282,4485431911932146562020956339/3665660689873110642638094,P0/P2,false,pair:P0:P2:E
773,2510,35274912240959770717340796743/13529417455396194333727858,16656633963771606961072069389/13529417455396194333727858,P0/P1,false,pair:P0:P1:SW
774,2516,15761170343797823745762827543/5980772678832170669441234,7286236064542419517694008061/5980772678832170669441234,P0/P1,false,pair:P0:P1:SW
775,2518,4466658079423307882035083633/1704736890613253478365726,2100065860304873165092095195/1704736890613253478365726,P0/P2,false,pair:P0:P2:SE
776,2520,55705358926975102366798510585/21295017570979884984410382,26314817700335551123779515059/21295017570979884984410382,P0/P1,false,pair:P0:P1:SW
777,2523,27678479032226263334343654943/10548487314006272882157250,2596988993510762925257971217/2109697462801254576431450,P0/P1,false,pair:P0:P1:SW
778,2526,41469036042796027218970594649/15830313424579664680180302,6532012002794523209485481969/5276771141526554893393434,P0/P2,false,pair:P0:P2:SE
779,2529,27736507471567765534729551391/10548487314006272882157250,13013959187224565726482804309/10548487314006272882157250,P1/P2,false,pair:P1:P2:NW
780,2531,20351261725592568140382246089/7759383905414881210792814,9623764780119580665511782819/7759383905414881210792814,P0/P2,false,pair:P0:P2:SE
781,2535,9874990852270175934138503501/3762248713193917226350182,23412796102955117464203400331/18811243565969586131750910,P0/P2,false,pair:P0:P2:S
782,2537,32243741300094122060457653981/12243343420610331991243590,15197308041177204607528920191/12243343420610331991243590,P0/P1,false,pair:P0:P1:N
783,2543,49549039579375386271850206849/18811243565969586131750910,3352974934613802809227042397/2687320509424226590250130,P1/P2,false,pair:P1:P2:S
784,2547,50933937039529117607529278387/19232721823671301224763290,1590766761692960113872329791/1282181454911420081650886,P0/P2,false,pair:P0:P2:W
785,2550,15131871151951198517018089273/5675443275251077850736270,777906976945902868627748763/630604808361230872304030,P0/P1,false,pair:P0:P1:N
786,2551,105641024542153607478758871743/39908218193982131896065410,49827570739680930253074985269/39908218193982131896065410,P1/P2,false,pair:P1:P2:SW
787,2558,1550153633805498434722973097/583016353362396761487790,5110902577658014358365337301/4081114473536777330414530,P1/P2,false,pair:P1:P2:S
788,2560,192498363058758780994154921497/72386409186777854789630158,90893230507668892034490384403/72386409186777854789630158,P0/P2,false,pair:P0:P2:S
789,2562,17242719532271583216317908063/6473309870629018868308546,625057940869039244490618153/497946913125309143716042,P0/P2,false,pair:P0:P2:SE
790,2564,184751310809575268601586403713/69194942805266090719341054,28888556045375010508903793113/23064980935088696906447018,P0/P1,false,pair:P0:P1:SW
791,2567,209133694922773904304622529061/78373661841324734345591990,98324286115023096341056831639/78373661841324734345591990,P0/P1,false,pair:P0:P1:SW
792,2572,52339351072164955781993038139/19600161464375825875324042,24702081833241017213194714249/19600161464375825875324042,P1/P2,false,pair:P1:P2:E
793,2579,190109490748379371561522158983/70970618656316894498795506,89814302603905091579575685069/70970618656316894498795506,P1/P2,false,pair:P1:P2:NE
794,2588,280967309392707679055598386081/104266901323840809818826174,132181295958181521730239892715/104266901323840809818826174,P0/P1,false,pair:P0:P1:S
795,2589,85430788604049459997536082705/31770295727565242748147422,40410138937423057153186256571/31770295727565242748147422,P1/P2,false,pair:P1:P2:W
796,2596,77125330848649960957893927607/28506839139816781511431570,108677305359270795723348961943/85520517419450344534294710,P0/P2,false,pair:P0:P2:NW
797,2598,146862726072135971993383171529/54450571125996051667827054,69527512492902431472596178083/54450571125996051667827054,P0/P2,false,pair:P0:P2:NW
798,2600,273174248325442071332224370979/100769517654096340571325626,128090049497788726922854456193/100769517654096340571325626,P1/P2,false,pair:P1:P2:NW
799,2602,101418067172800479548519399277/37674335988792979178764838,6921876504506861843181002265/5382047998398997025537834,P0/P1,false,pair:P0:P1:NE
800,2603,396088783129496638697848010097/146521510208427944203010590,187313790606024313495827273947/146521510208427944203010590,P1/P2,false,pair:P1:P2:NW
801,2604,403905886223144837329198707163/148615699084753705926855498,188623704335332834812661183337/148615699084753705926855498,P0/P2,false,pair:P0:P2:N
802,2608,1384968220223011970401456501/510375194939671418797590,198857477226375077191412840791/155664434456599782733264950,P0/P1,false,pair:P0:P1:E
803,2612,632120372349923833710598953737/233178884886285113006632686,298618836027614983092380872291/233178884886285113006632686,P0/P1,false,pair:P0:P1:E
804,2615,1200725727629458290755766443197/441658719501609594332876678,565417680616130877285389198623/441658719501609594332876678,P1/P2,false,pair:P1:P2:NW
805,2617,48277682835207978573866278171/17757297360736929714861258,569280478196574572222536956673/443932434018423242871531450,P0/P2,false,pair:P0:P2:NE
806,2621,53383862980311995388939174203/19600161464375825875324042,25175980754529951849679535241/19600161464375825875324042,P0/P1,false,pair:P0:P1:E
807,2623,571713526904905043840612744999/209616691873731305595571378,268730243378737741661582205357/209616691873731305595571378,P0/P1,false,pair:P0:P1:E
808,2627,874085511550756884725957018149/319656733923654394995444918,136409302552332849826989769437/106552244641218131665148306,P1/P2,false,pair:P1:P2:N
809,2630,2761894965513502754311335991487/1011589447204244122239078786,56620062594634030584985553555/43982149878445396619090382,P0/P2,false,pair:P0:P2:NE
810,2638,16515540055237352350779481367/5980772678832170669441234,7644078107148349753407036157/5980772678832170669441234,P1/P2,false,pair:P1:P2:NW
811,2640,190089927228993471037088876929/69194942805266090719341054,89257605093378796477281420683/69194942805266090719341054,P0/P2,false,pair:P0:P2:SE
812,2642,252389874016549363680699882095/92097923098610461690887714,119624316249031239210624038341/92097923098610461690887714,P0/P2,false,pair:P0:P2:E
813,2645,589682553325885977766558213377/214399251603267425158509310,831810784935812718399015885857/643197754809802275475527930,P0/P2,false,pair:P0:P2:E
814,2650,1563319490956064269190440250657/568208134113192090747617982,740474509089719017438196723051/568208134113192090747617982,P1/P2,false,pair:P1:P2:NW
815,2654,191250496015823515044806805889/69194942805266090719341054,29933067953522050115849929177/23064980935088696906447018,P0/P2,false,pair:P0:P2:SE
816,2660,1025484372785200097470963635317/372275979356935332248188950,489376354539369815729775174151/372275979356935332248188950,P1/P2,false,pair:P1:P2:S
817,2666,4105299349666942422586258517125/1479395064241192783757645814,645355712207570421163254922813/493131688080397594585881938,P0/P2,false,pair:P0:P2:SE
818,2673,2381767559609956986580847273853/855654241525261235066223110,3370775885187164592045936972317/2566962724575783705198669330,P1/P2,false,pair:P1:P2:W
819,2675,3191239341405764651377724678889/1145709717470268914598215470,1506206814736090506799382963459/1145709717470268914598215470,P0/P1,false,pair:P0:P1:SW
820,2677,2571695381472399420672494591747/921888104187656189672143098,1209620734850884521866705005601/921888104187656189672143098,P0/P1,false,pair:P0:P1:SW
821,2678,8607878004038656748783408242457/3087256952840991123415398094,4056742866931271308386710252307/3087256952840991123415398094,P1/P2,false,pair:P1:P2:W
822,2683,8081189245291036321060405469893/2891714898850171464469605238,3804057222258730834878068690807/2891714898850171464469605238,P0/P1,false,pair:P0:P1:SW
823,2685,10512780051336814407947385665653/3761557955543757534533333014,4959961151719956301620866313735/3761557955543757534533333014,P0/P1,false,pair:P0:P1:W
824,2687,20097126715209365117676671466179/7180593945462143697379279226,9480830035545943791892599102817/7180593945462143697379279226,P0/P2,false,pair:P0:P2:W
825,2689,25400932216668321761718748389623/9066228804532153711300401426,11962108797535547141547857667485/9066228804532153711300401426,P0/P2,false,pair:P0:P2:W
826,2698,10592008213851078745540929615989/3761557955543757534533333014,4994623472819946949318041792007/3761557955543757534533333014,P0/P1,false,pair:P0:P1:E
827,2700,46212275725101400452551232697/16327679563021396541619086,64708819948970707106635268825/48983038689064189624857258,P0/P2,false,pair:P0:P2:NW
828,2706,1821660111647286594982887419651/643197754809802275475527930,857033813236252341500085541921/643197754809802275475527930,P0/P1,false,pair:P0:P1:W
829,2708,5980307765225857676798034025887/2108060091036967739836360642,2811243966456498007210076555477/2108060091036967739836360642,P0/P1,false,pair:P0:P1:NW
830,2709,2475817421861285361728890365425/876269154093780472386871582,1175722698505588775090430094939/876269154093780472386871582,P1/P2,false,pair:P1:P2:N
831,2719,1944298574741837770616854368243/686409901578192671339185946,927061683535668537614725576305/686409901578192671339185946,P0/P2,false,pair:P0:P2:S
832,2720,122145506798747488487968665037/42879850320653485031701862,8368791974693144297084291639/6244638396211672577432310,P0/P1,false,pair:P0:P1:E
833,2724,10063965244607574566312655161591/3528641484193890215452641554,4740150414439736367419582078365/3528641484193890215452641554,P0/P1,false,pair:P0:P1:SE
834,2726,12971129653763045403000274934565/4545286574568784568531049142,6109192754517742600617750043543/4545286574568784568531049142,P0/P2,false,pair:P0:P2:SW
835,2730,12529047106555859189432730848561/4386123952846983286203732638,5910884230896588964454077865499/4386123952846983286203732638,P0/P1,false,pair:P0:P1:SE
836,2734,187048658554605675522218353179/65120730276724966650112714,87297735830954502302695933481/65120730276724966650112714,P0/P1,false,pair:P0:P1:NE
837,2740,13767060485492143002961923603611/4803415828759533691570664906,6492460427291024612011302971817/4803415828759533691570664906,P0/P2,false,pair:P0:P2:NE
838,2741,2716161928073883245331371496079/947483075308797425208634850,11528921532303053648711390787661/8527347677779176826877713650,P1/P2,false,pair:P1:P2:S
839,2745,15134212457950920516316241879277/5268893015552781470278219558,7134098281356414970631523107631/5268893015552781470278219558,P1/P2,false,pair:P1:P2:W
840,2747,1552552130385997955522827610381/541157893697395461084645094,735617760705793664976750148751/541157893697395461084645094,P0/P2,false,pair:P0:P2:E
841,2749,3975309438956064830228895983877/1381325135877398451474898678,1869346634939599308610501448759/1381325135877398451474898678,P0/P2,false,pair:P0:P2:E
842,2754,24554396076122062672173466396423/8527347677779176826877713650,11578439133874468859707355756621/8527347677779176826877713650,P1/P2,false,pair:P1:P2:S
843,2757,188286598593891055797117477403/65120730276724966650112714,88071448355507864974507886121/65120730276724966650112714,P1/P2,false,pair:P1:P2:SW
844,2761,1358196000185447167046286500963/470949276797175280255602234,14777270904837988655104014558935/10831833366335031445878851382,P0/P2,false,pair:P0:P2:NW
845,2764,4755690514195907419465146626417/1641808056984298318075349534,2234011828754484571257524235483/1641808056984298318075349534,P0/P2,false,pair:P0:P2:W
846,2767,1083132575148259657696068935731/373614071590166194958149274,509813413970140550487153715505/373614071590166194958149274,P1/P2,false,pair:P1:P2:NW
847,2771,6029387198297689143554863044707/2074287329741107402625525306,8478642566053779486302626892227/6222861989223322207876575918,P1/P2,false,pair:P1:P2:N
848,2772,14083040091358625160967494629161/4825972010739730963484645038,6540570004401105027448266867651/4825972010739730963484645038,P0/P1,false,pair:P0:P1:E
849,2775,56058461866365729925173282765705/19283988941529261013193715182,26390655814255487384041620526051/19283988941529261013193715182,P0/P2,false,pair:P0:P2:N
850,2783,13878542307314012321992196048239/4777416194311462844820203554,6597124748823996193089233948357/4777416194311462844820203554,P0/P1,false,pair:P0:P1:E
851,2785,56276339313279956853555528629129/19283988941529261013193715182,26489691017398317806033550463971/19283988941529261013193715182,P0/P2,false,pair:P0:P2:S
852,2789,14182075294501455582959424567081/4825972010739730963484645038,6580184085658237196245038842819/4825972010739730963484645038,P0/P1,false,pair:P0:P1:E
853,2791,23904690671395500102820544049799/8178125183158279015779730930,2251465815729394088256090029609/1635625036631655803155946186,P0/P2,false,pair:P0:P2:SW
854,2792,33627306048289544622681663532517/11530278355576827068074816822,15934474071635703686315861453271/11530278355576827068074816822,P0/P1,false,pair:P0:P1:E
855,2796,43043345372003218504162382269367/14708688659311248418438300562,20287612105104947206643894418397/14708688659311248418438300562,P1/P2,false,pair:P1:P2:SW
856,2799,4057975436864298205131174447545/1384908621024759049590817166,3545847481713885556581635732017/2571973153331695377811517594,P0/P1,false,pair:P0:P1:S
857,2806,12688234048563128925353029047349/4306034634128723710054217878,5937421663653781694092293889863/4306034634128723710054217878,P1/P2,false,pair:P1:P2:NE
858,2808,1279178152380766472886161717615/436203498848309283290726434,605888391676037778869158054597/436203498848309283290726434,P1/P2,false,pair:P1:P2:NE
859,2811,1230263912204755927591215562233/423823626407363295296985358,600708984965601617951472328371/423823626407363295296985358,P0/P1,false,pair:P0:P1:NW
860,2813,16835880794749358475118089245301/5712094500907292281034308630,1583200115243645700216390104475/1142418900181458456206861726,P0/P1,false,pair:P0:P1:NW
861,2817,72243088410371438986704904198725/24524255571886927238755548278,34244270956214090411835281666551/24524255571886927238755548278,P0/P1,false,pair:P0:P1:N
862,2821,135020478786321380941911384757877/45660101475660908644610274326,63706889873459373638213629720583/45660101475660908644610274326,P0/P2,false,pair:P0:P2:NW
863,2824,19395443822301700752292450307687/6559741753722018871628279346,1309208609663182312490151699947/937105964817431267375468478,P1/P2,false,pair:P1:P2:NW
864,2825,5082725662727028383047669502145/1719572413843587240520162174,343467018370544287940426393501/245653201977655320074308882,P0/P1,false,pair:P0:P1:SW
865,2829,125056158491279031935323486246855/42230678589658612149095136114,59196662294806402312809873657997/42230678589658612149095136114,P0/P1,false,pair:P0:P1:E
866,2830,130867246236900591450960411271329/44061569835398246844451806142,61519582984550038066966062146539/44061569835398246844451806142,P0/P2,false,pair:P0:P2:W
867,2833,6766239915046921211628497088171/2279986283303506956018786730,35085345925335505965292366767059/25079849116338576516206654030,P0/P2,false,pair:P0:P2:SW
868,2836,457688745113618872112984806701971/154045392421215507086177882074,215957676009588464688823991481937/154045392421215507086177882074,P1/P2,false,pair:P1:P2:N
869,2838,2756041363078716105931468361269/925343377930368650327442582,148766326025566071341484953102053/106414488461992394787655896930,P0/P2,false,pair:P0:P2:SE
870,2840,131263387049471913138928131023009/44061569835398246844451806142,61678039309578566742153150047211/44061569835398246844451806142,P0/P2,false,pair:P0:P2:E
871,2844,600017296723470678795721630864727/201676296380438619384699867218,283782851293724972736911381464509/201676296380438619384699867218,P1/P2,false,pair:P1:P2:N
872,2845,1235174460831803612561456057161973/414505273304423408960011661078,581949328644971230120629639271303/414505273304423408960011661078,P0/P2,false,pair:P0:P2:SE
873,2848,237098036167557913804675713504759/79272341626753459652848348946,111079530211890693778474491374749/79272341626753459652848348946,P0/P1,false,pair:P0:P1:SE
874,2849,816178186728787964810491092692753/273220217056432515102766100190,25574162324331071304016494147221/18214681137095501006851073346,P0/P2,false,pair:P0:P2:E
875,2851,756000274291782696754279226602465/252983899462226523029259285822,355256284402712066780241727158187/252983899462226523029259285822,P1/P2,false,pair:P1:P2:N
876,2856,33190972687369385222137742239103/11135768473074804553470425090,15779412767794724639451480883061/11135768473074804553470425090,P0/P2,false,pair:P0:P2:NW
877,2857,244271769345675914777533897141731/81614157242388744946823723834,114941212085956382517678191734721/81614157242388744946823723834,P0/P1,false,pair:P0:P1:E
878,2858,111507878596198373888982928185319/37071083350089526732942023474,17274520338259161319957422734159/12357027783363175577647341158,P0/P2,false,pair:P0:P2:NW
879,2860,208924262107744619205398879229955/69819625802210259862531065594,98399552239472476589387029192481/69819625802210259862531065594,P0/P1,false,pair:P0:P1:E
880,2861,306340645619290864521814830274591/102568168254330992992120107714,144975543464167469218901790182485/102568168254330992992120107714,P0/P2,false,pair:P0:P2:NW
881,2868,455255925061464359794064400377593/151529203154332939231592498958,91624051864011891289914950511071/64941087066142688242111070982,P0/P1,false,pair:P0:P1:NE
882,2871,854500496553076526020238000875131/284247903391835246989513867786,1205735765819704245215648866403035/852743710175505740968541603358,P0/P2,false,pair:P0:P2:N
883,2874,5050656159819790045691811511846417/1678174446124607904864332136670,2378207230639187620692501455761339/1678174446124607904864332136670,P1/P2,false,pair:P1:P2:NE
884,2876,3835112787578000920576251232530893/1273506687908693005749255386470,95093984463028793646844224577493/67026667784668052934171336130,P0/P1,false,pair:P0:P1:E
885,2878,263829179059581724502214777956353/87615408416573655500920564990,2113540673095445125839842855085499/1489461943081752143515649604830,P0/P1,false,pair:P0:P1:E
886,2880,20511475998449762525693028301641/6814575511890731200004402798,959968099270579321703621090254985/674642975677182388800435877002,P1/P2,false,pair:P1:P2:E
887,2884,2927526120872012564185953600841309/971333106306567719032315518022,1381181267463841413334922743000831/971333106306567719032315518022,P1/P2,false,pair:P1:P2:S
888,2886,899300979882988676230224310821277/297892388616350428703129920966,2117343624896129814044332964701627/1489461943081752143515649604830,P0/P2,false,pair:P0:P2:E
889,2889,3846521642980054985189721561379277/1273506687908693005749255386470,362117731319646353498906075317699/254701337581738601149851077294,P0/P2,false,pair:P0:P2:E
890,2890,2933864373873153711193437116868189/971333106306567719032315518022,1383716568664297872137916149411583/971333106306567719032315518022,P1/P2,false,pair:P1:P2:S
891,2893,2090856179668476380725249254304475/690101868196287124733521271114,980249294880257642669711875712617/690101868196287124733521271114,P1/P2,false,pair:P1:P2:SE
892,2894,1546044795990634778935980708398477/511439612571302696747249618406,243454486306149796211734225719813/170479870857100898915749872802,P0/P1,false,pair:P0:P1:NE
893,2900,623731688715530598658372622854771/205747010247968763479093924378,294386690417116407306875946064369/205747010247968763479093924378,P0/P2,false,pair:P0:P2:NE
894,2904,2878606637868499792375960077656689/947099961696933621642882869278,1353280851794314245459938605205467/947099961696933621642882869278,P0/P2,false,pair:P0:P2:NE
895,2905,4196866283202063771200355621850351/1381484315495222574632452495650,1976008821449348970083650351096133/1381484315495222574632452495650,P0/P1,false,pair:P0:P1:NW
896,2908,288662681699817764760676625834407/94638359943928691891098798002,134771833120331372933630027210029/94638359943928691891098798002,P0/P1,false,pair:P0:P1:N
897,2909,168806931107973112950846468126851/55481396210169452539292222970,396549399207548220373318816372517/277406981050847262696461114850,P1/P2,false,pair:P1:P2:NE
898,2910,266709292140230035232879088965441/88130261162989878914263518846,42335244322295158168686253984153/29376753720996626304754506282,P0/P1,false,pair:P0:P1:N
899,2916,341086333365628790232315347027583/111709083628791239127431280130,160088784891565383043121172572789/111709083628791239127431280130,P0/P1,false,pair:P0:P1:N
900,2922,5134321099434853186190593923401233/1678174446124607904864332136670,2416870573946148617438150903525307/1678174446124607904864332136670,P0/P2,false,pair:P0:P2:NE
901,2931,852591297091406113214335087270543/277406981050847262696461114850,400827719983318494603370189690661/277406981050847262696461114850,P0/P1,false,pair:P0:P1:SW
902,2935,5160941762039646003622024690714129/1678174446124607904864332136670,486036181049709005230773257436351/335634889224921580972866427334,P1/P2,false,pair:P1:P2:NE
903,2943,1036244834328659534809194388400029/335634889224921580972866427334,2440322110050370861365839912824763/1678174446124607904864332136670,P1/P2,false,pair:P1:P2:NE
904,2947,2423377540913018075953024992055833/784501777094277991844881895630,1145033849015223158903658445380627/784501777094277991844881895630,P0/P1,false,pair:P0:P1:W
905,2952,1070577424530920111511934675693253/345311762405486243999971398518,503407406829377551136868895118199/345311762405486243999971398518,P1/P2,false,pair:P1:P2:S
906,2957,7203595627040587542775505970219663/2322500231491498530794436181474,3403160339913361602450368012478245/2322500231491498530794436181474,P0/P2,false,pair:P0:P2:E
907,2958,2434786396315072140566495320904217/784501777094277991844881895630,229767360163181569421629710999351/156900355418855598368976379126,P1/P2,false,pair:P1:P2:W
908,2961,7215004482442641607388976299068047/2322500231491498530794436181474,3406963291714046290654858122094373/2322500231491498530794436181474,P0/P1,false,pair:P0:P1:E
909,2966,8475054662218744531659638045887323/2723405642046281361587015112778,4001208527179816803508823006710761/2723405642046281361587015112778,P0/P1,false,pair:P0:P1:NE
910,2976,3956955123884511495836061312439747/1266142063105387015102946249594,1867047615678754125554837778286177/1266142063105387015102946249594,P0/P1,false,pair:P0:P1:SE
911,2977,4320462216724316137846284184374511/1381484315495222574632452495650,678740741653396622218247917783831/460494771831740858210817498550,P1/P2,false,pair:P1:P2:NE
912,2981,2594434104486632629212996849449279/828170133868698760314709233794,1222122131866251250307123477158069/828170133868698760314709233794,P0/P2,false,pair:P0:P2:E
913,2982,10230830071674999174433607153890269/3261996108219355108618591371590,961505118335754059963487200723123/652399221643871021723718274318,P1/P2,false,pair:P1:P2:N
914,2986,459191265750911519878062836247935/146462552596993384402624522242,216805412165161561778732547872629/146462552596993384402624522242,P0/P1,false,pair:P0:P1:SE
915,2994,1199623202633516926833567182392551/381716531596062373443120443698,567413495105052101538115535091949/381716531596062373443120443698,P1/P2,false,pair:P1:P2:W
916,2996,7127309364586470113313745076822779/2258818837350941889249578797322,3341240212618522356702461177786313/2258818837350941889249578797322,P0/P1,false,pair:P0:P1:S
917,3002,5841257084396716177904439027633087/1851992273493360552713444338562,2756453149843394387195960275870773/1851992273493360552713444338562,P1/P2,false,pair:P1:P2:NW
918,3009,1205961455634658073841050698419431/381716531596062373443120443698,570265708955565617691483117304045/381716531596062373443120443698,P1/P2,false,pair:P1:P2:S
919,3010,4005759671993298327793684385846723/1266142063105387015102946249594,1890499151782976369482526787585633/1266142063105387015102946249594,P0/P2,false,pair:P0:P2:NE
920,3014,13129359196861463591850575444713019/4140850669343493801573546168970,6181599092944037098019432765291401/4140850669343493801573546168970,P0/P1,false,pair:P0:P1:N
921,3016,10349989228096452738174297255195613/3261996108219355108618591371590,4865837519289268852286284351062911/3261996108219355108618591371590,P0/P1,false,pair:P0:P1:N
922,3019,701567152460311165859767500219745/221155663429216119062114669118,330867517096399235904997368207403/221155663429216119062114669118,P0/P2,false,pair:P0:P2:NE
923,3021,3488785728104043832736227279671281/1099173674564108761623129394462,1647305330263228765609589401779291/1099173674564108761623129394462,P1/P2,false,pair:P1:P2:E
924,3025,1676770333013763112133251489243475/527042694296998043878583256154,3944288694780282413824240469027797/2635213471484990219392916280770,P0/P1,false,pair:P0:P1:NE
925,3028,2582503834373440522267222959087029/812115983741086299981942859158,1219100980915882646549382184044487/812115983741086299981942859158,P0/P2,false,pair:P0:P2:E
926,3032,4019049987599967173266383150119557/1261148078259026688652554140662,5677388501773318560489016591253029/3783444234777080065957662421986,P0/P1,false,pair:P0:P1:N
927,3036,2174971017301768595473039854377087/681090472296836955828460179970,1023065692151931726992903570681973/681090472296836955828460179970,P0/P2,false,pair:P0:P2:N
928,3040,4758724090146402318790240163880367/1486982708192900372828170139554,2231471297390897937583411598088581/1486982708192900372828170139554,P1/P2,false,pair:P1:P2:E
929,3042,10513747983802100530858982654531301/3285465765703212337274841408310,4939437093830534275736680694525143/3285465765703212337274841408310,P0/P2,false,pair:P0:P2:NW
930,3044,40205115720259934815454761581859/12581466689731360514500402362,891423198812806545481260914970799/591328934417373944181518911014,P1/P2,false,pair:P1:P2:E
931,3047,15272967843921052885568153702443897/4767633306077858690799221259790,7181742254667173759374272246059827/4767633306077858690799221259790,P0/P1,false,pair:P0:P1:W
932,3049,5624532572556945405141513207093541/1761481226771444827099601297078,2667750337076740777841057795786135/1761481226771444827099601297078,P0/P1,false,pair:P0:P1:W
933,3055,5938232355314175727118936822844351/1851992273493360552713444338562,2800187095551268301547596536456245/1851992273493360552713444338562,P1/P2,false,pair:P1:P2:NE
934,3060,1899147818353928656837599068387693/591328934417373944181518911014,895543063263548291036125200388271/591328934417373944181518911014,P1/P2,false,pair:P1:P2:N
935,3061,12034844344932125307998030399764367/3740986377725588242773958648802,5653266156467714457422371405616677/3740986377725588242773958648802,P0/P2,false,pair:P0:P2:E
936,3064,2940900234434917012217991488208525/915604788058521155815610637286,6949787339007154524109462098283851/4578023940292605779078053186430,P0/P1,false,pair:P0:P1:SE
937,3068,18668280017338280908923868202590051/5794280234430129138824483870778,2927068928826471302603329488668011/1931426744810043046274827956926,P1/P2,false,pair:P1:P2:NE
938,3072,2158370955819001176269204084221699/664302530371272965157209876730,998334893288593985413909285815329/664302530371272965157209876730,P0/P1,false,pair:P0:P1:E
939,3074,21654696113188288369536108752019639/6705321458474880949822718351762,10183511899749209683151435824079581/6705321458474880949822718351762,P1/P2,false,pair:P1:P2:N
940,3077,11561920587768940989543768908351341/3582067002144870321712411159078,5448531511117021366574856240720559/3582067002144870321712411159078,P1/P2,false,pair:P1:P2:N
941,3079,15778205367105618882825377096769039/4883239010385377327826249389794,7419466492416921473316435610500517/4883239010385377327826249389794,P0/P2,false,pair:P0:P2:E
942,3082,45349466988284002368396869989142417/14039286890970588885982355762654,21400170808845837203231148812212283/14039286890970588885982355762654,P0/P1,false,pair:P0:P1:SE
943,3086,3887613227631354466967833262970597/1201052248277830963572034249526,9159687290861582161293295026757683/6005261241389154817860171247630,P0/P1,false,pair:P0:P1:SE
944,3094,36208633765464600377770683155326603/11148955471699030453627736003050,17051768032308391450246243251480313/11148955471699030453627736003050,P0/P1,false,pair:P0:P1:N
945,3096,668128465975553180719830926594213/206452244233682745168187125686,2224907412277852052552320908581025/1445165709635779216177309879802,P0/P1,false,pair:P0:P1:N
946,3097,18585539954186650213320130742581321/5720847115766866504697554318446,417097270868310908139291415151959/272421291226993643080835919926,P0/P2,false,pair:P0:P2:S
947,3098,19575828830644998573851745142355103/6010028726805738413593207323074,9167703769940360166820368589080021/6010028726805738413593207323074,P0/P1,false,pair:P0:P1:NW
948,3100,10109024138993672657817988229084833/3108957674536508943877089013694,4760884007525063440935085408359915/3108957674536508943877089013694,P1/P2,false,pair:P1:P2:SE
949,3102,516244578490268928218465697872149/158340073550802037462265745110,14740873268744374905765645659749131/9658744486598924285198210451710,P1/P2,false,pair:P1:P2:SE
950,3103,11079847165749030907715395559359765/3413517290927644362043283093206,5250252785455072615017740544252135/3413517290927644362043283093206,P0/P2,false,pair:P0:P2:W
951,3106,26894192778174903899059488405900377/8259264910921842687805959756878,12662611788353005362828043839429843/8259264910921842687805959756878,P0/P2,false,pair:P0:P2:W
952,3109,38435393638254728872848236578694845/11795242428963033905914512046982,18102270898389380861092955241272095/11795242428963033905914512046982,P0/P1,false,pair:P0:P1:NE
953,3111,54704758486276789619574032685431039/16753728290709226885173639549186,8559521301486810118406515027401895/5584576096903075628391213183062,P0/P2,false,pair:P0:P2:NW
954,3113,38643046865648266735013534210272109/11792678994985551239783137993254,18021895852817322153738763631113903/11792678994985551239783137993254,P0/P2,false,pair:P0:P2:N
955,3116,40673378062446011233745645171997997/12450127479939537459741574233766,19139326868829288661925519316154863/12450127479939537459741574233766,P0/P2,false,pair:P0:P2:NE
956,3125,114540277940567445444769212876980267/34937077400197197529312733560490,54023965124589611831877876756537561/34937077400197197529312733560490,P1/P2,false,pair:P1:P2:E
957,3127,77465055948149023991535622355325889/23601358383445657227175342839166,36446881953649393481684794279179851/23601358383445657227175342839166,P0/P1,false,pair:P0:P1:NE
958,3132,726286339164761639188953212724577/221155663429216119062114669118,16306420420165801390174037378879/10531222068057910431529269958,P0/P1,false,pair:P0:P1:NW
959,3134,9956732479582828269738697465661663/3031438594812165430659527070018,32895074735031095558603289825902611/21220070163685158014616689490126,P0/P2,false,pair:P0:P2:E
960,3136,35430033252197936134227714289591891/10779761415776787381565707434586,50117032641327424102458021034845619/32339284247330362144697122303758,P0/P2,false,pair:P0:P2:NE
961,3138,93199749421258327430279594011582919/28312490533817977948460744533874,43803096349184221476762865766416013/28312490533817977948460744533874,P0/P1,false,pair:P0:P1:NW
962,3143,57327685894459801195730411160387/17402813423347977577236377722,837336184042578722147934648312127/539487216123787304894327709382,P1/P2,false,pair:P1:P2:E
963,3146,171951716264256930288126029191733989/52129733592236776400348357331766,80872612710384711970645152802058455/52129733592236776400348357331766,P0/P1,false,pair:P0:P1:N
964,3150,91009789075966511848130387514102839/27598454858848542550272453096082,43051885506551755025965940193270109/27598454858848542550272453096082,P0/P1,false,pair:P0:P1:N
965,3152,172357364456329963696604974217454309/52129733592236776400348357331766,81034871987213925334036730812346583/52129733592236776400348357331766,P0/P1,false,pair:P0:P1:N
966,3157,22112812400701600990652112184738491/6688673907966278891866544687498,31255493713047113952527837356844827/20066021723898836675599634062494,P0/P2,false,pair:P0:P2:SW
967,3160,125135631788360922727518324103675347/37734754834562619391031547923290,58718349236290394171158481253748497/37734754834562619391031547923290,P0/P2,false,pair:P0:P2:SW
968,3167,138785764769262334408457806566874003/41783295599114182417960563183578,65273576926931040270764037100017233/41783295599114182417960563183578,P0/P1,false,pair:P0:P1:SE
969,3173,466825751082747775849022636612139623/140448648431123281389909025019442,220340201375068752389606410939379053/140448648431123281389909025019442,P1/P2,false,pair:P1:P2:W
970,3177,83888136388789648501825038879866111/25134171711755875095979181476098,39332114493160253570211474902516213/25134171711755875095979181476098,P0/P1,false,pair:P0:P1:N
971,3178,491418734266783874864847800613508307/147443440444256717763973459402074,33041248986223075269723303180442919/21063348634893816823424779914582,P0/P2,false,pair:P0:P2:SW
972,3182,547295217237642054536888776708170753/164023752685184453204949804791038,257198307836219655411408217832990987/164023752685184453204949804791038,P0/P2,false,pair:P0:P2:SW
973,3186,189416480821052320395498601488679745/56882057232894916553987898652286,89874177159621278529774125744488651/56882057232894916553987898652286,P1/P2,false,pair:P1:P2:SW
974,3188,221837062556332526572543962378250817/66314574332502416268036467419262,104067859791739277395792717770534347/66314574332502416268036467419262,P1/P2,false,pair:P1:P2:SW
975,3191,977994099138434687344330600419263747/292459464658393814457590668356858,460248088935245540560593463998516769/292459464658393814457590668356858,P0/P2,false,pair:P0:P2:N
976,3195,23901265495220880651641845515760551/7131467508051497965432600208306,258334122774024148955149263905007883/164023752685184453204949804791038,P0/P2,false,pair:P0:P2:NE
977,3201,580544786834589639818400094138067435/172476490770059428415829975165738,271409660658360265250616727293078553/172476490770059428415829975165738,P1/P2,false,pair:P1:P2:SW
978,3204,298499117715356349374055266957026315/88340959862773365763655226988266,46205463362200168612530053763105747/29446986620924455254551742329422,P0/P2,false,pair:P0:P2:NE
979,3205,4857509288480908484792076481162521/1444845280388593882910888123086,48662055655199016808901256170589/30741388944438167721508257938,P0/P1,false,pair:P0:P1:NW
980,3208,2007589194084905676180707888947702939/597382634436468217511945041302986,946705222338684501894667498134862249/597382634436468217511945041302986,P0/P2,false,pair:P0:P2:E
981,3212,572886132518926779151258039330510721/170308476809013038782750728506878,269841079816610004126070099727589259/170308476809013038782750728506878,P0/P1,false,pair:P0:P1:W
982,3214,1833883694448107717471555364617451975/545043701048732314948650588911474,863895949847620721523233447274399373/545043701048732314948650588911474,P0/P1,false,pair:P0:P1:W
983,3216,301628598589386966312450478338985011/89778376355366437034015143906970,85650424949102971397412322442335415/53867025813219862220409086344182,P0/P2,false,pair:P0:P2:SE
984,3219,2013430528050757357262804697318075547/597382634436468217511945041302986,948976852214293488982149590278896041/597382634436468217511945041302986,P0/P2,false,pair:P0:P2:S
985,3222,324931353999365695812032883185176839/96310317804586012778476640717042,152940624448460033198050576552347213/96310317804586012778476640717042,P0/P1,false,pair:P0:P1:N
986,3223,64536868267796072071028802599664265/19149046879685116166558067421166,30473544658632073988521771294820579/19149046879685116166558067421166,P0/P2,false,pair:P0:P2:SW
987,3227,100040570161216161002657015686635865/29446986620924455254551742329422,139265427193917359291156473330469753/88340959862773365763655226988266,P0/P2,false,pair:P0:P2:SW
988,3229,467576781327274474668121076878578679/138378083258229044104564014805778,220229685756900586403217538610812573/138378083258229044104564014805778,P0/P2,false,pair:P0:P2:SW
989,3231,534685044102694398993845754908881025/157739028561355867627148881075198,250559129098510201142234722319053451/157739028561355867627148881075198,P0/P1,false,pair:P0:P1:E
990,3234,326067168937170189355773929257193735/96310317804586012778476640717042,153427402278947673288225310583211597/96310317804586012778476640717042,P1/P2,false,pair:P1:P2:S
991,3237,120893895179209099610414073636203739/35761463241373964578065788147018,24496514007553167859764514486660141/15326341389160270533456766348722,P0/P1,false,pair:P0:P1:NE
992,3239,1707019012721052271859815948255373513/503210814639621187333362838983534,802688527763287477268236227323430307/503210814639621187333362838983534,P1/P2,false,pair:P1:P2:SW
993,3242,929346826143348583777369425121964171/273281155752513382776248906743274,435423798829008125044729568668783865/273281155752513382776248906743274,P1/P2,false,pair:P1:P2:W
994,3244,1018061208948551944810621639628761247/299905025333293919291150645875138,68541533728890063123618060666519619/42843575047613417041592949410734,P1/P2,false,pair:P1:P2:W
995,3250,638087197498188242807148050107999061/187213952978762989204511069256278,298426044737720437167878696658052519/187213952978762989204511069256278,P0/P2,false,pair:P0:P2:SE
996,3257,1414580365462809988035369295503913605/414610452507774590132430608206838,665258432968510279700358849195375799/414610452507774590132430608206838,P0/P1,false,pair:P0:P1:NE
997,3259,505087293543194153034473181182382349/148079678688759453529410552444646,714160628037943637707579470804049325/444239036066278360588231657333938,P0/P2,false,pair:P0:P2:SE
998,3263,4536228561466158924963319218264982669/1327576887194931125457511554502630,2132765341154112557686069392926305039/1327576887194931125457511554502630,P1/P2,false,pair:P1:P2:S
999,3265,4938954622133248809235520210437916437/1446091221428946207280715751011030,2328374121431845989714951879360999143/1446091221428946207280715751011030,P0/P1,false,pair:P0:P1:NE
1000,3279,4162060133521010592648035955902759429/1209062552960916043634307357994230,390027460604543238945702629462932235/241812510592183208726861471598846,P1/P2,false,pair:P1:P2:N
1001,3281,1954025139482645623560374786698828815/566752037129538542052735604923106,912235696557879178222043383825737637/566752037129538542052735604923106,P1/P2,false,pair:P1:P2:N
1002,3282,5788638371986101133280508369796814009/1680940726646024588512132462455694,2712543348685871865725516207688521971/1680940726646024588512132462455694,P0/P2,false,pair:P0:P2:S
1003,3288,8879814668958721577209470252277785815/2579699240786389222302962612121938,4182364952329968869435267797667491901/2579699240786389222302962612121938,P1/P2,false,pair:P1:P2:SE
1004,3290,17227300271864149486833929397564795105/4997824346708221309571577328110398,8090428003663203500335089836790644395/4997824346708221309571577328110398,P0/P1,false,pair:P0:P1:S
1005,3293,9552881509998703639765131735039604621/2769446967675249216652783613045222,4484620402548683297699613692735855631/2769446967675249216652783613045222,P1/P2,false,pair:P1:P2:S
1006,3295,544165482175377482735986744159466527/156436442501131990944260462557890,83367346021971806897237357480225479/52145480833710663648086820852630,P1/P2,false,pair:P1:P2:S
1007,3298,18745133713634775542871301864344824017/5433043023962367699738694106987358,8830400477965562189373564797757255163/5433043023962367699738694106987358,P0/P2,false,pair:P0:P2:NE
1008,3300,3016094138411167042776785043589382601/873091206419101221358550198493550,1418370606896875733103769651481548963/873091206419101221358550198493550,P1/P2,false,pair:P1:P2:SW
1009,3303,12238820759774413380341412208768605697/3545530329221933520227393689141502,5775583998454404677757022059932591883/3545530329221933520227393689141502,P1/P2,false,pair:P1:P2:W
1010,3305,273074287771567688345263782907216221/78999215415214549532212942431814,128742898824073780521050419836098559/78999215415214549532212942431814,P0/P1,false,pair:P0:P1:E
1011,3307,8488772351169149983791160999604455205/2449215868402033513893026743059126,3975507596982488289499465577752100759/2449215868402033513893026743059126,P0/P1,false,pair:P0:P1:E
1012,3314,25396830979534112879000045417139205025/7320555718702801879249994524833214,919439755125974804627769537527829207/563119670669446298403845732679478,P0/P1,false,pair:P0:P1:SE
1013,3321,12935845408392255411743338971058216181/3713203315045466306408433821968150,242869602247096502849439430777368735/148528132601818652256337352878726,P0/P1,false,pair:P0:P1:NE
1014,3322,25800456577673589356983311220743560131/7420307779131956961670175407243130,2434709784842779952762751710240670125/1484061555826391392334035081448626,P1/P2,false,pair:P1:P2:NE
1015,3323,1286461116928133394523997224968534395/370710446408649065526174158527498,610180886803648719257777278176913225/370710446408649065526174158527498,P0/P1,false,pair:P0:P1:NE
1016,3325,11385022682662869552726569741837988179/3271526336307343464459967765980250,5368686142451220190907720376344135057/3271526336307343464459967765980250,P1/P2,false,pair:P1:P2:NE
1017,3329,21770062040099945380504442682854313517/6247757154994234078605452887710886,10252768305583372149368688993798894831/6247757154994234078605452887710886,P0/P1,false,pair:P0:P1:N
1018,3331,58361029916630083458180107609450957519/16756717625422114685834226942180706,27553137925148930149706407075704678885/16756717625422114685834226942180706,P0/P2,false,pair:P0:P2:E
1019,3335,52442675970156225888126497578061534435/15014405114305525922627131665001786,24620647022807862143026197454004690113/15014405114305525922627131665001786,P0/P1,false,pair:P0:P1:NW
1020,3337,24567102229694083726303111364810683179/7021012198591516832780353417484458,34499941775785529764837194585038730635/21063036595774550498341060252453374,P0/P2,false,pair:P0:P2:E
1021,3338,21821985008685293656789747646146514477/6247757154994234078605452887710886,10273537493017511459882810979115775215/6247757154994234078605452887710886,P0/P1,false,pair:P0:P1:N
1022,3342,142955036255650346248197651537783315805/40863432096516952244320081038585414,22425535980011902514459215815975328085/13621144032172317414773360346195138,P0/P2,false,pair:P0:P2:N
1023,3346,56439405526758301892981283034656655259/16110421085963886145696835357646794,26528622477181480782364050990136402601/16110421085963886145696835357646794,P0/P2,false,pair:P0:P2:NW
1024,3351,64736305986655005859544401317811749051/18499030136538703449041322219359626,30693320701831391261527836550573471497/18499030136538703449041322219359626,P0/P2,false,pair:P0:P2:W
1025,3353,11423338449453072287817805228065070863/3261399638644396600580382966813922,27043523292557268466965105360845089593/16306998193221983002901914834069610,P1/P2,false,pair:P1:P2:SE
1026,3357,91419346496422717706365515506719254921/26010618836335087018686345750712814,43093493652496753811004314296773512675/26010618836335087018686345750712814,P0/P2,false,pair:P0:P2:SW
1027,3362,36841819415450501236704083158214490971/10465943020942572814778071997282378,52092031775165524040709135603593089979/31397829062827718444334215991847134,P1/P2,false,pair:P1:P2:S
1028,3365,135845546349948574242449685825791723189/38622609345528426589007135759750038,64324283149185246550859896033848281799/38622609345528426589007135759750038,P0/P1,false,pair:P0:P1:N
1029,3366,98495111991738764270533610441231936519/27964633170227937249027187266097906,46500972489725754079620007954412777293/27964633170227937249027187266097906,P1/P2,false,pair:P1:P2:E
1030,3368,206305455744765844501122185066441166413/58433071384771083999584035338976358,96874174341493900417204373943597766223/58433071384771083999584035338976358,P0/P1,false,pair:P0:P1:N
1031,3375,110940841995034289920394689180981080593/31397829062827718444334215991847134,52258185274638638524822111486128133051/31397829062827718444334215991847134,P1/P2,false,pair:P1:P2:S
1032,3378,26725152186977210446025733652475939683/7545415434802867720716150578888762,12534638835021197442129076114032440385/7545415434802867720716150578888762,P1/P2,false,pair:P1:P2:W
1033,3379,54757499067840603876355467384308051463/15437808759858048856894624141414130,25632930454886144598439531481833882957/15437808759858048856894624141414130,P0/P1,false,pair:P0:P1:NE
1034,3383,63972093145625413288460061646140705305/18064435419856736376037676873031886,30154177782468943811378025493602911251/18064435419856736376037676873031886,P0/P2,false,pair:P0:P2:W
1035,3386,22159484304490057452644229907545820717/6247757154994234078605452887710886,10426710250344288874924460620827768047/6247757154994234078605452887710886,P0/P2,false,pair:P0:P2:W
1036,3387,86036137640120005598339692536170437997/24173048780127010299661296223944230,40192087400092030498784326938407984303/24173048780127010299661296223944230,P0/P1,false,pair:P0:P1:N
1037,3391,125091226380983943092378128064137097699/35238204260600450602873644927546170,58908057117555665829318911992326265793/35238204260600450602873644927546170,P0/P1,false,pair:P0:P1:N
1038,3393,165304990616090840475067523839875696855/46488659932433453885766517149624658,77742846693363819619362703420530621501/46488659932433453885766517149624658,P0/P2,false,pair:P0:P2:NW
1039,3396,160166690914187992699969883619816449143/45094644472549974098988556823613970,75548168333187425596310178957781601309/45094644472549974098988556823613970,P0/P2,false,pair:P0:P2:NW
1040,3401,130644909831569577077758207990533953091/36632219720483930389651605253556858,61268888977205174336484412337610329057/36632219720483930389651605253556858,P0/P1,false,pair:P0:P1:N
1041,3403,163398189965846601304296565759142728123/45963833905913908244995847516269450,77353375732107196364604070557813535241/45963833905913908244995847516269450,P1/P2,false,pair:P1:P2:W
1042,3405,259419863620185976075243210695490579061/72761090560197403141726958999620630,121951089915957569548494659060519998471/72761090560197403141726958999620630,P0/P2,false,pair:P0:P2:N
1043,3406,65899198919892861065050133664852156181/18467720036157283214119664870097622,30917544823172961601108684150794237671/18467720036157283214119664870097622,P1/P2,false,pair:P1:P2:SW
1044,3409,155160211760877270191050712854541850569/43458748656134219528541476420941166,72894385261193928137490112443224754851/43458748656134219528541476420941166,P0/P1,false,pair:P0:P1:N
1045,3413,726529045073099368775062010942479981/203159986833341634026715757247526,67859001142116782860990423598066964745/40428837379834985171316435692257674,P0/P1,false,pair:P0:P1:NW
1046,3416,26199912683149081989389917364796904619/7325585476015795903296370644669866,12321291429134793456664972113945231961/7325585476015795903296370644669866,P0/P2,false,pair:P0:P2:SW
1047,3418,4310145075903206699247860215641116267/1204968925325139329495309860741674,6080201131458619587540508462160033995/3614906775975417988485929582225022,P0/P2,false,pair:P0:P2:SW
1048,3419,3232801964092177952113132047979546585/903032658593424570809840692290894,22785251645546111225721637654993488349/13545489878901368562147610384363410,P1/P2,false,pair:P1:P2:E
1049,3427,62178975058459713717629584094832353401/17316923313169246099662463261889550,29220640260539279543342803772154501683/17316923313169246099662463261889550,P0/P2,false,pair:P0:P2:N
1050,3431,67278135555709371163627609380545489299/18669362344307556633160658868630490,31486151030432224290601111347241824337/18669362344307556633160658868630490,P1/P2,false,pair:P1:P2:N
1051,3437,335350840502249689953585816006657095/93154745640774181610798215111282,158528305002863859430571547501410829/93154745640774181610798215111282,P0/P2,false,pair:P0:P2:W
1052,3440,57536736684761121102942242486090585951/15964484282030935566164267655148610,27162821364987727901225716050235982869/15964484282030935566164267655148610,P0/P2,false,pair:P0:P2:N
1053,3441,22460579514358711117012122688723286505/6232564478716859228269367683174702,10611043127026386123952021997861380611/6232564478716859228269367683174702,P0/P1,false,pair:P0:P1:W
1054,3445,58038516943334296126394923892221845267/16080035733409136445024664948574426,27385364135247949077501040399150316753/16080035733409136445024664948574426,P1/P2,false,pair:P1:P2:NE
1055,3447,26490681307227032336587625159233229995/7325585476015795903296370644669866,12456291147456698975006765018504954457/7325585476015795903296370644669866,P1/P2,false,pair:P1:P2:NE
1056,3449,45600358768761340304229674254469398937/12596335464063604866731402774688206,21407723040962020131278720648998774419/12596335464063604866731402774688206,P1/P2,false,pair:P1:P2:E
1057,3451,155850023603311375539240010985757328077/43055464039833672690459488423875430,73356400279104129668092650919729371087/43055464039833672690459488423875430,P0/P1,false,pair:P0:P1:NW
1058,3452,182010899629416603444293213879208148163/50335917895109654945103859362250106,85897442310140249157613873818133132129/50335917895109654945103859362250106,P0/P2,false,pair:P0:P2:E
1059,3454,163374019599505591514942805502374036639/45082664575112279906817753899014594,76730332530369814868652153882693793237/45082664575112279906817753899014594,P0/P1,false,pair:P0:P1:NW
1060,3457,391111511552343292445844485122115749669/107989797572486459933576988725904054,26325323949937790829168712823870898161/15427113938926637133368141246557722,P0/P2,false,pair:P0:P2:E
1061,3460,262756498502669708009639877462739578865/72434840244815656889551902531505438,123606849214892930492491553697250483291/72434840244815656889551902531505438,P0/P1,false,pair:P0:P1:NE
1062,3464,94378955705787569454627898414374709641/26010618836335087018686345750712814,44453875429432878649679304335029177827/26010618836335087018686345750712814,P1/P2,false,pair:P1:P2:NE
1063,3468,818451635956911213997618981203083334101/225199165188739194386318919040621910,385073307504129749761306013005990946087/225199165188739194386318919040621910,P0/P2,false,pair:P0:P2:N
1064,3471,228666961966287872958311876450282447785/62842225798982721370273308789849518,107397412179642582343641962358996020547/62842225798982721370273308789849518,P0/P1,false,pair:P0:P1:SE
1065,3473,250578050575447251478954678649300666771/68925676703326482500959079745401818,826728357157032339167695152925631918647/482479736923285377506713558217812726,P0/P2,false,pair:P0:P2:NW
1066,3476,2048681667320473379482851922652254349797/562207750721132002359775883079875894,961496940339246055163308581099261967831/562207750721132002359775883079875894,P0/P1,false,pair:P0:P1:E
1067,3486,1890084052711612016485571437611381915347/518128673767809177746596520073562458,891850785823617555467821010462285224465/518128673767809177746596520073562458,P0/P2,false,pair:P0:P2:S
1068,3488,165630510690615117628646032601818430239/45395733794188260640423764710665410,46897756421166300735461204255456426803/27237440276512956384254258826399246,P0/P2,false,pair:P0:P2:S
1069,3489,2055992421297290416783822861483796244965/562207750721132002359775883079875894,964820010328708344845568098749962829271/562207750721132002359775883079875894,P0/P1,false,pair:P0:P1:W
1070,3493,284443952369792927575879848697417653509/77842162166650633099651871052642038,134206064934743275324592374628565061687/77842162166650633099651871052642038,P0/P2,false,pair:P0:P2:SW
1071,3494,1664301240700398900237863618523955135063/454756646827425040856398374993622610,782361015016720543844470871255402575037/454756646827425040856398374993622610,P1/P2,false,pair:P1:P2:NE
1072,3495,526525431221227189934344223734284521027/143387998160822508457790890783054458,245536755277747442546101372741142328289/143387998160822508457790890783054458,P0/P2,false,pair:P0:P2:SW
1073,3501,1151974791804041317965434128143234478669/314211128994913606851366543949247590,108228179677008154764206841771671235907/62842225798982721370273308789849518,P1/P2,false,pair:P1:P2:NW
1074,3504,1212292425953774350828669251853674251915/330758335964315843102193705428308458,570521459044886758332203926309599250169/330758335964315843102193705428308458,P0/P1,false,pair:P0:P1:W
1075,3507,1183313562207210410413335853760208317805/322136975743577070440934322580807206,554585230934497157496964845893238246575/322136975743577070440934322580807206,P1/P2,false,pair:P1:P2:W
1076,3513,293524796216633559318702599220673936333/79823623853816498997043815710531942,138148685320263271937970449476158229199/79823623853816498997043815710531942,P1/P2,false,pair:P1:P2:SW
1077,3517,170212661348187168966689761350586688731/46309004962557206680312733700007242,401832490908699004558545590806267835917/231545024812786033401563668500036210,P0/P2,false,pair:P0:P2:E
1078,3519,41416953708328086783706102687989223735/11252503775287262987608932150229138,643672948094692736995492022523365540861/371332624584479678591094760957561554,P1/P2,false,pair:P1:P2:SE
1079,3522,1718651744799364900106394009214921354951/465932529953883141255886396738751858,808978541460304368544433747251841863053/465932529953883141255886396738751858,P1/P2,false,pair:P1:P2:E
1080,3529,1782292448938560222651888650576061989637/482479736923285377506713558217812726,14237637917201381320283613958109073973/8177622659716701313673111156234114,P1/P2,false,pair:P1:P2:SE
1081,3532,40631819496091678705455449187541337901/10998216790211448996484641866869414,19175972680537112456629470754493671407/10998216790211448996484641866869414,P0/P1,false,pair:P0:P1:W
1082,3533,1193947386173489737396566310242451074413/322136975743577070440934322580807206,559569835918690592020354122369289538735/322136975743577070440934322580807206,P1/P2,false,pair:P1:P2:S
1083,3536,1845600846078809316229157340172132538179/499026943892687613757540719696873594,290243475256837466093602249346652926539/166342314630895871252513573232291198,P0/P2,false,pair:P0:P2:W
1084,3537,1725297884778289479470913044516323077831/465932529953883141255886396738751858,811969304450820429258467313137472638349/465932529953883141255886396738751858,P1/P2,false,pair:P1:P2:S
1085,3545,145091299181887014446600384695468051931/39072231188219298929468098217530186,341011222692926799792244887514842875149/195361155941096494647340491087650930,P1/P2,false,pair:P1:P2:E
1086,3548,3039805309607911043679203344415659594855/817875467240649509143394936478573106,1432246570206932607235129412582671846253/817875467240649509143394936478573106,P1/P2,false,pair:P1:P2:SE
1087,3556,3470020127557225470802631417677065824139/929277331534819560373371798102314986,1628198773747181667587609485537829122553/929277331534819560373371798102314986,P0/P1,false,pair:P0:P1:S
1088,3557,3764098909468281285284519424752239341927/1006836080725672803187716682973276210,1761658342975051379850043389658904791661/1006836080725672803187716682973276210,P1/P2,false,pair:P1:P2:SE
1089,3567,4666902775344387866213460830261685114327/1245540154706814401099544106597044050,2187927175230737810548693685433648483133/1245540154706814401099544106597044050,P0/P1,false,pair:P0:P1:NE
1090,3568,6790157647577958432481737438942400004845/1815929355026024736658476375872320294,3202285823657333095064174760458616813871/1815929355026024736658476375872320294,P0/P2,false,pair:P0:P2:NW
1091,3574,6583597498156102591553788443195918078599/1756317431939646141765327941554292210,3097486313929801371562856394560301782733/1756317431939646141765327941554292210,P0/P2,false,pair:P0:P2:NW
1092,3575,7133557903568947016417629992846317903595/1904212992863786030647892970369188138,3362679411802053744986802848246525178649/1904212992863786030647892970369188138,P0/P1,false,pair:P0:P1:E
1093,3577,119294959677312826881431548160784431051/31923579827051983791611489684828010,56598215919481800837215705496613266617/31923579827051983791611489684828010,P0/P1,false,pair:P0:P1:SE
1094,3581,15844365886073421542872149284455308874397/4218726026601892244868147994569540550,7448318829877141131315721605924453340607/4218726026601892244868147994569540550,P1/P2,false,pair:P1:P2:NW
1095,3583,2531716300929347329380673233696693621517/674079913030343438328442862320628454,1190813232640028325948472630061801589391/674079913030343438328442862320628454,P0/P2,false,pair:P0:P2:SW
1096,3586,4006493739468436645921850677906252520051/1066166472041618110570032497205080602,9431692370853693971461897695134782853557/5330832360208090552850162486025403010,P0/P1,false,pair:P0:P1:S
1097,3588,7250450868581862760624846615784129120117/1932885059896008393783743017463878166,3433278499598604875456761243231458874119/1932885059896008393783743017463878166,P0/P1,false,pair:P0:P1:S
1098,3592,4011810651451576309413465906147373898355/1066166472041618110570032497205080602,1888465238963994659689025630323405122033/1066166472041618110570032497205080602,P0/P1,false,pair:P0:P1:S
1099,3595,3467221633329764756900260117958133503337/918552442887911509198300088476408366,1623861630758674299766780021895762284675/918552442887911509198300088476408366,P1/P2,false,pair:P1:P2:W
1100,3596,4017127563434715972905081134388495276659/1066166472041618110570032497205080602,9452960018786252625428358608099268366773/5330832360208090552850162486025403010,P0/P1,false,pair:P0:P1:S
1101,3599,381551748077094284456505157700038415339/101309449131652334145028901002745642,5587588508614149911916554740241156540679/3140592923081222358495895931085114902,P0/P2,false,pair:P0:P2:S
1102,3604,20141465392996546331187365568474250855487/5330832360208090552850162486025403010,9476886122710381111140627135184314569141/5330832360208090552850162486025403010,P1/P2,false,pair:P1:P2:N
1103,3605,8326801891103138299286340891433072947151/2205053865150546638492714628622988130,3926331371922823287488538633666924101861/2205053865150546638492714628622988130,P0/P1,false,pair:P0:P1:NE
1104,3611,8721713857296910158534746673364180649493/2300463486162186763233658877305402582,4088938757310740904332346759977190974439/2300463486162186763233658877305402582,P1/P2,false,pair:P1:P2:NE
1105,3614,15319731189577204111494628638001675115169/4042158750926369656889314805575804862,7200639193355870204480174818664055562731/4042158750926369656889314805575804862,P1/P2,false,pair:P1:P2:E
1106,3615,5168191834535213620107290992807026689707/1362113419352918561648884784794726826,2424673248558692647328957285370442819673/1362113419352918561648884784794726826,P0/P1,false,pair:P0:P1:SE
1107,3618,2661640613176619301908320779670265025783/706856043170358954489344038248706322,1273740879143010256364345951922673492381/706856043170358954489344038248706322,P0/P1,false,pair:P0:P1:SE
1108,3619,14987366826237000857641531104334995841739/3951093503952901065481236837499427178,7049389128146352387413136840745439608249/3951093503952901065481236837499427178,P1/P2,false,pair:P1:P2:NE
1109,3621,13587238697525477042664479920394755526979/3584792721405736125861640277148963962,6404339030326678814386373596396452156641/3584792721405736125861640277148963962,P1/P2,false,pair:P1:P2:NE
1110,3622,19778158081624281197845456873875452380143/5205793883149093539832322089977588514,1324207748225221066710252898107526161491/743684840449870505690331727139655502,P0/P1,false,pair:P0:P1:S
1111,3623,8975926516525656435678452699543975708761/2356277859331113503201655117919282254,464596912297576659298462937483080984827/261808651036790389244628346435475806,P0/P2,false,pair:P0:P2:E
1112,3629,28017450116431842494342586989515683354471/7365828592645839647378628881097399346,13156336814369745832173418099652265045101/7365828592645839647378628881097399346,P1/P2,false,pair:P1:P2:NE
1113,3632,19133597403556479823348172303360718220423/5031110858701274119254390233059332594,3001154746836410298999063734559157774063/1677036952900424706418130077686444198,P0/P1,false,pair:P0:P1:S
1114,3636,6798218511631762313869261955508894350303/1786128352153456247245654375944121154,3202042889371741163672504022335696393621/1786128352153456247245654375944121154,P1/P2,false,pair:P1:P2:NE
1115,3641,2911323502064372832474683150737527653659/762875259116232936445085616090621130,1368319643163984135661174086758746752809/762875259116232936445085616090621130,P1/P2,false,pair:P1:P2:NW
1116,3647,51469671711291389330320969940663115723383/13481671733242203604385237382151321106,24243885755810107640459900996123275240989/13481671733242203604385237382151321106,P0/P1,false,pair:P0:P1:SE
1117,3648,66612167247649087006086614849173075459645/17415209242381887420441485774887111814,31256217626517864096801780347215516161439/17415209242381887420441485774887111814,P0/P2,false,pair:P0:P2:W
1118,3651,681055727875037753615752829776823958115/179195825630091554414025954081104442,325449201713608196311954038054067616065/179195825630091554414025954081104442,P0/P2,false,pair:P0:P2:NW
1119,3654,123097940524797252270932389796485777527163/32172548563006567646090590681739815946,57914677791312009169042179690215575138121/32172548563006567646090590681739815946,P1/P2,false,pair:P1:P2:NW
1120,3657,24078579106454810404808939691893694729643/6285811237897466593605475485537493930,11297966117703381265438437845060416140633/6285811237897466593605475485537493930,P0/P1,false,pair:P0:P1:NE
1121,3658,41468737217859238136658555269459012218837/10838371306552031142343021078768918870,3903124945601129410351576533749293422139/2167674261310406228468604215753783774,P1/P2,false,pair:P1:P2:NW
1122,3662,123289349356190280156630538013166147146107/32172548563006567646090590681739815946,58010382207008523111891253798555759947593/32172548563006567646090590681739815946,P0/P2,false,pair:P0:P2:NW
1123,3668,123502025835515866696295147142811002278267/32172548563006567646090590681739815946,58116720446671316381723558363378187513673/32172548563006567646090590681739815946,P0/P2,false,pair:P0:P2:SW
1124,3674,29836847999463543844484205037612146702813/7755337697407111242552159802648786246,14025610377078655255132600692254803756415/7755337697407111242552159802648786246,P0/P2,false,pair:P0:P2:S
1125,3677,15876086557046534080254476931454236968647/4123982473436010306301091561984597362,4754445122732608227772774270403663296113/2624352483095642922191603721262925594,P1/P2,false,pair:P1:P2:SE
1126,3680,125053856017490301675880516262795823032557/32466247184003949422911218426439952166,58858550347211057732171809904855932803887/32466247184003949422911218426439952166,P0/P1,false,pair:P0:P1:E
1127,3684,57303691560123949856589596912050579767555/14862688233216406521584482330168358138,26987715349297129470804089186823374103073/14862688233216406521584482330168358138,P1/P2,false,pair:P1:P2:N
1128,3691,17183350859761137725832423916892809874449/4455869022332618177864901218992305374,8129850106025142392946649764799660929467/4455869022332618177864901218992305374,P1/P2,false,pair:P1:P2:W
1129,3694,24494740416126035085390486964219982603973/6321771092366378807239952169999950710,11469868971218046656061505441992355232631/6321771092366378807239952169999950710,P0/P2,false,pair:P0:P2:SW
1130,3699,2510051432365278334345148422049650887539/646862040286506969565026604235001882,345912654168847717026805964385717858917/190253541260737343989713707127941730,P0/P2,false,pair:P0:P2:SW
1131,3703,132386228122120679750072523303999563779607/34181245488765431221033865879329021650,62381760227742663836118820006984720807421/34181245488765431221033865879329021650,P1/P2,false,pair:P1:P2:NW
1132,3710,75788603879217315763501827992240167863281/19529006378273810031610686341739914526,35783110470313144707644683498881314175067/19529006378273810031610686341739914526,P0/P2,false,pair:P0:P2:SW
1133,3722,5772243816627287455267072684974094972809/1480698548725565402040934988502005230,2725444841150999884778470652373448927203/1480698548725565402040934988502005230,P1/P2,false,pair:P1:P2:N
1134,3726,197614829309977002341420652712394773451017/50556591813565710094263872121344213742,30936568840667264841732352312668423127073/16852197271188570031421290707114737914,P0/P1,false,pair:P0:P1:W
1135,3733,79652882751112739663486035632629406192947/20326960173202044429763110773723774106,37429713233922646636734991075026085539889/20326960173202044429763110773723774106,P0/P2,false,pair:P0:P2:E
1136,3734,120486278144092548617328427906975199003587/30751248879242467624788570973550882682,56653934638498088174145376406525246619745/30751248879242467624788570973550882682,P0/P1,false,pair:P0:P1:W
1137,3738,144695335249852882204658443059202004554189/36916511167380822902590563436691060070,68136318805809118810184288355102501797071/36916511167380822902590563436691060070,P1/P2,false,pair:P1:P2:NE
1138,3740,107625628404318514679547079467541378306345/27428585958632312389590617926788571822,50627972191507993775271677014427649302979/27428585958632312389590617926788571822,P1/P2,false,pair:P1:P2:NE
1139,3741,75374592861634768771122117715855322066047/19235307757276428254790058597039778306,35583605592053649033341185237997949471861/19235307757276428254790058597039778306,P0/P2,false,pair:P0:P2:NW
1140,3748,103620114200929409012719661705045867914127/26349046701366253627447340684066491362,16259700471439600279370452030743916292279/8783015567122084542482446894688830454,P1/P2,false,pair:P1:P2:SW
1141,3751,126585834785736871521431979522661401694587/32172548563006567646090590681739815946,59594821977984142832392591814409930682185/32172548563006567646090590681739815946,P0/P2,false,pair:P0:P2:NE
1142,3758,126798511265062458061096588652306256826747/32172548563006567646090590681739815946,59701160217646936102224896379232358248265/32172548563006567646090590681739815946,P0/P2,false,pair:P0:P2:SE
1143,3761,75668478177450617819821633580204538877347/19191620223504898699027396057427930042,35665958438903977034330263376938410484993/19191620223504898699027396057427930042,P0/P1,false,pair:P0:P1:E
1144,3764,165599018562892351765231574269410441770077/41979117216015186179716639976980611142,78076147644124687545112632016221664200959/41979117216015186179716639976980611142,P1/P2,false,pair:P1:P2:SE
1145,3770,58744574707554798662817323765394473287939/14862688233216406521584482330168358138,27689547731071565051697299314651396039201/14862688233216406521584482330168358138,P1/P2,false,pair:P1:P2:E
1146,3775,428021116953767387084432105314731114786003/108113875558715085827690315054972611930,40324794383308651689537090667521681366429/21622775111743017165538063010994522386,P0/P1,false,pair:P0:P1:W
1147,3779,521163999284492463059443419788252295524033/131443036856006982629574805522976694142,245082250643406118499778148022352714440523/131443036856006982629574805522976694142,P0/P1,false,pair:P0:P1:S
1148,3783,58967885010846664529465163351521571176707/14862688233216406521584482330168358138,27785252146768078994546373422991580848673/14862688233216406521584482330168358138,P0/P2,false,pair:P0:P2:E
1149,3784,522014705201794809218101856306831716052673/131443036856006982629574805522976694142,245422533010327056963241522629784482651979/131443036856006982629574805522976694142,P0/P1,false,pair:P0:P1:S
1150,3787,346450052392618858191794084132888909200113/87204610930863524694993827499191187230,32574956819105371129532649038289664663007/17440922186172704938998765499838237446,P0/P1,false,pair:P0:P1:S
1151,3791,522865411119097155376760292825411136581313/131443036856006982629574805522976694142,245762815377247995426704897237216250863435/131443036856006982629574805522976694142,P0/P1,false,pair:P0:P1:S
1152,3792,467142800861094192609667779810669449299139/117371345291378369896626682943786757498,73105948702960698530931923450671099216843/39123781763792789965542227647928919166,P0/P2,false,pair:P0:P2:NE
1153,3795,195000937171082159055675799163307239861019/48996120618939845519989685542782720202,91723879380698997270241467792957310609705/48996120618939845519989685542782720202,P0/P1,false,pair:P0:P1:SE
1154,3800,278443554750295849497362380686024170609917/69905385246791406652686173098564144902,131323773119017746228922112457696814655455/69905385246791406652686173098564144902,P0/P2,false,pair:P0:P2:S
1155,3802,170621942604745708001324384543632373063803/42795421935570886020157030794236317194,26798275249328590207084897058732121147075/14265140645190295340052343598078772398,P1/P2,false,pair:P1:P2:SE
1156,3809,68822688717689358659069698762497197917653/17205963289374799517542263304078128470,32347296443113586897397175508096619258151/17205963289374799517542263304078128470,P1/P2,false,pair:P1:P2:SE
1157,3812,1144957353671732894822074137344393102330655/286203444065682859762689784163130936514,538450404157446866524728112451152413261141/286203444065682859762689784163130936514,P0/P1,false,pair:P0:P1:N
1158,3815,378960647941706923428636328172608603534193/94815851254251319191033588145152968222,178788164371221995288046334911983258895067/94815851254251319191033588145152968222,P1/P2,false,pair:P1:P2:SE
1159,3818,767535112752814086093126034533887996437617/191741113641588234410564854795930625054,1085102076882343005410516989357205143689617/575223340924764703231694564387791875162,P0/P2,false,pair:P0:P2:E
1160,3822,906418903483689860910980754720995095366653/226057469672400541307535756168464232710,1279387368908378552419390721550878030579357/678172409017201623922607268505392698130,P1/P2,false,pair:P1:P2:SE
1161,3824,4315390902317019206018937483353722087361329/1074520553883620239053119835127294416542,2024510661984266479208436347977702975031323/1074520553883620239053119835127294416542,P0/P1,false,pair:P0:P1:N
1162,3826,1892759613404233703095081435188978056754863/472274272832327782540781860270191052194,893539043791674966109350254022986402491525/472274272832327782540781860270191052194,P0/P2,false,pair:P0:P2:E
1163,3829,755331662465022169489360618470033708244187/188524634245777697833219140538420507978,357631344639883274861850586501623408577641/188524634245777697833219140538420507978,P1/P2,false,pair:P1:P2:NE
1164,3834,154900946190887414922736430674463175981309/38458016906179189455769847249152972550,363265952487651761036756233881951782472539/192290084530895947278849236245764862750,P0/P1,false,pair:P0:P1:W
1165,3840,3477478909449047009169814036042744903136843/863853029342995657297471545415797224042,1639606094704877374004993948617088162403385/863853029342995657297471545415797224042,P1/P2,false,pair:P1:P2:NW
1166,3841,3426476183192425003282879924270380822686423/849855854445243696899489120107644331346,1610063709102865879337705983964781282390589/849855854445243696899489120107644331346,P0/P1,false,pair:P0:P1:W
1167,3851,1525933053395248142681356983692484541535983/377315425052235655012572770457147147554,717595089130083423793345324509679689584453/377315425052235655012572770457147147554,P1/P2,false,pair:P1:P2:E
1168,3855,4988502331136771668428284687261444663470663/1233903710385675072764918613838561793650,470469551278558392215946525032345039032937/246780742077135014552983722767712358730,P0/P1,false,pair:P0:P1:W
1169,3858,3442278186011932334143417592179305686520901/849886002935573429844203988984004610166,1620094853432767912155656446341100942913527/849886002935573429844203988984004610166,P0/P2,false,pair:P0:P2:NW
1170,3860,999870211765127324730106714478935536646817/246565997125348524858263149927915136958,156459698380274581457385333857289590806009/82188665708449508286087716642638378986,P0/P2,false,pair:P0:P2:NW
1171,3864,2679023238270309696941024487388109718154589/658034989174130805979090738570179219014,1249572687198627617276475342105103334587391/658034989174130805979090738570179219014,P0/P1,false,pair:P0:P1:S
1172,3865,878114698203157444925611446384988457291823/216303828266499243850422209556274172578,2063101620469737918984516552824080189839641/1081519141332496219252111047781370862890,P0/P2,false,pair:P0:P2:W
1173,3866,1106717725349008354305230889768565306422833/274055911665528951963565845040293019806,1580977017537774423214676887627538703770449/822167734996586855890697535120879059418,P1/P2,false,pair:P1:P2:NW
1174,3868,2679148710648949036682105822177084426618743/659375697273369190206087092844583980050,251418230085196910457398468769250635930681/131875139454673838041217418568916796010,P1/P2,false,pair:P1:P2:NW
1175,3871,9005831581011265012811921074197721340380553/2217110305780716542664060643221785860590,846972465821310376476867639349870982702791/443422061156143308532812128644357172118,P1/P2,false,pair:P1:P2:NW
1176,3872,80913098180029374620011965626466830760899/19861831793015273536434227176263892858,189010509855554681981619418009639875135973/99309158965076367682171135881319464290,P0/P2,false,pair:P0:P2:NW
1177,3877,4338976156117800196120628592101739558521605/1066989653313383740161859643712605706998,2043866859311613968570328767885905366272567/1066989653313383740161859643712605706998,P0/P2,false,pair:P0:P2:NE
1178,3881,1314652320323536754688915189019808688156531/323864484583134913160411866144048859162,3117625929110712026065640724195046904911029/1619322422915674565802059330720244295810,P0/P1,false,pair:P0:P1:NE
1179,3884,3591625785330514682448212483647456910689783/877604270874560003797710442847130160914,1672823984004598939635170989351933910514845/877604270874560003797710442847130160914,P1/P2,false,pair:P1:P2:SW
1180,3889,10517570490421399228807998940506666731185857/2576251353522326360212150725541194297214,4948956017257883387016974275882664482178891/2576251353522326360212150725541194297214,P0/P2,false,pair:P0:P2:E
1181,3891,8379714387469749773480186609632395651162751/2054654646894675689711338335451391573506,3955089074366646839047711443600941449862773/2054654646894675689711338335451391573506,P1/P2,false,pair:P1:P2:NE
1182,3897,1765760534800078277494974965614954347263135/431591337646688232591986684139297421762,830684020305134645629744271651947927864789/431591337646688232591986684139297421762,P0/P2,false,pair:P0:P2:NW
1183,3899,10781681716692572267156906753456800964540057/2633244382375395773299188646542309836750,5068643035616546581013483301632527826513299/2633244382375395773299188646542309836750,P1/P2,false,pair:P1:P2:E
1184,3901,21067560747715164485551997383448346972137023/5148244300326571732899141726246362510978,9921856914816170099653220496856119198107573/5148244300326571732899141726246362510978,P1/P2,false,pair:P1:P2:E
1185,3903,16279723090333208074002185927041357648592363/3973875340504932815439506542190910620458,7653267621441152316407860547659684276045849/3973875340504932815439506542190910620458,P0/P2,false,pair:P0:P2:W
1186,3905,15591297445557468740368374184739423453617901/3807613342197034690758823830597761727270,2447558948954099793224752414849290346652773/1269204447399011563586274610199253909090,P0/P2,false,pair:P0:P2:W
1187,3906,4369046476785482120646486892344709869593887/1068330361412622124388855997987010468034,2065677181949650319046307503139189476219733/1068330361412622124388855997987010468034,P1/P2,false,pair:P1:P2:NE
1188,3912,4374490994656217136061900886063618160977183/1068330361412622124388855997987010468034,2068399440885017826754014499998643621911381/1068330361412622124388855997987010468034,P1/P2,false,pair:P1:P2:NE
1189,3914,10572266613886028062444301547273699061947125/2578932769720803128666143434090003819286,4989854403598588580261224749529778556381575/2578932769720803128666143434090003819286,P0/P2,false,pair:P0:P2:SW
1190,3917,1772566182138497046764242457763589711492255/431591337646688232591986684139297421762,833746561607423091800914643118833841767893/431591337646688232591986684139297421762,P0/P2,false,pair:P0:P2:SW
1191,3918,3485972941236939273081066121832768583107157/849604772129728304025712065165518339158,1645073706274989175706057651352526220311207/849604772129728304025712065165518339158,P1/P2,false,pair:P1:P2:E
1192,3922,16345057304782028258987153851668257145191915/3973875340504932815439506542190910620458,7683212469730194901192637513113679878653977/3973875340504932815439506542190910620458,P0/P2,false,pair:P0:P2:S
1193,3926,4396130453880030382109220281037054760990479/1068611592218467250207347921805496739042,2074046001065681024915317009656077483544741/1068611592218467250207347921805496739042,P0/P2,false,pair:P0:P2:NE
1194,3930,21581078188966117326031894679568300472080673/5235071244586911531127658959241990499006,10153526917793934662094132055243987832492395/5235071244586911531127658959241990499006,P0/P1,false,pair:P0:P1:E
1195,3931,3049046033631032244710174080437129166472647/738142963194079924736689311557658779506,4283798487632974443494418619464227647135655/2214428889582239774210067934672976338518,P1/P2,false,pair:P1:P2:E
1196,3933,16396780224554010905433586791997885913333227/3973875340504932815439506542190910620458,7704990541213134962854293487989313044187161/3973875340504932815439506542190910620458,P1/P2,false,pair:P1:P2:E
1197,3939,1086026979364348644550720210094104623848715/262323662397454311280410935342915855594,508223778824440602506992249699246540914297/262323662397454311280410935342915855594,P0/P2,false,pair:P0:P2:SW
1198,3944,14365661400595235227607311089115835736257947/3485225535234745060440223490645349221322,2274780502672442328109107699735816221089507/1161741845078248353480074496881783073774,P0/P1,false,pair:P0:P1:S
1199,3946,13041037493605077664664442263265905211823775/3157201231512470824174728848554831771074,6162836492852591911471020798248964984028117/3157201231512470824174728848554831771074,P0/P1,false,pair:P0:P1:S
1200,3949,3122776881428934563440804843076362508046835/755160588751167939229397756142253540122,490958875136991690021780784221282779240827/251720196250389313076465918714084513374,P0/P2,false,pair:P0:P2:N
1201,3951,3980392519275466280953998827114998284183635/961361159498957563220151066861065516634,5620176510435208649051718023061821717751731/2884083478496872689660453200583196549902,P0/P1,false,pair:P0:P1:S
1202,3953,185564540007057392364875987214300491736103/44892630967701227193511260289926054578,87730440367772214993494324158220739131565/44892630967701227193511260289926054578,P0/P1,false,pair:P0:P1:SE
1203,3956,401080347444906453033103607638190064290109/96692253595112071713274601200998233734,188260605084753040248722906849398935883423/96692253595112071713274601200998233734,P0/P1,false,pair:P0:P1:SE
1204,3958,4552422312796158315297619244556037914908369/1096048629351608698342362451850136018782,2132017607198318885064357030447293172279291/1096048629351608698342362451850136018782,P0/P2,false,pair:P0:P2:W
1205,3960,46714241281044971418148305650239962550405475/11257113476366185996096550724512728564794,7322612706276522172364863567519474190770027/3752371158788728665365516908170909521598,P0/P1,false,pair:P0:P1:S
1206,3965,15589562153250773857434148529143015154746145/3752371158788728665365516908170909521598,21989616190312506578756246677434055737843265/11257113476366185996096550724512728564794,P0/P1,false,pair:P0:P1:S
1207,3968,4566033607472995853836154228853308643366609/1096048629351608698342362451850136018782,2137462125069053900479771024166201463662587/1096048629351608698342362451850136018782,P0/P2,false,pair:P0:P2:W
1208,3970,1796351294758181035303094535308264344914203/431661645348149514046609665093918989514,281165039880717294565364316138423542785635/143887215116049838015536555031306329838,P0/P1,false,pair:P0:P1:SE
1209,3975,17435532522445901426381880527917658471376949/4186514998934656653218048761964766007446,2731869625226706331894364104874644530937453/1395504999644885551072682920654922002482,P0/P1,false,pair:P0:P1:NE
1210,3977,14193694369999809465456913028031935759083503/3409266569648000055684410270367598109474,20049400611287474756606213054280528082575055/10227799708944000167053230811102794328422,P1/P2,false,pair:P1:P2:N
1211,3980,665020277420777229023506239142697429543071/159827927795195869034547338596044067266,313936480094459606640607111610449101636053/159827927795195869034547338596044067266,P0/P1,false,pair:P0:P1:N
1212,3987,14296958673613272611311681207170925865571749/3428711685459412728299598899230757447094,2250360558613253501201764624326468824500829/1142903895153137576099866299743585815698,P0/P2,false,pair:P0:P2:E
1213,3992,12066401468853304197416518336879885554366713/2884083478496872689660453200583196549902,270220080435359943009802760011947839599271/137337308499851080460021580980152216662,P1/P2,false,pair:P1:P2:E
1214,3996,57862304280051766095837905349940624249755/13813179085016010244753514457285461962,190089622806953084489838545364344690019999/96692253595112071713274601200998233734,P1/P2,false,pair:P1:P2:NE
1215,4000,10812909305147798863347697609530997824618197/2579495231332493380303127281726976361302,5085537550956307715522746671487724796089383/2579495231332493380303127281726976361302,P0/P1,false,pair:P0:P1:N
1216,4003,15163848191022742501741823924431484753105003/3608808998754679209346447195136910597674,7107420898042364768903990200424876822107033/3608808998754679209346447195136910597674,P1/P2,false,pair:P1:P2:SW
1217,4007,10900374602044656138467987689188765493453741/2602931287890388307211296004961273622950,5157958427934791700695937683683028639834479/2602931287890388307211296004961273622950,P1/P2,false,pair:P1:P2:S
1218,4010,4040282215853551450523552758022989489399891/961361159498957563220151066861065516634,5696399760625498864867513935126537797117875/2884083478496872689660453200583196549902,P1/P2,false,pair:P1:P2:E
1219,4011,12614823685958620906899243339258953050311229/3004103458395953054301363090478866904198,5942809943816341678933383243968652946020767/3004103458395953054301363090478866904198,P0/P2,false,pair:P0:P2:W
1220,4015,17118502314846822872054250258592193359222513/4066495019035576288577138872069095653150,8039033237356403935971553902143805251733851/4066495019035576288577138872069095653150,P1/P2,false,pair:P1:P2:NW
1221,4017,10714614740841890690740956942287327358026679/2546417438115055975070671413546681848722,5038420193855977588942889510844265973310429/2546417438115055975070671413546681848722,P1/P2,false,pair:P1:P2:NW
1222,4018,7535402155990997376356462044621001542914413/1791132497814464238601434055501687264806,10652523255166100937367906786511140232923661/5373397493443392715804302166505061794418,P0/P2,false,pair:P0:P2:SW
1223,4021,19550799923456664751449019676786161673301691/4644201019215553732448740438896951062922,3070537080663516967229857639661980179626755/1548067006405184577482913479632317020974,P1/P2,false,pair:P1:P2:NW
1224,4023,9632179751168865090522692559532874454075341/2285821362912733419205182925840050030950,4530956121125883715914353066858758682840783/2285821362912733419205182925840050030950,P1/P2,false,pair:P1:P2:NW
1225,4024,7780911698556330879758754706179509599229837/1837777079291378818298778393853862226406,3617596404899570813576767463339251563314191/1837777079291378818298778393853862226406,P0/P2,false,pair:P0:P2:SW
1226,4025,20587417164531223928707188474874803629726527/4887266510624833393567261014766321306754,9699174603543380934136236199786218158739125/4887266510624833393567261014766321306754,P0/P1,false,pair:P0:P1:S
1227,4033,20161095714547082991344732369078176945685275/4775135377859253445349031891761915275466,9508857687149425850076401893118994284179753/4775135377859253445349031891761915275466,P1/P2,false,pair:P1:P2:N
1228,4040,35848143022686650105416763636972086845960757/8450689536442011081946588679469639728278,988787335964552215424406161436729229847511/497099384496588887173328745851155278134,P0/P2,false,pair:P0:P2:W
1229,4042,13382311799229524308549533750200151708891181/3162658420884780498304419630039478700198,6318923052734248348601436480148233275425519/3162658420884780498304419630039478700198,P0/P2,false,pair:P0:P2:W
1230,4043,100857200356825573751415391009522371009343729/23805084983525433857522514747659164044062,47482685152928958406005992565301287193978715/23805084983525433857522514747659164044062,P1/P2,false,pair:P1:P2:NE
1231,4047,123593537950285219807202056537315714302370895/29098214673679624251659967537267055970914,57964509013121816136452481783877342896636517/29098214673679624251659967537267055970914,P0/P1,false,pair:P0:P1:W
1232,4050,114846945746969254758809317575777558408627455/27013446072061043804736059635614001428738,17953746762771728342966959427414006080604327/9004482024020347934912019878538000476246,P1/P2,false,pair:P1:P2:NW
1233,4051,37033853817977759860369481781091288117704581/8735629138551407244124499808869074469366,17494103946380522497563678881694375674098615/8735629138551407244124499808869074469366,P0/P1,false,pair:P0:P1:SW
1234,4053,6569563647235993399498675164878167374472425/1548067006405184577482913479632317020974,9287834492180841117505368831050656618246409/4644201019215553732448740438896951062922,P0/P1,false,pair:P0:P1:SW
1235,4056,32515369933905049441074832755594700821402419/7604624699906053388442758871246808793242,15071301063179191585379326964449550813010481/7604624699906053388442758871246808793242,P0/P2,false,pair:P0:P2:NW
1236,4059,21128855963331883489436644802585695820269189/4969493856866944816196893739697138263030,49730322158678734514736698089999648011189139/24847469284334724080984468698485691315150,P0/P1,false,pair:P0:P1:SW
1237,4061,15685580909918479117310374678180068205754777/3680060707816708958514241842838794912206,66109067856615736370676494563548348452930347/33120546370350380626628176585549154209854,P0/P2,false,pair:P0:P2:N
1238,4064,247969441988995066233090715596638612156036135/58189651494478079775253665791927521419954,116347710438333530586062092453549529933195437/58189651494478079775253665791927521419954,P0/P1,false,pair:P0:P1:SW
1239,4071,37912152117233899136598301566912316950267907/8889927304390471105183097428594366605050,124928414751943407123752690723010017411041767/62229491130733297736281682000160566235350,P0/P1,false,pair:P0:P1:SE
1240,4079,89394786163989799928291502042959829586789277/20906345773771706982843942685678848647622,42048974149673434920358381498448351341359295/20906345773771706982843942685678848647622,P1/P2,false,pair:P1:P2:NE
1241,4081,58064192513758322391197813536088789675858403/13582027431213447277515076226108897305402,27366624423232256324817494888811221709329345/13582027431213447277515076226108897305402,P0/P2,false,pair:P0:P2:NW
1242,4084,283236249081938322912518625837646488458378243/66269330766988515697309698208393611050746,133726899780382684278059848741226836544219937/66269330766988515697309698208393611050746,P1/P2,false,pair:P1:P2:SE
1243,4089,708477226943386827452876336866712322705547481/165357990323595710520659387369128789947214,333430427590820014248290511196038025437134419/165357990323595710520659387369128789947214,P0/P2,false,pair:P0:P2:S
1244,4090,887789472986956988789339084349647177851922451/207170681871139124486347272740486487242458,417789712747962164828947145891442326106251217/207170681871139124486347272740486487242458,P0/P1,false,pair:P0:P1:NW
1245,4093,386890057870384791957820047407787023575687993/90424781120419639663106028252774912593550,60941006581639330241219582626292822249558737/30141593706806546554368676084258304197850,P0/P1,false,pair:P0:P1:N
1246,4096,1208945949789828492744682210834121245448522023/281737293312551870071166718952983832787122,568129431043917561093287045791695336532578221/281737293312551870071166718952983832787122,P0/P2,false,pair:P0:P2:S
1247,4099,36179926706475366195737508121044016527262171/8626764996161409566913981515159597640522,18027855291209117381547333665410867396158313/8626764996161409566913981515159597640522,P0/P2,false,pair:P0:P2:SW
1248,4100,1701852650265121082283922595648947776859094515/396948197974153791145298793553850522282778,267796745206805311865300714771109717750310267/132316065991384597048432931184616840760926,P0/P1,false,pair:P0:P1:NE
1249,4101,1629492796852170349892447579406859743804570173/379694667981830972011470830523531327001734,767334525037997700832807476982507418458614175/379694667981830972011470830523531327001734,P0/P2,false,pair:P0:P2:SW
1250,4103,2572184318363238899942006827686042173453386589/598723660117578972635208118448718537482822,1208357018728579094887841244381205959321382399/598723660117578972635208118448718537482822,P0/P1,false,pair:P0:P1:N
1251,4106,1422622801341926907502592793096731177827086153/331196588289765415117005431499986176067182,669234863872699248917184530007751327133945123/331196588289765415117005431499986176067182,P0/P2,false,pair:P0:P2:W
1252,4107,303884782310394067611690050403132937741678057/70469232272088377191183626962446772427054,141675513585774251824572498779125003810387459/70469232272088377191183626962446772427054,P1/P2,false,pair:P1:P2:SW
1253,4110,4128804227581681133424535902865453664617943105/960422784599257531287632231459818187857022,1943482038289248508634927687474831263449927627/960422784599257531287632231459818187857022,P0/P1,false,pair:P0:P1:NW
1254,4116,1739719744387431795099806617532699983608733627/404123126604423766768564704004377886429066,819445104798250282672531006071917693993438217/404123126604423766768564704004377886429066,P0/P1,false,pair:P0:P1:NW
1255,4119,1971383736616991584450356638839978910940649355/457785195573402218252840864523824992628714,928142033850573960117974707205047127537385977/457785195573402218252840864523824992628714,P0/P1,false,pair:P0:P1:W
1256,4125,333579810783738076736354979738495018069041429/77306358927435648705071800890271138643670,52486700098078995070606077114958665202549837/25768786309145216235023933630090379547890,P1/P2,false,pair:P1:P2:NE
1257,4128,1626551601161158074160279487942499098974264373/375644069211716368650004225469758353942678,761768987268221982586292957601028189496358727/375644069211716368650004225469758353942678,P0/P2,false,pair:P0:P2:N
1258,4130,13511872772036660701054712261095486590958511/3119550859937301906685551022175945816994,65411431022711237900234994475080461075427081/32235358886018786369084027229151440108938,P0/P1,false,pair:P0:P1:W
1259,4133,2115638796819132223498517002172462273346180985/490420670925868194155780626537568297281038,1002992641957501646243150946189334978603366195/490420670925868194155780626537568297281038,P1/P2,false,pair:P1:P2:NW
1260,4136,4142986117180157982685123620400168735170302637/956806013072507156969683068971496210912166,1950084460588027101119464131095753367089309295/956806013072507156969683068971496210912166,P0/P2,false,pair:P0:P2:NW
1261,4137,3495465888790429703765616471463172909017471931/806560660384475838520039197351984934623114,547488765457044408425200247509101328866975747/268853553461491946173346399117328311541038,P1/P2,false,pair:P1:P2:SW
1262,4143,4149955100054698802416853532360371348140921517/956806013072507156969683068971496210912166,1953568952025297510985329087075854673574618735/956806013072507156969683068971496210912166,P0/P2,false,pair:P0:P2:NW
1263,4146,2601291707688945036616287738552094668684163803/600021500675968547238010247044286436407626,1226453709407278595448541713004048698682480233/600021500675968547238010247044286436407626,P1/P2,false,pair:P1:P2:W
1264,4148,95950309649473243130555959505168181805015603/22093900637887965853917641557553500201626,405695650701022690731234680601866987419367609/198845105740991692685258774017981501814634,P0/P2,false,pair:P0:P2:NW
1265,4153,4172360370547561256747847852616719995684311105/960422784599257531287632231459818187857022,1964737436056598008816703918953449233010315211/960422784599257531287632231459818187857022,P0/P2,false,pair:P0:P2:NW
1266,4156,2897886287951643874260078932474613368842869955/666456706227637394786720455487971284516218,4092549899171803715758778258268779581412227619/1999370118682912184360161366463913853548654,P1/P2,false,pair:P1:P2:SW
1267,4162,96298758793200284117142455103178312453546547/22093900637887965853917641557553500201626,407263671847794375170873910792912575337756857/198845105740991692685258774017981501814634,P0/P1,false,pair:P0:P1:SE
1268,4170,3310770421162853182786919314423745622238396739/757139274533661931761131097381973730505850,4661351755103405857938967886438167731904573091/2271417823600985795283393292145921191517550,P0/P2,false,pair:P0:P2:N
1269,4173,3006330330708130331877109006248357376309213427/687230675046037112786908197348527137830170,1410015171615216832184925760722695330423339377/687230675046037112786908197348527137830170,P0/P2,false,pair:P0:P2:N
1270,4175,1497101350546842864111864598346567368809891737/341971913179772341647057824337649078707662,701223693121704676269706616616329831015278739/341971913179772341647057824337649078707662,P0/P1,false,pair:P0:P1:SE
1271,4177,20849827225195062441394602574520075805672219/4775135377859253445349031891761915275466,9840973277264261790416655509972400058560809/4775135377859253445349031891761915275466,P1/P2,false,pair:P1:P2:N
1272,4179,11350632970625925520614970303546996223528198949/2593609158137550678090376010314875605764790,5337326903137909858856386734076451497821959063/2593609158137550678090376010314875605764790,P0/P1,false,pair:P0:P1:E
1273,4185,11364570936375007160078430127467401449469436709/2593609158137550678090376010314875605764790,5342902089437542514641770663644613588198454167/2593609158137550678090376010314875605764790,P0/P1,false,pair:P0:P1:E
1274,4187,1819558339002140535254058530878456234101230069/416027326753159815686717638508132381887766,2578768500659716898210614219811006860578376597/1248081980259479447060152915524397145663298,P0/P1,false,pair:P0:P1:E
1275,4188,10460084053015050507697421809982056369694285533/2388905765283365121173036886897086818265926,4931429532746587247699749259637675742115486847/2388905765283365121173036886897086818265926,P0/P2,false,pair:P0:P2:NE
1276,4192,23021388888110235219721381913115010477704327407/5249755561828658858012004559661222975131938,10830389280029945400709680462010139962556099909/5249755561828658858012004559661222975131938,P1/P2,false,pair:P1:P2:W
1277,4197,21435973543174036604968304255718495723254864539/4885069725802324015293342717945881109592522,10114054872414367995155205382316418869966468009/4885069725802324015293342717945881109592522,P0/P2,false,pair:P0:P2:E
1278,4201,578386563149836534701348051328917500276615081/131587717754121364141369937055376755733934,7894248569640081303754392069214480022854868119/3816043814869519560099728174605925916284086,P0/P1,false,pair:P0:P1:NE
1279,4204,12079394965838001634844525156317832235435075637/2747724912902989879428640906194432439062678,5693127939897167496423490634189435848446425927/2747724912902989879428640906194432439062678,P1/P2,false,pair:P1:P2:SE
1280,4208,8279091422530219022021239390183192532605973377/1880040133344473458627030366460456056755710,3893549892213683257380406853873143467493610379/1880040133344473458627030366460456056755710,P1/P2,false,pair:P1:P2:S
1281,4213,9343641846755855318422035714476252217920125437/2119528517027812905149465677840212616385798,4405253282327203878776679059998873196443133663/2119528517027812905149465677840212616385798,P0/P1,false,pair:P0:P1:E
1282,4219,25312442298417392054398447548063998031127067663/5727075503182413760944528559675054162303714,11924661774892774318741206311489356253373056933/5727075503182413760944528559675054162303714,P0/P1,false,pair:P0:P1:N
1283,4222,28120120251315738228735980601330527738924153457/6344520078873938160690517359735710287837214,13170908951196662830789919395781222714699501531/6344520078873938160690517359735710287837214,P0/P1,false,pair:P0:P1:N
1284,4223,19537596378808715261133691594848705714658433201/4415745345520102531817550008505626129775518,27582489138241997185043592670504361478994925009/13247236036560307595452650025516878389326554,P0/P2,false,pair:P0:P2:S
1285,4224,21572176978484535505664464577722471377195983137/4885776734768598789815869992874342825679550,3403597717880199353406830758115860935980185721/1628592244922866263271956664291447608559850,P0/P1,false,pair:P0:P1:NW
1286,4231,27091064435444695692407439680774907167887015859/6105122916843360727898693631903386930571162,12728974194937051599034988149455023297139999665/6105122916843360727898693631903386930571162,P1/P2,false,pair:P1:P2:E
1287,4234,112624350002157750641813658483690781805989515189/25384501017654774207213867919267460617388438,52977789584881823516471565437982346129552895431/25384501017654774207213867919267460617388438,P0/P1,false,pair:P0:P1:NE
1288,4238,43468800609243416370431443160801887495724653649/9765132767378176015179941505424066185319518,495808273999336574034217516055891356065367043/238173969936053073540974183059123565495598,P1/P2,false,pair:P1:P2:S
1289,4241,57066026962675796978016923201409148922577136101/12840416520282410557120080724072997205081398,26818519027986166759756409199899480260239277527/12840416520282410557120080724072997205081398,P1/P2,false,pair:P1:P2:S
1290,4245,77311779151433270082987417195643308078257061643/17369638304296390590790498702478988720201962,36299783774578702914304084974571932287704888441/17369638304296390590790498702478988720201962,P0/P2,false,pair:P0:P2:SE
1291,4254,77534786603418576314402774378369791693316865803/17369638304296390590790498702478988720201962,5201612500081622290001680509419310585033541503/2481376900613770084398642671782712674314566,P0/P2,false,pair:P0:P2:NE
1292,4257,58754431564047787980980279177958044531299209295/13174255183968052751416480655460686756246114,27675946411397434680392339166980838065814759013/13174255183968052751416480655460686756246114,P1/P2,false,pair:P1:P2:E
1293,4258,16842131527543218245774363832212610949289050009/3781972952254450489779244767261014174840270,7967493260793747566368736241917818012837957779/3781972952254450489779244767261014174840270,P0/P1,false,pair:P0:P1:NE
1294,4265,46994744769258251424935953390973748893464731853/10518034428495113721261772528162143720494950,22152303159851138079845790714814575833764864463/10518034428495113721261772528162143720494950,P0/P2,false,pair:P0:P2:SW
1295,4269,214537628617237920550314970919422375486124314213/47913531792560833932997478060418664196650038,100855333335716636710680437791213560040380026711/47913531792560833932997478060418664196650038,P0/P1,false,pair:P0:P1:SW
1296,4273,18961055717548936022165663257833126731574972689/4232889761103933126644124449527457722346206,8933520001494679267214101404219079444069853371/4232889761103933126644124449527457722346206,P0/P2,false,pair:P0:P2:N
1297,4275,15706935773629919584748473288320752426855604895/3482378125116295309379072671507313546976706,21821627526374406703032227287675510056599650175/10447134375348885928137218014521940640930118,P0/P2,false,pair:P0:P2:N
1298,4277,84553961019438500780459045659685328526690472647/18809706043899523910688882312467075652420978,39546872175608639766582310895628349293877008781/18809706043899523910688882312467075652420978,P0/P1,false,pair:P0:P1:S
1299,4279,7425128769000821999446803109678967667056888899/1640488392359301791905347161537786508222074,3416934355357118104875575102181768917471845857/1640488392359301791905347161537786508222074,P0/P2,false,pair:P0:P2:NE
1300,4286,272374822826117939849270617924897782394684472251/60534134802687724429607677343958987420096394,128045477274420365796527370777795458416758292489/60534134802687724429607677343958987420096394,P0/P1,false,pair:P0:P1:SE
