token_index,batch,time_a,time_b,pair,mixed_with_wall,events
1,2,3/2,1/2,P0/P1,false,pair:P0:P1:N
2,4,4,3/2,P0/P2,false,pair:P0:P2:E
3,7,20/3,17/6,P0/P1,false,pair:P0:P1:NE
4,11,12,11/2,P0/P2,false,pair:P0:P2:E
5,18,114/5,107/10,P1/P2,false,pair:P1:P2:SE
6,20,126/5,23/2,P0/P1,false,pair:P0:P1:S
7,24,30,85/6,P0/P2,false,pair:P0:P2:E
8,26,98/3,89/6,P1/P2,false,pair:P1:P2:NW
9,29,34,95/6,P0/P2,false,pair:P0:P2:E
10,33,250/7,229/14,P1/P2,false,pair:P1:P2:W
11,34,258/7,233/14,P0/P2,false,pair:P0:P2:E
12,37,118/3,103/6,P1/P2,false,pair:P1:P2:W
13,39,40,109/6,P0/P2,false,pair:P0:P2:SE
14,41,128/3,113/6,P1/P2,false,pair:P1:P2:W
15,42,175/4,20,P0/P1,false,pair:P0:P1:SE
16,45,324/7,43/2,P0/P2,false,pair:P0:P2:SW
17,48,52,39/2,P0/P2,false,pair:P0:P2:SW
18,50,49,137/6,P0/P1,false,pair:P0:P1:SE
19,51,40,59/2,P0/P2,false,pair:P0:P2:SW
20,53,52,47/2,P0/P2,false,pair:P0:P2:S
21,55,158/3,143/6,P1/P2,false,pair:P1:P2:N
22,57,107/2,26,P1/P2,false,pair:P1:P2:NE
23,58,397/7,49/2,P0/P1,false,pair:P0:P1:S
24,67,200/3,179/6,P0/P2,false,pair:P0:P2:N
25,71,485/7,459/14,P1/P2,false,pair:P1:P2:NW
26,80,259/3,227/6,P0/P1,false,pair:P0:P1:W
27,82,89,81/2,P1/P2,false,pair:P1:P2:NW
28,87,95,599/14,P1/P2,false,pair:P1:P2:W
29,94,1567/15,1391/30,P0/P2,false,pair:P0:P2:W
30,97,1171/11,1083/22,P0/P2,false,pair:P0:P2:W
31,103,2157/19,2007/38,P0/P2,false,pair:P0:P2:SW
32,106,1889/16,873/16,P0/P1,false,pair:P0:P1:W
33,113,1969/16,905/16,P0/P1,false,pair:P0:P1:W
34,116,1403/11,113/2,P1/P2,false,pair:P1:P2:SE
35,117,2155/17,1997/34,P0/P2,false,pair:P0:P2:W
36,122,649/5,371/6,P0/P1,false,pair:P0:P1:NW
37,123,659/5,609/10,P0/P2,false,pair:P0:P2:SW
38,129,2335/17,2157/34,P1/P2,false,pair:P1:P2:SE
39,132,1237/9,403/6,P0/P1,false,pair:P0:P1:SW
40,134,2427/17,2253/34,P1/P2,false,pair:P1:P2:E
41,141,1673/11,1575/22,P1/P2,false,pair:P1:P2:NW
42,143,2297/15,2131/30,P1/P2,false,pair:P1:P2:NW
43,144,2269/15,729/10,P0/P1,false,pair:P0:P1:N
44,146,2905/19,2815/38,P1/P2,false,pair:P1:P2:NW
45,148,7795/49,7093/98,P0/P2,false,pair:P0:P2:N
46,152,12693/79,11803/158,P0/P1,false,pair:P0:P1:SE
47,157,5507/33,5285/66,P0/P1,false,pair:P0:P1:SE
48,159,2319/13,1873/26,P0/P1,false,pair:P0:P1:SE
49,160,1913/11,1703/22,P0/P2,false,pair:P0:P2:W
50,165,8591/49,8045/98,P1/P2,false,pair:P1:P2:NE
51,167,2999/17,2829/34,P0/P2,false,pair:P0:P2:SW
52,174,1301/7,1219/14,P0/P1,false,pair:P0:P1:NE
53,176,3183/17,2957/34,P1/P2,false,pair:P1:P2:SE
54,178,763/4,341/4,P0/P2,false,pair:P0:P2:NE
55,181,755/4,1075/12,P0/P2,false,pair:P0:P2:N
56,182,13573/71,12579/142,P1/P2,false,pair:P1:P2:S
57,184,1715/9,4919/54,P1/P2,false,pair:P1:P2:S
58,186,3135/16,1447/16,P1/P2,false,pair:P1:P2:SW
59,188,2581/13,2333/26,P0/P1,false,pair:P0:P1:NW
60,194,4023/20,1877/20,P1/P2,false,pair:P1:P2:S
61,201,1685/8,2411/24,P0/P2,false,pair:P0:P2:SE
62,205,10643/49,9845/98,P0/P2,false,pair:P0:P2:E
63,206,3827/18,937/9,P1/P2,false,pair:P1:P2:N
64,211,22733/102,313/3,P0/P2,false,pair:P0:P2:NE
65,216,8822/39,2759/26,P1/P2,false,pair:P1:P2:NE
66,217,14035/61,12905/122,P0/P1,false,pair:P0:P1:SE
67,219,9274/41,8955/82,P0/P1,false,pair:P0:P1:SE
68,225,239,221/2,P1/P2,false,pair:P1:P2:SE
69,228,15761/65,14401/130,P0/P2,false,pair:P0:P2:E
70,233,3983/16,1807/16,P1/P2,false,pair:P1:P2:N
71,234,13961/57,13273/114,P0/P2,false,pair:P0:P2:SE
72,237,10176/41,9687/82,P1/P2,false,pair:P1:P2:W
73,240,1726/7,1717/14,P0/P1,false,pair:P0:P1:S
74,244,12507/49,11685/98,P0/P2,false,pair:P0:P2:W
75,246,1789/7,11845/98,P0/P1,false,pair:P0:P1:SE
76,248,9063/35,8459/70,P0/P2,false,pair:P0:P2:W
77,251,4960/19,4637/38,P0/P2,false,pair:P0:P2:SW
78,253,3462/13,3119/26,P1/P2,false,pair:P1:P2:NW
79,254,13073/50,3096/25,P0/P2,false,pair:P0:P2:S
80,259,13393/50,632/5,P0/P2,false,pair:P0:P2:S
81,261,9677/36,4531/36,P0/P2,false,pair:P0:P2:S
82,262,7307/27,755/6,P1/P2,false,pair:P1:P2:W
83,265,16122/59,15129/118,P0/P1,false,pair:P0:P1:SE
84,269,2506/9,2347/18,P0/P2,false,pair:P0:P2:W
85,279,4918/17,4795/34,P0/P2,false,pair:P0:P2:W
86,281,17466/59,16409/118,P0/P1,false,pair:P0:P1:SE
87,282,6274/21,5807/42,P0/P2,false,pair:P0:P2:W
88,286,10861/36,5107/36,P0/P2,false,pair:P0:P2:S
89,288,4847/16,2335/16,P0/P1,false,pair:P0:P1:SW
90,291,2777/9,2585/18,P0/P1,false,pair:P0:P1:W
91,297,14746/47,14021/94,P0/P1,false,pair:P0:P1:S
92,299,23657/75,7453/50,P0/P2,false,pair:P0:P2:NW
93,303,18810/59,17689/118,P0/P1,false,pair:P0:P1:SE
94,304,23589/74,5556/37,P0/P2,false,pair:P0:P2:NW
95,308,30584/95,29073/190,P0/P1,false,pair:P0:P1:E
96,313,31224/95,5917/38,P0/P1,false,pair:P0:P1:E
97,318,4707/14,5522/35,P1/P2,false,pair:P1:P2:NE
98,319,25193/75,23767/150,P0/P1,false,pair:P0:P1:NW
99,322,24670/73,23123/146,P1/P2,false,pair:P1:P2:N
100,323,24022/71,22469/142,P0/P1,false,pair:P0:P1:NW
101,329,43052/123,39965/246,P0/P2,false,pair:P0:P2:E
102,331,77840/223,72897/446,P0/P2,false,pair:P0:P2:E
103,336,709/2,5826/35,P0/P2,false,pair:P0:P2:SE
104,340,43368/121,41047/242,P0/P2,false,pair:P0:P2:S
105,342,80400/223,75201/446,P0/P2,false,pair:P0:P2:S
106,343,60128/167,56601/334,P1/P2,false,pair:P1:P2:E
107,349,65884/179,60869/358,P0/P2,false,pair:P0:P2:SW
108,351,28684/79,27785/158,P1/P2,false,pair:P1:P2:S
109,353,108468/293,100995/586,P0/P1,false,pair:P0:P1:W
110,355,24316/65,66917/390,P1/P2,false,pair:P1:P2:NW
111,359,115148/309,108323/618,P0/P2,false,pair:P0:P2:SW
112,366,41956/111,41113/222,P0/P2,false,pair:P0:P2:E
113,369,314004/811,295997/1622,P0/P1,false,pair:P0:P1:SW
114,372,726924/1853,679835/3706,P0/P2,false,pair:P0:P2:N
115,376,977180/2473,919887/4946,P0/P1,false,pair:P0:P1:NW
116,378,147916/373,138723/746,P1/P2,false,pair:P1:P2:NW
117,388,3710/9,5813/30,P1/P2,false,pair:P1:P2:SW
118,390,916956/2225,863687/4450,P0/P1,false,pair:P0:P1:W
119,392,149860/363,12791/66,P0/P1,false,pair:P0:P1:W
120,393,623076/1511,587041/3022,P1/P2,false,pair:P1:P2:SW
121,396,32972/79,30921/158,P0/P1,false,pair:P0:P1:NW
122,397,516588/1237,486595/2474,P0/P2,false,pair:P0:P2:SW
123,399,152420/363,142237/726,P1/P2,false,pair:P1:P2:S
124,400,357364/851,335061/1702,P0/P1,false,pair:P0:P1:W
125,403,60492/143,15473/78,P0/P1,false,pair:P0:P1:NW
126,406,528644/1243,495981/2486,P0/P2,false,pair:P0:P2:S
127,408,735372/1721,686367/3442,P0/P1,false,pair:P0:P1:NW
128,411,1061076/2479,999225/4958,P0/P2,false,pair:P0:P2:E
129,417,2352588/5401,2211135/10802,P0/P1,false,pair:P0:P1:NE
130,419,3266740/7479,3068273/14958,P1/P2,false,pair:P1:P2:N
131,429,3131588/6931,2945205/13862,P0/P1,false,pair:P0:P1:N
132,434,112060/243,102853/486,P0/P2,false,pair:P0:P2:NW
133,438,3451060/7479,3240305/14958,P0/P2,false,pair:P0:P2:N
134,441,405020/873,383375/1746,P1/P2,false,pair:P1:P2:NW
135,444,458716/981,3011957/13734,P0/P2,false,pair:P0:P2:N
136,446,623980/1329,1739573/7974,P0/P2,false,pair:P0:P2:N
137,449,241732/513,76141/342,P1/P2,false,pair:P1:P2:SW
138,450,1406300/2973,3958417/17838,P0/P2,false,pair:P0:P2:N
139,451,2285044/4815,2131033/9630,P1/P2,false,pair:P1:P2:SW
140,457,6234676/13023,5851337/26046,P0/P2,false,pair:P0:P2:N
141,463,2899364/5987,2733605/11974,P0/P2,false,pair:P0:P2:NE
142,464,10057636/20659,9413845/41318,P1/P2,false,pair:P1:P2:SW
143,468,2634236/5373,2470075/10746,P1/P2,false,pair:P1:P2:S
144,470,1090684/2213,5106783/22130,P0/P2,false,pair:P0:P2:E
145,472,1533804/3097,18597747/80522,P0/P1,false,pair:P0:P1:NW
146,475,13896836/27931,13025325/55862,P0/P2,false,pair:P0:P2:NE
147,480,1595300/3151,1482809/6302,P1/P2,false,pair:P1:P2:N
148,483,1276988/2517,3595049/15102,P1/P2,false,pair:P1:P2:NE
149,484,14408516/28139,13326557/56278,P0/P2,false,pair:P0:P2:S
150,486,26715572/52383,8327683/34922,P0/P2,false,pair:P0:P2:S
151,491,4298468/8363,4057437/16726,P1/P2,false,pair:P1:P2:E
152,492,2797188/5435,13186113/54350,P0/P1,false,pair:P0:P1:S
153,494,14302660/27723,13510525/55446,P0/P2,false,pair:P0:P2:E
154,498,14768964/28139,13654237/56278,P1/P2,false,pair:P1:P2:N
155,500,1442300/2757,8524291/34922,P1/P2,false,pair:P1:P2:N
156,502,4841636/9219,13518479/55314,P0/P2,false,pair:P0:P2:S
157,505,15419588/29227,14438301/58454,P0/P1,false,pair:P0:P1:SW
158,506,12777868/24177,35769397/145062,P1/P2,false,pair:P1:P2:W
159,513,50337428/93543,47029505/187086,P1/P2,false,pair:P1:P2:S
160,518,4560612/8363,4286813/16726,P0/P2,false,pair:P0:P2:E
161,519,886372/1603,8876151/35266,P0/P1,false,pair:P0:P1:SW
162,524,4301164/7849,4098799/15698,P1/P2,false,pair:P1:P2:N
163,526,8465908/15327,2637763/10218,P1/P2,false,pair:P1:P2:NW
164,534,66314500/117787,62159405/235574,P0/P2,false,pair:P0:P2:E
165,541,7961500/13897,7414191/27794,P0/P1,false,pair:P0:P1:E
166,546,19810324/34375,18657057/68750,P0/P2,false,pair:P0:P2:NE
167,548,3930100/6863,18969021/68630,P0/P1,false,pair:P0:P1:SW
168,549,39631356/68485,37383219/136970,P0/P2,false,pair:P0:P2:NE
169,556,1179132/1997,1100267/3994,P1/P2,false,pair:P1:P2:W
170,558,60092708/101811,56371925/203622,P0/P2,false,pair:P0:P2:SE
171,559,41226596/69859,38767653/139718,P1/P2,false,pair:P1:P2:W
172,567,134590916/224715,42007039/149810,P0/P2,false,pair:P0:P2:W
173,570,215168436/356959,200941641/713918,P1/P2,false,pair:P1:P2:SW
174,573,276321132/457529,259995231/915058,P0/P1,false,pair:P0:P1:N
175,578,278942572/457529,8454593/29518,P0/P1,false,pair:P0:P1:N
176,581,37953844/61951,35598249/123902,P0/P2,false,pair:P0:P2:W
177,583,56634836/92471,53197745/184942,P0/P2,false,pair:P0:P2:W
178,584,138349524/225271,129065201/450542,P1/P2,false,pair:P1:P2:S
179,589,198590524/319157,184846723/638314,P0/P1,false,pair:P0:P1:N
180,596,202340044/324225,191380439/648450,P0/P2,false,pair:P0:P2:SW
181,598,394752356/627523,370074053/1255046,P1/P2,false,pair:P1:P2:SE
182,602,632961180/999229,593100731/1998458,P0/P2,false,pair:P0:P2:S
183,606,377565196/590833,352727271/1181666,P1/P2,false,pair:P1:P2:E
184,608,638204060/999229,597295035/1998458,P0/P2,false,pair:P0:P2:S
185,610,175947244/273561,53971797/182374,P0/P2,false,pair:P0:P2:S
186,614,796925348/1239283,748071061/2478566,P0/P2,false,pair:P0:P2:SE
187,617,357196860/553397,335511171/1106794,P1/P2,false,pair:P1:P2:NE
188,631,37223052/55729,34689063/111458,P0/P2,false,pair:P0:P2:W
189,632,527452484/793451,498870109/1586902,P0/P1,false,pair:P0:P1:NW
190,635,545856060/813749,509833603/1627498,P1/P2,false,pair:P1:P2:W
191,641,320018404/473379,901894831/2840274,P0/P2,false,pair:P0:P2:N
192,647,168578420/247343,796686301/2473430,P1/P2,false,pair:P1:P2:SE
193,650,570276924/834229,541140355/1668458,P0/P2,false,pair:P0:P2:NE
194,653,1753360332/2536001,1640050199/5072002,P0/P1,false,pair:P0:P1:NE
195,656,1120300852/1617919,1049021865/3235838,P0/P2,false,pair:P0:P2:SW
196,662,1277302780/1828741,1194626099/3657482,P0/P2,false,pair:P0:P2:S
197,665,24746596/35363,116074617/353630,P1/P2,false,pair:P1:P2:NW
198,666,53330636/78593,54211415/157186,P0/P2,false,pair:P0:P2:SW
199,670,2763340916/3917679,2581128377/7835358,P1/P2,false,pair:P1:P2:N
200,674,2784312436/3917679,865968531/2611786,P1/P2,false,pair:P1:P2:N
201,678,1124492468/1575967,1053095049/3151934,P1/P2,false,pair:P1:P2:N
202,680,935094652/1305893,2614682809/7835358,P1/P2,false,pair:P1:P2:N
203,682,256613156/360819,244136725/721638,P0/P2,false,pair:P0:P2:W
204,686,2015222548/2788775,1880147393/5577550,P0/P1,false,pair:P0:P1:S
205,693,2036194068/2788775,1896924609/5577550,P0/P1,false,pair:P0:P1:S
206,694,128607436/176705,121538583/353410,P1/P2,false,pair:P1:P2:NW
207,700,381609596/517445,356584307/1034890,P0/P2,false,pair:P0:P2:SW
208,705,142779996/192445,401594417/1154670,P0/P1,false,pair:P0:P1:S
209,706,480912036/648739,452206949/1297478,P1/P2,false,pair:P1:P2:SW
210,709,1200996364/1612225,224840043/644890,P0/P1,false,pair:P0:P1:SW
211,714,2046184156/2730637,1921295595/5461274,P1/P2,false,pair:P1:P2:E
212,718,183440164/242295,170699537/484590,P0/P1,false,pair:P0:P1:S
213,721,1357046356/1789031,1267072385/3578062,P1/P2,false,pair:P1:P2:SW
214,724,1357217604/1784467,1269947957/3568934,P0/P1,false,pair:P0:P1:W
215,726,4308686836/5642975,4022154313/11285950,P0/P2,false,pair:P0:P2:SW
216,732,4220921692/5484829,561282317/1567094,P1/P2,false,pair:P1:P2:S
217,734,8527569260/11085993,7993688303/22171986,P0/P1,false,pair:P0:P1:SW
218,739,4431511060/5718743,4148494993/11437486,P0/P2,false,pair:P0:P2:SE
219,743,238024812/305257,5112638777/14041822,P0/P2,false,pair:P0:P2:SE
220,748,2929425268/3727391,2733331977/7454782,P0/P2,false,pair:P0:P2:SW
221,750,227658308/290363,1507633627/4065082,P0/P1,false,pair:P0:P1:NW
222,752,1377007828/1736039,1267837313/3472078,P0/P1,false,pair:P0:P1:NW
223,754,103667647/131287,97220103/262574,P0/P2,false,pair:P0:P2:W
224,760,6392370892/7986753,1999721821/5324502,P0/P1,false,pair:P0:P1:NW
225,762,2071190260/2582991,647365235/1721994,P0/P2,false,pair:P0:P2:S
226,764,1941190692/2418275,1822125093/4836550,P0/P1,false,pair:P0:P1:W
227,773,5915846764/7254825,5550261359/14509650,P0/P1,false,pair:P0:P1:E
228,776,1370123868/1653661,1250668251/3307322,P0/P2,false,pair:P0:P2:SW
229,777,6123941548/7420825,1133372851/2968330,P1/P2,false,pair:P1:P2:N
230,780,12783586844/15550989,11965834219/31101978,P0/P2,false,pair:P0:P2:SW
231,784,239758524/291037,1590257789/4074518,P0/P1,false,pair:P0:P1:NE
232,786,5025594524/6084085,953604455/2433634,P1/P2,false,pair:P1:P2:NW
233,793,3450802676/4113503,3232636617/8227006,P1/P2,false,pair:P1:P2:NE
234,798,1769761972/2091311,1652894585/4182622,P0/P1,false,pair:P0:P1:SW
235,801,4401005748/5183663,12385264619/31101978,P1/P2,false,pair:P1:P2:NE
236,805,24595507348/28866007,23150580881/57732014,P0/P2,false,pair:P0:P2:N
237,807,17680942084/20716971,5529407711/13811314,P0/P2,false,pair:P0:P2:N
238,812,3319836508/3859745,625668523/1543898,P0/P2,false,pair:P0:P2:SE
239,814,1034066516/1201735,4894476837/12017350,P0/P1,false,pair:P0:P1:W
240,816,21739018388/25093303,20345814449/50186606,P1/P2,false,pair:P1:P2:SE
241,819,4605238500/5269171,4268380501/10538342,P1/P2,false,pair:P1:P2:S
242,821,28768055084/33035961,27146426975/66071922,P0/P1,false,pair:P0:P1:NW
243,826,16515060308/18821799,15446476609/37643598,P0/P2,false,pair:P0:P2:SW
244,829,5028260156/5714333,4731798171/11428666,P1/P2,false,pair:P1:P2:SW
245,830,1083162860/1185833,929071215/2371666,P0/P2,false,pair:P0:P2:SE
246,832,29070044972/33035961,3921202409/9438846,P0/P2,false,pair:P0:P2:SE
247,834,2752361116/3081005,2523802571/6162010,P1/P2,false,pair:P1:P2:S
248,837,33956332044/38335297,4561270257/10952942,P0/P2,false,pair:P0:P2:E
249,842,34124104204/38335297,32063109527/76670594,P0/P2,false,pair:P0:P2:E
250,844,28305324444/31793677,26729214699/63587354,P0/P1,false,pair:P0:P1:NE
251,847,40278428284/44876917,1982391569/4723886,P0/P2,false,pair:P0:P2:E
252,850,28974103748/32100347,27001916877/64200694,P1/P2,false,pair:P1:P2:SW
253,852,9129408220/10160989,8656621595/20321978,P1/P2,false,pair:P1:P2:W
254,858,65037640044/71653001,8726252217/20472286,P0/P2,false,pair:P0:P2:S
255,861,84765588076/92920905,79135164239/185841810,P0/P1,false,pair:P0:P1:E
256,866,10063767244/11059025,384909343/884722,P1/P2,false,pair:P1:P2:SE
257,868,28906994612/31524495,27135058969/63048990,P0/P1,false,pair:P0:P1:E
258,870,27622687492/29871915,25401917213/59743830,P1/P2,false,pair:P1:P2:SE
259,871,110806028188/120702477,34602346745/80468318,P0/P1,false,pair:P0:P1:E
260,872,55560653204/60958647,53003205809/121917294,P1/P2,false,pair:P1:P2:SE
261,875,9965826372/10903003,9482670317/21806006,P1/P2,false,pair:P1:P2:S
262,881,18825569924/20261323,123210053739/283658522,P0/P1,false,pair:P0:P1:S
263,884,48205998444/51846473,45387826255/103692946,P0/P2,false,pair:P0:P2:N
264,887,160961397476/172040787,150272182709/344081574,P0/P1,false,pair:P0:P1:SE
265,889,344630697660/368300453,322797223827/736600906,P0/P2,false,pair:P0:P2:NW
266,894,146740326868/155969895,137297596289/311939790,P1/P2,false,pair:P1:P2:NW
267,897,393990268508/417253277,367624327899/834506554,P0/P1,false,pair:P0:P1:E
268,898,22493137556/23914375,21206307553/47828750,P0/P2,false,pair:P0:P2:N
269,901,522353910372/552915059,491212632725/1105830118,P0/P2,false,pair:P0:P2:NE
270,906,14348319172/15016739,13421624997/30033478,P0/P1,false,pair:P0:P1:SE
271,913,780065583756/811353505,733402271799/1622707010,P0/P1,false,pair:P0:P1:NE
272,917,13852806172/14346541,3549198019/7825386,P1/P2,false,pair:P1:P2:W
273,922,299687654444/307877401,280484125951/615754802,P1/P2,false,pair:P1:P2:NW
274,925,38690750116/39709363,36314757333/79418726,P0/P2,false,pair:P0:P2:W
275,928,42095289428/43039623,197621810149/430396230,P1/P2,false,pair:P1:P2:N
276,933,485035097452/493678601,456305985935/987357202,P0/P2,false,pair:P0:P2:N
277,945,214905632164/215198115,201648341989/430396230,P0/P1,false,pair:P0:P1:S
278,947,31884317724/31857853,89878731697/191147118,P1/P2,false,pair:P1:P2:NE
279,955,742976281468/734928181,695991785859/1469856362,P0/P1,false,pair:P0:P1:SE
280,958,52664996028/52074757,7100516213/14878502,P1/P2,false,pair:P1:P2:NW
281,961,330241613764/324909755,310450469133/649819510,P0/P1,false,pair:P0:P1:S
282,965,29047201876/28500663,9119999931/19000442,P1/P2,false,pair:P1:P2:NW
283,967,77674430836/76191455,14643037557/30476582,P1/P2,false,pair:P1:P2:NW
284,971,90869663588/88567619,85341467077/177135238,P0/P1,false,pair:P0:P1:SE
285,972,239459135900/233032973,224609925099/466065946,P0/P2,false,pair:P0:P2:NE
286,977,143299715036/139408125,27175616639/55763250,P1/P2,false,pair:P1:P2:NE
287,978,759082408828/734928181,711561042307/1469856362,P0/P1,false,pair:P0:P1:SE
288,992,194072778924/184042873,182539288223/368085746,P0/P2,false,pair:P0:P2:S
289,993,1028171643924/972988823,963912601553/1945977646,P0/P1,false,pair:P0:P1:NE
290,995,2079024951772/1966723901,1951051044411/3933447802,P0/P2,false,pair:P0:P2:S
291,1006,199298271420/186220549,187894414643/372441098,P0/P1,false,pair:P0:P1:W
292,1010,1083910853444/1007053531,1017402836973/2014107062,P1/P2,false,pair:P1:P2:NE
293,1012,2956267784332/2741933345,2783313071287/5483866690,P0/P2,false,pair:P0:P2:S
294,1017,2594076738900/2388493319,2437691216865/4776986638,P0/P1,false,pair:P0:P1:SE
295,1019,2049796830508/1889218777,1935239435327/3778437554,P1/P2,false,pair:P1:P2:N
296,1020,1228937668332/1127103401,3444962351821/6762620406,P0/P2,false,pair:P0:P2:E
297,1025,6203480953468/5668998901,5805184247235/11337997802,P1/P2,false,pair:P1:P2:N
298,1027,6513449699460/5953593163,6121745732093/11907186326,P0/P1,false,pair:P0:P1:E
299,1028,2099320659396/1919074747,1974527208973/3838149494,P1/P2,false,pair:P1:P2:NE
300,1032,11462098020908/10444642969,10801359823999/20889285938,P0/P1,false,pair:P0:P1:SE
301,1033,8141881461900/7409245729,7661710199735/14818491458,P0/P2,false,pair:P0:P2:NE
302,1037,21519895703916/19494952073,20197535311119/38989904146,P0/P1,false,pair:P0:P1:E
303,1047,16684128302588/14919574677,15666070081315/29839149354,P0/P2,false,pair:P0:P2:NW
304,1051,2657177482340/2376221939,2519035249173/4752443878,P0/P2,false,pair:P0:P2:N
305,1053,38559572871812/34313443531,36242510216317/68626887062,P1/P2,false,pair:P1:P2:W
306,1057,49237996862252/43666364761,46196898469823/87332729522,P0/P2,false,pair:P0:P2:NW
307,1059,14481773162828/12830518577,67986967239363/128305185770,P0/P1,false,pair:P0:P1:E
308,1063,14550492639564/12830518577,68261845146307/128305185770,P0/P1,false,pair:P0:P1:E
309,1065,19948483386476/17592060617,18721645345999/35184121234,P0/P1,false,pair:P0:P1:E
310,1066,79145985628652/69740668905,14844381481507/27896267562,P0/P2,false,pair:P0:P2:NE
311,1071,119730147168964/104924790139,112214953913421/209849580278,P0/P1,false,pair:P0:P1:E
312,1077,28637063125468/24960522301,26975316730171/49921044602,P1/P2,false,pair:P1:P2:W
313,1079,16578894034308/14346802955,46068354698423/86080817730,P1/P2,false,pair:P1:P2:SW
314,1083,185340781659812/160169442595,173145821631077/320338885190,P0/P2,false,pair:P0:P2:E
315,1086,28946300770780/24960522301,27181475160379/49921044602,P0/P1,false,pair:P0:P1:W
316,1091,310319178689644/266651260617,291760378187983/533302521234,P0/P2,false,pair:P0:P2:W
317,1093,173890445411924/149522226887,164133155441441/299044453774,P1/P2,false,pair:P1:P2:NE
318,1094,2786418194972/2395118317,2633176376075/4790236634,P0/P2,false,pair:P0:P2:SW
319,1098,77824382092100/66451726043,72744415671277/132903452086,P1/P2,false,pair:P1:P2:N
320,1103,131350499640852/111645814807,123372283442513/223291629614,P1/P2,false,pair:P1:P2:NW
321,1105,45238835792260/38441039371,42624002837821/76882078742,P0/P2,false,pair:P0:P2:NE
322,1107,93162014584124/78948110981,261858529626905/473688665886,P0/P1,false,pair:P0:P1:E
323,1112,178913167918748/150763515213,56207436200761/100509010142,P0/P2,false,pair:P0:P2:NE
324,1116,41952095207772/35083401437,39178385246107/70166802874,P0/P1,false,pair:P0:P1:NE
325,1120,398480251866028/333872239289,376301455968095/667744478578,P1/P2,false,pair:P1:P2:NE
326,1128,669695139222492/555339085757,628677739075003/1110678171514,P0/P2,false,pair:P0:P2:E
327,1130,92578853602052/76176875563,85561234140701/152353751126,P1/P2,false,pair:P1:P2:W
328,1132,202551455386028/167188761913,189152861546719/334377523826,P1/P2,false,pair:P1:P2:NW
329,1133,1141786625383948/943489409601,1071501151486615/1886978819202,P0/P1,false,pair:P0:P1:E
330,1138,687291837781692/566286174373,648235176949907/1132572348746,P0/P1,false,pair:P0:P1:SE
331,1148,1159378811428364/943489409601,1087993825903255/1886978819202,P0/P1,false,pair:P0:P1:N
332,1150,22828319381756/18617391829,21592105127651/37234783658,P0/P2,false,pair:P0:P2:SE
333,1151,1113794998442204/906921180541,1049590809700859/1813842361082,P0/P1,false,pair:P0:P1:N
334,1156,1148983819383892/929934404935,1079203022665889/1859868809870,P0/P2,false,pair:P0:P2:E
335,1157,473515465372828/383660374989,446261553356587/767320749978,P0/P1,false,pair:P0:P1:NE
336,1160,48498453919132/39205127821,228708303339543/392051278210,P1/P2,false,pair:P1:P2:SE
337,1162,1956247754916484/1575276913355,1831599685001853/3150553826710,P0/P1,false,pair:P0:P1:SE
338,1166,351615488501284/284591896515,111867484450711/189727931010,P1/P2,false,pair:P1:P2:SE
339,1169,1967242871194244/1575276913355,1842594801279613/3150553826710,P0/P1,false,pair:P0:P1:SW
340,1172,173704502970004/139797077367,165609988133105/279594154734,P0/P2,false,pair:P0:P2:SE
341,1176,208827626767612/166809171413,196503494986723/333618342826,P0/P2,false,pair:P0:P2:S
342,1179,122077320667788/97037580961,114554143800119/194075161922,P0/P1,false,pair:P0:P1:NW
343,1182,1510999195848180/1195991987903,1410955152260201/2391983975806,P1/P2,false,pair:P1:P2:E
344,1187,1757071067789420/1387409217481,1649705178507215/2774818434962,P0/P1,false,pair:P0:P1:NW
345,1194,5116849267243556/4014041448131,4812256053063621/8028082896262,P1/P2,false,pair:P1:P2:S
346,1196,6623522305876156/5194723546149,2084972722501041/3463149030766,P0/P1,false,pair:P0:P1:NW
347,1198,8692564053977852/6788859883093,8164442968211299/13577719766186,P0/P2,false,pair:P0:P2:S
348,1203,24589171834132/19503103831,217277910803609/351055868958,P0/P2,false,pair:P0:P2:SW
349,1204,3681504742033820/2865917410701,3458122203191147/5731834821402,P0/P1,false,pair:P0:P1:W
350,1205,2772839616549892/2152698795755,2587911627041117/4305397591510,P1/P2,false,pair:P1:P2:S
351,1210,7403508653231380/5728726399831,6912372514318353/11457452799662,P1/P2,false,pair:P1:P2:W
352,1211,1528102371368996/1189343049539,4344826032449999/7136058297234,P0/P1,false,pair:P0:P1:SW
353,1214,11977143154507156/9267305909431,11251707011465137/18534611818862,P1/P2,false,pair:P1:P2:NW
354,1216,1673791393800172/1297152882793,7938072834082539/12971528827930,P0/P2,false,pair:P0:P2:W
355,1219,8673267122916804/6685755779003,24435136846821415/40114534674018,P0/P1,false,pair:P0:P1:SE
356,1221,9281887430748692/7085738509079,8558991178656337/14171477018158,P0/P2,false,pair:P0:P2:W
357,1223,13338654213978452/10177878209287,113054581980613/186750058886,P0/P2,false,pair:P0:P2:W
358,1230,7442726203415500/5712729488913,7085044199996999/11425458977826,P0/P1,false,pair:P0:P1:SW
359,1232,11398231752585652/8631808359183,10511339051449241/17263616718366,P0/P1,false,pair:P0:P1:SW
360,1234,8953008567378188/6821417943681,2812563062081565/4547611962454,P1/P2,false,pair:P1:P2:N
361,1237,32951518922209948/25079275510861,31050604253129387/50158551021722,P0/P1,false,pair:P0:P1:SW
362,1244,27006900640404/20422784119,24302295213841931/39007517667290,P1/P2,false,pair:P1:P2:N
363,1245,13858263754611036/10472989457117,13058788441470363/20945978914234,P0/P1,false,pair:P0:P1:NW
364,1248,63570288078449572/47952154757859,59893637223653029/95904309515718,P1/P2,false,pair:P1:P2:N
365,1250,3541627709976708/2671485923659,16689351779667953/26714859236590,P1/P2,false,pair:P1:P2:N
366,1252,30391414146061196/22845025675617,28548163180330615/45690051351234,P0/P1,false,pair:P0:P1:NW
367,1255,18224396189778692/13653816533035,17021253341490717/27307633066070,P0/P1,false,pair:P0:P1:NW
368,1260,36863921507647452/27562652487869,34738642476963003/55125304975738,P1/P2,false,pair:P1:P2:E
369,1264,88959855153679540/66334573043023,83932619319820121/132669146086046,P0/P2,false,pair:P0:P2:SE
370,1266,10480936258076236/7518542375153,9001010216091751/15037084750306,P0/P1,false,pair:P0:P1:NE
371,1272,57401647915556356/42342892229227,53691763472114141/84685784458454,P0/P1,false,pair:P0:P1:SW
372,1274,86531322425216596/63817450214599,81283597592978721/127634900429198,P0/P2,false,pair:P0:P2:SE
373,1277,107876792208342044/79684364911725,972927984398291/1517797426890,P0/P1,false,pair:P0:P1:SW
374,1279,57718307264355844/42342892229227,54008422820913629/84685784458454,P1/P2,false,pair:P1:P2:NE
375,1282,17474889105116764/12840351323293,16491847226299867/25680702646586,P0/P2,false,pair:P0:P2:S
376,1283,35675273873815540/26315875633727,34088874387610857/52631751267454,P1/P2,false,pair:P1:P2:N
377,1287,4638954994199756/3399821829329,30665796474815153/47597505610606,P1/P2,false,pair:P1:P2:N
378,1288,17545257849294428/12840351323293,16527031598388699/25680702646586,P0/P2,false,pair:P0:P2:S
379,1293,11852565475118660/8648681284891,11205691640017837/17297362569782,P1/P2,false,pair:P1:P2:NE
380,1294,47119003034151676/34329383931477,14800164108383521/22886255954318,P0/P2,false,pair:P0:P2:S
381,1295,23413872083914356/17032021361695,21989109045114889/34064042723390,P1/P2,false,pair:P1:P2:NE
382,1298,10284412084400652/7484304726337,48481109931180531/74843047263370,P1/P2,false,pair:P1:P2:NE
383,1302,12580563095537060/9124710552163,11796974409476901/18249421104326,P0/P2,false,pair:P0:P2:S
384,1308,7302320486774804/5288701692311,20815241220284275/31732210153866,P0/P1,false,pair:P0:P1:W
385,1313,31562305020359948/22713697089921,803834732444875/1227767410266,P1/P2,false,pair:P1:P2:W
386,1317,7355097044908052/5288701692311,20920794336550771/31732210153866,P0/P2,false,pair:P0:P2:W
387,1319,6408964419962948/4595604571291,6044929896130605/9191209142582,P0/P2,false,pair:P0:P2:W
388,1324,4784809095840484/3406404272339,4489301176453941/6812808544678,P0/P1,false,pair:P0:P1:NW
389,1326,73548627795803852/52364947285585,69234591881300999/104729894571170,P1/P2,false,pair:P1:P2:NW
390,1327,9558407428599636/6829854406535,9092728736306273/13659708813070,P0/P1,false,pair:P0:P1:W
391,1332,7450074072287428/5281925763579,2336258988329967/3521283842386,P0/P2,false,pair:P0:P2:N
392,1335,57389919194714132/40505596357527,7676212757740903/11573027530722,P1/P2,false,pair:P1:P2:NE
393,1338,48570044755643644/34292445944789,45648829424989667/68584891889578,P0/P1,false,pair:P0:P1:NW
394,1339,51194526731253996/36166679803177,48229047422849903/72333359606354,P1/P2,false,pair:P1:P2:NE
395,1344,69017596759849572/48530889215347,64895771876238741/97061778430694,P0/P2,false,pair:P0:P2:NE
396,1347,48886704104443132/34292445944789,45965488773789155/68584891889578,P1/P2,false,pair:P1:P2:NE
397,1351,2731044885489684/1912365727127,2571684733471697/3824731454254,P0/P1,false,pair:P0:P1:E
398,1355,4471870542843220/3125871524359,38093334787906793/56265687438462,P1/P2,false,pair:P1:P2:SW
399,1357,1395618919988092/971242530741,17913298120994089/26547295840254,P0/P2,false,pair:P0:P2:S
400,1359,5161523077549292/3591167826985,6803414915839541/10055269915558,P1/P2,false,pair:P1:P2:W
401,1364,1442036762707388/998138495461,17570680048184631/25951600881986,P0/P1,false,pair:P0:P1:S
402,1365,114425801013799644/79297844698877,107712557308972155/158595689397754,P1/P2,false,pair:P1:P2:SW
403,1368,114265081550251044/79147394081347,107635406548107333/158294788162694,P1/P2,false,pair:P1:P2:SW
404,1369,23698583375516236/16433734115313,67395113158759477/98602404691878,P0/P1,false,pair:P0:P1:SW
405,1374,18683360081784092/12871041905453,122970312172397965/180194586676342,P0/P2,false,pair:P0:P2:SW
406,1379,52064461330006308/35458458085891,48047051212440197/70916916171782,P0/P1,false,pair:P0:P1:E
407,1382,70303318232841420/48245376196817,199300948015909013/289472257180902,P0/P2,false,pair:P0:P2:NE
408,1386,83241851175414444/56670170955769,77634287255128095/113340341911538,P1/P2,false,pair:P1:P2:NW
409,1387,372180538297446748/253746530954461,348597089724806043/507493061908922,P0/P2,false,pair:P0:P2:E
410,1388,205696835946617860/140406189042923,193328515214549853/280812378085846,P1/P2,false,pair:P1:P2:NW
411,1395,7540136142942364/5099511374029,7008472527860267/10199022748058,P0/P2,false,pair:P0:P2:NE
412,1396,256285078596087740/173956085503333,721871469155912057/1043736513019998,P0/P1,false,pair:P0:P1:S
413,1398,9235049117417804/6306436405553,273329227372854969/390999057144286,P0/P2,false,pair:P0:P2:NE
414,1399,1282158662010249580/871482688499849,1209981788797579535/1742965376999698,P0/P1,false,pair:P0:P1:S
415,1400,709585616730345732/480483631355563,663323334051869597/960967262711126,P0/P2,false,pair:P0:P2:NE
416,1406,751540316302711668/505752103260127,700850743851079241/1011504206520254,P0/P1,false,pair:P0:P1:SW
417,1408,2547833378378068316/1720292869283037,800043703530067593/1146861912855358,P0/P1,false,pair:P0:P1:W
418,1413,3103860429298622332/2085844900547253,970259876902214657/1390563267031502,P1/P2,false,pair:P1:P2:E
419,1419,649669574543696396/434927281503553,611008271906074519/869854563007106,P0/P1,false,pair:P0:P1:W
420,1430,2597372974279143772/1720292869283037,2445167106863907739/3440585738566074,P1/P2,false,pair:P1:P2:E
421,1434,1985151959554029908/1307103037244167,1849688206528216289/2614206074488334,P1/P2,false,pair:P1:P2:SE
422,1435,5798198165563858172/3832066528532437,5462047885416946147/7664133057064874,P0/P1,false,pair:P0:P1:S
423,1437,1827894246455798356/1217860454044103,1762671472360513569/2435720908088206,P1/P2,false,pair:P1:P2:SE
424,1439,916994018619240388/603801856329019,2579070628733406119/3622811137974114,P1/P2,false,pair:P1:P2:SE
425,1441,490415289445074020/322976087628019,461289082488655381/645952175256038,P0/P1,false,pair:P0:P1:SW
426,1442,2041150922861890188/1351624500467873,1946744112590712119/2703249000935746,P1/P2,false,pair:P1:P2:SE
427,1443,447449424264620996/294212670466619,419337859164782989/588425340933238,P0/P2,false,pair:P0:P2:S
428,1448,3042894851684232460/1997139410723713,2863678913931022167/3994278821447426,P0/P1,false,pair:P0:P1:W
429,1450,3113691188689415932/2046038028708181,2948553081449450595/4092076057416362,P0/P2,false,pair:P0:P2:E
430,1453,3053027950845816076/1997139410723713,2870434313372077911/3994278821447426,P1/P2,false,pair:P1:P2:E
431,1458,1354733171769131852/882638011399857,1269272576562775207/1765276022799714,P0/P2,false,pair:P0:P2:N
432,1459,921300468061208596/599822629068695,864038290859973073/1199645258137390,P1/P2,false,pair:P1:P2:NE
433,1462,7285107530364974980/4748412499643531,6871286976003207869/9496824999287062,P0/P1,false,pair:P0:P1:NW
434,1466,11481279215775436180/7445248826984631,3593961560133706043/4963499217989754,P0/P2,false,pair:P0:P2:W
435,1474,2956715053409819724/1906735838690161,64531680213959477/88685387846054,P0/P2,false,pair:P0:P2:NW
436,1477,5222400549436281996/3364249056756769,4936072495578133943/6728498113513538,P0/P1,false,pair:P0:P1:NW
437,1479,20253804216792158732/13009161848979777,19032767347122326423/26018323697959554,P0/P2,false,pair:P0:P2:SE
438,1480,469731364604871148/301403524756969,440521714110756015/602807049513938,P0/P1,false,pair:P0:P1:NW
439,1484,7624464996337440700/4882176546067301,7181460405799780307/9764353092134602,P0/P1,false,pair:P0:P1:NW
440,1488,28435807016914681276/18135306410814437,26683975859062051667/36270612821628874,P0/P2,false,pair:P0:P2:N
441,1490,12926344672000273404/8252053656643861,12183144200546719395/16504107313287722,P0/P1,false,pair:P0:P1:W
442,1493,29110206287150498652/18504342780313181,27305417239331350043/37008685560626362,P0/P2,false,pair:P0:P2:NE
443,1497,28615951002009501116/18135306410814437,26846105445647389523/36270612821628874,P0/P2,false,pair:P0:P2:E
444,1502,476768239022637548/301403524756969,446995638575101103/602807049513938,P0/P1,false,pair:P0:P1:NE
445,1504,1494382149536945500/943377068732381,12614302605282082163/16980787237182858,P0/P2,false,pair:P0:P2:E
446,1510,5140997197614983788/3245079075782985,10254989683544091/13606201575610,P0/P1,false,pair:P0:P1:SE
447,1511,28319854100472805404/17766270041315693,26566937637058248843/35532540082631386,P0/P2,false,pair:P0:P2:SW
448,1523,527707090543601140/327496096737471,494006257922587241/654992193474942,P0/P2,false,pair:P0:P2:N
449,1525,9439333459799602516/5867736347187207,8888074330987421665/11735472694374414,P0/P2,false,pair:P0:P2:N
450,1528,24413212661698908652/15140924272407017,22976459159302215855/30281848544814034,P1/P2,false,pair:P1:P2:SE
451,1532,4918348750629320452/3079329578524459,4782391659813017373/6158659157048918,P0/P2,false,pair:P0:P2:W
452,1536,66273144392953298764/40886521343296433,62480613898990466983/81773042686592866,P1/P2,false,pair:P1:P2:SE
453,1538,4154559287182744004/2563207440386235,262132828540424995/341760992051498,P0/P1,false,pair:P0:P1:SW
454,1542,12074686159366340196/7408180810578035,56752811555737832681/74081808105780350,P0/P2,false,pair:P0:P2:E
455,1548,830442939238814012/507612634137989,18017077536076281877/23350181170347494,P1/P2,false,pair:P1:P2:SW
456,1551,95789168388615323124/58375452925868735,90373618056533121129/116750905851737470,P1/P2,false,pair:P1:P2:NW
457,1557,91114073069915168612/55233521709337395,9534769098330443373/12274115935408310,P0/P1,false,pair:P0:P1:SW
458,1560,13871424167600115268/8370953318679835,12942551796039619501/16741906637359670,P0/P1,false,pair:P0:P1:W
459,1561,79897452936294130076/48119340152995725,74406561261056722283/96238680305991450,P0/P2,false,pair:P0:P2:E
460,1569,49713729682211540652/29762993687196409,46401612197579447583/59525987374392818,P0/P2,false,pair:P0:P2:NW
461,1571,75226232043776803876/45199730749393475,212763392981843593423/271198384496360850,P0/P2,false,pair:P0:P2:N
462,1575,226399272071709690988/135599192248180425,71113284578049005637/90399461498786950,P0/P2,false,pair:P0:P2:N
463,1577,75402254293797841932/45145462848821441,71330434203651966999/90290925697642882,P1/P2,false,pair:P1:P2:E
464,1582,230034167291445781524/136756968990163607,216252688056869519057/273513937980327214,P1/P2,false,pair:P1:P2:NE
465,1584,25181552219854211708/14953064317602037,165574810479569420885/209342900446428518,P0/P2,false,pair:P0:P2:NW
466,1586,17570351321307861068/10460612328929905,16618488556413842151/20921224657859810,P0/P2,false,pair:P0:P2:NW
467,1588,152343244084361237932/90782865628286521,144510348391466172383/181565731256573042,P0/P2,false,pair:P0:P2:NW
468,1592,104924766588901612844/62347703265679065,19933848141236161651/24939081306271626,P1/P2,false,pair:P1:P2:NE
469,1595,263803897656506364820/155853015445852471,248300662480600106801/311706030891704942,P1/P2,false,pair:P1:P2:N
470,1599,264524473596885644180/155853015445852471,248877123232903530289/311706030891704942,P1/P2,false,pair:P1:P2:N
471,1601,224642262002654664412/132625314944006141,212857800062107667323/265250629888012282,P0/P1,false,pair:P0:P1:SW
472,1604,236370847861088502268/138573069552354709,221604127562282583587/277146139104709418,P0/P1,false,pair:P0:P1:SW
473,1607,110725398893694913412/64901799526359947,6126400787067630829/7635505826630582,P0/P2,false,pair:P0:P2:W
474,1609,121394366781168801388/70938041542728265,113734706928405086543/141876083085456530,P1/P2,false,pair:P1:P2:NW
475,1610,106221803281584315692/62347703265679065,100966277398863511103/124695406531358130,P0/P2,false,pair:P0:P2:SW
476,1615,72645917318427340436/42457486951562103,22860004822926737659/28304991301041402,P1/P2,false,pair:P1:P2:NW
477,1620,263464583603826280132/153119647320034427,248551307297133528397/306239294640068854,P1/P2,false,pair:P1:P2:S
478,1624,313049208769973038644/180896816509889903,292409613730250295865/361793633019779806,P1/P2,false,pair:P1:P2:S
479,1625,301897083663842624276/174949061901541335,284239746982378803089/349898123803082670,P0/P2,false,pair:P0:P2:NE
480,1629,53770957840976131116/31048136256695833,50573266297978373375/62096272513391666,P0/P1,false,pair:P0:P1:E
481,1637,52019572691425234604/29762993687196409,48779512800831069471/59525987374392818,P0/P1,false,pair:P0:P1:NW
482,1640,154922174542805352820/88885388896413791,146705803151307205065/177770777792827582,P0/P2,false,pair:P0:P2:S
483,1644,166650760401239190676/94833143504762359,155452130651482121329/189666287009524718,P0/P1,false,pair:P0:P1:SW
484,1645,543542906690442580100/310300494090475851,511887244375120242685/620600988180951702,P1/P2,false,pair:P1:P2:S
485,1647,570823281644328509876/326182154063634191,539405817312494024601/652364308127268382,P0/P1,false,pair:P0:P1:SW
486,1651,704918876051513877444/401575299649406011,665452832154541447053/803150599298812022,P0/P2,false,pair:P0:P2:S
487,1653,479233298060291157884/272603921297589941,451169579963310225411/545207842595179882,P0/P1,false,pair:P0:P1:W
488,1656,132426807837154218596/75086825381601139,123920044081026286485/150173650763202278,P0/P1,false,pair:P0:P1:SW
489,1662,248779896962533398068/140470546284227439,233676076421951282233/280941092568454878,P0/P1,false,pair:P0:P1:SE
490,1670,476262982728211536252/267463351019592245,448029791240844974211/534926702039184490,P0/P1,false,pair:P0:P1:E
491,1672,808167618632373309804/454671955488531593,766091068174562499855/909343910977063186,P1/P2,false,pair:P1:P2:N
492,1681,280441578434940136412/156739439876393405,266797777225960502203/313478879752786810,P1/P2,false,pair:P1:P2:E
493,1684,564130612395194416588/313111567692934033,530891030245374604487/626223135385868066,P0/P2,false,pair:P0:P2:SE
494,1686,384802543094927794868/213403541326629327,40202139891226311761/47423009183695406,P0/P2,false,pair:P0:P2:SE
495,1688,68984611625671558052/38209050145656035,454370859516182632579/534926702039184490,P0/P2,false,pair:P0:P2:E
496,1691,867214801867997417228/480770559074619649,818989583995055818199/961541118149239298,P1/P2,false,pair:P1:P2:SW
497,1696,208037797911634343860/114990775298378639,195897861734663526169/229981550596757278,P0/P2,false,pair:P0:P2:NE
498,1700,576998724289137606004/318754999475506527,545775984372025277641/637509998951013054,P1/P2,false,pair:P1:P2:W
499,1702,7404252381384358092/4101050789991889,35357014301663277731/41010507899918890,P1/P2,false,pair:P1:P2:W
500,1706,1529204668949812485708/839626676712497393,1439742220576281872487/1679253353424994786,P0/P2,false,pair:P0:P2:SW
501,1712,637410700113466701340/348478643810280429,598249319768118956555/696957287620560858,P1/P2,false,pair:P1:P2:NW
502,1713,79187832782675888924/43385881275078061,74737301410998852171/86771762550156122,P0/P2,false,pair:P0:P2:SW
503,1716,489325652485779539500/266457628010442649,41581611210342660829/48446841456444118,P0/P1,false,pair:P0:P1:SW
504,1723,1744671151320257377300/948603175610060439,78286969170752092877/90343159581910518,P0/P1,false,pair:P0:P1:S
505,1727,22651722988382713804/12304349302172433,391436514406345097067/451159474412989210,P0/P2,false,pair:P0:P2:NE
506,1732,887390928198617239308/480770559074619649,838589249573372216791/961541118149239298,P0/P2,false,pair:P0:P2:NW
507,1736,1553992481298859695692/839626676712497393,1463953572173025658983/1679253353424994786,P0/P1,false,pair:P0:P1:NE
508,1740,3338693953971325824628/1800503581893303327,1047238827495409180675/1200335721262202218,P1/P2,false,pair:P1:P2:W
509,1744,6214690528363495185284/3347387543785906059,5861406676608284436413/6694775087571812118,P0/P2,false,pair:P0:P2:NW
510,1747,3594654126801472739804/1934201399362562109,3390269784543153557819/3868402798725124218,P0/P1,false,pair:P0:P1:NE
511,1749,1723121470373164584860/921013531508428301,1609688409206469800683/1842027063016856602,P0/P1,false,pair:P0:P1:NE
512,1753,1895655237284742969172/1016628971713846663,1789611935866720468577/2033257943427693326,P0/P1,false,pair:P0:P1:E
513,1755,10602901109718658219956/5678146115857965455,10002376707626259222809/11356292231715930910,P1/P2,false,pair:P1:P2:SW
514,1757,888132988509269110668/474955494117385825,837289524818499025271/949910988234771650,P0/P2,false,pair:P0:P2:E
515,1759,4051861258057335077444/2160633841548492315,3801917488639097008813/4321267683096984630,P0/P2,false,pair:P0:P2:E
516,1764,7184328285082893377660/3836119052841108853,6810670005323883948867/7672238105682217706,P0/P1,false,pair:P0:P1:NW
517,1772,4472660957347748163836/2370107394952814293,4221241370636484033251/4740214789905628586,P0/P1,false,pair:P0:P1:NW
518,1776,12947180886430228299804/6839592068105154413,12224028684389246810763/13679184136210308826,P0/P1,false,pair:P0:P1:NW
519,1779,528136715485954806164/278690381949453239,498409854092038975665/557380763898906478,P0/P2,false,pair:P0:P2:NE
520,1788,15688541224920648118564/8218643299287059971,14776141293488522935941/16437286598574119942,P0/P2,false,pair:P0:P2:S
521,1791,5189300274479428868324/2718025269173009747,14725721701521419292703/16308151615038058482,P0/P1,false,pair:P0:P1:NE
522,1793,23747599400611240717676/12417397855686111625,22394573411942209079311/24834795711372223250,P0/P2,false,pair:P0:P2:SE
523,1804,20562401842737681330244/10677648368567423643,6505073048640413928975/7118432245711615762,P0/P2,false,pair:P0:P2:E
524,1807,28153422444669724439588/14558508655912832579,26556610470069576660037/29117017311825665158,P0/P2,false,pair:P0:P2:S
525,1808,3063941264931994099628/1586083122596547001,2900182492342110582879/3172166245193094002,P0/P1,false,pair:P0:P1:E
526,1812,3518769561780096653916/1820180278974416285,10013180840653597390481/10921081673846497710,P0/P1,false,pair:P0:P1:SE
527,1814,16840757370964014096212/8681619131122011015,15867680616497506099297/17363238262244022030,P1/P2,false,pair:P1:P2:S
528,1817,3075470479978062569388/1586083122596547001,415629409196995051241/453166606456156286,P0/P1,false,pair:P0:P1:E
529,1822,8042200491299296857292/4132635221627219153,7595965801789516464519/8265270443254438306,P0/P2,false,pair:P0:P2:S
530,1823,17696069315498109551932/9083573082748138629,16701336191739181126067/18167146165496277258,P0/P1,false,pair:P0:P1:SE
531,1825,8244436863472548108236/4217616426400912145,7741954950760611684679/8435232852801824290,P0/P2,false,pair:P0:P2:SE
532,1831,13447897320254775057500/6873427656992971549,12723958981078449949531/13746855313985943098,P0/P1,false,pair:P0:P1:E
533,1834,1464062434972635896692/745853662394216415,17869380419207251067317/19392195222249626790,P0/P1,false,pair:P0:P1:E
534,1835,2993037052416327294004/1524081455805131759,2808053161008275163065/3048162911610263518,P1/P2,false,pair:P1:P2:SW
535,1836,13192821022587668954468/6741188987449306547,12485335534976160299861/13482377974898613094,P0/P2,false,pair:P0:P2:SE
536,1838,146971429852355042092/74280788266627417,2572710719064400558893/2822669954131841846,P1/P2,false,pair:P1:P2:SW
537,1840,30760694477146492140972/15638476149884873785,28922379346476516422111/31276952299769747570,P0/P2,false,pair:P0:P2:E
538,1842,28290123983664982998620/14413427093131524253,26789205076351181607387/28826854186263048506,P0/P2,false,pair:P0:P2:E
539,1845,30852928197515039899052/15638476149884873785,5799233264554270925715/6255390459953949514,P0/P2,false,pair:P0:P2:E
540,1847,28382357704033530756700/14413427093131524253,26862992052646019813851/28826854186263048506,P0/P2,false,pair:P0:P2:E
541,1851,14557233477844390386956/7353713515825981313,13662603134481085016919/14707427031651962626,P0/P2,false,pair:P0:P2:SE
542,1856,2054255662527933893652/1035595329257361559,1932836299600779559121/2071190658514723118,P0/P2,false,pair:P0:P2:SW
543,1859,10723496531798287713052/5404167597553643437,10139928978658311647307/10808335195107286874,P0/P2,false,pair:P0:P2:SW
544,1862,2190767930447951892300/1099642029742092209,6185612891814908363509/6597852178452553254,P0/P1,false,pair:P0:P1:W
545,1866,19935938003326858076572/10009524746418040717,18819851233499164022123/20019049492836081434,P0/P1,false,pair:P0:P1:SW
546,1867,34085702744895635585524/17106962063727304639,32202722212019966471017/34213924127454609278,P0/P2,false,pair:P0:P2:SE
547,1871,45933392345223425047268/22977794929469410003,43240951133270961189173/45955589858938820006,P0/P1,false,pair:P0:P1:SW
548,1874,20028171723695405834652/10009524746418040717,18912084953867711780203/20019049492836081434,P0/P1,false,pair:P0:P1:SW
549,1875,49742356222202715226636/24839893165935232321,46878019146068683204503/49679786331870464642,P0/P2,false,pair:P0:P2:N
550,1877,25464038975488722165044/12703059717013821103,23975113952136015163129/25406119434027642206,P0/P1,false,pair:P0:P1:S
551,1879,37311728575816511626788/18573892582755926467,35013342873387009881285/37147785165511852934,P0/P2,false,pair:P0:P2:NW
552,1883,86414010906309556403740/42996844422305491437,27144685307493525260633/28664562948203660958,P0/P2,false,pair:P0:P2:W
553,1885,2866244143489584006212/1411334977065920923,2637274323322383989549/2822669954131841846,P0/P2,false,pair:P0:P2:SW
554,1889,13892522892821665511132/6881621909391396861,4349566887879981420841/4587747939594264574,P1/P2,false,pair:P1:P2:NW
555,1892,59034793490287835517028/29233600603522697715,55705589476674878289173/58467201207045395430,P0/P2,false,pair:P0:P2:W
556,1902,44316375151606010198844/21781535345198950661,41751194430332119345459/43563070690397901322,P0/P2,false,pair:P0:P2:NW
557,1904,26376291637554620252692/12944941179289093399,24818581040041109723217/25889882358578186798,P0/P1,false,pair:P0:P1:N
558,1907,28979208113544859838148/14271891141909423227,27579875405891528453453/28543782283818846454,P1/P2,false,pair:P1:P2:SW
559,1910,32151089355122339714460/15751222628624084621,30255303060806109347435/31502445257248169242,P1/P2,false,pair:P1:P2:SW
560,1911,79905309654189128972676/39086899909268570635,75141969995075209191741/78173799818537141270,P0/P2,false,pair:P0:P2:N
561,1917,16920382481940046807244/8270367897817447377,5329843946867876453933/5513578598544964918,P0/P1,false,pair:P0:P1:N
562,1920,126598536459030222727620/61602705523135902907,118651135451367823463181/123205411046271805814,P1/P2,false,pair:P1:P2:NE
563,1923,1748174226934212058948/851425681052543963,1648911651625421496045/1702851362105087926,P0/P1,false,pair:P0:P1:NW
564,1926,117118447457008799178780/56999462196497557357,110575239373512127709835/113998924392995114714,P1/P2,false,pair:P1:P2:NE
565,1930,23234254026424165336860/11291032053298322093,109637374176474858078839/112910320532983220930,P0/P2,false,pair:P0:P2:NW
566,1932,179462869084668168426116/87263847622680096459,56607943261339895179135/58175898415120064306,P1/P2,false,pair:P1:P2:E
567,1933,348973080193543171588100/169461729322324807659,329263189526327604611165/338923458644649615318,P0/P2,false,pair:P0:P2:NW
568,1939,106901166511526863099572/51490099320442034383,300748364793519227692939/308940595922652206298,P1/P2,false,pair:P1:P2:N
569,1941,552290230005539811936252/266468219376577701397,520882534209475257880995/532936438753155402794,P1/P2,false,pair:P1:P2:N
570,1945,367854399293720411144220/177493600781120266093,348869176730969016470155/354987201562240532186,P0/P1,false,pair:P0:P1:S
571,1949,322326813013067029840924/154470297961326103149,100741368106471997274073/102980198640884068766,P0/P2,false,pair:P0:P2:S
572,1951,555389283009923016607740/266468219376577701397,523538865356089433313699/532936438753155402794,P0/P2,false,pair:P0:P2:S
573,1960,334567193138835921178028/159252650143505561657,313579587068200287700447/318505300287011123314,P1/P2,false,pair:P1:P2:SW
574,1969,1083852795364526973455844/514239851705746093843,1024304448358029844978421/1028479703411492187686,P0/P1,false,pair:P0:P1:N
575,1971,694600933285442639858252/327637182970061515249,649652731786611820058471/655274365940123030498,P1/P2,false,pair:P1:P2:SW
576,1974,40894395449295555700548/19380301297776824795,38925540104888722819309/38760602595553649590,P0/P1,false,pair:P0:P1:SW
577,1981,245722867850623956653732/115608761117713115427,1621560306526984600235203/1618522655647983615978,P0/P1,false,pair:P0:P1:NW
578,1985,699913595578670990723660/327637182970061515249,654965394079840170923879/655274365940123030498,P0/P2,false,pair:P0:P2:SW
579,1986,289687248060912495840260/135201598493028298987,269385161730035120963421/270403196986056597974,P0/P1,false,pair:P0:P1:N
580,1990,176396562192121259560868/82734037477940817379,166927756893095450461093/165468074955881634758,P0/P2,false,pair:P0:P2:SW
581,1993,201472038411917033876708/94040584518492820563,188891081434163770043317/188081169036985641126,P0/P2,false,pair:P0:P2:SW
582,1994,194801626754378440753476/91142593092926982491,183779056271911659742573/182285186185853964982,P0/P1,false,pair:P0:P1:NW
583,1997,156968045787508404022636/73300824036723179913,147996023204874116773903/146601648073446359826,P0/P2,false,pair:P0:P2:W
584,2000,19699818433924799716652/9196319561487349465,18629167402445907091007/18392639122974698930,P0/P1,false,pair:P0:P1:W
585,2001,157300087180835175951724/73300824036723179913,148217384133758631393295/146601648073446359826,P1/P2,false,pair:P1:P2:W
586,2003,295064289877999108011156/137438167087404338167,277950054783630363401841/274876334174808676334,P0/P1,false,pair:P0:P1:W
587,2005,78500813445135977085116/36515545790773782053,73700714523975003029267/73031091581547564106,P0/P1,false,pair:P0:P1:W
588,2009,295802159640947490075796/137438167087404338167,278540350593989069053553/274876334174808676334,P0/P1,false,pair:P0:P1:W
589,2010,258652181682371248579852/120406036213482573185,244895355068758988412247/240812072426965146370,P1/P2,false,pair:P1:P2:NW
590,2012,559282677184208551037996/259508659474374455321,526583517987686257701631/519017318948748910642,P0/P1,false,pair:P0:P1:NW
591,2015,70458287107085868593252/32606032812506370547,66107388608055007358229/65212065625012741094,P0/P1,false,pair:P0:P1:NW
592,2017,867466182010304421349892/402241930290494495595,818632526295862103257309/804483860580988991190,P1/P2,false,pair:P1:P2:NW
593,2019,726549607796132684163388/337029864665481754501,686417749079752088540851/674059729330963509002,P0/P1,false,pair:P0:P1:NW
594,2020,33217335291896875385772/15393286305552837817,532253440159501129593679/523371734388796485778,P1/P2,false,pair:P1:P2:NW
595,2022,49249970838217656238580/22750378591929365951,323171893986529254540767/318505300287011123314,P1/P2,false,pair:P1:P2:NW
596,2025,1111006402641027433434596/514239851705746093843,1049687168203454188002037/1028479703411492187686,P0/P1,false,pair:P0:P1:W
597,2029,724679359880246587553532/334852656945457966933,683699305959730744907363/669705313890915933866,P1/P2,false,pair:P1:P2:W
598,2030,1425002997171370435933908/657712372672516665383,1341382938276418997772993/1315424745345033330766,P0/P1,false,pair:P0:P1:SW
599,2034,802322470403912781800692/370767330738975522303,761533172992641612141353/741534661477951044606,P0/P2,false,pair:P0:P2:W
600,2038,1286965040607253198996332/592480958968885063177,1214157950247474053404559/1184961917937770126354,P0/P2,false,pair:P0:P2:W
601,2039,594292335086643641926604/273427779278780947473,560486753876294916829255/546855558557561894946,P0/P1,false,pair:P0:P1:SW
602,2045,190998125559324973504820/87516389660120275887,19965021354609074695793/19448086591137839086,P1/P2,false,pair:P1:P2:NW
603,2046,1099323573102902754458804/502669962290302067023,147224130463952560124319/143619989225800590578,P0/P2,false,pair:P0:P2:SE
604,2049,2106539967489782060177564/964303738206206406349,1987566989824274655573035/1928607476412412812698,P0/P2,false,pair:P0:P2:E
605,2055,891910299323629713708820/407299544624486020823,843495128635897849995409/814599089248972041646,P0/P1,false,pair:P0:P1:N
606,2056,1626029467958952582543908/742590109976296865475,1538483987431594448220101/1485180219952593730950,P1/P2,false,pair:P1:P2:N
607,2064,2126610025041978052335772/964303738206206406349,182405132341432112402529/175327952401128437518,P0/P2,false,pair:P0:P2:E
608,2068,1639015975786844106881572/742590109976296865475,516763301212922853751447/495060073317531243650,P1/P2,false,pair:P1:P2:N
609,2071,410446486527833391408116/185656329079716750143,2713251230758623947686751/2599188607116034502002,P0/P2,false,pair:P0:P2:SE
610,2074,3653646190622177392124028/1649659862198498354549,3447339690593876983679811/3299319724396996709098,P0/P1,false,pair:P0:P1:SE
611,2081,1333890454158676255187540/598040379956118113223,1245976896756655863027233/1196080759912236226446,P0/P2,false,pair:P0:P2:SW
612,2086,40564024867925633345492/18122435756246003431,416899754413175169413643/398693586637412075482,P0/P2,false,pair:P0:P2:NW
613,2087,735866486036429813755172/329836494264529351427,2079817264493947680846991/1979018965587176108562,P0/P1,false,pair:P0:P1:SE
614,2088,144831106244623923477380/65244850472911656843,414559000627211086303031/391469102837469941058,P0/P2,false,pair:P0:P2:NW
615,2090,2027750600641438425061012/908125200720547309943,1907745061918550001149169/1816250401441094619886,P0/P2,false,pair:P0:P2:NW
616,2093,173019003739696677841548/77224354922030870689,162095098827368021185847/154448709844061741378,P0/P1,false,pair:P0:P1:NE
617,2096,1536024480713793540044828/686411572490637769069,206693734759813668680285/196117592140182219734,P0/P1,false,pair:P0:P1:N
618,2098,1466987035560020810261596/654218917441777209629,1377744855973946614801755/1308437834883554419258,P1/P2,false,pair:P1:P2:E
619,2101,187661862831341656770756/83822641337952711163,177584137466255736292301/167645282675905422326,P0/P2,false,pair:P0:P2:N
620,2105,3703821334502667372519548/1649659862198498354549,3495743947043290847120195/3299319724396996709098,P0/P1,false,pair:P0:P1:NE
621,2108,440505286370386823670700/195815746298975333049,2075070847313244956781787/1958157462989753330490,P0/P2,false,pair:P0:P2:N
622,2109,2581649124631969193540860/1146069089634341437397,2424217420454849469362659/2292138179268682874794,P0/P1,false,pair:P0:P1:NE
623,2114,1884582987233885605999188/835060772949526312903,1775697124391407630633505/1670121545899052625806,P0/P1,false,pair:P0:P1:N
624,2117,2591093857597708483968252/1146069089634341437397,347666021917226965684293/327448311324097553542,P0/P1,false,pair:P0:P1:NE
625,2118,1325788600995362727149996/588042611388836063033,1253926983157758975753951/1176085222777672126066,P0/P2,false,pair:P0:P2:W
626,2119,99019424670598549820124/44147053180869053693,664059398026344083735901/618058744532166751702,P0/P1,false,pair:P0:P1:NE
627,2123,3917182794987696036442436/1731935179117647629659,3699753211852832329122157/3463870358235295259318,P1/P2,false,pair:P1:P2:W
628,2125,695795991633258938920444/306540629491101286037,652627507043555578193187/613081258982202572074,P0/P2,false,pair:P0:P2:NW
629,2132,3427030011771717392107692/1505110132178319602297,3217403955816961197568415/3010220264356639204594,P0/P2,false,pair:P0:P2:W
630,2134,3750454703521005119004796/1649659862198498354549,3539425837009835065346883/3299319724396996709098,P0/P1,false,pair:P0:P1:NE
631,2137,1564653827516190764152860/686411572490637769069,1473419454784837435089035/1372823144981275538138,P0/P2,false,pair:P0:P2:W
632,2143,1179079583071862045538596/515866535122145747971,1108770655354139803220101/1031733070244291495942,P0/P1,false,pair:P0:P1:SE
633,2145,606842912221315094892252/265379615516565807613,571543130937325521621371/530759231033131615226,P0/P1,false,pair:P0:P1:SE
634,2147,733381185227096341571948/320249686325726385801,688247068587166107867919/640499372651452771602,P0/P1,false,pair:P0:P1:SE
635,2154,1865168162176356362918892/809753556276967755113,1747099200403983132193071/1619507112553935510226,P0/P1,false,pair:P0:P1:S
636,2157,344320688181720862983484/149830883860802159749,976265093556306161878297/898985303164812958494,P0/P2,false,pair:P0:P2:S
637,2161,3146689538593705348291820/1365537887708105029673,2965469521418360793012335/2731075775416210059346,P0/P2,false,pair:P0:P2:SE
638,2164,11550973696044723089513428/5005947686842085780967,10901122689336906608213761/10011895373684171561934,P1/P2,false,pair:P1:P2:E
639,2168,12110672577478130431190516/5237323355079271671999,233141011954888399833017/213768300207317211102,P0/P1,false,pair:P0:P1:SW
640,2172,1946790101028324811648804/840726349175245203587,1836201733021732133437445/1681452698350490407174,P0/P1,false,pair:P0:P1:W
641,2175,342749141647067805864292/146943510577411003571,318573976714562958834773/293887021154822007142,P1/P2,false,pair:P1:P2:NW
642,2179,8348451377575035850409620/3599023933985611861367,7914746575859431567778033/7198047867971223722734,P0/P2,false,pair:P0:P2:W
643,2185,6969112009362376155796676/2985045000262040539899,6544670518917980671245005/5970090000524081079798,P0/P2,false,pair:P0:P2:NE
644,2186,14808421244660633527733660/6359240738494503954573,4667519709654007359312249/4239493825663002636382,P0/P1,false,pair:P0:P1:N
645,2190,19902548884508286221002804/8512117593829999004911,18725690877236032161480377/17024235187659998009822,P0/P2,false,pair:P0:P2:E
646,2196,2259721730277866176796828/964303738206206406349,2132779759172516245894187/1928607476412412812698,P1/P2,false,pair:P1:P2:W
647,2199,5162171073656110651938036/2198355811082979807743,4855212820617841914044201/4396711622165959615486,P1/P2,false,pair:P1:P2:W
648,2200,19996996214165679125276724/8512117593829999004911,18801248740961946484899513/17024235187659998009822,P0/P2,false,pair:P0:P2:E
649,2204,2265034392571094527662236/964303738206206406349,194211048548606225436769/175327952401128437518,P0/P1,false,pair:P0:P1:E
650,2205,5969047232266403554623148/2542027593305917925113,5636349839400070818990367/5084055186611835850226,P1/P2,false,pair:P1:P2:N
651,2214,2278020900398986051999900/964303738206206406349,2148127450241842592838699/1928607476412412812698,P0/P1,false,pair:P0:P1:E
652,2217,15020927736389767562349980/6359240738494503954573,4733632840414182392303993/4239493825663002636382,P0/P2,false,pair:P0:P2:N
653,2220,5211755921726241926681844/2198355811082979807743,4897714118963668720967465/4396711622165959615486,P0/P1,false,pair:P0:P1:E
654,2222,2283923858502573108517020/964303738206206406349,2152849816724712238052395/1928607476412412812698,P0/P1,false,pair:P0:P1:E
655,2226,972270578599152454609756/409543607436414622813,4582263996317284435146887/4095436074364146228130,P1/P2,false,pair:P1:P2:N
656,2231,15120097432530030111837596/6359240738494503954573,4761967039311400263586169/4239493825663002636382,P0/P1,false,pair:P0:P1:S
657,2234,22076995453057271956961228/9267838386707879553809,1600588083448202438329763/1425821290262750700586,P0/P1,false,pair:P0:P1:SE
658,2235,25934329662874249959620212/10863213763068575062047,24323445351853221895488521/21726427526137150124094,P1/P2,false,pair:P1:P2:E
659,2240,4973969180380410767764132/2069790518736655831075,4619252080409675526489957/4139581037473311662150,P0/P1,false,pair:P0:P1:W
660,2241,5263701953037808024032500/2198355811082979807743,4944937783792365173104425/4396711622165959615486,P1/P2,false,pair:P1:P2:E
661,2249,54247707479120651059102628/22588870959300514237667,51151263391430492106165413/45177741918601028475334,P1/P2,false,pair:P1:P2:NE
662,2252,34534550230705740039714084/14351893573319715404035,32552581411913737857637253/28703787146639430808070,P1/P2,false,pair:P1:P2:N
663,2254,64403429965127736984033516/26728451996773825899817,60578662211564628967693167/53456903993547651799634,P0/P2,false,pair:P0:P2:E
664,2261,6659358345918510231534788/2759089542993719001339,31465959585918424318021633/27590895429937190013390,P0/P1,false,pair:P0:P1:W
665,2266,64800108749688787181983980/26728451996773825899817,60918672598331243423079279/53456903993547651799634,P1/P2,false,pair:P1:P2:E
666,2267,73619623279306672099496564/30438987424614691594015,69642059957539345765393673/60877974849229383188030,P0/P2,false,pair:P0:P2:NW
667,2275,49800575376372783051633620/20474878277941126365159,46896701373415427902266625/40949756555882252730318,P1/P2,false,pair:P1:P2:NE
668,2276,677645534872045997315884/278553965544790234713,42322769572910882727030995/36954826095608837805258,P0/P2,false,pair:P0:P2:SW
669,2279,3815183968807230972363532/1562078232424910319617,3571084631367407287946967/3124156464849820639234,P0/P1,false,pair:P0:P1:SW
670,2282,135191471826303767921247028/55432239143413256707887,42436106368499754212159699/36954826095608837805258,P1/P2,false,pair:P1:P2:SE
671,2284,74148528325388072363430516/30438987424614691594015,14034193000724149205865525/12175594969845876637606,P0/P1,false,pair:P0:P1:SE
672,2289,21762482079853410512966956/8896170734058013192409,61424982236845948886285501/53377024404348079154454,P0/P2,false,pair:P0:P2:E
673,2294,74254287872282946357944228/30359107835415118948835,14062933769560428447284001/12143643134166047579534,P1/P2,false,pair:P1:P2:W
674,2297,99645683524546728184452/40453280437492021451,52837527080793412829827541/46035833137865920411238,P0/P2,false,pair:P0:P2:W
675,2300,195807226789639269769754972/79844714705934495814365,580015553391373902672037/500593822607739785670,P0/P2,false,pair:P0:P2:SW
676,2303,45430827895382216537220780/18457800903581972362489,128140384613161433758310749/110746805421491834174934,P0/P1,false,pair:P0:P1:E
677,2307,443983567570775511142235228/179817721581128756269853,417352271125658057551942491/359635443162257512539706,P1/P2,false,pair:P1:P2:SW
678,2316,348652909761358268882994148/140882448733563024292755,329612955674281834001998453/281764897467126048585510,P1/P2,false,pair:P1:P2:NE
679,2317,392202831055860177219913756/158134694906646399530349,368850755197323817264989323/316269389813292799060698,P0/P1,false,pair:P0:P1:SE
680,2320,355488330981007648885913388/143251299548688806518361,334333441452918027748379327/286502599097377613036722,P0/P2,false,pair:P0:P2:E
681,2327,260856891480905297958562844/104976682446599973193837,246097807424067655252851083/209953364893199946387674,P1/P2,false,pair:P1:P2:E
682,2330,351512997123948685631579660/141223586122241632364609,331504841202955213646843031/282447172244483264729218,P0/P1,false,pair:P0:P1:N
683,2335,272446390115214550594024204/109429081979879272186881,257828224734758876750027479/218858163959758544373762,P0/P2,false,pair:P0:P2:E
684,2336,36175894517434037824478092/14482482587531003977569,11335347490962283311390077/9654988391687335985046,P1/P2,false,pair:P1:P2:SW
685,2340,263565863116043886060310084/105317819835278581265691,82562487165945792534673039/70211879890185720843794,P1/P2,false,pair:P1:P2:NW
686,2349,397038534334318693918738460/158134694906646399530349,373535342748330505316975755/316269389813292799060698,P0/P2,false,pair:P0:P2:NE
687,2350,451766027534544686454406236/179817721581128756269853,424756941770797661247017819/359635443162257512539706,P0/P1,false,pair:P0:P1:SW
688,2354,50399250533140636680469508/20043760644668236285163,47507018443015561489304413/40087521289336472570326,P0/P1,false,pair:P0:P1:S
689,2362,500277502299102547973007060/198492860726888749622311,472407685768079793087418049/396985721453777499244622,P1/P2,false,pair:P1:P2:N
690,2364,317605249465949314805428980/125999053375605431280767,300082460935786389831051433/251998106751210862561534,P1/P2,false,pair:P1:P2:N
691,2365,108252498560571289759021316/42925091705747857638571,102248912272841247369909661/85850183411495715277142,P0/P1,false,pair:P0:P1:E
692,2370,313996593468525595626849276/124312477337836865198869,297030126030171354318623907/248624954675673730397738,P1/P2,false,pair:P1:P2:NW
693,2375,305826396237664149966367348/120520733550034464858399,287674588963590728165790473/241041467100068929716798,P0/P1,false,pair:P0:P1:N
694,2378,311987745311934399717114740/122940375106021657488863,294302224598962315179952201/245880750212043314977726,P0/P2,false,pair:P0:P2:W
695,2379,44905467218558448288514644/17597159900312371020743,41807737122735610447666721/35194319800624742041486,P1/P2,false,pair:P1:P2:S
696,2382,506080517931824016477781332/199131897440485330783751,477604915567605426597886433/398263794880970661567502,P1/P2,false,pair:P1:P2:SW
697,2384,89416816889016858037432172/35105939945092860421897,252069817593940408362329005/210635639670557162531382,P1/P2,false,pair:P1:P2:SW
698,2390,1465228805949896627337768644/575033537164323928918651,1383067705635263545138009933/1150067074328647857837302,P0/P1,false,pair:P0:P1:E
699,2394,208659553893342282646836988/81500512352587019237205,195488674991260695793536611/163001024705174038474410,P1/P2,false,pair:P1:P2:SE
700,2396,1227504235857281157812973212/480257758194014798207821,1159741122422683589403333547/960515516388029596415642,P1/P2,false,pair:P1:P2:E
701,2400,418847542107408042636901492/163247750185402597175967,131228423133735156010675331/108831833456935064783978,P1/P2,false,pair:P1:P2:E
702,2402,226869935450472199933729340/88453688637779646068293,1068309348275703411022361023/884536886377796460682930,P0/P1,false,pair:P0:P1:SW
703,2411,464338941907822454104442780/180137239937927046850573,436422500317670196812548331/360274479875854093701146,P1/P2,false,pair:P1:P2:S
704,2413,775105939503893413360529548/301491163986399262175521,733847451293818527441027255/602982327972798524351042,P1/P2,false,pair:P1:P2:S
705,2416,320613694434109247595924748/124207007479302753274753,1509919055059558652255847603/1242070074793027532747530,P0/P2,false,pair:P0:P2:SW
706,2425,373750602428965831759730092/142959275732997933837881,345460153896158595594428383/285918551465995867675762,P0/P2,false,pair:P0:P2:E
707,2427,3173832090111781760670687828/1224017365369312290724807,2996956770761029773933200929/2448034730738624581449614,P1/P2,false,pair:P1:P2:S
708,2433,1752273242011573969885348876/674019651634700728146625,1656477393577828186569389591/1348039303269401456293250,P0/P1,false,pair:P0:P1:N
709,2437,1163501305055790729470988108/445550102884402406113201,1092375274153684802014174119/891100205768804812226402,P0/P2,false,pair:P0:P2:SW
710,2438,518925354765229451459034452/199131897440485330783751,489996405218655375638624737/398263794880970661567502,P0/P1,false,pair:P0:P1:NE
711,2442,1409409918943421340559451732/540529044818157178443463,1334815252079545307979682593/1081058089636314356886926,P1/P2,false,pair:P1:P2:SW
712,2443,688902704361757372970763548/263501848981282694309165,648460306244911494933585611/527003697962565388618330,P0/P2,false,pair:P0:P2:SE
713,2448,1168941471244056560757165900/445550102884402406113201,1097815440341950633300351911/891100205768804812226402,P1/P2,false,pair:P1:P2:SW
714,2453,72871147711919589195092588/27756280129296920166217,2954891047919915774159268165/2387040091119535134294662,P0/P1,false,pair:P0:P1:E
715,2456,222726364700051331578208916/84565440400451740846711,1880317511223611627416533881/1522177927208131335240798,P0/P2,false,pair:P0:P2:NE
716,2460,2809430259848013264354311796/1064556801311347469641759,2637558419303832174830842889/2129113602622694939283518,P0/P1,false,pair:P0:P1:SW
717,2465,3561011159411240543860020684/1349087301185720503393681,3355665783325603692458652359/2698174602371441006787362,P0/P2,false,pair:P0:P2:SW
718,2466,175460452896411185820422924/66469300212189276408833,165426952086082119376458455/132938600424378552817666,P1/P2,false,pair:P1:P2:SE
719,2471,2042249540420024299092866156/772674496191295145614537,1928731523335823968410360527/1545348992382590291229074,P1/P2,false,pair:P1:P2:S
720,2475,6138837879456219189025660228/2318023488573885436843611,5795865976564388938628730989/4636046977147770873687222,P1/P2,false,pair:P1:P2:S
721,2477,431824551460345857999340020/163074243736449742935487,408417330988774407349765481/326148487472899485870974,P0/P1,false,pair:P0:P1:S
722,2479,4564457496399100765017580124/1720523743522332955765661,99975808543597890740464657/80024360163829439803054,P1/P2,false,pair:P1:P2:S
723,2482,2049503095337712074141103212/772674496191295145614537,1933567226614282485109185231/1545348992382590291229074,P0/P1,false,pair:P0:P1:S
724,2484,58413741300859679001203156/21891041770038684856935,343873706488171347680618801/277286529087156674854510,P0/P1,false,pair:P0:P1:S
725,2494,8155554486271721469443096116/3053556438716737312823663,7689854039051001879255957049/6107112877433474625647326,P0/P1,false,pair:P0:P1:SW
726,2497,2049191274484770861315674956/764758930869252182002353,641255190331460434765929869/509839287246168121334902,P0/P2,false,pair:P0:P2:SW
727,2499,1272782815273064017710946684/476047422693947129690677,1201536379983410720984299651/952094845387894259381354,P0/P2,false,pair:P0:P2:SW
728,2501,2383214359814267851735316/889958750717649885783,6731219814734465778422579/5339752504305899314698,P1/P2,false,pair:P1:P2:NW
729,2502,6125647734867057524414894348/2289584743271079023269505,5781113676563608245734433879/4579169486542158046539010,P0/P2,false,pair:P0:P2:S
730,2507,6101774271040494550330106028/2274904874210332965741689,5762063942391202072571801503/4549809748420665931483378,P0/P2,false,pair:P0:P2:S
731,2511,4618935421423191480231691844/1716853776257146441383707,4349807921533880700585806253/3433707552514292882767414,P0/P1,false,pair:P0:P1:SE
732,2515,4259938816076784634524728404/1582490538431033560863559,4025188347678468173821534881/3164981076862067121727118,P0/P2,false,pair:P0:P2:SE
733,2520,627219314361177682026655532/231760535660791983405145,2937551900676559328599811003/2317605356607919834051450,P0/P2,false,pair:P0:P2:S
734,2522,11632100740132894705097946148/4309103886105280981225027,10968878861861089503080248389/8618207772210561962450054,P0/P2,false,pair:P0:P2:S
735,2530,8271611364954725870214889012/3053556438716737312823663,7803493066094777021678337593/6107112877433474625647326,P0/P1,false,pair:P0:P1:NE
736,2534,1088308259532568610889182276/400159591621125459113883,3064302657565072586946836359/2400957549726752754683298,P1/P2,false,pair:P1:P2:E
737,2535,10190665546090907248496794300/3753310709026409746465701,9612757670513674724094641555/7506621418052819492931402,P0/P1,false,pair:P0:P1:N
738,2537,8468832864183282306985311828/3114104396002176019069127,7960559333646354679406272801/6228208792004352038138254,P0/P1,false,pair:P0:P1:N
739,2538,127587086099435244552943444/47263656974009805065607,1835195351860926829390796719/1417909709220294151968210,P0/P2,false,pair:P0:P2:E
740,2540,1258145868536604423791382356/459048407994287483383687,89395170708220864851944613/70622831999121151289798,P0/P2,false,pair:P0:P2:SE
741,2542,388819663984932204334116588/143195509445514593827241,4044677700263016187433166917/3150301207801321064199302,P0/P2,false,pair:P0:P2:SE
742,2545,5586559969483792553371968644/2054060516652880638902347,5273096815265113273961572605/4108121033305761277804694,P0/P1,false,pair:P0:P1:NW
743,2547,1295795783119357141311006764/474534805826617425022233,6068065301845070368932365819/4745348058266174250222330,P0/P2,false,pair:P0:P2:S
744,2550,2232780622254776047970602324/818683533127510624848391,31518900023571735324991815727/24560505993825318745451730,P0/P1,false,pair:P0:P1:NW
745,2551,41417083690868794437503573076/15189407423201683689413447,39006481750434391090555427489/30378814846403367378826894,P0/P2,false,pair:P0:P2:S
746,2553,4106750300525613861289793444/1506980987729297024500707,6460923139960531529042361363/5023269959097656748335690,P0/P2,false,pair:P0:P2:S
747,2557,40133738424296379494353937396/14697037129050370958525247,37822703072118754413473594345/29394074258100741917050494,P1/P2,false,pair:P1:P2:S
748,2558,56336464781804863278504677308/20630632499058735081155941,53111202367786844647945754067/41261264998117470162311882,P0/P1,false,pair:P0:P1:SW
749,2561,65191943203182374991054120084/23833251636334977080901623,61454485121124525887617993329/47666503272669954161803246,P0/P2,false,pair:P0:P2:S
750,2565,95360960296143689026884247164/34774151597736702968512501,89640794006174104993663061187/69548303195473405937025002,P1/P2,false,pair:P1:P2:NE
751,2570,178677270917573132353466024972/65094516634452447243213505,33697857601495849197782410347/26037806653780978897285402,P0/P2,false,pair:P0:P2:NE
752,2575,95709130932192702229199625852/34774151597736702968512501,89988964642223118195978439875/69548303195473405937025002,P0/P1,false,pair:P0:P1:SE
753,2577,6002358979904430695616032284/2182876878972901068819949,50995101581635414162120972387/39291783821512219238759082,P0/P2,false,pair:P0:P2:E
754,2581,96145040732740612745230189788/34864524238801604860855933,90473587485087992918191077627/69729048477603209721711866,P0/P1,false,pair:P0:P1:E
755,2585,137520601659664099208545066540/49875884306406952001737113,129900571507263034305425692031/99751768612813904003474226,P1/P2,false,pair:P1:P2:SW
756,2587,221768221486865572177916865004/80313148962497942484689897,208857543314168191817565902511/160626297924995884969379794,P0/P2,false,pair:P0:P2:E
757,2589,162354607509244646800916444276/58774185959411866403101855,152943325986269509809148808073/117548371918823732806203710,P1/P2,false,pair:P1:P2:SW
758,2593,329078377999499523617521569604/118963041432159095981739995,309863097463223536158901951213/237926082864318191963479990,P0/P1,false,pair:P0:P1:E
759,2606,322691371697985337503654876796/115828062068387231785290229,303806779400687431637286367939/231656124136774463570580458,P0/P2,false,pair:P0:P2:N
760,2608,20810639418079947128899654172/7448898885072558661554413,97350492995575014439004229943/74488988850725586615544130,P1/P2,false,pair:P1:P2:S
761,2609,139992446917072527246828805252/50218721226124327695370827,131790340119887231451950845693/100437442452248655390741654,P0/P2,false,pair:P0:P2:N
762,2611,220545244669784642527046481964/79256713089766580541790489,208853088071772340837525758463/158513426179533161083580978,P1/P2,false,pair:P1:P2:W
763,2617,332560084359989655640675356484/118963041432159095981739995,313112690066347659380512152301/237926082864318191963479990,P0/P2,false,pair:P0:P2:W
764,2620,276342254212079036784674498204/98717132601812154369828173,260108125123726822113628928427/197434265203624308739656346,P1/P2,false,pair:P1:P2:SW
765,2625,46430358467377917931298676388/16546866009769604540755747,305818431964526174583997444803/231656124136774463570580458,P1/P2,false,pair:P1:P2:W
766,2629,72734201007631020092803705972/25893105454005129896797855,68531132736180017730506649993/51786210908010259793595710,P0/P2,false,pair:P0:P2:NW
767,2630,6396355465028131451666220012/2259539887581743802448745,29584132586709328105033719787/22595398875817438024487450,P1/P2,false,pair:P1:P2:SW
768,2632,504708186136517855448488636724/179694155542015235932532143,476302330934313617100487213049/359388311084030471865064286,P1/P2,false,pair:P1:P2:SW
769,2633,277734936756275089593936012956/98717132601812154369828173,261346065163012202388528052651/197434265203624308739656346,P0/P2,false,pair:P0:P2:NW
770,2637,443361466909958402813987632156/157840280732791019019308653,419177937099651571394867659659/315680561465582038038617306,P0/P2,false,pair:P0:P2:NW
771,2639,189180706161021694668960216668/67176830524148836188144285,59354025719275455622069976393/44784553682765890792096190,P1/P2,false,pair:P1:P2:SW
772,2643,214390352125636465214723374948/76121733725994716345340723,202796770009236236315910175189/152243467451989432690681446,P0/P2,false,pair:P0:P2:SW
773,2644,140130488419058410199637725548/49695139024277148217050249,132180918424657408082610617615/99390278048554296434100498,P0/P1,false,pair:P0:P1:NE
774,2646,17135568951709404896848107364/6073278953713838693864755,35516348051127083096850870587/26722427396340890253004922,P0/P2,false,pair:P0:P2:S
775,2648,801511418193887920923474857252/284008101424628976630987523,755565583316003749214209509765/568016202849257953261975046,P0/P1,false,pair:P0:P1:E
776,2653,103992970610827351849509548164/36766353325168293954679115,97935473233280708247033761789/73532706650336587909358230,P0/P1,false,pair:P0:P1:NE
777,2657,63701557326013260666224728076/22476617157536963773002177,539958128750141776807063977935/404579108835665347914039186,P0/P1,false,pair:P0:P1:NW
778,2659,767160777318295758580904223748/270728367783954029319328491,241672227668073569863923494687/180485578522636019546218994,P0/P2,false,pair:P0:P2:W
779,2661,48917132931013873181066977068/17211932954997487387176025,119534235479387530798395151447/89502051365986934413315330,P0/P2,false,pair:P0:P2:W
780,2665,256236067455800827974842709676/90242789261318009773109497,55865740234115853066666892945/41650518120608312202973614,P0/P2,false,pair:P0:P2:W
781,2668,543174394701131979358208898932/190497773410523123167427807,509422734166062364877939597641/380995546821046246334855614,P0/P2,false,pair:P0:P2:SW
782,2674,639017578201393802041118512444/223755128414967336033288325,600456542485329759610498786739/447510256829934672066576650,P0/P2,false,pair:P0:P2:S
783,2681,1237430927177511007388771548892/431639788232595865733531133,387279300884159371500824620841/287759858821730577155687422,P1/P2,false,pair:P1:P2:S
784,2685,393470376196136098316902040372/136506537400088267703750447,2631640421958143321578399115/1964122840289039823075546,P0/P1,false,pair:P0:P1:NE
785,2690,853196670347541861201033609972/297181132092519309297614975,2412542784959060498421825668603/1783086792555115855785689850,P1/P2,false,pair:P1:P2:W
786,2693,165267998227410851922028704068/57879691852410683459919195,95106230759856592577600098523/69455630222892820151903034,P1/P2,false,pair:P1:P2:NW
787,2699,3077871048312800749703441770684/1068659589217101394512910885,2900878184487024226553078999827/2137319178434202789025821770,P0/P2,false,pair:P0:P2:W
788,2700,5109597970910241507080030091772/1772553972043775798364618645,4806394565368968977404288007203/3545107944087551596729237290,P1/P2,false,pair:P1:P2:NE
789,2705,5247303223250978613770008415364/1818311284520633918187826763,4945779698010618738010145966845/3636622569041267836375653526,P0/P1,false,pair:P0:P1:W
790,2707,4865363788906254748798988877028/1680564333816991127503630419,4557633298050837234009853849525/3361128667633982255007260838,P0/P2,false,pair:P0:P2:NW
791,2713,5225671686011561074204219308292/1803217184786037355318281387,14766980166567869097599228117207/10819303108716224131909688322,P0/P1,false,pair:P0:P1:S
792,2717,17134236824453804564353421468/5904492961016625515301069,362223367802709953504038165225/264858684251317201686362238,P0/P1,false,pair:P0:P1:SW
793,2718,52765186619486301134756226220/18046201602430011351719801,48850723518647285051393342623/36092403204860022703439602,P1/P2,false,pair:P1:P2:N
794,2725,15493667759651033046028111123948/5317186902858258963879283945,14577938458157754258619654702511/10634373805716517927758567890,P1/P2,false,pair:P1:P2:NW
795,2728,19277808999663794217967261931828/6614284119535214562073406383,18148165874566890622073552425465/13228568239070429124146812766,P0/P1,false,pair:P0:P1:N
796,2732,12441789366515441309751196551988/4264105536357065520630572335,11713567497484624435362461588601/8528211072714131041261144670,P0/P2,false,pair:P0:P2:N
797,2737,22906065667762213771303496244892/7827118772121449700898959181,21509444132697112576817385545643/15654237544242899401797918362,P0/P2,false,pair:P0:P2:NW
798,2740,22281031792746574222125209671068/7608278938860352054527827597,20981869405752734849068977573483/15216557877720704109055655194,P0/P2,false,pair:P0:P2:W
799,2742,12491306968086856520747161520948/4264105536357065520630572335,2351626667779779625051766012133/1705642214542826208252228934,P0/P2,false,pair:P0:P2:W
800,2746,12516065768872564126245144005428/4264105536357065520630572335,11777940379527464209657216048249/8528211072714131041261144670,P0/P2,false,pair:P0:P2:W
801,2748,22330549394317989433121174640028/7608278938860352054527827597,21021483487009867017865749548651/15216557877720704109055655194,P0/P2,false,pair:P0:P2:W
802,2750,4022762378224004204750721301964/1370180427854707375449217937,3796735282115346250416362472647/2740360855709414750898435874,P1/P2,false,pair:P1:P2:SW
803,2752,5458471972215764063914821771980/1856049203148202066872252753,5133268850294109916989448503559/3712098406296404133744505506,P1/P2,false,pair:P1:P2:SW
804,2754,35499816532561619362179681290620/12039444238126223473893805621,1957872977967452307071784341331/1416405204485438055752212426,P1/P2,false,pair:P1:P2:W
805,2759,33055704270436489277801852323588/11217293011957087366532172587,31170689244641602293810399005469/22434586023914174733064345174,P0/P1,false,pair:P0:P1:NE
806,2762,90014281754303365673517700720100/30498050984739848237140465939,84666738761929272503428764985589/60996101969479696474280931878,P0/P2,false,pair:P0:P2:W
807,2763,38122192160343844206142984145908/12861595464295359581255438655,11838611416674390884340194841763/8574396976196906387503625770,P0/P1,false,pair:P0:P1:E
808,2765,64949020152424221139015487188636/22020191945855046213027879757,61259447533857657822827873293227/44040383891710092426055759514,P0/P1,false,pair:P0:P1:E
809,2771,138535319546251927524757669490692/46886234078532886724721132523,130870799357087133759984227710045/93772468157065773449442265046,P1/P2,false,pair:P1:P2:NW
810,2777,86663036992920972141781338904084/29249778558088398068836105239,81759508926438166078372819224913/58499557116176796137672210478,P1/P2,false,pair:P1:P2:W
811,2780,13067105841475569267736012584572/4409113880111122163971256821,12366954290490789300195589065411/8818227760222244327942513642,P1/P2,false,pair:P1:P2:S
812,2786,12661724099186239054571305682756/4241916808916656313461942747,59187622775571936546373733741729/42419168089166563134619427470,P0/P1,false,pair:P0:P1:N
813,2790,5155927998461764090460763018380/1725015529578941364065076257,14451069996999101488829106708773/10350093177473648184390457542,P0/P1,false,pair:P0:P1:NW
814,2791,118034359877520010541310408741212/39599871735562046253226562781,111057789733007690743998752394139/79199743471124092506453125562,P1/P2,false,pair:P1:P2:W
815,2792,56163223895978841455781252520652/18899685380614749884445647697,53253509745011284788682325559047/37799370761229499768891295394,P0/P1,false,pair:P0:P1:NW
816,2797,205294590517327776696738880297012/68791862002086522144304300271,193540500111055563442454982306489/137583724004173044288608600542,P0/P2,false,pair:P0:P2:N
817,2799,155008114192026451797743396245852/51909238652176309518451094749,145999663769479417212954024733595/103818477304352619036902189498,P1/P2,false,pair:P1:P2:S
818,2804,180777005646718087340368548415468/60300058090509342622007477865,169654351346146740075250618732591/120600116181018685244014955730,P1/P2,false,pair:P1:P2:W
819,2810,206126486223727552241471091775540/68791862002086522144304300271,194253553573683942480796877859513/137583724004173044288608600542,P0/P1,false,pair:P0:P1:S
820,2816,17221219535889074885342777875444/5761530307882229579148184895,16464686447745522140515379585513/11523060615764459158296369790,P1/P2,false,pair:P1:P2:SE
821,2818,96789855514091633946585655557468/32232450653706726601423896029,91541068057386869094742682696347/64464901307413453202847792058,P1/P2,false,pair:P1:P2:SE
822,2820,130926284215245216298137556091156/43417434740599129996154272343,122588883979656179871310924861713/86834869481198259992308544686,P1/P2,false,pair:P1:P2:SE
823,2822,317662727247729214651080492062404/105545883550825774098865490043,299019371242690687887899291838797/211091767101651548197730980086,P0/P2,false,pair:P0:P2:NE
824,2828,254582263999652486948204023863124/84282397594056027065610597767,239425467384294434018529342842465/168564795188112054131221195534,P0/P1,false,pair:P0:P1:W
825,2830,56935698480492918747318306036428/18899685380614749884445647697,53966563207639663827024221112071/37799370761229499768891295394,P0/P1,false,pair:P0:P1:SW
826,2835,5990005650767600550464581408540/1984364992198820562922473133,5680270243465921583433087320395/3968729984397641125844946266,P0/P2,false,pair:P0:P2:S
827,2837,3246822653667422830576816739596/1071375007699050296716026241,3052020276755614052841675006295/2142750015398100593432052482,P0/P1,false,pair:P0:P1:NE
828,2842,297627926761533953303350195586756/98056946996470389457754004603,280209102679554908203411762951501/196113893992940778915508009206,P0/P1,false,pair:P0:P1:N
829,2847,245314874791417993385593882190556/80698051955279445521839139069,231425073372535781147543615844987/161396103910558891043678278138,P1/P2,false,pair:P1:P2:N
830,2849,98828875419411829940388573103940/32491827426981318723027110363,93268311037729001567473016951021/64983654853962637446054220726,P0/P1,false,pair:P0:P1:SW
831,2853,48785019989000489616293898100284/15973773874591400197388132677,45744184489763002771798932743923/31947547749182800394776265354,P1/P2,false,pair:P1:P2:NW
832,2858,15656895766790084484048544139828/5122357028258562264339647087,14715421430534615210183780640057/10244714056517124528679294174,P0/P2,false,pair:P0:P2:SW
833,2859,25165207158971952436993429570972/8216196448682464179203539597,23536050940646153025094378670699/16432392897364928358407079194,P1/P2,false,pair:P1:P2:NW
834,2864,47049915462884517789739176369820/15367071084775686793018941261,44225492454118109968144885870507/30734142169551373586037882522,P0/P2,false,pair:P0:P2:NW
835,2866,51868644279066914880057553265588/16995067955568335869206561935,49228970246753827836077421295129/33990135911136671738413123870,P0/P1,false,pair:P0:P1:W
836,2870,96577146835745180221357129417164/31470533346004383051208681105,90615420987137952047926739878343/62941066692008766102417362210,P0/P2,false,pair:P0:P2:NE
837,2872,160339806847250609894545073576668/52334849844873226670834332413,151106224905339001978673235368059/104669699689746453341668664826,P0/P1,false,pair:P0:P1:NW
838,2878,190380977431507835234090531517724/61945298742281164515643349293,178963340246574458432153828346571/123890597484562329031286698586,P0/P1,false,pair:P0:P1:N
839,2879,161385201309535884817276354727436/52534434573823678377648952897,152004653638179097687075209277079/105068869147647356755297905794,P0/P2,false,pair:P0:P2:SE
840,2883,128214821792732632134371468552252/41628788478096643539353570501,361144920171021534579129835507289/249772730868579861236121423006,P1/P2,false,pair:P1:P2:S
841,2890,173819667999960436935707051061260/56498950349879651218168722369,54836037944816535245212108733533/37665966899919767478779148246,P0/P1,false,pair:P0:P1:SE
842,2891,143595036233263553835677175417300/46538314547687042565779762279,134927881908752605493888040713345/93076629095374085131559524558,P0/P2,false,pair:P0:P2:SW
843,2894,216267673777556582072468621563564/70226431615295682781995976953,204775881288460706611174645700383/140452863230591365563991953906,P1/P2,false,pair:P1:P2:NW
844,2897,123408161781383697642157069697780/39922089125851571187814690943,82909630508638405279932057065739/57031555894073673125449558490,P0/P1,false,pair:P0:P1:SW
845,2900,52356111176306247471021205062724/16926707262540848523697883547,49292761567408448999931793709869/33853414525081697047395767094,P0/P2,false,pair:P0:P2:NW
846,2903,53324917843422907961250786845084/17153248406538357947919945613,149139987471767255837554296578113/102919490439230147687519673678,P0/P1,false,pair:P0:P1:NW
847,2908,118977389192161963631299184434492/38382521690041287881550358149,62340954991568511020856656276551/42647246322268097646167064610,P0/P1,false,pair:P0:P1:NE
848,2911,630764995297188158383411360536524/203352190779229364766770471697,595806970184270482277393447489863/406704381558458729533540943394,P0/P1,false,pair:P0:P1:E
849,2913,163935930859592182154284970934588/52734019302774130084463573381,154408417458790215809754518242483/105468038605548260168927146762,P0/P2,false,pair:P0:P2:N
850,2918,1006445522212014385294660763023964/323343194751622821250238807453,950143632353263096736855760143579/646686389503245642500477614906,P0/P2,false,pair:P0:P2:NE
851,2925,785117338596516225532161729624932/251315384362527361586964863027,740526469307474527730581484776661/502630768725054723173929726054,P0/P2,false,pair:P0:P2:W
852,2926,1088482936436905111662259548391204/348380851882606942740379572867,1027509459900903338334548448935429/696761703765213885480759145734,P0/P1,false,pair:P0:P1:S
853,2928,1187239593023165627091390879299972/379172200598812608865666228747,1114845939248138124633780046463293/758344401197625217731332457494,P0/P1,false,pair:P0:P1:S
854,2936,239361863653933713090754438603564/75877696506892890627908101977,222000050169728641795663367625151/151755393013785781255816203954,P1/P2,false,pair:P1:P2:NW
855,2939,267076136536058261198287441379196/85251372861004782892535100085,252736578407750417151093253925891/170502745722009565785070200170,P0/P2,false,pair:P0:P2:NE
856,2942,1863143621476320411431755092172516/592494671777215921896099610067,1750524731284293929729463899670069/1184989343554431843792199220134,P0/P2,false,pair:P0:P2:N
857,2946,1439136849627070973913925625595388/457544420934367498671308279957,15227673280832053997474248560603/10281897099648707835310298426,P0/P1,false,pair:P0:P1:NW
858,2953,3382427201270088505308539994458196/1073439461721407475046499238983,3196102020558365259782615515171233/2146878923442814950092998477966,P1/P2,false,pair:P1:P2:E
859,2957,3391338772398576202283944521315996/1073223201998697062076189516109,3190287797407070147198430847212971/2146446403997394124152379032218,P0/P2,false,pair:P0:P2:SE
860,2961,901753446488335169165135077733412/281299754994784729234719579715,821501967206534304435960774304837/562599509989569458469439159430,P0/P1,false,pair:P0:P1:E
861,2964,2718749311940725278037014791062204/856888850539999005599296942501,2549624784811145682526948166035347/1713777701079998011198593885002,P1/P2,false,pair:P1:P2:S
862,2971,8327417322227318065521815030424812/2619845965593719568160430566953,7844176441002816654760318796804719/5239691931187439136320861133906,P0/P1,false,pair:P0:P1:SE
863,2973,949882143162107996931512429654316/300128079923896222004378713561,904651915566882429243579230125887/600256159847792444008757427122,P0/P1,false,pair:P0:P1:SE
864,2974,4163631181416565805235150475554100/1311050565370691163763351528111,3934215927695448644378049079608057/2622101130741382327526703056222,P1/P2,false,pair:P1:P2:NE
865,2978,8725544843215754288473605472559348/2745312437588365460676102861567,211921536927658941879866196318511/140785253209659767214159121106,P0/P2,false,pair:P0:P2:S
866,2979,194026334049676006775545177657708/60874750065677770724761965705,912636060094928588065988272300363/608747500656777707247619657050,P1/P2,false,pair:P1:P2:N
867,2983,9376539669679374454035235992882876/2949691505486143125389154517669,8900466533429740038495565304376979/5899383010972286250778309035338,P1/P2,false,pair:P1:P2:NW
868,2988,10767608037322014551871683436124908/3368165911188033175742908125865,10137021906988031869701684659214831/6736331822376066351485816251730,P0/P1,false,pair:P0:P1:SW
869,2990,7077683328185724396034067747950828/2211844326978901622850825484073,6654172634141947041025498128613743/4423688653957803245701650968146,P0/P2,false,pair:P0:P2:SE
870,2994,4029324738666286672318943021522452/1258890987181892853825260130839,26587666442267529424552776221316919/17624473820546499953553641831746,P1/P2,false,pair:P1:P2:S
871,2996,9381205397692476951678313785390356/2912853899300963725998511880535,581049662786351233405188682204127/388380519906795163466468250738,P0/P1,false,pair:P0:P1:SW
872,3002,47422802914226183250409753459790412/14781900716530249256808091992049,44679895408169521190517732806136167/29563801433060498513616183984098,P1/P2,false,pair:P1:P2:E
873,3006,27533856905202524296858959182274612/8551851989487083378776078513903,25805263205207532724354967383753913/17103703978974166757552157027806,P0/P1,false,pair:P0:P1:W
874,3009,15790105364131179790927115203300220/4920811655265049324195553989557,14945648518781111458691243765965571/9841623310530098648391107979114,P0/P2,false,pair:P0:P2:S
875,3011,6431587517773305293774215451339476/2002607124127956597673948679975,6086600971371930301482306579409857/4005214248255913195347897359950,P1/P2,false,pair:P1:P2:SW
876,3019,2793445379585607551467482546392188/866185203250754315879777644149,2638944827118476184359406310677059/1732370406501508631759555288298,P1/P2,false,pair:P1:P2:N
877,3020,2176846378508602331361876026203900/673633182237606635148581625173,10233363352605377304215434102823407/6736331822376066351485816251730,P0/P2,false,pair:P0:P2:SW
878,3028,10101945824664176545127427078732060/3116275133388011568146023740461,3652639437088554147985649665584659/2397134717990778129343095184970,P0/P1,false,pair:P0:P1:W
879,3031,21718780269417174529380945361929396/6701191424733709836859335231311,20478267430117799209729546415080793/13402382849467419673718670462622,P1/P2,false,pair:P1:P2:W
880,3033,26928757775631594678820105836232276/8298710441820633142049177127111,25333734507741576380004072012697889/16597420883641266284098354254222,P0/P2,false,pair:P0:P2:SW
881,3040,26093952046473699891692617953676988/8068395851052498116705899565733,24901781083019947368839845802991251/16136791702104996233411799131466,P1/P2,false,pair:P1:P2:SW
882,3044,1287150943983326334806659147269636/395176687705744435335675101291,3633592365108547818874829752732567/2371060126234466612014050607746,P0/P2,false,pair:P0:P2:SW
883,3047,10892467274555357208856751761443236/3348168663175872488684742630755,2061606619739757307386643823026593/1339267465270348995473897052302,P1/P2,false,pair:P1:P2:NW
884,3052,45374803961905263031272013066784004/13876062328473123493772743412651,42565158253182524377932163646830237/27752124656946246987545486825302,P0/P2,false,pair:P0:P2:S
885,3054,10576611725356633930183966645176828/3241595137354808057379457432469,9992528401471486214433999604473891/6483190274709616114758914864938,P1/P2,false,pair:P1:P2:E
886,3059,11620519818570149200716071437584628/3561315714818001351295313027327,11020172131567993863627447141595177/7122631429636002702590626054654,P0/P1,false,pair:P0:P1:S
887,3065,21962169184660994574468312377361588/6701191424733709836859335231311,20701373935757967584392966179226969/13402382849467419673718670462622,P1/P2,false,pair:P1:P2:W
888,3066,19436898073930085303159666647196580/5930013078319317246672245077219,18339212596483998485207337587434661/11860026156638634493344490154438,P0/P2,false,pair:P0:P2:SW
889,3071,60937377380539423532907381928184828/18561217581372344330203825385749,57460928767140571236503430359240355/37122435162744688660407650771498,P1/P2,false,pair:P1:P2:W
890,3075,70226218511604534282151277596561740/21354843991438574338404360336689,66106482991635755380882165498612263/42709687982877148676808720673378,P0/P2,false,pair:P0:P2:W
891,3076,24242100580967004621044553442428316/7368869829148620852358260507277,22819479285056152141333288503577195/14737739658297241704716521014554,P0/P1,false,pair:P0:P1:SE
892,3080,5200744227021118185741559276100804/1581888132189553099661259684091,14750680797638777020901207744015975/9491328793137318597967558104546,P0/P2,false,pair:P0:P2:NW
893,3083,107728796798647123929413438823114996/32690545731563006283364867803391,101465265788134329556813289770504233/65381091463126012566729735606782,P1/P2,false,pair:P1:P2:W
894,3085,98258219322676217289586011714841916/29844679847393365320841550725765,92955706690143273005302356944147379/59689359694786730641683101451530,P0/P1,false,pair:P0:P1:E
895,3091,156719467066297813392535548930596460/47455779273461793203783011614793,147812483446510384975841541792246607/94911558546923586407566023229586,P1/P2,false,pair:P1:P2:NW
896,3098,214281793056804917647765071562884068/64754406224576858508902522346387,67409059413452165514389381578577447/43169604149717905672601681564258,P0/P2,false,pair:P0:P2:W
897,3100,373840218251091498226126101182279764/112836870736587805770512747221575,352284478152656571041688112430992289/225673741473175611541025494443150,P1/P2,false,pair:P1:P2:SW
898,3104,193230737283003086835391727948804396/58302126887673266098284395134425,182492101135788803141511479283302207/116604253775346532196568790268850,P0/P1,false,pair:P0:P1:NW
899,3107,20403841921024210377632216859957492/6142477601601774303084046527743,19215434777111930786058206072704041/12284955203203548606168093055486,P0/P1,false,pair:P0:P1:NW
900,3110,206087797563814088526288700498243916/61979940610349929422105109712177,193928220259898090534457473433154087/123959881220699858844210219424354,P0/P1,false,pair:P0:P1:NW
901,3112,181184973386338151961452645450805516/54624313164996602774463680556673,171867278395825582565523375184890967/109248626329993205548927361113346,P0/P1,false,pair:P0:P1:NW
902,3113,331249791843060344723786794934505388/99547674303102050071733822983609,311717763178203513569840943532069983/199095348606204100143467645967218,P0/P2,false,pair:P0:P2:S
903,3121,420487126579852985813254857687257340/126126067170073561469291671459541,396745415771010749234933153576829667/252252134340147122938583342919082,P0/P2,false,pair:P0:P2:E
904,3122,97341742912559256653534090430037924/29106278785795601498024533332451,91182155539390774418431836684779429/58212557571591202996049066664902,P0/P1,false,pair:P0:P1:SW
905,3128,14841746482778413963952089621541964/4455205584316142031056851152241,14125240290382166244512108443076583/8910411168632284062113702304482,P0/P1,false,pair:P0:P1:W
906,3130,153676386104222359800133677970773892/45876227586509043221612970390667,13121060786349222442059647474644311/8341132288456189676656903707394,P0/P1,false,pair:P0:P1:W
907,3131,377491051979748798902436606413762644/112836870736587805770512747221575,355691922966070051672911250647042977/225673741473175611541025494443150,P1/P2,false,pair:P1:P2:SW
908,3132,70138279771304079302169250472214860/21084415563569719327286806440241,9575512238055308278228429457838305/6024118732448491236367658982926,P0/P1,false,pair:P0:P1:W
909,3135,294665556153810425071609710583718092/88164210766423486221640554673105,278815341724043780907538258298659463/176328421532846972443281109346210,P0/P1,false,pair:P0:P1:N
910,3136,176825547344083638646064557656717732/52907203851572920850728415269219,167396757996791761710149962778973221/105814407703145841701456830538438,P0/P2,false,pair:P0:P2:SW
911,3141,19316126977818206981456050627395236/5758568308293541082548038162211,2597283151810759445871313647395123/1645305230941011737870868046346,P0/P1,false,pair:P0:P1:N
912,3143,328594088207512571724010276248442948/97830564989678368147998557696155,308869835547461826348383311229033517/195661129979356736295997115392310,P1/P2,false,pair:P1:P2:W
913,3152,49685124492232272800121401595266724/14743276285038878370405139930403,46736562917725770703625405071897189/29486552570077756740810279860806,P1/P2,false,pair:P1:P2:NW
914,3159,162003631785872148585954934279351300/47984457423863416785314085288171,152971887773806944820341731446339421/95968914847726833570628170576342,P1/P2,false,pair:P1:P2:SW
915,3164,4538567334073072702876370836611020/1341127759172806318044099496209,4276890918326245219713984283671367/2682255518345612636088198992418,P1/P2,false,pair:P1:P2:SW
916,3173,50090772684305306208600346620987044/14743276285038878370405139930403,47142211109798804112104350097617509/29486552570077756740810279860806,P1/P2,false,pair:P1:P2:SE
917,3174,31207193162339156858991884268609324/9190102714391357709941059705945,500269253713354560221514864228559023/312463492289306162137996030002130,P0/P2,false,pair:P0:P2:NW
918,3181,538266519737138925436032789565229612/158144869634371823945325559462553,506536784400347668512648915615859839/316289739268743647890651118925106,P0/P2,false,pair:P0:P2:SW
919,3184,141597880629587297469275417382112156/41719754491189417953227426132749,134668754062299182849692136424064491/83439508982378835906454852265498,P0/P1,false,pair:P0:P1:E
920,3185,112290459526274182951008871675225324/32991916772640416503704240188969,318280300271972938352561390377752397/197951500635842499022225441133814,P0/P2,false,pair:P0:P2:SW
921,3186,97636748974617625691875598821781908/28627997913365915778942647217079,91805773104836877751434626976843953/57255995826731831557885294434158,P0/P1,false,pair:P0:P1:E
922,3189,162611587260726674799661886754797156/47698161091802696444535544570483,153255984841153883974410354326341781/95396322183605392889071089140966,P0/P2,false,pair:P0:P2:SW
923,3195,57755180378888645969984837625132412/16962267680552727162359771965237,54833608430914001322232250605355907/33924535361105454324719543930474,P1/P2,false,pair:P1:P2:NW
924,3197,424970831124790600802707771453872532/124408957856649879545556406172087,400874637043925236639313375716182705/248817915713299759091112812344174,P0/P2,false,pair:P0:P2:S
925,3199,142143385936464637698147354607167628/41594955888511873051195076471585,134137635182926179862572849505564343/83189911777023746102390152943170,P1/P2,false,pair:P1:P2:NW
926,3204,919297343791335253766225502177551060/268914591101493650465395906689319,869495297539653130129249396459565505/537829182202987300930791813378638,P0/P1,false,pair:P0:P1:W
927,3209,53645664830393138539286824705127956/15654243037685704981866427020311,50671378363687045828479892591087953/31308486075371409963732854040622,P0/P2,false,pair:P0:P2:W
928,3210,284024759906902135762436783132289380/82789613025783246129922208532147,803009893924692193686687187487846143/496737678154699476779533251192882,P0/P1,false,pair:P0:P1:N
929,3219,924651899926699294758147576517059284/268914591101493650465395906689319,874363075844529531030996736768209345/537829182202987300930791813378638,P1/P2,false,pair:P1:P2:W
930,3222,214281387640259559388168435155312980/62167895514792799226119521333511,201836762692810129997889492286086881/124335791029585598452239042667022,P0/P2,false,pair:P0:P2:S
931,3224,118127203707499361717295670748627684/34315321545565825904217404031187,111651040491367973326442987538647861/68630643091131651808434808062374,P0/P2,false,pair:P0:P2:S
932,3232,54071595432069823618189716982134292/15654243037685704981866427020311,51036461736552775896110943114236241/31308486075371409963732854040622,P0/P1,false,pair:P0:P1:E
933,3233,428866060575551329502895553425750404/124033048047764139937527582929419,404204146843948334592655543224316221/248066096095528279875055165858838,P1/P2,false,pair:P1:P2:S
934,3237,636830688831731631345680817932047628/183953986981986193587798068310401,599269131349101578007559708300071255/367907973963972387175596136620802,P1/P2,false,pair:P1:P2:SE
935,3241,1112746948475142558846086639142609052/321215273164249497204667684435149,1048793960297499311854380062639849003/642430546328498994409335368870298,P0/P1,false,pair:P0:P1:N
936,3245,723502161297345954177808588442863436/208993652167271596815125421308337,685463943858886395424972536083403175/417987304334543193630250842616674,P0/P2,false,pair:P0:P2:NE
937,3246,659313733309303867440082750660231812/189967657922375025468767168291531,620696995261235408163484003064455805/379935315844750050937534336583062,P0/P1,false,pair:P0:P1:NW
938,3251,241600078503993220361647070841722820/69664550722423865605041807102779,686762018073520102332105160165708199/417987304334543193630250842616674,P0/P2,false,pair:P0:P2:NE
939,3255,843383273773617307081192547543174836/242355168136960906508797525615311,794238253605237005875305977525935577/484710336273921813017595051230622,P0/P2,false,pair:P0:P2:E
940,3259,205231481036148322580512550136702060/58720042680500553732866652147913,191950993117654651019021631447910095/117440085361001107465733304295826,P0/P1,false,pair:P0:P1:N
941,3260,641536207859778818884036580230403340/183953986981986193587798068310401,603650131823490338819132314577850711/367907973963972387175596136620802,P0/P2,false,pair:P0:P2:SW
942,3261,54538090852953812037940503761712660/15654243037685704981866427020311,51462392338229460975013835391242577/31308486075371409963732854040622,P0/P1,false,pair:P0:P1:N
943,3264,684790814454171373618404676480667180/196473819574628895201461744809369,646828667716797354209534517474660735/392947639149257790402923489618738,P0/P2,false,pair:P0:P2:SW
944,3266,124354991522282463719648706129073972/35645512289357165961522309719599,1055856749237781655197235576386342721/641619221208428987307401574952782,P0/P1,false,pair:P0:P1:N
945,3271,454269772036049406138345890339120892/130046718988152971818496682910549,428390418462178791926236664163598947/260093437976305943636993365821098,P0/P1,false,pair:P0:P1:NE
946,3273,145388571473048904965978914812930188/41594955888511873051195076471585,411012647220726847847472183061963813/249569735331071238307170458829510,P0/P1,false,pair:P0:P1:NE
947,3280,9931721524080142734216994881901668/2838364850651538036339116815603,178637692348588965949993272854058895/107857864324758445380886438992914,P0/P2,false,pair:P0:P2:NW
948,3287,438761862848414128712201992603400612/124784867665535619153585229414755,137869598549998087220579143742191287/83189911777023746102390152943170,P0/P1,false,pair:P0:P1:SE
949,3290,1600897754553033535759548959021690972/454388308745406313220806125613597,1507892669420534614783207758726061147/908776617490812626441612251227194,P1/P2,false,pair:P1:P2:E
950,3292,378231749825967754776245730113195852/107484698505126285163633207791537,39719053159510215150846159042804271/23885488556694730036362935064786,P0/P1,false,pair:P0:P1:E
951,3294,1343708131091341296042384952812248516/381152330642175933152093904921531,2131956146973725020667198394671869/1285505331002279707089692765334,P0/P1,false,pair:P0:P1:E
952,3298,1160892038198931641735978819205959204/329241192595750707666633289029059,1095141645328901530508144146175672517/658482385191501415333266578058118,P1/P2,false,pair:P1:P2:SW
953,3301,2851301515633058372977523597633696188/807055823201088029697722601888485,2684778060100033108178533942878358611/1614111646402176059395445203776970,P0/P2,false,pair:P0:P2:SW
954,3305,4253915739924520171813258691829028/1209490862614490902527967352579,150436735823343552585139838427149369/89502323833472326787069584090846,P0/P1,false,pair:P0:P1:NW
955,3307,14899642462591378045792333713769580/4202401606659120655306178488521,13966204127493815779862064439504591/8404803213318241310612356977042,P0/P1,false,pair:P0:P1:NW
956,3310,2213013512965502927794467705092095428/625726328068134151107358515764155,2089299890787324706880608981807469581/1251452656136268302214717031528310,P0/P2,false,pair:P0:P2:S
957,3316,2284348552054263752232029572091007188/645324739422123616164653901068199,2168732433059745727278025301330276161/1290649478844247232329307802136398,P0/P2,false,pair:P0:P2:E
958,3319,2869474554637930269677380334785966524/807055823201088029697722601888485,2702951099104905004878390680030628947/1614111646402176059395445203776970,P0/P2,false,pair:P0:P2:SE
959,3320,930610722638930261172880380300052324/262002766889204777181734433212723,879470824576802719473146859637429205/524005533778409554363468866425446,P0/P1,false,pair:P0:P1:NW
960,3322,1562194098471735759706126392351117740/439321451306133968000325869499193,1472958180939691991546622278011917023/878642902612267936000651738998386,P0/P1,false,pair:P0:P1:NW
961,3324,2596818737755194133107136709456944388/729548604160984602078279747549099,814797185076865903389447366202308831/486365736107323068052186498366066,P0/P1,false,pair:P0:P1:N
962,3325,3704700715978526157856150345787456116/1042090927927895587410424015621407,3502289017207382561397392733119219465/2084181855855791174820848031242814,P0/P2,false,pair:P0:P2:SE
963,3329,3429256877715447963133983961321594996/963326985084543522363794735924639,3237741164059149111575012805657148041/1926653970169087044727589471849278,P1/P2,false,pair:P1:P2:SE
964,3334,933855908175514528440711940505814884/262002766889204777181734433212723,882716010113386986740978419843191765/524005533778409554363468866425446,P1/P2,false,pair:P1:P2:SE
965,3337,6124206703332079159463856617423405012/1717292241960714329923296455942375,5787488895819328008622006764077831169/3434584483921428659846592911884750,P1/P2,false,pair:P1:P2:E
966,3341,555692718599071035998221009699620148/155429232974377235829277822129327,3663765501114929456485313757153314511/2176009261641281301609889509810578,P1/P2,false,pair:P1:P2:NE
967,3342,8381200444543234414211539221909553276/2343660250563160661473724951326069,7893130202523320047860500053384250179/4687320501126321322947449902652138,P0/P2,false,pair:P0:P2:S
968,3346,11081373474875420748890565942977459564/3099769126590451689041645736646537,10462185546114884029332358279711928847/6199538253180903378083291473293074,P1/P2,false,pair:P1:P2:NE
969,3351,5706988898503722217675164982487747468/1587551374535869633905804166005601,5344844046365895376902763812373451895/3175102749071739267811608332011202,P0/P2,false,pair:P0:P2:N
970,3353,5502816817534735928345740212490634428/1535615584695298829956237383583525,15585128078397284036866598062763418169/9213693508171792979737424301501150,P0/P2,false,pair:P0:P2:N
971,3357,2478583385771670794713354662777027276/691238442314868679559174640352081,2337348325147778010355175757817048839/1382476884629737359118349280704162,P1/P2,false,pair:P1:P2:E
972,3360,16534411936896881923179873119118003764/4606846754085896489868712150750575,15605897265831423347380720048080298553/9213693508171792979737424301501150,P0/P2,false,pair:P0:P2:N
973,3365,8357089524289218129768327053181142732/2326470726885160578009682473143377,7898036415628194113228407812882937351/4652941453770321156019364946286754,P0/P1,false,pair:P0:P1:W
974,3366,18064440539197111916802018640248179508/5022135858457298293752397077890351,17018475478316713119088856770784296057/10044271716914596587504794155780702,P1/P2,false,pair:P1:P2:N
975,3371,18090402023489786054944671121894279988/5022135858457298293752397077890351,17039244665750852429602978756101176441/10044271716914596587504794155780702,P1/P2,false,pair:P1:P2:N
976,3373,4228883264788840500338324424649772684/1172262270164467830022119238865825,3973804208748884226222871060303215159/2344524540328935660044238477731650,P1/P2,false,pair:P1:P2:N
977,3377,4131991426958446544557762256909523380/1145913204020746038381345247406351,3895673870982349918445538260346674585/2291826408041492076762690494812702,P1/P2,false,pair:P1:P2:NE
978,3379,7365312342709478264593874432696757772/2044188292591969632742841009188417,6972926362494812752029730066877683351/4088376585183939265485682018376834,P0/P2,false,pair:P0:P2:SE
979,3380,2117494459738069460275506579852516236/587416166222018228588253408567137,2003674885245961171035130938375624823/1174832332444036457176506817134274,P0/P1,false,pair:P0:P1:SW
980,3391,4399159949787035954500058458652681444/1213621217383854733472140409093715,4143723813549705108367362723860836789/2427242434767709466944280818187430,P0/P1,false,pair:P0:P1:W
981,3395,13667263058572293412465890765182892164/3769725756133625283984623076837195,2578829305493054014656061617938095001/1507890302453450113593849230734878,P0/P2,false,pair:P0:P2:NE
982,3397,10743045635627931671982999775919202060/2964353099864234298860055413271809,10153008347887427444115807220535527895/5928706199728468597720110826543618,P0/P1,false,pair:P0:P1:SW
983,3401,8516849199972456786006898438510428284/2343660250563160661473724951326069,8015149178698888497130966717120922435/4687320501126321322947449902652138,P1/P2,false,pair:P1:P2:N
984,3405,3353454599226283090476579871014914164/917594744992696038962826825814943,3123171087786169851910299103728319625/1835189489985392077925653651629886,P1/P2,false,pair:P1:P2:NE
985,3411,228207197673607573023428479700705340/62808293281607041333597827094213,216613820353981101612637249872270707/125616586563214082667195654188426,P1/P2,false,pair:P1:P2:S
986,3412,781677840529463183380159915979589020/215108246474041205388217967022733,741949232834542943730620253650565739/430216492948082410776435934045466,P0/P1,false,pair:P0:P1:S
987,3415,23535297209274983758095424534448364/6444153330877425925266360529193,110625596896293724983468089691264299/64441533308774259252663605291930,P0/P1,false,pair:P0:P1:S
988,3421,2351523892661558084676142868350292180/645324739422123616164653901068199,2231039995362163658820391257280917313/1290649478844247232329307802136398,P0/P1,false,pair:P0:P1:S
989,3422,371688207242844186403673565289069276/101861821826461758750778437536509,2462864010246597512403057919766266717/1426065505570464622510898125511126,P0/P2,false,pair:P0:P2:N
990,3426,1895758534421659792082852220990034012/519708152858909533497458246879773,1799110428868835162502249381618680923/1039416305717819066994916493759546,P0/P1,false,pair:P0:P1:S
991,3431,4601619641774488781540649639302408236/1256575252044541761328207692279065,4340452600166457783393101749918789119/2513150504089083522656415384558130,P1/P2,false,pair:P1:P2:NE
992,3432,4372801870384559867774724962859955508/1188426798445130819326007472564399,4076428631616579404383618235315817721/2376853596890261638652014945128798,P0/P2,false,pair:P0:P2:S
993,3437,9940553153177366466995558904112307740/2713119926737806133525664104894957,9390399003642199590235868147630846987/5426239853475612267051328209789914,P0/P2,false,pair:P0:P2:SW
994,3439,383135686051985083153819112157267796/104514614694381909481626398648711,1086893888720079303098067859923400483/627087688166291456889758391892266,P0/P1,false,pair:P0:P1:W
995,3445,27194924169610010213221901875125018388/7400440427864127456473114007547095,25633581532239904517267551931370715793/14800880855728254912946228015094190,P1/P2,false,pair:P1:P2:SW
996,3450,1270977225758458414520125459790846524/346651560200791470744115676816965,3631947195101896749185066761138081241/2079909361204748824464694060901790,P0/P2,false,pair:P0:P2:E
997,3455,2420602223682360789458272042290373036/656532054898264065284883694591801,11409576957302491938036798128499368539/6565320548982640652848836945918010,P1/P2,false,pair:P1:P2:E
998,3457,9393958077321480932540662206222629484/2540815433769571268275777214635337,1257810352521107722496603076454196601/725947266791306076650222061324382,P0/P2,false,pair:P0:P2:N
999,3461,7272191264764152023631877119529559300/1969596164694792195854651083775403,6854053849355150887027727671226373277/3939192329389584391709302167550806,P1/P2,false,pair:P1:P2:E
1000,3462,293835364938782673162139966751678548/79739473507521679647953953371719,75943860741598110995855763708613513/43494258276830007080702156384574,P0/P2,false,pair:P0:P2:N
1001,3464,36158604378437592709169632646672173436/9777294024754389095125128952675893,33994130669814456431176008255171155075/19554588049508778190250257905351786,P0/P1,false,pair:P0:P1:NW
1002,3468,11715325078061980651851675173065284652/3168167107266125865035715009109017,18413933950748334802401061127202679721/10560557024220419550119050030363390,P0/P2,false,pair:P0:P2:NE
1003,3469,51365850520242557245374190001191030436/13902299772565024269010133917045539,16183651267799315409090810682190059895/9268199848376682846006755944697026,P0/P1,false,pair:P0:P1:W
1004,3474,15415793512427060499037126755016075540/4161334301989333002602253135059031,14519539349053592443319782296121148177/8322668603978666005204506270118062,P0/P2,false,pair:P0:P2:E
1005,3480,33234356629769598844596488529509194276/8936756978156435169919490221479619,31178081013245823614710122210133891013/17873513956312870339838980442959238,P0/P1,false,pair:P0:P1:N
1006,3485,13375277955084961291027190606584181876/3599947406019110756611761468136607,37827517728411558374666251257584509595/21599684436114664539670568808819642,P0/P1,false,pair:P0:P1:NE
1007,3486,1754405308667463480663056791922178412/472021783417009795613023071208073,4958423314852467501898866053677149485/2832130700502058773678138427248438,P1/P2,false,pair:P1:P2:N
1008,3489,22171721876300007764731461996144218396/5972535938223745605301187732600365,20998617324343054793941521464209843659/11945071876447491210602375465200730,P0/P1,false,pair:P0:P1:NE
1009,3490,44895713736609051827953542603694528980/12076714999065831316562897613604967,42379041755933246920841841581031309441/24153429998131662633125795227209934,P1/P2,false,pair:P1:P2:N
1010,3492,62143578876908935859665873942704747300/16684509665792724584123919685387139,58419232463032982478496823335892069637/33369019331585449168247839370774278,P1/P2,false,pair:P1:P2:N
1011,3498,62247424814079632412236483869289149220/16684509665792724584123919685387139,58502309212769539720553311277159591173/33369019331585449168247839370774278,P1/P2,false,pair:P1:P2:N
1012,3499,10216188824687868955960169481867954284/2744057725172007003901123439301577,48260537961564352968242344575284902667/27440577251720070039011234393015770,P0/P1,false,pair:P0:P1:E
1013,3502,7863896030745925246120429828301543188/2112427388075602967482991466723031,7441571791803322242863521536058794129/4224854776151205934965982933446062,P1/P2,false,pair:P1:P2:W
1014,3507,45124174798384584243608884442180213204/12076714999065831316562897613604967,42586733630274640025983061434200113281/24153429998131662633125795227209934,P1/P2,false,pair:P1:P2:N
1015,3510,94035315936009562364944154947565408116/25134219218095136454055885552279263,88580134191494918349719227201147973449/50268438436190272908111771104558526,P1/P2,false,pair:P1:P2:NE
1016,3511,26908822897934672782793761331999260644/7194595239756682945416467363221651,25392714230114422484028451939772941685/14389190479513365890832934726443302,P0/P1,false,pair:P0:P1:N
1017,3515,142924369917923908010364343055171750436/38128386879054082559570425485634243,134439082617384725373221907366456107973/76256773758108165119140850971268486,P0/P2,false,pair:P0:P2:NE
1018,3516,96074521175554701151382296338685376660/25638837260126713681058947903444727,271412470250050023969940366421798097491/153833023560760282086353687420668362,P0/P1,false,pair:P0:P1:W
1019,3520,124561546203019921563421846578436197364/33222367851366682946835950937387327,117528956440374939733934460172713958889/66444735702733365893671901874774654,P0/P1,false,pair:P0:P1:W
1020,3522,288638947275346889664429328722393737660/76916511780380141043176843710334181,90581592416332084312722106062289394545/51277674520253427362117895806889454,P0/P1,false,pair:P0:P1:W
1021,3524,432375963383751092832801044542797128836/115328066056839655692815404859375691,136062396958791671451510123201822647039/76885377371226437128543603239583794,P0/P2,false,pair:P0:P2:NE
1022,3527,79063765688876567092000918933829900396/21049939387573525093391729494396873,372352785349771395292632761061104856843/210499393875735250933917294943968730,P0/P1,false,pair:P0:P1:N
1023,3530,609576834428054855242079326446375627620/162002461446029601058772530530126899,572655117879816072871926780387328923861/324004922892059202117545061060253798,P1/P2,false,pair:P1:P2:SE
1024,3532,246078950823897629729676939681425367380/65414711116134540271217382160527623,232255482108573446083032218293807095521/130829422232269080542434764321055246,P0/P1,false,pair:P0:P1:N
1025,3539,17627904065165377542762598007993375956/4658318960307473308814876752808103,49473307231176838426397004351224685251/27949913761844839852889260516848618,P1/P2,false,pair:P1:P2:E
1026,3543,142843387963147655163585960750824904604/37652020519448330507502920536847373,133391720514699511100435192494548229355/75304041038896661015005841073694746,P0/P1,false,pair:P0:P1:NE
1027,3546,470282771761033284381772990755639129396/124167285107254950664229941824698543,1327662205546691961472196807226711308011/745003710643529703985379650948191258,P0/P2,false,pair:P0:P2:SE
1028,3549,1045403600372215932107199728832369774068/275507990462353552242400296646411967,980238229917776236363259806106248866921/551015980924707104484800593292823934,P0/P1,false,pair:P0:P1:E
1029,3551,1180887361826800070856537668811291643188/311209704075497956882692025954527919,1108627858204795151649987550929326537465/622419408150995913765384051909055838,P1/P2,false,pair:P1:P2:SE
1030,3553,846342715721566870224060489124645863412/223273508145759482260508335505629247,797886025025760152672366871448390014697/446547016291518964521016671011258494,P1/P2,false,pair:P1:P2:SE
1031,3555,479477553247835822098699672228988042692/126766064624846854060535108313766843,454650917568303650508859827833281008653/253532129249693708121070216627533686,P1/P2,false,pair:P1:P2:SE
1032,3561,75310702072723488855296771952363909844/19824467686702120730767327077512487,71053267138676018210102959693654234561/39648935373404241461534654155024974,P0/P1,false,pair:P0:P1:S
1033,3563,356634675448331577651332151522756177228/93917974841474449431768897734570545,67394481439875752975984954611931444283/37567189936589779772707559093828218,P0/P1,false,pair:P0:P1:S
1034,3564,216228342633874054449611015407235061012/56955821772920095073181073287184727,204645269956246799159880118252369588753/113911643545840190146362146574369454,P0/P2,false,pair:P0:P2:NE
1035,3567,174821343460054006948563431958271643724/45644370802591119743502605956504177,161997803230210854100785660495310246631/91288741605182239487005211913008354,P0/P2,false,pair:P0:P2:E
1036,3569,2135904927082478657127343632570110874076/560784461786358391229984566214787645,401677276721304761178606355751951330879/224313784714543356491993826485915058,P1/P2,false,pair:P1:P2:NW
1037,3570,1431172048514052118687246118337106412140/376340822335707288407827648574026569,1351750986978462473006096441543150436431/752681644671414576815655297148053138,P0/P2,false,pair:P0:P2:SE
1038,3573,2533104109575249361363629874407205985860/664601822521548058068556991238033691,2385717012044417448974847251733064460205/1329203645043096116137113982476067382,P0/P1,false,pair:P0:P1:SE
1039,3575,327628962414050046460735560600661297652/85943815801400655661314959316069311,308585815019614168607716598324903640937/171887631602801311322629918632138622,P1/P2,false,pair:P1:P2:S
1040,3577,175319803958473350400902359605876772940/45644370802591119743502605956504177,162163956729683968584898636377845289703/91288741605182239487005211913008354,P1/P2,false,pair:P1:P2:S
1041,3580,3403334392093885242653689164277267608212/892425109613228438361281284386772599,1069650129951550617056510349817841340411/594950073075485625574187522924515066,P0/P1,false,pair:P0:P1:SE
1042,3583,2702055176259991841050079725853760516452/709847626402863959387270860560755891,2560294562935915976829936503942142862421/1419695252805727918774541721121511782,P1/P2,false,pair:P1:P2:S
1043,3585,318084933951822188168762297616587619348/83073062931217130064127053857576087,297482907396985985846456344406649445585/166146125862434260128254107715152174,P0/P2,false,pair:P0:P2:S
1044,3587,2837590784103629555073864640475545600884/742710341098724397078783492782484959,2672991499168583445614915445579428776009/1485420682197448794157566985564969918,P0/P1,false,pair:P0:P1:SE
1045,3593,10815623624145458891728006228441935169244/2826990097354189356366341644764605437,10200028444132001603504515349922516957051/5653980194708378712732683289529210874,P1/P2,false,pair:P1:P2:S
1046,3596,11162786025597382001834907391288446676420/2912658133891290591223110517939199931,3504342608696572619775701416472146623151/1941772089260860394148740345292799954,P0/P2,false,pair:P0:P2:SW
1047,3598,15040965786609231138478800775790518175084/3919590776177063414850087970553430921,4711308420617788873120933066882554061317/2613060517451375609900058647035620614,P1/P2,false,pair:P1:P2:E
1048,3602,7877193924126939213372392281102335932156/2055772694147835032042161220091735893,7443329997124734044206434170030753257059/4111545388295670064084322440183471786,P0/P2,false,pair:P0:P2:SW
1049,3609,2723322824192550495016540638818246029668/709847626402863959387270860560755891,2580232982872689714923493609846348031061/1419695252805727918774541721121511782,P0/P2,false,pair:P0:P2:W
1050,3613,30075676521372049439147288145046017331148/7818723453956680434551571931103411473,28356151479909456843468976057660732794695/15637446907913360869103143862206822946,P1/P2,false,pair:P1:P2:S
1051,3617,30557168982669115145900695051095916351460/7935089914963894428735618837484891283,28820366060741481959566395688285710829941/15870179829927788857471237674969782566,P0/P2,false,pair:P0:P2:NW
1052,3620,22092150808511125690922905509579702515180/5727247822988213466406710365225387241,20772927790289710765357078270074208521647/11454495645976426932813420730450774482,P0/P1,false,pair:P0:P1:NE
1053,3622,14618029068811071985217123702774913867828/3792341983772553460805857774105278191,13771187352687854061682111804596495058105/7584683967545106921611715548210556382,P0/P2,false,pair:P0:P2:NW
1054,3624,7143907329111018279511341895970125220476/1857436144556893455205005182985169141,6769446915085997358007145339118781594563/3714872289113786910410010365970338282,P0/P1,false,pair:P0:P1:NE
1055,3629,2586494163419548995306668424646548735788/669609870161905188481599773534407257,270759208351874754931314805037327297159/148802193369312264107022171896534946,P0/P2,false,pair:P0:P2:SW
1056,3631,48351236608330734513670128184011144075372/12510669885511654187018215848652070857,45547776989990082887509965867079558701007/25021339771023308374036431697304141714,P0/P1,false,pair:P0:P1:E
1057,3636,8375057651406275692328668651909167194252/2160223076414537675684593458221274401,7851550335915239408283854132896892452023/4320446152829075351369186916442548802,P0/P1,false,pair:P0:P1:SE
1058,3639,40336381344702148059518407548774948683588/10398321406441199678608625612249478107,37862948890157139983415260907684558083821/20796642812882399357217251224498956214,P1/P2,false,pair:P1:P2:NE
1059,3643,141209071245178050202227789429637148908844/36436941657833877769329236487540680409,133188013802872674854994728511032132087359/72873883315667755538658472975081360818,P0/P2,false,pair:P0:P2:E
1060,3650,155136584498522844630232786267487534880596/39951799859399975721069740046269441415,48785573557018581134383982739599978265803/26634533239599983814046493364179627610,P0/P1,false,pair:P0:P1:SE
1061,3653,120344789387753260705270961821762982660324/30887522495529040384220374572837798227,112836343945172387351706091842756546967221/61775044991058080768440749145675596454,P1/P2,false,pair:P1:P2:W
1062,3657,108091658302339003204309411255361219369724/27796049352175727066590862654655582805,20432926024399554598651121682561060303431/11118419740870290826636345061862233122,P1/P2,false,pair:P1:P2:SW
1063,3661,223157892810535865559252259305056177068980/57233584470716277126546487712039636623,210104899867410239443947061452412436995097/114467168941432554253092975424079273246,P0/P2,false,pair:P0:P2:S
1064,3662,288507041608657278613550320341319828442644/74044540586103874349312544805871351319,272326644639617611529884559817936592060241/148089081172207748698625089611742702638,P1/P2,false,pair:P1:P2:W
1065,3665,101050841052186121744851906910916141005108/25811044916970280891535983415788295087,94415685140932240609188282599290290776569/51622089833940561783071966831576590174,P1/P2,false,pair:P1:P2:SW
1066,3666,390386365496458047853677585656467138082028/100090358562168348725637795041290254889,52634366615051850764188218385083798805593/28597245303476671064467941440368644254,P0/P1,false,pair:P0:P1:S
1067,3668,587570864587266588485645564728023077457916/150431169015520354129997741153966574613,552827931951916766835971522420774749993891/300862338031040708259995482307933149226,P1/P2,false,pair:P1:P2:SW
1068,3671,726710869938266083670236302695580829646668/186404394743318016655822135507357361073,687421167694253403705674464645946681825191/372808789486636033311644271014714722146,P1/P2,false,pair:P1:P2:SW
1069,3673,113700484884800949380316322683459826842028/29087234080066658840951680487636353337,107081050587699979754771548567989037733087/58174468160133317681903360975272706674,P0/P2,false,pair:P0:P2:S
1070,3677,170317194411394507958991568655879070106772/43556875654582018442409593919888087031,160549173186181508987955056460512392983153/87113751309164036884819187839776174062,P0/P1,false,pair:P0:P1:E
1071,3680,159260846317063981197298794807690690401692/40663410481615773615819017290803523213,149982061430154498188618540508689508220523/81326820963231547231638034581607046426,P0/P1,false,pair:P0:P1:SE
1072,3682,309587472370559344507152091941183453208004/79121018164662633841996935962920854459,97482905092820816863239747366187229769391/52747345443108422561331290641947236306,P0/P1,false,pair:P0:P1:SE
1073,3683,237872680547823695403311725760445132203820/60516556003445923113276012517496578649,222336743848081503285745499920879641339583/121033112006891846226552025034993157298,P0/P2,false,pair:P0:P2:NE
1074,3685,150980710779962251690639591919103257425124/38480398076023258949725202762838583891,142043443790211127629571403565188194739637/76960796152046517899450405525677167782,P0/P1,false,pair:P0:P1:SE
1075,3687,476889563285986509804270382338922852514348/121491885866489634927081914289463107225,448443804506860746845579816191466301079679/242983771732979269854163828578926214450,P0/P1,false,pair:P0:P1:SE
1076,3689,863496078953650310360936930126531338205708/220039871713359747175981905162238558017,271013102836000276016920018007040838666717/146693247808906498117321270108159038678,P0/P2,false,pair:P0:P2:NE
1077,3700,12619864981565820770163039857052480483116/3211236179002658250597204594159642713,83516038239126279354147863969482168718649/44957306506037215508360864318234997982,P0/P1,false,pair:P0:P1:W
1078,3701,36397166327785500746856948068584397082044/9262653623193370438406253449579640805,585419016817643952959526380668660610391171/314930223188574594905812617285707787370,P0/P2,false,pair:P0:P2:S
1079,3705,847090218696792908560317661396486448616732/215343677892348735858737962371860828461,800992919046174762209577285275912872448715/430687355784697471717475924743721656922,P0/P2,false,pair:P0:P2:E
1080,3706,337129944343208756601703163932436605905412/85620716987652989124179881609038521195,318120055600900106903170235921807092345053/171241433975305978248359763218077042390,P0/P1,false,pair:P0:P1:SW
1081,3716,17977073715295651782100390408956339637220/4540256858415542330210079650470277523,16944882377176319249576637172167315930229/9080513716831084660420159300940555046,P0/P1,false,pair:P0:P1:NW
1082,3718,122641695364469595333648740421927418087652/30887522495529040384220374572837798227,115048179330158487364218026791063040341685/61775044991058080768440749145675596454,P1/P2,false,pair:P1:P2:S
1083,3722,1011856349884419460940554429808817036277124/255061987070394835308150592531176924939,952968988473803658450363903928379769680957/510123974140789670616301185062353849878,P0/P1,false,pair:P0:P1:W
1084,3728,632645973021590019083099264126416054970124/159064541850316035362176003390272029441,594758742288403169150583353721466525123543/318129083700632070724352006780544058882,P0/P1,false,pair:P0:P1:S
1085,3730,551609892474480648003875145356069437525716/138713050750128199944343870580631511591,519200268252268724015863715937515327365313/277426101500256399888687741161263023182,P0/P2,false,pair:P0:P2:NW
1086,3734,107713994864978540065831200414987764487380/27101343523418382836030250163628597927,305491568422219898100716998153539525960899/162608061140510297016181500981771587562,P0/P2,false,pair:P0:P2:N
1087,3736,1147945263799847398685295757768318100671684/288367295030610583843254048451610270971,1081737410371769881145434249230485050843341/576734590061221167686508096903220541942,P1/P2,false,pair:P1:P2:SW
1088,3740,655847211690824794265115610347165471369524/164817205048494422306372550160259078063,620183563583452177834708643636505816630777/329634410096988844612745100320518156126,P0/P2,false,pair:P0:P2:W
1089,3741,420625214062866787211084436508044896302996/105407742789912451409240414660198165559,11975630287611989085129715610286509126161/6388348047873481903590328161224131246,P0/P1,false,pair:P0:P1:N
1090,3746,514835653321760137531476312038732994017764/128843979320696759780548155806868291603,483888916006510848647688828374175043742197/257687958641393519561096311613736583206,P1/P2,false,pair:P1:P2:E
1091,3747,128449781517177257850075726733098821675004/32213137685042412107888739362651356693,606797792173295983593833330833716906991663/322131376850424121078887393626513566930,P0/P1,false,pair:P0:P1:NW
1092,3752,289696493185562779774792954685346485862516/72477416936477205079997963155031268767,273011959411872646523843914409404755894921/144954833872954410159995926310062537534,P1/P2,false,pair:P1:P2:E
1093,3755,10402179567397961703785783536832090369116/2602219118246531320460086119643137821,9816155423110434551735033321175752785755/5204438236493062640920172239286275642,P0/P1,false,pair:P0:P1:NE
1094,3758,281331287056730815652267908144901110833084/70294404530884690413904148627066329445,264903200588468806733065090162187558308307/140588809061769380827808297254132658890,P0/P1,false,pair:P0:P1:NE
1095,3759,762326953560042096637503686488934715441340/190770419554503045988009764563287239717,721333368420949883387327592726833023994131/381540839109006091976019529126574479434,P0/P2,false,pair:P0:P2:E
1096,3765,1957131572430661856091842708801805022492316/488548012154947281294529638534190780749,1845841132336170868921139275216199691038123/977096024309894562589059277068381561498,P1/P2,false,pair:P1:P2:SW
1097,3771,1690825022994688816402863263198960722890988/421270625041829895410869481683351402281,1593497677479998008409225840978877555278191/842541250083659790821738963366702804562,P0/P2,false,pair:P0:P2:SW
1098,3772,76143087028750789466468246779772394104596/19009522183000122153736764084846600919,216476282328333417808142812789739791056307/114057133098000732922420584509079605514,P0/P1,false,pair:P0:P1:NW
1099,3777,197958273150379821194403383438722675448260/49259495322947067671815250399159204027,26663221181784491503366351056226499390283/14074141520842019334804357256902629722,P1/P2,false,pair:P1:P2:SE
1100,3778,1896159160959988820833159684254333364060076/471948037678041807643626359071552557497,1789453229947848571906172318561377462513759/943896075356083615287252718143105114994,P0/P1,false,pair:P0:P1:SW
1101,3782,2743941990342174035719822541074250124653412/681521142444400527729389834734888526387,2583434531073557645243120250363851449406165/1363042284888801055458779669469777052774,P1/P2,false,pair:P1:P2:E
1102,3784,647235961920989874062878474331760831049332/161020107639259263092349128631814278175,612408165426382771625379171387129634648073/322040215278518526184698257263628556350,P1/P2,false,pair:P1:P2:E
1103,3789,198468696700761228889598445349870327765444/49259495322947067671815250399159204027,561288774285158075424546870610483560041767/295556971937682406030891502394955224162,P1/P2,false,pair:P1:P2:SE
1104,3792,780775688959100622062353749664468602989268/193855164985099518941485372900316847911,738211116936260970189113288859351519140801/387710329970199037882970745800633695822,P0/P2,false,pair:P0:P2:W
1105,3794,3025834492371556435069427352356332390012036/750040910370984096345767345242788267083,2854306637636273712161766332560674134344957/1500081820741968192691534690485576534166,P0/P1,false,pair:P0:P1:NW
1106,3802,2624013557980900826258882250038813081171716/648686085098560271880253590466385956651,2470562309506675108290994367974036756948765/1297372170197120543760507180932771913302,P0/P2,false,pair:P0:P2:NE
1107,3807,2966630529020441901786751067108642944606756/732198555080612439962146712123089681603,2796404201887455131913235458317939767214533/1464397110161224879924293424246179363206,P1/P2,false,pair:P1:P2:W
1108,3818,1986395855985862563949692925040937088677532/488548012154947281294529638534190780749,1874424851157529699852062742240468220800427/977096024309894562589059277068381561498,P1/P2,false,pair:P1:P2:SE
1109,3823,1253437991463386615862453808002909987288988/306514685804558073112991836939147140109,1171024050802832724515210742020734474188011/613029371609116146225983673878294280218,P0/P2,false,pair:P0:P2:E
1110,3827,997654123778259764526050417787437027461908/244897469229282122626912564945291879895,188719631777531973548168457273954140177693/97958987691712849050765025978116751958,P0/P1,false,pair:P0:P1:E
1111,3835,3907487175552912308728588585463059959697836/955172773811819157880274077754227602233,3684240545001922916354493210895865908056799/1910345547623638315760548155508455204466,P0/P2,false,pair:P0:P2:N
1112,3839,1940033063010152520772044940572296787004892/473539625768662409276778080252554590013,1824068965032076525613546421138267567565371/947079251537324818553556160505109180026,P0/P2,false,pair:P0:P2:N
1113,3840,2997255942043326363498454781777502083637796/732198555080612439962146712123089681603,2825668485442655839771085674557071833399749/1464397110161224879924293424246179363206,P1/P2,false,pair:P1:P2:S
1114,3841,4054478821076500206224864622982707380270700/990857484392562470647515343993624773193,3827268005853235153928624927975876099234127/1981714968785124941295030687987249546386,P0/P2,false,pair:P0:P2:N
1115,3845,3912931693423647324144002579181968251081132/955172773811819157880274077754227602233,3686962803937290424062200207755320053748447/1910345547623638315760548155508455204466,P1/P2,false,pair:P1:P2:S
1116,3846,5343847794875000698575042853563841318225748/1303741894129936308284614610271138961799,5031346176596430318798405967283344896090721/2607483788259872616569229220542277923598,P0/P2,false,pair:P0:P2:NE
1117,3850,3003381024647903255840795524711273911444004/732198555080612439962146712123089681603,2830432438579548978259572919061116588360133/1464397110161224879924293424246179363206,P0/P2,false,pair:P0:P2:E
1118,3854,5356097960084154483259724339431384973838164/1303741894129936308284614610271138961799,5042235212337900349629233954721161478857313/2607483788259872616569229220542277923598,P0/P2,false,pair:P0:P2:SE
1119,3856,3925862423366642985755610814264375443116460/955172773811819157880274077754227602233,3697851839678760454893028195193136636515039/1910345547623638315760548155508455204466,P1/P2,false,pair:P1:P2:S
1120,3858,3351261806253848677230649014848421408993580/813946955671372063030789480380555202009,3145510988288794337170574892973530567159615/1627893911342744126061578960761110404018,P0/P1,false,pair:P0:P1:SW
1121,3864,4851335872052319549856185051149074418413124/1180507460979384407312456066283428441371,4594189075845973405349764535567869296487341/2361014921958768814624912132566856882742,P0/P2,false,pair:P0:P2:W
1122,3865,7048172907436723141621085182577961637192036/1709427963561382398955742349006194282675,6630352417769537129553800937486569693929557/3418855927122764797911484698012388565350,P1/P2,false,pair:P1:P2:SW
1123,3868,4766935352509257434357672225716908564057260/1157882424356666806811301587307032223097,4502090991565419016688616581969042358144671/2315764848713333613622603174614064446194,P1/P2,false,pair:P1:P2:SW
1124,3871,6879371868350598910624059531713629928480308/1664177890315947197953433391053401846127,6446156249208428352231505030288915817244217/3328355780631894395906866782106803692254,P0/P2,false,pair:P0:P2:W
1125,3872,25968891349870568709716404409456897350242532/6295707587742614425198639740281530738515,4895259657390608896129525466608143683071217/2518283035097045770079455896112612295406,P1/P2,false,pair:P1:P2:SE
1126,3873,12210147613169370888468285346029637493281916/2967351807110720029291772958174727046261,11583985788536187776184617272462886780867651/5934703614221440058583545916349454092522,P0/P2,false,pair:P0:P2:W
1127,3876,7113229224768532125327266535585774174295036/1722167411427013928003957207682928379669,6691016139779526994847527538341130047883427/3444334822854027856007914415365856759338,P0/P2,false,pair:P0:P2:SW
1128,3878,8941844153146908406498724178301211419769364/2166300011485971996369189662562205925143,59074319114529248056622068868747192361362487/30328200160803607949168655275870882952002,P0/P1,false,pair:P0:P1:SW
1129,3885,12794436252089913805037498591838037922595764/3094437141568206187325447627892971043983,12086724348348416432216435771722725874417177/6188874283136412374650895255785942087966,P0/P1,false,pair:P0:P1:NW
1130,3892,92917740836955312508419318229459557629164500/22396478836841478475512021834762565653991,1864113465028412698469517086123813789540303/953041652631552275553703056798407049106,P0/P2,false,pair:P0:P2:S
1131,3894,32856085237140786847427531588399497717002564/7931721323962129473656633441108317298011,31101535231279540888379890036441598918193517/15863442647924258947313266882216634596022,P0/P2,false,pair:P0:P2:S
1132,3895,5720514845177712374266811458771581458398988/1378473676405961863897738829767263024385,16181113119427735478676443550341950897096069/8270842058435771183386432978603578146310,P0/P1,false,pair:P0:P1:N
1133,3896,35790092904991761643774205916859479783785292/8609962792909412893116232516098838994609,33622917246431401026325884164926204670190759/17219925585818825786232465032197677989218,P0/P2,false,pair:P0:P2:S
1134,3904,32964975594555487155735811462777663544668484/7931721323962129473656633441108317298011,31188647517211301135026513935944131580326253/15863442647924258947313266882216634596022,P0/P1,false,pair:P0:P1:N
1135,3905,1324306901095422098227274947192602099156148/318109309939837353207170499177060697935,5408223087464538533999918500031072409387479/2756947352811923727795477659534526048770,P0/P2,false,pair:P0:P2:S
1136,3907,28672714323396475740630836030678204750355524/6893258021966032791197894659331863329691,27082320090883758147517333340949054381234477/13786516043932065582395789318663726659382,P0/P2,false,pair:P0:P2:S
1137,3908,47624564537750732747779473882728432597178044/11427497748227894559304230130282523961509,44779285250554420802107299907676685558061203/22854995496455789118608460260565047923018,P0/P1,false,pair:P0:P1:NE
1138,3913,34517075004919788177850562386931410842349044/8266253682177794104204367150003428335295,32446865029524211929966299448298581166855273/16532507364355588208408734300006856670590,P1/P2,false,pair:P1:P2:SE
1139,3914,82065092662978447814368696839198954384479692/19690036216964003200073874747193053085073,77513451477374776125905178562447418934956743/39380072433928006400147749494386106170146,P0/P1,false,pair:P0:P1:SE
1140,3915,13030942653138871458667572065336132699781604/3157528852608414991665140447186196414483,12619721418326352265972579665850256601246197/6315057705216829983330280894372392828966,P1/P2,false,pair:P1:P2:SE
1141,3917,41611606150592791889651300064251823432459980/9986063954337990429123978186010673923153,5623550549921333269081249721173568148017665/2853161129810854408321136624574478263758,P1/P2,false,pair:P1:P2:S
1142,3921,34967616242681686802958683437751028493858292/8367640485572984583650056307444026074303,98715005523511260366665602377470202896358203/50205842913437907501900337844664156445818,P0/P1,false,pair:P0:P1:E
1143,3926,41720496508007492197959579938629989260125900/9986063954337990429123978186010673923153,39451966135381093130215371947717509698256391/19972127908675980858247956372021347846306,P1/P2,false,pair:P1:P2:S
1144,3927,7157063264851423449929365056956127464857956/1709427963561382398955742349006194282675,6736520516248869930154373815005281375903829/3418855927122764797911484698012388565350,P0/P1,false,pair:P0:P1:SW
1145,3938,157189156590392672975658490402877861774163276/37492498691238692619382766343447919840817,795094124359237212567631200317429769861253/400989290815387086838318356614416254982,P0/P2,false,pair:P0:P2:NW
1146,3945,149432396569963466195509614106546070399006804/35553478864888262147387141629409687681095,28256908617341108468460837765275240937946605/14221391545955304858954856651763875072438,P0/P2,false,pair:P0:P2:NW
1147,3946,137472461269099970455129321431012097517532732/32678041703991824813896082807051786027845,129706853318039559224270678895503417901511923/65356083407983649627792165614103572055690,P1/P2,false,pair:P1:P2:E
1148,3951,132219795342361540411766400428396968890688596/31399625656903875417552186502303871807815,24954424219092722029124168509378672646246637/12559850262761550167020874600921548723126,P0/P1,false,pair:P0:P1:W
1149,3953,3485120730452757074089602614336359301457364/827084205843577118338643297860357814631,3286312188296309237557097452282346460145537/1654168411687154236677286595720715629262,P0/P2,false,pair:P0:P2:N
1150,3958,132437576057190941028382960177153300546020436/31399625656903875417552186502303871807815,124946345667327130638914090345898428555498657/62799251313807750835104373004607743615630,P0/P1,false,pair:P0:P1:W
1151,3961,239868948490355651358615260013264176740119964/56811453247535563328848439372364748170893,225985957903325434963390904999268763261634155/113622906495071126657696878744729496341786,P1/P2,false,pair:P1:P2:NW
1152,3966,94928338416228717550066706763811444903049876/22449668966704529198958811153202521365623,89337401291101835642517298860857252199135729/44899337933409058397917622306405042731246,P0/P2,false,pair:P0:P2:NW
1153,3969,291680585133950761789301853801530414742923148/68997199316205197732509599054652844236897,275549163941388137105375766814251423969931127/137994398632410395465019198109305688473794,P0/P2,false,pair:P0:P2:N
1154,3972,229755621923571712381799225555795316466029004/54254621153359664536160646762868919730833,216464942601900577792677727900058784569607623/108509242306719329072321293525737839461666,P0/P2,false,pair:P0:P2:N
1155,3973,57206844949298105169015179312048923004643348/13495247599704133765857576036635132276119,53771003686069310448878853089413927336500177/26990495199408267531715152073270264552238,P1/P2,false,pair:P1:P2:SW
1156,3975,406529836462205773360565331923140924062873524/95987694515613465264224751127923108789135,25562641363816919932647997906072627286097495/12798359268748462035229966817056414505218,P0/P2,false,pair:P0:P2:N
1157,3979,1073337529641891935819571169447524771766668/253460427976928163803289504817460350945,3969087134700065451417562777146713777585303/1981599709637802007916627037663780925570,P0/P2,false,pair:P0:P2:NE
1158,3981,37328290886450151877272691068473800004402156/8793779167935634382431355075693330814313,105348427321756534254924604766379644478225293/52762675007613806294588130454159984885878,P1/P2,false,pair:P1:P2:W
1159,3982,149019439081560176974038480317404717366391812/35127463028156144901116002837353597333227,140509425861412552886501514034763051144122717/70254926056312289802232005674707194666454,P0/P2,false,pair:P0:P2:E
1160,3984,80141955077034382250108897636251057395275356/18900702412575713389864425145588358990493,25240461566220533990198561038795360347415881/12600468275050475593242950097058905993662,P1/P2,false,pair:P1:P2:SW
1161,3986,159162894257368432096048343558245374246308860/37474145186206784302654503029047320596757,150022947706067565477036858694097210069233315/74948290372413568605309006058094641193514,P1/P2,false,pair:P1:P2:S
1162,3988,7293551578451467499705047412341235459764372/1718245673870519399078584104144396271863,75808496984593362217242307015888613704380379/37801404825151426779728850291176717980986,P1/P2,false,pair:P1:P2:SE
1163,3989,43449736081672538671870757783817020191733812/10198301365855333000992019628339446081775,122089655568571800922687192595924028605761579/61189808195131998005952117770036676490650,P0/P1,false,pair:P0:P1:N
1164,3992,364668900663277448857834893035400005171293532/85777675283358077966015742788474443370973,344168965985515155587182233507776315023623835/171555350566716155932031485576948886741946,P1/P2,false,pair:P1:P2:SE
1165,3996,408620531324568019280084305511201707954059188/95987694515613465264224751127923108789135,385356090747752524415945694380145127858382617/191975389031226930528449502255846217578270,P1/P2,false,pair:P1:P2:S
1166,3999,365452911236663291077654508130922799130488156/85777675283358077966015742788474443370973,114955288090989745853451741567932192106895241/57185116855572051977343828525649628913982,P1/P2,false,pair:P1:P2:SW
1167,4001,118989049184363064958493702468742318104919516/27845231211713048691681135956255052970813,111461665830269644698757780269867583309219387/55690462423426097383362271912510105941626,P1/P2,false,pair:P1:P2:SW
1168,4003,346652011971223089749258365315715343346098676/81245116352767932067875798836139184283071,326358981694196725349894279365455021120191849/162490232705535864135751597672278368566142,P0/P1,false,pair:P0:P1:SE
1169,4006,472331296396548153743842723696738725804674420/110730272678458998460573703419707033295199,445921220948080007921636339585880822514962633/221460545356917996921147406839414066590398,P1/P2,false,pair:P1:P2:W
1170,4014,499165993023457365727852414487667488530123004/116515540311683254854820054069751959388373,469347207836350563995988387346523476608829667/233031080623366509709640108139503918776746,P0/P2,false,pair:P0:P2:SW
