token_index,batch,time_a,time_b,pair,mixed_with_wall,events
1,2,5/2,1,P0/P1,false,pair:P0:P1:N
2,3,4,3/2,P1/P2,false,pair:P1:P2:E
3,6,22/3,19/6,P0/P1,false,pair:P0:P1:NW
4,9,14,13/2,P1/P2,true,pair:P1:P2:E|wall:P0:W
5,13,24,67/6,P0/P2,false,pair:P0:P2:SE
6,15,24,23/2,P0/P2,true,pair:P0:P2:SE|wall:P1:S
7,18,86/3,83/6,P0/P2,false,pair:P0:P2:SE
8,19,148/5,137/10,P0/P1,false,pair:P0:P1:W
9,22,33,31/2,P0/P1,false,pair:P0:P1:SW
10,25,100/3,33/2,P0/P1,false,pair:P0:P1:SW
11,28,432/11,415/22,P0/P2,false,pair:P0:P2:SW
12,32,212/5,209/10,P1/P2,false,pair:P1:P2:W
13,34,177/4,21,P0/P2,false,pair:P0:P2:S
14,39,148/3,691/30,P0/P2,false,pair:P0:P2:SW
15,42,916/17,877/34,P0/P2,false,pair:P0:P2:SW
16,44,592/11,575/22,P1/P2,false,pair:P1:P2:SE
17,45,60,45/2,P0/P2,false,pair:P0:P2:SW
18,47,60,167/6,P1/P2,false,pair:P1:P2:NE
19,51,371/6,173/6,P0/P2,false,pair:P0:P2:S
20,53,193/3,179/6,P1/P2,false,pair:P1:P2:NE
21,58,1916/29,1849/58,P1/P2,false,pair:P1:P2:E
22,60,629/9,577/18,P0/P2,false,pair:P0:P2:S
23,62,631/9,211/6,P1/P2,false,pair:P1:P2:SE
24,64,664/9,199/6,P1/P2,false,pair:P1:P2:SE
25,66,281/4,36,P1/P2,false,pair:P1:P2:SE
26,71,3316/41,3125/82,P0/P1,false,pair:P0:P1:SW
27,73,1434/17,1349/34,P0/P2,false,pair:P0:P2:SW
28,76,2124/25,2053/50,P1/P2,false,pair:P1:P2:NW
29,77,2476/29,2377/58,P0/P2,false,pair:P0:P2:S
30,80,687/8,165/4,P1/P2,false,pair:P1:P2:NW
31,85,1180/13,1125/26,P0/P1,false,pair:P0:P1:S
32,92,101,385/8,P1/P2,false,pair:P1:P2:NW
33,94,509/5,241/5,P0/P2,false,pair:P0:P2:NE
34,98,752/7,103/2,P0/P2,false,pair:P0:P2:SE
35,104,453/4,163/3,P0/P2,false,pair:P0:P2:SE
36,107,346/3,323/6,P0/P2,false,pair:P0:P2:SE
37,108,1963/17,1857/34,P1/P2,false,pair:P1:P2:W
38,115,128,113/2,P1/P2,false,pair:P1:P2:SW
39,116,3921/31,3719/62,P0/P2,false,pair:P0:P2:NW
40,122,3049/23,2911/46,P1/P2,false,pair:P1:P2:S
41,126,139,3273/50,P0/P1,false,pair:P0:P1:W
42,131,7773/55,677/10,P0/P2,false,pair:P0:P2:S
43,133,2159/15,2099/30,P0/P2,false,pair:P0:P2:SW
44,134,6259/43,5919/86,P1/P2,false,pair:P1:P2:S
45,142,767/5,5171/70,P0/P2,false,pair:P0:P2:E
46,145,4009/25,3781/50,P0/P2,false,pair:P0:P2:SE
47,148,164,2953/38,P0/P2,false,pair:P0:P2:S
48,152,6909/41,6365/82,P1/P2,false,pair:P1:P2:E
49,155,5983/35,5599/70,P0/P1,false,pair:P0:P1:SE
50,158,863/5,821/10,P0/P1,false,pair:P0:P1:E
51,163,41831/235,39943/470,P1/P2,false,pair:P1:P2:S
52,165,41555/231,40115/462,P0/P1,false,pair:P0:P1:NE
53,168,9149/50,2172/25,P0/P2,false,pair:P0:P2:SE
54,170,7687/41,7057/82,P0/P1,false,pair:P0:P1:N
55,174,59233/313,56533/626,P1/P2,false,pair:P1:P2:SE
56,177,9297/49,44497/490,P1/P2,false,pair:P1:P2:SE
57,178,10817/57,31679/342,P0/P2,false,pair:P0:P2:NW
58,185,8230/41,7935/82,P0/P2,false,pair:P0:P2:SE
59,191,15173/73,14733/146,P0/P1,false,pair:P0:P1:SE
60,193,33389/159,10725/106,P1/P2,false,pair:P1:P2:SE
61,194,10321/49,49617/490,P0/P1,false,pair:P0:P1:SE
62,197,90611/423,86707/846,P0/P1,false,pair:P0:P1:E
63,202,94437/433,91077/866,P1/P2,false,pair:P1:P2:SW
64,203,3742/17,17827/170,P0/P2,false,pair:P0:P2:NE
65,207,5126/23,24413/230,P1/P2,false,pair:P1:P2:S
66,213,119485/517,114001/1034,P0/P1,false,pair:P0:P1:SW
67,218,169125/713,162765/1426,P0/P1,false,pair:P0:P1:N
68,221,184645/761,174621/1522,P1/P2,false,pair:P1:P2:SE
69,223,60599/247,56683/494,P0/P1,false,pair:P0:P1:NE
70,225,317697/1301,303689/2602,P1/P2,false,pair:P1:P2:SE
71,230,379699/1519,364235/3038,P1/P2,false,pair:P1:P2:SE
72,237,225847/883,219647/1766,P0/P1,false,pair:P0:P1:N
73,238,533837/2065,506421/4130,P0/P2,false,pair:P0:P2:NE
74,240,116761/445,21693/178,P1/P2,false,pair:P1:P2:SE
75,246,554317/2065,526901/4130,P0/P2,false,pair:P0:P2:SE
76,248,350465/1301,336457/2602,P1/P2,false,pair:P1:P2:SW
77,253,209221/761,199197/1522,P1/P2,false,pair:P1:P2:SW
78,255,534771/1951,518107/3902,P0/P2,false,pair:P0:P2:N
79,256,1374229/5001,441679/3334,P1/P2,false,pair:P1:P2:SW
80,257,304687/1099,288823/2198,P0/P2,false,pair:P0:P2:N
81,259,1503219/5407,1432155/10814,P0/P2,false,pair:P0:P2:N
82,263,826319/2939,793991/5878,P0/P1,false,pair:P0:P1:NE
83,269,846799/2939,814471/5878,P0/P1,false,pair:P0:P1:NE
84,273,142951/491,138503/982,P0/P1,false,pair:P0:P1:NE
85,277,867279/2939,834951/5878,P0/P1,false,pair:P0:P1:NE
86,281,909851/3047,871491/6094,P1/P2,false,pair:P1:P2:NE
87,284,129857/437,128425/874,P1/P2,false,pair:P1:P2:NE
88,285,1654251/5495,1591059/10990,P0/P1,false,pair:P0:P1:N
89,286,615395/1999,563659/3998,P1/P2,false,pair:P1:P2:NE
90,289,34974/115,33501/230,P1/P2,false,pair:P1:P2:E
91,291,2342389/7657,2251213/15314,P0/P2,false,pair:P0:P2:N
92,295,35614/115,34013/230,P1/P2,false,pair:P1:P2:E
93,296,2266423/7283,2165503/14566,P0/P2,false,pair:P0:P2:N
94,302,1897213/5905,1790869/11810,P0/P1,false,pair:P0:P1:E
95,304,4654725/14521,4437981/29042,P0/P1,false,pair:P0:P1:E
96,307,2590877/8049,826279/5366,P0/P2,false,pair:P0:P2:SE
97,311,1947419/5927,1835523/11854,P0/P1,false,pair:P0:P1:SE
98,318,2325965/6977,2208581/13954,P0/P1,false,pair:P0:P1:S
99,322,18017/53,1737325/10706,P0/P2,false,pair:P0:P2:SE
100,329,1067669/3049,1002253/6098,P1/P2,false,pair:P1:P2:SW
101,333,2010089/5725,1920817/11450,P1/P2,false,pair:P1:P2:W
102,337,1131381/3181,1080377/6362,P0/P1,false,pair:P0:P1:SE
103,350,3849409/10213,523327/2918,P0/P1,false,pair:P0:P1:NW
104,354,1379619/3623,1329299/7246,P0/P2,false,pair:P0:P2:W
105,369,595795/1447,3992357/20258,P1/P2,false,pair:P1:P2:SE
106,373,2498357/6009,2398333/12018,P1/P2,false,pair:P1:P2:SW
107,374,103141/247,883871/4446,P0/P2,false,pair:P0:P2:E
108,376,3075763/7367,2942355/14734,P1/P2,false,pair:P1:P2:W
109,378,6683135/15939,6401279/31878,P0/P2,false,pair:P0:P2:NE
110,382,7933193/18733,7604577/37466,P0/P2,false,pair:P0:P2:N
111,384,2884269/6793,2792093/13586,P0/P1,false,pair:P0:P1:E
112,386,16545451/38671,15856795/77342,P0/P2,false,pair:P0:P2:NW
113,388,6505241/15205,6296937/30410,P0/P1,false,pair:P0:P1:SE
114,390,9724527/22691,9508607/45382,P0/P2,false,pair:P0:P2:W
115,394,25882891/59727,8237065/39818,P0/P2,false,pair:P0:P2:W
116,400,381281/861,7683125/36162,P1/P2,false,pair:P1:P2:NE
117,404,16235897/36261,15544553/72522,P0/P2,false,pair:P0:P2:NE
118,405,717881/1605,689993/3210,P0/P1,false,pair:P0:P1:SW
119,408,5537211/12319,5312619/24638,P0/P1,false,pair:P0:P1:SW
120,411,6832921/15205,6624617/30410,P0/P1,false,pair:P0:P1:SW
121,412,6316253/13977,30214753/139770,P0/P2,false,pair:P0:P2:E
122,413,17915423/39475,16965519/78950,P0/P1,false,pair:P0:P1:SW
123,415,555793/1237,546985/2474,P0/P2,false,pair:P0:P2:SE
124,419,18177567/39475,17227663/78950,P0/P1,false,pair:P0:P1:SE
125,421,10350849/22477,763957/3458,P0/P1,false,pair:P0:P1:E
126,427,18439711/39475,17489807/78950,P0/P1,false,pair:P0:P1:SE
127,429,8138773/17505,2628583/11670,P1/P2,false,pair:P1:P2:SW
128,431,47147651/100295,45167923/200590,P1/P2,false,pair:P1:P2:W
129,434,49512301/104617,47473021/209234,P1/P2,false,pair:P1:P2:W
130,437,4827155/10039,13910633/60234,P0/P2,false,pair:P0:P2:E
131,441,55312709/114561,17581351/76374,P0/P2,false,pair:P0:P2:E
132,446,49244803/100295,47002931/200590,P1/P2,false,pair:P1:P2:W
133,449,51609453/104617,49308029/209234,P1/P2,false,pair:P1:P2:W
134,453,634939/1243,576959/2486,P0/P1,false,pair:P0:P1:E
135,456,4575513/9061,22032141/90610,P1/P2,false,pair:P1:P2:S
136,461,51407491/100295,3766847/15430,P0/P2,false,pair:P0:P2:W
137,467,536407/1019,503703/2038,P1/P2,false,pair:P1:P2:W
138,468,81006119/155035,77655063/310070,P0/P2,false,pair:P0:P2:NW
139,471,34334835/65191,32842675/130382,P1/P2,false,pair:P1:P2:NW
140,480,40262509/75081,115412759/450486,P0/P1,false,pair:P0:P1:S
141,482,98909099/183567,94380187/367134,P1/P2,false,pair:P1:P2:E
142,486,13585329/24989,90294279/349846,P0/P2,false,pair:P0:P2:S
143,488,7987901/14105,6899437/28210,P1/P2,false,pair:P1:P2:S
144,493,74105129/134261,70178617/268522,P0/P2,false,pair:P0:P2:NW
145,495,57907141/105569,55698453/211138,P0/P2,false,pair:P0:P2:NW
146,497,46771319/84731,45051095/169462,P0/P1,false,pair:P0:P1:SW
147,499,33275201/59837,31561089/119674,P0/P1,false,pair:P0:P1:SW
148,500,85927561/154085,16243957/61634,P0/P2,false,pair:P0:P2:N
149,509,268809997/474249,256621405/948498,P0/P1,false,pair:P0:P1:W
150,512,65249693/114457,186557447/686742,P1/P2,false,pair:P1:P2:S
151,516,88680073/154085,83579081/308170,P0/P1,false,pair:P0:P1:S
152,520,135363881/235093,130031065/470186,P0/P2,false,pair:P0:P2:E
153,524,53199145/91221,150806411/547326,P0/P1,false,pair:P0:P1:SE
154,526,55534869/95657,53716813/191314,P0/P2,false,pair:P0:P2:NE
155,534,47839687/80627,45571743/161254,P1/P2,false,pair:P1:P2:S
156,537,75968553/127189,72306521/254378,P0/P2,false,pair:P0:P2:W
157,543,11654629/19189,32927827/115134,P0/P1,false,pair:P0:P1:W
158,546,49150407/80627,46620319/161254,P1/P2,false,pair:P1:P2:S
159,551,192604381/313153,182814821/626306,P1/P2,false,pair:P1:P2:SE
160,554,20379861/32945,12326761/41930,P0/P2,false,pair:P0:P2:SW
161,557,121231303/195603,38616149/130402,P1/P2,false,pair:P1:P2:SW
162,563,54433489/87049,52641829/174098,P0/P1,false,pair:P0:P1:NW
163,564,36490457/57917,104546323/347502,P0/P2,false,pair:P0:P2:SE
164,570,51954205/82413,50305417/164826,P0/P2,false,pair:P0:P2:E
165,572,118640227/186803,113808727/373606,P1/P2,false,pair:P1:P2:SW
166,573,376275649/591169,359192301/1182338,P0/P2,false,pair:P0:P2:E
167,574,138995195/217563,131574847/435126,P1/P2,false,pair:P1:P2:SW
168,577,290340873/451753,274058741/903506,P0/P1,false,pair:P0:P1:E
169,579,762259247/1191599,731831875/2383198,P1/P2,false,pair:P1:P2:SW
170,584,1395243649/2147745,1326307469/4295490,P0/P1,false,pair:P0:P1:S
171,587,673556465/1032529,643536381/2065058,P0/P1,false,pair:P0:P1:S
172,590,305513689/464913,287221133/929826,P0/P1,false,pair:P0:P1:SE
173,592,1142105449/1740953,1086680837/3481906,P0/P2,false,pair:P0:P2:W
174,593,1092108319/1671567,350798401/1114378,P0/P1,false,pair:P0:P1:SE
175,602,84871217/128449,416828801/1284490,P0/P2,false,pair:P0:P2:NE
176,607,136594693/199269,18152759/56934,P0/P1,false,pair:P0:P1:NE
177,611,422924913/617273,404455797/1234546,P1/P2,false,pair:P1:P2:W
178,614,1312279291/1912923,1254985151/3825846,P1/P2,false,pair:P1:P2:W
179,615,2679468209/3891905,509357481/1556762,P0/P2,false,pair:P0:P2:E
180,619,1653567241/2403033,529798231/1602022,P0/P2,false,pair:P0:P2:E
181,621,513087455/737951,484779251/1475902,P0/P2,false,pair:P0:P2:NE
182,623,61857311/89391,138830887/417158,P0/P1,false,pair:P0:P1:SE
183,628,286051259/408271,271005435/816542,P0/P2,false,pair:P0:P2:N
184,630,584459591/835559,562633947/1671118,P1/P2,false,pair:P1:P2:NW
185,632,1288315087/1826847,1217771603/3653694,P1/P2,false,pair:P1:P2:NW
186,634,2218946525/3147469,2116325545/6294938,P0/P1,false,pair:P0:P1:NE
187,640,1803311131/2543707,1728687615/5087414,P0/P2,false,pair:P0:P2:N
188,644,562792433/785073,1249165465/3663674,P1/P2,false,pair:P1:P2:NW
189,647,156829183/218035,149150159/436070,P0/P1,false,pair:P0:P1:NE
190,650,1631732165/2258821,1555040353/4517642,P1/P2,false,pair:P1:P2:NW
191,652,2533627443/3482995,2391464247/6965990,P0/P1,false,pair:P0:P1:E
192,656,571181041/785073,3806216651/10991022,P0/P1,false,pair:P0:P1:SE
193,661,1096437833/1491961,1038573029/2983922,P0/P2,false,pair:P0:P2:S
194,666,9287048519/12518279,8838118075/25036558,P0/P2,false,pair:P0:P2:NW
195,671,4046770733/5422349,3864112393/10844698,P0/P2,false,pair:P0:P2:NW
196,674,246642087/285287,157244187/570574,P0/P1,false,pair:P0:P1:N
197,675,10747744465/14329489,10256017277/28658978,P0/P2,false,pair:P0:P2:NW
198,677,11289328101/15046117,10837677761/30092234,P0/P1,false,pair:P0:P1:NE
199,681,3349402353/4446577,3229074269/8893154,P0/P2,false,pair:P0:P2:S
200,685,922387697/1209165,290287451/806110,P0/P1,false,pair:P0:P1:N
201,687,782795317/1033749,251769979/689166,P0/P1,false,pair:P0:P1:N
202,689,34838979115/45626539,33163585423/91253078,P1/P2,false,pair:P1:P2:SE
203,692,30306508953/39599897,28964969957/79199794,P0/P2,false,pair:P0:P2:E
204,694,6356424239/8337071,6135571523/16674142,P0/P2,false,pair:P0:P2:E
205,697,22863751597/29780653,21937283049/59561306,P0/P1,false,pair:P0:P1:NW
206,699,11043885833/14168713,10263182997/28337426,P0/P1,false,pair:P0:P1:NW
207,708,450595963/549243,1142696285/3295458,P1/P2,false,pair:P1:P2:SE
208,709,35744948779/45626539,34069555087/91253078,P0/P2,false,pair:P0:P2:SW
209,711,6685918597/8539397,6389479521/17078794,P1/P2,false,pair:P1:P2:E
210,715,3474723571/4461299,3407721271/8922598,P0/P2,false,pair:P0:P2:S
211,717,47136974499/59775779,44994792103/119551558,P1/P2,false,pair:P1:P2:E
212,720,7955857577/9990441,2497623271/6660294,P0/P2,false,pair:P0:P2:SE
213,724,10063612765/12659677,9600325209/25319354,P1/P2,false,pair:P1:P2:NE
214,725,20336550105/25645657,19553577509/51291314,P0/P2,false,pair:P0:P2:SE
215,729,716052237/895133,682604281/1790266,P1/P2,false,pair:P1:P2:NE
216,735,2835169567/3544671,2770301107/7089342,P0/P1,false,pair:P0:P1:N
217,741,8247460613/10087941,7830361697/20175882,P0/P2,false,pair:P0:P2:SE
218,749,14744990191/17866799,14144954435/35733598,P0/P1,false,pair:P0:P1:NW
219,753,3618014799/4354295,689206431/1741718,P0/P2,false,pair:P0:P2:W
220,755,10509684231/12648263,30164459633/75889578,P1/P2,false,pair:P1:P2:SW
221,761,26694728411/31723931,25240490303/63447862,P0/P2,false,pair:P0:P2:W
222,763,27261364105/32428169,25857583509/64856338,P0/P1,false,pair:P0:P1:E
223,766,34154474095/40550767,32584205059/81101534,P0/P2,false,pair:P0:P2:NW
224,771,34422909551/40550767,32852640515/81101534,P0/P2,false,pair:P0:P2:NE
225,773,7641494647/8942071,7227130347/17884142,P0/P2,false,pair:P0:P2:NE
226,778,20633338565/24042181,19557009953/48084362,P0/P2,false,pair:P0:P2:SE
227,779,3215170451/3759267,5126980449/12530890,P0/P1,false,pair:P0:P1:NW
228,780,11518365945/13550489,11204872741/27100978,P0/P2,false,pair:P0:P2:SE
229,782,20604796425/23817737,19195820821/47635474,P0/P2,false,pair:P0:P2:SE
230,785,2194306615/2548567,27186389263/66262742,P1/P2,false,pair:P1:P2:E
231,791,42949414997/49473365,41211586929/98946730,P0/P1,false,pair:P0:P1:SW
232,797,85858598009/98045561,82005578437/196091122,P1/P2,false,pair:P1:P2:W
233,800,25781488629/29354837,24822934193/58709674,P0/P1,false,pair:P0:P1:N
234,801,73436230359/83052119,69681453771/166104238,P1/P2,false,pair:P1:P2:W
235,803,7859547427/8870507,7425442623/17741014,P1/P2,false,pair:P1:P2:SW
236,805,46143447297/52279825,8816767353/20911930,P0/P2,false,pair:P0:P2:NW
237,809,410131203/467027,401857399/934054,P1/P2,false,pair:P1:P2:SW
238,810,27774331711/31291503,8864209633/20861002,P0/P2,false,pair:P0:P2:NW
239,814,230111333/255936,107933245/255936,P0/P1,false,pair:P0:P1:E
240,816,13688903715/14895139,12246160551/29790278,P0/P2,false,pair:P0:P2:W
241,821,172298103207/191254631,164440257819/382509262,P1/P2,false,pair:P1:P2:NW
242,825,205170974305/226983969,65427833327/151322646,P0/P1,false,pair:P0:P1:E
243,828,123350794303/135211391,116754240851/270422782,P1/P2,false,pair:P1:P2:NW
244,829,27319230917/29888581,25778244769/59777162,P0/P1,false,pair:P0:P1:NE
245,837,335215074347/365100267,321652953679/730200534,P0/P2,false,pair:P0:P2:E
246,841,314690215533/340493485,300080614249/680986970,P0/P1,false,pair:P0:P1:NE
247,842,20620897589/22172869,19377707521/44345738,P0/P2,false,pair:P0:P2:SE
248,853,599633403049/635523049,572878175477/1271046098,P0/P1,false,pair:P0:P1:NE
249,854,76939431955/81312531,73046379223/162625062,P0/P2,false,pair:P0:P2:S
250,858,132631882603/140767403,127963081231/281534806,P0/P2,false,pair:P0:P2:S
251,862,77610520595/81312531,24527750045/54208354,P0/P2,false,pair:P0:P2:S
252,866,133974059883/140767403,18433831865/40219258,P0/P2,false,pair:P0:P2:S
253,867,236394950673/247101265,225123683901/494202530,P0/P1,false,pair:P0:P1:SW
254,869,290537278353/303392465,277277065149/606784930,P0/P1,false,pair:P0:P1:SW
255,870,370605950947/384208803,31650102613/69856146,P1/P2,false,pair:P1:P2:S
256,875,795838129761/829361057,765252099149/1658722114,P0/P1,false,pair:P0:P1:NW
257,878,730864926173/758938653,78048015761/168653034,P0/P2,false,pair:P0:P2:NW
258,879,1435769029107/1481416627,1365870518647/2962833254,P0/P1,false,pair:P0:P1:N
259,885,319965449673/326027785,300309209749/652055570,P0/P1,false,pair:P0:P1:NW
260,887,411044580633/418715225,387694631589/837430450,P1/P2,false,pair:P1:P2:W
261,888,717005993989/735968837,690295168801/1471937674,P0/P1,false,pair:P0:P1:NW
262,893,278198755509/282915637,265423663313/565831274,P1/P2,false,pair:P1:P2:S
263,895,2016195145513/2040079977,48941330179/104619486,P0/P2,false,pair:P0:P2:SW
264,899,3237924720309/3273132277,3087055110161/6546264554,P1/P2,false,pair:P1:P2:S
265,903,1329444942059/1340571819,1263852924175/2681143638,P1/P2,false,pair:P1:P2:SW
266,904,618691194489/624500153,4146342889891/8743002142,P0/P1,false,pair:P0:P1:SW
267,911,710190804913/697187569,652115644253/1394375138,P1/P2,false,pair:P1:P2:W
268,912,1877309215289/1874115961,1801632171845/3748231922,P0/P1,false,pair:P0:P1:W
269,913,145889801297/147116049,47896521983/98077366,P1/P2,false,pair:P1:P2:W
270,923,5324285385003/5254830827,5141985470031/10509661654,P1/P2,false,pair:P1:P2:NW
271,924,8214817873507/8072164899,7877052286759/16144329798,P0/P1,false,pair:P0:P1:SW
272,930,2448268690631/2394690951,2358238320571/4789381902,P0/P2,false,pair:P0:P2:W
273,932,2788958368957/2715598077,886871335379/1810398718,P0/P1,false,pair:P0:P1:NW
274,933,1736745929951/1691944863,4980433449433/10151669178,P1/P2,false,pair:P1:P2:SW
275,937,7218981070111/6990495711,6886236842291/13980991422,P1/P2,false,pair:P1:P2:S
276,939,15613593986839/15117416407,14890945820619/30234832814,P1/P2,false,pair:P1:P2:S
277,941,3848132378863/3716501423,10976556655177/22299008538,P0/P2,false,pair:P0:P2:NW
278,944,467446430901/452424181,450946510609/904848362,P0/P1,false,pair:P0:P1:NW
279,945,5278278342287/5061295439,4983684507107/10122590878,P1/P2,false,pair:P1:P2:SW
280,948,3873902182639/3716501423,11053866066505/22299008538,P0/P1,false,pair:P0:P1:NW
281,952,1236403297133/1183463341,5895249858573/11834633410,P0/P2,false,pair:P0:P2:S
282,954,8289069915079/7878629511,7804650669755/15757259022,P0/P1,false,pair:P0:P1:N
283,955,10266866072143/9781768463,423260545365/850588562,P0/P2,false,pair:P0:P2:S
284,957,19017270741/18299413,241292734205/475784738,P0/P1,false,pair:P0:P1:N
285,959,6216376224033/5917316705,5912429727757/11834633410,P0/P1,false,pair:P0:P1:N
286,964,14236286126745/13489481177,13503603413029/26978962354,P0/P2,false,pair:P0:P2:SE
287,967,11665395631643/11053956059,11111929630847/22107912118,P0/P1,false,pair:P0:P1:NW
288,968,25718537117069/24351873485,24472476952073/48703746970,P0/P2,false,pair:P0:P2:SE
289,975,14373725080217/13489481177,13641042366501/26978962354,P0/P1,false,pair:P0:P1:NE
290,980,5417075144363/5090373739,88726786941/172555042,P0/P1,false,pair:P0:P1:N
291,981,17622388371091/16530438739,17001191588759/33060877478,P0/P2,false,pair:P0:P2:E
292,986,864370656537/800429657,818322639525/1600859314,P0/P1,false,pair:P0:P1:N
293,987,7639148454353/7086043921,7266259942141/14172087842,P1/P2,false,pair:P1:P2:E
294,988,1903139505529/1764028601,1811407186309/3528057202,P0/P2,false,pair:P0:P2:NE
295,990,15555638602195/14420379027,14852837277143/28840758054,P0/P2,false,pair:P0:P2:NE
296,992,5408072917879/5007289399,5157665131691/10014578798,P0/P2,false,pair:P0:P2:NE
297,994,3173820359017/2935525545,3042624603829/5871051090,P1/P2,false,pair:P1:P2:E
298,997,30641849562683/28181967867,29083594133023/56363935734,P0/P1,false,pair:P0:P1:E
299,999,17946568126615/16439865687,268461836789/521900498,P1/P2,false,pair:P1:P2:E
300,1001,6139018501281/5622759905,1159858310633/2249103962,P0/P1,false,pair:P0:P1:E
301,1004,25984436238231/23819487319,24835778764363/47638974638,P0/P2,false,pair:P0:P2:SE
302,1010,428682412973/389593069,12665280349047/24154770278,P0/P1,false,pair:P0:P1:W
303,1013,38640430362841/35065007129,36777959254373/70130014258,P0/P1,false,pair:P0:P1:W
304,1015,26242134275991/23819487319,25076296932939/47638974638,P0/P2,false,pair:P0:P2:SE
305,1024,125002173491/112372531,358293100901/674235186,P1/P2,false,pair:P1:P2:NW
306,1029,2613116266531/2331810531,2488553182951/4663621062,P0/P1,false,pair:P0:P1:S
307,1034,22228189104049/19713757425,21102721538909/39427514850,P1/P2,false,pair:P1:P2:N
308,1039,10666353076073/9393989289,30320544714271/56363935734,P0/P1,false,pair:P0:P1:S
309,1040,4679313309583/4141569615,4491430931171/8283139230,P0/P2,false,pair:P0:P2:NW
310,1042,8499392052811/7504979979,1161857841625/2144279994,P0/P1,false,pair:P0:P1:S
311,1048,1220334532253/1072139997,2722454876581/5003319986,P0/P1,false,pair:P0:P1:S
312,1050,3044217474799/2646689199,2850064223939/5293378398,P0/P2,false,pair:P0:P2:SW
313,1051,3511883208201/3081419081,3366658519765/6162838162,P1/P2,false,pair:P1:P2:W
314,1057,897998334911/783775359,1437633552437/2612584530,P1/P2,false,pair:P1:P2:W
315,1059,13443511989/11744501,5136509785659/9278155790,P0/P2,false,pair:P0:P2:E
316,1063,11664742217163/10059212683,33073478732621/60355276098,P1/P2,false,pair:P1:P2:S
317,1067,22915383871409/19713757425,21721196829533/39427514850,P0/P1,false,pair:P0:P1:N
318,1071,4783234540685/4121090253,1970557525837/3532363074,P0/P2,false,pair:P0:P2:NE
319,1072,2996458585043/2594682771,4869701438737/8648942570,P0/P1,false,pair:P0:P1:NW
320,1074,22969449526955/19652319339,21800288548303/39304638678,P0/P1,false,pair:P0:P1:NW
321,1076,24690167790019/21078970755,7800357549997/14052647170,P0/P2,false,pair:P0:P2:E
322,1080,7885368161887/6733674783,22694581902425/40402048698,P0/P1,false,pair:P0:P1:N
323,1086,10520607788945/8925282513,110178548530975/196356215286,P1/P2,false,pair:P1:P2:SW
324,1088,50140643973393/42362849873,47506819625277/84725699746,P0/P1,false,pair:P0:P1:N
325,1094,13491652061913/11341350425,12820384914277/22682700850,P1/P2,false,pair:P1:P2:W
326,1096,167099886083777/140336049153,52922466742031/93557366102,P0/P2,false,pair:P0:P2:SE
327,1100,165562442418791/137896922919,51854784430153/91931281946,P1/P2,false,pair:P1:P2:N
328,1101,136630195779493/113841050085,8583161245871/15178806678,P0/P2,false,pair:P0:P2:S
329,1110,67474129150377/55869788393,64266352079349/111739576786,P0/P2,false,pair:P0:P2:W
330,1112,4842819530411/4009628523,4615481097935/8019257046,P0/P2,false,pair:P0:P2:W
331,1116,439096408116211/362204254131,139735346449533/241469502754,P0/P2,false,pair:P0:P2:SW
332,1121,68161323917737/55869788393,64816107893237/111739576786,P0/P2,false,pair:P0:P2:W
333,1122,112506975313999/92144084751,320583478498793/552864508506,P0/P1,false,pair:P0:P1:SE
334,1124,262654373567/214385023,3227318259255/5574010598,P0/P2,false,pair:P0:P2:W
335,1129,86783793133301/70744913205,82751704670033/141489826410,P0/P1,false,pair:P0:P1:S
336,1134,623150823313463/504114354423,589623187966571/1008228708846,P1/P2,false,pair:P1:P2:N
337,1136,291430944879763/236800196691,278994195059095/473600393382,P1/P2,false,pair:P1:P2:N
338,1140,69544400264767/56012706047,591822211222123/1008228708846,P1/P2,false,pair:P1:P2:N
339,1141,228148070692617/184177901129,217184427445205/368355802258,P0/P1,false,pair:P0:P1:NW
340,1146,183399061938647/147631190679,174974885997451/295262381358,P0/P1,false,pair:P0:P1:W
341,1150,345904702103789/276432254253,109426686631075/184288169502,P1/P2,false,pair:P1:P2:NW
342,1153,182629110423067/145531745243,173070806182015/291063490486,P0/P2,false,pair:P0:P2:S
343,1157,393738859603567/314092508463,125705680745153/209395005642,P0/P1,false,pair:P0:P1:E
344,1161,180302998598857/142274014217,509092526834623/853644085302,P1/P2,false,pair:P1:P2:S
345,1167,282325685030903/222824057015,269269508009771/445648114030,P1/P2,false,pair:P1:P2:E
346,1171,185515328445979/145531745243,175544707344511/291063490486,P0/P1,false,pair:P0:P1:N
347,1175,473096363745893/370457275557,149442488255659/246971517038,P0/P2,false,pair:P0:P2:SE
348,1184,371836651889347/288985672323,1062264464344085/1733914033938,P0/P1,false,pair:P0:P1:SW
349,1188,514571464124361/397559570185,486013805612437/795119140370,P1/P2,false,pair:P1:P2:N
350,1191,399848012899723/308612745035,378119034454831/617225490070,P1/P2,false,pair:P1:P2:NW
351,1194,964914992395699/741181532531,908407763545143/1482363065062,P0/P1,false,pair:P0:P1:SE
352,1197,5673706895701/4352089493,5364659084337/8704178986,P1/P2,false,pair:P1:P2:NW
353,1201,3261374167461103/2499167796143,3104167146839235/4998335592286,P0/P2,false,pair:P0:P2:W
354,1208,487664892813925/370457275557,462621115928065/740914551114,P0/P2,false,pair:P0:P2:NE
355,1212,2335361699726279/1763779412103,739357797172457/1175852941402,P0/P1,false,pair:P0:P1:SE
356,1216,955697090783663/718322264175,2706220962377609/4309933585050,P0/P1,false,pair:P0:P1:SE
357,1219,5262616706439/3948243527,44588549624147/71068383486,P1/P2,false,pair:P1:P2:NE
358,1224,3201804983127715/2401810951779,3042713852803687/4803621903558,P0/P2,false,pair:P0:P2:NE
359,1225,15856569596053/11844730581,44794708054355/71068383486,P0/P1,false,pair:P0:P1:SW
360,1227,1354695061316443/1017338693915,1296563636610239/2034677387830,P0/P1,false,pair:P0:P1:SW
361,1230,213312285967031/159507884919,202861580438251/319015769838,P0/P1,false,pair:P0:P1:SW
362,1235,431739671374355/321050236371,411662665505047/642100472742,P0/P2,false,pair:P0:P2:W
363,1237,294345520860321/218593653217,839922733621415/1311561919302,P0/P1,false,pair:P0:P1:NE
364,1242,457387872543091/340286752051,438878613327095/680573504102,P0/P2,false,pair:P0:P2:W
365,1246,460136651612531/340286752051,441077636582647/680573504102,P0/P2,false,pair:P0:P2:W
366,1252,1782635085517001/1314301904905,1720136553218709/2628603809810,P0/P2,false,pair:P0:P2:NW
367,1254,1184906367635467/865680200139,1121970001894319/1731360400278,P1/P2,false,pair:P1:P2:W
368,1257,243669344833373/177515753373,2543324899426195/3905346574206,P0/P2,false,pair:P0:P2:NW
369,1260,4174438053343455/3045662305183,3986066789562867/6091324610366,P0/P2,false,pair:P0:P2:NW
370,1266,468382988820851/340286752051,448774217977079/680573504102,P0/P2,false,pair:P0:P2:W
371,1267,1771936858384405/1279142907477,1674925753936369/2558285814954,P0/P1,false,pair:P0:P1:NE
372,1269,167356855388363/123422079627,3277390854613/4840081554,P0/P1,false,pair:P0:P1:NE
373,1271,1299409873185913/938608541625,1234691714497669/1877217083250,P0/P1,false,pair:P0:P1:NE
374,1276,20830311074323/14943659475,1311254044281/1992487930,P0/P2,false,pair:P0:P2:W
375,1277,2296943512570981/1654836270757,2199953011257345/3309672541514,P0/P1,false,pair:P0:P1:NE
376,1283,1955940044351217/1397137862705,1853670603045277/2794275725410,P0/P2,false,pair:P0:P2:W
377,1284,4935345677542743/3532053354007,4704520812341515/7064106708014,P0/P1,false,pair:P0:P1:NE
378,1289,532340033834445/379918809613,509604954902857/759837619226,P0/P2,false,pair:P0:P2:NE
379,1293,4107290412244517/2916813101157,3911881631956673/5833626202314,P1/P2,false,pair:P1:P2:SE
380,1297,1574261359368659/1114499773843,1496655791795671/2228999547686,P0/P1,false,pair:P0:P1:S
381,1307,104634098908551/73160059463,1281164741109567/1902161546038,P1/P2,false,pair:P1:P2:SE
382,1308,161142203168091/113029458715,153249453964991/226058917430,P0/P2,false,pair:P0:P2:NE
383,1312,4599878680383615/3216463450943,4377024035426579/6432926901886,P0/P2,false,pair:P0:P2:SE
384,1316,13166063321172419/9177125523843,4177877654951853/6118083682562,P0/P2,false,pair:P0:P2:S
385,1318,8187313642474453/5665406018069,1096169085593991/1618687433734,P0/P1,false,pair:P0:P1:SE
386,1321,4630665005961343/3216463450943,4405611337748755/6432926901886,P1/P2,false,pair:P1:P2:SW
387,1322,760840587749817/530748329209,732597199327429/1061496658418,P0/P1,false,pair:P0:P1:S
388,1326,2032598545971919/1407992111503,1936027888264483/2815984223006,P0/P1,false,pair:P0:P1:SE
389,1327,12181233600182761/8442858395945,2327771570440049/3377143358378,P1/P2,false,pair:P1:P2:SW
390,1330,155067685164587/107468849131,446042156959213/644813094786,P0/P1,false,pair:P0:P1:SE
391,1337,8178601361213247/5623167564287,7800249699983571/11246335128574,P1/P2,false,pair:P1:P2:NE
392,1342,20129153894086569/13780271220457,2735764266850595/3937220348702,P0/P1,false,pair:P0:P1:W
393,1345,14205027083076499/9677855788883,13448125759321239/19355711577766,P1/P2,false,pair:P1:P2:S
394,1347,14888407373246375/10144929514599,14147562209565979/20289859029198,P0/P1,false,pair:P0:P1:NW
395,1354,12043082843903079/8165904537895,11434699509400283/16331809075790,P0/P1,false,pair:P0:P1:NE
396,1356,33784144599756643/22928230874915,32180450642488359/45856461749830,P1/P2,false,pair:P1:P2:NW
397,1361,12346951048501771/8348069370827,35271891671669005/50088416224962,P0/P1,false,pair:P0:P1:SE
398,1362,22640957450510573/15299635688749,21571869892449769/30599271377498,P0/P2,false,pair:P0:P2:NE
399,1364,5650758411822907/3814297593083,5383455212219167/7628595186166,P0/P2,false,pair:P0:P2:NE
400,1366,7154612816956665/4805569577017,6738852358066949/9611139154034,P0/P2,false,pair:P0:P2:NE
401,1370,3550668576723469/2400149261901,10257125007614363/14400895571406,P0/P2,false,pair:P0:P2:NE
402,1372,458094114903751/307422106503,14376260628143387/20289859029198,P0/P1,false,pair:P0:P1:NE
403,1375,12972279643743571/8712399036691,540003688648385/757599916234,P0/P1,false,pair:P0:P1:NE
404,1378,21754834247824453/14557555218053,20706230423505505/29115110436106,P0/P1,false,pair:P0:P1:N
405,1382,34382278925266787/22928230874915,32760992781954087/45856461749830,P0/P1,false,pair:P0:P1:NW
406,1385,13042648387921235/8712399036691,12490453583090519/17424798073382,P0/P1,false,pair:P0:P1:NW
407,1388,21930756108268613/14557555218053,20864560097905249/29115110436106,P0/P1,false,pair:P0:P1:W
408,1391,20034725083489389/13368722184365,19375050563277673/26737444368730,P0/P2,false,pair:P0:P2:S
409,1393,33640657406031301/22281588144133,32009610211110369/44563176288266,P1/P2,false,pair:P1:P2:SE
410,1397,20813225356145755/13682041477659,19618273891475903/27364082955318,P1/P2,false,pair:P1:P2:E
411,1404,44260683933569351/28939231849991,41961335298395707/57878463699982,P0/P2,false,pair:P0:P2:NW
412,1410,46789394338851479/30423392791383,44431486050149707/60846785582766,P0/P2,false,pair:P0:P2:SW
413,1411,12007467650205073/7820679534289,11461177395700669/15641359068578,P0/P1,false,pair:P0:P1:SE
414,1417,16664824033327169/10843202708865,16011054068443309/21686405417730,P1/P2,false,pair:P1:P2:N
415,1418,25162288965942113/16290393034913,23903913350487373/32580786069826,P0/P2,false,pair:P0:P2:SW
416,1422,83715309749860609/54273975227969,80086365161290349/108547950455938,P1/P2,false,pair:P1:P2:E
417,1424,2206003365312655/1438387244879,15034076870201141/20137421428306,P0/P2,false,pair:P0:P2:S
418,1434,49046812910335357/31461674024381,46805919276099385/62923348048762,P0/P2,false,pair:P0:P2:W
419,1436,32484137512213621/20797427202741,30946834342909649/41594854405482,P0/P1,false,pair:P0:P1:NW
420,1441,12125199146970295/7753425032567,81141896323955309/108547950455938,P0/P1,false,pair:P0:P1:W
421,1443,10892779141856055/6931069453303,51740268015353623/69310694533030,P0/P2,false,pair:P0:P2:W
422,1448,25959529806278933/16456057198421,24621299371998961/32912114396842,P1/P2,false,pair:P1:P2:N
423,1449,90413657173617947/57335088055003,85836722772626303/114670176110006,P0/P2,false,pair:P0:P2:SW
424,1450,38494597561060081/24422973658161,12198041342876127/16281982438774,P1/P2,false,pair:P1:P2:N
425,1452,45081062025527497/28603715368969,214915759063629033/286037153689690,P1/P2,false,pair:P1:P2:N
426,1455,54780555058079763/34655347266515,51986558619975447/69310694533030,P0/P2,false,pair:P0:P2:S
427,1456,180627622671258971/114198415407899,171352110451273407/228396830815798,P1/P2,false,pair:P1:P2:N
428,1458,188095566661041623/119067363888791,179205920082401163/238134727777582,P0/P2,false,pair:P0:P2:SE
429,1462,226671947522835437/143018576844845,215900921482116329/286037153689690,P0/P2,false,pair:P0:P2:E
430,1465,3070568932485433/1957121338489,3009478755621445/3914242676978,P1/P2,false,pair:P1:P2:SW
431,1468,69475039487388485/43468382981509,65377808522786145/86936765963018,P1/P2,false,pair:P1:P2:SE
432,1469,18675386679633149/11724713577789,17726949877702841/23449427155578,P0/P2,false,pair:P0:P2:N
433,1472,275335705081847221/172900871162869,262977565978386193/345801742325738,P0/P1,false,pair:P0:P1:N
434,1478,4193139654608503/2621663223607,3995458056184747/5243326447214,P0/P2,false,pair:P0:P2:E
435,1480,133417827318073861/83421462453317,127251847727222049/166842924906634,P0/P2,false,pair:P0:P2:E
436,1481,445523575979505297/277369643026385,422147470711799997/554739286052770,P1/P2,false,pair:P1:P2:SE
437,1485,629779303145030887/392396558985639,66753395584429891/87199235330142,P0/P1,false,pair:P0:P1:E
438,1488,93853551336090733/58065396146349,206620729038020597/270971848682962,P0/P2,false,pair:P0:P2:SW
439,1489,1313236860172813903/815653212654863,1252580635288898211/1631306425309726,P1/P2,false,pair:P1:P2:W
440,1492,1135252543726969673/703020799081097,1077734894987879189/1406041598162194,P0/P1,false,pair:P0:P1:S
441,1493,844438008554193113/522864272215065,801782207794284901/1045728544430130,P1/P2,false,pair:P1:P2:W
442,1496,2401094915957114431/1484039831435519,2285732534010524627/2968079662871038,P1/P2,false,pair:P1:P2:NW
443,1501,1788376421795783903/1100820424138655,1700864311428767219/2201640848277310,P1/P2,false,pair:P1:P2:NW
444,1504,22663709495506261/13924721224597,64571993670101651/83548327347582,P1/P2,false,pair:P1:P2:W
445,1509,2275189671923886677/1393609364578453,2169677137432862513/2787218729156906,P1/P2,false,pair:P1:P2:SW
446,1512,1949184562941133001/1191250890995721,1850696705211708053/2382501781991442,P1/P2,false,pair:P1:P2:SW
447,1514,179492865657466079/109329466927007,169690750307780083/218658933854014,P0/P1,false,pair:P0:P1:E
448,1518,68694815928295423/41774163673791,65205312367700627/83548327347582,P1/P2,false,pair:P1:P2:S
449,1521,1568477208362448601/956291496870425,1502173135270168421/1912582993740850,P1/P2,false,pair:P1:P2:SE
450,1522,410662326300564833/249069870281377,114387734344768881/146511688400810,P0/P1,false,pair:P0:P1:E
451,1524,1585490419274331221/960182139923093,1501937307255415089/1920364279846186,P0/P2,false,pair:P0:P2:E
452,1527,1461303333501841447/887023136269543,1399496343855551387/1774046272539086,P0/P1,false,pair:P0:P1:N
453,1528,121379101803788693/73255844200405,1951346883302126721/2490698702813770,P1/P2,false,pair:P1:P2:E
454,1530,3028064031665872337/1830927232286481,2879965336055576317/3661854464572962,P1/P2,false,pair:P1:P2:E
455,1533,1997267365513753951/1206420791185439,1900011114623296627/2412841582370878,P0/P1,false,pair:P0:P1:N
456,1537,5260075138576604593/3167700469847793,4995808729399904605/6335400939695586,P1/P2,false,pair:P1:P2:SE
457,1540,3761443788218842687/2268200267264255,3599143427441314771/4536400534528510,P0/P2,false,pair:P0:P2:N
458,1542,4833371852242667695/2906995577096047,4600172968976805251/5813991154192094,P0/P2,false,pair:P0:P2:N
459,1548,2088214528614945509/1245349351406885,1973864881438979201/2490698702813770,P1/P2,false,pair:P1:P2:E
460,1553,3075351827753262545/1830927232286481,974249844171865343/1220618154857654,P1/P2,false,pair:P1:P2:N
461,1556,656565084158767483/390509516177211,208651289231584629/260339677451474,P0/P1,false,pair:P0:P1:SW
462,1558,245658424877736635/146394470219899,236095262862311583/292788940439798,P0/P2,false,pair:P0:P2:NE
463,1561,5698284857207388179/3379708677678035,1084318067105147243/1351883471071214,P0/P2,false,pair:P0:P2:E
464,1564,44877921443939091/26516973301459,42527999425936919/53033946602918,P0/P1,false,pair:P0:P1:E
465,1568,247607359005413391/145907201525455,704891900074775593/875443209152730,P0/P2,false,pair:P0:P2:NE
466,1573,3050252804900859255/1784536500258359,2861409005470400171/3569073000516718,P0/P2,false,pair:P0:P2:N
467,1574,1444652119815539935/848353466648479,124388122885298873/154246084845178,P1/P2,false,pair:P1:P2:E
468,1576,2501375288139269107/1470993536550835,2378615416048647543/2941987073101670,P1/P2,false,pair:P1:P2:E
469,1579,7166350006112355957/4200593043825845,6803624375715707089/8401186087651690,P0/P1,false,pair:P0:P1:W
470,1583,7188868004249208437/4200593043825845,6821638774225189073/8401186087651690,P0/P1,false,pair:P0:P1:W
471,1585,113079131727688613/66143186341349,107829126334490177/132286372682698,P0/P1,false,pair:P0:P1:NW
472,1587,3521692270350431019/2050716726222059,475077354925009785/585919064634874,P0/P2,false,pair:P0:P2:SE
473,1592,1480507669435537021/862532640726717,4232514387216489643/5175195844360302,P0/P1,false,pair:P0:P1:NE
474,1597,2996722140003889253/1733579443321509,2836898684210217985/3467158886643018,P0/P2,false,pair:P0:P2:NW
475,1598,5331139745897716719/3083609300200111,5045536938057146307/6167218600400222,P1/P2,false,pair:P1:P2:S
476,1600,9181704251421815035/5317576787451579,8723841399959605727/10635153574903158,P0/P2,false,pair:P0:P2:NW
477,1603,10914021323696720761/6294934110478009,10322257431078006661/12589868220956018,P1/P2,false,pair:P1:P2:SW
478,1610,6611220868799538381/3792387602043149,6234581416267242569/7584775204086298,P0/P2,false,pair:P0:P2:W
479,1613,12835877422024000969/7353225091939593,12151106243859370901/14706450183879186,P0/P1,false,pair:P0:P1:E
480,1618,12880913418297705929/7353225091939593,12187135040878334869/14706450183879186,P0/P1,false,pair:P0:P1:E
481,1620,585202837718770703/335520993417935,8395367333255913677/10065629802538050,P0/P1,false,pair:P0:P1:E
482,1622,1312260001335195983/748091875573775,8673552603391462261/10473286258032850,P1/P2,false,pair:P1:P2:N
483,1625,4403714225957706557/2503204494119805,1386109195484713811/1668802996079870,P0/P1,false,pair:P0:P1:SE
484,1631,9368603635957690619/5317576787451579,8899481785427055071/10635153574903158,P1/P2,false,pair:P1:P2:NW
485,1638,3400514510965522691/1923101946452163,1077634552561796205/1282067964301442,P1/P2,false,pair:P1:P2:NW
486,1639,4344588781281538027/2449032475986347,4099710515252137487/4898064951972694,P0/P1,false,pair:P0:P1:S
487,1643,9905606029026556867/5573108605404035,9391068233334509831/11146217210808070,P1/P2,false,pair:P1:P2:NE
488,1645,5064993680934951659/2850563186947243,4811158903982562575/5701126373894486,P0/P2,false,pair:P0:P2:NW
489,1646,642523885229865751/361063881743319,609742796781054923/722127763486638,P1/P2,false,pair:P1:P2:NE
490,1650,3538657119522548441/1973907874182681,3320431363895307109/3947815748365362,P0/P2,false,pair:P0:P2:W
491,1653,1525553163085751327/854012675124959,206825622342463349/244003621464274,P0/P1,false,pair:P0:P1:SW
492,1659,10000181621201337283/5573108605404035,9485643825509290247/11146217210808070,P1/P2,false,pair:P1:P2:NE
493,1661,15217540671756170927/8478095669998959,14473732340378174339/16956191339997918,P0/P2,false,pair:P0:P2:N
494,1664,23314816501410554353/12936975054269233,22043724768455252125/25873950108538466,P0/P1,false,pair:P0:P1:NW
495,1670,5146058474227620587/2850563186947243,4889971897461546255/5701126373894486,P0/P1,false,pair:P0:P1:NW
496,1672,11145293308551547873/6163637882159393,31683503438498163559/36981827292956358,P0/P2,false,pair:P0:P2:N
497,1676,33525951918202053539/18490913646478179,31755561032536091495/36981827292956358,P0/P2,false,pair:P0:P2:N
498,1680,14939914791909556873/8222060133018057,14164355578447540565/16444120266036114,P0/P2,false,pair:P0:P2:NE
499,1685,11235365301098957793/6163637882159393,31917690619121429351/36981827292956358,P0/P2,false,pair:P0:P2:E
500,1687,10376717784495084153/5683752836163001,9795581935669340805/11367505672326002,P0/P1,false,pair:P0:P1:S
501,1688,11395241517300375985/6281166339939057,10940667589038374237/12562332679878114,P0/P2,false,pair:P0:P2:E
502,1694,1419563575180484081/774256165676849,9407935609606111307/10839586319475886,P1/P2,false,pair:P1:P2:W
503,1699,11117530813936455047/6043666620660295,10518390131245102459/12087333241320590,P0/P1,false,pair:P0:P1:SE
504,1703,2303231587175422401/1253405418284801,2189539197838355501/2506810836569602,P0/P1,false,pair:P0:P1:SE
505,1705,1013592058783857693/548312199629917,952954725254338905/1096624399259834,P0/P2,false,pair:P0:P2:S
506,1706,5238542277322304163/2851775290559075,1000938526920905851/1140710116223630,P1/P2,false,pair:P1:P2:W
507,1710,41134311428955853511/22256788397772679,38995370322481328571/44513576795545358,P1/P2,false,pair:P1:P2:SW
508,1717,5283578273596009123/2851775290559075,5040721431623493223/5703550581118150,P1/P2,false,pair:P1:P2:E
509,1719,11389614373621514489/6104873653269561,3568228099051770455/4069915768846374,P1/P2,false,pair:P1:P2:NE
510,1723,37464821384784279085/20061281976801901,35366345410348311081/40122563953603802,P0/P1,false,pair:P0:P1:S
511,1727,34579794231006749603/18490913646478179,10915450983519200205/12327275764318786,P0/P2,false,pair:P0:P2:S
512,1731,5328614269869714083/2851775290559075,5076750228642457191/5703550581118150,P1/P2,false,pair:P1:P2:W
513,1733,9746807426127939029/5189093509798933,9186311854735856817/10378187019597866,P0/P2,false,pair:P0:P2:SW
514,1735,66774099659856144373/35582171732043317,63100704785034886225/71164343464086634,P0/P1,false,pair:P0:P1:E
515,1736,3472911479571068085/1856023098139381,49591471221003581183/55680692944181430,P0/P2,false,pair:P0:P2:SW
516,1738,22732817260985775079/12356695952185511,22573004092940971099/24713391904371022,P0/P1,false,pair:P0:P1:E
517,1741,94017204878312214561/50021485603263841,88886957848663618317/100042971206527682,P0/P1,false,pair:P0:P1:E
518,1743,26125584644371158911/13882797260970559,24715159652680895507/27765594521941118,P0/P2,false,pair:P0:P2:NW
519,1747,230521021286573605221/122298862287850405,43561402998586497485/48919544915140162,P0/P1,false,pair:P0:P1:E
520,1749,76442684213438699587/40691945889153027,24302290996398493997/27127963926102018,P0/P2,false,pair:P0:P2:N
521,1753,117153744887070899481/62176067089799257,15979603207913490163/17764590597085502,P0/P1,false,pair:P0:P1:N
522,1755,198146476847766489737/104866011742745033,17090677079985522719/19066547589590006,P0/P1,false,pair:P0:P1:N
523,1756,21164290009979410367/10787972499188351,18254135149179447123/21575944998376702,P0/P2,false,pair:P0:P2:NW
524,1758,31308191260758370867/16401207292067315,87031873323627648037/98407243752403890,P1/P2,false,pair:P1:P2:S
525,1763,24052066232728422599/12639531070358919,98134883078796299989/109542602609777298,P0/P1,false,pair:P0:P1:NW
526,1768,148259222985915633241/77936584025504153,140657193618370971877/155873168051008306,P0/P1,false,pair:P0:P1:W
527,1770,35227865732791343937/18434372855498881,165797263384480681569/184343728554988810,P0/P1,false,pair:P0:P1:W
528,1772,528290464284741232519/276726088054690887,499281559352063805307/553452176109381774,P0/P2,false,pair:P0:P2:S
529,1774,201437232680441754055/105966309442907783,192414814645064836283/211932618885815566,P0/P2,false,pair:P0:P2:S
530,1777,8850008398776949197/4676716852004365,42932299185714373229/46767168520043650,P1/P2,false,pair:P1:P2:NE
531,1780,708172936021797333899/370260425094778187,673316599104134992175/740520850189556374,P0/P2,false,pair:P0:P2:S
532,1784,1342750030109591097281/698888232924110081,1271349269613767567917/1397776465848220162,P0/P1,false,pair:P0:P1:SE
533,1787,184586385591182442651/95970790396245595,174914084328118376703/191941580792491190,P1/P2,false,pair:P1:P2:NE
534,1791,1089384483882899816609/564978583211271649,1031863546885419374989/1129957166422543298,P0/P2,false,pair:P0:P2:E
535,1793,88223500292649104439/45535896580111607,82758176898920734315/91071793160223214,P1/P2,false,pair:P1:P2:W
536,1797,1265930046694676009863/654428299174379591,1196998797706672636795/1308856598348759182,P0/P2,false,pair:P0:P2:E
537,1798,1093996169901327204513/564978583211271649,1034169389894633068941/1129957166422543298,P1/P2,false,pair:P1:P2:W
538,1803,560142044353483174351/290141126533486735,106986676503061352455/116056450613394694,P1/P2,false,pair:P1:P2:W
539,1804,58967432761647348353/30380407560157121,1615640574512429245401/1762063638489113018,P0/P2,false,pair:P0:P2:NE
540,1809,248329791319573808287/127762593180430175,47070176613084179799/51105037272172070,P0/P2,false,pair:P0:P2:NE
541,1812,1276306340236137632647/654428299174379591,1205069248238920565627/1308856598348759182,P0/P2,false,pair:P0:P2:N
542,1813,283600511482891343265/148581992784329441,282664948500602866317/297163985568658882,P1/P2,false,pair:P1:P2:SE
543,1815,4605797676499913896199/2363852671413796295,873474110440294086399/945541068565518518,P0/P2,false,pair:P0:P2:N
544,1816,4038596653534131209669/2066688685845137413,3802040655200264699361/4133377371690274826,P1/P2,false,pair:P1:P2:SE
545,1820,439841987627015593439/225261161524648095,37965718172416209337/40956574822663290,P1/P2,false,pair:P1:P2:E
546,1822,3939502250188890216239/2012482938670773743,3718409397465946774019/4024965877341547486,P1/P2,false,pair:P1:P2:E
547,1825,5414998523331238754677/2769428151331182517,5136856452818731118545/5538856302662365034,P0/P1,false,pair:P0:P1:N
548,1829,2414929410323430531119/1228359410875662063,2276567422011981786883/2456718821751324126,P0/P2,false,pair:P0:P2:NE
549,1832,642803064664043934503/327081687471278055,202838036844334781321/218054458314185370,P1/P2,false,pair:P1:P2:SW
550,1833,753348054867121065437/383287779541290525,713546638976207202329/766575559082581050,P0/P2,false,pair:P0:P2:NE
551,1840,5758822118936508632747/2913527584769366123,5446547072282602333647/5827055169538732246,P0/P1,false,pair:P0:P1:NE
552,1845,2075740716537711165277/1050803414288408477,1982682650715604269977/2101606828576816954,P1/P2,false,pair:P1:P2:SW
553,1849,9119576852643355610093/4584375705747185709,8616291499551021016297/9168751411494371418,P0/P1,false,pair:P0:P1:NW
554,1858,1185209483434705268545/593936663722531969,7879158777837158877627/8315113292115447566,P0/P2,false,pair:P0:P2:W
555,1859,7458603554536787261675/3728091792342405803,7049769576678062564111/7456183584684811606,P1/P2,false,pair:P1:P2:N
556,1864,15038581682900877864933/7496553693019740709,14192954044435748507009/14993107386039481418,P0/P1,false,pair:P0:P1:S
557,1865,1068479448802815786749/532584541763200829,7063604634733344727823/7456183584684811606,P0/P2,false,pair:P0:P2:N
558,1870,7502414571711847446763/3728091792342405803,7082051378807054279439/7456183584684811606,P0/P2,false,pair:P0:P2:N
559,1876,9077107759490411494619/4486123278623654555,8506447011482672250943/8972246557247309110,P0/P1,false,pair:P0:P1:NE
560,1877,21024784247725526050513/10426243890745968657,6631848493346794357759/6950829260497312438,P0/P2,false,pair:P0:P2:N
561,1882,20928780935178017505655/10334929868554148407,19737061597768738013867/20669859737108296814,P0/P1,false,pair:P0:P1:N
562,1887,3320957179516647094833/1626484963765588849,3093627647283708799965/3252969927531177698,P1/P2,false,pair:P1:P2:SW
563,1888,9420781683479935102267/4636915378161675003,8890815144679042365727/9273830756323350006,P0/P2,false,pair:P0:P2:N
564,1889,2778867324446640912601/1383945450630497305,2703559850111624765797/2767890901260994610,P1/P2,false,pair:P1:P2:SW
565,1894,618138575906130567793/303649059578825649,42702940828776877690693/44332762698508544754,P0/P2,false,pair:P0:P2:NE
566,1896,8110952018961082937831/3972311016081807015,38290643006675185490887/39723110160818070150,P1/P2,false,pair:P1:P2:N
567,1901,217192923961773193453/107379656935361837,1479242881261669785951/1503315197095065718,P0/P2,false,pair:P0:P2:SE
568,1902,28543348119794894977225/13932008273808683017,26946985614524711176853/27864016547617366034,P0/P1,false,pair:P0:P1:NW
569,1905,76897300999237931083987/37483310302676747411,72585675891147538583767/74966620605353494822,P1/P2,false,pair:P1:P2:S
570,1909,110172051180584726266359/53810448178770066103,104828536498697247996203/107620896357540132206,P0/P1,false,pair:P0:P1:NW
571,1912,15444200930953272741739/7525228322297776427,44071182307119947228845/45151369933786658562,P1/P2,false,pair:P1:P2:W
572,1918,151617496509481434416887/73510895788340772791,143560308115804712327723/147021791576681545582,P0/P1,false,pair:P0:P1:S
573,1922,432458486469616103360047/208998371762716288239,408655341772944300547331/417996743525432576478,P0/P1,false,pair:P0:P1:SW
574,1923,104532196384233574192407/50941402257313953239,100938305265103091776971/101882804514627906478,P0/P2,false,pair:P0:P2:SE
575,1928,27401579257944277295715/13034164949835723299,25016851974437751710503/26068329899671446598,P1/P2,false,pair:P1:P2:NE
576,1929,239715843804487313460835/115444503464653594147,32301689122543590547425/32984143847043884042,P0/P2,false,pair:P0:P2:SW
577,1931,273945934287069401057179/132135368097182793051,86680979376117078995285/88090245398121862034,P0/P1,false,pair:P0:P1:S
578,1937,274683804050017783121819/132135368097182793051,260633233938709942637567/264270736194365586102,P0/P1,false,pair:P0:P1:S
579,1939,40144646879700543020965/19215750916383373797,37632716257064714232385/38431501832766747594,P0/P1,false,pair:P0:P1:S
580,1940,224913973421659800215983/107712367987356868719,70633284589906938960769/71808245324904579146,P0/P2,false,pair:P0:P2:W
581,1942,182129529440369303209763/87243944100442556131,172068351813037609961703/174487888200885112262,P1/P2,false,pair:P1:P2:N
582,1946,539081253731921793264273/257854258755829005265,510068943705385004524733/515708517511658010530,P1/P2,false,pair:P1:P2:NE
583,1948,852328570463421220976179/407102450166233565683,804631137388390823961271/814204900332467131366,P0/P2,false,pair:P0:P2:W
584,1955,549635215278080790713705/261731832301327668393,519156534490906358143669/523463664602655336786,P1/P2,false,pair:P1:P2:S
585,1956,308011792795186092417761/146828059810430654497,875444844981276558527591/880968358862583926982,P0/P2,false,pair:P0:P2:NW
586,1962,997173341920263272820207/473278994730542742703,941542496779489811761603/946557989461085485406,P0/P1,false,pair:P0:P1:SW
587,1963,285324254176713538633171/135412851923747182995,377218742973108255628333/379155985386492112386,P1/P2,false,pair:P1:P2:S
588,1966,895975572260625150063727/422025830382420599599,835084853115086345801283/844051660764841199198,P0/P2,false,pair:P0:P2:SW
589,1969,4329136789492624166328317/2050119338900295745597,4099512748614303774234553/4100238677800591491194,P1/P2,false,pair:P1:P2:E
590,1972,201884825251380574987889/95457116419378663345,1714935212024900508425221/1718228095548815940210,P1/P2,false,pair:P1:P2:E
591,1974,519389621515419966266417/245040967668798469489,488472047177333136074205/490081935337596938978,P0/P2,false,pair:P0:P2:W
592,1976,4339762114079080868059133/2050119338900295745597,4106596298338608242055097/4100238677800591491194,P0/P1,false,pair:P0:P1:W
593,1983,2351140052688826079577999/1101213693575979785807,2204647081600938693202659/2202427387151959571614,P0/P2,false,pair:P0:P2:W
594,1985,1825284335918097660948523/856450099764118378987,1723084868860386134829391/1712900199528236757974,P1/P2,false,pair:P1:P2:N
595,1989,1190437350956435299777621/558138040292773278357,1128248068559985488922929/1116276080585546556714,P0/P1,false,pair:P0:P1:S
596,1998,2318924463736706628991621/1081416880526463872197,2203585702237889144206241/2162833761052927744394,P0/P1,false,pair:P0:P1:SE
597,2004,2778568938193737449495125/1287483895063009874069,2622820860420033549193009/2574967790126019748138,P0/P2,false,pair:P0:P2:SW
598,2007,209996723969732328965689/97721605881246747001,200717522578865855460165/195443211762493494002,P0/P1,false,pair:P0:P1:SE
599,2011,760509188994810043548691/350214431763117420499,54847643293808312855219/53879143348171910846,P0/P2,false,pair:P0:P2:S
600,2022,1341685335826308160906203/615651303120309315995,3806023681598146790085053/3693907818721855895970,P1/P2,false,pair:P1:P2:W
601,2026,7940273425462865066851087/3637247267439795515855,7504351423473215787286627/7274494534879591031710,P0/P2,false,pair:P0:P2:SW
602,2028,2566585789374464804494797/1177947442289782786573,2447843370825622779191625/2355894884579565573146,P0/P1,false,pair:P0:P1:S
603,2034,4774578808264066862213341/2181219505909611915549,4525945648849112621197081/4362439011819223831098,P0/P1,false,pair:P0:P1:S
604,2036,4895875486242190070049475/2236389540387325833859,4647551605712313873601543/4472779080774651667718,P0/P2,false,pair:P0:P2:N
605,2038,5017172164220313277885609/2291559574865039752169,4769157562575515126006005/4583119149730079504338,P0/P1,false,pair:P0:P1:S
606,2040,7225165183109915335604153/3294831638484868881145,6847259840599004968011461/6589663276969737762290,P0/P1,false,pair:P0:P1:S
607,2046,195912892311466582747909/89049503742834294085,1373229861306096709773249/1317932655393947552458,P0/P1,false,pair:P0:P1:S
608,2047,5984812805302437561733433/2711264446718203565177,5623877161743989162697285/5422528893436407130354,P1/P2,false,pair:P1:P2:E
609,2051,2590197621788813030563277/1177947442289782786573,2466732836757101360046409/2355894884579565573146,P0/P2,false,pair:P0:P2:S
610,2056,6008424637716785787801913/2711264446718203565177,5642766627675467743552069/5422528893436407130354,P1/P2,false,pair:P1:P2:E
611,2059,3247661936154274081201469/1466231017232330282365,3067670002272876538500089/2932462034464660564730,P0/P1,false,pair:P0:P1:SW
612,2062,4504088747835734789193067/2034107947240815736619,4271858837553784421076367/4068215894481631473238,P0/P2,false,pair:P0:P2:SE
613,2065,3685971479064581448293597/1658420067194028612893,10404884337850179972407627/9950520403164171677358,P0/P2,false,pair:P0:P2:S
614,2066,17241368070475017028957889/7750859958014815224833,16216681442947204955260205/15501719916029630449666,P1/P2,false,pair:P1:P2:N
615,2070,18182756682012531452921933/8204066352357389685901,17295831212415236483742153/16408132704714779371802,P1/P2,false,pair:P1:P2:NW
616,2071,13108010375193748872310349/5869797585290728422029,12270074235474823196501961/11739595170581456844058,P0/P1,false,pair:P0:P1:S
617,2076,53795980314678416140190177/24122717937936278288161,50848297602515914791018957/48245435875872556576322,P1/P2,false,pair:P1:P2:SW
618,2080,27579959564290918395569479/12383122767354821444103,8769383043855422799338345/8255415178236547629402,P0/P1,false,pair:P0:P1:N
619,2082,21573065158036810284580661/9631922330738902027637,20333293843802893941711505/19263844661477804055274,P0/P2,false,pair:P0:P2:S
620,2084,362928545315185324035301/161991438636147341093,18002543789509598009755/17051730382752351694,P0/P2,false,pair:P0:P2:S
621,2085,62021024552126423650110371/27615626039549842271075,11628125010425372369026427/11046250415819936908430,P0/P1,false,pair:P0:P1:N
622,2090,26259703945586468651803627/11693594097980875242923,24815254292520876004127247/23387188195961750485846,P1/P2,false,pair:P1:P2:SW
623,2092,1654361742135050453678603/735529741974527802315,103853293616051815876705/98070632263270373642,P1/P2,false,pair:P1:P2:SW
624,2095,9561099591462130028026659/4261332212391329667811,9065602948505397761543399/8522664424782659335622,P1/P2,false,pair:P1:P2:W
625,2096,6355657933742201699182655/2828299700208448969471,30076532764993815773357343/28282997002084489694710,P0/P1,false,pair:P0:P1:W
626,2099,21805938975944307374656971/9687049970741216984971,20640160270542417739261551/19374099941482433969942,P1/P2,false,pair:P1:P2:NW
627,2100,3347466309902295402062005/1501081972823531163381,3244248657284981605541393/3002163945647062326762,P0/P1,false,pair:P0:P1:SW
628,2102,9416418611414481410623703/4177158105675086289303,8895946477015666849842827/8354316211350172578606,P0/P2,false,pair:P0:P2:W
629,2105,17588112074838992760360365/7793726416931730526701,16629739026324247566230441/15587452833863461053402,P1/P2,false,pair:P1:P2:NW
630,2109,15044171105565387754235497/6641941550263330776489,382810047284461770054737/359023867581801663594,P0/P1,false,pair:P0:P1:S
631,2111,8044279696190348727884245/3559958024541558337557,7632566694496958089615537/7119916049083116675114,P0/P2,false,pair:P0:P2:N
632,2119,15129173702257041368082025/6641941550263330776489,14220640147319521234589621/13283883100526661552978,P1/P2,false,pair:P1:P2:N
633,2122,45621446214496831736984985/20047910309331047821529,43117162826702131386892069/40095820618662095643058,P0/P1,false,pair:P0:P1:W
634,2124,7162459247927847651986503/3147720079816072702215,6791512421584201866865979/6295440159632145404430,P1/P2,false,pair:P1:P2:NE
635,2130,20203596151568030713165195/8814038175411529750347,18953080888640832328618799/17628076350823059500694,P0/P1,false,pair:P0:P1:E
636,2131,5074540343971478090785315/2213980516754443592163,529488815223905020666991/491995670389876353814,P1/P2,false,pair:P1:P2:N
637,2135,213388150370530630294643/93030079690967072819,2611966210068739438508939/2418782071965143893294,P1/P2,false,pair:P1:P2:W
638,2140,15318068361571827176629865/6641941550263330776489,14371755874771349881427893/13283883100526661552978,P1/P2,false,pair:P1:P2:S
639,2144,20521464820208679532221871/8914906005768614630511,19388504598162427192800899/17829812011537229261022,P0/P1,false,pair:P0:P1:W
640,2146,9201859661957830842117679/3976474031481241963759,8580773912091788898002179/7952948062962483927518,P0/P1,false,pair:P0:P1:W
641,2148,60664164415748713113439783/26343350468963193225959,57380208443403764031396251/52686700937926386451918,P1/P2,false,pair:P1:P2:SW
642,2154,2338176629914315778354343/1010559196633928155495,15449636374691685882567357/14147828752874994176930,P0/P1,false,pair:P0:P1:NW
643,2156,51624408214944040493162983/22330262214483876710055,16292968223998339618275529/14886841476322584473370,P1/P2,false,pair:P1:P2:NW
644,2159,26640925772017162922208709/11479505694193618563077,25046294306224050605721057/22959011388387237126154,P0/P2,false,pair:P0:P2:NW
645,2160,2705218653229921430710441/1163493132162471901161,12670757863014358855073993/11634931321624719011610,P1/P2,false,pair:P1:P2:NE
646,2168,6039005706973464341431439/2597908805643910175567,5719548024135215943388131/5195817611287820351134,P0/P1,false,pair:P0:P1:SW
647,2171,40493697716007977611606631/17391830240196504043303,38260068645239166368575707/34783660480393008086606,P1/P2,false,pair:P1:P2:SE
648,2175,56912044766196552141336995/24370885731443475157347,53544477862559666960458087/48741771462886950314694,P0/P1,false,pair:P0:P1:SW
649,2185,54137435267956933644197087/23053870273577763100575,51145620668598779802301939/46107740547155526201150,P1/P2,false,pair:P1:P2:E
650,2187,11041864615451799811198959/4684323289228156067503,10351722170949107449660355/9368646578456312135006,P1/P2,false,pair:P1:P2:E
651,2191,3727610299650718117698709/1581075476381500367573,38770084225389088051654875/34783660480393008086606,P0/P2,false,pair:P0:P2:SE
652,2193,52644439375243883859321319/22330262214483876710055,49880046366363383640130139/44660524428967753420110,P1/P2,false,pair:P1:P2:NW
653,2197,62194211156198478162677287/26343350468963193225959,58910255183853529080633755/52686700937926386451918,P0/P1,false,pair:P0:P1:SE
654,2199,5104299648943797500940561/2135482402150124421713,4698574086415483330332989/4270964804300248843426,P0/P2,false,pair:P0:P2:SW
655,2201,21107038264084515538720175/8914906005768614630511,6648581281047015109339009/5943270670512409753674,P0/P2,false,pair:P0:P2:S
656,2205,13032826081135871153255341/5459457649865069262829,12076218697670798800359849/10918915299730138525658,P1/P2,false,pair:P1:P2:N
657,2209,58134430075047401983209737/24502358839632075683913,18352129852358147128082247/16334905893088050455942,P1/P2,false,pair:P1:P2:NW
658,2217,66260824327337093656883/27834915308557255923,16837533109157346333182429/14863844774769574662882,P1/P2,false,pair:P1:P2:W
659,2219,6586477037443185112545503/2748035936431571907487,6163657105394315121943027/5496071872863143814974,P1/P2,false,pair:P1:P2:W
660,2229,1707153959405408260031497/711268185510303681353,4841109003508377091767935/4267609113061822088118,P1/P2,false,pair:P1:P2:N
661,2232,41778181399348521109731943/17391830240196504043303,39525662862648231285846235/34783660480393008086606,P0/P1,false,pair:P0:P1:SE
662,2235,6711407716713169351523327/2795859554685243907775,6375007164041153725372051/5591719109370487815550,P0/P2,false,pair:P0:P2:NE
663,2241,96527293409772004162931965/39958338565306936210749,91148533079448235689519289/79916677130613872421498,P0/P1,false,pair:P0:P1:W
664,2246,54608984016672983981364357/22529894102112357615301,51371774703682172960146849/45059788204224715230602,P0/P1,false,pair:P0:P1:NW
665,2251,32301694242800525260009215/13319446188435645403583,91488543466214850144905401/79916677130613872421498,P0/P1,false,pair:P0:P1:N
666,2255,18167853549156847727575429/7466417439714302047173,17073895580896705693085345/14932834879428604094346,P1/P2,false,pair:P1:P2:W
667,2256,17085705305878381952793421/7036931968824059053965,5385720456820032199102531/4691287979216039369310,P0/P2,false,pair:P0:P2:N
668,2260,32433920504320875325992703/13319446188435645403583,91828553852981464600291513/79916677130613872421498,P1/P2,false,pair:P1:P2:N
669,2271,18658061796037497678927019/7628173919023189810795,17715775843020031271433167/15256347838046379621590,P0/P1,false,pair:P0:P1:SW
670,2281,3897615493034025345391765/1581075476381500367573,40545694022948074652004571/34783660480393008086606,P0/P1,false,pair:P0:P1:SW
671,2286,63356984307828277329503173/25684842740030337197573,60175901890931040303104993/51369685480060674395146,P1/P2,false,pair:P1:P2:NE
672,2290,2617052400843879427056195/1059219626854184487427,12405164808226347473341347/10592196268541844874270,P0/P1,false,pair:P0:P1:SE
673,2293,98964034514932741093199101/39958338565306936210749,31151015974362874184600979/26638892376871290807166,P0/P2,false,pair:P0:P2:E
674,2296,6213652201231358237231471/2462885135265899018287,5623890478661018099121987/4925770270531798036574,P0/P1,false,pair:P0:P1:S
675,2297,57860915916313914820869709/23319874939233814170253,54659243706087487679084489/46639749878467628340506,P1/P2,false,pair:P1:P2:E
676,2302,26071427198745739415910505/10454714215186685441961,24435486581682665223078325/20909428430373370883922,P0/P1,false,pair:P0:P1:NW
677,2306,99549607958808577099697405/39958338565306936210749,93981952969170022817736889/79916677130613872421498,P0/P1,false,pair:P0:P1:N
678,2308,77309951251660935133536235/30957438159413641312683,24214931353980326342666757/20638292106275760875122,P1/P2,false,pair:P1:P2:NE
679,2310,186086041806488755948258775/74689560419294488565399,176371089035016026106838923/149379120838588977130798,P0/P2,false,pair:P0:P2:N
680,2323,4693635825318292109492153/1871457405015870972665,57864827283828113255636993/48657892530412645289290,P0/P1,false,pair:P0:P1:N
681,2329,96216263626054908504101321/38505005548561463396617,92586825252106513490718613/77010011097122926793234,P1/P2,false,pair:P1:P2:SE
682,2331,148608377927755424423681995/58810779512263827181963,139476946793013254119182447/117621559024527654363926,P0/P1,false,pair:P0:P1:N
683,2341,65955776603051011705052759/26057110325249190842135,312367740525100268839429687/260571103252491908421350,P0/P1,false,pair:P0:P1:W
684,2347,181909223336117669450591933/71620594486936502863613,171773571296098894731331449/143241188973873005727226,P0/P1,false,pair:P0:P1:SW
685,2348,166713585773450243433130121/65517033440387750842313,156801431491543115313258325/131034066880775501684626,P1/P2,false,pair:P1:P2:S
686,2353,122862857024174895424284957/48223764348083079608669,115628089443969510637027929/96447528696166159217338,P0/P1,false,pair:P0:P1:SW
687,2362,62789611003840760759354159/24596934249733874409967,59537664323490349042718211/49193868499467748819934,P0/P2,false,pair:P0:P2:NW
688,2363,20024425269122956796191257/7831293867743054265689,18915933888661039649206693/15662587735486108531378,P0/P1,false,pair:P0:P1:SE
689,2366,313727637446537886558629295/122611978326589982354543,296792077266345727405977219/245223956653179964709086,P0/P1,false,pair:P0:P1:S
690,2371,314483216083797029792820655/122611978326589982354543,297396540176153041993330307/245223956653179964709086,P0/P1,false,pair:P0:P1:S
691,2372,21461018859378647398332221/8278897234593759866749,19796686510998095310153209/16557794469187519733498,P0/P2,false,pair:P0:P2:W
692,2378,200638415918169277318133135/78227785408187509689423,191201123409229336081361123/156455570816375019378846,P1/P2,false,pair:P1:P2:N
693,2380,60565202612121339845969543/23516214182942098600775,171429083690426754750214001/141097285097652591604650,P1/P2,false,pair:P1:P2:N
694,2382,62079339411433955738877925/24118689703351218121253,58842323532721570123619713/48237379406702436242506,P0/P1,false,pair:P0:P1:NW
695,2385,242931862416260084963658603/94316320820839994000683,229931154897942724206625679/188632641641679988001366,P0/P1,false,pair:P0:P1:NW
696,2387,57793631958372198199143509/22512045892476201083541,166014535651997276091657107/135072275354857206501246,P1/P2,false,pair:P1:P2:W
697,2390,70054017899677110477772471/27080096759861734080375,197522365812369786620947649/162480580559170404482250,P1/P2,false,pair:P1:P2:W
698,2395,5548605657408499521406361/2150220290498381922521,36961656866507365614447107/30103084066977346915294,P0/P2,false,pair:P0:P2:N
699,2396,317505530632833602729586095/122611978326589982354543,299965507542834128989580931/245223956653179964709086,P0/P1,false,pair:P0:P1:E
700,2403,158380339947863285925284221/61144098506245587849661,150811375138125093243530041/122288197012491175699322,P0/P1,false,pair:P0:P1:SW
701,2404,452149967423250620056063129/173623529238844864694233,425095792167603455031839269/347247058477689729388466,P1/P2,false,pair:P1:P2:NW
702,2409,485324509554245638983959453/186407607581210895496157,458222196289480736371182297/372815215162421790992314,P0/P2,false,pair:P0:P2:W
703,2411,560095751021689741830439401/213815912785524093477161,522446782429840386604469557/427631825571048186954322,P1/P2,false,pair:P1:P2:NE
704,2413,11391749398366791681177025/4372456109477720589057,10782216123519409164507181/8744912218955441178114,P0/P2,false,pair:P0:P2:NW
705,2414,16604277127349579981395405/6444599495687495746061,113223303184851584015454463/90224392939624940444854,P1/P2,false,pair:P1:P2:NE
706,2416,14454915507651402504881857/5675419028595735204865,72502320775623733086956001/56754190285957352048650,P0/P1,false,pair:P0:P1:NE
707,2421,50208245444057707458591881/19185543118501536457673,712099482460755160744333819/575566293555046093730190,P0/P1,false,pair:P0:P1:S
708,2424,446005823422314734038087673/170653069834996800383801,423765840506337664102261253/341306139669993600767602,P0/P2,false,pair:P0:P2:SE
709,2426,133530999490246105095424609/50948471037795716571041,631265984660236684882215297/509484710377957165710410,P0/P2,false,pair:P0:P2:S
710,2431,52621191557330116576983539/20035043844963829120435,49747451856730203314207607/40070087689927658240870,P1/P2,false,pair:P1:P2:SE
711,2432,1396883133559100987238372549/533787042140569365878533,1333316652603824995959480545/1067574084281138731757066,P0/P1,false,pair:P0:P1:S
712,2435,1141179072256034670719181311/432748589026368908412095,1070520667450493294090880147/865497178052737816824190,P1/P2,false,pair:P1:P2:E
713,2438,3814291018452550393850979217/1450008082928502926013649,3614781940250697241237367229/2900016165857005852027298,P0/P1,false,pair:P0:P1:SW
714,2439,1951767134672284879523706899/743982962842970090398675,1863543231923007392652644119/1487965925685940180797350,P0/P2,false,pair:P0:P2:NE
715,2441,1521926346600539221591990031/576421256981936250639823,1430920796406679211538388067/1152842513963872501279646,P0/P2,false,pair:P0:P2:NE
716,2445,601004262623670933422498289/225974652408151795591985,557156091293173615350241437/451949304816303591183970,P0/P1,false,pair:P0:P1:S
717,2446,6654968570859630433510833411/2522054968303787265201347,6293779721974155069322320199/5044109936607574530402694,P0/P2,false,pair:P0:P2:E
718,2451,1379722669327858930988082871/522810666450873061281655,1310797250479233135965495019/1045621332901746122563310,P0/P2,false,pair:P0:P2:S
719,2454,4347812694937265287221754093/1638024892579217466821933,4081394172701616637664398825/3276049785158434933643866,P0/P1,false,pair:P0:P1:SW
720,2455,129453421424173130030927929/49188287198227899356025,621244852823581572824566361/491882871982278993560250,P1/P2,false,pair:P1:P2:SE
721,2458,4667073073717266387455005081/1763478857292176911715545,886182340891144013265602721/705391542916870764686218,P0/P1,false,pair:P0:P1:S
722,2459,474909730747593709792105079/178713968052950758222647,446493216175307335273463723/357427936105901516445294,P1/P2,false,pair:P1:P2:SE
723,2462,494109565175986092905057503/190244501923502961395615,491691991529392041419023859/380489003847005922791230,P1/P2,false,pair:P1:P2:SE
724,2466,9474860200496079754222307953/3567676301205533387764657,8970984810634894283289794333/7135352602411066775529314,P0/P2,false,pair:P0:P2:NE
725,2467,2909162958458339507265364687/1093543693105132539562383,8236436843587155597847234409/6561262158630795237374298,P0/P1,false,pair:P0:P1:S
726,2472,10304633300466401298371277651/3874962217244658468155155,1954749921954362718542155435/1549984886897863387262062,P1/P2,false,pair:P1:P2:N
727,2474,4360068955449798991413244543/1635255366120451481515327,4115671323606658193025485587/3270510732240902963030654,P0/P2,false,pair:P0:P2:NE
728,2480,4372158213645945283160306303/1635255366120451481515327,4127760581802804484772547347/3270510732240902963030654,P0/P2,false,pair:P0:P2:SE
729,2486,5491155578628427238519273083/2049112135972908298290235,5190606025863078984484661599/4098224271945816596580470,P0/P2,false,pair:P0:P2:SE
730,2489,8464499156962527012142468323/3156589057811842556296355,1597983818870516525797677243/1262635623124737022518542,P0/P2,false,pair:P0:P2:SE
731,2492,10571359477638654179056663283/3936158696338028285509299,9986719723749501987084609655/7872317392676056571018598,P0/P1,false,pair:P0:P1:SE
732,2494,4395127804218623237479723647/1635255366120451481515327,4150730172375482439091964691/3270510732240902963030654,P1/P2,false,pair:P1:P2:SE
733,2497,7009151739235838770862231305/2604862768143777640552009,6616200965752427769283249109/5209725536287555281104018,P0/P1,false,pair:P0:P1:SE
734,2501,4406008136595154900052079231/1635255366120451481515327,4161610504752014101664320275/3270510732240902963030654,P0/P2,false,pair:P0:P2:SW
735,2502,13057583483867132696626676407/4840057305970635467877239,45396261062488744461492325/35719980117864468397618,P0/P1,false,pair:P0:P1:NE
736,2505,10614880807144780829346085619/3936158696338028285509299,10030241053255628637374031991/7872317392676056571018598,P0/P1,false,pair:P0:P1:NE
737,2509,3024215872315646962882222551/1117597268913428913662615,2843092891091010989890585483/2235194537826857827325230,P0/P2,false,pair:P0:P2:NW
738,2515,10658402136650907479635507955/3936158696338028285509299,10073762382761755287663454327/7872317392676056571018598,P1/P2,false,pair:P1:P2:SW
739,2516,28014946009002239736908412335/10354787202633094576862319,1154372019459684186548294773/900416278489834311031506,P0/P1,false,pair:P0:P1:S
740,2523,4307251684076236896863701033/1583354702443168605976425,4065206491261630154175870581/3166709404886337211952850,P0/P1,false,pair:P0:P1:NE
741,2524,15067164940832500189222808141/5560266975763802300069517,14360186007584629267086062537/11120533951527604600139034,P0/P2,false,pair:P0:P2:NW
742,2526,778016386793349779341007069/287520442525032547932445,148991633377430579405400837/115008177010013019172978,P0/P2,false,pair:P0:P2:N
743,2532,40285505178058403133909520207/14784694889988831608886799,38105650764136681104338706339/29569389779977663217773598,P0/P1,false,pair:P0:P1:N
744,2538,604373968979951241420968403/221492533348574583500179,10879706098644314924550909685/8416716267245834173006802,P1/P2,false,pair:P1:P2:SE
745,2539,112870882620004344561484097793/41313393287429610557900353,106680691881561453616435538541/82626786574859221115800706,P0/P2,false,pair:P0:P2:W
746,2544,21925824968221348914061975819/8014142274134855570776779,6911642746149248611656577765/5342761516089903713851186,P0/P1,false,pair:P0:P1:W
747,2546,55573752593025192379178311157/20426943635431413883526197,53318507303573023059942963793/40853887270862827767052394,P1/P2,false,pair:P1:P2:SE
748,2547,56193240584944040579007443039/20539283695609707365436191,53200513730791514470509101939/41078567391219414730872382,P0/P1,false,pair:P0:P1:W
749,2552,24043940683004456053844694343/8737238911529486136537607,112870403613830288688539683623/87372389115294861365376070,P0/P1,false,pair:P0:P1:W
750,2557,113702623583899209433681946881/41313393287429610557900353,107415718779887148154656893549/82626786574859221115800706,P1/P2,false,pair:P1:P2:E
751,2558,41680291329382425548301184763/15092118406330417383382203,39051861434351472288445773791/30184236812660834766764406,P0/P2,false,pair:P0:P2:SW
752,2563,52555897959025700770095114583/19080833537555486386362903,16576984735876943475049198681/12720555691703657590908602,P0/P2,false,pair:P0:P2:S
753,2564,52717293409839164139671886289/19178722112845688872631057,50197675583454778907526300413/38357444225691377745262114,P1/P2,false,pair:P1:P2:NE
754,2569,59442691004033382927254655635/21773053733307341380689491,57834515428979250900912674711/43546107466614682761378982,P0/P2,false,pair:P0:P2:NE
755,2573,400989795885677477240079655481/144908555453831927983269241,378500229046774329580731735877/289817110907663855966538482,P0/P2,false,pair:P0:P2:N
756,2575,141655759313530952551949461541/51243272527257762581275237,134149728668686426889919709377/102486545054515525162550474,P0/P1,false,pair:P0:P1:E
757,2580,401763508410230839911891608121/144908555453831927983269241,379119199066417019718181297989/289817110907663855966538482,P0/P2,false,pair:P0:P2:N
758,2583,6013220515894218385640449107/2172203716206669802971155,5716116978683251565501752919/4344407432413339605942310,P0/P1,false,pair:P0:P1:N
759,2584,16161358212430232456916397697/5786727715509430829312961,15033529349442697955279438317/11573455431018861658625922,P1/P2,false,pair:P1:P2:NE
760,2587,220657026885614531837228512943/79255041163153962802787695,207459609899964936436652409731/158510082326307925605575390,P0/P2,false,pair:P0:P2:NE
761,2591,140398029580872970584556962977/50514047448230652091738593,44318849224764479579169107759/33676031632153768061159062,P1/P2,false,pair:P1:P2:SE
762,2598,13758358249686600589624832633/4931477021329002832397753,64995852694815916279549408409/49314770213290028323977530,P1/P2,false,pair:P1:P2:S
763,2599,152567679541113602868603581859/54649680143062018506462563,144010675483944133104535541095/109299360286124037012925126,P0/P1,false,pair:P0:P1:E
764,2605,18051466384742205926771765777/6464165585396409482437457,17125573436666219082056570429/12928331170792818964874914,P0/P2,false,pair:P0:P2:E
765,2608,114937943938505047970162437569/41062959967409596183345921,108724131239176818854214299693/82125919934819192366691842,P0/P2,false,pair:P0:P2:SE
766,2611,97306198526928082586760816617/34620134061081969033037609,273848651909288517921654698399/207720804366491814198225654,P0/P2,false,pair:P0:P2:S
767,2612,805655959353546563551001365563/287503149467106447473527291,761989508887966959594633489439/575006298934212894947054582,P1/P2,false,pair:P1:P2:N
768,2615,221818768191978068030436465861/79782345100614633275301637,214292205069389923751324092641/159564690201229266550603274,P0/P2,false,pair:P0:P2:S
769,2618,300892915807987039924756085141/107015012239213779118292949,282895894386229221977753542001/214030024478427558236585898,P0/P2,false,pair:P0:P2:SE
770,2619,1313204367987498192795769675489/467991286694999115828761633,1242940033448632767623862123213/935982573389998231657523266,P0/P1,false,pair:P0:P1:S
771,2626,49576313209873374796589157129/17601384257234554278105673,983770561503819428265209023609/739258138803851279680438266,P0/P2,false,pair:P0:P2:N
772,2627,1872253099304632258904004648017/665666560240583788049980817,253965440188013108855645136731/190190445783023939442851662,P0/P1,false,pair:P0:P1:SW
773,2630,310806243102304910505790672527/110283485827142100517168463,294112760638350356374461910499/220566971654284201034336926,P0/P2,false,pair:P0:P2:NE
774,2633,656603118608901268625277269129/232488240188352825562962889,619454989852381588940035259221/464976480376705651125925778,P0/P1,false,pair:P0:P1:S
775,2635,725000820588771111079537700403/256503950645624697321259507,3420086668367936785255834199443/2565039506456246973212595070,P0/P2,false,pair:P0:P2:E
776,2639,726238760628056491354436824627/256503950645624697321259507,3425038428525078306355430696339/2565039506456246973212595070,P0/P2,false,pair:P0:P2:E
777,2643,389745344507716043919356116445/137711856669735755288313373,369420858037017796106345502745/275423713339471510576626746,P0/P1,false,pair:P0:P1:E
778,2646,489400162942601285593948647971/171285767280197035000902115,454372841795913911758187108327/342571534560394070001804230,P0/P1,false,pair:P0:P1:E
779,2656,392375967091197477003516755421/137711856669735755288313373,371896738115588556656143751193/275423713339471510576626746,P0/P1,false,pair:P0:P1:E
780,2660,993024636792074958569103092029/346537179838125254948774269,929254841313529728908513456121/693074359676250509897548538,P0/P1,false,pair:P0:P1:NE
781,2666,315758003259446431605387169423/110283485827142100517168463,895955622347190252147276097961/661700914962852603103010778,P1/P2,false,pair:P1:P2:SE
782,2667,1059362192986800229783134382013/369629069401925639840219133,1000482752034172061976347200633/739258138803851279680438266,P0/P2,false,pair:P0:P2:N
783,2672,448240013956544795966909281575/156196120885750517112564199,423312605702382969062447428763/312392241771501034225128398,P0/P2,false,pair:P0:P2:E
784,2673,22353166291825731547376974725/7783146656513658756279749,189717619420850101958730507689/140096639817245857613035482,P0/P1,false,pair:P0:P1:NW
785,2675,272593337206272612410868464359/95095222891511969721425831,1811801432396439719549241873277/1331333120481167576099961634,P0/P2,false,pair:P0:P2:SE
786,2680,2078711071935957278006401657239/722133193959140056154155607,1961147864867191532643698538571/1444266387918280112308311214,P0/P2,false,pair:P0:P2:SE
787,2681,1789877205272875218960523448229/620818838265270883503286757,1683263755421755703194293031489/1241637676530541767006573514,P0/P1,false,pair:P0:P1:NW
788,2683,1606345122458148706504028502129/556420913991252245505171889,1507754287979024642614347377949/1112841827982504491010343778,P0/P2,false,pair:P0:P2:E
789,2689,79134441929789730100664595649/27408670501571580860056065,24849666440288377131651135759/18272447001047720573370710,P0/P1,false,pair:P0:P1:NW
790,2692,1861962345754747689721850655095/644575970118141379576728119,1759521245728940194634951078571/1289151940236282759153456238,P0/P1,false,pair:P0:P1:NW
791,2696,567974692220585190257619438653/196825328036256757915796605,539470157749732384422944511737/393650656072513515831593210,P0/P2,false,pair:P0:P2:E
792,2699,49930649164138910812991783287/17247939614896842580269623,1370308848427130466710606925151/1000380497664016869655638134,P1/P2,false,pair:P1:P2:E
793,2707,1726678061681290913058295113905/592530197894249674757595633,1621655912499196657234141247581/1185060395788499349515191266,P1/P2,false,pair:P1:P2:NW
794,2708,3196943012393366617316781039377/1102465047269754379817422929,3042200985067274467888551460669/2204930094539508759634845858,P0/P1,false,pair:P0:P1:NE
795,2713,2622246971511025403038046554843/898295948058279359493853339,2463793209426955004451858724415/1796591896116558718987706678,P1/P2,false,pair:P1:P2:W
796,2714,1642024966982134231541298101651/560952422509402958177421651,510906240617177121976871029981/373968281672935305451614434,P0/P2,false,pair:P0:P2:E
797,2716,5105284610658999099857081323253/1746012818297902307692612917,4785934067164207722598088578897/3492025636595804615385225834,P1/P2,false,pair:P1:P2:NW
798,2718,1751059002874892345783979852909/601504604525877607478687917,6180034454737353789298707661/4472153193500948754488386,P1/P2,false,pair:P1:P2:NW
799,2719,3698195475011380625539247383989/1271136810044192580475638773,3518879689208554709623266395921/2542273620088385160951277546,P0/P2,false,pair:P0:P2:SE
800,2722,2717973470482489454042498930797/933793284495316179159207085,2587805201633131071102020761449/1867586568990632358318414170,P1/P2,false,pair:P1:P2:W
801,2727,5007981006401869203276960585427/1706315900114003995475227283,4699623740604101054524490344151/3412631800228007990950454566,P0/P1,false,pair:P0:P1:E
802,2730,13084886862889594019631225751097/4457649599728439659348035961,12309115209641951498908954424133/8915299199456879318696071922,P0/P2,false,pair:P0:P2:SW
803,2733,23621595368485037312931063552457/8041633648288884289781354761,22220949638338748603667310057365/16083267296577768579562709522,P1/P2,false,pair:P1:P2:N
804,2735,2731590810914628637066389297261/933793284495316179159207085,2600184602025984873851012003689/1867586568990632358318414170,P0/P2,false,pair:P0:P2:W
805,2736,109742638785827830340895186023/37546431689244762989437223,733529856793033824593076694013/525650043649426681852121122,P1/P2,false,pair:P1:P2:NE
806,2738,918940474991923138089109067267/313394729075680624677105091,2612373660523513978722913139413/1880368374454083748062630546,P1/P2,false,pair:P1:P2:NE
807,2740,23671112970056452523927028521417/8041633648288884289781354761,22260563719595880772464082032533/16083267296577768579562709522,P1/P2,false,pair:P1:P2:N
808,2742,8389354030435428205704096888905/2855497099105588886882701193,7949490364626331129480016942101/5710994198211177773765402386,P1/P2,false,pair:P1:P2:N
809,2744,10323376980692435300373046206619/3498307924394226310691886683,9695155036209631775700440135935/6996615848788452621383773366,P1/P2,false,pair:P1:P2:NW
810,2747,10681119492410083836973036394905/3626335455501290731967665369,30298113006843886087242968316271/21758012733007744391805992214,P0/P2,false,pair:P0:P2:NW
811,2752,52595040801103473588985149556355/17837059569035362648923225667,49718642171273952954286849533127/35674119138070725297846451334,P0/P1,false,pair:P0:P1:E
812,2754,18801006329593569946233526199701/6403951562025491921096944597,17995734946679859597029992733041/12807903124050983842193889194,P0/P2,false,pair:P0:P2:SW
813,2759,14188260018069307510761409410443/4776491674706724836734064459,39759367600938023992333970323853/28658950048240349020404386754,P0/P2,false,pair:P0:P2:SE
814,2761,313320762176344621351980585993/110015840161199880055724873,29570040282402001945729850015/20002880029309069101040886,P1/P2,false,pair:P1:P2:E
815,2768,68196943977035793219691324777175/22999511932034299480913081239,64591056459649246219665881176203/45999023864068598961826162478,P0/P2,false,pair:P0:P2:NE
816,2770,16358192251027782767140182948489/5498695689542206099424502217,15375792769389204129349977721173/10997391379084412198849004434,P1/P2,false,pair:P1:P2:SW
817,2773,58820438513008476070288044282859/19844026880894650767829609899,55951165337012665920535047709199/39688053761789301535659219798,P1/P2,false,pair:P1:P2:S
818,2777,45661677065481599039958560356167/15340627675918977083572147207,43163471847800713383912768732219/30681255351837954167144294414,P0/P1,false,pair:P0:P1:W
819,2779,1247501525178433347081779520947/374805972800231435798190451,869300201574429236295664884791/749611945600462871596380902,P1/P2,false,pair:P1:P2:SE
820,2781,60851595953845212797610507734045/20464517392660951747198458973,57749192578129752614560625518937/40929034785321903494396917946,P1/P2,false,pair:P1:P2:SE
821,2783,31642815445574955408256716790307/10647714557477867544277457379,10045916152395350443880236873037/7098476371651911696184971586,P0/P2,false,pair:P0:P2:W
822,2785,92784402206096586816853802622725/31081190475831872384169128261,87451707017157928313357622410785/62162380951663744768338256522,P0/P2,false,pair:P0:P2:W
823,2790,1452663472909000166374771754173/484602575803002520303721725,272551138634015583634462748133/193841030321201008121488690,P0/P2,false,pair:P0:P2:N
824,2795,19758666815821832003816973999097/6614675626964883589276536633,18795640076947039925766513145349/13229351253929767178553073266,P0/P1,false,pair:P0:P1:N
825,2796,63778023001071261810011215028807/21239258489455101400021483271,59941326507546344240372235225915/42478516978910202800042966542,P1/P2,false,pair:P1:P2:E
826,2799,16536171545993906791728976964783/5577725478731172076848212847,16057879881575742433462479552899/11155450957462344153696425694,P1/P2,false,pair:P1:P2:SE
827,2800,228454775519672231150583932978117/76280344091912634911945623045,216364997356200026101463813628897/152560688183825269823891246090,P0/P2,false,pair:P0:P2:N
828,2801,195382432427684417567125979048551/65124893134450290758249197351,184249237593048541234538854523099/130249786268900581516498394702,P1/P2,false,pair:P1:P2:SE
829,2805,46644552557612748004688355226077/15523649747748418171996746269,44006037977122537182915866164249/31047299495496836343993492538,P0/P2,false,pair:P0:P2:SE
830,2808,136534390179625046340893433022017/45347491877995351075150525313,128691871235337345539520437722797/90694983755990702150301050626,P1/P2,false,pair:P1:P2:N
831,2814,136930530992196368028861152773697/45347491877995351075150525313,129008783885394402889894613524141/90694983755990702150301050626,P1/P2,false,pair:P1:P2:N
832,2818,108699181993345006406564493536897/35996928969550719178144197569,102761646236011151200417472561645/71993857939101438356288395138,P0/P2,false,pair:P0:P2:NW
833,2820,48979629957628727466802964056667/16219527713095779495045525531,46332770090643047791870072307647/32439055426191558990091051062,P1/P2,false,pair:P1:P2:E
834,2823,27020034450579752700255865174487/8940596063291862114688109207,25584902497577661058393591391115/17881192126583724229376218414,P0/P1,false,pair:P0:P1:NW
835,2827,9887220355062805096280797790453/3255859756741330128181591861,65111550878118776616336580012343/45582036594378621794542286054,P1/P2,false,pair:P1:P2:S
836,2833,50690941007893087699365907793483/16528028883151476841953875979,46804070817185000305067960300783/33056057766302953683907751958,P0/P2,false,pair:P0:P2:E
837,2835,600061045277062756955671444236143/197300994055021486448739276335,566491838331506038418676187530563/394601988110042972897478552670,P1/P2,false,pair:P1:P2:NE
838,2837,415898565664887020518991609256949/136730643296599439435117681205,2784942941697321274613450315733/1939441748887935311136421010,P0/P2,false,pair:P0:P2:SE
839,2842,59496648657261605022188216392961/19542856540071668963706911297,56482208874753182467265556958829/39085713080143337927413822594,P0/P2,false,pair:P0:P2:NW
840,2851,666236140069539403284757580263921/217685581318275560582140443441,630764932582930588178743129139357/435371162636551121164280886882,P0/P2,false,pair:P0:P2:SW
841,2857,12182554744704374145988325081813/3970985416782207327170599189,11548692274882908305197192351153/7941970833564414654341198378,P1/P2,false,pair:P1:P2:N
842,2858,172619740231256788933931040652997/56358300693808472289782038789,164380599555353312942751346180833/112716601387616944579564077578,P0/P2,false,pair:P0:P2:SW
843,2861,75368982470388655132703738171611/24576020100047451433810056859,215014147623496463660943493614781/147456120600284708602860341154,P1/P2,false,pair:P1:P2:NE
844,2864,44409871650654993097641175710417/14496995658501487682481036305,382082995621059207057432185360357/260945921853026778284658653490,P0/P2,false,pair:P0:P2:S
845,2866,163129010580193865770106549108609/52825805436705916751029845185,765795575594634565247506452363937/528258054367059167510298451850,P0/P1,false,pair:P0:P1:SW
846,2868,174076487008018684756033284476369/56842072619039782490179071761,166920039559973060807208958519037/113684145238079564980358143522,P0/P1,false,pair:P0:P1:SW
847,2871,12054854457599174576460027128071/3906589808474269698146219463,398698295130406389377605834743889/273461286593198878870235362410,P0/P2,false,pair:P0:P2:SW
848,2874,1031495357520948378809498495798453/333608065608865111801741753077,970231243767549512222520096907793/667216131217730223603483506154,P0/P2,false,pair:P0:P2:SW
849,2878,43848784694373021921777068919409/14200384732582975208308372401,124514913083989236911510091826519/85202308395497851249850234406,P1/P2,false,pair:P1:P2:NE
850,2882,747719259465911756409163339477195/242222018463667713321099338379,710835917123439254820006465867119/484444036927335426642198676758,P0/P1,false,pair:P0:P1:W
851,2883,160718270940169335728893216984103/52006617839676688904120484071,152466129787565188919294005116827/104013235679353377808240968142,P1/P2,false,pair:P1:P2:N
852,2888,892444400537624507102379074046527/286036035903391454189199113471,829628788267427481485483361298387/572072071806782908378398226942,P1/P2,false,pair:P1:P2:NW
853,2889,134648099821280788347782657456049/43587191084650727553090580721,128404885126706477236718297553757/87174382169301455106181161442,P0/P1,false,pair:P0:P1:SW
854,2891,531746534226302979257828879418253/171470162509267203458413944781,502817605117206206967357711823881/342940325018534406916827889562,P0/P1,false,pair:P0:P1:SW
855,2895,1219143685292713961518654182709229/393110768348218118286902619181,1156710241894759175385689153356009/786221536696436236573805238362,P0/P2,false,pair:P0:P2:SW
856,2898,1453532586999698215944521751422991/469590308939826843281815625423,1387389629564929103859319222380899/939180617879653686563631250846,P1/P2,false,pair:P1:P2:NW
857,2902,3355003376399523484360446622819873/1078991418385286932120558398305,3176220391265067494364848571486477/2157982836770573864241116796610,P0/P1,false,pair:P0:P1:S
858,2911,77259866643141620375139816917491/24674874490353795875832335795,72593611625767555016036299279223/49349748980707591751664671590,P0/P2,false,pair:P0:P2:E
859,2912,259149810230925692905916181390693/82999339875791302470812184485,3188896897267349788379815603540237/2157982836770573864241116796610,P0/P1,false,pair:P0:P1:S
860,2917,1163457661052299134147955934669191/372465751632762783679873291847,1103049921225926156081478248030587/744931503265525567359746583694,P0/P2,false,pair:P0:P2:E
861,2918,536658680302187368188628604339085/171470162509267203458413944781,507254382218005009872596173042697/342940325018534406916827889562,P0/P1,false,pair:P0:P1:SW
862,2922,1193743766858848359760181710551213/382415926770525388175634463981,1138819588212999640495611198108329/764831853541050776351268927962,P1/P2,false,pair:P1:P2:SE
863,2931,108736398848031181678990378178651/34636858233342806892472352283,103258688644678796277785648788927/69273716466685613784944704566,P0/P1,false,pair:P0:P1:SW
864,2939,4183924033444911028562578588117869/1325491092398811448157546717101,3955326207874237045818929463774825/2650982184797622896315093434202,P0/P2,false,pair:P0:P2:N
865,2940,1615833975204207939724889104888901/510813894327136397160441173637,1520660657254744846953660573633121/1021627788654272794320882347274,P1/P2,false,pair:P1:P2:W
866,2946,587258104143998755124767013157167/185761597287625146784482760687,79433902057771159765996371301669/53074742082178613366995074482,P0/P1,false,pair:P0:P1:E
867,2950,310864168399360071388471911610057/96115552205950454155601456649,278749983066719392058336962572437/192231104411900908311202913298,P0/P2,false,pair:P0:P2:W
868,2951,4585014028614787612287271064798307/1449994512206790083724072424483,4356287145195558065944140772252967/2899989024413580167448144848966,P1/P2,false,pair:P1:P2:SW
869,2956,973335568662300656899513481948457/307343885048215248500486315113,924214658602792331046134938122101/614687770096430497000972630226,P0/P1,false,pair:P0:P1:NE
870,2959,2084425534746041752984302419863681/657039129724894605792713139649,1973567500091413515122119520711661/1314078259449789211585426279298,P0/P2,false,pair:P0:P2:SW
871,2962,9125437652067274970692202879919769/2871601156811551986037220598233,8633463456544274303472295107583013/5743202313623103972074441196466,P0/P2,false,pair:P0:P2:S
872,2967,9138114158069557264707169911973529/2871601156811551986037220598233,8643604661346100138684268733226021/5743202313623103972074441196466,P0/P2,false,pair:P0:P2:S
873,2968,4016641862178502100812076778334087/1257234730472522215751201723463,1254842069303068855118438621981993/838156486981681477167467815642,P0/P1,false,pair:P0:P1:N
874,2970,5051528878724190321982819819855077/1585978558737001588875094624037,4772079306385030698080038959838849/3171957117474003177750189248074,P0/P1,false,pair:P0:P1:N
875,2973,2092665263647525244094030990698625/657039129724894605792713139649,1979905753092554662129603036738541/1314078259449789211585426279298,P0/P2,false,pair:P0:P2:SW
876,2977,9160931868873665393934110569670297/2871601156811551986037220598233,8661351769749295350305222578101285/5743202313623103972074441196466,P0/P2,false,pair:P0:P2:W
877,2980,2098369691348552276400766155122817/657039129724894605792713139649,1984976355493467579735589849560045/1314078259449789211585426279298,P0/P2,false,pair:P0:P2:NW
878,2981,514429000669516329312203379133621/161436642633902977028601887477,2448412780920044392474953356077653/1614366426339029770286018874770,P1/P2,false,pair:P1:P2:S
879,2984,975746033168339505592628909797439/304903866108162525290243777279,2761974634282966617539411508314489/1829423196648975151741462663674,P0/P2,false,pair:P0:P2:NW
880,2985,7036641089654493588729177479207537/2200334196399037973032857306033,6651247097647231269764595126576925/4400668392798075946065714612066,P1/P2,false,pair:P1:P2:S
881,2987,8825663640420835177378149744471719/2757898375127408114765244449639,8329440662000102402170405919092763/5515796750254816229530488899278,P0/P2,false,pair:P0:P2:NW
882,2993,4841307974952054007088893507793213/1508165491421851004669902350717,4556064045595199552209334695729145/3016330982843702009339804701434,P1/P2,false,pair:P1:P2:SW
883,2994,1427880011222983293309238022235295/448724067065213405496586915679,1373736704276606686192397250986675/897448134130426810993173831358,P0/P2,false,pair:P0:P2:W
884,2995,726124620284312457119329349047639/228456668107653231158175827479,700770085567856701325357389928715/456913336215306462316351654958,P0/P1,false,pair:P0:P1:N
885,3000,20608139773254146549776505447952795/6416744768425358418248169776987,19448327632744749718811867331851775/12833489536850716836496339553974,P1/P2,false,pair:P1:P2:SW
886,3001,11819949518772142382790807393963425/3699567330228710966378831049441,11308567609369381913689089057743501/7399134660457421932757662098882,P0/P1,false,pair:P0:P1:W
887,3006,5125568991566102257010519297772677/1593418792707255007571714293445,4827865291481720562892999489641889/3186837585414510015143428586890,P0/P1,false,pair:P0:P1:W
888,3007,3382046507711433875038289834005555/1052807210709958020674235033587,9599209068800127645059274679712293/6316843264259748124045410201522,P1/P2,false,pair:P1:P2:SW
889,3011,9122084785008491091573851874499151/2835711442442558698970436722959,8626585561204540229736899188346531/5671422884885117397940873445918,P0/P2,false,pair:P0:P2:SW
890,3012,19370416878798237962627622377531107/6028434716934813566054465525411,18384519388796647763007247932837287/12056869433869627132108931050822,P0/P1,false,pair:P0:P1:N
891,3017,2118279708305217765904667421939841/660748294356966902312691406273,2029378598362663053278136478196717/1321496588713933804625382812546,P0/P2,false,pair:P0:P2:N
892,3021,10948004069586496075068820817986783/3385441539506945956803699900319,10307569814553298890742596522622451/6770883079013891913607399800638,P0/P1,false,pair:P0:P1:N
893,3027,6116530565155679583211074494570411/1889609599468754175938527930731,28883180390189149768028373284728331/18896095994687541759385279307310,P0/P2,false,pair:P0:P2:W
894,3028,33623844925557825715818369593762123/10394847356437610514414569353995,10608849354854710630312940253111973/6929898237625073676276379569330,P0/P1,false,pair:P0:P1:NE
895,3036,16667466054314257753369056592600387/5108861001581875295913038103811,15571236868059175794289781682476167/10217722003163750591826076207622,P1/P2,false,pair:P1:P2:N
896,3038,10094767353077094571901898162753165/3119892741014902804336237521613,9631171130829474816654030641783561/6239785482029805608672475043226,P1/P2,false,pair:P1:P2:NW
897,3040,5882795667159805803322357544080919/1817205874094981483357525391063,16858133939207691060904381336092769/10903235244569888900145152346378,P0/P2,false,pair:P0:P2:SW
898,3047,12925905311236279842659621756225815/3961830374506030851676387338711,12207503092436167939364634565124555/7923660749012061703352774677422,P1/P2,false,pair:P1:P2:SW
899,3049,132200192516340026370500857597566381/40525505238142354143861722374637,125127844616507020779431208449749929/81051010476284708287723444749274,P0/P1,false,pair:P0:P1:N
900,3056,51388967302180966325184130843163851/15669339625448695041898652380811,48365691048191772717114995224193391/31338679250897390083797304761622,P1/P2,false,pair:P1:P2:E
901,3057,58483638116636638406113709958152299/17816718185074341643673247857195,54953504169651039507228715105506447/35633436370148683287346495714390,P0/P2,false,pair:P0:P2:S
902,3059,104350651130367593569873695021412425/31872624868623675178217995683721,8972023048176771757011922053937247/5795022703386122759675999215222,P0/P2,false,pair:P0:P2:S
903,3064,151465672956673327753139936251271197/46236591231665642741089768335453,143585210231469954607227999328683353/92473182463331285482179536670906,P0/P1,false,pair:P0:P1:SW
904,3066,254649255753108293811987142963319219/77575270482563032824887073097075,240641110881511926768241145797646391/155150540965126065649774146194150,P1/P2,false,pair:P1:P2:E
905,3069,323704820116314382510851788617860047/98559668981866415903069667781263,305920967744969019284899849875749411/197119337963732831806139335562526,P0/P2,false,pair:P0:P2:SW
906,3070,202968116864382930664554483889843847/61652388745414035761428129864519,190787618836172491407545950511170171/123304777490828071522856259729038,P1/P2,false,pair:P1:P2:NE
907,3073,54392982062236606509275903311955409/16571739693689590933782935021329,258144022620508242593087088746511089/165717396936895909337829350213290,P0/P2,false,pair:P0:P2:S
908,3077,15132652725698734821635057593574057/4613410029556547517705192239593,14432233432806869325517131923144437/9226820059113095035410384479186,P0/P2,false,pair:P0:P2:SW
909,3079,240890605456939983317114223658672999/73074560732460612955884221786151,227134442597196112291269009233028571/146149121464921225911768443572302,P1/P2,false,pair:P1:P2:S
910,3084,738340387641326177363916823696778555/223754409697983452336875019363067,232434196848293822990253056896943541/149169606465322301557916679575378,P1/P2,false,pair:P1:P2:SW
911,3085,270217801235067951562674714280745203/81870027601814326028436264049843,255195940977478773937296998647721591/163740055203628652056872528099686,P0/P1,false,pair:P0:P1:SW
912,3087,23116048193298342615695517793204207/7027953341774666767272373913263,22031633956975938273342791754189763/14055906683549333534544747826526,P0/P1,false,pair:P0:P1:SW
913,3089,55382515720689139114975759928950427/16743028905261518342785950119003,7437892257284919931521542884367177/4783722544360433812224557176858,P0/P1,false,pair:P0:P1:SW
914,3094,564105078834904380758894497258203649/170484266229482211275403651761985,177840229538493332052689887088281551/113656177486321474183602434507990,P0/P1,false,pair:P0:P1:W
915,3096,464028429482384649832591516790548223/140298605327736415756551475513791,146540392758595342205882427854747441/93532403551824277171034317009194,P1/P2,false,pair:P1:P2:S
916,3098,164718866104346507376489403451550295/49674334178448420021781492194071,155086173713581587179482997152434699/99348668356896840043562984388142,P1/P2,false,pair:P1:P2:S
917,3102,23123001171425932343121756508904069/6954650364187253048360295320773,21716839937668440241180024275981217/13909300728374506096720590641546,P0/P2,false,pair:P0:P2:W
918,3104,12701885715109195444997565267482355/3821102629111416924752422476467,155410692267240013906266153173010955/99348668356896840043562984388142,P1/P2,false,pair:P1:P2:N
919,3108,194086048465301685544374634556648209/58037012761087542999045669149777,180690026750206557057801837177232189/116074025522175085998091338299554,P1/P2,false,pair:P1:P2:W
920,3113,51865204132053475223360926996160711/15588733925304046195172386168199,442217326705053440431912531728852371/280597210655472831513102951027582,P1/P2,false,pair:P1:P2:N
921,3114,1101869182869486386302256392918520149/331052767896245442228501620262805,1043809406292080608102781221911198257/662105535792490884457003240525610,P0/P1,false,pair:P0:P1:NE
922,3120,1504331383561864682678445881610909695/451081476884955042788506602789567,1424121194545096984830774689113498259/902162953769910085577013205579134,P0/P2,false,pair:P0:P2:NE
923,3124,138753678345845374506329332322666093/41566685479218816000179430767277,131299643670831785268109353238367593/83133370958437632000358861534554,P0/P1,false,pair:P0:P1:SE
924,3126,156552398085653581621110106519398937/46886774650902045696026766542169,63456846836476823690727762245796313/40188663986487467739451514179002,P0/P2,false,pair:P0:P2:NW
925,3127,16173322937636738186945774583822401/4766104380878806141753500034433,14689987988983693936154127054579885/9532208761757612283507000068866,P0/P1,false,pair:P0:P1:SE
926,3129,742083774340928282290387299538854637/222560197894385288514057281877805,706340775089167737620288474445082601/445120395788770577028114563755610,P0/P2,false,pair:P0:P2:SW
927,3131,382746397378760333827945071138908809/114260639495284877137224660455881,360512802496256757239158887437089109/228521278990569754274449320911762,P0/P2,false,pair:P0:P2:SW
928,3135,802714940470342826298890270280072109/239647273684633255800114459901933,758555526651726722599758490424670633/479294547369266511600228919803866,P0/P2,false,pair:P0:P2:SW
929,3141,25136195507053126046170953501960281/7484704966261602313337998693273,71252778161688833483709692115800239/44908229797569613880027992159638,P0/P2,false,pair:P0:P2:S
930,3142,1288333149931059223179708440070182441/383908373441567099875689748579689,1219609349334078065768118003136064629/767816746883134199751379497159378,P1/P2,false,pair:P1:P2:E
931,3145,3208356467289497874259342406027226773/953778088802960795009603394827477,3025784559815649360032507091216199281/1907556177605921590019206789654954,P0/P1,false,pair:P0:P1:SW
932,3147,534775624390058869713829429098934455/159001304226281918992036651538807,505162530030213998582227200346398955/318002608452563837984073303077614,P1/P2,false,pair:P1:P2:SE
933,3152,647519611669537246577967967265624867/192674995223422712545887604151011,3073117408192977198358757613997570179/1926749952234227125458876041510110,P0/P2,false,pair:P0:P2:S
934,3158,1486421717943000575058249996997225805/440321952131694193168197250791821,1404592016565276038963043176487140041/880643904263388386336394501583642,P1/P2,false,pair:P1:P2:S
935,3165,2346345565317156549845104964436809815/694682562343561791078170603915543,2226512394626959970151213140277125131/1389365124687123582156341207831086,P1/P2,false,pair:P1:P2:SE
936,3169,311637982578768022225862555105529569/91828200782893976079219797328929,293511276638709691530341081916287693/183656401565787952158439594657858,P1/P2,false,pair:P1:P2:NE
937,3170,1807663323275766440816572983500860145/533143480712074872007111051392049,1707040355106433235728763763115699613/1066286961424149744014222102784098,P0/P2,false,pair:P0:P2:S
938,3172,6685513488274860309294650447378261777/1971302876861894429214032422246481,6311033773906365684522717804069676861/3942605753723788858428064844492962,P1/P2,false,pair:P1:P2:NE
939,3175,2544320611182845966530029810396801235/751389986853398796514638661125267,2412146745060203923501016635743162583/1502779973706797593029277322250534,P1/P2,false,pair:P1:P2:NE
940,3179,235055022843680382145417334020202683/69179188155861041609093570920059,5992267703165864471824279935821517509/3735676160416496246891052829683186,P0/P2,false,pair:P0:P2:E
941,3182,424708333291198001854719509759399661/124798183195195597931514795453229,1999751028308695757555514182893003661/1247981831951955979315147954532290,P0/P1,false,pair:P0:P1:S
942,3185,4010389918204784424106015610461961343/1180360116120833870158326697525055,3798679564969517508701915448139697427/2360720232241667740316653395050110,P1/P2,false,pair:P1:P2:E
943,3190,11441810255426225047434358956284827583/3360668001549018011370373630077567,10823769977033436142553244792409958227/6721336003098036022740747260155134,P0/P2,false,pair:P0:P2:SE
944,3191,1251263861677513866211094663531186075/370407858225029285242528822590811,1207170378654793695021599683973403647/740815716450058570485057645181622,P1/P2,false,pair:P1:P2:NE
945,3193,1895545470736288641073559636827966699/553299269608394188236977350616747,1767797365131896717331284729179662095/1106598539216788376473954701233494,P1/P2,false,pair:P1:P2:NE
946,3196,2280040720147716851544396646956793783/669740457647805242095573222713463,6489924959099938931858187069388131265/4018442745886831452573439336280778,P1/P2,false,pair:P1:P2:NE
947,3199,6794179384810095413236456414956532067/1990312374016638455074124572459299,6413554087147648046710618445787481639/3980624748033276910148249144918598,P0/P2,false,pair:P0:P2:SE
948,3202,2369710901180563274173492197918300247/694682562343561791078170603915543,2248579656275732987572467749676310539/1389365124687123582156341207831086,P0/P1,false,pair:P0:P1:SE
949,3204,151670682959436102891325950055671915/44268071473668731297547004142123,5551725712675673115704208261876324809/3452909574946161041208666323085594,P0/P1,false,pair:P0:P1:SE
950,3205,249557625727995803329374404620389107/73032725539657628474016532860595,235851861331459207469775386677459063/146065451079315256948033065721190,P1/P2,false,pair:P1:P2:SE
951,3207,76818213988613169232977194470258955/22454114898784806940013996079819,24190378261975397353755421149797093/14969409932523204626675997386546,P0/P2,false,pair:P0:P2:S
952,3210,1451389858726448631493680976353505281/423926899085174877664558899301697,4108152738788248090542822128476926023/2543561394511049265987353395810182,P0/P2,false,pair:P0:P2:S
953,3213,5483999457915083547084952282370916563/1599430442136224616021333154176147,5174342108119281690378728876721604823/3198860884272449232042666308352294,P1/P2,false,pair:P1:P2:S
954,3215,3247263772499579128253307740047342971/944181201488808027289768768899899,3043355422170006867062887772550079583/1888362402977616054579537537799798,P1/P2,false,pair:P1:P2:SW
955,3218,4284247119640264468533155142760690009/1251076887045409360240797587807385,270962009798391484215734200807382219/166810251606054581365439678374318,P0/P1,false,pair:P0:P1:NW
956,3221,762104589400685134677087130170923809/221928669039251676015171161448545,3601726916338749220245846960530827841/2219286690392516760151711614485450,P0/P1,false,pair:P0:P1:NW
957,3230,640348278726216441772394117013975839/185936217362834906596349634035167,26347390657300847712123502698299205/16168366727203035356204316003058,P0/P2,false,pair:P0:P2:NW
958,3233,255469478175987877647983658080359007/74107700051854250107024021875999,3142286849371301425887989730498076375/1926800201348210502782624568775974,P1/P2,false,pair:P1:P2:W
959,3239,816265090148336551579782743880430791/235258974320342817260092652089735,762756377333213759072122576649726907/470517948640685634520185304179470,P0/P2,false,pair:P0:P2:NE
960,3242,2737291679681206280475108809134345673/791653299022190386422719635981577,2583799164891887862364198335413369749/1583306598044380772845439271963154,P1/P2,false,pair:P1:P2:N
961,3253,4390591047412018694148796282212087639/1262171247662876020942904940161047,4130081106992454691022565474029703947/2524342495325752041885809880322094,P0/P2,false,pair:P0:P2:NE
962,3256,4871246848929461861784391963713946307/1403554540398043623784098193459843,4619949917638726909613676863102487559/2807109080796087247568196386919686,P0/P1,false,pair:P0:P1:N
963,3257,2991898396800898640271365514790630271/862344945389774187843316262630975,568342862472272208146216054154562359/344937978155909675137326505052390,P1/P2,false,pair:P1:P2:N
964,3260,9584569326371035148598966650206624605/2755001169003645908867752155397021,9057640872742920672879344512708716441/5510002338007291817735504310794042,P1/P2,false,pair:P1:P2:NE
965,3264,3924551405477993908757019983257584665/1126978065114615179953010953412441,3710357063189993450953322669820341157/2253956130229230359906021906824882,P0/P2,false,pair:P0:P2:N
966,3268,23145613026805412482240258246963034835/6636980403121906997688515264206483,21877561777261183072997316658529974999/13273960806243813995377030528412966,P1/P2,false,pair:P1:P2:SE
967,3272,2915455273232401804194134730074265653/830324949825963272519613225821813,8152056686390493069526411397716121267/4981949698955779635117679354930878,P0/P2,false,pair:P0:P2:E
968,3275,14756963102422446721758265907366109/4218370486139650501322518808861,41749106224577098549970602705491275/25310222916837903007935112853166,P1/P2,false,pair:P1:P2:S
969,3279,14749754858496146207922377719109632169/4236431605447829540542873336696809,14114407535144993190825726014145905909/8472863210895659081085746673393618,P0/P1,false,pair:P0:P1:NW
970,3281,3884513177237546967091995223546005413/1109643345196258380075855807242725,3671822923928969393231008660975299137/2219286690392516760151711614485450,P1/P2,false,pair:P1:P2:NW
971,3283,10229160576438768891296541691634485533/2907467509324392266506634814708061,28719753988558512966400659097544681227/17444805055946353599039808888248366,P1/P2,false,pair:P1:P2:N
972,3285,3889705474096081794720525719875225509/1109643345196258380075855807242725,3677015220787504220859539157304519233/2219286690392516760151711614485450,P1/P2,false,pair:P1:P2:NE
973,3287,5428359604557702186538622459565972961/1552864401556677819942732969104161,15506692321364127289681475346029521255/9317186409340066919656397814624966,P1/P2,false,pair:P1:P2:NE
974,3290,60710436643950436874978393891245395371/17301960764521878181118126939019115,57452033051041316409140152256974026959/34603921529043756362236253878038230,P0/P1,false,pair:P0:P1:NW
975,3293,47276999680106577990223498933279872095/13438746435601402874133725183864607,44518679153232151771261328469296764787/26877492871202805748267450367729214,P0/P1,false,pair:P0:P1:NW
976,3295,16326617188541385180644111349331679651/4658593204670033459828198907312483,5182743565410801970236573105554427341/3105728803113355639885465938208322,P1/P2,false,pair:P1:P2:SW
977,3297,9092817250187027784997334833287136701/2584446410834572107391145032556029,8586525662646428538547359769659101817/5168892821669144214782290065112058,P0/P2,false,pair:P0:P2:NW
978,3299,47798444969420754881220233151239018807/13632733496878798126736365546643959,45596948458739981378537834548754030443/27265466993757596253472731093287918,P1/P2,false,pair:P1:P2:SE
979,3301,100021486521246521496212469060530578877/28419671828071625772098020817747453,13512948730129280966378382654825093503/8119906236591893077742291662213558,P0/P2,false,pair:P0:P2:W
980,3304,27888502891557076705754866517749226339/7909141584274112481596054058314531,26297532586563096633430813485999663143/15818283168548224963192108116629062,P1/P2,false,pair:P1:P2:E
981,3310,97054861387809335057168921748281674867/27515006310835113971906888864018483,91871758522655743136451974034612853751/55030012621670227943813777728036966,P1/P2,false,pair:P1:P2:SE
982,3314,124300293343023429388203930679850162843/35259047729202750443993228061036635,23629939991267231215383955854877024819/14103619091681100177597291224414654,P0/P2,false,pair:P0:P2:E
983,3315,80387156180740413182822405308914599845/22755932844941469793790122998489573,76051293481813889113477328794277816897/45511865689882939587580245996979146,P1/P2,false,pair:P1:P2:S
984,3321,49350055971106343869206353770870252555/13930322021900163785744989509690827,46706559504957067568214155346756886447/27860644043800327571489979019381654,P0/P2,false,pair:P0:P2:SE
985,3324,93498267982639537878948031356758790437/26396950742292517570690805267286885,88685946823308507459446358841413875137/52793901484585035141381610534573770,P1/P2,false,pair:P1:P2:W
986,3332,105916290876717791080252722248410159825/29748605190448388748937097626319889,33356694871048805108032765258493595647/19832403460298925832624731750879926,P0/P1,false,pair:P0:P1:SW
987,3335,109235890356776349087843943800153882079/30791849969976200889932810536433823,9484402456108007836852569270176584121/5598518176359309252715056461169786,P1/P2,false,pair:P1:P2:E
988,3337,12887256113666327241761118138821084155/3614454355296633784905016721781179,304308923983480552820314226520168578503/180722717764831689245250836089058950,P0/P1,false,pair:P0:P1:S
989,3341,102164641410795640476081435677108137197/28631387041063098356188333506642221,289823037046440025012320805687585707451/171788322246378590137130001039853326,P0/P1,false,pair:P0:P1:SE
990,3342,287359312921407655542105399137618489975/80578427673682243161208693285636919,272225254023775207361459709866676297643/161156855347364486322417386571273838,P1/P2,false,pair:P1:P2:SE
991,3345,33559200534129868304806948475447107547/9432889317208802688314263270778267,288108511622575590399493441234376794423/169792007709758448389656738874008806,P0/P1,false,pair:P0:P1:E
992,3348,77713331324477797487417716103446097911/21727811485771116417561682927233207,171187416449924747936795383506452106767/101396453600265209948621186993754966,P1/P2,false,pair:P1:P2:S
993,3352,40548130803006931376723144700352902745/11344450851010899757571586276368793,38485198428847727442178466487642771685/22688901702021799515143172552737586,P0/P1,false,pair:P0:P1:NW
994,3355,703336140976231668886626695849156073623/196098783429615483425829380486912343,220990750866031463639891526530609277209/130732522286410322283886253657941562,P0/P2,false,pair:P0:P2:E
995,3357,464179705800890620195810527059543758891/129353511169208354049459409431511531,437201834183683199050349718851083137359/258707022338416708098918818863023062,P0/P2,false,pair:P0:P2:E
996,3361,528621081934348138254417664047403123333/147477861063141696848430621592794309,501636807570805372621223871399636376481/294955722126283393696861243185588618,P0/P1,false,pair:P0:P1:SE
997,3363,546568698513177856915675138903415852993/152094680400397814922931780490632449,515888398342397846587967812874846923309/304189360800795629845863560981264898,P1/P2,false,pair:P1:P2:N
998,3370,247493499867732996304835237742258047527/68949381333614178688893279740362471,12415294778596717899303280170456581465/7257829614064650388304555762143418,P0/P2,false,pair:P0:P2:NW
999,3374,821448496987547904395079871105828952391/227928509308310367718274543846995463,776597874756132670241300478428463347259/455857018616620735436549087693990926,P0/P1,false,pair:P0:P1:NE
1000,3378,885889873121005422453687008093688316833/246052859202243710517245756008278241,841032848143254843812174630977016586381/492105718404487421034491512016556482,P0/P2,false,pair:P0:P2:W
1001,3381,972134309357829736379966709831372239685/269237961515913070856977565347206533,918644998648096305691878362538099350881/538475923031826141713955130694413066,P0/P1,false,pair:P0:P1:S
1002,3384,80686491646885142481346978810821704323/22368441745658519137931432364388931,842362076139039759685078438037296930957/492105718404487421034491512016556482,P0/P2,false,pair:P0:P2:W
1003,3388,973795844352560881221096468656722670405/269237961515913070856977565347206533,39998879419299183546294876939059986759/23411996653557658335389353508452742,P0/P1,false,pair:P0:P1:S
1004,3389,17993208925438098981733980252233011833/4968097749209255907168164503332281,16949025279922692968614622312973085317/9936195498418511814336329006664562,P0/P2,false,pair:P0:P2:NW
1005,3392,315160450583411536176715670770406409553/87204413523507283232078948885923473,99685279165417820172487952423429352831/58136275682338188821385965923948982,P0/P2,false,pair:P0:P2:NW
1006,3399,232307742428281358547822240955546527357/64149993505797684636561596531273405,220506257306151874465813458957335151673/128299987011595369273123193062546810,P0/P1,false,pair:P0:P1:N
1007,3404,1365986332925741970279355436143351683201/375833392956024773898951419217696193,1290648705784962606428028226909498450925/751666785912049547797902838435392386,P1/P2,false,pair:P1:P2:SE
1008,3410,109472646408334868868514525303748933663/30031914044876895650182425190859487,378644677819701047699533217660843856059/220234036329097234768004451399636238,P0/P2,false,pair:P0:P2:S
1009,3414,1276654190804894890135141581295429361221/348818331842670324450011312690806917,398089874847085984946159741981218033355/232545554561780216300007541793871278,P0/P1,false,pair:P0:P1:NW
1010,3418,2744148697660645814921918939427279596353/752188837347247403253065149225392257,2594122926226274678001587867612098256813/1504377674694494806506130298450784514,P0/P1,false,pair:P0:P1:NW
1011,3421,2050345865014629119505195921996577130199/562895705390571146423086862697174935,390133897272207057288186618503665856335/225158282156228458569234745078869974,P1/P2,false,pair:P1:P2:SW
1012,3423,2143144470800884411737184615920301518757/586553540248814508200708247336782309,2026844153636525770288806407877812793921/1173107080497629016401416494673564618,P0/P1,false,pair:P0:P1:NW
1013,3432,1141048626148966636082504624809009591397/311883777144621379854002041508101797,361857936783885942198714307461030367915/207922518096414253236001361005401198,P1/P2,false,pair:P1:P2:W
1014,3435,1415506153040196795299134408223250674425/385067031630537010047953737013372473,36029967061726734352081245513320626017/20814434142191189732321823622344458,P0/P1,false,pair:P0:P1:E
1015,3438,998985126884741026880153413368449557021/271932612337528036221172143843275357,943287841949656723698338399284579338073/543865224675056072442344287686550714,P0/P1,false,pair:P0:P1:E
1016,3439,2854227267392105013501657125134648464399/775846672205490765030686533864999631,2686248329451184152324306867694945903971/1551693344410981530061373067729999262,P0/P2,false,pair:P0:P2:W
1017,3441,2449131800543979639280761653488302050377/665370615061312738328467792457163657,2306124644362460642363545389896490342421/1330741230122625476656935584914327314,P0/P2,false,pair:P0:P2:NW
1018,3445,5199479693122065994462780967554482924103/1412493458066517025059533687536535303,4909436011987703906221239076210390971195/2824986916133034050119067375073070606,P0/P1,false,pair:P0:P1:SE
1019,3448,717383329407879123295474017846637088399/195773899673860753217975450485155151,685667657431295031847639887718253153763/391547799347721506435950900970310302,P1/P2,false,pair:P1:P2:NW
1020,3453,1242972311883054743016095590322385757605/336506813609987342918008222296571877,3507343759328796633095696550777407918275/2019040881659924057508049333779431262,P0/P1,false,pair:P0:P1:SE
1021,3454,4399088661007936712804581729396483039773/1192493897549873426652128256942682717,4151853477944933416704473674071478159193/2384987795099746853304256513885365434,P1/P2,false,pair:P1:P2:SW
1022,3461,4179330029449182796843475895640260539359/1130418764923870580643052535023333023,3949308993422031946253885997074540773619/2260837529847741161286105070046666046,P0/P1,false,pair:P0:P1:N
1023,3465,6820788540127774561290858235220936222147/1842019914982683187001818481269550467,6439044274276721514162186509878709187335/3684039829965366374003636962539100934,P1/P2,false,pair:P1:P2:S
1024,3470,10142196180911603762248251592966586756609/2732762024072021466843943204996172609,9560054598840230305568015012478910450541/5465524048144042933687886409992345218,P0/P1,false,pair:P0:P1:NW
1025,3472,13334123265936377157861671015782158634731/3603404763518358265508373426655799467,12665623371968355203321379491581061873935/7206809527036716531016746853311598934,P0/P2,false,pair:P0:P2:E
1026,3473,6960543029559475823873281738179894386939/1885298935853693617739234251723738811,6653528562475078041389894321730216575455/3770597871707387235478468503447477622,P0/P1,false,pair:P0:P1:NW
1027,3480,2822981803163525018109458939399376666509/760215798740431844753930371655408589,891440641777464270151704118445756104707/506810532493621229835953581103605726,P0/P2,false,pair:P0:P2:W
1028,3481,31839538817650628570447647507154429879577/8549148099426369481563932792906154073,29945066308770072763311003399245440628901/17098296198852738963127865585812308146,P1/P2,false,pair:P1:P2:SE
1029,3485,4350794652311084065733512739299528841849/1169006287762708501165802036676406713,12339663688054548920736473025769161373583/7014037726576251006994812220058440278,P0/P1,false,pair:P0:P1:SW
1030,3487,14725185991906557548288636650513585604385/3957446696872840006520835131675561057,13933881924359171304195327696237945495053/7914893393745680013041670263351122114,P0/P1,false,pair:P0:P1:SW
1031,3488,5261953408923957040489259899387659119175/1412493458066517025059533687536535303,4969251271798025120501910393923006477115/2824986916133034050119067375073070606,P0/P2,false,pair:P0:P2:SE
1032,3494,5057615568381273215873650106618454825833/1356162720997424305141715707265964713,435189055533974938508100158036542583359/246575040181349873662130128593811766,P1/P2,false,pair:P1:P2:SE
1033,3498,34866078756288271362906002972832342844323/9326584844786650178197754225041326947,32860954237704317220036831961411900353383/18653169689573300356395508450082653894,P1/P2,false,pair:P1:P2:S
1034,3499,46539890448167754541514191075874382316231/12477162733676866336190580341976498055,4010509053027461029479234687535644050193/2268575042486702970216469153086636010,P0/P2,false,pair:P0:P2:E
1035,3503,74659981550703455817550433450945724528419/19925639872179605008908632275322681059,70231289957206314111060636477901917845735/39851279744359210017817264550645362118,P1/P2,false,pair:P1:P2:SE
1036,3507,23800671671759225536396545881527856433151/6379783020895561538472549690503408319,7562365169262534100806147232208905053745/4253188680597041025648366460335605546,P1/P2,false,pair:P1:P2:SE
1037,3510,652303332985183764067829078528731890347/174488109367756465345862642333355115,3098585683746294790263739482657552937227/1744881093677564653458626423333551150,P1/P2,false,pair:P1:P2:S
1038,3512,5296513336814364853184758882954948078151/1412493458066517025059533687536535303,5002481971692648017324505570430015091515/2824986916133034050119067375073070606,P0/P1,false,pair:P0:P1:NE
1039,3514,73884268659394853954971950418610235193479/19735129645256455975311006308211057991,70105846994907164721330975494477633143931/39470259290512911950622012616422115982,P0/P2,false,pair:P0:P2:SE
1040,3517,9971154459891010334455371802182840889669/2656804708935132155831275419470762885,1886451815877766654205804059715019112621/1062721883574052862332510167788305154,P0/P1,false,pair:P0:P1:N
1041,3519,24335402314834079648522858495587288526131/6482931310686065251324112177342480627,23035814486164613921223342652668633091511/12965862621372130502648224354684961254,P0/P2,false,pair:P0:P2:SW
1042,3523,114180969162106939305868816145105668171267/30330775775681267814425109972961066435,107669205128450448192143976827825246686791/60661551551362535628850219945922132870,P0/P2,false,pair:P0:P2:W
1043,3524,3393184125061687740110777290235897846851/902303307391249878612510472939799555,131621086148411919159949008839840002331807/73988871206082490046225858781063563510,P0/P1,false,pair:P0:P1:NE
1044,3528,4393093395052058979612114891221606746793/1169321892815800939661561338400954857,4171296327386947379165302055518441965301/2338643785631601879323122676801909714,P0/P1,false,pair:P0:P1:N
1045,3532,247196620206829704672796257088540976365885/65536340654092990857807127183135652221,233228619160201794212358150807808982231033/131072681308185981715614254366271304442,P1/P2,false,pair:P1:P2:S
1046,3536,282766720325897349589022394477603540604549/74890915796619398375099617890343291077,266939272146218311709143941859388286164897/149781831593238796750199235780686582154,P0/P1,false,pair:P0:P1:N
1047,3540,89666742155335854346524981649829234885963/23667115948321290605737290555390351115,84057606475409915687802319423242259253231/47334231896642581211474581110780702230,P0/P2,false,pair:P0:P2:W
1048,3545,4056846350147957803756067929862324642021/1071695232020672760630355773909158693,42082223402231133926603452870707729929099/23577295104454800733867827026001491246,P1/P2,false,pair:P1:P2:SE
1049,3546,130369585073920470034856075958712734917283/34441573695338784287149484207791800931,123168828937381640333670165424474863124071/68883147390677568574298968415583601862,P0/P2,false,pair:P0:P2:SW
1050,3553,107613936045900716448657116476637556443015/28375976224900211148594533922127213639,101674105294541866360559200372990274299771/56751952449800422297189067844254427278,P0/P2,false,pair:P0:P2:NE
1051,3557,133207616650052572564562724960541382687489/35081224332529198528380054291578705985,125722132144248322996304173509760118658157/70162448665058397056760108583157411970,P0/P1,false,pair:P0:P1:N
1052,3563,290834071735509656522029580797085212397821/76618591385997829408250563178370693437,276132207087037234143416089178522677124281/153237182771995658816501126356741386874,P1/P2,false,pair:P1:P2:NW
1053,3564,703334869255279940999363071116077334751243/184863055925767995278579290072265288139,221341449068885715479871975708383225912293/123242037283845330185719526714843525426,P0/P1,false,pair:P0:P1:W
1054,3566,233196386312079262093370032593503988857231/61147703395357307740347373652796510287,218925085230935896435508194771399152852195/122295406790714615480694747305593020574,P1/P2,false,pair:P1:P2:NW
1055,3573,779843493297671731951554507155059898875943/204109630694164081920718934916055020775,731707639595857302369496767290423221904283/408219261388328163841437869832110041550,P0/P2,false,pair:P0:P2:W
1056,3575,536510041729150476040946688111246078964741/140857884386619408996562607485007218245,508187773530691946063929269754214574927649/281715768773238817993125214970014436490,P0/P2,false,pair:P0:P2:W
1057,3579,499213191039302096140859096758814313469283/130835210555956258634121026496588686627,472073033395160911398290550448406048676391/261670421111912517268242052993177373254,P1/P2,false,pair:P1:P2:SW
1058,3584,560822269888284655517520464096201543993087/146781040051056226465010671761528105407,530809153861282795538926494968644712449427/293562080102112452930021343523056210814,P0/P1,false,pair:P0:P1:NE
1059,3593,988092664573461634316443324573799615759267/257726342401895414094466527114889339747,935118856651165114990284880090395456375655/515452684803790828188933054229778679494,P0/P2,false,pair:P0:P2:N
1060,3595,1650614476845740602067887794655081157867099/430320446322505529032590434296165784603,1561757239319052367366554759319033902480319/860640892645011058065180868592331569206,P0/P1,false,pair:P0:P1:SW
1061,3600,337448494360225912189568985093164103790729/87241172678888076822815015286172899273,313623898015328533493188896747468313954133/174482345357776153645630030572345798546,P0/P1,false,pair:P0:P1:NW
1062,3603,847917937118152122134019992033650725417411/220055460189264049751608580180994439555,796568842666556078852473454744433713483527/440110920378528099503217160361988879110,P1/P2,false,pair:P1:P2:NE
1063,3607,832453733669702974212155209284136044094163/216468547211655177358784324605320281747,789401619896242825917122844364559899656919/432937094423310354717568649210640563494,P1/P2,false,pair:P1:P2:E
1064,3609,232794046237894087044700287826162570948003/60483988090751168995948718170889882979,220552503829627615521961926821211403300199/120967976181502337991897436341779765958,P1/P2,false,pair:P1:P2:SE
1065,3613,512900234184643093212400543763627597831387/132628667044760694830533154284425765531,481611586201433960976574911268398899290175/265257334089521389661066308568851531062,P0/P2,false,pair:P0:P2:NE
1066,3617,110416128407399986928424112971769547142699/28644698659368340453958638810308763627,104655241817000888857335759647695627401039/57289397318736680907917277620617527254,P1/P2,false,pair:P1:P2:S
1067,3618,1788330796093359454968399788793450304617657/463861629359504512103412444741376876537,1694710637851604249803847561634057259116485/927723258719009024206824889482753753074,P0/P2,false,pair:P0:P2:NE
1068,3619,905001768834159559541006885019293927476065/234704040084557788471743334258906767521,857468703315597138945161484452492239908173/469408080169115576943486668517813535042,P1/P2,false,pair:P1:P2:S
1069,3628,285311734207509280533545201691868574215241/73802901037227875084766015859597116297,270465854614941710930590286928970052237333/147605802074455750169532031719194232594,P0/P2,false,pair:P0:P2:S
1070,3630,369939360127624924048340924565832723292133/95531055423349565135753738841926306341,349607045890842682569371477502898229247361/191062110846699130271507477683852612682,P1/P2,false,pair:P1:P2:NW
1071,3637,3716015493691064534853475403199208934054615/957248201523939435961898795858194688919,3509279797808912850804963886429592447365259/1914496403047878871923797591716389377838,P0/P2,false,pair:P0:P2:SE
1072,3640,4160121794643785443337405390646636812264305/1071281069140591020466611124524363238577,3931387086697631430336174758526972825369629/2142562138281182040933222249048726477154,P0/P1,false,pair:P0:P1:S
1073,3643,50357225085542175401736043461538772339379/12944387433293602092161409537132953203,997249042251541335854341522539957642159491/543664272198331287870779200559584034526,P0/P1,false,pair:P0:P1:SE
1074,3647,93648679442814192065465888360662781741957/24063990401736948510813089312971455941,1681381460103424044727717859535577862429683/914431635266004043410897393892915325758,P0/P1,false,pair:P0:P1:E
1075,3649,1550588610938322651033032222244412319643/397624460921712759335131786010434907,1329196572256481268201840759694958739507313/724471767799360647508610114111012400554,P1/P2,false,pair:P1:P2:NE
1076,3652,5015242411775482688846853944979104641570899/1288031536258710347942675294026535474195,950029484607037610234710944316522805173163/515212614503484139177070117610614189678,P1/P2,false,pair:P1:P2:N
1077,3657,2797583327712689658508540234600896568707587/716758476520135672110458090789934719427,880166766828228167724302999111306276260717/477838984346757114740305393859956479618,P0/P2,false,pair:P0:P2:N
1078,3659,292052446296062935480782788939652411089015/75042988601644542016262624146272893239,277943889933430484619252314978425770538411/150085977203289084032525248292545786478,P0/P1,false,pair:P0:P1:E
1079,3661,5221491583328337550968256831649827475132471/1335510052030079220693428365158710941943,4922325606795770459017139990438213722868331/2671020104060158441386856730317421883886,P0/P2,false,pair:P0:P2:NW
1080,3665,640291235779701668936465267855350730717863/164386263050030663181227317632400510823,1832163348028049539308538852992035649692753/986317578300183979087363905794403064938,P0/P2,false,pair:P0:P2:W
1081,3666,4837576959043986657656374525332650337771631/1240553020487341475191922222894360006447,4602469569692913212699332424462101640088131/2481106040974682950383844445788720012894,P0/P1,false,pair:P0:P1:S
1082,3669,2804388975051108427777807726749531932936707/716758476520135672110458090789934719427,882208461029753798505083246755896885529453/477838984346757114740305393859956479618,P0/P2,false,pair:P0:P2:W
1083,3673,2807791798720317812412441472823849615051267/716758476520135672110458090789934719427,2649347642024628903222956737127144802280007/1433516953040271344220916181579869438854,P0/P2,false,pair:P0:P2:W
1084,3676,10165320221424014374850583927296346828720877/2588439785608416268655672960538418749229,9559873532569643545075044976791158851188713/5176879571216832537311345921076837498458,P0/P2,false,pair:P0:P2:NW
1085,3679,54536357531332041674116363336382920176083/13927189579559429708492621200693906835,3885119581345716118041976416002853770696189/2089078436933914456273893180104086025250,P0/P2,false,pair:P0:P2:N
1086,3681,2814597446058736581681708964972484979280387/716758476520135672110458090789934719427,2655472724629205795565297480060916630086215/1433516953040271344220916181579869438854,P0/P2,false,pair:P0:P2:N
1087,3686,10189820551842321944219946899031434139945709/2588439785608416268655672960538418749229,9581651604052583606736700951666792016721897/5176879571216832537311345921076837498458,P0/P2,false,pair:P0:P2:NW
1088,3689,3748830846243041113688211498348392127837189/949536382543051577736165452534491022917,3508772619560790334431150772876090044706593/1899072765086103155472330905068982045834,P1/P2,false,pair:P1:P2:SW
1089,3690,18822393900934201693919600158620570620238867/4784531429618033799147499273784986732499,17784009838309471168829955011081417618432791/9569062859236067598294998547569973464998,P0/P2,false,pair:P0:P2:W
1090,3692,13486596719844467106278221476781138154288355/3430642423517734528120009898323211035811,12768156937653966913983955558989376238715815/6861284847035469056240019796646422071622,P0/P1,false,pair:P0:P1:N
1091,3695,8740575199767965594698573561802473000140889/2226870598787525454279286128688763071385,8321241444456362445470550067635255853306597/4453741197575050908558572257377526142770,P1/P2,false,pair:P1:P2:SW
1092,3699,20547189308565248279344327118192684357380895/5213271908270291185493175434876913186271,19404006102774398673566013615611982590723891/10426543816540582370986350869753826372542,P0/P2,false,pair:P0:P2:NW
1093,3702,11276211670825374620497508039093919061972339/2860613629587603688335973633238906976563,10654104769981388879064854105592055054119159/5721227259175207376671947266477813953126,P0/P2,false,pair:P0:P2:NW
1094,3704,4997893165188989493217075596561951212439811/1265109072720821509803045138140389400771,4706290819267474606879117590988819156776263/2530218145441643019606090276280778801542,P1/P2,false,pair:P1:P2:S
1095,3707,25066917883477740911261998116474890036123173/6352888173000146041836051440288623824997,23697106320944335548288112663669134661801665/12705776346000292083672102880577247649994,P0/P2,false,pair:P0:P2:NW
1096,3713,30271356514885259267175495079408620568584883/7669915883810972465017519364658875782771,28709398887933792235267801267644910771475767/15339831767621944930035038729317751565542,P0/P1,false,pair:P0:P1:E
1097,3714,27937015754274332378776672132046060598669121/7064010286296781778081998388373509151873,8790094092881037349060071631034796841518735/4709340190864521185387998925582339434582,P0/P2,false,pair:P0:P2:W
1098,3720,30320357175721874405914221022878795191034547/7669915883810972465017519364658875782771,28742065995158202327760285229958360519775543/15339831767621944930035038729317751565542,P1/P2,false,pair:P1:P2:W
1099,3722,30684533103582337666579242148008202358226213/7743490053711934205099265711157691987813,28947256170206988257294184646843419897475521/15486980107423868410198531422315383975626,P0/P1,false,pair:P0:P1:S
1100,3728,17912606270376470394978952901431093520594847/4517970967914397103861568299442379104863,16942266714265122781525397435592088714385843/9035941935828794207723136598884758209726,P1/P2,false,pair:P1:P2:N
1101,3733,2343416589733909263275056177409389745432041/589922844906456972234603226587748402473,11072726374596138525390551732755638002083337/5899228449064569722346032265877484024730,P0/P1,false,pair:P0:P1:SE
1102,3734,19012952026409927233459089938782360818654227/4784531429618033799147499273784986732499,17952789892302256646707788816367574651314967/9569062859236067598294998547569973464998,P0/P2,false,pair:P0:P2:W
1103,3743,19072841722988012403028643869690352023870483/4784531429618033799147499273784986732499,18007235071009606800861928753556657565147927/9569062859236067598294998547569973464998,P0/P2,false,pair:P0:P2:W
1104,3744,15897399074233898049624436724694128040928679/4000081473639474589068553082966386342503,15134385460126546516757402886863919380044571/8000162947278949178137106165932772685006,P0/P1,false,pair:P0:P1:S
1105,3754,19132731419566097572598197800598343229086739/4784531429618033799147499273784986732499,18061680249716956955016068690745740478980887/9569062859236067598294998547569973464998,P0/P2,false,pair:P0:P2:W
1106,3756,6492488454791803772879925622264016051354531/1626283511644690102320388310540712663907,6161976223651251925332777412904761248146279/3252567023289380204640776621081425327814,P0/P1,false,pair:P0:P1:SE
1107,3760,6097825384773085187210078354462519726279897/1531569658431631372647678993254228989977,5843168502334881507183691906458637102818661/3063139316863262745295357986508457979954,P0/P1,false,pair:P0:P1:SE
1108,3763,7481603860750268762873574111539636032036171/1866896298111670491258646108095280279307,7074527004534870527129369210432739467100143/3733792596223340982517292216190560558614,P0/P2,false,pair:P0:P2:SW
1109,3766,12923596803182335955455990801916927707193857/3216174686235921556458947107281349640001,12175806356435767652634981006752564892528493/6432349372471843112917894214562699280002,P1/P2,false,pair:P1:P2:NW
1110,3771,1385796441119221086579903214547608402695107/347551783203691485351042652854933937027,1334814248892719016398252010884994870413575/695103566407382970702085305709867874054,P1/P2,false,pair:P1:P2:W
1111,3776,8585541110137382208130035384092128632576063/2137870003842844281442243628988928035583,8153067661895423508253896151541454308974035/4275740007685688562884487257977856071166,P1/P2,false,pair:P1:P2:SW
1112,3777,28336684150888436994932184970850215503084971/7047991739407529012538136745998491699051,26834963355612984906810220145265237461592271/14095983478815058025076273491996983398102,P0/P2,false,pair:P0:P2:NE
1113,3778,4937785760187763696700537396689521717627227/1227530433891171182773973279252390915867,4670473923429390349639080998430945788154559/2455060867782342365547946558504781831734,P1/P2,false,pair:P1:P2:SW
1114,3786,14159430093726522763975818238995188719318067/3505799701177035182178153616099208005619,13367908962791431923759186134839227240138935/7011599402354070364356307232198416011238,P1/P2,false,pair:P1:P2:SE
1115,3787,3928168365439254360825011817528502692110893/975581555735392162572063339818429204077,3737546609427082093384391204105257271254569/1951163111470784325144126679636858408154,P0/P2,false,pair:P0:P2:NE
1116,3791,8940196999331082560770266701903544319652959/2226673224839014343349764298964096864031,8583575732439874740380577846574434631628659/4453346449678028686699528597928193728062,P0/P2,false,pair:P0:P2:NE
1117,3793,12048118623640879122855786008092017034626881/2977056909921150186435139001754186871937,11357027398355903697854523224137217983138733/5954113819842300372870278003508373743874,P0/P1,false,pair:P0:P1:NW
1118,3797,13705357450343589301429473860926008508884691/3386240813019649497166249563335626621587,12942185930139294900122715262374828911294167/6772481626039298994332499126671253243174,P1/P2,false,pair:P1:P2:NW
1119,3798,1304579030272746407166769898381651571937705/322745573788647292102901268280617492713,13596774292740495078361061966652988129924487/7100402623350240426263827902173584839686,P0/P1,false,pair:P0:P1:NW
1120,3800,8956530552943287607016508683060269193802847/2226673224839014343349764298964096864031,277416428582325154407316768636489016315437/143656337086388022151597696707361088002,P1/P2,false,pair:P1:P2:NW
1121,3804,7741933040012828119938288043639547791936981/1915908526585803728039594819358571029525,490816373787534581305340235437985735522111/255454470211440497071945975914476137270,P0/P1,false,pair:P0:P1:N
1122,3811,6595934294335769065772791502923273587637155/1626283511644690102320388310540712663907,6262699804259849710517936296704564638737255/3252567023289380204640776621081425327814,P0/P1,false,pair:P0:P1:SE
1123,3813,2589718543122167732338452670744696416284487/638636175528601242679864939786190343175,7384023678295958781241759506445419198364849/3831817053171607456079189638717142059050,P0/P1,false,pair:P0:P1:S
1124,3817,20747128795675944028637447028019716396644689/5096828627936744687394010066361633290897,19610317958812631429150481448124504322714749/10193657255873489374788020132723266581794,P0/P2,false,pair:P0:P2:S
1125,3819,7318094137266120368381486029477505231657473/1799830970175662667536452685127070021441,34691172825418600172657982113799332400932129/17998309701756626675364526851270700214410,P0/P2,false,pair:P0:P2:S
1126,3824,2209861730552989489278582661804211722683617/539152341196538637508351739146210802209,2060370008106787210929268371075729914226893/1078304682393077275016703478292421604418,P0/P1,false,pair:P0:P1:NE
1127,3827,480374840717643221565615099671709480487817/117469761845771567491110331597405958857,41051071316407684956706577840628664839967/21358138517413012271110969381346537974,P0/P1,false,pair:P0:P1:W
1128,3834,7829045325944588366584911943142080454069717/1915908526585803728039594819358571029525,7433024339132573919980485449915593820814513/3831817053171607456079189638717142059050,P0/P1,false,pair:P0:P1:W
1129,3836,482076252552247913882931972708868321545097/117469761845771567491110331597405958857,452922913948168288377625854676642386085461/234939523691543134982220663194811917714,P0/P1,false,pair:P0:P1:W
1130,3837,16778640951193954537451700120780328166190319/4106189414371359423207529604522592205743,15944677230896002678146285389497786928045251/8212378828742718846415059209045184411486,P1/P2,false,pair:P1:P2:NW
1131,3844,9637934348395449542988689435018164796571449/2349330579802509670846045581999497233017,9128286553519073821255677836958324963768389/4698661159605019341692091163998994466034,P0/P2,false,pair:P0:P2:NW
1132,3847,3068416904093157147138363373239037792211931/746408764862503898686429662425647438235,579303215287433319490835427867796740470131/298563505945001559474571864970258975294,P0/P2,false,pair:P0:P2:N
1133,3853,33458750417319232962077755484197808536897389/8126296421800606287554840224290913303469,31630823587797701240180092108561325421574761/16252592843601212575109680448581826606938,P0/P2,false,pair:P0:P2:NW
1134,3858,7732674352287292850122873795828632122749029/1870938040003479671547185657610092460709,7268177537831740631188872052677342754735105/3741876080006959343094371315220184921418,P0/P2,false,pair:P0:P2:W
1135,3862,3040596170836517292147859538217176920110127/735450581259042397332651785368974873327,2866851254753723465674454522492932355044099/1470901162518084794665303570737949746654,P1/P2,false,pair:P1:P2:NW
1136,3866,10763262947183610430834005789613181142427131/2610443216908947673203031298307544748987,10234727838950429511279926827747447027639007/5220886433817895346406062596615089497974,P1/P2,false,pair:P1:P2:NW
1137,3872,33632974989182753455371003283202873861162861/8126296421800606287554840224290913303469,31805048159661221733473339907566390745840233/16252592843601212575109680448581826606938,P0/P2,false,pair:P0:P2:SW
1138,3874,630819930180712544311282797018781974166949/152549252095985020409718264829248788453,1793940437468776061264410232760846187411651/915295512575910122458309588975492730718,P1/P2,false,pair:P1:P2:N
1139,3876,6948929111026483249657748260217752260612215/1675208676025214937261534438148222544183,6537874097708001157580333804946518993331627/3350417352050429874523068876296445088366,P1/P2,false,pair:P1:P2:N
1140,3877,550064651083505565995516382012764198827317/132414622865444778117598338192853631861,516346764037313570236085951957645223534737/264829245730889556235196676385707263722,P0/P2,false,pair:P0:P2:S
1141,3879,12329398704602481548241904283829895738072927/2976141209715256069707760263327793478175,3884564436434862045703014973959410380074193/1984094139810170713138506842218528985450,P0/P2,false,pair:P0:P2:S
1142,3881,1895182049477505140641555387915800068192495/457647756287955061229154794487746365359,78056589866802600657315814399590141750325/39795457068517831411230851694586640466,P1/P2,false,pair:P1:P2:N
1143,3883,12095560059074062562872163716538694993542007/2905409987982710941148777627675823805495,2262762882055484529850366055439172705005807/1162163995193084376459511051070329522198,P1/P2,false,pair:P1:P2:NE
1144,3884,1064886726290642250538119410350030359462839/257118710025094666790921812161010003063,35333625934165331991676833372630510784161057/17998309701756626675364526851270700214410,P0/P1,false,pair:P0:P1:S
1145,3891,6973429441444790819027111231952839571837047/1675208676025214937261534438148222544183,6556929910255573711534282782962698013173163/3350417352050429874523068876296445088366,P1/P2,false,pair:P1:P2:E
1146,3894,19609946591531562965186849159365059091550599/4723414843192624774797776167657494036039,18581040144974213711105093584597122272782715/9446829686385249549595552335314988072078,P1/P2,false,pair:P1:P2:SE
1147,3895,4100917539314238980645355352279157245307193/981128462307249680433537057725002968185,11467970789971074862484776329181524929646287/5886770773843498082601222346350017809110,P0/P2,false,pair:P0:P2:N
