remainder_degree	shift	entry
0	0	1
0	1	14199185696999121*n/(100034300333431*n + 100034300333431) - 6996716072992089/(100034300333431*n + 100034300333431)
0	2	211053693258708614169645474772641*n**2/(10006861243199073477776231761*n**2 + 30020583729597220433328695283*n + 20013722486398146955552463522) + 1528534949028077518831241997183*n/(10006861243199073477776231761*n**2 + 30020583729597220433328695283*n + 20013722486398146955552463522) - 51912064086932367929301539615208/(10006861243199073477776231761*n**2 + 30020583729597220433328695283*n + 20013722486398146955552463522)
0	3	3136895229934345557797018441941737385983451848561*n**3/(1001029362997146827179021169617809032301991*n**3 + 6006176177982880963074127017706854193811946*n**2 + 11011322992968615098969232865795899355321901*n + 6006176177982880963074127017706854193811946) + 4728061480549485533314200071335007212913106339576*n**2/(1001029362997146827179021169617809032301991*n**3 + 6006176177982880963074127017706854193811946*n**2 + 11011322992968615098969232865795899355321901*n + 6006176177982880963074127017706854193811946) - 736200618675914333071383926507690944925872225809*n/(1001029362997146827179021169617809032301991*n**3 + 6006176177982880963074127017706854193811946*n**2 + 11011322992968615098969232865795899355321901*n + 6006176177982880963074127017706854193811946) - 1157992328570422861123992621958599072485455195944/(1001029362997146827179021169617809032301991*n**3 + 6006176177982880963074127017706854193811946*n**2 + 11011322992968615098969232865795899355321901*n + 6006176177982880963074127017706854193811946)
0	4	46623736906501674900821545919080015548247808791644186507442114881*n**4/(100137271940639706387576021121027001686842741740785161121*n**4 + 1001372719406397063875760211210270016868427417407851611210*n**3 + 3504804517922389723565160739235945059039495960927480639235*n**2 + 5006863597031985319378801056051350084342137087039258056050*n + 2403294526575352953301824506904648040484225801778843866904) + 186832615164863991741173575408764934505435374740639282673157093250*n**3/(100137271940639706387576021121027001686842741740785161121*n**4 + 1001372719406397063875760211210270016868427417407851611210*n**3 + 3504804517922389723565160739235945059039495960927480639235*n**2 + 5006863597031985319378801056051350084342137087039258056050*n + 2403294526575352953301824506904648040484225801778843866904) + 164760212060742571657362093349298616491389643500748899643131753935*n**2/(100137271940639706387576021121027001686842741740785161121*n**4 + 1001372719406397063875760211210270016868427417407851611210*n**3 + 3504804517922389723565160739235945059039495960927480639235*n**2 + 5006863597031985319378801056051350084342137087039258056050*n + 2403294526575352953301824506904648040484225801778843866904) - 44566550119151239097557999609697822221512810772870534453678590450*n/(100137271940639706387576021121027001686842741740785161121*n**4 + 1001372719406397063875760211210270016868427417407851611210*n**3 + 3504804517922389723565160739235945059039495960927480639235*n**2 + 5006863597031985319378801056051350084342137087039258056050*n + 2403294526575352953301824506904648040484225801778843866904) - 43032872346333567011699817136489910870399979435390686199069895056/(100137271940639706387576021121027001686842741740785161121*n**4 + 1001372719406397063875760211210270016868427417407851611210*n**3 + 3504804517922389723565160739235945059039495960927480639235*n**2 + 5006863597031985319378801056051350084342137087039258056050*n + 2403294526575352953301824506904648040484225801778843866904)
0	5	692969539572526134529373612377765092068271446649757364321929438117220921038019601*n**5/(10017161935880405301126133910143011693247287079565887264498187357736151*n**5 + 150257429038206079516892008652145175398709306193488308967472810366042265*n**4 + 851458764549834450595721382362155993926019401763100417482345925407572835*n**3 + 2253861435573091192753380129782177630980639592902324634512092155490633975*n**2 + 2744702370431231052508560691379185203949756659801053110472503336019705374*n + 1202059432305648636135136069217161403189674449547906471739782482928338120) + 5202290306216850450913242057816210728388251008652074995900334387836626761178682765*n**4/(10017161935880405301126133910143011693247287079565887264498187357736151*n**5 + 150257429038206079516892008652145175398709306193488308967472810366042265*n**4 + 851458764549834450595721382362155993926019401763100417482345925407572835*n**3 + 2253861435573091192753380129782177630980639592902324634512092155490633975*n**2 + 2744702370431231052508560691379185203949756659801053110472503336019705374*n + 1202059432305648636135136069217161403189674449547906471739782482928338120) + 12168258845394993791010645097536535555624881191276603519870922159056744789004214485*n**3/(10017161935880405301126133910143011693247287079565887264498187357736151*n**5 + 150257429038206079516892008652145175398709306193488308967472810366042265*n**4 + 851458764549834450595721382362155993926019401763100417482345925407572835*n**3 + 2253861435573091192753380129782177630980639592902324634512092155490633975*n**2 + 2744702370431231052508560691379185203949756659801053110472503336019705374*n + 1202059432305648636135136069217161403189674449547906471739782482928338120) + 7908956464798557763784961357581762675624840052550994511693779154816003734996567475*n**2/(10017161935880405301126133910143011693247287079565887264498187357736151*n**5 + 150257429038206079516892008652145175398709306193488308967472810366042265*n**4 + 851458764549834450595721382362155993926019401763100417482345925407572835*n**3 + 2253861435573091192753380129782177630980639592902324634512092155490633975*n**2 + 2744702370431231052508560691379185203949756659801053110472503336019705374*n + 1202059432305648636135136069217161403189674449547906471739782482928338120) - 2958042762310104813982062470102025311260109689835647428590478596594321342696911926*n/(10017161935880405301126133910143011693247287079565887264498187357736151*n**5 + 150257429038206079516892008652145175398709306193488308967472810366042265*n**4 + 851458764549834450595721382362155993926019401763100417482345925407572835*n**3 + 2253861435573091192753380129782177630980639592902324634512092155490633975*n**2 + 2744702370431231052508560691379185203949756659801053110472503336019705374*n + 1202059432305648636135136069217161403189674449547906471739782482928338120) - 2238699827409358298831407323591980530716860001520918679142575041667807668252661040/(10017161935880405301126133910143011693247287079565887264498187357736151*n**5 + 150257429038206079516892008652145175398709306193488308967472810366042265*n**4 + 851458764549834450595721382362155993926019401763100417482345925407572835*n**3 + 2253861435573091192753380129782177630980639592902324634512092155490633975*n**2 + 2744702370431231052508560691379185203949756659801053110472503336019705374*n + 1202059432305648636135136069217161403189674449547906471739782482928338120)
0	6	10299620207156323788407887423333864258680455083557296235716593845703559516961442879962044877770721*n**6/(1002059785582473549456981437367207030418701621794554014609724380088880558856622564081*n**6 + 21043255497231944538596610184711347638792734057685634306804211981866491735989073845701*n**5 + 175360462476932871154971751539261230323272783814046952556701766515554097799908948714175*n**4 + 736513942403118058850881356464897167357745692018997200738147419365327210759617584599535*n**3 + 1627345091785937044318137854284344217399971433794355719726192393264342027583155044067544*n**2 + 1767633461767483341242115255515753201658589660845593281771553806476785305823082203038884*n + 721483045619380955609026634904389061901465167692078890519001553663994002376768246138320) + 123670036408141054179178484546793463951670441556872923056101259966051901102202406494640704464179081*n**5/(1002059785582473549456981437367207030418701621794554014609724380088880558856622564081*n**6 + 21043255497231944538596610184711347638792734057685634306804211981866491735989073845701*n**5 + 175360462476932871154971751539261230323272783814046952556701766515554097799908948714175*n**4 + 736513942403118058850881356464897167357745692018997200738147419365327210759617584599535*n**3 + 1627345091785937044318137854284344217399971433794355719726192393264342027583155044067544*n**2 + 1767633461767483341242115255515753201658589660845593281771553806476785305823082203038884*n + 721483045619380955609026634904389061901465167692078890519001553663994002376768246138320) + 528809170877294582426845361792920380784028505511146246714785952888288040643315884025104024597857825*n**4/(1002059785582473549456981437367207030418701621794554014609724380088880558856622564081*n**6 + 21043255497231944538596610184711347638792734057685634306804211981866491735989073845701*n**5 + 175360462476932871154971751539261230323272783814046952556701766515554097799908948714175*n**4 + 736513942403118058850881356464897167357745692018997200738147419365327210759617584599535*n**3 + 1627345091785937044318137854284344217399971433794355719726192393264342027583155044067544*n**2 + 1767633461767483341242115255515753201658589660845593281771553806476785305823082203038884*n + 721483045619380955609026634904389061901465167692078890519001553663994002376768246138320) + 931424809528329592783147630543748995241439188273822916781040127859095757778546915532728619611542335*n**3/(1002059785582473549456981437367207030418701621794554014609724380088880558856622564081*n**6 + 21043255497231944538596610184711347638792734057685634306804211981866491735989073845701*n**5 + 175360462476932871154971751539261230323272783814046952556701766515554097799908948714175*n**4 + 736513942403118058850881356464897167357745692018997200738147419365327210759617584599535*n**3 + 1627345091785937044318137854284344217399971433794355719726192393264342027583155044067544*n**2 + 1767633461767483341242115255515753201658589660845593281771553806476785305823082203038884*n + 721483045619380955609026634904389061901465167692078890519001553663994002376768246138320) + 485028936043261576067459297751708750820356160844375274029675000371366235870812009135393307940929454*n**2/(1002059785582473549456981437367207030418701621794554014609724380088880558856622564081*n**6 + 21043255497231944538596610184711347638792734057685634306804211981866491735989073845701*n**5 + 175360462476932871154971751539261230323272783814046952556701766515554097799908948714175*n**4 + 736513942403118058850881356464897167357745692018997200738147419365327210759617584599535*n**3 + 1627345091785937044318137854284344217399971433794355719726192393264342027583155044067544*n**2 + 1767633461767483341242115255515753201658589660845593281771553806476785305823082203038884*n + 721483045619380955609026634904389061901465167692078890519001553663994002376768246138320) - 231122413836790091668327292975192195760118964887250072239586080773799701786235184503202442827675256*n/(1002059785582473549456981437367207030418701621794554014609724380088880558856622564081*n**6 + 21043255497231944538596610184711347638792734057685634306804211981866491735989073845701*n**5 + 175360462476932871154971751539261230323272783814046952556701766515554097799908948714175*n**4 + 736513942403118058850881356464897167357745692018997200738147419365327210759617584599535*n**3 + 1627345091785937044318137854284344217399971433794355719726192393264342027583155044067544*n**2 + 1767633461767483341242115255515753201658589660845593281771553806476785305823082203038884*n + 721483045619380955609026634904389061901465167692078890519001553663994002376768246138320) - 149736195049771947094959712837649139487143847780928157816907506000909250341404887788845218744818240/(1002059785582473549456981437367207030418701621794554014609724380088880558856622564081*n**6 + 21043255497231944538596610184711347638792734057685634306804211981866491735989073845701*n**5 + 175360462476932871154971751539261230323272783814046952556701766515554097799908948714175*n**4 + 736513942403118058850881356464897167357745692018997200738147419365327210759617584599535*n**3 + 1627345091785937044318137854284344217399971433794355719726192393264342027583155044067544*n**2 + 1767633461767483341242115255515753201658589660845593281771553806476785305823082203038884*n + 721483045619380955609026634904389061901465167692078890519001553663994002376768246138320)
0	7	153083462336745787611409417630402958931636598067874427696638282623840828822106094211721382193785234195673976536241*n**7/(100240349543010630154994256269013175885798731004621055120253491200460114266246572182170496464091911*n**7 + 2806729787204297644339839175532368924802364468129389543367097753612883199454904021100773900994573508*n**6 + 32277392552849422909908150518622242635227191383487979748721624166548156793731396242658899861437595342*n**5 + 196471085104300835103788742287265824736165512769057268035696842752901823961843281477054173069620145560*n**4 + 678526926056638955519156120684950187570971610170279922108995881935914513468223047101112090565438145559*n**3 + 1316356270198815595195384573324681025732308935552683695839168846444442220544349985896262959566454975252*n**2 + 1309940887828062914865464940923464182475617816768387948311472623007612773231310205276604047792753092948*n + 505211361696773575981171051595826406464425604263290117806077595650318975901882723798139302179023231440) + 2680069281860286749510840491433324452723793524530358457779529683906814128426673253336803755332543028924679765379558*n**6/(100240349543010630154994256269013175885798731004621055120253491200460114266246572182170496464091911*n**7 + 2806729787204297644339839175532368924802364468129389543367097753612883199454904021100773900994573508*n**6 + 32277392552849422909908150518622242635227191383487979748721624166548156793731396242658899861437595342*n**5 + 196471085104300835103788742287265824736165512769057268035696842752901823961843281477054173069620145560*n**4 + 678526926056638955519156120684950187570971610170279922108995881935914513468223047101112090565438145559*n**3 + 1316356270198815595195384573324681025732308935552683695839168846444442220544349985896262959566454975252*n**2 + 1309940887828062914865464940923464182475617816768387948311472623007612773231310205276604047792753092948*n + 505211361696773575981171051595826406464425604263290117806077595650318975901882723798139302179023231440) + 17969370681947417779102814993327077812995664531521598609573798133479348518802001115380696069305936874960458413312262*n**5/(100240349543010630154994256269013175885798731004621055120253491200460114266246572182170496464091911*n**7 + 2806729787204297644339839175532368924802364468129389543367097753612883199454904021100773900994573508*n**6 + 32277392552849422909908150518622242635227191383487979748721624166548156793731396242658899861437595342*n**5 + 196471085104300835103788742287265824736165512769057268035696842752901823961843281477054173069620145560*n**4 + 678526926056638955519156120684950187570971610170279922108995881935914513468223047101112090565438145559*n**3 + 1316356270198815595195384573324681025732308935552683695839168846444442220544349985896262959566454975252*n**2 + 1309940887828062914865464940923464182475617816768387948311472623007612773231310205276604047792753092948*n + 505211361696773575981171051595826406464425604263290117806077595650318975901882723798139302179023231440) + 57072616156739766973196445434749152985903211245127151018326041818579104564951667172412896121142426549774291329539260*n**4/(100240349543010630154994256269013175885798731004621055120253491200460114266246572182170496464091911*n**7 + 2806729787204297644339839175532368924802364468129389543367097753612883199454904021100773900994573508*n**6 + 32277392552849422909908150518622242635227191383487979748721624166548156793731396242658899861437595342*n**5 + 196471085104300835103788742287265824736165512769057268035696842752901823961843281477054173069620145560*n**4 + 678526926056638955519156120684950187570971610170279922108995881935914513468223047101112090565438145559*n**3 + 1316356270198815595195384573324681025732308935552683695839168846444442220544349985896262959566454975252*n**2 + 1309940887828062914865464940923464182475617816768387948311472623007612773231310205276604047792753092948*n + 505211361696773575981171051595826406464425604263290117806077595650318975901882723798139302179023231440) + 83350922543753808966491572117012582863161218144927230914465651177510407413037348690108247755244741304324728867056929*n**3/(100240349543010630154994256269013175885798731004621055120253491200460114266246572182170496464091911*n**7 + 2806729787204297644339839175532368924802364468129389543367097753612883199454904021100773900994573508*n**6 + 32277392552849422909908150518622242635227191383487979748721624166548156793731396242658899861437595342*n**5 + 196471085104300835103788742287265824736165512769057268035696842752901823961843281477054173069620145560*n**4 + 678526926056638955519156120684950187570971610170279922108995881935914513468223047101112090565438145559*n**3 + 1316356270198815595195384573324681025732308935552683695839168846444442220544349985896262959566454975252*n**2 + 1309940887828062914865464940923464182475617816768387948311472623007612773231310205276604047792753092948*n + 505211361696773575981171051595826406464425604263290117806077595650318975901882723798139302179023231440) + 36215013618004971643780464229469634161404041023950836260593619813759646600565543683371261630962856837862235371875742*n**2/(100240349543010630154994256269013175885798731004621055120253491200460114266246572182170496464091911*n**7 + 2806729787204297644339839175532368924802364468129389543367097753612883199454904021100773900994573508*n**6 + 32277392552849422909908150518622242635227191383487979748721624166548156793731396242658899861437595342*n**5 + 196471085104300835103788742287265824736165512769057268035696842752901823961843281477054173069620145560*n**4 + 678526926056638955519156120684950187570971610170279922108995881935914513468223047101112090565438145559*n**3 + 1316356270198815595195384573324681025732308935552683695839168846444442220544349985896262959566454975252*n**2 + 1309940887828062914865464940923464182475617816768387948311472623007612773231310205276604047792753092948*n + 505211361696773575981171051595826406464425604263290117806077595650318975901882723798139302179023231440) - 21119275030354996146878945874071301713430438519567298015387445215998619581625535492322255473363746836206505555217752*n/(100240349543010630154994256269013175885798731004621055120253491200460114266246572182170496464091911*n**7 + 2806729787204297644339839175532368924802364468129389543367097753612883199454904021100773900994573508*n**6 + 32277392552849422909908150518622242635227191383487979748721624166548156793731396242658899861437595342*n**5 + 196471085104300835103788742287265824736165512769057268035696842752901823961843281477054173069620145560*n**4 + 678526926056638955519156120684950187570971610170279922108995881935914513468223047101112090565438145559*n**3 + 1316356270198815595195384573324681025732308935552683695839168846444442220544349985896262959566454975252*n**2 + 1309940887828062914865464940923464182475617816768387948311472623007612773231310205276604047792753092948*n + 505211361696773575981171051595826406464425604263290117806077595650318975901882723798139302179023231440) - 12240629992538078007406142673280139193840756277629000879217780726872041802730562003207885978423403421331264350889280/(100240349543010630154994256269013175885798731004621055120253491200460114266246572182170496464091911*n**7 + 2806729787204297644339839175532368924802364468129389543367097753612883199454904021100773900994573508*n**6 + 32277392552849422909908150518622242635227191383487979748721624166548156793731396242658899861437595342*n**5 + 196471085104300835103788742287265824736165512769057268035696842752901823961843281477054173069620145560*n**4 + 678526926056638955519156120684950187570971610170279922108995881935914513468223047101112090565438145559*n**3 + 1316356270198815595195384573324681025732308935552683695839168846444442220544349985896262959566454975252*n**2 + 1309940887828062914865464940923464182475617816768387948311472623007612773231310205276604047792753092948*n + 505211361696773575981171051595826406464425604263290117806077595650318975901882723798139302179023231440)
0	8	2275282580295845008174718583522896009975411345156901144597388812164848680760105851433012422223806783447995576567559954934001644161*n**8/(10027473231713628268589319353101234602546088245713320691817776844595429033004605835551758903711200259065929976641*n**8 + 360989036341690617669215496711644445691659176845679544905439966405435445188165810079863320533603209326373479159076*n**7 + 5475000384515641034649768366793274092990164182159473097732506157149104252020514786211260361426315341449997767245986*n**6 + 45484618579053017826321152585667200157149056282555622658085435767084866093708892070062778387234004375123058374043576*n**5 + 225106746578739241001561630157769615592557135028018336210617272384322786361920396402301435629412734615771062045613809*n**4 + 674688508922619764423763763354063468997711001524575069428267297211758847056681899039264546077304398230992032548313044*n**3 + 1184485248022940625598844759265730236191154127936640293400283071990990459094636059718715968741981819401903912560741484*n**2 + 1098850626624106240185091971990245692685410534318248534692159257738145495152776725883103947704288169189480870560227344*n + 404307720702693491789521356317041779174658278067161090294092762374087698610745707289446918997635594445538296658165120) + 54623260423249871742402951330478181668865579628630224943413974428213072146261774532480203003385971555772472650308679298131962887956*n**7/(10027473231713628268589319353101234602546088245713320691817776844595429033004605835551758903711200259065929976641*n**8 + 360989036341690617669215496711644445691659176845679544905439966405435445188165810079863320533603209326373479159076*n**7 + 5475000384515641034649768366793274092990164182159473097732506157149104252020514786211260361426315341449997767245986*n**6 + 45484618579053017826321152585667200157149056282555622658085435767084866093708892070062778387234004375123058374043576*n**5 + 225106746578739241001561630157769615592557135028018336210617272384322786361920396402301435629412734615771062045613809*n**4 + 674688508922619764423763763354063468997711001524575069428267297211758847056681899039264546077304398230992032548313044*n**3 + 1184485248022940625598844759265730236191154127936640293400283071990990459094636059718715968741981819401903912560741484*n**2 + 1098850626624106240185091971990245692685410534318248534692159257738145495152776725883103947704288169189480870560227344*n + 404307720702693491789521356317041779174658278067161090294092762374087698610745707289446918997635594445538296658165120) + 526000558375712867605166474612150066810948509896377913229240188521709692119284299872002313300911369461823982977472718547223501895226*n**6/(10027473231713628268589319353101234602546088245713320691817776844595429033004605835551758903711200259065929976641*n**8 + 360989036341690617669215496711644445691659176845679544905439966405435445188165810079863320533603209326373479159076*n**7 + 5475000384515641034649768366793274092990164182159473097732506157149104252020514786211260361426315341449997767245986*n**6 + 45484618579053017826321152585667200157149056282555622658085435767084866093708892070062778387234004375123058374043576*n**5 + 225106746578739241001561630157769615592557135028018336210617272384322786361920396402301435629412734615771062045613809*n**4 + 674688508922619764423763763354063468997711001524575069428267297211758847056681899039264546077304398230992032548313044*n**3 + 1184485248022940625598844759265730236191154127936640293400283071990990459094636059718715968741981819401903912560741484*n**2 + 1098850626624106240185091971990245692685410534318248534692159257738145495152776725883103947704288169189480870560227344*n + 404307720702693491789521356317041779174658278067161090294092762374087698610745707289446918997635594445538296658165120) + 2584296955209343481786358985399168913516314338795098804547625321524167989121980427507846417732693610304770540683795265743996334273936*n**5/(10027473231713628268589319353101234602546088245713320691817776844595429033004605835551758903711200259065929976641*n**8 + 360989036341690617669215496711644445691659176845679544905439966405435445188165810079863320533603209326373479159076*n**7 + 5475000384515641034649768366793274092990164182159473097732506157149104252020514786211260361426315341449997767245986*n**6 + 45484618579053017826321152585667200157149056282555622658085435767084866093708892070062778387234004375123058374043576*n**5 + 225106746578739241001561630157769615592557135028018336210617272384322786361920396402301435629412734615771062045613809*n**4 + 674688508922619764423763763354063468997711001524575069428267297211758847056681899039264546077304398230992032548313044*n**3 + 1184485248022940625598844759265730236191154127936640293400283071990990459094636059718715968741981819401903912560741484*n**2 + 1098850626624106240185091971990245692685410534318248534692159257738145495152776725883103947704288169189480870560227344*n + 404307720702693491789521356317041779174658278067161090294092762374087698610745707289446918997635594445538296658165120) + 6752658899640648004154573500265894521375336889492408189916189185010109572138063055628330651131740754181930292556826284962893348533689*n**4/(10027473231713628268589319353101234602546088245713320691817776844595429033004605835551758903711200259065929976641*n**8 + 360989036341690617669215496711644445691659176845679544905439966405435445188165810079863320533603209326373479159076*n**7 + 5475000384515641034649768366793274092990164182159473097732506157149104252020514786211260361426315341449997767245986*n**6 + 45484618579053017826321152585667200157149056282555622658085435767084866093708892070062778387234004375123058374043576*n**5 + 225106746578739241001561630157769615592557135028018336210617272384322786361920396402301435629412734615771062045613809*n**4 + 674688508922619764423763763354063468997711001524575069428267297211758847056681899039264546077304398230992032548313044*n**3 + 1184485248022940625598844759265730236191154127936640293400283071990990459094636059718715968741981819401903912560741484*n**2 + 1098850626624106240185091971990245692685410534318248534692159257738145495152776725883103947704288169189480870560227344*n + 404307720702693491789521356317041779174658278067161090294092762374087698610745707289446918997635594445538296658165120) + 8590851023216176477903111360098904586349871105598413265904820756438922594887919593961163429233120103608276702436726286895264770653804*n**3/(10027473231713628268589319353101234602546088245713320691817776844595429033004605835551758903711200259065929976641*n**8 + 360989036341690617669215496711644445691659176845679544905439966405435445188165810079863320533603209326373479159076*n**7 + 5475000384515641034649768366793274092990164182159473097732506157149104252020514786211260361426315341449997767245986*n**6 + 45484618579053017826321152585667200157149056282555622658085435767084866093708892070062778387234004375123058374043576*n**5 + 225106746578739241001561630157769615592557135028018336210617272384322786361920396402301435629412734615771062045613809*n**4 + 674688508922619764423763763354063468997711001524575069428267297211758847056681899039264546077304398230992032548313044*n**3 + 1184485248022940625598844759265730236191154127936640293400283071990990459094636059718715968741981819401903912560741484*n**2 + 1098850626624106240185091971990245692685410534318248534692159257738145495152776725883103947704288169189480870560227344*n + 404307720702693491789521356317041779174658278067161090294092762374087698610745707289446918997635594445538296658165120) + 3184866987282626072401561310628447071330431116880359249455162374229450393250869079816741923722233002920053763655197656591590816019084*n**2/(10027473231713628268589319353101234602546088245713320691817776844595429033004605835551758903711200259065929976641*n**8 + 360989036341690617669215496711644445691659176845679544905439966405435445188165810079863320533603209326373479159076*n**7 + 5475000384515641034649768366793274092990164182159473097732506157149104252020514786211260361426315341449997767245986*n**6 + 45484618579053017826321152585667200157149056282555622658085435767084866093708892070062778387234004375123058374043576*n**5 + 225106746578739241001561630157769615592557135028018336210617272384322786361920396402301435629412734615771062045613809*n**4 + 674688508922619764423763763354063468997711001524575069428267297211758847056681899039264546077304398230992032548313044*n**3 + 1184485248022940625598844759265730236191154127936640293400283071990990459094636059718715968741981819401903912560741484*n**2 + 1098850626624106240185091971990245692685410534318248534692159257738145495152776725883103947704288169189480870560227344*n + 404307720702693491789521356317041779174658278067161090294092762374087698610745707289446918997635594445538296658165120) - 2222279109034271669276952148585288986375418354731877909781919305723190753406612979117848042485902961035390485911018594251295566063376*n/(10027473231713628268589319353101234602546088245713320691817776844595429033004605835551758903711200259065929976641*n**8 + 360989036341690617669215496711644445691659176845679544905439966405435445188165810079863320533603209326373479159076*n**7 + 5475000384515641034649768366793274092990164182159473097732506157149104252020514786211260361426315341449997767245986*n**6 + 45484618579053017826321152585667200157149056282555622658085435767084866093708892070062778387234004375123058374043576*n**5 + 225106746578739241001561630157769615592557135028018336210617272384322786361920396402301435629412734615771062045613809*n**4 + 674688508922619764423763763354063468997711001524575069428267297211758847056681899039264546077304398230992032548313044*n**3 + 1184485248022940625598844759265730236191154127936640293400283071990990459094636059718715968741981819401903912560741484*n**2 + 1098850626624106240185091971990245692685410534318248534692159257738145495152776725883103947704288169189480870560227344*n + 404307720702693491789521356317041779174658278067161090294092762374087698610745707289446918997635594445538296658165120) - 1182576359453283735232930311041060973029534460118346698486974589614307869936614238656244895267995770275005706839628959943113396320640/(10027473231713628268589319353101234602546088245713320691817776844595429033004605835551758903711200259065929976641*n**8 + 360989036341690617669215496711644445691659176845679544905439966405435445188165810079863320533603209326373479159076*n**7 + 5475000384515641034649768366793274092990164182159473097732506157149104252020514786211260361426315341449997767245986*n**6 + 45484618579053017826321152585667200157149056282555622658085435767084866093708892070062778387234004375123058374043576*n**5 + 225106746578739241001561630157769615592557135028018336210617272384322786361920396402301435629412734615771062045613809*n**4 + 674688508922619764423763763354063468997711001524575069428267297211758847056681899039264546077304398230992032548313044*n**3 + 1184485248022940625598844759265730236191154127936640293400283071990990459094636059718715968741981819401903912560741484*n**2 + 1098850626624106240185091971990245692685410534318248534692159257738145495152776725883103947704288169189480870560227344*n + 404307720702693491789521356317041779174658278067161090294092762374087698610745707289446918997635594445538296658165120)
1	1	48771258959929680*n/(100034300333431*n + 100034300333431) - 32310974878734240/(100034300333431*n + 100034300333431)
1	2	724097524157293053569336763622560*n**2/(10006861243199073477776231761*n**2 + 30020583729597220433328695283*n + 20013722486398146955552463522) - 117757581303437602015786789355280*n/(10006861243199073477776231761*n**2 + 30020583729597220433328695283*n + 20013722486398146955552463522) - 239614275076260119598079614376800/(10006861243199073477776231761*n**2 + 30020583729597220433328695283*n + 20013722486398146955552463522)
1	3	10762280204081445834247469387847952564092443654640*n**3/(1001029362997146827179021169617809032301991*n**3 + 6006176177982880963074127017706854193811946*n**2 + 11011322992968615098969232865795899355321901*n + 6006176177982880963074127017706854193811946) + 14393187817651937105958674907853131490121535714720*n**2/(1001029362997146827179021169617809032301991*n**3 + 6006176177982880963074127017706854193811946*n**2 + 11011322992968615098969232865795899355321901*n + 6006176177982880963074127017706854193811946) - 6182314068580656787541746465386927656006677818960*n/(1001029362997146827179021169617809032301991*n**3 + 6006176177982880963074127017706854193811946*n**2 + 11011322992968615098969232865795899355321901*n + 6006176177982880963074127017706854193811946) - 5345032026991381336879572947910542292159414902880/(1001029362997146827179021169617809032301991*n**3 + 6006176177982880963074127017706854193811946*n**2 + 11011322992968615098969232865795899355321901*n + 6006176177982880963074127017706854193811946)
1	4	159959987254492694982393547581805829120074573235010760269476761920*n**4/(100137271940639706387576021121027001686842741740785161121*n**4 + 1001372719406397063875760211210270016868427417407851611210*n**3 + 3504804517922389723565160739235945059039495960927480639235*n**2 + 5006863597031985319378801056051350084342137087039258056050*n + 2403294526575352953301824506904648040484225801778843866904) + 613826208318002139177105368719677899072311700860336552867042696800*n**3/(100137271940639706387576021121027001686842741740785161121*n**4 + 1001372719406397063875760211210270016868427417407851611210*n**3 + 3504804517922389723565160739235945059039495960927480639235*n**2 + 5006863597031985319378801056051350084342137087039258056050*n + 2403294526575352953301824506904648040484225801778843866904) + 442993595677951926667919446342310033593038965349440778406964618400*n**2/(100137271940639706387576021121027001686842741740785161121*n**4 + 1001372719406397063875760211210270016868427417407851611210*n**3 + 3504804517922389723565160739235945059039495960927480639235*n**2 + 5006863597031985319378801056051350084342137087039258056050*n + 2403294526575352953301824506904648040484225801778843866904) - 309173723186120850143392149054638002190884420210446461989590079200*n/(100137271940639706387576021121027001686842741740785161121*n**4 + 1001372719406397063875760211210270016868427417407851611210*n**3 + 3504804517922389723565160739235945059039495960927480639235*n**2 + 5006863597031985319378801056051350084342137087039258056050*n + 2403294526575352953301824506904648040484225801778843866904) - 198630055866389366134666769827470379181974746679565339004945309120/(100137271940639706387576021121027001686842741740785161121*n**4 + 1001372719406397063875760211210270016868427417407851611210*n**3 + 3504804517922389723565160739235945059039495960927480639235*n**2 + 5006863597031985319378801056051350084342137087039258056050*n + 2403294526575352953301824506904648040484225801778843866904)
1	5	2377488508482114524997666605141108860101463516340357224909117457872484639207840400*n**5/(10017161935880405301126133910143011693247287079565887264498187357736151*n**5 + 150257429038206079516892008652145175398709306193488308967472810366042265*n**4 + 851458764549834450595721382362155993926019401763100417482345925407572835*n**3 + 2253861435573091192753380129782177630980639592902324634512092155490633975*n**2 + 2744702370431231052508560691379185203949756659801053110472503336019705374*n + 1202059432305648636135136069217161403189674449547906471739782482928338120) + 17444521062272973723307052024889651568523040033773206716939461028594883596861415200*n**4/(10017161935880405301126133910143011693247287079565887264498187357736151*n**5 + 150257429038206079516892008652145175398709306193488308967472810366042265*n**4 + 851458764549834450595721382362155993926019401763100417482345925407572835*n**3 + 2253861435573091192753380129782177630980639592902324634512092155490633975*n**2 + 2744702370431231052508560691379185203949756659801053110472503336019705374*n + 1202059432305648636135136069217161403189674449547906471739782482928338120) + 38516790996160840891148162399878062424426470664080977477201409805050685912720330800*n**3/(10017161935880405301126133910143011693247287079565887264498187357736151*n**5 + 150257429038206079516892008652145175398709306193488308967472810366042265*n**4 + 851458764549834450595721382362155993926019401763100417482345925407572835*n**3 + 2253861435573091192753380129782177630980639592902324634512092155490633975*n**2 + 2744702370431231052508560691379185203949756659801053110472503336019705374*n + 1202059432305648636135136069217161403189674449547906471739782482928338120) + 18450832534356240030600492598536302326627279067761156432530224042046713815166995200*n**2/(10017161935880405301126133910143011693247287079565887264498187357736151*n**5 + 150257429038206079516892008652145175398709306193488308967472810366042265*n**4 + 851458764549834450595721382362155993926019401763100417482345925407572835*n**3 + 2253861435573091192753380129782177630980639592902324634512092155490633975*n**2 + 2744702370431231052508560691379185203949756659801053110472503336019705374*n + 1202059432305648636135136069217161403189674449547906471739782482928338120) - 19036198090300854994197787143560826748845570851977784879251731883085054171000532000*n/(10017161935880405301126133910143011693247287079565887264498187357736151*n**5 + 150257429038206079516892008652145175398709306193488308967472810366042265*n**4 + 851458764549834450595721382362155993926019401763100417482345925407572835*n**3 + 2253861435573091192753380129782177630980639592902324634512092155490633975*n**2 + 2744702370431231052508560691379185203949756659801053110472503336019705374*n + 1202059432305648636135136069217161403189674449547906471739782482928338120) - 10333334670467886737379770700121230053629361421974685629623479091526670933838420800/(10017161935880405301126133910143011693247287079565887264498187357736151*n**5 + 150257429038206079516892008652145175398709306193488308967472810366042265*n**4 + 851458764549834450595721382362155993926019401763100417482345925407572835*n**3 + 2253861435573091192753380129782177630980639592902324634512092155490633975*n**2 + 2744702370431231052508560691379185203949756659801053110472503336019705374*n + 1202059432305648636135136069217161403189674449547906471739782482928338120)
1	6	35336659529580237951900008464618309875834204711692591764780727700186698050591128182220939729946080*n**6/(1002059785582473549456981437367207030418701621794554014609724380088880558856622564081*n**6 + 21043255497231944538596610184711347638792734057685634306804211981866491735989073845701*n**5 + 175360462476932871154971751539261230323272783814046952556701766515554097799908948714175*n**4 + 736513942403118058850881356464897167357745692018997200738147419365327210759617584599535*n**3 + 1627345091785937044318137854284344217399971433794355719726192393264342027583155044067544*n**2 + 1767633461767483341242115255515753201658589660845593281771553806476785305823082203038884*n + 721483045619380955609026634904389061901465167692078890519001553663994002376768246138320) + 418293235363649252678044791759812028491990147652321604190781162128206041244011655214829280512657360*n**5/(1002059785582473549456981437367207030418701621794554014609724380088880558856622564081*n**6 + 21043255497231944538596610184711347638792734057685634306804211981866491735989073845701*n**5 + 175360462476932871154971751539261230323272783814046952556701766515554097799908948714175*n**4 + 736513942403118058850881356464897167357745692018997200738147419365327210759617584599535*n**3 + 1627345091785937044318137854284344217399971433794355719726192393264342027583155044067544*n**2 + 1767633461767483341242115255515753201658589660845593281771553806476785305823082203038884*n + 721483045619380955609026634904389061901465167692078890519001553663994002376768246138320) + 1739242590750869846011890655547204746763606878851052889368244831370082468253326077403156703124525600*n**4/(1002059785582473549456981437367207030418701621794554014609724380088880558856622564081*n**6 + 21043255497231944538596610184711347638792734057685634306804211981866491735989073845701*n**5 + 175360462476932871154971751539261230323272783814046952556701766515554097799908948714175*n**4 + 736513942403118058850881356464897167357745692018997200738147419365327210759617584599535*n**3 + 1627345091785937044318137854284344217399971433794355719726192393264342027583155044067544*n**2 + 1767633461767483341242115255515753201658589660845593281771553806476785305823082203038884*n + 721483045619380955609026634904389061901465167692078890519001553663994002376768246138320) + 2850432186489441837808830389265408872235896730180158160176061703478488747483956965795408085842509200*n**3/(1002059785582473549456981437367207030418701621794554014609724380088880558856622564081*n**6 + 21043255497231944538596610184711347638792734057685634306804211981866491735989073845701*n**5 + 175360462476932871154971751539261230323272783814046952556701766515554097799908948714175*n**4 + 736513942403118058850881356464897167357745692018997200738147419365327210759617584599535*n**3 + 1627345091785937044318137854284344217399971433794355719726192393264342027583155044067544*n**2 + 1767633461767483341242115255515753201658589660845593281771553806476785305823082203038884*n + 721483045619380955609026634904389061901465167692078890519001553663994002376768246138320) + 951162806710900285628347627684068194870573538491000349911946428985659653126346474817878790369253920*n**2/(1002059785582473549456981437367207030418701621794554014609724380088880558856622564081*n**6 + 21043255497231944538596610184711347638792734057685634306804211981866491735989073845701*n**5 + 175360462476932871154971751539261230323272783814046952556701766515554097799908948714175*n**4 + 736513942403118058850881356464897167357745692018997200738147419365327210759617584599535*n**3 + 1627345091785937044318137854284344217399971433794355719726192393264342027583155044067544*n**2 + 1767633461767483341242115255515753201658589660845593281771553806476785305823082203038884*n + 721483045619380955609026634904389061901465167692078890519001553663994002376768246138320) - 1426821951100751328201165882468516205451474301578944925348459936630902745905603251676206185138453760*n/(1002059785582473549456981437367207030418701621794554014609724380088880558856622564081*n**6 + 21043255497231944538596610184711347638792734057685634306804211981866491735989073845701*n**5 + 175360462476932871154971751539261230323272783814046952556701766515554097799908948714175*n**4 + 736513942403118058850881356464897167357745692018997200738147419365327210759617584599535*n**3 + 1627345091785937044318137854284344217399971433794355719726192393264342027583155044067544*n**2 + 1767633461767483341242115255515753201658589660845593281771553806476785305823082203038884*n + 721483045619380955609026634904389061901465167692078890519001553663994002376768246138320) - 691148584007472368914624901285894900105532723829707433763663211356773364784577744369209927991468800/(1002059785582473549456981437367207030418701621794554014609724380088880558856622564081*n**6 + 21043255497231944538596610184711347638792734057685634306804211981866491735989073845701*n**5 + 175360462476932871154971751539261230323272783814046952556701766515554097799908948714175*n**4 + 736513942403118058850881356464897167357745692018997200738147419365327210759617584599535*n**3 + 1627345091785937044318137854284344217399971433794355719726192393264342027583155044067544*n**2 + 1767633461767483341242115255515753201658589660845593281771553806476785305823082203038884*n + 721483045619380955609026634904389061901465167692078890519001553663994002376768246138320)
1	7	525209481456834337889324145190509585808872743004030476427513491585421024579794929615193691698298040366700460294960*n**7/(100240349543010630154994256269013175885798731004621055120253491200460114266246572182170496464091911*n**7 + 2806729787204297644339839175532368924802364468129389543367097753612883199454904021100773900994573508*n**6 + 32277392552849422909908150518622242635227191383487979748721624166548156793731396242658899861437595342*n**5 + 196471085104300835103788742287265824736165512769057268035696842752901823961843281477054173069620145560*n**4 + 678526926056638955519156120684950187570971610170279922108995881935914513468223047101112090565438145559*n**3 + 1316356270198815595195384573324681025732308935552683695839168846444442220544349985896262959566454975252*n**2 + 1309940887828062914865464940923464182475617816768387948311472623007612773231310205276604047792753092948*n + 505211361696773575981171051595826406464425604263290117806077595650318975901882723798139302179023231440) + 9105752920040586108079483919869807264045356461288260272095458324586394482289849518709277189813384249815893641933920*n**6/(100240349543010630154994256269013175885798731004621055120253491200460114266246572182170496464091911*n**7 + 2806729787204297644339839175532368924802364468129389543367097753612883199454904021100773900994573508*n**6 + 32277392552849422909908150518622242635227191383487979748721624166548156793731396242658899861437595342*n**5 + 196471085104300835103788742287265824736165512769057268035696842752901823961843281477054173069620145560*n**4 + 678526926056638955519156120684950187570971610170279922108995881935914513468223047101112090565438145559*n**3 + 1316356270198815595195384573324681025732308935552683695839168846444442220544349985896262959566454975252*n**2 + 1309940887828062914865464940923464182475617816768387948311472623007612773231310205276604047792753092948*n + 505211361696773575981171051595826406464425604263290117806077595650318975901882723798139302179023231440) + 60044668083179007778333463377548029219182403530869635616318420497403963268237586004548932827276560213380269891007200*n**5/(100240349543010630154994256269013175885798731004621055120253491200460114266246572182170496464091911*n**7 + 2806729787204297644339839175532368924802364468129389543367097753612883199454904021100773900994573508*n**6 + 32277392552849422909908150518622242635227191383487979748721624166548156793731396242658899861437595342*n**5 + 196471085104300835103788742287265824736165512769057268035696842752901823961843281477054173069620145560*n**4 + 678526926056638955519156120684950187570971610170279922108995881935914513468223047101112090565438145559*n**3 + 1316356270198815595195384573324681025732308935552683695839168846444442220544349985896262959566454975252*n**2 + 1309940887828062914865464940923464182475617816768387948311472623007612773231310205276604047792753092948*n + 505211361696773575981171051595826406464425604263290117806077595650318975901882723798139302179023231440) + 184544804153196769884708564692732420829979416168823250325304534859323413314478647453707107817565759041230211621838400*n**4/(100240349543010630154994256269013175885798731004621055120253491200460114266246572182170496464091911*n**7 + 2806729787204297644339839175532368924802364468129389543367097753612883199454904021100773900994573508*n**6 + 32277392552849422909908150518622242635227191383487979748721624166548156793731396242658899861437595342*n**5 + 196471085104300835103788742287265824736165512769057268035696842752901823961843281477054173069620145560*n**4 + 678526926056638955519156120684950187570971610170279922108995881935914513468223047101112090565438145559*n**3 + 1316356270198815595195384573324681025732308935552683695839168846444442220544349985896262959566454975252*n**2 + 1309940887828062914865464940923464182475617816768387948311472623007612773231310205276604047792753092948*n + 505211361696773575981171051595826406464425604263290117806077595650318975901882723798139302179023231440) + 247153824360830521535840169836354344877238019574360550268217031809409755205804866716663923909836814426748827331891440*n**3/(100240349543010630154994256269013175885798731004621055120253491200460114266246572182170496464091911*n**7 + 2806729787204297644339839175532368924802364468129389543367097753612883199454904021100773900994573508*n**6 + 32277392552849422909908150518622242635227191383487979748721624166548156793731396242658899861437595342*n**5 + 196471085104300835103788742287265824736165512769057268035696842752901823961843281477054173069620145560*n**4 + 678526926056638955519156120684950187570971610170279922108995881935914513468223047101112090565438145559*n**3 + 1316356270198815595195384573324681025732308935552683695839168846444442220544349985896262959566454975252*n**2 + 1309940887828062914865464940923464182475617816768387948311472623007612773231310205276604047792753092948*n + 505211361696773575981171051595826406464425604263290117806077595650318975901882723798139302179023231440) + 56549129831511782661450376379765629608218507649846412798055342379196405587839051682059208012376057053837266657059680*n**2/(100240349543010630154994256269013175885798731004621055120253491200460114266246572182170496464091911*n**7 + 2806729787204297644339839175532368924802364468129389543367097753612883199454904021100773900994573508*n**6 + 32277392552849422909908150518622242635227191383487979748721624166548156793731396242658899861437595342*n**5 + 196471085104300835103788742287265824736165512769057268035696842752901823961843281477054173069620145560*n**4 + 678526926056638955519156120684950187570971610170279922108995881935914513468223047101112090565438145559*n**3 + 1316356270198815595195384573324681025732308935552683695839168846444442220544349985896262959566454975252*n**2 + 1309940887828062914865464940923464182475617816768387948311472623007612773231310205276604047792753092948*n + 505211361696773575981171051595826406464425604263290117806077595650318975901882723798139302179023231440) - 126912144749706039107180490214693522522947066757352306162806315353306315294877055690432179489068399160843169541715200*n/(100240349543010630154994256269013175885798731004621055120253491200460114266246572182170496464091911*n**7 + 2806729787204297644339839175532368924802364468129389543367097753612883199454904021100773900994573508*n**6 + 32277392552849422909908150518622242635227191383487979748721624166548156793731396242658899861437595342*n**5 + 196471085104300835103788742287265824736165512769057268035696842752901823961843281477054173069620145560*n**4 + 678526926056638955519156120684950187570971610170279922108995881935914513468223047101112090565438145559*n**3 + 1316356270198815595195384573324681025732308935552683695839168846444442220544349985896262959566454975252*n**2 + 1309940887828062914865464940923464182475617816768387948311472623007612773231310205276604047792753092948*n + 505211361696773575981171051595826406464425604263290117806077595650318975901882723798139302179023231440) - 56499993764967615117946270458866414684925708198677045918788835705583005406273027876697909621812825133523218928121600/(100240349543010630154994256269013175885798731004621055120253491200460114266246572182170496464091911*n**7 + 2806729787204297644339839175532368924802364468129389543367097753612883199454904021100773900994573508*n**6 + 32277392552849422909908150518622242635227191383487979748721624166548156793731396242658899861437595342*n**5 + 196471085104300835103788742287265824736165512769057268035696842752901823961843281477054173069620145560*n**4 + 678526926056638955519156120684950187570971610170279922108995881935914513468223047101112090565438145559*n**3 + 1316356270198815595195384573324681025732308935552683695839168846444442220544349985896262959566454975252*n**2 + 1309940887828062914865464940923464182475617816768387948311472623007612773231310205276604047792753092948*n + 505211361696773575981171051595826406464425604263290117806077595650318975901882723798139302179023231440)
1	8	7806199088548468638337992347896194776284533124003342837031769915002007711522853705534319645871880835596084798977482221313052263040*n**8/(10027473231713628268589319353101234602546088245713320691817776844595429033004605835551758903711200259065929976641*n**8 + 360989036341690617669215496711644445691659176845679544905439966405435445188165810079863320533603209326373479159076*n**7 + 5475000384515641034649768366793274092990164182159473097732506157149104252020514786211260361426315341449997767245986*n**6 + 45484618579053017826321152585667200157149056282555622658085435767084866093708892070062778387234004375123058374043576*n**5 + 225106746578739241001561630157769615592557135028018336210617272384322786361920396402301435629412734615771062045613809*n**4 + 674688508922619764423763763354063468997711001524575069428267297211758847056681899039264546077304398230992032548313044*n**3 + 1184485248022940625598844759265730236191154127936640293400283071990990459094636059718715968741981819401903912560741484*n**2 + 1098850626624106240185091971990245692685410534318248534692159257738145495152776725883103947704288169189480870560227344*n + 404307720702693491789521356317041779174658278067161090294092762374087698610745707289446918997635594445538296658165120) + 186079282906844127250979131165428875598074841641068993709589405440345617123119777051597303552843246527430655273027067987517631638720*n**7/(10027473231713628268589319353101234602546088245713320691817776844595429033004605835551758903711200259065929976641*n**8 + 360989036341690617669215496711644445691659176845679544905439966405435445188165810079863320533603209326373479159076*n**7 + 5475000384515641034649768366793274092990164182159473097732506157149104252020514786211260361426315341449997767245986*n**6 + 45484618579053017826321152585667200157149056282555622658085435767084866093708892070062778387234004375123058374043576*n**5 + 225106746578739241001561630157769615592557135028018336210617272384322786361920396402301435629412734615771062045613809*n**4 + 674688508922619764423763763354063468997711001524575069428267297211758847056681899039264546077304398230992032548313044*n**3 + 1184485248022940625598844759265730236191154127936640293400283071990990459094636059718715968741981819401903912560741484*n**2 + 1098850626624106240185091971990245692685410534318248534692159257738145495152776725883103947704288169189480870560227344*n + 404307720702693491789521356317041779174658278067161090294092762374087698610745707289446918997635594445538296658165120) + 1772151750760421548291440799072654334769530618992514266951089679309378524014887807967588679377108147488173949601489969110002094866240*n**6/(10027473231713628268589319353101234602546088245713320691817776844595429033004605835551758903711200259065929976641*n**8 + 360989036341690617669215496711644445691659176845679544905439966405435445188165810079863320533603209326373479159076*n**7 + 5475000384515641034649768366793274092990164182159473097732506157149104252020514786211260361426315341449997767245986*n**6 + 45484618579053017826321152585667200157149056282555622658085435767084866093708892070062778387234004375123058374043576*n**5 + 225106746578739241001561630157769615592557135028018336210617272384322786361920396402301435629412734615771062045613809*n**4 + 674688508922619764423763763354063468997711001524575069428267297211758847056681899039264546077304398230992032548313044*n**3 + 1184485248022940625598844759265730236191154127936640293400283071990990459094636059718715968741981819401903912560741484*n**2 + 1098850626624106240185091971990245692685410534318248534692159257738145495152776725883103947704288169189480870560227344*n + 404307720702693491789521356317041779174658278067161090294092762374087698610745707289446918997635594445538296658165120) + 8543824388846604880203211170321954446487352311776322155614072189922638655592284010584846578669322391987560254684635063985899513467520*n**5/(10027473231713628268589319353101234602546088245713320691817776844595429033004605835551758903711200259065929976641*n**8 + 360989036341690617669215496711644445691659176845679544905439966405435445188165810079863320533603209326373479159076*n**7 + 5475000384515641034649768366793274092990164182159473097732506157149104252020514786211260361426315341449997767245986*n**6 + 45484618579053017826321152585667200157149056282555622658085435767084866093708892070062778387234004375123058374043576*n**5 + 225106746578739241001561630157769615592557135028018336210617272384322786361920396402301435629412734615771062045613809*n**4 + 674688508922619764423763763354063468997711001524575069428267297211758847056681899039264546077304398230992032548313044*n**3 + 1184485248022940625598844759265730236191154127936640293400283071990990459094636059718715968741981819401903912560741484*n**2 + 1098850626624106240185091971990245692685410534318248534692159257738145495152776725883103947704288169189480870560227344*n + 404307720702693491789521356317041779174658278067161090294092762374087698610745707289446918997635594445538296658165120) + 21502415810485285603299712422421797907394573283111930993372008553295394258409201814820246413547212968609053433989485219981109768650560*n**4/(10027473231713628268589319353101234602546088245713320691817776844595429033004605835551758903711200259065929976641*n**8 + 360989036341690617669215496711644445691659176845679544905439966405435445188165810079863320533603209326373479159076*n**7 + 5475000384515641034649768366793274092990164182159473097732506157149104252020514786211260361426315341449997767245986*n**6 + 45484618579053017826321152585667200157149056282555622658085435767084866093708892070062778387234004375123058374043576*n**5 + 225106746578739241001561630157769615592557135028018336210617272384322786361920396402301435629412734615771062045613809*n**4 + 674688508922619764423763763354063468997711001524575069428267297211758847056681899039264546077304398230992032548313044*n**3 + 1184485248022940625598844759265730236191154127936640293400283071990990459094636059718715968741981819401903912560741484*n**2 + 1098850626624106240185091971990245692685410534318248534692159257738145495152776725883103947704288169189480870560227344*n + 404307720702693491789521356317041779174658278067161090294092762374087698610745707289446918997635594445538296658165120) + 24718189762423537962217346090545350950804987102799908916339726686043687601047363719614682490394072857238744976733168770347274369734080*n**3/(10027473231713628268589319353101234602546088245713320691817776844595429033004605835551758903711200259065929976641*n**8 + 360989036341690617669215496711644445691659176845679544905439966405435445188165810079863320533603209326373479159076*n**7 + 5475000384515641034649768366793274092990164182159473097732506157149104252020514786211260361426315341449997767245986*n**6 + 45484618579053017826321152585667200157149056282555622658085435767084866093708892070062778387234004375123058374043576*n**5 + 225106746578739241001561630157769615592557135028018336210617272384322786361920396402301435629412734615771062045613809*n**4 + 674688508922619764423763763354063468997711001524575069428267297211758847056681899039264546077304398230992032548313044*n**3 + 1184485248022940625598844759265730236191154127936640293400283071990990459094636059718715968741981819401903912560741484*n**2 + 1098850626624106240185091971990245692685410534318248534692159257738145495152776725883103947704288169189480870560227344*n + 404307720702693491789521356317041779174658278067161090294092762374087698610745707289446918997635594445538296658165120) + 3576979277834306003241138134720030221274808632143104847234822306514315278375773660396480009394957375115029065472720245357959726818560*n**2/(10027473231713628268589319353101234602546088245713320691817776844595429033004605835551758903711200259065929976641*n**8 + 360989036341690617669215496711644445691659176845679544905439966405435445188165810079863320533603209326373479159076*n**7 + 5475000384515641034649768366793274092990164182159473097732506157149104252020514786211260361426315341449997767245986*n**6 + 45484618579053017826321152585667200157149056282555622658085435767084866093708892070062778387234004375123058374043576*n**5 + 225106746578739241001561630157769615592557135028018336210617272384322786361920396402301435629412734615771062045613809*n**4 + 674688508922619764423763763354063468997711001524575069428267297211758847056681899039264546077304398230992032548313044*n**3 + 1184485248022940625598844759265730236191154127936640293400283071990990459094636059718715968741981819401903912560741484*n**2 + 1098850626624106240185091971990245692685410534318248534692159257738145495152776725883103947704288169189480870560227344*n + 404307720702693491789521356317041779174658278067161090294092762374087698610745707289446918997635594445538296658165120) - 13100825731299842974820894216126649660234845915391834738493362027437905081690892287378982413439889561003153724983814477623146660190720*n/(10027473231713628268589319353101234602546088245713320691817776844595429033004605835551758903711200259065929976641*n**8 + 360989036341690617669215496711644445691659176845679544905439966405435445188165810079863320533603209326373479159076*n**7 + 5475000384515641034649768366793274092990164182159473097732506157149104252020514786211260361426315341449997767245986*n**6 + 45484618579053017826321152585667200157149056282555622658085435767084866093708892070062778387234004375123058374043576*n**5 + 225106746578739241001561630157769615592557135028018336210617272384322786361920396402301435629412734615771062045613809*n**4 + 674688508922619764423763763354063468997711001524575069428267297211758847056681899039264546077304398230992032548313044*n**3 + 1184485248022940625598844759265730236191154127936640293400283071990990459094636059718715968741981819401903912560741484*n**2 + 1098850626624106240185091971990245692685410534318248534692159257738145495152776725883103947704288169189480870560227344*n + 404307720702693491789521356317041779174658278067161090294092762374087698610745707289446918997635594445538296658165120) - 5458506382142061403139135115480928683513644076489684780650326309986595492461086443719679109089830835095682957342055356432913121292800/(10027473231713628268589319353101234602546088245713320691817776844595429033004605835551758903711200259065929976641*n**8 + 360989036341690617669215496711644445691659176845679544905439966405435445188165810079863320533603209326373479159076*n**7 + 5475000384515641034649768366793274092990164182159473097732506157149104252020514786211260361426315341449997767245986*n**6 + 45484618579053017826321152585667200157149056282555622658085435767084866093708892070062778387234004375123058374043576*n**5 + 225106746578739241001561630157769615592557135028018336210617272384322786361920396402301435629412734615771062045613809*n**4 + 674688508922619764423763763354063468997711001524575069428267297211758847056681899039264546077304398230992032548313044*n**3 + 1184485248022940625598844759265730236191154127936640293400283071990990459094636059718715968741981819401903912560741484*n**2 + 1098850626624106240185091971990245692685410534318248534692159257738145495152776725883103947704288169189480870560227344*n + 404307720702693491789521356317041779174658278067161090294092762374087698610745707289446918997635594445538296658165120)
2	1	96628127994374400*n/(100034300333431*n + 100034300333431) - 72244396648108800/(100034300333431*n + 100034300333431)
2	2	1433796171250309873934184434707200*n**2/(10006861243199073477776231761*n**2 + 30020583729597220433328695283*n + 20013722486398146955552463522) - 355289114911814425026371791180800*n/(10006861243199073477776231761*n**2 + 30020583729597220433328695283*n + 20013722486398146955552463522) - 535633204862697734461881227155200/(10006861243199073477776231761*n**2 + 30020583729597220433328695283*n + 20013722486398146955552463522)
2	3	21310563047748678854422008793339017539014984742400*n**3/(1001029362997146827179021169617809032301991*n**3 + 6006176177982880963074127017706854193811946*n**2 + 11011322992968615098969232865795899355321901*n + 6006176177982880963074127017706854193811946) + 26685174791015976502316893589875657004535988992000*n**2/(1001029362997146827179021169617809032301991*n**3 + 6006176177982880963074127017706854193811946*n**2 + 11011322992968615098969232865795899355321901*n + 6006176177982880963074127017706854193811946) - 15873372769630913956898062243073596711325020665600*n/(1001029362997146827179021169617809032301991*n**3 + 6006176177982880963074127017706854193811946*n**2 + 11011322992968615098969232865795899355321901*n + 6006176177982880963074127017706854193811946) - 11948277158545393714619066803665936566042901024000/(1001029362997146827179021169617809032301991*n**3 + 6006176177982880963074127017706854193811946*n**2 + 11011322992968615098969232865795899355321901*n + 6006176177982880963074127017706854193811946)
2	4	316739327413474093159455369176012336960480512997511277703352384000*n**4/(100137271940639706387576021121027001686842741740785161121*n**4 + 1001372719406397063875760211210270016868427417407851611210*n**3 + 3504804517922389723565160739235945059039495960927480639235*n**2 + 5006863597031985319378801056051350084342137087039258056050*n + 2403294526575352953301824506904648040484225801778843866904) + 1188470608406369184525257211987739280304185822780848057723110720000*n**3/(100137271940639706387576021121027001686842741740785161121*n**4 + 1001372719406397063875760211210270016868427417407851611210*n**3 + 3504804517922389723565160739235945059039495960927480639235*n**2 + 5006863597031985319378801056051350084342137087039258056050*n + 2403294526575352953301824506904648040484225801778843866904) + 755759863717299910500323188266462957290280305489715309737539488000*n**2/(100137271940639706387576021121027001686842741740785161121*n**4 + 1001372719406397063875760211210270016868427417407851611210*n**3 + 3504804517922389723565160739235945059039495960927480639235*n**2 + 5006863597031985319378801056051350084342137087039258056050*n + 2403294526575352953301824506904648040484225801778843866904) - 767435540003846812545688521525232213185342679152468003124422624000*n/(100137271940639706387576021121027001686842741740785161121*n**4 + 1001372719406397063875760211210270016868427417407851611210*n**3 + 3504804517922389723565160739235945059039495960927480639235*n**2 + 5006863597031985319378801056051350084342137087039258056050*n + 2403294526575352953301824506904648040484225801778843866904) - 444017350561148994697537338147074890153880857060502568798893568000/(100137271940639706387576021121027001686842741740785161121*n**4 + 1001372719406397063875760211210270016868427417407851611210*n**3 + 3504804517922389723565160739235945059039495960927480639235*n**2 + 5006863597031985319378801056051350084342137087039258056050*n + 2403294526575352953301824506904648040484225801778843866904)
2	5	4707702995196202638575058330253653739480207986387020577360117693175401793881696000*n**5/(10017161935880405301126133910143011693247287079565887264498187357736151*n**5 + 150257429038206079516892008652145175398709306193488308967472810366042265*n**4 + 851458764549834450595721382362155993926019401763100417482345925407572835*n**3 + 2253861435573091192753380129782177630980639592902324634512092155490633975*n**2 + 2744702370431231052508560691379185203949756659801053110472503336019705374*n + 1202059432305648636135136069217161403189674449547906471739782482928338120) + 34141223044410915441541950766978547738412593513306160132415908720645006875933856000*n**4/(10017161935880405301126133910143011693247287079565887264498187357736151*n**5 + 150257429038206079516892008652145175398709306193488308967472810366042265*n**4 + 851458764549834450595721382362155993926019401763100417482345925407572835*n**3 + 2253861435573091192753380129782177630980639592902324634512092155490633975*n**2 + 2744702370431231052508560691379185203949756659801053110472503336019705374*n + 1202059432305648636135136069217161403189674449547906471739782482928338120) + 73059731125886862500419913959946678397249725875956021010424592581185425072089856000*n**3/(10017161935880405301126133910143011693247287079565887264498187357736151*n**5 + 150257429038206079516892008652145175398709306193488308967472810366042265*n**4 + 851458764549834450595721382362155993926019401763100417482345925407572835*n**3 + 2253861435573091192753380129782177630980639592902324634512092155490633975*n**2 + 2744702370431231052508560691379185203949756659801053110472503336019705374*n + 1202059432305648636135136069217161403189674449547906471739782482928338120) + 27911074786573159573887550849125795061855545444274824530707979567874486664423200000*n**2/(10017161935880405301126133910143011693247287079565887264498187357736151*n**5 + 150257429038206079516892008652145175398709306193488308967472810366042265*n**4 + 851458764549834450595721382362155993926019401763100417482345925407572835*n**3 + 2253861435573091192753380129782177630980639592902324634512092155490633975*n**2 + 2744702370431231052508560691379185203949756659801053110472503336019705374*n + 1202059432305648636135136069217161403189674449547906471739782482928338120) - 46523316618019653791551525410947100488880860286571361969145734366732994065897760000*n/(10017161935880405301126133910143011693247287079565887264498187357736151*n**5 + 150257429038206079516892008652145175398709306193488308967472810366042265*n**4 + 851458764549834450595721382362155993926019401763100417482345925407572835*n**3 + 2253861435573091192753380129782177630980639592902324634512092155490633975*n**2 + 2744702370431231052508560691379185203949756659801053110472503336019705374*n + 1202059432305648636135136069217161403189674449547906471739782482928338120) - 23099121947223559578909321692842655969209648589787608282330622490196577575104896000/(10017161935880405301126133910143011693247287079565887264498187357736151*n**5 + 150257429038206079516892008652145175398709306193488308967472810366042265*n**4 + 851458764549834450595721382362155993926019401763100417482345925407572835*n**3 + 2253861435573091192753380129782177630980639592902324634512092155490633975*n**2 + 2744702370431231052508560691379185203949756659801053110472503336019705374*n + 1202059432305648636135136069217161403189674449547906471739782482928338120)
2	6	69970684322609355667288493539457234361833717477458947375196198272038876138202755368533818784902400*n**6/(1002059785582473549456981437367207030418701621794554014609724380088880558856622564081*n**6 + 21043255497231944538596610184711347638792734057685634306804211981866491735989073845701*n**5 + 175360462476932871154971751539261230323272783814046952556701766515554097799908948714175*n**4 + 736513942403118058850881356464897167357745692018997200738147419365327210759617584599535*n**3 + 1627345091785937044318137854284344217399971433794355719726192393264342027583155044067544*n**2 + 1767633461767483341242115255515753201658589660845593281771553806476785305823082203038884*n + 721483045619380955609026634904389061901465167692078890519001553663994002376768246138320) + 822309764380871907999599108110929437377474112915747519009324587305200480145667146945130759019635200*n**5/(1002059785582473549456981437367207030418701621794554014609724380088880558856622564081*n**6 + 21043255497231944538596610184711347638792734057685634306804211981866491735989073845701*n**5 + 175360462476932871154971751539261230323272783814046952556701766515554097799908948714175*n**4 + 736513942403118058850881356464897167357745692018997200738147419365327210759617584599535*n**3 + 1627345091785937044318137854284344217399971433794355719726192393264342027583155044067544*n**2 + 1767633461767483341242115255515753201658589660845593281771553806476785305823082203038884*n + 721483045619380955609026634904389061901465167692078890519001553663994002376768246138320) + 3369404641721980737416954832076135344886094517086212814504421867907219040417250513051387445413600000*n**4/(1002059785582473549456981437367207030418701621794554014609724380088880558856622564081*n**6 + 21043255497231944538596610184711347638792734057685634306804211981866491735989073845701*n**5 + 175360462476932871154971751539261230323272783814046952556701766515554097799908948714175*n**4 + 736513942403118058850881356464897167357745692018997200738147419365327210759617584599535*n**3 + 1627345091785937044318137854284344217399971433794355719726192393264342027583155044067544*n**2 + 1767633461767483341242115255515753201658589660845593281771553806476785305823082203038884*n + 721483045619380955609026634904389061901465167692078890519001553663994002376768246138320) + 5301448071387060837585481947543629198517881293210005728755575941639538862326687671711306259626880000*n**3/(1002059785582473549456981437367207030418701621794554014609724380088880558856622564081*n**6 + 21043255497231944538596610184711347638792734057685634306804211981866491735989073845701*n**5 + 175360462476932871154971751539261230323272783814046952556701766515554097799908948714175*n**4 + 736513942403118058850881356464897167357745692018997200738147419365327210759617584599535*n**3 + 1627345091785937044318137854284344217399971433794355719726192393264342027583155044067544*n**2 + 1767633461767483341242115255515753201658589660845593281771553806476785305823082203038884*n + 721483045619380955609026634904389061901465167692078890519001553663994002376768246138320) + 1175384612440576191543450834021682357465944614155885260233142507172847183360664123403894376072793600*n**2/(1002059785582473549456981437367207030418701621794554014609724380088880558856622564081*n**6 + 21043255497231944538596610184711347638792734057685634306804211981866491735989073845701*n**5 + 175360462476932871154971751539261230323272783814046952556701766515554097799908948714175*n**4 + 736513942403118058850881356464897167357745692018997200738147419365327210759617584599535*n**3 + 1627345091785937044318137854284344217399971433794355719726192393264342027583155044067544*n**2 + 1767633461767483341242115255515753201658589660845593281771553806476785305823082203038884*n + 721483045619380955609026634904389061901465167692078890519001553663994002376768246138320) - 3455038951698866632755966688637872041298186793002438500398624399494913789395912052859182993013427200*n/(1002059785582473549456981437367207030418701621794554014609724380088880558856622564081*n**6 + 21043255497231944538596610184711347638792734057685634306804211981866491735989073845701*n**5 + 175360462476932871154971751539261230323272783814046952556701766515554097799908948714175*n**4 + 736513942403118058850881356464897167357745692018997200738147419365327210759617584599535*n**3 + 1627345091785937044318137854284344217399971433794355719726192393264342027583155044067544*n**2 + 1767633461767483341242115255515753201658589660845593281771553806476785305823082203038884*n + 721483045619380955609026634904389061901465167692078890519001553663994002376768246138320) - 1544992583204180073316737640602332712962893868887791181797376796970717911148968138840227787963520000/(1002059785582473549456981437367207030418701621794554014609724380088880558856622564081*n**6 + 21043255497231944538596610184711347638792734057685634306804211981866491735989073845701*n**5 + 175360462476932871154971751539261230323272783814046952556701766515554097799908948714175*n**4 + 736513942403118058850881356464897167357745692018997200738147419365327210759617584599535*n**3 + 1627345091785937044318137854284344217399971433794355719726192393264342027583155044067544*n**2 + 1767633461767483341242115255515753201658589660845593281771553806476785305823082203038884*n + 721483045619380955609026634904389061901465167692078890519001553663994002376768246138320)
2	7	1039975688689384438566142819250460127820852593873806043877285868037244277361326918843889723207013181006124894387200*n**7/(100240349543010630154994256269013175885798731004621055120253491200460114266246572182170496464091911*n**7 + 2806729787204297644339839175532368924802364468129389543367097753612883199454904021100773900994573508*n**6 + 32277392552849422909908150518622242635227191383487979748721624166548156793731396242658899861437595342*n**5 + 196471085104300835103788742287265824736165512769057268035696842752901823961843281477054173069620145560*n**4 + 678526926056638955519156120684950187570971610170279922108995881935914513468223047101112090565438145559*n**3 + 1316356270198815595195384573324681025732308935552683695839168846444442220544349985896262959566454975252*n**2 + 1309940887828062914865464940923464182475617816768387948311472623007612773231310205276604047792753092948*n + 505211361696773575981171051595826406464425604263290117806077595650318975901882723798139302179023231440) + 17941872858215722988195719949752561212174409629016939160704875935703559191109170245096686421274516828133974820915200*n**6/(100240349543010630154994256269013175885798731004621055120253491200460114266246572182170496464091911*n**7 + 2806729787204297644339839175532368924802364468129389543367097753612883199454904021100773900994573508*n**6 + 32277392552849422909908150518622242635227191383487979748721624166548156793731396242658899861437595342*n**5 + 196471085104300835103788742287265824736165512769057268035696842752901823961843281477054173069620145560*n**4 + 678526926056638955519156120684950187570971610170279922108995881935914513468223047101112090565438145559*n**3 + 1316356270198815595195384573324681025732308935552683695839168846444442220544349985896262959566454975252*n**2 + 1309940887828062914865464940923464182475617816768387948311472623007612773231310205276604047792753092948*n + 505211361696773575981171051595826406464425604263290117806077595650318975901882723798139302179023231440) + 117300993254891638369975198547006160783871551000351590767982698956838157057060509052376658661452189706812281499660800*n**5/(100240349543010630154994256269013175885798731004621055120253491200460114266246572182170496464091911*n**7 + 2806729787204297644339839175532368924802364468129389543367097753612883199454904021100773900994573508*n**6 + 32277392552849422909908150518622242635227191383487979748721624166548156793731396242658899861437595342*n**5 + 196471085104300835103788742287265824736165512769057268035696842752901823961843281477054173069620145560*n**4 + 678526926056638955519156120684950187570971610170279922108995881935914513468223047101112090565438145559*n**3 + 1316356270198815595195384573324681025732308935552683695839168846444442220544349985896262959566454975252*n**2 + 1309940887828062914865464940923464182475617816768387948311472623007612773231310205276604047792753092948*n + 505211361696773575981171051595826406464425604263290117806077595650318975901882723798139302179023231440) + 354236043358888268894542992547803047900936950907527694665411630899070789309137988724595098203868066078037713091264000*n**4/(100240349543010630154994256269013175885798731004621055120253491200460114266246572182170496464091911*n**7 + 2806729787204297644339839175532368924802364468129389543367097753612883199454904021100773900994573508*n**6 + 32277392552849422909908150518622242635227191383487979748721624166548156793731396242658899861437595342*n**5 + 196471085104300835103788742287265824736165512769057268035696842752901823961843281477054173069620145560*n**4 + 678526926056638955519156120684950187570971610170279922108995881935914513468223047101112090565438145559*n**3 + 1316356270198815595195384573324681025732308935552683695839168846444442220544349985896262959566454975252*n**2 + 1309940887828062914865464940923464182475617816768387948311472623007612773231310205276604047792753092948*n + 505211361696773575981171051595826406464425604263290117806077595650318975901882723798139302179023231440) + 450851819744259214791199453918004290005242330703981998939155930636506406706066524767735361883160200016934012925068800*n**3/(100240349543010630154994256269013175885798731004621055120253491200460114266246572182170496464091911*n**7 + 2806729787204297644339839175532368924802364468129389543367097753612883199454904021100773900994573508*n**6 + 32277392552849422909908150518622242635227191383487979748721624166548156793731396242658899861437595342*n**5 + 196471085104300835103788742287265824736165512769057268035696842752901823961843281477054173069620145560*n**4 + 678526926056638955519156120684950187570971610170279922108995881935914513468223047101112090565438145559*n**3 + 1316356270198815595195384573324681025732308935552683695839168846444442220544349985896262959566454975252*n**2 + 1309940887828062914865464940923464182475617816768387948311472623007612773231310205276604047792753092948*n + 505211361696773575981171051595826406464425604263290117806077595650318975901882723798139302179023231440) + 44733932452277645995646268479770864527185261495033383928036696586765820705726220623072470581066389963320500602636800*n**2/(100240349543010630154994256269013175885798731004621055120253491200460114266246572182170496464091911*n**7 + 2806729787204297644339839175532368924802364468129389543367097753612883199454904021100773900994573508*n**6 + 32277392552849422909908150518622242635227191383487979748721624166548156793731396242658899861437595342*n**5 + 196471085104300835103788742287265824736165512769057268035696842752901823961843281477054173069620145560*n**4 + 678526926056638955519156120684950187570971610170279922108995881935914513468223047101112090565438145559*n**3 + 1316356270198815595195384573324681025732308935552683695839168846444442220544349985896262959566454975252*n**2 + 1309940887828062914865464940923464182475617816768387948311472623007612773231310205276604047792753092948*n + 505211361696773575981171051595826406464425604263290117806077595650318975901882723798139302179023231440) - 305405210106499142675763881455209938426017774824785077911084593109142649964441825398011627030989290903230334454220800*n/(100240349543010630154994256269013175885798731004621055120253491200460114266246572182170496464091911*n**7 + 2806729787204297644339839175532368924802364468129389543367097753612883199454904021100773900994573508*n**6 + 32277392552849422909908150518622242635227191383487979748721624166548156793731396242658899861437595342*n**5 + 196471085104300835103788742287265824736165512769057268035696842752901823961843281477054173069620145560*n**4 + 678526926056638955519156120684950187570971610170279922108995881935914513468223047101112090565438145559*n**3 + 1316356270198815595195384573324681025732308935552683695839168846444442220544349985896262959566454975252*n**2 + 1309940887828062914865464940923464182475617816768387948311472623007612773231310205276604047792753092948*n + 505211361696773575981171051595826406464425604263290117806077595650318975901882723798139302179023231440) - 126300007462669739362253536161617842271395602496384558230355393982227614235360073511800856600837787437129648013440000/(100240349543010630154994256269013175885798731004621055120253491200460114266246572182170496464091911*n**7 + 2806729787204297644339839175532368924802364468129389543367097753612883199454904021100773900994573508*n**6 + 32277392552849422909908150518622242635227191383487979748721624166548156793731396242658899861437595342*n**5 + 196471085104300835103788742287265824736165512769057268035696842752901823961843281477054173069620145560*n**4 + 678526926056638955519156120684950187570971610170279922108995881935914513468223047101112090565438145559*n**3 + 1316356270198815595195384573324681025732308935552683695839168846444442220544349985896262959566454975252*n**2 + 1309940887828062914865464940923464182475617816768387948311472623007612773231310205276604047792753092948*n + 505211361696773575981171051595826406464425604263290117806077595650318975901882723798139302179023231440)
2	8	15457179582213726963195138548988932508886577631501519314428280597680285216481437346078612350033280749769551661608114379130814694400*n**8/(10027473231713628268589319353101234602546088245713320691817776844595429033004605835551758903711200259065929976641*n**8 + 360989036341690617669215496711644445691659176845679544905439966405435445188165810079863320533603209326373479159076*n**7 + 5475000384515641034649768366793274092990164182159473097732506157149104252020514786211260361426315341449997767245986*n**6 + 45484618579053017826321152585667200157149056282555622658085435767084866093708892070062778387234004375123058374043576*n**5 + 225106746578739241001561630157769615592557135028018336210617272384322786361920396402301435629412734615771062045613809*n**4 + 674688508922619764423763763354063468997711001524575069428267297211758847056681899039264546077304398230992032548313044*n**3 + 1184485248022940625598844759265730236191154127936640293400283071990990459094636059718715968741981819401903912560741484*n**2 + 1098850626624106240185091971990245692685410534318248534692159257738145495152776725883103947704288169189480870560227344*n + 404307720702693491789521356317041779174658278067161090294092762374087698610745707289446918997635594445538296658165120) + 367142084513266099218033530691253518173329900988950301448428843755474976815915769143816722846278514861648378645693430914749394816000*n**7/(10027473231713628268589319353101234602546088245713320691817776844595429033004605835551758903711200259065929976641*n**8 + 360989036341690617669215496711644445691659176845679544905439966405435445188165810079863320533603209326373479159076*n**7 + 5475000384515641034649768366793274092990164182159473097732506157149104252020514786211260361426315341449997767245986*n**6 + 45484618579053017826321152585667200157149056282555622658085435767084866093708892070062778387234004375123058374043576*n**5 + 225106746578739241001561630157769615592557135028018336210617272384322786361920396402301435629412734615771062045613809*n**4 + 674688508922619764423763763354063468997711001524575069428267297211758847056681899039264546077304398230992032548313044*n**3 + 1184485248022940625598844759265730236191154127936640293400283071990990459094636059718715968741981819401903912560741484*n**2 + 1098850626624106240185091971990245692685410534318248534692159257738145495152776725883103947704288169189480870560227344*n + 404307720702693491789521356317041779174658278067161090294092762374087698610745707289446918997635594445538296658165120) + 3476811098014018102909352406128484717113810550806624484660521928265029711722049338570677670376136131301073382801790417120953472934400*n**6/(10027473231713628268589319353101234602546088245713320691817776844595429033004605835551758903711200259065929976641*n**8 + 360989036341690617669215496711644445691659176845679544905439966405435445188165810079863320533603209326373479159076*n**7 + 5475000384515641034649768366793274092990164182159473097732506157149104252020514786211260361426315341449997767245986*n**6 + 45484618579053017826321152585667200157149056282555622658085435767084866093708892070062778387234004375123058374043576*n**5 + 225106746578739241001561630157769615592557135028018336210617272384322786361920396402301435629412734615771062045613809*n**4 + 674688508922619764423763763354063468997711001524575069428267297211758847056681899039264546077304398230992032548313044*n**3 + 1184485248022940625598844759265730236191154127936640293400283071990990459094636059718715968741981819401903912560741484*n**2 + 1098850626624106240185091971990245692685410534318248534692159257738145495152776725883103947704288169189480870560227344*n + 404307720702693491789521356317041779174658278067161090294092762374087698610745707289446918997635594445538296658165120) + 16597497865600874020339441277414931663400686089320711960759811905306134542529825450809575047240182627180098979082661269239907980736000*n**5/(10027473231713628268589319353101234602546088245713320691817776844595429033004605835551758903711200259065929976641*n**8 + 360989036341690617669215496711644445691659176845679544905439966405435445188165810079863320533603209326373479159076*n**7 + 5475000384515641034649768366793274092990164182159473097732506157149104252020514786211260361426315341449997767245986*n**6 + 45484618579053017826321152585667200157149056282555622658085435767084866093708892070062778387234004375123058374043576*n**5 + 225106746578739241001561630157769615592557135028018336210617272384322786361920396402301435629412734615771062045613809*n**4 + 674688508922619764423763763354063468997711001524575069428267297211758847056681899039264546077304398230992032548313044*n**3 + 1184485248022940625598844759265730236191154127936640293400283071990990459094636059718715968741981819401903912560741484*n**2 + 1098850626624106240185091971990245692685410534318248534692159257738145495152776725883103947704288169189480870560227344*n + 404307720702693491789521356317041779174658278067161090294092762374087698610745707289446918997635594445538296658165120) + 40923939415970785925009399835535446703039984832711030230442082914844928534847784481899057197094657951909081274281315579719021790297600*n**4/(10027473231713628268589319353101234602546088245713320691817776844595429033004605835551758903711200259065929976641*n**8 + 360989036341690617669215496711644445691659176845679544905439966405435445188165810079863320533603209326373479159076*n**7 + 5475000384515641034649768366793274092990164182159473097732506157149104252020514786211260361426315341449997767245986*n**6 + 45484618579053017826321152585667200157149056282555622658085435767084866093708892070062778387234004375123058374043576*n**5 + 225106746578739241001561630157769615592557135028018336210617272384322786361920396402301435629412734615771062045613809*n**4 + 674688508922619764423763763354063468997711001524575069428267297211758847056681899039264546077304398230992032548313044*n**3 + 1184485248022940625598844759265730236191154127936640293400283071990990459094636059718715968741981819401903912560741484*n**2 + 1098850626624106240185091971990245692685410534318248534692159257738145495152776725883103947704288169189480870560227344*n + 404307720702693491789521356317041779174658278067161090294092762374087698610745707289446918997635594445538296658165120) + 44221991241150253360625030995199829764864811051616053505648620349813188314268382540471175491887016776972678855136751858733664426176000*n**3/(10027473231713628268589319353101234602546088245713320691817776844595429033004605835551758903711200259065929976641*n**8 + 360989036341690617669215496711644445691659176845679544905439966405435445188165810079863320533603209326373479159076*n**7 + 5475000384515641034649768366793274092990164182159473097732506157149104252020514786211260361426315341449997767245986*n**6 + 45484618579053017826321152585667200157149056282555622658085435767084866093708892070062778387234004375123058374043576*n**5 + 225106746578739241001561630157769615592557135028018336210617272384322786361920396402301435629412734615771062045613809*n**4 + 674688508922619764423763763354063468997711001524575069428267297211758847056681899039264546077304398230992032548313044*n**3 + 1184485248022940625598844759265730236191154127936640293400283071990990459094636059718715968741981819401903912560741484*n**2 + 1098850626624106240185091971990245692685410534318248534692159257738145495152776725883103947704288169189480870560227344*n + 404307720702693491789521356317041779174658278067161090294092762374087698610745707289446918997635594445538296658165120) - 217408217055453887776029966891961101805861282450032162497026611255642755282262726408296666219867681431235678260173337619026853222400*n**2/(10027473231713628268589319353101234602546088245713320691817776844595429033004605835551758903711200259065929976641*n**8 + 360989036341690617669215496711644445691659176845679544905439966405435445188165810079863320533603209326373479159076*n**7 + 5475000384515641034649768366793274092990164182159473097732506157149104252020514786211260361426315341449997767245986*n**6 + 45484618579053017826321152585667200157149056282555622658085435767084866093708892070062778387234004375123058374043576*n**5 + 225106746578739241001561630157769615592557135028018336210617272384322786361920396402301435629412734615771062045613809*n**4 + 674688508922619764423763763354063468997711001524575069428267297211758847056681899039264546077304398230992032548313044*n**3 + 1184485248022940625598844759265730236191154127936640293400283071990990459094636059718715968741981819401903912560741484*n**2 + 1098850626624106240185091971990245692685410534318248534692159257738145495152776725883103947704288169189480870560227344*n + 404307720702693491789521356317041779174658278067161090294092762374087698610745707289446918997635594445538296658165120) - 31382598306299384789958924444949876396289813373724352684919849212932933940037133174434705600374398036876204690768516103280135106944000*n/(10027473231713628268589319353101234602546088245713320691817776844595429033004605835551758903711200259065929976641*n**8 + 360989036341690617669215496711644445691659176845679544905439966405435445188165810079863320533603209326373479159076*n**7 + 5475000384515641034649768366793274092990164182159473097732506157149104252020514786211260361426315341449997767245986*n**6 + 45484618579053017826321152585667200157149056282555622658085435767084866093708892070062778387234004375123058374043576*n**5 + 225106746578739241001561630157769615592557135028018336210617272384322786361920396402301435629412734615771062045613809*n**4 + 674688508922619764423763763354063468997711001524575069428267297211758847056681899039264546077304398230992032548313044*n**3 + 1184485248022940625598844759265730236191154127936640293400283071990990459094636059718715968741981819401903912560741484*n**2 + 1098850626624106240185091971990245692685410534318248534692159257738145495152776725883103947704288169189480870560227344*n + 404307720702693491789521356317041779174658278067161090294092762374087698610745707289446918997635594445538296658165120) - 12201937573080507642648689519836940169654078591205405665739504704884664170056019382945088177935497360161115221751903690519273053440000/(10027473231713628268589319353101234602546088245713320691817776844595429033004605835551758903711200259065929976641*n**8 + 360989036341690617669215496711644445691659176845679544905439966405435445188165810079863320533603209326373479159076*n**7 + 5475000384515641034649768366793274092990164182159473097732506157149104252020514786211260361426315341449997767245986*n**6 + 45484618579053017826321152585667200157149056282555622658085435767084866093708892070062778387234004375123058374043576*n**5 + 225106746578739241001561630157769615592557135028018336210617272384322786361920396402301435629412734615771062045613809*n**4 + 674688508922619764423763763354063468997711001524575069428267297211758847056681899039264546077304398230992032548313044*n**3 + 1184485248022940625598844759265730236191154127936640293400283071990990459094636059718715968741981819401903912560741484*n**2 + 1098850626624106240185091971990245692685410534318248534692159257738145495152776725883103947704288169189480870560227344*n + 404307720702693491789521356317041779174658278067161090294092762374087698610745707289446918997635594445538296658165120)
3	1	120105061949952000*n/(100034300333431*n + 100034300333431) - 95923798198272000/(100034300333431*n + 100034300333431)
3	2	1781540833986555870097351968768000*n**2/(10006861243199073477776231761*n**2 + 30020583729597220433328695283*n + 20013722486398146955552463522) - 532301527945681664062043704320000*n/(10006861243199073477776231761*n**2 + 30020583729597220433328695283*n + 20013722486398146955552463522) - 711109825602692722137062166528000/(10006861243199073477776231761*n**2 + 30020583729597220433328695283*n + 20013722486398146955552463522)
3	3	26479118887382777529340777617087628913912632320000*n**3/(1001029362997146827179021169617809032301991*n**3 + 6006176177982880963074127017706854193811946*n**2 + 11011322992968615098969232865795899355321901*n + 6006176177982880963074127017706854193811946) + 31807063898047144563842027469721622606424483840000*n**2/(1001029362997146827179021169617809032301991*n**3 + 6006176177982880963074127017706854193811946*n**2 + 11011322992968615098969232865795899355321901*n + 6006176177982880963074127017706854193811946) - 22425782276090911448960702662280277476455994880000*n/(1001029362997146827179021169617809032301991*n**3 + 6006176177982880963074127017706854193811946*n**2 + 11011322992968615098969232865795899355321901*n + 6006176177982880963074127017706854193811946) - 15862607954400146483698148972226932503617300480000/(1001029362997146827179021169617809032301991*n**3 + 6006176177982880963074127017706854193811946*n**2 + 11011322992968615098969232865795899355321901*n + 6006176177982880963074127017706854193811946)
3	4	393559676759412919473506661221376452910263303123876172952381440000*n**4/(100137271940639706387576021121027001686842741740785161121*n**4 + 1001372719406397063875760211210270016868427417407851611210*n**3 + 3504804517922389723565160739235945059039495960927480639235*n**2 + 5006863597031985319378801056051350084342137087039258056050*n + 2403294526575352953301824506904648040484225801778843866904) + 1456648222477367527952477902195440635402429025516684721549132800000*n**3/(100137271940639706387576021121027001686842741740785161121*n**4 + 1001372719406397063875760211210270016868427417407851611210*n**3 + 3504804517922389723565160739235945059039495960927480639235*n**2 + 5006863597031985319378801056051350084342137087039258056050*n + 2403294526575352953301824506904648040484225801778843866904) + 848719747329651527468271198320400748946482394275054518351882240000*n**2/(100137271940639706387576021121027001686842741740785161121*n**4 + 1001372719406397063875760211210270016868427417407851611210*n**3 + 3504804517922389723565160739235945059039495960927480639235*n**2 + 5006863597031985319378801056051350084342137087039258056050*n + 2403294526575352953301824506904648040484225801778843866904) - 1069101924960257686449920286146546253852532429935630586051330560000*n/(100137271940639706387576021121027001686842741740785161121*n**4 + 1001372719406397063875760211210270016868427417407851611210*n**3 + 3504804517922389723565160739235945059039495960927480639235*n**2 + 5006863597031985319378801056051350084342137087039258056050*n + 2403294526575352953301824506904648040484225801778843866904) - 589480229038334991264789619873700933691371937163683049725573120000/(100137271940639706387576021121027001686842741740785161121*n**4 + 1001372719406397063875760211210270016868427417407851611210*n**3 + 3504804517922389723565160739235945059039495960927480639235*n**2 + 5006863597031985319378801056051350084342137087039258056050*n + 2403294526575352953301824506904648040484225801778843866904)
3	5	5849485392919571374810192267914151992734088725067974997079855110629905759249920000*n**5/(10017161935880405301126133910143011693247287079565887264498187357736151*n**5 + 150257429038206079516892008652145175398709306193488308967472810366042265*n**4 + 851458764549834450595721382362155993926019401763100417482345925407572835*n**3 + 2253861435573091192753380129782177630980639592902324634512092155490633975*n**2 + 2744702370431231052508560691379185203949756659801053110472503336019705374*n + 1202059432305648636135136069217161403189674449547906471739782482928338120) + 42123390709307938420124051592313495667844867110498967170164214635347232935905280000*n**4/(10017161935880405301126133910143011693247287079565887264498187357736151*n**5 + 150257429038206079516892008652145175398709306193488308967472810366042265*n**4 + 851458764549834450595721382362155993926019401763100417482345925407572835*n**3 + 2253861435573091192753380129782177630980639592902324634512092155490633975*n**2 + 2744702370431231052508560691379185203949756659801053110472503336019705374*n + 1202059432305648636135136069217161403189674449547906471739782482928338120) + 88392618258914986917369371426816881179011227081868899741932191492351067657431040000*n**3/(10017161935880405301126133910143011693247287079565887264498187357736151*n**5 + 150257429038206079516892008652145175398709306193488308967472810366042265*n**4 + 851458764549834450595721382362155993926019401763100417482345925407572835*n**3 + 2253861435573091192753380129782177630980639592902324634512092155490633975*n**2 + 2744702370431231052508560691379185203949756659801053110472503336019705374*n + 1202059432305648636135136069217161403189674449547906471739782482928338120) + 28263692871445176378807796329452869745005426600140146008438859373376890011688960000*n**2/(10017161935880405301126133910143011693247287079565887264498187357736151*n**5 + 150257429038206079516892008652145175398709306193488308967472810366042265*n**4 + 851458764549834450595721382362155993926019401763100417482345925407572835*n**3 + 2253861435573091192753380129782177630980639592902324634512092155490633975*n**2 + 2744702370431231052508560691379185203949756659801053110472503336019705374*n + 1202059432305648636135136069217161403189674449547906471739782482928338120) - 64378787461644667883905062279860113463512577479617257602191701049609288184757760000*n/(10017161935880405301126133910143011693247287079565887264498187357736151*n**5 + 150257429038206079516892008652145175398709306193488308967472810366042265*n**4 + 851458764549834450595721382362155993926019401763100417482345925407572835*n**3 + 2253861435573091192753380129782177630980639592902324634512092155490633975*n**2 + 2744702370431231052508560691379185203949756659801053110472503336019705374*n + 1202059432305648636135136069217161403189674449547906471739782482928338120) - 30666539671982286767900471448245680113498514762218953225753813350971537059235840000/(10017161935880405301126133910143011693247287079565887264498187357736151*n**5 + 150257429038206079516892008652145175398709306193488308967472810366042265*n**4 + 851458764549834450595721382362155993926019401763100417482345925407572835*n**3 + 2253861435573091192753380129782177630980639592902324634512092155490633975*n**2 + 2744702370431231052508560691379185203949756659801053110472503336019705374*n + 1202059432305648636135136069217161403189674449547906471739782482928338120)
3	6	86941019069243979026210380512577400952914927713327203490439964215929785046292270127960862912512000*n**6/(1002059785582473549456981437367207030418701621794554014609724380088880558856622564081*n**6 + 21043255497231944538596610184711347638792734057685634306804211981866491735989073845701*n**5 + 175360462476932871154971751539261230323272783814046952556701766515554097799908948714175*n**4 + 736513942403118058850881356464897167357745692018997200738147419365327210759617584599535*n**3 + 1627345091785937044318137854284344217399971433794355719726192393264342027583155044067544*n**2 + 1767633461767483341242115255515753201658589660845593281771553806476785305823082203038884*n + 721483045619380955609026634904389061901465167692078890519001553663994002376768246138320) + 1017315389321608660845003413745373327070936251742229469299263843657883920038416610012885490178048000*n**5/(1002059785582473549456981437367207030418701621794554014609724380088880558856622564081*n**6 + 21043255497231944538596610184711347638792734057685634306804211981866491735989073845701*n**5 + 175360462476932871154971751539261230323272783814046952556701766515554097799908948714175*n**4 + 736513942403118058850881356464897167357745692018997200738147419365327210759617584599535*n**3 + 1627345091785937044318137854284344217399971433794355719726192393264342027583155044067544*n**2 + 1767633461767483341242115255515753201658589660845593281771553806476785305823082203038884*n + 721483045619380955609026634904389061901465167692078890519001553663994002376768246138320) + 4131180671724840927985788497430029204582665725630998595659326200636358666864120231475214961274880000*n**4/(1002059785582473549456981437367207030418701621794554014609724380088880558856622564081*n**6 + 21043255497231944538596610184711347638792734057685634306804211981866491735989073845701*n**5 + 175360462476932871154971751539261230323272783814046952556701766515554097799908948714175*n**4 + 736513942403118058850881356464897167357745692018997200738147419365327210759617584599535*n**3 + 1627345091785937044318137854284344217399971433794355719726192393264342027583155044067544*n**2 + 1767633461767483341242115255515753201658589660845593281771553806476785305823082203038884*n + 721483045619380955609026634904389061901465167692078890519001553663994002376768246138320) + 6332231970046187855142753802286372166410601910443658901455105901166044286025451304703133674905600000*n**3/(1002059785582473549456981437367207030418701621794554014609724380088880558856622564081*n**6 + 21043255497231944538596610184711347638792734057685634306804211981866491735989073845701*n**5 + 175360462476932871154971751539261230323272783814046952556701766515554097799908948714175*n**4 + 736513942403118058850881356464897167357745692018997200738147419365327210759617584599535*n**3 + 1627345091785937044318137854284344217399971433794355719726192393264342027583155044067544*n**2 + 1767633461767483341242115255515753201658589660845593281771553806476785305823082203038884*n + 721483045619380955609026634904389061901465167692078890519001553663994002376768246138320) + 933591202801217050374944742260807481330602080682378723444030316602597993453371605146014166550528000*n**2/(1002059785582473549456981437367207030418701621794554014609724380088880558856622564081*n**6 + 21043255497231944538596610184711347638792734057685634306804211981866491735989073845701*n**5 + 175360462476932871154971751539261230323272783814046952556701766515554097799908948714175*n**4 + 736513942403118058850881356464897167357745692018997200738147419365327210759617584599535*n**3 + 1627345091785937044318137854284344217399971433794355719726192393264342027583155044067544*n**2 + 1767633461767483341242115255515753201658589660845593281771553806476785305823082203038884*n + 721483045619380955609026634904389061901465167692078890519001553663994002376768246138320) - 4761779062766437348672748594374968234069305901332764748585630345257482695855424807124513676064768000*n/(1002059785582473549456981437367207030418701621794554014609724380088880558856622564081*n**6 + 21043255497231944538596610184711347638792734057685634306804211981866491735989073845701*n**5 + 175360462476932871154971751539261230323272783814046952556701766515554097799908948714175*n**4 + 736513942403118058850881356464897167357745692018997200738147419365327210759617584599535*n**3 + 1627345091785937044318137854284344217399971433794355719726192393264342027583155044067544*n**2 + 1767633461767483341242115255515753201658589660845593281771553806476785305823082203038884*n + 721483045619380955609026634904389061901465167692078890519001553663994002376768246138320) - 2051141876907761200787176394895722254204993593768087650743317922906395460243353852681386561740800000/(1002059785582473549456981437367207030418701621794554014609724380088880558856622564081*n**6 + 21043255497231944538596610184711347638792734057685634306804211981866491735989073845701*n**5 + 175360462476932871154971751539261230323272783814046952556701766515554097799908948714175*n**4 + 736513942403118058850881356464897167357745692018997200738147419365327210759617584599535*n**3 + 1627345091785937044318137854284344217399971433794355719726192393264342027583155044067544*n**2 + 1767633461767483341242115255515753201658589660845593281771553806476785305823082203038884*n + 721483045619380955609026634904389061901465167692078890519001553663994002376768246138320)
3	7	1292206115421368898644442965452146015082954918418464483894269093795334475818664803027073751066110338944329852928000*n**7/(100240349543010630154994256269013175885798731004621055120253491200460114266246572182170496464091911*n**7 + 2806729787204297644339839175532368924802364468129389543367097753612883199454904021100773900994573508*n**6 + 32277392552849422909908150518622242635227191383487979748721624166548156793731396242658899861437595342*n**5 + 196471085104300835103788742287265824736165512769057268035696842752901823961843281477054173069620145560*n**4 + 678526926056638955519156120684950187570971610170279922108995881935914513468223047101112090565438145559*n**3 + 1316356270198815595195384573324681025732308935552683695839168846444442220544349985896262959566454975252*n**2 + 1309940887828062914865464940923464182475617816768387948311472623007612773231310205276604047792753092948*n + 505211361696773575981171051595826406464425604263290117806077595650318975901882723798139302179023231440) + 22227512731670054506944591303770398636091525846543176439602599633347688860746928406364963038436544301565493514240000*n**6/(100240349543010630154994256269013175885798731004621055120253491200460114266246572182170496464091911*n**7 + 2806729787204297644339839175532368924802364468129389543367097753612883199454904021100773900994573508*n**6 + 32277392552849422909908150518622242635227191383487979748721624166548156793731396242658899861437595342*n**5 + 196471085104300835103788742287265824736165512769057268035696842752901823961843281477054173069620145560*n**4 + 678526926056638955519156120684950187570971610170279922108995881935914513468223047101112090565438145559*n**3 + 1316356270198815595195384573324681025732308935552683695839168846444442220544349985896262959566454975252*n**2 + 1309940887828062914865464940923464182475617816768387948311472623007612773231310205276604047792753092948*n + 505211361696773575981171051595826406464425604263290117806077595650318975901882723798139302179023231440) + 144564438449023550977298885535057946929509772612282784770490542597203904487381724180478254784061762197944594260992000*n**5/(100240349543010630154994256269013175885798731004621055120253491200460114266246572182170496464091911*n**7 + 2806729787204297644339839175532368924802364468129389543367097753612883199454904021100773900994573508*n**6 + 32277392552849422909908150518622242635227191383487979748721624166548156793731396242658899861437595342*n**5 + 196471085104300835103788742287265824736165512769057268035696842752901823961843281477054173069620145560*n**4 + 678526926056638955519156120684950187570971610170279922108995881935914513468223047101112090565438145559*n**3 + 1316356270198815595195384573324681025732308935552683695839168846444442220544349985896262959566454975252*n**2 + 1309940887828062914865464940923464182475617816768387948311472623007612773231310205276604047792753092948*n + 505211361696773575981171051595826406464425604263290117806077595650318975901882723798139302179023231440) + 431829939569327104325804123313640838975683230986446082395022286241131739313497289059748740692625803391666424217600000*n**4/(100240349543010630154994256269013175885798731004621055120253491200460114266246572182170496464091911*n**7 + 2806729787204297644339839175532368924802364468129389543367097753612883199454904021100773900994573508*n**6 + 32277392552849422909908150518622242635227191383487979748721624166548156793731396242658899861437595342*n**5 + 196471085104300835103788742287265824736165512769057268035696842752901823961843281477054173069620145560*n**4 + 678526926056638955519156120684950187570971610170279922108995881935914513468223047101112090565438145559*n**3 + 1316356270198815595195384573324681025732308935552683695839168846444442220544349985896262959566454975252*n**2 + 1309940887828062914865464940923464182475617816768387948311472623007612773231310205276604047792753092948*n + 505211361696773575981171051595826406464425604263290117806077595650318975901882723798139302179023231440) + 531522523642693153489153664198106747940517982371561451966831964767100556113968613639077057750409874462009740833792000*n**3/(100240349543010630154994256269013175885798731004621055120253491200460114266246572182170496464091911*n**7 + 2806729787204297644339839175532368924802364468129389543367097753612883199454904021100773900994573508*n**6 + 32277392552849422909908150518622242635227191383487979748721624166548156793731396242658899861437595342*n**5 + 196471085104300835103788742287265824736165512769057268035696842752901823961843281477054173069620145560*n**4 + 678526926056638955519156120684950187570971610170279922108995881935914513468223047101112090565438145559*n**3 + 1316356270198815595195384573324681025732308935552683695839168846444442220544349985896262959566454975252*n**2 + 1309940887828062914865464940923464182475617816768387948311472623007612773231310205276604047792753092948*n + 505211361696773575981171051595826406464425604263290117806077595650318975901882723798139302179023231440) + 5546068154679927833200324645282757412085815245889609982147982214540206367096744722675878906151375201735467407360000*n**2/(100240349543010630154994256269013175885798731004621055120253491200460114266246572182170496464091911*n**7 + 2806729787204297644339839175532368924802364468129389543367097753612883199454904021100773900994573508*n**6 + 32277392552849422909908150518622242635227191383487979748721624166548156793731396242658899861437595342*n**5 + 196471085104300835103788742287265824736165512769057268035696842752901823961843281477054173069620145560*n**4 + 678526926056638955519156120684950187570971610170279922108995881935914513468223047101112090565438145559*n**3 + 1316356270198815595195384573324681025732308935552683695839168846444442220544349985896262959566454975252*n**2 + 1309940887828062914865464940923464182475617816768387948311472623007612773231310205276604047792753092948*n + 505211361696773575981171051595826406464425604263290117806077595650318975901882723798139302179023231440) - 419751315885741476841591575523783818841374481143322135428558803328140841009776727326975459352960747290429471629312000*n/(100240349543010630154994256269013175885798731004621055120253491200460114266246572182170496464091911*n**7 + 2806729787204297644339839175532368924802364468129389543367097753612883199454904021100773900994573508*n**6 + 32277392552849422909908150518622242635227191383487979748721624166548156793731396242658899861437595342*n**5 + 196471085104300835103788742287265824736165512769057268035696842752901823961843281477054173069620145560*n**4 + 678526926056638955519156120684950187570971610170279922108995881935914513468223047101112090565438145559*n**3 + 1316356270198815595195384573324681025732308935552683695839168846444442220544349985896262959566454975252*n**2 + 1309940887828062914865464940923464182475617816768387948311472623007612773231310205276604047792753092948*n + 505211361696773575981171051595826406464425604263290117806077595650318975901882723798139302179023231440) - 167676684779404159640394123712163492433190025453384867812575438704186337829594418428519625156708106368339548569600000/(100240349543010630154994256269013175885798731004621055120253491200460114266246572182170496464091911*n**7 + 2806729787204297644339839175532368924802364468129389543367097753612883199454904021100773900994573508*n**6 + 32277392552849422909908150518622242635227191383487979748721624166548156793731396242658899861437595342*n**5 + 196471085104300835103788742287265824736165512769057268035696842752901823961843281477054173069620145560*n**4 + 678526926056638955519156120684950187570971610170279922108995881935914513468223047101112090565438145559*n**3 + 1316356270198815595195384573324681025732308935552683695839168846444442220544349985896262959566454975252*n**2 + 1309940887828062914865464940923464182475617816768387948311472623007612773231310205276604047792753092948*n + 505211361696773575981171051595826406464425604263290117806077595650318975901882723798139302179023231440)
3	8	19206085488858583291892463446522987329140934265427806558849589795263765286559042898712027959232949954517076312002215971481251840000*n**8/(10027473231713628268589319353101234602546088245713320691817776844595429033004605835551758903711200259065929976641*n**8 + 360989036341690617669215496711644445691659176845679544905439966405435445188165810079863320533603209326373479159076*n**7 + 5475000384515641034649768366793274092990164182159473097732506157149104252020514786211260361426315341449997767245986*n**6 + 45484618579053017826321152585667200157149056282555622658085435767084866093708892070062778387234004375123058374043576*n**5 + 225106746578739241001561630157769615592557135028018336210617272384322786361920396402301435629412734615771062045613809*n**4 + 674688508922619764423763763354063468997711001524575069428267297211758847056681899039264546077304398230992032548313044*n**3 + 1184485248022940625598844759265730236191154127936640293400283071990990459094636059718715968741981819401903912560741484*n**2 + 1098850626624106240185091971990245692685410534318248534692159257738145495152776725883103947704288169189480870560227344*n + 404307720702693491789521356317041779174658278067161090294092762374087698610745707289446918997635594445538296658165120) + 455207524559960562310522556797679729886838739833761484029308354183799001840592654700087004512958076176621357011816685137247918080000*n**7/(10027473231713628268589319353101234602546088245713320691817776844595429033004605835551758903711200259065929976641*n**8 + 360989036341690617669215496711644445691659176845679544905439966405435445188165810079863320533603209326373479159076*n**7 + 5475000384515641034649768366793274092990164182159473097732506157149104252020514786211260361426315341449997767245986*n**6 + 45484618579053017826321152585667200157149056282555622658085435767084866093708892070062778387234004375123058374043576*n**5 + 225106746578739241001561630157769615592557135028018336210617272384322786361920396402301435629412734615771062045613809*n**4 + 674688508922619764423763763354063468997711001524575069428267297211758847056681899039264546077304398230992032548313044*n**3 + 1184485248022940625598844759265730236191154127936640293400283071990990459094636059718715968741981819401903912560741484*n**2 + 1098850626624106240185091971990245692685410534318248534692159257738145495152776725883103947704288169189480870560227344*n + 404307720702693491789521356317041779174658278067161090294092762374087698610745707289446918997635594445538296658165120) + 4296063861520297305526609237842842600011247520039563945726462202850048299227383438687980136496920551880366788351149510763963555840000*n**6/(10027473231713628268589319353101234602546088245713320691817776844595429033004605835551758903711200259065929976641*n**8 + 360989036341690617669215496711644445691659176845679544905439966405435445188165810079863320533603209326373479159076*n**7 + 5475000384515641034649768366793274092990164182159473097732506157149104252020514786211260361426315341449997767245986*n**6 + 45484618579053017826321152585667200157149056282555622658085435767084866093708892070062778387234004375123058374043576*n**5 + 225106746578739241001561630157769615592557135028018336210617272384322786361920396402301435629412734615771062045613809*n**4 + 674688508922619764423763763354063468997711001524575069428267297211758847056681899039264546077304398230992032548313044*n**3 + 1184485248022940625598844759265730236191154127936640293400283071990990459094636059718715968741981819401903912560741484*n**2 + 1098850626624106240185091971990245692685410534318248534692159257738145495152776725883103947704288169189480870560227344*n + 404307720702693491789521356317041779174658278067161090294092762374087698610745707289446918997635594445538296658165120) + 20384706613170092234202923156233076272950890318172410386804605647217066226029003961027986029832347332592345940976375612197232419840000*n**5/(10027473231713628268589319353101234602546088245713320691817776844595429033004605835551758903711200259065929976641*n**8 + 360989036341690617669215496711644445691659176845679544905439966405435445188165810079863320533603209326373479159076*n**7 + 5475000384515641034649768366793274092990164182159473097732506157149104252020514786211260361426315341449997767245986*n**6 + 45484618579053017826321152585667200157149056282555622658085435767084866093708892070062778387234004375123058374043576*n**5 + 225106746578739241001561630157769615592557135028018336210617272384322786361920396402301435629412734615771062045613809*n**4 + 674688508922619764423763763354063468997711001524575069428267297211758847056681899039264546077304398230992032548313044*n**3 + 1184485248022940625598844759265730236191154127936640293400283071990990459094636059718715968741981819401903912560741484*n**2 + 1098850626624106240185091971990245692685410534318248534692159257738145495152776725883103947704288169189480870560227344*n + 404307720702693491789521356317041779174658278067161090294092762374087698610745707289446918997635594445538296658165120) + 49619336645211592633810599744822164508617929240463411876405867666719540831002004562812557244959337945326300206304997899383108597760000*n**4/(10027473231713628268589319353101234602546088245713320691817776844595429033004605835551758903711200259065929976641*n**8 + 360989036341690617669215496711644445691659176845679544905439966405435445188165810079863320533603209326373479159076*n**7 + 5475000384515641034649768366793274092990164182159473097732506157149104252020514786211260361426315341449997767245986*n**6 + 45484618579053017826321152585667200157149056282555622658085435767084866093708892070062778387234004375123058374043576*n**5 + 225106746578739241001561630157769615592557135028018336210617272384322786361920396402301435629412734615771062045613809*n**4 + 674688508922619764423763763354063468997711001524575069428267297211758847056681899039264546077304398230992032548313044*n**3 + 1184485248022940625598844759265730236191154127936640293400283071990990459094636059718715968741981819401903912560741484*n**2 + 1098850626624106240185091971990245692685410534318248534692159257738145495152776725883103947704288169189480870560227344*n + 404307720702693491789521356317041779174658278067161090294092762374087698610745707289446918997635594445538296658165120) + 51433201872421090025478316595998058491126392974805897442909310912766938355729496589880804007982901689661235223585652263090922040320000*n**3/(10027473231713628268589319353101234602546088245713320691817776844595429033004605835551758903711200259065929976641*n**8 + 360989036341690617669215496711644445691659176845679544905439966405435445188165810079863320533603209326373479159076*n**7 + 5475000384515641034649768366793274092990164182159473097732506157149104252020514786211260361426315341449997767245986*n**6 + 45484618579053017826321152585667200157149056282555622658085435767084866093708892070062778387234004375123058374043576*n**5 + 225106746578739241001561630157769615592557135028018336210617272384322786361920396402301435629412734615771062045613809*n**4 + 674688508922619764423763763354063468997711001524575069428267297211758847056681899039264546077304398230992032548313044*n**3 + 1184485248022940625598844759265730236191154127936640293400283071990990459094636059718715968741981819401903912560741484*n**2 + 1098850626624106240185091971990245692685410534318248534692159257738145495152776725883103947704288169189480870560227344*n + 404307720702693491789521356317041779174658278067161090294092762374087698610745707289446918997635594445538296658165120) - 5702883778073827689548926652425665831648095146089154394354852254551178651153689130060185241945973192361228650929638098772573757440000*n**2/(10027473231713628268589319353101234602546088245713320691817776844595429033004605835551758903711200259065929976641*n**8 + 360989036341690617669215496711644445691659176845679544905439966405435445188165810079863320533603209326373479159076*n**7 + 5475000384515641034649768366793274092990164182159473097732506157149104252020514786211260361426315341449997767245986*n**6 + 45484618579053017826321152585667200157149056282555622658085435767084866093708892070062778387234004375123058374043576*n**5 + 225106746578739241001561630157769615592557135028018336210617272384322786361920396402301435629412734615771062045613809*n**4 + 674688508922619764423763763354063468997711001524575069428267297211758847056681899039264546077304398230992032548313044*n**3 + 1184485248022940625598844759265730236191154127936640293400283071990990459094636059718715968741981819401903912560741484*n**2 + 1098850626624106240185091971990245692685410534318248534692159257738145495152776725883103947704288169189480870560227344*n + 404307720702693491789521356317041779174658278067161090294092762374087698610745707289446918997635594445538296658165120) - 43044634576200846236444086020480217170606798336124847060600999952813645201069553003736937573755175370614931002139544977432562288640000*n/(10027473231713628268589319353101234602546088245713320691817776844595429033004605835551758903711200259065929976641*n**8 + 360989036341690617669215496711644445691659176845679544905439966405435445188165810079863320533603209326373479159076*n**7 + 5475000384515641034649768366793274092990164182159473097732506157149104252020514786211260361426315341449997767245986*n**6 + 45484618579053017826321152585667200157149056282555622658085435767084866093708892070062778387234004375123058374043576*n**5 + 225106746578739241001561630157769615592557135028018336210617272384322786361920396402301435629412734615771062045613809*n**4 + 674688508922619764423763763354063468997711001524575069428267297211758847056681899039264546077304398230992032548313044*n**3 + 1184485248022940625598844759265730236191154127936640293400283071990990459094636059718715968741981819401903912560741484*n**2 + 1098850626624106240185091971990245692685410534318248534692159257738145495152776725883103947704288169189480870560227344*n + 404307720702693491789521356317041779174658278067161090294092762374087698610745707289446918997635594445538296658165120) - 16199369115192766381460306417734830173008770091070557230813944798801999538742643260821636633039976365084549324392376717377562009600000/(10027473231713628268589319353101234602546088245713320691817776844595429033004605835551758903711200259065929976641*n**8 + 360989036341690617669215496711644445691659176845679544905439966405435445188165810079863320533603209326373479159076*n**7 + 5475000384515641034649768366793274092990164182159473097732506157149104252020514786211260361426315341449997767245986*n**6 + 45484618579053017826321152585667200157149056282555622658085435767084866093708892070062778387234004375123058374043576*n**5 + 225106746578739241001561630157769615592557135028018336210617272384322786361920396402301435629412734615771062045613809*n**4 + 674688508922619764423763763354063468997711001524575069428267297211758847056681899039264546077304398230992032548313044*n**3 + 1184485248022940625598844759265730236191154127936640293400283071990990459094636059718715968741981819401903912560741484*n**2 + 1098850626624106240185091971990245692685410534318248534692159257738145495152776725883103947704288169189480870560227344*n + 404307720702693491789521356317041779174658278067161090294092762374087698610745707289446918997635594445538296658165120)
4	1	95723483996160000*n/(100034300333431*n + 100034300333431) - 79698347827200000/(100034300333431*n + 100034300333431)
4	2	1419559491338370729945628876800000*n**2/(10006861243199073477776231761*n**2 + 30020583729597220433328695283*n + 20013722486398146955552463522) - 472258532118554843325528268800000*n/(10006861243199073477776231761*n**2 + 30020583729597220433328695283*n + 20013722486398146955552463522) - 590784136161828335585335296000000/(10006861243199073477776231761*n**2 + 30020583729597220433328695283*n + 20013722486398146955552463522)
4	3	21098983957490278249480725253687606056075878400000*n**3/(1001029362997146827179021169617809032301991*n**3 + 6006176177982880963074127017706854193811946*n**2 + 11011322992968615098969232865795899355321901*n + 6006176177982880963074127017706854193811946) + 24629277940640916540669246287555338839972249600000*n**2/(1001029362997146827179021169617809032301991*n**3 + 6006176177982880963074127017706854193811946*n**2 + 11011322992968615098969232865795899355321901*n + 6006176177982880963074127017706854193811946) - 19300966860362410824456028374536864041742745600000*n/(1001029362997146827179021169617809032301991*n**3 + 6006176177982880963074127017706854193811946*n**2 + 11011322992968615098969232865795899355321901*n + 6006176177982880963074127017706854193811946) - 13178525260047109755053698892638196838503424000000/(1001029362997146827179021169617809032301991*n**3 + 6006176177982880963074127017706854193811946*n**2 + 11011322992968615098969232865795899355321901*n + 6006176177982880963074127017706854193811946)
4	4	313594622951118049033432007257999830238267719162636288853401600000*n**4/(100137271940639706387576021121027001686842741740785161121*n**4 + 1001372719406397063875760211210270016868427417407851611210*n**3 + 3504804517922389723565160739235945059039495960927480639235*n**2 + 5006863597031985319378801056051350084342137087039258056050*n + 2403294526575352953301824506904648040484225801778843866904) + 1150052010753535565019621007349007375171543276813120159277056000000*n**3/(100137271940639706387576021121027001686842741740785161121*n**4 + 1001372719406397063875760211210270016868427417407851611210*n**3 + 3504804517922389723565160739235945059039495960927480639235*n**2 + 5006863597031985319378801056051350084342137087039258056050*n + 2403294526575352953301824506904648040484225801778843866904) + 628422078124883919484810808041847974751160691477647213507379200000*n**2/(100137271940639706387576021121027001686842741740785161121*n**4 + 1001372719406397063875760211210270016868427417407851611210*n**3 + 3504804517922389723565160739235945059039495960927480639235*n**2 + 5006863597031985319378801056051350084342137087039258056050*n + 2403294526575352953301824506904648040484225801778843866904) - 913092378516237462234346706776678435963666020157994010734592000000*n/(100137271940639706387576021121027001686842741740785161121*n**4 + 1001372719406397063875760211210270016868427417407851611210*n**3 + 3504804517922389723565160739235945059039495960927480639235*n**2 + 5006863597031985319378801056051350084342137087039258056050*n + 2403294526575352953301824506904648040484225801778843866904) - 489735364457179634997260694982549052370624538171442677668864000000/(100137271940639706387576021121027001686842741740785161121*n**4 + 1001372719406397063875760211210270016868427417407851611210*n**3 + 3504804517922389723565160739235945059039495960927480639235*n**2 + 5006863597031985319378801056051350084342137087039258056050*n + 2403294526575352953301824506904648040484225801778843866904)
4	5	4660963189508629857434169822029107464540487149671626174931485239912258439987200000*n**5/(10017161935880405301126133910143011693247287079565887264498187357736151*n**5 + 150257429038206079516892008652145175398709306193488308967472810366042265*n**4 + 851458764549834450595721382362155993926019401763100417482345925407572835*n**3 + 2253861435573091192753380129782177630980639592902324634512092155490633975*n**2 + 2744702370431231052508560691379185203949756659801053110472503336019705374*n + 1202059432305648636135136069217161403189674449547906471739782482928338120) + 33406617334717835075509777555636252841103688030133467037057304591867888025190400000*n**4/(10017161935880405301126133910143011693247287079565887264498187357736151*n**5 + 150257429038206079516892008652145175398709306193488308967472810366042265*n**4 + 851458764549834450595721382362155993926019401763100417482345925407572835*n**3 + 2253861435573091192753380129782177630980639592902324634512092155490633975*n**2 + 2744702370431231052508560691379185203949756659801053110472503336019705374*n + 1202059432305648636135136069217161403189674449547906471739782482928338120) + 69168530450508358727354070679956982158471269189898004736795054827593685886976000000*n**3/(10017161935880405301126133910143011693247287079565887264498187357736151*n**5 + 150257429038206079516892008652145175398709306193488308967472810366042265*n**4 + 851458764549834450595721382362155993926019401763100417482345925407572835*n**3 + 2253861435573091192753380129782177630980639592902324634512092155490633975*n**2 + 2744702370431231052508560691379185203949756659801053110472503336019705374*n + 1202059432305648636135136069217161403189674449547906471739782482928338120) + 19121803063811753782489912656109131875203973121519236428885462024329246905548800000*n**2/(10017161935880405301126133910143011693247287079565887264498187357736151*n**5 + 150257429038206079516892008652145175398709306193488308967472810366042265*n**4 + 851458764549834450595721382362155993926019401763100417482345925407572835*n**3 + 2253861435573091192753380129782177630980639592902324634512092155490633975*n**2 + 2744702370431231052508560691379185203949756659801053110472503336019705374*n + 1202059432305648636135136069217161403189674449547906471739782482928338120) - 54780287808381006855624980401337192457715649850128682459768871454020365499392000000*n/(10017161935880405301126133910143011693247287079565887264498187357736151*n**5 + 150257429038206079516892008652145175398709306193488308967472810366042265*n**4 + 851458764549834450595721382362155993926019401763100417482345925407572835*n**3 + 2253861435573091192753380129782177630980639592902324634512092155490633975*n**2 + 2744702370431231052508560691379185203949756659801053110472503336019705374*n + 1202059432305648636135136069217161403189674449547906471739782482928338120) - 25477510937726923838196421634882367064219864506586895229815813664062461301760000000/(10017161935880405301126133910143011693247287079565887264498187357736151*n**5 + 150257429038206079516892008652145175398709306193488308967472810366042265*n**4 + 851458764549834450595721382362155993926019401763100417482345925407572835*n**3 + 2253861435573091192753380129782177630980639592902324634512092155490633975*n**2 + 2744702370431231052508560691379185203949756659801053110472503336019705374*n + 1202059432305648636135136069217161403189674449547906471739782482928338120)
4	6	69275989650408882391636436494124036104702987629213293128527697255917563635245810568688060252160000*n**6/(1002059785582473549456981437367207030418701621794554014609724380088880558856622564081*n**6 + 21043255497231944538596610184711347638792734057685634306804211981866491735989073845701*n**5 + 175360462476932871154971751539261230323272783814046952556701766515554097799908948714175*n**4 + 736513942403118058850881356464897167357745692018997200738147419365327210759617584599535*n**3 + 1627345091785937044318137854284344217399971433794355719726192393264342027583155044067544*n**2 + 1767633461767483341242115255515753201658589660845593281771553806476785305823082203038884*n + 721483045619380955609026634904389061901465167692078890519001553663994002376768246138320) + 808265178914715887238640683205456321341127585553657814920323149656068506904215889954611102105600000*n**5/(1002059785582473549456981437367207030418701621794554014609724380088880558856622564081*n**6 + 21043255497231944538596610184711347638792734057685634306804211981866491735989073845701*n**5 + 175360462476932871154971751539261230323272783814046952556701766515554097799908948714175*n**4 + 736513942403118058850881356464897167357745692018997200738147419365327210759617584599535*n**3 + 1627345091785937044318137854284344217399971433794355719726192393264342027583155044067544*n**2 + 1767633461767483341242115255515753201658589660845593281771553806476785305823082203038884*n + 721483045619380955609026634904389061901465167692078890519001553663994002376768246138320) + 3262436294321512598046485289626755495187741094841206035057990610928864480322238813148332260966400000*n**4/(1002059785582473549456981437367207030418701621794554014609724380088880558856622564081*n**6 + 21043255497231944538596610184711347638792734057685634306804211981866491735989073845701*n**5 + 175360462476932871154971751539261230323272783814046952556701766515554097799908948714175*n**4 + 736513942403118058850881356464897167357745692018997200738147419365327210759617584599535*n**3 + 1627345091785937044318137854284344217399971433794355719726192393264342027583155044067544*n**2 + 1767633461767483341242115255515753201658589660845593281771553806476785305823082203038884*n + 721483045619380955609026634904389061901465167692078890519001553663994002376768246138320) + 4910551982537022701092286535912753213549788501547295450125889458728919077369345427245528205312000000*n**3/(1002059785582473549456981437367207030418701621794554014609724380088880558856622564081*n**6 + 21043255497231944538596610184711347638792734057685634306804211981866491735989073845701*n**5 + 175360462476932871154971751539261230323272783814046952556701766515554097799908948714175*n**4 + 736513942403118058850881356464897167357745692018997200738147419365327210759617584599535*n**3 + 1627345091785937044318137854284344217399971433794355719726192393264342027583155044067544*n**2 + 1767633461767483341242115255515753201658589660845593281771553806476785305823082203038884*n + 721483045619380955609026634904389061901465167692078890519001553663994002376768246138320) + 464791453856464577490139726958186136189132001145441648123424917939000045054062650917594729226240000*n**2/(1002059785582473549456981437367207030418701621794554014609724380088880558856622564081*n**6 + 21043255497231944538596610184711347638792734057685634306804211981866491735989073845701*n**5 + 175360462476932871154971751539261230323272783814046952556701766515554097799908948714175*n**4 + 736513942403118058850881356464897167357745692018997200738147419365327210759617584599535*n**3 + 1627345091785937044318137854284344217399971433794355719726192393264342027583155044067544*n**2 + 1767633461767483341242115255515753201658589660845593281771553806476785305823082203038884*n + 721483045619380955609026634904389061901465167692078890519001553663994002376768246138320) - 4042658118588448218166897290488151598802150187147910501074988200356021248594584120510630390374400000*n/(1002059785582473549456981437367207030418701621794554014609724380088880558856622564081*n**6 + 21043255497231944538596610184711347638792734057685634306804211981866491735989073845701*n**5 + 175360462476932871154971751539261230323272783814046952556701766515554097799908948714175*n**4 + 736513942403118058850881356464897167357745692018997200738147419365327210759617584599535*n**3 + 1627345091785937044318137854284344217399971433794355719726192393264342027583155044067544*n**2 + 1767633461767483341242115255515753201658589660845593281771553806476785305823082203038884*n + 721483045619380955609026634904389061901465167692078890519001553663994002376768246138320) - 1704071935168199742574120585894908083991970301841858119261093406855192874507218981486754848768000000/(1002059785582473549456981437367207030418701621794554014609724380088880558856622564081*n**6 + 21043255497231944538596610184711347638792734057685634306804211981866491735989073845701*n**5 + 175360462476932871154971751539261230323272783814046952556701766515554097799908948714175*n**4 + 736513942403118058850881356464897167357745692018997200738147419365327210759617584599535*n**3 + 1627345091785937044318137854284344217399971433794355719726192393264342027583155044067544*n**2 + 1767633461767483341242115255515753201658589660845593281771553806476785305823082203038884*n + 721483045619380955609026634904389061901465167692078890519001553663994002376768246138320)
4	7	1029650427801274389205373240523135859364974527817169308170941269863884464299869777921662556701657737748914585600000*n**7/(100240349543010630154994256269013175885798731004621055120253491200460114266246572182170496464091911*n**7 + 2806729787204297644339839175532368924802364468129389543367097753612883199454904021100773900994573508*n**6 + 32277392552849422909908150518622242635227191383487979748721624166548156793731396242658899861437595342*n**5 + 196471085104300835103788742287265824736165512769057268035696842752901823961843281477054173069620145560*n**4 + 678526926056638955519156120684950187570971610170279922108995881935914513468223047101112090565438145559*n**3 + 1316356270198815595195384573324681025732308935552683695839168846444442220544349985896262959566454975252*n**2 + 1309940887828062914865464940923464182475617816768387948311472623007612773231310205276604047792753092948*n + 505211361696773575981171051595826406464425604263290117806077595650318975901882723798139302179023231440) + 17676338967012276365523098389333141763425680002570447994923147599798654258584044997968284146156053680037041766400000*n**6/(100240349543010630154994256269013175885798731004621055120253491200460114266246572182170496464091911*n**7 + 2806729787204297644339839175532368924802364468129389543367097753612883199454904021100773900994573508*n**6 + 32277392552849422909908150518622242635227191383487979748721624166548156793731396242658899861437595342*n**5 + 196471085104300835103788742287265824736165512769057268035696842752901823961843281477054173069620145560*n**4 + 678526926056638955519156120684950187570971610170279922108995881935914513468223047101112090565438145559*n**3 + 1316356270198815595195384573324681025732308935552683695839168846444442220544349985896262959566454975252*n**2 + 1309940887828062914865464940923464182475617816768387948311472623007612773231310205276604047792753092948*n + 505211361696773575981171051595826406464425604263290117806077595650318975901882723798139302179023231440) + 114563019045056087811471018539185265287726328071725884908832317590926600402723261429225886018106510556594092032000000*n**5/(100240349543010630154994256269013175885798731004621055120253491200460114266246572182170496464091911*n**7 + 2806729787204297644339839175532368924802364468129389543367097753612883199454904021100773900994573508*n**6 + 32277392552849422909908150518622242635227191383487979748721624166548156793731396242658899861437595342*n**5 + 196471085104300835103788742287265824736165512769057268035696842752901823961843281477054173069620145560*n**4 + 678526926056638955519156120684950187570971610170279922108995881935914513468223047101112090565438145559*n**3 + 1316356270198815595195384573324681025732308935552683695839168846444442220544349985896262959566454975252*n**2 + 1309940887828062914865464940923464182475617816768387948311472623007612773231310205276604047792753092948*n + 505211361696773575981171051595826406464425604263290117806077595650318975901882723798139302179023231440) + 339681780274462535569318471185654733208459955200128901592462963012646139287849113075150515531821239392837142528000000*n**4/(100240349543010630154994256269013175885798731004621055120253491200460114266246572182170496464091911*n**7 + 2806729787204297644339839175532368924802364468129389543367097753612883199454904021100773900994573508*n**6 + 32277392552849422909908150518622242635227191383487979748721624166548156793731396242658899861437595342*n**5 + 196471085104300835103788742287265824736165512769057268035696842752901823961843281477054173069620145560*n**4 + 678526926056638955519156120684950187570971610170279922108995881935914513468223047101112090565438145559*n**3 + 1316356270198815595195384573324681025732308935552683695839168846444442220544349985896262959566454975252*n**2 + 1309940887828062914865464940923464182475617816768387948311472623007612773231310205276604047792753092948*n + 505211361696773575981171051595826406464425604263290117806077595650318975901882723798139302179023231440) + 408335475106786029140986759683887144141615992913285299134626550080558784718611219206143194769518894920473012838400000*n**3/(100240349543010630154994256269013175885798731004621055120253491200460114266246572182170496464091911*n**7 + 2806729787204297644339839175532368924802364468129389543367097753612883199454904021100773900994573508*n**6 + 32277392552849422909908150518622242635227191383487979748721624166548156793731396242658899861437595342*n**5 + 196471085104300835103788742287265824736165512769057268035696842752901823961843281477054173069620145560*n**4 + 678526926056638955519156120684950187570971610170279922108995881935914513468223047101112090565438145559*n**3 + 1316356270198815595195384573324681025732308935552683695839168846444442220544349985896262959566454975252*n**2 + 1309940887828062914865464940923464182475617816768387948311472623007612773231310205276604047792753092948*n + 505211361696773575981171051595826406464425604263290117806077595650318975901882723798139302179023231440) - 22089244524706855685098621439022722055661376796533258129651202586354115904725315431915240033487494391038185062400000*n**2/(100240349543010630154994256269013175885798731004621055120253491200460114266246572182170496464091911*n**7 + 2806729787204297644339839175532368924802364468129389543367097753612883199454904021100773900994573508*n**6 + 32277392552849422909908150518622242635227191383487979748721624166548156793731396242658899861437595342*n**5 + 196471085104300835103788742287265824736165512769057268035696842752901823961843281477054173069620145560*n**4 + 678526926056638955519156120684950187570971610170279922108995881935914513468223047101112090565438145559*n**3 + 1316356270198815595195384573324681025732308935552683695839168846444442220544349985896262959566454975252*n**2 + 1309940887828062914865464940923464182475617816768387948311472623007612773231310205276604047792753092948*n + 505211361696773575981171051595826406464425604263290117806077595650318975901882723798139302179023231440) - 355806235745938976391496531876318273386948970815264931765870161693591730408464088479073555524398437957016232960000000*n/(100240349543010630154994256269013175885798731004621055120253491200460114266246572182170496464091911*n**7 + 2806729787204297644339839175532368924802364468129389543367097753612883199454904021100773900994573508*n**6 + 32277392552849422909908150518622242635227191383487979748721624166548156793731396242658899861437595342*n**5 + 196471085104300835103788742287265824736165512769057268035696842752901823961843281477054173069620145560*n**4 + 678526926056638955519156120684950187570971610170279922108995881935914513468223047101112090565438145559*n**3 + 1316356270198815595195384573324681025732308935552683695839168846444442220544349985896262959566454975252*n**2 + 1309940887828062914865464940923464182475617816768387948311472623007612773231310205276604047792753092948*n + 505211361696773575981171051595826406464425604263290117806077595650318975901882723798139302179023231440) - 139304421567068781678398142615959572961097238889177149116171330909589656789189300443144464405973555209205207040000000/(100240349543010630154994256269013175885798731004621055120253491200460114266246572182170496464091911*n**7 + 2806729787204297644339839175532368924802364468129389543367097753612883199454904021100773900994573508*n**6 + 32277392552849422909908150518622242635227191383487979748721624166548156793731396242658899861437595342*n**5 + 196471085104300835103788742287265824736165512769057268035696842752901823961843281477054173069620145560*n**4 + 678526926056638955519156120684950187570971610170279922108995881935914513468223047101112090565438145559*n**3 + 1316356270198815595195384573324681025732308935552683695839168846444442220544349985896262959566454975252*n**2 + 1309940887828062914865464940923464182475617816768387948311472623007612773231310205276604047792753092948*n + 505211361696773575981171051595826406464425604263290117806077595650318975901882723798139302179023231440)
4	8	15303715021920151572928371387662071409892787979114927140270001902431706308692791333978991858123501580768612889599960619955404800000*n**8/(10027473231713628268589319353101234602546088245713320691817776844595429033004605835551758903711200259065929976641*n**8 + 360989036341690617669215496711644445691659176845679544905439966405435445188165810079863320533603209326373479159076*n**7 + 5475000384515641034649768366793274092990164182159473097732506157149104252020514786211260361426315341449997767245986*n**6 + 45484618579053017826321152585667200157149056282555622658085435767084866093708892070062778387234004375123058374043576*n**5 + 225106746578739241001561630157769615592557135028018336210617272384322786361920396402301435629412734615771062045613809*n**4 + 674688508922619764423763763354063468997711001524575069428267297211758847056681899039264546077304398230992032548313044*n**3 + 1184485248022940625598844759265730236191154127936640293400283071990990459094636059718715968741981819401903912560741484*n**2 + 1098850626624106240185091971990245692685410534318248534692159257738145495152776725883103947704288169189480870560227344*n + 404307720702693491789521356317041779174658278067161090294092762374087698610745707289446918997635594445538296658165120) + 362197929304647450512638120408228984423515059646595841571308450573376289922073596144159633827055020592575218721311679454348083200000*n**7/(10027473231713628268589319353101234602546088245713320691817776844595429033004605835551758903711200259065929976641*n**8 + 360989036341690617669215496711644445691659176845679544905439966405435445188165810079863320533603209326373479159076*n**7 + 5475000384515641034649768366793274092990164182159473097732506157149104252020514786211260361426315341449997767245986*n**6 + 45484618579053017826321152585667200157149056282555622658085435767084866093708892070062778387234004375123058374043576*n**5 + 225106746578739241001561630157769615592557135028018336210617272384322786361920396402301435629412734615771062045613809*n**4 + 674688508922619764423763763354063468997711001524575069428267297211758847056681899039264546077304398230992032548313044*n**3 + 1184485248022940625598844759265730236191154127936640293400283071990990459094636059718715968741981819401903912560741484*n**2 + 1098850626624106240185091971990245692685410534318248534692159257738145495152776725883103947704288169189480870560227344*n + 404307720702693491789521356317041779174658278067161090294092762374087698610745707289446918997635594445538296658165120) + 3410463337890226058629313232576276992485702201937837287989249438748628022004317197603964712852464566005844175561134103136605388800000*n**6/(10027473231713628268589319353101234602546088245713320691817776844595429033004605835551758903711200259065929976641*n**8 + 360989036341690617669215496711644445691659176845679544905439966405435445188165810079863320533603209326373479159076*n**7 + 5475000384515641034649768366793274092990164182159473097732506157149104252020514786211260361426315341449997767245986*n**6 + 45484618579053017826321152585667200157149056282555622658085435767084866093708892070062778387234004375123058374043576*n**5 + 225106746578739241001561630157769615592557135028018336210617272384322786361920396402301435629412734615771062045613809*n**4 + 674688508922619764423763763354063468997711001524575069428267297211758847056681899039264546077304398230992032548313044*n**3 + 1184485248022940625598844759265730236191154127936640293400283071990990459094636059718715968741981819401903912560741484*n**2 + 1098850626624106240185091971990245692685410534318248534692159257738145495152776725883103947704288169189480870560227344*n + 404307720702693491789521356317041779174658278067161090294092762374087698610745707289446918997635594445538296658165120) + 16116661605896855090833377679018889253646337053203956089853268204728740602359636744351887758645481865164277105600304479143268352000000*n**5/(10027473231713628268589319353101234602546088245713320691817776844595429033004605835551758903711200259065929976641*n**8 + 360989036341690617669215496711644445691659176845679544905439966405435445188165810079863320533603209326373479159076*n**7 + 5475000384515641034649768366793274092990164182159473097732506157149104252020514786211260361426315341449997767245986*n**6 + 45484618579053017826321152585667200157149056282555622658085435767084866093708892070062778387234004375123058374043576*n**5 + 225106746578739241001561630157769615592557135028018336210617272384322786361920396402301435629412734615771062045613809*n**4 + 674688508922619764423763763354063468997711001524575069428267297211758847056681899039264546077304398230992032548313044*n**3 + 1184485248022940625598844759265730236191154127936640293400283071990990459094636059718715968741981819401903912560741484*n**2 + 1098850626624106240185091971990245692685410534318248534692159257738145495152776725883103947704288169189480870560227344*n + 404307720702693491789521356317041779174658278067161090294092762374087698610745707289446918997635594445538296658165120) + 38885926420174513560447090650473881725452632964292057125780556140249216677198879079734793471263227869548942292821747274808188723200000*n**4/(10027473231713628268589319353101234602546088245713320691817776844595429033004605835551758903711200259065929976641*n**8 + 360989036341690617669215496711644445691659176845679544905439966405435445188165810079863320533603209326373479159076*n**7 + 5475000384515641034649768366793274092990164182159473097732506157149104252020514786211260361426315341449997767245986*n**6 + 45484618579053017826321152585667200157149056282555622658085435767084866093708892070062778387234004375123058374043576*n**5 + 225106746578739241001561630157769615592557135028018336210617272384322786361920396402301435629412734615771062045613809*n**4 + 674688508922619764423763763354063468997711001524575069428267297211758847056681899039264546077304398230992032548313044*n**3 + 1184485248022940625598844759265730236191154127936640293400283071990990459094636059718715968741981819401903912560741484*n**2 + 1098850626624106240185091971990245692685410534318248534692159257738145495152776725883103947704288169189480870560227344*n + 404307720702693491789521356317041779174658278067161090294092762374087698610745707289446918997635594445538296658165120) + 39121273114360137840061283286067207719320939135481912426312289812340428675824939773603266564208054881050517567583314719420388556800000*n**3/(10027473231713628268589319353101234602546088245713320691817776844595429033004605835551758903711200259065929976641*n**8 + 360989036341690617669215496711644445691659176845679544905439966405435445188165810079863320533603209326373479159076*n**7 + 5475000384515641034649768366793274092990164182159473097732506157149104252020514786211260361426315341449997767245986*n**6 + 45484618579053017826321152585667200157149056282555622658085435767084866093708892070062778387234004375123058374043576*n**5 + 225106746578739241001561630157769615592557135028018336210617272384322786361920396402301435629412734615771062045613809*n**4 + 674688508922619764423763763354063468997711001524575069428267297211758847056681899039264546077304398230992032548313044*n**3 + 1184485248022940625598844759265730236191154127936640293400283071990990459094636059718715968741981819401903912560741484*n**2 + 1098850626624106240185091971990245692685410534318248534692159257738145495152776725883103947704288169189480870560227344*n + 404307720702693491789521356317041779174658278067161090294092762374087698610745707289446918997635594445538296658165120) - 7422346745546872962768972899020517039299219733126915796966307697495366751685708661781129777310596639873320145615323871084120268800000*n**2/(10027473231713628268589319353101234602546088245713320691817776844595429033004605835551758903711200259065929976641*n**8 + 360989036341690617669215496711644445691659176845679544905439966405435445188165810079863320533603209326373479159076*n**7 + 5475000384515641034649768366793274092990164182159473097732506157149104252020514786211260361426315341449997767245986*n**6 + 45484618579053017826321152585667200157149056282555622658085435767084866093708892070062778387234004375123058374043576*n**5 + 225106746578739241001561630157769615592557135028018336210617272384322786361920396402301435629412734615771062045613809*n**4 + 674688508922619764423763763354063468997711001524575069428267297211758847056681899039264546077304398230992032548313044*n**3 + 1184485248022940625598844759265730236191154127936640293400283071990990459094636059718715968741981819401903912560741484*n**2 + 1098850626624106240185091971990245692685410534318248534692159257738145495152776725883103947704288169189480870560227344*n + 404307720702693491789521356317041779174658278067161090294092762374087698610745707289446918997635594445538296658165120) - 36445161084804154467850980559440939298898042062806206195412732063231626278274781115695015315870435196190904669430846876945668096000000*n/(10027473231713628268589319353101234602546088245713320691817776844595429033004605835551758903711200259065929976641*n**8 + 360989036341690617669215496711644445691659176845679544905439966405435445188165810079863320533603209326373479159076*n**7 + 5475000384515641034649768366793274092990164182159473097732506157149104252020514786211260361426315341449997767245986*n**6 + 45484618579053017826321152585667200157149056282555622658085435767084866093708892070062778387234004375123058374043576*n**5 + 225106746578739241001561630157769615592557135028018336210617272384322786361920396402301435629412734615771062045613809*n**4 + 674688508922619764423763763354063468997711001524575069428267297211758847056681899039264546077304398230992032548313044*n**3 + 1184485248022940625598844759265730236191154127936640293400283071990990459094636059718715968741981819401903912560741484*n**2 + 1098850626624106240185091971990245692685410534318248534692159257738145495152776725883103947704288169189480870560227344*n + 404307720702693491789521356317041779174658278067161090294092762374087698610745707289446918997635594445538296658165120) - 13458303683140043847273437118736317430841607308445511105291064744868371736282636934715215032845069587837674344742923970532085760000000/(10027473231713628268589319353101234602546088245713320691817776844595429033004605835551758903711200259065929976641*n**8 + 360989036341690617669215496711644445691659176845679544905439966405435445188165810079863320533603209326373479159076*n**7 + 5475000384515641034649768366793274092990164182159473097732506157149104252020514786211260361426315341449997767245986*n**6 + 45484618579053017826321152585667200157149056282555622658085435767084866093708892070062778387234004375123058374043576*n**5 + 225106746578739241001561630157769615592557135028018336210617272384322786361920396402301435629412734615771062045613809*n**4 + 674688508922619764423763763354063468997711001524575069428267297211758847056681899039264546077304398230992032548313044*n**3 + 1184485248022940625598844759265730236191154127936640293400283071990990459094636059718715968741981819401903912560741484*n**2 + 1098850626624106240185091971990245692685410534318248534692159257738145495152776725883103947704288169189480870560227344*n + 404307720702693491789521356317041779174658278067161090294092762374087698610745707289446918997635594445538296658165120)
5	1	47733542092800000*n/(100034300333431*n + 100034300333431) - 40896213811200000/(100034300333431*n + 100034300333431)
5	2	707763150208219227972717772800000*n**2/(10006861243199073477776231761*n**2 + 30020583729597220433328695283*n + 20013722486398146955552463522) - 252543033207705686430538137600000*n/(10006861243199073477776231761*n**2 + 30020583729597220433328695283*n + 20013722486398146955552463522) - 303140253092866780323505766400000/(10006861243199073477776231761*n**2 + 30020583729597220433328695283*n + 20013722486398146955552463522)
5	3	10519523060504491386390740180204535741746380800000*n**3/(1001029362997146827179021169617809032301991*n**3 + 6006176177982880963074127017706854193811946*n**2 + 11011322992968615098969232865795899355321901*n + 6006176177982880963074127017706854193811946) + 12025724939875276867572661553537093700177100800000*n**2/(1001029362997146827179021169617809032301991*n**3 + 6006176177982880963074127017706854193811946*n**2 + 11011322992968615098969232865795899355321901*n + 6006176177982880963074127017706854193811946) - 10131598648653864238005486379648522522833715200000*n/(1001029362997146827179021169617809032301991*n**3 + 6006176177982880963074127017706854193811946*n**2 + 11011322992968615098969232865795899355321901*n + 6006176177982880963074127017706854193811946) - 6762100945131457278571755940922805089481523200000/(1001029362997146827179021169617809032301991*n**3 + 6006176177982880963074127017706854193811946*n**2 + 11011322992968615098969232865795899355321901*n + 6006176177982880963074127017706854193811946)
5	4	156351882790244420212591754592497230192607970179118377651404800000*n**4/(100137271940639706387576021121027001686842741740785161121*n**4 + 1001372719406397063875760211210270016868427417407851611210*n**3 + 3504804517922389723565160739235945059039495960927480639235*n**2 + 5006863597031985319378801056051350084342137087039258056050*n + 2403294526575352953301824506904648040484225801778843866904) + 569618298565262764582487827722446041616069688106024539586560000000*n**3/(100137271940639706387576021121027001686842741740785161121*n**4 + 1001372719406397063875760211210270016868427417407851611210*n**3 + 3504804517922389723565160739235945059039495960927480639235*n**2 + 5006863597031985319378801056051350084342137087039258056050*n + 2403294526575352953301824506904648040484225801778843866904) + 296324692822406281048555541629904205375784938241336899600384000000*n**2/(100137271940639706387576021121027001686842741740785161121*n**4 + 1001372719406397063875760211210270016868427417407851611210*n**3 + 3504804517922389723565160739235945059039495960927480639235*n**2 + 5006863597031985319378801056051350084342137087039258056050*n + 2403294526575352953301824506904648040484225801778843866904) - 476993644032513131745107779120743844777638130976233433726976000000*n/(100137271940639706387576021121027001686842741740785161121*n**4 + 1001372719406397063875760211210270016868427417407851611210*n**3 + 3504804517922389723565160739235945059039495960927480639235*n**2 + 5006863597031985319378801056051350084342137087039258056050*n + 2403294526575352953301824506904648040484225801778843866904) - 251290634209502590810307479793043485615226648247774646422732800000/(100137271940639706387576021121027001686842741740785161121*n**4 + 1001372719406397063875760211210270016868427417407851611210*n**3 + 3504804517922389723565160739235945059039495960927480639235*n**2 + 5006863597031985319378801056051350084342137087039258056050*n + 2403294526575352953301824506904648040484225801778843866904)
5	5	2323861179243830702748061267241712697107928980677719683163479065072204926156800000*n**5/(10017161935880405301126133910143011693247287079565887264498187357736151*n**5 + 150257429038206079516892008652145175398709306193488308967472810366042265*n**4 + 851458764549834450595721382362155993926019401763100417482345925407572835*n**3 + 2253861435573091192753380129782177630980639592902324634512092155490633975*n**2 + 2744702370431231052508560691379185203949756659801053110472503336019705374*n + 1202059432305648636135136069217161403189674449547906471739782482928338120) + 16599762357946136036693778445600773758460564685585032108805575270778979549184000000*n**4/(10017161935880405301126133910143011693247287079565887264498187357736151*n**5 + 150257429038206079516892008652145175398709306193488308967472810366042265*n**4 + 851458764549834450595721382362155993926019401763100417482345925407572835*n**3 + 2253861435573091192753380129782177630980639592902324634512092155490633975*n**2 + 2744702370431231052508560691379185203949756659801053110472503336019705374*n + 1202059432305648636135136069217161403189674449547906471739782482928338120) + 34037105382783333207562086988649324948400223399366371697165890678920599928832000000*n**3/(10017161935880405301126133910143011693247287079565887264498187357736151*n**5 + 150257429038206079516892008652145175398709306193488308967472810366042265*n**4 + 851458764549834450595721382362155993926019401763100417482345925407572835*n**3 + 2253861435573091192753380129782177630980639592902324634512092155490633975*n**2 + 2744702370431231052508560691379185203949756659801053110472503336019705374*n + 1202059432305648636135136069217161403189674449547906471739782482928338120) + 8326506392857115638063543266235803083454781718398066020218215298460427223040000000*n**2/(10017161935880405301126133910143011693247287079565887264498187357736151*n**5 + 150257429038206079516892008652145175398709306193488308967472810366042265*n**4 + 851458764549834450595721382362155993926019401763100417482345925407572835*n**3 + 2253861435573091192753380129782177630980639592902324634512092155490633975*n**2 + 2744702370431231052508560691379185203949756659801053110472503336019705374*n + 1202059432305648636135136069217161403189674449547906471739782482928338120) - 28549340368242420417223517459582749216533284149753170363933093506876303838412800000*n/(10017161935880405301126133910143011693247287079565887264498187357736151*n**5 + 150257429038206079516892008652145175398709306193488308967472810366042265*n**4 + 851458764549834450595721382362155993926019401763100417482345925407572835*n**3 + 2253861435573091192753380129782177630980639592902324634512092155490633975*n**2 + 2744702370431231052508560691379185203949756659801053110472503336019705374*n + 1202059432305648636135136069217161403189674449547906471739782482928338120) - 13072896805639242210882166663530663316007423617389004290928389653936403087360000000/(10017161935880405301126133910143011693247287079565887264498187357736151*n**5 + 150257429038206079516892008652145175398709306193488308967472810366042265*n**4 + 851458764549834450595721382362155993926019401763100417482345925407572835*n**3 + 2253861435573091192753380129782177630980639592902324634512092155490633975*n**2 + 2744702370431231052508560691379185203949756659801053110472503336019705374*n + 1202059432305648636135136069217161403189674449547906471739782482928338120)
5	6	34539595456289016944758243358603778945697552380158521438886112328682039852984817704755829145600000*n**6/(1002059785582473549456981437367207030418701621794554014609724380088880558856622564081*n**6 + 21043255497231944538596610184711347638792734057685634306804211981866491735989073845701*n**5 + 175360462476932871154971751539261230323272783814046952556701766515554097799908948714175*n**4 + 736513942403118058850881356464897167357745692018997200738147419365327210759617584599535*n**3 + 1627345091785937044318137854284344217399971433794355719726192393264342027583155044067544*n**2 + 1767633461767483341242115255515753201658589660845593281771553806476785305823082203038884*n + 721483045619380955609026634904389061901465167692078890519001553663994002376768246138320) + 402150781417392079951668302338825268333319474315760547825620656611566830736929776581725133209600000*n**5/(1002059785582473549456981437367207030418701621794554014609724380088880558856622564081*n**6 + 21043255497231944538596610184711347638792734057685634306804211981866491735989073845701*n**5 + 175360462476932871154971751539261230323272783814046952556701766515554097799908948714175*n**4 + 736513942403118058850881356464897167357745692018997200738147419365327210759617584599535*n**3 + 1627345091785937044318137854284344217399971433794355719726192393264342027583155044067544*n**2 + 1767633461767483341242115255515753201658589660845593281771553806476785305823082203038884*n + 721483045619380955609026634904389061901465167692078890519001553663994002376768246138320) + 1616160109945759066793108525382857832577748247664798774833524104230509963691656513999134064640000000*n**4/(1002059785582473549456981437367207030418701621794554014609724380088880558856622564081*n**6 + 21043255497231944538596610184711347638792734057685634306804211981866491735989073845701*n**5 + 175360462476932871154971751539261230323272783814046952556701766515554097799908948714175*n**4 + 736513942403118058850881356464897167357745692018997200738147419365327210759617584599535*n**3 + 1627345091785937044318137854284344217399971433794355719726192393264342027583155044067544*n**2 + 1767633461767483341242115255515753201658589660845593281771553806476785305823082203038884*n + 721483045619380955609026634904389061901465167692078890519001553663994002376768246138320) + 2400332644850748470545702893045961927985819905232248111471882821302623889266450812139026087936000000*n**3/(1002059785582473549456981437367207030418701621794554014609724380088880558856622564081*n**6 + 21043255497231944538596610184711347638792734057685634306804211981866491735989073845701*n**5 + 175360462476932871154971751539261230323272783814046952556701766515554097799908948714175*n**4 + 736513942403118058850881356464897167357745692018997200738147419365327210759617584599535*n**3 + 1627345091785937044318137854284344217399971433794355719726192393264342027583155044067544*n**2 + 1767633461767483341242115255515753201658589660845593281771553806476785305823082203038884*n + 721483045619380955609026634904389061901465167692078890519001553663994002376768246138320) + 132604161141328047780093058671094106659403347730064855306308584283769380800626258149518403174400000*n**2/(1002059785582473549456981437367207030418701621794554014609724380088880558856622564081*n**6 + 21043255497231944538596610184711347638792734057685634306804211981866491735989073845701*n**5 + 175360462476932871154971751539261230323272783814046952556701766515554097799908948714175*n**4 + 736513942403118058850881356464897167357745692018997200738147419365327210759617584599535*n**3 + 1627345091785937044318137854284344217399971433794355719726192393264342027583155044067544*n**2 + 1767633461767483341242115255515753201658589660845593281771553806476785305823082203038884*n + 721483045619380955609026634904389061901465167692078890519001553663994002376768246138320) - 2103828489466981760135207436444921230432482023729558311227837705211595159384686998998028704153600000*n/(1002059785582473549456981437367207030418701621794554014609724380088880558856622564081*n**6 + 21043255497231944538596610184711347638792734057685634306804211981866491735989073845701*n**5 + 175360462476932871154971751539261230323272783814046952556701766515554097799908948714175*n**4 + 736513942403118058850881356464897167357745692018997200738147419365327210759617584599535*n**3 + 1627345091785937044318137854284344217399971433794355719726192393264342027583155044067544*n**2 + 1767633461767483341242115255515753201658589660845593281771553806476785305823082203038884*n + 721483045619380955609026634904389061901465167692078890519001553663994002376768246138320) - 874385123895756287056278018443324100853087212195203860932124174608983700091311888058665566208000000/(1002059785582473549456981437367207030418701621794554014609724380088880558856622564081*n**6 + 21043255497231944538596610184711347638792734057685634306804211981866491735989073845701*n**5 + 175360462476932871154971751539261230323272783814046952556701766515554097799908948714175*n**4 + 736513942403118058850881356464897167357745692018997200738147419365327210759617584599535*n**3 + 1627345091785937044318137854284344217399971433794355719726192393264342027583155044067544*n**2 + 1767633461767483341242115255515753201658589660845593281771553806476785305823082203038884*n + 721483045619380955609026634904389061901465167692078890519001553663994002376768246138320)
5	7	513362702100944066543198808635546237966798108526539260477672922725334866452563536788295278942114622627322265600000*n**7/(100240349543010630154994256269013175885798731004621055120253491200460114266246572182170496464091911*n**7 + 2806729787204297644339839175532368924802364468129389543367097753612883199454904021100773900994573508*n**6 + 32277392552849422909908150518622242635227191383487979748721624166548156793731396242658899861437595342*n**5 + 196471085104300835103788742287265824736165512769057268035696842752901823961843281477054173069620145560*n**4 + 678526926056638955519156120684950187570971610170279922108995881935914513468223047101112090565438145559*n**3 + 1316356270198815595195384573324681025732308935552683695839168846444442220544349985896262959566454975252*n**2 + 1309940887828062914865464940923464182475617816768387948311472623007612773231310205276604047792753092948*n + 505211361696773575981171051595826406464425604263290117806077595650318975901882723798139302179023231440) + 8800670015841719117086969305070805352024076882597533865926199691128847843661786869143060226845275482863160524800000*n**6/(100240349543010630154994256269013175885798731004621055120253491200460114266246572182170496464091911*n**7 + 2806729787204297644339839175532368924802364468129389543367097753612883199454904021100773900994573508*n**6 + 32277392552849422909908150518622242635227191383487979748721624166548156793731396242658899861437595342*n**5 + 196471085104300835103788742287265824736165512769057268035696842752901823961843281477054173069620145560*n**4 + 678526926056638955519156120684950187570971610170279922108995881935914513468223047101112090565438145559*n**3 + 1316356270198815595195384573324681025732308935552683695839168846444442220544349985896262959566454975252*n**2 + 1309940887828062914865464940923464182475617816768387948311472623007612773231310205276604047792753092948*n + 505211361696773575981171051595826406464425604263290117806077595650318975901882723798139302179023231440) + 56895694920166789683384160444779291969604660834988683683964243750307220761465567748802738477086254570423235379200000*n**5/(100240349543010630154994256269013175885798731004621055120253491200460114266246572182170496464091911*n**7 + 2806729787204297644339839175532368924802364468129389543367097753612883199454904021100773900994573508*n**6 + 32277392552849422909908150518622242635227191383487979748721624166548156793731396242658899861437595342*n**5 + 196471085104300835103788742287265824736165512769057268035696842752901823961843281477054173069620145560*n**4 + 678526926056638955519156120684950187570971610170279922108995881935914513468223047101112090565438145559*n**3 + 1316356270198815595195384573324681025732308935552683695839168846444442220544349985896262959566454975252*n**2 + 1309940887828062914865464940923464182475617816768387948311472623007612773231310205276604047792753092948*n + 505211361696773575981171051595826406464425604263290117806077595650318975901882723798139302179023231440) + 167793313152215662494926809611272543603651813940354758193276355880600784010300953631742346765693230538730438656000000*n**4/(100240349543010630154994256269013175885798731004621055120253491200460114266246572182170496464091911*n**7 + 2806729787204297644339839175532368924802364468129389543367097753612883199454904021100773900994573508*n**6 + 32277392552849422909908150518622242635227191383487979748721624166548156793731396242658899861437595342*n**5 + 196471085104300835103788742287265824736165512769057268035696842752901823961843281477054173069620145560*n**4 + 678526926056638955519156120684950187570971610170279922108995881935914513468223047101112090565438145559*n**3 + 1316356270198815595195384573324681025732308935552683695839168846444442220544349985896262959566454975252*n**2 + 1309940887828062914865464940923464182475617816768387948311472623007612773231310205276604047792753092948*n + 505211361696773575981171051595826406464425604263290117806077595650318975901882723798139302179023231440) + 198193051400161616403219501507524071140815977178200959712624578925263305864475333581956575434132973985884153446400000*n**3/(100240349543010630154994256269013175885798731004621055120253491200460114266246572182170496464091911*n**7 + 2806729787204297644339839175532368924802364468129389543367097753612883199454904021100773900994573508*n**6 + 32277392552849422909908150518622242635227191383487979748721624166548156793731396242658899861437595342*n**5 + 196471085104300835103788742287265824736165512769057268035696842752901823961843281477054173069620145560*n**4 + 678526926056638955519156120684950187570971610170279922108995881935914513468223047101112090565438145559*n**3 + 1316356270198815595195384573324681025732308935552683695839168846444442220544349985896262959566454975252*n**2 + 1309940887828062914865464940923464182475617816768387948311472623007612773231310205276604047792753092948*n + 505211361696773575981171051595826406464425604263290117806077595650318975901882723798139302179023231440) - 20428547471376335861730012726571039972263912568596695851772005369908853077163337045124969789635063069538602188800000*n**2/(100240349543010630154994256269013175885798731004621055120253491200460114266246572182170496464091911*n**7 + 2806729787204297644339839175532368924802364468129389543367097753612883199454904021100773900994573508*n**6 + 32277392552849422909908150518622242635227191383487979748721624166548156793731396242658899861437595342*n**5 + 196471085104300835103788742287265824736165512769057268035696842752901823961843281477054173069620145560*n**4 + 678526926056638955519156120684950187570971610170279922108995881935914513468223047101112090565438145559*n**3 + 1316356270198815595195384573324681025732308935552683695839168846444442220544349985896262959566454975252*n**2 + 1309940887828062914865464940923464182475617816768387948311472623007612773231310205276604047792753092948*n + 505211361696773575981171051595826406464425604263290117806077595650318975901882723798139302179023231440) - 184979448032711514158014413911508852246760912594653884112670082212578760547116560382322610907775656182413357875200000*n/(100240349543010630154994256269013175885798731004621055120253491200460114266246572182170496464091911*n**7 + 2806729787204297644339839175532368924802364468129389543367097753612883199454904021100773900994573508*n**6 + 32277392552849422909908150518622242635227191383487979748721624166548156793731396242658899861437595342*n**5 + 196471085104300835103788742287265824736165512769057268035696842752901823961843281477054173069620145560*n**4 + 678526926056638955519156120684950187570971610170279922108995881935914513468223047101112090565438145559*n**3 + 1316356270198815595195384573324681025732308935552683695839168846444442220544349985896262959566454975252*n**2 + 1309940887828062914865464940923464182475617816768387948311472623007612773231310205276604047792753092948*n + 505211361696773575981171051595826406464425604263290117806077595650318975901882723798139302179023231440) - 71479208944970575025292506053221954302070005933450317895746994112068432535809721534086128946737744170107437056000000/(100240349543010630154994256269013175885798731004621055120253491200460114266246572182170496464091911*n**7 + 2806729787204297644339839175532368924802364468129389543367097753612883199454904021100773900994573508*n**6 + 32277392552849422909908150518622242635227191383487979748721624166548156793731396242658899861437595342*n**5 + 196471085104300835103788742287265824736165512769057268035696842752901823961843281477054173069620145560*n**4 + 678526926056638955519156120684950187570971610170279922108995881935914513468223047101112090565438145559*n**3 + 1316356270198815595195384573324681025732308935552683695839168846444442220544349985896262959566454975252*n**2 + 1309940887828062914865464940923464182475617816768387948311472623007612773231310205276604047792753092948*n + 505211361696773575981171051595826406464425604263290117806077595650318975901882723798139302179023231440)
5	8	7630120168659841277909463085311397957457140083562934496090370105099633322020633743573113744005916559253892581372988802701721600000*n**8/(10027473231713628268589319353101234602546088245713320691817776844595429033004605835551758903711200259065929976641*n**8 + 360989036341690617669215496711644445691659176845679544905439966405435445188165810079863320533603209326373479159076*n**7 + 5475000384515641034649768366793274092990164182159473097732506157149104252020514786211260361426315341449997767245986*n**6 + 45484618579053017826321152585667200157149056282555622658085435767084866093708892070062778387234004375123058374043576*n**5 + 225106746578739241001561630157769615592557135028018336210617272384322786361920396402301435629412734615771062045613809*n**4 + 674688508922619764423763763354063468997711001524575069428267297211758847056681899039264546077304398230992032548313044*n**3 + 1184485248022940625598844759265730236191154127936640293400283071990990459094636059718715968741981819401903912560741484*n**2 + 1098850626624106240185091971990245692685410534318248534692159257738145495152776725883103947704288169189480870560227344*n + 404307720702693491789521356317041779174658278067161090294092762374087698610745707289446918997635594445538296658165120) + 180400316585097978327272605185290136712557384384222970513524544635903291962434961076548094169891592639157969866617858555812249600000*n**7/(10027473231713628268589319353101234602546088245713320691817776844595429033004605835551758903711200259065929976641*n**8 + 360989036341690617669215496711644445691659176845679544905439966405435445188165810079863320533603209326373479159076*n**7 + 5475000384515641034649768366793274092990164182159473097732506157149104252020514786211260361426315341449997767245986*n**6 + 45484618579053017826321152585667200157149056282555622658085435767084866093708892070062778387234004375123058374043576*n**5 + 225106746578739241001561630157769615592557135028018336210617272384322786361920396402301435629412734615771062045613809*n**4 + 674688508922619764423763763354063468997711001524575069428267297211758847056681899039264546077304398230992032548313044*n**3 + 1184485248022940625598844759265730236191154127936640293400283071990990459094636059718715968741981819401903912560741484*n**2 + 1098850626624106240185091971990245692685410534318248534692159257738145495152776725883103947704288169189480870560227344*n + 404307720702693491789521356317041779174658278067161090294092762374087698610745707289446918997635594445538296658165120) + 1695874480074993825996051771730323282598276965088076415631770761746319308245555969596176041347137788820912194830708515377944985600000*n**6/(10027473231713628268589319353101234602546088245713320691817776844595429033004605835551758903711200259065929976641*n**8 + 360989036341690617669215496711644445691659176845679544905439966405435445188165810079863320533603209326373479159076*n**7 + 5475000384515641034649768366793274092990164182159473097732506157149104252020514786211260361426315341449997767245986*n**6 + 45484618579053017826321152585667200157149056282555622658085435767084866093708892070062778387234004375123058374043576*n**5 + 225106746578739241001561630157769615592557135028018336210617272384322786361920396402301435629412734615771062045613809*n**4 + 674688508922619764423763763354063468997711001524575069428267297211758847056681899039264546077304398230992032548313044*n**3 + 1184485248022940625598844759265730236191154127936640293400283071990990459094636059718715968741981819401903912560741484*n**2 + 1098850626624106240185091971990245692685410534318248534692159257738145495152776725883103947704288169189480870560227344*n + 404307720702693491789521356317041779174658278067161090294092762374087698610745707289446918997635594445538296658165120) + 7990624038522579492847675343322476710468684768789999059493314688172522638943686224793693719228726776412884658505582060527983001600000*n**5/(10027473231713628268589319353101234602546088245713320691817776844595429033004605835551758903711200259065929976641*n**8 + 360989036341690617669215496711644445691659176845679544905439966405435445188165810079863320533603209326373479159076*n**7 + 5475000384515641034649768366793274092990164182159473097732506157149104252020514786211260361426315341449997767245986*n**6 + 45484618579053017826321152585667200157149056282555622658085435767084866093708892070062778387234004375123058374043576*n**5 + 225106746578739241001561630157769615592557135028018336210617272384322786361920396402301435629412734615771062045613809*n**4 + 674688508922619764423763763354063468997711001524575069428267297211758847056681899039264546077304398230992032548313044*n**3 + 1184485248022940625598844759265730236191154127936640293400283071990990459094636059718715968741981819401903912560741484*n**2 + 1098850626624106240185091971990245692685410534318248534692159257738145495152776725883103947704288169189480870560227344*n + 404307720702693491789521356317041779174658278067161090294092762374087698610745707289446918997635594445538296658165120) + 19156344303763615217413058620856576268134429479855859258230674032822803100327174712467871207783371247303638367811770653529499238400000*n**4/(10027473231713628268589319353101234602546088245713320691817776844595429033004605835551758903711200259065929976641*n**8 + 360989036341690617669215496711644445691659176845679544905439966405435445188165810079863320533603209326373479159076*n**7 + 5475000384515641034649768366793274092990164182159473097732506157149104252020514786211260361426315341449997767245986*n**6 + 45484618579053017826321152585667200157149056282555622658085435767084866093708892070062778387234004375123058374043576*n**5 + 225106746578739241001561630157769615592557135028018336210617272384322786361920396402301435629412734615771062045613809*n**4 + 674688508922619764423763763354063468997711001524575069428267297211758847056681899039264546077304398230992032548313044*n**3 + 1184485248022940625598844759265730236191154127936640293400283071990990459094636059718715968741981819401903912560741484*n**2 + 1098850626624106240185091971990245692685410534318248534692159257738145495152776725883103947704288169189480870560227344*n + 404307720702693491789521356317041779174658278067161090294092762374087698610745707289446918997635594445538296658165120) + 18843945868540112203811479911834919038408518359927637519273126763464760551431433884337605754862957362322297418354913472628713062400000*n**3/(10027473231713628268589319353101234602546088245713320691817776844595429033004605835551758903711200259065929976641*n**8 + 360989036341690617669215496711644445691659176845679544905439966405435445188165810079863320533603209326373479159076*n**7 + 5475000384515641034649768366793274092990164182159473097732506157149104252020514786211260361426315341449997767245986*n**6 + 45484618579053017826321152585667200157149056282555622658085435767084866093708892070062778387234004375123058374043576*n**5 + 225106746578739241001561630157769615592557135028018336210617272384322786361920396402301435629412734615771062045613809*n**4 + 674688508922619764423763763354063468997711001524575069428267297211758847056681899039264546077304398230992032548313044*n**3 + 1184485248022940625598844759265730236191154127936640293400283071990990459094636059718715968741981819401903912560741484*n**2 + 1098850626624106240185091971990245692685410534318248534692159257738145495152776725883103947704288169189480870560227344*n + 404307720702693491789521356317041779174658278067161090294092762374087698610745707289446918997635594445538296658165120) - 4722935634185716069962745109067336604088310246389578964531052342442010642123104499734440115313047362424728512896308868534114713600000*n**2/(10027473231713628268589319353101234602546088245713320691817776844595429033004605835551758903711200259065929976641*n**8 + 360989036341690617669215496711644445691659176845679544905439966405435445188165810079863320533603209326373479159076*n**7 + 5475000384515641034649768366793274092990164182159473097732506157149104252020514786211260361426315341449997767245986*n**6 + 45484618579053017826321152585667200157149056282555622658085435767084866093708892070062778387234004375123058374043576*n**5 + 225106746578739241001561630157769615592557135028018336210617272384322786361920396402301435629412734615771062045613809*n**4 + 674688508922619764423763763354063468997711001524575069428267297211758847056681899039264546077304398230992032548313044*n**3 + 1184485248022940625598844759265730236191154127936640293400283071990990459094636059718715968741981819401903912560741484*n**2 + 1098850626624106240185091971990245692685410534318248534692159257738145495152776725883103947704288169189480870560227344*n + 404307720702693491789521356317041779174658278067161090294092762374087698610745707289446918997635594445538296658165120) - 18933384398497188083465847368325759497901463229085300175051827124732205441964972099787414703609920698775494274469756721470904729600000*n/(10027473231713628268589319353101234602546088245713320691817776844595429033004605835551758903711200259065929976641*n**8 + 360989036341690617669215496711644445691659176845679544905439966405435445188165810079863320533603209326373479159076*n**7 + 5475000384515641034649768366793274092990164182159473097732506157149104252020514786211260361426315341449997767245986*n**6 + 45484618579053017826321152585667200157149056282555622658085435767084866093708892070062778387234004375123058374043576*n**5 + 225106746578739241001561630157769615592557135028018336210617272384322786361920396402301435629412734615771062045613809*n**4 + 674688508922619764423763763354063468997711001524575069428267297211758847056681899039264546077304398230992032548313044*n**3 + 1184485248022940625598844759265730236191154127936640293400283071990990459094636059718715968741981819401903912560741484*n**2 + 1098850626624106240185091971990245692685410534318248534692159257738145495152776725883103947704288169189480870560227344*n + 404307720702693491789521356317041779174658278067161090294092762374087698610745707289446918997635594445538296658165120) - 6905659491568112852935164073066429155956728294995639092026954049498028683906515936893900837335872000318697474132207740972105728000000/(10027473231713628268589319353101234602546088245713320691817776844595429033004605835551758903711200259065929976641*n**8 + 360989036341690617669215496711644445691659176845679544905439966405435445188165810079863320533603209326373479159076*n**7 + 5475000384515641034649768366793274092990164182159473097732506157149104252020514786211260361426315341449997767245986*n**6 + 45484618579053017826321152585667200157149056282555622658085435767084866093708892070062778387234004375123058374043576*n**5 + 225106746578739241001561630157769615592557135028018336210617272384322786361920396402301435629412734615771062045613809*n**4 + 674688508922619764423763763354063468997711001524575069428267297211758847056681899039264546077304398230992032548313044*n**3 + 1184485248022940625598844759265730236191154127936640293400283071990990459094636059718715968741981819401903912560741484*n**2 + 1098850626624106240185091971990245692685410534318248534692159257738145495152776725883103947704288169189480870560227344*n + 404307720702693491789521356317041779174658278067161090294092762374087698610745707289446918997635594445538296658165120)
6	1	13610778624000000*n/(100034300333431*n + 100034300333431) - 11907366912000000/(100034300333431*n + 100034300333431)
6	2	201787497462616441143164928000000*n**2/(10006861243199073477776231761*n**2 + 30020583729597220433328695283*n + 20013722486398146955552463522) - 75645284535289430977019904000000*n/(10006861243199073477776231761*n**2 + 30020583729597220433328695283*n + 20013722486398146955552463522) - 88260017209682087411712000000000/(10006861243199073477776231761*n**2 + 30020583729597220433328695283*n + 20013722486398146955552463522)
6	3	2999179692775954333345632006524354090237952000000*n**3/(1001029362997146827179021169617809032301991*n**3 + 6006176177982880963074127017706854193811946*n**2 + 11011322992968615098969232865795899355321901*n + 6006176177982880963074127017706854193811946) + 3374449349374251741969561792784968361967616000000*n**2/(1001029362997146827179021169617809032301991*n**3 + 6006176177982880963074127017706854193811946*n**2 + 11011322992968615098969232865795899355321901*n + 6006176177982880963074127017706854193811946) - 2997058953339327360372185459187287578902528000000*n/(1001029362997146827179021169617809032301991*n**3 + 6006176177982880963074127017706854193811946*n**2 + 11011322992968615098969232865795899355321901*n + 6006176177982880963074127017706854193811946) - 1968802195640893146708091039565858515451904000000/(1001029362997146827179021169617809032301991*n**3 + 6006176177982880963074127017706854193811946*n**2 + 11011322992968615098969232865795899355321901*n + 6006176177982880963074127017706854193811946)
6	4	44576868072079489495227520005054866049297835899790820376576000000*n**4/(100137271940639706387576021121027001686842741740785161121*n**4 + 1001372719406397063875760211210270016868427417407851611210*n**3 + 3504804517922389723565160739235945059039495960927480639235*n**2 + 5006863597031985319378801056051350084342137087039258056050*n + 2403294526575352953301824506904648040484225801778843866904) + 161596678699467018656890830413749160494196209231520716554240000000*n**3/(100137271940639706387576021121027001686842741740785161121*n**4 + 1001372719406397063875760211210270016868427417407851611210*n**3 + 3504804517922389723565160739235945059039495960927480639235*n**2 + 5006863597031985319378801056051350084342137087039258056050*n + 2403294526575352953301824506904648040484225801778843866904) + 80859275612372502344519793850615504843536466336780163481600000000*n**2/(100137271940639706387576021121027001686842741740785161121*n**4 + 1001372719406397063875760211210270016868427417407851611210*n**3 + 3504804517922389723565160739235945059039495960927480639235*n**2 + 5006863597031985319378801056051350084342137087039258056050*n + 2403294526575352953301824506904648040484225801778843866904) - 140632608581481078371631125977965284721533232540778136862720000000*n/(100137271940639706387576021121027001686842741740785161121*n**4 + 1001372719406397063875760211210270016868427417407851611210*n**3 + 3504804517922389723565160739235945059039495960927480639235*n**2 + 5006863597031985319378801056051350084342137087039258056050*n + 2403294526575352953301824506904648040484225801778843866904) - 73163881514353537822206043821203097961845372531868865396736000000/(100137271940639706387576021121027001686842741740785161121*n**4 + 1001372719406397063875760211210270016868427417407851611210*n**3 + 3504804517922389723565160739235945059039495960927480639235*n**2 + 5006863597031985319378801056051350084342137087039258056050*n + 2403294526575352953301824506904648040484225801778843866904)
6	5	662546886908677299244532406542165902181073509206864676474652058885084938240000000*n**5/(10017161935880405301126133910143011693247287079565887264498187357736151*n**5 + 150257429038206079516892008652145175398709306193488308967472810366042265*n**4 + 851458764549834450595721382362155993926019401763100417482345925407572835*n**3 + 2253861435573091192753380129782177630980639592902324634512092155490633975*n**2 + 2744702370431231052508560691379185203949756659801053110472503336019705374*n + 1202059432305648636135136069217161403189674449547906471739782482928338120) + 4720728790532784250045584432812475467064621835757137160486199229451765022720000000*n**4/(10017161935880405301126133910143011693247287079565887264498187357736151*n**5 + 150257429038206079516892008652145175398709306193488308967472810366042265*n**4 + 851458764549834450595721382362155993926019401763100417482345925407572835*n**3 + 2253861435573091192753380129782177630980639592902324634512092155490633975*n**2 + 2744702370431231052508560691379185203949756659801053110472503336019705374*n + 1202059432305648636135136069217161403189674449547906471739782482928338120) + 9608437204727680960148454751696562375567626645527997461205493673757460398080000000*n**3/(10017161935880405301126133910143011693247287079565887264498187357736151*n**5 + 150257429038206079516892008652145175398709306193488308967472810366042265*n**4 + 851458764549834450595721382362155993926019401763100417482345925407572835*n**3 + 2253861435573091192753380129782177630980639592902324634512092155490633975*n**2 + 2744702370431231052508560691379185203949756659801053110472503336019705374*n + 1202059432305648636135136069217161403189674449547906471739782482928338120) + 2116427037547248386443326642017829140062727409154686783993417871510897950720000000*n**2/(10017161935880405301126133910143011693247287079565887264498187357736151*n**5 + 150257429038206079516892008652145175398709306193488308967472810366042265*n**4 + 851458764549834450595721382362155993926019401763100417482345925407572835*n**3 + 2253861435573091192753380129782177630980639592902324634512092155490633975*n**2 + 2744702370431231052508560691379185203949756659801053110472503336019705374*n + 1202059432305648636135136069217161403189674449547906471739782482928338120) - 8403497253226936552588886943252052730836272015035525342325470438740072857600000000*n/(10017161935880405301126133910143011693247287079565887264498187357736151*n**5 + 150257429038206079516892008652145175398709306193488308967472810366042265*n**4 + 851458764549834450595721382362155993926019401763100417482345925407572835*n**3 + 2253861435573091192753380129782177630980639592902324634512092155490633975*n**2 + 2744702370431231052508560691379185203949756659801053110472503336019705374*n + 1202059432305648636135136069217161403189674449547906471739782482928338120) - 3806205814020724549308578623703662590643763192310249306182234519718329057280000000/(10017161935880405301126133910143011693247287079565887264498187357736151*n**5 + 150257429038206079516892008652145175398709306193488308967472810366042265*n**4 + 851458764549834450595721382362155993926019401763100417482345925407572835*n**3 + 2253861435573091192753380129782177630980639592902324634512092155490633975*n**2 + 2744702370431231052508560691379185203949756659801053110472503336019705374*n + 1202059432305648636135136069217161403189674449547906471739782482928338120)
6	6	9847447708600100277498770475752598044187532136714956499296400025462086147752271918321369088000000*n**6/(1002059785582473549456981437367207030418701621794554014609724380088880558856622564081*n**6 + 21043255497231944538596610184711347638792734057685634306804211981866491735989073845701*n**5 + 175360462476932871154971751539261230323272783814046952556701766515554097799908948714175*n**4 + 736513942403118058850881356464897167357745692018997200738147419365327210759617584599535*n**3 + 1627345091785937044318137854284344217399971433794355719726192393264342027583155044067544*n**2 + 1767633461767483341242115255515753201658589660845593281771553806476785305823082203038884*n + 721483045619380955609026634904389061901465167692078890519001553663994002376768246138320) + 114477801669437833274211609452587951404674181037510197316061688581326486838532832381775118336000000*n**5/(1002059785582473549456981437367207030418701621794554014609724380088880558856622564081*n**6 + 21043255497231944538596610184711347638792734057685634306804211981866491735989073845701*n**5 + 175360462476932871154971751539261230323272783814046952556701766515554097799908948714175*n**4 + 736513942403118058850881356464897167357745692018997200738147419365327210759617584599535*n**3 + 1627345091785937044318137854284344217399971433794355719726192393264342027583155044067544*n**2 + 1767633461767483341242115255515753201658589660845593281771553806476785305823082203038884*n + 721483045619380955609026634904389061901465167692078890519001553663994002376768246138320) + 458553740953775785255256396781897326655589027114691760178809417667148823788763112268861276160000000*n**4/(1002059785582473549456981437367207030418701621794554014609724380088880558856622564081*n**6 + 21043255497231944538596610184711347638792734057685634306804211981866491735989073845701*n**5 + 175360462476932871154971751539261230323272783814046952556701766515554097799908948714175*n**4 + 736513942403118058850881356464897167357745692018997200738147419365327210759617584599535*n**3 + 1627345091785937044318137854284344217399971433794355719726192393264342027583155044067544*n**2 + 1767633461767483341242115255515753201658589660845593281771553806476785305823082203038884*n + 721483045619380955609026634904389061901465167692078890519001553663994002376768246138320) + 674117970726802191795025707844471761351766224096168684957596557364764033556091136462049771520000000*n**3/(1002059785582473549456981437367207030418701621794554014609724380088880558856622564081*n**6 + 21043255497231944538596610184711347638792734057685634306804211981866491735989073845701*n**5 + 175360462476932871154971751539261230323272783814046952556701766515554097799908948714175*n**4 + 736513942403118058850881356464897167357745692018997200738147419365327210759617584599535*n**3 + 1627345091785937044318137854284344217399971433794355719726192393264342027583155044067544*n**2 + 1767633461767483341242115255515753201658589660845593281771553806476785305823082203038884*n + 721483045619380955609026634904389061901465167692078890519001553663994002376768246138320) + 16660241013056320637271561716271089770369012981177911956711375851496784005299335161740787712000000*n**2/(1002059785582473549456981437367207030418701621794554014609724380088880558856622564081*n**6 + 21043255497231944538596610184711347638792734057685634306804211981866491735989073845701*n**5 + 175360462476932871154971751539261230323272783814046952556701766515554097799908948714175*n**4 + 736513942403118058850881356464897167357745692018997200738147419365327210759617584599535*n**3 + 1627345091785937044318137854284344217399971433794355719726192393264342027583155044067544*n**2 + 1767633461767483341242115255515753201658589660845593281771553806476785305823082203038884*n + 721483045619380955609026634904389061901465167692078890519001553663994002376768246138320) - 618640569756127804498605973348673229976104098667421184604391604492012482395239807237851447296000000*n/(1002059785582473549456981437367207030418701621794554014609724380088880558856622564081*n**6 + 21043255497231944538596610184711347638792734057685634306804211981866491735989073845701*n**5 + 175360462476932871154971751539261230323272783814046952556701766515554097799908948714175*n**4 + 736513942403118058850881356464897167357745692018997200738147419365327210759617584599535*n**3 + 1627345091785937044318137854284344217399971433794355719726192393264342027583155044067544*n**2 + 1767633461767483341242115255515753201658589660845593281771553806476785305823082203038884*n + 721483045619380955609026634904389061901465167692078890519001553663994002376768246138320) - 254579363070442401322699931108726504405890920572335320735458773709365569480631852136858910720000000/(1002059785582473549456981437367207030418701621794554014609724380088880558856622564081*n**6 + 21043255497231944538596610184711347638792734057685634306804211981866491735989073845701*n**5 + 175360462476932871154971751539261230323272783814046952556701766515554097799908948714175*n**4 + 736513942403118058850881356464897167357745692018997200738147419365327210759617584599535*n**3 + 1627345091785937044318137854284344217399971433794355719726192393264342027583155044067544*n**2 + 1767633461767483341242115255515753201658589660845593281771553806476785305823082203038884*n + 721483045619380955609026634904389061901465167692078890519001553663994002376768246138320)
6	7	146362813394336363551076954003093033119681565186854814367480054515668767091680090831202044348363441460740096000000*n**7/(100240349543010630154994256269013175885798731004621055120253491200460114266246572182170496464091911*n**7 + 2806729787204297644339839175532368924802364468129389543367097753612883199454904021100773900994573508*n**6 + 32277392552849422909908150518622242635227191383487979748721624166548156793731396242658899861437595342*n**5 + 196471085104300835103788742287265824736165512769057268035696842752901823961843281477054173069620145560*n**4 + 678526926056638955519156120684950187570971610170279922108995881935914513468223047101112090565438145559*n**3 + 1316356270198815595195384573324681025732308935552683695839168846444442220544349985896262959566454975252*n**2 + 1309940887828062914865464940923464182475617816768387948311472623007612773231310205276604047792753092948*n + 505211361696773575981171051595826406464425604263290117806077595650318975901882723798139302179023231440) + 2506481342835215648636262904443223752339634323466811800357365140519890999374541480455882883265634570822746112000000*n**6/(100240349543010630154994256269013175885798731004621055120253491200460114266246572182170496464091911*n**7 + 2806729787204297644339839175532368924802364468129389543367097753612883199454904021100773900994573508*n**6 + 32277392552849422909908150518622242635227191383487979748721624166548156793731396242658899861437595342*n**5 + 196471085104300835103788742287265824736165512769057268035696842752901823961843281477054173069620145560*n**4 + 678526926056638955519156120684950187570971610170279922108995881935914513468223047101112090565438145559*n**3 + 1316356270198815595195384573324681025732308935552683695839168846444442220544349985896262959566454975252*n**2 + 1309940887828062914865464940923464182475617816768387948311472623007612773231310205276604047792753092948*n + 505211361696773575981171051595826406464425604263290117806077595650318975901882723798139302179023231440) + 16173726012724790800589374682397922585571366172770009257991327170665810696556232947098878419501833479454720000000000*n**5/(100240349543010630154994256269013175885798731004621055120253491200460114266246572182170496464091911*n**7 + 2806729787204297644339839175532368924802364468129389543367097753612883199454904021100773900994573508*n**6 + 32277392552849422909908150518622242635227191383487979748721624166548156793731396242658899861437595342*n**5 + 196471085104300835103788742287265824736165512769057268035696842752901823961843281477054173069620145560*n**4 + 678526926056638955519156120684950187570971610170279922108995881935914513468223047101112090565438145559*n**3 + 1316356270198815595195384573324681025732308935552683695839168846444442220544349985896262959566454975252*n**2 + 1309940887828062914865464940923464182475617816768387948311472623007612773231310205276604047792753092948*n + 505211361696773575981171051595826406464425604263290117806077595650318975901882723798139302179023231440) + 47505072365951713521307956882451498147036787868789379172015851273397459362163278273756906780415672143632138240000000*n**4/(100240349543010630154994256269013175885798731004621055120253491200460114266246572182170496464091911*n**7 + 2806729787204297644339839175532368924802364468129389543367097753612883199454904021100773900994573508*n**6 + 32277392552849422909908150518622242635227191383487979748721624166548156793731396242658899861437595342*n**5 + 196471085104300835103788742287265824736165512769057268035696842752901823961843281477054173069620145560*n**4 + 678526926056638955519156120684950187570971610170279922108995881935914513468223047101112090565438145559*n**3 + 1316356270198815595195384573324681025732308935552683695839168846444442220544349985896262959566454975252*n**2 + 1309940887828062914865464940923464182475617816768387948311472623007612773231310205276604047792753092948*n + 505211361696773575981171051595826406464425604263290117806077595650318975901882723798139302179023231440) + 55355354460660570734817875470313838423799518287908873185746389231708492370191644682647443089597634996673183744000000*n**3/(100240349543010630154994256269013175885798731004621055120253491200460114266246572182170496464091911*n**7 + 2806729787204297644339839175532368924802364468129389543367097753612883199454904021100773900994573508*n**6 + 32277392552849422909908150518622242635227191383487979748721624166548156793731396242658899861437595342*n**5 + 196471085104300835103788742287265824736165512769057268035696842752901823961843281477054173069620145560*n**4 + 678526926056638955519156120684950187570971610170279922108995881935914513468223047101112090565438145559*n**3 + 1316356270198815595195384573324681025732308935552683695839168846444442220544349985896262959566454975252*n**2 + 1309940887828062914865464940923464182475617816768387948311472623007612773231310205276604047792753092948*n + 505211361696773575981171051595826406464425604263290117806077595650318975901882723798139302179023231440) - 7832756600138119784947428000354999092377312125723423707449683406154474114571596334370180263158114314464264192000000*n**2/(100240349543010630154994256269013175885798731004621055120253491200460114266246572182170496464091911*n**7 + 2806729787204297644339839175532368924802364468129389543367097753612883199454904021100773900994573508*n**6 + 32277392552849422909908150518622242635227191383487979748721624166548156793731396242658899861437595342*n**5 + 196471085104300835103788742287265824736165512769057268035696842752901823961843281477054173069620145560*n**4 + 678526926056638955519156120684950187570971610170279922108995881935914513468223047101112090565438145559*n**3 + 1316356270198815595195384573324681025732308935552683695839168846444442220544349985896262959566454975252*n**2 + 1309940887828062914865464940923464182475617816768387948311472623007612773231310205276604047792753092948*n + 505211361696773575981171051595826406464425604263290117806077595650318975901882723798139302179023231440) - 54356352098452260683766928870690195941428967330498326370253477054789759494329822281537653587148699569958420480000000*n/(100240349543010630154994256269013175885798731004621055120253491200460114266246572182170496464091911*n**7 + 2806729787204297644339839175532368924802364468129389543367097753612883199454904021100773900994573508*n**6 + 32277392552849422909908150518622242635227191383487979748721624166548156793731396242658899861437595342*n**5 + 196471085104300835103788742287265824736165512769057268035696842752901823961843281477054173069620145560*n**4 + 678526926056638955519156120684950187570971610170279922108995881935914513468223047101112090565438145559*n**3 + 1316356270198815595195384573324681025732308935552683695839168846444442220544349985896262959566454975252*n**2 + 1309940887828062914865464940923464182475617816768387948311472623007612773231310205276604047792753092948*n + 505211361696773575981171051595826406464425604263290117806077595650318975901882723798139302179023231440) - 20811346154785600126747296517528619466778169438413346178098895287364859839543800977015409692028954726620200960000000/(100240349543010630154994256269013175885798731004621055120253491200460114266246572182170496464091911*n**7 + 2806729787204297644339839175532368924802364468129389543367097753612883199454904021100773900994573508*n**6 + 32277392552849422909908150518622242635227191383487979748721624166548156793731396242658899861437595342*n**5 + 196471085104300835103788742287265824736165512769057268035696842752901823961843281477054173069620145560*n**4 + 678526926056638955519156120684950187570971610170279922108995881935914513468223047101112090565438145559*n**3 + 1316356270198815595195384573324681025732308935552683695839168846444442220544349985896262959566454975252*n**2 + 1309940887828062914865464940923464182475617816768387948311472623007612773231310205276604047792753092948*n + 505211361696773575981171051595826406464425604263290117806077595650318975901882723798139302179023231440)
6	8	2175393439865309089369642544063555088785976293363419222914740233374542685781354770051834132015273262205284203841597807263744000000*n**8/(10027473231713628268589319353101234602546088245713320691817776844595429033004605835551758903711200259065929976641*n**8 + 360989036341690617669215496711644445691659176845679544905439966405435445188165810079863320533603209326373479159076*n**7 + 5475000384515641034649768366793274092990164182159473097732506157149104252020514786211260361426315341449997767245986*n**6 + 45484618579053017826321152585667200157149056282555622658085435767084866093708892070062778387234004375123058374043576*n**5 + 225106746578739241001561630157769615592557135028018336210617272384322786361920396402301435629412734615771062045613809*n**4 + 674688508922619764423763763354063468997711001524575069428267297211758847056681899039264546077304398230992032548313044*n**3 + 1184485248022940625598844759265730236191154127936640293400283071990990459094636059718715968741981819401903912560741484*n**2 + 1098850626624106240185091971990245692685410534318248534692159257738145495152776725883103947704288169189480870560227344*n + 404307720702693491789521356317041779174658278067161090294092762374087698610745707289446918997635594445538296658165120) + 51393939980647766271607614811978784353121841706262594829266690522730766656887495212489485915158336998944330549026016835141632000000*n**7/(10027473231713628268589319353101234602546088245713320691817776844595429033004605835551758903711200259065929976641*n**8 + 360989036341690617669215496711644445691659176845679544905439966405435445188165810079863320533603209326373479159076*n**7 + 5475000384515641034649768366793274092990164182159473097732506157149104252020514786211260361426315341449997767245986*n**6 + 45484618579053017826321152585667200157149056282555622658085435767084866093708892070062778387234004375123058374043576*n**5 + 225106746578739241001561630157769615592557135028018336210617272384322786361920396402301435629412734615771062045613809*n**4 + 674688508922619764423763763354063468997711001524575069428267297211758847056681899039264546077304398230992032548313044*n**3 + 1184485248022940625598844759265730236191154127936640293400283071990990459094636059718715968741981819401903912560741484*n**2 + 1098850626624106240185091971990245692685410534318248534692159257738145495152776725883103947704288169189480870560227344*n + 404307720702693491789521356317041779174658278067161090294092762374087698610745707289446918997635594445538296658165120) + 482541547717160412913794090095395703978654072753030097910129492143554492972768888761109114117277571299010051398006736946724864000000*n**6/(10027473231713628268589319353101234602546088245713320691817776844595429033004605835551758903711200259065929976641*n**8 + 360989036341690617669215496711644445691659176845679544905439966405435445188165810079863320533603209326373479159076*n**7 + 5475000384515641034649768366793274092990164182159473097732506157149104252020514786211260361426315341449997767245986*n**6 + 45484618579053017826321152585667200157149056282555622658085435767084866093708892070062778387234004375123058374043576*n**5 + 225106746578739241001561630157769615592557135028018336210617272384322786361920396402301435629412734615771062045613809*n**4 + 674688508922619764423763763354063468997711001524575069428267297211758847056681899039264546077304398230992032548313044*n**3 + 1184485248022940625598844759265730236191154127936640293400283071990990459094636059718715968741981819401903912560741484*n**2 + 1098850626624106240185091971990245692685410534318248534692159257738145495152776725883103947704288169189480870560227344*n + 404307720702693491789521356317041779174658278067161090294092762374087698610745707289446918997635594445538296658165120) + 2268616954941997121344308245754591880043436034415261530060714882830334616527097401504436926051499121936220639803462938021855232000000*n**5/(10027473231713628268589319353101234602546088245713320691817776844595429033004605835551758903711200259065929976641*n**8 + 360989036341690617669215496711644445691659176845679544905439966405435445188165810079863320533603209326373479159076*n**7 + 5475000384515641034649768366793274092990164182159473097732506157149104252020514786211260361426315341449997767245986*n**6 + 45484618579053017826321152585667200157149056282555622658085435767084866093708892070062778387234004375123058374043576*n**5 + 225106746578739241001561630157769615592557135028018336210617272384322786361920396402301435629412734615771062045613809*n**4 + 674688508922619764423763763354063468997711001524575069428267297211758847056681899039264546077304398230992032548313044*n**3 + 1184485248022940625598844759265730236191154127936640293400283071990990459094636059718715968741981819401903912560741484*n**2 + 1098850626624106240185091971990245692685410534318248534692159257738145495152776725883103947704288169189480870560227344*n + 404307720702693491789521356317041779174658278067161090294092762374087698610745707289446918997635594445538296658165120) + 5412236946178056310255460045415238549473948228737467412688471219845614215015479007525673090704665015922044403084763544410914816000000*n**4/(10027473231713628268589319353101234602546088245713320691817776844595429033004605835551758903711200259065929976641*n**8 + 360989036341690617669215496711644445691659176845679544905439966405435445188165810079863320533603209326373479159076*n**7 + 5475000384515641034649768366793274092990164182159473097732506157149104252020514786211260361426315341449997767245986*n**6 + 45484618579053017826321152585667200157149056282555622658085435767084866093708892070062778387234004375123058374043576*n**5 + 225106746578739241001561630157769615592557135028018336210617272384322786361920396402301435629412734615771062045613809*n**4 + 674688508922619764423763763354063468997711001524575069428267297211758847056681899039264546077304398230992032548313044*n**3 + 1184485248022940625598844759265730236191154127936640293400283071990990459094636059718715968741981819401903912560741484*n**2 + 1098850626624106240185091971990245692685410534318248534692159257738145495152776725883103947704288169189480870560227344*n + 404307720702693491789521356317041779174658278067161090294092762374087698610745707289446918997635594445538296658165120) + 5231503234552624051787035878769311955675972338432991157703115185640154914839329055522681930960805436450193416539280250044940288000000*n**3/(10027473231713628268589319353101234602546088245713320691817776844595429033004605835551758903711200259065929976641*n**8 + 360989036341690617669215496711644445691659176845679544905439966405435445188165810079863320533603209326373479159076*n**7 + 5475000384515641034649768366793274092990164182159473097732506157149104252020514786211260361426315341449997767245986*n**6 + 45484618579053017826321152585667200157149056282555622658085435767084866093708892070062778387234004375123058374043576*n**5 + 225106746578739241001561630157769615592557135028018336210617272384322786361920396402301435629412734615771062045613809*n**4 + 674688508922619764423763763354063468997711001524575069428267297211758847056681899039264546077304398230992032548313044*n**3 + 1184485248022940625598844759265730236191154127936640293400283071990990459094636059718715968741981819401903912560741484*n**2 + 1098850626624106240185091971990245692685410534318248534692159257738145495152776725883103947704288169189480870560227344*n + 404307720702693491789521356317041779174658278067161090294092762374087698610745707289446918997635594445538296658165120) - 1564617764670664958305048426045863527374994613580551131721058180359235998122650945166788006163618121702057432926058682261438464000000*n**2/(10027473231713628268589319353101234602546088245713320691817776844595429033004605835551758903711200259065929976641*n**8 + 360989036341690617669215496711644445691659176845679544905439966405435445188165810079863320533603209326373479159076*n**7 + 5475000384515641034649768366793274092990164182159473097732506157149104252020514786211260361426315341449997767245986*n**6 + 45484618579053017826321152585667200157149056282555622658085435767084866093708892070062778387234004375123058374043576*n**5 + 225106746578739241001561630157769615592557135028018336210617272384322786361920396402301435629412734615771062045613809*n**4 + 674688508922619764423763763354063468997711001524575069428267297211758847056681899039264546077304398230992032548313044*n**3 + 1184485248022940625598844759265730236191154127936640293400283071990990459094636059718715968741981819401903912560741484*n**2 + 1098850626624106240185091971990245692685410534318248534692159257738145495152776725883103947704288169189480870560227344*n + 404307720702693491789521356317041779174658278067161090294092762374087698610745707289446918997635594445538296658165120) - 5560722816479869221928537583312359952384621455205103934094140322897295692740836147580402613083692307002874901454754499270541312000000*n/(10027473231713628268589319353101234602546088245713320691817776844595429033004605835551758903711200259065929976641*n**8 + 360989036341690617669215496711644445691659176845679544905439966405435445188165810079863320533603209326373479159076*n**7 + 5475000384515641034649768366793274092990164182159473097732506157149104252020514786211260361426315341449997767245986*n**6 + 45484618579053017826321152585667200157149056282555622658085435767084866093708892070062778387234004375123058374043576*n**5 + 225106746578739241001561630157769615592557135028018336210617272384322786361920396402301435629412734615771062045613809*n**4 + 674688508922619764423763763354063468997711001524575069428267297211758847056681899039264546077304398230992032548313044*n**3 + 1184485248022940625598844759265730236191154127936640293400283071990990459094636059718715968741981819401903912560741484*n**2 + 1098850626624106240185091971990245692685410534318248534692159257738145495152776725883103947704288169189480870560227344*n + 404307720702693491789521356317041779174658278067161090294092762374087698610745707289446918997635594445538296658165120) - 2010599616690594164013018112566958347463465361855160049950888856625559013427254725664000476220681127612624003954633428917288960000000/(10027473231713628268589319353101234602546088245713320691817776844595429033004605835551758903711200259065929976641*n**8 + 360989036341690617669215496711644445691659176845679544905439966405435445188165810079863320533603209326373479159076*n**7 + 5475000384515641034649768366793274092990164182159473097732506157149104252020514786211260361426315341449997767245986*n**6 + 45484618579053017826321152585667200157149056282555622658085435767084866093708892070062778387234004375123058374043576*n**5 + 225106746578739241001561630157769615592557135028018336210617272384322786361920396402301435629412734615771062045613809*n**4 + 674688508922619764423763763354063468997711001524575069428267297211758847056681899039264546077304398230992032548313044*n**3 + 1184485248022940625598844759265730236191154127936640293400283071990990459094636059718715968741981819401903912560741484*n**2 + 1098850626624106240185091971990245692685410534318248534692159257738145495152776725883103947704288169189480870560227344*n + 404307720702693491789521356317041779174658278067161090294092762374087698610745707289446918997635594445538296658165120)
7	1	1698693120000000*n/(100034300333431*n + 100034300333431) - 1509949440000000/(100034300333431*n + 100034300333431)
7	2	25181701168189784048271360000000*n**2/(10006861243199073477776231761*n**2 + 30020583729597220433328695283*n + 20013722486398146955552463522) - 9792883787629360463216640000000*n/(10006861243199073477776231761*n**2 + 30020583729597220433328695283*n + 20013722486398146955552463522) - 11191867185862126243676160000000/(10006861243199073477776231761*n**2 + 30020583729597220433328695283*n + 20013722486398146955552463522)
7	3	374277229512259372860531800944796416081920000000*n**3/(1001029362997146827179021169617809032301991*n**3 + 6006176177982880963074127017706854193811946*n**2 + 11011322992968615098969232865795899355321901*n + 6006176177982880963074127017706854193811946) + 415863588346954858733924223271996017868800000000*n**2/(1001029362997146827179021169617809032301991*n**3 + 6006176177982880963074127017706854193811946*n**2 + 11011322992968615098969232865795899355321901*n + 6006176177982880963074127017706854193811946) - 384519619103109024448798090234659581460480000000*n/(1001029362997146827179021169617809032301991*n**3 + 6006176177982880963074127017706854193811946*n**2 + 11011322992968615098969232865795899355321901*n + 6006176177982880963074127017706854193811946) - 249655219779572221800427259556030264115200000000/(1001029362997146827179021169617809032301991*n**3 + 6006176177982880963074127017706854193811946*n**2 + 11011322992968615098969232865795899355321901*n + 6006176177982880963074127017706854193811946)
7	4	5562889985521519836302554134700158620437460342855329382400000000*n**4/(100137271940639706387576021121027001686842741740785161121*n**4 + 1001372719406397063875760211210270016868427417407851611210*n**3 + 3504804517922389723565160739235945059039495960927480639235*n**2 + 5006863597031985319378801056051350084342137087039258056050*n + 2403294526575352953301824506904648040484225801778843866904) + 20088213836605488297759223264195017240468606793644244992000000000*n**3/(100137271940639706387576021121027001686842741740785161121*n**4 + 1001372719406397063875760211210270016868427417407851611210*n**3 + 3504804517922389723565160739235945059039495960927480639235*n**2 + 5006863597031985319378801056051350084342137087039258056050*n + 2403294526575352953301824506904648040484225801778843866904) + 9739639533099817425392988015135387155868229458549591244800000000*n**2/(100137271940639706387576021121027001686842741740785161121*n**4 + 1001372719406397063875760211210270016868427417407851611210*n**3 + 3504804517922389723565160739235945059039495960927480639235*n**2 + 5006863597031985319378801056051350084342137087039258056050*n + 2403294526575352953301824506904648040484225801778843866904) - 17999329945212210868562504292931835242741814029291251302400000000*n/(100137271940639706387576021121027001686842741740785161121*n**4 + 1001372719406397063875760211210270016868427417407851611210*n**3 + 3504804517922389723565160739235945059039495960927480639235*n**2 + 5006863597031985319378801056051350084342137087039258056050*n + 2403294526575352953301824506904648040484225801778843866904) - 9277592720452076676322281263713743794199332382829235404800000000/(100137271940639706387576021121027001686842741740785161121*n**4 + 1001372719406397063875760211210270016868427417407851611210*n**3 + 3504804517922389723565160739235945059039495960927480639235*n**2 + 5006863597031985319378801056051350084342137087039258056050*n + 2403294526575352953301824506904648040484225801778843866904)
7	5	82681345763535698099032581786472288420342177871912413005509542910990745600000000*n**5/(10017161935880405301126133910143011693247287079565887264498187357736151*n**5 + 150257429038206079516892008652145175398709306193488308967472810366042265*n**4 + 851458764549834450595721382362155993926019401763100417482345925407572835*n**3 + 2253861435573091192753380129782177630980639592902324634512092155490633975*n**2 + 2744702370431231052508560691379185203949756659801053110472503336019705374*n + 1202059432305648636135136069217161403189674449547906471739782482928338120) + 587956236540698297593120581592691828766877709311377159150290082922600857600000000*n**4/(10017161935880405301126133910143011693247287079565887264498187357736151*n**5 + 150257429038206079516892008652145175398709306193488308967472810366042265*n**4 + 851458764549834450595721382362155993926019401763100417482345925407572835*n**3 + 2253861435573091192753380129782177630980639592902324634512092155490633975*n**2 + 2744702370431231052508560691379185203949756659801053110472503336019705374*n + 1202059432305648636135136069217161403189674449547906471739782482928338120) + 1189794839497170719085781494170147463388592861263183418904736355074021785600000000*n**3/(10017161935880405301126133910143011693247287079565887264498187357736151*n**5 + 150257429038206079516892008652145175398709306193488308967472810366042265*n**4 + 851458764549834450595721382362155993926019401763100417482345925407572835*n**3 + 2253861435573091192753380129782177630980639592902324634512092155490633975*n**2 + 2744702370431231052508560691379185203949756659801053110472503336019705374*n + 1202059432305648636135136069217161403189674449547906471739782482928338120) + 239174996584863373551832334705718005581786835762905143818582616352751616000000000*n**2/(10017161935880405301126133910143011693247287079565887264498187357736151*n**5 + 150257429038206079516892008652145175398709306193488308967472810366042265*n**4 + 851458764549834450595721382362155993926019401763100417482345925407572835*n**3 + 2253861435573091192753380129782177630980639592902324634512092155490633975*n**2 + 2744702370431231052508560691379185203949756659801053110472503336019705374*n + 1202059432305648636135136069217161403189674449547906471739782482928338120) - 1074263418574150116188434917674501822872065425570456485454143949332021248000000000*n/(10017161935880405301126133910143011693247287079565887264498187357736151*n**5 + 150257429038206079516892008652145175398709306193488308967472810366042265*n**4 + 851458764549834450595721382362155993926019401763100417482345925407572835*n**3 + 2253861435573091192753380129782177630980639592902324634512092155490633975*n**2 + 2744702370431231052508560691379185203949756659801053110472503336019705374*n + 1202059432305648636135136069217161403189674449547906471739782482928338120) - 482648359023622722106100769448546100929508578551375276034831061874219417600000000/(10017161935880405301126133910143011693247287079565887264498187357736151*n**5 + 150257429038206079516892008652145175398709306193488308967472810366042265*n**4 + 851458764549834450595721382362155993926019401763100417482345925407572835*n**3 + 2253861435573091192753380129782177630980639592902324634512092155490633975*n**2 + 2744702370431231052508560691379185203949756659801053110472503336019705374*n + 1202059432305648636135136069217161403189674449547906471739782482928338120)
7	6	1228894505386647872315052998943941176593494571674070111853752046798008647511197185254359040000000*n**6/(1002059785582473549456981437367207030418701621794554014609724380088880558856622564081*n**6 + 21043255497231944538596610184711347638792734057685634306804211981866491735989073845701*n**5 + 175360462476932871154971751539261230323272783814046952556701766515554097799908948714175*n**4 + 736513942403118058850881356464897167357745692018997200738147419365327210759617584599535*n**3 + 1627345091785937044318137854284344217399971433794355719726192393264342027583155044067544*n**2 + 1767633461767483341242115255515753201658589660845593281771553806476785305823082203038884*n + 721483045619380955609026634904389061901465167692078890519001553663994002376768246138320) + 14268830645878300295213670932182428106002242526660036298746343210043544851657789539897835520000000*n**5/(1002059785582473549456981437367207030418701621794554014609724380088880558856622564081*n**6 + 21043255497231944538596610184711347638792734057685634306804211981866491735989073845701*n**5 + 175360462476932871154971751539261230323272783814046952556701766515554097799908948714175*n**4 + 736513942403118058850881356464897167357745692018997200738147419365327210759617584599535*n**3 + 1627345091785937044318137854284344217399971433794355719726192393264342027583155044067544*n**2 + 1767633461767483341242115255515753201658589660845593281771553806476785305823082203038884*n + 721483045619380955609026634904389061901465167692078890519001553663994002376768246138320) + 57009074727744124564146090997993814181997984529205630431634170611278867586580938802331648000000000*n**4/(1002059785582473549456981437367207030418701621794554014609724380088880558856622564081*n**6 + 21043255497231944538596610184711347638792734057685634306804211981866491735989073845701*n**5 + 175360462476932871154971751539261230323272783814046952556701766515554097799908948714175*n**4 + 736513942403118058850881356464897167357745692018997200738147419365327210759617584599535*n**3 + 1627345091785937044318137854284344217399971433794355719726192393264342027583155044067544*n**2 + 1767633461767483341242115255515753201658589660845593281771553806476785305823082203038884*n + 721483045619380955609026634904389061901465167692078890519001553663994002376768246138320) + 83134440199481596004938494288563289662572618164820155004590424150782606854056015174828032000000000*n**3/(1002059785582473549456981437367207030418701621794554014609724380088880558856622564081*n**6 + 21043255497231944538596610184711347638792734057685634306804211981866491735989073845701*n**5 + 175360462476932871154971751539261230323272783814046952556701766515554097799908948714175*n**4 + 736513942403118058850881356464897167357745692018997200738147419365327210759617584599535*n**3 + 1627345091785937044318137854284344217399971433794355719726192393264342027583155044067544*n**2 + 1767633461767483341242115255515753201658589660845593281771553806476785305823082203038884*n + 721483045619380955609026634904389061901465167692078890519001553663994002376768246138320) + 30969091251075058818202717812662020994650534063398012284725260033039599789662026659266560000000*n**2/(1002059785582473549456981437367207030418701621794554014609724380088880558856622564081*n**6 + 21043255497231944538596610184711347638792734057685634306804211981866491735989073845701*n**5 + 175360462476932871154971751539261230323272783814046952556701766515554097799908948714175*n**4 + 736513942403118058850881356464897167357745692018997200738147419365327210759617584599535*n**3 + 1627345091785937044318137854284344217399971433794355719726192393264342027583155044067544*n**2 + 1767633461767483341242115255515753201658589660845593281771553806476785305823082203038884*n + 721483045619380955609026634904389061901465167692078890519001553663994002376768246138320) - 79025843447574909198033508487138659954229942826547332738160091591614741778488303811894968320000000*n/(1002059785582473549456981437367207030418701621794554014609724380088880558856622564081*n**6 + 21043255497231944538596610184711347638792734057685634306804211981866491735989073845701*n**5 + 175360462476932871154971751539261230323272783814046952556701766515554097799908948714175*n**4 + 736513942403118058850881356464897167357745692018997200738147419365327210759617584599535*n**3 + 1627345091785937044318137854284344217399971433794355719726192393264342027583155044067544*n**2 + 1767633461767483341242115255515753201658589660845593281771553806476785305823082203038884*n + 721483045619380955609026634904389061901465167692078890519001553663994002376768246138320) - 32282098717470735319947428653865647113380173669515189813511528195826037990181197606341836800000000/(1002059785582473549456981437367207030418701621794554014609724380088880558856622564081*n**6 + 21043255497231944538596610184711347638792734057685634306804211981866491735989073845701*n**5 + 175360462476932871154971751539261230323272783814046952556701766515554097799908948714175*n**4 + 736513942403118058850881356464897167357745692018997200738147419365327210759617584599535*n**3 + 1627345091785937044318137854284344217399971433794355719726192393264342027583155044067544*n**2 + 1767633461767483341242115255515753201658589660845593281771553806476785305823082203038884*n + 721483045619380955609026634904389061901465167692078890519001553663994002376768246138320)
7	7	18265083755270888493648119205009527932281641123507066304392420816403957468670724712840450519211155621150720000000*n**7/(100240349543010630154994256269013175885798731004621055120253491200460114266246572182170496464091911*n**7 + 2806729787204297644339839175532368924802364468129389543367097753612883199454904021100773900994573508*n**6 + 32277392552849422909908150518622242635227191383487979748721624166548156793731396242658899861437595342*n**5 + 196471085104300835103788742287265824736165512769057268035696842752901823961843281477054173069620145560*n**4 + 678526926056638955519156120684950187570971610170279922108995881935914513468223047101112090565438145559*n**3 + 1316356270198815595195384573324681025732308935552683695839168846444442220544349985896262959566454975252*n**2 + 1309940887828062914865464940923464182475617816768387948311472623007612773231310205276604047792753092948*n + 505211361696773575981171051595826406464425604263290117806077595650318975901882723798139302179023231440) + 312535877590190758669090039730163033507930303668898690097381422858467716686143511753047708884279773961912320000000*n**6/(100240349543010630154994256269013175885798731004621055120253491200460114266246572182170496464091911*n**7 + 2806729787204297644339839175532368924802364468129389543367097753612883199454904021100773900994573508*n**6 + 32277392552849422909908150518622242635227191383487979748721624166548156793731396242658899861437595342*n**5 + 196471085104300835103788742287265824736165512769057268035696842752901823961843281477054173069620145560*n**4 + 678526926056638955519156120684950187570971610170279922108995881935914513468223047101112090565438145559*n**3 + 1316356270198815595195384573324681025732308935552683695839168846444442220544349985896262959566454975252*n**2 + 1309940887828062914865464940923464182475617816768387948311472623007612773231310205276604047792753092948*n + 505211361696773575981171051595826406464425604263290117806077595650318975901882723798139302179023231440) + 2013763087191706998912174791648403840483846438686813929018932000633383515811915702184347499150037351693025280000000*n**5/(100240349543010630154994256269013175885798731004621055120253491200460114266246572182170496464091911*n**7 + 2806729787204297644339839175532368924802364468129389543367097753612883199454904021100773900994573508*n**6 + 32277392552849422909908150518622242635227191383487979748721624166548156793731396242658899861437595342*n**5 + 196471085104300835103788742287265824736165512769057268035696842752901823961843281477054173069620145560*n**4 + 678526926056638955519156120684950187570971610170279922108995881935914513468223047101112090565438145559*n**3 + 1316356270198815595195384573324681025732308935552683695839168846444442220544349985896262959566454975252*n**2 + 1309940887828062914865464940923464182475617816768387948311472623007612773231310205276604047792753092948*n + 505211361696773575981171051595826406464425604263290117806077595650318975901882723798139302179023231440) + 5895980958485676146977194580018113026473079771756001612247415892682024103953920616685587966556572391728742400000000*n**4/(100240349543010630154994256269013175885798731004621055120253491200460114266246572182170496464091911*n**7 + 2806729787204297644339839175532368924802364468129389543367097753612883199454904021100773900994573508*n**6 + 32277392552849422909908150518622242635227191383487979748721624166548156793731396242658899861437595342*n**5 + 196471085104300835103788742287265824736165512769057268035696842752901823961843281477054173069620145560*n**4 + 678526926056638955519156120684950187570971610170279922108995881935914513468223047101112090565438145559*n**3 + 1316356270198815595195384573324681025732308935552683695839168846444442220544349985896262959566454975252*n**2 + 1309940887828062914865464940923464182475617816768387948311472623007612773231310205276604047792753092948*n + 505211361696773575981171051595826406464425604263290117806077595650318975901882723798139302179023231440) + 6796527194677177458159104069929448772481075435137896097778152850291565483444535716414716572841216016520314880000000*n**3/(100240349543010630154994256269013175885798731004621055120253491200460114266246572182170496464091911*n**7 + 2806729787204297644339839175532368924802364468129389543367097753612883199454904021100773900994573508*n**6 + 32277392552849422909908150518622242635227191383487979748721624166548156793731396242658899861437595342*n**5 + 196471085104300835103788742287265824736165512769057268035696842752901823961843281477054173069620145560*n**4 + 678526926056638955519156120684950187570971610170279922108995881935914513468223047101112090565438145559*n**3 + 1316356270198815595195384573324681025732308935552683695839168846444442220544349985896262959566454975252*n**2 + 1309940887828062914865464940923464182475617816768387948311472623007612773231310205276604047792753092948*n + 505211361696773575981171051595826406464425604263290117806077595650318975901882723798139302179023231440) - 1172009340610213775233021776571204356171696739106718674447741096071163529685404216760819259965834111400017920000000*n**2/(100240349543010630154994256269013175885798731004621055120253491200460114266246572182170496464091911*n**7 + 2806729787204297644339839175532368924802364468129389543367097753612883199454904021100773900994573508*n**6 + 32277392552849422909908150518622242635227191383487979748721624166548156793731396242658899861437595342*n**5 + 196471085104300835103788742287265824736165512769057268035696842752901823961843281477054173069620145560*n**4 + 678526926056638955519156120684950187570971610170279922108995881935914513468223047101112090565438145559*n**3 + 1316356270198815595195384573324681025732308935552683695839168846444442220544349985896262959566454975252*n**2 + 1309940887828062914865464940923464182475617816768387948311472623007612773231310205276604047792753092948*n + 505211361696773575981171051595826406464425604263290117806077595650318975901882723798139302179023231440) - 6940002019165113472320302545510964853064955502837081409882525634362127624720664719276685779921920773932974080000000*n/(100240349543010630154994256269013175885798731004621055120253491200460114266246572182170496464091911*n**7 + 2806729787204297644339839175532368924802364468129389543367097753612883199454904021100773900994573508*n**6 + 32277392552849422909908150518622242635227191383487979748721624166548156793731396242658899861437595342*n**5 + 196471085104300835103788742287265824736165512769057268035696842752901823961843281477054173069620145560*n**4 + 678526926056638955519156120684950187570971610170279922108995881935914513468223047101112090565438145559*n**3 + 1316356270198815595195384573324681025732308935552683695839168846444442220544349985896262959566454975252*n**2 + 1309940887828062914865464940923464182475617816768387948311472623007612773231310205276604047792753092948*n + 505211361696773575981171051595826406464425604263290117806077595650318975901882723798139302179023231440) - 2638996040014235257522289787530815371582134546285746862583382237161880624391402675227075257370476446692147200000000/(100240349543010630154994256269013175885798731004621055120253491200460114266246572182170496464091911*n**7 + 2806729787204297644339839175532368924802364468129389543367097753612883199454904021100773900994573508*n**6 + 32277392552849422909908150518622242635227191383487979748721624166548156793731396242658899861437595342*n**5 + 196471085104300835103788742287265824736165512769057268035696842752901823961843281477054173069620145560*n**4 + 678526926056638955519156120684950187570971610170279922108995881935914513468223047101112090565438145559*n**3 + 1316356270198815595195384573324681025732308935552683695839168846444442220544349985896262959566454975252*n**2 + 1309940887828062914865464940923464182475617816768387948311472623007612773231310205276604047792753092948*n + 505211361696773575981171051595826406464425604263290117806077595650318975901882723798139302179023231440)
7	8	271474307293851508255116082184139734269868904071057518327520793391051304919653350829590995579098208607747769979144020951040000000*n**8/(10027473231713628268589319353101234602546088245713320691817776844595429033004605835551758903711200259065929976641*n**8 + 360989036341690617669215496711644445691659176845679544905439966405435445188165810079863320533603209326373479159076*n**7 + 5475000384515641034649768366793274092990164182159473097732506157149104252020514786211260361426315341449997767245986*n**6 + 45484618579053017826321152585667200157149056282555622658085435767084866093708892070062778387234004375123058374043576*n**5 + 225106746578739241001561630157769615592557135028018336210617272384322786361920396402301435629412734615771062045613809*n**4 + 674688508922619764423763763354063468997711001524575069428267297211758847056681899039264546077304398230992032548313044*n**3 + 1184485248022940625598844759265730236191154127936640293400283071990990459094636059718715968741981819401903912560741484*n**2 + 1098850626624106240185091971990245692685410534318248534692159257738145495152776725883103947704288169189480870560227344*n + 404307720702693491789521356317041779174658278067161090294092762374087698610745707289446918997635594445538296658165120) + 6409810033327049500468018607125521503594126901677746960510907621733155810602926339032009617839818814349600124507567161344000000000*n**7/(10027473231713628268589319353101234602546088245713320691817776844595429033004605835551758903711200259065929976641*n**8 + 360989036341690617669215496711644445691659176845679544905439966405435445188165810079863320533603209326373479159076*n**7 + 5475000384515641034649768366793274092990164182159473097732506157149104252020514786211260361426315341449997767245986*n**6 + 45484618579053017826321152585667200157149056282555622658085435767084866093708892070062778387234004375123058374043576*n**5 + 225106746578739241001561630157769615592557135028018336210617272384322786361920396402301435629412734615771062045613809*n**4 + 674688508922619764423763763354063468997711001524575069428267297211758847056681899039264546077304398230992032548313044*n**3 + 1184485248022940625598844759265730236191154127936640293400283071990990459094636059718715968741981819401903912560741484*n**2 + 1098850626624106240185091971990245692685410534318248534692159257738145495152776725883103947704288169189480870560227344*n + 404307720702693491789521356317041779174658278067161090294092762374087698610745707289446918997635594445538296658165120) + 60124688771966208375122821360035859519932622469418286484324442324045899493871305989083534635324438350483546011873427104727040000000*n**6/(10027473231713628268589319353101234602546088245713320691817776844595429033004605835551758903711200259065929976641*n**8 + 360989036341690617669215496711644445691659176845679544905439966405435445188165810079863320533603209326373479159076*n**7 + 5475000384515641034649768366793274092990164182159473097732506157149104252020514786211260361426315341449997767245986*n**6 + 45484618579053017826321152585667200157149056282555622658085435767084866093708892070062778387234004375123058374043576*n**5 + 225106746578739241001561630157769615592557135028018336210617272384322786361920396402301435629412734615771062045613809*n**4 + 674688508922619764423763763354063468997711001524575069428267297211758847056681899039264546077304398230992032548313044*n**3 + 1184485248022940625598844759265730236191154127936640293400283071990990459094636059718715968741981819401903912560741484*n**2 + 1098850626624106240185091971990245692685410534318248534692159257738145495152776725883103947704288169189480870560227344*n + 404307720702693491789521356317041779174658278067161090294092762374087698610745707289446918997635594445538296658165120) + 282182289493648781387841100074331011135457706714669880733004162476444840316798093098252631978574310171550540102002331457945600000000*n**5/(10027473231713628268589319353101234602546088245713320691817776844595429033004605835551758903711200259065929976641*n**8 + 360989036341690617669215496711644445691659176845679544905439966405435445188165810079863320533603209326373479159076*n**7 + 5475000384515641034649768366793274092990164182159473097732506157149104252020514786211260361426315341449997767245986*n**6 + 45484618579053017826321152585667200157149056282555622658085435767084866093708892070062778387234004375123058374043576*n**5 + 225106746578739241001561630157769615592557135028018336210617272384322786361920396402301435629412734615771062045613809*n**4 + 674688508922619764423763763354063468997711001524575069428267297211758847056681899039264546077304398230992032548313044*n**3 + 1184485248022940625598844759265730236191154127936640293400283071990990459094636059718715968741981819401903912560741484*n**2 + 1098850626624106240185091971990245692685410534318248534692159257738145495152776725883103947704288169189480870560227344*n + 404307720702693491789521356317041779174658278067161090294092762374087698610745707289446918997635594445538296658165120) + 670630647926475068824097221855814099531081236831988818941336036324592153779506600835471968090646842076937736152062516957020160000000*n**4/(10027473231713628268589319353101234602546088245713320691817776844595429033004605835551758903711200259065929976641*n**8 + 360989036341690617669215496711644445691659176845679544905439966405435445188165810079863320533603209326373479159076*n**7 + 5475000384515641034649768366793274092990164182159473097732506157149104252020514786211260361426315341449997767245986*n**6 + 45484618579053017826321152585667200157149056282555622658085435767084866093708892070062778387234004375123058374043576*n**5 + 225106746578739241001561630157769615592557135028018336210617272384322786361920396402301435629412734615771062045613809*n**4 + 674688508922619764423763763354063468997711001524575069428267297211758847056681899039264546077304398230992032548313044*n**3 + 1184485248022940625598844759265730236191154127936640293400283071990990459094636059718715968741981819401903912560741484*n**2 + 1098850626624106240185091971990245692685410534318248534692159257738145495152776725883103947704288169189480870560227344*n + 404307720702693491789521356317041779174658278067161090294092762374087698610745707289446918997635594445538296658165120) + 639197943840929198164941809547491506094668042389910009864442151983502247442153403844676694562104684555103680210539256584601600000000*n**3/(10027473231713628268589319353101234602546088245713320691817776844595429033004605835551758903711200259065929976641*n**8 + 360989036341690617669215496711644445691659176845679544905439966405435445188165810079863320533603209326373479159076*n**7 + 5475000384515641034649768366793274092990164182159473097732506157149104252020514786211260361426315341449997767245986*n**6 + 45484618579053017826321152585667200157149056282555622658085435767084866093708892070062778387234004375123058374043576*n**5 + 225106746578739241001561630157769615592557135028018336210617272384322786361920396402301435629412734615771062045613809*n**4 + 674688508922619764423763763354063468997711001524575069428267297211758847056681899039264546077304398230992032548313044*n**3 + 1184485248022940625598844759265730236191154127936640293400283071990990459094636059718715968741981819401903912560741484*n**2 + 1098850626624106240185091971990245692685410534318248534692159257738145495152776725883103947704288169189480870560227344*n + 404307720702693491789521356317041779174658278067161090294092762374087698610745707289446918997635594445538296658165120) - 216376776693127290392641518961172591913250914886985122887686305550249690707415564459104807103077796114702164017797335445667840000000*n**2/(10027473231713628268589319353101234602546088245713320691817776844595429033004605835551758903711200259065929976641*n**8 + 360989036341690617669215496711644445691659176845679544905439966405435445188165810079863320533603209326373479159076*n**7 + 5475000384515641034649768366793274092990164182159473097732506157149104252020514786211260361426315341449997767245986*n**6 + 45484618579053017826321152585667200157149056282555622658085435767084866093708892070062778387234004375123058374043576*n**5 + 225106746578739241001561630157769615592557135028018336210617272384322786361920396402301435629412734615771062045613809*n**4 + 674688508922619764423763763354063468997711001524575069428267297211758847056681899039264546077304398230992032548313044*n**3 + 1184485248022940625598844759265730236191154127936640293400283071990990459094636059718715968741981819401903912560741484*n**2 + 1098850626624106240185091971990245692685410534318248534692159257738145495152776725883103947704288169189480870560227344*n + 404307720702693491789521356317041779174658278067161090294092762374087698610745707289446918997635594445538296658165120) - 709701669754202706532093648108715389264914578378606499856213153467249185858162960993983798638440931704011604270707118702592000000000*n/(10027473231713628268589319353101234602546088245713320691817776844595429033004605835551758903711200259065929976641*n**8 + 360989036341690617669215496711644445691659176845679544905439966405435445188165810079863320533603209326373479159076*n**7 + 5475000384515641034649768366793274092990164182159473097732506157149104252020514786211260361426315341449997767245986*n**6 + 45484618579053017826321152585667200157149056282555622658085435767084866093708892070062778387234004375123058374043576*n**5 + 225106746578739241001561630157769615592557135028018336210617272384322786361920396402301435629412734615771062045613809*n**4 + 674688508922619764423763763354063468997711001524575069428267297211758847056681899039264546077304398230992032548313044*n**3 + 1184485248022940625598844759265730236191154127936640293400283071990990459094636059718715968741981819401903912560741484*n**2 + 1098850626624106240185091971990245692685410534318248534692159257738145495152776725883103947704288169189480870560227344*n + 404307720702693491789521356317041779174658278067161090294092762374087698610745707289446918997635594445538296658165120) - 254955368433987767961017647544173998575384256559897123929335307738553526995142000344437978872797795814036599965337478234112000000000/(10027473231713628268589319353101234602546088245713320691817776844595429033004605835551758903711200259065929976641*n**8 + 360989036341690617669215496711644445691659176845679544905439966405435445188165810079863320533603209326373479159076*n**7 + 5475000384515641034649768366793274092990164182159473097732506157149104252020514786211260361426315341449997767245986*n**6 + 45484618579053017826321152585667200157149056282555622658085435767084866093708892070062778387234004375123058374043576*n**5 + 225106746578739241001561630157769615592557135028018336210617272384322786361920396402301435629412734615771062045613809*n**4 + 674688508922619764423763763354063468997711001524575069428267297211758847056681899039264546077304398230992032548313044*n**3 + 1184485248022940625598844759265730236191154127936640293400283071990990459094636059718715968741981819401903912560741484*n**2 + 1098850626624106240185091971990245692685410534318248534692159257738145495152776725883103947704288169189480870560227344*n + 404307720702693491789521356317041779174658278067161090294092762374087698610745707289446918997635594445538296658165120)
