collision,total_bits
1,8
2,7
3,12
4,16
5,20
6,20
7,20
8,20
9,24
10,24
11,24
12,24
13,24
14,24
15,24
16,24
17,28
18,28
19,33
20,33
21,28
22,33
23,43
24,35
25,47
26,36
27,29
28,47
29,52
30,37
31,28
32,36
33,37
34,36
35,47
36,37
37,36
38,37
39,47
40,67
41,62
42,49
43,57
44,47
45,41
46,61
47,39
48,32
49,50
50,41
51,57
52,57
53,51
54,61
55,32
56,41
57,57
58,57
59,56
60,57
61,66
62,56
63,81
64,86
65,76
66,81
67,63
68,81
69,77
70,62
71,86
72,86
73,68
74,86
75,81
76,68
77,71
78,61
79,66
80,61
81,86
82,86
83,66
84,86
85,58
86,77
87,93
88,97
89,96
90,48
91,97
92,97
93,98
94,98
95,99
96,87
97,61
98,79
99,83
100,66
101,95
102,92
103,100
104,90
105,100
106,92
107,100
108,105
109,86
110,104
111,104
112,94
113,104
114,103
115,100
116,86
117,59
118,100
119,103
120,105
121,100
122,95
123,87
124,86
125,95
126,88
127,86
128,100
129,91
130,95
131,81
132,91
133,95
134,89
135,125
136,112
137,109
138,73
139,119
140,115
141,115
142,119
143,116
144,119
145,101
146,91
147,116
148,119
149,116
150,110
151,90
152,82
153,76
154,115
155,91
156,96
157,115
158,115
159,125
160,92
161,111
162,116
163,125
164,117
165,104
166,125
167,100
168,117
169,120
170,79
171,95
172,103
173,110
174,110
175,79
176,110
177,125
178,115
179,88
180,130
181,108
182,88
183,111
184,108
185,101
186,100
187,107
188,111
189,108
190,100
191,108
192,131
193,125
194,127
195,128
196,116
197,128
198,74
199,116
200,119
201,128
202,105
203,119
204,118
205,130
206,133
207,130
208,137
209,126
210,137
211,130
212,109
213,112
214,132
215,116
216,134
217,137
218,134
219,137
220,133
221,137
222,138
223,131
224,134
225,138
226,143
227,154
228,156
229,118
230,149
231,156
232,144
233,146
234,143
235,133
236,146
237,143
238,137
239,152
240,159
241,146
242,169
243,174
244,164
245,169
246,169
247,173
248,171
249,164
250,167
251,176
252,163
253,144
254,184
255,185
256,163
257,184
258,166
259,163
260,184
261,144
262,182
263,203
264,189
265,185
266,192
267,187
268,187
269,189
270,180
271,193
272,194
273,182
274,193
275,194
276,193
277,194
278,194
279,193
280,194
281,193
282,203
283,199
284,195
285,205
286,199
287,205
288,195
289,208
290,195
291,194
292,194
293,212
294,188
295,204
296,212
297,203
298,204
299,189
300,212
301,204
302,203
303,205
304,207
305,215
306,209
307,184
308,210
309,225
310,226
311,210
312,225
313,210
314,226
315,226
316,234
317,238
318,225
319,234
320,244
321,229
322,234
323,244
324,233
325,234
326,244
327,229
328,189
329,245
330,194
331,239
332,228
333,245
334,213
335,245
336,210
337,245
338,195
339,246
340,229
341,246
342,246
343,195
344,240
345,225
346,229
347,230
348,248
349,252
350,258
351,261
352,255
353,261
354,258
355,260
356,265
357,252
358,270
359,274
360,265
361,207
362,270
363,281
364,276
365,269
366,279
367,281
368,281
369,270
370,265
371,207
372,270
373,265
374,281
375,270
376,281
377,262
378,279
379,272
380,270
381,276
382,260
383,274
384,250
385,286
386,281
387,276
388,280
389,286
390,292
391,265
392,295
393,264
394,284
395,310
396,295
397,293
398,280
399,310
400,264
401,295
402,310
403,293
404,310
405,310
406,295
407,281
408,310
409,293
410,305
411,270
412,272
413,296
414,270
415,270
416,272
417,281
418,296
419,270
420,280
421,270
422,266
423,296
424,270
425,280
426,270
427,296
428,281
429,280
430,270
431,270
432,296
433,280
434,270
435,305
436,305
437,305
438,281
439,295
440,292
441,297
442,287
443,288
444,296
445,296
446,326
447,322
448,307
449,296
450,320
451,338
452,323
453,317
454,318
455,335
456,318
457,306
458,318
459,335
460,318
461,318
462,312
463,306
464,319
465,327
466,335
467,328
468,336
469,319
470,335
471,336
472,325
473,336
474,328
475,336
476,319
477,293
478,313
479,325
480,316
481,293
482,300
483,313
484,304
485,302
486,331
487,304
488,281
489,323
490,322
491,314
492,335
493,323
494,332
495,342
496,349
497,340
498,344
499,321
500,326
501,322
502,321
503,317
504,326
505,321
506,322
507,327
508,321
509,333
510,322
511,327
512,321
513,307
514,329
515,324
516,342
517,347
518,305
519,330
520,318
521,342
522,336
523,318
524,333
525,324
526,305
527,344
528,324
529,309
530,322
531,308
532,336
533,316
534,351
535,350
536,339
537,334
538,345
539,351
540,339
541,350
542,334
543,334
544,348
545,343
546,348
547,348
548,348
549,338
550,348
551,348
552,349
553,343
554,348
555,338
556,348
557,334
558,339
559,347
560,307
561,338
562,334
563,343
564,352
565,343
566,333
567,343
568,349
569,339
570,316
571,307
572,347
573,339
574,327
575,353
576,352
577,354
578,342
579,311
580,337
581,344
582,331
583,324
584,326
585,367
586,362
587,371
588,359
589,369
590,371
591,342
592,350
593,339
594,362
595,339
596,378
597,384
598,377
599,336
600,384
601,384
602,370
603,343
604,382
605,376
606,343
607,382
608,383
609,342
610,379
611,371
612,383
613,387
614,377
615,379
616,399
617,383
618,382
619,378
620,388
621,383
622,371
623,343
624,379
625,363
626,387
627,392
628,390
629,392
630,387
631,367
632,387
633,392
634,336
635,387
636,390
637,393
638,393
639,393
640,387
641,372
642,394
643,388
644,392
645,397
646,394
647,399
648,361
649,393
650,388
651,361
652,388
653,393
654,361
655,397
656,397
657,391
658,399
659,388
660,379
661,374
662,383
663,394
664,369
665,388
666,351
667,371
668,354
669,389
670,353
671,377
672,383
673,375
674,394
675,387
676,407
677,389
678,397
679,407
680,407
681,388
682,402
683,383
684,394
685,375
686,383
687,364
688,403
689,390
690,399
691,410
692,405
693,404
694,416
695,429
696,434
697,422
698,423
699,425
700,424
701,409
702,424
703,414
704,422
705,424
706,441
707,444
708,436
709,423
710,442
711,418
712,419
713,423
714,442
715,434
716,449
717,457
718,418
719,450
720,457
721,443
722,460
723,462
724,459
725,455
726,460
727,459
728,450
729,435
730,455
731,455
732,479
733,464
734,479
735,461
736,450
737,444
738,448
739,459
740,462
741,455
742,460
743,461
744,468
745,462
746,463
747,484
748,468
749,482
750,474
751,480
752,460
753,465
754,485
755,479
756,485
757,485
758,464
759,485
760,487
761,479
762,475
763,486
764,489
765,493
766,481
767,482
768,493
769,490
770,493
771,489
772,481
773,493
774,490
775,493
776,481
777,489
778,499
779,500
780,508
781,499
782,500
783,508
784,499
785,501
786,494
787,481
788,494
789,490
790,490
791,494
792,489
793,486
794,490
795,488
796,489
797,494
798,485
799,509
800,504
801,509
802,489
803,504
804,480
805,504
806,505
807,489
808,494
809,505
810,455
811,505
812,494
813,505
814,452
815,494
816,505
817,494
818,443
819,493
820,494
821,505
822,461
823,509
824,506
825,509
826,509
827,501
828,509
829,509
830,506
831,519
832,520
833,511
834,521
835,514
836,520
837,535
838,504
839,520
840,535
841,511
842,535
843,504
844,520
845,525
846,529
847,529
848,540
849,518
850,529
851,540
852,529
853,539
854,518
855,529
856,540
857,529
858,518
859,540
860,529
861,530
862,540
863,535
864,535
865,552
866,555
867,556
868,561
869,541
870,556
871,561
872,539
873,556
874,570
875,559
876,563
877,559
878,570
879,556
880,561
881,567
882,554
883,546
884,552
885,541
886,554
887,529
888,507
889,526
890,544
891,564
892,559
893,548
894,559
895,569
896,559
897,561
898,569
899,559
900,539
901,562
902,560
903,552
904,554
905,546
906,546
907,555
908,557
909,546
910,546
911,569
912,567
913,565
914,562
915,567
916,556
917,565
918,567
919,562
920,567
921,572
922,591
923,560
924,572
925,567
926,565
927,567
928,564
929,559
930,531
931,571
932,582
933,571
934,582
935,571
936,582
937,571
938,571
939,573
940,582
941,571
942,582
943,576
944,542
945,570
946,554
947,580
948,581
949,576
950,575
951,589
952,580
953,581
954,589
955,580
956,570
957,508
958,570
959,554
960,571
961,570
962,559
963,567
964,529
965,563
966,559
967,571
968,570
969,563
970,567
971,559
972,562
973,546
974,562
975,562
976,508
977,570
978,559
979,563
980,529
981,559
982,563
983,571
984,567
985,570
986,543
987,570
988,570
989,568
990,570
991,570
992,568
993,570
994,568
995,567
996,570
997,570
998,570
999,580
1000,581
1001,563
1002,580
1003,581
1004,580
1005,573
1006,563
1007,572
1008,570
1009,570
1010,543
1011,570
1012,563
1013,568
1014,570
1015,563
1016,552
1017,587
1018,582
1019,587
1020,582
1021,559
1022,587
1023,587
1024,582
1025,582
1026,587
1027,559
1028,573
1029,562
1030,573
1031,559
1032,587
1033,582
1034,587
1035,583
1036,560
1037,587
1038,582
1039,587
1040,583
1041,587
1042,581
1043,582
1044,587
1045,579
1046,576
1047,551
1048,576
1049,541
1050,551
1051,583
1052,583
1053,581
1054,564
1055,581
1056,583
1057,581
1058,583
1059,581
1060,574
1061,551
1062,576
1063,563
1064,572
1065,577
1066,553
1067,557
1068,586
1069,578
1070,581
1071,595
1072,587
1073,599
1074,581
1075,538
1076,573
1077,555
1078,559
1079,572
1080,559
1081,559
1082,572
1083,559
1084,564
1085,508
1086,559
1087,559
1088,572
1089,559
1090,590
1091,590
1092,591
1093,598
1094,590
1095,578
1096,567
1097,598
1098,587
1099,567
1100,597
1101,577
1102,587
1103,590
1104,593
1105,600
1106,603
1107,593
1108,577
1109,567
1110,577
1111,587
1112,590
1113,577
1114,577
1115,587
1116,578
1117,577
1118,587
1119,590
1120,577
1121,592
1122,592
1123,595
1124,601
1125,592
1126,586
1127,595
1128,601
1129,578
1130,598
1131,602
1132,583
1133,599
1134,599
1135,602
1136,590
1137,583
1138,570
1139,577
1140,597
1141,572
1142,596
1143,572
1144,587
1145,577
1146,587
1147,596
1148,561
1149,551
1150,595
1151,589
1152,578
1153,582
1154,592
1155,583
1156,593
1157,583
1158,598
1159,593
1160,583
1161,592
1162,593
1163,598
1164,583
1165,593
1166,583
1167,598
1168,593
1169,583
1170,596
1171,574
1172,591
1173,593
1174,581
1175,583
1176,593
1177,597
1178,608
1179,592
1180,609
1181,608
1182,592
1183,609
1184,585
1185,604
1186,608
1187,609
1188,593
1189,608
1190,609
1191,580
1192,609
1193,613
1194,624
1195,623
1196,624
1197,607
1198,622
1199,619
1200,607
1201,622
1202,607
1203,619
1204,622
1205,607
1206,607
1207,622
1208,578
1209,603
1210,607
1211,618
1212,607
1213,603
1214,618
1215,607
1216,597
1217,603
1218,593
1219,579
1220,622
1221,593
1222,579
1223,612
1224,628
1225,623
1226,625
1227,615
1228,639
1229,621
1230,633
1231,607
1232,608
1233,607
1234,608
1235,599
1236,607
1237,608
1238,607
1239,608
1240,625
1241,607
1242,608
1243,607
1244,599
1245,608
1246,607
1247,608
1248,607
1249,625
1250,642
1251,628
1252,633
1253,633
1254,639
1255,633
1256,633
1257,633
1258,633
1259,639
1260,633
1261,648
1262,658
1263,658
1264,639
1265,664
1266,643
1267,628
1268,642
1269,664
1270,639
1271,658
1272,658
1273,648
1274,654
1275,654
1276,643
1277,637
1278,654
1279,648
1280,654
1281,643
1282,654
1283,651
1284,646
1285,633
1286,633
1287,636
1288,634
1289,638
1290,648
1291,658
1292,646
1293,658
1294,646
1295,633
1296,658
1297,648
1298,642
1299,643
1300,642
1301,652
1302,643
1303,643
1304,643
1305,634
1306,643
1307,634
1308,623
1309,654
1310,652
1311,608
1312,658
1313,627
1314,626
1315,649
1316,657
1317,627
1318,626
1319,658
1320,643
1321,627
1322,658
1323,657
1324,627
1325,643
1326,658
1327,657
1328,628
1329,663
1330,653
1331,658
1332,664
1333,664
1334,656
1335,663
1336,646
1337,652
1338,632
1339,643
1340,646
1341,632
1342,652
1343,646
1344,643
1345,662
1346,663
1347,642
1348,663
1349,665
1350,659
1351,663
1352,662
1353,643
1354,646
1355,652
1356,632
1357,646
1358,643
1359,632
1360,652
1361,646
1362,663
1363,656
1364,664
1365,663
1366,646
1367,632
1368,643
1369,646
1370,652
1371,632
1372,664
1373,653
1374,642
1375,642
1376,653
1377,640
1378,642
1379,654
1380,658
1381,655
1382,613
1383,647
1384,649
1385,650
1386,647
1387,639
1388,650
1389,647
1390,650
1391,647
1392,650
1393,647
1394,647
1395,650
1396,647
1397,650
1398,647
1399,650
1400,650
1401,647
1402,650
1403,647
1404,663
1405,675
1406,649
1407,670
1408,665
1409,675
1410,649
1411,649
1412,675
1413,670
1414,665
1415,675
1416,664
1417,670
1418,649
1419,675
1420,673
1421,677
1422,668
1423,670
1424,677
1425,677
1426,677
1427,668
1428,670
1429,677
1430,665
1431,653
1432,665
1433,675
1434,649
1435,670
1436,674
1437,670
1438,677
1439,668
1440,677
1441,677
1442,670
1443,665
1444,676
1445,668
1446,676
1447,653
1448,675
1449,629
1450,674
1451,665
1452,653
1453,674
1454,683
1455,683
1456,682
1457,683
1458,665
1459,671
1460,675
1461,649
1462,663
1463,648
1464,650
1465,663
1466,671
1467,675
1468,665
1469,649
1470,671
1471,675
1472,665
1473,649
1474,675
1475,671
1476,663
1477,650
1478,648
1479,646
1480,665
1481,664
1482,653
1483,673
1484,668
1485,653
1486,673
1487,653
1488,668
1489,669
1490,668
1491,666
1492,658
1493,668
1494,629
1495,653
1496,670
1497,669
1498,673
1499,658
1500,668
1501,658
1502,666
1503,668
1504,664
1505,658
1506,668
1507,670
1508,658
1509,668
1510,666
1511,646
1512,671
1513,675
1514,665
1515,649
1516,671
1517,675
1518,649
1519,675
1520,671
1521,665
1522,664
1523,651
1524,648
1525,663
1526,675
1527,649
1528,671
1529,675
1530,665
1531,671
1532,649
1533,653
1534,647
1535,644
1536,644
1537,630
1538,644
1539,678
1540,675
1541,657
1542,673
1543,655
1544,659
1545,687
1546,688
1547,659
1548,687
1549,704
1550,702
1551,703
1552,692
1553,710
1554,675
1555,708
1556,703
1557,718
1558,703
1559,715
1560,713
1561,715
1562,713
1563,715
1564,693
1565,713
1566,715
1567,713
1568,715
1569,682
1570,700
1571,687
1572,701
1573,677
1574,654
1575,697
1576,654
1577,701
1578,703
1579,698
1580,714
1581,708
1582,698
1583,701
1584,714
1585,698
1586,706
1587,722
1588,726
1589,712
1590,721
1591,727
1592,734
1593,708
1594,723
1595,727
1596,734
1597,719
1598,734
1599,727
1600,723
1601,708
1602,734
1603,727
1604,721
1605,712
1606,726
1607,722
1608,718
1609,724
1610,714
1611,718
1612,694
1613,659
1614,703
1615,703
1616,694
1617,708
1618,703
1619,659
1620,694
1621,703
1622,689
1623,707
1624,689
1625,707
1626,689
1627,699
1628,689
1629,707
1630,689
1631,708
1632,738
1633,724
1634,725
1635,743
1636,748
1637,707
1638,727
1639,721
1640,748
1641,727
1642,721
1643,748
1644,707
1645,727
1646,720
1647,719
1648,720
1649,726
1650,744
1651,733
1652,744
1653,728
1654,744
1655,739
1656,739
1657,748
1658,738
1659,748
1660,725
1661,748
1662,738
1663,748
1664,743
1665,761
1666,738
1667,761
1668,761
1669,730
1670,744
1671,761
1672,738
1673,736
1674,761
1675,748
1676,758
1677,750
1678,758
1679,763
1680,750
1681,758
1682,750
1683,753
1684,713
1685,748
1686,713
1687,725
1688,773
1689,773
1690,743
1691,734
1692,749
1693,773
1694,773
1695,748
1696,734
1697,773
1698,743
1699,748
1700,760
1701,755
1702,760
1703,731
1704,751
1705,762
1706,756
1707,781
1708,765
1709,749
1710,765
1711,781
1712,766
1713,785
1714,794
1715,776
1716,794
1717,775
1718,793
1719,795
1720,781
1721,771
1722,790
1723,781
1724,771
1725,776
1726,781
1727,771
1728,781
1729,776
1730,790
1731,771
1732,781
1733,733
1734,786
1735,803
1736,801
1737,803
1738,793
1739,795
1740,808
1741,790
1742,803
1743,803
1744,796
1745,793
1746,803
1747,803
1748,801
1749,803
1750,786
1751,803
1752,801
1753,784
1754,803
1755,803
1756,801
1757,799
1758,816
1759,808
1760,805
1761,806
1762,813
1763,803
1764,793
1765,795
1766,816
1767,795
1768,816
1769,793
1770,811
1771,813
1772,813
1773,823
1774,833
1775,816
1776,829
1777,829
1778,833
1779,823
1780,829
1781,823
1782,833
1783,829
1784,823
1785,833
1786,835
1787,835
1788,839
1789,829
1790,835
1791,835
1792,829
1793,856
1794,842
1795,854
1796,849
1797,856
1798,840
1799,851
1800,853
1801,851
1802,861
1803,853
1804,840
1805,848
1806,851
1807,838
1808,848
1809,840
1810,851
1811,853
1812,820
1813,829
1814,828
1815,820
1816,826
1817,816
1818,829
1819,820
1820,810
1821,826
1822,820
1823,856
1824,851
1825,848
1826,849
1827,858
1828,850
1829,849
1830,858
1831,841
1832,855
1833,858
1834,854
1835,858
1836,858
1837,849
1838,858
1839,858
1840,859
1841,854
1842,849
1843,859
1844,858
1845,859
1846,859
1847,854
1848,849
1849,858
1850,859
1851,855
1852,858
1853,850
1854,841
1855,850
1856,858
1857,845
1858,827
1859,822
1860,835
1861,839
1862,822
1863,835
1864,827
1865,822
1866,830
1867,835
1868,827
1869,830
1870,835
1871,827
1872,839
1873,830
1874,835
1875,837
1876,840
1877,851
1878,856
1879,838
1880,851
1881,839
1882,859
1883,853
1884,851
1885,839
1886,859
1887,851
1888,856
1889,839
1890,851
1891,859
1892,851
1893,839
1894,851
1895,859
1896,871
1897,865
1898,859
1899,877
1900,853
1901,862
1902,865
1903,859
1904,851
1905,852
1906,863
1907,873
1908,877
1909,864
1910,881
1911,887
1912,875
1913,881
1914,885
1915,887
1916,881
1917,882
1918,866
1919,884
1920,895
1921,887
1922,866
1923,895
1924,887
1925,866
1926,884
1927,895
1928,885
1929,888
1930,882
1931,895
1932,888
1933,895
1934,901
1935,907
1936,902
1937,901
1938,907
1939,902
1940,874
1941,901
1942,907
1943,886
1944,876
1945,896
1946,881
1947,894
1948,892
1949,900
1950,894
1951,901
1952,894
1953,881
1954,876
1955,889
1956,869
1957,879
1958,901
1959,899
1960,910
1961,886
1962,874
1963,892
1964,904
1965,910
1966,886
1967,909
1968,900
1969,903
1970,909
1971,904
1972,898
1973,880
1974,892
1975,881
1976,901
1977,899
1978,906
1979,895
1980,902
1981,906
1982,881
1983,901
1984,899
1985,893
1986,881
1987,899
1988,901
1989,901
1990,897
1991,908
1992,903
1993,903
1994,922
1995,919
1996,897
1997,901
1998,919
1999,922
2000,896
2001,922
2002,921
2003,930
2004,922
2005,919
2006,922
2007,897
2008,919
2009,909
2010,922
2011,880
2012,919
2013,914
2014,896
2015,919
2016,922
2017,902
2018,909
2019,896
2020,922
2021,919
2022,927
2023,919
2024,922
2025,910
2026,924
2027,919
2028,906
2029,924
2030,924
2031,932
2032,945
2033,925
2034,921
2035,945
2036,945
2037,906
2038,945
2039,936
2040,936
2041,945
2042,926
2043,935
2044,947
2045,936
2046,926
2047,918
2048,944
2049,947
2050,937
2051,949
2052,947
2053,934
2054,944
2055,947
2056,947
2057,949
2058,944
2059,947
2060,937
2061,947
2062,934
2063,949
2064,944
2065,947
2066,947
2067,949
2068,936
2069,947
2070,937
2071,934
2072,947
2073,936
2074,949
2075,947
2076,947
2077,944
2078,949
2079,947
2080,937
2081,944
2082,934
2083,947
2084,949
2085,947
2086,944
2087,947
2088,921
2089,944
2090,947
2091,927
2092,944
2093,931
2094,912
2095,924
2096,947
2097,926
2098,940
2099,949
2100,950
2101,942
2102,920
2103,934
2104,927
2105,955
2106,959
2107,941
2108,950
2109,940
2110,942
2111,952
2112,950
2113,962
2114,963
2115,961
2116,955
2117,972
2118,974
2119,971
2120,975
2121,975
2122,957
2123,975
2124,975
2125,987
2126,997
2127,1001
2128,991
2129,982
2130,1013
2131,1009
2132,1017
2133,1012
2134,1026
2135,1011
2136,1027
2137,1006
2138,1027
2139,1021
2140,1024
2141,1016
2142,1032
2143,1014
2144,1024
2145,1016
2146,1031
2147,1039
2148,1037
2149,1021
2150,1027
2151,982
2152,1009
2153,1032
2154,1024
2155,1010
2156,1032
2157,1014
2158,1028
2159,1029
2160,1005
2161,1021
2162,1029
2163,1028
2164,1029
2165,1006
2166,1029
2167,1008
2168,1029
2169,1021
2170,1029
2171,1029
2172,1028
2173,1029
2174,1021
2175,1029
2176,1017
2177,1014
2178,1010
2179,1032
2180,1032
2181,1020
2182,1046
2183,1026
2184,1020
2185,1046
2186,1037
2187,1047
2188,1019
2189,1030
2190,1049
2191,1039
2192,1029
2193,1030
2194,1027
2195,1045
2196,1041
2197,1040
2198,1041
2199,1050
2200,1041
2201,1040
2202,1022
2203,1040
2204,1042
2205,1048
2206,1046
2207,1039
2208,1048
2209,1042
2210,1025
2211,1040
2212,1042
2213,1042
2214,1034
2215,1025
2216,1042
2217,1045
2218,1044
2219,1037
2220,1049
2221,1035
2222,1054
2223,1039
2224,1054
2225,1050
2226,1047
2227,1054
2228,1039
2229,1054
2230,1039
2231,1061
2232,1057
2233,1042
2234,1061
2235,1055
2236,1049
2237,1049
2238,1037
2239,1049
2240,1044
2241,1037
2242,1049
2243,1049
2244,1055
2245,1054
2246,1059
2247,1051
2248,1067
2249,1047
2250,1027
2251,1067
2252,1047
2253,1076
2254,1076
2255,1070
2256,1080
2257,1079
2258,1076
2259,1081
2260,1079
2261,1087
2262,1084
2263,1091
2264,1061
2265,1090
2266,1079
2267,1087
2268,1050
2269,1092
2270,1058
2271,1076
2272,1061
2273,1087
2274,1080
2275,1061
2276,1087
2277,1080
2278,1061
2279,1082
2280,1096
2281,1087
2282,1086
2283,1107
2284,1100
2285,1111
2286,1105
2287,1114
2288,1106
2289,1115
2290,1091
2291,1110
2292,1115
2293,1107
2294,1115
2295,1091
2296,1115
2297,1083
2298,1114
2299,1105
2300,1107
2301,1114
2302,1089
2303,1106
2304,1106
2305,1105
2306,1106
2307,1106
2308,1106
2309,1116
2310,1097
2311,1086
2312,1087
2313,1092
2314,1107
2315,1090
2316,1092
2317,1044
2318,1107
2319,1092
2320,1105
2321,1101
2322,1066
2323,1061
2324,1097
2325,1102
2326,1111
2327,1121
2328,1121
2329,1121
2330,1081
2331,1121
2332,1121
2333,1121
2334,1121
2335,1121
2336,1120
2337,1123
2338,1114
2339,1137
2340,1127
2341,1130
2342,1121
2343,1147
2344,1131
2345,1139
2346,1147
2347,1131
2348,1130
2349,1131
2350,1147
2351,1144
2352,1131
2353,1147
2354,1131
2355,1130
2356,1131
2357,1147
2358,1124
2359,1127
2360,1105
2361,1115
2362,1127
2363,1125
2364,1119
2365,1110
2366,1110
2367,1110
2368,1131
2369,1119
2370,1110
2371,1110
2372,1135
2373,1141
2374,1151
2375,1145
2376,1147
2377,1122
2378,1141
2379,1136
2380,1141
2381,1116
2382,1135
2383,1127
2384,1144
2385,1141
2386,1125
2387,1124
2388,1131
2389,1149
2390,1137
2391,1141
2392,1136
2393,1113
2394,1131
2395,1141
2396,1131
2397,1149
2398,1142
2399,1142
2400,1151
2401,1166
2402,1136
2403,1162
2404,1166
2405,1136
2406,1152
2407,1118
2408,1161
2409,1155
2410,1161
2411,1170
2412,1177
2413,1170
2414,1177
2415,1170
2416,1182
2417,1171
2418,1192
2419,1136
2420,1170
2421,1171
2422,1172
2423,1192
2424,1182
2425,1192
2426,1171
2427,1177
2428,1182
2429,1172
2430,1172
2431,1182
2432,1172
2433,1172
2434,1182
2435,1169
2436,1198
2437,1190
2438,1182
2439,1208
2440,1193
2441,1198
2442,1177
2443,1202
2444,1166
2445,1186
2446,1152
2447,1191
2448,1192
2449,1181
2450,1196
2451,1192
2452,1196
2453,1196
2454,1202
2455,1196
2456,1195
2457,1190
2458,1195
2459,1190
2460,1201
2461,1190
2462,1158
2463,1201
2464,1190
2465,1212
2466,1207
2467,1202
2468,1208
2469,1200
2470,1200
2471,1202
2472,1207
2473,1200
2474,1202
2475,1207
2476,1200
2477,1202
2478,1202
2479,1207
2480,1200
2481,1207
2482,1200
2483,1195
2484,1188
2485,1207
2486,1190
2487,1192
2488,1202
2489,1212
2490,1220
2491,1217
2492,1212
2493,1220
2494,1217
2495,1217
2496,1212
2497,1220
2498,1220
2499,1206
2500,1176
2501,1206
2502,1178
2503,1191
2504,1206
2505,1206
2506,1226
2507,1221
2508,1230
2509,1216
2510,1230
2511,1220
2512,1229
2513,1230
2514,1226
2515,1206
2516,1177
2517,1217
2518,1209
2519,1236
2520,1218
2521,1236
2522,1225
2523,1220
2524,1207
2525,1213
2526,1215
2527,1217
2528,1220
2529,1213
2530,1220
2531,1206
2532,1217
2533,1217
2534,1212
2535,1221
2536,1215
2537,1221
2538,1217
2539,1212
2540,1217
2541,1206
2542,1220
2543,1213
2544,1217
2545,1220
2546,1213
2547,1208
2548,1217
2549,1202
2550,1208
2551,1217
2552,1217
2553,1208
2554,1195
2555,1228
2556,1218
2557,1221
2558,1228
2559,1213
2560,1231
2561,1196
2562,1231
2563,1218
2564,1212
2565,1231
2566,1196
2567,1220
2568,1206
2569,1225
2570,1148
2571,1206
2572,1206
2573,1195
2574,1196
2575,1220
2576,1220
2577,1227
2578,1201
2579,1225
2580,1220
2581,1227
2582,1196
2583,1206
2584,1195
2585,1225
2586,1206
2587,1218
2588,1206
2589,1206
2590,1225
2591,1206
2592,1195
2593,1148
2594,1206
2595,1206
2596,1206
2597,1195
2598,1206
2599,1231
2600,1220
2601,1235
2602,1228
2603,1220
2604,1235
2605,1220
2606,1228
2607,1218
2608,1235
2609,1220
2610,1232
2611,1207
2612,1220
2613,1235
2614,1231
2615,1235
2616,1232
2617,1211
2618,1232
2619,1225
2620,1237
2621,1226
2622,1218
2623,1226
2624,1237
2625,1232
2626,1226
2627,1237
2628,1218
2629,1226
2630,1232
2631,1205
2632,1232
2633,1236
2634,1253
2635,1249
2636,1249
2637,1248
2638,1249
2639,1249
2640,1235
2641,1249
2642,1248
2643,1186
2644,1249
2645,1255
2646,1260
2647,1263
2648,1268
2649,1250
2650,1263
2651,1268
2652,1263
2653,1268
2654,1260
2655,1251
2656,1268
2657,1263
2658,1251
2659,1268
2660,1263
2661,1260
2662,1240
2663,1262
2664,1261
2665,1186
2666,1261
2667,1262
2668,1251
2669,1268
2670,1257
2671,1263
2672,1262
2673,1277
2674,1267
2675,1269
2676,1256
2677,1268
2678,1261
2679,1258
2680,1263
2681,1261
2682,1262
2683,1261
2684,1261
2685,1263
2686,1261
2687,1255
2688,1261
2689,1249
2690,1240
2691,1240
2692,1253
2693,1248
2694,1250
2695,1253
2696,1248
2697,1253
2698,1251
2699,1253
2700,1248
2701,1250
2702,1240
2703,1253
2704,1263
2705,1248
2706,1253
2707,1250
2708,1248
2709,1258
2710,1267
2711,1258
2712,1268
2713,1262
2714,1266
2715,1233
2716,1271
2717,1263
2718,1266
2719,1233
2720,1233
2721,1266
2722,1233
2723,1271
2724,1277
2725,1272
2726,1263
2727,1251
2728,1272
2729,1247
2730,1272
2731,1247
2732,1262
2733,1276
2734,1257
2735,1272
2736,1257
2737,1272
2738,1275
2739,1272
2740,1240
2741,1275
2742,1272
2743,1275
2744,1269
2745,1277
2746,1286
2747,1277
2748,1287
2749,1296
2750,1293
2751,1273
2752,1296
2753,1288
2754,1296
2755,1292
2756,1295
2757,1300
2758,1302
2759,1282
2760,1281
2761,1300
2762,1302
2763,1302
2764,1282
2765,1281
2766,1302
2767,1300
2768,1302
2769,1274
2770,1282
2771,1281
2772,1302
2773,1300
2774,1282
2775,1302
2776,1281
2777,1280
2778,1278
2779,1307
2780,1307
2781,1295
2782,1300
2783,1280
2784,1291
2785,1294
2786,1254
2787,1303
2788,1302
2789,1300
2790,1282
2791,1281
2792,1302
2793,1305
2794,1303
2795,1313
2796,1312
2797,1280
2798,1294
2799,1295
2800,1280
2801,1294
2802,1317
2803,1317
2804,1293
2805,1304
2806,1315
2807,1293
2808,1317
2809,1315
2810,1317
2811,1281
2812,1316
2813,1307
2814,1316
2815,1300
2816,1317
2817,1305
2818,1317
2819,1322
2820,1307
2821,1327
2822,1327
2823,1316
2824,1331
2825,1332
2826,1349
2827,1346
2828,1337
2829,1346
2830,1326
2831,1349
2832,1328
2833,1346
2834,1326
2835,1349
2836,1338
2837,1346
2838,1337
2839,1349
2840,1346
2841,1352
2842,1362
2843,1343
2844,1362
2845,1362
2846,1343
2847,1347
2848,1362
2849,1347
2850,1361
2851,1351
2852,1356
2853,1362
2854,1362
2855,1356
2856,1351
2857,1361
2858,1347
2859,1362
2860,1347
2861,1332
2862,1362
2863,1343
2864,1362
2865,1347
2866,1343
2867,1362
2868,1347
2869,1361
2870,1351
2871,1332
2872,1371
2873,1361
2874,1329
2875,1371
2876,1356
2877,1362
2878,1340
2879,1362
2880,1368
2881,1367
2882,1366
2883,1382
2884,1339
2885,1371
2886,1373
2887,1376
2888,1373
2889,1308
2890,1376
2891,1357
2892,1373
2893,1372
2894,1376
2895,1373
2896,1357
2897,1376
2898,1373
2899,1362
2900,1367
2901,1382
2902,1353
2903,1362
2904,1362
2905,1353
2906,1382
2907,1367
2908,1366
2909,1344
2910,1367
2911,1382
2912,1366
2913,1381
2914,1372
2915,1381
2916,1381
2917,1378
2918,1384
2919,1359
2920,1374
2921,1396
2922,1398
2923,1387
2924,1398
2925,1396
2926,1388
2927,1387
2928,1391
2929,1388
2930,1393
2931,1398
2932,1381
2933,1406
2934,1407
2935,1413
2936,1391
2937,1406
2938,1412
2939,1406
2940,1419
2941,1417
2942,1417
2943,1426
2944,1417
2945,1417
2946,1395
2947,1412
2948,1418
2949,1422
2950,1424
2951,1412
2952,1424
2953,1412
2954,1422
2955,1437
2956,1443
2957,1444
2958,1431
2959,1440
2960,1447
2961,1448
2962,1449
2963,1448
2964,1448
2965,1458
2966,1433
2967,1452
2968,1443
2969,1419
2970,1443
2971,1463
2972,1443
2973,1458
2974,1445
2975,1452
2976,1461
2977,1463
2978,1461
2979,1467
2980,1464
2981,1446
2982,1458
2983,1462
2984,1476
2985,1478
2986,1462
2987,1482
2988,1466
2989,1478
2990,1474
2991,1473
2992,1471
2993,1478
2994,1484
2995,1480
2996,1491
2997,1496
2998,1467
2999,1489
3000,1476
3001,1497
3002,1478
3003,1477
3004,1491
3005,1467
3006,1469
3007,1471
3008,1489
3009,1494
3010,1493
3011,1471
3012,1494
3013,1487
3014,1468
3015,1494
3016,1476
3017,1493
3018,1494
3019,1484
3020,1489
3021,1489
3022,1489
3023,1464
3024,1488
3025,1493
3026,1494
3027,1471
3028,1494
3029,1476
3030,1493
3031,1494
3032,1484
3033,1489
3034,1489
3035,1489
3036,1464
3037,1489
3038,1476
3039,1479
3040,1498
3041,1506
3042,1516
3043,1506
3044,1516
3045,1506
3046,1502
3047,1479
3048,1482
3049,1489
3050,1504
3051,1479
3052,1479
3053,1516
3054,1508
3055,1516
3056,1508
3057,1472
3058,1512
3059,1508
3060,1516
3061,1523
3062,1535
3063,1534
3064,1535
3065,1527
3066,1534
3067,1535
3068,1534
3069,1535
3070,1539
3071,1542
3072,1539
3073,1556
3074,1519
3075,1535
3076,1521
3077,1539
3078,1523
3079,1537
3080,1539
3081,1521
3082,1537
3083,1546
3084,1537
3085,1539
3086,1521
3087,1542
3088,1539
3089,1550
3090,1543
3091,1551
3092,1524
3093,1553
3094,1542
3095,1556
3096,1547
3097,1541
3098,1537
3099,1542
3100,1553
3101,1524
3102,1509
3103,1513
3104,1542
3105,1562
3106,1543
3107,1550
3108,1539
3109,1550
3110,1539
3111,1543
3112,1550
3113,1542
3114,1537
3115,1539
3116,1521
3117,1546
3118,1531
3119,1534
3120,1539
3121,1535
3122,1544
3123,1539
3124,1546
3125,1534
3126,1523
3127,1534
3128,1532
3129,1538
3130,1534
3131,1542
3132,1548
3133,1530
3134,1529
3135,1539
3136,1544
3137,1542
3138,1532
3139,1529
3140,1536
3141,1529
3142,1532
3143,1529
3144,1529
3145,1546
3146,1538
3147,1532
3148,1546
3149,1549
3150,1547
3151,1538
3152,1549
3153,1547
3154,1532
3155,1523
3156,1539
3157,1537
3158,1521
3159,1535
3160,1519
3161,1556
3162,1556
3163,1539
3164,1532
3165,1537
3166,1564
3167,1561
3168,1562
3169,1549
3170,1532
3171,1562
3172,1564
3173,1561
3174,1547
3175,1539
3176,1550
3177,1543
3178,1550
3179,1539
3180,1542
3181,1521
3182,1537
3183,1539
3184,1546
3185,1539
3186,1544
3187,1546
3188,1537
3189,1539
3190,1521
3191,1547
3192,1542
3193,1541
3194,1531
3195,1546
3196,1556
3197,1538
3198,1542
3199,1534
3200,1537
3201,1557
3202,1553
3203,1539
3204,1559
3205,1550
3206,1542
3207,1506
3208,1562
3209,1552
3210,1551
3211,1562
3212,1562
3213,1551
3214,1559
3215,1562
3216,1546
3217,1567
3218,1546
3219,1554
3220,1542
3221,1557
3222,1546
3223,1559
3224,1552
3225,1562
3226,1551
3227,1557
3228,1547
3229,1539
3230,1532
3231,1532
3232,1532
3233,1532
3234,1548
3235,1557
3236,1548
3237,1530
3238,1542
3239,1529
3240,1544
3241,1517
3242,1514
3243,1547
3244,1516
3245,1529
3246,1525
3247,1554
3248,1559
3249,1537
3250,1545
3251,1555
3252,1548
3253,1554
3254,1544
3255,1549
3256,1542
3257,1549
3258,1528
3259,1542
3260,1549
3261,1542
3262,1554
3263,1534
3264,1554
3265,1549
3266,1535
3267,1534
3268,1545
3269,1550
3270,1552
3271,1550
3272,1550
3273,1552
3274,1532
3275,1552
3276,1545
3277,1535
3278,1552
3279,1534
3280,1545
3281,1552
3282,1548
3283,1537
3284,1538
3285,1501
3286,1537
3287,1538
3288,1525
3289,1537
3290,1538
3291,1550
3292,1549
3293,1554
3294,1524
3295,1529
3296,1548
3297,1558
3298,1533
3299,1558
3300,1533
3301,1535
3302,1558
3303,1558
3304,1554
3305,1558
3306,1544
3307,1559
3308,1554
3309,1558
3310,1544
3311,1559
3312,1573
3313,1552
3314,1574
3315,1576
3316,1575
3317,1574
3318,1576
3319,1568
3320,1569
3321,1571
3322,1549
3323,1584
3324,1584
3325,1570
3326,1584
3327,1568
3328,1584
3329,1584
3330,1584
3331,1570
3332,1584
3333,1584
3334,1584
3335,1584
3336,1568
3337,1575
3338,1558
3339,1573
3340,1582
3341,1556
3342,1591
3343,1587
3344,1580
3345,1587
3346,1591
3347,1579
3348,1579
3349,1569
3350,1594
3351,1572
3352,1602
3353,1578
3354,1588
3355,1590
3356,1581
3357,1581
3358,1600
3359,1577
3360,1608
3361,1603
3362,1608
3363,1587
3364,1608
3365,1608
3366,1603
3367,1607
3368,1580
3369,1599
3370,1598
3371,1608
3372,1607
3373,1607
3374,1607
3375,1587
3376,1597
3377,1607
3378,1607
3379,1607
3380,1592
3381,1607
3382,1612
3383,1602
3384,1598
3385,1624
3386,1592
3387,1614
3388,1624
3389,1607
3390,1627
3391,1628
3392,1639
3393,1595
3394,1639
3395,1618
3396,1649
3397,1647
3398,1661
3399,1645
3400,1661
3401,1662
3402,1657
3403,1672
3404,1652
3405,1672
3406,1672
3407,1674
3408,1664
3409,1672
3410,1667
3411,1684
3412,1685
3413,1685
3414,1672
3415,1674
3416,1665
3417,1677
3418,1682
3419,1673
3420,1677
3421,1682
3422,1665
3423,1692
3424,1655
3425,1690
3426,1677
3427,1680
3428,1664
3429,1668
3430,1678
3431,1685
3432,1685
3433,1702
3434,1707
3435,1684
3436,1694
3437,1689
3438,1698
3439,1717
3440,1705
3441,1708
3442,1679
3443,1717
3444,1698
3445,1705
3446,1713
3447,1707
3448,1708
3449,1685
3450,1713
3451,1709
3452,1722
3453,1724
3454,1724
3455,1705
3456,1722
3457,1718
3458,1689
3459,1724
3460,1718
3461,1735
3462,1715
3463,1732
3464,1735
3465,1715
3466,1720
3467,1708
3468,1727
3469,1717
3470,1717
3471,1739
3472,1743
3473,1726
3474,1749
3475,1740
3476,1744
3477,1749
3478,1740
3479,1749
3480,1726
3481,1743
3482,1734
3483,1742
3484,1730
3485,1749
3486,1738
3487,1738
3488,1734
3489,1738
3490,1689
3491,1747
3492,1757
3493,1745
3494,1755
3495,1746
3496,1738
3497,1757
3498,1754
3499,1734
3500,1748
3501,1752
3502,1752
3503,1738
3504,1734
3505,1733
3506,1752
3507,1738
3508,1746
3509,1738
3510,1755
3511,1750
3512,1738
3513,1746
3514,1755
3515,1758
3516,1765
3517,1763
3518,1723
3519,1765
3520,1741
3521,1730
3522,1749
3523,1749
3524,1732
3525,1749
3526,1754
3527,1732
3528,1742
3529,1762
3530,1703
3531,1748
3532,1749
3533,1739
3534,1751
3535,1755
3536,1739
3537,1762
3538,1777
3539,1764
3540,1777
3541,1764
3542,1777
3543,1766
3544,1777
3545,1764
3546,1762
3547,1739
3548,1734
3549,1764
3550,1743
3551,1739
3552,1770
3553,1766
3554,1765
3555,1766
3556,1744
3557,1770
3558,1747
3559,1780
3560,1785
3561,1782
3562,1768
3563,1761
3564,1767
3565,1745
3566,1777
3567,1732
3568,1773
3569,1730
3570,1755
3571,1773
3572,1730
3573,1756
3574,1730
3575,1773
3576,1755
3577,1730
3578,1773
3579,1764
3580,1777
3581,1779
3582,1724
3583,1753
3584,1772
3585,1787
3586,1792
3587,1777
3588,1803
3589,1808
3590,1813
3591,1794
3592,1808
3593,1803
3594,1776
3595,1797
3596,1778
3597,1795
3598,1759
3599,1787
3600,1800
3601,1789
3602,1787
3603,1800
3604,1792
3605,1798
3606,1780
3607,1763
3608,1802
3609,1772
3610,1787
3611,1802
3612,1797
3613,1805
3614,1810
3615,1805
3616,1792
3617,1817
3618,1788
3619,1807
3620,1801
3621,1812
3622,1817
3623,1801
3624,1801
3625,1817
3626,1812
3627,1833
3628,1815
3629,1835
3630,1827
3631,1815
3632,1787
3633,1803
3634,1830
3635,1835
3636,1817
3637,1835
3638,1803
3639,1830
3640,1835
3641,1809
3642,1812
3643,1799
3644,1820
3645,1817
3646,1809
3647,1835
3648,1830
3649,1817
3650,1803
3651,1835
3652,1835
3653,1833
3654,1812
3655,1814
3656,1832
3657,1834
3658,1837
3659,1835
3660,1837
3661,1827
3662,1847
3663,1852
3664,1844
3665,1830
3666,1845
3667,1838
3668,1830
3669,1842
3670,1844
3671,1856
3672,1857
3673,1860
3674,1859
3675,1847
3676,1857
3677,1860
3678,1840
3679,1860
3680,1857
3681,1859
3682,1860
3683,1857
3684,1855
3685,1848
3686,1852
3687,1860
3688,1877
3689,1869
3690,1862
3691,1877
3692,1869
3693,1877
3694,1882
3695,1867
3696,1886
3697,1882
3698,1870
3699,1864
3700,1870
3701,1845
3702,1864
3703,1870
3704,1849
3705,1875
3706,1872
3707,1874
3708,1875
3709,1875
3710,1872
3711,1875
3712,1888
3713,1862
3714,1875
3715,1889
3716,1862
3717,1867
3718,1890
3719,1886
3720,1890
3721,1870
3722,1885
3723,1890
3724,1886
3725,1890
3726,1888
3727,1886
3728,1885
3729,1882
3730,1888
3731,1890
3732,1886
3733,1890
3734,1885
3735,1881
3736,1900
3737,1895
3738,1853
3739,1887
3740,1895
3741,1890
3742,1900
3743,1861
3744,1892
3745,1912
3746,1903
3747,1895
3748,1912
3749,1907
3750,1892
3751,1900
3752,1883
3753,1875
3754,1900
3755,1875
3756,1883
3757,1900
3758,1892
3759,1875
3760,1894
3761,1888
3762,1879
3763,1895
3764,1897
3765,1872
3766,1840
3767,1899
3768,1899
3769,1907
3770,1902
3771,1907
3772,1862
3773,1908
3774,1913
3775,1902
3776,1908
3777,1913
3778,1908
3779,1902
3780,1908
3781,1905
3782,1913
3783,1908
3784,1912
3785,1914
3786,1925
3787,1904
3788,1914
3789,1912
3790,1908
3791,1905
3792,1913
3793,1908
3794,1902
3795,1908
3796,1913
3797,1908
3798,1902
3799,1913
3800,1908
3801,1862
3802,1907
3803,1902
3804,1881
3805,1902
3806,1907
3807,1912
3808,1908
3809,1918
3810,1899
3811,1918
3812,1908
3813,1913
3814,1913
3815,1863
3816,1906
3817,1920
3818,1927
3819,1917
3820,1920
3821,1925
3822,1920
3823,1909
3824,1904
3825,1909
3826,1911
3827,1917
3828,1930
3829,1920
3830,1927
3831,1928
3832,1936
3833,1930
3834,1928
3835,1936
3836,1918
3837,1938
3838,1918
3839,1938
3840,1918
3841,1938
3842,1918
3843,1938
3844,1918
3845,1918
3846,1938
3847,1915
3848,1918
3849,1938
3850,1918
3851,1938
3852,1918
3853,1938
3854,1918
3855,1938
3856,1918
3857,1938
3858,1934
3859,1949
3860,1920
3861,1949
3862,1940
3863,1960
3864,1959
3865,1954
3866,1960
3867,1954
3868,1927
3869,1954
3870,1961
3871,1955
3872,1963
3873,1955
3874,1967
3875,1975
3876,1981
3877,1965
3878,1955
3879,1963
3880,1971
3881,1967
3882,1959
3883,1967
3884,1948
3885,1959
3886,1947
3887,1971
3888,1945
3889,1959
3890,1960
3891,1960
3892,1960
3893,1953
3894,1954
3895,1945
3896,1968
3897,1960
3898,1963
3899,1971
3900,1969
3901,1963
3902,1971
3903,1970
3904,1987
3905,1982
3906,1987
3907,1990
3908,1986
3909,1983
3910,1990
3911,1986
3912,1985
3913,1990
3914,1966
3915,1994
3916,1990
3917,1994
3918,2000
3919,1990
3920,1994
3921,1966
3922,2009
3923,1981
3924,2010
3925,2017
3926,2018
3927,2010
3928,2017
3929,2018
3930,2012
3931,2017
3932,2018
3933,2010
3934,2017
3935,2012
3936,2023
3937,2015
3938,1999
3939,1990
3940,1999
3941,2028
3942,2038
3943,2023
3944,2028
3945,2020
3946,2038
3947,2028
3948,2023
3949,2038
3950,2028
3951,2020
3952,2010
3953,1998
3954,1984
3955,2006
3956,2017
3957,2024
3958,2026
3959,2020
3960,2009
3961,1999
3962,1982
3963,2027
3964,2023
3965,2005
3966,2027
3967,2023
3968,1983
3969,2027
3970,2005
3971,2023
3972,2017
3973,1999
3974,2015
3975,2024
3976,2020
3977,2025
3978,2010
3979,2019
3980,2020
3981,2043
3982,2022
3983,2013
3984,2022
3985,2001
3986,2037
3987,2014
3988,2047
3989,2044
3990,2055
3991,2043
3992,2044
3993,2053
3994,2062
3995,2036
3996,2074
3997,2060
3998,2077
3999,2070
4000,2063
4001,2053
4002,2083
4003,2084
4004,2057
4005,2086
4006,2082
4007,2086
4008,2070
4009,2077
4010,2082
4011,2086
4012,2067
4013,2052
4014,2070
4015,2055
4016,2071
4017,2055
4018,2070
4019,2053
4020,2060
4021,2071
4022,2077
4023,2085
4024,2083
4025,2078
4026,2085
4027,2055
4028,2085
4029,2083
4030,2085
4031,2078
4032,2085
4033,2085
4034,2071
4035,2043
4036,2085
4037,2085
4038,2083
4039,2067
4040,2065
4041,2054
4042,2065
4043,2054
4044,2058
4045,2078
4046,2049
4047,2081
4048,2058
4049,2079
4050,2061
4051,2054
4052,2064
4053,2062
4054,2070
4055,2065
4056,2073
4057,2048
4058,2070
4059,2055
4060,2070
4061,2068
4062,2079
4063,2073
4064,2078
4065,2060
4066,2078
4067,2073
4068,2040
4069,2078
4070,2050
4071,2060
4072,2079
4073,2076
4074,2082
4075,2085
4076,2085
4077,2072
4078,2082
4079,2085
4080,2053
4081,2074
4082,2079
4083,2094
4084,2074
4085,2094
4086,2083
4087,2055
4088,2083
4089,2094
4090,2070
4091,2083
4092,2094
4093,2074
4094,2065
4095,2088
4096,2082
4097,2088
4098,2086
4099,2082
4100,2088
4101,2098
4102,2100
4103,2092
4104,2096
4105,2082
4106,2088
4107,2086
4108,2043
4109,2096
4110,2084
4111,2088
4112,2083
4113,2065
4114,2028
4115,2079
4116,2077
4117,2079
4118,2086
4119,2084
4120,2086
4121,2094
4122,2088
4123,2073
4124,2074
4125,2088
4126,2088
4127,2073
4128,2084
4129,2081
4130,2090
4131,2097
4132,2099
4133,2106
4134,2098
4135,2078
4136,2091
4137,2106
4138,2103
4139,2120
4140,2103
4141,2103
4142,2091
4143,2120
4144,2065
4145,2120
4146,2120
4147,2103
4148,2091
4149,2120
4150,2106
4151,2115
4152,2113
4153,2107
4154,2121
4155,2110
4156,2120
4157,2075
4158,2126
4159,2111
4160,2120
4161,2082
4162,2124
4163,2110
4164,2129
4165,2123
4166,2119
4167,2129
4168,2120
4169,2129
4170,2091
4171,2127
4172,2119
4173,2110
4174,2114
4175,2138
4176,2150
4177,2140
4178,2150
4179,2135
4180,2130
4181,2135
4182,2154
4183,2149
4184,2140
4185,2146
4186,2136
4187,2122
4188,2150
4189,2136
4190,2140
4191,2142
4192,2136
4193,2150
4194,2134
4195,2150
4196,2140
4197,2150
4198,2130
4199,2140
4200,2150
4201,2150
4202,2140
4203,2150
4204,2147
4205,2150
4206,2147
4207,2148
4208,2147
4209,2153
4210,2161
4211,2161
4212,2167
4213,2155
4214,2167
4215,2135
4216,2166
4217,2125
4218,2161
4219,2166
4220,2149
4221,2161
4222,2148
4223,2168
4224,2161
4225,2183
4226,2179
4227,2192
4228,2177
4229,2194
4230,2201
4231,2204
4232,2185
4233,2220
4234,2208
4235,2219
4236,2219
4237,2225
4238,2217
4239,2225
4240,2217
4241,2225
4242,2212
4243,2214
4244,2230
4245,2225
4246,2222
4247,2225
4248,2230
4249,2226
4250,2229
4251,2220
4252,2200
4253,2200
4254,2229
4255,2225
4256,2229
4257,2220
4258,2200
4259,2229
4260,2215
4261,2228
4262,2208
4263,2228
4264,2228
4265,2216
4266,2225
4267,2204
4268,2234
4269,2204
4270,2234
4271,2204
4272,2233
4273,2234
4274,2204
4275,2234
4276,2204
4277,2234
4278,2204
4279,2234
4280,2228
4281,2203
4282,2203
4283,2220
4284,2202
4285,2215
4286,2220
4287,2202
4288,2196
4289,2190
4290,2214
4291,2210
4292,2225
4293,2223
4294,2230
4295,2238
4296,2231
4297,2245
4298,2239
4299,2245
4300,2255
4301,2235
4302,2259
4303,2250
4304,2256
4305,2235
4306,2265
4307,2256
4308,2235
4309,2263
4310,2264
4311,2264
4312,2266
4313,2264
4314,2266
4315,2264
4316,2264
4317,2276
4318,2273
4319,2284
4320,2274
4321,2276
4322,2279
4323,2284
4324,2294
4325,2294
4326,2287
4327,2286
4328,2295
4329,2307
4330,2292
4331,2278
4332,2295
4333,2285
4334,2305
4335,2306
4336,2294
4337,2297
4338,2271
4339,2288
4340,2276
4341,2306
4342,2298
4343,2320
4344,2255
4345,2299
4346,2320
4347,2298
4348,2320
4349,2299
4350,2311
4351,2321
4352,2310
4353,2321
4354,2305
4355,2311
4356,2299
4357,2298
4358,2320
4359,2300
4360,2298
4361,2276
4362,2295
4363,2304
4364,2305
4365,2299
4366,2298
4367,2306
4368,2306
4369,2304
4370,2324
4371,2309
4372,2320
4373,2316
4374,2330
4375,2332
4376,2323
4377,2334
4378,2328
4379,2341
4380,2341
4381,2339
4382,2341
4383,2331
4384,2341
4385,2341
4386,2348
4387,2350
4388,2342
4389,2343
4390,2350
4391,2342
4392,2349
4393,2331
4394,2361
4395,2365
4396,2349
4397,2366
4398,2356
4399,2355
4400,2356
4401,2356
4402,2380
4403,2359
4404,2380
4405,2350
4406,2366
4407,2368
4408,2380
4409,2371
4410,2374
4411,2355
4412,2361
4413,2374
4414,2375
4415,2378
4416,2362
4417,2357
4418,2366
4419,2357
4420,2378
4421,2358
4422,2362
4423,2324
4424,2358
4425,2369
4426,2391
4427,2375
4428,2375
4429,2381
4430,2372
4431,2375
4432,2381
4433,2375
4434,2361
4435,2363
4436,2399
4437,2396
4438,2405
4439,2419
4440,2391
4441,2410
4442,2413
4443,2410
4444,2413
4445,2411
4446,2405
4447,2410
4448,2419
4449,2370
4450,2416
4451,2415
4452,2416
4453,2416
4454,2398
4455,2391
4456,2411
4457,2420
4458,2410
4459,2416
4460,2406
4461,2404
4462,2404
4463,2393
4464,2406
4465,2405
4466,2360
4467,2410
4468,2386
4469,2408
4470,2408
4471,2416
4472,2395
4473,2414
4474,2415
4475,2405
4476,2385
4477,2405
4478,2385
4479,2405
4480,2385
4481,2405
4482,2386
4483,2404
4484,2379
4485,2360
4486,2410
4487,2386
4488,2393
4489,2420
4490,2411
4491,2426
4492,2414
4493,2434
4494,2390
4495,2434
4496,2438
4497,2418
4498,2434
4499,2433
4500,2438
4501,2425
4502,2434
4503,2438
4504,2390
4505,2426
4506,2415
4507,2434
4508,2434
4509,2426
4510,2409
4511,2415
4512,2434
4513,2436
4514,2438
4515,2440
4516,2438
4517,2446
4518,2448
4519,2441
4520,2445
4521,2449
4522,2445
4523,2456
4524,2448
4525,2451
4526,2449
4527,2448
4528,2464
4529,2455
4530,2473
4531,2453
4532,2455
4533,2464
4534,2448
4535,2456
4536,2469
4537,2470
4538,2446
4539,2469
4540,2456
4541,2464
4542,2459
4543,2453
4544,2454
4545,2455
4546,2466
4547,2450
4548,2469
4549,2461
4550,2469
4551,2473
4552,2470
4553,2464
4554,2460
4555,2450
4556,2464
4557,2464
4558,2491
4559,2475
4560,2471
4561,2479
4562,2491
4563,2471
4564,2486
4565,2491
4566,2471
4567,2479
4568,2471
4569,2491
4570,2476
4571,2458
4572,2479
4573,2471
4574,2491
4575,2498
4576,2496
4577,2485
4578,2490
4579,2496
4580,2476
4581,2501
4582,2480
4583,2496
4584,2501
4585,2480
4586,2511
4587,2505
4588,2481
4589,2505
4590,2519
4591,2519
4592,2515
4593,2491
4594,2513
4595,2536
4596,2535
4597,2536
4598,2534
4599,2524
4600,2510
4601,2520
4602,2526
4603,2535
4604,2549
4605,2533
4606,2545
4607,2549
4608,2549
4609,2545
4610,2549
4611,2540
4612,2515
4613,2545
4614,2549
4615,2540
4616,2549
4617,2545
4618,2549
4619,2544
4620,2546
4621,2516
4622,2521
4623,2546
4624,2531
4625,2545
4626,2549
4627,2545
4628,2549
4629,2525
4630,2539
4631,2549
4632,2536
4633,2551
4634,2536
4635,2551
4636,2530
4637,2536
4638,2551
4639,2531
4640,2536
4641,2541
4642,2556
4643,2563
4644,2559
4645,2564
4646,2559
4647,2564
4648,2546
4649,2566
4650,2566
4651,2521
4652,2536
4653,2513
4654,2566
4655,2521
4656,2566
4657,2573
4658,2563
4659,2563
4660,2570
4661,2563
4662,2563
4663,2573
4664,2580
4665,2560
4666,2593
4667,2595
4668,2585
4669,2585
4670,2610
4671,2607
4672,2604
4673,2604
4674,2609
4675,2588
4676,2609
4677,2598
4678,2592
4679,2604
4680,2604
4681,2609
4682,2607
4683,2602
4684,2578
4685,2604
4686,2615
4687,2578
4688,2594
4689,2613
4690,2604
4691,2618
4692,2613
4693,2628
4694,2605
4695,2619
4696,2619
4697,2610
4698,2628
4699,2616
4700,2621
4701,2596
4702,2624
4703,2620
4704,2624
4705,2625
4706,2624
4707,2590
4708,2614
4709,2595
4710,2613
4711,2626
4712,2618
4713,2616
4714,2618
4715,2611
4716,2615
4717,2582
4718,2615
4719,2605
4720,2640
4721,2635
4722,2610
4723,2612
4724,2635
4725,2622
4726,2619
4727,2635
4728,2631
4729,2640
4730,2635
4731,2583
4732,2619
4733,2635
4734,2640
4735,2635
4736,2619
4737,2612
4738,2635
4739,2622
4740,2619
4741,2635
4742,2631
4743,2644
4744,2653
4745,2654
4746,2665
4747,2613
4748,2639
4749,2653
4750,2654
4751,2637
4752,2654
4753,2635
4754,2650
4755,2665
4756,2644
4757,2665
4758,2650
4759,2659
4760,2636
4761,2666
4762,2650
4763,2686
4764,2669
4765,2690
4766,2678
4767,2690
4768,2680
4769,2690
4770,2677
4771,2678
4772,2669
4773,2690
4774,2680
4775,2690
4776,2678
4777,2686
4778,2684
4779,2641
4780,2650
4781,2654
4782,2660
4783,2676
4784,2693
4785,2673
4786,2661
4787,2693
4788,2673
4789,2661
4790,2693
4791,2676
4792,2661
4793,2673
4794,2693
4795,2692
4796,2692
4797,2692
4798,2678
4799,2692
4800,2688
4801,2686
4802,2674
4803,2692
4804,2688
4805,2674
4806,2686
4807,2692
4808,2689
4809,2674
4810,2686
4811,2701
4812,2709
4813,2706
4814,2709
4815,2687
4816,2693
4817,2709
4818,2701
4819,2689
4820,2686
4821,2674
4822,2704
4823,2711
4824,2702
4825,2672
4826,2711
4827,2702
4828,2698
4829,2711
4830,2702
4831,2691
4832,2711
4833,2711
4834,2698
4835,2711
4836,2711
4837,2698
4838,2701
4839,2692
4840,2707
4841,2704
4842,2721
4843,2721
4844,2721
4845,2711
4846,2721
4847,2721
4848,2695
4849,2730
4850,2734
4851,2730
4852,2734
4853,2718
4854,2734
4855,2730
4856,2731
4857,2730
4858,2724
4859,2740
4860,2730
4861,2724
4862,2730
4863,2729
4864,2722
4865,2714
4866,2741
4867,2738
4868,2741
4869,2716
4870,2741
4871,2741
4872,2738
4873,2741
4874,2724
4875,2730
4876,2733
4877,2718
4878,2694
4879,2716
4880,2705
4881,2716
4882,2697
4883,2705
4884,2724
4885,2721
4886,2715
4887,2725
4888,2722
4889,2711
4890,2697
4891,2716
4892,2705
4893,2714
4894,2734
4895,2731
4896,2734
4897,2731
4898,2724
4899,2720
4900,2739
4901,2721
4902,2754
4903,2731
4904,2757
4905,2749
4906,2757
4907,2754
4908,2757
4909,2735
4910,2736
4911,2729
4912,2745
4913,2746
4914,2744
4915,2751
4916,2736
4917,2741
4918,2716
4919,2751
4920,2726
4921,2751
4922,2751
4923,2736
4924,2751
4925,2726
4926,2751
4927,2726
4928,2731
4929,2731
4930,2745
4931,2731
4932,2751
4933,2765
4934,2755
4935,2752
4936,2765
4937,2746
4938,2748
4939,2750
4940,2748
4941,2746
4942,2735
4943,2764
4944,2764
4945,2764
4946,2761
4947,2764
4948,2751
4949,2732
4950,2756
4951,2764
4952,2750
4953,2751
4954,2764
4955,2740
4956,2749
4957,2750
4958,2762
4959,2756
4960,2725
4961,2750
4962,2769
4963,2765
4964,2757
4965,2765
4966,2748
4967,2757
4968,2759
4969,2757
4970,2744
4971,2774
4972,2761
4973,2759
4974,2757
4975,2774
4976,2760
4977,2692
4978,2759
4979,2749
4980,2692
4981,2759
4982,2759
4983,2692
4984,2759
4985,2734
4986,2692
4987,2749
4988,2759
4989,2692
4990,2760
4991,2774
4992,2757
4993,2759
4994,2774
4995,2761
4996,2757
4997,2744
4998,2760
4999,2759
5000,2692
5001,2749
5002,2735
5003,2761
5004,2736
5005,2757
5006,2761
5007,2771
5008,2760
5009,2776
5010,2754
5011,2779
5012,2788
5013,2781
5014,2765
5015,2788
5016,2775
5017,2788
5018,2776
5019,2754
5020,2762
5021,2775
5022,2755
5023,2775
5024,2762
5025,2754
5026,2775
5027,2776
5028,2760
5029,2754
5030,2776
5031,2760
5032,2754
5033,2776
5034,2754
5035,2760
5036,2755
5037,2754
5038,2776
5039,2753
5040,2766
5041,2774
5042,2775
5043,2781
5044,2747
5045,2775
5046,2775
5047,2779
5048,2794
5049,2774
5050,2772
5051,2775
5052,2777
5053,2777
5054,2777
5055,2775
5056,2778
5057,2777
5058,2740
5059,2800
5060,2800
5061,2776
5062,2800
5063,2786
5064,2800
5065,2800
5066,2776
5067,2800
5068,2800
5069,2755
5070,2785
5071,2731
5072,2786
5073,2791
5074,2806
5075,2809
5076,2811
5077,2809
5078,2806
5079,2804
5080,2811
5081,2806
5082,2800
5083,2801
5084,2806
5085,2821
5086,2826
5087,2826
5088,2812
5089,2817
5090,2825
5091,2830
5092,2817
5093,2830
5094,2820
5095,2811
5096,2834
5097,2810
5098,2843
5099,2835
5100,2840
5101,2840
5102,2809
5103,2827
5104,2840
5105,2815
5106,2809
5107,2840
5108,2837
5109,2846
5110,2846
5111,2840
5112,2831
5113,2841
5114,2815
5115,2842
5116,2831
5117,2837
5118,2810
5119,2835
5120,2843
5121,2835
5122,2806
5123,2842
5124,2849
5125,2854
5126,2851
5127,2854
5128,2855
5129,2828
5130,2860
5131,2797
5132,2841
5133,2860
5134,2841
5135,2828
5136,2820
5137,2860
5138,2828
5139,2841
5140,2860
5141,2856
5142,2861
5143,2864
5144,2824
5145,2860
5146,2861
5147,2846
5148,2841
5149,2849
5150,2828
5151,2860
5152,2820
5153,2849
5154,2860
5155,2820
5156,2849
5157,2860
5158,2797
5159,2821
5160,2855
5161,2851
5162,2854
5163,2863
5164,2859
5165,2862
5166,2859
5167,2870
5168,2859
5169,2862
5170,2859
5171,2847
5172,2867
5173,2844
5174,2823
5175,2870
5176,2866
5177,2861
5178,2870
5179,2862
5180,2851
5181,2854
5182,2844
5183,2856
5184,2840
5185,2861
5186,2866
5187,2862
5188,2865
5189,2879
5190,2885
5191,2885
5192,2879
5193,2829
5194,2885
5195,2856
5196,2879
5197,2859
5198,2885
5199,2829
5200,2867
5201,2877
5202,2875
5203,2832
5204,2875
5205,2877
5206,2855
5207,2861
5208,2881
5209,2857
5210,2845
5211,2865
5212,2845
5213,2872
5214,2877
5215,2890
5216,2877
5217,2864
5218,2895
5219,2882
5220,2864
5221,2895
5222,2894
5223,2912
5224,2909
5225,2879
5226,2901
5227,2912
5228,2914
5229,2909
5230,2915
5231,2914
5232,2901
5233,2905
5234,2905
5235,2914
5236,2913
5237,2916
5238,2905
5239,2909
5240,2914
5241,2913
5242,2900
5243,2916
5244,2921
5245,2927
5246,2906
5247,2919
5248,2927
5249,2906
5250,2927
5251,2921
5252,2894
5253,2887
5254,2916
5255,2894
5256,2905
5257,2927
5258,2919
5259,2887
5260,2927
5261,2924
5262,2926
5263,2897
5264,2927
5265,2926
5266,2929
5267,2906
5268,2927
5269,2919
5270,2927
5271,2906
5272,2909
5273,2891
5274,2911
5275,2930
5276,2916
5277,2916
5278,2940
5279,2927
5280,2934
5281,2921
5282,2931
5283,2922
5284,2937
5285,2941
5286,2926
5287,2905
5288,2941
5289,2901
5290,2941
5291,2904
5292,2907
5293,2907
5294,2926
5295,2930
5296,2906
5297,2926
5298,2939
5299,2930
5300,2934
5301,2937
5302,2916
5303,2934
5304,2937
5305,2926
5306,2916
5307,2934
5308,2937
5309,2905
5310,2935
5311,2938
5312,2939
5313,2935
5314,2931
5315,2934
5316,2935
5317,2926
5318,2941
5319,2932
5320,2926
5321,2942
5322,2932
5323,2932
5324,2926
5325,2933
5326,2932
5327,2905
5328,2931
5329,2947
5330,2941
5331,2957
5332,2936
5333,2936
5334,2935
5335,2936
5336,2935
5337,2936
5338,2935
5339,2946
5340,2942
5341,2935
5342,2949
5343,2947
5344,2931
5345,2949
5346,2948
5347,2936
5348,2927
5349,2941
5350,2941
5351,2927
5352,2941
5353,2940
5354,2927
5355,2941
5356,2941
5357,2927
5358,2941
5359,2940
5360,2941
5361,2927
5362,2941
5363,2948
5364,2936
5365,2957
5366,2957
5367,2957
5368,2910
5369,2936
5370,2957
5371,2957
5372,2941
5373,2952
5374,2954
5375,2952
5376,2941
5377,2944
5378,2952
5379,2954
5380,2952
5381,2951
5382,2955
5383,2956
5384,2952
5385,2955
5386,2951
5387,2955
5388,2941
5389,2941
5390,2941
5391,2910
5392,2924
5393,2948
5394,2957
5395,2957
5396,2936
5397,2957
5398,2957
5399,2957
5400,2936
5401,2957
5402,2957
5403,2911
5404,2936
5405,2957
5406,2957
5407,2957
5408,2936
5409,2957
5410,2957
5411,2957
5412,2936
5413,2930
5414,2921
5415,2937
5416,2934
5417,2937
5418,2927
5419,2941
5420,2927
5421,2935
5422,2934
5423,2927
5424,2946
5425,2942
5426,2936
5427,2927
5428,2956
5429,2931
5430,2934
5431,2956
5432,2945
5433,2956
5434,2941
5435,2935
5436,2931
5437,2945
5438,2956
5439,2945
5440,2956
5441,2955
5442,2963
5443,2935
5444,2963
5445,2950
5446,2963
5447,2957
5448,2941
5449,2936
5450,2922
5451,2935
5452,2922
5453,2936
5454,2949
5455,2945
5456,2952
5457,2945
5458,2923
5459,2945
5460,2941
5461,2945
5462,2923
5463,2945
5464,2952
5465,2945
5466,2923
5467,2937
5468,2945
5469,2945
5470,2952
5471,2923
5472,2949
5473,2947
5474,2931
5475,2937
5476,2941
5477,2955
5478,2937
5479,2950
5480,2949
5481,2950
5482,2946
5483,2949
5484,2950
5485,2946
5486,2950
5487,2949
5488,2942
5489,2944
5490,2944
5491,2950
5492,2944
5493,2960
5494,2946
5495,2927
5496,2946
5497,2956
5498,2946
5499,2961
5500,2976
5501,2951
5502,2976
5503,2963
5504,2960
5505,2980
5506,2976
5507,2985
5508,2988
5509,2976
5510,2961
5511,2953
5512,2976
5513,2985
5514,2964
5515,2977
5516,2972
5517,2992
5518,2990
5519,2996
5520,2996
5521,2996
5522,2981
5523,2990
5524,2996
5525,2996
5526,2996
5527,2981
5528,2996
5529,2985
5530,2997
5531,2996
5532,2987
5533,2996
5534,2997
5535,2985
5536,2996
5537,2981
5538,2996
5539,2996
5540,2996
5541,2990
5542,2996
5543,2981
5544,2996
5545,3005
5546,3001
5547,3000
5548,2981
5549,3001
5550,3008
5551,2991
5552,3001
5553,3001
5554,2990
5555,2991
5556,3001
5557,2988
5558,3000
5559,3003
5560,2971
5561,2991
5562,2978
5563,2986
5564,3014
5565,2989
5566,3015
5567,2995
5568,3016
5569,3007
5570,2989
5571,3016
5572,3014
5573,2978
5574,2991
5575,2986
5576,2978
5577,2986
5578,2991
5579,2978
5580,3002
5581,3006
5582,2985
5583,3002
5584,2986
5585,2978
5586,2991
5587,3007
5588,3005
5589,2990
5590,3011
5591,2989
5592,3014
5593,2990
5594,3001
5595,3014
5596,2998
5597,3014
5598,2990
5599,3005
5600,2989
5601,2992
5602,2988
5603,2992
5604,3010
5605,3015
5606,3007
5607,3007
5608,3016
5609,3008
5610,3015
5611,3026
5612,3008
5613,3026
5614,3008
5615,3026
5616,3016
5617,3026
5618,3009
5619,3007
5620,3011
5621,3011
5622,3011
5623,3016
5624,3011
5625,3011
5626,3015
5627,3011
5628,2996
5629,3026
5630,3009
5631,2996
5632,3016
5633,3011
5634,3011
5635,2995
5636,3001
5637,3025
5638,3026
5639,3026
5640,3043
5641,3044
5642,3038
5643,3052
5644,3052
5645,3025
5646,3052
5647,3052
5648,3052
5649,3030
5650,3033
5651,3046
5652,3044
5653,3035
5654,3033
5655,3046
5656,3046
5657,3044
5658,3033
5659,3046
5660,3035
5661,3044
5662,3033
5663,3046
5664,3033
5665,3035
5666,3044
5667,3046
5668,3033
5669,3035
5670,3044
5671,3046
5672,3033
5673,3060
5674,3066
5675,3061
5676,3061
5677,3066
5678,3055
5679,3047
5680,3040
5681,3047
5682,3060
5683,3065
5684,3057
5685,3055
5686,3066
5687,3046
5688,3052
5689,3025
5690,3052
5691,3052
5692,3052
5693,3045
5694,3052
5695,3048
5696,3045
5697,3043
5698,3052
5699,3048
5700,3044
5701,3056
5702,3056
5703,3041
5704,3056
5705,3033
5706,3032
5707,3035
5708,3046
5709,3036
5710,3046
5711,3046
5712,3032
5713,3046
5714,3046
5715,3032
5716,3046
5717,3032
5718,3055
5719,3050
5720,3062
5721,3053
5722,3056
5723,3062
5724,3051
5725,3050
5726,3046
5727,3051
5728,3061
5729,3046
5730,3044
5731,3061
5732,3051
5733,3045
5734,3045
5735,3054
5736,3061
5737,3066
5738,3075
5739,3070
5740,3067
5741,3042
5742,3016
5743,3049
5744,3083
5745,3066
5746,3083
5747,3057
5748,3067
5749,3076
5750,3092
5751,3076
5752,3067
5753,3076
5754,3092
5755,3068
5756,3093
5757,3066
5758,3072
5759,3072
5760,3085
5761,3084
5762,3072
5763,3066
5764,3093
5765,3072
5766,3093
5767,3072
5768,3066
5769,3068
5770,3092
5771,3076
5772,3065
5773,3067
5774,3076
5775,3092
5776,3076
5777,3067
5778,3055
5779,3096
5780,3085
5781,3099
5782,3100
5783,3066
5784,3096
5785,3091
5786,3085
5787,3090
5788,3080
5789,3096
5790,3082
5791,3093
5792,3083
5793,3105
5794,3066
5795,3060
5796,3080
5797,3057
5798,3096
5799,3077
5800,3062
5801,3066
5802,3085
5803,3062
5804,3077
5805,3076
5806,3070
5807,3066
5808,3077
5809,3070
5810,3070
5811,3057
5812,3096
5813,3085
5814,3086
5815,3100
5816,3099
5817,3082
5818,3100
5819,3095
5820,3100
5821,3099
5822,3097
5823,3105
5824,3102
5825,3108
5826,3102
5827,3096
5828,3072
5829,3067
5830,3096
5831,3072
5832,3111
5833,3072
5834,3072
5835,3096
5836,3098
5837,3083
5838,3105
5839,3089
5840,3037
5841,3102
5842,3103
5843,3090
5844,3103
5845,3103
5846,3092
5847,3109
5848,3105
5849,3107
5850,3095
5851,3082
5852,3116
5853,3116
5854,3125
5855,3132
5856,3132
5857,3132
5858,3122
5859,3132
5860,3120
5861,3123
5862,3092
5863,3122
5864,3122
5865,3096
5866,3126
5867,3128
5868,3125
5869,3121
5870,3123
5871,3128
5872,3122
5873,3146
5874,3140
5875,3123
5876,3128
5877,3143
5878,3116
5879,3128
5880,3126
5881,3143
5882,3128
5883,3137
5884,3151
5885,3126
5886,3155
5887,3125
5888,3151
5889,3156
5890,3163
5891,3150
5892,3162
5893,3163
5894,3150
5895,3156
5896,3155
5897,3126
5898,3151
5899,3155
5900,3151
5901,3151
5902,3148
5903,3141
5904,3096
5905,3148
5906,3148
5907,3141
5908,3096
5909,3148
5910,3141
5911,3137
5912,3141
5913,3148
5914,3141
5915,3141
5916,3136
5917,3141
5918,3138
5919,3163
5920,3145
5921,3157
5922,3163
5923,3156
5924,3162
5925,3156
5926,3162
5927,3156
5928,3145
5929,3165
5930,3162
5931,3156
5932,3162
5933,3121
5934,3156
5935,3162
5936,3145
5937,3156
5938,3162
5939,3156
5940,3162
5941,3165
5942,3162
5943,3156
5944,3158
5945,3162
5946,3133
5947,3162
5948,3151
5949,3165
5950,3163
5951,3116
5952,3148
5953,3165
5954,3156
5955,3157
5956,3141
5957,3147
5958,3157
5959,3158
5960,3141
5961,3157
5962,3166
5963,3173
5964,3168
5965,3141
5966,3176
5967,3165
5968,3185
5969,3166
5970,3165
5971,3185
5972,3168
5973,3185
5974,3177
5975,3181
5976,3162
5977,3175
5978,3185
5979,3187
5980,3177
5981,3186
5982,3186
5983,3166
5984,3180
5985,3173
5986,3190
5987,3183
5988,3182
5989,3200
5990,3196
5991,3201
5992,3191
5993,3156
5994,3183
5995,3171
5996,3201
5997,3196
5998,3192
5999,3206
6000,3192
6001,3196
6002,3206
6003,3192
6004,3206
6005,3211
6006,3201
6007,3221
6008,3221
6009,3225
6010,3221
6011,3213
6012,3221
6013,3225
6014,3221
6015,3209
6016,3225
6017,3196
6018,3222
6019,3236
6020,3221
6021,3237
6022,3236
6023,3246
6024,3250
6025,3235
6026,3240
6027,3250
6028,3246
6029,3236
6030,3221
6031,3230
6032,3236
6033,3236
6034,3199
6035,3216
6036,3236
6037,3206
6038,3236
6039,3236
6040,3236
6041,3231
6042,3248
6043,3237
6044,3198
6045,3246
6046,3240
6047,3250
6048,3248
6049,3246
6050,3244
6051,3248
6052,3245
6053,3252
6054,3250
6055,3235
6056,3245
6057,3250
6058,3252
6059,3236
6060,3221
6061,3246
6062,3241
6063,3227
6064,3236
6065,3227
6066,3213
6067,3243
6068,3240
6069,3241
6070,3237
6071,3239
6072,3203
6073,3241
6074,3236
6075,3237
6076,3241
6077,3251
6078,3251
6079,3240
6080,3230
6081,3251
6082,3255
6083,3248
6084,3256
6085,3256
6086,3261
6087,3257
6088,3272
6089,3251
6090,3246
6091,3253
6092,3236
6093,3206
6094,3246
6095,3253
6096,3252
6097,3256
6098,3256
6099,3248
6100,3255
6101,3220
6102,3232
6103,3239
6104,3243
6105,3238
6106,3251
6107,3206
6108,3236
6109,3251
6110,3230
6111,3251
6112,3251
6113,3258
6114,3225
6115,3238
6116,3266
6117,3266
6118,3260
6119,3247
6120,3253
6121,3261
6122,3252
6123,3261
6124,3261
6125,3252
6126,3253
6127,3261
6128,3265
6129,3277
6130,3251
6131,3277
6132,3277
6133,3260
6134,3277
6135,3251
6136,3277
6137,3277
6138,3262
6139,3248
6140,3257
6141,3251
6142,3248
6143,3257
6144,3276
6145,3267
6146,3277
6147,3276
6148,3255
6149,3273
6150,3276
6151,3262
6152,3263
6153,3261
6154,3248
6155,3277
6156,3251
6157,3260
6158,3273
6159,3265
6160,3272
6161,3261
6162,3277
6163,3265
6164,3252
6165,3272
6166,3265
6167,3252
6168,3261
6169,3281
6170,3286
6171,3295
6172,3295
6173,3288
6174,3295
6175,3268
6176,3295
6177,3286
6178,3248
6179,3281
6180,3276
6181,3269
6182,3260
6183,3277
6184,3251
6185,3248
6186,3261
6187,3263
6188,3262
6189,3278
6190,3277
6191,3267
6192,3277
6193,3267
6194,3272
6195,3277
6196,3267
6197,3259
6198,3285
6199,3286
6200,3285
6201,3285
6202,3255
6203,3279
6204,3277
6205,3291
6206,3286
6207,3280
6208,3277
6209,3279
6210,3286
6211,3291
6212,3255
6213,3285
6214,3285
6215,3285
6216,3301
6217,3285
6218,3296
6219,3291
6220,3265
6221,3297
6222,3306
6223,3310
6224,3294
6225,3306
6226,3301
6227,3301
6228,3293
6229,3292
6230,3301
6231,3286
6232,3271
6233,3293
6234,3301
6235,3282
6236,3298
6237,3291
6238,3282
6239,3293
6240,3293
6241,3293
6242,3301
6243,3297
6244,3291
6245,3284
6246,3303
6247,3284
6248,3301
6249,3274
6250,3291
6251,3303
6252,3290
6253,3302
6254,3307
6255,3292
6256,3303
6257,3293
6258,3301
6259,3271
6260,3286
6261,3301
6262,3293
6263,3288
6264,3302
6265,3306
6266,3298
6267,3312
6268,3282
6269,3307
6270,3305
6271,3315
6272,3320
6273,3313
6274,3325
6275,3322
6276,3320
6277,3323
6278,3327
6279,3318
6280,3324
6281,3336
6282,3332
6283,3325
6284,3330
6285,3336
6286,3336
6287,3336
6288,3320
6289,3336
6290,3336
6291,3345
6292,3345
6293,3325
6294,3345
6295,3352
6296,3358
6297,3348
6298,3370
6299,3370
6300,3313
6301,3358
6302,3370
6303,3370
6304,3361
6305,3361
6306,3381
6307,3386
6308,3377
6309,3370
6310,3381
6311,3386
6312,3381
6313,3377
6314,3381
6315,3386
6316,3381
6317,3370
6318,3386
6319,3365
6320,3387
6321,3380
6322,3363
6323,3385
6324,3388
6325,3393
6326,3367
6327,3390
6328,3385
6329,3388
6330,3365
6331,3401
6332,3391
6333,3372
6334,3401
6335,3387
6336,3391
6337,3401
6338,3376
6339,3403
6340,3416
6341,3415
6342,3391
6343,3415
6344,3407
6345,3414
6346,3415
6347,3408
6348,3408
6349,3407
6350,3417
6351,3421
6352,3426
6353,3421
6354,3416
6355,3426
6356,3409
6357,3426
6358,3419
6359,3426
6360,3416
6361,3421
6362,3420
6363,3440
6364,3410
6365,3430
6366,3419
6367,3420
6368,3410
6369,3431
6370,3426
6371,3428
6372,3431
6373,3426
6374,3431
6375,3428
6376,3396
6377,3426
6378,3435
6379,3422
6380,3411
6381,3410
6382,3416
6383,3427
6384,3421
6385,3416
6386,3426
6387,3416
6388,3421
6389,3430
6390,3436
6391,3432
6392,3410
6393,3417
6394,3441
6395,3432
6396,3435
6397,3448
6398,3441
6399,3448
6400,3442
6401,3448
6402,3433
6403,3441
6404,3448
6405,3442
6406,3448
6407,3441
6408,3448
6409,3422
6410,3448
6411,3441
6412,3442
6413,3448
6414,3441
6415,3448
6416,3448
6417,3441
6418,3442
6419,3438
6420,3450
6421,3436
6422,3456
6423,3450
6424,3433
6425,3433
6426,3461
6427,3450
6428,3444
6429,3461
6430,3446
6431,3433
6432,3461
6433,3461
6434,3450
6435,3461
6436,3433
6437,3461
6438,3450
6439,3446
6440,3461
6441,3461
6442,3433
6443,3443
6444,3438
6445,3439
6446,3439
6447,3438
6448,3439
6449,3439
6450,3438
6451,3441
6452,3469
6453,3443
6454,3441
6455,3441
6456,3471
6457,3473
6458,3467
6459,3471
6460,3450
6461,3449
6462,3473
6463,3467
6464,3456
6465,3467
6466,3466
6467,3466
6468,3467
6469,3467
6470,3456
6471,3466
6472,3467
6473,3472
6474,3482
6475,3485
6476,3467
6477,3482
6478,3476
6479,3462
6480,3456
6481,3462
6482,3461
6483,3466
6484,3475
6485,3483
6486,3461
6487,3486
6488,3471
6489,3461
6490,3486
6491,3497
6492,3501
6493,3464
6494,3477
6495,3491
6496,3501
6497,3464
6498,3491
6499,3477
6500,3501
6501,3464
6502,3491
6503,3501
6504,3477
6505,3500
6506,3513
6507,3511
6508,3508
6509,3490
6510,3516
6511,3513
6512,3526
6513,3526
6514,3543
6515,3521
6516,3543
6517,3542
6518,3552
6519,3552
6520,3534
6521,3528
6522,3552
6523,3521
6524,3552
6525,3552
6526,3535
6527,3534
6528,3538
6529,3540
6530,3550
6531,3538
6532,3550
6533,3546
6534,3538
6535,3541
6536,3533
6537,3563
6538,3553
6539,3538
6540,3581
6541,3579
6542,3578
6543,3581
6544,3585
6545,3577
6546,3585
6547,3578
6548,3580
6549,3585
6550,3581
6551,3578
6552,3585
6553,3577
6554,3585
6555,3579
6556,3573
6557,3581
6558,3563
6559,3588
6560,3569
6561,3571
6562,3583
6563,3588
6564,3581
6565,3579
6566,3579
6567,3553
6568,3569
6569,3559
6570,3579
6571,3579
6572,3593
6573,3598
6574,3576
6575,3588
6576,3567
6577,3575
6578,3597
6579,3567
6580,3589
6581,3575
6582,3575
6583,3597
6584,3575
6585,3591
6586,3584
6587,3566
6588,3572
6589,3584
6590,3581
6591,3571
6592,3605
6593,3596
6594,3601
6595,3606
6596,3611
6597,3611
6598,3617
6599,3614
6600,3608
6601,3624
6602,3622
6603,3629
6604,3609
6605,3624
6606,3622
6607,3629
6608,3611
6609,3629
6610,3624
6611,3622
6612,3606
6613,3609
6614,3629
6615,3622
6616,3624
6617,3600
6618,3628
6619,3628
6620,3616
6621,3609
6622,3628
6623,3614
6624,3627
6625,3628
6626,3606
6627,3627
6628,3628
6629,3628
6630,3616
6631,3627
6632,3628
6633,3616
6634,3625
6635,3624
6636,3625
6637,3625
6638,3624
6639,3613
6640,3617
6641,3625
6642,3624
6643,3625
6644,3625
6645,3634
6646,3616
6647,3628
6648,3621
6649,3628
6650,3634
6651,3625
6652,3624
6653,3625
6654,3617
6655,3624
6656,3625
6657,3625
6658,3624
6659,3625
6660,3613
6661,3625
6662,3624
6663,3637
6664,3641
6665,3629
6666,3612
6667,3635
6668,3616
6669,3616
6670,3637
6671,3633
6672,3628
6673,3631
6674,3644
6675,3636
6676,3641
6677,3636
6678,3629
6679,3636
6680,3605
6681,3636
6682,3636
6683,3629
6684,3636
6685,3636
6686,3638
6687,3633
6688,3596
6689,3641
6690,3633
6691,3629
6692,3633
6693,3641
6694,3633
6695,3656
6696,3654
6697,3654
6698,3654
6699,3652
6700,3656
6701,3642
6702,3643
6703,3636
6704,3643
6705,3642
6706,3657
6707,3643
6708,3636
6709,3642
6710,3654
6711,3641
6712,3633
6713,3629
6714,3633
6715,3641
6716,3613
6717,3633
6718,3641
6719,3636
6720,3653
6721,3656
6722,3653
6723,3643
6724,3637
6725,3632
6726,3671
6727,3662
6728,3637
6729,3661
6730,3656
6731,3636
6732,3644
6733,3641
6734,3627
6735,3651
6736,3642
6737,3628
6738,3636
6739,3653
6740,3652
6741,3634
6742,3636
6743,3651
6744,3651
6745,3651
6746,3653
6747,3651
6748,3632
6749,3641
6750,3633
6751,3639
6752,3653
6753,3659
6754,3651
6755,3659
6756,3656
6757,3664
6758,3660
6759,3644
6760,3647
6761,3644
6762,3641
6763,3618
6764,3644
6765,3644
6766,3647
6767,3663
6768,3648
6769,3662
6770,3643
6771,3669
6772,3662
6773,3669
6774,3669
6775,3662
6776,3656
6777,3669
6778,3669
6779,3668
6780,3671
6781,3669
6782,3671
6783,3678
6784,3671
6785,3674
6786,3694
6787,3676
6788,3682
6789,3684
6790,3681
6791,3681
6792,3684
6793,3681
6794,3681
6795,3684
6796,3661
6797,3690
6798,3677
6799,3692
6800,3702
6801,3672
6802,3702
6803,3687
6804,3702
6805,3705
6806,3707
6807,3696
6808,3722
6809,3716
6810,3699
6811,3694
6812,3722
6813,3699
6814,3711
6815,3694
6816,3683
6817,3699
6818,3720
6819,3739
6820,3736
6821,3739
6822,3734
6823,3728
6824,3681
6825,3743
6826,3745
6827,3728
6828,3681
6829,3741
6830,3733
6831,3738
6832,3733
6833,3723
6834,3725
6835,3733
6836,3744
6837,3731
6838,3736
6839,3723
6840,3729
6841,3738
6842,3736
6843,3729
6844,3721
6845,3723
6846,3741
6847,3723
6848,3729
6849,3721
6850,3736
6851,3743
6852,3749
6853,3736
6854,3749
6855,3733
6856,3727
6857,3721
6858,3732
6859,3732
6860,3721
6861,3733
6862,3732
6863,3721
6864,3743
6865,3737
6866,3758
6867,3748
6868,3737
6869,3723
6870,3741
6871,3733
6872,3759
6873,3752
6874,3759
6875,3734
6876,3759
6877,3741
6878,3757
6879,3757
6880,3756
6881,3756
6882,3767
6883,3762
6884,3756
6885,3759
6886,3744
6887,3757
6888,3754
6889,3757
6890,3741
6891,3734
6892,3759
6893,3763
6894,3768
6895,3766
6896,3762
6897,3753
6898,3756
6899,3746
6900,3771
6901,3752
6902,3720
6903,3759
6904,3742
6905,3753
6906,3720
6907,3749
6908,3734
6909,3751
6910,3752
6911,3738
6912,3756
6913,3733
6914,3756
6915,3738
6916,3756
6917,3738
6918,3756
6919,3756
6920,3749
6921,3759
6922,3763
6923,3749
6924,3752
6925,3766
6926,3746
6927,3769
6928,3757
6929,3766
6930,3769
6931,3766
6932,3757
6933,3766
6934,3769
6935,3756
6936,3756
6937,3746
6938,3757
6939,3760
6940,3765
6941,3760
6942,3767
6943,3760
6944,3766
6945,3765
6946,3767
6947,3760
6948,3763
6949,3769
6950,3757
6951,3754
6952,3756
6953,3763
6954,3752
6955,3769
6956,3752
6957,3763
6958,3762
6959,3769
6960,3757
6961,3753
6962,3771
6963,3776
6964,3766
6965,3771
6966,3776
6967,3776
6968,3771
6969,3768
6970,3776
6971,3771
6972,3776
6973,3767
6974,3742
6975,3776
6976,3776
6977,3753
6978,3761
6979,3744
6980,3766
6981,3766
6982,3748
6983,3767
6984,3762
6985,3752
6986,3753
6987,3762
6988,3751
6989,3752
6990,3759
6991,3764
6992,3776
6993,3776
6994,3752
6995,3781
6996,3735
6997,3777
6998,3776
6999,3782
7000,3806
7001,3801
7002,3755
7003,3806
7004,3801
7005,3772
7006,3806
7007,3804
7008,3814
7009,3821
7010,3823
7011,3808
7012,3817
7013,3786
7014,3786
7015,3770
7016,3811
7017,3786
7018,3804
7019,3816
7020,3797
7021,3816
7022,3793
7023,3816
7024,3818
7025,3826
7026,3828
7027,3823
7028,3839
7029,3844
7030,3836
7031,3828
7032,3842
7033,3853
7034,3832
7035,3838
7036,3832
7037,3849
7038,3832
7039,3833
7040,3846
7041,3832
7042,3842
7043,3841
7044,3842
7045,3851
7046,3837
7047,3851
7048,3842
7049,3834
7050,3846
7051,3837
7052,3851
7053,3842
7054,3846
7055,3851
7056,3859
7057,3847
7058,3854
7059,3854
7060,3851
7061,3856
7062,3831
7063,3829
7064,3848
7065,3813
7066,3848
7067,3846
7068,3848
7069,3829
7070,3851
7071,3843
7072,3864
7073,3854
7074,3843
7075,3851
7076,3849
7077,3859
7078,3864
7079,3864
7080,3876
7081,3851
7082,3876
7083,3859
7084,3849
7085,3862
7086,3849
7087,3849
7088,3849
7089,3862
7090,3850
7091,3857
7092,3863
7093,3852
7094,3863
7095,3863
7096,3849
7097,3852
7098,3811
7099,3853
7100,3833
7101,3848
7102,3839
7103,3843
7104,3842
7105,3824
7106,3861
7107,3846
7108,3861
7109,3844
7110,3824
7111,3861
7112,3863
7113,3857
7114,3864
7115,3859
7116,3859
7117,3859
7118,3864
7119,3857
7120,3859
7121,3859
7122,3867
7123,3872
7124,3866
7125,3866
7126,3881
7127,3891
7128,3877
7129,3873
7130,3871
7131,3864
7132,3886
7133,3859
7134,3891
7135,3881
7136,3859
7137,3881
7138,3901
7139,3879
7140,3881
7141,3859
7142,3881
7143,3886
7144,3859
7145,3891
7146,3884
7147,3883
7148,3855
7149,3872
7150,3883
7151,3883
7152,3868
7153,3901
7154,3886
7155,3875
7156,3896
7157,3897
7158,3901
7159,3903
7160,3896
7161,3892
7162,3893
7163,3872
7164,3881
7165,3889
7166,3872
7167,3881
7168,3861
7169,3872
7170,3889
7171,3907
7172,3872
7173,3881
7174,3872
7175,3889
7176,3881
7177,3872
7178,3891
7179,3897
7180,3911
7181,3883
7182,3902
7183,3904
7184,3911
7185,3898
7186,3899
7187,3916
7188,3914
7189,3899
7190,3908
7191,3914
7192,3909
7193,3912
7194,3902
7195,3904
7196,3914
7197,3914
7198,3904
7199,3914
7200,3904
7201,3902
7202,3904
7203,3914
7204,3909
7205,3899
7206,3912
7207,3899
7208,3916
7209,3899
7210,3915
7211,3903
7212,3902
7213,3903
7214,3905
7215,3902
7216,3903
7217,3883
7218,3905
7219,3903
7220,3907
7221,3902
7222,3911
7223,3905
7224,3911
7225,3902
7226,3889
7227,3887
7228,3891
7229,3880
7230,3891
7231,3888
7232,3877
7233,3898
7234,3898
7235,3874
7236,3898
7237,3891
7238,3891
7239,3891
7240,3889
7241,3876
7242,3864
7243,3889
7244,3884
7245,3861
7246,3886
7247,3891
7248,3881
7249,3861
7250,3876
7251,3891
7252,3881
7253,3861
7254,3862
7255,3897
7256,3891
7257,3874
7258,3892
7259,3881
7260,3888
7261,3851
7262,3892
7263,3881
7264,3886
7265,3879
7266,3893
7267,3878
7268,3872
7269,3892
7270,3874
7271,3894
7272,3896
7273,3874
7274,3894
7275,3879
7276,3893
7277,3874
7278,3894
7279,3892
7280,3872
7281,3872
7282,3888
7283,3899
7284,3891
7285,3899
7286,3874
7287,3886
7288,3879
7289,3862
7290,3886
7291,3879
7292,3879
7293,3886
7294,3879
7295,3857
7296,3886
7297,3843
7298,3879
7299,3886
7300,3879
7301,3879
7302,3886
7303,3895
7304,3901
7305,3906
7306,3907
7307,3909
7308,3929
7309,3934
7310,3932
7311,3937
7312,3936
7313,3927
7314,3937
7315,3927
7316,3937
7317,3936
7318,3932
7319,3934
7320,3952
7321,3935
7322,3934
7323,3946
7324,3936
7325,3940
7326,3951
7327,3966
7328,3963
7329,3961
7330,3937
7331,3926
7332,3949
7333,3936
7334,3944
7335,3951
7336,3964
7337,3938
7338,3967
7339,3941
7340,3944
7341,3937
7342,3936
7343,3961
7344,3963
7345,3946
7346,3937
7347,3946
7348,3959
7349,3943
7350,3946
7351,3959
7352,3946
7353,3964
7354,3969
7355,3962
7356,3922
7357,3969
7358,3981
7359,3985
7360,3991
7361,3987
7362,3977
7363,3968
7364,3979
7365,3991
7366,3987
7367,3998
7368,3983
7369,3984
7370,3993
7371,3998
7372,3983
7373,3968
7374,3989
7375,3983
7376,3993
7377,3980
7378,4004
7379,4009
7380,3995
7381,4009
7382,4009
7383,4004
7384,4009
7385,3995
7386,3979
7387,4004
7388,4006
7389,4019
7390,3999
7391,3984
7392,4014
7393,3999
7394,4019
7395,4014
7396,3999
7397,4019
7398,4014
7399,3999
7400,4003
7401,4009
7402,4009
7403,4002
7404,4007
7405,4002
7406,4009
7407,4009
7408,4019
7409,4003
7410,3972
7411,4004
7412,4003
7413,3997
7414,4007
7415,3972
7416,4003
7417,4004
7418,4003
7419,4006
7420,4027
7421,4013
7422,4024
7423,4024
7424,4033
7425,4024
7426,4031
7427,4009
7428,3998
7429,4002
7430,4009
7431,4009
7432,4028
7433,4032
7434,4036
7435,4039
7436,4005
7437,4033
7438,4014
7439,4002
7440,4029
7441,4027
7442,4029
7443,4020
7444,4007
7445,4012
7446,4029
7447,4027
7448,4020
7449,4029
7450,4033
7451,4032
7452,4024
7453,4036
7454,3998
7455,4032
7456,4043
7457,4021
7458,3988
7459,4033
7460,4021
7461,4015
7462,3988
7463,4033
7464,4039
7465,4042
7466,4039
7467,4031
7468,4046
7469,4039
7470,4042
7471,4048
7472,4061
7473,4057
7474,4048
7475,4061
7476,4056
7477,4022
7478,4022
7479,4042
7480,4047
7481,4034
7482,3993
7483,4034
7484,4022
7485,4017
7486,4034
7487,4022
7488,4034
7489,4034
7490,4042
7491,4024
7492,4050
7493,4038
7494,4039
7495,4052
7496,4047
7497,4053
7498,4071
7499,4034
7500,4032
7501,4052
7502,4052
7503,4061
7504,4052
7505,4052
7506,4048
7507,4055
7508,4052
7509,4058
7510,4061
7511,4052
7512,4054
7513,4054
7514,4066
7515,4054
7516,4042
7517,4066
7518,4054
7519,4053
7520,4050
7521,4066
7522,4054
7523,4054
7524,4066
7525,4068
7526,4061
7527,4059
7528,4060
7529,4073
7530,4070
7531,4066
7532,4072
7533,4071
7534,4073
7535,4067
7536,4066
7537,4071
7538,4087
7539,4086
7540,4068
7541,4086
7542,4068
7543,4086
7544,4074
7545,4086
7546,4085
7547,4074
7548,4099
7549,4086
7550,4103
7551,4077
7552,4068
7553,4088
7554,4086
7555,4093
7556,4108
7557,4074
7558,4096
7559,4089
7560,4091
7561,4098
7562,4063
7563,4098
7564,4081
7565,4098
7566,4093
7567,4077
7568,4098
7569,4069
7570,4088
7571,4109
7572,4101
7573,4094
7574,4077
7575,4108
7576,4107
7577,4084
7578,4097
7579,4107
7580,4108
7581,4077
7582,4094
7583,4093
7584,4106
7585,4093
7586,4098
7587,4085
7588,4106
7589,4099
7590,4076
7591,4101
7592,4092
7593,4101
7594,4074
7595,4101
7596,4092
7597,4101
7598,4076
7599,4106
7600,4099
7601,4085
7602,4106
7603,4099
7604,4093
7605,4098
7606,4101
7607,4083
7608,4106
7609,4098
7610,4110
7611,4109
7612,4113
7613,4108
7614,4110
7615,4098
7616,4106
7617,4101
7618,4092
7619,4101
7620,4099
7621,4077
7622,4098
7623,4077
7624,4089
7625,4077
7626,4098
7627,4093
7628,4101
7629,4101
7630,4101
7631,4092
7632,4099
7633,4117
7634,4089
7635,4112
7636,4095
7637,4117
7638,4101
7639,4117
7640,4112
7641,4117
7642,4119
7643,4103
7644,4109
7645,4123
7646,4120
7647,4134
7648,4122
7649,4120
7650,4134
7651,4142
7652,4144
7653,4122
7654,4133
7655,4122
7656,4144
7657,4122
7658,4134
7659,4132
7660,4121
7661,4132
7662,4119
7663,4148
7664,4143
7665,4143
7666,4148
7667,4143
7668,4146
7669,4143
7670,4154
7671,4170
7672,4163
7673,4170
7674,4163
7675,4158
7676,4176
7677,4179
7678,4175
7679,4189
7680,4180
7681,4168
7682,4173
7683,4190
7684,4177
7685,4190
7686,4173
7687,4174
7688,4190
7689,4184
7690,4177
7691,4190
7692,4189
7693,4187
7694,4185
7695,4195
7696,4187
7697,4173
7698,4179
7699,4188
7700,4179
7701,4180
7702,4179
7703,4177
7704,4183
7705,4172
7706,4169
7707,4183
7708,4183
7709,4181
7710,4189
7711,4185
7712,4189
7713,4191
7714,4176
7715,4154
7716,4172
7717,4188
7718,4154
7719,4199
7720,4201
7721,4196
7722,4198
7723,4198
7724,4196
7725,4201
7726,4200
7727,4196
7728,4201
7729,4198
7730,4196
7731,4198
7732,4179
7733,4196
7734,4201
7735,4198
7736,4198
7737,4196
7738,4161
7739,4191
7740,4201
7741,4196
7742,4198
7743,4196
7744,4201
7745,4191
7746,4198
7747,4199
7748,4216
7749,4208
7750,4216
7751,4199
7752,4193
7753,4200
7754,4200
7755,4202
7756,4193
7757,4191
7758,4198
7759,4187
7760,4204
7761,4198
7762,4213
7763,4198
7764,4187
7765,4204
7766,4198
7767,4187
7768,4198
7769,4195
7770,4216
7771,4216
7772,4209
7773,4221
7774,4226
7775,4231
7776,4229
7777,4226
7778,4226
7779,4236
7780,4222
7781,4233
7782,4244
7783,4222
7784,4241
7785,4244
7786,4232
7787,4222
7788,4238
7789,4242
7790,4219
7791,4242
7792,4253
7793,4267
7794,4257
7795,4267
7796,4267
7797,4267
7798,4267
7799,4234
7800,4257
7801,4267
7802,4267
7803,4234
7804,4267
7805,4267
7806,4246
7807,4267
7808,4275
7809,4239
7810,4275
7811,4239
7812,4259
7813,4248
7814,4258
7815,4267
7816,4259
7817,4266
7818,4259
7819,4258
7820,4259
7821,4248
7822,4280
7823,4285
7824,4277
7825,4274
7826,4285
7827,4273
7828,4264
7829,4274
7830,4277
7831,4285
7832,4280
7833,4259
7834,4258
7835,4259
7836,4248
7837,4259
7838,4266
7839,4270
7840,4274
7841,4285
7842,4277
7843,4265
7844,4274
7845,4285
7846,4277
7847,4282
7848,4239
7849,4282
7850,4264
7851,4287
7852,4258
7853,4287
7854,4287
7855,4283
7856,4287
7857,4284
7858,4303
7859,4302
7860,4285
7861,4308
7862,4296
7863,4304
7864,4315
7865,4308
7866,4305
7867,4296
7868,4308
7869,4315
7870,4296
7871,4308
7872,4305
7873,4315
7874,4300
7875,4287
7876,4294
7877,4298
7878,4317
7879,4298
7880,4308
7881,4276
7882,4296
7883,4290
7884,4287
7885,4317
7886,4290
7887,4309
7888,4302
7889,4280
7890,4288
7891,4303
7892,4312
7893,4300
7894,4314
7895,4312
7896,4307
7897,4297
7898,4312
7899,4303
7900,4302
7901,4294
7902,4267
7903,4302
7904,4280
7905,4294
7906,4302
7907,4279
7908,4302
7909,4267
7910,4280
7911,4302
7912,4308
7913,4317
7914,4311
7915,4317
7916,4297
7917,4298
7918,4317
7919,4307
7920,4277
7921,4297
7922,4293
7923,4299
7924,4318
7925,4310
7926,4300
7927,4323
7928,4318
7929,4310
7930,4318
7931,4311
7932,4332
7933,4324
7934,4330
7935,4332
7936,4327
7937,4332
7938,4330
7939,4324
7940,4327
7941,4332
7942,4332
7943,4330
7944,4332
7945,4324
7946,4331
7947,4317
7948,4332
7949,4323
7950,4317
7951,4317
7952,4314
7953,4340
7954,4344
7955,4327
7956,4340
7957,4330
7958,4338
7959,4321
7960,4338
7961,4323
7962,4332
7963,4332
7964,4328
7965,4345
7966,4332
7967,4332
7968,4345
7969,4328
7970,4332
7971,4347
7972,4332
7973,4355
7974,4345
7975,4335
7976,4332
7977,4355
7978,4338
7979,4349
7980,4343
7981,4343
7982,4342
7983,4334
7984,4329
7985,4344
7986,4354
7987,4338
7988,4329
7989,4354
7990,4337
7991,4331
7992,4342
7993,4329
7994,4327
7995,4326
7996,4342
7997,4342
7998,4327
7999,4342
8000,4327
8001,4342
8002,4326
8003,4342
8004,4327
8005,4342
8006,4335
8007,4333
8008,4347
8009,4333
8010,4305
8011,4339
8012,4347
8013,4333
8014,4347
8015,4333
8016,4342
8017,4337
8018,4341
8019,4337
8020,4335
8021,4341
8022,4337
8023,4335
8024,4341
8025,4337
8026,4341
8027,4351
8028,4348
8029,4349
8030,4355
8031,4352
8032,4318
8033,4351
8034,4356
8035,4360
8036,4364
8037,4363
8038,4332
8039,4338
8040,4363
8041,4364
8042,4332
8043,4363
8044,4364
8045,4332
8046,4352
8047,4365
8048,4352
8049,4352
8050,4351
8051,4343
8052,4331
8053,4352
8054,4351
8055,4331
8056,4352
8057,4351
8058,4365
8059,4332
8060,4363
8061,4364
8062,4332
8063,4349
8064,4354
8065,4372
8066,4351
8067,4372
8068,4361
8069,4354
8070,4360
8071,4351
8072,4343
8073,4352
8074,4351
8075,4347
8076,4333
8077,4339
8078,4333
8079,4347
8080,4333
8081,4347
8082,4305
8083,4333
8084,4347
8085,4342
8086,4341
8087,4335
8088,4337
8089,4339
8090,4338
8091,4346
8092,4347
8093,4352
8094,4349
8095,4342
8096,4335
8097,4324
8098,4340
8099,4341
8100,4338
8101,4340
8102,4349
8103,4340
8104,4349
8105,4341
8106,4340
8107,4342
8108,4340
8109,4341
8110,4338
8111,4330
8112,4342
8113,4340
8114,4341
8115,4340
8116,4338
8117,4330
8118,4342
8119,4340
8120,4344
8121,4344
8122,4335
8123,4350
8124,4344
8125,4315
8126,4344
8127,4352
8128,4315
8129,4344
8130,4335
8131,4359
8132,4322
8133,4353
8134,4348
8135,4370
8136,4371
8137,4371
8138,4348
8139,4364
8140,4371
8141,4371
8142,4348
8143,4361
8144,4384
8145,4380
8146,4383
8147,4380
8148,4383
8149,4363
8150,4380
8151,4383
8152,4380
8153,4383
8154,4384
8155,4386
8156,4391
8157,4386
8158,4391
8159,4376
8160,4371
8161,4362
8162,4371
8163,4348
8164,4360
8165,4352
8166,4363
8167,4359
8168,4345
8169,4359
8170,4352
8171,4363
8172,4374
8173,4362
8174,4378
8175,4341
8176,4383
8177,4388
8178,4369
8179,4384
8180,4404
8181,4408
8182,4397
8183,4393
8184,4408
8185,4393
8186,4397
8187,4408
8188,4400
8189,4393
8190,4369
8191,4408
8192,4397
8193,4393
8194,4408
8195,4397
8196,4408
8197,4399
8198,4397
8199,4408
8200,4393
8201,4413
8202,4413
8203,4418
8204,4419
8205,4384
8206,4410
8207,4412
8208,4422
8209,4403
8210,4419
8211,4410
8212,4408
8213,4418
8214,4406
8215,4422
8216,4412
8217,4413
8218,4408
8219,4399
8220,4408
8221,4378
8222,4408
8223,4399
8224,4408
8225,4379
8226,4408
8227,4399
8228,4410
8229,4405
8230,4417
8231,4397
8232,4413
8233,4417
8234,4400
8235,4417
8236,4412
8237,4417
8238,4424
8239,4419
8240,4417
8241,4422
8242,4406
8243,4368
8244,4417
8245,4396
8246,4423
8247,4404
8248,4424
8249,4423
8250,4431
8251,4413
8252,4427
8253,4436
8254,4418
8255,4436
8256,4413
8257,4427
8258,4413
8259,4439
8260,4430
8261,4432
8262,4430
8263,4437
8264,4430
8265,4430
8266,4433
8267,4437
8268,4442
8269,4430
8270,4432
8271,4434
8272,4430
8273,4446
8274,4422
8275,4450
8276,4442
8277,4433
8278,4450
8279,4454
8280,4464
8281,4429
8282,4453
8283,4430
8284,4449
8285,4444
8286,4452
8287,4460
8288,4434
8289,4452
8290,4460
8291,4421
8292,4472
8293,4442
8294,4475
8295,4483
8296,4462
8297,4467
8298,4483
8299,4467
8300,4483
8301,4495
8302,4487
8303,4469
8304,4498
8305,4504
8306,4508
8307,4505
8308,4498
8309,4508
8310,4505
8311,4508
8312,4505
8313,4498
8314,4508
8315,4505
8316,4493
8317,4498
8318,4490
8319,4500
8320,4500
8321,4470
8322,4487
8323,4500
8324,4492
8325,4475
8326,4490
8327,4502
8328,4475
8329,4479
8330,4498
8331,4465
8332,4498
8333,4498
8334,4484
8335,4510
8336,4503
8337,4493
8338,4510
8339,4515
8340,4492
8341,4484
8342,4515
8343,4510
8344,4501
8345,4515
8346,4510
8347,4499
8348,4515
8349,4492
8350,4510
8351,4499
8352,4524
8353,4518
8354,4517
8355,4495
8356,4501
8357,4499
8358,4523
8359,4505
8360,4510
8361,4515
8362,4499
8363,4510
8364,4515
8365,4508
8366,4495
8367,4482
8368,4495
8369,4487
8370,4496
8371,4508
8372,4510
8373,4518
8374,4508
8375,4523
8376,4508
8377,4470
8378,4523
8379,4499
8380,4504
8381,4504
8382,4519
8383,4504
8384,4500
8385,4522
8386,4496
8387,4524
8388,4493
8389,4528
8390,4535
8391,4509
8392,4500
8393,4498
8394,4523
8395,4528
8396,4523
8397,4522
8398,4523
8399,4521
8400,4499
8401,4522
8402,4524
8403,4499
8404,4487
8405,4524
8406,4499
8407,4522
8408,4513
8409,4524
8410,4539
8411,4524
8412,4510
8413,4524
8414,4527
8415,4542
8416,4529
8417,4539
8418,4545
8419,4526
8420,4517
8421,4541
8422,4562
8423,4513
8424,4550
8425,4550
8426,4562
8427,4528
8428,4570
8429,4524
8430,4555
8431,4578
8432,4584
8433,4563
8434,4575
8435,4585
8436,4547
8437,4583
8438,4577
8439,4594
8440,4588
8441,4594
8442,4577
8443,4591
8444,4567
8445,4591
8446,4589
8447,4547
8448,4591
8449,4591
8450,4594
8451,4538
8452,4602
8453,4597
8454,4609
8455,4596
8456,4569
8457,4585
8458,4584
8459,4596
8460,4569
8461,4611
8462,4604
8463,4605
8464,4613
8465,4612
8466,4605
8467,4613
8468,4612
8469,4605
8470,4604
8471,4613
8472,4601
8473,4602
8474,4597
8475,4538
8476,4602
8477,4589
8478,4538
8479,4597
8480,4602
8481,4597
8482,4537
8483,4582
8484,4566
8485,4608
8486,4595
8487,4594
8488,4581
8489,4589
8490,4569
8491,4597
8492,4551
8493,4602
8494,4581
8495,4602
8496,4583
8497,4591
8498,4581
8499,4602
8500,4581
8501,4602
8502,4584
8503,4582
8504,4595
8505,4583
8506,4570
8507,4582
8508,4583
8509,4548
8510,4594
8511,4599
8512,4583
8513,4599
8514,4591
8515,4599
8516,4591
8517,4585
8518,4599
8519,4599
8520,4583
8521,4590
8522,4591
8523,4599
8524,4585
8525,4599
8526,4591
8527,4599
8528,4599
8529,4591
8530,4583
8531,4570
8532,4604
8533,4595
8534,4591
8535,4589
8536,4570
8537,4615
8538,4608
8539,4614
8540,4602
8541,4620
8542,4622
8543,4627
8544,4614
8545,4603
8546,4592
8547,4630
8548,4611
8549,4594
8550,4633
8551,4613
8552,4633
8553,4615
8554,4633
8555,4629
8556,4630
8557,4635
8558,4619
8559,4647
8560,4642
8561,4647
8562,4625
8563,4642
8564,4625
8565,4642
8566,4615
8567,4647
8568,4642
8569,4625
8570,4636
8571,4635
8572,4632
8573,4620
8574,4632
8575,4635
8576,4632
8577,4648
8578,4644
8579,4644
8580,4645
8581,4619
8582,4644
8583,4635
8584,4645
8585,4615
8586,4642
8587,4627
8588,4614
8589,4648
8590,4642
8591,4627
8592,4614
8593,4646
8594,4649
8595,4610
8596,4644
8597,4649
8598,4643
8599,4644
8600,4660
8601,4658
8602,4640
8603,4660
8604,4642
8605,4660
8606,4658
8607,4660
8608,4628
8609,4664
8610,4630
8611,4635
8612,4664
8613,4655
8614,4652
8615,4670
8616,4645
8617,4663
8618,4670
8619,4673
8620,4665
8621,4680
8622,4675
8623,4669
8624,4675
8625,4683
8626,4647
8627,4670
8628,4637
8629,4664
8630,4679
8631,4654
8632,4679
8633,4680
8634,4697
8635,4699
8636,4694
8637,4698
8638,4700
8639,4689
8640,4705
8641,4710
8642,4700
8643,4704
8644,4689
8645,4690
8646,4690
8647,4677
8648,4689
8649,4675
8650,4690
8651,4685
8652,4711
8653,4705
8654,4698
8655,4711
8656,4700
8657,4668
8658,4703
8659,4684
8660,4690
8661,4706
8662,4714
8663,4707
8664,4699
8665,4690
8666,4705
8667,4698
8668,4697
8669,4709
8670,4705
8671,4715
8672,4715
8673,4692
8674,4704
8675,4715
8676,4701
8677,4715
8678,4700
8679,4723
8680,4724
8681,4707
8682,4720
8683,4694
8684,4707
8685,4720
8686,4724
8687,4720
8688,4704
8689,4733
8690,4724
8691,4729
8692,4734
8693,4725
8694,4719
8695,4729
8696,4734
8697,4729
8698,4720
8699,4703
8700,4703
8701,4715
8702,4703
8703,4703
8704,4705
8705,4710
8706,4725
8707,4729
8708,4707
8709,4703
8710,4715
8711,4733
8712,4733
8713,4720
8714,4733
8715,4720
8716,4733
8717,4707
8718,4733
8719,4729
8720,4733
8721,4733
8722,4715
8723,4733
8724,4706
8725,4745
8726,4745
8727,4757
8728,4723
8729,4732
8730,4753
8731,4742
8732,4735
8733,4724
8734,4753
8735,4742
8736,4705
8737,4750
8738,4741
8739,4734
8740,4745
8741,4750
8742,4741
8743,4717
8744,4739
8745,4750
8746,4745
8747,4728
8748,4739
8749,4750
8750,4750
8751,4749
8752,4758
8753,4727
8754,4749
8755,4740
8756,4758
8757,4730
8758,4723
8759,4757
8760,4738
8761,4734
8762,4755
8763,4755
8764,4755
8765,4748
8766,4755
8767,4738
8768,4722
8769,4757
8770,4723
8771,4755
8772,4738
8773,4747
8774,4733
8775,4682
8776,4758
8777,4745
8778,4753
8779,4759
8780,4760
8781,4775
8782,4717
8783,4772
8784,4760
8785,4750
8786,4769
8787,4763
8788,4769
8789,4768
8790,4763
8791,4773
8792,4769
8793,4762
8794,4763
8795,4771
8796,4765
8797,4762
8798,4763
8799,4771
8800,4763
8801,4771
8802,4762
8803,4763
8804,4763
8805,4771
8806,4763
8807,4762
8808,4771
8809,4763
8810,4734
8811,4752
8812,4784
8813,4768
8814,4754
8815,4748
8816,4755
8817,4754
8818,4750
8819,4765
8820,4759
8821,4745
8822,4748
8823,4759
8824,4750
8825,4748
8826,4763
8827,4748
8828,4775
8829,4772
8830,4763
8831,4775
8832,4759
8833,4763
8834,4748
8835,4759
8836,4750
8837,4760
8838,4777
8839,4774
8840,4776
8841,4759
8842,4790
8843,4794
8844,4777
8845,4750
8846,4772
8847,4749
8848,4783
8849,4783
8850,4778
8851,4780
8852,4757
8853,4780
8854,4782
8855,4780
8856,4785
8857,4782
8858,4780
8859,4793
8860,4798
8861,4775
8862,4786
8863,4798
8864,4798
8865,4807
8866,4812
8867,4798
8868,4815
8869,4813
8870,4807
8871,4813
8872,4817
8873,4805
8874,4815
8875,4813
8876,4816
8877,4809
8878,4810
8879,4809
8880,4804
8881,4809
8882,4810
8883,4809
8884,4800
8885,4813
8886,4819
8887,4817
8888,4787
8889,4838
8890,4839
8891,4830
8892,4853
8893,4834
8894,4853
8895,4838
8896,4853
8897,4834
8898,4853
8899,4853
8900,4844
8901,4839
8902,4833
8903,4812
8904,4852
8905,4843
8906,4822
8907,4828
8908,4843
8909,4822
8910,4853
8911,4839
8912,4859
8913,4855
8914,4858
8915,4839
8916,4825
8917,4859
8918,4855
8919,4839
8920,4859
8921,4855
8922,4839
8923,4859
8924,4825
8925,4839
8926,4855
8927,4858
8928,4859
8929,4865
8930,4814
8931,4865
8932,4859
8933,4858
8934,4869
8935,4860
8936,4848
8937,4877
8938,4880
8939,4880
8940,4880
8941,4880
8942,4857
8943,4880
8944,4880
8945,4865
8946,4880
8947,4880
8948,4880
8949,4880
8950,4870
8951,4882
8952,4879
8953,4864
8954,4875
8955,4870
8956,4887
8957,4889
8958,4888
8959,4889
8960,4870
8961,4870
8962,4870
8963,4870
8964,4829
8965,4870
8966,4870
8967,4870
8968,4870
8969,4874
8970,4890
8971,4872
8972,4879
8973,4878
8974,4880
8975,4872
8976,4890
8977,4878
8978,4879
8979,4880
8980,4872
8981,4878
8982,4890
8983,4890
8984,4902
8985,4884
8986,4889
8987,4902
8988,4884
8989,4889
8990,4880
8991,4884
8992,4902
8993,4889
8994,4887
8995,4885
8996,4897
8997,4887
8998,4838
8999,4885
9000,4884
9001,4885
9002,4887
9003,4904
9004,4908
9005,4893
9006,4909
9007,4895
9008,4908
9009,4909
9010,4908
9011,4893
9012,4887
9013,4880
9014,4904
9015,4894
9016,4884
9017,4904
9018,4905
9019,4897
9020,4920
9021,4909
9022,4912
9023,4888
9024,4903
9025,4912
9026,4907
9027,4903
9028,4912
9029,4903
9030,4907
9031,4912
9032,4878
9033,4903
9034,4912
9035,4909
9036,4915
9037,4934
9038,4915
9039,4943
9040,4908
9041,4940
9042,4928
9043,4934
9044,4912
9045,4913
9046,4903
9047,4935
9048,4928
9049,4934
9050,4907
9051,4915
9052,4932
9053,4924
9054,4944
9055,4945
9056,4943
9057,4945
9058,4944
9059,4945
9060,4943
9061,4945
9062,4945
9063,4913
9064,4943
9065,4943
9066,4948
9067,4939
9068,4935
9069,4945
9070,4945
9071,4943
9072,4945
9073,4944
9074,4945
9075,4943
9076,4945
9077,4945
9078,4943
9079,4932
9080,4938
9081,4947
9082,4958
9083,4945
9084,4950
9085,4958
9086,4948
9087,4940
9088,4919
9089,4924
9090,4940
9091,4940
9092,4940
9093,4924
9094,4940
9095,4940
9096,4924
9097,4940
9098,4938
9099,4940
9100,4924
9101,4954
9102,4947
9103,4949
9104,4955
9105,4947
9106,4949
9107,4955
9108,4947
9109,4955
9110,4949
9111,4950
9112,4950
9113,4963
9114,4950
9115,4940
9116,4950
9117,4947
9118,4955
9119,4949
9120,4940
9121,4893
9122,4933
9123,4939
9124,4929
9125,4933
9126,4953
9127,4958
9128,4947
9129,4958
9130,4939
9131,4958
9132,4933
9133,4945
9134,4949
9135,4953
9136,4954
9137,4940
9138,4924
9139,4940
9140,4940
9141,4924
9142,4940
9143,4914
9144,4940
9145,4938
9146,4940
9147,4924
9148,4940
9149,4940
9150,4924
9151,4940
9152,4959
9153,4967
9154,4966
9155,4955
9156,4958
9157,4966
9158,4973
9159,4981
9160,4968
9161,4972
9162,4981
9163,4975
9164,4942
9165,4964
9166,4980
9167,4972
9168,4964
9169,4980
9170,4973
9171,4958
9172,4959
9173,4945
9174,4960
9175,4958
9176,4959
9177,4965
9178,4966
9179,4967
9180,4958
9181,4955
9182,4966
9183,4967
9184,4973
9185,4981
9186,4975
9187,4972
9188,4981
9189,4968
9190,4942
9191,4980
9192,4964
9193,4974
9194,4966
9195,4967
9196,4958
9197,4966
9198,4955
9199,4967
9200,4966
9201,4958
9202,4958
9203,4966
9204,4967
9205,4955
9206,4966
9207,4965
9208,4945
9209,4958
9210,4959
9211,4958
9212,4960
9213,4959
9214,4973
9215,4964
9216,4980
9217,4972
9218,4964
9219,4980
9220,4942
9221,4981
9222,4968
9223,4972
9224,4981
9225,4975
9226,4973
9227,4958
9228,4966
9229,4967
9230,4966
9231,4955
9232,4967
9233,4965
9234,4958
9235,4953
9236,4950
9237,4958
9238,4950
9239,4966
9240,4965
9241,4913
9242,4945
9243,4965
9244,4958
9245,4965
9246,4965
9247,4956
9248,4958
9249,4970
9250,4979
9251,4962
9252,4974
9253,4977
9254,4949
9255,4989
9256,4989
9257,4965
9258,4980
9259,4995
9260,4973
9261,4964
9262,4988
9263,4949
9264,4949
9265,4987
9266,4985
9267,4987
9268,4987
9269,4985
9270,4985
9271,4987
9272,4980
9273,4985
9274,4990
9275,4992
9276,4995
9277,4959
9278,4994
9279,4992
9280,4994
9281,4980
9282,4994
9283,4992
9284,4949
9285,5005
9286,5000
9287,4998
9288,4998
9289,4974
9290,4998
9291,4975
9292,4998
9293,5004
9294,4974
9295,4998
9296,4995
9297,4983
9298,5003
9299,4979
9300,5002
9301,4990
9302,4998
9303,4990
9304,4984
9305,4990
9306,4998
9307,4990
9308,4988
9309,4998
9310,4990
9311,5002
9312,5013
9313,4985
9314,4988
9315,4970
9316,4985
9317,4988
9318,4997
9319,4995
9320,5022
9321,4997
9322,5013
9323,4997
9324,5005
9325,5012
9326,5006
9327,4994
9328,5001
9329,5006
9330,4994
9331,5021
9332,5025
9333,5025
9334,5014
9335,5017
9336,4989
9337,5025
9338,4994
9339,5011
9340,5025
9341,5005
9342,5027
9343,5016
9344,5025
9345,5027
9346,5014
9347,5016
9348,5024
9349,5027
9350,5014
9351,5016
9352,5027
9353,5025
9354,5017
9355,5023
9356,5017
9357,5005
9358,5025
9359,5024
9360,5025
9361,5014
9362,5000
9363,5025
9364,5024
9365,4999
9366,4990
9367,5025
9368,5008
9369,5018
9370,5018
9371,5017
9372,4961
9373,5018
9374,5027
9375,5027
9376,4985
9377,5020
9378,4985
9379,5027
9380,5004
9381,5020
9382,4985
9383,5027
9384,4985
9385,5010
9386,4985
9387,5027
9388,5020
9389,5034
9390,5028
9391,5015
9392,5047
9393,5047
9394,5024
9395,5047
9396,5049
9397,5053
9398,5061
9399,5063
9400,5068
9401,5051
9402,5036
9403,5039
9404,5036
9405,5037
9406,5060
9407,5062
9408,5067
9409,5050
9410,5066
9411,5059
9412,5075
9413,5080
9414,5068
9415,5060
9416,5059
9417,5085
9418,5074
9419,5085
9420,5085
9421,5053
9422,5074
9423,5085
9424,5085
9425,5063
9426,5074
9427,5085
9428,5085
9429,5074
9430,5085
9431,5069
9432,5076
9433,5070
9434,5065
9435,5085
9436,5084
9437,5067
9438,5082
9439,5085
9440,5080
9441,5060
9442,5087
9443,5074
9444,5095
9445,5093
9446,5090
9447,5095
9448,5074
9449,5095
9450,5093
9451,5078
9452,5082
9453,5085
9454,5075
9455,5082
9456,5084
9457,5075
9458,5082
9459,5085
9460,5054
9461,5080
9462,5080
9463,5088
9464,5099
9465,5092
9466,5099
9467,5088
9468,5091
9469,5110
9470,5104
9471,5105
9472,5094
9473,5090
9474,5108
9475,5097
9476,5115
9477,5113
9478,5113
9479,5118
9480,5109
9481,5110
9482,5115
9483,5100
9484,5112
9485,5109
9486,5097
9487,5110
9488,5129
9489,5107
9490,5125
9491,5129
9492,5131
9493,5125
9494,5129
9495,5134
9496,5128
9497,5132
9498,5132
9499,5132
9500,5123
9501,5133
9502,5065
9503,5123
9504,5128
9505,5123
9506,5133
9507,5132
9508,5099
9509,5150
9510,5119
9511,5152
9512,5153
9513,5117
9514,5152
9515,5145
9516,5147
9517,5109
9518,5147
9519,5134
9520,5156
9521,5159
9522,5164
9523,5150
9524,5168
9525,5164
9526,5155
9527,5164
9528,5158
9529,5162
9530,5171
9531,5154
9532,5164
9533,5164
9534,5168
9535,5174
9536,5152
9537,5182
9538,5165
9539,5170
9540,5173
9541,5150
9542,5165
9543,5189
9544,5190
9545,5189
9546,5170
9547,5190
9548,5186
9549,5183
9550,5193
9551,5183
9552,5180
9553,5193
9554,5183
9555,5188
9556,5183
9557,5193
9558,5203
9559,5199
9560,5183
9561,5178
9562,5193
9563,5187
9564,5188
9565,5183
9566,5193
9567,5195
9568,5209
9569,5210
9570,5209
9571,5214
9572,5224
9573,5211
9574,5185
9575,5178
9576,5179
9577,5215
9578,5170
9579,5216
9580,5179
9581,5185
9582,5215
9583,5195
9584,5166
9585,5199
9586,5193
9587,5184
9588,5215
9589,5185
9590,5193
9591,5201
9592,5216
9593,5210
9594,5160
9595,5216
9596,5210
9597,5216
9598,5160
9599,5210
9600,5219
9601,5215
9602,5185
9603,5174
9604,5215
9605,5202
9606,5174
9607,5200
9608,5224
9609,5229
9610,5224
9611,5208
9612,5224
9613,5220
9614,5224
9615,5194
9616,5200
9617,5204
9618,5206
9619,5174
9620,5200
9621,5190
9622,5190
9623,5200
9624,5204
9625,5205
9626,5224
9627,5174
9628,5199
9629,5218
9630,5216
9631,5208
9632,5233
9633,5232
9634,5230
9635,5237
9636,5229
9637,5250
9638,5229
9639,5250
9640,5250
9641,5229
9642,5228
9643,5202
9644,5250
9645,5229
9646,5250
9647,5224
9648,5238
9649,5227
9650,5250
9651,5227
9652,5238
9653,5244
9654,5228
9655,5238
9656,5228
9657,5238
9658,5249
9659,5250
9660,5235
9661,5230
9662,5253
9663,5259
9664,5244
9665,5269
9666,5239
9667,5255
9668,5268
9669,5243
9670,5255
9671,5260
9672,5270
9673,5279
9674,5274
9675,5271
9676,5279
9677,5265
9678,5268
9679,5274
9680,5279
9681,5274
9682,5249
9683,5282
9684,5265
9685,5270
9686,5280
9687,5268
9688,5249
9689,5235
9690,5276
9691,5264
9692,5268
9693,5249
9694,5268
9695,5271
9696,5284
9697,5274
9698,5284
9699,5285
9700,5285
9701,5294
9702,5269
9703,5257
9704,5289
9705,5298
9706,5304
9707,5285
9708,5304
9709,5304
9710,5278
9711,5304
9712,5318
9713,5323
9714,5305
9715,5323
9716,5305
9717,5313
9718,5301
9719,5313
9720,5315
9721,5313
9722,5301
9723,5304
9724,5313
9725,5290
9726,5301
9727,5313
9728,5301
9729,5310
9730,5334
9731,5258
9732,5338
9733,5340
9734,5336
9735,5340
9736,5338
9737,5336
9738,5344
9739,5338
9740,5336
9741,5351
9742,5360
9743,5344
9744,5355
9745,5361
9746,5355
9747,5355
9748,5364
9749,5321
9750,5355
9751,5359
9752,5378
9753,5355
9754,5383
9755,5374
9756,5361
9757,5383
9758,5374
9759,5383
9760,5361
9761,5374
9762,5355
9763,5370
9764,5370
9765,5355
9766,5353
9767,5361
9768,5364
9769,5369
9770,5355
9771,5369
9772,5364
9773,5355
9774,5369
9775,5364
9776,5355
9777,5369
9778,5369
9779,5370
9780,5369
9781,5378
9782,5356
9783,5345
9784,5375
9785,5358
9786,5368
9787,5366
9788,5380
9789,5368
9790,5372
9791,5365
9792,5375
9793,5384
9794,5385
9795,5400
9796,5396
9797,5384
9798,5384
9799,5384
9800,5384
9801,5390
9802,5384
9803,5390
9804,5384
9805,5400
9806,5389
9807,5393
9808,5389
9809,5394
9810,5389
9811,5393
9812,5389
9813,5399
9814,5388
9815,5381
9816,5388
9817,5399
9818,5389
9819,5385
9820,5389
9821,5369
9822,5405
9823,5370
9824,5380
9825,5405
9826,5400
9827,5396
9828,5380
9829,5370
9830,5396
9831,5369
9832,5389
9833,5389
9834,5393
9835,5394
9836,5406
9837,5414
9838,5366
9839,5414
9840,5380
9841,5410
9842,5406
9843,5399
9844,5385
9845,5399
9846,5406
9847,5403
9848,5410
9849,5418
9850,5419
9851,5419
9852,5408
9853,5405
9854,5419
9855,5409
9856,5419
9857,5408
9858,5419
9859,5416
9860,5366
9861,5398
9862,5416
9863,5398
9864,5385
9865,5425
9866,5428
9867,5395
9868,5441
9869,5448
9870,5432
9871,5437
9872,5433
9873,5445
9874,5432
9875,5430
9876,5438
9877,5432
9878,5433
9879,5437
9880,5432
9881,5445
9882,5433
9883,5438
9884,5432
9885,5455
9886,5451
9887,5454
9888,5454
9889,5465
9890,5431
9891,5464
9892,5452
9893,5469
9894,5431
9895,5446
9896,5469
9897,5469
9898,5466
9899,5459
9900,5463
9901,5454
9902,5435
9903,5473
9904,5463
9905,5470
9906,5476
9907,5471
9908,5464
9909,5475
9910,5456
9911,5471
9912,5476
9913,5471
9914,5473
9915,5471
9916,5476
9917,5456
9918,5471
9919,5475
9920,5476
9921,5471
9922,5451
9923,5473
9924,5480
9925,5453
9926,5464
9927,5476
9928,5475
9929,5471
9930,5465
9931,5476
9932,5471
9933,5464
9934,5476
9935,5469
9936,5469
9937,5446
9938,5469
9939,5466
9940,5469
9941,5446
9942,5469
9943,5448
9944,5446
9945,5469
9946,5466
9947,5469
9948,5446
9949,5469
9950,5436
9951,5430
9952,5475
9953,5446
9954,5463
9955,5408
9956,5475
9957,5459
9958,5460
9959,5471
9960,5474
9961,5474
9962,5460
9963,5488
9964,5484
9965,5495
9966,5501
9967,5491
9968,5498
9969,5500
9970,5500
9971,5500
9972,5490
9973,5505
9974,5498
9975,5509
9976,5515
9977,5499
9978,5509
9979,5488
9980,5483
9981,5499
9982,5509
9983,5499
9984,5508
9985,5495
9986,5495
9987,5531
9988,5518
9989,5495
9990,5531
9991,5495
9992,5512
9993,5534
9994,5527
9995,5530
9996,5534
9997,5519
9998,5535
9999,5532
10000,5543
10001,5544
10002,5524
10003,5544
10004,5554
10005,5545
10006,5543
10007,5540
10008,5530
10009,5558
10010,5545
10011,5530
10012,5518
10013,5545
10014,5528
10015,5558
10016,5550
10017,5524
10018,5533
10019,5559
10020,5565
10021,5570
10022,5571
10023,5574
10024,5559
10025,5574
10026,5565
10027,5574
10028,5571
10029,5559
10030,5574
10031,5568
10032,5589
10033,5549
10034,5573
10035,5589
10036,5578
10037,5589
10038,5589
10039,5569
10040,5589
10041,5569
10042,5564
10043,5574
10044,5559
10045,5562
10046,5550
10047,5534
10048,5559
10049,5558
10050,5570
10051,5574
10052,5559
10053,5571
10054,5574
10055,5574
10056,5559
10057,5571
10058,5565
10059,5574
10060,5574
10061,5559
10062,5571
10063,5574
10064,5568
10065,5589
10066,5573
10067,5578
10068,5589
10069,5589
10070,5559
10071,5589
10072,5573
10073,5569
10074,5559
10075,5574
10076,5574
10077,5571
10078,5568
10079,5589
10080,5578
10081,5573
10082,5589
10083,5589
10084,5578
10085,5589
10086,5573
10087,5590
10088,5589
10089,5600
10090,5598
10091,5602
10092,5594
10093,5598
10094,5594
10095,5591
10096,5596
10097,5587
10098,5609
10099,5570
10100,5603
10101,5585
10102,5586
10103,5585
10104,5604
10105,5603
10106,5599
10107,5604
10108,5603
10109,5590
10110,5603
10111,5613
10112,5604
10113,5613
10114,5603
10115,5604
10116,5599
10117,5614
10118,5611
10119,5603
10120,5604
10121,5603
10122,5611
10123,5610
10124,5614
10125,5600
10126,5610
10127,5614
10128,5606
10129,5618
10130,5614
10131,5623
10132,5609
10133,5623
10134,5639
10135,5625
10136,5608
10137,5618
10138,5613
10139,5621
10140,5618
10141,5619
10142,5618
10143,5633
10144,5630
10145,5633
10146,5619
10147,5625
10148,5619
10149,5630
10150,5623
10151,5616
10152,5633
10153,5616
10154,5615
10155,5644
10156,5619
10157,5645
10158,5610
10159,5626
10160,5626
10161,5645
10162,5644
10163,5618
10164,5626
10165,5644
10166,5645
10167,5644
10168,5626
10169,5645
10170,5644
10171,5653
10172,5658
10173,5641
10174,5649
10175,5658
10176,5641
10177,5649
10178,5638
10179,5653
10180,5645
10181,5653
10182,5644
10183,5640
10184,5653
10185,5653
10186,5635
10187,5625
10188,5635
10189,5633
10190,5635
10191,5625
10192,5635
10193,5635
10194,5633
10195,5640
10196,5645
10197,5653
10198,5659
10199,5648
10200,5643
10201,5639
10202,5646
10203,5639
10204,5614
10205,5658
10206,5639
10207,5621
10208,5614
10209,5639
10210,5610
10211,5658
10212,5655
10213,5643
10214,5665
10215,5646
10216,5649
10217,5665
10218,5646
10219,5651
10220,5665
10221,5646
10222,5648
10223,5664
10224,5671
10225,5645
10226,5671
10227,5664
10228,5660
10229,5645
10230,5680
10231,5670
10232,5671
10233,5680
10234,5670
10235,5671
10236,5680
10237,5680
10238,5671
10239,5664
10240,5645
10241,5648
10242,5665
10243,5646
10244,5646
10245,5665
10246,5665
10247,5629
10248,5665
10249,5646
10250,5646
10251,5665
10252,5663
10253,5676
10254,5646
10255,5685
10256,5679
10257,5694
10258,5694
10259,5689
10260,5694
10261,5694
10262,5689
10263,5694
10264,5694
10265,5681
10266,5684
10267,5675
10268,5684
10269,5684
10270,5680
10271,5684
10272,5685
10273,5684
10274,5674
10275,5694
10276,5689
10277,5694
10278,5679
10279,5694
10280,5680
10281,5685
10282,5694
10283,5694
10284,5678
10285,5678
10286,5689
10287,5679
10288,5685
10289,5683
10290,5679
10291,5689
10292,5678
10293,5689
10294,5680
10295,5668
10296,5689
10297,5678
10298,5689
10299,5681
10300,5691
10301,5680
10302,5693
10303,5663
10304,5695
10305,5685
10306,5700
10307,5695
10308,5691
10309,5695
10310,5685
10311,5700
10312,5681
10313,5691
10314,5693
10315,5700
10316,5703
10317,5693
10318,5700
10319,5691
10320,5675
10321,5688
10322,5704
10323,5681
10324,5688
10325,5673
10326,5702
10327,5681
10328,5694
10329,5702
10330,5698
10331,5700
10332,5698
10333,5684
10334,5685
10335,5696
10336,5705
10337,5684
10338,5685
10339,5700
10340,5690
10341,5681
10342,5694
10343,5702
10344,5681
10345,5702
10346,5688
10347,5704
10348,5688
10349,5704
10350,5704
10351,5688
10352,5674
10353,5704
10354,5673
10355,5688
10356,5704
10357,5704
10358,5688
10359,5704
10360,5663
10361,5695
10362,5699
10363,5689
10364,5695
10365,5699
10366,5695
10367,5695
10368,5699
10369,5693
10370,5688
10371,5684
10372,5669
10373,5688
10374,5669
10375,5628
10376,5688
10377,5669
10378,5688
10379,5700
10380,5695
10381,5696
10382,5704
10383,5704
10384,5690
10385,5688
10386,5696
10387,5704
10388,5704
10389,5700
10390,5688
10391,5686
10392,5696
10393,5710
10394,5711
10395,5670
10396,5683
10397,5710
10398,5719
10399,5706
10400,5719
10401,5701
10402,5715
10403,5726
10404,5706
10405,5725
10406,5734
10407,5719
10408,5734
10409,5730
10410,5735
10411,5714
10412,5735
10413,5714
10414,5731
10415,5735
10416,5714
10417,5735
10418,5730
10419,5735
10420,5716
10421,5731
10422,5706
10423,5728
10424,5728
10425,5725
10426,5728
10427,5735
10428,5728
10429,5725
10430,5728
10431,5728
10432,5710
10433,5746
10434,5729
10435,5745
10436,5746
10437,5745
10438,5746
10439,5746
10440,5745
10441,5740
10442,5730
10443,5708
10444,5738
10445,5725
10446,5745
10447,5721
10448,5736
10449,5725
10450,5719
10451,5695
10452,5735
10453,5739
10454,5704
10455,5730
10456,5740
10457,5753
10458,5750
10459,5758
10460,5735
10461,5758
10462,5735
10463,5750
10464,5758
10465,5759
10466,5770
10467,5754
10468,5775
10469,5766
10470,5756
10471,5754
10472,5754
10473,5766
10474,5746
10475,5756
10476,5756
10477,5754
10478,5766
10479,5754
10480,5740
10481,5744
10482,5754
10483,5756
10484,5761
10485,5766
10486,5775
10487,5770
10488,5775
10489,5766
10490,5761
10491,5775
10492,5789
10493,5758
10494,5779
10495,5793
10496,5781
10497,5796
10498,5788
10499,5788
10500,5806
10501,5806
10502,5799
10503,5784
10504,5806
10505,5773
10506,5806
10507,5786
10508,5810
10509,5816
10510,5781
10511,5816
10512,5808
10513,5813
10514,5781
10515,5798
10516,5813
10517,5808
10518,5816
10519,5781
10520,5810
10521,5788
10522,5816
10523,5786
10524,5816
10525,5810
10526,5781
10527,5816
10528,5810
10529,5816
10530,5781
10531,5786
10532,5816
10533,5759
10534,5818
10535,5800
10536,5808
10537,5801
10538,5799
10539,5788
10540,5810
10541,5804
10542,5808
10543,5796
10544,5801
10545,5760
10546,5801
10547,5796
10548,5801
10549,5785
10550,5760
10551,5801
10552,5796
10553,5801
10554,5760
10555,5801
10556,5796
10557,5808
10558,5804
10559,5802
10560,5788
10561,5799
10562,5809
10563,5808
10564,5800
10565,5818
10566,5759
10567,5816
10568,5794
10569,5781
10570,5816
10571,5810
10572,5803
10573,5825
10574,5822
10575,5815
10576,5799
10577,5810
10578,5828
10579,5823
10580,5831
10581,5824
10582,5814
10583,5831
10584,5814
10585,5831
10586,5794
10587,5831
10588,5822
10589,5824
10590,5833
10591,5835
10592,5827
10593,5829
10594,5821
10595,5815
10596,5821
10597,5808
10598,5796
10599,5815
10600,5821
10601,5815
10602,5825
10603,5799
10604,5828
10605,5799
10606,5808
10607,5810
10608,5799
10609,5828
10610,5799
10611,5828
10612,5836
10613,5819
10614,5781
10615,5833
10616,5827
10617,5835
10618,5824
10619,5822
10620,5831
10621,5814
10622,5794
10623,5831
10624,5814
10625,5824
10626,5831
10627,5835
10628,5844
10629,5831
10630,5843
10631,5844
10632,5843
10633,5844
10634,5836
10635,5844
10636,5843
10637,5855
10638,5856
10639,5845
10640,5836
10641,5854
10642,5870
10643,5873
10644,5874
10645,5875
10646,5846
10647,5844
10648,5852
10649,5880
10650,5879
10651,5868
10652,5861
10653,5875
10654,5849
10655,5874
10656,5876
10657,5874
10658,5858
10659,5857
10660,5850
10661,5866
10662,5852
10663,5864
10664,5870
10665,5829
10666,5873
10667,5850
10668,5829
10669,5871
10670,5873
10671,5859
10672,5856
10673,5865
10674,5857
10675,5856
10676,5865
10677,5865
10678,5859
10679,5865
10680,5871
10681,5877
10682,5870
10683,5860
10684,5873
10685,5878
10686,5859
10687,5878
10688,5860
10689,5873
10690,5878
10691,5859
10692,5871
10693,5878
10694,5873
10695,5879
10696,5859
10697,5878
10698,5885
10699,5891
10700,5879
10701,5889
10702,5891
10703,5879
10704,5895
10705,5889
10706,5890
10707,5886
10708,5889
10709,5888
10710,5876
10711,5903
10712,5894
10713,5908
10714,5916
10715,5910
10716,5915
10717,5923
10718,5913
10719,5905
10720,5879
10721,5886
10722,5909
10723,5899
10724,5899
10725,5879
10726,5903
10727,5905
10728,5883
10729,5905
10730,5910
10731,5898
10732,5910
10733,5916
10734,5916
10735,5886
10736,5902
10737,5874
10738,5908
10739,5905
10740,5890
10741,5908
10742,5910
10743,5909
10744,5895
10745,5918
10746,5890
10747,5908
10748,5896
10749,5890
10750,5908
10751,5894
10752,5893
10753,5904
10754,5895
10755,5904
10756,5890
10757,5889
10758,5900
10759,5901
10760,5904
10761,5904
10762,5904
10763,5889
10764,5904
10765,5915
10766,5910
10767,5926
10768,5918
10769,5904
10770,5895
10771,5885
10772,5904
10773,5914
10774,5895
10775,5904
10776,5915
10777,5904
10778,5895
10779,5918
10780,5926
10781,5926
10782,5910
10783,5926
10784,5889
10785,5891
10786,5926
10787,5914
10788,5910
10789,5914
10790,5925
10791,5920
10792,5910
10793,5904
10794,5926
10795,5926
10796,5926
10797,5929
10798,5933
10799,5919
10800,5906
10801,5929
10802,5919
10803,5929
10804,5929
10805,5912
10806,5938
10807,5924
10808,5934
10809,5919
10810,5924
10811,5934
10812,5925
10813,5924
10814,5934
10815,5920
10816,5924
10817,5934
10818,5933
10819,5936
10820,5935
10821,5895
10822,5906
10823,5936
10824,5946
10825,5945
10826,5946
10827,5945
10828,5946
10829,5925
10830,5936
10831,5919
10832,5937
10833,5912
10834,5910
10835,5933
10836,5935
10837,5930
10838,5924
10839,5926
10840,5924
10841,5924
10842,5926
10843,5930
10844,5924
10845,5935
10846,5919
10847,5933
10848,5910
10849,5919
10850,5933
10851,5942
10852,5929
10853,5934
10854,5919
10855,5916
10856,5940
10857,5935
10858,5940
10859,5938
10860,5938
10861,5936
10862,5928
10863,5943
10864,5941
10865,5936
10866,5928
10867,5928
10868,5936
10869,5944
10870,5949
10871,5944
10872,5930
10873,5949
10874,5940
10875,5935
10876,5930
10877,5940
10878,5924
10879,5944
10880,5936
10881,5940
10882,5945
10883,5944
10884,5945
10885,5940
10886,5929
10887,5927
10888,5930
10889,5927
10890,5944
10891,5950
10892,5956
10893,5935
10894,5956
10895,5944
10896,5959
10897,5935
10898,5950
10899,5949
10900,5949
10901,5925
10902,5945
10903,5944
10904,5936
10905,5952
10906,5953
10907,5954
10908,5959
10909,5956
10910,5920
10911,5904
10912,5961
10913,5955
10914,5967
10915,5950
10916,5959
10917,5967
10918,5952
10919,5967
10920,5950
10921,5977
10922,5984
10923,5966
10924,5955
10925,5966
10926,5984
10927,5965
10928,5979
10929,5954
10930,5979
10931,5975
10932,5979
10933,5976
10934,5975
10935,5970
10936,5970
10937,5944
10938,5990
10939,5949
10940,5990
10941,5989
10942,5971
10943,5990
10944,5944
10945,5970
10946,5970
10947,5975
10948,5970
10949,5975
10950,5970
10951,5971
10952,5949
10953,5975
10954,5954
10955,5979
10956,5977
10957,5979
10958,5970
10959,5990
10960,5984
10961,5949
10962,5980
10963,5983
10964,5986
10965,5980
10966,5955
10967,5988
10968,5991
10969,5991
10970,5989
10971,5991
10972,5965
10973,5991
10974,5991
10975,5989
10976,5991
10977,5994
10978,5976
10979,5994
10980,5996
10981,5985
10982,5996
10983,6006
10984,6000
10985,6009
10986,6019
10987,6006
10988,6006
10989,6014
10990,6009
10991,6019
10992,6000
10993,6005
10994,6002
10995,5991
10996,5977
10997,6010
10998,5999
10999,6010
11000,5977
11001,5996
11002,6010
11003,5999
11004,5993
11005,6006
11006,6005
11007,6025
11008,6020
11009,6019
11010,5983
11011,6009
11012,6025
11013,6020
11014,5983
11015,6013
11016,6034
11017,6004
11018,6026
11019,6034
11020,6009
11021,6012
11022,6014
11023,6035
11024,6034
11025,6035
11026,6012
11027,6014
11028,6034
11029,6035
11030,6012
11031,6014
11032,6044
11033,6044
11034,6031
11035,6038
11036,6043
11037,6040
11038,6044
11039,6019
11040,6013
11041,6020
11042,6029
11043,6013
11044,6019
11045,6032
11046,6049
11047,6040
11048,6014
11049,6025
11050,6034
11051,6042
11052,6013
11053,5975
11054,6020
11055,6024
11056,6024
11057,6029
11058,6024
11059,6024
11060,6035
11061,6014
11062,6039
11063,5977
11064,6027
11065,6000
11066,6027
11067,6026
11068,6021
11069,6050
11070,6050
11071,6021
11072,6028
11073,6050
11074,6025
11075,6050
11076,6035
11077,6034
11078,6039
11079,6047
11080,6041
11081,6066
11082,6051
11083,6068
11084,6068
11085,6051
11086,6068
11087,6068
11088,6051
11089,6054
11090,6068
11091,6068
11092,6051
11093,6068
11094,6041
11095,6059
11096,6060
11097,6055
11098,6059
11099,6060
11100,6049
11101,6055
11102,6046
11103,6060
11104,6059
11105,6045
11106,6060
11107,6059
11108,6055
11109,6060
11110,6059
11111,6035
11112,6044
11113,6061
11114,6060
11115,6046
11116,6048
11117,6043
11118,6060
11119,6048
11120,6046
11121,6060
11122,6067
11123,6060
11124,6047
11125,6067
11126,6058
11127,6077
11128,6077
11129,6077
11130,6069
11131,6077
11132,6045
11133,6077
11134,6077
11135,6053
11136,6075
11137,6077
11138,6061
11139,6076
11140,6084
11141,6079
11142,6060
11143,6074
11144,6084
11145,6079
11146,6068
11147,6080
11148,6060
11149,6029
11150,6060
11151,6029
11152,6078
11153,6075
11154,6070
11155,6077
11156,6081
11157,6074
11158,6045
11159,6055
11160,6045
11161,6078
11162,6080
11163,6079
11164,6079
11165,6080
11166,6071
11167,6054
11168,6045
11169,6060
11170,6045
11171,6045
11172,6052
11173,6045
11174,6060
11175,6045
11176,6046
11177,6045
11178,6079
11179,6082
11180,6054
11181,6031
11182,6069
11183,6074
11184,6085
11185,6054
11186,6055
11187,6040
11188,6039
11189,6040
11190,6043
11191,6090
11192,6085
11193,6096
11194,6096
11195,6102
11196,6105
11197,6084
11198,6119
11199,6083
11200,6119
11201,6065
11202,6083
11203,6119
11204,6083
11205,6119
11206,6021
11207,6097
11208,6083
11209,6119
11210,6083
11211,6119
11212,6083
11213,6065
11214,6119
11215,6083
11216,6076
11217,6109
11218,6114
11219,6022
11220,6114
11221,6104
11222,6126
11223,6124
11224,6108
11225,6118
11226,6137
11227,6130
11228,6130
11229,6131
11230,6124
11231,6117
11232,6124
11233,6131
11234,6089
11235,6130
11236,6130
11237,6135
11238,6146
11239,6146
11240,6124
11241,6140
11242,6131
11243,6127
11244,6127
11245,6104
11246,6127
11247,6127
11248,6104
11249,6127
11250,6127
11251,6130
11252,6137
11253,6130
11254,6115
11255,6136
11256,6125
11257,6143
11258,6139
11259,6131
11260,6139
11261,6155
11262,6125
11263,6145
11264,6140
11265,6146
11266,6146
11267,6170
11268,6161
11269,6145
11270,6159
11271,6170
11272,6170
11273,6163
11274,6165
11275,6184
11276,6179
11277,6166
11278,6169
11279,6166
11280,6155
11281,6162
11282,6172
11283,6112
11284,6139
11285,6112
11286,6172
11287,6112
11288,6112
11289,6172
11290,6174
11291,6112
11292,6172
11293,6112
11294,6179
11295,6112
11296,6172
11297,6161
11298,6170
11299,6167
11300,6179
11301,6168
11302,6170
11303,6167
11304,6155
11305,6176
11306,6175
11307,6180
11308,6175
11309,6157
11310,6185
11311,6161
11312,6112
11313,6170
11314,6165
11315,6167
11316,6159
11317,6162
11318,6167
11319,6170
11320,6168
11321,6175
11322,6172
11323,6112
11324,6174
11325,6112
11326,6172
11327,6112
11328,6172
11329,6112
11330,6139
11331,6112
11332,6178
11333,6177
11334,6184
11335,6177
11336,6180
11337,6184
11338,6177
11339,6165
11340,6156
11341,6178
11342,6172
11343,6175
11344,6172
11345,6184
11346,6176
11347,6175
11348,6184
11349,6184
11350,6175
11351,6175
11352,6181
11353,6181
11354,6170
11355,6147
11356,6171
11357,6180
11358,6189
11359,6191
11360,6196
11361,6189
11362,6194
11363,6200
11364,6191
11365,6181
11366,6185
11367,6190
11368,6199
11369,6185
11370,6179
11371,6190
11372,6185
11373,6181
11374,6200
11375,6191
11376,6201
11377,6189
11378,6196
11379,6191
11380,6180
11381,6189
11382,6173
11383,6185
11384,6181
11385,6185
11386,6165
11387,6178
11388,6134
11389,6185
11390,6183
11391,6185
11392,6166
11393,6199
11394,6166
11395,6186
11396,6199
11397,6166
11398,6185
11399,6181
11400,6179
11401,6167
11402,6189
11403,6170
11404,6184
11405,6170
11406,6184
11407,6185
11408,6185
11409,6195
11410,6185
11411,6164
11412,6195
11413,6171
11414,6186
11415,6195
11416,6176
11417,6174
11418,6195
11419,6176
11420,6176
11421,6195
11422,6174
11423,6176
11424,6183
11425,6195
11426,6176
11427,6178
11428,6195
11429,6194
11430,6212
11431,6212
11432,6212
11433,6212
11434,6204
11435,6170
11436,6205
11437,6215
11438,6205
11439,6205
11440,6200
11441,6199
11442,6199
11443,6200
11444,6202
11445,6205
11446,6134
11447,6195
11448,6205
11449,6177
11450,6166
11451,6196
11452,6197
11453,6166
11454,6195
11455,6196
11456,6205
11457,6205
11458,6185
11459,6196
11460,6205
11461,6205
11462,6216
11463,6209
11464,6194
11465,6201
11466,6194
11467,6209
11468,6216
11469,6205
11470,6205
11471,6196
11472,6195
11473,6166
11474,6196
11475,6197
11476,6209
11477,6205
11478,6186
11479,6214
11480,6205
11481,6207
11482,6214
11483,6209
11484,6197
11485,6196
11486,6166
11487,6189
11488,6197
11489,6166
11490,6196
11491,6205
11492,6166
11493,6197
11494,6196
11495,6166
11496,6197
11497,6196
11498,6189
11499,6166
11500,6193
11501,6215
11502,6206
11503,6215
11504,6217
11505,6177
11506,6217
11507,6216
11508,6215
11509,6199
11510,6217
11511,6185
11512,6215
11513,6217
11514,6211
11515,6204
11516,6235
11517,6224
11518,6235
11519,6226
11520,6225
11521,6233
11522,6225
11523,6234
11524,6252
11525,6224
11526,6240
11527,6262
11528,6249
11529,6262
11530,6262
11531,6244
11532,6249
11533,6262
11534,6240
11535,6255
11536,6260
11537,6241
11538,6267
11539,6241
11540,6249
11541,6267
11542,6241
11543,6241
11544,6252
11545,6257
11546,6250
11547,6254
11548,6250
11549,6255
11550,6259
11551,6249
11552,6260
11553,6250
11554,6255
11555,6239
11556,6250
11557,6250
11558,6254
11559,6255
11560,6239
11561,6259
11562,6260
11563,6259
11564,6259
11565,6249
11566,6259
11567,6239
11568,6260
11569,6259
11570,6240
11571,6257
11572,6261
11573,6244
11574,6269
11575,6240
11576,6274
11577,6265
11578,6255
11579,6259
11580,6276
11581,6259
11582,6279
11583,6276
11584,6219
11585,6261
11586,6259
11587,6255
11588,6252
11589,6271
11590,6255
11591,6276
11592,6266
11593,6277
11594,6270
11595,6266
11596,6277
11597,6277
11598,6266
11599,6264
11600,6259
11601,6259
11602,6289
11603,6294
11604,6269
11605,6279
11606,6294
11607,6289
11608,6296
11609,6287
11610,6296
11611,6295
11612,6287
11613,6239
11614,6287
11615,6269
11616,6295
11617,6290
11618,6290
11619,6302
11620,6265
11621,6300
11622,6302
11623,6290
11624,6300
11625,6305
11626,6290
11627,6305
11628,6290
11629,6300
11630,6290
11631,6305
11632,6315
11633,6315
11634,6300
11635,6323
11636,6269
11637,6315
11638,6297
11639,6325
11640,6290
11641,6325
11642,6325
11643,6315
11644,6325
11645,6315
11646,6324
11647,6299
11648,6319
11649,6305
11650,6324
11651,6322
11652,6319
11653,6331
11654,6305
11655,6319
11656,6331
11657,6315
11658,6316
11659,6304
11660,6320
11661,6315
11662,6315
11663,6320
11664,6320
11665,6315
11666,6335
11667,6344
11668,6339
11669,6346
11670,6335
11671,6352
11672,6357
11673,6337
11674,6329
11675,6354
11676,6332
11677,6338
11678,6356
11679,6340
11680,6356
11681,6338
11682,6346
11683,6339
11684,6354
11685,6356
11686,6370
11687,6365
11688,6380
11689,6349
11690,6371
11691,6371
11692,6380
11693,6371
11694,6371
11695,6359
11696,6371
11697,6380
11698,6371
11699,6371
11700,6380
11701,6371
11702,6338
11703,6381
11704,6371
11705,6378
11706,6375
11707,6393
11708,6394
11709,6382
11710,6406
11711,6406
11712,6389
11713,6377
11714,6405
11715,6407
11716,6386
11717,6412
11718,6400
11719,6400
11720,6406
11721,6406
11722,6409
11723,6406
11724,6406
11725,6424
11726,6410
11727,6425
11728,6415
11729,6410
11730,6414
11731,6425
11732,6410
11733,6411
11734,6387
11735,6434
11736,6425
11737,6432
11738,6425
11739,6415
11740,6425
11741,6394
11742,6414
11743,6425
11744,6404
11745,6420
11746,6430
11747,6425
11748,6420
11749,6415
11750,6430
11751,6420
11752,6425
11753,6432
11754,6405
11755,6437
11756,6414
11757,6436
11758,6422
11759,6436
11760,6422
11761,6424
11762,6425
11763,6415
11764,6410
11765,6411
11766,6425
11767,6425
11768,6410
11769,6415
11770,6425
11771,6410
11772,6425
11773,6410
11774,6415
11775,6435
11776,6434
11777,6424
11778,6424
11779,6416
11780,6411
11781,6416
11782,6406
11783,6430
11784,6420
11785,6429
11786,6420
11787,6414
11788,6410
11789,6437
11790,6422
11791,6437
11792,6400
11793,6437
11794,6429
11795,6430
11796,6420
11797,6430
11798,6420
11799,6430
11800,6406
11801,6430
11802,6420
11803,6420
11804,6430
11805,6405
11806,6425
11807,6406
11808,6400
11809,6425
11810,6406
11811,6411
11812,6427
11813,6437
11814,6424
11815,6449
11816,6435
11817,6449
11818,6452
11819,6442
11820,6452
11821,6434
11822,6444
11823,6452
11824,6442
11825,6435
11826,6452
11827,6442
11828,6444
11829,6452
11830,6434
11831,6442
11832,6437
11833,6446
11834,6443
11835,6454
11836,6441
11837,6447
11838,6441
11839,6434
11840,6450
11841,6435
11842,6437
11843,6451
11844,6450
11845,6416
11846,6455
11847,6435
11848,6465
11849,6435
11850,6448
11851,6435
11852,6435
11853,6435
11854,6465
11855,6461
11856,6449
11857,6465
11858,6443
11859,6456
11860,6465
11861,6443
11862,6465
11863,6444
11864,6465
11865,6449
11866,6443
11867,6439
11868,6465
11869,6467
11870,6475
11871,6449
11872,6439
11873,6443
11874,6445
11875,6463
11876,6465
11877,6463
11878,6441
11879,6463
11880,6454
11881,6463
11882,6450
11883,6463
11884,6470
11885,6465
11886,6441
11887,6463
11888,6470
11889,6463
11890,6463
11891,6465
11892,6442
11893,6463
11894,6470
11895,6463
11896,6465
11897,6442
11898,6463
11899,6463
11900,6460
11901,6465
11902,6465
11903,6450
11904,6465
11905,6448
11906,6462
11907,6465
11908,6465
11909,6481
11910,6482
11911,6485
11912,6481
11913,6483
11914,6492
11915,6492
11916,6490
11917,6492
11918,6481
11919,6465
11920,6511
11921,6486
11922,6481
11923,6501
11924,6499
11925,6485
11926,6456
11927,6475
11928,6480
11929,6499
11930,6497
11931,6481
11932,6497
11933,6497
11934,6477
11935,6492
11936,6487
11937,6487
11938,6475
11939,6484
11940,6489
11941,6449
11942,6491
11943,6479
11944,6475
11945,6469
11946,6484
11947,6469
11948,6492
11949,6475
11950,6499
11951,6510
11952,6469
11953,6500
11954,6499
11955,6500
11956,6510
11957,6500
11958,6506
11959,6521
11960,6520
11961,6515
11962,6520
11963,6510
11964,6504
11965,6509
11966,6520
11967,6511
11968,6537
11969,6525
11970,6519
11971,6525
11972,6520
11973,6537
11974,6532
11975,6507
11976,6510
11977,6500
11978,6531
11979,6507
11980,6510
11981,6509
11982,6507
11983,6531
11984,6510
11985,6507
11986,6500
11987,6532
11988,6525
11989,6537
11990,6484
11991,6537
11992,6535
11993,6542
11994,6549
11995,6539
11996,6545
11997,6555
11998,6526
11999,6566
12000,6570
12001,6569
12002,6575
12003,6565
12004,6570
12005,6575
12006,6581
12007,6575
12008,6575
12009,6560
12010,6586
12011,6561
12012,6572
12013,6586
12014,6560
12015,6574
12016,6574
12017,6572
12018,6565
12019,6584
12020,6585
12021,6590
12022,6580
12023,6585
12024,6557
12025,6584
12026,6579
12027,6590
12028,6585
12029,6585
12030,6596
12031,6570
12032,6582
12033,6570
12034,6560
12035,6570
12036,6582
12037,6570
12038,6591
12039,6560
12040,6570
12041,6582
12042,6590
12043,6602
12044,6581
12045,6576
12046,6602
12047,6597
12048,6590
12049,6585
12050,6585
12051,6585
12052,6590
12053,6585
12054,6580
12055,6584
12056,6602
12057,6597
12058,6575
12059,6592
12060,6530
12061,6596
12062,6584
12063,6569
12064,6569
12065,6574
12066,6585
12067,6569
12068,6586
12069,6585
12070,6586
12071,6586
12072,6602
12073,6590
12074,6576
12075,6586
12076,6602
12077,6597
12078,6576
12079,6602
12080,6597
12081,6610
12082,6604
12083,6605
12084,6619
12085,6624
12086,6607
12087,6605
12088,6624
12089,6624
12090,6626
12091,6594
12092,6630
12093,6629
12094,6604
12095,6621
12096,6632
12097,6607
12098,6632
12099,6630
12100,6630
12101,6615
12102,6594
12103,6630
12104,6604
12105,6600
12106,6594
12107,6587
12108,6629
12109,6585
12110,6630
12111,6622
12112,6612
12113,6619
12114,6605
12115,6624
12116,6629
12117,6630
12118,6624
12119,6612
12120,6610
12121,6625
12122,6625
12123,6612
12124,6610
12125,6617
12126,6607
12127,6612
12128,6604
12129,6607
12130,6617
12131,6607
12132,6612
12133,6610
12134,6605
12135,6611
12136,6620
12137,6625
12138,6556
12139,6596
12140,6611
12141,6619
12142,6614
12143,6589
12144,6605
12145,6614
12146,6579
12147,6590
12148,6585
12149,6604
12150,6595
12151,6619
12152,6604
12153,6610
12154,6609
12155,6595
12156,6605
12157,6619
12158,6600
12159,6621
12160,6635
12161,6639
12162,6621
12163,6639
12164,6639
12165,6619
12166,6639
12167,6624
12168,6635
12169,6631
12170,6632
12171,6622
12172,6632
12173,6620
12174,6622
12175,6640
12176,6619
12177,6652
12178,6646
12179,6645
12180,6645
12181,6652
12182,6624
12183,6622
12184,6632
12185,6622
12186,6632
12187,6637
12188,6622
12189,6632
12190,6640
12191,6634
12192,6635
12193,6620
12194,6617
12195,6650
12196,6650
12197,6650
12198,6632
12199,6625
12200,6639
12201,6606
12202,6635
12203,6635
12204,6650
12205,6647
12206,6614
12207,6644
12208,6614
12209,6625
12210,6614
12211,6647
12212,6644
12213,6613
12214,6645
12215,6629
12216,6664
12217,6661
12218,6664
12219,6636
12220,6661
12221,6664
12222,6661
12223,6659
12224,6642
12225,6639
12226,6670
12227,6661
12228,6670
12229,6646
12230,6676
12231,6675
12232,6649
12233,6690
12234,6656
12235,6690
12236,6649
12237,6650
12238,6690
12239,6681
12240,6675
12241,6667
12242,6689
12243,6691
12244,6666
12245,6704
12246,6701
12247,6704
12248,6702
12249,6714
12250,6704
12251,6731
12252,6682
12253,6731
12254,6714
12255,6736
12256,6724
12257,6724
12258,6745
12259,6695
12260,6745
12261,6724
12262,6721
12263,6745
12264,6724
12265,6732
12266,6737
12267,6726
12268,6751
12269,6700
12270,6730
12271,6697
12272,6730
12273,6697
12274,6706
12275,6697
12276,6741
12277,6735
12278,6735
12279,6735
12280,6741
12281,6731
12282,6746
12283,6734
12284,6711
12285,6742
12286,6741
12287,6721
12288,6742
12289,6740
12290,6742
12291,6732
12292,6721
12293,6740
12294,6742
12295,6702
12296,6741
12297,6735
12298,6735
12299,6735
12300,6741
12301,6735
12302,6735
12303,6697
12304,6735
12305,6741
12306,6735
12307,6735
12308,6740
12309,6750
12310,6734
12311,6700
12312,6722
12313,6737
12314,6735
12315,6734
12316,6747
12317,6755
12318,6742
12319,6735
12320,6741
12321,6726
12322,6741
12323,6742
12324,6735
12325,6741
12326,6726
12327,6741
12328,6735
12329,6732
12330,6760
12331,6746
12332,6745
12333,6745
12334,6760
12335,6746
12336,6760
12337,6745
12338,6749
12339,6735
12340,6701
12341,6737
12342,6730
12343,6746
12344,6751
12345,6727
12346,6751
12347,6746
12348,6751
12349,6762
12350,6755
12351,6765
12352,6755
12353,6746
12354,6755
12355,6734
12356,6755
12357,6765
12358,6755
12359,6755
12360,6746
12361,6760
12362,6765
12363,6734
12364,6765
12365,6762
12366,6765
12367,6747
12368,6740
12369,6741
12370,6742
12371,6747
12372,6762
12373,6756
12374,6765
12375,6752
12376,6772
12377,6771
12378,6752
12379,6756
12380,6765
12381,6748
12382,6765
12383,6762
12384,6742
12385,6742
12386,6742
12387,6738
12388,6746
12389,6735
12390,6755
12391,6755
12392,6759
12393,6735
12394,6765
12395,6762
12396,6767
12397,6760
12398,6742
12399,6742
12400,6759
12401,6755
12402,6755
12403,6742
12404,6760
12405,6767
12406,6762
12407,6765
12408,6742
12409,6759
12410,6725
12411,6755
12412,6742
12413,6755
12414,6759
12415,6742
12416,6759
12417,6755
12418,6777
12419,6764
12420,6757
12421,6776
12422,6781
12423,6764
12424,6779
12425,6776
12426,6796
12427,6770
12428,6750
12429,6790
12430,6776
12431,6796
12432,6779
12433,6764
12434,6781
12435,6776
12436,6764
12437,6757
12438,6776
12439,6781
12440,6771
12441,6765
12442,6760
12443,6771
12444,6766
12445,6771
12446,6770
12447,6749
12448,6737
12449,6749
12450,6755
12451,6756
12452,6749
12453,6747
12454,6761
12455,6767
12456,6751
12457,6755
12458,6767
12459,6751
12460,6755
12461,6767
12462,6761
12463,6758
12464,6764
12465,6772
12466,6764
12467,6734
12468,6772
12469,6773
12470,6767
12471,6765
12472,6777
12473,6775
12474,6767
12475,6777
12476,6770
12477,6785
12478,6780
12479,6784
12480,6785
12481,6759
12482,6784
12483,6770
12484,6767
12485,6777
12486,6786
12487,6780
12488,6767
12489,6785
12490,6772
12491,6780
12492,6767
12493,6762
12494,6772
12495,6780
12496,6767
12497,6785
12498,6780
12499,6767
12500,6772
12501,6770
12502,6785
12503,6780
12504,6767
12505,6768
12506,6796
12507,6789
12508,6787
12509,6796
12510,6774
12511,6796
12512,6789
12513,6787
12514,6796
12515,6777
12516,6791
12517,6791
12518,6797
12519,6768
12520,6791
12521,6791
12522,6786
12523,6797
12524,6791
12525,6797
12526,6791
12527,6784
12528,6767
12529,6780
12530,6785
12531,6770
12532,6765
12533,6767
12534,6780
12535,6785
12536,6767
12537,6780
12538,6765
12539,6785
12540,6767
12541,6780
12542,6765
12543,6767
12544,6785
12545,6780
12546,6786
12547,6777
12548,6760
12549,6786
12550,6767
12551,6785
12552,6780
12553,6772
12554,6767
12555,6785
12556,6780
12557,6767
12558,6772
12559,6780
12560,6785
12561,6774
12562,6799
12563,6788
12564,6799
12565,6767
12566,6799
12567,6799
12568,6751
12569,6788
12570,6799
12571,6751
12572,6789
12573,6796
12574,6796
12575,6787
12576,6768
12577,6780
12578,6785
12579,6772
12580,6767
12581,6780
12582,6785
12583,6767
12584,6772
12585,6785
12586,6780
12587,6784
12588,6785
12589,6759
12590,6784
12591,6786
12592,6789
12593,6771
12594,6775
12595,6776
12596,6789
12597,6771
12598,6776
12599,6789
12600,6775
12601,6771
12602,6789
12603,6776
12604,6771
12605,6786
12606,6784
12607,6785
12608,6780
12609,6784
12610,6759
12611,6759
12612,6767
12613,6785
12614,6767
12615,6767
12616,6791
12617,6785
12618,6767
12619,6786
12620,6771
12621,6789
12622,6772
12623,6780
12624,6771
12625,6789
12626,6800
12627,6799
12628,6802
12629,6804
12630,6762
12631,6799
12632,6802
12633,6804
12634,6762
12635,6799
12636,6802
12637,6804
12638,6799
12639,6762
12640,6791
12641,6816
12642,6804
12643,6805
12644,6814
12645,6816
12646,6810
12647,6822
12648,6816
12649,6824
12650,6822
12651,6812
12652,6816
12653,6815
12654,6808
12655,6824
12656,6808
12657,6811
12658,6811
12659,6808
12660,6805
12661,6829
12662,6799
12663,6823
12664,6829
12665,6799
12666,6805
12667,6824
12668,6808
12669,6811
12670,6808
12671,6797
12672,6795
12673,6820
12674,6815
12675,6817
12676,6810
12677,6817
12678,6795
12679,6810
12680,6817
12681,6810
12682,6810
12683,6817
12684,6795
12685,6817
12686,6810
12687,6815
12688,6817
12689,6822
12690,6827
12691,6819
12692,6832
12693,6842
12694,6829
12695,6845
12696,6856
12697,6840
12698,6856
12699,6851
12700,6856
12701,6840
12702,6844
12703,6830
12704,6865
12705,6852
12706,6856
12707,6851
12708,6866
12709,6870
12710,6861
12711,6878
12712,6869
12713,6871
12714,6895
12715,6887
12716,6892
12717,6875
12718,6891
12719,6880
12720,6910
12721,6901
12722,6905
12723,6890
12724,6910
12725,6892
12726,6912
12727,6889
12728,6905
12729,6901
12730,6892
12731,6900
12732,6907
12733,6910
12734,6901
12735,6920
12736,6885
12737,6904
12738,6897
12739,6890
12740,6885
12741,6915
12742,6904
12743,6885
12744,6890
12745,6897
12746,6907
12747,6897
12748,6907
12749,6890
12750,6885
12751,6904
12752,6890
12753,6897
12754,6885
12755,6904
12756,6885
12757,6915
12758,6885
12759,6904
12760,6904
12761,6896
12762,6890
12763,6896
12764,6890
12765,6896
12766,6893
12767,6897
12768,6896
12769,6890
12770,6900
12771,6914
12772,6920
12773,6914
12774,6912
12775,6907
12776,6916
12777,6907
12778,6904
12779,6914
12780,6909
12781,6915
12782,6912
12783,6910
12784,6873
12785,6892
12786,6912
12787,6919
12788,6921
12789,6910
12790,6909
12791,6894
12792,6910
12793,6921
12794,6919
12795,6918
12796,6931
12797,6901
12798,6911
12799,6902
12800,6922
12801,6901
12802,6922
12803,6931
12804,6922
12805,6922
12806,6931
12807,6922
12808,6901
12809,6922
12810,6922
12811,6931
12812,6916
12813,6940
12814,6910
12815,6939
12816,6910
12817,6940
12818,6910
12819,6939
12820,6920
12821,6910
12822,6940
12823,6910
12824,6939
12825,6910
12826,6894
12827,6910
12828,6940
12829,6939
12830,6920
12831,6910
12832,6909
12833,6923
12834,6936
12835,6916
12836,6946
12837,6942
12838,6960
12839,6959
12840,6942
12841,6940
12842,6940
12843,6941
12844,6932
12845,6936
12846,6945
12847,6952
12848,6952
12849,6945
12850,6955
12851,6955
12852,6952
12853,6950
12854,6935
12855,6957
12856,6935
12857,6935
12858,6952
12859,6957
12860,6935
12861,6959
12862,6935
12863,6957
12864,6935
12865,6935
12866,6940
12867,6940
12868,6965
12869,6955
12870,6940
12871,6966
12872,6955
12873,6940
12874,6940
12875,6940
12876,6955
12877,6965
12878,6940
12879,6932
12880,6966
12881,6940
12882,6926
12883,6946
12884,6965
12885,6982
12886,6939
12887,6981
12888,6932
12889,6982
12890,6939
12891,6981
12892,6982
12893,6939
12894,6972
12895,6991
12896,6990
12897,6995
12898,7005
12899,6975
12900,6975
12901,6990
12902,7011
12903,6990
12904,7019
12905,7014
12906,7015
12907,7017
12908,7015
12909,7015
12910,7015
12911,7014
12912,7015
12913,7015
12914,7017
12915,7015
12916,6997
12917,7015
12918,7017
12919,7015
12920,7014
12921,7015
12922,7029
12923,7021
12924,7029
12925,7012
12926,7021
12927,7027
12928,7038
12929,7035
12930,7045
12931,7037
12932,7050
12933,7039
12934,7046
12935,7039
12936,7050
12937,7049
12938,7050
12939,7032
12940,7015
12941,7041
12942,7050
12943,7049
12944,7050
12945,7041
12946,7050
12947,7049
12948,7027
12949,7015
12950,7050
12951,7032
12952,7040
12953,7055
12954,7029
12955,7017
12956,7051
12957,7060
12958,7055
12959,7040
12960,7047
12961,7055
12962,7050
12963,7066
12964,7066
12965,7039
12966,7058
12967,7048
12968,7045
12969,7050
12970,7055
12971,7058
12972,7050
12973,7048
12974,7045
12975,7055
12976,7050
12977,7058
12978,7039
12979,7066
12980,7056
12981,7066
12982,7066
12983,7056
12984,7061
12985,7047
12986,7051
12987,7067
12988,7054
12989,7061
12990,7074
12991,7054
12992,7061
12993,7061
12994,7054
12995,7074
12996,7061
12997,7055
12998,7050
12999,7061
13000,7055
13001,7070
13002,7074
13003,7062
13004,7067
13005,7067
13006,7062
13007,7067
13008,7067
13009,7066
13010,7060
13011,7050
13012,7023
13013,7068
13014,7068
13015,7070
13016,7067
13017,7070
13018,7074
13019,7062
13020,7070
13021,7052
13022,7054
13023,7051
13024,7054
13025,7059
13026,7029
13027,7051
13028,7054
13029,7051
13030,7075
13031,7056
13032,7075
13033,7070
13034,7075
13035,7082
13036,7060
13037,7080
13038,7087
13039,7080
13040,7069
13041,7060
13042,7080
13043,7087
13044,7060
13045,7080
13046,7087
13047,7080
13048,7060
13049,7069
13050,7082
13051,7097
13052,7096
13053,7086
13054,7087
13055,7080
13056,7060
13057,7080
13058,7082
13059,7080
13060,7075
13061,7082
13062,7083
13063,7080
13064,7075
13065,7080
13066,7067
13067,7094
13068,7087
13069,7092
13070,7090
13071,7084
13072,7105
13073,7108
13074,7115
13075,7116
13076,7126
13077,7096
13078,7096
13079,7105
13080,7096
13081,7110
13082,7096
13083,7116
13084,7105
13085,7085
13086,7106
13087,7089
13088,7125
13089,7102
13090,7107
13091,7125
13092,7089
13093,7121
13094,7124
13095,7127
13096,7143
13097,7130
13098,7112
13099,7130
13100,7130
13101,7133
13102,7111
13103,7132
13104,7142
13105,7135
13106,7127
13107,7132
13108,7142
13109,7126
13110,7110
13111,7136
13112,7124
13113,7110
13114,7136
13115,7138
13116,7133
13117,7122
13118,7123
13119,7133
13120,7130
13121,7122
13122,7133
13123,7142
13124,7105
13125,7130
13126,7140
13127,7105
13128,7140
13129,7122
13130,7139
13131,7130
13132,7140
13133,7105
13134,7126
13135,7132
13136,7118
13137,7132
13138,7118
13139,7110
13140,7125
13141,7120
13142,7115
13143,7105
13144,7132
13145,7139
13146,7130
13147,7105
13148,7140
13149,7122
13150,7131
13151,7110
13152,7118
13153,7139
13154,7118
13155,7110
13156,7067
13157,7115
13158,7131
13159,7143
13160,7120
13161,7130
13162,7131
13163,7130
13164,7143
13165,7130
13166,7131
13167,7143
13168,7131
13169,7135
13170,7130
13171,7121
13172,7126
13173,7143
13174,7150
13175,7136
13176,7143
13177,7136
13178,7135
13179,7121
13180,7130
13181,7140
13182,7127
13183,7110
13184,7120
13185,7140
13186,7110
13187,7127
13188,7120
13189,7119
13190,7110
13191,7120
13192,7127
13193,7110
13194,7140
13195,7120
13196,7110
13197,7127
13198,7139
13199,7130
13200,7143
13201,7130
13202,7131
13203,7132
13204,7143
13205,7130
13206,7131
13207,7120
13208,7130
13209,7143
13210,7140
13211,7131
13212,7124
13213,7123
13214,7130
13215,7140
13216,7110
13217,7120
13218,7127
13219,7140
13220,7120
13221,7110
13222,7127
13223,7110
13224,7120
13225,7120
13226,7116
13227,7131
13228,7145
13229,7140
13230,7145
13231,7130
13232,7131
13233,7133
13234,7101
13235,7130
13236,7131
13237,7101
13238,7130
13239,7130
13240,7101
13241,7136
13242,7123
13243,7133
13244,7133
13245,7108
13246,7121
13247,7093
13248,7125
13249,7143
13250,7126
13251,7143
13252,7138
13253,7122
13254,7143
13255,7125
13256,7143
13257,7142
13258,7100
13259,7110
13260,7130
13261,7130
13262,7093
13263,7136
13264,7127
13265,7135
13266,7140
13267,7147
13268,7140
13269,7146
13270,7147
13271,7100
13272,7136
13273,7131
13274,7136
13275,7150
13276,7140
13277,7125
13278,7126
13279,7092
13280,7126
13281,7116
13282,7127
13283,7125
13284,7136
13285,7127
13286,7127
13287,7125
13288,7139
13289,7130
13290,7122
13291,7153
13292,7151
13293,7156
13294,7161
13295,7173
13296,7163
13297,7152
13298,7173
13299,7138
13300,7173
13301,7152
13302,7164
13303,7182
13304,7182
13305,7161
13306,7182
13307,7161
13308,7182
13309,7173
13310,7182
13311,7182
13312,7161
13313,7170
13314,7157
13315,7170
13316,7174
13317,7175
13318,7193
13319,7175
13320,7182
13321,7175
13322,7193
13323,7178
13324,7181
13325,7181
13326,7173
13327,7173
13328,7181
13329,7172
13330,7173
13331,7180
13332,7181
13333,7182
13334,7196
13335,7190
13336,7161
13337,7192
13338,7161
13339,7177
13340,7210
13341,7205
13342,7210
13343,7194
13344,7216
13345,7222
13346,7220
13347,7225
13348,7212
13349,7221
13350,7221
13351,7212
13352,7205
13353,7142
13354,7189
13355,7210
13356,7185
13357,7200
13358,7210
13359,7185
13360,7230
13361,7224
13362,7222
13363,7224
13364,7224
13365,7195
13366,7226
13367,7224
13368,7222
13369,7227
13370,7170
13371,7224
13372,7224
13373,7222
13374,7224
13375,7208
13376,7225
13377,7220
13378,7225
13379,7218
13380,7225
13381,7235
13382,7220
13383,7240
13384,7225
13385,7226
13386,7215
13387,7177
13388,7226
13389,7202
13390,7215
13391,7233
13392,7235
13393,7225
13394,7226
13395,7212
13396,7226
13397,7212
13398,7226
13399,7225
13400,7215
13401,7226
13402,7212
13403,7226
13404,7230
13405,7210
13406,7185
13407,7210
13408,7201
13409,7185
13410,7208
13411,7210
13412,7242
13413,7218
13414,7237
13415,7252
13416,7252
13417,7211
13418,7252
13419,7237
13420,7250
13421,7238
13422,7252
13423,7267
13424,7255
13425,7267
13426,7255
13427,7258
13428,7245
13429,7272
13430,7256
13431,7263
13432,7263
13433,7271
13434,7263
13435,7275
13436,7263
13437,7255
13438,7270
13439,7254
13440,7275
13441,7217
13442,7272
13443,7229
13444,7231
13445,7241
13446,7257
13447,7266
13448,7241
13449,7223
13450,7257
13451,7253
13452,7236
13453,7278
13454,7268
13455,7281
13456,7275
13457,7287
13458,7276
13459,7267
13460,7282
13461,7272
13462,7272
13463,7278
13464,7276
13465,7253
13466,7278
13467,7278
13468,7285
13469,7294
13470,7268
13471,7288
13472,7294
13473,7277
13474,7284
13475,7278
13476,7249
13477,7245
13478,7284
13479,7288
13480,7285
13481,7290
13482,7306
13483,7295
13484,7291
13485,7306
13486,7306
13487,7295
13488,7287
13489,7306
13490,7295
13491,7306
13492,7291
13493,7282
13494,7306
13495,7295
13496,7306
13497,7283
13498,7295
13499,7306
13500,7306
13501,7295
13502,7285
13503,7291
13504,7260
13505,7290
13506,7288
13507,7282
13508,7287
13509,7295
13510,7307
13511,7302
13512,7288
13513,7295
13514,7302
13515,7297
13516,7259
13517,7247
13518,7282
13519,7308
13520,7296
13521,7272
13522,7308
13523,7295
13524,7308
13525,7296
13526,7308
13527,7295
13528,7291
13529,7277
13530,7313
13531,7310
13532,7308
13533,7277
13534,7313
13535,7318
13536,7325
13537,7310
13538,7302
13539,7320
13540,7327
13541,7307
13542,7313
13543,7305
13544,7320
13545,7313
13546,7315
13547,7330
13548,7339
13549,7330
13550,7336
13551,7351
13552,7340
13553,7337
13554,7351
13555,7333
13556,7330
13557,7323
13558,7326
13559,7325
13560,7334
13561,7341
13562,7333
13563,7337
13564,7327
13565,7333
13566,7341
13567,7336
13568,7341
13569,7333
13570,7330
13571,7355
13572,7355
13573,7355
13574,7342
13575,7355
13576,7336
13577,7323
13578,7353
13579,7346
13580,7344
13581,7345
13582,7353
13583,7346
13584,7344
13585,7353
13586,7346
13587,7345
13588,7348
13589,7355
13590,7342
13591,7355
13592,7357
13593,7353
13594,7343
13595,7347
13596,7353
13597,7350
13598,7352
13599,7325
13600,7360
13601,7357
13602,7352
13603,7325
13604,7360
13605,7357
13606,7352
13607,7325
13608,7330
13609,7341
13610,7327
13611,7347
13612,7341
13613,7341
13614,7350
13615,7341
13616,7357
13617,7341
13618,7347
13619,7344
13620,7351
13621,7360
13622,7351
13623,7336
13624,7360
13625,7360
13626,7351
13627,7351
13628,7360
13629,7336
13630,7364
13631,7357
13632,7347
13633,7371
13634,7376
13635,7371
13636,7383
13637,7377
13638,7376
13639,7373
13640,7395
13641,7392
13642,7392
13643,7373
13644,7385
13645,7388
13646,7392
13647,7395
13648,7369
13649,7395
13650,7397
13651,7369
13652,7352
13653,7388
13654,7406
13655,7395
13656,7412
13657,7410
13658,7394
13659,7402
13660,7402
13661,7406
13662,7394
13663,7425
13664,7431
13665,7406
13666,7396
13667,7431
13668,7410
13669,7431
13670,7396
13671,7406
13672,7431
13673,7425
13674,7425
13675,7408
13676,7425
13677,7413
13678,7433
13679,7436
13680,7420
13681,7432
13682,7433
13683,7431
13684,7425
13685,7436
13686,7431
13687,7444
13688,7436
13689,7452
13690,7454
13691,7451
13692,7435
13693,7423
13694,7445
13695,7422
13696,7435
13697,7435
13698,7448
13699,7435
13700,7451
13701,7452
13702,7454
13703,7452
13704,7454
13705,7413
13706,7443
13707,7452
13708,7454
13709,7452
13710,7451
13711,7454
13712,7452
13713,7413
13714,7454
13715,7452
13716,7445
13717,7446
13718,7442
13719,7430
13720,7447
13721,7444
13722,7448
13723,7444
13724,7455
13725,7444
13726,7445
13727,7456
13728,7442
13729,7429
13730,7438
13731,7447
13732,7438
13733,7441
13734,7459
13735,7440
13736,7455
13737,7438
13738,7447
13739,7438
13740,7429
13741,7438
13742,7441
13743,7441
13744,7455
13745,7450
13746,7455
13747,7440
13748,7455
13749,7441
13750,7455
13751,7451
13752,7455
13753,7441
13754,7455
13755,7455
13756,7450
13757,7440
13758,7455
13759,7441
13760,7452
13761,7461
13762,7451
13763,7455
13764,7461
13765,7452
13766,7440
13767,7455
13768,7441
13769,7446
13770,7455
13771,7455
13772,7450
13773,7440
13774,7441
13775,7455
13776,7457
13777,7455
13778,7452
13779,7456
13780,7455
13781,7452
13782,7465
13783,7456
13784,7473
13785,7447
13786,7477
13787,7463
13788,7456
13789,7456
13790,7463
13791,7458
13792,7455
13793,7490
13794,7458
13795,7465
13796,7490
13797,7475
13798,7497
13799,7467
13800,7493
13801,7478
13802,7481
13803,7480
13804,7493
13805,7481
13806,7493
13807,7493
13808,7480
13809,7481
13810,7478
13811,7493
13812,7457
13813,7508
13814,7512
13815,7487
13816,7500
13817,7510
13818,7510
13819,7507
13820,7495
13821,7515
13822,7520
13823,7505
13824,7512
13825,7520
13826,7520
13827,7512
13828,7505
13829,7530
13830,7530
13831,7512
13832,7543
13833,7535
13834,7520
13835,7543
13836,7542
13837,7512
13838,7513
13839,7532
13840,7536
13841,7532
13842,7546
13843,7533
13844,7546
13845,7532
13846,7546
13847,7533
13848,7532
13849,7548
13850,7533
13851,7556
13852,7526
13853,7543
13854,7556
13855,7541
13856,7547
13857,7531
13858,7539
13859,7547
13860,7545
13861,7532
13862,7518
13863,7533
13864,7546
13865,7546
13866,7532
13867,7533
13868,7546
13869,7532
13870,7546
13871,7533
13872,7546
13873,7532
13874,7533
13875,7546
13876,7536
13877,7512
13878,7532
13879,7513
13880,7530
13881,7533
13882,7540
13883,7525
13884,7533
13885,7540
13886,7545
13887,7545
13888,7531
13889,7533
13890,7546
13891,7537
13892,7541
13893,7541
13894,7541
13895,7547
13896,7542
13897,7540
13898,7548
13899,7540
13900,7517
13901,7548
13902,7540
13903,7548
13904,7521
13905,7540
13906,7522
13907,7557
13908,7551
13909,7533
13910,7557
13911,7551
13912,7557
13913,7551
13914,7540
13915,7523
13916,7536
13917,7545
13918,7555
13919,7550
13920,7545
13921,7525
13922,7555
13923,7545
13924,7557
13925,7545
13926,7550
13927,7555
13928,7545
13929,7555
13930,7561
13931,7572
13932,7546
13933,7553
13934,7572
13935,7573
13936,7572
13937,7568
13938,7536
13939,7565
13940,7558
13941,7571
13942,7567
13943,7558
13944,7567
13945,7561
13946,7567
13947,7575
13948,7571
13949,7558
13950,7567
13951,7552
13952,7575
13953,7575
13954,7578
13955,7563
13956,7575
13957,7590
13958,7583
13959,7600
13960,7573
13961,7583
13962,7583
13963,7587
13964,7583
13965,7583
13966,7578
13967,7583
13968,7598
13969,7597
13970,7590
13971,7598
13972,7562
13973,7597
13974,7573
13975,7587
13976,7590
13977,7605
13978,7595
13979,7605
13980,7581
13981,7572
13982,7596
13983,7591
13984,7596
13985,7569
13986,7590
13987,7580
13988,7585
13989,7591
13990,7604
13991,7552
13992,7590
13993,7581
13994,7575
13995,7604
13996,7590
13997,7591
13998,7585
13999,7590
14000,7580
14001,7586
14002,7590
14003,7580
14004,7592
14005,7590
14006,7585
14007,7580
14008,7590
14009,7586
14010,7580
14011,7590
14012,7585
14013,7591
14014,7590
14015,7553
14016,7604
14017,7581
14018,7575
14019,7590
14020,7591
14021,7615
14022,7597
14023,7615
14024,7592
14025,7597
14026,7615
14027,7600
14028,7590
14029,7612
14030,7583
14031,7590
14032,7603
14033,7590
14034,7612
14035,7590
14036,7575
14037,7612
14038,7590
14039,7590
14040,7603
14041,7612
14042,7590
14043,7583
14044,7590
14045,7590
14046,7603
14047,7612
14048,7590
14049,7612
14050,7590
14051,7588
14052,7613
14053,7615
14054,7635
14055,7617
14056,7623
14057,7620
14058,7629
14059,7625
14060,7616
14061,7638
14062,7630
14063,7625
14064,7629
14065,7638
14066,7625
14067,7616
14068,7625
14069,7638
14070,7629
14071,7625
14072,7630
14073,7641
14074,7641
14075,7650
14076,7645
14077,7643
14078,7665
14079,7667
14080,7658
14081,7670
14082,7658
14083,7650
14084,7662
14085,7645
14086,7665
14087,7650
14088,7650
14089,7635
14090,7632
14091,7653
14092,7635
14093,7665
14094,7664
14095,7646
14096,7645
14097,7650
14098,7664
14099,7650
14100,7626
14101,7645
14102,7645
14103,7662
14104,7623
14105,7623
14106,7657
14107,7642
14108,7624
14109,7662
14110,7672
14111,7639
14112,7652
14113,7657
14114,7672
14115,7662
14116,7672
14117,7655
14118,7668
14119,7677
14120,7673
14121,7678
14122,7678
14123,7673
14124,7671
14125,7690
14126,7646
14127,7690
14128,7680
14129,7681
14130,7690
14131,7653
14132,7685
14133,7688
14134,7690
14135,7687
14136,7667
14137,7690
14138,7690
14139,7690
14140,7692
14141,7706
14142,7696
14143,7688
14144,7690
14145,7702
14146,7705
14147,7695
14148,7702
14149,7696
14150,7702
14151,7705
14152,7702
14153,7687
14154,7717
14155,7706
14156,7717
14157,7688
14158,7706
14159,7717
14160,7707
14161,7720
14162,7672
14163,7720
14164,7707
14165,7706
14166,7717
14167,7706
14168,7717
14169,7717
14170,7706
14171,7702
14172,7719
14173,7712
14174,7715
14175,7719
14176,7712
14177,7717
14178,7712
14179,7715
14180,7719
14181,7712
14182,7715
14183,7712
14184,7719
14185,7712
14186,7719
14187,7712
14188,7722
14189,7721
14190,7710
14191,7721
14192,7710
14193,7707
14194,7721
14195,7715
14196,7710
14197,7721
14198,7710
14199,7695
14200,7700
14201,7721
14202,7710
14203,7721
14204,7710
14205,7721
14206,7710
14207,7720
14208,7705
14209,7727
14210,7715
14211,7723
14212,7728
14213,7730
14214,7745
14215,7725
14216,7752
14217,7727
14218,7737
14219,7755
14220,7721
14221,7755
14222,7702
14223,7753
14224,7755
14225,7755
14226,7753
14227,7723
14228,7747
14229,7745
14230,7747
14231,7742
14232,7723
14233,7755
14234,7753
14235,7755
14236,7765
14237,7766
14238,7763
14239,7766
14240,7770
14241,7757
14242,7766
14243,7771
14244,7757
14245,7748
14246,7775
14247,7760
14248,7786
14249,7780
14250,7755
14251,7766
14252,7781
14253,7783
14254,7777
14255,7793
14256,7797
14257,7802
14258,7805
14259,7792
14260,7817
14261,7807
14262,7813
14263,7816
14264,7805
14265,7825
14266,7805
14267,7827
14268,7825
14269,7805
14270,7827
14271,7827
14272,7801
14273,7830
14274,7830
14275,7830
14276,7790
14277,7820
14278,7830
14279,7825
14280,7790
14281,7830
14282,7790
14283,7830
14284,7820
14285,7830
14286,7790
14287,7825
14288,7830
14289,7832
14290,7790
14291,7820
14292,7830
14293,7843
14294,7845
14295,7830
14296,7830
14297,7828
14298,7840
14299,7830
14300,7836
14301,7845
14302,7840
14303,7830
14304,7830
14305,7828
14306,7851
14307,7843
14308,7834
14309,7853
14310,7845
14311,7820
14312,7831
14313,7853
14314,7845
14315,7820
14316,7831
14317,7820
14318,7831
14319,7820
14320,7845
14321,7820
14322,7831
14323,7820
14324,7845
14325,7832
14326,7851
14327,7835
14328,7858
14329,7853
14330,7857
14331,7822
14332,7857
14333,7846
14334,7857
14335,7852
14336,7857
14337,7855
14338,7855
14339,7850
14340,7855
14341,7870
14342,7870
14343,7843
14344,7872
14345,7870
14346,7850
14347,7856
14348,7831
14349,7866
14350,7852
14351,7871
14352,7858
14353,7872
14354,7871
14355,7847
14356,7863
14357,7825
14358,7856
14359,7820
14360,7865
14361,7872
14362,7871
14363,7852
14364,7870
14365,7878
14366,7870
14367,7870
14368,7882
14369,7852
14370,7855
14371,7878
14372,7866
14373,7871
14374,7883
14375,7872
14376,7873
14377,7885
14378,7890
14379,7883
14380,7885
14381,7880
14382,7887
14383,7895
14384,7902
14385,7900
14386,7888
14387,7885
14388,7895
14389,7895
14390,7900
14391,7878
14392,7890
14393,7906
14394,7910
14395,7895
14396,7906
14397,7910
14398,7910
14399,7896
14400,7917
14401,7903
14402,7905
14403,7912
14404,7903
14405,7917
14406,7905
14407,7912
14408,7903
14409,7917
14410,7903
14411,7905
14412,7917
14413,7903
14414,7905
14415,7917
14416,7903
14417,7903
14418,7905
14419,7917
14420,7913
14421,7903
14422,7903
14423,7888
14424,7893
14425,7903
14426,7903
14427,7903
14428,7923
14429,7903
14430,7916
14431,7916
14432,7903
14433,7921
14434,7903
14435,7916
14436,7916
14437,7903
14438,7917
14439,7925
14440,7912
14441,7925
14442,7916
14443,7913
14444,7917
14445,7909
14446,7910
14447,7913
14448,7917
14449,7909
14450,7913
14451,7917
14452,7910
14453,7913
14454,7909
14455,7911
14456,7916
14457,7903
14458,7905
14459,7912
14460,7864
14461,7923
14462,7931
14463,7921
14464,7931
14465,7918
14466,7900
14467,7913
14468,7931
14469,7912
14470,7931
14471,7905
14472,7893
14473,7903
14474,7908
14475,7925
14476,7925
14477,7920
14478,7934
14479,7937
14480,7923
14481,7934
14482,7920
14483,7937
14484,7934
14485,7920
14486,7923
14487,7934
14488,7937
14489,7933
14490,7920
14491,7934
14492,7937
14493,7923
14494,7934
14495,7920
14496,7937
14497,7934
14498,7923
14499,7920
14500,7937
14501,7934
14502,7923
14503,7925
14504,7925
14505,7907
14506,7925
14507,7917
14508,7925
14509,7925
14510,7934
14511,7917
14512,7923
14513,7926
14514,7913
14515,7923
14516,7917
14517,7926
14518,7923
14519,7917
14520,7913
14521,7926
14522,7923
14523,7942
14524,7893
14525,7951
14526,7934
14527,7945
14528,7958
14529,7930
14530,7948
14531,7935
14532,7958
14533,7930
14534,7948
14535,7962
14536,7943
14537,7937
14538,7952
14539,7940
14540,7967
14541,7967
14542,7948
14543,7967
14544,7965
14545,7971
14546,7968
14547,7971
14548,7965
14549,7962
14550,7938
14551,7973
14552,7971
14553,7965
14554,7957
14555,7965
14556,7963
14557,7965
14558,7957
14559,7955
14560,7943
14561,7976
14562,7948
14563,7943
14564,7976
14565,7970
14566,7981
14567,7977
14568,7958
14569,7971
14570,7961
14571,7973
14572,7971
14573,7951
14574,7961
14575,7931
14576,7943
14577,7976
14578,7943
14579,7973
14580,7976
14581,7943
14582,7948
14583,7976
14584,7970
14585,7971
14586,7971
14587,7958
14588,7968
14589,7971
14590,7987
14591,7976
14592,7989
14593,7978
14594,7967
14595,7976
14596,7983
14597,7987
14598,7985
14599,7985
14600,7993
14601,7980
14602,7997
14603,7991
14604,7985
14605,7987
14606,8003
14607,7987
14608,7977
14609,7987
14610,8003
14611,7985
14612,7987
14613,8003
14614,7977
14615,7987
14616,7968
14617,8000
14618,7976
14619,7985
14620,8004
14621,7993
14622,7971
14623,7968
14624,7990
14625,7996
14626,8008
14627,8015
14628,7976
14629,7994
14630,8004
14631,8012
14632,8017
14633,8005
14634,7970
14635,8005
14636,8017
14637,8011
14638,8005
14639,8017
14640,8020
14641,8017
14642,8005
14643,8023
14644,8033
14645,8027
14646,8026
14647,8033
14648,8027
14649,8037
14650,8013
14651,8023
14652,8022
14653,8006
14654,8033
14655,8042
14656,8035
14657,8023
14658,8028
14659,8027
14660,8013
14661,7996
14662,7970
14663,8032
14664,8011
14665,8032
14666,8025
14667,7997
14668,8032
14669,8032
14670,8037
14671,8037
14672,8038
14673,8022
14674,8040
14675,8023
14676,8038
14677,8037
14678,8038
14679,8040
14680,8037
14681,8025
14682,8032
14683,8032
14684,8040
14685,8045
14686,8040
14687,8021
14688,8043
14689,8032
14690,8021
14691,8026
14692,8021
14693,8047
14694,8040
14695,8041
14696,8060
14697,8063
14698,8011
14699,8061
14700,8027
14701,8055
14702,8047
14703,8053
14704,8051
14705,8041
14706,8055
14707,8055
14708,8051
14709,8053
14710,8071
14711,8071
14712,8060
14713,8085
14714,8065
14715,8060
14716,8057
14717,8069
14718,8076
14719,8076
14720,8083
14721,8080
14722,8083
14723,8080
14724,8081
14725,8083
14726,8082
14727,8070
14728,8078
14729,8056
14730,8080
14731,8085
14732,8081
14733,8081
14734,8081
14735,8087
14736,8082
14737,8080
14738,8081
14739,8082
14740,8080
14741,8081
14742,8082
14743,8080
14744,8075
14745,8081
14746,8082
14747,8080
14748,8063
14749,8081
14750,8080
14751,8082
14752,8056
14753,8072
14754,8065
14755,8027
14756,8068
14757,8072
14758,8046
14759,8075
14760,8047
14761,8076
14762,8045
14763,8081
14764,8080
14765,8080
14766,8077
14767,8083
14768,8080
14769,8078
14770,8098
14771,8058
14772,8065
14773,8084
14774,8072
14775,8055
14776,8084
14777,8072
14778,8086
14779,8084
14780,8055
14781,8087
14782,8100
14783,8087
14784,8093
14785,8090
14786,8090
14787,8087
14788,8096
14789,8095
14790,8090
14791,8059
14792,8090
14793,8090
14794,8090
14795,8087
14796,8090
14797,8096
14798,8090
14799,8100
14800,8087
14801,8082
14802,8093
14803,8085
14804,8067
14805,8078
14806,8079
14807,8106
14808,8091
14809,8093
14810,8106
14811,8093
14812,8086
14813,8106
14814,8083
14815,8093
14816,8103
14817,8107
14818,8087
14819,8107
14820,8112
14821,8118
14822,8120
14823,8103
14824,8103
14825,8087
14826,8103
14827,8120
14828,8118
14829,8096
14830,8100
14831,8105
14832,8101
14833,8090
14834,8085
14835,8118
14836,8111
14837,8118
14838,8093
14839,8110
14840,8101
14841,8110
14842,8090
14843,8110
14844,8111
14845,8110
14846,8090
14847,8101
14848,8110
14849,8110
14850,8090
14851,8100
14852,8110
14853,8110
14854,8101
14855,8112
14856,8121
14857,8130
14858,8080
14859,8088
14860,8105
14861,8116
14862,8120
14863,8105
14864,8087
14865,8116
14866,8111
14867,8103
14868,8123
14869,8118
14870,8113
14871,8094
14872,8116
14873,8105
14874,8122
14875,8129
14876,8121
14877,8132
14878,8127
14879,8122
14880,8129
14881,8111
14882,8125
14883,8103
14884,8103
14885,8097
14886,8098
14887,8097
14888,8122
14889,8097
14890,8101
14891,8127
14892,8113
14893,8112
14894,8106
14895,8123
14896,8106
14897,8113
14898,8112
14899,8111
14900,8106
14901,8109
14902,8097
14903,8112
14904,8097
14905,8097
14906,8132
14907,8106
14908,8097
14909,8115
14910,8121
14911,8097
14912,8141
14913,8120
14914,8145
14915,8140
14916,8134
14917,8128
14918,8134
14919,8101
14920,8128
14921,8121
14922,8134
14923,8128
14924,8140
14925,8143
14926,8102
14927,8130
14928,8143
14929,8127
14930,8125
14931,8151
14932,8141
14933,8140
14934,8151
14935,8132
14936,8151
14937,8151
14938,8141
14939,8151
14940,8152
14941,8142
14942,8123
14943,8135
14944,8142
14945,8123
14946,8139
14947,8147
14948,8166
14949,8132
14950,8157
14951,8102
14952,8157
14953,8160
14954,8157
14955,8162
14956,8161
14957,8155
14958,8141
14959,8161
14960,8161
14961,8157
14962,8162
14963,8106
14964,8162
14965,8162
14966,8134
14967,8162
14968,8162
14969,8162
14970,8165
14971,8165
14972,8176
14973,8158
14974,8167
14975,8168
14976,8171
14977,8152
14978,8162
14979,8168
14980,8177
14981,8152
14982,8171
14983,8168
14984,8171
14985,8187
14986,8168
14987,8172
14988,8187
14989,8187
14990,8165
14991,8167
14992,8152
14993,8177
14994,8167
14995,8157
14996,8167
14997,8177
14998,8167
14999,8192
15000,8145
15001,8186
15002,8188
15003,8188
15004,8186
15005,8145
15006,8188
15007,8188
15008,8186
15009,8145
15010,8195
15011,8206
15012,8206
15013,8159
15014,8206
15015,8195
15016,8196
15017,8186
15018,8153
15019,8196
15020,8188
15021,8192
15022,8208
15023,8199
15024,8205
15025,8208
15026,8199
15027,8205
15028,8200
15029,8178
15030,8198
15031,8178
15032,8208
15033,8215
15034,8216
15035,8217
15036,8211
15037,8202
15038,8206
15039,8213
15040,8202
15041,8207
15042,8187
15043,8206
15044,8202
15045,8218
15046,8218
15047,8211
15048,8191
15049,8219
15050,8194
15051,8223
15052,8219
15053,8203
15054,8230
15055,8225
15056,8223
15057,8222
15058,8217
15059,8207
15060,8205
15061,8217
15062,8230
15063,8217
15064,8222
15065,8224
15066,8237
15067,8239
15068,8242
15069,8238
15070,8242
15071,8239
15072,8235
15073,8242
15074,8239
15075,8236
15076,8245
15077,8246
15078,8255
15079,8243
15080,8231
15081,8243
15082,8247
15083,8249
15084,8247
15085,8245
15086,8223
15087,8246
15088,8231
15089,8206
15090,8242
15091,8206
15092,8244
15093,8235
15094,8206
15095,8238
15096,8235
15097,8241
15098,8253
15099,8253
15100,8244
15101,8233
15102,8248
15103,8253
15104,8255
15105,8206
15106,8235
15107,8262
15108,8267
15109,8247
15110,8262
15111,8255
15112,8226
15113,8247
15114,8255
15115,8226
15116,8224
15117,8255
15118,8226
15119,8242
15120,8263
15121,8257
15122,8263
15123,8203
15124,8260
15125,8263
15126,8260
15127,8244
15128,8253
15129,8252
15130,8260
15131,8263
15132,8257
15133,8263
15134,8242
15135,8226
15136,8255
15137,8226
15138,8224
15139,8255
15140,8247
15141,8226
15142,8255
15143,8250
15144,8251
15145,8232
15146,8245
15147,8244
15148,8256
15149,8232
15150,8262
15151,8273
15152,8248
15153,8267
15154,8263
15155,8273
15156,8267
15157,8263
15158,8273
15159,8267
15160,8262
15161,8256
15162,8252
15163,8230
15164,8257
15165,8252
15166,8230
15167,8230
15168,8257
15169,8230
15170,8230
15171,8257
15172,8230
15173,8242
15174,8265
15175,8267
15176,8256
15177,8253
15178,8230
15179,8245
15180,8253
15181,8236
15182,8253
15183,8242
15184,8231
15185,8253
15186,8236
15187,8245
15188,8253
15189,8237
15190,8252
15191,8256
15192,8252
15193,8238
15194,8256
15195,8267
15196,8224
15197,8266
15198,8248
15199,8224
15200,8266
15201,8248
15202,8266
15203,8224
15204,8224
15205,8248
15206,8266
15207,8249
15208,8263
15209,8271
15210,8271
15211,8268
15212,8276
15213,8275
15214,8252
15215,8265
15216,8290
15217,8267
15218,8290
15219,8282
15220,8298
15221,8300
15222,8296
15223,8272
15224,8291
15225,8291
15226,8291
15227,8290
15228,8317
15229,8320
15230,8311
15231,8320
15232,8316
15233,8317
15234,8316
15235,8316
15236,8320
15237,8316
15238,8300
15239,8316
15240,8315
15241,8323
15242,8308
15243,8323
15244,8322
15245,8320
15246,8292
15247,8297
15248,8320
15249,8330
15250,8300
15251,8330
15252,8304
15253,8300
15254,8293
15255,8316
15256,8320
15257,8300
15258,8328
15259,8303
15260,8307
15261,8327
15262,8303
15263,8298
15264,8332
15265,8330
15266,8335
15267,8318
15268,8350
15269,8328
15270,8333
15271,8318
15272,8331
15273,8350
15274,8334
15275,8335
15276,8343
15277,8335
15278,8340
15279,8335
15280,8350
15281,8331
15282,8360
15283,8351
15284,8360
15285,8340
15286,8360
15287,8331
15288,8339
15289,8348
15290,8307
15291,8331
15292,8347
15293,8355
15294,8338
15295,8354
15296,8338
15297,8354
15298,8355
15299,8342
15300,8338
15301,8337
15302,8348
15303,8333
15304,8338
15305,8327
15306,8334
15307,8349
15308,8342
15309,8341
15310,8350
15311,8363
15312,8320
15313,8367
15314,8361
15315,8356
15316,8373
15317,8350
15318,8347
15319,8360
15320,8349
15321,8360
15322,8358
15323,8357
15324,8356
15325,8350
15326,8373
15327,8373
15328,8361
15329,8356
15330,8373
15331,8350
15332,8373
15333,8356
15334,8373
15335,8372
15336,8344
15337,8370
15338,8362
15339,8370
15340,8344
15341,8373
15342,8366
15343,8374
15344,8379
15345,8362
15346,8372
15347,8362
15348,8351
15349,8362
15350,8350
15351,8360
15352,8349
15353,8360
15354,8379
15355,8367
15356,8358
15357,8367
15358,8366
15359,8367
15360,8358
15361,8361
15362,8386
15363,8382
15364,8379
15365,8372
15366,8344
15367,8372
15368,8372
15369,8344
15370,8325
15371,8372
15372,8344
15373,8372
15374,8349
15375,8357
15376,8354
15377,8360
15378,8323
15379,8372
15380,8344
15381,8372
15382,8344
15383,8372
15384,8372
15385,8344
15386,8372
15387,8339
15388,8368
15389,8368
15390,8376
15391,8352
15392,8397
15393,8397
15394,8353
15395,8397
15396,8388
15397,8359
15398,8353
15399,8363
15400,8359
15401,8382
15402,8393
15403,8387
15404,8376
15405,8386
15406,8393
15407,8352
15408,8377
15409,8377
15410,8386
15411,8396
15412,8389
15413,8398
15414,8391
15415,8391
15416,8389
15417,8398
15418,8379
15419,8395
15420,8387
15421,8377
15422,8395
15423,8395
15424,8396
15425,8395
15426,8387
15427,8395
15428,8377
15429,8395
15430,8377
15431,8387
15432,8396
15433,8395
15434,8375
15435,8395
15436,8371
15437,8397
15438,8402
15439,8383
15440,8388
15441,8412
15442,8382
15443,8388
15444,8412
15445,8412
15446,8388
15447,8412
15448,8408
15449,8404
15450,8386
15451,8412
15452,8421
15453,8417
15454,8420
15455,8419
15456,8421
15457,8394
15458,8421
15459,8419
15460,8417
15461,8420
15462,8421
15463,8394
15464,8421
15465,8419
15466,8404
15467,8421
15468,8417
15469,8420
15470,8419
15471,8421
15472,8394
15473,8421
15474,8419
15475,8421
15476,8417
15477,8420
15478,8394
15479,8421
15480,8419
15481,8412
15482,8421
15483,8420
15484,8417
15485,8419
15486,8421
15487,8394
15488,8421
15489,8419
15490,8421
15491,8420
15492,8417
15493,8394
15494,8421
15495,8419
15496,8412
15497,8421
15498,8419
15499,8420
15500,8417
15501,8421
15502,8394
15503,8421
15504,8419
15505,8421
15506,8420
15507,8417
15508,8394
15509,8421
15510,8419
15511,8404
15512,8421
15513,8386
15514,8382
15515,8404
15516,8402
15517,8382
15518,8404
15519,8396
15520,8392
15521,8366
15522,8400
15523,8412
15524,8412
15525,8417
15526,8426
15527,8419
15528,8414
15529,8417
15530,8373
15531,8413
15532,8387
15533,8407
15534,8407
15535,8420
15536,8387
15537,8407
15538,8413
15539,8414
15540,8417
15541,8373
15542,8407
15543,8414
15544,8373
15545,8393
15546,8402
15547,8399
15548,8420
15549,8420
15550,8405
15551,8408
15552,8410
15553,8420
15554,8403
15555,8384
15556,8402
15557,8373
15558,8414
15559,8417
15560,8373
15561,8414
15562,8373
15563,8407
15564,8417
15565,8414
15566,8373
15567,8394
15568,8403
15569,8406
15570,8403
15571,8397
15572,8366
15573,8403
15574,8397
15575,8411
15576,8424
15577,8423
15578,8434
15579,8412
15580,8431
15581,8447
15582,8433
15583,8416
15584,8439
15585,8428
15586,8432
15587,8426
15588,8427
15589,8415
15590,8429
15591,8431
15592,8434
15593,8454
15594,8454
15595,8430
15596,8454
15597,8441
15598,8433
15599,8445
15600,8433
15601,8432
15602,8437
15603,8454
15604,8446
15605,8430
15606,8454
15607,8441
15608,8459
15609,8456
15610,8426
15611,8455
15612,8456
15613,8426
15614,8459
15615,8426
15616,8456
15617,8455
15618,8426
15619,8453
15620,8459
15621,8456
15622,8426
15623,8411
15624,8456
15625,8460
15626,8456
15627,8453
15628,8441
15629,8463
15630,8459
15631,8446
15632,8459
15633,8463
15634,8433
15635,8456
15636,8453
15637,8460
15638,8456
15639,8411
15640,8426
15641,8456
15642,8455
15643,8426
15644,8459
15645,8456
15646,8426
15647,8456
15648,8455
15649,8426
15650,8459
15651,8456
15652,8426
15653,8450
15654,8473
15655,8446
15656,8436
15657,8473
15658,8473
15659,8463
15660,8473
15661,8473
15662,8463
15663,8473
15664,8436
15665,8473
15666,8451
15667,8479
15668,8433
15669,8479
15670,8452
15671,8479
15672,8488
15673,8462
15674,8478
15675,8491
15676,8488
15677,8462
15678,8488
15679,8491
15680,8462
15681,8488
15682,8478
15683,8481
15684,8480
15685,8488
15686,8488
15687,8490
15688,8488
15689,8489
15690,8490
15691,8488
15692,8464
15693,8479
15694,8486
15695,8480
15696,8469
15697,8487
15698,8495
15699,8487
15700,8476
15701,8481
15702,8495
15703,8475
15704,8495
15705,8495
15706,8487
15707,8495
15708,8501
15709,8510
15710,8502
15711,8495
15712,8506
15713,8499
15714,8501
15715,8463
15716,8488
15717,8464
15718,8463
15719,8464
15720,8488
15721,8450
15722,8464
15723,8488
15724,8463
15725,8503
15726,8509
15727,8487
15728,8488
15729,8499
15730,8492
15731,8506
15732,8498
15733,8506
15734,8499
15735,8506
15736,8500
15737,8518
15738,8478
15739,8478
15740,8498
15741,8508
15742,8517
15743,8523
15744,8529
15745,8529
15746,8531
15747,8529
15748,8529
15749,8531
15750,8529
15751,8522
15752,8537
15753,8493
15754,8541
15755,8540
15756,8525
15757,8543
15758,8534
15759,8544
15760,8501
15761,8546
15762,8534
15763,8538
15764,8544
15765,8544
15766,8545
15767,8546
15768,8516
15769,8546
15770,8545
15771,8546
15772,8516
15773,8536
15774,8545
15775,8546
15776,8516
15777,8527
15778,8540
15779,8527
15780,8540
15781,8546
15782,8527
15783,8527
15784,8521
15785,8527
15786,8527
15787,8515
15788,8527
15789,8526
15790,8527
15791,8530
15792,8544
15793,8537
15794,8508
15795,8544
15796,8530
15797,8544
15798,8537
15799,8508
15800,8512
15801,8546
15802,8521
15803,8546
15804,8533
15805,8484
15806,8546
15807,8546
15808,8546
15809,8521
15810,8534
15811,8546
15812,8546
15813,8528
15814,8527
15815,8527
15816,8526
15817,8507
15818,8527
15819,8527
15820,8513
15821,8550
15822,8543
15823,8561
15824,8527
15825,8561
15826,8551
15827,8561
15828,8559
15829,8573
15830,8558
15831,8573
15832,8556
15833,8573
15834,8568
15835,8566
15836,8555
15837,8570
15838,8551
15839,8561
15840,8572
15841,8555
15842,8573
15843,8566
15844,8561
15845,8531
15846,8569
15847,8590
15848,8574
15849,8582
15850,8551
15851,8582
15852,8582
15853,8582
15854,8567
15855,8567
15856,8582
15857,8582
15858,8582
15859,8567
15860,8582
15861,8578
15862,8578
15863,8571
15864,8581
15865,8571
15866,8584
15867,8578
15868,8571
15869,8581
15870,8571
15871,8589
15872,8577
15873,8582
15874,8589
15875,8570
15876,8571
15877,8584
15878,8566
15879,8582
15880,8590
15881,8582
15882,8572
15883,8568
15884,8579
15885,8573
15886,8531
15887,8572
15888,8572
15889,8544
15890,8575
15891,8560
15892,8572
15893,8565
15894,8568
15895,8563
15896,8553
15897,8547
15898,8555
15899,8535
15900,8563
15901,8571
15902,8566
15903,8563
15904,8553
15905,8550
15906,8562
15907,8563
15908,8553
15909,8556
15910,8575
15911,8574
15912,8535
15913,8576
15914,8561
15915,8566
15916,8560
15917,8566
15918,8543
15919,8566
15920,8560
15921,8561
15922,8566
15923,8586
15924,8568
15925,8577
15926,8592
15927,8577
15928,8592
15929,8568
15930,8586
15931,8566
15932,8560
15933,8573
15934,8574
15935,8589
15936,8553
15937,8555
15938,8574
15939,8573
15940,8566
15941,8560
15942,8543
15943,8566
15944,8560
15945,8566
15946,8560
15947,8543
15948,8571
15949,8566
15950,8572
15951,8603
15952,8598
15953,8586
15954,8577
15955,8589
15956,8610
15957,8593
15958,8589
15959,8596
15960,8599
15961,8596
15962,8570
15963,8602
15964,8587
15965,8599
15966,8589
15967,8595
15968,8576
15969,8574
15970,8595
15971,8540
15972,8576
15973,8574
15974,8596
15975,8602
15976,8597
15977,8602
15978,8577
15979,8598
15980,8602
15981,8586
15982,8599
15983,8593
15984,8595
15985,8592
15986,8593
15987,8599
15988,8595
15989,8587
15990,8577
15991,8602
15992,8598
15993,8597
15994,8602
15995,8603
15996,8603
15997,8616
15998,8597
15999,8601
16000,8616
16001,8603
16002,8574
16003,8596
16004,8613
16005,8613
16006,8604
16007,8613
16008,8608
16009,8576
16010,8592
16011,8574
16012,8622
16013,8598
16014,8623
16015,8614
16016,8604
16017,8598
16018,8623
16019,8613
16020,8625
16021,8615
16022,8613
16023,8615
16024,8604
16025,8608
16026,8613
16027,8608
16028,8604
16029,8613
16030,8608
16031,8577
16032,8613
16033,8608
16034,8624
16035,8624
16036,8610
16037,8617
16038,8632
16039,8622
16040,8627
16041,8631
16042,8623
16043,8631
16044,8627
16045,8637
16046,8631
16047,8624
16048,8631
16049,8631
16050,8598
16051,8624
16052,8631
16053,8631
16054,8624
16055,8644
16056,8634
16057,8620
16058,8634
16059,8644
16060,8620
16061,8634
16062,8648
16063,8645
16064,8653
16065,8638
16066,8651
16067,8653
16068,8638
16069,8645
16070,8651
16071,8653
16072,8638
16073,8651
16074,8645
16075,8653
16076,8638
16077,8651
16078,8653
16079,8645
16080,8655
16081,8669
16082,8648
16083,8669
16084,8635
16085,8658
16086,8647
16087,8649
16088,8649
16089,8649
16090,8647
16091,8673
16092,8654
16093,8667
16094,8673
16095,8649
16096,8649
16097,8647
16098,8665
16099,8668
16100,8668
16101,8668
16102,8643
16103,8668
16104,8664
16105,8668
16106,8668
16107,8668
16108,8671
16109,8654
16110,8658
16111,8674
16112,8663
16113,8688
16114,8673
16115,8683
16116,8678
16117,8692
16118,8692
16119,8687
16120,8681
16121,8687
16122,8692
16123,8693
16124,8681
16125,8685
16126,8689
16127,8692
16128,8701
16129,8675
16130,8690
16131,8693
16132,8663
16133,8693
16134,8693
16135,8650
16136,8682
16137,8688
16138,8695
16139,8682
16140,8685
16141,8701
16142,8693
16143,8701
16144,8685
16145,8693
16146,8678
16147,8693
16148,8701
16149,8685
16150,8693
16151,8701
16152,8681
16153,8698
16154,8682
16155,8701
16156,8718
16157,8718
16158,8703
16159,8715
16160,8722
16161,8713
16162,8720
16163,8701
16164,8713
16165,8722
16166,8720
16167,8701
16168,8713
16169,8728
16170,8726
16171,8737
16172,8708
16173,8721
16174,8726
16175,8737
16176,8726
16177,8737
16178,8726
16179,8713
16180,8722
16181,8701
16182,8720
16183,8733
16184,8731
16185,8734
16186,8731
16187,8719
16188,8710
16189,8734
16190,8731
16191,8695
16192,8738
16193,8738
16194,8721
16195,8738
16196,8738
16197,8738
16198,8717
16199,8738
16200,8738
16201,8751
16202,8749
16203,8725
16204,8753
16205,8756
16206,8761
16207,8758
16208,8758
16209,8714
16210,8749
16211,8752
16212,8776
16213,8774
16214,8780
16215,8783
16216,8778
16217,8747
16218,8738
16219,8762
16220,8769
16221,8773
16222,8742
16223,8755
16224,8769
16225,8773
16226,8769
16227,8773
16228,8766
16229,8747
16230,8769
16231,8765
16232,8767
16233,8777
16234,8767
16235,8767
16236,8759
16237,8782
16238,8787
16239,8764
16240,8777
16241,8767
16242,8769
16243,8767
16244,8770
16245,8776
16246,8782
16247,8785
16248,8785
16249,8782
16250,8785
16251,8749
16252,8794
16253,8793
16254,8792
16255,8793
16256,8802
16257,8800
16258,8801
16259,8785
16260,8801
16261,8781
16262,8778
16263,8796
16264,8801
16265,8781
16266,8801
16267,8793
16268,8781
16269,8801
16270,8778
16271,8772
16272,8793
16273,8801
16274,8799
16275,8801
16276,8776
16277,8795
16278,8796
16279,8798
16280,8797
16281,8782
16282,8807
16283,8803
16284,8807
16285,8782
16286,8776
16287,8807
16288,8803
16289,8782
16290,8776
16291,8807
16292,8782
16293,8803
16294,8807
16295,8782
16296,8776
16297,8807
16298,8803
16299,8801
16300,8797
16301,8807
16302,8822
16303,8803
16304,8802
16305,8822
16306,8782
16307,8802
16308,8802
16309,8784
16310,8822
16311,8802
16312,8822
16313,8802
16314,8803
16315,8823
16316,8832
16317,8816
16318,8832
16319,8821
16320,8830
16321,8830
16322,8807
16323,8829
16324,8830
16325,8830
16326,8830
16327,8807
16328,8830
16329,8829
16330,8831
16331,8830
16332,8830
16333,8850
16334,8824
16335,8841
16336,8845
16337,8857
16338,8853
16339,8872
16340,8847
16341,8862
16342,8853
16343,8820
16344,8820
16345,8836
16346,8820
16347,8820
16348,8853
16349,8836
16350,8854
16351,8820
16352,8820
16353,8828
16354,8853
16355,8836
16356,8820
16357,8820
16358,8844
16359,8831
16360,8846
16361,8867
16362,8853
16363,8846
16364,8867
16365,8846
16366,8867
16367,8853
16368,8846
16369,8858
16370,8857
16371,8841
16372,8857
16373,8849
16374,8847
16375,8857
16376,8858
16377,8846
16378,8867
16379,8853
16380,8854
16381,8867
16382,8853
16383,8846
16384,8867
16385,8854
16386,8864
16387,8866
16388,8812
16389,8863
16390,8864
16391,8842
16392,8856
16393,8851
16394,8869
16395,8853
16396,8849
16397,8850
16398,8857
16399,8851
16400,8849
16401,8850
16402,8853
16403,8869
16404,8849
16405,8850
16406,8857
16407,8853
16408,8850
16409,8849
16410,8851
16411,8849
16412,8857
16413,8850
16414,8853
16415,8849
16416,8850
16417,8857
16418,8879
16419,8869
16420,8869
16421,8879
16422,8874
16423,8869
16424,8879
16425,8871
16426,8851
16427,8865
16428,8868
16429,8862
16430,8832
16431,8850
16432,8832
16433,8868
16434,8866
16435,8851
16436,8854
16437,8851
16438,8870
16439,8881
16440,8858
16441,8881
16442,8873
16443,8881
16444,8881
16445,8881
16446,8852
16447,8856
16448,8879
16449,8877
16450,8851
16451,8872
16452,8854
16453,8868
16454,8872
16455,8851
16456,8877
16457,8879
16458,8857
16459,8877
16460,8866
16461,8879
16462,8874
16463,8831
16464,8849
16465,8831
16466,8831
16467,8847
16468,8831
16469,8839
16470,8831
16471,8831
16472,8864
16473,8847
16474,8831
16475,8864
16476,8856
16477,8876
16478,8852
16479,8867
16480,8872
16481,8873
16482,8839
16483,8878
16484,8868
16485,8872
16486,8878
16487,8868
16488,8878
16489,8864
16490,8872
16491,8877
16492,8889
16493,8889
16494,8885
16495,8889
16496,8878
16497,8889
16498,8889
16499,8885
16500,8889
16501,8876
16502,8871
16503,8884
16504,8871
16505,8849
16506,8884
16507,8871
16508,8865
16509,8887
16510,8902
16511,8902
16512,8896
16513,8902
16514,8887
16515,8902
16516,8902
16517,8887
16518,8896
16519,8889
16520,8863
16521,8900
16522,8889
16523,8896
16524,8863
16525,8871
16526,8863
16527,8888
16528,8890
16529,8876
16530,8907
16531,8890
16532,8908
16533,8907
16534,8889
16535,8863
16536,8900
16537,8913
16538,8899
16539,8892
16540,8905
16541,8878
16542,8899
16543,8892
16544,8878
16545,8899
16546,8905
16547,8920
16548,8921
16549,8912
16550,8912
16551,8911
16552,8902
16553,8916
16554,8932
16555,8928
16556,8936
16557,8942
16558,8943
16559,8934
16560,8943
16561,8930
16562,8946
16563,8932
16564,8930
16565,8943
16566,8930
16567,8942
16568,8962
16569,8951
16570,8953
16571,8951
16572,8953
16573,8942
16574,8930
16575,8943
16576,8946
16577,8930
16578,8932
16579,8930
16580,8943
16581,8930
16582,8932
16583,8946
16584,8955
16585,8959
16586,8948
16587,8932
16588,8959
16589,8938
16590,8958
16591,8959
16592,8929
16593,8958
16594,8959
16595,8948
16596,8958
16597,8959
16598,8938
16599,8958
16600,8959
16601,8948
16602,8938
16603,8959
16604,8958
16605,8948
16606,8959
16607,8958
16608,8951
16609,8942
16610,8948
16611,8959
16612,8948
16613,8958
16614,8933
16615,8948
16616,8952
16617,8951
16618,8962
16619,8942
16620,8943
16621,8930
16622,8926
16623,8962
16624,8962
16625,8954
16626,8969
16627,8954
16628,8954
16629,8958
16630,8947
16631,8969
16632,8954
16633,8927
16634,8954
16635,8954
16636,8969
16637,8954
16638,8954
16639,8969
16640,8948
16641,8958
16642,8941
16643,8958
16644,8956
16645,8959
16646,8956
16647,8951
16648,8938
16649,8939
16650,8961
16651,8919
16652,8960
16653,8951
16654,8971
16655,8971
16656,8958
16657,8971
16658,8951
16659,8971
16660,8958
16661,8971
16662,8947
16663,8971
16664,8958
16665,8951
16666,8971
16667,8960
16668,8961
16669,8919
16670,8961
16671,8949
16672,8958
16673,8958
16674,8958
16675,8958
16676,8953
16677,8951
16678,8951
16679,8951
16680,8958
16681,8943
16682,8951
16683,8958
16684,8927
16685,8949
16686,8953
16687,8977
16688,8969
16689,8951
16690,8977
16691,8969
16692,8953
16693,8951
16694,8969
16695,8969
16696,8979
16697,8975
16698,8963
16699,8979
16700,8979
16701,8988
16702,8984
16703,8981
16704,8986
16705,8984
16706,8982
16707,8986
16708,8984
16709,8977
16710,8969
16711,8996
16712,8988
16713,9004
16714,9003
16715,9015
16716,9016
16717,9015
16718,9015
16719,9011
16720,8978
16721,9006
16722,8978
16723,9006
16724,9009
16725,9006
16726,8978
16727,8982
16728,9006
16729,9011
16730,9016
16731,9015
16732,9015
16733,9001
16734,9016
16735,9015
16736,9008
16737,9006
16738,8978
16739,8982
16740,9006
16741,8978
16742,8982
16743,9006
16744,8978
16745,9006
16746,8978
16747,9006
16748,8984
16749,8979
16750,8993
16751,8974
16752,9013
16753,8975
16754,8984
16755,8998
16756,8978
16757,8998
16758,8999
16759,8954
16760,8999
16761,8996
16762,8999
16763,9003
16764,8999
16765,8996
16766,8954
16767,8999
16768,9012
16769,9019
16770,9014
16771,9020
16772,9009
16773,9025
16774,9020
16775,9025
16776,9009
16777,9020
16778,9026
16779,9029
16780,9036
16781,9049
16782,9033
16783,9012
16784,9053
16785,9039
16786,9057
16787,9044
16788,9044
16789,9055
16790,9056
16791,9044
16792,9067
16793,9064
16794,9067
16795,9039
16796,9067
16797,9064
16798,9067
16799,9058
16800,9063
16801,9026
16802,9053
16803,9049
16804,9039
16805,9053
16806,9058
16807,9068
16808,9068
16809,9028
16810,9068
16811,9063
16812,9068
16813,9068
16814,9063
16815,9074
16816,9068
16817,9071
16818,9072
16819,9058
16820,9068
16821,9068
16822,9063
16823,9056
16824,9056
16825,9064
16826,9064
16827,9056
16828,9064
16829,9051
16830,9054
16831,9064
16832,9056
16833,9064
16834,9064
16835,9061
16836,9066
16837,9076
16838,9073
16839,9066
16840,9076
16841,9062
16842,9038
16843,9073
16844,9076
16845,9066
16846,9076
16847,9066
16848,9062
16849,9061
16850,9043
16851,9064
16852,9073
16853,9051
16854,9053
16855,9071
16856,9051
16857,9053
16858,9076
16859,9069
16860,9069
16861,9067
16862,9086
16863,9069
16864,9089
16865,9103
16866,9079
16867,9079
16868,9103
16869,9085
16870,9088
16871,9101
16872,9091
16873,9101
16874,9101
16875,9085
16876,9088
16877,9101
16878,9091
16879,9089
16880,9089
16881,9074
16882,9082
16883,9107
16884,9107
16885,9104
16886,9086
16887,9089
16888,9071
16889,9089
16890,9085
16891,9098
16892,9094
16893,9088
16894,9099
16895,9108
16896,9099
16897,9095
16898,9108
16899,9099
16900,9095
16901,9097
16902,9108
16903,9090
16904,9099
16905,9087
16906,9108
16907,9099
16908,9057
16909,9105
16910,9093
16911,9099
16912,9102
16913,9106
16914,9099
16915,9106
16916,9099
16917,9102
16918,9106
16919,9084
16920,9106
16921,9107
16922,9081
16923,9111
16924,9122
16925,9103
16926,9113
16927,9122
16928,9071
16929,9122
16930,9099
16931,9118
16932,9123
16933,9071
16934,9123
16935,9123
16936,9118
16937,9123
16938,9123
16939,9109
16940,9118
16941,9123
16942,9136
16943,9139
16944,9131
16945,9139
16946,9118
16947,9139
16948,9132
16949,9131
16950,9132
16951,9127
16952,9131
16953,9132
16954,9144
16955,9142
16956,9147
16957,9134
16958,9144
16959,9131
16960,9147
16961,9108
16962,9147
16963,9127
16964,9147
16965,9156
16966,9153
16967,9158
16968,9156
16969,9139
16970,9154
16971,9158
16972,9153
16973,9156
16974,9159
16975,9156
16976,9163
16977,9166
16978,9151
16979,9156
16980,9166
16981,9163
16982,9174
16983,9177
16984,9163
16985,9173
16986,9172
16987,9173
16988,9177
16989,9171
16990,9177
16991,9158
16992,9174
16993,9179
16994,9159
16995,9158
16996,9154
16997,9164
16998,9132
16999,9157
17000,9169
17001,9157
17002,9177
17003,9172
17004,9149
17005,9149
17006,9172
17007,9163
17008,9177
17009,9149
17010,9172
17011,9177
17012,9159
17013,9167
17014,9154
17015,9161
17016,9174
17017,9177
17018,9164
17019,9172
17020,9177
17021,9168
17022,9164
17023,9149
17024,9169
17025,9164
17026,9164
17027,9149
17028,9169
17029,9174
17030,9181
17031,9176
17032,9141
17033,9172
17034,9169
17035,9172
17036,9159
17037,9181
17038,9154
17039,9161
17040,9157
17041,9181
17042,9174
17043,9189
17044,9179
17045,9182
17046,9171
17047,9181
17048,9161
17049,9172
17050,9192
17051,9196
17052,9193
17053,9183
17054,9193
17055,9184
17056,9192
17057,9164
17058,9184
17059,9192
17060,9184
17061,9193
17062,9197
17063,9184
17064,9192
17065,9184
17066,9202
17067,9184
17068,9193
17069,9192
17070,9184
17071,9184
17072,9204
17073,9196
17074,9193
17075,9196
17076,9192
17077,9183
17078,9197
17079,9192
17080,9182
17081,9192
17082,9197
17083,9192
17084,9202
17085,9216
17086,9224
17087,9192
17088,9211
17089,9239
17090,9228
17091,9226
17092,9229
17093,9217
17094,9229
17095,9229
17096,9218
17097,9217
17098,9239
17099,9228
17100,9214
17101,9239
17102,9227
17103,9239
17104,9247
17105,9238
17106,9252
17107,9262
17108,9226
17109,9254
17110,9262
17111,9236
17112,9262
17113,9254
17114,9262
17115,9252
17116,9247
17117,9247
17118,9238
17119,9247
17120,9241
17121,9258
17122,9266
17123,9211
17124,9221
17125,9256
17126,9259
17127,9256
17128,9222
17129,9254
17130,9269
17131,9260
17132,9256
17133,9249
17134,9247
17135,9264
17136,9266
17137,9266
17138,9266
17139,9266
17140,9259
17141,9272
17142,9274
17143,9274
17144,9284
17145,9272
17146,9272
17147,9289
17148,9281
17149,9289
17150,9281
17151,9267
17152,9266
17153,9296
17154,9292
17155,9288
17156,9254
17157,9281
17158,9288
17159,9269
17160,9262
17161,9272
17162,9265
17163,9247
17164,9218
17165,9288
17166,9283
17167,9294
17168,9304
17169,9281
17170,9302
17171,9289
17172,9303
17173,9290
17174,9305
17175,9311
17176,9304
17177,9298
17178,9311
17179,9296
17180,9302
17181,9302
17182,9324
17183,9314
17184,9302
17185,9324
17186,9319
17187,9314
17188,9290
17189,9283
17190,9302
17191,9314
17192,9290
17193,9314
17194,9314
17195,9301
17196,9314
17197,9290
17198,9314
17199,9324
17200,9316
17201,9312
17202,9324
17203,9329
17204,9325
17205,9327
17206,9324
17207,9324
17208,9316
17209,9319
17210,9302
17211,9316
17212,9319
17213,9303
17214,9316
17215,9294
17216,9319
17217,9316
17218,9272
17219,9320
17220,9309
17221,9301
17222,9305
17223,9293
17224,9298
17225,9305
17226,9293
17227,9302
17228,9323
17229,9328
17230,9310
17231,9334
17232,9334
17233,9331
17234,9342
17235,9345
17236,9329
17237,9314
17238,9344
17239,9329
17240,9338
17241,9344
17242,9329
17243,9342
17244,9354
17245,9324
17246,9354
17247,9349
17248,9362
17249,9349
17250,9344
17251,9363
17252,9362
17253,9362
17254,9344
17255,9354
17256,9359
17257,9359
17258,9354
17259,9341
17260,9333
17261,9331
17262,9361
17263,9359
17264,9354
17265,9359
17266,9365
17267,9372
17268,9353
17269,9361
17270,9372
17271,9342
17272,9372
17273,9362
17274,9372
17275,9372
17276,9356
17277,9354
17278,9359
17279,9354
17280,9344
17281,9357
17282,9348
17283,9353
17284,9361
17285,9372
17286,9348
17287,9356
17288,9352
17289,9345
17290,9360
17291,9358
17292,9379
17293,9362
17294,9372
17295,9379
17296,9372
17297,9361
17298,9379
17299,9372
17300,9362
17301,9373
17302,9372
17303,9349
17304,9368
17305,9352
17306,9342
17307,9343
17308,9366
17309,9342
17310,9367
17311,9369
17312,9376
17313,9362
17314,9377
17315,9388
17316,9379
17317,9379
17318,9351
17319,9392
17320,9379
17321,9383
17322,9381
17323,9373
17324,9366
17325,9358
17326,9351
17327,9343
17328,9384
17329,9351
17330,9378
17331,9358
17332,9351
17333,9364
17334,9358
17335,9351
17336,9358
17337,9378
17338,9351
17339,9384
17340,9343
17341,9358
17342,9351
17343,9382
17344,9379
17345,9392
17346,9352
17347,9373
17348,9381
17349,9378
17350,9373
17351,9381
17352,9373
17353,9379
17354,9381
17355,9373
17356,9375
17357,9394
17358,9398
17359,9391
17360,9396
17361,9409
17362,9400
17363,9401
17364,9403
17365,9396
17366,9410
17367,9403
17368,9387
17369,9389
17370,9387
17371,9396
17372,9387
17373,9374
17374,9389
17375,9387
17376,9396
17377,9410
17378,9401
17379,9403
17380,9396
17381,9410
17382,9403
17383,9367
17384,9401
17385,9409
17386,9393
17387,9406
17388,9421
17389,9409
17390,9406
17391,9421
17392,9393
17393,9413
17394,9421
17395,9406
17396,9401
17397,9393
17398,9411
17399,9384
17400,9402
17401,9411
17402,9398
17403,9411
17404,9402
17405,9411
17406,9402
17407,9411
17408,9413
17409,9411
17410,9419
17411,9422
17412,9409
17413,9407
17414,9404
17415,9408
17416,9398
17417,9378
17418,9408
17419,9404
17420,9399
17421,9418
17422,9411
17423,9419
17424,9432
17425,9413
17426,9413
17427,9433
17428,9413
17429,9416
17430,9413
17431,9406
17432,9413
17433,9413
17434,9433
17435,9416
17436,9429
17437,9427
17438,9432
17439,9438
17440,9429
17441,9432
17442,9399
17443,9442
17444,9438
17445,9399
17446,9419
17447,9444
17448,9449
17449,9422
17450,9442
17451,9441
17452,9409
17453,9412
17454,9419
17455,9441
17456,9443
17457,9401
17458,9439
17459,9432
17460,9449
17461,9449
17462,9429
17463,9419
17464,9434
17465,9451
17466,9447
17467,9467
17468,9449
17469,9447
17470,9467
17471,9451
17472,9467
17473,9447
17474,9451
17475,9467
17476,9447
17477,9448
17478,9462
17479,9466
17480,9447
17481,9466
17482,9448
17483,9467
17484,9447
17485,9467
17486,9451
17487,9437
17488,9467
17489,9447
17490,9451
17491,9449
17492,9467
17493,9447
17494,9467
17495,9451
17496,9442
17497,9448
17498,9463
17499,9453
17500,9416
17501,9431
17502,9447
17503,9467
17504,9451
17505,9449
17506,9458
17507,9419
17508,9429
17509,9449
17510,9429
17511,9433
17512,9429
17513,9419
17514,9429
17515,9434
17516,9467
17517,9451
17518,9454
17519,9461
17520,9446
17521,9437
17522,9454
17523,9461
17524,9446
17525,9461
17526,9463
17527,9448
17528,9466
17529,9461
17530,9461
17531,9442
17532,9448
17533,9466
17534,9461
17535,9448
17536,9463
17537,9461
17538,9446
17539,9444
17540,9461
17541,9454
17542,9446
17543,9456
17544,9461
17545,9454
17546,9446
17547,9461
17548,9444
17549,9456
17550,9454
17551,9438
17552,9461
17553,9446
17554,9454
17555,9461
17556,9459
17557,9461
17558,9441
17559,9458
17560,9441
17561,9461
17562,9459
17563,9448
17564,9466
17565,9461
17566,9461
17567,9448
17568,9474
17569,9474
17570,9461
17571,9472
17572,9474
17573,9473
17574,9464
17575,9477
17576,9491
17577,9493
17578,9494
17579,9493
17580,9478
17581,9489
17582,9483
17583,9492
17584,9491
17585,9483
17586,9489
17587,9468
17588,9492
17589,9491
17590,9499
17591,9489
17592,9499
17593,9499
17594,9482
17595,9513
17596,9508
17597,9512
17598,9478
17599,9512
17600,9512
17601,9508
17602,9504
17603,9506
17604,9513
17605,9508
17606,9519
17607,9519
17608,9494
17609,9517
17610,9527
17611,9496
17612,9513
17613,9498
17614,9527
17615,9519
17616,9536
17617,9501
17618,9524
17619,9536
17620,9536
17621,9512
17622,9501
17623,9536
17624,9524
17625,9527
17626,9514
17627,9496
17628,9515
17629,9539
17630,9526
17631,9532
17632,9534
17633,9541
17634,9532
17635,9542
17636,9544
17637,9512
17638,9524
17639,9544
17640,9544
17641,9539
17642,9541
17643,9529
17644,9533
17645,9541
17646,9524
17647,9526
17648,9558
17649,9552
17650,9549
17651,9563
17652,9552
17653,9554
17654,9569
17655,9569
17656,9571
17657,9564
17658,9563
17659,9566
17660,9562
17661,9557
17662,9566
17663,9574
17664,9574
17665,9586
17666,9546
17667,9579
17668,9586
17669,9588
17670,9596
17671,9591
17672,9582
17673,9579
17674,9563
17675,9568
17676,9586
17677,9574
17678,9567
17679,9564
17680,9574
17681,9574
17682,9574
17683,9574
17684,9567
17685,9586
17686,9588
17687,9584
17688,9546
17689,9584
17690,9593
17691,9579
17692,9574
17693,9567
17694,9574
17695,9574
17696,9574
17697,9564
17698,9574
17699,9567
17700,9574
17701,9547
17702,9553
17703,9564
17704,9541
17705,9571
17706,9564
17707,9561
17708,9564
17709,9571
17710,9569
17711,9564
17712,9571
17713,9541
17714,9566
17715,9563
17716,9566
17717,9549
17718,9564
17719,9569
17720,9571
17721,9564
17722,9564
17723,9578
17724,9564
17725,9549
17726,9574
17727,9569
17728,9563
17729,9579
17730,9559
17731,9581
17732,9576
17733,9579
17734,9559
17735,9576
17736,9581
17737,9572
17738,9559
17739,9576
17740,9559
17741,9581
17742,9559
17743,9576
17744,9570
17745,9596
17746,9591
17747,9592
17748,9592
17749,9572
17750,9583
17751,9567
17752,9558
17753,9579
17754,9579
17755,9583
17756,9571
17757,9584
17758,9555
17759,9570
17760,9589
17761,9589
17762,9586
17763,9579
17764,9589
17765,9558
17766,9589
17767,9586
17768,9589
17769,9589
17770,9589
17771,9586
17772,9589
17773,9571
17774,9558
17775,9589
17776,9589
17777,9586
17778,9597
17779,9593
17780,9581
17781,9597
17782,9599
17783,9597
17784,9599
17785,9597
17786,9599
17787,9581
17788,9593
17789,9597
17790,9599
17791,9588
17792,9589
17793,9599
17794,9579
17795,9599
17796,9589
17797,9602
17798,9586
17799,9559
17800,9584
17801,9577
17802,9586
17803,9559
17804,9586
17805,9577
17806,9559
17807,9586
17808,9584
17809,9563
17810,9594
17811,9599
17812,9589
17813,9591
17814,9606
17815,9602
17816,9594
17817,9611
17818,9604
17819,9614
17820,9592
17821,9609
17822,9607
17823,9592
17824,9614
17825,9609
17826,9606
17827,9592
17828,9614
17829,9606
17830,9604
17831,9599
17832,9624
17833,9612
17834,9614
17835,9616
17836,9616
17837,9616
17838,9627
17839,9616
17840,9628
17841,9604
17842,9627
17843,9648
17844,9594
17845,9648
17846,9619
17847,9604
17848,9619
17849,9616
17850,9628
17851,9616
17852,9619
17853,9604
17854,9616
17855,9628
17856,9616
17857,9628
17858,9619
17859,9616
17860,9604
17861,9627
17862,9648
17863,9638
17864,9627
17865,9616
17866,9628
17867,9597
17868,9619
17869,9604
17870,9628
17871,9616
17872,9614
17873,9622
17874,9622
17875,9629
17876,9622
17877,9616
17878,9627
17879,9644
17880,9636
17881,9631
17882,9644
17883,9641
17884,9622
17885,9622
17886,9622
17887,9622
17888,9618
17889,9622
17890,9622
17891,9621
17892,9624
17893,9624
17894,9627
17895,9621
17896,9624
17897,9621
17898,9575
17899,9595
17900,9627
17901,9629
17902,9643
17903,9618
17904,9636
17905,9638
17906,9646
17907,9639
17908,9632
17909,9632
17910,9631
17911,9632
17912,9628
17913,9637
17914,9624
17915,9642
17916,9637
17917,9633
17918,9633
17919,9633
17920,9637
17921,9627
17922,9633
17923,9637
17924,9619
17925,9633
17926,9644
17927,9637
17928,9644
17929,9629
17930,9636
17931,9629
17932,9614
17933,9644
17934,9644
17935,9644
17936,9631
17937,9632
17938,9642
17939,9632
17940,9639
17941,9638
17942,9647
17943,9639
17944,9653
17945,9631
17946,9658
17947,9672
17948,9678
17949,9674
17950,9669
17951,9667
17952,9678
17953,9674
17954,9681
17955,9691
17956,9681
17957,9677
17958,9684
17959,9691
17960,9666
17961,9692
17962,9696
17963,9693
17964,9692
17965,9688
17966,9677
17967,9696
17968,9679
17969,9688
17970,9691
17971,9699
17972,9664
17973,9688
17974,9689
17975,9708
17976,9698
17977,9706
17978,9694
17979,9693
17980,9718
17981,9721
17982,9716
17983,9726
17984,9701
17985,9728
17986,9732
17987,9731
17988,9724
17989,9717
17990,9732
17991,9731
17992,9732
17993,9728
17994,9701
17995,9726
17996,9716
17997,9721
17998,9718
17999,9701
18000,9694
18001,9706
18002,9698
18003,9708
18004,9658
18005,9701
18006,9682
18007,9721
18008,9716
18009,9701
18010,9703
18011,9691
18012,9697
18013,9724
18014,9716
18015,9721
18016,9721
18017,9724
18018,9728
18019,9701
18020,9702
18021,9704
18022,9673
18023,9699
18024,9703
18025,9686
18026,9682
18027,9721
18028,9716
18029,9702
18030,9717
18031,9711
18032,9711
18033,9709
18034,9711
18035,9723
18036,9723
18037,9722
18038,9713
18039,9723
18040,9709
18041,9716
18042,9711
18043,9717
18044,9722
18045,9729
18046,9729
18047,9734
18048,9729
18049,9724
18050,9718
18051,9706
18052,9723
18053,9674
18054,9718
18055,9731
18056,9730
18057,9724
18058,9734
18059,9724
18060,9728
18061,9724
18062,9724
18063,9723
18064,9717
18065,9698
18066,9686
18067,9698
18068,9712
18069,9717
18070,9716
18071,9694
18072,9736
18073,9731
18074,9723
18075,9719
18076,9711
18077,9722
18078,9733
18079,9729
18080,9729
18081,9724
18082,9724
18083,9713
18084,9711
18085,9713
18086,9731
18087,9737
18088,9731
18089,9742
18090,9749
18091,9694
18092,9701
18093,9732
18094,9756
18095,9744
18096,9729
18097,9738
18098,9739
18099,9752
18100,9749
18101,9734
18102,9732
18103,9757
18104,9766
18105,9756
18106,9779
18107,9769
18108,9779
18109,9769
18110,9779
18111,9749
18112,9766
18113,9779
18114,9769
18115,9779
18116,9769
18117,9779
18118,9769
18119,9779
18120,9749
18121,9774
18122,9764
18123,9789
18124,9769
18125,9768
18126,9773
18127,9778
18128,9781
18129,9784
18130,9774
18131,9766
18132,9766
18133,9769
18134,9778
18135,9779
18136,9782
18137,9768
18138,9782
18139,9762
18140,9768
18141,9781
18142,9791
18143,9784
18144,9788
18145,9794
18146,9782
18147,9794
18148,9783
18149,9787
18150,9786
18151,9794
18152,9783
18153,9794
18154,9783
18155,9787
18156,9783
18157,9794
18158,9783
18159,9792
18160,9782
18161,9787
18162,9783
18163,9794
18164,9783
18165,9787
18166,9783
18167,9778
18168,9787
18169,9783
18170,9794
18171,9783
18172,9787
18173,9783
18174,9794
18175,9782
18176,9792
18177,9783
18178,9787
18179,9783
18180,9804
18181,9811
18182,9811
18183,9805
18184,9811
18185,9771
18186,9809
18187,9808
18188,9792
18189,9809
18190,9799
18191,9808
18192,9809
18193,9771
18194,9811
18195,9796
18196,9799
18197,9771
18198,9799
18199,9799
18200,9768
18201,9771
18202,9799
18203,9771
18204,9778
18205,9813
18206,9818
18207,9806
18208,9816
18209,9794
18210,9806
18211,9789
18212,9798
18213,9806
18214,9809
18215,9813
18216,9819
18217,9805
18218,9804
18219,9838
18220,9814
18221,9808
18222,9803
18223,9830
18224,9841
18225,9818
18226,9844
18227,9841
18228,9841
18229,9844
18230,9818
18231,9841
18232,9844
18233,9841
18234,9818
18235,9841
18236,9844
18237,9841
18238,9818
18239,9844
18240,9834
18241,9839
18242,9867
18243,9852
18244,9854
18245,9847
18246,9867
18247,9853
18248,9838
18249,9873
18250,9867
18251,9857
18252,9869
18253,9877
18254,9887
18255,9873
18256,9887
18257,9862
18258,9877
18259,9873
18260,9887
18261,9868
18262,9868
18263,9831
18264,9868
18265,9854
18266,9876
18267,9869
18268,9882
18269,9874
18270,9877
18271,9874
18272,9894
18273,9894
18274,9896
18275,9886
18276,9874
18277,9894
18278,9878
18279,9894
18280,9906
18281,9917
18282,9894
18283,9917
18284,9892
18285,9894
18286,9874
18287,9892
18288,9892
18289,9907
18290,9894
18291,9892
18292,9901
18293,9892
18294,9894
18295,9892
18296,9907
18297,9892
18298,9874
18299,9892
18300,9894
18301,9901
18302,9892
18303,9907
18304,9878
18305,9908
18306,9896
18307,9908
18308,9901
18309,9908
18310,9870
18311,9911
18312,9901
18313,9899
18314,9911
18315,9898
18316,9888
18317,9922
18318,9896
18319,9906
18320,9922
18321,9922
18322,9908
18323,9922
18324,9906
18325,9922
18326,9871
18327,9922
18328,9908
18329,9922
18330,9906
18331,9914
18332,9904
18333,9872
18334,9884
18335,9906
18336,9906
18337,9916
18338,9914
18339,9888
18340,9906
18341,9911
18342,9912
18343,9911
18344,9906
18345,9901
18346,9911
18347,9906
18348,9912
18349,9911
18350,9898
18351,9886
18352,9904
18353,9886
18354,9914
18355,9927
18356,9916
18357,9899
18358,9914
18359,9927
18360,9916
18361,9926
18362,9918
18363,9916
18364,9926
18365,9916
18366,9927
18367,9914
18368,9927
18369,9916
18370,9899
18371,9914
18372,9916
18373,9927
18374,9914
18375,9884
18376,9924
18377,9931
18378,9934
18379,9924
18380,9919
18381,9930
18382,9934
18383,9930
18384,9924
18385,9934
18386,9930
18387,9913
18388,9934
18389,9930
18390,9941
18391,9937
18392,9927
18393,9931
18394,9927
18395,9937
18396,9907
18397,9934
18398,9936
18399,9929
18400,9920
18401,9928
18402,9937
18403,9944
18404,9924
18405,9944
18406,9942
18407,9944
18408,9948
18409,9944
18410,9929
18411,9944
18412,9939
18413,9944
18414,9929
18415,9939
18416,9924
18417,9944
18418,9942
18419,9944
18420,9916
18421,9944
18422,9942
18423,9929
18424,9935
18425,9934
18426,9947
18427,9961
18428,9934
18429,9937
18430,9944
18431,9953
18432,9959
18433,9938
18434,9972
18435,9981
18436,9958
18437,9969
18438,9918
18439,9957
18440,9958
18441,9974
18442,9974
18443,9974
18444,9944
18445,9974
18446,9969
18447,9948
18448,9981
18449,9958
18450,9948
18451,9974
18452,9978
18453,9974
18454,9965
18455,9944
18456,9987
18457,9982
18458,9993
18459,9974
18460,9977
18461,9992
18462,10000
18463,10003
18464,10004
18465,9982
18466,10004
18467,10004
18468,9985
18469,10003
18470,10004
18471,9982
18472,10014
18473,10004
18474,10013
18475,10015
18476,10019
18477,10028
18478,10022
18479,10017
18480,10018
18481,10017
18482,10015
18483,10016
18484,10002
18485,10032
18486,10019
18487,10032
18488,10032
18489,10017
18490,10011
18491,10017
18492,10019
18493,10019
18494,9988
18495,10022
18496,10017
18497,10022
18498,10033
18499,10004
18500,10024
18501,10019
18502,10041
18503,10027
18504,10031
18505,10024
18506,10031
18507,10027
18508,10024
18509,10043
18510,10038
18511,10034
18512,10028
18513,10029
18514,10028
18515,10028
18516,10029
18517,10028
18518,10029
18519,10028
18520,10034
18521,10047
18522,10039
18523,10022
18524,10047
18525,10047
18526,10042
18527,10047
18528,10039
18529,10034
18530,10028
18531,10028
18532,10029
18533,10028
18534,10029
18535,9994
18536,10028
18537,10028
18538,10029
18539,10028
18540,10025
18541,10049
18542,10032
18543,10044
18544,10024
18545,10051
18546,10039
18547,10044
18548,10057
18549,10039
18550,10051
18551,10044
18552,10039
18553,10057
18554,10039
18555,9988
18556,10061
18557,10029
18558,10022
18559,10049
18560,10037
18561,10032
18562,10049
18563,10044
18564,10034
18565,10053
18566,10058
18567,10056
18568,10029
18569,10061
18570,10069
18571,10061
18572,10029
18573,10063
18574,10049
18575,10062
18576,10068
18577,10064
18578,10065
18579,10054
18580,10064
18581,10065
18582,10069
18583,10073
18584,10079
18585,10066
18586,10079
18587,10066
18588,10073
18589,10079
18590,10066
18591,10062
18592,10064
18593,10061
18594,10068
18595,10070
18596,10060
18597,10047
18598,10083
18599,10059
18600,10073
18601,10069
18602,10083
18603,10067
18604,10065
18605,10083
18606,10068
18607,10058
18608,10059
18609,10058
18610,10067
18611,10059
18612,10068
18613,10049
18614,10075
18615,10019
18616,10056
18617,10062
18618,10069
18619,10071
18620,10068
18621,10073
18622,10041
18623,10079
18624,10073
18625,10064
18626,10041
18627,10073
18628,10068
18629,10073
18630,10079
18631,10075
18632,10061
18633,10067
18634,10066
18635,10051
18636,10061
18637,10077
18638,10083
18639,10059
18640,10064
18641,10058
18642,10059
18643,10083
18644,10078
18645,10061
18646,10074
18647,10073
18648,10082
18649,10089
18650,10097
18651,10078
18652,10082
18653,10093
18654,10094
18655,10089
18656,10099
18657,10089
18658,10092
18659,10097
18660,10085
18661,10085
18662,10096
18663,10085
18664,10091
18665,10087
18666,10079
18667,10060
18668,10087
18669,10084
18670,10079
18671,10094
18672,10087
18673,10060
18674,10079
18675,10084
18676,10106
18677,10093
18678,10089
18679,10096
18680,10089
18681,10078
18682,10101
18683,10098
18684,10092
18685,10098
18686,10115
18687,10117
18688,10123
18689,10087
18690,10104
18691,10087
18692,10109
18693,10112
18694,10109
18695,10098
18696,10121
18697,10104
18698,10113
18699,10123
18700,10097
18701,10107
18702,10131
18703,10122
18704,10132
18705,10114
18706,10122
18707,10121
18708,10123
18709,10123
18710,10099
18711,10131
18712,10124
18713,10113
18714,10131
18715,10113
18716,10131
18717,10113
18718,10131
18719,10107
18720,10113
18721,10131
18722,10143
18723,10142
18724,10130
18725,10130
18726,10139
18727,10142
18728,10129
18729,10130
18730,10142
18731,10134
18732,10135
18733,10138
18734,10143
18735,10135
18736,10143
18737,10135
18738,10132
18739,10132
18740,10149
18741,10162
18742,10154
18743,10144
18744,10167
18745,10138
18746,10154
18747,10157
18748,10173
18749,10167
18750,10160
18751,10158
18752,10151
18753,10159
18754,10173
18755,10187
18756,10183
18757,10187
18758,10158
18759,10187
18760,10183
18761,10152
18762,10187
18763,10180
18764,10174
18765,10183
18766,10198
18767,10185
18768,10193
18769,10162
18770,10193
18771,10203
18772,10193
18773,10201
18774,10196
18775,10216
18776,10207
18777,10223
18778,10211
18779,10203
18780,10184
18781,10201
18782,10202
18783,10201
18784,10193
18785,10201
18786,10187
18787,10201
18788,10214
18789,10225
18790,10222
18791,10212
18792,10209
18793,10225
18794,10204
18795,10222
18796,10225
18797,10228
18798,10231
18799,10232
18800,10229
18801,10198
18802,10232
18803,10231
18804,10228
18805,10222
18806,10225
18807,10196
18808,10198
18809,10225
18810,10222
18811,10194
18812,10213
18813,10232
18814,10222
18815,10192
18816,10204
18817,10222
18818,10233
18819,10222
18820,10230
18821,10208
18822,10203
18823,10203
18824,10208
18825,10212
18826,10211
18827,10203
18828,10229
18829,10195
18830,10228
18831,10234
18832,10195
18833,10219
18834,10203
18835,10224
18836,10243
18837,10232
18838,10243
18839,10232
18840,10208
18841,10230
18842,10243
18843,10229
18844,10243
18845,10232
18846,10243
18847,10232
18848,10203
18849,10243
18850,10208
18851,10232
18852,10243
18853,10230
18854,10243
18855,10232
18856,10217
18857,10214
18858,10226
18859,10222
18860,10213
18861,10229
18862,10231
18863,10256
18864,10233
18865,10256
18866,10233
18867,10247
18868,10233
18869,10256
18870,10247
18871,10249
18872,10263
18873,10239
18874,10249
18875,10263
18876,10254
18877,10250
18878,10259
18879,10234
18880,10250
18881,10241
18882,10242
18883,10229
18884,10247
18885,10262
18886,10259
18887,10258
18888,10259
18889,10247
18890,10262
18891,10258
18892,10259
18893,10247
18894,10258
18895,10259
18896,10262
18897,10265
18898,10265
18899,10277
18900,10277
18901,10266
18902,10281
18903,10281
18904,10289
18905,10296
18906,10271
18907,10289
18908,10291
18909,10290
18910,10269
18911,10264
18912,10288
18913,10290
18914,10269
18915,10283
18916,10290
18917,10243
18918,10269
18919,10261
18920,10268
18921,10261
18922,10288
18923,10275
18924,10251
18925,10289
18926,10281
18927,10251
18928,10275
18929,10251
18930,10253
18931,10287
18932,10292
18933,10281
18934,10294
18935,10281
18936,10281
18937,10294
18938,10281
18939,10282
18940,10289
18941,10256
18942,10260
18943,10254
18944,10289
18945,10296
18946,10268
18947,10289
18948,10284
18949,10296
18950,10289
18951,10296
18952,10289
18953,10237
18954,10296
18955,10273
18956,10262
18957,10257
18958,10267
18959,10248
18960,10257
18961,10257
18962,10284
18963,10293
18964,10290
18965,10282
18966,10307
18967,10298
18968,10288
18969,10277
18970,10294
18971,10287
18972,10292
18973,10279
18974,10274
18975,10298
18976,10299
18977,10287
18978,10290
18979,10273
18980,10292
18981,10269
18982,10259
18983,10264
18984,10292
18985,10273
18986,10259
18987,10269
18988,10292
18989,10293
18990,10289
18991,10276
18992,10276
18993,10289
18994,10292
18995,10269
18996,10293
18997,10299
18998,10300
18999,10283
19000,10297
19001,10300
19002,10298
19003,10283
19004,10300
19005,10297
19006,10298
19007,10300
19008,10297
19009,10283
19010,10300
19011,10264
19012,10300
19013,10297
19014,10300
19015,10283
19016,10293
19017,10283
19018,10309
19019,10314
19020,10318
19021,10323
19022,10304
19023,10314
19024,10323
19025,10316
19026,10289
19027,10323
19028,10314
19029,10316
19030,10323
19031,10314
19032,10323
19033,10313
19034,10327
19035,10324
19036,10318
19037,10332
19038,10324
19039,10327
19040,10332
19041,10324
19042,10332
19043,10327
19044,10323
19045,10329
19046,10333
19047,10323
19048,10333
19049,10323
19050,10329
19051,10333
19052,10333
19053,10313
19054,10289
19055,10312
19056,10302
19057,10312
19058,10317
19059,10334
19060,10334
19061,10326
19062,10283
19063,10334
19064,10334
19065,10275
19066,10328
19067,10343
19068,10341
19069,10329
19070,10334
19071,10342
19072,10337
19073,10338
19074,10337
19075,10335
19076,10344
19077,10348
19078,10354
19079,10357
19080,10354
19081,10357
19082,10344
19083,10354
19084,10354
19085,10348
19086,10357
19087,10344
19088,10354
19089,10342
19090,10356
19091,10357
19092,10354
19093,10359
19094,10335
19095,10348
19096,10328
19097,10335
19098,10345
19099,10359
19100,10359
19101,10343
19102,10359
19103,10353
19104,10349
19105,10359
19106,10358
19107,10339
19108,10358
19109,10315
19110,10358
19111,10352
19112,10324
19113,10376
19114,10367
19115,10361
19116,10377
19117,10367
19118,10377
19119,10361
19120,10324
19121,10367
19122,10349
19123,10350
19124,10377
19125,10361
19126,10377
19127,10373
19128,10383
19129,10374
19130,10379
19131,10383
19132,10359
19133,10366
19134,10366
19135,10357
19136,10359
19137,10366
19138,10368
19139,10392
19140,10378
19141,10394
19142,10392
19143,10368
19144,10366
19145,10361
19146,10383
19147,10377
19148,10384
19149,10361
19150,10369
19151,10383
19152,10377
19153,10384
19154,10378
19155,10394
19156,10363
19157,10382
19158,10397
19159,10372
19160,10389
19161,10389
19162,10404
19163,10389
19164,10402
19165,10363
19166,10394
19167,10389
19168,10363
19169,10394
19170,10400
19171,10408
19172,10418
19173,10398
19174,10422
19175,10420
19176,10422
19177,10420
19178,10422
19179,10413
19180,10414
19181,10398
19182,10414
19183,10397
19184,10399
19185,10418
19186,10421
19187,10399
19188,10418
19189,10413
19190,10422
19191,10402
19192,10402
19193,10386
19194,10402
19195,10422
19196,10402
19197,10402
19198,10402
19199,10422
19200,10402
19201,10402
19202,10404
19203,10416
19204,10383
19205,10409
19206,10410
19207,10397
19208,10414
19209,10414
19210,10398
19211,10397
19212,10414
19213,10400
19214,10414
19215,10386
19216,10406
19217,10393
19218,10418
19219,10421
19220,10418
19221,10406
19222,10384
19223,10393
19224,10378
19225,10380
19226,10409
19227,10378
19228,10409
19229,10380
19230,10393
19231,10378
19232,10409
19233,10379
19234,10415
19235,10410
19236,10431
19237,10399
19238,10431
19239,10427
19240,10399
19241,10427
19242,10419
19243,10427
19244,10403
19245,10419
19246,10420
19247,10433
19248,10413
19249,10427
19250,10398
19251,10410
19252,10413
19253,10408
19254,10419
19255,10410
19256,10398
19257,10413
19258,10408
19259,10427
19260,10433
19261,10431
19262,10413
19263,10435
19264,10433
19265,10413
19266,10433
19267,10413
19268,10431
19269,10433
19270,10413
19271,10433
19272,10413
19273,10435
19274,10424
19275,10413
19276,10431
19277,10434
19278,10428
19279,10436
19280,10449
19281,10439
19282,10434
19283,10424
19284,10413
19285,10431
19286,10424
19287,10413
19288,10409
19289,10424
19290,10413
19291,10431
19292,10424
19293,10413
19294,10439
19295,10439
19296,10415
19297,10439
19298,10444
19299,10439
19300,10415
19301,10434
19302,10439
19303,10399
19304,10409
19305,10450
19306,10434
19307,10443
19308,10409
19309,10450
19310,10443
19311,10449
19312,10454
19313,10439
19314,10454
19315,10449
19316,10434
19317,10409
19318,10450
19319,10434
19320,10434
19321,10409
19322,10450
19323,10399
19324,10439
19325,10415
19326,10434
19327,10439
19328,10444
19329,10439
19330,10415
19331,10439
19332,10442
19333,10447
19334,10444
19335,10416
19336,10443
19337,10450
19338,10409
19339,10434
19340,10444
19341,10413
19342,10431
19343,10433
19344,10428
19345,10413
19346,10408
19347,10398
19348,10410
19349,10419
19350,10413
19351,10408
19352,10403
19353,10398
19354,10428
19355,10413
19356,10424
19357,10429
19358,10443
19359,10416
19360,10443
19361,10428
19362,10427
19363,10395
19364,10419
19365,10427
19366,10419
19367,10403
19368,10419
19369,10427
19370,10427
19371,10428
19372,10443
19373,10399
19374,10420
19375,10408
19376,10410
19377,10398
19378,10417
19379,10408
19380,10410
19381,10398
19382,10413
19383,10408
19384,10410
19385,10398
19386,10410
19387,10408
19388,10413
19389,10398
19390,10410
19391,10408
19392,10398
19393,10410
19394,10413
19395,10417
19396,10408
19397,10398
19398,10410
19399,10429
19400,10413
19401,10433
19402,10413
19403,10431
19404,10433
19405,10413
19406,10433
19407,10413
19408,10419
19409,10423
19410,10437
19411,10444
19412,10457
19413,10454
19414,10448
19415,10448
19416,10454
19417,10448
19418,10448
19419,10448
19420,10436
19421,10444
19422,10405
19423,10444
19424,10436
19425,10444
19426,10413
19427,10449
19428,10443
19429,10454
19430,10443
19431,10443
19432,10454
19433,10422
19434,10443
19435,10413
19436,10444
19437,10432
19438,10400
19439,10406
19440,10438
19441,10443
19442,10438
19443,10400
19444,10438
19445,10406
19446,10443
19447,10438
19448,10419
19449,10431
19450,10407
19451,10424
19452,10431
19453,10407
19454,10416
19455,10441
19456,10444
19457,10406
19458,10441
19459,10416
19460,10407
19461,10431
19462,10424
19463,10443
19464,10452
19465,10431
19466,10447
19467,10434
19468,10428
19469,10427
19470,10415
19471,10434
19472,10434
19473,10428
19474,10447
19475,10452
19476,10431
19477,10443
19478,10407
19479,10424
19480,10431
19481,10408
19482,10444
19483,10441
19484,10406
19485,10441
19486,10416
19487,10398
19488,10431
19489,10424
19490,10398
19491,10431
19492,10443
19493,10444
19494,10444
19495,10453
19496,10442
19497,10453
19498,10453
19499,10448
19500,10453
19501,10431
19502,10448
19503,10444
19504,10458
19505,10458
19506,10448
19507,10413
19508,10458
19509,10440
19510,10447
19511,10463
19512,10459
19513,10460
19514,10478
19515,10454
19516,10469
19517,10458
19518,10469
19519,10468
19520,10449
19521,10469
19522,10472
19523,10471
19524,10468
19525,10474
19526,10471
19527,10465
19528,10462
19529,10464
19530,10459
19531,10458
19532,10462
19533,10464
19534,10464
19535,10455
19536,10474
19537,10467
19538,10478
19539,10464
19540,10469
19541,10482
19542,10474
19543,10469
19544,10482
19545,10482
19546,10469
19547,10491
19548,10492
19549,10500
19550,10503
19551,10489
19552,10492
19553,10493
19554,10494
19555,10507
19556,10493
19557,10471
19558,10507
19559,10493
19560,10463
19561,10504
19562,10512
19563,10513
19564,10499
19565,10494
19566,10503
19567,10489
19568,10494
19569,10483
19570,10503
19571,10494
19572,10489
19573,10485
19574,10483
19575,10494
19576,10489
19577,10503
19578,10503
19579,10516
19580,10512
19581,10490
19582,10516
19583,10499
19584,10512
19585,10497
19586,10487
19587,10496
19588,10503
19589,10487
19590,10496
19591,10497
19592,10516
19593,10490
19594,10512
19595,10491
19596,10516
19597,10490
19598,10512
19599,10503
19600,10494
19601,10483
19602,10503
19603,10489
19604,10494
19605,10503
19606,10483
19607,10489
19608,10494
19609,10485
19610,10489
19611,10494
19612,10483
19613,10503
19614,10499
19615,10504
19616,10504
19617,10499
19618,10508
19619,10475
19620,10504
19621,10501
19622,10504
19623,10508
19624,10500
19625,10501
19626,10504
19627,10505
19628,10483
19629,10512
19630,10517
19631,10483
19632,10518
19633,10483
19634,10517
19635,10509
19636,10504
19637,10516
19638,10512
19639,10494
19640,10518
19641,10529
19642,10534
19643,10512
19644,10490
19645,10523
19646,10537
19647,10524
19648,10534
19649,10518
19650,10517
19651,10518
19652,10518
19653,10494
19654,10517
19655,10517
19656,10518
19657,10529
19658,10519
19659,10538
19660,10529
19661,10547
19662,10547
19663,10548
19664,10532
19665,10523
19666,10547
19667,10550
19668,10528
19669,10518
19670,10543
19671,10528
19672,10518
19673,10543
19674,10528
19675,10555
19676,10566
19677,10547
19678,10548
19679,10528
19680,10518
19681,10543
19682,10528
19683,10518
19684,10543
19685,10528
19686,10528
19687,10518
19688,10543
19689,10528
19690,10518
19691,10528
19692,10543
19693,10528
19694,10518
19695,10543
19696,10528
19697,10556
19698,10533
19699,10548
19700,10525
19701,10533
19702,10548
19703,10528
19704,10563
19705,10559
19706,10563
19707,10563
19708,10554
19709,10560
19710,10556
19711,10553
19712,10533
19713,10556
19714,10532
19715,10564
19716,10572
19717,10557
19718,10574
19719,10576
19720,10579
19721,10577
19722,10584
19723,10562
19724,10577
19725,10579
19726,10577
19727,10584
19728,10579
19729,10484
19730,10577
19731,10579
19732,10577
19733,10577
19734,10579
19735,10578
19736,10592
19737,10589
19738,10586
19739,10589
19740,10592
19741,10549
19742,10586
19743,10589
19744,10575
19745,10593
19746,10594
19747,10588
19748,10577
19749,10577
19750,10579
19751,10558
19752,10584
19753,10577
19754,10579
19755,10578
19756,10592
19757,10589
19758,10594
19759,10568
19760,10599
19761,10602
19762,10593
19763,10602
19764,10597
19765,10602
19766,10585
19767,10584
19768,10583
19769,10568
19770,10604
19771,10604
19772,10584
19773,10609
19774,10593
19775,10604
19776,10599
19777,10607
19778,10612
19779,10599
19780,10613
19781,10607
19782,10618
19783,10588
19784,10612
19785,10607
19786,10588
19787,10599
19788,10583
19789,10600
19790,10609
19791,10612
19792,10599
19793,10599
19794,10619
19795,10622
19796,10614
19797,10619
19798,10622
19799,10594
19800,10613
19801,10600
19802,10557
19803,10603
19804,10603
19805,10603
19806,10633
19807,10629
19808,10623
19809,10603
19810,10633
19811,10603
19812,10603
19813,10622
19814,10600
19815,10623
19816,10628
19817,10632
19818,10622
19819,10628
19820,10632
19821,10623
19822,10633
19823,10617
19824,10614
19825,10614
19826,10614
19827,10608
19828,10617
19829,10614
19830,10613
19831,10614
19832,10614
19833,10617
19834,10614
19835,10633
19836,10623
19837,10632
19838,10628
19839,10617
19840,10613
19841,10633
19842,10623
19843,10629
19844,10613
19845,10633
19846,10600
19847,10599
19848,10612
19849,10603
19850,10632
19851,10623
19852,10628
19853,10632
19854,10628
19855,10622
19856,10603
19857,10599
19858,10585
19859,10612
19860,10629
19861,10628
19862,10633
19863,10626
19864,10627
19865,10634
19866,10637
19867,10634
19868,10638
19869,10634
19870,10648
19871,10639
19872,10637
19873,10639
19874,10639
19875,10649
19876,10640
19877,10637
19878,10639
19879,10639
19880,10649
19881,10639
19882,10648
19883,10634
19884,10629
19885,10634
19886,10634
19887,10638
19888,10627
19889,10633
19890,10628
19891,10626
19892,10617
19893,10633
19894,10625
19895,10626
19896,10617
19897,10633
19898,10484
19899,10625
19900,10628
19901,10633
19902,10617
19903,10626
19904,10633
19905,10622
19906,10641
19907,10640
19908,10624
19909,10640
19910,10641
19911,10628
19912,10640
19913,10624
19914,10623
19915,10613
19916,10618
19917,10621
19918,10626
19919,10625
19920,10628
19921,10633
19922,10623
19923,10644
19924,10638
19925,10644
19926,10644
19927,10632
19928,10647
19929,10649
19930,10649
19931,10649
19932,10649
19933,10643
19934,10649
19935,10647
19936,10644
19937,10638
19938,10644
19939,10639
19940,10644
19941,10622
19942,10618
19943,10620
19944,10643
19945,10624
19946,10650
19947,10654
19948,10650
19949,10618
19950,10662
19951,10653
19952,10653
19953,10632
19954,10650
19955,10654
19956,10664
19957,10670
19958,10654
19959,10653
19960,10632
19961,10650
19962,10653
19963,10664
19964,10658
19965,10668
19966,10670
19967,10658
19968,10674
19969,10670
19970,10689
19971,10675
19972,10683
19973,10686
19974,10685
19975,10675
19976,10683
19977,10704
19978,10689
19979,10692
19980,10687
19981,10694
19982,10680
19983,10680
19984,10674
19985,10663
19986,10680
19987,10680
19988,10672
19989,10679
19990,10680
19991,10690
19992,10692
19993,10703
19994,10696
19995,10692
19996,10694
19997,10700
19998,10705
19999,10688
20000,10698
20001,10696
20002,10704
20003,10705
20004,10696
20005,10705
20006,10704
20007,10700
20008,10692
20009,10703
20010,10692
20011,10696
20012,10694
20013,10692
20014,10679
20015,10694
20016,10684
20017,10683
20018,10688
20019,10694
20020,10683
20021,10684
20022,10700
20023,10708
20024,10714
20025,10703
20026,10712
20027,10709
20028,10715
20029,10693
20030,10704
20031,10715
20032,10709
20033,10702
20034,10704
20035,10709
20036,10715
20037,10678
20038,10704
20039,10709
20040,10715
20041,10693
20042,10712
20043,10715
20044,10709
20045,10712
20046,10715
20047,10674
20048,10703
20049,10692
20050,10692
20051,10696
20052,10694
20053,10677
20054,10703
20055,10694
20056,10703
20057,10703
20058,10703
20059,10699
20060,10679
20061,10695
20062,10680
20063,10708
20064,10716
20065,10714
20066,10666
20067,10722
20068,10708
20069,10708
20070,10719
20071,10714
20072,10713
20073,10714
20074,10713
20075,10724
20076,10714
20077,10719
20078,10722
20079,10708
20080,10719
20081,10722
20082,10724
20083,10714
20084,10733
20085,10738
20086,10744
20087,10742
20088,10748
20089,10745
20090,10730
20091,10719
20092,10740
20093,10724
20094,10743
20095,10724
20096,10714
20097,10744
20098,10754
20099,10747
20100,10720
20101,10760
20102,10736
20103,10758
20104,10744
20105,10742
20106,10737
20107,10732
20108,10738
20109,10760
20110,10741
20111,10720
20112,10748
20113,10754
20114,10724
20115,10742
20116,10754
20117,10732
20118,10742
20119,10730
20120,10762
20121,10749
20122,10762
20123,10754
20124,10762
20125,10749
20126,10742
20127,10762
20128,10754
20129,10762
20130,10749
20131,10749
20132,10747
20133,10754
20134,10754
20135,10754
20136,10749
20137,10764
20138,10767
20139,10769
20140,10749
20141,10769
20142,10769
20143,10767
20144,10748
20145,10769
20146,10764
20147,10754
20148,10762
20149,10749
20150,10712
20151,10760
20152,10744
20153,10760
20154,10743
20155,10760
20156,10742
20157,10760
20158,10744
20159,10743
20160,10760
20161,10760
20162,10734
20163,10743
20164,10727
20165,10737
20166,10742
20167,10742
20168,10759
20169,10759
20170,10749
20171,10747
20172,10759
20173,10759
20174,10743
20175,10739
20176,10753
20177,10754
20178,10764
20179,10771
20180,10766
20181,10771
20182,10749
20183,10771
20184,10744
20185,10771
20186,10766
20187,10748
20188,10763
20189,10740
20190,10742
20191,10762
20192,10762
20193,10780
20194,10734
20195,10774
20196,10765
20197,10754
20198,10777
20199,10765
20200,10747
20201,10765
20202,10754
20203,10777
20204,10765
20205,10774
20206,10769
20207,10765
20208,10754
20209,10774
20210,10765
20211,10777
20212,10762
20213,10754
20214,10765
20215,10777
20216,10774
20217,10754
20218,10765
20219,10765
20220,10777
20221,10757
20222,10784
20223,10781
20224,10774
20225,10775
20226,10772
20227,10762
20228,10784
20229,10775
20230,10764
20231,10784
20232,10775
20233,10784
20234,10797
20235,10748
20236,10767
20237,10797
20238,10788
20239,10803
20240,10804
20241,10809
20242,10812
20243,10821
20244,10802
20245,10818
20246,10823
20247,10794
20248,10787
20249,10812
20250,10812
20251,10809
20252,10812
20253,10804
20254,10795
20255,10820
20256,10822
20257,10798
20258,10798
20259,10780
20260,10814
20261,10798
20262,10773
20263,10780
20264,10798
20265,10814
20266,10780
20267,10823
20268,10794
20269,10812
20270,10815
20271,10794
20272,10812
20273,10815
20274,10823
20275,10798
20276,10780
20277,10814
20278,10798
20279,10780
20280,10813
20281,10798
20282,10808
20283,10820
20284,10819
20285,10801
20286,10820
20287,10819
20288,10828
20289,10814
20290,10822
20291,10822
20292,10837
20293,10845
20294,10829
20295,10845
20296,10829
20297,10823
20298,10845
20299,10829
20300,10829
20301,10845
20302,10829
20303,10837
20304,10840
20305,10814
20306,10844
20307,10826
20308,10844
20309,10825
20310,10820
20311,10844
20312,10837
20313,10845
20314,10829
20315,10829
20316,10845
20317,10829
20318,10820
20319,10845
20320,10823
20321,10829
20322,10845
20323,10829
20324,10838
20325,10844
20326,10852
20327,10844
20328,10850
20329,10840
20330,10825
20331,10844
20332,10850
20333,10853
20334,10860
20335,10857
20336,10838
20337,10839
20338,10860
20339,10847
20340,10857
20341,10860
20342,10857
20343,10860
20344,10838
20345,10860
20346,10861
20347,10864
20348,10859
20349,10858
20350,10867
20351,10854
20352,10822
20353,10865
20354,10850
20355,10859
20356,10865
20357,10864
20358,10859
20359,10859
20360,10834
20361,10848
20362,10855
20363,10834
20364,10848
20365,10834
20366,10864
20367,10852
20368,10866
20369,10867
20370,10852
20371,10866
20372,10839
20373,10866
20374,10852
20375,10867
20376,10842
20377,10812
20378,10866
20379,10852
20380,10867
20381,10866
20382,10852
20383,10866
20384,10849
20385,10866
20386,10858
20387,10867
20388,10849
20389,10867
20390,10852
20391,10867
20392,10835
20393,10852
20394,10867
20395,10867
20396,10852
20397,10864
20398,10869
20399,10865
20400,10849
20401,10869
20402,10869
20403,10865
20404,10859
20405,10869
20406,10858
20407,10858
20408,10852
20409,10853
20410,10850
20411,10844
20412,10848
20413,10853
20414,10847
20415,10844
20416,10848
20417,10864
20418,10862
20419,10843
20420,10862
20421,10864
20422,10844
20423,10848
20424,10843
20425,10853
20426,10848
20427,10844
20428,10828
20429,10857
20430,10845
20431,10854
20432,10845
20433,10839
20434,10867
20435,10822
20436,10859
20437,10844
20438,10859
20439,10872
20440,10823
20441,10845
20442,10864
20443,10878
20444,10870
20445,10867
20446,10858
20447,10857
20448,10867
20449,10864
20450,10873
20451,10869
20452,10888
20453,10860
20454,10864
20455,10888
20456,10854
20457,10859
20458,10854
20459,10883
20460,10859
20461,10887
20462,10890
20463,10879
20464,10884
20465,10885
20466,10894
20467,10874
20468,10892
20469,10887
20470,10880
20471,10874
20472,10894
20473,10889
20474,10865
20475,10857
20476,10883
20477,10882
20478,10875
20479,10884
20480,10875
20481,10884
20482,10904
20483,10907
20484,10893
20485,10917
20486,10893
20487,10882
20488,10917
20489,10889
20490,10882
20491,10897
20492,10907
20493,10917
20494,10917
20495,10907
20496,10917
20497,10903
20498,10893
20499,10917
20500,10909
20501,10889
20502,10893
20503,10917
20504,10893
20505,10902
20506,10898
20507,10904
20508,10894
20509,10904
20510,10894
20511,10904
20512,10882
20513,10883
20514,10877
20515,10874
20516,10883
20517,10888
20518,10884
20519,10894
20520,10883
20521,10874
20522,10887
20523,10884
20524,10872
20525,10887
20526,10887
20527,10872
20528,10887
20529,10900
20530,10888
20531,10903
20532,10888
20533,10888
20534,10903
20535,10884
20536,10888
20537,10902
20538,10887
20539,10884
20540,10900
20541,10887
20542,10904
20543,10874
20544,10877
20545,10904
20546,10884
20547,10874
20548,10888
20549,10904
20550,10892
20551,10874
20552,10904
20553,10878
20554,10904
20555,10874
20556,10888
20557,10904
20558,10874
20559,10904
20560,10888
20561,10880
20562,10909
20563,10899
20564,10915
20565,10899
20566,10903
20567,10880
20568,10924
20569,10897
20570,10917
20571,10914
20572,10910
20573,10884
20574,10914
20575,10914
20576,10888
20577,10910
20578,10909
20579,10915
20580,10910
20581,10918
20582,10910
20583,10918
20584,10914
20585,10918
20586,10910
20587,10924
20588,10899
20589,10928
20590,10932
20591,10943
20592,10938
20593,10920
20594,10944
20595,10942
20596,10942
20597,10938
20598,10944
20599,10934
20600,10935
20601,10942
20602,10929
20603,10935
20604,10929
20605,10942
20606,10929
20607,10927
20608,10935
20609,10942
20610,10928
20611,10942
20612,10916
20613,10942
20614,10935
20615,10942
20616,10939
20617,10916
20618,10942
20619,10935
20620,10942
20621,10934
20622,10929
20623,10948
20624,10942
20625,10948
20626,10944
20627,10941
20628,10935
20629,10944
20630,10953
20631,10938
20632,10938
20633,10944
20634,10953
20635,10941
20636,10938
20637,10948
20638,10944
20639,10959
20640,10969
20641,10929
20642,10959
20643,10948
20644,10929
20645,10944
20646,10964
20647,10960
20648,10949
20649,10953
20650,10948
20651,10954
20652,10958
20653,10963
20654,10965
20655,10972
20656,10958
20657,10964
20658,10964
20659,10972
20660,10960
20661,10963
20662,10933
20663,10935
20664,10963
20665,10933
20666,10963
20667,10954
20668,10974
20669,10939
20670,10974
20671,10958
20672,10987
20673,10982
20674,10978
20675,10987
20676,10982
20677,10987
20678,10938
20679,10982
20680,10987
20681,10978
20682,10964
20683,10987
20684,10982
20685,10975
20686,10977
20687,10983
20688,10980
20689,10980
20690,10978
20691,10945
20692,10973
20693,10980
20694,10978
20695,10967
20696,10979
20697,10980
20698,10978
20699,10989
20700,10990
20701,10990
20702,10990
20703,10990
20704,10992
20705,10982
20706,10969
20707,10982
20708,10969
20709,10938
20710,10958
20711,10953
20712,10994
20713,10982
20714,10989
20715,10989
20716,10968
20717,10975
20718,10979
20719,10979
20720,10985
20721,10979
20722,10989
20723,10978
20724,10968
20725,10969
20726,10970
20727,11003
20728,10995
20729,11004
20730,11003
20731,10980
20732,10994
20733,11012
20734,11003
20735,10999
20736,10980
20737,10974
20738,10980
20739,10999
20740,10980
20741,10999
20742,10974
20743,10988
20744,11014
20745,10999
20746,10988
20747,10974
20748,10988
20749,10999
20750,10988
20751,10980
20752,11019
20753,11014
20754,10999
20755,11005
20756,10999
20757,11019
20758,11010
20759,11008
20760,10998
20761,11014
20762,10998
20763,10997
20764,11008
20765,11012
20766,11027
20767,10999
20768,11014
20769,11017
20770,11039
20771,11039
20772,11039
20773,11012
20774,11039
20775,11039
20776,11014
20777,11009
20778,11027
20779,11034
20780,11028
20781,11009
20782,11039
20783,11025
20784,11020
20785,11009
20786,11014
20787,11025
20788,11009
20789,11014
20790,11025
20791,11020
20792,11027
20793,11025
20794,11024
20795,11025
20796,11034
20797,11034
20798,11024
20799,11025
20800,11039
20801,11025
20802,11027
20803,11037
20804,11045
20805,11025
20806,11042
20807,11034
20808,11035
20809,11034
20810,11033
20811,11044
20812,11034
20813,11047
20814,11023
20815,11035
20816,11047
20817,11048
20818,11047
20819,11047
20820,11049
20821,11052
20822,11055
20823,11029
20824,11052
20825,11047
20826,11029
20827,11055
20828,11050
20829,11065
20830,11054
20831,11080
20832,11057
20833,11069
20834,11082
20835,11094
20836,11058
20837,11064
20838,11094
20839,11088
20840,11069
20841,11088
20842,11053
20843,11080
20844,11083
20845,11074
20846,11059
20847,11074
20848,11088
20849,11069
20850,11077
20851,11065
20852,11059
20853,11064
20854,11055
20855,11074
20856,11082
20857,11084
20858,11084
20859,11078
20860,11099
20861,11079
20862,11099
20863,11070
20864,11090
20865,11088
20866,11077
20867,11088
20868,11090
20869,11059
20870,11088
20871,11074
20872,11093
20873,11079
20874,11093
20875,11074
20876,11070
20877,11093
20878,11079
20879,11093
20880,11069
20881,11082
20882,11095
20883,11089
20884,11089
20885,11074
20886,11108
20887,11097
20888,11074
20889,11100
20890,11115
20891,11113
20892,11117
20893,11099
20894,11114
20895,11115
20896,11105
20897,11107
20898,11100
20899,11119
20900,11121
20901,11113
20902,11117
20903,11102
20904,11120
20905,11122
20906,11102
20907,11103
20908,11102
20909,11122
20910,11120
20911,11098
20912,11102
20913,11103
20914,11102
20915,11122
20916,11102
20917,11120
20918,11129
20919,11133
20920,11109
20921,11124
20922,11095
20923,11107
20924,11120
20925,11125
20926,11110
20927,11129
20928,11114
20929,11129
20930,11129
20931,11102
20932,11119
20933,11096
20934,11103
20935,11133
20936,11103
20937,11133
20938,11127
20939,11133
20940,11095
20941,11127
20942,11103
20943,11133
20944,11133
20945,11127
20946,11103
20947,11133
20948,11092
20949,11127
20950,11133
20951,11112
20952,11133
20953,11127
20954,11133
20955,11112
20956,11133
20957,11127
20958,11095
20959,11129
20960,11107
20961,11119
20962,11089
20963,11119
20964,11107
20965,11119
20966,11092
20967,11119
20968,11089
20969,11119
20970,11107
20971,11119
20972,11132
20973,11135
20974,11109
20975,11114
20976,11135
20977,11125
20978,11135
20979,11126
20980,11130
20981,11129
20982,11114
20983,11130
20984,11129
20985,11130
20986,11094
20987,11114
20988,11130
20989,11129
20990,11114
20991,11130
20992,11135
20993,11125
20994,11138
20995,11135
20996,11129
20997,11130
20998,11123
20999,11139
21000,11140
21001,11150
21002,11140
21003,11139
21004,11149
21005,11137
21006,11125
21007,11145
21008,11113
21009,11099
21010,11142
21011,11143
21012,11142
21013,11140
21014,11142
21015,11099
21016,11113
21017,11145
21018,11125
21019,11137
21020,11149
21021,11124
21022,11137
21023,11142
21024,11140
21025,11133
21026,11119
21027,11134
21028,11129
21029,11139
21030,11139
21031,11139
21032,11142
21033,11142
21034,11149
21035,11138
21036,11138
21037,11149
21038,11142
21039,11139
21040,11123
21041,11145
21042,11128
21043,11139
21044,11145
21045,11128
21046,11123
21047,11139
21048,11128
21049,11145
21050,11124
21051,11103
21052,11103
21053,11117
21054,11103
21055,11103
21056,11103
21057,11144
21058,11142
21059,11149
21060,11138
21061,11146
21062,11149
21063,11142
21064,11142
21065,11139
21066,11139
21067,11119
21068,11139
21069,11142
21070,11149
21071,11142
21072,11139
21073,11145
21074,11123
21075,11139
21076,11128
21077,11145
21078,11128
21079,11139
21080,11123
21081,11145
21082,11144
21083,11124
21084,11152
21085,11148
21086,11124
21087,11143
21088,11152
21089,11124
21090,11147
21091,11164
21092,11149
21093,11149
21094,11164
21095,11158
21096,11154
21097,11145
21098,11159
21099,11154
21100,11145
21101,11149
21102,11154
21103,11159
21104,11153
21105,11160
21106,11169
21107,11173
21108,11148
21109,11169
21110,11182
21111,11169
21112,11182
21113,11173
21114,11169
21115,11182
21116,11169
21117,11149
21118,11144
21119,11152
21120,11177
21121,11185
21122,11194
21123,11182
21124,11130
21125,11164
21126,11194
21127,11170
21128,11182
21129,11134
21130,11194
21131,11182
21132,11194
21133,11182
21134,11130
21135,11194
21136,11134
21137,11182
21138,11194
21139,11185
21140,11177
21141,11154
21142,11163
21143,11177
21144,11134
21145,11154
21146,11177
21147,11187
21148,11188
21149,11176
21150,11187
21151,11152
21152,11177
21153,11134
21154,11177
21155,11169
21156,11144
21157,11152
21158,11177
21159,11185
21160,11190
21161,11180
21162,11189
21163,11172
21164,11189
21165,11190
21166,11182
21167,11187
21168,11178
21169,11187
21170,11194
21171,11203
21172,11207
21173,11187
21174,11195
21175,11188
21176,11182
21177,11199
21178,11182
21179,11199
21180,11147
21181,11199
21182,11182
21183,11167
21184,11199
21185,11182
21186,11199
21187,11182
21188,11189
21189,11213
21190,11190
21191,11187
21192,11206
21193,11187
21194,11209
21195,11208
21196,11209
21197,11206
21198,11187
21199,11197
21200,11209
21201,11189
21202,11160
21203,11184
21204,11208
21205,11169
21206,11160
21207,11189
21208,11160
21209,11204
21210,11209
21211,11209
21212,11200
21213,11193
21214,11209
21215,11208
21216,11214
21217,11189
21218,11214
21219,11222
21220,11220
21221,11222
21222,11223
21223,11225
21224,11222
21225,11167
21226,11186
21227,11205
21228,11200
21229,11214
21230,11186
21231,11225
21232,11213
21233,11227
21234,11220
21235,11227
21236,11217
21237,11220
21238,11219
21239,11227
21240,11213
21241,11220
21242,11227
21243,11217
21244,11227
21245,11228
21246,11238
21247,11240
21248,11240
21249,11233
21250,11240
21251,11240
21252,11233
21253,11233
21254,11240
21255,11240
21256,11240
21257,11252
21258,11247
21259,11227
21260,11232
21261,11237
21262,11245
21263,11244
21264,11248
21265,11259
21266,11255
21267,11238
21268,11239
21269,11259
21270,11268
21271,11268
21272,11262
21273,11274
21274,11268
21275,11263
21276,11274
21277,11260
21278,11269
21279,11273
21280,11269
21281,11259
21282,11273
21283,11279
21284,11280
21285,11284
21286,11252
21287,11280
21288,11252
21289,11278
21290,11288
21291,11252
21292,11280
21293,11252
21294,11288
21295,11278
21296,11294
21297,11238
21298,11294
21299,11275
21300,11277
21301,11294
21302,11294
21303,11294
21304,11275
21305,11238
21306,11294
21307,11294
21308,11290
21309,11294
21310,11278
21311,11264
21312,11289
21313,11278
21314,11294
21315,11285
21316,11289
21317,11253
21318,11280
21319,11253
21320,11292
21321,11300
21322,11298
21323,11300
21324,11300
21325,11300
21326,11304
21327,11309
21328,11253
21329,11294
21330,11320
21331,11313
21332,11317
21333,11328
21334,11327
21335,11321
21336,11328
21337,11327
21338,11322
21339,11337
21340,11344
21341,11285
21342,11345
21343,11324
21344,11345
21345,11337
21346,11341
21347,11293
21348,11341
21349,11320
21350,11341
21351,11328
21352,11355
21353,11334
21354,11332
21355,11348
21356,11347
21357,11349
21358,11334
21359,11341
21360,11333
21361,11345
21362,11349
21363,11339
21364,11339
21365,11333
21366,11344
21367,11358
21368,11343
21369,11326
21370,11344
21371,11354
21372,11347
21373,11354
21374,11344
21375,11349
21376,11354
21377,11344
21378,11354
21379,11347
21380,11354
21381,11334
21382,11355
21383,11354
21384,11355
21385,11353
21386,11355
21387,11354
21388,11355
21389,11355
21390,11373
21391,11376
21392,11363
21393,11376
21394,11373
21395,11357
21396,11376
21397,11358
21398,11333
21399,11358
21400,11367
21401,11355
21402,11365
21403,11355
21404,11358
21405,11365
21406,11378
21407,11365
21408,11334
21409,11348
21410,11369
21411,11354
21412,11365
21413,11347
21414,11369
21415,11349
21416,11368
21417,11377
21418,11369
21419,11384
21420,11374
21421,11390
21422,11328
21423,11380
21424,11369
21425,11380
21426,11389
21427,11410
21428,11404
21429,11382
21430,11375
21431,11387
21432,11375
21433,11367
21434,11375
21435,11404
21436,11389
21437,11408
21438,11398
21439,11404
21440,11404
21441,11391
21442,11402
21443,11404
21444,11390
21445,11395
21446,11403
21447,11409
21448,11414
21449,11383
21450,11403
21451,11406
21452,11400
21453,11406
21454,11424
21455,11427
21456,11389
21457,11433
21458,11427
21459,11420
21460,11427
21461,11433
21462,11418
21463,11405
21464,11420
21465,11424
21466,11383
21467,11408
21468,11398
21469,11420
21470,11398
21471,11410
21472,11402
21473,11406
21474,11404
21475,11414
21476,11390
21477,11417
21478,11417
21479,11412
21480,11402
21481,11414
21482,11414
21483,11389
21484,11417
21485,11414
21486,11404
21487,11415
21488,11404
21489,11410
21490,11404
21491,11404
21492,11415
21493,11423
21494,11432
21495,11428
21496,11380
21497,11402
21498,11413
21499,11425
21500,11405
21501,11425
21502,11400
21503,11438
21504,11428
21505,11423
21506,11393
21507,11427
21508,11423
21509,11428
21510,11438
21511,11423
21512,11433
21513,11433
21514,11435
21515,11433
21516,11425
21517,11435
21518,11419
21519,11437
21520,11423
21521,11423
21522,11423
21523,11437
21524,11429
21525,11423
21526,11442
21527,11437
21528,11427
21529,11425
21530,11427
21531,11427
21532,11423
21533,11445
21534,11414
21535,11446
21536,11433
21537,11445
21538,11446
21539,11428
21540,11433
21541,11440
21542,11425
21543,11433
21544,11447
21545,11440
21546,11422
21547,11423
21548,11438
21549,11434
21550,11423
21551,11432
21552,11428
21553,11435
21554,11446
21555,11458
21556,11429
21557,11456
21558,11435
21559,11442
21560,11429
21561,11459
21562,11448
21563,11453
21564,11442
21565,11437
21566,11449
21567,11452
21568,11428
21569,11418
21570,11458
21571,11428
21572,11452
21573,11454
21574,11448
21575,11442
21576,11453
21577,11439
21578,11455
21579,11462
21580,11462
21581,11449
21582,11418
21583,11459
21584,11459
21585,11463
21586,11460
21587,11474
21588,11470
21589,11449
21590,11474
21591,11463
21592,11474
21593,11460
21594,11459
21595,11463
21596,11459
21597,11439
21598,11455
21599,11453
21600,11419
21601,11455
21602,11453
21603,11447
21604,11455
21605,11453
21606,11449
21607,11464
21608,11459
21609,11439
21610,11459
21611,11433
21612,11463
21613,11459
21614,11428
21615,11464
21616,11459
21617,11464
21618,11454
21619,11459
21620,11464
21621,11452
21622,11459
21623,11464
21624,11433
21625,11464
21626,11454
21627,11459
21628,11464
21629,11459
21630,11464
21631,11452
21632,11459
21633,11464
21634,11449
21635,11462
21636,11449
21637,11462
21638,11455
21639,11449
21640,11464
21641,11454
21642,11459
21643,11468
21644,11450
21645,11457
21646,11474
21647,11457
21648,11450
21649,11457
21650,11459
21651,11464
21652,11434
21653,11445
21654,11451
21655,11459
21656,11445
21657,11459
21658,11454
21659,11457
21660,11459
21661,11462
21662,11454
21663,11459
21664,11445
21665,11457
21666,11459
21667,11454
21668,11461
21669,11448
21670,11461
21671,11463
21672,11448
21673,11461
21674,11458
21675,11463
21676,11459
21677,11470
21678,11469
21679,11447
21680,11455
21681,11469
21682,11460
21683,11470
21684,11448
21685,11469
21686,11474
21687,11488
21688,11467
21689,11483
21690,11469
21691,11480
21692,11479
21693,11469
21694,11473
21695,11469
21696,11469
21697,11482
21698,11459
21699,11454
21700,11469
21701,11469
21702,11469
21703,11474
21704,11480
21705,11480
21706,11465
21707,11469
21708,11469
21709,11480
21710,11449
21711,11477
21712,11488
21713,11456
21714,11470
21715,11463
21716,11487
21717,11486
21718,11478
21719,11488
21720,11495
21721,11481
21722,11495
21723,11478
21724,11485
21725,11494
21726,11494
21727,11487
21728,11463
21729,11487
21730,11470
21731,11432
21732,11446
21733,11442
21734,11463
21735,11442
21736,11482
21737,11475
21738,11485
21739,11474
21740,11485
21741,11450
21742,11461
21743,11472
21744,11472
21745,11468
21746,11474
21747,11483
21748,11458
21749,11479
21750,11479
21751,11478
21752,11472
21753,11461
21754,11472
21755,11468
21756,11472
21757,11435
21758,11458
21759,11449
21760,11479
21761,11450
21762,11415
21763,11469
21764,11479
21765,11473
21766,11484
21767,11458
21768,11479
21769,11474
21770,11479
21771,11474
21772,11479
21773,11484
21774,11494
21775,11474
21776,11450
21777,11488
21778,11464
21779,11484
21780,11453
21781,11469
21782,11483
21783,11464
21784,11460
21785,11473
21786,11464
21787,11460
21788,11464
21789,11464
21790,11460
21791,11473
21792,11457
21793,11482
21794,11480
21795,11480
21796,11474
21797,11480
21798,11482
21799,11480
21800,11480
21801,11463
21802,11455
21803,11490
21804,11484
21805,11470
21806,11484
21807,11455
21808,11490
21809,11469
21810,11467
21811,11480
21812,11479
21813,11478
21814,11480
21815,11478
21816,11479
21817,11455
21818,11496
21819,11487
21820,11456
21821,11478
21822,11480
21823,11479
21824,11478
21825,11478
21826,11497
21827,11484
21828,11491
21829,11497
21830,11474
21831,11491
21832,11489
21833,11489
21834,11463
21835,11491
21836,11484
21837,11489
21838,11463
21839,11489
21840,11491
21841,11484
21842,11489
21843,11463
21844,11491
21845,11489
21846,11476
21847,11486
21848,11488
21849,11484
21850,11477
21851,11486
21852,11488
21853,11474
21854,11486
21855,11455
21856,11484
21857,11488
21858,11486
21859,11477
21860,11484
21861,11488
21862,11486
21863,11476
21864,11497
21865,11491
21866,11463
21867,11497
21868,11484
21869,11491
21870,11497
21871,11463
21872,11497
21873,11484
21874,11491
21875,11497
21876,11463
21877,11497
21878,11491
21879,11464
21880,11465
21881,11478
21882,11468
21883,11465
21884,11478
21885,11483
21886,11486
21887,11489
21888,11483
21889,11486
21890,11483
21891,11471
21892,11496
21893,11487
21894,11496
21895,11479
21896,11487
21897,11496
21898,11496
21899,11471
21900,11487
21901,11496
21902,11464
21903,11483
21904,11472
21905,11488
21906,11474
21907,11475
21908,11488
21909,11479
21910,11462
21911,11449
21912,11474
21913,11462
21914,11464
21915,11459
21916,11478
21917,11420
21918,11459
21919,11484
21920,11480
21921,11477
21922,11486
21923,11477
21924,11484
21925,11459
21926,11478
21927,11420
21928,11474
21929,11470
21930,11450
21931,11470
21932,11469
21933,11470
21934,11450
21935,11470
21936,11452
21937,11450
21938,11470
21939,11474
21940,11478
21941,11420
21942,11459
21943,11489
21944,11477
21945,11484
21946,11484
21947,11476
21948,11477
21949,11476
21950,11468
21951,11489
21952,11488
21953,11475
21954,11489
21955,11488
21956,11475
21957,11482
21958,11489
21959,11488
21960,11479
21961,11489
21962,11475
21963,11488
21964,11488
21965,11461
21966,11467
21967,11470
21968,11467
21969,11468
21970,11470
21971,11485
21972,11458
21973,11485
21974,11495
21975,11499
21976,11488
21977,11484
21978,11489
21979,11465
21980,11505
21981,11500
21982,11505
21983,11507
21984,11504
21985,11478
21986,11498
21987,11494
21988,11487
21989,11498
21990,11493
21991,11486
21992,11504
21993,11499
21994,11494
21995,11514
21996,11520
21997,11528
21998,11520
21999,11502
22000,11487
22001,11528
22002,11520
22003,11528
22004,11528
22005,11497
22006,11502
22007,11520
22008,11516
22009,11528
22010,11527
22011,11512
22012,11522
22013,11512
22014,11509
22015,11512
22016,11541
22017,11535
22018,11544
22019,11549
22020,11554
22021,11554
22022,11554
22023,11534
22024,11554
22025,11554
22026,11549
22027,11548
22028,11527
22029,11549
22030,11526
22031,11550
22032,11561
22033,11554
22034,11542
22035,11556
22036,11534
22037,11568
22038,11560
22039,11568
22040,11549
22041,11568
22042,11561
22043,11571
22044,11555
22045,11573
22046,11555
22047,11542
22048,11555
22049,11582
22050,11572
22051,11574
22052,11580
22053,11586
22054,11594
22055,11602
22056,11579
22057,11603
22058,11569
22059,11587
22060,11553
22061,11584
22062,11599
22063,11582
22064,11599
22065,11595
22066,11569
22067,11596
22068,11614
22069,11614
22070,11602
22071,11614
22072,11611
22073,11620
22074,11614
22075,11613
22076,11589
22077,11612
22078,11595
22079,11607
22080,11612
22081,11595
22082,11612
22083,11595
22084,11607
22085,11612
22086,11595
22087,11574
22088,11612
22089,11607
22090,11612
22091,11595
22092,11623
22093,11622
22094,11628
22095,11625
22096,11619
22097,11614
22098,11618
22099,11583
22100,11619
22101,11614
22102,11619
22103,11623
22104,11633
22105,11624
22106,11620
22107,11624
22108,11634
22109,11621
22110,11628
22111,11628
22112,11630
22113,11628
22114,11648
22115,11649
22116,11640
22117,11638
22118,11625
22119,11643
22120,11617
22121,11629
22122,11614
22123,11639
22124,11654
22125,11621
22126,11654
22127,11636
22128,11654
22129,11621
22130,11654
22131,11654
22132,11621
22133,11645
22134,11648
22135,11630
22136,11622
22137,11646
22138,11639
22139,11667
22140,11668
22141,11663
22142,11667
22143,11668
22144,11663
22145,11625
22146,11668
22147,11667
22148,11663
22149,11639
22150,11646
22151,11622
22152,11648
22153,11630
22154,11607
22155,11648
22156,11621
22157,11648
22158,11607
22159,11647
22160,11648
22161,11607
22162,11630
22163,11648
22164,11641
22165,11654
22166,11659
22167,11640
22168,11658
22169,11655
22170,11669
22171,11655
22172,11658
22173,11655
22174,11669
22175,11665
22176,11654
22177,11656
22178,11658
22179,11668
22180,11649
22181,11663
22182,11636
22183,11670
22184,11650
22185,11675
22186,11675
22187,11673
22188,11650
22189,11675
22190,11659
22191,11675
22192,11644
22193,11679
22194,11654
22195,11677
22196,11673
22197,11670
22198,11683
22199,11679
22200,11679
22201,11647
22202,11677
22203,11679
22204,11680
22205,11684
22206,11678
22207,11679
22208,11668
22209,11684
22210,11647
22211,11679
22212,11679
22213,11679
22214,11693
22215,11671
22216,11693
22217,11664
22218,11669
22219,11688
22220,11691
22221,11692
22222,11690
22223,11704
22224,11693
22225,11683
22226,11700
22227,11693
22228,11694
22229,11683
22230,11698
22231,11700
22232,11708
22233,11700
22234,11704
22235,11709
22236,11703
22237,11724
22238,11712
22239,11720
22240,11706
22241,11710
22242,11730
22243,11724
22244,11708
22245,11714
22246,11712
22247,11720
22248,11718
22249,11724
22250,11712
22251,11720
22252,11721
22253,11690
22254,11717
22255,11712
22256,11723
22257,11685
22258,11719
22259,11720
22260,11686
22261,11700
22262,11719
22263,11694
22264,11719
22265,11709
22266,11703
22267,11696
22268,11701
22269,11689
22270,11701
22271,11699
22272,11701
22273,11696
22274,11693
22275,11694
22276,11656
22277,11686
22278,11709
22279,11703
22280,11705
22281,11718
22282,11703
22283,11723
22284,11724
22285,11729
22286,11725
22287,11710
22288,11678
22289,11689
22290,11715
22291,11678
22292,11714
22293,11724
22294,11715
22295,11715
22296,11724
22297,11718
22298,11715
22299,11715
22300,11724
22301,11699
22302,11724
22303,11715
22304,11715
22305,11724
22306,11710
22307,11702
22308,11706
22309,11700
22310,11708
22311,11719
22312,11733
22313,11721
22314,11733
22315,11719
22316,11708
22317,11719
22318,11733
22319,11714
22320,11723
22321,11728
22322,11723
22323,11728
22324,11723
22325,11695
22326,11718
22327,11728
22328,11723
22329,11728
22330,11723
22331,11738
22332,11729
22333,11741
22334,11728
22335,11723
22336,11728
22337,11718
22338,11723
22339,11703
22340,11728
22341,11709
22342,11699
22343,11722
22344,11734
22345,11729
22346,11734
22347,11730
22348,11729
22349,11730
22350,11721
22351,11729
22352,11711
22353,11750
22354,11738
22355,11733
22356,11750
22357,11747
22358,11744
22359,11739
22360,11740
22361,11752
22362,11740
22363,11749
22364,11730
22365,11735
22366,11735
22367,11734
22368,11735
22369,11730
22370,11734
22371,11735
22372,11738
22373,11733
22374,11739
22375,11759
22376,11725
22377,11734
22378,11739
22379,11741
22380,11759
22381,11757
22382,11758
22383,11764
22384,11760
22385,11764
22386,11735
22387,11743
22388,11753
22389,11749
22390,11774
22391,11764
22392,11756
22393,11744
22394,11763
22395,11775
22396,11774
22397,11771
22398,11760
22399,11774
22400,11771
22401,11761
22402,11783
22403,11755
22404,11783
22405,11783
22406,11779
22407,11779
22408,11774
22409,11755
22410,11783
22411,11773
22412,11784
22413,11769
22414,11754
22415,11784
22416,11769
22417,11790
22418,11790
22419,11782
22420,11794
22421,11792
22422,11787
22423,11769
22424,11773
22425,11796
22426,11766
22427,11803
22428,11786
22429,11793
22430,11804
22431,11803
22432,11813
22433,11809
22434,11818
22435,11799
22436,11818
22437,11809
22438,11818
22439,11800
22440,11794
22441,11815
22442,11815
22443,11800
22444,11784
22445,11803
22446,11804
22447,11808
22448,11802
22449,11803
22450,11804
22451,11784
22452,11803
22453,11800
22454,11815
22455,11824
22456,11815
22457,11805
22458,11814
22459,11815
22460,11824
22461,11815
22462,11815
22463,11785
22464,11828
22465,11828
22466,11819
22467,11828
22468,11828
22469,11819
22470,11804
22471,11828
22472,11828
22473,11828
22474,11802
22475,11794
22476,11813
22477,11806
22478,11794
22479,11813
22480,11809
22481,11814
22482,11822
22483,11817
22484,11799
22485,11809
22486,11782
22487,11817
22488,11809
22489,11782
22490,11817
22491,11809
22492,11782
22493,11817
22494,11800
22495,11818
22496,11830
22497,11800
22498,11814
22499,11822
22500,11800
22501,11803
22502,11819
22503,11798
22504,11804
22505,11779
22506,11813
22507,11812
22508,11831
22509,11823
22510,11818
22511,11831
22512,11823
22513,11809
22514,11828
22515,11832
22516,11828
22517,11814
22518,11834
22519,11829
22520,11839
22521,11848
22522,11826
22523,11845
22524,11839
22525,11825
22526,11819
22527,11830
22528,11825
22529,11801
22530,11847
22531,11844
22532,11834
22533,11842
22534,11815
22535,11828
22536,11853
22537,11851
22538,11850
22539,11839
22540,11850
22541,11850
22542,11808
22543,11815
22544,11829
22545,11855
22546,11850
22547,11866
22548,11860
22549,11838
22550,11866
22551,11860
22552,11848
22553,11866
22554,11850
22555,11850
22556,11866
22557,11860
22558,11850
22559,11866
22560,11860
22561,11866
22562,11860
22563,11839
22564,11854
22565,11826
22566,11854
22567,11862
22568,11864
22569,11863
22570,11864
22571,11866
22572,11843
22573,11858
22574,11850
22575,11843
22576,11849
22577,11884
22578,11885
22579,11869
22580,11884
22581,11850
22582,11885
22583,11885
22584,11893
22585,11893
22586,11853
22587,11893
22588,11893
22589,11893
22590,11879
22591,11874
22592,11894
22593,11899
22594,11908
22595,11915
22596,11915
22597,11909
22598,11899
22599,11891
22600,11888
22601,11899
22602,11900
22603,11899
22604,11883
22605,11900
22606,11888
22607,11899
22608,11908
22609,11903
22610,11894
22611,11899
22612,11904
22613,11884
22614,11903
22615,11905
22616,11909
22617,11905
22618,11894
22619,11904
22620,11893
22621,11903
22622,11888
22623,11906
22624,11917
22625,11914
22626,11905
22627,11904
22628,11909
22629,11909
22630,11914
22631,11917
22632,11914
22633,11924
22634,11916
22635,11913
22636,11903
22637,11879
22638,11898
22639,11914
22640,11920
22641,11883
22642,11906
22643,11918
22644,11911
22645,11939
22646,11902
22647,11932
22648,11917
22649,11924
22650,11912
22651,11889
22652,11923
22653,11914
22654,11929
22655,11917
22656,11910
22657,11943
22658,11951
22659,11934
22660,11926
22661,11951
22662,11936
22663,11951
22664,11936
22665,11934
22666,11911
22667,11949
22668,11944
22669,11915
22670,11942
22671,11944
22672,11949
22673,11914
22674,11935
22675,11924
22676,11910
22677,11919
22678,11924
22679,11910
22680,11935
22681,11955
22682,11952
22683,11942
22684,11923
22685,11909
22686,11951
22687,11944
22688,11960
22689,11950
22690,11917
22691,11937
22692,11958
22693,11922
22694,11958
22695,11937
22696,11917
22697,11922
22698,11958
22699,11944
22700,11951
22701,11949
22702,11951
22703,11963
22704,11938
22705,11949
22706,11955
22707,11947
22708,11949
22709,11912
22710,11950
22711,11914
22712,11922
22713,11943
22714,11943
22715,11943
22716,11917
22717,11950
22718,11929
22719,11937
22720,11958
22721,11933
22722,11952
22723,11929
22724,11958
22725,11937
22726,11933
22727,11958
22728,11952
22729,11929
22730,11933
22731,11937
22732,11958
22733,11929
22734,11950
22735,11909
22736,11943
22737,11943
22738,11943
22739,11922
22740,11959
22741,11909
22742,11943
22743,11943
22744,11927
22745,11969
22746,11949
22747,11969
22748,11957
22749,11969
22750,11949
22751,11969
22752,11957
22753,11949
22754,11938
22755,11969
22756,11949
22757,11940
22758,11969
22759,11957
22760,11949
22761,11969
22762,11953
22763,11905
22764,11956
22765,11949
22766,11944
22767,11953
22768,11969
22769,11954
22770,11972
22771,11973
22772,11952
22773,11978
22774,11996
22775,11966
22776,11993
22777,11996
22778,11988
22779,11981
22780,11978
22781,11983
22782,11998
22783,11998
22784,11998
22785,12006
22786,11989
22787,12006
22788,11980
22789,12005
22790,11999
22791,12000
22792,12027
22793,12004
22794,12027
22795,12011
22796,12006
22797,12015
22798,12023
22799,11991
22800,12030
22801,12026
22802,12012
22803,12026
22804,12012
22805,12019
22806,12026
22807,12026
22808,12012
22809,11983
22810,12019
22811,12026
22812,12012
22813,12026
22814,12028
22815,12012
22816,12026
22817,12009
22818,12034
22819,12023
22820,12029
22821,12022
22822,12034
22823,12018
22824,12011
22825,12047
22826,12030
22827,12019
22828,12038
22829,12039
22830,12039
22831,12034
22832,12051
22833,12036
22834,12064
22835,12054
22836,12054
22837,12066
22838,12063
22839,12066
22840,12064
22841,12066
22842,12070
22843,12068
22844,12052
22845,12058
22846,12070
22847,12069
22848,12067
22849,12084
22850,12090
22851,12039
22852,12097
22853,12085
22854,12068
22855,12093
22856,12076
22857,12096
22858,12095
22859,12073
22860,12096
22861,12095
22862,12073
22863,12074
22864,12079
22865,12067
22866,12086
22867,12089
22868,12067
22869,12073
22870,12078
22871,12072
22872,12091
22873,12083
22874,12076
22875,12089
22876,12079
22877,12083
22878,12076
22879,12089
22880,12083
22881,12084
22882,12082
22883,12079
22884,12082
22885,12074
22886,12082
22887,12070
22888,12088
22889,12079
22890,12088
22891,12094
22892,12088
22893,12071
22894,12090
22895,12095
22896,12072
22897,12069
22898,12096
22899,12083
22900,12096
22901,12061
22902,12079
22903,12069
22904,12058
22905,12089
22906,12089
22907,12079
22908,12079
22909,12078
22910,12100
22911,12086
22912,12103
22913,12079
22914,12078
22915,12103
22916,12090
22917,12103
22918,12043
22919,12084
22920,12095
22921,12079
22922,12102
22923,12072
22924,12090
22925,12079
22926,12101
22927,12105
22928,12108
22929,12108
22930,12110
22931,12108
22932,12115
22933,12115
22934,12094
22935,12114
22936,12115
22937,12114
22938,12094
22939,12115
22940,12085
22941,12128
22942,12115
22943,12089
22944,12128
22945,12115
22946,12128
22947,12128
22948,12115
22949,12116
22950,12114
22951,12118
22952,12134
22953,12110
22954,12113
22955,12135
22956,12125
22957,12138
22958,12132
22959,12138
22960,12138
22961,12125
22962,12138
22963,12104
22964,12132
22965,12129
22966,12123
22967,12125
22968,12129
22969,12129
22970,12132
22971,12129
22972,12125
22973,12129
22974,12129
22975,12132
22976,12129
22977,12134
22978,12159
22979,12153
22980,12111
22981,12143
22982,12143
22983,12141
22984,12150
22985,12143
22986,12141
22987,12159
22988,12158
22989,12146
22990,12105
22991,12143
22992,12139
22993,12137
22994,12139
22995,12164
22996,12139
22997,12159
22998,12149
22999,12157
23000,12150
23001,12164
23002,12176
23003,12154
23004,12169
23005,12164
23006,12174
23007,12150
23008,12184
23009,12184
23010,12150
23011,12184
23012,12184
23013,12150
23014,12174
23015,12184
23016,12164
23017,12176
23018,12161
23019,12170
23020,12179
23021,12180
23022,12176
23023,12174
23024,12184
23025,12182
23026,12176
23027,12171
23028,12191
23029,12184
23030,12199
23031,12179
23032,12203
23033,12173
23034,12203
23035,12194
23036,12188
23037,12194
23038,12173
23039,12179
23040,12194
23041,12203
23042,12203
23043,12173
23044,12203
23045,12179
23046,12188
23047,12203
23048,12206
23049,12204
23050,12200
23051,12183
23052,12206
23053,12204
23054,12185
23055,12204
23056,12183
23057,12204
23058,12199
23059,12189
23060,12206
23061,12211
23062,12220
23063,12228
23064,12220
23065,12228
23066,12224
23067,12212
23068,12208
23069,12214
23070,12174
23071,12212
23072,12228
23073,12229
23074,12233
23075,12220
23076,12245
23077,12240
23078,12239
23079,12249
23080,12241
23081,12250
23082,12239
23083,12233
23084,12239
23085,12250
23086,12238
23087,12250
23088,12231
23089,12243
23090,12247
23091,12219
23092,12231
23093,12250
23094,12219
23095,12231
23096,12247
23097,12239
23098,12243
23099,12231
23100,12238
23101,12225
23102,12239
23103,12250
23104,12239
23105,12250
23106,12241
23107,12239
23108,12235
23109,12238
23110,12262
23111,12254
23112,12259
23113,12254
23114,12262
23115,12248
23116,12230
23117,12273
23118,12246
23119,12254
23120,12259
23121,12262
23122,12260
23123,12248
23124,12250
23125,12245
23126,12260
23127,12244
23128,12249
23129,12247
23130,12254
23131,12249
23132,12254
23133,12222
23134,12254
23135,12245
23136,12259
23137,12264
23138,12259
23139,12263
23140,12232
23141,12250
23142,12244
23143,12262
23144,12240
23145,12244
23146,12243
23147,12279
23148,12254
23149,12279
23150,12269
23151,12230
23152,12258
23153,12279
23154,12269
23155,12279
23156,12231
23157,12269
23158,12279
23159,12230
23160,12279
23161,12269
23162,12254
23163,12279
23164,12274
23165,12259
23166,12265
23167,12268
23168,12283
23169,12274
23170,12278
23171,12271
23172,12292
23173,12293
23174,12279
23175,12292
23176,12290
23177,12293
23178,12289
23179,12304
23180,12293
23181,12285
23182,12310
23183,12286
23184,12313
23185,12290
23186,12299
23187,12306
23188,12319
23189,12299
23190,12315
23191,12319
23192,12319
23193,12315
23194,12304
23195,12323
23196,12292
23197,12296
23198,12323
23199,12308
23200,12320
23201,12320
23202,12311
23203,12320
23204,12320
23205,12320
23206,12320
23207,12331
23208,12301
23209,12309
23210,12320
23211,12319
23212,12319
23213,12320
23214,12309
23215,12319
23216,12320
23217,12309
23218,12335
23219,12340
23220,12326
23221,12328
23222,12314
23223,12310
23224,12327
23225,12331
23226,12320
23227,12301
23228,12319
23229,12320
23230,12290
23231,12319
23232,12325
23233,12328
23234,12304
23235,12314
23236,12338
23237,12328
23238,12304
23239,12308
23240,12304
23241,12328
23242,12314
23243,12304
23244,12321
23245,12330
23246,12341
23247,12303
23248,12341
23249,12330
23250,12310
23251,12329
23252,12314
23253,12303
23254,12323
23255,12325
23256,12331
23257,12330
23258,12333
23259,12338
23260,12334
23261,12330
23262,12338
23263,12323
23264,12334
23265,12330
23266,12334
23267,12338
23268,12315
23269,12334
23270,12330
23271,12338
23272,12334
23273,12339
23274,12349
23275,12340
23276,12344
23277,12340
23278,12349
23279,12329
23280,12336
23281,12343
23282,12315
23283,12345
23284,12335
23285,12338
23286,12364
23287,12328
23288,12339
23289,12338
23290,12364
23291,12344
23292,12358
23293,12359
23294,12328
23295,12352
23296,12333
23297,12356
23298,12336
23299,12343
23300,12315
23301,12354
23302,12339
23303,12361
23304,12349
23305,12354
23306,12361
23307,12349
23308,12339
23309,12351
23310,12340
23311,12359
23312,12355
23313,12359
23314,12364
23315,12354
23316,12355
23317,12355
23318,12354
23319,12330
23320,12351
23321,12352
23322,12363
23323,12338
23324,12343
23325,12336
23326,12343
23327,12307
23328,12328
23329,12343
23330,12336
23331,12346
23332,12339
23333,12316
23334,12358
23335,12349
23336,12349
23337,12338
23338,12346
23339,12344
23340,12330
23341,12349
23342,12349
23343,12349
23344,12344
23345,12349
23346,12349
23347,12345
23348,12346
23349,12358
23350,12316
23351,12343
23352,12357
23353,12316
23354,12316
23355,12357
23356,12316
23357,12339
23358,12316
23359,12339
23360,12340
23361,12349
23362,12349
23363,12340
23364,12326
23365,12340
23366,12349
23367,12355
23368,12354
23369,12352
23370,12370
23371,12339
23372,12365
23373,12365
23374,12343
23375,12365
23376,12365
23377,12339
23378,12365
23379,12371
23380,12373
23381,12375
23382,12342
23383,12367
23384,12354
23385,12384
23386,12358
23387,12355
23388,12384
23389,12364
23390,12388
23391,12374
23392,12392
23393,12404
23394,12384
23395,12371
23396,12373
23397,12403
23398,12399
23399,12393
23400,12409
23401,12416
23402,12424
23403,12410
23404,12408
23405,12424
23406,12424
23407,12398
23408,12424
23409,12424
23410,12408
23411,12410
23412,12424
23413,12398
23414,12408
23415,12421
23416,12385
23417,12408
23418,12421
23419,12385
23420,12408
23421,12418
23422,12421
23423,12386
23424,12408
23425,12401
23426,12421
23427,12408
23428,12386
23429,12408
23430,12421
23431,12386
23432,12408
23433,12416
23434,12399
23435,12379
23436,12399
23437,12399
23438,12381
23439,12399
23440,12389
23441,12405
23442,12405
23443,12380
23444,12389
23445,12404
23446,12389
23447,12405
23448,12389
23449,12380
23450,12405
23451,12389
23452,12405
23453,12380
23454,12389
23455,12416
23456,12384
23457,12378
23458,12409
23459,12414
23460,12391
23461,12393
23462,12416
23463,12414
23464,12435
23465,12435
23466,12420
23467,12435
23468,12430
23469,12405
23470,12425
23471,12419
23472,12426
23473,12430
23474,12436
23475,12423
23476,12441
23477,12448
23478,12449
23479,12444
23480,12448
23481,12441
23482,12455
23483,12440
23484,12471
23485,12440
23486,12471
23487,12394
23488,12463
23489,12440
23490,12471
23491,12439
23492,12466
23493,12470
23494,12478
23495,12439
23496,12473
23497,12449
23498,12468
23499,12445
23500,12451
23501,12464
23502,12463
23503,12464
23504,12451
23505,12445
23506,12468
23507,12469
23508,12450
23509,12456
23510,12479
23511,12467
23512,12464
23513,12479
23514,12459
23515,12481
23516,12491
23517,12480
23518,12480
23519,12491
23520,12461
23521,12480
23522,12473
23523,12478
23524,12471
23525,12480
23526,12473
23527,12459
23528,12486
23529,12486
23530,12471
23531,12468
23532,12477
23533,12458
23534,12459
23535,12468
23536,12399
23537,12461
23538,12449
23539,12459
23540,12465
23541,12478
23542,12488
23543,12488
23544,12484
23545,12485
23546,12498
23547,12488
23548,12491
23549,12493
23550,12488
23551,12485
23552,12491
23553,12494
23554,12504
23555,12500
23556,12475
23557,12503
23558,12498
23559,12485
23560,12504
23561,12488
23562,12504
23563,12477
23564,12521
23565,12520
23566,12479
23567,12521
23568,12520
23569,12520
23570,12509
23571,12521
23572,12502
23573,12534
23574,12529
23575,12537
23576,12528
23577,12536
23578,12529
23579,12533
23580,12529
23581,12541
23582,12529
23583,12538
23584,12540
23585,12533
23586,12539
23587,12535
23588,12531
23589,12539
23590,12529
23591,12499
23592,12522
23593,12499
23594,12522
23595,12514
23596,12499
23597,12522
23598,12488
23599,12499
23600,12522
23601,12514
23602,12520
23603,12508
23604,12522
23605,12508
23606,12522
23607,12514
23608,12508
23609,12522
23610,12534
23611,12538
23612,12540
23613,12524
23614,12541
23615,12536
23616,12504
23617,12529
23618,12539
23619,12536
23620,12529
23621,12514
23622,12529
23623,12536
23624,12529
23625,12536
23626,12529
23627,12504
23628,12529
23629,12538
23630,12529
23631,12541
23632,12529
23633,12534
23634,12541
23635,12529
23636,12541
23637,12529
23638,12538
23639,12540
23640,12538
23641,12524
23642,12538
23643,12519
23644,12540
23645,12538
23646,12538
23647,12540
23648,12539
23649,12538
23650,12523
23651,12538
23652,12524
23653,12538
23654,12540
23655,12538
23656,12535
23657,12545
23658,12530
23659,12545
23660,12539
23661,12531
23662,12545
23663,12529
23664,12544
23665,12516
23666,12540
23667,12556
23668,12559
23669,12560
23670,12535
23671,12558
23672,12545
23673,12558
23674,12540
23675,12568
23676,12540
23677,12564
23678,12569
23679,12573
23680,12583
23681,12575
23682,12593
23683,12585
23684,12593
23685,12579
23686,12593
23687,12575
23688,12594
23689,12582
23690,12589
23691,12579
23692,12582
23693,12598
23694,12582
23695,12594
23696,12593
23697,12585
23698,12579
23699,12575
23700,12593
23701,12563
23702,12585
23703,12593
23704,12575
23705,12593
23706,12579
23707,12593
23708,12575
23709,12585
23710,12593
23711,12594
23712,12582
23713,12579
23714,12598
23715,12582
23716,12589
23717,12582
23718,12594
23719,12575
23720,12593
23721,12579
23722,12585
23723,12593
23724,12572
23725,12583
23726,12576
23727,12545
23728,12589
23729,12581
23730,12579
23731,12599
23732,12584
23733,12599
23734,12603
23735,12590
23736,12603
23737,12588
23738,12599
23739,12590
23740,12606
23741,12589
23742,12589
23743,12606
23744,12589
23745,12585
23746,12589
23747,12574
23748,12589
23749,12589
23750,12589
23751,12610
23752,12616
23753,12585
23754,12613
23755,12616
23756,12565
23757,12553
23758,12576
23759,12606
23760,12579
23761,12576
23762,12594
23763,12606
23764,12589
23765,12608
23766,12596
23767,12606
23768,12608
23769,12615
23770,12591
23771,12604
23772,12606
23773,12604
23774,12604
23775,12606
23776,12591
23777,12606
23778,12604
23779,12591
23780,12604
23781,12606
23782,12606
23783,12591
23784,12619
23785,12613
23786,12618
23787,12610
23788,12633
23789,12624
23790,12633
23791,12614
23792,12615
23793,12628
23794,12610
23795,12600
23796,12624
23797,12593
23798,12630
23799,12629
23800,12619
23801,12630
23802,12629
23803,12633
23804,12629
23805,12630
23806,12629
23807,12619
23808,12607
23809,12630
23810,12607
23811,12619
23812,12625
23813,12607
23814,12619
23815,12595
23816,12618
23817,12624
23818,12618
23819,12614
23820,12618
23821,12624
23822,12618
23823,12579
23824,12584
23825,12604
23826,12617
23827,12604
23828,12584
23829,12621
23830,12619
23831,12604
23832,12617
23833,12584
23834,12621
23835,12604
23836,12624
23837,12618
23838,12616
23839,12620
23840,12640
23841,12598
23842,12640
23843,12611
23844,12640
23845,12628
23846,12618
23847,12618
23848,12600
23849,12629
23850,12619
23851,12633
23852,12634
23853,12633
23854,12621
23855,12584
23856,12604
23857,12621
23858,12584
23859,12604
23860,12604
23861,12617
23862,12584
23863,12621
23864,12604
23865,12584
23866,12604
23867,12621
23868,12584
23869,12604
23870,12617
23871,12625
23872,12605
23873,12640
23874,12601
23875,12614
23876,12616
23877,12616
23878,12616
23879,12619
23880,12609
23881,12621
23882,12610
23883,12609
23884,12621
23885,12619
23886,12630
23887,12634
23888,12634
23889,12635
23890,12634
23891,12634
23892,12606
23893,12628
23894,12634
23895,12634
23896,12646
23897,12641
23898,12635
23899,12642
23900,12639
23901,12638
23902,12633
23903,12639
23904,12628
23905,12639
23906,12645
23907,12619
23908,12623
23909,12644
23910,12646
23911,12639
23912,12644
23913,12623
23914,12619
23915,12645
23916,12646
23917,12633
23918,12635
23919,12646
23920,12638
23921,12639
23922,12655
23923,12651
23924,12638
23925,12655
23926,12651
23927,12645
23928,12655
23929,12610
23930,12653
23931,12613
23932,12638
23933,12653
23934,12641
23935,12613
23936,12653
23937,12639
23938,12643
23939,12645
23940,12640
23941,12641
23942,12611
23943,12638
23944,12641
23945,12653
23946,12655
23947,12646
23948,12654
23949,12655
23950,12654
23951,12656
23952,12669
23953,12669
23954,12640
23955,12669
23956,12651
23957,12659
23958,12660
23959,12651
23960,12660
23961,12651
23962,12678
23963,12664
23964,12684
23965,12675
23966,12684
23967,12671
23968,12671
23969,12686
23970,12679
23971,12671
23972,12686
23973,12679
23974,12671
23975,12686
23976,12679
23977,12671
23978,12675
23979,12671
23980,12686
23981,12671
23982,12679
23983,12686
23984,12671
23985,12679
23986,12686
23987,12671
23988,12684
23989,12671
23990,12686
23991,12679
23992,12671
23993,12686
23994,12671
23995,12679
23996,12686
23997,12670
23998,12694
23999,12699
24000,12715
24001,12715
24002,12715
24003,12715
24004,12715
24005,12698
24006,12715
24007,12709
24008,12708
24009,12715
24010,12706
24011,12708
24012,12709
24013,12699
24014,12724
24015,12724
24016,12721
24017,12725
24018,12724
24019,12736
24020,12734
24021,12748
24022,12734
24023,12736
24024,12735
24025,12736
24026,12736
24027,12739
24028,12736
24029,12701
24030,12755
24031,12753
24032,12749
24033,12753
24034,12755
24035,12753
24036,12749
24037,12751
24038,12738
24039,12730
24040,12734
24041,12738
24042,12704
24043,12749
24044,12730
24045,12738
24046,12734
24047,12745
24048,12759
24049,12761
24050,12744
24051,12756
24052,12749
24053,12749
24054,12724
24055,12756
24056,12749
24057,12756
24058,12700
24059,12751
24060,12755
24061,12751
24062,12749
24063,12754
24064,12756
24065,12761
24066,12766
24067,12761
24068,12766
24069,12744
24070,12766
24071,12761
24072,12766
24073,12759
24074,12760
24075,12768
24076,12776
24077,12760
24078,12776
24079,12768
24080,12770
24081,12754
24082,12751
24083,12770
24084,12774
24085,12774
24086,12779
24087,12780
24088,12761
24089,12744
24090,12761
24091,12774
24092,12751
24093,12773
24094,12759
24095,12788
24096,12781
24097,12774
24098,12788
24099,12774
24100,12781
24101,12785
24102,12794
24103,12784
24104,12794
24105,12767
24106,12794
24107,12789
24108,12774
24109,12794
24110,12786
24111,12793
24112,12771
24113,12789
24114,12784
24115,12789
24116,12793
24117,12798
24118,12791
24119,12794
24120,12784
24121,12796
24122,12811
24123,12814
24124,12796
24125,12809
24126,12826
24127,12810
24128,12809
24129,12826
24130,12809
24131,12809
24132,12819
24133,12809
24134,12819
24135,12808
24136,12819
24137,12809
24138,12809
24139,12796
24140,12826
24141,12809
24142,12824
24143,12836
24144,12824
24145,12828
24146,12843
24147,12835
24148,12844
24149,12831
24150,12833
24151,12813
24152,12805
24153,12828
24154,12845
24155,12813
24156,12834
24157,12845
24158,12825
24159,12815
24160,12829
24161,12854
24162,12848
24163,12854
24164,12849
24165,12851
24166,12843
24167,12851
24168,12832
24169,12840
24170,12843
24171,12851
24172,12853
24173,12832
24174,12834
24175,12800
24176,12839
24177,12800
24178,12833
24179,12854
24180,12849
24181,12848
24182,12866
24183,12854
24184,12844
24185,12866
24186,12848
24187,12854
24188,12866
24189,12864
24190,12873
24191,12871
24192,12860
24193,12871
24194,12873
24195,12879
24196,12868
24197,12886
24198,12870
24199,12886
24200,12868
24201,12828
24202,12886
24203,12868
24204,12863
24205,12886
24206,12858
24207,12875
24208,12879
24209,12869
24210,12875
24211,12889
24212,12890
24213,12864
24214,12874
24215,12845
24216,12879
24217,12854
24218,12885
24219,12899
24220,12886
24221,12869
24222,12884
24223,12889
24224,12890
24225,12889
24226,12899
24227,12899
24228,12886
24229,12898
24230,12906
24231,12899
24232,12900
24233,12899
24234,12877
24235,12909
24236,12919
24237,12905
24238,12909
24239,12918
24240,12920
24241,12910
24242,12914
24243,12909
24244,12898
24245,12918
24246,12910
24247,12915
24248,12920
24249,12910
24250,12920
24251,12910
24252,12920
24253,12920
24254,12885
24255,12934
24256,12921
24257,12920
24258,12921
24259,12920
24260,12934
24261,12920
24262,12885
24263,12920
24264,12934
24265,12920
24266,12924
24267,12922
24268,12930
24269,12931
24270,12924
24271,12944
24272,12935
24273,12940
24274,12920
24275,12945
24276,12938
24277,12945
24278,12944
24279,12946
24280,12954
24281,12945
24282,12930
24283,12950
24284,12926
24285,12945
24286,12885
24287,12934
24288,12945
24289,12950
24290,12955
24291,12963
24292,12964
24293,12949
24294,12954
24295,12944
24296,12935
24297,12948
24298,12940
24299,12929
24300,12940
24301,12940
24302,12925
24303,12921
24304,12939
24305,12939
24306,12946
24307,12921
24308,12939
24309,12939
24310,12921
24311,12946
24312,12939
24313,12930
24314,12913
24315,12930
24316,12913
24317,12929
24318,12953
24319,12939
24320,12944
24321,12936
24322,12945
24323,12936
24324,12954
24325,12960
24326,12953
24327,12934
24328,12945
24329,12953
24330,12944
24331,12949
24332,12945
24333,12946
24334,12955
24335,12974
24336,12956
24337,12945
24338,12984
24339,12979
24340,12963
24341,12984
24342,12945
24343,12984
24344,12945
24345,12945
24346,12978
24347,12969
24348,12979
24349,12978
24350,12980
24351,12983
24352,12960
24353,12951
24354,12960
24355,12961
24356,12981
24357,12960
24358,12960
24359,12931
24360,12928
24361,12978
24362,12986
24363,12979
24364,12973
24365,12979
24366,12971
24367,12979
24368,12979
24369,12979
24370,12973
24371,12979
24372,12943
24373,12986
24374,12989
24375,12989
24376,12969
24377,12989
24378,12989
24379,12986
24380,12989
24381,12989
24382,12974
24383,12989
24384,13003
24385,12976
24386,12996
24387,13003
24388,12971
24389,13003
24390,12988
24391,13003
24392,12998
24393,12978
24394,12980
24395,12969
24396,12995
24397,13015
24398,12988
24399,13015
24400,13000
24401,13015
24402,13015
24403,12988
24404,13016
24405,13020
24406,13010
24407,12994
24408,12998
24409,12995
24410,13018
24411,13021
24412,13018
24413,13019
24414,13018
24415,13008
24416,13010
24417,13019
24418,13021
24419,13018
24420,13018
24421,13021
24422,13018
24423,12991
24424,13003
24425,12999
24426,13003
24427,12984
24428,12969
24429,12996
24430,12971
24431,12985
24432,12996
24433,12989
24434,12998
24435,12989
24436,12985
24437,12996
24438,12996
24439,12990
24440,13000
24441,13004
24442,12990
24443,12985
24444,12988
24445,12965
24446,12980
24447,12989
24448,12985
24449,12981
24450,12999
24451,12998
24452,12988
24453,12991
24454,12988
24455,12998
24456,12979
24457,13009
24458,13004
24459,12988
24460,13010
24461,12975
24462,12986
24463,12999
24464,13011
24465,13009
24466,12985
24467,12986
24468,12981
24469,12995
24470,12981
24471,12986
24472,12998
24473,12999
24474,12974
24475,12991
24476,12978
24477,13006
24478,12995
24479,12996
24480,13006
24481,12994
24482,12995
24483,13006
24484,13003
24485,13006
24486,13004
24487,12996
24488,13009
24489,12996
24490,12984
24491,13006
24492,12996
24493,12984
24494,12996
24495,12996
24496,12984
24497,13013
24498,13009
24499,12998
24500,13003
24501,12984
24502,12989
24503,13004
24504,12998
24505,13016
24506,13009
24507,13009
24508,13016
24509,13016
24510,13009
24511,13014
24512,13016
24513,13026
24514,13024
24515,13037
24516,13009
24517,13010
24518,13024
24519,13037
24520,12967
24521,13035
24522,13044
24523,12974
24524,13037
24525,13024
24526,13028
24527,13020
24528,13025
24529,13020
24530,13009
24531,13025
24532,13020
24533,13000
24534,13020
24535,13032
24536,13046
24537,13038
24538,13046
24539,13034
24540,13046
24541,13038
24542,13040
24543,13023
24544,13037
24545,13010
24546,13024
24547,13037
24548,13026
24549,13009
24550,13016
24551,13034
24552,13028
24553,13010
24554,13021
24555,12983
24556,13018
24557,13028
24558,13026
24559,13043
24560,13040
24561,13011
24562,13043
24563,13031
24564,13044
24565,13024
24566,13038
24567,13003
24568,13044
24569,13044
24570,13045
24571,13051
24572,13039
24573,13041
24574,13013
24575,13045
24576,13039
24577,13051
24578,13045
24579,13046
24580,13059
24581,13074
24582,13054
24583,13074
24584,13074
24585,13044
24586,13059
24587,13074
24588,13074
24589,13058
24590,13074
24591,13050
24592,13074
24593,13044
24594,13074
24595,13074
24596,13049
24597,13065
24598,13038
24599,13059
24600,13050
24601,13060
24602,13058
24603,13069
24604,13050
24605,13058
24606,13031
24607,13054
24608,13040
24609,13038
24610,13059
24611,13053
24612,13068
24613,13066
24614,13061
24615,13049
24616,13065
24617,13061
24618,13066
24619,13059
24620,13061
24621,13049
24622,13066
24623,13061
24624,13063
24625,13066
24626,13054
24627,13056
24628,13054
24629,13040
24630,13060
24631,13061
24632,13067
24633,13061
24634,13046
24635,13054
24636,13036
24637,13056
24638,13059
24639,13065
24640,13059
24641,13064
24642,13056
24643,13045
24644,13064
24645,13056
24646,13065
24647,13069
24648,13064
24649,13062
24650,13066
24651,13069
24652,13064
24653,13055
24654,13062
24655,13069
24656,13064
24657,13062
24658,13069
24659,13064
24660,13069
24661,13062
24662,13064
24663,13066
24664,13069
24665,13064
24666,13062
24667,13078
24668,13051
24669,13058
24670,13069
24671,13051
24672,13073
24673,13073
24674,13069
24675,13084
24676,13089
24677,13064
24678,13099
24679,13074
24680,13064
24681,13099
24682,13080
24683,13098
24684,13090
24685,13104
24686,13098
24687,13093
24688,13096
24689,13107
24690,13096
24691,13088
24692,13094
24693,13103
24694,13079
24695,13103
24696,13081
24697,13086
24698,13103
24699,13079
24700,13075
24701,13090
24702,13098
24703,13090
24704,13100
24705,13105
24706,13080
24707,13086
24708,13080
24709,13099
24710,13099
24711,13080
24712,13080
24713,13099
24714,13096
24715,13084
24716,13074
24717,13079
24718,13079
24719,13065
24720,13089
24721,13090
24722,13075
24723,13096
24724,13095
24725,13096
24726,13111
24727,13110
24728,13114
24729,13125
24730,13114
24731,13114
24732,13105
24733,13125
24734,13114
24735,13131
24736,13131
24737,13129
24738,13117
24739,13129
24740,13131
24741,13114
24742,13139
24743,13114
24744,13139
24745,13139
24746,13129
24747,13139
24748,13139
24749,13139
24750,13099
24751,13141
24752,13114
24753,13139
24754,13140
24755,13134
24756,13139
24757,13130
24758,13130
24759,13138
24760,13140
24761,13116
24762,13133
24763,13121
24764,13154
24765,13125
24766,13136
24767,13154
24768,13139
24769,13140
24770,13144
24771,13136
24772,13141
24773,13144
24774,13136
24775,13144
24776,13141
24777,13154
24778,13151
24779,13155
24780,13162
24781,13160
24782,13155
24783,13138
24784,13160
24785,13155
24786,13138
24787,13162
24788,13160
24789,13155
24790,13150
24791,13155
24792,13159
24793,13159
24794,13159
24795,13150
24796,13159
24797,13159
24798,13124
24799,13159
24800,13168
24801,13158
24802,13179
24803,13164
24804,13179
24805,13160
24806,13171
24807,13143
24808,13179
24809,13169
24810,13176
24811,13188
24812,13179
24813,13188
24814,13165
24815,13171
24816,13163
24817,13168
24818,13163
24819,13168
24820,13175
24821,13163
24822,13169
24823,13151
24824,13158
24825,13174
24826,13158
24827,13150
24828,13178
24829,13176
24830,13156
24831,13189
24832,13176
24833,13156
24834,13189
24835,13179
24836,13165
24837,13188
24838,13179
24839,13176
24840,13188
24841,13189
24842,13174
24843,13179
24844,13170
24845,13191
24846,13189
24847,13164
24848,13203
24849,13199
24850,13189
24851,13204
24852,13165
24853,13186
24854,13201
24855,13191
24856,13186
24857,13191
24858,13180
24859,13201
24860,13184
24861,13194
24862,13203
24863,13194
24864,13191
24865,13184
24866,13194
24867,13209
24868,13203
24869,13210
24870,13219
24871,13177
24872,13214
24873,13218
24874,13219
24875,13218
24876,13219
24877,13195
24878,13205
24879,13195
24880,13219
24881,13195
24882,13196
24883,13195
24884,13234
24885,13211
24886,13215
24887,13226
24888,13228
24889,13215
24890,13211
24891,13240
24892,13235
24893,13226
24894,13235
24895,13235
24896,13244
24897,13238
24898,13235
24899,13244
24900,13235
24901,13226
24902,13235
24903,13230
24904,13245
24905,13224
24906,13224
24907,13206
24908,13204
24909,13234
24910,13218
24911,13243
24912,13241
24913,13241
24914,13229
24915,13204
24916,13206
24917,13204
24918,13233
24919,13217
24920,13215
24921,13235
24922,13238
24923,13240
24924,13233
24925,13240
24926,13225
24927,13236
24928,13225
24929,13239
24930,13236
24931,13195
24932,13225
24933,13236
24934,13215
24935,13234
24936,13233
24937,13232
24938,13236
24939,13234
24940,13241
24941,13234
24942,13233
24943,13234
24944,13241
24945,13231
24946,13234
24947,13241
24948,13236
24949,13232
24950,13234
24951,13233
24952,13234
24953,13241
24954,13234
24955,13231
24956,13215
24957,13236
24958,13225
24959,13242
24960,13218
24961,13246
24962,13245
24963,13222
24964,13245
24965,13246
24966,13225
24967,13206
24968,13204
24969,13206
24970,13204
24971,13206
24972,13236
24973,13244
24974,13235
24975,13231
24976,13225
24977,13239
24978,13232
24979,13231
24980,13225
24981,13239
24982,13232
24983,13246
24984,13223
24985,13224
24986,13246
24987,13246
24988,13226
24989,13246
24990,13224
24991,13214
24992,13215
24993,13229
24994,13238
24995,13234
24996,13229
24997,13238
24998,13249
24999,13251
25000,13251
25001,13246
25002,13264
25003,13263
25004,13246
25005,13251
25006,13229
25007,13233
25008,13224
25009,13234
25010,13259
25011,13231
25012,13224
25013,13259
25014,13255
25015,13253
25016,13261
25017,13265
25018,13253
25019,13253
25020,13265
25021,13261
25022,13245
25023,13274
25024,13263
25025,13239
25026,13263
25027,13277
25028,13278
25029,13254
25030,13278
25031,13284
25032,13278
25033,13254
25034,13278
25035,13254
25036,13278
25037,13284
25038,13278
25039,13279
25040,13281
25041,13288
25042,13303
25043,13293
25044,13300
25045,13269
25046,13243
25047,13285
25048,13289
25049,13290
25050,13293
25051,13290
25052,13304
25053,13304
25054,13284
25055,13304
25056,13304
25057,13301
25058,13304
25059,13304
25060,13304
25061,13311
25062,13288
25063,13294
25064,13295
25065,13304
25066,13275
25067,13314
25068,13303
25069,13285
25070,13311
25071,13319
25072,13323
25073,13306
25074,13323
25075,13319
25076,13329
25077,13324
25078,13316
25079,13306
25080,13324
25081,13323
25082,13339
25083,13318
25084,13344
25085,13336
25086,13340
25087,13344
25088,13336
25089,13344
25090,13318
25091,13326
25092,13344
25093,13324
25094,13336
25095,13318
25096,13344
25097,13344
25098,13336
25099,13318
25100,13345
25101,13349
25102,13350
25103,13340
25104,13345
25105,13364
25106,13354
25107,13364
25108,13331
25109,13364
25110,13354
25111,13364
25112,13366
25113,13358
25114,13368
25115,13358
25116,13373
25117,13366
25118,13334
25119,13295
25120,13374
25121,13368
25122,13358
25123,13381
25124,13381
25125,13368
25126,13378
25127,13357
25128,13378
25129,13360
25130,13369
25131,13354
25132,13369
25133,13355
25134,13340
25135,13354
25136,13369
25137,13354
25138,13369
25139,13356
25140,13370
25141,13369
25142,13340
25143,13369
25144,13346
25145,13374
25146,13376
25147,13355
25148,13355
25149,13376
25150,13355
25151,13349
25152,13355
25153,13376
25154,13355
25155,13329
25156,13355
25157,13376
25158,13366
25159,13354
25160,13340
25161,13354
25162,13375
25163,13379
25164,13380
25165,13375
25166,13380
25167,13375
25168,13371
25169,13375
25170,13380
25171,13375
25172,13338
25173,13375
25174,13385
25175,13381
25176,13384
25177,13394
25178,13391
25179,13360
25180,13386
25181,13380
25182,13395
25183,13360
25184,13395
25185,13360
25186,13380
25187,13386
25188,13395
25189,13370
25190,13373
25191,13399
25192,13359
25193,13386
25194,13399
25195,13389
25196,13400
25197,13386
25198,13414
25199,13385
25200,13369
25201,13384
25202,13381
25203,13384
25204,13399
25205,13399
25206,13397
25207,13383
25208,13399
25209,13397
25210,13410
25211,13383
25212,13399
25213,13397
25214,13374
25215,13386
25216,13403
25217,13404
25218,13402
25219,13374
25220,13389
25221,13399
25222,13391
25223,13408
25224,13399
25225,13404
25226,13409
25227,13363
25228,13404
25229,13409
25230,13399
25231,13366
25232,13351
25233,13394
25234,13396
25235,13378
25236,13391
25237,13400
25238,13396
25239,13391
25240,13398
25241,13391
25242,13406
25243,13395
25244,13396
25245,13404
25246,13406
25247,13409
25248,13417
25249,13415
25250,13424
25251,13384
25252,13425
25253,13424
25254,13438
25255,13430
25256,13438
25257,13424
25258,13436
25259,13414
25260,13418
25261,13426
25262,13416
25263,13439
25264,13428
25265,13426
25266,13428
25267,13439
25268,13424
25269,13441
25270,13443
25271,13441
25272,13450
25273,13453
25274,13441
25275,13449
25276,13453
25277,13441
25278,13440
25279,13456
25280,13448
25281,13456
25282,13454
25283,13456
25284,13433
25285,13456
25286,13444
25287,13456
25288,13460
25289,13456
25290,13456
25291,13464
25292,13459
25293,13456
25294,13464
25295,13440
25296,13449
25297,13462
25298,13449
25299,13449
25300,13449
25301,13444
25302,13462
25303,13449
25304,13462
25305,13449
25306,13449
25307,13455
25308,13463
25309,13465
25310,13456
25311,13448
25312,13463
25313,13468
25314,13469
25315,13463
25316,13455
25317,13449
25318,13449
25319,13444
25320,13462
25321,13449
25322,13433
25323,13449
25324,13462
25325,13449
25326,13449
25327,13444
25328,13462
25329,13449
25330,13449
25331,13464
25332,13444
25333,13468
25334,13456
25335,13460
25336,13456
25337,13456
25338,13456
25339,13456
25340,13468
25341,13464
25342,13444
25343,13464
25344,13464
25345,13449
25346,13455
25347,13454
25348,13469
25349,13463
25350,13469
25351,13468
25352,13473
25353,13470
25354,13469
25355,13474
25356,13465
25357,13448
25358,13461
25359,13436
25360,13456
25361,13471
25362,13459
25363,13458
25364,13448
25365,13439
25366,13448
25367,13425
25368,13448
25369,13454
25370,13464
25371,13464
25372,13464
25373,13470
25374,13455
25375,13437
25376,13475
25377,13455
25378,13479
25379,13455
25380,13455
25381,13475
25382,13470
25383,13464
25384,13464
25385,13466
25386,13481
25387,13489
25388,13480
25389,13490
25390,13480
25391,13483
25392,13480
25393,13490
25394,13496
25395,13500
25396,13499
25397,13490
25398,13486
25399,13454
25400,13493
25401,13481
25402,13481
25403,13493
25404,13481
25405,13497
25406,13506
25407,13510
25408,13510
25409,13506
25410,13510
25411,13505
25412,13514
25413,13521
25414,13521
25415,13514
25416,13500
25417,13521
25418,13496
25419,13519
25420,13508
25421,13493
25422,13490
25423,13490
25424,13500
25425,13493
25426,13490
25427,13490
25428,13528
25429,13510
25430,13496
25431,13524
25432,13490
25433,13490
25434,13493
25435,13490
25436,13521
25437,13538
25438,13514
25439,13544
25440,13543
25441,13539
25442,13544
25443,13544
25444,13549
25445,13554
25446,13552
25447,13538
25448,13552
25449,13538
25450,13554
25451,13552
25452,13538
25453,13545
25454,13526
25455,13541
25456,13497
25457,13541
25458,13529
25459,13555
25460,13548
25461,13559
25462,13534
25463,13545
25464,13542
25465,13545
25466,13529
25467,13526
25468,13525
25469,13543
25470,13543
25471,13542
25472,13526
25473,13535
25474,13539
25475,13527
25476,13530
25477,13545
25478,13548
25479,13541
25480,13554
25481,13543
25482,13541
25483,13519
25484,13543
25485,13541
25486,13529
25487,13543
25488,13554
25489,13541
25490,13559
25491,13565
25492,13556
25493,13551
25494,13565
25495,13552
25496,13556
25497,13565
25498,13524
25499,13565
25500,13578
25501,13570
25502,13578
25503,13564
25504,13536
25505,13551
25506,13565
25507,13534
25508,13567
25509,13578
25510,13563
25511,13578
25512,13578
25513,13549
25514,13573
25515,13574
25516,13567
25517,13564
25518,13567
25519,13558
25520,13559
25521,13553
25522,13574
25523,13559
25524,13588
25525,13585
25526,13574
25527,13588
25528,13577
25529,13571
25530,13574
25531,13559
25532,13571
25533,13543
25534,13574
25535,13571
25536,13546
25537,13569
25538,13569
25539,13569
25540,13563
25541,13574
25542,13561
25543,13561
25544,13580
25545,13581
25546,13554
25547,13561
25548,13580
25549,13561
25550,13561
25551,13588
25552,13574
25553,13588
25554,13551
25555,13573
25556,13574
25557,13588
25558,13569
25559,13588
25560,13574
25561,13573
25562,13588
25563,13574
25564,13588
25565,13584
25566,13589
25567,13589
25568,13591
25569,13602
25570,13605
25571,13593
25572,13583
25573,13578
25574,13588
25575,13604
25576,13604
25577,13591
25578,13600
25579,13604
25580,13604
25581,13586
25582,13591
25583,13604
25584,13557
25585,13605
25586,13612
25587,13606
25588,13599
25589,13597
25590,13599
25591,13581
25592,13606
25593,13599
25594,13599
25595,13597
25596,13606
25597,13580
25598,13602
25599,13601
25600,13608
25601,13588
25602,13606
25603,13612
25604,13586
25605,13606
25606,13612
25607,13604
25608,13607
25609,13620
25610,13620
25611,13589
25612,13600
25613,13597
25614,13621
25615,13597
25616,13597
25617,13621
25618,13593
25619,13597
25620,13597
25621,13621
25622,13597
25623,13621
25624,13606
25625,13621
25626,13624
25627,13620
25628,13628
25629,13610
25630,13626
25631,13625
25632,13628
25633,13619
25634,13624
25635,13602
25636,13639
25637,13623
25638,13649
25639,13649
25640,13629
25641,13645
25642,13649
25643,13629
25644,13649
25645,13649
25646,13629
25647,13649
25648,13649
25649,13629
25650,13621
25651,13649
25652,13649
25653,13629
25654,13649
25655,13629
25656,13649
25657,13639
25658,13629
25659,13649
25660,13649
25661,13645
25662,13629
25663,13649
25664,13649
25665,13629
25666,13649
25667,13645
25668,13629
25669,13649
25670,13649
25671,13629
25672,13628
25673,13649
25674,13651
25675,13649
25676,13654
25677,13631
25678,13649
25679,13631
25680,13654
25681,13654
25682,13656
25683,13643
25684,13635
25685,13631
25686,13649
25687,13621
25688,13631
25689,13654
25690,13654
25691,13659
25692,13669
25693,13633
25694,13633
25695,13656
25696,13641
25697,13655
25698,13641
25699,13650
25700,13661
25701,13641
25702,13655
25703,13658
25704,13654
25705,13641
25706,13655
25707,13641
25708,13660
25709,13667
25710,13681
25711,13683
25712,13688
25713,13683
25714,13669
25715,13669
25716,13688
25717,13683
25718,13669
25719,13683
25720,13688
25721,13673
25722,13644
25723,13675
25724,13683
25725,13673
25726,13674
25727,13685
25728,13691
25729,13683
25730,13626
25731,13698
25732,13698
25733,13698
25734,13688
25735,13698
25736,13695
25737,13679
25738,13653
25739,13690
25740,13696
25741,13684
25742,13655
25743,13694
25744,13696
25745,13681
25746,13680
25747,13680
25748,13691
25749,13692
25750,13699
25751,13680
25752,13704
25753,13680
25754,13696
25755,13689
25756,13700
25757,13680
25758,13689
25759,13696
25760,13680
25761,13689
25762,13696
25763,13680
25764,13679
25765,13678
25766,13704
25767,13704
25768,13630
25769,13701
25770,13713
25771,13700
25772,13713
25773,13702
25774,13700
25775,13680
25776,13699
25777,13715
25778,13711
25779,13698
25780,13699
25781,13711
25782,13715
25783,13713
25784,13689
25785,13709
25786,13680
25787,13703
25788,13689
25789,13709
25790,13680
25791,13700
25792,13689
25793,13680
25794,13709
25795,13689
25796,13680
25797,13703
25798,13709
25799,13680
25800,13689
25801,13724
25802,13721
25803,13719
25804,13725
25805,13729
25806,13719
25807,13724
25808,13709
25809,13680
25810,13689
25811,13716
25812,13730
25813,13706
25814,13730
25815,13712
25816,13730
25817,13730
25818,13714
25819,13676
25820,13705
25821,13716
25822,13724
25823,13721
25824,13724
25825,13709
25826,13740
25827,13720
25828,13739
25829,13724
25830,13740
25831,13720
25832,13724
25833,13720
25834,13739
25835,13720
25836,13724
25837,13720
25838,13730
25839,13731
25840,13723
25841,13736
25842,13734
25843,13699
25844,13686
25845,13721
25846,13741
25847,13686
25848,13735
25849,13734
25850,13736
25851,13714
25852,13734
25853,13736
25854,13714
25855,13734
25856,13701
25857,13736
25858,13743
25859,13744
25860,13730
25861,13758
25862,13751
25863,13749
25864,13728
25865,13758
25866,13772
25867,13760
25868,13775
25869,13776
25870,13759
25871,13775
25872,13776
25873,13759
25874,13776
25875,13775
25876,13760
25877,13772
25878,13758
25879,13728
25880,13749
25881,13759
25882,13765
25883,13749
25884,13756
25885,13765
25886,13749
25887,13754
25888,13779
25889,13733
25890,13750
25891,13779
25892,13754
25893,13765
25894,13749
25895,13756
25896,13749
25897,13765
25898,13749
25899,13756
25900,13749
25901,13765
25902,13746
25903,13763
25904,13763
25905,13754
25906,13745
25907,13763
25908,13754
25909,13749
25910,13758
25911,13747
25912,13764
25913,13763
25914,13754
25915,13763
25916,13750
25917,13769
25918,13779
25919,13764
25920,13770
25921,13759
25922,13760
25923,13783
25924,13781
25925,13763
25926,13784
25927,13784
25928,13769
25929,13791
25930,13790
25931,13792
25932,13780
25933,13774
25934,13792
25935,13774
25936,13792
25937,13780
25938,13777
25939,13792
25940,13774
25941,13792
25942,13789
25943,13804
25944,13805
25945,13789
25946,13805
25947,13816
25948,13804
25949,13805
25950,13808
25951,13816
25952,13805
25953,13820
25954,13804
25955,13823
25956,13816
25957,13801
25958,13806
25959,13816
25960,13821
25961,13821
25962,13821
25963,13821
25964,13821
25965,13787
25966,13819
25967,13821
25968,13821
25969,13800
25970,13830
25971,13819
25972,13829
25973,13835
25974,13822
25975,13783
25976,13835
25977,13816
25978,13834
25979,13831
25980,13839
25981,13839
25982,13840
25983,13853
25984,13822
25985,13840
25986,13853
25987,13858
25988,13860
25989,13854
25990,13850
25991,13860
25992,13854
25993,13866
25994,13855
25995,13856
25996,13854
25997,13855
25998,13856
25999,13871
26000,13881
26001,13879
26002,13874
26003,13851
26004,13876
26005,13881
26006,13879
26007,13874
26008,13886
26009,13874
26010,13874
26011,13874
26012,13875
26013,13874
26014,13874
26015,13874
26016,13864
26017,13874
26018,13874
26019,13874
26020,13899
26021,13895
26022,13909
26023,13910
26024,13894
26025,13880
26026,13886
26027,13881
26028,13908
26029,13900
26030,13895
26031,13910
26032,13895
26033,13869
26034,13908
26035,13908
26036,13905
26037,13908
26038,13899
26039,13907
26040,13909
26041,13869
26042,13910
26043,13913
26044,13913
26045,13920
26046,13905
26047,13913
26048,13904
26049,13872
26050,13899
26051,13895
26052,13914
26053,13919
26054,13915
26055,13912
26056,13918
26057,13898
26058,13897
26059,13924
26060,13905
26061,13924
26062,13913
26063,13904
26064,13905
26065,13924
26066,13894
26067,13914
26068,13924
26069,13904
26070,13913
26071,13924
26072,13914
26073,13916
26074,13919
26075,13889
26076,13929
26077,13913
26078,13913
26079,13927
26080,13903
26081,13921
26082,13903
26083,13913
26084,13914
26085,13927
26086,13903
26087,13929
26088,13934
26089,13920
26090,13929
26091,13927
26092,13903
26093,13914
26094,13921
26095,13930
26096,13916
26097,13926
26098,13931
26099,13903
26100,13903
26101,13927
26102,13903
26103,13914
26104,13927
26105,13903
26106,13913
26107,13921
26108,13927
26109,13903
26110,13921
26111,13927
26112,13903
26113,13914
26114,13913
26115,13903
26116,13927
26117,13903
26118,13927
26119,13903
26120,13925
26121,13920
26122,13905
26123,13921
26124,13917
26125,13905
26126,13920
26127,13919
26128,13890
26129,13913
26130,13932
26131,13934
26132,13933
26133,13934
26134,13932
26135,13912
26136,13929
26137,13937
26138,13931
26139,13924
26140,13940
26141,13942
26142,13934
26143,13950
26144,13903
26145,13934
26146,13903
26147,13950
26148,13934
26149,13903
26150,13942
26151,13912
26152,13929
26153,13939
26154,13939
26155,13937
26156,13939
26157,13943
26158,13939
26159,13939
26160,13930
26161,13945
26162,13935
26163,13935
26164,13944
26165,13942
26166,13946
26167,13913
26168,13933
26169,13952
26170,13951
26171,13952
26172,13939
26173,13930
26174,13924
26175,13952
26176,13942
26177,13921
26178,13916
26179,13921
26180,13936
26181,13916
26182,13942
26183,13921
26184,13943
26185,13925
26186,13935
26187,13945
26188,13926
26189,13945
26190,13945
26191,13926
26192,13951
26193,13945
26194,13945
26195,13926
26196,13931
26197,13954
26198,13956
26199,13956
26200,13966
26201,13964
26202,13960
26203,13966
26204,13953
26205,13961
26206,13956
26207,13954
26208,13961
26209,13961
26210,13956
26211,13954
26212,13966
26213,13979
26214,13941
26215,13948
26216,13979
26217,13965
26218,13979
26219,13980
26220,13977
26221,13973
26222,13980
26223,13979
26224,13980
26225,13973
26226,13995
26227,13997
26228,13969
26229,13977
26230,13981
26231,13972
26232,13971
26233,13986
26234,13994
26235,13986
26236,13994
26237,13971
26238,13994
26239,13986
26240,13994
26241,13969
26242,13986
26243,13974
26244,13978
26245,13986
26246,13974
26247,13986
26248,13971
26249,13926
26250,13946
26251,13935
26252,13954
26253,13995
26254,13992
26255,13986
26256,13989
26257,13977
26258,13969
26259,13985
26260,13982
26261,13971
26262,13982
26263,13985
26264,13982
26265,13982
26266,13969
26267,13985
26268,13982
26269,13982
26270,13997
26271,13984
26272,14000
26273,14000
26274,13984
26275,13991
26276,13984
26277,13970
26278,13984
26279,13994
26280,13984
26281,14004
26282,14000
26283,13999
26284,13983
26285,13997
26286,14001
26287,13960
26288,14003
26289,14004
26290,13995
26291,13979
26292,13990
26293,13990
26294,13979
26295,13995
26296,13990
26297,13986
26298,13975
26299,13985
26300,13976
26301,13972
26302,13999
26303,13995
26304,13972
26305,13991
26306,13999
26307,13995
26308,13972
26309,13999
26310,13984
26311,13994
26312,13974
26313,13999
26314,14007
26315,13972
26316,13983
26317,13983
26318,13983
26319,14007
26320,13972
26321,13983
26322,13983
26323,13972
26324,14007
26325,14011
26326,13999
26327,13999
26328,13971
26329,14011
26330,14004
26331,14000
26332,14011
26333,13989
26334,14010
26335,14007
26336,13986
26337,14010
26338,13989
26339,14010
26340,14001
26341,14005
26342,14007
26343,14006
26344,14014
26345,14024
26346,14031
26347,14006
26348,14024
26349,14024
26350,14031
26351,14006
26352,14020
26353,14029
26354,14028
26355,13995
26356,14001
26357,14012
26358,14023
26359,14001
26360,14023
26361,14012
26362,14025
26363,14001
26364,14023
26365,14012
26366,14026
26367,13990
26368,14014
26369,14015
26370,14009
26371,14009
26372,14015
26373,14008
26374,14000
26375,14007
26376,14000
26377,14008
26378,14007
26379,14019
26380,14039
26381,13999
26382,14016
26383,14029
26384,14039
26385,14035
26386,14044
26387,14039
26388,14044
26389,14026
26390,14044
26391,14037
26392,14044
26393,14041
26394,14056
26395,14041
26396,14054
26397,14046
26398,14046
26399,14035
26400,14054
26401,14056
26402,14060
26403,14046
26404,14039
26405,14064
26406,14061
26407,14064
26408,14035
26409,14064
26410,14065
26411,14041
26412,14044
26413,14034
26414,14041
26415,14044
26416,14057
26417,14057
26418,14064
26419,14065
26420,14040
26421,14065
26422,14040
26423,14064
26424,14066
26425,14074
26426,14069
26427,14072
26428,14054
26429,14067
26430,14072
26431,14057
26432,14048
26433,14082
26434,14071
26435,14084
26436,14099
26437,14070
26438,14081
26439,14069
26440,14071
26441,14061
26442,14069
26443,14069
26444,14069
26445,14071
26446,14081
26447,14069
26448,14076
26449,14069
26450,14069
26451,14069
26452,14061
26453,14071
26454,14069
26455,14081
26456,14070
26457,14099
26458,14079
26459,14084
26460,14069
26461,14096
26462,14106
26463,14099
26464,14093
26465,14091
26466,14091
26467,14085
26468,14109
26469,14078
26470,14078
26471,14094
26472,14078
26473,14109
26474,14078
26475,14089
26476,14086
26477,14082
26478,14083
26479,14086
26480,14082
26481,14082
26482,14086
26483,14082
26484,14083
26485,14082
26486,14086
26487,14104
26488,14124
26489,14118
26490,14124
26491,14099
26492,14124
26493,14118
26494,14124
26495,14097
26496,14124
26497,14115
26498,14124
26499,14128
26500,14130
26501,14119
26502,14139
26503,14136
26504,14121
26505,14136
26506,14154
26507,14127
26508,14135
26509,14154
26510,14154
26511,14135
26512,14154
26513,14136
26514,14154
26515,14154
26516,14135
26517,14147
26518,14164
26519,14134
26520,14164
26521,14125
26522,14130
26523,14164
26524,14164
26525,14134
26526,14137
26527,14164
26528,14134
26529,14125
26530,14164
26531,14164
26532,14130
26533,14164
26534,14134
26535,14147
26536,14154
26537,14136
26538,14135
26539,14139
26540,14079
26541,14137
26542,14124
26543,14120
26544,14079
26545,14124
26546,14132
26547,14137
26548,14131
26549,14143
26550,14137
26551,14133
26552,14137
26553,14131
26554,14146
26555,14134
26556,14154
26557,14141
26558,14147
26559,14124
26560,14153
26561,14149
26562,14139
26563,14141
26564,14154
26565,14146
26566,14131
26567,14137
26568,14143
26569,14133
26570,14137
26571,14131
26572,14137
26573,14137
26574,14124
26575,14132
26576,14119
26577,14139
26578,14124
26579,14139
26580,14136
26581,14131
26582,14155
26583,14148
26584,14145
26585,14156
26586,14143
26587,14162
26588,14156
26589,14162
26590,14162
26591,14154
26592,14156
26593,14162
26594,14171
26595,14149
26596,14179
26597,14174
26598,14164
26599,14176
26600,14176
26601,14160
26602,14175
26603,14176
26604,14171
26605,14153
26606,14155
26607,14140
26608,14155
26609,14153
26610,14136
26611,14155
26612,14140
26613,14153
26614,14155
26615,14153
26616,14171
26617,14176
26618,14175
26619,14160
26620,14176
26621,14140
26622,14172
26623,14164
26624,14161
26625,14161
26626,14172
26627,14162
26628,14175
26629,14158
26630,14153
26631,14174
26632,14171
26633,14184
26634,14174
26635,14189
26636,14179
26637,14192
26638,14195
26639,14201
26640,14168
26641,14174
26642,14184
26643,14168
26644,14183
26645,14177
26646,14201
26647,14171
26648,14176
26649,14181
26650,14199
26651,14174
26652,14199
26653,14191
26654,14194
26655,14194
26656,14196
26657,14204
26658,14194
26659,14194
26660,14196
26661,14204
26662,14194
26663,14194
26664,14196
26665,14204
26666,14194
26667,14194
26668,14196
26669,14194
26670,14204
26671,14194
26672,14191
26673,14189
26674,14176
26675,14156
26676,14189
26677,14194
26678,14199
26679,14199
26680,14213
26681,14206
26682,14204
26683,14213
26684,14205
26685,14206
26686,14213
26687,14213
26688,14204
26689,14201
26690,14201
26691,14185
26692,14195
26693,14194
26694,14191
26695,14194
26696,14196
26697,14175
26698,14166
26699,14196
26700,14175
26701,14196
26702,14196
26703,14175
26704,14196
26705,14186
26706,14192
26707,14113
26708,14169
26709,14191
26710,14197
26711,14192
26712,14174
26713,14208
26714,14197
26715,14199
26716,14188
26717,14211
26718,14199
26719,14195
26720,14209
26721,14209
26722,14205
26723,14195
26724,14209
26725,14181
26726,14191
26727,14201
26728,14166
26729,14191
26730,14184
26731,14161
26732,14199
26733,14194
26734,14161
26735,14199
26736,14212
26737,14184
26738,14204
26739,14212
26740,14184
26741,14181
26742,14204
26743,14212
26744,14189
26745,14184
26746,14212
26747,14184
26748,14212
26749,14204
26750,14212
26751,14184
26752,14211
26753,14214
26754,14221
26755,14209
26756,14214
26757,14191
26758,14214
26759,14221
26760,14214
26761,14209
26762,14221
26763,14214
26764,14214
26765,14221
26766,14184
26767,14199
26768,14180
26769,14180
26770,14199
26771,14199
26772,14194
26773,14180
26774,14199
26775,14211
26776,14192
26777,14221
26778,14192
26779,14184
26780,14192
26781,14221
26782,14192
26783,14214
26784,14211
26785,14212
26786,14211
26787,14185
26788,14212
26789,14211
26790,14206
26791,14211
26792,14212
26793,14211
26794,14219
26795,14227
26796,14226
26797,14221
26798,14224
26799,14229
26800,14210
26801,14209
26802,14206
26803,14229
26804,14245
26805,14230
26806,14245
26807,14215
26808,14226
26809,14234
26810,14176
26811,14229
26812,14238
26813,14234
26814,14229
26815,14214
26816,14234
26817,14229
26818,14238
26819,14234
26820,14229
26821,14214
26822,14235
26823,14206
26824,14206
26825,14214
26826,14227
26827,14229
26828,14215
26829,14207
26830,14207
26831,14201
26832,14229
26833,14218
26834,14217
26835,14214
26836,14219
26837,14229
26838,14196
26839,14229
26840,14214
26841,14207
26842,14184
26843,14192
26844,14216
26845,14199
26846,14192
26847,14207
26848,14229
26849,14196
26850,14229
26851,14214
26852,14229
26853,14229
26854,14196
26855,14229
26856,14207
26857,14176
26858,14221
26859,14219
26860,14229
26861,14205
26862,14225
26863,14225
26864,14214
26865,14225
26866,14214
26867,14224
26868,14225
26869,14224
26870,14233
26871,14224
26872,14246
26873,14255
26874,14240
26875,14244
26876,14249
26877,14234
26878,14264
26879,14256
26880,14254
26881,14256
26882,14219
26883,14254
26884,14234
26885,14264
26886,14241
26887,14250
26888,14264
26889,14246
26890,14256
26891,14241
26892,14264
26893,14241
26894,14264
26895,14243
26896,14249
26897,14219
26898,14254
26899,14240
26900,14263
26901,14265
26902,14255
26903,14250
26904,14221
26905,14257
26906,14256
26907,14249
26908,14265
26909,14249
26910,14256
26911,14252
26912,14265
26913,14249
26914,14257
26915,14231
26916,14221
26917,14241
26918,14256
26919,14261
26920,14261
26921,14259
26922,14256
26923,14261
26924,14256
26925,14261
26926,14245
26927,14254
26928,14269
26929,14270
26930,14277
26931,14230
26932,14270
26933,14277
26934,14230
26935,14270
26936,14271
26937,14280
26938,14268
26939,14264
26940,14268
26941,14279
26942,14268
26943,14280
26944,14268
26945,14279
26946,14268
26947,14280
26948,14264
26949,14284
26950,14290
26951,14274
26952,14279
26953,14290
26954,14285
26955,14279
26956,14290
26957,14282
26958,14304
26959,14275
26960,14305
26961,14312
26962,14312
26963,14316
26964,14312
26965,14312
26966,14319
26967,14324
26968,14325
26969,14322
26970,14324
26971,14325
26972,14322
26973,14324
26974,14330
26975,14330
26976,14337
26977,14325
26978,14330
26979,14337
26980,14325
26981,14307
26982,14339
26983,14330
26984,14315
26985,14330
26986,14331
26987,14330
26988,14326
26989,14320
26990,14330
26991,14321
26992,14322
26993,14324
26994,14322
26995,14329
26996,14303
26997,14294
26998,14329
26999,14296
27000,14277
27001,14329
27002,14324
27003,14323
27004,14317
27005,14304
27006,14331
27007,14323
27008,14317
27009,14328
27010,14340
27011,14309
27012,14345
27013,14349
27014,14346
27015,14349
27016,14345
27017,14339
27018,14349
27019,14357
27020,14354
27021,14341
27022,14354
27023,14361
27024,14351
27025,14357
27026,14354
27027,14368
27028,14351
27029,14357
27030,14354
27031,14364
27032,14316
27033,14305
27034,14352
27035,14364
27036,14316
27037,14367
27038,14366
27039,14366
27040,14351
27041,14357
27042,14366
27043,14340
27044,14366
27045,14366
27046,14361
27047,14364
27048,14375
27049,14367
27050,14384
27051,14369
27052,14366
27053,14354
27054,14364
27055,14361
27056,14375
27057,14364
27058,14354
27059,14366
27060,14373
27061,14366
27062,14366
27063,14375
27064,14379
27065,14376
27066,14361
27067,14374
27068,14361
27069,14362
27070,14388
27071,14369
27072,14389
27073,14374
27074,14361
27075,14390
27076,14373
27077,14395
27078,14395
27079,14382
27080,14395
27081,14364
27082,14366
27083,14354
27084,14377
27085,14381
27086,14383
27087,14354
27088,14377
27089,14377
27090,14354
27091,14366
27092,14364
27093,14395
27094,14382
27095,14395
27096,14395
27097,14371
27098,14371
27099,14379
27100,14365
27101,14386
27102,14394
27103,14365
27104,14394
27105,14371
27106,14394
27107,14386
27108,14365
27109,14369
27110,14399
27111,14391
27112,14399
27113,14386
27114,14369
27115,14365
27116,14394
27117,14371
27118,14371
27119,14365
27120,14394
27121,14386
27122,14365
27123,14394
27124,14371
27125,14383
27126,14375
27127,14331
27128,14367
27129,14387
27130,14385
27131,14387
27132,14341
27133,14389
27134,14374
27135,14383
27136,14382
27137,14372
27138,14331
27139,14367
27140,14375
27141,14331
27142,14367
27143,14331
27144,14374
27145,14391
27146,14345
27147,14386
27148,14391
27149,14387
27150,14374
27151,14383
27152,14382
27153,14383
27154,14374
27155,14392
27156,14391
27157,14396
27158,14391
27159,14372
27160,14391
27161,14387
27162,14391
27163,14372
27164,14396
27165,14392
27166,14383
27167,14374
27168,14383
27169,14382
27170,14383
27171,14374
27172,14383
27173,14387
27174,14391
27175,14346
27176,14386
27177,14371
27178,14374
27179,14375
27180,14331
27181,14367
27182,14363
27183,14370
27184,14345
27185,14374
27186,14374
27187,14383
27188,14381
27189,14382
27190,14381
27191,14383
27192,14384
27193,14386
27194,14395
27195,14378
27196,14375
27197,14396
27198,14381
27199,14374
27200,14377
27201,14383
27202,14389
27203,14386
27204,14384
27205,14351
27206,14389
27207,14392
27208,14404
27209,14379
27210,14391
27211,14396
27212,14401
27213,14389
27214,14389
27215,14387
27216,14403
27217,14389
27218,14387
27219,14389
27220,14389
27221,14396
27222,14389
27223,14387
27224,14376
27225,14403
27226,14387
27227,14389
27228,14387
27229,14419
27230,14366
27231,14396
27232,14419
27233,14391
27234,14366
27235,14384
27236,14419
27237,14396
27238,14399
27239,14411
27240,14402
27241,14411
27242,14384
27243,14394
27244,14411
27245,14392
27246,14416
27247,14407
27248,14374
27249,14416
27250,14409
27251,14409
27252,14424
27253,14404
27254,14424
27255,14409
27256,14424
27257,14419
27258,14437
27259,14429
27260,14418
27261,14437
27262,14416
27263,14420
27264,14431
27265,14420
27266,14432
27267,14426
27268,14440
27269,14440
27270,14420
27271,14440
27272,14445
27273,14437
27274,14435
27275,14425
27276,14439
27277,14464
27278,14454
27279,14454
27280,14407
27281,14439
27282,14459
27283,14410
27284,14467
27285,14474
27286,14470
27287,14458
27288,14451
27289,14482
27290,14471
27291,14482
27292,14470
27293,14489
27294,14479
27295,14473
27296,14490
27297,14479
27298,14474
27299,14470
27300,14455
27301,14472
27302,14474
27303,14470
27304,14485
27305,14494
27306,14485
27307,14451
27308,14494
27309,14494
27310,14485
27311,14494
27312,14477
27313,14464
27314,14464
27315,14480
27316,14465
27317,14464
27318,14480
27319,14464
27320,14465
27321,14464
27322,14460
27323,14465
27324,14485
27325,14454
27326,14465
27327,14449
27328,14449
27329,14454
27330,14481
27331,14485
27332,14484
27333,14484
27334,14485
27335,14484
27336,14484
27337,14485
27338,14484
27339,14474
27340,14481
27341,14487
27342,14489
27343,14460
27344,14482
27345,14481
27346,14482
27347,14460
27348,14464
27349,14450
27350,14479
27351,14469
27352,14449
27353,14482
27354,14476
27355,14487
27356,14482
27357,14475
27358,14487
27359,14476
27360,14482
27361,14462
27362,14490
27363,14489
27364,14476
27365,14476
27366,14482
27367,14487
27368,14476
27369,14482
27370,14487
27371,14454
27372,14489
27373,14459
27374,14454
27375,14480
27376,14489
27377,14470
27378,14471
27379,14480
27380,14454
27381,14499
27382,14471
27383,14491
27384,14484
27385,14475
27386,14470
27387,14480
27388,14504
27389,14489
27390,14495
27391,14499
27392,14499
27393,14491
27394,14501
27395,14509
27396,14509
27397,14516
27398,14510
27399,14515
27400,14529
27401,14524
27402,14527
27403,14529
27404,14527
27405,14489
27406,14509
27407,14536
27408,14534
27409,14536
27410,14509
27411,14529
27412,14536
27413,14519
27414,14510
27415,14526
27416,14520
27417,14510
27418,14529
27419,14526
27420,14491
27421,14520
27422,14509
27423,14515
27424,14534
27425,14525
27426,14534
27427,14515
27428,14532
27429,14539
27430,14521
27431,14499
27432,14527
27433,14529
27434,14532
27435,14524
27436,14500
27437,14524
27438,14524
27439,14509
27440,14524
27441,14500
27442,14510
27443,14534
27444,14484
27445,14526
27446,14534
27447,14526
27448,14537
27449,14534
27450,14537
27451,14509
27452,14519
27453,14519
27454,14491
27455,14519
27456,14504
27457,14529
27458,14519
27459,14539
27460,14529
27461,14506
27462,14530
27463,14521
27464,14534
27465,14515
27466,14510
27467,14534
27468,14534
27469,14524
27470,14534
27471,14510
27472,14516
27473,14534
27474,14534
27475,14515
27476,14524
27477,14534
27478,14510
27479,14534
27480,14534
27481,14521
27482,14530
27483,14506
27484,14495
27485,14524
27486,14530
27487,14529
27488,14539
27489,14520
27490,14521
27491,14539
27492,14529
27493,14520
27494,14539
27495,14507
27496,14515
27497,14502
27498,14526
27499,14516
27500,14527
27501,14539
27502,14525
27503,14510
27504,14530
27505,14531
27506,14524
27507,14540
27508,14517
27509,14516
27510,14540
27511,14511
27512,14540
27513,14512
27514,14540
27515,14530
27516,14517
27517,14516
27518,14540
27519,14524
27520,14511
27521,14519
27522,14491
27523,14519
27524,14524
27525,14515
27526,14502
27527,14526
27528,14515
27529,14499
27530,14519
27531,14491
27532,14511
27533,14519
27534,14512
27535,14519
27536,14491
27537,14519
27538,14511
27539,14499
27540,14515
27541,14502
27542,14524
27543,14519
27544,14519
27545,14511
27546,14491
27547,14519
27548,14484
27549,14507
27550,14527
27551,14514
27552,14524
27553,14515
27554,14515
27555,14524
27556,14514
27557,14515
27558,14531
27559,14514
27560,14514
27561,14527
27562,14514
27563,14531
27564,14499
27565,14529
27566,14520
27567,14539
27568,14521
27569,14529
27570,14539
27571,14520
27572,14531
27573,14511
27574,14549
27575,14541
27576,14529
27577,14525
27578,14554
27579,14554
27580,14539
27581,14554
27582,14554
27583,14554
27584,14543
27585,14535
27586,14517
27587,14544
27588,14546
27589,14511
27590,14534
27591,14515
27592,14534
27593,14517
27594,14530
27595,14534
27596,14554
27597,14549
27598,14549
27599,14535
27600,14543
27601,14549
27602,14552
27603,14559
27604,14559
27605,14559
27606,14565
27607,14569
27608,14555
27609,14560
27610,14556
27611,14560
27612,14555
27613,14569
27614,14549
27615,14584
27616,14547
27617,14571
27618,14579
27619,14595
27620,14574
27621,14595
27622,14577
27623,14595
27624,14591
27625,14597
27626,14565
27627,14582
27628,14597
27629,14599
27630,14582
27631,14597
27632,14582
27633,14599
27634,14597
27635,14587
27636,14582
27637,14526
27638,14597
27639,14582
27640,14599
27641,14597
27642,14582
27643,14587
27644,14585
27645,14574
27646,14594
27647,14600
27648,14592
27649,14599
27650,14609
27651,14599
27652,14599
27653,14609
27654,14599
27655,14609
27656,14568
27657,14605
27658,14594
27659,14605
27660,14601
27661,14577
27662,14599
27663,14609
27664,14557
27665,14596
27666,14599
27667,14596
27668,14600
27669,14591
27670,14597
27671,14584
27672,14612
27673,14584
27674,14597
27675,14616
27676,14609
27677,14626
27678,14591
27679,14612
27680,14607
27681,14616
27682,14612
27683,14607
27684,14611
27685,14616
27686,14612
27687,14619
27688,14595
27689,14617
27690,14591
27691,14620
27692,14619
27693,14590
27694,14627
27695,14621
27696,14590
27697,14611
27698,14632
27699,14637
27700,14625
27701,14627
27702,14627
27703,14627
27704,14600
27705,14626
27706,14627
27707,14627
27708,14627
27709,14625
27710,14637
27711,14624
27712,14611
27713,14598
27714,14621
27715,14627
27716,14598
27717,14619
27718,14620
27719,14591
27720,14617
27721,14595
27722,14619
27723,14620
27724,14616
27725,14611
27726,14607
27727,14620
27728,14616
27729,14607
27730,14620
27731,14591
27732,14626
27733,14609
27734,14626
27735,14610
27736,14626
27737,14611
27738,14631
27739,14632
27740,14630
27741,14629
27742,14605
27743,14617
27744,14636
27745,14636
27746,14621
27747,14636
27748,14609
27749,14636
27750,14619
27751,14621
27752,14636
27753,14636
27754,14621
27755,14636
27756,14622
27757,14642
27758,14630
27759,14642
27760,14611
27761,14632
27762,14627
27763,14632
27764,14642
27765,14611
27766,14628
27767,14622
27768,14632
27769,14642
27770,14630
27771,14627
27772,14627
27773,14628
27774,14611
27775,14639
27776,14636
27777,14637
27778,14630
27779,14622
27780,14639
27781,14641
27782,14656
27783,14647
27784,14649
27785,14637
27786,14642
27787,14636
27788,14644
27789,14644
27790,14651
27791,14651
27792,14653
27793,14649
27794,14649
27795,14649
27796,14649
27797,14636
27798,14649
27799,14635
27800,14657
27801,14659
27802,14661
27803,14642
27804,14674
27805,14679
27806,14687
27807,14684
27808,14689
27809,14684
27810,14671
27811,14684
27812,14667
27813,14679
27814,14689
27815,14701
27816,14697
27817,14679
27818,14704
27819,14690
27820,14686
27821,14709
27822,14702
27823,14716
27824,14714
27825,14704
27826,14706
27827,14704
27828,14714
27829,14704
27830,14706
27831,14709
27832,14702
27833,14701
27834,14709
27835,14706
27836,14701
27837,14709
27838,14686
27839,14679
27840,14685
27841,14714
27842,14712
27843,14709
27844,14721
27845,14712
27846,14721
27847,14712
27848,14709
27849,14702
27850,14729
27851,14731
27852,14714
27853,14731
27854,14729
27855,14731
27856,14711
27857,14727
27858,14714
27859,14720
27860,14709
27861,14715
27862,14709
27863,14721
27864,14711
27865,14714
27866,14705
27867,14711
27868,14692
27869,14714
27870,14711
27871,14706
27872,14711
27873,14714
27874,14657
27875,14721
27876,14721
27877,14721
27878,14704
27879,14710
27880,14709
27881,14708
27882,14699
27883,14721
27884,14716
27885,14721
27886,14690
27887,14716
27888,14716
27889,14722
27890,14717
27891,14711
27892,14719
27893,14706
27894,14704
27895,14721
27896,14715
27897,14710
27898,14715
27899,14721
27900,14715
27901,14710
27902,14721
27903,14715
27904,14715
27905,14721
27906,14710
27907,14715
27908,14722
27909,14721
27910,14715
27911,14710
27912,14721
27913,14730
27914,14714
27915,14694
27916,14730
27917,14719
27918,14722
27919,14724
27920,14725
27921,14722
27922,14722
27923,14725
27924,14722
27925,14729
27926,14746
27927,14742
27928,14734
27929,14754
27930,14747
27931,14759
27932,14760
27933,14770
27934,14757
27935,14720
27936,14732
27937,14766
27938,14764
27939,14774
27940,14774
27941,14757
27942,14764
27943,14774
27944,14760
27945,14742
27946,14765
27947,14741
27948,14774
27949,14774
27950,14775
27951,14752
27952,14786
27953,14776
27954,14781
27955,14759
27956,14788
27957,14796
27958,14805
27959,14806
27960,14811
27961,14812
27962,14811
27963,14806
27964,14792
27965,14794
27966,14792
27967,14815
27968,14819
27969,14810
27970,14829
27971,14829
27972,14819
27973,14809
27974,14822
27975,14827
27976,14827
27977,14801
27978,14785
27979,14831
27980,14826
27981,14831
27982,14822
27983,14816
27984,14817
27985,14832
27986,14834
27987,14816
27988,14817
27989,14832
27990,14820
27991,14817
27992,14816
27993,14832
27994,14785
27995,14824
27996,14819
27997,14830
27998,14809
27999,14845
28000,14830
28001,14826
28002,14830
28003,14845
28004,14830
28005,14819
28006,14824
28007,14832
28008,14817
28009,14820
28010,14834
28011,14824
28012,14832
28013,14817
28014,14824
28015,14832
28016,14817
28017,14834
28018,14824
28019,14817
28020,14832
28021,14824
28022,14834
28023,14817
28024,14824
28025,14830
28026,14819
28027,14845
28028,14835
28029,14859
28030,14845
28031,14854
28032,14861
28033,14867
28034,14864
28035,14851
28036,14846
28037,14840
28038,14826
28039,14860
28040,14851
28041,14841
28042,14827
28043,14851
28044,14874
28045,14864
28046,14862
28047,14851
28048,14879
28049,14840
28050,14866
28051,14859
28052,14862
28053,14879
28054,14860
28055,14874
28056,14864
28057,14852
28058,14827
28059,14864
28060,14836
28061,14864
28062,14852
28063,14836
28064,14864
28065,14874
28066,14866
28067,14859
28068,14861
28069,14866
28070,14846
28071,14865
28072,14846
28073,14864
28074,14865
28075,14846
28076,14865
28077,14874
28078,14870
28079,14875
28080,14871
28081,14827
28082,14870
28083,14871
28084,14875
28085,14870
28086,14871
28087,14860
28088,14840
28089,14860
28090,14840
28091,14865
28092,14861
28093,14840
28094,14865
28095,14840
28096,14876
28097,14885
28098,14882
28099,14876
28100,14877
28101,14865
28102,14869
28103,14865
28104,14859
28105,14869
28106,14861
28107,14876
28108,14884
28109,14884
28110,14876
28111,14882
28112,14884
28113,14876
28114,14887
28115,14894
28116,14886
28117,14884
28118,14886
28119,14884
28120,14842
28121,14891
28122,14842
28123,14889
28124,14842
28125,14891
28126,14886
28127,14842
28128,14891
28129,14842
28130,14891
28131,14879
28132,14895
28133,14881
28134,14894
28135,14894
28136,14895
28137,14879
28138,14894
28139,14887
28140,14905
28141,14901
28142,14884
28143,14896
28144,14905
28145,14901
28146,14886
28147,14907
28148,14904
28149,14909
28150,14916
28151,14907
28152,14891
28153,14909
28154,14916
28155,14887
28156,14910
28157,14911
28158,14912
28159,14911
28160,14910
28161,14904
28162,14911
28163,14875
28164,14910
28165,14911
28166,14887
28167,14910
28168,14911
28169,14904
28170,14889
28171,14884
28172,14904
28173,14889
28174,14884
28175,14889
28176,14906
28177,14884
28178,14887
28179,14892
28180,14892
28181,14890
28182,14892
28183,14905
28184,14900
28185,14885
28186,14907
28187,14905
28188,14907
28189,14882
28190,14906
28191,14889
28192,14886
28193,14885
28194,14859
28195,14897
28196,14897
28197,14877
28198,14859
28199,14897
28200,14891
28201,14879
28202,14899
28203,14905
28204,14884
28205,14905
28206,14899
28207,14905
28208,14889
28209,14914
28210,14911
28211,14894
28212,14909
28213,14914
28214,14909
28215,14924
28216,14930
28217,14924
28218,14926
28219,14906
28220,14921
28221,14924
28222,14926
28223,14926
28224,14924
28225,14909
28226,14937
28227,14929
28228,14925
28229,14934
28230,14930
28231,14902
28232,14922
28233,14929
28234,14934
28235,14925
28236,14934
28237,14925
28238,14925
28239,14914
28240,14929
28241,14926
28242,14915
28243,14922
28244,14911
28245,14930
28246,14906
28247,14930
28248,14911
28249,14894
28250,14930
28251,14911
28252,14930
28253,14906
28254,14911
28255,14930
28256,14922
28257,14915
28258,14926
28259,14934
28260,14920
28261,14910
28262,14920
28263,14922
28264,14929
28265,14941
28266,14929
28267,14927
28268,14939
28269,14937
28270,14920
28271,14934
28272,14931
28273,14937
28274,14939
28275,14934
28276,14939
28277,14920
28278,14939
28279,14934
28280,14937
28281,14939
28282,14934
28283,14939
28284,14920
28285,14939
28286,14939
28287,14909
28288,14941
28289,14909
28290,14949
28291,14955
28292,14949
28293,14945
28294,14939
28295,14937
28296,14949
28297,14941
28298,14941
28299,14969
28300,14949
28301,14961
28302,14951
28303,14969
28304,14959
28305,14955
28306,14974
28307,14951
28308,14974
28309,14955
28310,14951
28311,14967
28312,14966
28313,14970
28314,14972
28315,14970
28316,14969
28317,14961
28318,14951
28319,14969
28320,14949
28321,14961
28322,14969
28323,14966
28324,14941
28325,14941
28326,14961
28327,14950
28328,14951
28329,14961
28330,14950
28331,14941
28332,14961
28333,14966
28334,14961
28335,14969
28336,14949
28337,14961
28338,14934
28339,14954
28340,14952
28341,14966
28342,14920
28343,14966
28344,14956
28345,14964
28346,14966
28347,14920
28348,14966
28349,14962
28350,14966
28351,14952
28352,14962
28353,14941
28354,14954
28355,14950
28356,14961
28357,14954
28358,14966
28359,14966
28360,14950
28361,14966
28362,14951
28363,14957
28364,14966
28365,14966
28366,14947
28367,14959
28368,14964
28369,14976
28370,14976
28371,14969
28372,14977
28373,14975
28374,14969
28375,14969
28376,14987
28377,14969
28378,14964
28379,14990
28380,14994
28381,14982
28382,14987
28383,14989
28384,14994
28385,14990
28386,15002
28387,14991
28388,14999
28389,14999
28390,14957
28391,14982
28392,14949
28393,14992
28394,15002
28395,15010
28396,15002
28397,15012
28398,15002
28399,15006
28400,14987
28401,14999
28402,14961
28403,15015
28404,15010
28405,15005
28406,15010
28407,15009
28408,15010
28409,15009
28410,14999
28411,14999
28412,14987
28413,15004
28414,14999
28415,15014
28416,15003
28417,14999
28418,14999
28419,15012
28420,15003
28421,14999
28422,14994
28423,14999
28424,15003
28425,14999
28426,15000
28427,15003
28428,14999
28429,15012
28430,15022
28431,15020
28432,15025
28433,15015
28434,15011
28435,14996
28436,15001
28437,14996
28438,14996
28439,15030
28440,15040
28441,15035
28442,15031
28443,15035
28444,15022
28445,15034
28446,15039
28447,15027
28448,15036
28449,15032
28450,15039
28451,14999
28452,15039
28453,15030
28454,15049
28455,15022
28456,15022
28457,15040
28458,15025
28459,15014
28460,15011
28461,15024
28462,15024
28463,15039
28464,15031
28465,15025
28466,15035
28467,15034
28468,15031
28469,15035
28470,15035
28471,14985
28472,15030
28473,15027
28474,15035
28475,15025
28476,15039
28477,15039
28478,15027
28479,15039
28480,15036
28481,15034
28482,15039
28483,15027
28484,15034
28485,15039
28486,15035
28487,15049
28488,15039
28489,15060
28490,15060
28491,15036
28492,15060
28493,15040
28494,15060
28495,15046
28496,15056
28497,15054
28498,15049
28499,15024
28500,15056
28501,15009
28502,15056
28503,15054
28504,15049
28505,15056
28506,15024
28507,15056
28508,15054
28509,15034
28510,15041
28511,15036
28512,15044
28513,15019
28514,15028
28515,15047
28516,15027
28517,15049
28518,15044
28519,15057
28520,15049
28521,15060
28522,15042
28523,15049
28524,15044
28525,15049
28526,15042
28527,15060
28528,15057
28529,15049
28530,15044
28531,15049
28532,15019
28533,15047
28534,15036
28535,15050
28536,15039
28537,15056
28538,15056
28539,15040
28540,15056
28541,15056
28542,15056
28543,15045
28544,15040
28545,15056
28546,15056
28547,15056
28548,15056
28549,15030
28550,15054
28551,15034
28552,15044
28553,15059
28554,15059
28555,15060
28556,15055
28557,15059
28558,15060
28559,15055
28560,15065
28561,15070
28562,15055
28563,15070
28564,15051
28565,15049
28566,15070
28567,15059
28568,15022
28569,15031
28570,15035
28571,15062
28572,15059
28573,15057
28574,15069
28575,15060
28576,15039
28577,15069
28578,15075
28579,15069
28580,15057
28581,15059
28582,15037
28583,15039
28584,15059
28585,15064
28586,15075
28587,15069
28588,15054
28589,15066
28590,15069
28591,15059
28592,15072
28593,15062
28594,15075
28595,15031
28596,15059
28597,15064
28598,15031
28599,15059
28600,15064
28601,15059
28602,15031
28603,15005
28604,15039
28605,15059
28606,15066
28607,15055
28608,15069
28609,15075
28610,15055
28611,15075
28612,15069
28613,15066
28614,15064
28615,15059
28616,15039
28617,15049
28618,15059
28619,15064
28620,15039
28621,15059
28622,15062
28623,15051
28624,15044
28625,15051
28626,15045
28627,15050
28628,15051
28629,15051
28630,15035
28631,15054
28632,15044
28633,15041
28634,15034
28635,15054
28636,15061
28637,15008
28638,15057
28639,15054
28640,15065
28641,15022
28642,15059
28643,15050
28644,15054
28645,15059
28646,15046
28647,15054
28648,15059
28649,15074
28650,15074
28651,15064
28652,15074
28653,15070
28654,15055
28655,15067
28656,15071
28657,15062
28658,15067
28659,15071
28660,15070
28661,15070
28662,15061
28663,15075
28664,15062
28665,15070
28666,15066
28667,15070
28668,15087
28669,15074
28670,15076
28671,15087
28672,15076
28673,15074
28674,15081
28675,15074
28676,15080
28677,15076
28678,15081
28679,15099
28680,15084
28681,15099
28682,15084
28683,15074
28684,15099
28685,15065
28686,15099
28687,15099
28688,15074
28689,15084
28690,15099
28691,15090
28692,15095
28693,15101
28694,15100
28695,15101
28696,15095
28697,15110
28698,15101
28699,15111
28700,15105
28701,15119
28702,15100
28703,15124
28704,15117
28705,15101
28706,15111
28707,15129
28708,15132
28709,15137
28710,15126
28711,15137
28712,15132
28713,15125
28714,15137
28715,15114
28716,15131
28717,15132
28718,15140
28719,15110
28720,15121
28721,15126
28722,15136
28723,15132
28724,15147
28725,15139
28726,15140
28727,15114
28728,15110
28729,15131
28730,15126
28731,15132
28732,15137
28733,15137
28734,15132
28735,15137
28736,15137
28737,15147
28738,15121
28739,15142
28740,15134
28741,15112
28742,15142
28743,15134
28744,15112
28745,15142
28746,15119
28747,15134
28748,15137
28749,15127
28750,15136
28751,15137
28752,15146
28753,15121
28754,15129
28755,15130
28756,15140
28757,15121
28758,15129
28759,15146
28760,15137
28761,15136
28762,15120
28763,15131
28764,15139
28765,15124
28766,15129
28767,15145
28768,15141
28769,15146
28770,15152
28771,15147
28772,15139
28773,15152
28774,15155
28775,15166
28776,15165
28777,15175
28778,15175
28779,15152
28780,15175
28781,15160
28782,15156
28783,15157
28784,15174
28785,15179
28786,15152
28787,15167
28788,15164
28789,15151
28790,15164
28791,15169
28792,15161
28793,15167
28794,15154
28795,15187
28796,15164
28797,15177
28798,15166
28799,15170
28800,15166
28801,15145
28802,15170
28803,15166
28804,15140
28805,15145
28806,15166
28807,15170
28808,15166
28809,15145
28810,15179
28811,15189
28812,15197
28813,15189
28814,15194
28815,15196
28816,15189
28817,15197
28818,15206
28819,15202
28820,15205
28821,15204
28822,15204
28823,15202
28824,15204
28825,15205
28826,15202
28827,15204
28828,15205
28829,15192
28830,15202
28831,15205
28832,15204
28833,15186
28834,15212
28835,15207
28836,15200
28837,15231
28838,15191
28839,15229
28840,15230
28841,15227
28842,15230
28843,15229
28844,15171
28845,15219
28846,15224
28847,15225
28848,15216
28849,15225
28850,15210
28851,15224
28852,15210
28853,15214
28854,15224
28855,15220
28856,15225
28857,15217
28858,15232
28859,15217
28860,15232
28861,15234
28862,15232
28863,15217
28864,15231
28865,15249
28866,15241
28867,15226
28868,15249
28869,15226
28870,15230
28871,15224
28872,15234
28873,15231
28874,15236
28875,15249
28876,15260
28877,15237
28878,15260
28879,15256
28880,15239
28881,15249
28882,15259
28883,15269
28884,15257
28885,15275
28886,15256
28887,15268
28888,15271
28889,15272
28890,15256
28891,15267
28892,15271
28893,15269
28894,15245
28895,15269
28896,15244
28897,15231
28898,15234
28899,15242
28900,15264
28901,15227
28902,15267
28903,15254
28904,15266
28905,15269
28906,15245
28907,15266
28908,15276
28909,15245
28910,15261
28911,15251
28912,15261
28913,15209
28914,15245
28915,15261
28916,15277
28917,15280
28918,15271
28919,15274
28920,15287
28921,15295
28922,15260
28923,15245
28924,15266
28925,15280
28926,15291
28927,15287
28928,15275
28929,15292
28930,15286
28931,15287
28932,15292
28933,15280
28934,15287
28935,15289
28936,15289
28937,15287
28938,15259
28939,15289
28940,15287
28941,15284
28942,15297
28943,15296
28944,15261
28945,15297
28946,15296
28947,15287
28948,15297
28949,15283
28950,15286
28951,15295
28952,15307
28953,15286
28954,15286
28955,15307
28956,15286
28957,15291
28958,15304
28959,15309
28960,15285
28961,15316
28962,15297
28963,15297
28964,15316
28965,15297
28966,15316
28967,15294
28968,15316
28969,15297
28970,15304
28971,15316
28972,15297
28973,15316
28974,15297
28975,15297
28976,15316
28977,15293
28978,15309
28979,15304
28980,15297
28981,15316
28982,15297
28983,15316
28984,15294
28985,15297
28986,15316
28987,15297
28988,15316
28989,15316
28990,15297
28991,15304
28992,15316
28993,15291
28994,15302
28995,15292
28996,15304
28997,15302
28998,15304
28999,15302
29000,15304
29001,15302
29002,15304
29003,15304
29004,15302
29005,15270
29006,15322
29007,15326
29008,15322
29009,15317
29010,15326
29011,15322
29012,15326
29013,15291
29014,15322
29015,15326
29016,15322
29017,15324
29018,15334
29019,15320
29020,15331
29021,15336
29022,15324
29023,15326
29024,15317
29025,15322
29026,15321
29027,15322
29028,15310
29029,15307
29030,15297
29031,15322
29032,15307
29033,15297
29034,15310
29035,15307
29036,15322
29037,15297
29038,15300
29039,15314
29040,15289
29041,15325
29042,15324
29043,15325
29044,15309
29045,15324
29046,15325
29047,15314
29048,15289
29049,15314
29050,15300
29051,15289
29052,15314
29053,15304
29054,15305
29055,15299
29056,15295
29057,15304
29058,15300
29059,15319
29060,15306
29061,15314
29062,15321
29063,15315
29064,15309
29065,15329
29066,15321
29067,15319
29068,15282
29069,15319
29070,15292
29071,15319
29072,15309
29073,15319
29074,15319
29075,15309
29076,15324
29077,15305
29078,15302
29079,15317
29080,15277
29081,15335
29082,15329
29083,15320
29084,15329
29085,15335
29086,15339
29087,15341
29088,15325
29089,15340
29090,15332
29091,15332
29092,15355
29093,15350
29094,15334
29095,15355
29096,15350
29097,15347
29098,15355
29099,15334
29100,15350
29101,15369
29102,15353
29103,15367
29104,15369
29105,15360
29106,15353
29107,15367
29108,15356
29109,15374
29110,15351
29111,15372
29112,15371
29113,15364
29114,15392
29115,15374
29116,15389
29117,15364
29118,15392
29119,15374
29120,15392
29121,15389
29122,15364
29123,15369
29124,15394
29125,15382
29126,15374
29127,15394
29128,15380
29129,15373
29130,15402
29131,15404
29132,15405
29133,15386
29134,15404
29135,15401
29136,15404
29137,15395
29138,15399
29139,15409
29140,15409
29141,15392
29142,15404
29143,15394
29144,15344
29145,15419
29146,15408
29147,15432
29148,15432
29149,15413
29150,15432
29151,15426
29152,15414
29153,15409
29154,15412
29155,15409
29156,15431
29157,15432
29158,15424
29159,15446
29160,15448
29161,15445
29162,15452
29163,15443
29164,15432
29165,15440
29166,15409
29167,15434
29168,15399
29169,15429
29170,15434
29171,15409
29172,15432
29173,15448
29174,15432
29175,15451
29176,15446
29177,15440
29178,15444
29179,15446
29180,15440
29181,15460
29182,15467
29183,15454
29184,15430
29185,15439
29186,15467
29187,15445
29188,15471
29189,15434
29190,15446
29191,15471
29192,15471
29193,15448
29194,15460
29195,15439
29196,15446
29197,15450
29198,15460
29199,15450
29200,15460
29201,15459
29202,15450
29203,15460
29204,15460
29205,15469
29206,15476
29207,15461
29208,15484
29209,15475
29210,15479
29211,15441
29212,15479
29213,15486
29214,15479
29215,15470
29216,15486
29217,15473
29218,15465
29219,15479
29220,15459
29221,15479
29222,15486
29223,15475
29224,15441
29225,15467
29226,15476
29227,15487
29228,15499
29229,15491
29230,15503
29231,15476
29232,15503
29233,15509
29234,15480
29235,15509
29236,15503
29237,15489
29238,15495
29239,15470
29240,15495
29241,15495
29242,15489
29243,15495
29244,15489
29245,15495
29246,15495
29247,15466
29248,15489
29249,15494
29250,15495
29251,15475
29252,15494
29253,15495
29254,15489
29255,15495
29256,15495
29257,15489
29258,15489
29259,15496
29260,15516
29261,15496
29262,15516
29263,15479
29264,15516
29265,15496
29266,15480
29267,15516
29268,15496
29269,15516
29270,15496
29271,15485
29272,15496
29273,15501
29274,15496
29275,15485
29276,15496
29277,15516
29278,15479
29279,15496
29280,15516
29281,15496
29282,15516
29283,15496
29284,15516
29285,15516
29286,15496
29287,15480
29288,15505
29289,15516
29290,15500
29291,15516
29292,15502
29293,15516
29294,15528
29295,15515
29296,15497
29297,15522
29298,15524
29299,15522
29300,15528
29301,15527
29302,15528
29303,15502
29304,15511
29305,15525
29306,15533
29307,15532
29308,15505
29309,15532
29310,15533
29311,15504
29312,15529
29313,15526
29314,15534
29315,15545
29316,15539
29317,15545
29318,15539
29319,15541
29320,15545
29321,15539
29322,15545
29323,15542
29324,15541
29325,15539
29326,15545
29327,15546
29328,15526
29329,15534
29330,15534
29331,15543
29332,15546
29333,15554
29334,15544
29335,15543
29336,15546
29337,15554
29338,15530
29339,15535
29340,15534
29341,15529
29342,15534
29343,15539
29344,15534
29345,15546
29346,15536
29347,15556
29348,15536
29349,15550
29350,15556
29351,15564
29352,15569
29353,15515
29354,15556
29355,15569
29356,15572
29357,15577
29358,15565
29359,15569
29360,15577
29361,15557
29362,15585
29363,15576
29364,15542
29365,15577
29366,15585
29367,15572
29368,15550
29369,15536
29370,15557
29371,15534
29372,15557
29373,15515
29374,15549
29375,15536
29376,15549
29377,15550
29378,15544
29379,15557
29380,15536
29381,15515
29382,15534
29383,15557
29384,15564
29385,15565
29386,15559
29387,15544
29388,15565
29389,15549
29390,15569
29391,15574
29392,15564
29393,15549
29394,15551
29395,15548
29396,15542
29397,15549
29398,15566
29399,15547
29400,15554
29401,15568
29402,15549
29403,15561
29404,15546
29405,15568
29406,15549
29407,15575
29408,15575
29409,15582
29410,15566
29411,15576
29412,15557
29413,15582
29414,15512
29415,15566
29416,15582
29417,15575
29418,15575
29419,15549
29420,15568
29421,15546
29422,15547
29423,15581
29424,15558
29425,15590
29426,15589
29427,15587
29428,15586
29429,15574
29430,15567
29431,15567
29432,15591
29433,15598
29434,15581
29435,15577
29436,15562
29437,15568
29438,15567
29439,15577
29440,15581
29441,15598
29442,15584
29443,15565
29444,15606
29445,15608
29446,15601
29447,15611
29448,15606
29449,15561
29450,15605
29451,15596
29452,15605
29453,15609
29454,15591
29455,15605
29456,15604
29457,15597
29458,15597
29459,15609
29460,15596
29461,15597
29462,15591
29463,15561
29464,15611
29465,15606
29466,15617
29467,15611
29468,15606
29469,15617
29470,15604
29471,15599
29472,15611
29473,15596
29474,15619
29475,15611
29476,15619
29477,15606
29478,15561
29479,15605
29480,15614
29481,15605
29482,15608
29483,15594
29484,15608
29485,15564
29486,15591
29487,15584
29488,15594
29489,15592
29490,15591
29491,15594
29492,15575
29493,15591
29494,15584
29495,15604
29496,15594
29497,15592
29498,15591
29499,15604
29500,15600
29501,15596
29502,15589
29503,15600
29504,15588
29505,15600
29506,15596
29507,15600
29508,15589
29509,15604
29510,15591
29511,15557
29512,15596
29513,15592
29514,15603
29515,15586
29516,15584
29517,15605
29518,15599
29519,15597
29520,15585
29521,15600
29522,15597
29523,15591
29524,15600
29525,15610
29526,15624
29527,15619
29528,15607
29529,15622
29530,15629
29531,15627
29532,15642
29533,15627
29534,15642
29535,15627
29536,15601
29537,15642
29538,15627
29539,15601
29540,15642
29541,15632
29542,15616
29543,15628
29544,15611
29545,15639
29546,15641
29547,15639
29548,15641
29549,15636
29550,15639
29551,15641
29552,15639
29553,15611
29554,15639
29555,15641
29556,15639
29557,15636
29558,15641
29559,15639
29560,15639
29561,15641
29562,15639
29563,15639
29564,15623
29565,15632
29566,15599
29567,15632
29568,15650
29569,15653
29570,15645
29571,15627
29572,15636
29573,15653
29574,15651
29575,15647
29576,15655
29577,15656
29578,15647
29579,15652
29580,15629
29581,15633
29582,15652
29583,15633
29584,15619
29585,15622
29586,15646
29587,15619
29588,15652
29589,15633
29590,15629
29591,15651
29592,15607
29593,15664
29594,15655
29595,15654
29596,15661
29597,15656
29598,15619
29599,15648
29600,15656
29601,15641
29602,15655
29603,15649
29604,15669
29605,15667
29606,15677
29607,15673
29608,15661
29609,15677
29610,15654
29611,15661
29612,15677
29613,15673
29614,15661
29615,15677
29616,15654
29617,15661
29618,15677
29619,15673
29620,15664
29621,15669
29622,15671
29623,15671
29624,15671
29625,15669
29626,15661
29627,15671
29628,15672
29629,15671
29630,15654
29631,15682
29632,15671
29633,15665
29634,15666
29635,15661
29636,15682
29637,15682
29638,15682
29639,15685
29640,15677
29641,15680
29642,15685
29643,15685
29644,15670
29645,15675
29646,15689
29647,15667
29648,15607
29649,15689
29650,15675
29651,15694
29652,15704
29653,15695
29654,15704
29655,15700
29656,15692
29657,15657
29658,15699
29659,15694
29660,15699
29661,15692
29662,15699
29663,15692
29664,15699
29665,15657
29666,15707
29667,15690
29668,15686
29669,15704
29670,15659
29671,15690
29672,15682
29673,15702
29674,15677
29675,15702
29676,15702
29677,15664
29678,15688
29679,15685
29680,15709
29681,15713
29682,15707
29683,15683
29684,15694
29685,15713
29686,15709
29687,15683
29688,15713
29689,15709
29690,15694
29691,15713
29692,15709
29693,15683
29694,15706
29695,15690
29696,15714
29697,15720
29698,15716
29699,15690
29700,15717
29701,15720
29702,15714
29703,15690
29704,15692
29705,15717
29706,15714
29707,15690
29708,15722
29709,15728
29710,15715
29711,15694
29712,15728
29713,15715
29714,15728
29715,15727
29716,15715
29717,15728
29718,15728
29719,15715
29720,15728
29721,15726
29722,15694
29723,15729
29724,15729
29725,15732
29726,15704
29727,15730
29728,15730
29729,15712
29730,15704
29731,15730
29732,15730
29733,15704
29734,15730
29735,15724
29736,15739
29737,15721
29738,15739
29739,15749
29740,15743
29741,15741
29742,15704
29743,15751
29744,15737
29745,15751
29746,15742
29747,15742
29748,15734
29749,15749
29750,15742
29751,15743
29752,15742
29753,15734
29754,15742
29755,15745
29756,15772
29757,15749
29758,15772
29759,15745
29760,15742
29761,15734
29762,15760
29763,15752
29764,15756
29765,15758
29766,15757
29767,15752
29768,15766
29769,15754
29770,15766
29771,15760
29772,15754
29773,15766
29774,15754
29775,15753
29776,15752
29777,15747
29778,15752
29779,15737
29780,15762
29781,15764
29782,15730
29783,15717
29784,15752
29785,15766
29786,15764
29787,15741
29788,15771
29789,15764
29790,15759
29791,15766
29792,15764
29793,15756
29794,15765
29795,15774
29796,15765
29797,15757
29798,15774
29799,15772
29800,15788
29801,15762
29802,15784
29803,15774
29804,15774
29805,15769
29806,15774
29807,15764
29808,15783
29809,15774
29810,15769
29811,15774
29812,15774
29813,15774
29814,15798
29815,15780
29816,15779
29817,15795
29818,15781
29819,15780
29820,15798
29821,15805
29822,15804
29823,15804
29824,15816
29825,15827
29826,15822
29827,15827
29828,15785
29829,15809
29830,15800
29831,15804
29832,15809
29833,15809
29834,15833
29835,15836
29836,15810
29837,15836
29838,15833
29839,15800
29840,15809
29841,15809
29842,15778
29843,15809
29844,15809
29845,15824
29846,15836
29847,15810
29848,15815
29849,15831
29850,15839
29851,15811
29852,15831
29853,15824
29854,15797
29855,15827
29856,15836
29857,15827
29858,15846
29859,15827
29860,15850
29861,15836
29862,15836
29863,15836
29864,15851
29865,15856
29866,15836
29867,15851
29868,15840
29869,15836
29870,15861
29871,15848
29872,15859
29873,15856
29874,15857
29875,15846
29876,15857
29877,15840
29878,15856
29879,15840
29880,15856
29881,15857
29882,15871
29883,15862
29884,15874
29885,15875
29886,15880
29887,15848
29888,15851
29889,15852
29890,15871
29891,15851
29892,15846
29893,15851
29894,15857
29895,15884
29896,15886
29897,15875
29898,15876
29899,15849
29900,15824
29901,15849
29902,15876
29903,15849
29904,15876
29905,15849
29906,15869
29907,15862
29908,15884
29909,15874
29910,15894
29911,15884
29912,15892
29913,15895
29914,15886
29915,15892
29916,15895
29917,15892
29918,15895
29919,15882
29920,15895
29921,15892
29922,15879
29923,15886
29924,15881
29925,15891
29926,15882
29927,15899
29928,15895
29929,15899
29930,15874
29931,15887
29932,15895
29933,15899
29934,15882
29935,15895
29936,15866
29937,15909
29938,15899
29939,15879
29940,15873
29941,15879
29942,15895
29943,15902
29944,15909
29945,15895
29946,15903
29947,15914
29948,15912
29949,15914
29950,15901
29951,15914
29952,15917
29953,15902
29954,15901
29955,15904
29956,15902
29957,15906
29958,15902
29959,15904
29960,15902
29961,15901
29962,15906
29963,15902
29964,15904
29965,15902
29966,15906
29967,15902
29968,15904
29969,15901
29970,15902
29971,15913
29972,15911
29973,15924
29974,15915
29975,15916
29976,15914
29977,15911
29978,15915
29979,15924
29980,15916
29981,15902
29982,15942
29983,15936
29984,15939
29985,15924
29986,15939
29987,15915
29988,15939
29989,15924
29990,15939
29991,15936
29992,15939
29993,15915
29994,15924
29995,15939
29996,15946
29997,15945
29998,15952
29999,15952
30000,15945
30001,15952
30002,15955
30003,15927
30004,15966
30005,15962
30006,15962
30007,15964
30008,15946
30009,15939
30010,15936
30011,15939
30012,15940
30013,15946
30014,15939
30015,15946
30016,15964
30017,15962
30018,15962
30019,15966
30020,15927
30021,15957
30022,15962
30023,15962
30024,15927
30025,15965
30026,15966
30027,15984
30028,15969
30029,15971
30030,15983
30031,15971
30032,15966
30033,15966
30034,15964
30035,15966
30036,15959
30037,15966
30038,15966
30039,15966
30040,15961
30041,15979
30042,15981
30043,15966
30044,15975
30045,15962
30046,15997
30047,15974
30048,15996
30049,16005
30050,16001
30051,16016
30052,16020
30053,16014
30054,16020
30055,15988
30056,16020
30057,16014
30058,16020
30059,16017
30060,16026
30061,16021
30062,16024
30063,16032
30064,16031
30065,16034
30066,16016
30067,16035
30068,16050
30069,16031
30070,16016
30071,16050
30072,16031
30073,16050
30074,16032
30075,16027
30076,16050
30077,16050
30078,16031
30079,16033
30080,16031
30081,16042
30082,16049
30083,16040
30084,16049
30085,16042
30086,16039
30087,16051
30088,16031
30089,16051
30090,16020
30091,16051
30092,16031
30093,16027
30094,16051
30095,16024
30096,16038
30097,16044
30098,16014
30099,16038
30100,16049
30101,16038
30102,16044
30103,16020
30104,16044
30105,16038
30106,16024
30107,16051
30108,16051
30109,16027
30110,16031
30111,16051
30112,16032
30113,16051
30114,16020
30115,16030
30116,16026
30117,16018
30118,15999
30119,16027
30120,16044
30121,16036
30122,16044
30123,16036
30124,16033
30125,16008
30126,16044
30127,16036
30128,16039
30129,16047
30130,16032
30131,16039
30132,16033
30133,16036
30134,16044
30135,16042
30136,16055
30137,16034
30138,16040
30139,16055
30140,16034
30141,16048
30142,16055
30143,16040
30144,16038
30145,16046
30146,16042
30147,16042
30148,16052
30149,16054
30150,16048
30151,16049
30152,16061
30153,16048
30154,16030
30155,16047
30156,16047
30157,16042
30158,16054
30159,16037
30160,16008
30161,16054
30162,16036
30163,16054
30164,16036
30165,16054
30166,16037
30167,16052
30168,16054
30169,16036
30170,16008
30171,16054
30172,16037
30173,16047
30174,16047
30175,16041
30176,16047
30177,16048
30178,16047
30179,16031
30180,16047
30181,16048
30182,16047
30183,16041
30184,16052
30185,16040
30186,16041
30187,16040
30188,16049
30189,16048
30190,16061
30191,16048
30192,16061
30193,16040
30194,16047
30195,16055
30196,16066
30197,16049
30198,16072
30199,16061
30200,16072
30201,16069
30202,16085
30203,16071
30204,16067
30205,16067
30206,16071
30207,16076
30208,16080
30209,16076
30210,16078
30211,16092
30212,16080
30213,16066
30214,16082
30215,16092
30216,16081
30217,16092
30218,16080
30219,16092
30220,16085
30221,16066
30222,16081
30223,16057
30224,16081
30225,16066
30226,16081
30227,16057
30228,16086
30229,16066
30230,16081
30231,16057
30232,16069
30233,16087
30234,16078
30235,16084
30236,16065
30237,16085
30238,16074
30239,16085
30240,16069
30241,16095
30242,16081
30243,16071
30244,16095
30245,16100
30246,16070
30247,16084
30248,16072
30249,16077
30250,16084
30251,16070
30252,16099
30253,16084
30254,16072
30255,16084
30256,16070
30257,16077
30258,16084
30259,16100
30260,16081
30261,16095
30262,16069
30263,16071
30264,16095
30265,16081
30266,16095
30267,16069
30268,16071
30269,16095
30270,16065
30271,16081
30272,16069
30273,16064
30274,16095
30275,16081
30276,16095
30277,16069
30278,16064
30279,16095
30280,16081
30281,16100
30282,16084
30283,16072
30284,16077
30285,16084
30286,16070
30287,16084
30288,16099
30289,16070
30290,16084
30291,16077
30292,16072
30293,16084
30294,16070
30295,16100
30296,16095
30297,16071
30298,16081
30299,16069
30300,16095
30301,16065
30302,16071
30303,16095
30304,16069
30305,16081
30306,16095
30307,16079
30308,16101
30309,16090
30310,16083
30311,16088
30312,16104
30313,16079
30314,16070
30315,16056
30316,16065
30317,16101
30318,16069
30319,16086
30320,16084
30321,16088
30322,16095
30323,16116
30324,16087
30325,16100
30326,16116
30327,16095
30328,16108
30329,16111
30330,16105
30331,16108
30332,16116
30333,16108
30334,16090
30335,16108
30336,16090
30337,16108
30338,16108
30339,16091
30340,16108
30341,16115
30342,16106
30343,16106
30344,16091
30345,16113
30346,16120
30347,16113
30348,16110
30349,16095
30350,16104
30351,16107
30352,16116
30353,16116
30354,16116
30355,16113
30356,16116
30357,16107
30358,16122
30359,16108
30360,16090
30361,16108
30362,16090
30363,16108
30364,16107
30365,16108
30366,16121
30367,16108
30368,16091
30369,16121
30370,16108
30371,16110
30372,16108
30373,16121
30374,16107
30375,16108
30376,16107
30377,16120
30378,16113
30379,16111
30380,16108
30381,16116
30382,16121
30383,16108
30384,16105
30385,16108
30386,16121
30387,16108
30388,16107
30389,16108
30390,16121
30391,16117
30392,16100
30393,16125
30394,16102
30395,16123
30396,16103
30397,16107
30398,16121
30399,16109
30400,16141
30401,16141
30402,16121
30403,16125
30404,16141
30405,16121
30406,16141
30407,16134
30408,16144
30409,16128
30410,16142
30411,16126
30412,16144
30413,16134
30414,16141
30415,16121
30416,16141
30417,16125
30418,16141
30419,16121
30420,16141
30421,16109
30422,16134
30423,16102
30424,16145
30425,16120
30426,16144
30427,16141
30428,16117
30429,16126
30430,16126
30431,16141
30432,16141
30433,16117
30434,16120
30435,16141
30436,16117
30437,16141
30438,16136
30439,16134
30440,16129
30441,16149
30442,16141
30443,16154
30444,16146
30445,16151
30446,16161
30447,16140
30448,16155
30449,16165
30450,16163
30451,16140
30452,16165
30453,16155
30454,16154
30455,16120
30456,16136
30457,16143
30458,16145
30459,16120
30460,16143
30461,16163
30462,16159
30463,16143
30464,16168
30465,16154
30466,16146
30467,16151
30468,16154
30469,16151
30470,16154
30471,16161
30472,16160
30473,16140
30474,16165
30475,16155
30476,16165
30477,16140
30478,16155
30479,16165
30480,16160
30481,16140
30482,16154
30483,16143
30484,16145
30485,16120
30486,16154
30487,16162
30488,16149
30489,16162
30490,16099
30491,16162
30492,16162
30493,16149
30494,16134
30495,16162
30496,16149
30497,16137
30498,16149
30499,16144
30500,16149
30501,16141
30502,16154
30503,16159
30504,16138
30505,16154
30506,16134
30507,16159
30508,16154
30509,16125
30510,16159
30511,16138
30512,16147
30513,16151
30514,16162
30515,16160
30516,16149
30517,16177
30518,16167
30519,16177
30520,16177
30521,16162
30522,16157
30523,16124
30524,16167
30525,16156
30526,16167
30527,16162
30528,16177
30529,16167
30530,16177
30531,16150
30532,16167
30533,16177
30534,16162
30535,16171
30536,16159
30537,16161
30538,16156
30539,16171
30540,16171
30541,16185
30542,16170
30543,16162
30544,16162
30545,16164
30546,16166
30547,16164
30548,16145
30549,16162
30550,16164
30551,16166
30552,16164
30553,16162
30554,16166
30555,16164
30556,16164
30557,16176
30558,16178
30559,16182
30560,16155
30561,16176
30562,16178
30563,16182
30564,16155
30565,16182
30566,16178
30567,16176
30568,16162
30569,16155
30570,16182
30571,16178
30572,16176
30573,16182
30574,16178
30575,16155
30576,16176
30577,16182
30578,16178
30579,16155
30580,16182
30581,16176
30582,16178
30583,16155
30584,16182
30585,16176
30586,16178
30587,16162
30588,16182
30589,16155
30590,16178
30591,16176
30592,16182
30593,16155
30594,16178
30595,16176
30596,16182
30597,16174
30598,16168
30599,16180
30600,16185
30601,16182
30602,16178
30603,16177
30604,16182
30605,16185
30606,16178
30607,16182
30608,16177
30609,16185
30610,16182
30611,16178
30612,16177
30613,16185
30614,16182
30615,16178
30616,16167
30617,16184
30618,16170
30619,16184
30620,16175
30621,16184
30622,16182
30623,16155
30624,16167
30625,16176
30626,16181
30627,16196
30628,16188
30629,16184
30630,16194
30631,16193
30632,16172
30633,16203
30634,16208
30635,16172
30636,16203
30637,16208
30638,16203
30639,16172
30640,16193
30641,16186
30642,16208
30643,16195
30644,16172
30645,16191
30646,16206
30647,16202
30648,16206
30649,16209
30650,16207
30651,16194
30652,16194
30653,16211
30654,16205
30655,16209
30656,16205
30657,16199
30658,16209
30659,16205
30660,16205
30661,16209
30662,16199
30663,16214
30664,16226
30665,16203
30666,16225
30667,16222
30668,16226
30669,16229
30670,16219
30671,16235
30672,16219
30673,16234
30674,16235
30675,16219
30676,16214
30677,16221
30678,16225
30679,16229
30680,16236
30681,16212
30682,16214
30683,16228
30684,16232
30685,16208
30686,16228
30687,16209
30688,16232
30689,16229
30690,16207
30691,16215
30692,16194
30693,16218
30694,16240
30695,16206
30696,16232
30697,16240
30698,16227
30699,16228
30700,16239
30701,16239
30702,16233
30703,16239
30704,16228
30705,16239
30706,16233
30707,16239
30708,16190
30709,16228
30710,16239
30711,16239
30712,16233
30713,16192
30714,16214
30715,16214
30716,16211
30717,16206
30718,16211
30719,16211
30720,16211
30721,16204
30722,16214
30723,16204
30724,16206
30725,16214
30726,16212
30727,16208
30728,16202
30729,16208
30730,16211
30731,16208
30732,16205
30733,16211
30734,16228
30735,16218
30736,16228
30737,16214
30738,16202
30739,16211
30740,16208
30741,16209
30742,16197
30743,16173
30744,16169
30745,16169
30746,16191
30747,16197
30748,16169
30749,16191
30750,16199
30751,16201
30752,16211
30753,16209
30754,16218
30755,16206
30756,16192
30757,16186
30758,16218
30759,16209
30760,16199
30761,16218
30762,16192
30763,16218
30764,16186
30765,16206
30766,16218
30767,16192
30768,16218
30769,16192
30770,16206
30771,16221
30772,16211
30773,16212
30774,16229
30775,16230
30776,16228
30777,16233
30778,16222
30779,16228
30780,16236
30781,16218
30782,16223
30783,16226
30784,16229
30785,16224
30786,16229
30787,16234
30788,16222
30789,16221
30790,16207
30791,16221
30792,16219
30793,16201
30794,16221
30795,16221
30796,16229
30797,16230
30798,16227
30799,16231
30800,16214
30801,16230
30802,16227
30803,16230
30804,16231
30805,16205
30806,16227
30807,16230
30808,16226
30809,16231
30810,16230
30811,16227
30812,16230
30813,16231
30814,16196
30815,16244
30816,16227
30817,16237
30818,16234
30819,16252
30820,16211
30821,16235
30822,16253
30823,16245
30824,16226
30825,16245
30826,16253
30827,16245
30828,16253
30829,16245
30830,16226
30831,16249
30832,16252
30833,16226
30834,16244
30835,16252
30836,16217
30837,16240
30838,16252
30839,16243
30840,16249
30841,16260
30842,16243
30843,16261
30844,16256
30845,16244
30846,16260
30847,16261
30848,16249
30849,16252
30850,16264
30851,16266
30852,16263
30853,16261
30854,16260
30855,16244
30856,16261
30857,16262
30858,16252
30859,16260
30860,16259
30861,16267
30862,16282
30863,16274
30864,16278
30865,16289
30866,16278
30867,16255
30868,16278
30869,16277
30870,16300
30871,16295
30872,16308
30873,16284
30874,16308
30875,16296
30876,16302
30877,16295
30878,16285
30879,16302
30880,16297
30881,16311
30882,16301
30883,16311
30884,16274
30885,16311
30886,16311
30887,16309
30888,16297
30889,16298
30890,16297
30891,16312
30892,16308
30893,16309
30894,16295
30895,16290
30896,16331
30897,16319
30898,16308
30899,16331
30900,16312
30901,16318
30902,16310
30903,16308
30904,16318
30905,16308
30906,16310
30907,16312
30908,16331
30909,16312
30910,16311
30911,16331
30912,16318
30913,16331
30914,16330
30915,16326
30916,16332
30917,16311
30918,16331
30919,16311
30920,16331
30921,16318
30922,16300
30923,16327
30924,16341
30925,16339
30926,16342
30927,16330
30928,16319
30929,16339
30930,16311
30931,16339
30932,16319
30933,16330
30934,16342
30935,16339
30936,16343
30937,16332
30938,16319
30939,16305
30940,16332
30941,16327
30942,16334
30943,16327
30944,16329
30945,16326
30946,16348
30947,16358
30948,16342
30949,16358
30950,16342
30951,16342
30952,16358
30953,16342
30954,16358
30955,16342
30956,16358
30957,16289
30958,16342
30959,16342
30960,16341
30961,16358
30962,16342
30963,16358
30964,16342
30965,16358
30966,16342
30967,16358
30968,16342
30969,16342
30970,16358
30971,16342
30972,16358
30973,16356
30974,16323
30975,16331
30976,16352
30977,16331
30978,16352
30979,16331
30980,16352
30981,16331
30982,16352
30983,16339
30984,16331
30985,16352
30986,16352
30987,16331
30988,16349
30989,16329
30990,16326
30991,16327
30992,16329
30993,16326
30994,16344
30995,16329
30996,16326
30997,16329
30998,16327
30999,16326
31000,16344
31001,16329
31002,16326
31003,16354
31004,16356
31005,16353
31006,16354
31007,16329
31008,16356
31009,16354
31010,16353
31011,16329
31012,16356
31013,16354
31014,16356
31015,16329
31016,16353
31017,16351
31018,16349
31019,16354
31020,16350
31021,16358
31022,16362
31023,16363
31024,16347
31025,16363
31026,16343
31027,16363
31028,16356
31029,16373
31030,16365
31031,16370
31032,16381
31033,16361
31034,16359
31035,16358
31036,16361
31037,16384
31038,16385
31039,16362
31040,16376
31041,16385
31042,16362
31043,16385
31044,16362
31045,16370
31046,16385
31047,16362
31048,16352
31049,16388
31050,16373
31051,16366
31052,16373
31053,16388
31054,16375
31055,16398
31056,16395
31057,16375
31058,16381
31059,16388
31060,16364
31061,16388
31062,16388
31063,16379
31064,16385
31065,16390
31066,16399
31067,16405
31068,16392
31069,16405
31070,16399
31071,16392
31072,16417
31073,16408
31074,16386
31075,16412
31076,16407
31077,16409
31078,16412
31079,16388
31080,16405
31081,16393
31082,16382
31083,16406
31084,16417
31085,16407
31086,16417
31087,16397
31088,16408
31089,16416
31090,16430
31091,16434
31092,16415
31093,16425
31094,16424
31095,16432
31096,16424
31097,16425
31098,16440
31099,16427
31100,16426
31101,16422
31102,16426
31103,16427
31104,16424
31105,16444
31106,16419
31107,16438
31108,16444
31109,16429
31110,16433
31111,16443
31112,16443
31113,16418
31114,16413
31115,16425
31116,16443
31117,16435
31118,16409
31119,16439
31120,16439
31121,16415
31122,16439
31123,16409
31124,16451
31125,16432
31126,16424
31127,16449
31128,16432
31129,16451
31130,16409
31131,16439
31132,16424
31133,16452
31134,16436
31135,16452
31136,16453
31137,16452
31138,16441
31139,16463
31140,16463
31141,16461
31142,16426
31143,16463
31144,16463
31145,16447
31146,16461
31147,16463
31148,16463
31149,16461
31150,16450
31151,16445
31152,16455
31153,16436
31154,16464
31155,16446
31156,16464
31157,16454
31158,16446
31159,16464
31160,16464
31161,16465
31162,16446
31163,16436
31164,16464
31165,16454
31166,16446
31167,16464
31168,16456
31169,16446
31170,16436
31171,16464
31172,16464
31173,16446
31174,16451
31175,16472
31176,16476
31177,16481
31178,16481
31179,16466
31180,16481
31181,16471
31182,16481
31183,16466
31184,16481
31185,16461
31186,16455
31187,16466
31188,16463
31189,16481
31190,16481
31191,16466
31192,16481
31193,16464
31194,16482
31195,16468
31196,16482
31197,16473
31198,16482
31199,16475
31200,16483
31201,16468
31202,16471
31203,16483
31204,16482
31205,16425
31206,16483
31207,16482
31208,16469
31209,16475
31210,16482
31211,16475
31212,16471
31213,16468
31214,16483
31215,16475
31216,16482
31217,16473
31218,16482
31219,16475
31220,16483
31221,16468
31222,16483
31223,16476
31224,16483
31225,16487
31226,16431
31227,16475
31228,16489
31229,16500
31230,16490
31231,16500
31232,16483
31233,16490
31234,16490
31235,16490
31236,16461
31237,16487
31238,16490
31239,16487
31240,16490
31241,16499
31242,16490
31243,16501
31244,16505
31245,16494
31246,16502
31247,16484
31248,16494
31249,16490
31250,16504
31251,16505
31252,16500
31253,16484
31254,16505
31255,16497
31256,16494
31257,16505
31258,16526
31259,16523
31260,16510
31261,16526
31262,16526
31263,16510
31264,16523
31265,16516
31266,16509
31267,16501
31268,16495
31269,16513
31270,16500
31271,16506
31272,16506
31273,16508
31274,16522
31275,16499
31276,16522
31277,16499
31278,16522
31279,16522
31280,16522
31281,16499
31282,16522
31283,16499
31284,16522
31285,16485
31286,16499
31287,16522
31288,16522
31289,16487
31290,16490
31291,16513
31292,16520
31293,16513
31294,16490
31295,16502
31296,16517
31297,16521
31298,16517
31299,16510
31300,16494
31301,16529
31302,16534
31303,16501
31304,16518
31305,16515
31306,16534
31307,16521
31308,16517
31309,16510
31310,16501
31311,16521
31312,16517
31313,16523
31314,16514
31315,16517
31316,16520
31317,16514
31318,16517
31319,16501
31320,16517
31321,16514
31322,16510
31323,16517
31324,16529
31325,16518
31326,16515
31327,16526
31328,16526
31329,16529
31330,16517
31331,16510
31332,16521
31333,16517
31334,16501
31335,16517
31336,16521
31337,16481
31338,16509
31339,16514
31340,16509
31341,16520
31342,16527
31343,16520
31344,16517
31345,16527
31346,16527
31347,16520
31348,16466
31349,16523
31350,16507
31351,16501
31352,16518
31353,16514
31354,16524
31355,16497
31356,16521
31357,16517
31358,16510
31359,16517
31360,16521
31361,16502
31362,16517
31363,16521
31364,16515
31365,16501
31366,16507
31367,16501
31368,16523
31369,16507
31370,16499
31371,16501
31372,16507
31373,16521
31374,16502
31375,16498
31376,16497
31377,16502
31378,16523
31379,16497
31380,16499
31381,16502
31382,16497
31383,16521
31384,16501
31385,16507
31386,16501
31387,16520
31388,16532
31389,16529
31390,16527
31391,16536
31392,16527
31393,16521
31394,16536
31395,16545
31396,16541
31397,16537
31398,16550
31399,16550
31400,16537
31401,16526
31402,16514
31403,16557
31404,16533
31405,16521
31406,16545
31407,16557
31408,16548
31409,16557
31410,16569
31411,16548
31412,16545
31413,16521
31414,16557
31415,16546
31416,16557
31417,16521
31418,16545
31419,16546
31420,16549
31421,16533
31422,16521
31423,16545
31424,16549
31425,16521
31426,16545
31427,16549
31428,16534
31429,16558
31430,16552
31431,16570
31432,16558
31433,16574
31434,16557
31435,16570
31436,16580
31437,16566
31438,16546
31439,16565
31440,16566
31441,16548
31442,16546
31443,16572
31444,16591
31445,16551
31446,16591
31447,16591
31448,16548
31449,16551
31450,16570
31451,16591
31452,16582
31453,16578
31454,16573
31455,16574
31456,16592
31457,16594
31458,16586
31459,16596
31460,16596
31461,16594
31462,16589
31463,16587
31464,16587
31465,16584
31466,16598
31467,16570
31468,16596
31469,16586
31470,16595
31471,16551
31472,16570
31473,16565
31474,16611
31475,16613
31476,16610
31477,16609
31478,16580
31479,16616
31480,16588
31481,16600
31482,16522
31483,16600
31484,16597
31485,16588
31486,16600
31487,16609
31488,16616
31489,16600
31490,16613
31491,16616
31492,16616
31493,16600
31494,16625
31495,16626
31496,16626
31497,16605
31498,16615
31499,16616
31500,16622
31501,16601
31502,16597
31503,16616
31504,16615
31505,16611
31506,16587
31507,16605
31508,16595
31509,16587
31510,16582
31511,16587
31512,16605
31513,16595
31514,16587
31515,16612
31516,16621
31517,16601
31518,16615
31519,16619
31520,16597
31521,16612
31522,16596
31523,16623
31524,16612
31525,16611
31526,16623
31527,16623
31528,16593
31529,16614
31530,16607
31531,16622
31532,16582
31533,16607
31534,16614
31535,16612
31536,16635
31537,16625
31538,16612
31539,16612
31540,16595
31541,16601
31542,16601
31543,16622
31544,16630
31545,16625
31546,16615
31547,16622
31548,16624
31549,16622
31550,16630
31551,16625
31552,16622
31553,16615
31554,16630
31555,16622
31556,16624
31557,16622
31558,16615
31559,16622
31560,16624
31561,16630
31562,16622
31563,16615
31564,16622
31565,16625
31566,16613
31567,16641
31568,16642
31569,16613
31570,16605
31571,16634
31572,16645
31573,16642
31574,16652
31575,16658
31576,16676
31577,16658
31578,16676
31579,16666
31580,16680
31581,16673
31582,16676
31583,16671
31584,16667
31585,16657
31586,16667
31587,16667
31588,16640
31589,16667
31590,16678
31591,16686
31592,16687
31593,16686
31594,16679
31595,16686
31596,16695
31597,16699
31598,16699
31599,16713
31600,16698
31601,16711
31602,16678
31603,16713
31604,16698
31605,16711
31606,16713
31607,16678
31608,16698
31609,16713
31610,16711
31611,16705
31612,16699
31613,16699
31614,16699
31615,16685
31616,16667
31617,16699
31618,16699
31619,16699
31620,16699
31621,16698
31622,16698
31623,16693
31624,16697
31625,16674
31626,16698
31627,16703
31628,16699
31629,16713
31630,16672
31631,16702
31632,16699
31633,16713
31634,16699
31635,16713
31636,16707
31637,16699
31638,16702
31639,16713
31640,16718
31641,16705
31642,16712
31643,16716
31644,16712
31645,16705
31646,16712
31647,16686
31648,16708
31649,16716
31650,16712
31651,16705
31652,16712
31653,16715
31654,16705
31655,16724
31656,16706
31657,16736
31658,16737
31659,16721
31660,16748
31661,16748
31662,16724
31663,16748
31664,16748
31665,16732
31666,16748
31667,16748
31668,16755
31669,16748
31670,16767
31671,16767
31672,16769
31673,16752
31674,16751
31675,16767
31676,16769
31677,16777
31678,16774
31679,16780
31680,16771
31681,16774
31682,16780
31683,16774
31684,16775
31685,16780
31686,16771
31687,16774
31688,16780
31689,16780
31690,16779
31691,16781
31692,16779
31693,16798
31694,16788
31695,16768
31696,16798
31697,16800
31698,16760
31699,16799
31700,16812
31701,16809
31702,16822
31703,16811
31704,16790
31705,16810
31706,16790
31707,16822
31708,16805
31709,16818
31710,16822
31711,16813
31712,16794
31713,16822
31714,16818
31715,16813
31716,16818
31717,16822
31718,16811
31719,16813
31720,16820
31721,16806
31722,16798
31723,16812
31724,16803
31725,16808
31726,16803
31727,16789
31728,16819
31729,16822
31730,16819
31731,16807
31732,16814
31733,16819
31734,16783
31735,16812
31736,16816
31737,16811
31738,16818
31739,16812
31740,16816
31741,16812
31742,16818
31743,16816
31744,16811
31745,16812
31746,16808
31747,16822
31748,16831
31749,16838
31750,16822
31751,16822
31752,16829
31753,16852
31754,16834
31755,16822
31756,16852
31757,16828
31758,16852
31759,16836
31760,16822
31761,16851
31762,16844
31763,16850
31764,16851
31765,16857
31766,16817
31767,16836
31768,16830
31769,16837
31770,16824
31771,16836
31772,16830
31773,16837
31774,16852
31775,16828
31776,16852
31777,16836
31778,16822
31779,16852
31780,16817
31781,16834
31782,16857
31783,16851
31784,16837
31785,16836
31786,16830
31787,16843
31788,16851
31789,16853
31790,16856
31791,16854
31792,16853
31793,16836
31794,16851
31795,16856
31796,16853
31797,16852
31798,16852
31799,16861
31800,16866
31801,16875
31802,16870
31803,16876
31804,16861
31805,16860
31806,16877
31807,16870
31808,16874
31809,16867
31810,16872
31811,16871
31812,16870
31813,16866
31814,16867
31815,16870
31816,16868
31817,16840
31818,16866
31819,16848
31820,16862
31821,16866
31822,16840
31823,16866
31824,16861
31825,16871
31826,16857
31827,16871
31828,16842
31829,16854
31830,16871
31831,16827
31832,16864
31833,16854
31834,16867
31835,16861
31836,16864
31837,16858
31838,16867
31839,16854
31840,16864
31841,16861
31842,16867
31843,16864
31844,16873
31845,16876
31846,16872
31847,16872
31848,16869
31849,16858
31850,16876
31851,16872
31852,16869
31853,16872
31854,16858
31855,16872
31856,16876
31857,16869
31858,16872
31859,16873
31860,16864
31861,16867
31862,16854
31863,16864
31864,16861
31865,16867
31866,16858
31867,16864
31868,16854
31869,16864
31870,16867
31871,16861
31872,16859
31873,16853
31874,16810
31875,16853
31876,16836
31877,16853
31878,16853
31879,16836
31880,16853
31881,16853
31882,16845
31883,16853
31884,16844
31885,16810
31886,16836
31887,16853
31888,16853
31889,16853
31890,16836
31891,16853
31892,16849
31893,16865
31894,16850
31895,16850
31896,16859
31897,16855
31898,16865
31899,16850
31900,16877
31901,16840
31902,16877
31903,16840
31904,16848
31905,16862
31906,16877
31907,16840
31908,16865
31909,16840
31910,16877
31911,16880
31912,16887
31913,16887
31914,16876
31915,16886
31916,16871
31917,16882
31918,16871
31919,16848
31920,16868
31921,16834
31922,16893
31923,16888
31924,16887
31925,16886
31926,16912
31927,16912
31928,16887
31929,16909
31930,16911
31931,16910
31932,16897
31933,16899
31934,16905
31935,16921
31936,16926
31937,16923
31938,16929
31939,16889
31940,16901
31941,16902
31942,16911
31943,16920
31944,16907
31945,16922
31946,16889
31947,16918
31948,16923
31949,16905
31950,16906
31951,16923
31952,16905
31953,16906
31954,16918
31955,16923
31956,16904
31957,16912
31958,16908
31959,16892
31960,16912
31961,16904
31962,16906
31963,16923
31964,16905
31965,16918
31966,16906
31967,16923
31968,16902
31969,16923
31970,16923
31971,16925
31972,16936
31973,16923
31974,16913
31975,16920
31976,16929
31977,16926
31978,16941
31979,16914
31980,16941
31981,16946
31982,16949
31983,16929
31984,16941
31985,16949
31986,16935
31987,16949
31988,16924
31989,16939
31990,16911
31991,16939
31992,16946
31993,16946
31994,16939
31995,16918
31996,16958
31997,16952
31998,16954
31999,16955
32000,16931
32001,16955
32002,16954
32003,16952
32004,16955
32005,16931
32006,16953
32007,16936
32008,16943
32009,16972
32010,16958
32011,16972
32012,16936
32013,16972
32014,16940
32015,16972
32016,16958
32017,16931
32018,16958
32019,16959
32020,16972
32021,16972
32022,16958
32023,16972
32024,16936
32025,16958
32026,16958
32027,16966
32028,16959
32029,16958
32030,16958
32031,16959
32032,16966
32033,16967
32034,16965
32035,16976
32036,16961
32037,16965
32038,16965
32039,16965
32040,16962
32041,16961
32042,16976
32043,16972
32044,16966
32045,16966
32046,16975
32047,16975
32048,16958
32049,16949
32050,16975
32051,16966
32052,16940
32053,16975
32054,16958
32055,16975
32056,16975
32057,16971
32058,16976
32059,16979
32060,16980
32061,16986
32062,16968
32063,16966
32064,16941
32065,16962
32066,16969
32067,16971
32068,16962
32069,16955
32070,16971
32071,16955
32072,16971
32073,16980
32074,16955
32075,16971
32076,16965
32077,16978
32078,16976
32079,16973
32080,16980
32081,16984
32082,16977
32083,16996
32084,16976
32085,16978
32086,17007
32087,16977
32088,17004
32089,17009
32090,16983
32091,16977
32092,16988
32093,17006
32094,16969
32095,16988
32096,17009
32097,17004
32098,16977
32099,17006
32100,17007
32101,16978
32102,16976
32103,17001
32104,16983
32105,17001
32106,17002
32107,17001
32108,17002
32109,17012
32110,16968
32111,17010
32112,16968
32113,17010
32114,16972
32115,16976
32116,16995
32117,17015
32118,16995
32119,17015
32120,17015
32121,16995
32122,17006
32123,16983
32124,17017
32125,17002
32126,17017
32127,16990
32128,17002
32129,16972
32130,17017
32131,17002
32132,17025
32133,17028
32134,17021
32135,17028
32136,17034
32137,17026
32138,17023
32139,17032
32140,17032
32141,17026
32142,17022
32143,17032
32144,17036
32145,17010
32146,17032
32147,17036
32148,17029
32149,17020
32150,17032
32151,17035
32152,17051
32153,17048
32154,17041
32155,17035
32156,17041
32157,17038
32158,17039
32159,17025
32160,17038
32161,17047
32162,17048
32163,17065
32164,17027
32165,17069
32166,17079
32167,17085
32168,17058
32169,17071
32170,17085
32171,17068
32172,17071
32173,17058
32174,17081
32175,17046
32176,17067
32177,17081
32178,17081
32179,17054
32180,17067
32181,17085
32182,17088
32183,17078
32184,17088
32185,17081
32186,17069
32187,17044
32188,17056
32189,17069
32190,17069
32191,17056
32192,17080
32193,17096
32194,17092
32195,17081
32196,17096
32197,17092
32198,17069
32199,17096
32200,17092
32201,17081
32202,17096
32203,17091
32204,17099
32205,17110
32206,17120
32207,17095
32208,17112
32209,17112
32210,17065
32211,17115
32212,17112
32213,17130
32214,17109
32215,17112
32216,17122
32217,17115
32218,17112
32219,17122
32220,17124
32221,17103
32222,17112
32223,17116
32224,17133
32225,17133
32226,17131
32227,17100
32228,17133
32229,17131
32230,17133
32231,17131
32232,17087
32233,17117
32234,17133
32235,17131
32236,17115
32237,17133
32238,17131
32239,17117
32240,17151
32241,17133
32242,17157
32243,17134
32244,17142
32245,17142
32246,17132
32247,17118
32248,17152
32249,17151
32250,17159
32251,17143
32252,17151
32253,17159
32254,17162
32255,17132
32256,17142
32257,17134
32258,17142
32259,17132
32260,17132
32261,17142
32262,17148
32263,17156
32264,17166
32265,17157
32266,17133
32267,17156
32268,17166
32269,17157
32270,17146
32271,17172
32272,17172
32273,17149
32274,17172
32275,17135
32276,17172
32277,17149
32278,17172
32279,17172
32280,17149
32281,17159
32282,17142
32283,17164
32284,17175
32285,17139
32286,17175
32287,17154
32288,17139
32289,17175
32290,17152
32291,17139
32292,17167
32293,17165
32294,17177
32295,17173
32296,17177
32297,17177
32298,17139
32299,17157
32300,17177
32301,17177
32302,17134
32303,17160
32304,17138
32305,17175
32306,17172
32307,17173
32308,17176
32309,17182
32310,17173
32311,17172
32312,17184
32313,17166
32314,17139
32315,17191
32316,17190
32317,17191
32318,17166
32319,17184
32320,17173
32321,17172
32322,17182
32323,17174
32324,17173
32325,17172
32326,17182
32327,17175
32328,17175
32329,17137
32330,17152
32331,17172
32332,17157
32333,17167
32334,17177
32335,17183
32336,17185
32337,17167
32338,17187
32339,17185
32340,17175
32341,17171
32342,17173
32343,17176
32344,17187
32345,17177
32346,17187
32347,17172
32348,17192
32349,17187
32350,17192
32351,17177
32352,17178
32353,17176
32354,17177
32355,17187
32356,17183
32357,17186
32358,17172
32359,17181
32360,17185
32361,17189
32362,17177
32363,17141
32364,17172
32365,17177
32366,17177
32367,17197
32368,17190
32369,17182
32370,17181
32371,17178
32372,17155
32373,17181
32374,17178
32375,17190
32376,17203
32377,17195
32378,17200
32379,17203
32380,17201
32381,17213
32382,17196
32383,17172
32384,17206
32385,17201
32386,17206
32387,17201
32388,17202
32389,17201
32390,17186
32391,17206
32392,17209
32393,17213
32394,17184
32395,17200
32396,17218
32397,17217
32398,17181
32399,17210
32400,17219
32401,17213
32402,17212
32403,17181
32404,17219
32405,17213
32406,17212
32407,17225
32408,17197
32409,17217
32410,17225
32411,17212
32412,17216
32413,17221
32414,17206
32415,17236
32416,17221
32417,17236
32418,17206
32419,17225
32420,17225
32421,17226
32422,17225
32423,17225
32424,17230
32425,17217
32426,17228
32427,17226
32428,17225
32429,17225
32430,17236
32431,17225
32432,17230
32433,17196
32434,17225
32435,17224
32436,17220
32437,17227
32438,17243
32439,17233
32440,17227
32441,17220
32442,17227
32443,17243
32444,17233
32445,17252
32446,17232
32447,17252
32448,17245
32449,17264
32450,17252
32451,17271
32452,17244
32453,17268
32454,17264
32455,17246
32456,17264
32457,17252
32458,17264
32459,17267
32460,17262
32461,17254
32462,17255
32463,17256
32464,17286
32465,17284
32466,17286
32467,17252
32468,17282
32469,17278
32470,17243
32471,17279
32472,17254
32473,17270
32474,17275
32475,17267
32476,17288
32477,17277
32478,17242
32479,17266
32480,17286
32481,17267
32482,17286
32483,17266
32484,17267
32485,17286
32486,17242
32487,17292
32488,17278
32489,17298
32490,17278
32491,17297
32492,17302
32493,17307
32494,17288
32495,17307
32496,17302
32497,17303
32498,17312
32499,17316
32500,17320
32501,17308
32502,17305
32503,17301
32504,17303
32505,17317
32506,17307
32507,17303
32508,17317
32509,17310
32510,17300
32511,17300
32512,17299
32513,17305
32514,17280
32515,17295
32516,17302
32517,17314
32518,17306
32519,17295
32520,17302
32521,17314
32522,17295
32523,17302
32524,17312
32525,17298
32526,17310
32527,17298
32528,17303
32529,17310
32530,17300
32531,17312
32532,17270
32533,17247
32534,17270
32535,17312
32536,17305
32537,17270
32538,17312
32539,17314
32540,17308
32541,17312
32542,17297
32543,17270
32544,17314
32545,17314
32546,17314
32547,17314
32548,17314
32549,17297
32550,17314
32551,17306
32552,17314
32553,17314
32554,17314
32555,17301
32556,17314
32557,17314
32558,17314
32559,17306
32560,17314
32561,17314
32562,17314
32563,17297
32564,17314
32565,17314
32566,17314
32567,17308
32568,17308
32569,17304
32570,17301
32571,17313
32572,17308
32573,17304
32574,17301
32575,17308
32576,17304
32577,17302
32578,17297
32579,17308
32580,17312
32581,17314
32582,17312
32583,17270
32584,17305
32585,17312
32586,17270
32587,17270
32588,17312
32589,17246
32590,17314
32591,17297
32592,17308
32593,17312
32594,17297
32595,17312
32596,17270
32597,17314
32598,17306
32599,17296
32600,17290
32601,17313
32602,17306
32603,17306
32604,17268
32605,17313
32606,17306
32607,17303
32608,17270
32609,17312
32610,17306
32611,17270
32612,17302
32613,17312
32614,17270
32615,17313
32616,17317
32617,17318
32618,17318
32619,17317
32620,17324
32621,17303
32622,17300
32623,17303
32624,17302
32625,17303
32626,17300
32627,17280
32628,17303
32629,17327
32630,17321
32631,17326
32632,17310
32633,17324
32634,17322
32635,17328
32636,17340
32637,17324
32638,17323
32639,17321
32640,17308
32641,17323
32642,17318
32643,17323
32644,17321
32645,17323
32646,17339
32647,17337
32648,17336
32649,17338
32650,17309
32651,17336
32652,17337
32653,17336
32654,17338
32655,17336
32656,17337
32657,17336
32658,17333
32659,17344
32660,17334
32661,17337
32662,17342
32663,17351
32664,17345
32665,17336
32666,17358
32667,17309
32668,17331
32669,17342
32670,17309
32671,17358
32672,17341
32673,17331
32674,17355
32675,17345
32676,17330
32677,17338
32678,17348
32679,17345
32680,17365
32681,17356
32682,17348
32683,17358
32684,17348
32685,17348
32686,17358
32687,17348
32688,17356
32689,17348
32690,17348
32691,17358
32692,17348
32693,17365
32694,17354
32695,17376
32696,17372
32697,17376
32698,17354
32699,17376
32700,17372
32701,17354
32702,17362
32703,17376
32704,17348
32705,17354
32706,17372
32707,17376
32708,17373
32709,17379
32710,17384
32711,17370
32712,17384
32713,17375
32714,17379
32715,17370
32716,17384
32717,17367
32718,17378
32719,17377
32720,17364
32721,17395
32722,17386
32723,17377
32724,17347
32725,17377
32726,17347
32727,17340
32728,17377
32729,17372
32730,17351
32731,17369
32732,17371
32733,17371
32734,17369
32735,17371
32736,17385
32737,17394
32738,17386
32739,17390
32740,17381
32741,17360
32742,17373
32743,17374
32744,17378
32745,17389
32746,17372
32747,17362
32748,17384
32749,17377
32750,17405
32751,17398
32752,17402
32753,17401
32754,17402
32755,17391
32756,17402
32757,17413
32758,17421
32759,17411
32760,17421
32761,17406
32762,17421
32763,17411
32764,17413
32765,17383
32766,17401
32767,17381
32768,17404
32769,17412
32770,17405
32771,17397
32772,17398
32773,17392
32774,17405
32775,17392
32776,17404
32777,17405
32778,17401
32779,17392
32780,17405
32781,17370
32782,17415
32783,17373
32784,17411
32785,17426
32786,17377
32787,17415
32788,17377
32789,17406
32790,17399
32791,17415
32792,17418
32793,17413
32794,17387
32795,17406
32796,17412
32797,17393
32798,17407
32799,17410
32800,17393
32801,17408
32802,17407
32803,17393
32804,17415
32805,17422
32806,17409
32807,17435
32808,17421
32809,17435
32810,17421
32811,17402
32812,17426
32813,17436
32814,17431
32815,17442
32816,17430
32817,17422
32818,17428
32819,17429
32820,17422
32821,17429
32822,17422
32823,17438
32824,17439
32825,17431
32826,17439
32827,17416
32828,17439
32829,17439
32830,17440
32831,17435
32832,17445
32833,17437
32834,17448
32835,17401
32836,17443
32837,17442
32838,17444
32839,17438
32840,17442
32841,17442
32842,17443
32843,17431
32844,17449
32845,17452
32846,17449
32847,17461
32848,17462
32849,17461
32850,17443
32851,17457
32852,17463
32853,17443
32854,17424
32855,17459
32856,17456
32857,17457
32858,17456
32859,17451
32860,17458
32861,17456
32862,17457
32863,17477
32864,17486
32865,17474
32866,17486
32867,17476
32868,17486
32869,17476
32870,17486
32871,17474
32872,17442
32873,17486
32874,17457
32875,17456
32876,17486
32877,17481
32878,17486
32879,17472
32880,17486
32881,17456
32882,17486
32883,17473
32884,17482
32885,17486
32886,17470
32887,17478
32888,17486
32889,17482
32890,17470
32891,17482
32892,17486
32893,17464
32894,17480
32895,17459
32896,17488
32897,17475
32898,17480
32899,17494
32900,17493
32901,17478
32902,17486
32903,17474
32904,17473
32905,17486
32906,17482
32907,17481
32908,17497
32909,17502
32910,17500
32911,17491
32912,17481
32913,17497
32914,17500
32915,17491
32916,17502
32917,17481
32918,17497
32919,17475
32920,17501
32921,17463
32922,17501
32923,17472
32924,17487
32925,17501
32926,17501
32927,17476
32928,17506
32929,17513
32930,17495
32931,17507
32932,17510
32933,17493
32934,17507
32935,17498
32936,17491
32937,17506
32938,17513
32939,17483
32940,17506
32941,17491
32942,17513
32943,17505
32944,17524
32945,17496
32946,17506
32947,17523
32948,17478
32949,17505
32950,17462
32951,17493
32952,17501
32953,17506
32954,17491
32955,17513
32956,17489
32957,17480
32958,17480
32959,17470
32960,17480
32961,17489
32962,17496
32963,17480
32964,17503
32965,17501
32966,17500
32967,17501
32968,17480
32969,17470
32970,17477
32971,17500
32972,17477
32973,17492
32974,17477
32975,17500
32976,17507
32977,17501
32978,17492
32979,17509
32980,17506
32981,17483
32982,17492
32983,17484
32984,17483
32985,17506
32986,17489
32987,17500
32988,17477
32989,17488
32990,17463
32991,17476
32992,17504
32993,17486
32994,17506
32995,17506
32996,17504
32997,17506
32998,17486
32999,17506
33000,17504
33001,17522
33002,17519
33003,17506
33004,17512
33005,17520
33006,17496
33007,17503
33008,17526
33009,17495
33010,17521
33011,17530
33012,17495
33013,17513
33014,17495
33015,17521
33016,17530
33017,17521
33018,17495
33019,17530
33020,17495
33021,17521
33022,17478
33023,17495
33024,17525
33025,17511
33026,17527
33027,17511
33028,17509
33029,17511
33030,17506
33031,17546
33032,17546
33033,17528
33034,17511
33035,17546
33036,17539
33037,17546
33038,17511
33039,17546
33040,17528
33041,17546
33042,17511
33043,17546
33044,17539
33045,17545
33046,17545
33047,17538
33048,17527
33049,17545
33050,17545
33051,17537
33052,17546
33053,17536
33054,17547
33055,17539
33056,17543
33057,17548
33058,17543
33059,17547
33060,17543
33061,17541
33062,17541
33063,17565
33064,17550
33065,17565
33066,17541
33067,17565
33068,17542
33069,17511
33070,17557
33071,17548
33072,17554
33073,17546
33074,17511
33075,17533
33076,17552
33077,17560
33078,17561
33079,17557
33080,17570
33081,17572
33082,17563
33083,17561
33084,17556
33085,17561
33086,17570
33087,17563
33088,17569
33089,17563
33090,17569
33091,17563
33092,17563
33093,17569
33094,17568
33095,17563
33096,17557
33097,17558
33098,17566
33099,17583
33100,17583
33101,17597
33102,17583
33103,17584
33104,17597
33105,17578
33106,17578
33107,17576
33108,17588
33109,17576
33110,17578
33111,17589
33112,17594
33113,17600
33114,17567
33115,17575
33116,17585
33117,17580
33118,17582
33119,17585
33120,17533
33121,17581
33122,17574
33123,17600
33124,17581
33125,17582
33126,17573
33127,17600
33128,17581
33129,17597
33130,17580
33131,17593
33132,17593
33133,17586
33134,17603
33135,17589
33136,17603
33137,17586
33138,17612
33139,17611
33140,17603
33141,17611
33142,17611
33143,17595
33144,17603
33145,17611
33146,17605
33147,17611
33148,17603
33149,17611
33150,17602
33151,17610
33152,17604
33153,17567
33154,17610
33155,17552
33156,17604
33157,17610
33158,17610
33159,17604
33160,17598
33161,17610
33162,17604
33163,17567
33164,17610
33165,17610
33166,17604
33167,17610
33168,17607
33169,17611
33170,17613
33171,17611
33172,17621
33173,17601
33174,17611
33175,17601
33176,17620
33177,17621
33178,17611
33179,17611
33180,17620
33181,17607
33182,17611
33183,17620
33184,17614
33185,17632
33186,17625
33187,17632
33188,17631
33189,17632
33190,17631
33191,17632
33192,17625
33193,17601
33194,17632
33195,17631
33196,17624
33197,17618
33198,17617
33199,17602
33200,17617
33201,17618
33202,17617
33203,17617
33204,17618
33205,17617
33206,17602
33207,17599
33208,17617
33209,17618
33210,17638
33211,17644
33212,17631
33213,17644
33214,17623
33215,17618
33216,17615
33217,17623
33218,17607
33219,17621
33220,17626
33221,17613
33222,17621
33223,17621
33224,17626
33225,17613
33226,17621
33227,17608
33228,17621
33229,17626
33230,17618
33231,17636
33232,17636
33233,17638
33234,17636
33235,17602
33236,17600
33237,17618
33238,17605
33239,17636
33240,17636
33241,17618
33242,17636
33243,17622
33244,17626
33245,17617
33246,17630
33247,17617
33248,17630
33249,17626
33250,17617
33251,17630
33252,17602
33253,17638
33254,17632
33255,17611
33256,17625
33257,17638
33258,17632
33259,17647
33260,17647
33261,17617
33262,17640
33263,17644
33264,17633
33265,17647
33266,17617
33267,17644
33268,17647
33269,17617
33270,17647
33271,17638
33272,17625
33273,17632
33274,17619
33275,17644
33276,17629
33277,17630
33278,17644
33279,17626
33280,17644
33281,17629
33282,17644
33283,17644
33284,17630
33285,17616
33286,17623
33287,17603
33288,17631
33289,17628
33290,17633
33291,17611
33292,17634
33293,17644
33294,17630
33295,17644
33296,17629
33297,17644
33298,17597
33299,17631
33300,17643
33301,17636
33302,17622
33303,17653
33304,17653
33305,17646
33306,17647
33307,17613
33308,17653
33309,17618
33310,17626
33311,17651
33312,17644
33313,17644
33314,17646
33315,17646
33316,17644
33317,17646
33318,17646
33319,17648
33320,17636
33321,17643
33322,17629
33323,17597
33324,17631
33325,17597
33326,17615
33327,17597
33328,17608
33329,17597
33330,17631
33331,17648
33332,17653
33333,17647
33334,17647
33335,17613
33336,17653
33337,17654
33338,17656
33339,17658
33340,17652
33341,17658
33342,17643
33343,17656
33344,17658
33345,17663
33346,17673
33347,17663
33348,17664
33349,17663
33350,17674
33351,17687
33352,17688
33353,17681
33354,17684
33355,17691
33356,17685
33357,17691
33358,17665
33359,17687
33360,17689
33361,17681
33362,17684
33363,17664
33364,17663
33365,17674
33366,17664
33367,17671
33368,17687
33369,17683
33370,17680
33371,17693
33372,17700
33373,17697
33374,17693
33375,17686
33376,17711
33377,17697
33378,17707
33379,17711
33380,17697
33381,17709
33382,17703
33383,17711
33384,17727
33385,17713
33386,17727
33387,17688
33388,17727
33389,17713
33390,17727
33391,17709
33392,17687
33393,17732
33394,17726
33395,17687
33396,17714
33397,17736
33398,17722
33399,17736
33400,17722
33401,17708
33402,17736
33403,17736
33404,17722
33405,17736
33406,17737
33407,17737
33408,17733
33409,17737
33410,17733
33411,17737
33412,17733
33413,17721
33414,17737
33415,17707
33416,17745
33417,17733
33418,17713
33419,17727
33420,17733
33421,17745
33422,17721
33423,17713
33424,17721
33425,17745
33426,17733
33427,17722
33428,17741
33429,17731
33430,17738
33431,17741
33432,17745
33433,17751
33434,17743
33435,17740
33436,17736
33437,17756
33438,17748
33439,17696
33440,17756
33441,17736
33442,17758
33443,17747
33444,17756
33445,17761
33446,17766
33447,17759
33448,17758
33449,17771
33450,17785
33451,17766
33452,17776
33453,17785
33454,17758
33455,17771
33456,17741
33457,17771
33458,17758
33459,17765
33460,17765
33461,17773
33462,17748
33463,17760
33464,17752
33465,17760
33466,17743
33467,17761
33468,17760
33469,17752
33470,17760
33471,17771
33472,17736
33473,17714
33474,17756
33475,17755
33476,17756
33477,17732
33478,17742
33479,17756
33480,17746
33481,17732
33482,17756
33483,17740
33484,17746
33485,17756
33486,17732
33487,17756
33488,17757
33489,17767
33490,17773
33491,17757
33492,17782
33493,17783
33494,17773
33495,17712
33496,17764
33497,17753
33498,17773
33499,17752
33500,17765
33501,17756
33502,17771
33503,17767
33504,17773
33505,17757
33506,17773
33507,17767
33508,17750
33509,17773
33510,17757
33511,17766
33512,17776
33513,17783
33514,17776
33515,17776
33516,17783
33517,17776
33518,17775
33519,17751
33520,17772
33521,17773
33522,17752
33523,17773
33524,17772
33525,17751
33526,17773
33527,17772
33528,17787
33529,17787
33530,17784
33531,17782
33532,17761
33533,17765
33534,17783
33535,17776
33536,17753
33537,17783
33538,17789
33539,17783
33540,17789
33541,17776
33542,17783
33543,17789
33544,17783
33545,17770
33546,17776
33547,17783
33548,17789
33549,17780
33550,17783
33551,17766
33552,17755
33553,17766
33554,17783
33555,17766
33556,17783
33557,17797
33558,17789
33559,17795
33560,17771
33561,17795
33562,17793
33563,17793
33564,17803
33565,17797
33566,17793
33567,17793
33568,17795
33569,17797
33570,17792
33571,17797
33572,17775
33573,17792
33574,17781
33575,17792
33576,17794
33577,17785
33578,17780
33579,17790
33580,17795
33581,17800
33582,17806
33583,17802
33584,17804
33585,17807
33586,17824
33587,17815
33588,17824
33589,17803
33590,17808
33591,17804
33592,17806
33593,17804
33594,17802
33595,17791
33596,17805
33597,17777
33598,17795
33599,17795
33600,17790
33601,17795
33602,17804
33603,17803
33604,17805
33605,17801
33606,17791
33607,17805
33608,17803
33609,17802
33610,17803
33611,17805
33612,17801
33613,17791
33614,17805
33615,17803
33616,17791
33617,17805
33618,17791
33619,17802
33620,17800
33621,17788
33622,17808
33623,17802
33624,17800
33625,17808
33626,17802
33627,17800
33628,17793
33629,17820
33630,17818
33631,17838
33632,17838
33633,17816
33634,17838
33635,17807
33636,17838
33637,17815
33638,17826
33639,17831
33640,17831
33641,17827
33642,17836
33643,17831
33644,17827
33645,17831
33646,17826
33647,17827
33648,17836
33649,17831
33650,17832
33651,17831
33652,17827
33653,17831
33654,17836
33655,17843
33656,17832
33657,17846
33658,17838
33659,17826
33660,17842
33661,17841
33662,17829
33663,17848
33664,17826
33665,17846
33666,17846
33667,17847
33668,17847
33669,17829
33670,17843
33671,17847
33672,17847
33673,17843
33674,17834
33675,17844
33676,17847
33677,17847
33678,17843
33679,17847
33680,17857
33681,17870
33682,17856
33683,17847
33684,17848
33685,17856
33686,17871
33687,17863
33688,17871
33689,17848
33690,17871
33691,17872
33692,17868
33693,17868
33694,17857
33695,17865
33696,17876
33697,17878
33698,17883
33699,17877
33700,17885
33701,17881
33702,17876
33703,17863
33704,17876
33705,17863
33706,17865
33707,17876
33708,17863
33709,17876
33710,17863
33711,17874
33712,17886
33713,17883
33714,17868
33715,17891
33716,17868
33717,17881
33718,17894
33719,17877
33720,17894
33721,17883
33722,17882
33723,17894
33724,17894
33725,17894
33726,17886
33727,17907
33728,17907
33729,17874
33730,17875
33731,17907
33732,17889
33733,17907
33734,17911
33735,17880
33736,17892
33737,17907
33738,17911
33739,17880
33740,17907
33741,17911
33742,17903
33743,17913
33744,17914
33745,17915
33746,17935
33747,17916
33748,17905
33749,17915
33750,17938
33751,17936
33752,17936
33753,17894
33754,17921
33755,17938
33756,17915
33757,17905
33758,17935
33759,17915
33760,17916
33761,17915
33762,17935
33763,17903
33764,17915
33765,17916
33766,17935
33767,17915
33768,17936
33769,17894
33770,17936
33771,17921
33772,17936
33773,17937
33774,17938
33775,17953
33776,17951
33777,17942
33778,17947
33779,17936
33780,17936
33781,17894
33782,17921
33783,17936
33784,17936
33785,17915
33786,17894
33787,17936
33788,17921
33789,17936
33790,17936
33791,17915
33792,17894
33793,17936
33794,17921
33795,17936
33796,17932
33797,17925
33798,17917
33799,17916
33800,17925
33801,17897
33802,17917
33803,17925
33804,17916
33805,17933
33806,17926
33807,17933
33808,17925
33809,17931
33810,17943
33811,17933
33812,17934
33813,17937
33814,17948
33815,17933
33816,17938
33817,17933
33818,17942
33819,17941
33820,17942
33821,17912
33822,17942
33823,17941
33824,17942
33825,17938
33826,17948
33827,17920
33828,17960
33829,17949
33830,17954
33831,17918
33832,17968
33833,17954
33834,17955
33835,17954
33836,17968
33837,17951
33838,17961
33839,17953
33840,17943
33841,17943
33842,17961
33843,17953
33844,17961
33845,17965
33846,17953
33847,17961
33848,17944
33849,17961
33850,17953
33851,17961
33852,17953
33853,17963
33854,17970
33855,17976
33856,17983
33857,17966
33858,17967
33859,17973
33860,17982
33861,17991
33862,17987
33863,17988
33864,17991
33865,17987
33866,17988
33867,17978
33868,17981
33869,17995
33870,17991
33871,17981
33872,17981
33873,17981
33874,17943
33875,18000
33876,17991
33877,18000
33878,17988
33879,17991
33880,18004
33881,17990
33882,17978
33883,17963
33884,17971
33885,17995
33886,18006
33887,18013
33888,17995
33889,18006
33890,18022
33891,18010
33892,18008
33893,18013
33894,18023
33895,18031
33896,18035
33897,18031
33898,18035
33899,18035
33900,18016
33901,18031
33902,18035
33903,18031
33904,18035
33905,18008
33906,18035
33907,18031
33908,18035
33909,18023
33910,18013
33911,18008
33912,18007
33913,18013
33914,18010
33915,18008
33916,18013
33917,18003
33918,18022
33919,18012
33920,18031
33921,18028
33922,18031
33923,18031
33924,18010
33925,18030
33926,18026
33927,18000
33928,18023
33929,18028
33930,18032
33931,18036
33932,18040
33933,18028
33934,18049
33935,18033
33936,18062
33937,18053
33938,18049
33939,18062
33940,18053
33941,18046
33942,18052
33943,18047
33944,18051
33945,18047
33946,18051
33947,18051
33948,18042
33949,18047
33950,18051
33951,18047
33952,18033
33953,18056
33954,18058
33955,18028
33956,18053
33957,18048
33958,18053
33959,18047
33960,18035
33961,18053
33962,18028
33963,18056
33964,18058
33965,18056
33966,18037
33967,18056
33968,18030
33969,18058
33970,18041
33971,18040
33972,18057
33973,18040
33974,18075
33975,18066
33976,18079
33977,18083
33978,18047
33979,18061
33980,18078
33981,18042
33982,18078
33983,18070
33984,18078
33985,18056
33986,18073
33987,18078
33988,18073
33989,18078
33990,18070
33991,18078
33992,18078
33993,18048
33994,18080
33995,18075
33996,18080
33997,18070
33998,18064
33999,18067
34000,18048
34001,18064
34002,18067
34003,18083
34004,18071
34005,18070
34006,18071
34007,18062
34008,18071
34009,18042
34010,18083
34011,18067
34012,18056
34013,18071
34014,18071
34015,18071
34016,18070
34017,18062
34018,18052
34019,18076
34020,18047
34021,18083
34022,18078
34023,18055
34024,18076
34025,18083
34026,18052
34027,18071
34028,18070
34029,18062
34030,18071
34031,18042
34032,18071
34033,18055
34034,18075
34035,18081
34036,18078
34037,18092
34038,18100
34039,18083
34040,18070
34041,18067
34042,18093
34043,18092
34044,18093
34045,18084
34046,18090
34047,18078
34048,18090
34049,18087
34050,18085
34051,18086
34052,18087
34053,18083
34054,18086
34055,18085
34056,18087
34057,18086
34058,18087
34059,18083
34060,18086
34061,18085
34062,18095
34063,18066
34064,18066
34065,18081
34066,18066
34067,18066
34068,18066
34069,18098
34070,18083
34071,18083
34072,18083
34073,18095
34074,18087
34075,18092
34076,18075
34077,18092
34078,18105
34079,18093
34080,18067
34081,18103
34082,18086
34083,18103
34084,18096
34085,18067
34086,18105
34087,18080
34088,18093
34089,18082
34090,18105
34091,18093
34092,18080
34093,18082
34094,18105
34095,18093
34096,18080
34097,18105
34098,18082
34099,18093
34100,18105
34101,18080
34102,18093
34103,18082
34104,18086
34105,18081
34106,18066
34107,18067
34108,18073
34109,18093
34110,18093
34111,18039
34112,18067
34113,18066
34114,18090
34115,18078
34116,18086
34117,18093
34118,18087
34119,18102
34120,18108
34121,18110
34122,18100
34123,18109
34124,18100
34125,18102
34126,18108
34127,18100
34128,18120
34129,18113
34130,18096
34131,18113
34132,18119
34133,18096
34134,18086
34135,18121
34136,18123
34137,18133
34138,18116
34139,18137
34140,18118
34141,18137
34142,18137
34143,18138
34144,18133
34145,18137
34146,18137
34147,18133
34148,18138
34149,18138
34150,18130
34151,18138
34152,18130
34153,18143
34154,18122
34155,18140
34156,18129
34157,18143
34158,18113
34159,18146
34160,18152
34161,18161
34162,18146
34163,18141
34164,18146
34165,18161
34166,18152
34167,18146
34168,18161
34169,18152
34170,18146
34171,18161
34172,18151
34173,18156
34174,18170
34175,18173
34176,18170
34177,18173
34178,18158
34179,18170
34180,18173
34181,18156
34182,18125
34183,18170
34184,18173
34185,18168
34186,18157
34187,18157
34188,18145
34189,18157
34190,18157
34191,18173
34192,18168
34193,18173
34194,18125
34195,18168
34196,18173
34197,18141
34198,18163
34199,18168
34200,18173
34201,18177
34202,18174
34203,18125
34204,18174
34205,18174
34206,18152
34207,18174
34208,18178
34209,18173
34210,18153
34211,18190
34212,18182
34213,18175
34214,18146
34215,18161
34216,18161
34217,18187
34218,18182
34219,18176
34220,18187
34221,18161
34222,18187
34223,18173
34224,18187
34225,18176
34226,18161
34227,18187
34228,18182
34229,18187
34230,18161
34231,18161
34232,18175
34233,18155
34234,18125
34235,18165
34236,18164
34237,18192
34238,18178
34239,18190
34240,18206
34241,18178
34242,18206
34243,18190
34244,18175
34245,18206
34246,18201
34247,18190
34248,18185
34249,18190
34250,18180
34251,18150
34252,18150
34253,18181
34254,18150
34255,18176
34256,18194
34257,18201
34258,18191
34259,18202
34260,18211
34261,18205
34262,18205
34263,18202
34264,18182
34265,18216
34266,18188
34267,18195
34268,18185
34269,18195
34270,18185
34271,18173
34272,18195
34273,18185
34274,18194
34275,18208
34276,18192
34277,18208
34278,18188
34279,18208
34280,18192
34281,18208
34282,18192
34283,18178
34284,18208
34285,18205
34286,18202
34287,18213
34288,18205
34289,18210
34290,18201
34291,18225
34292,18212
34293,18225
34294,18208
34295,18232
34296,18223
34297,18218
34298,18223
34299,18232
34300,18235
34301,18241
34302,18230
34303,18237
34304,18228
34305,18241
34306,18228
34307,18223
34308,18223
34309,18226
34310,18230
34311,18223
34312,18217
34313,18238
34314,18225
34315,18227
34316,18238
34317,18238
34318,18227
34319,18227
34320,18238
34321,18238
34322,18227
34323,18238
34324,18223
34325,18231
34326,18235
34327,18231
34328,18217
34329,18235
34330,18231
34331,18235
34332,18240
34333,18251
34334,18244
34335,18246
34336,18248
34337,18242
34338,18244
34339,18251
34340,18241
34341,18246
34342,18262
34343,18249
34344,18253
34345,18261
34346,18262
34347,18252
34348,18243
34349,18242
34350,18247
34351,18252
34352,18220
34353,18250
34354,18261
34355,18246
34356,18236
34357,18242
34358,18236
34359,18255
34360,18248
34361,18265
34362,18261
34363,18245
34364,18246
34365,18266
34366,18259
34367,18246
34368,18266
34369,18259
34370,18266
34371,18246
34372,18259
34373,18266
34374,18262
34375,18260
34376,18260
34377,18253
34378,18263
34379,18260
34380,18253
34381,18265
34382,18258
34383,18272
34384,18265
34385,18258
34386,18277
34387,18278
34388,18281
34389,18262
34390,18261
34391,18262
34392,18230
34393,18261
34394,18253
34395,18276
34396,18283
34397,18267
34398,18249
34399,18231
34400,18270
34401,18240
34402,18276
34403,18248
34404,18258
34405,18272
34406,18285
34407,18273
34408,18282
34409,18287
34410,18276
34411,18268
34412,18265
34413,18273
34414,18262
34415,18256
34416,18271
34417,18278
34418,18258
34419,18271
34420,18255
34421,18278
34422,18285
34423,18280
34424,18270
34425,18280
34426,18276
34427,18270
34428,18285
34429,18280
34430,18256
34431,18277
34432,18278
34433,18260
34434,18278
34435,18262
34436,18253
34437,18258
34438,18253
34439,18268
34440,18262
34441,18278
34442,18277
34443,18278
34444,18271
34445,18277
34446,18273
34447,18278
34448,18260
34449,18277
34450,18278
34451,18277
34452,18253
34453,18262
34454,18278
34455,18286
34456,18262
34457,18262
34458,18286
34459,18262
34460,18262
34461,18282
34462,18282
34463,18283
34464,18296
34465,18285
34466,18282
34467,18291
34468,18285
34469,18288
34470,18298
34471,18305
34472,18290
34473,18305
34474,18298
34475,18306
34476,18295
34477,18278
34478,18305
34479,18311
34480,18284
34481,18303
34482,18314
34483,18325
34484,18318
34485,18307
34486,18323
34487,18317
34488,18315
34489,18317
34490,18306
34491,18317
34492,18315
34493,18300
34494,18306
34495,18307
34496,18321
34497,18331
34498,18302
34499,18326
34500,18310
34501,18339
34502,18316
34503,18310
34504,18339
34505,18326
34506,18339
34507,18310
34508,18315
34509,18341
34510,18308
34511,18341
34512,18333
34513,18326
34514,18335
34515,18341
34516,18341
34517,18326
34518,18331
34519,18348
34520,18320
34521,18330
34522,18333
34523,18357
34524,18345
34525,18357
34526,18345
34527,18345
34528,18341
34529,18357
34530,18346
34531,18365
34532,18353
34533,18353
34534,18365
34535,18353
34536,18363
34537,18365
34538,18376
34539,18353
34540,18341
34541,18366
34542,18356
34543,18343
34544,18349
34545,18366
34546,18349
34547,18375
34548,18363
34549,18371
34550,18363
34551,18383
34552,18395
34553,18373
34554,18383
34555,18383
34556,18383
34557,18397
34558,18356
34559,18396
34560,18395
34561,18396
34562,18398
34563,18404
34564,18403
34565,18395
34566,18373
34567,18416
34568,18416
34569,18406
34570,18416
34571,18416
34572,18396
34573,18406
34574,18409
34575,18396
34576,18356
34577,18395
34578,18396
34579,18386
34580,18395
34581,18396
34582,18391
34583,18398
34584,18400
34585,18397
34586,18407
34587,18400
34588,18409
34589,18407
34590,18398
34591,18361
34592,18369
34593,18405
34594,18406
34595,18405
34596,18403
34597,18393
34598,18406
34599,18407
34600,18411
34601,18402
34602,18388
34603,18393
34604,18406
34605,18398
34606,18362
34607,18406
34608,18413
34609,18415
34610,18415
34611,18421
34612,18415
34613,18386
34614,18421
34615,18403
34616,18421
34617,18420
34618,18421
34619,18410
34620,18403
34621,18421
34622,18420
34623,18428
34624,18417
34625,18435
34626,18376
34627,18420
34628,18373
34629,18421
34630,18431
34631,18424
34632,18431
34633,18431
34634,18421
34635,18431
34636,18424
34637,18431
34638,18420
34639,18421
34640,18415
34641,18431
34642,18413
34643,18431
34644,18421
34645,18424
34646,18431
34647,18408
34648,18421
34649,18431
34650,18373
34651,18417
34652,18376
34653,18435
34654,18420
34655,18411
34656,18421
34657,18412
34658,18421
34659,18428
34660,18419
34661,18421
34662,18415
34663,18433
34664,18437
34665,18437
34666,18437
34667,18436
34668,18437
34669,18437
34670,18430
34671,18431
34672,18433
34673,18433
34674,18438
34675,18405
34676,18410
34677,18427
34678,18435
34679,18458
34680,18456
34681,18452
34682,18423
34683,18407
34684,18431
34685,18407
34686,18423
34687,18407
34688,18431
34689,18431
34690,18443
34691,18446
34692,18453
34693,18453
34694,18417
34695,18435
34696,18457
34697,18462
34698,18449
34699,18460
34700,18462
34701,18451
34702,18466
34703,18466
34704,18446
34705,18453
34706,18448
34707,18455
34708,18440
34709,18448
34710,18455
34711,18448
34712,18471
34713,18440
34714,18463
34715,18469
34716,18448
34717,18470
34718,18462
34719,18437
34720,18470
34721,18462
34722,18437
34723,18462
34724,18470
34725,18463
34726,18467
34727,18437
34728,18462
34729,18470
34730,18449
34731,18462
34732,18470
34733,18437
34734,18468
34735,18457
34736,18460
34737,18462
34738,18449
34739,18462
34740,18457
34741,18460
34742,18462
34743,18449
34744,18457
34745,18452
34746,18462
34747,18460
34748,18462
34749,18449
34750,18457
34751,18462
34752,18460
34753,18457
34754,18462
34755,18449
34756,18468
34757,18462
34758,18437
34759,18470
34760,18462
34761,18470
34762,18453
34763,18481
34764,18480
34765,18466
34766,18446
34767,18468
34768,18463
34769,18468
34770,18470
34771,18448
34772,18462
34773,18473
34774,18455
34775,18482
34776,18475
34777,18482
34778,18472
34779,18481
34780,18468
34781,18483
34782,18490
34783,18468
34784,18468
34785,18481
34786,18468
34787,18490
34788,18481
34789,18483
34790,18491
34791,18490
34792,18468
34793,18481
34794,18490
34795,18483
34796,18491
34797,18490
34798,18481
34799,18495
34800,18506
34801,18483
34802,18478
34803,18506
34804,18497
34805,18502
34806,18505
34807,18506
34808,18506
34809,18500
34810,18502
34811,18488
34812,18502
34813,18492
34814,18502
34815,18502
34816,18505
34817,18497
34818,18500
34819,18516
34820,18510
34821,18506
34822,18516
34823,18510
34824,18506
34825,18516
34826,18506
34827,18497
34828,18510
34829,18516
34830,18506
34831,18510
34832,18516
34833,18506
34834,18510
34835,18516
34836,18506
34837,18491
34838,18506
34839,18518
34840,18493
34841,18500
34842,18518
34843,18516
34844,18515
34845,18490
34846,18515
34847,18493
34848,18515
34849,18490
34850,18503
34851,18515
34852,18513
34853,18513
34854,18522
34855,18493
34856,18487
34857,18495
34858,18507
34859,18489
34860,18506
34861,18472
34862,18513
34863,18515
34864,18506
34865,18520
34866,18523
34867,18500
34868,18506
34869,18501
34870,18518
34871,18523
34872,18500
34873,18526
34874,18518
34875,18526
34876,18511
34877,18526
34878,18518
34879,18500
34880,18526
34881,18523
34882,18518
34883,18501
34884,18506
34885,18513
34886,18532
34887,18530
34888,18533
34889,18489
34890,18515
34891,18531
34892,18523
34893,18536
34894,18538
34895,18546
34896,18538
34897,18546
34898,18513
34899,18538
34900,18546
34901,18533
34902,18525
34903,18506
34904,18518
34905,18506
34906,18536
34907,18542
34908,18526
34909,18515
34910,18527
34911,18532
34912,18532
34913,18536
34914,18535
34915,18533
34916,18536
34917,18533
34918,18535
34919,18527
34920,18536
34921,18522
34922,18533
34923,18535
34924,18533
34925,18536
34926,18513
34927,18523
34928,18498
34929,18532
34930,18515
34931,18521
34932,18515
34933,18540
34934,18518
34935,18533
34936,18540
34937,18511
34938,18518
34939,18533
34940,18541
34941,18541
34942,18515
34943,18541
34944,18538
34945,18541
34946,18545
34947,18542
34948,18541
34949,18515
34950,18541
34951,18545
34952,18541
34953,18553
34954,18548
34955,18528
34956,18548
34957,18551
34958,18548
34959,18507
34960,18548
34961,18548
34962,18507
34963,18565
34964,18568
34965,18568
34966,18556
34967,18568
34968,18561
34969,18553
34970,18547
34971,18545
34972,18548
34973,18560
34974,18561
34975,18563
34976,18571
34977,18550
34978,18571
34979,18563
34980,18551
34981,18571
34982,18563
34983,18571
34984,18555
34985,18570
34986,18557
34987,18565
34988,18567
34989,18563
34990,18567
34991,18565
34992,18570
34993,18568
34994,18557
34995,18560
34996,18557
34997,18557
34998,18566
34999,18575
35000,18562
35001,18563
35002,18567
35003,18575
35004,18571
35005,18572
35006,18555
35007,18575
35008,18580
35009,18568
35010,18571
35011,18567
35012,18571
35013,18563
35014,18548
35015,18567
35016,18556
35017,18557
35018,18566
35019,18575
35020,18563
35021,18545
35022,18515
35023,18563
35024,18556
35025,18563
35026,18563
35027,18563
35028,18528
35029,18563
35030,18541
35031,18563
35032,18567
35033,18557
35034,18550
35035,18560
35036,18557
35037,18576
35038,18573
35039,18593
35040,18586
35041,18578
35042,18575
35043,18596
35044,18578
35045,18578
35046,18596
35047,18596
35048,18598
35049,18602
35050,18603
35051,18608
35052,18585
35053,18616
35054,18608
35055,18585
35056,18601
35057,18616
35058,18617
35059,18627
35060,18611
35061,18616
35062,18603
35063,18598
35064,18590
35065,18605
35066,18621
35067,18627
35068,18637
35069,18626
35070,18607
35071,18627
35072,18637
35073,18622
35074,18637
35075,18626
35076,18637
35077,18637
35078,18606
35079,18635
35080,18638
35081,18619
35082,18650
35083,18653
35084,18648
35085,18622
35086,18621
35087,18646
35088,18645
35089,18646
35090,18626
35091,18622
35092,18646
35093,18621
35094,18645
35095,18646
35096,18626
35097,18622
35098,18621
35099,18646
35100,18642
35101,18635
35102,18658
35103,18641
35104,18635
35105,18658
35106,18641
35107,18655
35108,18635
35109,18638
35110,18658
35111,18641
35112,18635
35113,18633
35114,18635
35115,18642
35116,18608
35117,18646
35118,18622
35119,18646
35120,18613
35121,18619
35122,18645
35123,18641
35124,18645
35125,18638
35126,18645
35127,18638
35128,18645
35129,18645
35130,18662
35131,18663
35132,18649
35133,18662
35134,18645
35135,18653
35136,18658
35137,18640
35138,18653
35139,18648
35140,18618
35141,18657
35142,18646
35143,18651
35144,18646
35145,18651
35146,18612
35147,18645
35148,18645
35149,18644
35150,18623
35151,18641
35152,18644
35153,18645
35154,18631
35155,18644
35156,18646
35157,18631
35158,18645
35159,18607
35160,18644
35161,18623
35162,18641
35163,18645
35164,18631
35165,18644
35166,18645
35167,18648
35168,18651
35169,18652
35170,18660
35171,18633
35172,18660
35173,18638
35174,18647
35175,18660
35176,18604
35177,18651
35178,18648
35179,18637
35180,18644
35181,18652
35182,18661
35183,18632
35184,18652
35185,18653
35186,18636
35187,18652
35188,18656
35189,18653
35190,18643
35191,18671
35192,18666
35193,18673
35194,18668
35195,18673
35196,18673
35197,18671
35198,18673
35199,18673
35200,18668
35201,18676
35202,18680
35203,18676
35204,18680
35205,18658
35206,18682
35207,18658
35208,18660
35209,18672
35210,18676
35211,18680
35212,18676
35213,18668
35214,18673
35215,18658
35216,18673
35217,18673
35218,18671
35219,18673
35220,18668
35221,18673
35222,18673
35223,18676
35224,18676
35225,18680
35226,18658
35227,18658
35228,18682
35229,18660
35230,18658
35231,18641
35232,18660
35233,18677
35234,18668
35235,18678
35236,18668
35237,18673
35238,18668
35239,18678
35240,18668
35241,18663
35242,18668
35243,18678
35244,18668
35245,18676
35246,18668
35247,18668
35248,18678
35249,18673
35250,18668
35251,18668
35252,18678
35253,18668
35254,18661
35255,18678
35256,18677
35257,18668
35258,18678
35259,18677
35260,18685
35261,18690
35262,18694
35263,18681
35264,18698
35265,18687
35266,18697
35267,18668
35268,18687
35269,18690
35270,18697
35271,18687
35272,18682
35273,18697
35274,18693
35275,18687
35276,18697
35277,18687
35278,18687
35279,18697
35280,18690
35281,18687
35282,18697
35283,18698
35284,18694
35285,18673
35286,18655
35287,18668
35288,18668
35289,18693
35290,18655
35291,18682
35292,18655
35293,18668
35294,18693
35295,18668
35296,18655
35297,18685
35298,18660
35299,18675
35300,18648
35301,18675
35302,18660
35303,18667
35304,18695
35305,18683
35306,18690
35307,18681
35308,18667
35309,18660
35310,18675
35311,18683
35312,18693
35313,18693
35314,18687
35315,18663
35316,18700
35317,18672
35318,18703
35319,18706
35320,18696
35321,18696
35322,18708
35323,18718
35324,18700
35325,18702
35326,18718
35327,18708
35328,18696
35329,18691
35330,18696
35331,18695
35332,18696
35333,18698
35334,18682
35335,18691
35336,18728
35337,18707
35338,18728
35339,18674
35340,18718
35341,18716
35342,18718
35343,18737
35344,18718
35345,18731
35346,18748
35347,18741
35348,18745
35349,18755
35350,18750
35351,18748
35352,18750
35353,18755
35354,18748
35355,18750
35356,18723
35357,18750
35358,18750
35359,18738
35360,18750
35361,18750
35362,18738
35363,18747
35364,18755
35365,18733
35366,18731
35367,18738
35368,18747
35369,18750
35370,18757
35371,18757
35372,18738
35373,18723
35374,18757
35375,18756
35376,18771
35377,18760
35378,18757
35379,18726
35380,18771
35381,18768
35382,18765
35383,18771
35384,18776
35385,18775
35386,18765
35387,18776
35388,18771
35389,18765
35390,18776
35391,18753
35392,18762
35393,18762
35394,18755
35395,18748
35396,18771
35397,18758
35398,18771
35399,18733
35400,18771
35401,18765
35402,18780
35403,18776
35404,18732
35405,18780
35406,18776
35407,18757
35408,18780
35409,18782
35410,18788
35411,18783
35412,18780
35413,18788
35414,18782
35415,18783
35416,18780
35417,18788
35418,18780
35419,18782
35420,18776
35421,18780
35422,18732
35423,18757
35424,18776
35425,18780
35426,18758
35427,18790
35428,18778
35429,18778
35430,18788
35431,18783
35432,18780
35433,18780
35434,18788
35435,18743
35436,18795
35437,18790
35438,18796
35439,18795
35440,18796
35441,18795
35442,18790
35443,18796
35444,18795
35445,18802
35446,18788
35447,18803
35448,18798
35449,18795
35450,18796
35451,18795
35452,18790
35453,18788
35454,18795
35455,18793
35456,18795
35457,18713
35458,18783
35459,18795
35460,18783
35461,18795
35462,18783
35463,18795
35464,18795
35465,18783
35466,18795
35467,18793
35468,18783
35469,18795
35470,18783
35471,18795
35472,18795
35473,18796
35474,18795
35475,18795
35476,18790
35477,18787
35478,18798
35479,18788
35480,18803
35481,18802
35482,18795
35483,18796
35484,18795
35485,18772
35486,18796
35487,18795
35488,18795
35489,18796
35490,18790
35491,18743
35492,18788
35493,18780
35494,18780
35495,18788
35496,18783
35497,18778
35498,18778
35499,18790
35500,18758
35501,18780
35502,18757
35503,18732
35504,18776
35505,18780
35506,18750
35507,18758
35508,18773
35509,18771
35510,18773
35511,18768
35512,18773
35513,18773
35514,18740
35515,18773
35516,18747
35517,18773
35518,18741
35519,18773
35520,18740
35521,18747
35522,18773
35523,18773
35524,18740
35525,18775
35526,18753
35527,18766
35528,18775
35529,18753
35530,18768
35531,18761
35532,18767
35533,18767
35534,18761
35535,18772
35536,18748
35537,18746
35538,18758
35539,18783
35540,18743
35541,18773
35542,18753
35543,18756
35544,18761
35545,18775
35546,18761
35547,18756
35548,18753
35549,18733
35550,18752
35551,18756
35552,18740
35553,18742
35554,18771
35555,18755
35556,18762
35557,18768
35558,18763
35559,18766
35560,18782
35561,18770
35562,18766
35563,18771
35564,18778
35565,18777
35566,18778
35567,18771
35568,18777
35569,18778
35570,18765
35571,18771
35572,18777
35573,18788
35574,18795
35575,18788
35576,18762
35577,18796
35578,18791
35579,18788
35580,18795
35581,18787
35582,18797
35583,18796
35584,18780
35585,18795
35586,18797
35587,18796
35588,18797
35589,18797
35590,18795
35591,18796
35592,18803
35593,18788
35594,18788
35595,18769
35596,18783
35597,18807
35598,18818
35599,18802
35600,18818
35601,18807
35602,18790
35603,18813
35604,18792
35605,18808
35606,18781
35607,18800
35608,18772
35609,18783
35610,18772
35611,18778
35612,18806
35613,18787
35614,18772
35615,18785
35616,18786
35617,18813
35618,18820
35619,18813
35620,18813
35621,18781
35622,18806
35623,18783
35624,18788
35625,18818
35626,18808
35627,18808
35628,18818
35629,18808
35630,18818
35631,18808
35632,18818
35633,18808
35634,18807
35635,18813
35636,18830
35637,18815
35638,18831
35639,18782
35640,18831
35641,18807
35642,18787
35643,18788
35644,18795
35645,18787
35646,18788
35647,18793
35648,18796
35649,18788
35650,18807
35651,18817
35652,18828
35653,18817
35654,18828
35655,18817
35656,18823
35657,18826
35658,18838
35659,18821
35660,18810
35661,18826
35662,18838
35663,18826
35664,18838
35665,18816
35666,18851
35667,18818
35668,18821
35669,18843
35670,18851
35671,18827
35672,18848
35673,18846
35674,18836
35675,18851
35676,18853
35677,18851
35678,18860
35679,18853
35680,18846
35681,18836
35682,18851
35683,18852
35684,18846
35685,18836
35686,18851
35687,18838
35688,18856
35689,18837
35690,18842
35691,18856
35692,18856
35693,18856
35694,18835
35695,18856
35696,18856
35697,18842
35698,18840
35699,18851
35700,18843
35701,18851
35702,18827
35703,18842
35704,18842
35705,18830
35706,18823
35707,18842
35708,18840
35709,18837
35710,18853
35711,18840
35712,18837
35713,18853
35714,18853
35715,18840
35716,18837
35717,18853
35718,18865
35719,18860
35720,18860
35721,18865
35722,18860
35723,18860
35724,18865
35725,18840
35726,18837
35727,18853
35728,18848
35729,18837
35730,18846
35731,18840
35732,18865
35733,18853
35734,18846
35735,18868
35736,18863
35737,18853
35738,18868
35739,18865
35740,18837
35741,18846
35742,18840
35743,18853
35744,18846
35745,18837
35746,18840
35747,18838
35748,18848
35749,18850
35750,18850
35751,18850
35752,18850
35753,18841
35754,18850
35755,18850
35756,18846
35757,18850
35758,18848
35759,18850
35760,18850
35761,18841
35762,18850
35763,18850
35764,18860
35765,18872
35766,18865
35767,18878
35768,18853
35769,18878
35770,18867
35771,18878
35772,18878
35773,18872
35774,18863
35775,18875
35776,18888
35777,18878
35778,18886
35779,18881
35780,18877
35781,18881
35782,18886
35783,18878
35784,18877
35785,18881
35786,18877
35787,18878
35788,18853
35789,18878
35790,18867
35791,18878
35792,18863
35793,18878
35794,18853
35795,18878
35796,18878
35797,18867
35798,18886
35799,18885
35800,18875
35801,18885
35802,18885
35803,18885
35804,18881
35805,18865
35806,18863
35807,18866
35808,18900
35809,18888
35810,18907
35811,18903
35812,18887
35813,18900
35814,18903
35815,18907
35816,18903
35817,18900
35818,18903
35819,18867
35820,18881
35821,18891
35822,18891
35823,18893
35824,18887
35825,18891
35826,18891
35827,18887
35828,18893
35829,18886
35830,18873
35831,18896
35832,18881
35833,18895
35834,18902
35835,18900
35836,18895
35837,18895
35838,18900
35839,18903
35840,18902
35841,18891
35842,18893
35843,18900
35844,18883
35845,18906
35846,18910
35847,18905
35848,18903
35849,18918
35850,18910
35851,18905
35852,18872
35853,18910
35854,18890
35855,18913
35856,18916
35857,18918
35858,18925
35859,18918
35860,18916
35861,18922
35862,18925
35863,18926
35864,18911
35865,18925
35866,18911
35867,18912
35868,18916
35869,18930
35870,18923
35871,18923
35872,18945
35873,18945
35874,18948
35875,18941
35876,18928
35877,18948
35878,18945
35879,18940
35880,18942
35881,18938
35882,18950
35883,18942
35884,18950
35885,18931
35886,18945
35887,18922
35888,18930
35889,18906
35890,18928
35891,18938
35892,18910
35893,18946
35894,18913
35895,18932
35896,18952
35897,18951
35898,18943
35899,18943
35900,18947
35901,18951
35902,18953
35903,18950
35904,18951
35905,18936
35906,18905
35907,18953
35908,18953
35909,18951
35910,18953
35911,18953
35912,18932
35913,18958
35914,18968
35915,18973
35916,18955
35917,18957
35918,18960
35919,18968
35920,18963
35921,18968
35922,18962
35923,18968
35924,18945
35925,18962
35926,18973
35927,18968
35928,18960
35929,18952
35930,18943
35931,18958
35932,18943
35933,18942
35934,18972
35935,18973
35936,18973
35937,18975
35938,18972
35939,18973
35940,18973
35941,18975
35942,18972
35943,18973
35944,18975
35945,18973
35946,18975
35947,18973
35948,18972
35949,18973
35950,18973
35951,18975
35952,18972
35953,18973
35954,18973
35955,18975
35956,18972
35957,18973
35958,18973
35959,18975
35960,18973
35961,18972
35962,18952
35963,18973
35964,18975
35965,18973
35966,18980
35967,18986
35968,18948
35969,18982
35970,18981
35971,18998
35972,18997
35973,18990
35974,18998
35975,18973
35976,18997
35977,18957
35978,18978
35979,18980
35980,18976
35981,18978
35982,18979
35983,18990
35984,18990
35985,18971
35986,18972
35987,18990
35988,18990
35989,18971
35990,18986
35991,18998
35992,19003
35993,18975
35994,18999
35995,18975
35996,19001
35997,18977
35998,18973
35999,19001
36000,18977
36001,19001
36002,18975
36003,19003
36004,18999
36005,18991
36006,18999
36007,19003
36008,18996
36009,18998
36010,19003
36011,18999
36012,18975
36013,19003
36014,18998
36015,18999
36016,18995
36017,18973
36018,18982
36019,18970
36020,18968
36021,18982
36022,18990
36023,18993
36024,19001
36025,18996
36026,18996
36027,18988
36028,18996
36029,18983
36030,18997
36031,18953
36032,18993
36033,18981
36034,18972
36035,18993
36036,18968
36037,18981
36038,18993
36039,18983
36040,18988
36041,18997
36042,18983
36043,18995
36044,19011
36045,19003
36046,18963
36047,19011
36048,18993
36049,18982
36050,18982
36051,18963
36052,18982
36053,18951
36054,18982
36055,18982
36056,18982
36057,19010
36058,19000
36059,19009
36060,19000
36061,18972
36062,19009
36063,19015
36064,19004
36065,19003
36066,19005
36067,18992
36068,19000
36069,19005
36070,19005
36071,19005
36072,19001
36073,19005
36074,19013
36075,19011
36076,19014
36077,19003
36078,19014
36079,19011
36080,19013
36081,19001
36082,19005
36083,19005
36084,19026
36085,19043
36086,19028
36087,19001
36088,19028
36089,19030
36090,19025
36091,19048
36092,19018
36093,19017
36094,19048
36095,19048
36096,19038
36097,19025
36098,19017
36099,19048
36100,19035
36101,19042
36102,19037
36103,19042
36104,19032
36105,19032
36106,19020
36107,19058
36108,19042
36109,19046
36110,19063
36111,19048
36112,19013
36113,19056
36114,19045
36115,19063
36116,19056
36117,19056
36118,19063
36119,19037
36120,19037
36121,19042
36122,19016
36123,19037
36124,19033
36125,19042
36126,19013
36127,19037
36128,19042
36129,19037
36130,19042
36131,19037
36132,19016
36133,19037
36134,19042
36135,19037
36136,19042
36137,19013
36138,19037
36139,19042
36140,19037
36141,19035
36142,19048
36143,19048
36144,19025
36145,19025
36146,19048
36147,19038
36148,19048
36149,19025
36150,19012
36151,18998
36152,19033
36153,19037
36154,19045
36155,19031
36156,19037
36157,19031
36158,19037
36159,19000
36160,19028
36161,19058
36162,19028
36163,19052
36164,19050
36165,19045
36166,19053
36167,19041
36168,19053
36169,19055
36170,19061
36171,19056
36172,19048
36173,19046
36174,19065
36175,19075
36176,19068
36177,19063
36178,19078
36179,19045
36180,19078
36181,19068
36182,19063
36183,19065
36184,19068
36185,19063
36186,19065
36187,19038
36188,19063
36189,19065
36190,19056
36191,19068
36192,19063
36193,19077
36194,19068
36195,19063
36196,19086
36197,19081
36198,19082
36199,19073
36200,19068
36201,19081
36202,19073
36203,19087
36204,19068
36205,19081
36206,19073
36207,19082
36208,19081
36209,19069
36210,19088
36211,19073
36212,19078
36213,19098
36214,19097
36215,19098
36216,19091
36217,19101
36218,19116
36219,19087
36220,19103
36221,19080
36222,19106
36223,19116
36224,19118
36225,19107
36226,19118
36227,19116
36228,19118
36229,19066
36230,19116
36231,19118
36232,19087
36233,19118
36234,19116
36235,19107
36236,19118
36237,19112
36238,19126
36239,19125
36240,19139
36241,19138
36242,19142
36243,19133
36244,19146
36245,19132
36246,19142
36247,19118
36248,19133
36249,19146
36250,19142
36251,19133
36252,19146
36253,19142
36254,19138
36255,19150
36256,19158
36257,19148
36258,19163
36259,19165
36260,19165
36261,19155
36262,19155
36263,19145
36264,19155
36265,19158
36266,19163
36267,19158
36268,19156
36269,19166
36270,19150
36271,19156
36272,19137
36273,19150
36274,19137
36275,19156
36276,19150
36277,19137
36278,19163
36279,19173
36280,19176
36281,19173
36282,19147
36283,19183
36284,19173
36285,19147
36286,19173
36287,19147
36288,19183
36289,19150
36290,19176
36291,19125
36292,19161
36293,19176
36294,19138
36295,19171
36296,19151
36297,19166
36298,19162
36299,19196
36300,19190
36301,19162
36302,19158
36303,19173
36304,19205
36305,19183
36306,19186
36307,19185
36308,19186
36309,19193
36310,19200
36311,19202
36312,19178
36313,19200
36314,19180
36315,19196
36316,19141
36317,19188
36318,19196
36319,19193
36320,19181
36321,19190
36322,19183
36323,19181
36324,19168
36325,19190
36326,19142
36327,19181
36328,19181
36329,19180
36330,19192
36331,19181
36332,19193
36333,19162
36334,19198
36335,19193
36336,19183
36337,19192
36338,19198
36339,19142
36340,19183
36341,19192
36342,19183
36343,19193
36344,19189
36345,19192
36346,19187
36347,19192
36348,19192
36349,19192
36350,19180
36351,19195
36352,19178
36353,19200
36354,19207
36355,19190
36356,19200
36357,19207
36358,19201
36359,19171
36360,19200
36361,19208
36362,19207
36363,19201
36364,19200
36365,19207
36366,19200
36367,19201
36368,19207
36369,19200
36370,19206
36371,19197
36372,19208
36373,19208
36374,19188
36375,19208
36376,19197
36377,19197
36378,19208
36379,19209
36380,19222
36381,19220
36382,19222
36383,19222
36384,19221
36385,19202
36386,19209
36387,19198
36388,19218
36389,19220
36390,19223
36391,19228
36392,19218
36393,19223
36394,19228
36395,19207
36396,19223
36397,19228
36398,19228
36399,19218
36400,19223
36401,19221
36402,19228
36403,19223
36404,19228
36405,19232
36406,19233
36407,19217
36408,19241
36409,19246
36410,19241
36411,19255
36412,19251
36413,19255
36414,19250
36415,19265
36416,19245
36417,19265
36418,19250
36419,19259
36420,19262
36421,19263
36422,19260
36423,19265
36424,19265
36425,19286
36426,19278
36427,19252
36428,19286
36429,19273
36430,19286
36431,19297
36432,19286
36433,19288
36434,19263
36435,19286
36436,19265
36437,19268
36438,19283
36439,19276
36440,19268
36441,19270
36442,19270
36443,19277
36444,19266
36445,19302
36446,19273
36447,19281
36448,19298
36449,19281
36450,19298
36451,19281
36452,19298
36453,19281
36454,19298
36455,19265
36456,19281
36457,19298
36458,19281
36459,19298
36460,19295
36461,19298
36462,19306
36463,19296
36464,19298
36465,19306
36466,19298
36467,19306
36468,19298
36469,19295
36470,19298
36471,19281
36472,19298
36473,19281
36474,19265
36475,19298
36476,19281
36477,19298
36478,19281
36479,19298
36480,19281
36481,19298
36482,19281
36483,19298
36484,19281
36485,19278
36486,19273
36487,19271
36488,19287
36489,19287
36490,19278
36491,19271
36492,19287
36493,19271
36494,19265
36495,19295
36496,19290
36497,19298
36498,19295
36499,19290
36500,19290
36501,19298
36502,19295
36503,19271
36504,19278
36505,19287
36506,19265
36507,19271
36508,19287
36509,19285
36510,19268
36511,19262
36512,19268
36513,19271
36514,19285
36515,19280
36516,19280
36517,19268
36518,19280
36519,19280
36520,19285
36521,19268
36522,19265
36523,19287
36524,19271
36525,19287
36526,19296
36527,19271
36528,19296
36529,19271
36530,19273
36531,19296
36532,19271
36533,19296
36534,19271
36535,19298
36536,19287
36537,19296
36538,19303
36539,19298
36540,19287
36541,19303
36542,19296
36543,19298
36544,19287
36545,19303
36546,19296
36547,19303
36548,19287
36549,19298
36550,19298
36551,19271
36552,19296
36553,19271
36554,19296
36555,19271
36556,19273
36557,19271
36558,19296
36559,19271
36560,19296
36561,19271
36562,19296
36563,19271
36564,19296
36565,19271
36566,19287
36567,19263
36568,19287
36569,19263
36570,19278
36571,19265
36572,19251
36573,19248
36574,19286
36575,19270
36576,19261
36577,19248
36578,19286
36579,19248
36580,19270
36581,19286
36582,19248
36583,19261
36584,19248
36585,19286
36586,19270
36587,19270
36588,19231
36589,19278
36590,19281
36591,19268
36592,19285
36593,19293
36594,19271
36595,19286
36596,19306
36597,19273
36598,19288
36599,19282
36600,19286
36601,19288
36602,19282
36603,19286
36604,19282
36605,19288
36606,19248
36607,19286
36608,19270
36609,19261
36610,19278
36611,19288
36612,19301
36613,19302
36614,19300
36615,19302
36616,19296
36617,19302
36618,19300
36619,19302
36620,19296
36621,19302
36622,19300
36623,19296
36624,19302
36625,19302
36626,19300
36627,19302
36628,19273
36629,19282
36630,19295
36631,19278
36632,19273
36633,19295
36634,19293
36635,19295
36636,19302
36637,19298
36638,19291
36639,19296
36640,19309
36641,19282
36642,19269
36643,19282
36644,19282
36645,19269
36646,19313
36647,19321
36648,19307
36649,19290
36650,19297
36651,19321
36652,19322
36653,19321
36654,19322
36655,19292
36656,19321
36657,19322
36658,19321
36659,19315
36660,19285
36661,19308
36662,19268
36663,19313
36664,19332
36665,19312
36666,19316
36667,19332
36668,19312
36669,19332
36670,19317
36671,19317
36672,19316
36673,19307
36674,19290
36675,19310
36676,19316
36677,19317
36678,19307
36679,19305
36680,19306
36681,19303
36682,19288
36683,19291
36684,19306
36685,19312
36686,19312
36687,19317
36688,19310
36689,19321
36690,19307
36691,19308
36692,19321
36693,19285
36694,19292
36695,19323
36696,19317
36697,19292
36698,19310
36699,19303
36700,19271
36701,19308
36702,19317
36703,19312
36704,19310
36705,19321
36706,19308
36707,19321
36708,19298
36709,19307
36710,19321
36711,19308
36712,19321
36713,19310
36714,19312
36715,19317
36716,19308
36717,19271
36718,19303
36719,19310
36720,19292
36721,19317
36722,19323
36723,19327
36724,19323
36725,19330
36726,19326
36727,19338
36728,19338
36729,19335
36730,19328
36731,19335
36732,19338
36733,19335
36734,19340
36735,19313
36736,19327
36737,19332
36738,19333
36739,19331
36740,19333
36741,19316
36742,19343
36743,19348
36744,19338
36745,19348
36746,19345
36747,19343
36748,19333
36749,19317
36750,19316
36751,19331
36752,19333
36753,19316
36754,19331
36755,19333
36756,19316
36757,19317
36758,19332
36759,19317
36760,19333
36761,19330
36762,19333
36763,19333
36764,19317
36765,19333
36766,19317
36767,19333
36768,19333
36769,19338
36770,19337
36771,19331
36772,19337
36773,19352
36774,19351
36775,19352
36776,19333
36777,19337
36778,19350
36779,19323
36780,19321
36781,19338
36782,19352
36783,19340
36784,19350
36785,19355
36786,19348
36787,19367
36788,19355
36789,19341
36790,19367
36791,19345
36792,19352
36793,19362
36794,19367
36795,19348
36796,19358
36797,19363
36798,19358
36799,19357
36800,19357
36801,19353
36802,19357
36803,19373
36804,19371
36805,19383
36806,19378
36807,19369
36808,19373
36809,19381
36810,19378
36811,19388
36812,19341
36813,19381
36814,19375
36815,19329
36816,19365
36817,19373
36818,19366
36819,19341
36820,19366
36821,19365
36822,19373
36823,19366
36824,19385
36825,19361
36826,19385
36827,19373
36828,19376
36829,19385
36830,19376
36831,19377
36832,19373
36833,19380
36834,19382
36835,19373
36836,19380
36837,19373
36838,19382
36839,19381
36840,19373
36841,19380
36842,19381
36843,19382
36844,19373
36845,19380
36846,19382
36847,19386
36848,19391
36849,19386
36850,19388
36851,19410
36852,19398
36853,19410
36854,19388
36855,19410
36856,19410
36857,19410
36858,19366
36859,19388
36860,19410
36861,19398
36862,19410
36863,19401
36864,19388
36865,19382
36866,19384
36867,19385
36868,19388
36869,19382
36870,19400
36871,19395
36872,19410
36873,19398
36874,19386
36875,19388
36876,19391
36877,19393
36878,19381
36879,19405
36880,19411
36881,19411
36882,19402
36883,19411
36884,19411
36885,19412
36886,19402
36887,19419
36888,19400
36889,19380
36890,19403
36891,19380
36892,19413
36893,19416
36894,19393
36895,19416
36896,19413
36897,19413
36898,19417
36899,19413
36900,19393
36901,19413
36902,19391
36903,19378
36904,19393
36905,19408
36906,19418
36907,19373
36908,19406
36909,19418
36910,19413
36911,19418
36912,19406
36913,19372
36914,19417
36915,19410
36916,19411
36917,19417
36918,19418
36919,19411
36920,19417
36921,19417
36922,19411
36923,19410
36924,19417
36925,19411
36926,19417
36927,19403
36928,19394
36929,19408
36930,19418
36931,19426
36932,19418
36933,19428
36934,19413
36935,19428
36936,19410
36937,19418
36938,19428
36939,19426
36940,19433
36941,19438
36942,19428
36943,19427
36944,19446
36945,19423
36946,19452
36947,19411
36948,19439
36949,19414
36950,19442
36951,19439
36952,19414
36953,19445
36954,19447
36955,19442
36956,19414
36957,19438
36958,19447
36959,19414
36960,19428
36961,19421
36962,19443
36963,19416
36964,19408
36965,19448
36966,19448
36967,19408
36968,19438
36969,19448
36970,19443
36971,19458
36972,19448
36973,19430
36974,19448
36975,19458
36976,19448
36977,19431
36978,19458
36979,19450
36980,19450
36981,19458
36982,19444
36983,19465
36984,19428
36985,19465
36986,19456
36987,19428
36988,19458
36989,19463
36990,19462
36991,19475
36992,19463
36993,19463
36994,19468
36995,19463
36996,19475
36997,19463
36998,19462
36999,19455
37000,19478
37001,19469
37002,19480
37003,19478
37004,19496
37005,19482
37006,19496
37007,19482
37008,19496
37009,19482
37010,19476
37011,19488
37012,19483
37013,19488
37014,19483
37015,19488
37016,19482
37017,19488
37018,19483
37019,19488
37020,19483
37021,19488
37022,19487
37023,19498
37024,19497
37025,19484
37026,19490
37027,19480
37028,19501
37029,19498
37030,19501
37031,19501
37032,19488
37033,19493
37034,19489
37035,19473
37036,19462
37037,19491
37038,19487
37039,19488
37040,19491
37041,19500
37042,19491
37043,19488
37044,19462
37045,19487
37046,19495
37047,19460
37048,19481
37049,19490
37050,19482
37051,19483
37052,19471
37053,19473
37054,19491
37055,19503
37056,19452
37057,19458
37058,19475
37059,19495
37060,19496
37061,19493
37062,19506
37063,19503
37064,19467
37065,19516
37066,19503
37067,19481
37068,19516
37069,19503
37070,19508
37071,19516
37072,19467
37073,19506
37074,19503
37075,19493
37076,19495
37077,19496
37078,19495
37079,19496
37080,19475
37081,19491
37082,19496
37083,19492
37084,19500
37085,19491
37086,19500
37087,19483
37088,19490
37089,19481
37090,19478
37091,19465
37092,19490
37093,19502
37094,19452
37095,19452
37096,19478
37097,19503
37098,19452
37099,19510
37100,19513
37101,19511
37102,19510
37103,19503
37104,19508
37105,19497
37106,19496
37107,19514
37108,19526
37109,19521
37110,19492
37111,19526
37112,19526
37113,19507
37114,19521
37115,19526
37116,19504
37117,19511
37118,19522
37119,19511
37120,19513
37121,19531
37122,19522
37123,19517
37124,19512
37125,19515
37126,19510
37127,19510
37128,19512
37129,19502
37130,19508
37131,19518
37132,19538
37133,19518
37134,19535
37135,19508
37136,19526
37137,19531
37138,19523
37139,19535
37140,19536
37141,19522
37142,19533
37143,19522
37144,19518
37145,19533
37146,19536
37147,19533
37148,19522
37149,19536
37150,19542
37151,19552
37152,19546
37153,19566
37154,19563
37155,19563
37156,19547
37157,19564
37158,19563
37159,19555
37160,19561
37161,19552
37162,19568
37163,19564
37164,19568
37165,19552
37166,19556
37167,19567
37168,19568
37169,19567
37170,19577
37171,19567
37172,19581
37173,19587
37174,19573
37175,19587
37176,19591
37177,19567
37178,19567
37179,19578
37180,19567
37181,19590
37182,19601
37183,19597
37184,19596
37185,19593
37186,19604
37187,19596
37188,19592
37189,19593
37190,19596
37191,19604
37192,19593
37193,19596
37194,19592
37195,19615
37196,19583
37197,19623
37198,19592
37199,19591
37200,19614
37201,19590
37202,19616
37203,19613
37204,19613
37205,19618
37206,19613
37207,19618
37208,19608
37209,19613
37210,19613
37211,19618
37212,19602
37213,19606
37214,19626
37215,19621
37216,19603
37217,19590
37218,19583
37219,19603
37220,19617
37221,19618
37222,19613
37223,19598
37224,19607
37225,19564
37226,19607
37227,19618
37228,19607
37229,19629
37230,19636
37231,19626
37232,19615
37233,19612
37234,19607
37235,19612
37236,19626
37237,19618
37238,19621
37239,19625
37240,19646
37241,19633
37242,19628
37243,19623
37244,19646
37245,19625
37246,19636
37247,19636
37248,19647
37249,19636
37250,19643
37251,19630
37252,19628
37253,19625
37254,19648
37255,19645
37256,19631
37257,19636
37258,19648
37259,19653
37260,19646
37261,19627
37262,19646
37263,19637
37264,19646
37265,19648
37266,19635
37267,19653
37268,19627
37269,19635
37270,19653
37271,19638
37272,19630
37273,19653
37274,19643
37275,19635
37276,19627
37277,19653
37278,19640
37279,19663
37280,19667
37281,19663
37282,19671
37283,19662
37284,19655
37285,19633
37286,19682
37287,19671
37288,19670
37289,19682
37290,19655
37291,19682
37292,19670
37293,19676
37294,19641
37295,19671
37296,19671
37297,19663
37298,19661
37299,19671
37300,19671
37301,19641
37302,19667
37303,19671
37304,19671
37305,19673
37306,19663
37307,19682
37308,19655
37309,19670
37310,19682
37311,19671
37312,19676
37313,19673
37314,19655
37315,19656
37316,19676
37317,19633
37318,19673
37319,19676
37320,19656
37321,19658
37322,19655
37323,19669
37324,19646
37325,19638
37326,19665
37327,19676
37328,19646
37329,19640
37330,19629
37331,19687
37332,19680
37333,19677
37334,19678
37335,19692
37336,19688
37337,19677
37338,19692
37339,19678
37340,19692
37341,19675
37342,19690
37343,19686
37344,19692
37345,19698
37346,19693
37347,19703
37348,19703
37349,19702
37350,19698
37351,19703
37352,19701
37353,19703
37354,19711
37355,19683
37356,19711
37357,19718
37358,19706
37359,19709
37360,19723
37361,19719
37362,19718
37363,19719
37364,19703
37365,19702
37366,19719
37367,19718
37368,19719
37369,19718
37370,19719
37371,19702
37372,19703
37373,19719
37374,19733
37375,19738
37376,19733
37377,19738
37378,19733
37379,19738
37380,19748
37381,19743
37382,19743
37383,19738
37384,19741
37385,19743
37386,19738
37387,19736
37388,19738
37389,19743
37390,19743
37391,19738
37392,19743
37393,19751
37394,19742
37395,19751
37396,19752
37397,19748
37398,19745
37399,19741
37400,19723
37401,19745
37402,19748
37403,19759
37404,19743
37405,19748
37406,19753
37407,19759
37408,19753
37409,19708
37410,19743
37411,19753
37412,19761
37413,19763
37414,19761
37415,19756
37416,19761
37417,19747
37418,19761
37419,19756
37420,19761
37421,19763
37422,19761
37423,19756
37424,19761
37425,19730
37426,19760
37427,19727
37428,19753
37429,19710
37430,19766
37431,19765
37432,19716
37433,19767
37434,19737
37435,19748
37436,19757
37437,19737
37438,19737
37439,19757
37440,19737
37441,19758
37442,19782
37443,19768
37444,19781
37445,19783
37446,19781
37447,19783
37448,19773
37449,19751
37450,19774
37451,19743
37452,19762
37453,19774
37454,19762
37455,19743
37456,19751
37457,19762
37458,19774
37459,19763
37460,19783
37461,19777
37462,19786
37463,19783
37464,19773
37465,19776
37466,19790
37467,19781
37468,19793
37469,19792
37470,19781
37471,19793
37472,19793
37473,19781
37474,19792
37475,19792
37476,19777
37477,19768
37478,19792
37479,19802
37480,19758
37481,19802
37482,19776
37483,19779
37484,19801
37485,19801
37486,19806
37487,19782
37488,19801
37489,19801
37490,19806
37491,19816
37492,19797
37493,19817
37494,19804
37495,19801
37496,19804
37497,19814
37498,19804
37499,19828
37500,19806
37501,19823
37502,19806
37503,19798
37504,19806
37505,19823
37506,19803
37507,19806
37508,19798
37509,19823
37510,19806
37511,19818
37512,19801
37513,19804
37514,19835
37515,19826
37516,19833
37517,19826
37518,19828
37519,19826
37520,19833
37521,19807
37522,19830
37523,19821
37524,19818
37525,19837
37526,19807
37527,19837
37528,19818
37529,19837
37530,19842
37531,19846
37532,19846
37533,19841
37534,19837
37535,19818
37536,19837
37537,19848
37538,19836
37539,19848
37540,19832
37541,19841
37542,19846
37543,19857
37544,19858
37545,19858
37546,19857
37547,19858
37548,19840
37549,19857
37550,19833
37551,19846
37552,19838
37553,19856
37554,19841
37555,19856
37556,19856
37557,19856
37558,19832
37559,19856
37560,19856
37561,19852
37562,19856
37563,19856
37564,19856
37565,19856
37566,19846
37567,19856
37568,19856
37569,19841
37570,19848
37571,19843
37572,19853
37573,19843
37574,19853
37575,19842
37576,19853
37577,19818
37578,19843
37579,19835
37580,19847
37581,19838
37582,19831
37583,19852
37584,19852
37585,19838
37586,19852
37587,19838
37588,19848
37589,19858
37590,19857
37591,19832
37592,19858
37593,19856
37594,19853
37595,19828
37596,19856
37597,19865
37598,19867
37599,19860
37600,19878
37601,19887
37602,19892
37603,19875
37604,19897
37605,19868
37606,19876
37607,19887
37608,19888
37609,19893
37610,19867
37611,19882
37612,19885
37613,19893
37614,19880
37615,19867
37616,19893
37617,19885
37618,19867
37619,19880
37620,19893
37621,19895
37622,19881
37623,19886
37624,19890
37625,19878
37626,19908
37627,19897
37628,19908
37629,19898
37630,19908
37631,19897
37632,19886
37633,19908
37634,19898
37635,19890
37636,19886
37637,19881
37638,19890
37639,19891
37640,19892
37641,19873
37642,19893
37643,19867
37644,19873
37645,19863
37646,19890
37647,19881
37648,19862
37649,19887
37650,19870
37651,19888
37652,19887
37653,19892
37654,19890
37655,19881
37656,19890
37657,19882
37658,19858
37659,19885
37660,19853
37661,19885
37662,19858
37663,19881
37664,19885
37665,19868
37666,19878
37667,19899
37668,19873
37669,19890
37670,19873
37671,19899
37672,19873
37673,19890
37674,19899
37675,19873
37676,19873
37677,19899
37678,19890
37679,19871
37680,19842
37681,19832
37682,19842
37683,19842
37684,19875
37685,19842
37686,19881
37687,19873
37688,19843
37689,19886
37690,19889
37691,19883
37692,19886
37693,19876
37694,19858
37695,19878
37696,19893
37697,19893
37698,19888
37699,19878
37700,19888
37701,19893
37702,19878
37703,19888
37704,19892
37705,19887
37706,19868
37707,19887
37708,19887
37709,19888
37710,19903
37711,19887
37712,19900
37713,19887
37714,19875
37715,19909
37716,19892
37717,19884
37718,19909
37719,19886
37720,19900
37721,19887
37722,19903
37723,19887
37724,19887
37725,19896
37726,19908
37727,19915
37728,19891
37729,19908
37730,19868
37731,19891
37732,19908
37733,19915
37734,19908
37735,19891
37736,19908
37737,19901
37738,19891
37739,19908
37740,19915
37741,19891
37742,19908
37743,19896
37744,19887
37745,19900
37746,19903
37747,19887
37748,19913
37749,19910
37750,19895
37751,19907
37752,19918
37753,19896
37754,19887
37755,19893
37756,19898
37757,19904
37758,19903
37759,19887
37760,19893
37761,19907
37762,19870
37763,19875
37764,19907
37765,19893
37766,19910
37767,19915
37768,19901
37769,19901
37770,19908
37771,19907
37772,19903
37773,19907
37774,19903
37775,19907
37776,19911
37777,19921
37778,19924
37779,19928
37780,19924
37781,19902
37782,19907
37783,19913
37784,19918
37785,19913
37786,19918
37787,19913
37788,19907
37789,19922
37790,19918
37791,19913
37792,19907
37793,19922
37794,19918
37795,19913
37796,19907
37797,19921
37798,19930
37799,19923
37800,19923
37801,19920
37802,19906
37803,19930
37804,19928
37805,19923
37806,19923
37807,19928
37808,19931
37809,19928
37810,19932
37811,19939
37812,19933
37813,19936
37814,19936
37815,19952
37816,19950
37817,19955
37818,19952
37819,19955
37820,19945
37821,19958
37822,19937
37823,19953
37824,19952
37825,19933
37826,19933
37827,19952
37828,19933
37829,19938
37830,19952
37831,19951
37832,19933
37833,19933
37834,19952
37835,19933
37836,19952
37837,19962
37838,19973
37839,19970
37840,19955
37841,19981
37842,19962
37843,19977
37844,19966
37845,19977
37846,19965
37847,19966
37848,19977
37849,19976
37850,19993
37851,19979
37852,19995
37853,19993
37854,19983
37855,19996
37856,19973
37857,19996
37858,19977
37859,19996
37860,19973
37861,19979
37862,19996
37863,19976
37864,19994
37865,19995
37866,19988
37867,20011
37868,20000
37869,19983
37870,20000
37871,20011
37872,19993
37873,20000
37874,19993
37875,20012
37876,20008
37877,20011
37878,19993
37879,19988
37880,20007
37881,20008
37882,19993
37883,20011
37884,20000
37885,19983
37886,19993
37887,20000
37888,20013
37889,20026
37890,20016
37891,20008
37892,20016
37893,20026
37894,20033
37895,20025
37896,20022
37897,20016
37898,20026
37899,20016
37900,20025
37901,20032
37902,20016
37903,20022
37904,20025
37905,20016
37906,19961
37907,20013
37908,20025
37909,20008
37910,20006
37911,20023
37912,20006
37913,20027
37914,20006
37915,20006
37916,20016
37917,20023
37918,20027
37919,20006
37920,20027
37921,20027
37922,20008
37923,20016
37924,20013
37925,20027
37926,19990
37927,20016
37928,20027
37929,20008
37930,20027
37931,20012
37932,20008
37933,20016
37934,20027
37935,20012
37936,20027
37937,20008
37938,20016
37939,20027
37940,20024
37941,20032
37942,20031
37943,20030
37944,20032
37945,20016
37946,20013
37947,20015
37948,20023
37949,20016
37950,20001
37951,20015
37952,20016
37953,20038
37954,20047
37955,20040
37956,20016
37957,20038
37958,20052
37959,20018
37960,20052
37961,20048
37962,20042
37963,20056
37964,20066
37965,20067
37966,20077
37967,20068
37968,20037
37969,20058
37970,20069
37971,20047
37972,20052
37973,20058
37974,20056
37975,20058
37976,20052
37977,20047
37978,20069
37979,20066
37980,20083
37981,20073
37982,20083
37983,20077
37984,20091
37985,20088
37986,20083
37987,20083
37988,20088
37989,20092
37990,20081
37991,20073
37992,20083
37993,20088
37994,20062
37995,20088
37996,20088
37997,20071
37998,20088
37999,20098
38000,20088
38001,20105
38002,20098
38003,20088
38004,20083
38005,20105
38006,20097
38007,20098
38008,20088
38009,20043
38010,20071
38011,20088
38012,20062
38013,20088
38014,20083
38015,20081
38016,20073
38017,20092
38018,20081
38019,20085
38020,20073
38021,20092
38022,20082
38023,20083
38024,20068
38025,20073
38026,20071
38027,20076
38028,20073
38029,20062
38030,20076
38031,20073
38032,20082
38033,20073
38034,20076
38035,20082
38036,20075
38037,20106
38038,20083
38039,20081
38040,20097
38041,20106
38042,20096
38043,20088
38044,20082
38045,20108
38046,20101
38047,20083
38048,20102
38049,20093
38050,20097
38051,20089
38052,20097
38053,20090
38054,20093
38055,20104
38056,20097
38057,20074
38058,20095
38059,20084
38060,20073
38061,20077
38062,20073
38063,20073
38064,20078
38065,20080
38066,20073
38067,20077
38068,20106
38069,20099
38070,20088
38071,20093
38072,20088
38073,20089
38074,20097
38075,20083
38076,20079
38077,20111
38078,20111
38079,20093
38080,20111
38081,20087
38082,20111
38083,20081
38084,20107
38085,20108
38086,20116
38087,20084
38088,20116
38089,20107
38090,20116
38091,20116
38092,20108
38093,20116
38094,20106
38095,20097
38096,20111
38097,20110
38098,20108
38099,20106
38100,20108
38101,20111
38102,20097
38103,20110
38104,20094
38105,20107
38106,20106
38107,20066
38108,20106
38109,20094
38110,20103
38111,20104
38112,20113
38113,20111
38114,20118
38115,20113
38116,20119
38117,20111
38118,20119
38119,20113
38120,20119
38121,20118
38122,20088
38123,20119
38124,20111
38125,20119
38126,20111
38127,20119
38128,20112
38129,20126
38130,20133
38131,20134
38132,20138
38133,20116
38134,20138
38135,20136
38136,20123
38137,20138
38138,20134
38139,20138
38140,20129
38141,20133
38142,20138
38143,20134
38144,20138
38145,20138
38146,20136
38147,20138
38148,20134
38149,20138
38150,20138
38151,20116
38152,20138
38153,20148
38154,20152
38155,20155
38156,20152
38157,20155
38158,20132
38159,20138
38160,20134
38161,20138
38162,20126
38163,20131
38164,20146
38165,20122
38166,20147
38167,20137
38168,20132
38169,20143
38170,20137
38171,20137
38172,20147
38173,20165
38174,20162
38175,20142
38176,20164
38177,20163
38178,20148
38179,20157
38180,20142
38181,20156
38182,20145
38183,20142
38184,20156
38185,20160
38186,20156
38187,20142
38188,20156
38189,20142
38190,20165
38191,20143
38192,20148
38193,20168
38194,20152
38195,20164
38196,20152
38197,20162
38198,20158
38199,20168
38200,20148
38201,20177
38202,20168
38203,20132
38204,20173
38205,20180
38206,20115
38207,20168
38208,20160
38209,20180
38210,20190
38211,20186
38212,20201
38213,20188
38214,20183
38215,20203
38216,20202
38217,20196
38218,20188
38219,20197
38220,20181
38221,20185
38222,20196
38223,20185
38224,20207
38225,20216
38226,20213
38227,20201
38228,20233
38229,20222
38230,20222
38231,20199
38232,20228
38233,20243
38234,20228
38235,20243
38236,20231
38237,20238
38238,20243
38239,20228
38240,20243
38241,20238
38242,20243
38243,20228
38244,20243
38245,20221
38246,20248
38247,20245
38248,20233
38249,20253
38250,20261
38251,20253
38252,20229
38253,20228
38254,20261
38255,20253
38256,20253
38257,20261
38258,20251
38259,20247
38260,20253
38261,20253
38262,20248
38263,20243
38264,20248
38265,20248
38266,20253
38267,20262
38268,20263
38269,20257
38270,20271
38271,20264
38272,20227
38273,20253
38274,20261
38275,20262
38276,20261
38277,20253
38278,20251
38279,20247
38280,20264
38281,20263
38282,20262
38283,20236
38284,20247
38285,20258
38286,20263
38287,20256
38288,20263
38289,20258
38290,20263
38291,20256
38292,20263
38293,20258
38294,20263
38295,20256
38296,20263
38297,20258
38298,20263
38299,20256
38300,20263
38301,20258
38302,20263
38303,20256
38304,20257
38305,20282
38306,20276
38307,20283
38308,20288
38309,20276
38310,20287
38311,20297
38312,20307
38313,20304
38314,20306
38315,20307
38316,20295
38317,20276
38318,20297
38319,20285
38320,20303
38321,20303
38322,20283
38323,20287
38324,20303
38325,20303
38326,20279
38327,20303
38328,20286
38329,20273
38330,20263
38331,20278
38332,20276
38333,20273
38334,20263
38335,20278
38336,20272
38337,20263
38338,20278
38339,20273
38340,20276
38341,20263
38342,20278
38343,20273
38344,20263
38345,20278
38346,20276
38347,20296
38348,20302
38349,20283
38350,20288
38351,20293
38352,20294
38353,20278
38354,20308
38355,20292
38356,20278
38357,20294
38358,20308
38359,20278
38360,20292
38361,20223
38362,20278
38363,20308
38364,20294
38365,20292
38366,20278
38367,20293
38368,20288
38369,20302
38370,20293
38371,20308
38372,20292
38373,20278
38374,20294
38375,20308
38376,20292
38377,20278
38378,20310
38379,20308
38380,20322
38381,20311
38382,20322
38383,20292
38384,20308
38385,20322
38386,20311
38387,20322
38388,20313
38389,20306
38390,20313
38391,20318
38392,20323
38393,20322
38394,20326
38395,20326
38396,20305
38397,20321
38398,20315
38399,20308
38400,20311
38401,20315
38402,20321
38403,20311
38404,20326
38405,20322
38406,20326
38407,20322
38408,20328
38409,20288
38410,20323
38411,20323
38412,20340
38413,20318
38414,20327
38415,20328
38416,20328
38417,20315
38418,20315
38419,20328
38420,20328
38421,20332
38422,20327
38423,20311
38424,20308
38425,20327
38426,20307
38427,20327
38428,20311
38429,20307
38430,20327
38431,20308
38432,20330
38433,20340
38434,20318
38435,20323
38436,20323
38437,20334
38438,20323
38439,20321
38440,20301
38441,20319
38442,20352
38443,20352
38444,20318
38445,20352
38446,20335
38447,20352
38448,20352
38449,20352
38450,20352
38451,20349
38452,20349
38453,20348
38454,20336
38455,20351
38456,20348
38457,20347
38458,20356
38459,20336
38460,20348
38461,20351
38462,20336
38463,20356
38464,20358
38465,20351
38466,20369
38467,20367
38468,20344
38469,20346
38470,20327
38471,20346
38472,20344
38473,20327
38474,20367
38475,20343
38476,20369
38477,20358
38478,20336
38479,20348
38480,20356
38481,20333
38482,20336
38483,20348
38484,20358
38485,20378
38486,20356
38487,20376
38488,20378
38489,20371
38490,20378
38491,20376
38492,20377
38493,20366
38494,20375
38495,20346
38496,20378
38497,20363
38498,20363
38499,20369
38500,20368
38501,20343
38502,20373
38503,20373
38504,20370
38505,20372
38506,20381
38507,20381
38508,20365
38509,20381
38510,20381
38511,20372
38512,20385
38513,20376
38514,20382
38515,20367
38516,20374
38517,20378
38518,20381
38519,20364
38520,20346
38521,20381
38522,20378
38523,20381
38524,20352
38525,20386
38526,20382
38527,20382
38528,20384
38529,20341
38530,20386
38531,20352
38532,20378
38533,20381
38534,20384
38535,20381
38536,20352
38537,20381
38538,20378
38539,20381
38540,20366
38541,20361
38542,20376
38543,20362
38544,20381
38545,20377
38546,20369
38547,20393
38548,20382
38549,20367
38550,20390
38551,20388
38552,20392
38553,20390
38554,20378
38555,20391
38556,20367
38557,20390
38558,20392
38559,20388
38560,20390
38561,20367
38562,20391
38563,20387
38564,20411
38565,20398
38566,20398
38567,20373
38568,20383
38569,20371
38570,20388
38571,20401
38572,20408
38573,20394
38574,20396
38575,20381
38576,20412
38577,20402
38578,20412
38579,20402
38580,20393
38581,20412
38582,20398
38583,20396
38584,20383
38585,20393
38586,20396
38587,20383
38588,20368
38589,20396
38590,20395
38591,20418
38592,20396
38593,20400
38594,20418
38595,20395
38596,20409
38597,20407
38598,20418
38599,20395
38600,20396
38601,20368
38602,20383
38603,20396
38604,20393
38605,20383
38606,20368
38607,20396
38608,20400
38609,20408
38610,20421
38611,20381
38612,20403
38613,20408
38614,20393
38615,20402
38616,20393
38617,20415
38618,20419
38619,20401
38620,20424
38621,20419
38622,20382
38623,20419
38624,20424
38625,20401
38626,20419
38627,20421
38628,20408
38629,20428
38630,20437
38631,20382
38632,20437
38633,20433
38634,20419
38635,20437
38636,20426
38637,20436
38638,20426
38639,20429
38640,20411
38641,20437
38642,20419
38643,20436
38644,20429
38645,20431
38646,20434
38647,20440
38648,20446
38649,20434
38650,20417
38651,20422
38652,20454
38653,20438
38654,20457
38655,20454
38656,20448
38657,20454
38658,20457
38659,20453
38660,20428
38661,20458
38662,20422
38663,20458
38664,20458
38665,20458
38666,20428
38667,20456
38668,20422
38669,20458
38670,20451
38671,20458
38672,20458
38673,20423
38674,20458
38675,20422
38676,20428
38677,20458
38678,20433
38679,20422
38680,20458
38681,20458
38682,20463
38683,20458
38684,20458
38685,20459
38686,20436
38687,20457
38688,20454
38689,20448
38690,20454
38691,20441
38692,20467
38693,20458
38694,20468
38695,20467
38696,20451
38697,20458
38698,20422
38699,20428
38700,20458
38701,20457
38702,20466
38703,20461
38704,20442
38705,20466
38706,20461
38707,20461
38708,20471
38709,20480
38710,20471
38711,20467
38712,20476
38713,20476
38714,20437
38715,20476
38716,20481
38717,20465
38718,20488
38719,20454
38720,20484
38721,20488
38722,20484
38723,20466
38724,20491
38725,20487
38726,20482
38727,20496
38728,20506
38729,20507
38730,20482
38731,20508
38732,20502
38733,20518
38734,20507
38735,20501
38736,20508
38737,20502
38738,20518
38739,20508
38740,20507
38741,20508
38742,20506
38743,20507
38744,20474
38745,20506
38746,20507
38747,20490
38748,20500
38749,20495
38750,20500
38751,20501
38752,20500
38753,20495
38754,20495
38755,20500
38756,20500
38757,20479
38758,20486
38759,20463
38760,20456
38761,20486
38762,20463
38763,20478
38764,20496
38765,20496
38766,20506
38767,20498
38768,20496
38769,20488
38770,20506
38771,20496
38772,20496
38773,20487
38774,20504
38775,20468
38776,20482
38777,20504
38778,20468
38779,20491
38780,20504
38781,20504
38782,20468
38783,20507
38784,20485
38785,20487
38786,20513
38787,20523
38788,20503
38789,20528
38790,20507
38791,20528
38792,20503
38793,20528
38794,20518
38795,20517
38796,20531
38797,20536
38798,20538
38799,20472
38800,20536
38801,20538
38802,20531
38803,20484
38804,20529
38805,20538
38806,20536
38807,20531
38808,20538
38809,20543
38810,20538
38811,20536
38812,20541
38813,20550
38814,20561
38815,20546
38816,20561
38817,20553
38818,20561
38819,20543
38820,20553
38821,20543
38822,20531
38823,20551
38824,20543
38825,20533
38826,20531
38827,20551
38828,20543
38829,20548
38830,20543
38831,20531
38832,20551
38833,20543
38834,20531
38835,20551
38836,20543
38837,20551
38838,20531
38839,20543
38840,20548
38841,20543
38842,20551
38843,20531
38844,20533
38845,20543
38846,20551
38847,20531
38848,20543
38849,20551
38850,20531
38851,20543
38852,20551
38853,20548
38854,20544
38855,20531
38856,20544
38857,20551
38858,20531
38859,20544
38860,20551
38861,20544
38862,20531
38863,20533
38864,20551
38865,20544
38866,20531
38867,20548
38868,20551
38869,20542
38870,20543
38871,20526
38872,20543
38873,20526
38874,20551
38875,20526
38876,20530
38877,20522
38878,20551
38879,20522
38880,20543
38881,20536
38882,20522
38883,20551
38884,20548
38885,20563
38886,20543
38887,20557
38888,20551
38889,20567
38890,20568
38891,20566
38892,20537
38893,20542
38894,20543
38895,20545
38896,20548
38897,20555
38898,20559
38899,20548
38900,20545
38901,20559
38902,20548
38903,20566
38904,20561
38905,20567
38906,20561
38907,20510
38908,20561
38909,20556
38910,20563
38911,20566
38912,20570
38913,20575
38914,20557
38915,20575
38916,20582
38917,20585
38918,20591
38919,20558
38920,20591
38921,20573
38922,20591
38923,20585
38924,20591
38925,20569
38926,20585
38927,20581
38928,20581
38929,20579
38930,20583
38931,20588
38932,20579
38933,20588
38934,20588
38935,20570
38936,20585
38937,20570
38938,20571
38939,20581
38940,20590
38941,20589
38942,20581
38943,20590
38944,20581
38945,20589
38946,20581
38947,20591
38948,20590
38949,20581
38950,20581
38951,20590
38952,20581
38953,20589
38954,20590
38955,20585
38956,20583
38957,20586
38958,20596
38959,20583
38960,20585
38961,20581
38962,20590
38963,20589
38964,20581
38965,20581
38966,20572
38967,20603
38968,20583
38969,20603
38970,20602
38971,20590
38972,20603
38973,20583
38974,20602
38975,20603
38976,20572
38977,20603
38978,20603
38979,20612
38980,20591
38981,20588
38982,20587
38983,20617
38984,20623
38985,20615
38986,20617
38987,20587
38988,20605
38989,20605
38990,20612
38991,20591
38992,20605
38993,20593
38994,20591
38995,20605
38996,20612
38997,20600
38998,20613
38999,20607
39000,20589
39001,20621
39002,20623
39003,20607
39004,20607
39005,20607
39006,20614
39007,20592
39008,20589
39009,20600
39010,20603
39011,20600
39012,20603
39013,20615
39014,20622
39015,20615
39016,20608
39017,20615
39018,20627
39019,20622
39020,20628
39021,20643
39022,20629
39023,20643
39024,20630
39025,20613
39026,20617
39027,20633
39028,20607
39029,20634
39030,20617
39031,20636
39032,20631
39033,20638
39034,20638
39035,20648
39036,20626
39037,20612
39038,20648
39039,20612
39040,20648
39041,20648
39042,20612
39043,20648
39044,20596
39045,20612
39046,20648
39047,20634
39048,20643
39049,20637
39050,20643
39051,20636
39052,20637
39053,20643
39054,20637
39055,20643
39056,20637
39057,20653
39058,20627
39059,20643
39060,20638
39061,20653
39062,20656
39063,20638
39064,20638
39065,20624
39066,20638
39067,20597
39068,20656
39069,20638
39070,20654
39071,20660
39072,20633
39073,20653
39074,20658
39075,20671
39076,20651
39077,20664
39078,20671
39079,20671
39080,20678
39081,20667
39082,20665
39083,20678
39084,20665
39085,20679
39086,20667
39087,20665
39088,20678
39089,20614
39090,20662
39091,20682
39092,20657
39093,20665
39094,20662
39095,20688
39096,20691
39097,20677
39098,20673
39099,20676
39100,20631
39101,20688
39102,20703
39103,20663
39104,20695
39105,20696
39106,20678
39107,20695
39108,20696
39109,20678
39110,20695
39111,20696
39112,20703
39113,20673
39114,20673
39115,20678
39116,20673
39117,20693
39118,20673
39119,20623
39120,20673
39121,20673
39122,20708
39123,20696
39124,20706
39125,20696
39126,20710
39127,20696
39128,20693
39129,20696
39130,20721
39131,20709
39132,20726
39133,20718
39134,20684
39135,20698
39136,20716
39137,20684
39138,20698
39139,20718
39140,20698
39141,20705
39142,20706
39143,20710
39144,20696
39145,20696
39146,20693
39147,20696
39148,20705
39149,20684
39150,20698
39151,20716
39152,20684
39153,20698
39154,20718
39155,20726
39156,20691
39157,20699
39158,20713
39159,20713
39160,20705
39161,20733
39162,20733
39163,20737
39164,20733
39165,20728
39166,20738
39167,20733
39168,20738
39169,20728
39170,20733
39171,20723
39172,20738
39173,20733
39174,20728
39175,20727
39176,20733
39177,20738
39178,20703
39179,20733
39180,20740
39181,20733
39182,20731
39183,20757
39184,20756
39185,20762
39186,20753
39187,20746
39188,20735
39189,20762
39190,20753
39191,20746
39192,20762
39193,20753
39194,20758
39195,20763
39196,20759
39197,20757
39198,20773
39199,20764
39200,20768
39201,20779
39202,20773
39203,20780
39204,20773
39205,20771
39206,20786
39207,20784
39208,20781
39209,20803
39210,20798
39211,20794
39212,20758
39213,20777
39214,20768
39215,20777
39216,20746
39217,20777
39218,20781
39219,20791
39220,20797
39221,20798
39222,20798
39223,20811
39224,20806
39225,20798
39226,20811
39227,20798
39228,20811
39229,20794
39230,20812
39231,20812
39232,20814
39233,20812
39234,20806
39235,20813
39236,20806
39237,20813
39238,20812
39239,20806
39240,20804
39241,20818
39242,20816
39243,20814
39244,20823
39245,20830
39246,20830
39247,20823
39248,20819
39249,20831
39250,20807
39251,20832
39252,20829
39253,20838
39254,20827
39255,20797
39256,20833
39257,20794
39258,20794
39259,20834
39260,20826
39261,20833
39262,20851
39263,20838
39264,20838
39265,20838
39266,20817
39267,20827
39268,20848
39269,20844
39270,20831
39271,20848
39272,20827
39273,20844
39274,20848
39275,20827
39276,20844
39277,20853
39278,20826
39279,20826
39280,20832
39281,20826
39282,20826
39283,20826
39284,20832
39285,20826
39286,20838
39287,20826
39288,20826
39289,20832
39290,20826
39291,20826
39292,20833
39293,20833
39294,20842
39295,20846
39296,20833
39297,20844
39298,20833
39299,20842
39300,20849
39301,20863
39302,20848
39303,20841
39304,20858
39305,20846
39306,20873
39307,20850
39308,20868
39309,20852
39310,20876
39311,20873
39312,20876
39313,20858
39314,20873
39315,20876
39316,20858
39317,20863
39318,20863
39319,20863
39320,20840
39321,20863
39322,20863
39323,20861
39324,20876
39325,20870
39326,20867
39327,20876
39328,20870
39329,20876
39330,20843
39331,20870
39332,20863
39333,20851
39334,20866
39335,20882
39336,20869
39337,20870
39338,20878
39339,20872
39340,20876
39341,20836
39342,20876
39343,20882
39344,20876
39345,20865
39346,20876
39347,20836
39348,20878
39349,20851
39350,20863
39351,20870
39352,20843
39353,20876
39354,20862
39355,20876
39356,20867
39357,20862
39358,20876
39359,20854
39360,20848
39361,20866
39362,20849
39363,20844
39364,20848
39365,20849
39366,20866
39367,20868
39368,20859
39369,20863
39370,20881
39371,20882
39372,20887
39373,20849
39374,20858
39375,20862
39376,20867
39377,20872
39378,20870
39379,20892
39380,20892
39381,20870
39382,20872
39383,20892
39384,20887
39385,20896
39386,20889
39387,20881
39388,20881
39389,20904
39390,20911
39391,20906
39392,20908
39393,20908
39394,20904
39395,20908
39396,20913
39397,20903
39398,20904
39399,20931
39400,20903
39401,20922
39402,20931
39403,20873
39404,20908
39405,20929
39406,20914
39407,20918
39408,20909
39409,20918
39410,20918
39411,20909
39412,20922
39413,20917
39414,20901
39415,20908
39416,20904
39417,20906
39418,20901
39419,20901
39420,20914
39421,20914
39422,20914
39423,20898
39424,20914
39425,20906
39426,20914
39427,20914
39428,20914
39429,20914
39430,20914
39431,20908
39432,20924
39433,20922
39434,20902
39435,20908
39436,20922
39437,20924
39438,20922
39439,20904
39440,20908
39441,20898
39442,20923
39443,20924
39444,20898
39445,20926
39446,20940
39447,20924
39448,20908
39449,20908
39450,20940
39451,20924
39452,20908
39453,20926
39454,20923
39455,20926
39456,20945
39457,20940
39458,20946
39459,20940
39460,20916
39461,20934
39462,20946
39463,20940
39464,20946
39465,20916
39466,20958
39467,20948
39468,20956
39469,20953
39470,20896
39471,20947
39472,20956
39473,20957
39474,20956
39475,20956
39476,20928
39477,20934
39478,20956
39479,20957
39480,20956
39481,20952
39482,20961
39483,20969
39484,20937
39485,20944
39486,20937
39487,20968
39488,20948
39489,20966
39490,20968
39491,20968
39492,20968
39493,20966
39494,20947
39495,20968
39496,20976
39497,20979
39498,20963
39499,20968
39500,20973
39501,20934
39502,20973
39503,20964
39504,20968
39505,20979
39506,20987
39507,20963
39508,20984
39509,20975
39510,20978
39511,20973
39512,20986
39513,20982
39514,20983
39515,20988
39516,20988
39517,20983
39518,20988
39519,20986
39520,20983
39521,20988
39522,20983
39523,20988
39524,20993
39525,20999
39526,20993
39527,20989
39528,20987
39529,20996
39530,20958
39531,20983
39532,20989
39533,20998
39534,20993
39535,20996
39536,20999
39537,20982
39538,20982
39539,20982
39540,20968
39541,20982
39542,20982
39543,20982
39544,20982
39545,20996
39546,20982
39547,21008
39548,20997
39549,21000
39550,21008
39551,20982
39552,20980
39553,21006
39554,20986
39555,21006
39556,20983
39557,20991
39558,20968
39559,21011
39560,21011
39561,21003
39562,21011
39563,21018
39564,21027
39565,21003
39566,21020
39567,21027
39568,20998
39569,21020
39570,21027
39571,21003
39572,21027
39573,21020
39574,21027
39575,21003
39576,21019
39577,21009
39578,20991
39579,20983
39580,21016
39581,20994
39582,21016
39583,20982
39584,21006
39585,21017
39586,21018
39587,21006
39588,21018
39589,21016
39590,20994
39591,21018
39592,21013
39593,21006
39594,21006
39595,21013
39596,21006
39597,21006
39598,21002
39599,21013
39600,21006
39601,21024
39602,21038
39603,21026
39604,21041
39605,21018
39606,21038
39607,21041
39608,21031
39609,21031
39610,21032
39611,21035
39612,21031
39613,21023
39614,21032
39615,21031
39616,21035
39617,21031
39618,21028
39619,21041
39620,21032
39621,21042
39622,21043
39623,21031
39624,21047
39625,21051
39626,21046
39627,21054
39628,21020
39629,21068
39630,21028
39631,21031
39632,21043
39633,21029
39634,21031
39635,21033
39636,21031
39637,21042
39638,21046
39639,21038
39640,21047
39641,21051
39642,21046
39643,21047
39644,21036
39645,21058
39646,21048
39647,21068
39648,21073
39649,21073
39650,21058
39651,21049
39652,21038
39653,21058
39654,21049
39655,21058
39656,21049
39657,21053
39658,21058
39659,21049
39660,21069
39661,21052
39662,21059
39663,21052
39664,21054
39665,21059
39666,21052
39667,21052
39668,21059
39669,21052
39670,21067
39671,21053
39672,21068
39673,21077
39674,21053
39675,21077
39676,21053
39677,21049
39678,21058
39679,21072
39680,21058
39681,21058
39682,21072
39683,21063
39684,21058
39685,21072
39686,21058
39687,21074
39688,21068
39689,21077
39690,21082
39691,21068
39692,21063
39693,21077
39694,21068
39695,21093
39696,21088
39697,21086
39698,21091
39699,21097
39700,21088
39701,21102
39702,21093
39703,21102
39704,21083
39705,21093
39706,21102
39707,21102
39708,21088
39709,21086
39710,21088
39711,21048
39712,21097
39713,21086
39714,21088
39715,21102
39716,21102
39717,21093
39718,21083
39719,21102
39720,21093
39721,21093
39722,21107
39723,21103
39724,21108
39725,21088
39726,21097
39727,21088
39728,21091
39729,21086
39730,21088
39731,21097
39732,21088
39733,21087
39734,21062
39735,21086
39736,21062
39737,21076
39738,21086
39739,21062
39740,21086
39741,21082
39742,21062
39743,21076
39744,21074
39745,21086
39746,21062
39747,21076
39748,21086
39749,21062
39750,21088
39751,21108
39752,21096
39753,21099
39754,21096
39755,21088
39756,21086
39757,21086
39758,21107
39759,21088
39760,21086
39761,21097
39762,21086
39763,21107
39764,21086
39765,21098
39766,21101
39767,21111
39768,21113
39769,21111
39770,21096
39771,21116
39772,21088
39773,21099
39774,21096
39775,21111
39776,21093
39777,21096
39778,21106
39779,21101
39780,21119
39781,21109
39782,21099
39783,21111
39784,21096
39785,21127
39786,21124
39787,21126
39788,21125
39789,21118
39790,21099
39791,21111
39792,21096
39793,21099
39794,21106
39795,21113
39796,21111
39797,21101
39798,21111
39799,21113
39800,21105
39801,21086
39802,21101
39803,21111
39804,21104
39805,21106
39806,21104
39807,21107
39808,21086
39809,21101
39810,21073
39811,21073
39812,21107
39813,21099
39814,21096
39815,21078
39816,21076
39817,21112
39818,21099
39819,21112
39820,21124
39821,21118
39822,21111
39823,21124
39824,21118
39825,21117
39826,21108
39827,21124
39828,21118
39829,21124
39830,21111
39831,21118
39832,21124
39833,21112
39834,21104
39835,21111
39836,21098
39837,21114
39838,21122
39839,21103
39840,21104
39841,21122
39842,21128
39843,21118
39844,21133
39845,21111
39846,21109
39847,21121
39848,21111
39849,21103
39850,21119
39851,21103
39852,21125
39853,21106
39854,21103
39855,21119
39856,21123
39857,21103
39858,21103
39859,21136
39860,21128
39861,21143
39862,21104
39863,21128
39864,21118
39865,21122
39866,21134
39867,21128
39868,21104
39869,21143
39870,21128
39871,21141
39872,21110
39873,21119
39874,21127
39875,21123
39876,21138
39877,21141
39878,21141
39879,21126
39880,21141
39881,21138
39882,21109
39883,21137
39884,21137
39885,21137
39886,21131
39887,21127
39888,21126
39889,21155
39890,21119
39891,21163
39892,21151
39893,21163
39894,21163
39895,21161
39896,21171
39897,21165
39898,21161
39899,21159
39900,21107
39901,21136
39902,21161
39903,21157
39904,21173
39905,21161
39906,21133
39907,21156
39908,21155
39909,21161
39910,21158
39911,21158
39912,21138
39913,21145
39914,21147
39915,21167
39916,21157
39917,21147
39918,21167
39919,21153
39920,21164
39921,21146
39922,21164
39923,21164
39924,21153
39925,21164
39926,21151
39927,21164
39928,21163
39929,21164
39930,21153
39931,21164
39932,21151
39933,21146
39934,21164
39935,21164
39936,21153
39937,21164
39938,21173
39939,21177
39940,21177
39941,21173
39942,21172
39943,21188
39944,21183
39945,21154
39946,21181
39947,21188
39948,21149
39949,21178
39950,21176
39951,21181
39952,21171
39953,21178
39954,21176
39955,21181
39956,21193
39957,21201
39958,21181
39959,21168
39960,21194
39961,21208
39962,21189
39963,21191
39964,21214
39965,21218
39966,21198
39967,21222
39968,21218
39969,21222
39970,21226
39971,21224
39972,21225
39973,21212
39974,21228
39975,21219
39976,21236
39977,21221
39978,21217
39979,21219
39980,21225
39981,21203
39982,21236
39983,21228
39984,21219
39985,21213
39986,21236
39987,21243
39988,21218
39989,21208
39990,21213
39991,21241
39992,21216
39993,21236
39994,21233
39995,21236
39996,21236
39997,21231
39998,21236
39999,21199
40000,21236
40001,21218
40002,21228
40003,21236
40004,21231
40005,21236
40006,21241
40007,21226
40008,21213
40009,21216
40010,21241
40011,21226
40012,21207
40013,21216
40014,21226
40015,21213
40016,21228
40017,21236
40018,21241
40019,21236
40020,21218
40021,21236
40022,21231
40023,21236
40024,21236
40025,21238
40026,21247
40027,21242
40028,21251
40029,21252
40030,21251
40031,21241
40032,21251
40033,21251
40034,21252
40035,21247
40036,21241
40037,21251
40038,21239
40039,21251
40040,21252
40041,21251
40042,21241
40043,21251
40044,21252
40045,21251
40046,21239
40047,21251
40048,21241
40049,21247
40050,21251
40051,21252
40052,21251
40053,21259
40054,21263
40055,21273
40056,21263
40057,21267
40058,21241
40059,21267
40060,21231
40061,21242
40062,21252
40063,21217
40064,21246
40065,21258
40066,21269
40067,21258
40068,21272
40069,21265
40070,21273
40071,21265
40072,21273
40073,21244
40074,21269
40075,21251
40076,21269
40077,21238
40078,21269
40079,21272
40080,21269
40081,21249
40082,21269
40083,21272
40084,21269
40085,21283
40086,21293
40087,21278
40088,21259
40089,21293
40090,21293
40091,21277
40092,21284
40093,21278
40094,21293
40095,21261
40096,21293
40097,21287
40098,21283
40099,21283
40100,21292
40101,21301
40102,21313
40103,21268
40104,21313
40105,21301
40106,21283
40107,21283
40108,21292
40109,21287
40110,21291
40111,21298
40112,21261
40113,21291
40114,21298
40115,21291
40116,21301
40117,21286
40118,21301
40119,21287
40120,21286
40121,21291
40122,21300
40123,21301
40124,21286
40125,21297
40126,21286
40127,21304
40128,21299
40129,21305
40130,21311
40131,21319
40132,21313
40133,21311
40134,21319
40135,21323
40136,21328
40137,21324
40138,21326
40139,21326
40140,21326
40141,21330
40142,21326
40143,21304
40144,21333
40145,21326
40146,21333
40147,21330
40148,21333
40149,21326
40150,21333
40151,21326
40152,21318
40153,21326
40154,21320
40155,21333
40156,21291
40157,21333
40158,21339
40159,21329
40160,21318
40161,21329
40162,21319
40163,21317
40164,21329
40165,21305
40166,21327
40167,21329
40168,21332
40169,21337
40170,21334
40171,21328
40172,21328
40173,21279
40174,21323
40175,21328
40176,21291
40177,21324
40178,21336
40179,21336
40180,21291
40181,21336
40182,21316
40183,21318
40184,21333
40185,21303
40186,21322
40187,21328
40188,21333
40189,21331
40190,21333
40191,21322
40192,21318
40193,21333
40194,21316
40195,21336
40196,21298
40197,21336
40198,21333
40199,21328
40200,21334
40201,21328
40202,21312
40203,21328
40204,21334
40205,21343
40206,21332
40207,21342
40208,21354
40209,21336
40210,21348
40211,21354
40212,21336
40213,21351
40214,21343
40215,21354
40216,21348
40217,21352
40218,21362
40219,21354
40220,21331
40221,21362
40222,21354
40223,21333
40224,21362
40225,21362
40226,21354
40227,21338
40228,21362
40229,21331
40230,21354
40231,21333
40232,21362
40233,21354
40234,21352
40235,21348
40236,21343
40237,21338
40238,21362
40239,21354
40240,21362
40241,21343
40242,21359
40243,21343
40244,21368
40245,21377
40246,21374
40247,21377
40248,21346
40249,21388
40250,21372
40251,21384
40252,21391
40253,21388
40254,21383
40255,21393
40256,21384
40257,21398
40258,21399
40259,21409
40260,21393
40261,21406
40262,21397
40263,21406
40264,21383
40265,21406
40266,21373
40267,21397
40268,21406
40269,21375
40270,21406
40271,21397
40272,21393
40273,21409
40274,21399
40275,21398
40276,21409
40277,21393
40278,21388
40279,21398
40280,21388
40281,21383
40282,21398
40283,21388
40284,21384
40285,21383
40286,21373
40287,21356
40288,21363
40289,21397
40290,21378
40291,21389
40292,21397
40293,21379
40294,21397
40295,21393
40296,21386
40297,21371
40298,21379
40299,21386
40300,21379
40301,21369
40302,21393
40303,21394
40304,21367
40305,21398
40306,21401
40307,21393
40308,21422
40309,21394
40310,21408
40311,21406
40312,21413
40313,21409
40314,21388
40315,21401
40316,21401
40317,21373
40318,21388
40319,21401
40320,21389
40321,21401
40322,21373
40323,21388
40324,21401
40325,21413
40326,21388
40327,21401
40328,21373
40329,21401
40330,21388
40331,21401
40332,21408
40333,21399
40334,21413
40335,21404
40336,21413
40337,21399
40338,21413
40339,21413
40340,21413
40341,21426
40342,21424
40343,21429
40344,21425
40345,21411
40346,21402
40347,21424
40348,21428
40349,21432
40350,21433
40351,21418
40352,21412
40353,21449
40354,21443
40355,21444
40356,21449
40357,21424
40358,21446
40359,21446
40360,21439
40361,21446
40362,21441
40363,21446
40364,21446
40365,21431
40366,21446
40367,21438
40368,21417
40369,21437
40370,21403
40371,21446
40372,21437
40373,21417
40374,21403
40375,21437
40376,21417
40377,21446
40378,21437
40379,21403
40380,21424
40381,21439
40382,21453
40383,21438
40384,21453
40385,21412
40386,21422
40387,21418
40388,21413
40389,21446
40390,21446
40391,21438
40392,21446
40393,21446
40394,21428
40395,21439
40396,21446
40397,21437
40398,21452
40399,21452
40400,21452
40401,21448
40402,21452
40403,21452
40404,21452
40405,21433
40406,21452
40407,21452
40408,21431
40409,21452
40410,21456
40411,21433
40412,21377
40413,21463
40414,21453
40415,21456
40416,21463
40417,21459
40418,21471
40419,21446
40420,21471
40421,21453
40422,21447
40423,21446
40424,21471
40425,21446
40426,21459
40427,21463
40428,21458
40429,21453
40430,21446
40431,21453
40432,21463
40433,21456
40434,21446
40435,21478
40436,21482
40437,21473
40438,21483
40439,21443
40440,21453
40441,21473
40442,21483
40443,21481
40444,21448
40445,21446
40446,21459
40447,21446
40448,21463
40449,21471
40450,21446
40451,21486
40452,21481
40453,21488
40454,21487
40455,21451
40456,21481
40457,21488
40458,21486
40459,21471
40460,21446
40461,21463
40462,21459
40463,21481
40464,21453
40465,21483
40466,21473
40467,21443
40468,21483
40469,21473
40470,21463
40471,21478
40472,21468
40473,21486
40474,21478
40475,21478
40476,21478
40477,21468
40478,21478
40479,21478
40480,21486
40481,21466
40482,21478
40483,21447
40484,21472
40485,21477
40486,21468
40487,21472
40488,21477
40489,21472
40490,21472
40491,21477
40492,21438
40493,21472
40494,21446
40495,21468
40496,21472
40497,21477
40498,21472
40499,21472
40500,21477
40501,21472
40502,21477
40503,21473
40504,21477
40505,21468
40506,21447
40507,21461
40508,21466
40509,21441
40510,21461
40511,21478
40512,21467
40513,21473
40514,21469
40515,21473
40516,21459
40517,21464
40518,21467
40519,21473
40520,21469
40521,21473
40522,21459
40523,21446
40524,21458
40525,21454
40526,21462
40527,21458
40528,21472
40529,21473
40530,21454
40531,21458
40532,21472
40533,21462
40534,21458
40535,21471
40536,21466
40537,21441
40538,21461
40539,21467
40540,21473
40541,21464
40542,21473
40543,21473
40544,21471
40545,21452
40546,21459
40547,21477
40548,21471
40549,21468
40550,21488
40551,21468
40552,21468
40553,21471
40554,21452
40555,21469
40556,21471
40557,21459
40558,21455
40559,21433
40560,21452
40561,21463
40562,21456
40563,21477
40564,21443
40565,21456
40566,21456
40567,21473
40568,21473
40569,21486
40570,21463
40571,21479
40572,21489
40573,21479
40574,21483
40575,21489
40576,21491
40577,21476
40578,21487
40579,21492
40580,21494
40581,21503
40582,21513
40583,21493
40584,21503
40585,21513
40586,21499
40587,21503
40588,21513
40589,21503
40590,21513
40591,21506
40592,21503
40593,21513
40594,21499
40595,21503
40596,21513
40597,21517
40598,21499
40599,21516
40600,21517
40601,21499
40602,21516
40603,21518
40604,21499
40605,21523
40606,21517
40607,21517
40608,21513
40609,21503
40610,21513
40611,21503
40612,21499
40613,21513
40614,21503
40615,21506
40616,21513
40617,21503
40618,21499
40619,21513
40620,21503
40621,21513
40622,21503
40623,21499
40624,21512
40625,21512
40626,21501
40627,21467
40628,21512
40629,21501
40630,21512
40631,21512
40632,21489
40633,21501
40634,21512
40635,21512
40636,21499
40637,21513
40638,21503
40639,21513
40640,21503
40641,21499
40642,21513
40643,21503
40644,21508
40645,21511
40646,21508
40647,21501
40648,21511
40649,21508
40650,21511
40651,21508
40652,21518
40653,21513
40654,21516
40655,21523
40656,21531
40657,21523
40658,21529
40659,21506
40660,21533
40661,21516
40662,21528
40663,21518
40664,21528
40665,21531
40666,21528
40667,21528
40668,21531
40669,21496
40670,21518
40671,21513
40672,21506
40673,21512
40674,21488
40675,21493
40676,21499
40677,21504
40678,21511
40679,21522
40680,21503
40681,21522
40682,21504
40683,21522
40684,21516
40685,21527
40686,21531
40687,21518
40688,21516
40689,21531
40690,21539
40691,21517
40692,21531
40693,21526
40694,21548
40695,21551
40696,21547
40697,21548
40698,21551
40699,21542
40700,21556
40701,21538
40702,21549
40703,21558
40704,21549
40705,21552
40706,21554
40707,21573
40708,21562
40709,21576
40710,21549
40711,21563
40712,21553
40713,21559
40714,21538
40715,21559
40716,21559
40717,21559
40718,21573
40719,21549
40720,21559
40721,21559
40722,21574
40723,21573
40724,21583
40725,21574
40726,21573
40727,21583
40728,21574
40729,21573
40730,21574
40731,21583
40732,21582
40733,21563
40734,21527
40735,21566
40736,21563
40737,21576
40738,21527
40739,21563
40740,21563
40741,21578
40742,21587
40743,21567
40744,21548
40745,21572
40746,21573
40747,21578
40748,21551
40749,21553
40750,21553
40751,21571
40752,21553
40753,21551
40754,21571
40755,21553
40756,21553
40757,21571
40758,21551
40759,21553
40760,21571
40761,21553
40762,21551
40763,21553
40764,21571
40765,21553
40766,21553
40767,21561
40768,21568
40769,21583
40770,21572
40771,21596
40772,21581
40773,21593
40774,21597
40775,21596
40776,21583
40777,21576
40778,21588
40779,21571
40780,21548
40781,21594
40782,21584
40783,21600
40784,21593
40785,21567
40786,21596
40787,21598
40788,21596
40789,21576
40790,21561
40791,21576
40792,21573
40793,21592
40794,21581
40795,21582
40796,21581
40797,21592
40798,21581
40799,21603
40800,21603
40801,21611
40802,21602
40803,21611
40804,21602
40805,21596
40806,21589
40807,21611
40808,21593
40809,21589
40810,21611
40811,21604
40812,21611
40813,21601
40814,21599
40815,21616
40816,21632
40817,21613
40818,21609
40819,21627
40820,21624
40821,21636
40822,21632
40823,21637
40824,21641
40825,21634
40826,21618
40827,21637
40828,21641
40829,21634
40830,21641
40831,21607
40832,21632
40833,21637
40834,21628
40835,21632
40836,21633
40837,21618
40838,21649
40839,21639
40840,21649
40841,21638
40842,21618
40843,21649
40844,21639
40845,21649
40846,21652
40847,21648
40848,21664
40849,21641
40850,21663
40851,21651
40852,21663
40853,21622
40854,21653
40855,21663
40856,21638
40857,21648
40858,21664
40859,21628
40860,21648
40861,21664
40862,21661
40863,21677
40864,21663
40865,21677
40866,21657
40867,21663
40868,21677
40869,21663
40870,21653
40871,21677
40872,21663
40873,21677
40874,21663
40875,21644
40876,21662
40877,21666
40878,21662
40879,21666
40880,21657
40881,21662
40882,21666
40883,21656
40884,21662
40885,21666
40886,21644
40887,21666
40888,21637
40889,21663
40890,21677
40891,21663
40892,21677
40893,21657
40894,21663
40895,21653
40896,21653
40897,21663
40898,21677
40899,21663
40900,21677
40901,21661
40902,21648
40903,21664
40904,21636
40905,21648
40906,21664
40907,21657
40908,21664
40909,21648
40910,21667
40911,21666
40912,21662
40913,21643
40914,21674
40915,21659
40916,21661
40917,21668
40918,21674
40919,21659
40920,21661
40921,21668
40922,21674
40923,21654
40924,21663
40925,21673
40926,21693
40927,21668
40928,21693
40929,21632
40930,21693
40931,21668
40932,21688
40933,21693
40934,21693
40935,21668
40936,21693
40937,21693
40938,21668
40939,21671
40940,21698
40941,21691
40942,21698
40943,21712
40944,21712
40945,21674
40946,21706
40947,21669
40948,21712
40949,21674
40950,21692
40951,21709
40952,21707
40953,21706
40954,21709
40955,21707
40956,21706
40957,21709
40958,21707
40959,21706
40960,21693
40961,21709
40962,21699
40963,21714
40964,21677
40965,21716
40966,21722
40967,21707
40968,21709
40969,21707
40970,21686
40971,21706
40972,21709
40973,21707
40974,21706
40975,21709
40976,21707
40977,21706
40978,21709
40979,21712
40980,21703
40981,21707
40982,21697
40983,21683
40984,21684
40985,21713
40986,21691
40987,21701
40988,21713
40989,21713
40990,21701
40991,21691
40992,21713
40993,21707
40994,21707
40995,21709
40996,21706
40997,21718
40998,21718
40999,21723
41000,21706
41001,21723
41002,21718
41003,21723
41004,21706
41005,21723
41006,21718
41007,21723
41008,21706
41009,21713
41010,21726
41011,21717
41012,21728
41013,21712
41014,21734
41015,21738
41016,21734
41017,21731
41018,21741
41019,21748
41020,21742
41021,21742
41022,21719
41023,21742
41024,21749
41025,21741
41026,21754
41027,21738
41028,21757
41029,21753
41030,21733
41031,21748
41032,21759
41033,21726
41034,21754
41035,21759
41036,21747
41037,21728
41038,21749
41039,21748
41040,21742
41041,21728
41042,21749
41043,21766
41044,21769
41045,21743
41046,21759
41047,21762
41048,21769
41049,21759
41050,21743
41051,21769
41052,21759
41053,21762
41054,21744
41055,21743
41056,21759
41057,21769
41058,21768
41059,21779
41060,21774
41061,21754
41062,21774
41063,21779
41064,21774
41065,21754
41066,21773
41067,21779
41068,21774
41069,21762
41070,21744
41071,21778
41072,21746
41073,21773
41074,21778
41075,21746
41076,21769
41077,21773
41078,21777
41079,21758
41080,21768
41081,21759
41082,21778
41083,21746
41084,21767
41085,21779
41086,21781
41087,21791
41088,21803
41089,21802
41090,21804
41091,21798
41092,21802
41093,21802
41094,21806
41095,21814
41096,21807
41097,21813
41098,21797
41099,21824
41100,21822
41101,21824
41102,21831
41103,21826
41104,21817
41105,21843
41106,21818
41107,21833
41108,21843
41109,21817
41110,21843
41111,21808
41112,21846
41113,21836
41114,21859
41115,21863
41116,21828
41117,21873
41118,21873
41119,21862
41120,21858
41121,21847
41122,21849
41123,21852
41124,21846
41125,21846
41126,21849
41127,21851
41128,21846
41129,21852
41130,21861
41131,21846
41132,21836
41133,21846
41134,21846
41135,21852
41136,21846
41137,21856
41138,21868
41139,21841
41140,21866
41141,21873
41142,21878
41143,21869
41144,21869
41145,21878
41146,21838
41147,21869
41148,21878
41149,21861
41150,21857
41151,21873
41152,21878
41153,21848
41154,21866
41155,21868
41156,21844
41157,21873
41158,21868
41159,21868
41160,21863
41161,21877
41162,21881
41163,21889
41164,21876
41165,21863
41166,21849
41167,21877
41168,21848
41169,21849
41170,21877
41171,21869
41172,21883
41173,21883
41174,21888
41175,21883
41176,21873
41177,21873
41178,21878
41179,21854
41180,21893
41181,21889
41182,21884
41183,21861
41184,21892
41185,21866
41186,21873
41187,21854
41188,21886
41189,21873
41190,21886
41191,21878
41192,21854
41193,21873
41194,21886
41195,21873
41196,21854
41197,21884
41198,21892
41199,21861
41200,21889
41201,21898
41202,21873
41203,21879
41204,21889
41205,21891
41206,21898
41207,21884
41208,21861
41209,21889
41210,21883
41211,21906
41212,21897
41213,21909
41214,21897
41215,21888
41216,21887
41217,21897
41218,21909
41219,21897
41220,21909
41221,21897
41222,21908
41223,21909
41224,21897
41225,21888
41226,21897
41227,21909
41228,21887
41229,21911
41230,21913
41231,21898
41232,21911
41233,21902
41234,21914
41235,21906
41236,21891
41237,21922
41238,21912
41239,21928
41240,21931
41241,21934
41242,21921
41243,21931
41244,21886
41245,21934
41246,21924
41247,21938
41248,21924
41249,21938
41250,21938
41251,21916
41252,21936
41253,21942
41254,21942
41255,21941
41256,21924
41257,21946
41258,21946
41259,21937
41260,21946
41261,21946
41262,21953
41263,21942
41264,21956
41265,21946
41266,21962
41267,21952
41268,21961
41269,21961
41270,21956
41271,21961
41272,21961
41273,21961
41274,21952
41275,21956
41276,21907
41277,21938
41278,21948
41279,21948
41280,21938
41281,21929
41282,21948
41283,21937
41284,21907
41285,21942
41286,21952
41287,21953
41288,21961
41289,21953
41290,21923
41291,21953
41292,21952
41293,21953
41294,21943
41295,21947
41296,21949
41297,21953
41298,21952
41299,21963
41300,21948
41301,21963
41302,21952
41303,21963
41304,21952
41305,21938
41306,21963
41307,21973
41308,21973
41309,21958
41310,21973
41311,21972
41312,21963
41313,21953
41314,21923
41315,21953
41316,21967
41317,21953
41318,21983
41319,21978
41320,21973
41321,21951
41322,21978
41323,21978
41324,21973
41325,21984
41326,21978
41327,21973
41328,21983
41329,21923
41330,21953
41331,21967
41332,21979
41333,21978
41334,21978
41335,21979
41336,21978
41337,21977
41338,21983
41339,21988
41340,21988
41341,21993
41342,22003
41343,21982
41344,21989
41345,22011
41346,21982
41347,22011
41348,21991
41349,22001
41350,21969
41351,22001
41352,21981
41353,21969
41354,22013
41355,22012
41356,22001
41357,22006
41358,21999
41359,21991
41360,22009
41361,21996
41362,22022
41363,22009
41364,21998
41365,22022
41366,22011
41367,21993
41368,21987
41369,22007
41370,22018
41371,22004
41372,21998
41373,22018
41374,21998
41375,22019
41376,22021
41377,22024
41378,22016
41379,22024
41380,22041
41381,21993
41382,22028
41383,22024
41384,22028
41385,22028
41386,22041
41387,22002
41388,22028
41389,22041
41390,22002
41391,22041
41392,22002
41393,22007
41394,22024
41395,22033
41396,22019
41397,22036
41398,22033
41399,22024
41400,22033
41401,22024
41402,22033
41403,22036
41404,22021
41405,22027
41406,22024
41407,22027
41408,22028
41409,22033
41410,22036
41411,22024
41412,22019
41413,22033
41414,22003
41415,21991
41416,22032
41417,22028
41418,21991
41419,22032
41420,21991
41421,22028
41422,21991
41423,22032
41424,22044
41425,22044
41426,22033
41427,22033
41428,22049
41429,22016
41430,22009
41431,22052
41432,22043
41433,22026
41434,22036
41435,22033
41436,22043
41437,22041
41438,22036
41439,22043
41440,22033
41441,22013
41442,22031
41443,22029
41444,22044
41445,22038
41446,22051
41447,22048
41448,22059
41449,22051
41450,22059
41451,22023
41452,22053
41453,22054
41454,22062
41455,22058
41456,22062
41457,22048
41458,22072
41459,22079
41460,22071
41461,22058
41462,22088
41463,22084
41464,22087
41465,22073
41466,22083
41467,22058
41468,22092
41469,22091
41470,22083
41471,22091
41472,22048
41473,22091
41474,22088
41475,22091
41476,22083
41477,22091
41478,22081
41479,22091
41480,22088
41481,22083
41482,22091
41483,22091
41484,22069
41485,22091
41486,22083
41487,22088
41488,22091
41489,22092
41490,22078
41491,22083
41492,22058
41493,22073
41494,22074
41495,22043
41496,22083
41497,22069
41498,22043
41499,22074
41500,22058
41501,22073
41502,22078
41503,22083
41504,22092
41505,22091
41506,22091
41507,22083
41508,22088
41509,22091
41510,22091
41511,22083
41512,22101
41513,22088
41514,22102
41515,22097
41516,22088
41517,22087
41518,22081
41519,22081
41520,22066
41521,22081
41522,22081
41523,22088
41524,22072
41525,22081
41526,22081
41527,22066
41528,22068
41529,22072
41530,22081
41531,22088
41532,22091
41533,22088
41534,22091
41535,22083
41536,22091
41537,22068
41538,22083
41539,22058
41540,22063
41541,22083
41542,22081
41543,22091
41544,22073
41545,22078
41546,22091
41547,22068
41548,22073
41549,22083
41550,22073
41551,22083
41552,22073
41553,22068
41554,22101
41555,22098
41556,22071
41557,22109
41558,22082
41559,22098
41560,22082
41561,22109
41562,22071
41563,22082
41564,22109
41565,22082
41566,22071
41567,22106
41568,22109
41569,22101
41570,22107
41571,22117
41572,22099
41573,22107
41574,22071
41575,22074
41576,22109
41577,22098
41578,22074
41579,22071
41580,22109
41581,22074
41582,22114
41583,22117
41584,22093
41585,22112
41586,22116
41587,22123
41588,22112
41589,22123
41590,22124
41591,22141
41592,22110
41593,22133
41594,22143
41595,22147
41596,22138
41597,22141
41598,22123
41599,22121
41600,22128
41601,22148
41602,22113
41603,22128
41604,22128
41605,22148
41606,22141
41607,22128
41608,22148
41609,22128
41610,22143
41611,22137
41612,22118
41613,22137
41614,22112
41615,22118
41616,22122
41617,22137
41618,22118
41619,22143
41620,22147
41621,22123
41622,22146
41623,22143
41624,22143
41625,22147
41626,22123
41627,22146
41628,22154
41629,22158
41630,22153
41631,22137
41632,22158
41633,22147
41634,22153
41635,22138
41636,22152
41637,22154
41638,22156
41639,22171
41640,22149
41641,22156
41642,22171
41643,22168
41644,22178
41645,22157
41646,22169
41647,22178
41648,22164
41649,22178
41650,22168
41651,22171
41652,22148
41653,22149
41654,22128
41655,22157
41656,22158
41657,22163
41658,22141
41659,22143
41660,22163
41661,22138
41662,22158
41663,22148
41664,22146
41665,22158
41666,22158
41667,22168
41668,22146
41669,22158
41670,22146
41671,22129
41672,22147
41673,22161
41674,22133
41675,22161
41676,22129
41677,22158
41678,22146
41679,22168
41680,22146
41681,22158
41682,22178
41683,22157
41684,22173
41685,22177
41686,22184
41687,22168
41688,22187
41689,22183
41690,22173
41691,22168
41692,22191
41693,22179
41694,22189
41695,22189
41696,22186
41697,22179
41698,22194
41699,22189
41700,22189
41701,22189
41702,22189
41703,22184
41704,22174
41705,22187
41706,22183
41707,22208
41708,22201
41709,22208
41710,22209
41711,22188
41712,22214
41713,22206
41714,22188
41715,22214
41716,22224
41717,22207
41718,22228
41719,22213
41720,22218
41721,22189
41722,22199
41723,22194
41724,22199
41725,22212
41726,22221
41727,22222
41728,22219
41729,22228
41730,22222
41731,22221
41732,22222
41733,22229
41734,22232
41735,22219
41736,22231
41737,22232
41738,22229
41739,22221
41740,22233
41741,22227
41742,22232
41743,22222
41744,22213
41745,22232
41746,22216
41747,22229
41748,22234
41749,22218
41750,22228
41751,22219
41752,22224
41753,22236
41754,22227
41755,22236
41756,22241
41757,22237
41758,22221
41759,22237
41760,22223
41761,22236
41762,22236
41763,22218
41764,22243
41765,22236
41766,22259
41767,22258
41768,22259
41769,22258
41770,22236
41771,22259
41772,22261
41773,22268
41774,22254
41775,22281
41776,22282
41777,22283
41778,22289
41779,22287
41780,22289
41781,22287
41782,22283
41783,22289
41784,22291
41785,22291
41786,22293
41787,22258
41788,22292
41789,22313
41790,22294
41791,22313
41792,22287
41793,22269
41794,22313
41795,22283
41796,22294
41797,22313
41798,22286
41799,22302
41800,22313
41801,22307
41802,22314
41803,22281
41804,22316
41805,22314
41806,22306
41807,22298
41808,22288
41809,22323
41810,22322
41811,22299
41812,22294
41813,22314
41814,22309
41815,22313
41816,22314
41817,22313
41818,22311
41819,22314
41820,22313
41821,22298
41822,22308
41823,22297
41824,22319
41825,22297
41826,22306
41827,22297
41828,22318
41829,22312
41830,22293
41831,22272
41832,22312
41833,22303
41834,22312
41835,22272
41836,22312
41837,22303
41838,22312
41839,22272
41840,22293
41841,22312
41842,22269
41843,22272
41844,22312
41845,22281
41846,22308
41847,22288
41848,22314
41849,22307
41850,22313
41851,22323
41852,22324
41853,22324
41854,22313
41855,22323
41856,22307
41857,22316
41858,22297
41859,22328
41860,22327
41861,22329
41862,22323
41863,22341
41864,22338
41865,22332
41866,22341
41867,22313
41868,22348
41869,22336
41870,22306
41871,22317
41872,22348
41873,22306
41874,22348
41875,22336
41876,22348
41877,22327
41878,22306
41879,22348
41880,22336
41881,22302
41882,22348
41883,22306
41884,22348
41885,22336
41886,22306
41887,22348
41888,22331
41889,22331
41890,22334
41891,22333
41892,22334
41893,22333
41894,22317
41895,22343
41896,22323
41897,22339
41898,22317
41899,22339
41900,22334
41901,22339
41902,22293
41903,22309
41904,22313
41905,22339
41906,22309
41907,22325
41908,22329
41909,22317
41910,22331
41911,22326
41912,22313
41913,22311
41914,22326
41915,22331
41916,22326
41917,22327
41918,22346
41919,22311
41920,22313
41921,22346
41922,22328
41923,22311
41924,22346
41925,22329
41926,22311
41927,22346
41928,22336
41929,22311
41930,22346
41931,22327
41932,22351
41933,22353
41934,22338
41935,22348
41936,22362
41937,22338
41938,22348
41939,22364
41940,22377
41941,22359
41942,22329
41943,22374
41944,22353
41945,22357
41946,22374
41947,22353
41948,22363
41949,22373
41950,22374
41951,22373
41952,22374
41953,22376
41954,22376
41955,22363
41956,22393
41957,22383
41958,22392
41959,22369
41960,22383
41961,22386
41962,22399
41963,22398
41964,22377
41965,22394
41966,22398
41967,22398
41968,22392
41969,22340
41970,22394
41971,22398
41972,22388
41973,22399
41974,22377
41975,22399
41976,22401
41977,22398
41978,22399
41979,22387
41980,22359
41981,22381
41982,22393
41983,22383
41984,22398
41985,22388
41986,22397
41987,22374
41988,22372
41989,22339
41990,22353
41991,22374
41992,22372
41993,22378
41994,22376
41995,22386
41996,22374
41997,22363
41998,22386
41999,22398
42000,22372
42001,22352
42002,22372
42003,22401
42004,22372
42005,22404
42006,22399
42007,22352
42008,22372
42009,22401
42010,22372
42011,22404
42012,22372
42013,22393
42014,22372
42015,22352
42016,22372
42017,22401
42018,22372
42019,22404
42020,22399
42021,22372
42022,22342
42023,22401
42024,22372
42025,22404
42026,22372
42027,22393
42028,22372
42029,22342
42030,22372
42031,22401
42032,22404
42033,22372
42034,22384
42035,22376
42036,22386
42037,22374
42038,22372
42039,22386
42040,22371
42041,22397
42042,22391
42043,22397
42044,22372
42045,22397
42046,22397
42047,22386
42048,22407
42049,22388
42050,22386
42051,22386
42052,22374
42053,22376
42054,22386
42055,22372
42056,22374
42057,22397
42058,22381
42059,22359
42060,22377
42061,22394
42062,22398
42063,22394
42064,22399
42065,22398
42066,22386
42067,22398
42068,22392
42069,22396
42070,22398
42071,22392
42072,22396
42073,22398
42074,22392
42075,22386
42076,22398
42077,22394
42078,22399
42079,22398
42080,22394
42081,22359
42082,22393
42083,22381
42084,22397
42085,22374
42086,22386
42087,22376
42088,22372
42089,22374
42090,22386
42091,22386
42092,22407
42093,22388
42094,22386
42095,22397
42096,22397
42097,22372
42098,22391
42099,22397
42100,22397
42101,22371
42102,22386
42103,22372
42104,22376
42105,22374
42106,22386
42107,22384
42108,22372
42109,22404
42110,22352
42111,22401
42112,22372
42113,22372
42114,22393
42115,22372
42116,22372
42117,22404
42118,22401
42119,22352
42120,22372
42121,22399
42122,22372
42123,22404
42124,22401
42125,22352
42126,22372
42127,22372
42128,22393
42129,22372
42130,22404
42131,22372
42132,22393
42133,22352
42134,22372
42135,22399
42136,22372
42137,22404
42138,22393
42139,22342
42140,22372
42141,22372
42142,22398
42143,22386
42144,22372
42145,22374
42146,22376
42147,22386
42148,22378
42149,22372
42150,22375
42151,22353
42152,22339
42153,22372
42154,22375
42155,22397
42156,22388
42157,22407
42158,22383
42159,22393
42160,22381
42161,22359
42162,22387
42163,22399
42164,22398
42165,22401
42166,22399
42167,22377
42168,22388
42169,22399
42170,22398
42171,22394
42172,22340
42173,22398
42174,22399
42175,22394
42176,22398
42177,22377
42178,22398
42179,22399
42180,22393
42181,22411
42182,22389
42183,22411
42184,22403
42185,22413
42186,22403
42187,22389
42188,22413
42189,22379
42190,22415
42191,22401
42192,22415
42193,22394
42194,22415
42195,22388
42196,22398
42197,22380
42198,22414
42199,22404
42200,22421
42201,22416
42202,22422
42203,22421
42204,22421
42205,22412
42206,22431
42207,22433
42208,22412
42209,22422
42210,22431
42211,22433
42212,22441
42213,22446
42214,22428
42215,22439
42216,22446
42217,22428
42218,22446
42219,22438
42220,22444
42221,22439
42222,22420
42223,22433
42224,22433
42225,22397
42226,22416
42227,22433
42228,22420
42229,22442
42230,22434
42231,22435
42232,22436
42233,22453
42234,22452
42235,22439
42236,22456
42237,22462
42238,22463
42239,22451
42240,22453
42241,22453
42242,22453
42243,22437
42244,22463
42245,22457
42246,22451
42247,22448
42248,22427
42249,22456
42250,22459
42251,22467
42252,22457
42253,22447
42254,22457
42255,22458
42256,22423
42257,22467
42258,22463
42259,22463
42260,22466
42261,22453
42262,22446
42263,22463
42264,22478
42265,22459
42266,22487
42267,22459
42268,22481
42269,22482
42270,22453
42271,22486
42272,22466
42273,22486
42274,22471
42275,22484
42276,22486
42277,22480
42278,22489
42279,22501
42280,22493
42281,22507
42282,22493
42283,22505
42284,22478
42285,22506
42286,22494
42287,22483
42288,22481
42289,22499
42290,22484
42291,22499
42292,22499
42293,22503
42294,22523
42295,22507
42296,22502
42297,22504
42298,22529
42299,22524
42300,22518
42301,22495
42302,22489
42303,22516
42304,22495
42305,22518
42306,22523
42307,22499
42308,22523
42309,22499
42310,22503
42311,22513
42312,22532
42313,22510
42314,22517
42315,22518
42316,22518
42317,22518
42318,22529
42319,22527
42320,22512
42321,22531
42322,22538
42323,22512
42324,22531
42325,22527
42326,22512
42327,22531
42328,22538
42329,22523
42330,22514
42331,22508
42332,22508
42333,22496
42334,22517
42335,22527
42336,22474
42337,22533
42338,22521
42339,22503
42340,22521
42341,22538
42342,22526
42343,22521
42344,22512
42345,22538
42346,22503
42347,22521
42348,22546
42349,22552
42350,22526
42351,22517
42352,22534
42353,22543
42354,22529
42355,22555
42356,22557
42357,22546
42358,22548
42359,22553
42360,22548
42361,22555
42362,22548
42363,22548
42364,22553
42365,22564
42366,22553
42367,22550
42368,22568
42369,22562
42370,22553
42371,22568
42372,22553
42373,22550
42374,22550
42375,22553
42376,22568
42377,22553
42378,22550
42379,22537
42380,22556
42381,22562
42382,22562
42383,22564
42384,22562
42385,22553
42386,22550
42387,22568
42388,22547
42389,22574
42390,22578
42391,22558
42392,22581
42393,22575
42394,22561
42395,22574
42396,22575
42397,22568
42398,22578
42399,22567
42400,22583
42401,22578
42402,22568
42403,22574
42404,22575
42405,22578
42406,22567
42407,22578
42408,22581
42409,22562
42410,22558
42411,22562
42412,22562
42413,22564
42414,22562
42415,22562
42416,22562
42417,22577
42418,22561
42419,22584
42420,22568
42421,22579
42422,22542
42423,22564
42424,22579
42425,22579
42426,22572
42427,22579
42428,22579
42429,22566
42430,22588
42431,22586
42432,22584
42433,22577
42434,22577
42435,22598
42436,22597
42437,22598
42438,22578
42439,22602
42440,22607
42441,22607
42442,22607
42443,22607
42444,22588
42445,22607
42446,22607
42447,22576
42448,22598
42449,22607
42450,22607
42451,22606
42452,22592
42453,22590
42454,22597
42455,22592
42456,22590
42457,22601
42458,22606
42459,22603
42460,22606
42461,22606
42462,22603
42463,22606
42464,22591
42465,22606
42466,22603
42467,22606
42468,22606
42469,22603
42470,22606
42471,22613
42472,22619
42473,22598
42474,22602
42475,22619
42476,22598
42477,22590
42478,22611
42479,22611
42480,22608
42481,22590
42482,22604
42483,22599
42484,22590
42485,22607
42486,22581
42487,22621
42488,22616
42489,22626
42490,22608
42491,22623
42492,22626
42493,22624
42494,22629
42495,22621
42496,22629
42497,22624
42498,22637
42499,22637
42500,22644
42501,22646
42502,22643
42503,22647
42504,22611
42505,22636
42506,22646
42507,22648
42508,22643
42509,22643
42510,22658
42511,22648
42512,22633
42513,22642
42514,22648
42515,22648
42516,22658
42517,22666
42518,22653
42519,22656
42520,22653
42521,22657
42522,22637
42523,22666
42524,22661
42525,22666
42526,22637
42527,22666
42528,22661
42529,22638
42530,22637
42531,22662
42532,22661
42533,22660
42534,22662
42535,22687
42536,22667
42537,22687
42538,22678
42539,22667
42540,22668
42541,22673
42542,22673
42543,22678
42544,22687
42545,22667
42546,22687
42547,22667
42548,22662
42549,22687
42550,22667
42551,22687
42552,22660
42553,22661
42554,22675
42555,22661
42556,22649
42557,22661
42558,22675
42559,22678
42560,22683
42561,22679
42562,22679
42563,22676
42564,22678
42565,22661
42566,22633
42567,22662
42568,22667
42569,22677
42570,22677
42571,22667
42572,22677
42573,22667
42574,22643
42575,22677
42576,22681
42577,22686
42578,22682
42579,22686
42580,22667
42581,22682
42582,22686
42583,22682
42584,22687
42585,22693
42586,22688
42587,22683
42588,22698
42589,22697
42590,22698
42591,22682
42592,22698
42593,22697
42594,22698
42595,22682
42596,22698
42597,22696
42598,22698
42599,22697
42600,22698
42601,22682
42602,22698
42603,22689
42604,22717
42605,22718
42606,22719
42607,22716
42608,22719
42609,22708
42610,22717
42611,22719
42612,22719
42613,22716
42614,22719
42615,22708
42616,22719
42617,22729
42618,22707
42619,22727
42620,22726
42621,22702
42622,22721
42623,22710
42624,22718
42625,22731
42626,22718
42627,22723
42628,22718
42629,22731
42630,22731
42631,22718
42632,22734
42633,22712
42634,22698
42635,22729
42636,22726
42637,22743
42638,22733
42639,22738
42640,22738
42641,22738
42642,22742
42643,22738
42644,22738
42645,22738
42646,22742
42647,22738
42648,22738
42649,22741
42650,22734
42651,22728
42652,22712
42653,22698
42654,22734
42655,22712
42656,22733
42657,22734
42658,22712
42659,22728
42660,22698
42661,22734
42662,22712
42663,22741
42664,22738
42665,22738
42666,22738
42667,22742
42668,22738
42669,22738
42670,22738
42671,22738
42672,22742
42673,22738
42674,22733
42675,22726
42676,22743
42677,22729
42678,22698
42679,22734
42680,22712
42681,22728
42682,22734
42683,22712
42684,22724
42685,22738
42686,22734
42687,22738
42688,22738
42689,22740
42690,22738
42691,22742
42692,22738
42693,22738
42694,22724
42695,22712
42696,22698
42697,22734
42698,22721
42699,22722
42700,22713
42701,22713
42702,22713
42703,22722
42704,22713
42705,22713
42706,22713
42707,22722
42708,22713
42709,22713
42710,22713
42711,22722
42712,22711
42713,22713
42714,22713
42715,22713
42716,22722
42717,22713
42718,22713
42719,22722
42720,22713
42721,22713
42722,22692
42723,22713
42724,22722
42725,22713
42726,22713
42727,22713
42728,22722
42729,22713
42730,22713
42731,22713
42732,22722
42733,22718
42734,22734
42735,22728
42736,22731
42737,22734
42738,22728
42739,22731
42740,22707
42741,22722
42742,22731
42743,22725
42744,22736
42745,22751
42746,22737
42747,22744
42748,22734
42749,22737
42750,22751
42751,22744
42752,22737
42753,22751
42754,22737
42755,22745
42756,22744
42757,22737
42758,22751
42759,22744
42760,22737
42761,22734
42762,22751
42763,22737
42764,22744
42765,22748
42766,22751
42767,22737
42768,22744
42769,22748
42770,22751
42771,22737
42772,22744
42773,22737
42774,22751
42775,22745
42776,22744
42777,22734
42778,22759
42779,22697
42780,22759
42781,22759
42782,22735
42783,22741
42784,22736
42785,22697
42786,22759
42787,22759
42788,22735
42789,22759
42790,22741
42791,22734
42792,22751
42793,22737
42794,22744
42795,22757
42796,22765
42797,22761
42798,22762
42799,22777
42800,22760
42801,22758
42802,22777
42803,22752
42804,22762
42805,22777
42806,22760
42807,22738
42808,22738
42809,22752
42810,22771
42811,22753
42812,22782
42813,22772
42814,22767
42815,22772
42816,22778
42817,22793
42818,22793
42819,22786
42820,22798
42821,22803
42822,22780
42823,22764
42824,22764
42825,22783
42826,22803
42827,22764
42828,22780
42829,22764
42830,22804
42831,22811
42832,22802
42833,22808
42834,22817
42835,22758
42836,22791
42837,22812
42838,22822
42839,22806
42840,22818
42841,22804
42842,22781
42843,22802
42844,22813
42845,22804
42846,22814
42847,22804
42848,22813
42849,22833
42850,22818
42851,22822
42852,22818
42853,22833
42854,22826
42855,22833
42856,22829
42857,22820
42858,22809
42859,22830
42860,22823
42861,22814
42862,22831
42863,22828
42864,22823
42865,22829
42866,22847
42867,22839
42868,22824
42869,22847
42870,22833
42871,22821
42872,22822
42873,22823
42874,22829
42875,22838
42876,22818
42877,22833
42878,22847
42879,22833
42880,22842
42881,22847
42882,22822
42883,22833
42884,22833
42885,22847
42886,22823
42887,22833
42888,22847
42889,22842
42890,22833
42891,22847
42892,22839
42893,22826
42894,22844
42895,22846
42896,22853
42897,22862
42898,22857
42899,22836
42900,22849
42901,22860
42902,22867
42903,22841
42904,22854
42905,22844
42906,22843
42907,22854
42908,22852
42909,22844
42910,22854
42911,22843
42912,22843
42913,22844
42914,22854
42915,22858
42916,22856
42917,22851
42918,22843
42919,22863
42920,22868
42921,22875
42922,22879
42923,22881
42924,22875
42925,22871
42926,22873
42927,22888
42928,22894
42929,22888
42930,22894
42931,22882
42932,22873
42933,22883
42934,22888
42935,22894
42936,22888
42937,22894
42938,22882
42939,22894
42940,22888
42941,22893
42942,22888
42943,22867
42944,22900
42945,22903
42946,22902
42947,22894
42948,22888
42949,22889
42950,22883
42951,22873
42952,22902
42953,22877
42954,22897
42955,22893
42956,22903
42957,22898
42958,22877
42959,22897
42960,22893
42961,22903
42962,22884
42963,22893
42964,22884
42965,22897
42966,22912
42967,22884
42968,22883
42969,22915
42970,22884
42971,22883
42972,22888
42973,22902
42974,22916
42975,22896
42976,22916
42977,22907
42978,22908
42979,22916
42980,22912
42981,22902
42982,22893
42983,22908
42984,22915
42985,22884
42986,22883
42987,22923
42988,22911
42989,22918
42990,22923
42991,22927
42992,22904
42993,22896
42994,22921
42995,22904
42996,22921
42997,22907
42998,22914
42999,22928
43000,22928
43001,22933
43002,22924
43003,22928
43004,22928
43005,22933
43006,22920
43007,22934
43008,22938
43009,22939
43010,22933
43011,22933
43012,22929
43013,22940
43014,22938
43015,22952
43016,22923
43017,22936
43018,22943
43019,22934
43020,22947
43021,22940
43022,22933
43023,22938
43024,22939
43025,22937
43026,22940
43027,22947
43028,22940
43029,22938
43030,22947
43031,22940
43032,22947
43033,22940
43034,22941
43035,22954
43036,22949
43037,22941
43038,22963
43039,22933
43040,22949
43041,22933
43042,22963
43043,22939
43044,22943
43045,22958
43046,22956
43047,22920
43048,22966
43049,22951
43050,22966
43051,22963
43052,22966
43053,22944
43054,22958
43055,22948
43056,22965
43057,22933
43058,22948
43059,22951
43060,22965
43061,22948
43062,22953
43063,22958
43064,22954
43065,22973
43066,22948
43067,22967
43068,22968
43069,22967
43070,22959
43071,22948
43072,22973
43073,22941
43074,22958
43075,22973
43076,22954
43077,22973
43078,22958
43079,22973
43080,22941
43081,22973
43082,22958
43083,22954
43084,22973
43085,22958
43086,22973
43087,22954
43088,22973
43089,22941
43090,22958
43091,22973
43092,22948
43093,22959
43094,22967
43095,22968
43096,22967
43097,22948
43098,22973
43099,22954
43100,22958
43101,22933
43102,22963
43103,22958
43104,22951
43105,22972
43106,22983
43107,22983
43108,22961
43109,22971
43110,22983
43111,22974
43112,22973
43113,22979
43114,22962
43115,22988
43116,22979
43117,22993
43118,22992
43119,22983
43120,22973
43121,22983
43122,22978
43123,22987
43124,22980
43125,22989
43126,22987
43127,22987
43128,22933
43129,22987
43130,22979
43131,23004
43132,23002
43133,22982
43134,22990
43135,22992
43136,22991
43137,22986
43138,22987
43139,22998
43140,23000
43141,23003
43142,23008
43143,23002
43144,22992
43145,23024
43146,23024
43147,23015
43148,23024
43149,23024
43150,23010
43151,23025
43152,23014
43153,22997
43154,23025
43155,23038
43156,23030
43157,23011
43158,23023
43159,23024
43160,23030
43161,23023
43162,23023
43163,23030
43164,23017
43165,23019
43166,23022
43167,23027
43168,23025
43169,23014
43170,23043
43171,23043
43172,23024
43173,23024
43174,23028
43175,23043
43176,23024
43177,23043
43178,23018
43179,23032
43180,23028
43181,22997
43182,23024
43183,23024
43184,23043
43185,23028
43186,23024
43187,23024
43188,23043
43189,23043
43190,23025
43191,23014
43192,23032
43193,23017
43194,23032
43195,23022
43196,23038
43197,23028
43198,23032
43199,23038
43200,23037
43201,23032
43202,23038
43203,23028
43204,23032
43205,23038
43206,23037
43207,23038
43208,23031
43209,23040
43210,23038
43211,23031
43212,23046
43213,23042
43214,23049
43215,23049
43216,23034
43217,23044
43218,23042
43219,23049
43220,23039
43221,23048
43222,23036
43223,23046
43224,23023
43225,23038
43226,23023
43227,23022
43228,23038
43229,23037
43230,23038
43231,23043
43232,23037
43233,23029
43234,23038
43235,23022
43236,23046
43237,23029
43238,23042
43239,23022
43240,23016
43241,23002
43242,23042
43243,23016
43244,23017
43245,23038
43246,23038
43247,23036
43248,23038
43249,23037
43250,23038
43251,23050
43252,23051
43253,23053
43254,23038
43255,23051
43256,23050
43257,23038
43258,23051
43259,23053
43260,23038
43261,23050
43262,23051
43263,23038
43264,23017
43265,23046
43266,23044
43267,23033
43268,23026
43269,23020
43270,23017
43271,23026
43272,23033
43273,23039
43274,23017
43275,23026
43276,23033
43277,23020
43278,23026
43279,23033
43280,23017
43281,23026
43282,23020
43283,23033
43284,23026
43285,23023
43286,23026
43287,23042
43288,23015
43289,23010
43290,23043
43291,23042
43292,23010
43293,23043
43294,23033
43295,23032
43296,23010
43297,23042
43298,23052
43299,23054
43300,23032
43301,23050
43302,23049
43303,23043
43304,23048
43305,23043
43306,23043
43307,23039
43308,23061
43309,23057
43310,23064
43311,23030
43312,23067
43313,23054
43314,23061
43315,23041
43316,23042
43317,23012
43318,23031
43319,23041
43320,23042
43321,23041
43322,23043
43323,23041
43324,23011
43325,23030
43326,23041
43327,23030
43328,23030
43329,23041
43330,23049
43331,23053
43332,23028
43333,23048
43334,23032
43335,23042
43336,23043
43337,23061
43338,23066
43339,23067
43340,23047
43341,23066
43342,23046
43343,23067
43344,23066
43345,23032
43346,23054
43347,23071
43348,23061
43349,23053
43350,23028
43351,23038
43352,23058
43353,23073
43354,23053
43355,23066
43356,23056
43357,23050
43358,23035
43359,23073
43360,23066
43361,23064
43362,23066
43363,23015
43364,23044
43365,23067
43366,23032
43367,23066
43368,23064
43369,23061
43370,23059
43371,23059
43372,23058
43373,23059
43374,23059
43375,23057
43376,23058
43377,23069
43378,23056
43379,23036
43380,23056
43381,23064
43382,23057
43383,23064
43384,23056
43385,23059
43386,23017
43387,23038
43388,23069
43389,23065
43390,23078
43391,23042
43392,23064
43393,23041
43394,23058
43395,23041
43396,23071
43397,23041
43398,23075
43399,23058
43400,23066
43401,23067
43402,23062
43403,23076
43404,23083
43405,23076
43406,23083
43407,23073
43408,23080
43409,23076
43410,23061
43411,23076
43412,23069
43413,23077
43414,23087
43415,23077
43416,23087
43417,23091
43418,23081
43419,23072
43420,23091
43421,23088
43422,23091
43423,23072
43424,23099
43425,23063
43426,23104
43427,23097
43428,23110
43429,23091
43430,23098
43431,23092
43432,23091
43433,23098
43434,23098
43435,23091
43436,23084
43437,23098
43438,23091
43439,23119
43440,23120
43441,23112
43442,23105
43443,23074
43444,23102
43445,23118
43446,23093
43447,23119
43448,23112
43449,23113
43450,23098
43451,23131
43452,23141
43453,23133
43454,23114
43455,23141
43456,23133
43457,23120
43458,23118
43459,23134
43460,23124
43461,23133
43462,23120
43463,23120
43464,23123
43465,23124
43466,23120
43467,23134
43468,23141
43469,23133
43470,23114
43471,23141
43472,23133
43473,23120
43474,23124
43475,23134
43476,23118
43477,23143
43478,23123
43479,23127
43480,23133
43481,23128
43482,23123
43483,23137
43484,23143
43485,23133
43486,23127
43487,23143
43488,23133
43489,23143
43490,23133
43491,23143
43492,23132
43493,23133
43494,23143
43495,23133
43496,23143
43497,23143
43498,23133
43499,23133
43500,23143
43501,23148
43502,23153
43503,23115
43504,23148
43505,23143
43506,23133
43507,23143
43508,23133
43509,23143
43510,23133
43511,23132
43512,23124
43513,23158
43514,23150
43515,23158
43516,23150
43517,23128
43518,23137
43519,23149
43520,23141
43521,23128
43522,23143
43523,23137
43524,23114
43525,23143
43526,23141
43527,23138
43528,23143
43529,23138
43530,23141
43531,23143
43532,23137
43533,23133
43534,23135
43535,23129
43536,23120
43537,23135
43538,23129
43539,23141
43540,23128
43541,23143
43542,23132
43543,23127
43544,23128
43545,23133
43546,23133
43547,23128
43548,23133
43549,23132
43550,23133
43551,23128
43552,23147
43553,23149
43554,23154
43555,23153
43556,23165
43557,23153
43558,23123
43559,23153
43560,23165
43561,23153
43562,23159
43563,23153
43564,23153
43565,23141
43566,23153
43567,23154
43568,23173
43569,23159
43570,23163
43571,23173
43572,23158
43573,23168
43574,23153
43575,23168
43576,23157
43577,23161
43578,23159
43579,23151
43580,23139
43581,23178
43582,23164
43583,23178
43584,23151
43585,23164
43586,23178
43587,23178
43588,23164
43589,23178
43590,23131
43591,23151
43592,23178
43593,23164
43594,23162
43595,23181
43596,23184
43597,23181
43598,23184
43599,23163
43600,23185
43601,23181
43602,23154
43603,23181
43604,23185
43605,23181
43606,23185
43607,23181
43608,23154
43609,23152
43610,23181
43611,23185
43612,23172
43613,23179
43614,23177
43615,23145
43616,23177
43617,23179
43618,23177
43619,23179
43620,23163
43621,23177
43622,23145
43623,23177
43624,23179
43625,23172
43626,23185
43627,23181
43628,23146
43629,23181
43630,23185
43631,23181
43632,23185
43633,23181
43634,23146
43635,23181
43636,23185
43637,23179
43638,23172
43639,23171
43640,23174
43641,23172
43642,23171
43643,23160
43644,23193
43645,23173
43646,23189
43647,23193
43648,23193
43649,23184
43650,23187
43651,23198
43652,23193
43653,23181
43654,23182
43655,23164
43656,23179
43657,23183
43658,23185
43659,23172
43660,23197
43661,23207
43662,23200
43663,23183
43664,23154
43665,23185
43666,23183
43667,23186
43668,23175
43669,23197
43670,23175
43671,23184
43672,23197
43673,23197
43674,23175
43675,23213
43676,23210
43677,23210
43678,23203
43679,23199
43680,23182
43681,23210
43682,23203
43683,23210
43684,23194
43685,23210
43686,23203
43687,23199
43688,23210
43689,23168
43690,23173
43691,23157
43692,23195
43693,23179
43694,23212
43695,23170
43696,23212
43697,23184
43698,23212
43699,23170
43700,23200
43701,23212
43702,23184
43703,23212
43704,23218
43705,23186
43706,23213
43707,23223
43708,23225
43709,23209
43710,23223
43711,23225
43712,23192
43713,23206
43714,23213
43715,23216
43716,23218
43717,23206
43718,23226
43719,23238
43720,23233
43721,23218
43722,23245
43723,23241
43724,23245
43725,23218
43726,23253
43727,23249
43728,23254
43729,23235
43730,23217
43731,23258
43732,23252
43733,23254
43734,23249
43735,23248
43736,23191
43737,23249
43738,23229
43739,23231
43740,23254
43741,23249
43742,23254
43743,23253
43744,23223
43745,23233
43746,23224
43747,23227
43748,23248
43749,23248
43750,23245
43751,23229
43752,23255
43753,23225
43754,23255
43755,23229
43756,23255
43757,23244
43758,23229
43759,23255
43760,23241
43761,23262
43762,23242
43763,23267
43764,23271
43765,23272
43766,23258
43767,23252
43768,23262
43769,23251
43770,23252
43771,23262
43772,23253
43773,23263
43774,23263
43775,23267
43776,23263
43777,23268
43778,23278
43779,23278
43780,23289
43781,23273
43782,23277
43783,23269
43784,23277
43785,23283
43786,23269
43787,23269
43788,23248
43789,23276
43790,23276
43791,23269
43792,23248
43793,23249
43794,23277
43795,23268
43796,23277
43797,23277
43798,23277
43799,23248
43800,23262
43801,23276
43802,23276
43803,23231
43804,23262
43805,23278
43806,23283
43807,23258
43808,23287
43809,23278
43810,23283
43811,23258
43812,23269
43813,23292
43814,23271
43815,23287
43816,23292
43817,23281
43818,23284
43819,23273
43820,23288
43821,23284
43822,23289
43823,23278
43824,23288
43825,23284
43826,23283
43827,23270
43828,23288
43829,23293
43830,23294
43831,23307
43832,23275
43833,23307
43834,23272
43835,23275
43836,23307
43837,23259
43838,23307
43839,23279
43840,23275
43841,23307
43842,23303
43843,23270
43844,23278
43845,23297
43846,23274
43847,23301
43848,23292
43849,23293
43850,23292
43851,23283
43852,23292
43853,23293
43854,23292
43855,23311
43856,23314
43857,23308
43858,23307
43859,23314
43860,23292
43861,23313
43862,23332
43863,23337
43864,23323
43865,23337
43866,23335
43867,23337
43868,23317
43869,23334
43870,23328
43871,23334
43872,23317
43873,23334
43874,23351
43875,23349
43876,23341
43877,23353
43878,23349
43879,23307
43880,23335
43881,23320
43882,23342
43883,23328
43884,23344
43885,23348
43886,23339
43887,23328
43888,23306
43889,23346
43890,23338
43891,23334
43892,23346
43893,23349
43894,23337
43895,23319
43896,23330
43897,23337
43898,23339
43899,23319
43900,23337
43901,23337
43902,23337
43903,23330
43904,23319
43905,23337
43906,23306
43907,23320
43908,23338
43909,23349
43910,23333
43911,23328
43912,23332
43913,23337
43914,23340
43915,23328
43916,23340
43917,23351
43918,23340
43919,23328
43920,23349
43921,23351
43922,23362
43923,23359
43924,23346
43925,23348
43926,23358
43927,23359
43928,23362
43929,23346
43930,23359
43931,23363
43932,23378
43933,23381
43934,23388
43935,23378
43936,23352
43937,23378
43938,23366
43939,23381
43940,23378
43941,23388
43942,23378
43943,23381
43944,23393
43945,23398
43946,23391
43947,23389
43948,23398
43949,23391
43950,23381
43951,23402
43952,23407
43953,23402
43954,23387
43955,23403
43956,23407
43957,23402
43958,23403
43959,23417
43960,23407
43961,23387
43962,23417
43963,23417
43964,23387
43965,23408
43966,23404
43967,23407
43968,23417
43969,23408
43970,23408
43971,23409
43972,23399
43973,23408
43974,23409
43975,23408
43976,23424
43977,23420
43978,23423
43979,23418
43980,23423
43981,23432
43982,23433
43983,23431
43984,23432
43985,23403
43986,23438
43987,23389
43988,23422
43989,23438
43990,23438
43991,23389
43992,23428
43993,23438
43994,23428
43995,23404
43996,23438
43997,23404
43998,23433
43999,23404
44000,23438
44001,23392
44002,23417
44003,23434
44004,23428
44005,23401
44006,23423
44007,23401
44008,23412
44009,23423
44010,23401
44011,23423
44012,23423
44013,23401
44014,23412
44015,23423
44016,23423
44017,23423
44018,23427
44019,23430
44020,23435
44021,23428
44022,23440
44023,23423
44024,23420
44025,23402
44026,23410
44027,23424
44028,23432
44029,23399
44030,23433
44031,23432
44032,23419
44033,23429
44034,23436
44035,23414
44036,23436
44037,23434
44038,23436
44039,23435
44040,23453
44041,23397
44042,23453
44043,23443
44044,23436
44045,23414
44046,23406
44047,23436
44048,23434
44049,23436
44050,23414
44051,23436
44052,23434
44053,23436
44054,23433
44055,23430
44056,23432
44057,23423
44058,23432
44059,23430
44060,23432
44061,23423
44062,23427
44063,23430
44064,23432
44065,23423
44066,23418
44067,23425
44068,23445
44069,23439
44070,23462
44071,23448
44072,23458
44073,23446
44074,23458
44075,23448
44076,23446
44077,23458
44078,23458
44079,23446
44080,23458
44081,23450
44082,23458
44083,23446
44084,23444
44085,23454
44086,23454
44087,23453
44088,23454
44089,23414
44090,23460
44091,23458
44092,23468
44093,23458
44094,23457
44095,23408
44096,23436
44097,23457
44098,23422
44099,23457
44100,23436
44101,23458
44102,23468
44103,23457
44104,23450
44105,23458
44106,23422
44107,23473
44108,23452
44109,23465
44110,23454
44111,23454
44112,23453
44113,23454
44114,23436
44115,23472
44116,23464
44117,23458
44118,23454
44119,23457
44120,23463
44121,23460
44122,23463
44123,23457
44124,23463
44125,23459
44126,23457
44127,23454
44128,23452
44129,23428
44130,23454
44131,23453
44132,23454
44133,23454
44134,23453
44135,23460
44136,23446
44137,23448
44138,23453
44139,23440
44140,23458
44141,23458
44142,23440
44143,23458
44144,23457
44145,23462
44146,23457
44147,23459
44148,23462
44149,23457
44150,23462
44151,23407
44152,23448
44153,23455
44154,23459
44155,23455
44156,23448
44157,23455
44158,23451
44159,23448
44160,23447
44161,23445
44162,23461
44163,23457
44164,23454
44165,23466
44166,23466
44167,23466
44168,23450
44169,23446
44170,23478
44171,23478
44172,23482
44173,23488
44174,23489
44175,23482
44176,23493
44177,23499
44178,23500
44179,23508
44180,23511
44181,23518
44182,23528
44183,23511
44184,23518
44185,23524
44186,23526
44187,23524
44188,23518
44189,23524
44190,23526
44191,23511
44192,23524
44193,23518
44194,23526
44195,23524
44196,23537
44197,23520
44198,23533
44199,23533
44200,23520
44201,23520
44202,23533
44203,23520
44204,23533
44205,23533
44206,23520
44207,23533
44208,23533
44209,23520
44210,23520
44211,23533
44212,23520
44213,23533
44214,23523
44215,23533
44216,23532
44217,23533
44218,23533
44219,23521
44220,23533
44221,23498
44222,23535
44223,23521
44224,23509
44225,23536
44226,23535
44227,23538
44228,23492
44229,23536
44230,23535
44231,23538
44232,23522
44233,23544
44234,23538
44235,23524
44236,23536
44237,23548
44238,23541
44239,23548
44240,23557
44241,23556
44242,23549
44243,23542
44244,23556
44245,23548
44246,23556
44247,23549
44248,23556
44249,23542
44250,23536
44251,23548
44252,23541
44253,23538
44254,23544
44255,23517
44256,23523
44257,23508
44258,23527
44259,23528
44260,23513
44261,23519
44262,23521
44263,23513
44264,23519
44265,23529
44266,23511
44267,23519
44268,23528
44269,23494
44270,23534
44271,23519
44272,23511
44273,23528
44274,23519
44275,23533
44276,23523
44277,23527
44278,23506
44279,23509
44280,23498
44281,23519
44282,23513
44283,23521
44284,23519
44285,23513
44286,23534
44287,23535
44288,23533
44289,23511
44290,23544
44291,23531
44292,23540
44293,23539
44294,23539
44295,23538
44296,23539
44297,23538
44298,23538
44299,23539
44300,23539
44301,23538
44302,23538
44303,23538
44304,23549
44305,23558
44306,23547
44307,23558
44308,23556
44309,23564
44310,23547
44311,23567
44312,23552
44313,23567
44314,23552
44315,23564
44316,23548
44317,23567
44318,23552
44319,23544
44320,23554
44321,23551
44322,23546
44323,23547
44324,23549
44325,23554
44326,23558
44327,23547
44328,23530
44329,23539
44330,23538
44331,23538
44332,23522
44333,23538
44334,23536
44335,23543
44336,23537
44337,23534
44338,23528
44339,23514
44340,23524
44341,23543
44342,23543
44343,23553
44344,23540
44345,23548
44346,23546
44347,23513
44348,23511
44349,23553
44350,23532
44351,23540
44352,23548
44353,23532
44354,23548
44355,23540
44356,23548
44357,23540
44358,23551
44359,23566
44360,23562
44361,23537
44362,23559
44363,23539
44364,23537
44365,23559
44366,23560
44367,23537
44368,23559
44369,23569
44370,23579
44371,23583
44372,23568
44373,23588
44374,23573
44375,23561
44376,23588
44377,23573
44378,23566
44379,23568
44380,23569
44381,23592
44382,23583
44383,23559
44384,23578
44385,23577
44386,23593
44387,23577
44388,23588
44389,23593
44390,23582
44391,23568
44392,23559
44393,23585
44394,23582
44395,23583
44396,23582
44397,23590
44398,23562
44399,23581
44400,23583
44401,23599
44402,23593
44403,23599
44404,23548
44405,23583
44406,23593
44407,23599
44408,23597
44409,23587
44410,23591
44411,23573
44412,23587
44413,23591
44414,23587
44415,23583
44416,23587
44417,23591
44418,23587
44419,23585
44420,23583
44421,23593
44422,23591
44423,23591
44424,23593
44425,23548
44426,23572
44427,23583
44428,23599
44429,23593
44430,23599
44431,23573
44432,23593
44433,23599
44434,23593
44435,23603
44436,23606
44437,23599
44438,23595
44439,23618
44440,23622
44441,23624
44442,23622
44443,23621
44444,23603
44445,23619
44446,23622
44447,23622
44448,23598
44449,23606
44450,23598
44451,23603
44452,23621
44453,23603
44454,23632
44455,23616
44456,23624
44457,23629
44458,23623
44459,23628
44460,23624
44461,23616
44462,23632
44463,23621
44464,23603
44465,23599
44466,23586
44467,23594
44468,23624
44469,23586
44470,23629
44471,23629
44472,23613
44473,23633
44474,23629
44475,23633
44476,23629
44477,23613
44478,23633
44479,23629
44480,23624
44481,23629
44482,23605
44483,23630
44484,23624
44485,23630
44486,23612
44487,23624
44488,23631
44489,23628
44490,23621
44491,23626
44492,23622
44493,23629
44494,23626
44495,23602
44496,23626
44497,23626
44498,23602
44499,23609
44500,23633
44501,23633
44502,23621
44503,23600
44504,23633
44505,23621
44506,23633
44507,23612
44508,23601
44509,23636
44510,23631
44511,23613
44512,23639
44513,23660
44514,23660
44515,23658
44516,23631
44517,23660
44518,23651
44519,23658
44520,23660
44521,23664
44522,23669
44523,23668
44524,23669
44525,23672
44526,23680
44527,23623
44528,23680
44529,23657
44530,23684
44531,23683
44532,23696
44533,23685
44534,23676
44535,23677
44536,23682
44537,23703
44538,23674
44539,23693
44540,23678
44541,23689
44542,23693
44543,23688
44544,23689
44545,23679
44546,23693
44547,23670
44548,23689
44549,23681
44550,23706
44551,23703
44552,23703
44553,23702
44554,23708
44555,23703
44556,23691
44557,23713
44558,23703
44559,23692
44560,23718
44561,23723
44562,23723
44563,23713
44564,23721
44565,23708
44566,23737
44567,23712
44568,23708
44569,23737
44570,23711
44571,23704
44572,23732
44573,23732
44574,23697
44575,23704
44576,23732
44577,23704
44578,23733
44579,23737
44580,23746
44581,23733
44582,23741
44583,23746
44584,23737
44585,23738
44586,23733
44587,23743
44588,23733
44589,23729
44590,23733
44591,23741
44592,23712
44593,23733
44594,23722
44595,23750
44596,23753
44597,23738
44598,23744
44599,23747
44600,23753
44601,23738
44602,23747
44603,23753
44604,23747
44605,23744
44606,23753
44607,23738
44608,23724
44609,23712
44610,23733
44611,23722
44612,23731
44613,23737
44614,23733
44615,23738
44616,23746
44617,23737
44618,23746
44619,23733
44620,23738
44621,23737
44622,23746
44623,23733
44624,23746
44625,23737
44626,23738
44627,23744
44628,23752
44629,23738
44630,23749
44631,23753
44632,23737
44633,23753
44634,23733
44635,23741
44636,23753
44637,23733
44638,23725
44639,23753
44640,23744
44641,23748
44642,23741
44643,23748
44644,23740
44645,23748
44646,23758
44647,23748
44648,23735
44649,23759
44650,23759
44651,23729
44652,23753
44653,23753
44654,23751
44655,23732
44656,23752
44657,23737
44658,23748
44659,23757
44660,23752
44661,23753
44662,23767
44663,23756
44664,23739
44665,23759
44666,23748
44667,23753
44668,23763
44669,23762
44670,23755
44671,23737
44672,23761
44673,23734
44674,23750
44675,23756
44676,23730
44677,23747
44678,23763
44679,23764
44680,23772
44681,23772
44682,23729
44683,23755
44684,23753
44685,23772
44686,23764
44687,23768
44688,23776
44689,23786
44690,23792
44691,23766
44692,23782
44693,23780
44694,23771
44695,23787
44696,23793
44697,23793
44698,23783
44699,23793
44700,23797
44701,23782
44702,23773
44703,23778
44704,23807
44705,23803
44706,23784
44707,23817
44708,23817
44709,23802
44710,23817
44711,23817
44712,23784
44713,23819
44714,23818
44715,23829
44716,23814
44717,23818
44718,23824
44719,23824
44720,23817
44721,23824
44722,23824
44723,23813
44724,23837
44725,23838
44726,23840
44727,23838
44728,23838
44729,23838
44730,23825
44731,23842
44732,23820
44733,23825
44734,23833
44735,23841
44736,23838
44737,23853
44738,23842
44739,23826
44740,23849
44741,23842
44742,23853
44743,23842
44744,23842
44745,23849
44746,23853
44747,23842
44748,23839
44749,23858
44750,23845
44751,23828
44752,23858
44753,23845
44754,23858
44755,23858
44756,23832
44757,23845
44758,23842
44759,23858
44760,23843
44761,23858
44762,23841
44763,23828
44764,23832
44765,23858
44766,23858
44767,23845
44768,23824
44769,23843
44770,23841
44771,23830
44772,23848
44773,23819
44774,23848
44775,23834
44776,23828
44777,23841
44778,23849
44779,23843
44780,23863
44781,23847
44782,23863
44783,23859
44784,23863
44785,23822
44786,23838
44787,23859
44788,23863
44789,23828
44790,23858
44791,23841
44792,23858
44793,23858
44794,23834
44795,23848
44796,23819
44797,23848
44798,23830
44799,23848
44800,23819
44801,23838
44802,23848
44803,23819
44804,23849
44805,23865
44806,23853
44807,23855
44808,23848
44809,23849
44810,23819
44811,23848
44812,23843
44813,23858
44814,23841
44815,23841
44816,23858
44817,23858
44818,23852
44819,23834
44820,23817
44821,23839
44822,23857
44823,23819
44824,23849
44825,23850
44826,23846
44827,23846
44828,23858
44829,23846
44830,23819
44831,23857
44832,23839
44833,23834
44834,23822
44835,23818
44836,23797
44837,23830
44838,23836
44839,23828
44840,23839
44841,23837
44842,23823
44843,23847
44844,23829
44845,23837
44846,23829
44847,23829
44848,23837
44849,23829
44850,23829
44851,23850
44852,23858
44853,23858
44854,23853
44855,23859
44856,23859
44857,23859
44858,23859
44859,23859
44860,23838
44861,23859
44862,23859
44863,23859
44864,23859
44865,23828
44866,23858
44867,23858
44868,23876
44869,23854
44870,23863
44871,23868
44872,23845
44873,23875
44874,23867
44875,23869
44876,23852
44877,23884
44878,23869
44879,23874
44880,23864
44881,23863
44882,23886
44883,23886
44884,23886
44885,23867
44886,23886
44887,23850
44888,23843
44889,23844
44890,23879
44891,23844
44892,23880
44893,23870
44894,23869
44895,23884
44896,23878
44897,23878
44898,23869
44899,23873
44900,23878
44901,23884
44902,23869
44903,23878
44904,23884
44905,23869
44906,23878
44907,23883
44908,23875
44909,23845
44910,23853
44911,23865
44912,23875
44913,23845
44914,23853
44915,23831
44916,23858
44917,23853
44918,23865
44919,23858
44920,23853
44921,23843
44922,23878
44923,23862
44924,23863
44925,23879
44926,23878
44927,23857
44928,23878
44929,23862
44930,23879
44931,23863
44932,23878
44933,23843
44934,23853
44935,23858
44936,23869
44937,23862
44938,23851
44939,23868
44940,23862
44941,23851
44942,23859
44943,23838
44944,23878
44945,23862
44946,23878
44947,23879
44948,23863
44949,23878
44950,23869
44951,23853
44952,23861
44953,23868
44954,23853
44955,23858
44956,23864
44957,23858
44958,23870
44959,23862
44960,23852
44961,23870
44962,23858
44963,23862
44964,23870
44965,23852
44966,23872
44967,23873
44968,23850
44969,23824
44970,23873
44971,23873
44972,23858
44973,23873
44974,23873
44975,23873
44976,23873
44977,23850
44978,23873
44979,23873
44980,23858
44981,23884
44982,23858
44983,23883
44984,23883
44985,23883
44986,23883
44987,23883
44988,23883
44989,23883
44990,23883
44991,23883
44992,23883
44993,23883
44994,23883
44995,23858
44996,23883
44997,23883
44998,23883
44999,23883
45000,23883
45001,23883
45002,23883
45003,23883
45004,23892
45005,23863
45006,23883
45007,23860
45008,23890
45009,23863
45010,23860
45011,23866
45012,23888
45013,23867
45014,23888
45015,23857
45016,23873
45017,23888
45018,23867
45019,23888
45020,23857
45021,23888
45022,23883
45023,23904
45024,23882
45025,23915
45026,23897
45027,23907
45028,23885
45029,23878
45030,23907
45031,23904
45032,23883
45033,23883
45034,23897
45035,23883
45036,23897
45037,23883
45038,23906
45039,23915
45040,23893
45041,23915
45042,23907
45043,23882
45044,23915
45045,23906
45046,23883
45047,23897
45048,23894
45049,23882
45050,23883
45051,23882
45052,23903
45053,23904
45054,23907
45055,23891
45056,23894
45057,23898
45058,23907
45059,23897
45060,23894
45061,23879
45062,23904
45063,23912
45064,23899
45065,23894
45066,23883
45067,23883
45068,23889
45069,23889
45070,23897
45071,23905
45072,23908
45073,23907
45074,23879
45075,23908
45076,23905
45077,23908
45078,23907
45079,23908
45080,23905
45081,23907
45082,23908
45083,23907
45084,23883
45085,23883
45086,23897
45087,23883
45088,23883
45089,23897
45090,23888
45091,23883
45092,23889
45093,23883
45094,23889
45095,23889
45096,23883
45097,23907
45098,23898
45099,23888
45100,23887
45101,23898
45102,23898
45103,23898
45104,23887
45105,23888
45106,23898
45107,23893
45108,23898
45109,23897
45110,23883
45111,23897
45112,23874
45113,23908
45114,23907
45115,23889
45116,23907
45117,23907
45118,23889
45119,23888
45120,23907
45121,23907
45122,23889
45123,23907
45124,23907
45125,23907
45126,23889
45127,23907
45128,23875
45129,23907
45130,23899
45131,23885
45132,23894
45133,23888
45134,23875
45135,23908
45136,23908
45137,23899
45138,23866
45139,23908
45140,23891
45141,23882
45142,23908
45143,23893
45144,23889
45145,23898
45146,23904
45147,23882
45148,23908
45149,23904
45150,23882
45151,23874
45152,23908
45153,23882
45154,23904
45155,23892
45156,23882
45157,23904
45158,23874
45159,23882
45160,23904
45161,23889
45162,23898
45163,23907
45164,23898
45165,23882
45166,23889
45167,23893
45168,23858
45169,23889
45170,23874
45171,23907
45172,23898
45173,23883
45174,23907
45175,23898
45176,23898
45177,23907
45178,23912
45179,23918
45180,23910
45181,23889
45182,23902
45183,23892
45184,23913
45185,23893
45186,23893
45187,23918
45188,23888
45189,23910
45190,23913
45191,23907
45192,23858
45193,23912
45194,23918
45195,23915
45196,23913
45197,23901
45198,23915
45199,23913
45200,23904
45201,23904
45202,23882
45203,23874
45204,23904
45205,23882
45206,23882
45207,23904
45208,23899
45209,23879
45210,23888
45211,23869
45212,23879
45213,23899
45214,23882
45215,23904
45216,23882
45217,23874
45218,23904
45219,23882
45220,23882
45221,23881
45222,23888
45223,23907
45224,23843
45225,23881
45226,23907
45227,23881
45228,23911
45229,23903
45230,23902
45231,23913
45232,23903
45233,23903
45234,23913
45235,23887
45236,23903
45237,23913
45238,23903
45239,23908
45240,23912
45241,23901
45242,23909
45243,23908
45244,23908
45245,23903
45246,23913
45247,23903
45248,23887
45249,23913
45250,23903
45251,23913
45252,23903
45253,23902
45254,23903
45255,23890
45256,23908
45257,23901
45258,23897
45259,23901
45260,23909
45261,23888
45262,23898
45263,23907
45264,23894
45265,23909
45266,23907
45267,23897
45268,23907
45269,23909
45270,23901
45271,23892
45272,23923
45273,23877
45274,23915
45275,23923
45276,23892
45277,23923
45278,23915
45279,23897
45280,23908
45281,23873
45282,23908
45283,23898
45284,23873
45285,23908
45286,23904
45287,23905
45288,23916
45289,23908
45290,23899
45291,23897
45292,23897
45293,23908
45294,23902
45295,23921
45296,23873
45297,23889
45298,23921
45299,23903
45300,23915
45301,23921
45302,23873
45303,23921
45304,23915
45305,23903
45306,23921
45307,23873
45308,23893
45309,23907
45310,23888
45311,23909
45312,23897
45313,23907
45314,23909
45315,23907
45316,23897
45317,23903
45318,23907
45319,23909
45320,23897
45321,23907
45322,23909
45323,23903
45324,23907
45325,23897
45326,23888
45327,23908
45328,23909
45329,23893
45330,23879
45331,23903
45332,23893
45333,23897
45334,23921
45335,23873
45336,23921
45337,23915
45338,23913
45339,23868
45340,23916
45341,23884
45342,23914
45343,23909
45344,23901
45345,23869
45346,23888
45347,23901
45348,23887
45349,23913
45350,23869
45351,23888
45352,23887
45353,23888
45354,23901
45355,23912
45356,23914
45357,23909
45358,23919
45359,23930
45360,23927
45361,23938
45362,23927
45363,23923
45364,23938
45365,23923
45366,23923
45367,23912
45368,23937
45369,23939
45370,23949
45371,23943
45372,23950
45373,23932
45374,23938
45375,23952
45376,23959
45377,23948
45378,23952
45379,23927
45380,23940
45381,23942
45382,23935
45383,23963
45384,23942
45385,23960
45386,23966
45387,23958
45388,23939
45389,23966
45390,23942
45391,23939
45392,23966
45393,23945
45394,23958
45395,23954
45396,23941
45397,23965
45398,23966
45399,23963
45400,23948
45401,23963
45402,23961
45403,23966
45404,23938
45405,23940
45406,23966
45407,23969
45408,23970
45409,23946
45410,23969
45411,23958
45412,23970
45413,23946
45414,23970
45415,23969
45416,23970
45417,23946
45418,23970
45419,23969
45420,23962
45421,23973
45422,23953
45423,23961
45424,23953
45425,23960
45426,23935
45427,23956
45428,23964
45429,23963
45430,23965
45431,23964
45432,23967
45433,23956
45434,23964
45435,23963
45436,23961
45437,23970
45438,23969
45439,23946
45440,23970
45441,23958
45442,23970
45443,23969
45444,23946
45445,23973
45446,23954
45447,23947
45448,23958
45449,23940
45450,23969
45451,23954
45452,23973
45453,23953
45454,23973
45455,23942
45456,23966
45457,23956
45458,23948
45459,23956
45460,23961
45461,23957
45462,23953
45463,23957
45464,23948
45465,23968
45466,23977
45467,23950
45468,23977
45469,23963
45470,23968
45471,23950
45472,23977
45473,23959
45474,23954
45475,23958
45476,23958
45477,23962
45478,23899
45479,23947
45480,23958
45481,23952
45482,23940
45483,23964
45484,23977
45485,23935
45486,23973
45487,23960
45488,23977
45489,23973
45490,23967
45491,23954
45492,23976
45493,23982
45494,23963
45495,23980
45496,23963
45497,23983
45498,23989
45499,23989
45500,23988
45501,24000
45502,23999
45503,24003
45504,23999
45505,24004
45506,23997
45507,24015
45508,23999
45509,23997
45510,24015
45511,23999
45512,23997
45513,24015
45514,24002
45515,24014
45516,24010
45517,24002
45518,24014
45519,24002
45520,24003
45521,24014
45522,24010
45523,24002
45524,24014
45525,23964
45526,24006
45527,23992
45528,23987
45529,24004
45530,24016
45531,24008
45532,23997
45533,23999
45534,24004
45535,23989
45536,24004
45537,24005
45538,24004
45539,23993
45540,24004
45541,24005
45542,23987
45543,24006
45544,23994
45545,23988
45546,23990
45547,23997
45548,23998
45549,23990
45550,23988
45551,23990
45552,24006
45553,23986
45554,24002
45555,24006
45556,23986
45557,24002
45558,23994
45559,23986
45560,24002
45561,24019
45562,24018
45563,23982
45564,24013
45565,24018
45566,24019
45567,24002
45568,24017
45569,23974
45570,24018
45571,23999
45572,24011
45573,24014
45574,24018
45575,24023
45576,24023
45577,24005
45578,24012
45579,24021
45580,24023
45581,24005
45582,24009
45583,24023
45584,24024
45585,24029
45586,24027
45587,24024
45588,24030
45589,24009
45590,24030
45591,24033
45592,23973
45593,24030
45594,24043
45595,24022
45596,24043
45597,24030
45598,24010
45599,24023
45600,24020
45601,24005
45602,24023
45603,24023
45604,24005
45605,24006
45606,24020
45607,24029
45608,24049
45609,24040
45610,24031
45611,24049
45612,24043
45613,24028
45614,24031
45615,24043
45616,24049
45617,24040
45618,24049
45619,24031
45620,24043
45621,24030
45622,24023
45623,24043
45624,24042
45625,24043
45626,24048
45627,24058
45628,24043
45629,24031
45630,24042
45631,24042
45632,24043
45633,24046
45634,24042
45635,24042
45636,24048
45637,24023
45638,24049
45639,24058
45640,24046
45641,24058
45642,24046
45643,24058
45644,24046
45645,24023
45646,24058
45647,24058
45648,24046
45649,24058
45650,24058
45651,24046
45652,24046
45653,24058
45654,24058
45655,24023
45656,24046
45657,24058
45658,24046
45659,24058
45660,24058
45661,24043
45662,24045
45663,24053
45664,24052
45665,24058
45666,24058
45667,24058
45668,24054
45669,24058
45670,24058
45671,24031
45672,24066
45673,24053
45674,24044
45675,24049
45676,24063
45677,24053
45678,24063
45679,24040
45680,24053
45681,24063
45682,24053
45683,24063
45684,24046
45685,24053
45686,24045
45687,24054
45688,24070
45689,24074
45690,24082
45691,24077
45692,24062
45693,24068
45694,24078
45695,24068
45696,24062
45697,24082
45698,24077
45699,24074
45700,24082
45701,24072
45702,24077
45703,24054
45704,24075
45705,24082
45706,24077
45707,24054
45708,24082
45709,24077
45710,24075
45711,24082
45712,24061
45713,24073
45714,24073
45715,24064
45716,24074
45717,24073
45718,24072
45719,24064
45720,24073
45721,24074
45722,24073
45723,24064
45724,24074
45725,24073
45726,24072
45727,24073
45728,24047
45729,24086
45730,24056
45731,24074
45732,24086
45733,24090
45734,24083
45735,24090
45736,24086
45737,24074
45738,24086
45739,24084
45740,24055
45741,24088
45742,24055
45743,24063
45744,24093
45745,24080
45746,24092
45747,24102
45748,24075
45749,24087
45750,24086
45751,24102
45752,24107
45753,24103
45754,24097
45755,24104
45756,24103
45757,24095
45758,24104
45759,24093
45760,24113
45761,24102
45762,24093
45763,24107
45764,24073
45765,24103
45766,24093
45767,24103
45768,24093
45769,24103
45770,24080
45771,24093
45772,24087
45773,24103
45774,24093
45775,24103
45776,24093
45777,24103
45778,24103
45779,24093
45780,24115
45781,24122
45782,24110
45783,24104
45784,24108
45785,24108
45786,24102
45787,24104
45788,24073
45789,24102
45790,24104
45791,24102
45792,24104
45793,24090
45794,24102
45795,24086
45796,24087
45797,24075
45798,24103
45799,24106
45800,24093
45801,24103
45802,24092
45803,24111
45804,24111
45805,24108
45806,24118
45807,24119
45808,24097
45809,24120
45810,24128
45811,24135
45812,24139
45813,24133
45814,24139
45815,24135
45816,24139
45817,24144
45818,24147
45819,24133
45820,24146
45821,24148
45822,24133
45823,24147
45824,24146
45825,24133
45826,24147
45827,24132
45828,24146
45829,24133
45830,24147
45831,24134
45832,24123
45833,24137
45834,24133
45835,24127
45836,24137
45837,24123
45838,24122
45839,24142
45840,24138
45841,24137
45842,24143
45843,24143
45844,24154
45845,24138
45846,24154
45847,24112
45848,24142
45849,24152
45850,24123
45851,24132
45852,24147
45853,24122
45854,24147
45855,24112
45856,24119
45857,24133
45858,24123
45859,24142
45860,24124
45861,24123
45862,24123
45863,24134
45864,24123
45865,24142
45866,24123
45867,24142
45868,24123
45869,24123
45870,24142
45871,24123
45872,24139
45873,24122
45874,24147
45875,24122
45876,24147
45877,24141
45878,24143
45879,24154
45880,24158
45881,24156
45882,24168
45883,24167
45884,24153
45885,24143
45886,24152
45887,24154
45888,24158
45889,24145
45890,24162
45891,24168
45892,24155
45893,24168
45894,24168
45895,24113
45896,24155
45897,24168
45898,24168
45899,24139
45900,24147
45901,24153
45902,24148
45903,24153
45904,24147
45905,24153
45906,24152
45907,24160
45908,24160
45909,24156
45910,24145
45911,24160
45912,24138
45913,24157
45914,24159
45915,24159
45916,24145
45917,24157
45918,24144
45919,24159
45920,24159
45921,24157
45922,24159
45923,24153
45924,24162
45925,24165
45926,24147
45927,24138
45928,24138
45929,24162
45930,24167
45931,24168
45932,24188
45933,24173
45934,24161
45935,24188
45936,24173
45937,24188
45938,24173
45939,24188
45940,24161
45941,24191
45942,24167
45943,24182
45944,24167
45945,24197
45946,24203
45947,24188
45948,24207
45949,24197
45950,24198
45951,24201
45952,24182
45953,24198
45954,24201
45955,24188
45956,24193
45957,24178
45958,24193
45959,24199
45960,24203
45961,24203
45962,24218
45963,24203
45964,24199
45965,24218
45966,24218
45967,24171
45968,24218
45969,24199
45970,24193
45971,24217
45972,24209
45973,24194
45974,24208
45975,24197
45976,24217
45977,24214
45978,24208
45979,24208
45980,24217
45981,24212
45982,24208
45983,24214
45984,24217
45985,24208
45986,24218
45987,24217
45988,24198
45989,24217
45990,24212
45991,24230
45992,24216
45993,24230
45994,24224
45995,24230
45996,24230
45997,24216
45998,24225
45999,24230
46000,24198
46001,24214
46002,24210
46003,24228
46004,24218
46005,24218
46006,24213
46007,24230
46008,24228
46009,24232
46010,24230
46011,24225
46012,24230
46013,24228
46014,24232
46015,24218
46016,24223
46017,24234
46018,24198
46019,24243
46020,24247
46021,24230
46022,24247
46023,24230
46024,24230
46025,24238
46026,24233
46027,24224
46028,24249
46029,24254
46030,24251
46031,24229
46032,24219
46033,24234
46034,24232
46035,24219
46036,24234
46037,24224
46038,24245
46039,24236
46040,24243
46041,24229
46042,24254
46043,24254
46044,24254
46045,24229
46046,24254
46047,24248
46048,24254
46049,24254
46050,24229
46051,24254
46052,24210
46053,24254
46054,24252
46055,24262
46056,24262
46057,24248
46058,24272
46059,24278
46060,24260
46061,24278
46062,24278
46063,24278
46064,24248
46065,24278
46066,24278
46067,24245
46068,24258
46069,24264
46070,24280
46071,24283
46072,24279
46073,24264
46074,24283
46075,24280
46076,24264
46077,24279
46078,24283
46079,24280
46080,24264
46081,24283
46082,24280
46083,24282
46084,24264
46085,24279
46086,24283
46087,24273
46088,24264
46089,24283
46090,24273
46091,24279
46092,24264
46093,24283
46094,24273
46095,24264
46096,24283
46097,24279
46098,24268
46099,24275
46100,24273
46101,24281
46102,24274
46103,24294
46104,24293
46105,24294
46106,24285
46107,24293
46108,24285
46109,24293
46110,24285
46111,24293
46112,24273
46113,24293
46114,24285
46115,24293
46116,24285
46117,24293
46118,24302
46119,24293
46120,24314
46121,24307
46122,24292
46123,24304
46124,24315
46125,24318
46126,24304
46127,24299
46128,24310
46129,24308
46130,24310
46131,24283
46132,24308
46133,24310
46134,24309
46135,24317
46136,24322
46137,24312
46138,24322
46139,24317
46140,24304
46141,24310
46142,24310
46143,24299
46144,24260
46145,24310
46146,24320
46147,24323
46148,24324
46149,24318
46150,24314
46151,24324
46152,24320
46153,24333
46154,24320
46155,24318
46156,24326
46157,24320
46158,24343
46159,24342
46160,24324
46161,24319
46162,24342
46163,24339
46164,24342
46165,24333
46166,24353
46167,24348
46168,24349
46169,24324
46170,24349
46171,24357
46172,24352
46173,24344
46174,24343
46175,24331
46176,24342
46177,24334
46178,24330
46179,24338
46180,24334
46181,24344
46182,24342
46183,24334
46184,24338
46185,24343
46186,24349
46187,24349
46188,24353
46189,24349
46190,24347
46191,24349
46192,24349
46193,24353
46194,24349
46195,24349
46196,24352
46197,24339
46198,24328
46199,24339
46200,24339
46201,24344
46202,24358
46203,24357
46204,24373
46205,24373
46206,24369
46207,24363
46208,24369
46209,24368
46210,24369
46211,24368
46212,24369
46213,24367
46214,24369
46215,24363
46216,24373
46217,24369
46218,24368
46219,24354
46220,24359
46221,24379
46222,24366
46223,24339
46224,24366
46225,24379
46226,24366
46227,24379
46228,24339
46229,24366
46230,24373
46231,24349
46232,24357
46233,24373
46234,24379
46235,24366
46236,24354
46237,24369
46238,24376
46239,24369
46240,24386
46241,24374
46242,24374
46243,24375
46244,24374
46245,24374
46246,24354
46247,24374
46248,24393
46249,24393
46250,24394
46251,24412
46252,24386
46253,24403
46254,24379
46255,24388
46256,24392
46257,24379
46258,24375
46259,24412
46260,24386
46261,24385
46262,24412
46263,24386
46264,24392
46265,24395
46266,24409
46267,24399
46268,24395
46269,24405
46270,24391
46271,24394
46272,24405
46273,24391
46274,24396
46275,24398
46276,24416
46277,24413
46278,24398
46279,24408
46280,24405
46281,24391
46282,24392
46283,24417
46284,24407
46285,24385
46286,24398
46287,24420
46288,24398
46289,24407
46290,24420
46291,24413
46292,24407
46293,24407
46294,24412
46295,24385
46296,24410
46297,24412
46298,24387
46299,24412
46300,24387
46301,24398
46302,24427
46303,24407
46304,24419
46305,24427
46306,24413
46307,24313
46308,24429
46309,24419
46310,24425
46311,24429
46312,24413
46313,24398
46314,24416
46315,24398
46316,24408
46317,24412
46318,24427
46319,24419
46320,24429
46321,24425
46322,24418
46323,24400
46324,24376
46325,24399
46326,24400
46327,24376
46328,24417
46329,24398
46330,24408
46331,24394
46332,24408
46333,24408
46334,24407
46335,24414
46336,24413
46337,24400
46338,24394
46339,24413
46340,24410
46341,24418
46342,24413
46343,24394
46344,24410
46345,24413
46346,24418
46347,24410
46348,24394
46349,24413
46350,24374
46351,24403
46352,24373
46353,24407
46354,24415
46355,24406
46356,24413
46357,24406
46358,24415
46359,24382
46360,24404
46361,24398
46362,24413
46363,24398
46364,24404
46365,24407
46366,24408
46367,24385
46368,24417
46369,24409
46370,24409
46371,24414
46372,24400
46373,24414
46374,24403
46375,24393
46376,24400
46377,24396
46378,24399
46379,24390
46380,24400
46381,24396
46382,24374
46383,24413
46384,24412
46385,24399
46386,24413
46387,24413
46388,24412
46389,24401
46390,24373
46391,24403
46392,24407
46393,24413
46394,24423
46395,24411
46396,24417
46397,24423
46398,24388
46399,24412
46400,24403
46401,24417
46402,24419
46403,24393
46404,24417
46405,24412
46406,24397
46407,24417
46408,24396
46409,24417
46410,24403
46411,24417
46412,24412
46413,24417
46414,24423
46415,24416
46416,24422
46417,24423
46418,24428
46419,24436
46420,24433
46421,24437
46422,24412
46423,24445
46424,24449
46425,24437
46426,24447
46427,24432
46428,24430
46429,24422
46430,24428
46431,24410
46432,24430
46433,24428
46434,24422
46435,24430
46436,24428
46437,24414
46438,24424
46439,24443
46440,24414
46441,24422
46442,24428
46443,24430
46444,24428
46445,24428
46446,24430
46447,24422
46448,24428
46449,24430
46450,24432
46451,24447
46452,24449
46453,24442
46454,24431
46455,24446
46456,24437
46457,24438
46458,24423
46459,24446
46460,24431
46461,24433
46462,24418
46463,24426
46464,24414
46465,24450
46466,24416
46467,24438
46468,24450
46469,24440
46470,24422
46471,24428
46472,24430
46473,24430
46474,24437
46475,24447
46476,24446
46477,24437
46478,24444
46479,24408
46480,24423
46481,24432
46482,24427
46483,24447
46484,24435
46485,24448
46486,24418
46487,24428
46488,24430
46489,24428
46490,24422
46491,24430
46492,24428
46493,24445
46494,24444
46495,24447
46496,24462
46497,24444
46498,24440
46499,24462
46500,24444
46501,24462
46502,24447
46503,24444
46504,24437
46505,24425
46506,24448
46507,24442
46508,24443
46509,24434
46510,24448
46511,24442
46512,24443
46513,24442
46514,24427
46515,24433
46516,24427
46517,24443
46518,24447
46519,24443
46520,24447
46521,24442
46522,24438
46523,24440
46524,24448
46525,24449
46526,24458
46527,24449
46528,24458
46529,24458
46530,24458
46531,24426
46532,24464
46533,24472
46534,24467
46535,24470
46536,24462
46537,24467
46538,24472
46539,24458
46540,24480
46541,24480
46542,24443
46543,24480
46544,24457
46545,24480
46546,24480
46547,24424
46548,24480
46549,24460
46550,24475
46551,24475
46552,24454
46553,24461
46554,24474
46555,24478
46556,24461
46557,24467
46558,24471
46559,24474
46560,24461
46561,24484
46562,24478
46563,24492
46564,24448
46565,24469
46566,24492
46567,24469
46568,24474
46569,24478
46570,24489
46571,24494
46572,24463
46573,24497
46574,24468
46575,24468
46576,24480
46577,24493
46578,24447
46579,24470
46580,24480
46581,24493
46582,24468
46583,24480
46584,24468
46585,24463
46586,24497
46587,24472
46588,24505
46589,24498
46590,24507
46591,24498
46592,24473
46593,24473
46594,24507
46595,24473
46596,24473
46597,24498
46598,24507
46599,24473
46600,24473
46601,24498
46602,24507
46603,24498
46604,24505
46605,24472
46606,24497
46607,24463
46608,24485
46609,24468
46610,24462
46611,24468
46612,24479
46613,24468
46614,24468
46615,24462
46616,24494
46617,24500
46618,24492
46619,24493
46620,24500
46621,24494
46622,24479
46623,24468
46624,24462
46625,24472
46626,24463
46627,24486
46628,24479
46629,24463
46630,24472
46631,24462
46632,24468
46633,24479
46634,24468
46635,24475
46636,24483
46637,24487
46638,24489
46639,24483
46640,24484
46641,24483
46642,24487
46643,24503
46644,24504
46645,24467
46646,24462
46647,24484
46648,24449
46649,24503
46650,24498
46651,24488
46652,24502
46653,24498
46654,24512
46655,24503
46656,24513
46657,24512
46658,24493
46659,24513
46660,24512
46661,24498
46662,24488
46663,24502
46664,24490
46665,24514
46666,24494
46667,24504
46668,24522
46669,24523
46670,24509
46671,24504
46672,24507
46673,24490
46674,24499
46675,24473
46676,24517
46677,24507
46678,24523
46679,24529
46680,24518
46681,24523
46682,24529
46683,24518
46684,24518
46685,24529
46686,24523
46687,24510
46688,24518
46689,24529
46690,24523
46691,24518
46692,24518
46693,24494
46694,24519
46695,24518
46696,24514
46697,24512
46698,24522
46699,24498
46700,24497
46701,24515
46702,24504
46703,24513
46704,24508
46705,24519
46706,24498
46707,24517
46708,24517
46709,24502
46710,24517
46711,24517
46712,24463
46713,24500
46714,24517
46715,24488
46716,24515
46717,24514
46718,24514
46719,24523
46720,24518
46721,24508
46722,24519
46723,24517
46724,24508
46725,24480
46726,24513
46727,24491
46728,24513
46729,24504
46730,24473
46731,24524
46732,24523
46733,24484
46734,24515
46735,24522
46736,24513
46737,24504
46738,24514
46739,24522
46740,24518
46741,24512
46742,24522
46743,24514
46744,24494
46745,24512
46746,24522
46747,24518
46748,24514
46749,24512
46750,24522
46751,24518
46752,24504
46753,24522
46754,24514
46755,24518
46756,24519
46757,24503
46758,24518
46759,24510
46760,24529
46761,24523
46762,24518
46763,24510
46764,24529
46765,24523
46766,24508
46767,24512
46768,24526
46769,24502
46770,24526
46771,24526
46772,24512
46773,24500
46774,24526
46775,24527
46776,24540
46777,24533
46778,24519
46779,24535
46780,24520
46781,24533
46782,24528
46783,24527
46784,24518
46785,24523
46786,24534
46787,24523
46788,24527
46789,24523
46790,24527
46791,24523
46792,24502
46793,24527
46794,24523
46795,24543
46796,24519
46797,24508
46798,24524
46799,24508
46800,24519
46801,24539
46802,24527
46803,24548
46804,24527
46805,24544
46806,24539
46807,24533
46808,24544
46809,24539
46810,24520
46811,24544
46812,24555
46813,24561
46814,24558
46815,24559
46816,24532
46817,24530
46818,24568
46819,24557
46820,24558
46821,24568
46822,24527
46823,24557
46824,24568
46825,24558
46826,24557
46827,24568
46828,24567
46829,24538
46830,24540
46831,24542
46832,24538
46833,24538
46834,24559
46835,24560
46836,24563
46837,24547
46838,24560
46839,24563
46840,24564
46841,24557
46842,24565
46843,24557
46844,24549
46845,24557
46846,24557
46847,24565
46848,24557
46849,24560
46850,24558
46851,24557
46852,24549
46853,24560
46854,24578
46855,24565
46856,24577
46857,24568
46858,24568
46859,24580
46860,24589
46861,24578
46862,24565
46863,24577
46864,24578
46865,24548
46866,24585
46867,24584
46868,24587
46869,24585
46870,24577
46871,24569
46872,24552
46873,24575
46874,24573
46875,24582
46876,24580
46877,24584
46878,24569
46879,24580
46880,24587
46881,24564
46882,24584
46883,24580
46884,24583
46885,24596
46886,24575
46887,24583
46888,24577
46889,24596
46890,24583
46891,24575
46892,24596
46893,24583
46894,24577
46895,24587
46896,24596
46897,24565
46898,24583
46899,24575
46900,24596
46901,24583
46902,24596
46903,24583
46904,24575
46905,24577
46906,24603
46907,24605
46908,24583
46909,24563
46910,24605
46911,24603
46912,24592
46913,24588
46914,24605
46915,24592
46916,24605
46917,24605
46918,24583
46919,24592
46920,24605
46921,24584
46922,24580
46923,24594
46924,24589
46925,24580
46926,24594
46927,24564
46928,24569
46929,24600
46930,24578
46931,24608
46932,24572
46933,24576
46934,24588
46935,24585
46936,24603
46937,24617
46938,24582
46939,24585
46940,24617
46941,24582
46942,24603
46943,24585
46944,24617
46945,24582
46946,24619
46947,24622
46948,24627
46949,24615
46950,24622
46951,24628
46952,24614
46953,24625
46954,24633
46955,24628
46956,24614
46957,24633
46958,24638
46959,24643
46960,24642
46961,24633
46962,24617
46963,24644
46964,24628
46965,24644
46966,24637
46967,24624
46968,24575
46969,24630
46970,24628
46971,24630
46972,24632
46973,24630
46974,24629
46975,24630
46976,24628
46977,24632
46978,24650
46979,24639
46980,24638
46981,24661
46982,24658
46983,24650
46984,24643
46985,24661
46986,24669
46987,24642
46988,24659
46989,24663
46990,24655
46991,24633
46992,24669
46993,24644
46994,24650
46995,24677
46996,24669
46997,24650
46998,24665
46999,24653
47000,24638
47001,24653
47002,24653
47003,24653
47004,24650
47005,24638
47006,24653
47007,24653
47008,24653
47009,24665
47010,24669
47011,24650
47012,24677
47013,24669
47014,24650
47015,24675
47016,24629
47017,24673
47018,24672
47019,24670
47020,24675
47021,24685
47022,24669
47023,24675
47024,24669
47025,24669
47026,24659
47027,24653
47028,24653
47029,24669
47030,24679
47031,24673
47032,24670
47033,24672
47034,24629
47035,24673
47036,24673
47037,24670
47038,24678
47039,24683
47040,24672
47041,24662
47042,24680
47043,24687
47044,24674
47045,24687
47046,24692
47047,24674
47048,24687
47049,24687
47050,24688
47051,24675
47052,24648
47053,24675
47054,24668
47055,24675
47056,24638
47057,24679
47058,24685
47059,24688
47060,24695
47061,24689
47062,24687
47063,24690
47064,24675
47065,24675
47066,24675
47067,24675
47068,24690
47069,24675
47070,24670
47071,24675
47072,24675
47073,24675
47074,24690
47075,24675
47076,24675
47077,24675
47078,24675
47079,24690
47080,24675
47081,24675
47082,24697
47083,24703
47084,24700
47085,24689
47086,24704
47087,24709
47088,24705
47089,24687
47090,24705
47091,24708
47092,24709
47093,24709
47094,24705
47095,24705
47096,24687
47097,24708
47098,24713
47099,24683
47100,24714
47101,24679
47102,24641
47103,24699
47104,24689
47105,24632
47106,24677
47107,24708
47108,24713
47109,24727
47110,24720
47111,24704
47112,24713
47113,24698
47114,24700
47115,24713
47116,24685
47117,24700
47118,24713
47119,24695
47120,24708
47121,24709
47122,24720
47123,24727
47124,24704
47125,24728
47126,24709
47127,24723
47128,24700
47129,24709
47130,24728
47131,24713
47132,24717
47133,24713
47134,24708
47135,24702
47136,24709
47137,24708
47138,24713
47139,24708
47140,24709
47141,24713
47142,24708
47143,24719
47144,24708
47145,24728
47146,24719
47147,24713
47148,24732
47149,24741
47150,24735
47151,24738
47152,24723
47153,24749
47154,24758
47155,24737
47156,24758
47157,24749
47158,24758
47159,24709
47160,24765
47161,24749
47162,24771
47163,24749
47164,24765
47165,24771
47166,24773
47167,24781
47168,24773
47169,24768
47170,24781
47171,24749
47172,24758
47173,24749
47174,24779
47175,24772
47176,24763
47177,24781
47178,24781
47179,24781
47180,24763
47181,24793
47182,24751
47183,24800
47184,24784
47185,24807
47186,24812
47187,24783
47188,24792
47189,24812
47190,24794
47191,24792
47192,24799
47193,24812
47194,24812
47195,24792
47196,24807
47197,24751
47198,24800
47199,24784
47200,24785
47201,24773
47202,24801
47203,24799
47204,24804
47205,24797
47206,24792
47207,24797
47208,24802
47209,24805
47210,24794
47211,24777
47212,24803
47213,24790
47214,24795
47215,24790
47216,24783
47217,24808
47218,24804
47219,24808
47220,24810
47221,24820
47222,24813
47223,24798
47224,24823
47225,24828
47226,24823
47227,24824
47228,24796
47229,24809
47230,24824
47231,24828
47232,24815
47233,24824
47234,24797
47235,24824
47236,24824
47237,24824
47238,24824
47239,24818
47240,24824
47241,24835
47242,24835
47243,24835
47244,24813
47245,24824
47246,24832
47247,24835
47248,24828
47249,24818
47250,24817
47251,24824
47252,24817
47253,24797
47254,24824
47255,24828
47256,24809
47257,24823
47258,24796
47259,24809
47260,24796
47261,24796
47262,24815
47263,24809
47264,24832
47265,24822
47266,24838
47267,24812
47268,24829
47269,24828
47270,24832
47271,24797
47272,24824
47273,24824
47274,24796
47275,24823
47276,24828
47277,24828
47278,24823
47279,24813
47280,24828
47281,24828
47282,24823
47283,24828
47284,24815
47285,24828
47286,24823
47287,24828
47288,24823
47289,24828
47290,24804
47291,24819
47292,24818
47293,24815
47294,24819
47295,24813
47296,24818
47297,24819
47298,24810
47299,24819
47300,24818
47301,24808
47302,24819
47303,24813
47304,24818
47305,24819
47306,24797
47307,24808
47308,24807
47309,24808
47310,24807
47311,24798
47312,24809
47313,24807
47314,24808
47315,24797
47316,24819
47317,24818
47318,24813
47319,24819
47320,24815
47321,24818
47322,24819
47323,24819
47324,24818
47325,24808
47326,24819
47327,24818
47328,24819
47329,24813
47330,24818
47331,24819
47332,24815
47333,24819
47334,24818
47335,24819
47336,24808
47337,24824
47338,24825
47339,24824
47340,24805
47341,24825
47342,24824
47343,24825
47344,24803
47345,24824
47346,24825
47347,24808
47348,24824
47349,24805
47350,24825
47351,24805
47352,24822
47353,24803
47354,24824
47355,24822
47356,24822
47357,24824
47358,24822
47359,24803
47360,24822
47361,24822
47362,24824
47363,24825
47364,24825
47365,24833
47366,24832
47367,24830
47368,24818
47369,24802
47370,24813
47371,24814
47372,24820
47373,24802
47374,24813
47375,24818
47376,24814
47377,24830
47378,24833
47379,24832
47380,24833
47381,24810
47382,24820
47383,24832
47384,24833
47385,24833
47386,24790
47387,24833
47388,24832
47389,24810
47390,24833
47391,24833
47392,24832
47393,24828
47394,24826
47395,24823
47396,24809
47397,24828
47398,24827
47399,24843
47400,24833
47401,24823
47402,24832
47403,24833
47404,24830
47405,24843
47406,24809
47407,24827
47408,24819
47409,24809
47410,24828
47411,24824
47412,24823
47413,24813
47414,24823
47415,24823
47416,24823
47417,24817
47418,24820
47419,24817
47420,24828
47421,24838
47422,24833
47423,24838
47424,24842
47425,24833
47426,24852
47427,24823
47428,24858
47429,24834
47430,24843
47431,24855
47432,24826
47433,24860
47434,24839
47435,24822
47436,24839
47437,24859
47438,24860
47439,24826
47440,24843
47441,24829
47442,24855
47443,24826
47444,24843
47445,24853
47446,24868
47447,24854
47448,24832
47449,24868
47450,24853
47451,24847
47452,24858
47453,24848
47454,24863
47455,24847
47456,24858
47457,24847
47458,24848
47459,24863
47460,24865
47461,24870
47462,24873
47463,24862
47464,24858
47465,24836
47466,24863
47467,24858
47468,24839
47469,24836
47470,24863
47471,24858
47472,24858
47473,24836
47474,24877
47475,24880
47476,24864
47477,24860
47478,24880
47479,24872
47480,24863
47481,24853
47482,24883
47483,24852
47484,24863
47485,24873
47486,24846
47487,24873
47488,24863
47489,24880
47490,24882
47491,24888
47492,24860
47493,24842
47494,24888
47495,24882
47496,24892
47497,24879
47498,24864
47499,24880
47500,24852
47501,24880
47502,24852
47503,24862
47504,24855
47505,24852
47506,24880
47507,24869
47508,24852
47509,24882
47510,24860
47511,24882
47512,24888
47513,24879
47514,24893
47515,24885
47516,24900
47517,24893
47518,24892
47519,24874
47520,24900
47521,24900
47522,24893
47523,24900
47524,24858
47525,24893
47526,24900
47527,24900
47528,24892
47529,24893
47530,24900
47531,24889
47532,24903
47533,24890
47534,24922
47535,24905
47536,24922
47537,24903
47538,24932
47539,24912
47540,24926
47541,24932
47542,24911
47543,24933
47544,24925
47545,24935
47546,24925
47547,24938
47548,24949
47549,24948
47550,24953
47551,24941
47552,24953
47553,24950
47554,24941
47555,24948
47556,24957
47557,24968
47558,24971
47559,24973
47560,24978
47561,24970
47562,24948
47563,24970
47564,24978
47565,24965
47566,24955
47567,24958
47568,24977
47569,24958
47570,24914
47571,24958
47572,24972
47573,24958
47574,24977
47575,24967
47576,24942
47577,24964
47578,24960
47579,24968
47580,24964
47581,24965
47582,24960
47583,24973
47584,24974
47585,24963
47586,24973
47587,24974
47588,24960
47589,24963
47590,24973
47591,24968
47592,24965
47593,24965
47594,24963
47595,24965
47596,24957
47597,24978
47598,24979
47599,24983
47600,24973
47601,24983
47602,24982
47603,24985
47604,24982
47605,24983
47606,24985
47607,24982
47608,24983
47609,24985
47610,24982
47611,24982
47612,24995
47613,25008
47614,24964
47615,24990
47616,25008
47617,25000
47618,25004
47619,25013
47620,24994
47621,24988
47622,24993
47623,24988
47624,25003
47625,24988
47626,25003
47627,24992
47628,25003
47629,24986
47630,24988
47631,25003
47632,24985
47633,25003
47634,25000
47635,25008
47636,25029
47637,25031
47638,24964
47639,25031
47640,25008
47641,25029
47642,25013
47643,25028
47644,25029
47645,25039
47646,25047
47647,25053
47648,25040
47649,25052
47650,25058
47651,25063
47652,25049
47653,25058
47654,25033
47655,25058
47656,25054
47657,25058
47658,25063
47659,25049
47660,25058
47661,25042
47662,25049
47663,25048
47664,25055
47665,25049
47666,25058
47667,24964
47668,25054
47669,25054
47670,25045
47671,25050
47672,25052
47673,25054
47674,25050
47675,25054
47676,25052
47677,25054
47678,25054
47679,25042
47680,25050
47681,25054
47682,25024
47683,25047
47684,25059
47685,25047
47686,25047
47687,25047
47688,25033
47689,25058
47690,25054
47691,25043
47692,25019
47693,25017
47694,25040
47695,25039
47696,25054
47697,25017
47698,25040
47699,25019
47700,25047
47701,25054
47702,25047
47703,25040
47704,25017
47705,25019
47706,25054
47707,25039
47708,25040
47709,25017
47710,25042
47711,25038
47712,25063
47713,25062
47714,25048
47715,25062
47716,25062
47717,25048
47718,25052
47719,25062
47720,25062
47721,25063
47722,25063
47723,25071
47724,25060
47725,25064
47726,25071
47727,25063
47728,25063
47729,25065
47730,25067
47731,25042
47732,25067
47733,25077
47734,25082
47735,25080
47736,25085
47737,25068
47738,25074
47739,25085
47740,25085
47741,25085
47742,25053
47743,25074
47744,25085
47745,25093
47746,25094
47747,25096
47748,25090
47749,25094
47750,25092
47751,25088
47752,25067
47753,25078
47754,25074
47755,25088
47756,25067
47757,25088
47758,25074
47759,25082
47760,25068
47761,25077
47762,25082
47763,25068
47764,25077
47765,25082
47766,25068
47767,25077
47768,25067
47769,25077
47770,25073
47771,25084
47772,25090
47773,25073
47774,25084
47775,25090
47776,25073
47777,25077
47778,25084
47779,25090
47780,25093
47781,25042
47782,25053
47783,25087
47784,25073
47785,25079
47786,25073
47787,25093
47788,25070
47789,25082
47790,25093
47791,25088
47792,25098
47793,25102
47794,25105
47795,25107
47796,25103
47797,25088
47798,25100
47799,25090
47800,25105
47801,25107
47802,25105
47803,25089
47804,25109
47805,25082
47806,25088
47807,25082
47808,25097
47809,25082
47810,25109
47811,25084
47812,25082
47813,25100
47814,25089
47815,25097
47816,25107
47817,25087
47818,25085
47819,25113
47820,25129
47821,25112
47822,25107
47823,25120
47824,25129
47825,25133
47826,25130
47827,25129
47828,25105
47829,25129
47830,25130
47831,25133
47832,25137
47833,25100
47834,25109
47835,25129
47836,25129
47837,25147
47838,25129
47839,25128
47840,25134
47841,25137
47842,25137
47843,25114
47844,25108
47845,25112
47846,25107
47847,25105
47848,25107
47849,25102
47850,25119
47851,25135
47852,25134
47853,25135
47854,25135
47855,25134
47856,25107
47857,25118
47858,25135
47859,25134
47860,25135
47861,25128
47862,25129
47863,25100
47864,25120
47865,25100
47866,25107
47867,25128
47868,25139
47869,25117
47870,25122
47871,25127
47872,25129
47873,25124
47874,25126
47875,25134
47876,25115
47877,25124
47878,25134
47879,25137
47880,25133
47881,25073
47882,25133
47883,25109
47884,25123
47885,25073
47886,25119
47887,25154
47888,25153
47889,25143
47890,25162
47891,25155
47892,25162
47893,25149
47894,25139
47895,25094
47896,25139
47897,25149
47898,25154
47899,25139
47900,25112
47901,25143
47902,25154
47903,25148
47904,25149
47905,25154
47906,25143
47907,25154
47908,25149
47909,25112
47910,25158
47911,25147
47912,25139
47913,25157
47914,25149
47915,25148
47916,25094
47917,25148
47918,25132
47919,25148
47920,25154
47921,25154
47922,25128
47923,25150
47924,25128
47925,25154
47926,25143
47927,25154
47928,25167
47929,25162
47930,25144
47931,25118
47932,25149
47933,25160
47934,25149
47935,25144
47936,25158
47937,25153
47938,25139
47939,25150
47940,25167
47941,25168
47942,25178
47943,25158
47944,25178
47945,25168
47946,25178
47947,25162
47948,25158
47949,25178
47950,25168
47951,25178
47952,25177
47953,25177
47954,25170
47955,25175
47956,25183
47957,25155
47958,25183
47959,25173
47960,25165
47961,25183
47962,25157
47963,25178
47964,25162
47965,25168
47966,25158
47967,25178
47968,25168
47969,25152
47970,25153
47971,25140
47972,25152
47973,25143
47974,25153
47975,25164
47976,25150
47977,25173
47978,25138
47979,25168
47980,25178
47981,25158
47982,25178
47983,25168
47984,25162
47985,25178
47986,25175
47987,25179
47988,25189
47989,25177
47990,25200
47991,25200
47992,25183
47993,25200
47994,25182
47995,25189
47996,25170
47997,25209
47998,25197
47999,25198
48000,25187
48001,25188
48002,25209
48003,25203
48004,25205
48005,25174
48006,25182
48007,25203
48008,25205
48009,25205
48010,25203
48011,25209
48012,25174
48013,25205
48014,25203
48015,25205
48016,25203
48017,25198
48018,25205
48019,25222
48020,25210
48021,25210
48022,25189
48023,25203
48024,25210
48025,25222
48026,25210
48027,25222
48028,25205
48029,25198
48030,25203
48031,25220
48032,25193
48033,25220
48034,25217
48035,25220
48036,25220
48037,25203
48038,25220
48039,25217
48040,25220
48041,25220
48042,25215
48043,25205
48044,25219
48045,25232
48046,25224
48047,25209
48048,25232
48049,25207
48050,25213
48051,25223
48052,25220
48053,25204
48054,25223
48055,25220
48056,25204
48057,25223
48058,25222
48059,25223
48060,25204
48061,25204
48062,25213
48063,25202
48064,25223
48065,25204
48066,25229
48067,25179
48068,25233
48069,25233
48070,25233
48071,25202
48072,25219
48073,25244
48074,25188
48075,25223
48076,25218
48077,25218
48078,25231
48079,25218
48080,25223
48081,25218
48082,25205
48083,25218
48084,25218
48085,25223
48086,25223
48087,25217
48088,25220
48089,25228
48090,25238
48091,25220
48092,25231
48093,25217
48094,25220
48095,25212
48096,25220
48097,25217
48098,25220
48099,25238
48100,25228
48101,25220
48102,25217
48103,25212
48104,25220
48105,25227
48106,25227
48107,25243
48108,25237
48109,25204
48110,25232
48111,25202
48112,25204
48113,25215
48114,25238
48115,25204
48116,25238
48117,25232
48118,25204
48119,25222
48120,25229
48121,25212
48122,25233
48123,25218
48124,25233
48125,25223
48126,25233
48127,25218
48128,25242
48129,25243
48130,25235
48131,25237
48132,25255
48133,25254
48134,25253
48135,25245
48136,25254
48137,25253
48138,25245
48139,25253
48140,25254
48141,25237
48142,25253
48143,25254
48144,25245
48145,25248
48146,25260
48147,25262
48148,25257
48149,25235
48150,25273
48151,25253
48152,25273
48153,25258
48154,25272
48155,25250
48156,25253
48157,25260
48158,25273
48159,25272
48160,25290
48161,25267
48162,25268
48163,25285
48164,25269
48165,25267
48166,25285
48167,25272
48168,25277
48169,25283
48170,25288
48171,25285
48172,25283
48173,25283
48174,25290
48175,25294
48176,25287
48177,25284
48178,25283
48179,25289
48180,25284
48181,25283
48182,25284
48183,25304
48184,25298
48185,25313
48186,25310
48187,25313
48188,25305
48189,25304
48190,25284
48191,25283
48192,25243
48193,25290
48194,25290
48195,25294
48196,25290
48197,25290
48198,25280
48199,25294
48200,25290
48201,25290
48202,25283
48203,25290
48204,25294
48205,25290
48206,25257
48207,25288
48208,25282
48209,25285
48210,25283
48211,25288
48212,25252
48213,25290
48214,25257
48215,25279
48216,25279
48217,25243
48218,25287
48219,25279
48220,25272
48221,25283
48222,25290
48223,25282
48224,25283
48225,25278
48226,25288
48227,25283
48228,25278
48229,25283
48230,25273
48231,25272
48232,25278
48233,25260
48234,25273
48235,25270
48236,25272
48237,25278
48238,25273
48239,25260
48240,25262
48241,25255
48242,25255
48243,25255
48244,25264
48245,25255
48246,25255
48247,25240
48248,25264
48249,25249
48250,25262
48251,25263
48252,25272
48253,25283
48254,25273
48255,25288
48256,25283
48257,25288
48258,25285
48259,25278
48260,25292
48261,25295
48262,25308
48263,25298
48264,25308
48265,25275
48266,25308
48267,25298
48268,25295
48269,25257
48270,25294
48271,25303
48272,25303
48273,25308
48274,25318
48275,25302
48276,25315
48277,25296
48278,25315
48279,25319
48280,25308
48281,25317
48282,25314
48283,25287
48284,25319
48285,25307
48286,25315
48287,25307
48288,25307
48289,25322
48290,25305
48291,25320
48292,25318
48293,25325
48294,25315
48295,25304
48296,25318
48297,25323
48298,25307
48299,25304
48300,25327
48301,25310
48302,25313
48303,25307
48304,25323
48305,25312
48306,25307
48307,25318
48308,25307
48309,25323
48310,25307
48311,25312
48312,25318
48313,25318
48314,25318
48315,25329
48316,25325
48317,25303
48318,25312
48319,25312
48320,25303
48321,25314
48322,25305
48323,25323
48324,25298
48325,25332
48326,25325
48327,25323
48328,25332
48329,25314
48330,25332
48331,25333
48332,25323
48333,25318
48334,25348
48335,25321
48336,25337
48337,25348
48338,25306
48339,25319
48340,25321
48341,25330
48342,25342
48343,25349
48344,25337
48345,25349
48346,25332
48347,25349
48348,25337
48349,25325
48350,25349
48351,25343
48352,25337
48353,25332
48354,25349
48355,25349
48356,25337
48357,25349
48358,25365
48359,25358
48360,25321
48361,25353
48362,25375
48363,25358
48364,25350
48365,25365
48366,25375
48367,25358
48368,25335
48369,25349
48370,25373
48371,25360
48372,25373
48373,25335
48374,25375
48375,25350
48376,25358
48377,25384
48378,25384
48379,25365
48380,25372
48381,25384
48382,25365
48383,25373
48384,25384
48385,25384
48386,25374
48387,25365
48388,25373
48389,25384
48390,25365
48391,25384
48392,25365
48393,25384
48394,25372
48395,25384
48396,25358
48397,25375
48398,25350
48399,25363
48400,25375
48401,25358
48402,25365
48403,25350
48404,25363
48405,25373
48406,25329
48407,25347
48408,25360
48409,25352
48410,25353
48411,25369
48412,25355
48413,25360
48414,25355
48415,25369
48416,25329
48417,25352
48418,25353
48419,25359
48420,25352
48421,25363
48422,25323
48423,25353
48424,25352
48425,25358
48426,25373
48427,25368
48428,25373
48429,25364
48430,25373
48431,25363
48432,25368
48433,25373
48434,25373
48435,25368
48436,25373
48437,25335
48438,25367
48439,25359
48440,25367
48441,25362
48442,25367
48443,25359
48444,25348
48445,25367
48446,25367
48447,25359
48448,25364
48449,25367
48450,25362
48451,25359
48452,25350
48453,25372
48454,25365
48455,25374
48456,25372
48457,25372
48458,25372
48459,25374
48460,25365
48461,25372
48462,25372
48463,25374
48464,25387
48465,25364
48466,25375
48467,25380
48468,25385
48469,25385
48470,25392
48471,25402
48472,25402
48473,25392
48474,25385
48475,25402
48476,25392
48477,25385
48478,25375
48479,25364
48480,25353
48481,25367
48482,25392
48483,25391
48484,25370
48485,25388
48486,25370
48487,25372
48488,25388
48489,25381
48490,25370
48491,25388
48492,25372
48493,25388
48494,25363
48495,25370
48496,25388
48497,25370
48498,25392
48499,25388
48500,25372
48501,25383
48502,25395
48503,25390
48504,25397
48505,25400
48506,25388
48507,25357
48508,25388
48509,25400
48510,25385
48511,25404
48512,25403
48513,25395
48514,25402
48515,25417
48516,25407
48517,25384
48518,25417
48519,25417
48520,25407
48521,25407
48522,25417
48523,25417
48524,25417
48525,25407
48526,25393
48527,25410
48528,25419
48529,25432
48530,25433
48531,25419
48532,25412
48533,25427
48534,25393
48535,25417
48536,25393
48537,25422
48538,25427
48539,25423
48540,25382
48541,25425
48542,25397
48543,25417
48544,25433
48545,25418
48546,25419
48547,25390
48548,25423
48549,25422
48550,25419
48551,25417
48552,25419
48553,25423
48554,25428
48555,25408
48556,25427
48557,25428
48558,25428
48559,25423
48560,25438
48561,25429
48562,25448
48563,25448
48564,25420
48565,25438
48566,25423
48567,25443
48568,25440
48569,25443
48570,25420
48571,25440
48572,25443
48573,25440
48574,25443
48575,25420
48576,25440
48577,25444
48578,25422
48579,25428
48580,25424
48581,25423
48582,25422
48583,25417
48584,25424
48585,25430
48586,25420
48587,25443
48588,25440
48589,25443
48590,25440
48591,25420
48592,25422
48593,25443
48594,25433
48595,25452
48596,25438
48597,25453
48598,25438
48599,25447
48600,25459
48601,25438
48602,25433
48603,25434
48604,25448
48605,25422
48606,25447
48607,25433
48608,25434
48609,25453
48610,25458
48611,25439
48612,25450
48613,25458
48614,25458
48615,25452
48616,25443
48617,25452
48618,25444
48619,25453
48620,25443
48621,25460
48622,25470
48623,25464
48624,25472
48625,25468
48626,25466
48627,25470
48628,25464
48629,25471
48630,25464
48631,25468
48632,25474
48633,25435
48634,25453
48635,25452
48636,25435
48637,25444
48638,25435
48639,25453
48640,25452
48641,25435
48642,25468
48643,25458
48644,25450
48645,25439
48646,25458
48647,25458
48648,25438
48649,25465
48650,25453
48651,25447
48652,25472
48653,25469
48654,25458
48655,25469
48656,25470
48657,25443
48658,25469
48659,25453
48660,25459
48661,25473
48662,25473
48663,25453
48664,25465
48665,25447
48666,25465
48667,25453
48668,25447
48669,25465
48670,25453
48671,25465
48672,25447
48673,25447
48674,25465
48675,25453
48676,25447
48677,25465
48678,25438
48679,25450
48680,25458
48681,25450
48682,25458
48683,25458
48684,25439
48685,25433
48686,25459
48687,25438
48688,25440
48689,25400
48690,25432
48691,25430
48692,25409
48693,25453
48694,25464
48695,25449
48696,25452
48697,25464
48698,25409
48699,25453
48700,25440
48701,25388
48702,25439
48703,25388
48704,25434
48705,25439
48706,25388
48707,25425
48708,25388
48709,25441
48710,25439
48711,25434
48712,25388
48713,25439
48714,25388
48715,25462
48716,25453
48717,25453
48718,25449
48719,25453
48720,25459
48721,25453
48722,25443
48723,25435
48724,25448
48725,25453
48726,25449
48727,25457
48728,25441
48729,25463
48730,25463
48731,25449
48732,25454
48733,25463
48734,25450
48735,25478
48736,25460
48737,25444
48738,25478
48739,25444
48740,25460
48741,25478
48742,25480
48743,25485
48744,25479
48745,25462
48746,25484
48747,25493
48748,25495
48749,25485
48750,25472
48751,25480
48752,25480
48753,25467
48754,25488
48755,25493
48756,25493
48757,25468
48758,25484
48759,25493
48760,25457
48761,25493
48762,25479
48763,25497
48764,25495
48765,25494
48766,25479
48767,25472
48768,25472
48769,25479
48770,25480
48771,25505
48772,25463
48773,25467
48774,25492
48775,25478
48776,25486
48777,25485
48778,25486
48779,25487
48780,25486
48781,25504
48782,25493
48783,25514
48784,25535
48785,25513
48786,25525
48787,25528
48788,25520
48789,25528
48790,25502
48791,25517
48792,25515
48793,25490
48794,25523
48795,25522
48796,25518
48797,25503
48798,25513
48799,25518
48800,25505
48801,25537
48802,25543
48803,25533
48804,25528
48805,25509
48806,25527
48807,25499
48808,25503
48809,25527
48810,25509
48811,25534
48812,25515
48813,25524
48814,25517
48815,25532
48816,25517
48817,25543
48818,25528
48819,25544
48820,25553
48821,25542
48822,25552
48823,25544
48824,25552
48825,25544
48826,25543
48827,25544
48828,25544
48829,25552
48830,25558
48831,25538
48832,25530
48833,25538
48834,25555
48835,25558
48836,25545
48837,25558
48838,25558
48839,25558
48840,25554
48841,25568
48842,25562
48843,25562
48844,25570
48845,25564
48846,25577
48847,25578
48848,25588
48849,25558
48850,25588
48851,25578
48852,25578
48853,25588
48854,25535
48855,25578
48856,25579
48857,25588
48858,25578
48859,25558
48860,25588
48861,25578
48862,25578
48863,25579
48864,25558
48865,25569
48866,25568
48867,25582
48868,25580
48869,25582
48870,25568
48871,25582
48872,25580
48873,25582
48874,25580
48875,25592
48876,25591
48877,25582
48878,25592
48879,25585
48880,25542
48881,25562
48882,25584
48883,25562
48884,25542
48885,25584
48886,25542
48887,25562
48888,25542
48889,25584
48890,25542
48891,25584
48892,25578
48893,25573
48894,25577
48895,25563
48896,25539
48897,25587
48898,25580
48899,25539
48900,25559
48901,25587
48902,25577
48903,25582
48904,25553
48905,25572
48906,25582
48907,25553
48908,25582
48909,25572
48910,25570
48911,25553
48912,25582
48913,25588
48914,25569
48915,25597
48916,25583
48917,25594
48918,25583
48919,25599
48920,25594
48921,25582
48922,25583
48923,25594
48924,25598
48925,25608
48926,25608
48927,25604
48928,25585
48929,25614
48930,25620
48931,25608
48932,25620
48933,25620
48934,25619
48935,25630
48936,25620
48937,25628
48938,25618
48939,25602
48940,25622
48941,25622
48942,25622
48943,25613
48944,25622
48945,25628
48946,25623
48947,25644
48948,25635
48949,25642
48950,25654
48951,25634
48952,25645
48953,25654
48954,25634
48955,25645
48956,25654
48957,25634
48958,25610
48959,25649
48960,25653
48961,25653
48962,25668
48963,25674
48964,25668
48965,25674
48966,25668
48967,25662
48968,25674
48969,25668
48970,25674
48971,25668
48972,25663
48973,25674
48974,25668
48975,25662
48976,25672
48977,25669
48978,25664
48979,25666
48980,25669
48981,25664
48982,25664
48983,25669
48984,25664
48985,25669
48986,25664
48987,25648
48988,25664
48989,25672
48990,25674
48991,25668
48992,25674
48993,25668
48994,25663
48995,25674
48996,25668
48997,25674
48998,25659
48999,25665
49000,25667
49001,25648
49002,25667
49003,25672
49004,25665
49005,25653
49006,25637
49007,25665
49008,25653
49009,25665
49010,25665
49011,25655
49012,25653
49013,25665
49014,25653
49015,25665
49016,25672
49017,25667
49018,25648
49019,25665
49020,25667
49021,25648
49022,25665
49023,25665
49024,25672
49025,25660
49026,25672
49027,25665
49028,25672
49029,25665
49030,25667
49031,25665
49032,25655
49033,25650
49034,25647
49035,25684
49036,25678
49037,25679
49038,25684
49039,25684
49040,25674
49041,25678
49042,25684
49043,25647
49044,25660
49045,25664
49046,25640
49047,25655
49048,25667
49049,25625
49050,25667
49051,25625
49052,25640
49053,25625
49054,25667
49055,25657
49056,25667
49057,25648
49058,25667
49059,25650
49060,25648
49061,25667
49062,25653
49063,25648
49064,25667
49065,25663
49066,25679
49067,25677
49068,25675
49069,25684
49070,25684
49071,25690
49072,25670
49073,25663
49074,25670
49075,25667
49076,25670
49077,25693
49078,25700
49079,25697
49080,25693
49081,25670
49082,25670
49083,25667
49084,25663
49085,25658
49086,25670
49087,25670
49088,25677
49089,25698
49090,25697
49091,25688
49092,25697
49093,25668
49094,25695
49095,25708
49096,25688
49097,25702
49098,25708
49099,25698
49100,25697
49101,25688
49102,25684
49103,25708
49104,25702
49105,25688
49106,25698
49107,25703
49108,25715
49109,25707
49110,25722
49111,25710
49112,25704
49113,25714
49114,25724
49115,25708
49116,25724
49117,25722
49118,25725
49119,25734
49120,25714
49121,25725
49122,25723
49123,25699
49124,25734
49125,25725
49126,25719
49127,25727
49128,25725
49129,25686
49130,25725
49131,25719
49132,25728
49133,25727
49134,25728
49135,25745
49136,25736
49137,25736
49138,25755
49139,25755
49140,25750
49141,25732
49142,25769
49143,25747
49144,25765
49145,25769
49146,25760
49147,25769
49148,25765
49149,25782
49150,25783
49151,25778
49152,25778
49153,25777
49154,25778
49155,25778
49156,25800
49157,25800
49158,25798
49159,25784
49160,25785
49161,25785
49162,25802
49163,25789
49164,25785
49165,25773
49166,25763
49167,25779
49168,25787
49169,25763
49170,25787
49171,25763
49172,25779
49173,25763
49174,25787
49175,25763
49176,25779
49177,25800
49178,25787
49179,25763
49180,25779
49181,25763
49182,25787
49183,25778
49184,25779
49185,25774
49186,25798
49187,25774
49188,25788
49189,25779
49190,25794
49191,25794
49192,25774
49193,25788
49194,25798
49195,25774
49196,25779
49197,25794
49198,25803
49199,25800
49200,25814
49201,25788
49202,25808
49203,25787
49204,25800
49205,25793
49206,25800
49207,25787
49208,25800
49209,25808
49210,25793
49211,25800
49212,25787
49213,25800
49214,25795
49215,25800
49216,25805
49217,25813
49218,25813
49219,25804
49220,25813
49221,25813
49222,25822
49223,25817
49224,25823
49225,25808
49226,25817
49227,25813
49228,25823
49229,25817
49230,25805
49231,25820
49232,25795
49233,25777
49234,25811
49235,25833
49236,25818
49237,25832
49238,25815
49239,25798
49240,25833
49241,25812
49242,25823
49243,25818
49244,25812
49245,25823
49246,25783
49247,25812
49248,25838
49249,25823
49250,25812
49251,25837
49252,25812
49253,25823
49254,25838
49255,25812
49256,25823
49257,25837
49258,25812
49259,25838
49260,25823
49261,25830
49262,25838
49263,25823
49264,25804
49265,25833
49266,25834
49267,25812
49268,25825
49269,25842
49270,25798
49271,25830
49272,25838
49273,25822
49274,25842
49275,25830
49276,25842
49277,25830
49278,25827
49279,25818
49280,25838
49281,25835
49282,25838
49283,25818
49284,25837
49285,25838
49286,25823
49287,25838
49288,25833
49289,25828
49290,25818
49291,25832
49292,25808
49293,25825
49294,25820
49295,25840
49296,25822
49297,25847
49298,25840
49299,25847
49300,25817
49301,25835
49302,25844
49303,25840
49304,25832
49305,25832
49306,25832
49307,25832
49308,25832
49309,25837
49310,25847
49311,25840
49312,25847
49313,25817
49314,25847
49315,25840
49316,25847
49317,25793
49318,25844
49319,25834
49320,25842
49321,25818
49322,25840
49323,25853
49324,25842
49325,25869
49326,25838
49327,25868
49328,25858
49329,25842
49330,25852
49331,25859
49332,25850
49333,25864
49334,25839
49335,25864
49336,25864
49337,25873
49338,25888
49339,25868
49340,25893
49341,25885
49342,25883
49343,25893
49344,25873
49345,25890
49346,25883
49347,25890
49348,25880
49349,25890
49350,25883
49351,25898
49352,25904
49353,25897
49354,25884
49355,25898
49356,25904
49357,25898
49358,25904
49359,25898
49360,25897
49361,25884
49362,25904
49363,25888
49364,25898
49365,25884
49366,25910
49367,25908
49368,25895
49369,25908
49370,25910
49371,25913
49372,25912
49373,25910
49374,25921
49375,25912
49376,25921
49377,25910
49378,25912
49379,25913
49380,25921
49381,25913
49382,25912
49383,25910
49384,25921
49385,25908
49386,25907
49387,25918
49388,25897
49389,25919
49390,25920
49391,25923
49392,25914
49393,25903
49394,25929
49395,25912
49396,25903
49397,25920
49398,25923
49399,25914
49400,25919
49401,25903
49402,25929
49403,25923
49404,25918
49405,25924
49406,25934
49407,25924
49408,25923
49409,25943
49410,25947
49411,25928
49412,25942
49413,25945
49414,25958
49415,25934
49416,25945
49417,25938
49418,25948
49419,25940
49420,25940
49421,25947
49422,25940
49423,25928
49424,25928
49425,25924
49426,25948
49427,25938
49428,25943
49429,25942
49430,25929
49431,25943
49432,25949
49433,25940
49434,25929
49435,25949
49436,25943
49437,25947
49438,25924
49439,25942
49440,25943
49441,25920
49442,25948
49443,25900
49444,25938
49445,25935
49446,25948
49447,25946
49448,25948
49449,25952
49450,25948
49451,25945
49452,25940
49453,25947
49454,25945
49455,25905
49456,25947
49457,25947
49458,25947
49459,25945
49460,25940
49461,25947
49462,25963
49463,25959
49464,25963
49465,25939
49466,25958
49467,25959
49468,25939
49469,25963
49470,25965
49471,25977
49472,25958
49473,25965
49474,25947
49475,25977
49476,25958
49477,25957
49478,25970
49479,25958
49480,25947
49481,25962
49482,25954
49483,25965
49484,25959
49485,25954
49486,25965
49487,25958
49488,25960
49489,25978
49490,25973
49491,25972
49492,25973
49493,25974
49494,25973
49495,25953
49496,25967
49497,25964
49498,25973
49499,25958
49500,25929
49501,25968
49502,25972
49503,25953
49504,25953
49505,25929
49506,25972
49507,25978
49508,25979
49509,25984
49510,25953
49511,25975
49512,25979
49513,25984
49514,25979
49515,25953
49516,25984
49517,25979
49518,25968
49519,25975
49520,25953
49521,25979
49522,25984
49523,25979
49524,25989
49525,25983
49526,26000
49527,26005
49528,26010
49529,26008
49530,26016
49531,26002
49532,26005
49533,26006
49534,26005
49535,26005
49536,25998
49537,25983
49538,25998
49539,25990
49540,26004
49541,25994
49542,25985
49543,25999
49544,26006
49545,25997
49546,26008
49547,26016
49548,26008
49549,25998
49550,26024
49551,26010
49552,26018
49553,25998
49554,26006
49555,26004
49556,25999
49557,26005
49558,25968
49559,25999
49560,26004
49561,25994
49562,26003
49563,26010
49564,26013
49565,26003
49566,26003
49567,26018
49568,26025
49569,26014
49570,26033
49571,26025
49572,26033
49573,26018
49574,26025
49575,26027
49576,26028
49577,26018
49578,26018
49579,26014
49580,26018
49581,26018
49582,25959
49583,26028
49584,26027
49585,26025
49586,26019
49587,26025
49588,26012
49589,26025
49590,26027
49591,26025
49592,26033
49593,26024
49594,26029
49595,26027
49596,26024
49597,26029
49598,26034
49599,26043
49600,26048
49601,26042
49602,26025
49603,26038
49604,26045
49605,26034
49606,26045
49607,26043
49608,26016
49609,26017
49610,26033
49611,26023
49612,26044
49613,26045
49614,26043
49615,26030
49616,26044
49617,26054
49618,26030
49619,26048
49620,26028
49621,26050
49622,26043
49623,26028
49624,26040
49625,26033
49626,26030
49627,26042
49628,26064
49629,26063
49630,26034
49631,26022
49632,26043
49633,26003
49634,26058
49635,26055
49636,26050
49637,26045
49638,26055
49639,26030
49640,26045
49641,26041
49642,26041
49643,26024
49644,26030
49645,26041
49646,26045
49647,26041
49648,26054
49649,26064
49650,26052
49651,26054
49652,26041
49653,26024
49654,26041
49655,26045
49656,26041
49657,26058
49658,26048
49659,26048
49660,26053
49661,26054
49662,26043
49663,26060
49664,26044
49665,26054
49666,26052
49667,26059
49668,26069
49669,26068
49670,26067
49671,26063
49672,26068
49673,26063
49674,26067
49675,26039
49676,26069
49677,26053
49678,26070
49679,26059
49680,26063
49681,26059
49682,26054
49683,26052
49684,26059
49685,26052
49686,26054
49687,26059
49688,26052
49689,26057
49690,26072
49691,26068
49692,26057
49693,26072
49694,26068
49695,26059
49696,26049
49697,26072
49698,26073
49699,26065
49700,26082
49701,26065
49702,26085
49703,26087
49704,26076
49705,26057
49706,26076
49707,26087
49708,26076
49709,26077
49710,26064
49711,26093
49712,26082
49713,26097
49714,26078
49715,26083
49716,26083
49717,26060
49718,26086
49719,26083
49720,26083
49721,26078
49722,26080
49723,26092
49724,26068
49725,26093
49726,26068
49727,26092
49728,26083
49729,26068
49730,26093
49731,26067
49732,26092
49733,26092
49734,26105
49735,26104
49736,26094
49737,26094
49738,26108
49739,26067
49740,26094
49741,26074
49742,26094
49743,26088
49744,26115
49745,26067
49746,26115
49747,26088
49748,26115
49749,26116
49750,26118
49751,26112
49752,26124
49753,26114
49754,26112
49755,26118
49756,26112
49757,26104
49758,26123
49759,26090
49760,26123
49761,26123
49762,26118
49763,26124
49764,26113
49765,26128
49766,26115
49767,26119
49768,26113
49769,26128
49770,26115
49771,26105
49772,26128
49773,26115
49774,26113
49775,26124
49776,26119
49777,26137
49778,26138
49779,26148
49780,26122
49781,26145
49782,26122
49783,26148
49784,26143
49785,26122
49786,26148
49787,26145
49788,26148
49789,26163
49790,26128
49791,26145
49792,26152
49793,26178
49794,26178
49795,26174
49796,26175
49797,26185
49798,26180
49799,26188
49800,26188
49801,26185
49802,26180
49803,26188
49804,26173
49805,26180
49806,26185
49807,26188
49808,26180
49809,26173
49810,26185
49811,26180
49812,26188
49813,26168
49814,26188
49815,26188
49816,26164
49817,26188
49818,26142
49819,26177
49820,26173
49821,26188
49822,26164
49823,26188
49824,26177
49825,26188
49826,26183
49827,26198
49828,26198
49829,26198
49830,26198
49831,26198
49832,26198
49833,26198
49834,26198
49835,26198
49836,26198
49837,26198
49838,26198
49839,26198
49840,26198
49841,26198
49842,26198
49843,26168
49844,26198
49845,26198
49846,26198
49847,26198
49848,26198
49849,26198
49850,26198
49851,26198
49852,26190
49853,26190
49854,26213
49855,26213
49856,26202
49857,26109
49858,26214
49859,26218
49860,26189
49861,26205
49862,26217
49863,26189
49864,26189
49865,26189
49866,26178
49867,26205
49868,26217
49869,26189
49870,26209
49871,26205
49872,26222
49873,26233
49874,26233
49875,26213
49876,26233
49877,26179
49878,26233
49879,26184
49880,26232
49881,26207
49882,26213
49883,26225
49884,26232
49885,26234
49886,26225
49887,26223
49888,26237
49889,26229
49890,26225
49891,26225
49892,26234
49893,26233
49894,26233
49895,26218
49896,26238
49897,26234
49898,26233
49899,26225
49900,26238
49901,26220
49902,26215
49903,26192
49904,26238
49905,26238
49906,26234
49907,26253
49908,26240
49909,26233
49910,26233
49911,26253
49912,26253
49913,26260
49914,26250
49915,26260
49916,26219
49917,26260
49918,26260
49919,26249
49920,26252
49921,26253
49922,26250
49923,26253
49924,26253
49925,26252
49926,26250
49927,26253
49928,26253
49929,26235
49930,26229
49931,26235
49932,26237
49933,26235
49934,26250
49935,26260
49936,26249
49937,26238
49938,26265
49939,26273
49940,26253
49941,26252
49942,26273
49943,26256
49944,26273
49945,26273
49946,26253
49947,26273
49948,26252
49949,26273
49950,26256
49951,26273
49952,26253
49953,26265
49954,26238
49955,26260
49956,26249
49957,26238
49958,26265
49959,26253
49960,26273
49961,26252
49962,26273
49963,26273
49964,26256
49965,26273
49966,26253
49967,26252
49968,26273
49969,26273
49970,26256
49971,26273
49972,26253
49973,26220
49974,26258
49975,26248
49976,26270
49977,26269
49978,26274
49979,26273
49980,26273
49981,26264
49982,26268
49983,26282
49984,26260
49985,26277
49986,26282
49987,26277
49988,26277
49989,26282
49990,26277
49991,26282
49992,26280
49993,26293
49994,26277
49995,26271
49996,26285
49997,26293
49998,26284
49999,26304
50000,26279
