collision,total_bits
1,8
2,16
3,16
4,10
5,20
6,20
7,20
8,24
9,24
10,24
11,24
12,24
13,24
14,24
15,24
16,28
17,28
18,28
19,28
20,28
21,37
22,37
23,28
24,37
25,44
26,36
27,47
28,37
29,29
30,47
31,52
32,37
33,29
34,37
35,37
36,37
37,47
38,37
39,38
40,38
41,48
42,67
43,62
44,49
45,57
46,48
47,41
48,61
49,40
50,32
51,50
52,41
53,58
54,57
55,51
56,61
57,34
58,40
59,57
60,58
61,56
62,58
63,66
64,56
65,81
66,86
67,76
68,81
69,65
70,81
71,77
72,63
73,86
74,86
75,68
76,86
77,81
78,68
79,71
80,61
81,66
82,61
83,86
84,86
85,66
86,86
87,59
88,78
89,94
90,97
91,97
92,49
93,98
94,98
95,98
96,99
97,99
98,87
99,61
100,79
101,84
102,66
103,95
104,92
105,100
106,90
107,100
108,92
109,100
110,105
111,86
112,105
113,105
114,94
115,104
116,104
117,100
118,86
119,60
120,100
121,104
122,105
123,100
124,95
125,88
126,86
127,95
128,88
129,86
130,100
131,91
132,95
133,81
134,91
135,95
136,89
137,125
138,113
139,109
140,74
141,119
142,115
143,116
144,119
145,116
146,119
147,101
148,91
149,116
150,119
151,116
152,110
153,90
154,82
155,77
156,115
157,91
158,96
159,115
160,115
161,125
162,92
163,111
164,116
165,125
166,117
167,104
168,125
169,100
170,117
171,120
172,79
173,95
174,103
175,110
176,110
177,79
178,110
179,125
180,116
181,89
182,130
183,108
184,88
185,111
186,108
187,101
188,100
189,108
190,111
191,109
192,100
193,108
194,131
195,125
196,129
197,128
198,116
199,128
200,74
201,116
202,119
203,128
204,105
205,119
206,119
207,130
208,133
209,130
210,137
211,126
212,137
213,130
214,109
215,112
216,132
217,116
218,134
219,137
220,134
221,137
222,134
223,138
224,138
225,131
226,134
227,138
228,143
229,154
230,156
231,118
232,149
233,156
234,144
235,146
236,143
237,133
238,146
239,143
240,137
241,152
242,159
243,146
244,169
245,174
246,164
247,169
248,169
249,173
250,171
251,164
252,167
253,176
254,163
255,144
256,184
257,185
258,163
259,184
260,166
261,164
262,184
263,144
264,182
265,203
266,189
267,185
268,192
269,187
270,187
271,189
272,180
273,193
274,194
275,182
276,194
277,194
278,194
279,195
280,195
281,194
282,195
283,194
284,204
285,199
286,195
287,206
288,199
289,205
290,195
291,208
292,195
293,194
294,194
295,212
296,189
297,204
298,212
299,203
300,204
301,189
302,212
303,204
304,203
305,205
306,207
307,215
308,209
309,185
310,210
311,225
312,226
313,210
314,225
315,210
316,226
317,226
318,234
319,238
320,225
321,234
322,244
323,229
324,234
325,244
326,233
327,234
328,244
329,229
330,189
331,245
332,194
333,239
334,228
335,245
336,213
337,245
338,210
339,246
340,195
341,246
342,229
343,246
344,246
345,195
346,240
347,225
348,229
349,230
350,249
351,252
352,258
353,261
354,255
355,261
356,258
357,260
358,265
359,252
360,270
361,274
362,265
363,207
364,270
365,281
366,276
367,269
368,279
369,281
370,281
371,270
372,265
373,207
374,270
375,265
376,281
377,270
378,281
379,262
380,279
381,272
382,270
383,277
384,260
385,274
386,250
387,286
388,281
389,276
390,280
391,286
392,292
393,265
394,295
395,264
396,284
397,310
398,295
399,293
400,280
401,310
402,263
403,295
404,310
405,293
406,310
407,310
408,295
409,281
410,310
411,293
412,305
413,270
414,272
415,296
416,270
417,270
418,272
419,281
420,296
421,270
422,280
423,270
424,266
425,296
426,270
427,280
428,270
429,296
430,281
431,280
432,270
433,270
434,296
435,280
436,270
437,305
438,305
439,305
440,281
441,295
442,292
443,297
444,287
445,288
446,296
447,297
448,326
449,322
450,307
451,296
452,320
453,338
454,323
455,317
456,318
457,335
458,318
459,306
460,318
461,335
462,319
463,318
464,312
465,306
466,319
467,327
468,336
469,328
470,336
471,319
472,335
473,336
474,325
475,336
476,328
477,336
478,319
479,293
480,313
481,325
482,316
483,293
484,300
485,313
486,304
487,302
488,331
489,304
490,281
491,323
492,322
493,314
494,335
495,323
496,333
497,342
498,349
499,340
500,344
501,321
502,326
503,322
504,321
505,317
506,326
507,321
508,322
509,327
510,321
511,333
512,322
513,327
514,321
515,307
516,329
517,324
518,342
519,347
520,305
521,330
522,318
523,342
524,336
525,318
526,333
527,324
528,305
529,344
530,324
531,309
532,322
533,309
534,336
535,316
536,351
537,350
538,339
539,334
540,345
541,352
542,339
543,350
544,334
545,334
546,348
547,343
548,348
549,349
550,348
551,338
552,348
553,348
554,349
555,343
556,348
557,338
558,348
559,334
560,339
561,347
562,307
563,338
564,334
565,343
566,352
567,343
568,333
569,343
570,349
571,339
572,316
573,307
574,347
575,339
576,327
577,353
578,352
579,354
580,342
581,311
582,337
583,344
584,331
585,324
586,326
587,367
588,362
589,371
590,359
591,370
592,371
593,342
594,350
595,339
596,362
597,339
598,378
599,384
600,377
601,336
602,384
603,384
604,370
605,343
606,382
607,376
608,342
609,382
610,383
611,342
612,379
613,371
614,383
615,387
616,377
617,379
618,399
619,383
620,382
621,378
622,388
623,383
624,371
625,343
626,379
627,363
628,387
629,392
630,390
631,392
632,387
633,367
634,387
635,393
636,336
637,387
638,390
639,393
640,393
641,393
642,387
643,372
644,394
645,388
646,392
647,397
648,394
649,399
650,361
651,393
652,388
653,361
654,388
655,393
656,361
657,397
658,397
659,391
660,399
661,388
662,379
663,374
664,383
665,394
666,369
667,388
668,351
669,371
670,354
671,389
672,353
673,377
674,383
675,375
676,394
677,387
678,407
679,389
680,397
681,408
682,408
683,388
684,402
685,383
686,394
687,375
688,383
689,364
690,403
691,390
692,399
693,410
694,405
695,404
696,416
697,429
698,434
699,422
700,423
701,425
702,424
703,409
704,424
705,414
706,422
707,424
708,441
709,444
710,436
711,423
712,442
713,418
714,419
715,424
716,442
717,434
718,449
719,457
720,418
721,450
722,457
723,443
724,460
725,462
726,459
727,455
728,460
729,459
730,450
731,435
732,455
733,455
734,479
735,464
736,479
737,461
738,450
739,444
740,448
741,459
742,462
743,456
744,460
745,461
746,468
747,462
748,463
749,484
750,468
751,482
752,474
753,480
754,460
755,465
756,485
757,479
758,485
759,485
760,464
761,485
762,487
763,479
764,475
765,486
766,489
767,493
768,481
769,483
770,493
771,490
772,493
773,489
774,481
775,493
776,490
777,493
778,481
779,489
780,499
781,500
782,508
783,499
784,500
785,508
786,499
787,501
788,494
789,481
790,494
791,490
792,491
793,494
794,489
795,486
796,490
797,488
798,489
799,494
800,485
801,509
802,504
803,509
804,489
805,504
806,480
807,504
808,505
809,489
810,494
811,505
812,455
813,505
814,494
815,505
816,452
817,494
818,505
819,494
820,443
821,493
822,494
823,505
824,461
825,509
826,506
827,509
828,509
829,501
830,509
831,509
832,506
833,519
834,520
835,511
836,521
837,514
838,520
839,535
840,504
841,520
842,535
843,511
844,535
845,504
846,520
847,525
848,529
849,529
850,540
851,518
852,529
853,540
854,529
855,539
856,518
857,529
858,540
859,529
860,518
861,540
862,529
863,530
864,540
865,535
866,535
867,552
868,555
869,556
870,561
871,541
872,556
873,561
874,539
875,556
876,570
877,559
878,563
879,559
880,570
881,556
882,561
883,567
884,554
885,546
886,552
887,541
888,554
889,529
890,507
891,526
892,544
893,564
894,559
895,548
896,559
897,569
898,559
899,561
900,569
901,559
902,539
903,562
904,560
905,552
906,554
907,546
908,546
909,555
910,557
911,546
912,546
913,569
914,567
915,565
916,562
917,567
918,556
919,565
920,567
921,562
922,567
923,572
924,591
925,560
926,572
927,567
928,565
929,567
930,564
931,559
932,531
933,571
934,582
935,571
936,582
937,571
938,582
939,571
940,571
941,573
942,582
943,571
944,582
945,576
946,542
947,570
948,554
949,580
950,581
951,577
952,575
953,589
954,580
955,581
956,589
957,580
958,570
959,508
960,571
961,554
962,571
963,570
964,559
965,567
966,529
967,563
968,559
969,571
970,570
971,563
972,567
973,559
974,562
975,546
976,562
977,562
978,508
979,570
980,559
981,563
982,529
983,559
984,563
985,571
986,567
987,570
988,543
989,570
990,570
991,568
992,570
993,570
994,568
995,570
996,568
997,567
998,570
999,570
1000,570
1001,580
1002,581
1003,563
1004,580
1005,581
1006,580
1007,573
1008,563
1009,572
1010,570
1011,570
1012,543
1013,570
1014,563
1015,568
1016,571
1017,563
1018,552
1019,587
1020,582
1021,587
1022,582
1023,559
1024,587
1025,587
1026,582
1027,582
1028,587
1029,559
1030,573
1031,562
1032,573
1033,559
1034,587
1035,582
1036,587
1037,583
1038,560
1039,587
1040,582
1041,587
1042,583
1043,587
1044,581
1045,582
1046,587
1047,579
1048,576
1049,551
1050,576
1051,541
1052,551
1053,583
1054,583
1055,581
1056,564
1057,581
1058,583
1059,581
1060,583
1061,581
1062,574
1063,551
1064,576
1065,563
1066,572
1067,577
1068,553
1069,557
1070,586
1071,578
1072,581
1073,595
1074,587
1075,599
1076,581
1077,538
1078,573
1079,555
1080,559
1081,572
1082,559
1083,559
1084,572
1085,559
1086,564
1087,508
1088,559
1089,559
1090,572
1091,559
1092,590
1093,590
1094,591
1095,598
1096,590
1097,578
1098,567
1099,598
1100,587
1101,567
1102,597
1103,577
1104,587
1105,590
1106,593
1107,600
1108,603
1109,593
1110,577
1111,567
1112,577
1113,587
1114,590
1115,577
1116,577
1117,587
1118,578
1119,577
1120,587
1121,590
1122,577
1123,592
1124,592
1125,595
1126,601
1127,592
1128,586
1129,595
1130,601
1131,578
1132,599
1133,602
1134,583
1135,599
1136,599
1137,602
1138,590
1139,583
1140,570
1141,577
1142,597
1143,572
1144,596
1145,572
1146,587
1147,577
1148,587
1149,596
1150,561
1151,551
1152,595
1153,589
1154,578
1155,582
1156,592
1157,583
1158,593
1159,583
1160,598
1161,593
1162,583
1163,592
1164,593
1165,598
1166,583
1167,593
1168,583
1169,598
1170,593
1171,583
1172,596
1173,574
1174,591
1175,593
1176,581
1177,583
1178,593
1179,597
1180,608
1181,592
1182,609
1183,608
1184,592
1185,609
1186,585
1187,604
1188,608
1189,609
1190,593
1191,608
1192,609
1193,580
1194,609
1195,613
1196,624
1197,623
1198,624
1199,607
1200,622
1201,619
1202,607
1203,622
1204,607
1205,619
1206,622
1207,607
1208,607
1209,622
1210,578
1211,603
1212,607
1213,618
1214,607
1215,603
1216,618
1217,607
1218,597
1219,603
1220,593
1221,579
1222,622
1223,593
1224,579
1225,612
1226,628
1227,623
1228,625
1229,615
1230,639
1231,621
1232,633
1233,607
1234,608
1235,607
1236,608
1237,599
1238,607
1239,608
1240,607
1241,608
1242,625
1243,607
1244,608
1245,607
1246,599
1247,608
1248,607
1249,608
1250,607
1251,625
1252,642
1253,628
1254,633
1255,633
1256,639
1257,633
1258,633
1259,633
1260,633
1261,639
1262,633
1263,648
1264,658
1265,658
1266,639
1267,664
1268,643
1269,628
1270,643
1271,664
1272,639
1273,658
1274,658
1275,648
1276,654
1277,654
1278,643
1279,637
1280,654
1281,648
1282,654
1283,643
1284,654
1285,651
1286,646
1287,633
1288,633
1289,636
1290,634
1291,638
1292,648
1293,658
1294,646
1295,658
1296,646
1297,633
1298,658
1299,648
1300,642
1301,643
1302,643
1303,652
1304,643
1305,643
1306,643
1307,634
1308,643
1309,634
1310,623
1311,654
1312,652
1313,608
1314,658
1315,627
1316,626
1317,649
1318,657
1319,627
1320,626
1321,658
1322,643
1323,627
1324,658
1325,657
1326,627
1327,643
1328,658
1329,657
1330,628
1331,663
1332,653
1333,658
1334,664
1335,664
1336,656
1337,663
1338,646
1339,652
1340,632
1341,643
1342,646
1343,632
1344,652
1345,646
1346,643
1347,662
1348,663
1349,642
1350,663
1351,665
1352,659
1353,663
1354,662
1355,643
1356,646
1357,652
1358,632
1359,646
1360,643
1361,632
1362,652
1363,646
1364,664
1365,656
1366,664
1367,663
1368,646
1369,632
1370,643
1371,646
1372,652
1373,632
1374,664
1375,653
1376,642
1377,642
1378,653
1379,640
1380,642
1381,654
1382,658
1383,655
1384,613
1385,647
1386,649
1387,650
1388,647
1389,639
1390,650
1391,647
1392,650
1393,647
1394,650
1395,647
1396,647
1397,650
1398,647
1399,650
1400,647
1401,650
1402,650
1403,647
1404,650
1405,647
1406,663
1407,675
1408,649
1409,670
1410,665
1411,675
1412,649
1413,649
1414,675
1415,670
1416,665
1417,675
1418,664
1419,670
1420,649
1421,675
1422,673
1423,677
1424,668
1425,670
1426,677
1427,677
1428,677
1429,668
1430,670
1431,677
1432,665
1433,653
1434,665
1435,675
1436,649
1437,670
1438,674
1439,670
1440,677
1441,668
1442,677
1443,677
1444,670
1445,665
1446,677
1447,668
1448,677
1449,653
1450,675
1451,629
1452,674
1453,665
1454,653
1455,674
1456,683
1457,683
1458,682
1459,683
1460,665
1461,671
1462,675
1463,649
1464,663
1465,648
1466,650
1467,663
1468,671
1469,675
1470,665
1471,649
1472,671
1473,675
1474,665
1475,649
1476,675
1477,671
1478,663
1479,650
1480,648
1481,646
1482,665
1483,664
1484,653
1485,673
1486,668
1487,653
1488,673
1489,653
1490,668
1491,669
1492,668
1493,666
1494,658
1495,668
1496,629
1497,653
1498,670
1499,669
1500,673
1501,658
1502,668
1503,658
1504,666
1505,668
1506,664
1507,658
1508,668
1509,670
1510,658
1511,668
1512,666
1513,646
1514,671
1515,675
1516,665
1517,649
1518,671
1519,675
1520,649
1521,675
1522,671
1523,665
1524,664
1525,651
1526,648
1527,663
1528,675
1529,649
1530,671
1531,675
1532,665
1533,671
1534,649
1535,653
1536,647
1537,644
1538,644
1539,630
1540,644
1541,678
1542,675
1543,657
1544,673
1545,655
1546,659
1547,687
1548,688
1549,659
1550,688
1551,704
1552,702
1553,703
1554,692
1555,710
1556,676
1557,708
1558,703
1559,718
1560,703
1561,715
1562,713
1563,715
1564,713
1565,715
1566,693
1567,713
1568,715
1569,713
1570,715
1571,682
1572,700
1573,687
1574,701
1575,677
1576,654
1577,697
1578,654
1579,701
1580,703
1581,698
1582,714
1583,708
1584,698
1585,701
1586,714
1587,698
1588,706
1589,722
1590,726
1591,712
1592,721
1593,727
1594,734
1595,708
1596,723
1597,727
1598,734
1599,719
1600,734
1601,728
1602,723
1603,708
1604,734
1605,728
1606,721
1607,712
1608,726
1609,722
1610,718
1611,724
1612,714
1613,718
1614,694
1615,659
1616,703
1617,703
1618,694
1619,708
1620,703
1621,659
1622,694
1623,703
1624,689
1625,707
1626,689
1627,707
1628,689
1629,699
1630,689
1631,707
1632,689
1633,708
1634,738
1635,724
1636,725
1637,743
1638,748
1639,707
1640,727
1641,721
1642,748
1643,727
1644,721
1645,748
1646,707
1647,727
1648,720
1649,720
1650,720
1651,726
1652,744
1653,733
1654,744
1655,728
1656,744
1657,739
1658,739
1659,748
1660,738
1661,748
1662,725
1663,748
1664,738
1665,748
1666,743
1667,761
1668,738
1669,761
1670,761
1671,730
1672,744
1673,761
1674,738
1675,736
1676,761
1677,748
1678,758
1679,750
1680,758
1681,763
1682,750
1683,758
1684,750
1685,753
1686,713
1687,748
1688,713
1689,725
1690,773
1691,773
1692,743
1693,734
1694,749
1695,773
1696,773
1697,748
1698,734
1699,773
1700,743
1701,748
1702,760
1703,755
1704,760
1705,731
1706,751
1707,762
1708,756
1709,781
1710,765
1711,749
1712,765
1713,781
1714,766
1715,785
1716,794
1717,776
1718,794
1719,775
1720,793
1721,795
1722,781
1723,771
1724,790
1725,781
1726,771
1727,776
1728,781
1729,771
1730,781
1731,776
1732,790
1733,771
1734,781
1735,733
1736,786
1737,803
1738,801
1739,803
1740,793
1741,795
1742,808
1743,790
1744,803
1745,803
1746,797
1747,793
1748,803
1749,803
1750,801
1751,803
1752,786
1753,803
1754,801
1755,784
1756,803
1757,803
1758,801
1759,799
1760,816
1761,808
1762,805
1763,806
1764,813
1765,803
1766,793
1767,795
1768,816
1769,795
1770,816
1771,793
1772,811
1773,813
1774,813
1775,823
1776,833
1777,816
1778,829
1779,829
1780,833
1781,823
1782,829
1783,823
1784,833
1785,829
1786,823
1787,833
1788,835
1789,835
1790,839
1791,829
1792,835
1793,835
1794,829
1795,856
1796,842
1797,854
1798,849
1799,856
1800,840
1801,851
1802,853
1803,851
1804,861
1805,853
1806,840
1807,848
1808,851
1809,838
1810,848
1811,840
1812,851
1813,853
1814,820
1815,829
1816,828
1817,820
1818,826
1819,816
1820,829
1821,820
1822,810
1823,826
1824,820
1825,856
1826,851
1827,848
1828,849
1829,858
1830,850
1831,849
1832,858
1833,841
1834,855
1835,858
1836,854
1837,858
1838,858
1839,849
1840,859
1841,858
1842,859
1843,854
1844,849
1845,859
1846,858
1847,859
1848,859
1849,854
1850,849
1851,858
1852,859
1853,855
1854,858
1855,850
1856,841
1857,850
1858,858
1859,845
1860,827
1861,822
1862,835
1863,839
1864,822
1865,835
1866,827
1867,822
1868,830
1869,835
1870,827
1871,830
1872,835
1873,827
1874,839
1875,830
1876,835
1877,837
1878,840
1879,851
1880,856
1881,838
1882,851
1883,839
1884,859
1885,853
1886,851
1887,839
1888,859
1889,851
1890,856
1891,839
1892,851
1893,859
1894,851
1895,839
1896,851
1897,859
1898,871
1899,865
1900,859
1901,877
1902,853
1903,862
1904,865
1905,859
1906,851
1907,852
1908,863
1909,873
1910,877
1911,864
1912,881
1913,887
1914,875
1915,881
1916,885
1917,887
1918,881
1919,882
1920,866
1921,884
1922,895
1923,887
1924,866
1925,895
1926,887
1927,866
1928,884
1929,895
1930,885
1931,888
1932,882
1933,895
1934,888
1935,895
1936,901
1937,907
1938,902
1939,901
1940,907
1941,902
1942,874
1943,901
1944,907
1945,886
1946,876
1947,896
1948,881
1949,894
1950,892
1951,900
1952,895
1953,901
1954,894
1955,881
1956,876
1957,889
1958,869
1959,879
1960,901
1961,899
1962,910
1963,886
1964,874
1965,892
1966,904
1967,910
1968,886
1969,909
1970,900
1971,903
1972,909
1973,905
1974,898
1975,880
1976,892
1977,881
1978,901
1979,899
1980,906
1981,895
1982,902
1983,906
1984,881
1985,901
1986,899
1987,893
1988,881
1989,899
1990,901
1991,901
1992,897
1993,908
1994,903
1995,903
1996,922
1997,919
1998,897
1999,901
2000,919
2001,922
2002,896
2003,922
2004,921
2005,930
2006,922
2007,919
2008,922
2009,897
2010,919
2011,909
2012,922
2013,880
2014,919
2015,914
2016,896
2017,919
2018,922
2019,902
2020,909
2021,896
2022,922
2023,919
2024,927
2025,919
2026,922
2027,910
2028,924
2029,919
2030,906
2031,924
2032,924
2033,932
2034,945
2035,925
2036,921
2037,945
2038,945
2039,906
2040,945
2041,936
2042,936
2043,945
2044,926
2045,935
2046,947
2047,936
2048,926
2049,918
2050,944
2051,947
2052,937
2053,949
2054,947
2055,934
2056,944
2057,947
2058,947
2059,949
2060,944
2061,947
2062,937
2063,947
2064,934
2065,949
2066,944
2067,947
2068,947
2069,949
2070,936
2071,947
2072,937
2073,934
2074,947
2075,936
2076,949
2077,947
2078,947
2079,944
2080,949
2081,947
2082,937
2083,944
2084,934
2085,947
2086,949
2087,947
2088,944
2089,947
2090,921
2091,944
2092,947
2093,927
2094,944
2095,931
2096,912
2097,924
2098,947
2099,926
2100,940
2101,949
2102,950
2103,942
2104,920
2105,934
2106,927
2107,955
2108,959
2109,941
2110,950
2111,940
2112,942
2113,952
2114,950
2115,962
2116,963
2117,961
2118,955
2119,972
2120,974
2121,971
2122,975
2123,975
2124,957
2125,975
2126,975
2127,987
2128,997
2129,1001
2130,991
2131,982
2132,1014
2133,1009
2134,1017
2135,1012
2136,1027
2137,1011
2138,1027
2139,1006
2140,1027
2141,1021
2142,1024
2143,1016
2144,1032
2145,1014
2146,1024
2147,1016
2148,1031
2149,1039
2150,1037
2151,1021
2152,1027
2153,982
2154,1009
2155,1032
2156,1024
2157,1010
2158,1032
2159,1014
2160,1028
2161,1029
2162,1005
2163,1021
2164,1029
2165,1028
2166,1029
2167,1006
2168,1029
2169,1008
2170,1029
2171,1021
2172,1029
2173,1029
2174,1028
2175,1029
2176,1021
2177,1029
2178,1017
2179,1014
2180,1010
2181,1032
2182,1032
2183,1020
2184,1046
2185,1026
2186,1020
2187,1046
2188,1037
2189,1047
2190,1019
2191,1030
2192,1049
2193,1039
2194,1029
2195,1030
2196,1027
2197,1045
2198,1041
2199,1040
2200,1041
2201,1050
2202,1041
2203,1040
2204,1022
2205,1040
2206,1042
2207,1048
2208,1046
2209,1039
2210,1048
2211,1042
2212,1025
2213,1040
2214,1042
2215,1042
2216,1034
2217,1025
2218,1042
2219,1045
2220,1044
2221,1037
2222,1049
2223,1035
2224,1054
2225,1039
2226,1054
2227,1051
2228,1047
2229,1054
2230,1039
2231,1054
2232,1039
2233,1061
2234,1057
2235,1042
2236,1061
2237,1055
2238,1049
2239,1049
2240,1037
2241,1049
2242,1044
2243,1037
2244,1049
2245,1049
2246,1055
2247,1054
2248,1059
2249,1051
2250,1067
2251,1047
2252,1027
2253,1067
2254,1047
2255,1076
2256,1076
2257,1070
2258,1080
2259,1079
2260,1076
2261,1081
2262,1079
2263,1087
2264,1084
2265,1091
2266,1061
2267,1090
2268,1079
2269,1087
2270,1050
2271,1092
2272,1058
2273,1076
2274,1061
2275,1087
2276,1080
2277,1061
2278,1087
2279,1080
2280,1061
2281,1082
2282,1096
2283,1087
2284,1086
2285,1107
2286,1100
2287,1111
2288,1105
2289,1114
2290,1106
2291,1115
2292,1091
2293,1110
2294,1115
2295,1108
2296,1115
2297,1091
2298,1115
2299,1083
2300,1114
2301,1105
2302,1107
2303,1114
2304,1089
2305,1106
2306,1106
2307,1105
2308,1106
2309,1106
2310,1106
2311,1116
2312,1097
2313,1087
2314,1087
2315,1092
2316,1107
2317,1090
2318,1092
2319,1044
2320,1107
2321,1092
2322,1105
2323,1102
2324,1066
2325,1061
2326,1097
2327,1102
2328,1111
2329,1121
2330,1121
2331,1121
2332,1081
2333,1121
2334,1121
2335,1121
2336,1121
2337,1121
2338,1120
2339,1123
2340,1114
2341,1137
2342,1127
2343,1130
2344,1121
2345,1147
2346,1131
2347,1139
2348,1147
2349,1131
2350,1130
2351,1131
2352,1147
2353,1144
2354,1131
2355,1147
2356,1131
2357,1130
2358,1131
2359,1147
2360,1124
2361,1127
2362,1105
2363,1115
2364,1127
2365,1125
2366,1119
2367,1110
2368,1110
2369,1110
2370,1131
2371,1120
2372,1110
2373,1110
2374,1135
2375,1141
2376,1151
2377,1145
2378,1147
2379,1122
2380,1141
2381,1136
2382,1141
2383,1116
2384,1135
2385,1127
2386,1144
2387,1141
2388,1125
2389,1124
2390,1131
2391,1149
2392,1137
2393,1141
2394,1137
2395,1113
2396,1131
2397,1141
2398,1131
2399,1149
2400,1142
2401,1142
2402,1151
2403,1166
2404,1136
2405,1162
2406,1166
2407,1136
2408,1152
2409,1118
2410,1161
2411,1155
2412,1161
2413,1170
2414,1177
2415,1170
2416,1177
2417,1170
2418,1182
2419,1171
2420,1192
2421,1136
2422,1170
2423,1171
2424,1172
2425,1192
2426,1183
2427,1192
2428,1171
2429,1177
2430,1182
2431,1172
2432,1172
2433,1182
2434,1172
2435,1172
2436,1182
2437,1169
2438,1198
2439,1190
2440,1182
2441,1208
2442,1193
2443,1198
2444,1177
2445,1202
2446,1166
2447,1186
2448,1152
2449,1191
2450,1192
2451,1181
2452,1196
2453,1192
2454,1196
2455,1196
2456,1202
2457,1196
2458,1195
2459,1190
2460,1195
2461,1190
2462,1201
2463,1190
2464,1158
2465,1201
2466,1190
2467,1212
2468,1207
2469,1202
2470,1208
2471,1200
2472,1200
2473,1202
2474,1207
2475,1200
2476,1202
2477,1207
2478,1200
2479,1202
2480,1202
2481,1207
2482,1200
2483,1207
2484,1200
2485,1195
2486,1188
2487,1207
2488,1190
2489,1192
2490,1202
2491,1212
2492,1220
2493,1217
2494,1212
2495,1220
2496,1217
2497,1217
2498,1212
2499,1220
2500,1220
2501,1206
2502,1176
2503,1206
2504,1178
2505,1191
2506,1206
2507,1206
2508,1226
2509,1221
2510,1230
2511,1216
2512,1230
2513,1220
2514,1229
2515,1230
2516,1226
2517,1206
2518,1177
2519,1217
2520,1209
2521,1236
2522,1218
2523,1236
2524,1225
2525,1220
2526,1207
2527,1213
2528,1215
2529,1217
2530,1220
2531,1213
2532,1220
2533,1206
2534,1217
2535,1217
2536,1212
2537,1221
2538,1215
2539,1221
2540,1217
2541,1212
2542,1217
2543,1206
2544,1220
2545,1213
2546,1217
2547,1220
2548,1213
2549,1208
2550,1217
2551,1202
2552,1208
2553,1217
2554,1217
2555,1208
2556,1195
2557,1228
2558,1218
2559,1221
2560,1228
2561,1213
2562,1231
2563,1196
2564,1231
2565,1218
2566,1212
2567,1231
2568,1196
2569,1220
2570,1206
2571,1225
2572,1148
2573,1206
2574,1206
2575,1195
2576,1196
2577,1220
2578,1220
2579,1227
2580,1201
2581,1225
2582,1220
2583,1227
2584,1196
2585,1206
2586,1195
2587,1225
2588,1206
2589,1218
2590,1206
2591,1206
2592,1225
2593,1206
2594,1195
2595,1148
2596,1206
2597,1206
2598,1206
2599,1195
2600,1206
2601,1231
2602,1220
2603,1235
2604,1228
2605,1220
2606,1235
2607,1220
2608,1228
2609,1218
2610,1235
2611,1220
2612,1232
2613,1207
2614,1220
2615,1235
2616,1231
2617,1235
2618,1232
2619,1211
2620,1232
2621,1225
2622,1237
2623,1226
2624,1218
2625,1226
2626,1237
2627,1232
2628,1226
2629,1237
2630,1218
2631,1226
2632,1232
2633,1205
2634,1232
2635,1236
2636,1253
2637,1249
2638,1249
2639,1248
2640,1249
2641,1249
2642,1235
2643,1249
2644,1248
2645,1186
2646,1249
2647,1256
2648,1260
2649,1263
2650,1268
2651,1250
2652,1263
2653,1268
2654,1263
2655,1268
2656,1260
2657,1251
2658,1268
2659,1263
2660,1251
2661,1268
2662,1263
2663,1260
2664,1240
2665,1262
2666,1261
2667,1186
2668,1261
2669,1262
2670,1251
2671,1268
2672,1257
2673,1263
2674,1262
2675,1277
2676,1267
2677,1269
2678,1256
2679,1268
2680,1261
2681,1258
2682,1263
2683,1261
2684,1262
2685,1261
2686,1261
2687,1263
2688,1261
2689,1255
2690,1261
2691,1249
2692,1240
2693,1240
2694,1253
2695,1248
2696,1250
2697,1253
2698,1248
2699,1253
2700,1251
2701,1253
2702,1248
2703,1250
2704,1240
2705,1253
2706,1263
2707,1248
2708,1253
2709,1250
2710,1248
2711,1258
2712,1267
2713,1258
2714,1268
2715,1262
2716,1266
2717,1233
2718,1271
2719,1263
2720,1266
2721,1233
2722,1234
2723,1266
2724,1234
2725,1271
2726,1277
2727,1272
2728,1263
2729,1251
2730,1272
2731,1247
2732,1272
2733,1247
2734,1262
2735,1276
2736,1257
2737,1272
2738,1257
2739,1272
2740,1275
2741,1272
2742,1240
2743,1275
2744,1272
2745,1275
2746,1269
2747,1277
2748,1286
2749,1277
2750,1287
2751,1296
2752,1293
2753,1273
2754,1296
2755,1288
2756,1296
2757,1292
2758,1295
2759,1300
2760,1302
2761,1282
2762,1281
2763,1300
2764,1302
2765,1302
2766,1282
2767,1281
2768,1302
2769,1300
2770,1302
2771,1274
2772,1282
2773,1281
2774,1302
2775,1300
2776,1282
2777,1302
2778,1281
2779,1280
2780,1278
2781,1307
2782,1307
2783,1295
2784,1300
2785,1280
2786,1291
2787,1294
2788,1254
2789,1303
2790,1302
2791,1300
2792,1282
2793,1281
2794,1302
2795,1305
2796,1303
2797,1313
2798,1312
2799,1280
2800,1294
2801,1295
2802,1280
2803,1294
2804,1317
2805,1317
2806,1293
2807,1304
2808,1315
2809,1293
2810,1317
2811,1315
2812,1317
2813,1281
2814,1316
2815,1307
2816,1316
2817,1301
2818,1317
2819,1305
2820,1317
2821,1322
2822,1307
2823,1327
2824,1327
2825,1316
2826,1331
2827,1332
2828,1349
2829,1346
2830,1337
2831,1346
2832,1326
2833,1349
2834,1328
2835,1346
2836,1326
2837,1349
2838,1338
2839,1346
2840,1337
2841,1349
2842,1346
2843,1352
2844,1362
2845,1343
2846,1362
2847,1362
2848,1343
2849,1347
2850,1362
2851,1347
2852,1361
2853,1351
2854,1356
2855,1362
2856,1362
2857,1356
2858,1351
2859,1361
2860,1347
2861,1362
2862,1347
2863,1332
2864,1362
2865,1343
2866,1362
2867,1347
2868,1343
2869,1362
2870,1347
2871,1361
2872,1351
2873,1332
2874,1371
2875,1361
2876,1329
2877,1371
2878,1356
2879,1362
2880,1340
2881,1362
2882,1368
2883,1367
2884,1366
2885,1382
2886,1339
2887,1371
2888,1373
2889,1376
2890,1373
2891,1308
2892,1376
2893,1357
2894,1373
2895,1372
2896,1376
2897,1373
2898,1357
2899,1376
2900,1373
2901,1362
2902,1367
2903,1382
2904,1353
2905,1362
2906,1362
2907,1353
2908,1382
2909,1367
2910,1366
2911,1344
2912,1367
2913,1382
2914,1366
2915,1381
2916,1372
2917,1381
2918,1381
2919,1378
2920,1384
2921,1359
2922,1374
2923,1396
2924,1398
2925,1387
2926,1398
2927,1396
2928,1388
2929,1387
2930,1391
2931,1388
2932,1393
2933,1398
2934,1381
2935,1406
2936,1407
2937,1413
2938,1391
2939,1406
2940,1412
2941,1406
2942,1419
2943,1417
2944,1417
2945,1426
2946,1417
2947,1417
2948,1395
2949,1412
2950,1418
2951,1422
2952,1424
2953,1412
2954,1424
2955,1412
2956,1422
2957,1437
2958,1443
2959,1444
2960,1431
2961,1440
2962,1447
2963,1448
2964,1449
2965,1448
2966,1448
2967,1458
2968,1433
2969,1452
2970,1443
2971,1419
2972,1443
2973,1463
2974,1443
2975,1458
2976,1446
2977,1452
2978,1461
2979,1463
2980,1461
2981,1467
2982,1464
2983,1446
2984,1458
2985,1462
2986,1476
2987,1478
2988,1462
2989,1482
2990,1466
2991,1478
2992,1475
2993,1473
2994,1471
2995,1478
2996,1484
2997,1480
2998,1491
2999,1496
3000,1467
3001,1489
3002,1476
3003,1497
3004,1478
3005,1477
3006,1491
3007,1467
3008,1469
3009,1471
3010,1489
3011,1494
3012,1493
3013,1471
3014,1494
3015,1487
3016,1468
3017,1494
3018,1476
3019,1493
3020,1494
3021,1484
3022,1489
3023,1489
3024,1489
3025,1464
3026,1488
3027,1493
3028,1494
3029,1471
3030,1494
3031,1476
3032,1493
3033,1494
3034,1484
3035,1489
3036,1489
3037,1489
3038,1464
3039,1489
3040,1476
3041,1479
3042,1498
3043,1506
3044,1516
3045,1506
3046,1516
3047,1506
3048,1502
3049,1479
3050,1482
3051,1489
3052,1504
3053,1479
3054,1479
3055,1516
3056,1508
3057,1516
3058,1508
3059,1472
3060,1512
3061,1508
3062,1516
3063,1523
3064,1535
3065,1534
3066,1535
3067,1527
3068,1534
3069,1535
3070,1534
3071,1535
3072,1539
3073,1542
3074,1539
3075,1556
3076,1519
3077,1535
3078,1521
3079,1539
3080,1523
3081,1537
3082,1539
3083,1521
3084,1537
3085,1546
3086,1537
3087,1539
3088,1521
3089,1542
3090,1539
3091,1550
3092,1543
3093,1551
3094,1524
3095,1553
3096,1542
3097,1556
3098,1547
3099,1541
3100,1537
3101,1542
3102,1553
3103,1524
3104,1510
3105,1513
3106,1542
3107,1562
3108,1543
3109,1550
3110,1539
3111,1550
3112,1539
3113,1543
3114,1550
3115,1542
3116,1537
3117,1539
3118,1521
3119,1546
3120,1531
3121,1534
3122,1539
3123,1535
3124,1544
3125,1539
3126,1546
3127,1534
3128,1523
3129,1534
3130,1532
3131,1538
3132,1534
3133,1542
3134,1548
3135,1530
3136,1529
3137,1539
3138,1544
3139,1542
3140,1532
3141,1529
3142,1536
3143,1529
3144,1532
3145,1529
3146,1529
3147,1547
3148,1538
3149,1532
3150,1547
3151,1549
3152,1547
3153,1538
3154,1549
3155,1547
3156,1532
3157,1523
3158,1539
3159,1537
3160,1521
3161,1535
3162,1519
3163,1556
3164,1556
3165,1539
3166,1532
3167,1537
3168,1564
3169,1561
3170,1562
3171,1549
3172,1532
3173,1562
3174,1564
3175,1561
3176,1547
3177,1539
3178,1550
3179,1543
3180,1550
3181,1539
3182,1542
3183,1521
3184,1537
3185,1539
3186,1546
3187,1539
3188,1544
3189,1546
3190,1537
3191,1539
3192,1521
3193,1547
3194,1542
3195,1541
3196,1531
3197,1546
3198,1556
3199,1538
3200,1542
3201,1534
3202,1537
3203,1557
3204,1553
3205,1539
3206,1559
3207,1550
3208,1542
3209,1506
3210,1562
3211,1552
3212,1551
3213,1562
3214,1562
3215,1551
3216,1559
3217,1562
3218,1546
3219,1567
3220,1546
3221,1554
3222,1542
3223,1557
3224,1546
3225,1559
3226,1552
3227,1562
3228,1551
3229,1557
3230,1547
3231,1539
3232,1532
3233,1532
3234,1532
3235,1532
3236,1548
3237,1557
3238,1548
3239,1530
3240,1542
3241,1529
3242,1544
3243,1517
3244,1514
3245,1547
3246,1516
3247,1529
3248,1525
3249,1554
3250,1559
3251,1537
3252,1545
3253,1555
3254,1548
3255,1554
3256,1544
3257,1549
3258,1542
3259,1549
3260,1528
3261,1542
3262,1549
3263,1542
3264,1554
3265,1534
3266,1554
3267,1549
3268,1535
3269,1534
3270,1545
3271,1550
3272,1552
3273,1550
3274,1550
3275,1552
3276,1532
3277,1552
3278,1545
3279,1535
3280,1552
3281,1534
3282,1545
3283,1552
3284,1548
3285,1537
3286,1538
3287,1501
3288,1537
3289,1538
3290,1525
3291,1537
3292,1538
3293,1550
3294,1549
3295,1554
3296,1524
3297,1529
3298,1548
3299,1558
3300,1533
3301,1558
3302,1533
3303,1535
3304,1558
3305,1558
3306,1554
3307,1558
3308,1544
3309,1559
3310,1554
3311,1558
3312,1544
3313,1559
3314,1573
3315,1552
3316,1574
3317,1576
3318,1575
3319,1574
3320,1576
3321,1568
3322,1569
3323,1571
3324,1549
3325,1584
3326,1584
3327,1570
3328,1584
3329,1568
3330,1584
3331,1584
3332,1584
3333,1570
3334,1584
3335,1584
3336,1584
3337,1584
3338,1568
3339,1575
3340,1558
3341,1573
3342,1582
3343,1556
3344,1591
3345,1587
3346,1580
3347,1587
3348,1591
3349,1579
3350,1579
3351,1569
3352,1594
3353,1572
3354,1602
3355,1578
3356,1588
3357,1590
3358,1581
3359,1581
3360,1600
3361,1577
3362,1608
3363,1603
3364,1608
3365,1587
3366,1608
3367,1608
3368,1603
3369,1607
3370,1580
3371,1599
3372,1598
3373,1608
3374,1607
3375,1607
3376,1607
3377,1587
3378,1597
3379,1607
3380,1607
3381,1607
3382,1592
3383,1607
3384,1612
3385,1602
3386,1598
3387,1624
3388,1592
3389,1614
3390,1624
3391,1607
3392,1627
3393,1628
3394,1639
3395,1595
3396,1639
3397,1618
3398,1649
3399,1647
3400,1661
3401,1645
3402,1661
3403,1662
3404,1657
3405,1672
3406,1652
3407,1672
3408,1672
3409,1674
3410,1664
3411,1672
3412,1667
3413,1684
3414,1685
3415,1685
3416,1672
3417,1674
3418,1665
3419,1677
3420,1682
3421,1673
3422,1677
3423,1682
3424,1665
3425,1692
3426,1655
3427,1690
3428,1677
3429,1680
3430,1664
3431,1668
3432,1678
3433,1685
3434,1685
3435,1702
3436,1707
3437,1684
3438,1694
3439,1689
3440,1698
3441,1717
3442,1705
3443,1708
3444,1679
3445,1717
3446,1698
3447,1705
3448,1713
3449,1707
3450,1708
3451,1685
3452,1713
3453,1709
3454,1722
3455,1724
3456,1724
3457,1705
3458,1722
3459,1718
3460,1689
3461,1724
3462,1718
3463,1735
3464,1715
3465,1732
3466,1735
3467,1715
3468,1720
3469,1708
3470,1727
3471,1717
3472,1717
3473,1739
3474,1743
3475,1726
3476,1749
3477,1740
3478,1744
3479,1749
3480,1740
3481,1749
3482,1726
3483,1743
3484,1734
3485,1742
3486,1730
3487,1749
3488,1738
3489,1738
3490,1734
3491,1738
3492,1689
3493,1747
3494,1757
3495,1745
3496,1755
3497,1746
3498,1738
3499,1757
3500,1754
3501,1734
3502,1748
3503,1752
3504,1752
3505,1738
3506,1734
3507,1733
3508,1752
3509,1738
3510,1746
3511,1738
3512,1755
3513,1750
3514,1738
3515,1746
3516,1755
3517,1758
3518,1765
3519,1763
3520,1723
3521,1765
3522,1741
3523,1730
3524,1749
3525,1749
3526,1732
3527,1750
3528,1754
3529,1732
3530,1742
3531,1762
3532,1703
3533,1748
3534,1749
3535,1739
3536,1751
3537,1755
3538,1739
3539,1762
3540,1777
3541,1764
3542,1777
3543,1764
3544,1777
3545,1766
3546,1777
3547,1764
3548,1762
3549,1739
3550,1734
3551,1764
3552,1743
3553,1739
3554,1770
3555,1766
3556,1765
3557,1766
3558,1744
3559,1770
3560,1747
3561,1780
3562,1785
3563,1782
3564,1768
3565,1761
3566,1767
3567,1745
3568,1777
3569,1732
3570,1773
3571,1730
3572,1755
3573,1773
3574,1730
3575,1756
3576,1730
3577,1773
3578,1755
3579,1730
3580,1773
3581,1764
3582,1777
3583,1779
3584,1724
3585,1753
3586,1772
3587,1787
3588,1792
3589,1777
3590,1803
3591,1808
3592,1813
3593,1794
3594,1808
3595,1803
3596,1776
3597,1797
3598,1778
3599,1795
3600,1759
3601,1787
3602,1800
3603,1789
3604,1787
3605,1800
3606,1792
3607,1798
3608,1780
3609,1763
3610,1803
3611,1772
3612,1787
3613,1803
3614,1797
3615,1805
3616,1810
3617,1805
3618,1792
3619,1817
3620,1788
3621,1807
3622,1801
3623,1812
3624,1817
3625,1801
3626,1801
3627,1817
3628,1812
3629,1833
3630,1815
3631,1835
3632,1827
3633,1815
3634,1787
3635,1803
3636,1830
3637,1835
3638,1817
3639,1835
3640,1803
3641,1830
3642,1835
3643,1809
3644,1812
3645,1799
3646,1820
3647,1817
3648,1809
3649,1835
3650,1830
3651,1817
3652,1803
3653,1835
3654,1835
3655,1833
3656,1812
3657,1814
3658,1832
3659,1834
3660,1837
3661,1835
3662,1837
3663,1827
3664,1847
3665,1852
3666,1844
3667,1830
3668,1845
3669,1838
3670,1830
3671,1842
3672,1844
3673,1856
3674,1857
3675,1860
3676,1859
3677,1847
3678,1857
3679,1860
3680,1840
3681,1860
3682,1857
3683,1859
3684,1860
3685,1857
3686,1855
3687,1848
3688,1852
3689,1860
3690,1877
3691,1869
3692,1862
3693,1877
3694,1869
3695,1877
3696,1882
3697,1867
3698,1886
3699,1882
3700,1870
3701,1864
3702,1870
3703,1845
3704,1864
3705,1870
3706,1849
3707,1875
3708,1872
3709,1874
3710,1875
3711,1875
3712,1872
3713,1875
3714,1888
3715,1862
3716,1875
3717,1889
3718,1862
3719,1867
3720,1890
3721,1886
3722,1890
3723,1870
3724,1885
3725,1890
3726,1886
3727,1890
3728,1888
3729,1886
3730,1885
3731,1882
3732,1888
3733,1890
3734,1886
3735,1890
3736,1885
3737,1881
3738,1900
3739,1895
3740,1853
3741,1887
3742,1895
3743,1890
3744,1900
3745,1861
3746,1892
3747,1912
3748,1903
3749,1895
3750,1912
3751,1907
3752,1892
3753,1900
3754,1883
3755,1875
3756,1900
3757,1875
3758,1883
3759,1900
3760,1892
3761,1875
3762,1894
3763,1888
3764,1879
3765,1895
3766,1897
3767,1872
3768,1840
3769,1899
3770,1899
3771,1907
3772,1902
3773,1907
3774,1862
3775,1908
3776,1913
3777,1902
3778,1908
3779,1913
3780,1908
3781,1902
3782,1908
3783,1905
3784,1913
3785,1908
3786,1912
3787,1914
3788,1925
3789,1904
3790,1914
3791,1912
3792,1908
3793,1905
3794,1913
3795,1908
3796,1902
3797,1908
3798,1913
3799,1908
3800,1902
3801,1913
3802,1908
3803,1862
3804,1907
3805,1902
3806,1881
3807,1902
3808,1907
3809,1912
3810,1908
3811,1918
3812,1899
3813,1918
3814,1908
3815,1913
3816,1913
3817,1863
3818,1906
3819,1920
3820,1927
3821,1917
3822,1920
3823,1925
3824,1920
3825,1909
3826,1904
3827,1909
3828,1911
3829,1917
3830,1930
3831,1920
3832,1928
3833,1928
3834,1936
3835,1930
3836,1928
3837,1936
3838,1918
3839,1938
3840,1918
3841,1938
3842,1918
3843,1938
3844,1918
3845,1938
3846,1918
3847,1918
3848,1938
3849,1915
3850,1918
3851,1938
3852,1918
3853,1938
3854,1918
3855,1938
3856,1918
3857,1938
3858,1918
3859,1938
3860,1934
3861,1949
3862,1920
3863,1949
3864,1940
3865,1960
3866,1959
3867,1954
3868,1960
3869,1954
3870,1927
3871,1954
3872,1961
3873,1955
3874,1963
3875,1955
3876,1967
3877,1975
3878,1981
3879,1965
3880,1955
3881,1963
3882,1971
3883,1967
3884,1959
3885,1967
3886,1948
3887,1959
3888,1947
3889,1971
3890,1945
3891,1959
3892,1960
3893,1960
3894,1960
3895,1953
3896,1954
3897,1945
3898,1968
3899,1960
3900,1963
3901,1971
3902,1969
3903,1963
3904,1971
3905,1970
3906,1987
3907,1982
3908,1987
3909,1990
3910,1986
3911,1983
3912,1990
3913,1986
3914,1985
3915,1990
3916,1966
3917,1994
3918,1990
3919,1994
3920,2000
3921,1990
3922,1994
3923,1966
3924,2009
3925,1981
3926,2010
3927,2017
3928,2018
3929,2010
3930,2017
3931,2018
3932,2012
3933,2017
3934,2018
3935,2010
3936,2017
3937,2012
3938,2023
3939,2015
3940,1999
3941,1990
3942,1999
3943,2028
3944,2038
3945,2023
3946,2028
3947,2020
3948,2038
3949,2028
3950,2023
3951,2038
3952,2028
3953,2020
3954,2010
3955,1998
3956,1984
3957,2006
3958,2017
3959,2024
3960,2026
3961,2020
3962,2009
3963,1999
3964,1982
3965,2027
3966,2023
3967,2005
3968,2027
3969,2023
3970,1982
3971,2027
3972,2005
3973,2023
3974,2017
3975,1999
3976,2015
3977,2024
3978,2020
3979,2025
3980,2010
3981,2019
3982,2020
3983,2043
3984,2022
3985,2013
3986,2022
3987,2001
3988,2037
3989,2014
3990,2047
3991,2044
3992,2055
3993,2043
3994,2044
3995,2053
3996,2062
3997,2036
3998,2074
3999,2060
4000,2077
4001,2070
4002,2063
4003,2053
4004,2083
4005,2084
4006,2057
4007,2086
4008,2082
4009,2086
4010,2070
4011,2077
4012,2082
4013,2086
4014,2067
4015,2052
4016,2070
4017,2055
4018,2071
4019,2055
4020,2070
4021,2053
4022,2060
4023,2071
4024,2077
4025,2085
4026,2083
4027,2078
4028,2085
4029,2055
4030,2085
4031,2083
4032,2085
4033,2078
4034,2085
4035,2085
4036,2071
4037,2043
4038,2085
4039,2085
4040,2083
4041,2067
4042,2065
4043,2054
4044,2065
4045,2054
4046,2058
4047,2078
4048,2049
4049,2081
4050,2058
4051,2079
4052,2061
4053,2054
4054,2064
4055,2062
4056,2070
4057,2065
4058,2073
4059,2048
4060,2070
4061,2055
4062,2070
4063,2068
4064,2079
4065,2073
4066,2078
4067,2060
4068,2078
4069,2073
4070,2040
4071,2078
4072,2050
4073,2060
4074,2079
4075,2076
4076,2082
4077,2085
4078,2085
4079,2072
4080,2082
4081,2085
4082,2053
4083,2074
4084,2079
4085,2094
4086,2074
4087,2094
4088,2083
4089,2055
4090,2083
4091,2094
4092,2070
4093,2083
4094,2094
4095,2074
4096,2065
4097,2088
4098,2082
4099,2088
4100,2086
4101,2082
4102,2088
4103,2098
4104,2100
4105,2092
4106,2096
4107,2082
4108,2088
4109,2086
4110,2043
4111,2096
4112,2084
4113,2088
4114,2083
4115,2065
4116,2028
4117,2079
4118,2077
4119,2079
4120,2086
4121,2084
4122,2086
4123,2094
4124,2088
4125,2073
4126,2074
4127,2088
4128,2088
4129,2073
4130,2084
4131,2081
4132,2090
4133,2097
4134,2099
4135,2106
4136,2098
4137,2078
4138,2091
4139,2106
4140,2103
4141,2120
4142,2103
4143,2103
4144,2091
4145,2120
4146,2065
4147,2120
4148,2120
4149,2103
4150,2091
4151,2120
4152,2106
4153,2115
4154,2113
4155,2107
4156,2121
4157,2110
4158,2120
4159,2075
4160,2126
4161,2111
4162,2120
4163,2082
4164,2124
4165,2110
4166,2129
4167,2123
4168,2119
4169,2129
4170,2120
4171,2129
4172,2091
4173,2127
4174,2119
4175,2110
4176,2114
4177,2138
4178,2150
4179,2140
4180,2150
4181,2135
4182,2130
4183,2135
4184,2154
4185,2149
4186,2140
4187,2146
4188,2136
4189,2122
4190,2150
4191,2136
4192,2140
4193,2142
4194,2136
4195,2150
4196,2134
4197,2150
4198,2140
4199,2150
4200,2130
4201,2140
4202,2150
4203,2150
4204,2140
4205,2150
4206,2147
4207,2150
4208,2147
4209,2148
4210,2147
4211,2153
4212,2161
4213,2161
4214,2167
4215,2155
4216,2167
4217,2135
4218,2166
4219,2125
4220,2161
4221,2166
4222,2149
4223,2161
4224,2148
4225,2168
4226,2161
4227,2183
4228,2179
4229,2192
4230,2177
4231,2194
4232,2201
4233,2204
4234,2185
4235,2220
4236,2208
4237,2219
4238,2219
4239,2225
4240,2217
4241,2225
4242,2217
4243,2225
4244,2212
4245,2214
4246,2230
4247,2225
4248,2222
4249,2225
4250,2230
4251,2226
4252,2229
4253,2220
4254,2200
4255,2200
4256,2229
4257,2225
4258,2229
4259,2220
4260,2200
4261,2229
4262,2215
4263,2228
4264,2208
4265,2228
4266,2228
4267,2216
4268,2225
4269,2204
4270,2234
4271,2204
4272,2234
4273,2204
4274,2233
4275,2234
4276,2204
4277,2234
4278,2204
4279,2234
4280,2204
4281,2234
4282,2228
4283,2203
4284,2203
4285,2220
4286,2203
4287,2215
4288,2220
4289,2202
4290,2196
4291,2190
4292,2214
4293,2210
4294,2225
4295,2223
4296,2230
4297,2238
4298,2231
4299,2245
4300,2239
4301,2245
4302,2255
4303,2235
4304,2259
4305,2250
4306,2256
4307,2235
4308,2265
4309,2256
4310,2235
4311,2263
4312,2264
4313,2264
4314,2266
4315,2264
4316,2266
4317,2264
4318,2264
4319,2276
4320,2273
4321,2284
4322,2274
4323,2276
4324,2279
4325,2284
4326,2294
4327,2294
4328,2287
4329,2286
4330,2296
4331,2307
4332,2292
4333,2278
4334,2295
4335,2285
4336,2305
4337,2306
4338,2294
4339,2297
4340,2271
4341,2288
4342,2276
4343,2306
4344,2298
4345,2320
4346,2255
4347,2299
4348,2320
4349,2298
4350,2320
4351,2299
4352,2311
4353,2321
4354,2310
4355,2321
4356,2305
4357,2311
4358,2299
4359,2298
4360,2320
4361,2300
4362,2298
4363,2276
4364,2295
4365,2304
4366,2305
4367,2299
4368,2298
4369,2306
4370,2306
4371,2304
4372,2324
4373,2309
4374,2320
4375,2316
4376,2330
4377,2332
4378,2323
4379,2334
4380,2328
4381,2341
4382,2341
4383,2339
4384,2341
4385,2331
4386,2341
4387,2341
4388,2348
4389,2350
4390,2342
4391,2343
4392,2350
4393,2342
4394,2349
4395,2331
4396,2361
4397,2365
4398,2349
4399,2366
4400,2356
4401,2355
4402,2356
4403,2356
4404,2380
4405,2359
4406,2380
4407,2350
4408,2366
4409,2368
4410,2380
4411,2371
4412,2374
4413,2355
4414,2361
4415,2374
4416,2375
4417,2378
4418,2362
4419,2357
4420,2366
4421,2357
4422,2378
4423,2358
4424,2362
4425,2324
4426,2358
4427,2369
4428,2391
4429,2375
4430,2375
4431,2381
4432,2373
4433,2375
4434,2381
4435,2375
4436,2361
4437,2363
4438,2399
4439,2396
4440,2405
4441,2419
4442,2391
4443,2410
4444,2413
4445,2410
4446,2413
4447,2411
4448,2405
4449,2410
4450,2419
4451,2370
4452,2416
4453,2415
4454,2416
4455,2416
4456,2398
4457,2391
4458,2411
4459,2420
4460,2410
4461,2416
4462,2406
4463,2404
4464,2404
4465,2393
4466,2406
4467,2405
4468,2360
4469,2410
4470,2386
4471,2408
4472,2408
4473,2416
4474,2395
4475,2414
4476,2415
4477,2405
4478,2385
4479,2405
4480,2385
4481,2405
4482,2385
4483,2405
4484,2386
4485,2404
4486,2379
4487,2360
4488,2410
4489,2386
4490,2393
4491,2420
4492,2411
4493,2426
4494,2415
4495,2434
4496,2390
4497,2434
4498,2438
4499,2418
4500,2434
4501,2433
4502,2438
4503,2425
4504,2434
4505,2438
4506,2390
4507,2426
4508,2415
4509,2434
4510,2434
4511,2426
4512,2409
4513,2415
4514,2434
4515,2436
4516,2438
4517,2440
4518,2438
4519,2446
4520,2448
4521,2441
4522,2445
4523,2449
4524,2445
4525,2456
4526,2448
4527,2451
4528,2449
4529,2448
4530,2464
4531,2455
4532,2473
4533,2453
4534,2455
4535,2464
4536,2448
4537,2456
4538,2469
4539,2470
4540,2446
4541,2469
4542,2456
4543,2464
4544,2459
4545,2453
4546,2454
4547,2455
4548,2466
4549,2450
4550,2469
4551,2461
4552,2469
4553,2473
4554,2470
4555,2464
4556,2460
4557,2450
4558,2464
4559,2464
4560,2491
4561,2475
4562,2471
4563,2479
4564,2491
4565,2471
4566,2486
4567,2491
4568,2471
4569,2479
4570,2471
4571,2491
4572,2476
4573,2458
4574,2479
4575,2471
4576,2491
4577,2498
4578,2496
4579,2485
4580,2490
4581,2496
4582,2476
4583,2501
4584,2480
4585,2496
4586,2501
4587,2480
4588,2511
4589,2505
4590,2481
4591,2505
4592,2519
4593,2519
4594,2515
4595,2491
4596,2513
4597,2536
4598,2535
4599,2536
4600,2534
4601,2524
4602,2510
4603,2520
4604,2526
4605,2535
4606,2549
4607,2533
4608,2545
4609,2549
4610,2549
4611,2545
4612,2549
4613,2540
4614,2515
4615,2545
4616,2549
4617,2540
4618,2549
4619,2545
4620,2549
4621,2544
4622,2546
4623,2516
4624,2521
4625,2546
4626,2531
4627,2545
4628,2549
4629,2545
4630,2549
4631,2525
4632,2539
4633,2549
4634,2536
4635,2551
4636,2536
4637,2551
4638,2530
4639,2536
4640,2551
4641,2531
4642,2536
4643,2541
4644,2556
4645,2563
4646,2559
4647,2564
4648,2559
4649,2564
4650,2546
4651,2566
4652,2566
4653,2521
4654,2536
4655,2513
4656,2566
4657,2521
4658,2566
4659,2573
4660,2563
4661,2563
4662,2570
4663,2563
4664,2563
4665,2573
4666,2580
4667,2560
4668,2593
4669,2595
4670,2585
4671,2585
4672,2610
4673,2607
4674,2604
4675,2604
4676,2609
4677,2588
4678,2609
4679,2598
4680,2592
4681,2604
4682,2604
4683,2609
4684,2607
4685,2602
4686,2578
4687,2604
4688,2615
4689,2578
4690,2594
4691,2613
4692,2604
4693,2618
4694,2613
4695,2628
4696,2605
4697,2619
4698,2619
4699,2610
4700,2628
4701,2616
4702,2621
4703,2596
4704,2624
4705,2620
4706,2624
4707,2625
4708,2624
4709,2590
4710,2614
4711,2595
4712,2613
4713,2626
4714,2618
4715,2616
4716,2618
4717,2611
4718,2615
4719,2582
4720,2615
4721,2605
4722,2640
4723,2635
4724,2610
4725,2612
4726,2635
4727,2622
4728,2619
4729,2635
4730,2631
4731,2640
4732,2635
4733,2583
4734,2619
4735,2635
4736,2640
4737,2635
4738,2619
4739,2612
4740,2635
4741,2622
4742,2619
4743,2635
4744,2631
4745,2644
4746,2653
4747,2654
4748,2665
4749,2613
4750,2639
4751,2653
4752,2654
4753,2637
4754,2654
4755,2635
4756,2650
4757,2665
4758,2644
4759,2665
4760,2650
4761,2659
4762,2636
4763,2666
4764,2650
4765,2686
4766,2669
4767,2690
4768,2678
4769,2690
4770,2680
4771,2690
4772,2677
4773,2678
4774,2669
4775,2690
4776,2680
4777,2690
4778,2678
4779,2686
4780,2684
4781,2641
4782,2650
4783,2654
4784,2660
4785,2676
4786,2693
4787,2673
4788,2661
4789,2693
4790,2673
4791,2661
4792,2693
4793,2676
4794,2661
4795,2673
4796,2693
4797,2692
4798,2692
4799,2692
4800,2678
4801,2692
4802,2688
4803,2686
4804,2674
4805,2692
4806,2688
4807,2674
4808,2686
4809,2692
4810,2689
4811,2674
4812,2686
4813,2701
4814,2709
4815,2706
4816,2709
4817,2687
4818,2693
4819,2709
4820,2701
4821,2689
4822,2686
4823,2674
4824,2704
4825,2711
4826,2702
4827,2672
4828,2711
4829,2702
4830,2698
4831,2711
4832,2702
4833,2691
4834,2711
4835,2711
4836,2698
4837,2711
4838,2711
4839,2698
4840,2701
4841,2692
4842,2707
4843,2704
4844,2721
4845,2721
4846,2721
4847,2711
4848,2721
4849,2721
4850,2695
4851,2730
4852,2734
4853,2730
4854,2734
4855,2718
4856,2734
4857,2730
4858,2731
4859,2730
4860,2724
4861,2740
4862,2730
4863,2724
4864,2730
4865,2729
4866,2722
4867,2714
4868,2741
4869,2738
4870,2741
4871,2716
4872,2741
4873,2741
4874,2738
4875,2741
4876,2724
4877,2730
4878,2733
4879,2718
4880,2694
4881,2716
4882,2705
4883,2716
4884,2697
4885,2705
4886,2724
4887,2721
4888,2715
4889,2725
4890,2722
4891,2711
4892,2697
4893,2716
4894,2705
4895,2714
4896,2734
4897,2731
4898,2734
4899,2731
4900,2724
4901,2720
4902,2739
4903,2721
4904,2754
4905,2731
4906,2757
4907,2749
4908,2757
4909,2754
4910,2757
4911,2735
4912,2736
4913,2729
4914,2745
4915,2746
4916,2744
4917,2751
4918,2736
4919,2741
4920,2716
4921,2751
4922,2726
4923,2751
4924,2751
4925,2736
4926,2751
4927,2726
4928,2751
4929,2726
4930,2731
4931,2731
4932,2745
4933,2731
4934,2751
4935,2765
4936,2755
4937,2752
4938,2765
4939,2746
4940,2748
4941,2750
4942,2748
4943,2746
4944,2735
4945,2764
4946,2764
4947,2764
4948,2761
4949,2764
4950,2751
4951,2732
4952,2756
4953,2764
4954,2750
4955,2751
4956,2764
4957,2740
4958,2749
4959,2750
4960,2762
4961,2756
4962,2725
4963,2750
4964,2769
4965,2765
4966,2757
4967,2765
4968,2748
4969,2757
4970,2759
4971,2757
4972,2744
4973,2774
4974,2761
4975,2759
4976,2757
4977,2774
4978,2760
4979,2692
4980,2759
4981,2749
4982,2692
4983,2759
4984,2759
4985,2692
4986,2759
4987,2734
4988,2692
4989,2749
4990,2759
4991,2692
4992,2760
4993,2774
4994,2757
4995,2759
4996,2774
4997,2761
4998,2757
4999,2744
5000,2760
5001,2759
5002,2692
5003,2749
5004,2735
5005,2761
5006,2736
5007,2757
5008,2761
5009,2771
5010,2760
5011,2776
5012,2754
5013,2779
5014,2788
5015,2781
5016,2765
5017,2788
5018,2775
5019,2788
5020,2776
5021,2754
5022,2762
5023,2775
5024,2755
5025,2775
5026,2762
5027,2754
5028,2775
5029,2776
5030,2760
5031,2754
5032,2776
5033,2760
5034,2754
5035,2776
5036,2754
5037,2760
5038,2755
5039,2754
5040,2776
5041,2753
5042,2766
5043,2774
5044,2775
5045,2781
5046,2747
5047,2775
5048,2775
5049,2779
5050,2794
5051,2774
5052,2772
5053,2775
5054,2777
5055,2777
5056,2777
5057,2775
5058,2778
5059,2777
5060,2740
5061,2800
5062,2800
5063,2776
5064,2800
5065,2786
5066,2800
5067,2800
5068,2776
5069,2800
5070,2800
5071,2755
5072,2785
5073,2731
5074,2786
5075,2791
5076,2806
5077,2809
5078,2811
5079,2809
5080,2806
5081,2804
5082,2811
5083,2806
5084,2800
5085,2801
5086,2806
5087,2821
5088,2826
5089,2826
5090,2812
5091,2817
5092,2825
5093,2830
5094,2817
5095,2830
5096,2820
5097,2811
5098,2834
5099,2810
5100,2843
5101,2835
5102,2840
5103,2840
5104,2809
5105,2827
5106,2840
5107,2815
5108,2809
5109,2840
5110,2837
5111,2846
5112,2846
5113,2840
5114,2831
5115,2841
5116,2815
5117,2842
5118,2831
5119,2837
5120,2810
5121,2835
5122,2843
5123,2835
5124,2806
5125,2842
5126,2849
5127,2854
5128,2851
5129,2854
5130,2855
5131,2828
5132,2860
5133,2797
5134,2841
5135,2860
5136,2841
5137,2828
5138,2820
5139,2860
5140,2828
5141,2841
5142,2860
5143,2856
5144,2861
5145,2864
5146,2824
5147,2860
5148,2861
5149,2846
5150,2841
5151,2849
5152,2828
5153,2860
5154,2820
5155,2849
5156,2860
5157,2820
5158,2849
5159,2860
5160,2797
5161,2821
5162,2855
5163,2851
5164,2854
5165,2863
5166,2859
5167,2862
5168,2859
5169,2870
5170,2859
5171,2862
5172,2859
5173,2847
5174,2867
5175,2844
5176,2823
5177,2870
5178,2866
5179,2861
5180,2870
5181,2862
5182,2851
5183,2854
5184,2844
5185,2856
5186,2840
5187,2861
5188,2866
5189,2862
5190,2865
5191,2879
5192,2885
5193,2885
5194,2879
5195,2829
5196,2885
5197,2856
5198,2879
5199,2859
5200,2885
5201,2829
5202,2867
5203,2877
5204,2875
5205,2832
5206,2875
5207,2877
5208,2855
5209,2861
5210,2881
5211,2857
5212,2845
5213,2865
5214,2845
5215,2872
5216,2877
5217,2890
5218,2877
5219,2864
5220,2895
5221,2882
5222,2864
5223,2895
5224,2894
5225,2912
5226,2909
5227,2879
5228,2901
5229,2912
5230,2914
5231,2909
5232,2915
5233,2914
5234,2901
5235,2905
5236,2905
5237,2914
5238,2913
5239,2916
5240,2905
5241,2909
5242,2914
5243,2913
5244,2900
5245,2916
5246,2921
5247,2927
5248,2906
5249,2919
5250,2927
5251,2906
5252,2927
5253,2921
5254,2894
5255,2887
5256,2916
5257,2894
5258,2905
5259,2927
5260,2919
5261,2887
5262,2927
5263,2924
5264,2926
5265,2897
5266,2927
5267,2926
5268,2929
5269,2906
5270,2927
5271,2919
5272,2927
5273,2906
5274,2909
5275,2891
5276,2911
5277,2930
5278,2916
5279,2916
5280,2940
5281,2927
5282,2934
5283,2921
5284,2931
5285,2922
5286,2937
5287,2941
5288,2926
5289,2905
5290,2941
5291,2901
5292,2941
5293,2904
5294,2907
5295,2907
5296,2926
5297,2930
5298,2906
5299,2926
5300,2939
5301,2930
5302,2934
5303,2937
5304,2916
5305,2934
5306,2937
5307,2926
5308,2916
5309,2934
5310,2937
5311,2905
5312,2935
5313,2938
5314,2939
5315,2935
5316,2931
5317,2934
5318,2935
5319,2926
5320,2941
5321,2932
5322,2926
5323,2942
5324,2932
5325,2932
5326,2926
5327,2933
5328,2932
5329,2905
5330,2931
5331,2947
5332,2941
5333,2957
5334,2936
5335,2936
5336,2935
5337,2936
5338,2935
5339,2936
5340,2935
5341,2946
5342,2942
5343,2935
5344,2949
5345,2948
5346,2931
5347,2949
5348,2948
5349,2936
5350,2927
5351,2941
5352,2941
5353,2927
5354,2941
5355,2940
5356,2927
5357,2941
5358,2941
5359,2927
5360,2941
5361,2940
5362,2941
5363,2927
5364,2941
5365,2948
5366,2936
5367,2957
5368,2957
5369,2957
5370,2910
5371,2936
5372,2957
5373,2957
5374,2941
5375,2952
5376,2954
5377,2952
5378,2941
5379,2944
5380,2952
5381,2954
5382,2952
5383,2951
5384,2955
5385,2956
5386,2952
5387,2955
5388,2951
5389,2955
5390,2941
5391,2941
5392,2941
5393,2910
5394,2924
5395,2948
5396,2957
5397,2957
5398,2936
5399,2957
5400,2957
5401,2957
5402,2936
5403,2957
5404,2957
5405,2911
5406,2936
5407,2957
5408,2957
5409,2957
5410,2936
5411,2957
5412,2957
5413,2957
5414,2936
5415,2930
5416,2921
5417,2937
5418,2934
5419,2937
5420,2927
5421,2941
5422,2927
5423,2935
5424,2934
5425,2927
5426,2946
5427,2942
5428,2936
5429,2927
5430,2956
5431,2931
5432,2934
5433,2956
5434,2945
5435,2956
5436,2941
5437,2935
5438,2931
5439,2945
5440,2956
5441,2945
5442,2956
5443,2955
5444,2963
5445,2935
5446,2963
5447,2950
5448,2963
5449,2957
5450,2941
5451,2936
5452,2922
5453,2935
5454,2922
5455,2936
5456,2949
5457,2945
5458,2952
5459,2945
5460,2923
5461,2945
5462,2941
5463,2945
5464,2923
5465,2945
5466,2952
5467,2945
5468,2923
5469,2937
5470,2945
5471,2945
5472,2952
5473,2923
5474,2949
5475,2947
5476,2931
5477,2937
5478,2941
5479,2955
5480,2937
5481,2950
5482,2949
5483,2950
5484,2946
5485,2949
5486,2950
5487,2946
5488,2950
5489,2949
5490,2942
5491,2944
5492,2944
5493,2950
5494,2944
5495,2960
5496,2946
5497,2927
5498,2946
5499,2956
5500,2946
5501,2961
5502,2976
5503,2951
5504,2976
5505,2963
5506,2960
5507,2980
5508,2976
5509,2985
5510,2988
5511,2976
5512,2961
5513,2953
5514,2976
5515,2985
5516,2964
5517,2977
5518,2972
5519,2992
5520,2990
5521,2996
5522,2996
5523,2996
5524,2981
5525,2990
5526,2996
5527,2996
5528,2996
5529,2981
5530,2996
5531,2985
5532,2997
5533,2996
5534,2987
5535,2996
5536,2997
5537,2985
5538,2996
5539,2981
5540,2996
5541,2996
5542,2996
5543,2990
5544,2996
5545,2981
5546,2996
5547,3005
5548,3001
5549,3000
5550,2981
5551,3001
5552,3008
5553,2991
5554,3001
5555,3001
5556,2990
5557,2991
5558,3001
5559,2988
5560,3000
5561,3003
5562,2971
5563,2991
5564,2978
5565,2986
5566,3014
5567,2989
5568,3015
5569,2995
5570,3016
5571,3007
5572,2989
5573,3016
5574,3014
5575,2978
5576,2991
5577,2986
5578,2978
5579,2986
5580,2991
5581,2978
5582,3002
5583,3006
5584,2985
5585,3002
5586,2986
5587,2978
5588,2991
5589,3007
5590,3005
5591,2990
5592,3011
5593,2989
5594,3014
5595,2990
5596,3001
5597,3014
5598,2998
5599,3014
5600,2990
5601,3005
5602,2989
5603,2992
5604,2988
5605,2992
5606,3010
5607,3015
5608,3007
5609,3007
5610,3016
5611,3008
5612,3015
5613,3026
5614,3008
5615,3026
5616,3008
5617,3026
5618,3016
5619,3026
5620,3009
5621,3007
5622,3011
5623,3011
5624,3011
5625,3016
5626,3011
5627,3011
5628,3015
5629,3011
5630,2996
5631,3026
5632,3009
5633,2996
5634,3016
5635,3011
5636,3011
5637,2995
5638,3001
5639,3025
5640,3026
5641,3026
5642,3043
5643,3044
5644,3038
5645,3052
5646,3052
5647,3025
5648,3052
5649,3052
5650,3052
5651,3030
5652,3033
5653,3046
5654,3044
5655,3035
5656,3033
5657,3046
5658,3046
5659,3044
5660,3033
5661,3046
5662,3035
5663,3044
5664,3033
5665,3046
5666,3033
5667,3035
5668,3044
5669,3046
5670,3033
5671,3035
5672,3044
5673,3046
5674,3033
5675,3060
5676,3066
5677,3061
5678,3061
5679,3066
5680,3055
5681,3047
5682,3040
5683,3047
5684,3060
5685,3065
5686,3057
5687,3055
5688,3066
5689,3046
5690,3052
5691,3025
5692,3052
5693,3052
5694,3052
5695,3045
5696,3052
5697,3048
5698,3045
5699,3043
5700,3052
5701,3048
5702,3044
5703,3056
5704,3056
5705,3041
5706,3056
5707,3033
5708,3032
5709,3035
5710,3046
5711,3036
5712,3046
5713,3046
5714,3032
5715,3046
5716,3046
5717,3032
5718,3046
5719,3032
5720,3055
5721,3050
5722,3062
5723,3053
5724,3056
5725,3062
5726,3051
5727,3050
5728,3046
5729,3051
5730,3061
5731,3046
5732,3044
5733,3061
5734,3051
5735,3045
5736,3045
5737,3054
5738,3061
5739,3066
5740,3075
5741,3070
5742,3067
5743,3042
5744,3016
5745,3049
5746,3083
5747,3066
5748,3083
5749,3057
5750,3067
5751,3076
5752,3092
5753,3076
5754,3067
5755,3076
5756,3092
5757,3068
5758,3093
5759,3066
5760,3072
5761,3072
5762,3085
5763,3084
5764,3072
5765,3066
5766,3093
5767,3072
5768,3093
5769,3072
5770,3066
5771,3068
5772,3092
5773,3076
5774,3065
5775,3067
5776,3076
5777,3092
5778,3076
5779,3067
5780,3055
5781,3096
5782,3085
5783,3099
5784,3100
5785,3066
5786,3096
5787,3091
5788,3085
5789,3090
5790,3080
5791,3096
5792,3082
5793,3093
5794,3083
5795,3105
5796,3066
5797,3060
5798,3080
5799,3057
5800,3096
5801,3077
5802,3062
5803,3066
5804,3085
5805,3062
5806,3077
5807,3076
5808,3070
5809,3066
5810,3077
5811,3070
5812,3070
5813,3057
5814,3096
5815,3085
5816,3086
5817,3100
5818,3099
5819,3082
5820,3100
5821,3095
5822,3100
5823,3099
5824,3097
5825,3105
5826,3102
5827,3108
5828,3102
5829,3096
5830,3072
5831,3067
5832,3096
5833,3072
5834,3111
5835,3072
5836,3072
5837,3096
5838,3098
5839,3083
5840,3105
5841,3089
5842,3037
5843,3102
5844,3103
5845,3090
5846,3103
5847,3103
5848,3092
5849,3109
5850,3105
5851,3107
5852,3095
5853,3082
5854,3116
5855,3116
5856,3125
5857,3132
5858,3132
5859,3132
5860,3122
5861,3132
5862,3120
5863,3123
5864,3092
5865,3122
5866,3122
5867,3096
5868,3126
5869,3128
5870,3125
5871,3121
5872,3123
5873,3128
5874,3122
5875,3146
5876,3140
5877,3123
5878,3128
5879,3143
5880,3116
5881,3128
5882,3126
5883,3143
5884,3128
5885,3137
5886,3151
5887,3126
5888,3155
5889,3125
5890,3151
5891,3156
5892,3163
5893,3150
5894,3162
5895,3163
5896,3150
5897,3156
5898,3155
5899,3126
5900,3151
5901,3155
5902,3151
5903,3151
5904,3148
5905,3141
5906,3096
5907,3148
5908,3148
5909,3141
5910,3096
5911,3148
5912,3141
5913,3137
5914,3141
5915,3148
5916,3141
5917,3141
5918,3136
5919,3141
5920,3138
5921,3163
5922,3145
5923,3157
5924,3163
5925,3156
5926,3162
5927,3156
5928,3162
5929,3156
5930,3145
5931,3165
5932,3162
5933,3156
5934,3162
5935,3121
5936,3156
5937,3162
5938,3145
5939,3156
5940,3162
5941,3156
5942,3162
5943,3165
5944,3162
5945,3156
5946,3158
5947,3162
5948,3133
5949,3162
5950,3151
5951,3165
5952,3163
5953,3116
5954,3148
5955,3165
5956,3156
5957,3157
5958,3141
5959,3147
5960,3157
5961,3158
5962,3141
5963,3157
5964,3166
5965,3173
5966,3168
5967,3141
5968,3176
5969,3165
5970,3185
5971,3166
5972,3165
5973,3185
5974,3168
5975,3185
5976,3177
5977,3181
5978,3162
5979,3175
5980,3185
5981,3187
5982,3177
5983,3186
5984,3186
5985,3166
5986,3180
5987,3173
5988,3190
5989,3183
5990,3182
5991,3200
5992,3196
5993,3201
5994,3191
5995,3156
5996,3183
5997,3171
5998,3201
5999,3196
6000,3192
6001,3206
6002,3192
6003,3196
6004,3206
6005,3192
6006,3206
6007,3211
6008,3201
6009,3221
6010,3221
6011,3225
6012,3221
6013,3213
6014,3221
6015,3225
6016,3221
6017,3209
6018,3225
6019,3196
6020,3222
6021,3236
6022,3221
6023,3237
6024,3236
6025,3246
6026,3250
6027,3235
6028,3240
6029,3250
6030,3246
6031,3236
6032,3221
6033,3230
6034,3236
6035,3236
6036,3199
6037,3216
6038,3236
6039,3206
6040,3236
6041,3236
6042,3236
6043,3231
6044,3248
6045,3237
6046,3198
6047,3246
6048,3240
6049,3250
6050,3248
6051,3246
6052,3244
6053,3248
6054,3246
6055,3252
6056,3250
6057,3235
6058,3246
6059,3250
6060,3252
6061,3236
6062,3221
6063,3246
6064,3241
6065,3227
6066,3236
6067,3227
6068,3213
6069,3243
6070,3240
6071,3241
6072,3237
6073,3239
6074,3203
6075,3241
6076,3236
6077,3237
6078,3241
6079,3251
6080,3251
6081,3240
6082,3230
6083,3251
6084,3255
6085,3248
6086,3256
6087,3256
6088,3261
6089,3257
6090,3272
6091,3251
6092,3246
6093,3253
6094,3236
6095,3206
6096,3246
6097,3253
6098,3252
6099,3256
6100,3256
6101,3248
6102,3255
6103,3220
6104,3232
6105,3239
6106,3243
6107,3238
6108,3251
6109,3206
6110,3236
6111,3251
6112,3230
6113,3251
6114,3251
6115,3258
6116,3225
6117,3238
6118,3266
6119,3266
6120,3260
6121,3247
6122,3253
6123,3261
6124,3252
6125,3261
6126,3261
6127,3252
6128,3253
6129,3261
6130,3265
6131,3277
6132,3251
6133,3277
6134,3277
6135,3260
6136,3277
6137,3251
6138,3277
6139,3277
6140,3262
6141,3248
6142,3257
6143,3251
6144,3248
6145,3257
6146,3276
6147,3267
6148,3277
6149,3276
6150,3255
6151,3273
6152,3276
6153,3262
6154,3263
6155,3261
6156,3248
6157,3277
6158,3251
6159,3260
6160,3273
6161,3265
6162,3272
6163,3261
6164,3277
6165,3265
6166,3252
6167,3272
6168,3265
6169,3252
6170,3261
6171,3281
6172,3286
6173,3295
6174,3295
6175,3288
6176,3295
6177,3268
6178,3295
6179,3286
6180,3248
6181,3281
6182,3276
6183,3269
6184,3260
6185,3277
6186,3251
6187,3248
6188,3261
6189,3263
6190,3262
6191,3278
6192,3277
6193,3267
6194,3277
6195,3267
6196,3272
6197,3277
6198,3267
6199,3259
6200,3285
6201,3286
6202,3285
6203,3285
6204,3255
6205,3279
6206,3277
6207,3291
6208,3286
6209,3280
6210,3277
6211,3279
6212,3286
6213,3291
6214,3255
6215,3285
6216,3285
6217,3285
6218,3301
6219,3285
6220,3296
6221,3291
6222,3265
6223,3297
6224,3306
6225,3310
6226,3294
6227,3306
6228,3301
6229,3301
6230,3293
6231,3292
6232,3301
6233,3286
6234,3271
6235,3293
6236,3301
6237,3282
6238,3298
6239,3291
6240,3282
6241,3293
6242,3293
6243,3293
6244,3301
6245,3297
6246,3291
6247,3284
6248,3303
6249,3284
6250,3301
6251,3274
6252,3291
6253,3303
6254,3290
6255,3302
6256,3307
6257,3292
6258,3303
6259,3293
6260,3301
6261,3271
6262,3286
6263,3301
6264,3293
6265,3288
6266,3302
6267,3306
6268,3298
6269,3312
6270,3282
6271,3307
6272,3305
6273,3315
6274,3320
6275,3313
6276,3325
6277,3322
6278,3320
6279,3323
6280,3327
6281,3318
6282,3324
6283,3336
6284,3332
6285,3325
6286,3330
6287,3336
6288,3336
6289,3336
6290,3320
6291,3336
6292,3336
6293,3345
6294,3345
6295,3325
6296,3345
6297,3352
6298,3358
6299,3348
6300,3370
6301,3370
6302,3313
6303,3358
6304,3370
6305,3370
6306,3361
6307,3361
6308,3381
6309,3386
6310,3377
6311,3370
6312,3381
6313,3386
6314,3381
6315,3377
6316,3381
6317,3386
6318,3381
6319,3370
6320,3386
6321,3365
6322,3387
6323,3380
6324,3363
6325,3385
6326,3388
6327,3393
6328,3367
6329,3390
6330,3385
6331,3388
6332,3365
6333,3401
6334,3391
6335,3372
6336,3401
6337,3387
6338,3391
6339,3401
6340,3376
6341,3403
6342,3416
6343,3415
6344,3391
6345,3415
6346,3407
6347,3414
6348,3415
6349,3408
6350,3408
6351,3407
6352,3417
6353,3421
6354,3426
6355,3421
6356,3416
6357,3426
6358,3409
6359,3426
6360,3419
6361,3426
6362,3416
6363,3421
6364,3420
6365,3440
6366,3410
6367,3430
6368,3419
6369,3420
6370,3410
6371,3431
6372,3426
6373,3428
6374,3431
6375,3426
6376,3431
6377,3428
6378,3396
6379,3426
6380,3435
6381,3422
6382,3411
6383,3410
6384,3416
6385,3427
6386,3421
6387,3416
6388,3426
6389,3416
6390,3421
6391,3430
6392,3436
6393,3432
6394,3410
6395,3417
6396,3441
6397,3432
6398,3435
6399,3448
6400,3441
6401,3448
6402,3442
6403,3448
6404,3433
6405,3441
6406,3448
6407,3442
6408,3448
6409,3441
6410,3448
6411,3422
6412,3448
6413,3441
6414,3442
6415,3448
6416,3441
6417,3448
6418,3448
6419,3441
6420,3442
6421,3438
6422,3450
6423,3436
6424,3456
6425,3450
6426,3433
6427,3433
6428,3461
6429,3450
6430,3444
6431,3461
6432,3446
6433,3433
6434,3461
6435,3461
6436,3450
6437,3461
6438,3433
6439,3461
6440,3450
6441,3446
6442,3461
6443,3461
6444,3433
6445,3443
6446,3438
6447,3439
6448,3439
6449,3438
6450,3439
6451,3439
6452,3438
6453,3441
6454,3469
6455,3443
6456,3441
6457,3441
6458,3471
6459,3473
6460,3467
6461,3471
6462,3450
6463,3449
6464,3473
6465,3467
6466,3456
6467,3467
6468,3466
6469,3466
6470,3467
6471,3467
6472,3456
6473,3466
6474,3467
6475,3472
6476,3482
6477,3485
6478,3467
6479,3482
6480,3476
6481,3462
6482,3456
6483,3462
6484,3461
6485,3466
6486,3475
6487,3483
6488,3461
6489,3486
6490,3471
6491,3461
6492,3486
6493,3497
6494,3501
6495,3464
6496,3477
6497,3491
6498,3501
6499,3464
6500,3491
6501,3477
6502,3501
6503,3464
6504,3491
6505,3501
6506,3477
6507,3500
6508,3513
6509,3511
6510,3508
6511,3490
6512,3516
6513,3513
6514,3526
6515,3526
6516,3543
6517,3521
6518,3543
6519,3542
6520,3552
6521,3552
6522,3534
6523,3528
6524,3552
6525,3521
6526,3552
6527,3552
6528,3535
6529,3534
6530,3538
6531,3540
6532,3550
6533,3538
6534,3550
6535,3546
6536,3538
6537,3541
6538,3533
6539,3563
6540,3553
6541,3538
6542,3581
6543,3579
6544,3578
6545,3581
6546,3585
6547,3577
6548,3585
6549,3578
6550,3580
6551,3585
6552,3581
6553,3578
6554,3585
6555,3577
6556,3585
6557,3579
6558,3573
6559,3581
6560,3563
6561,3588
6562,3569
6563,3571
6564,3583
6565,3588
6566,3581
6567,3579
6568,3579
6569,3553
6570,3569
6571,3559
6572,3579
6573,3579
6574,3593
6575,3598
6576,3576
6577,3588
6578,3567
6579,3575
6580,3597
6581,3567
6582,3589
6583,3575
6584,3575
6585,3597
6586,3575
6587,3591
6588,3584
6589,3566
6590,3572
6591,3584
6592,3581
6593,3571
6594,3605
6595,3596
6596,3601
6597,3606
6598,3611
6599,3611
6600,3617
6601,3614
6602,3608
6603,3624
6604,3622
6605,3629
6606,3609
6607,3624
6608,3622
6609,3629
6610,3611
6611,3629
6612,3624
6613,3622
6614,3606
6615,3609
6616,3629
6617,3622
6618,3624
6619,3600
6620,3628
6621,3628
6622,3616
6623,3609
6624,3628
6625,3614
6626,3627
6627,3628
6628,3606
6629,3627
6630,3628
6631,3628
6632,3616
6633,3627
6634,3628
6635,3616
6636,3625
6637,3624
6638,3625
6639,3625
6640,3624
6641,3613
6642,3617
6643,3625
6644,3624
6645,3625
6646,3625
6647,3634
6648,3616
6649,3628
6650,3621
6651,3628
6652,3634
6653,3625
6654,3624
6655,3625
6656,3617
6657,3624
6658,3625
6659,3625
6660,3624
6661,3625
6662,3613
6663,3625
6664,3624
6665,3637
6666,3641
6667,3629
6668,3612
6669,3635
6670,3616
6671,3616
6672,3637
6673,3633
6674,3628
6675,3631
6676,3644
6677,3636
6678,3641
6679,3636
6680,3629
6681,3636
6682,3605
6683,3636
6684,3636
6685,3629
6686,3636
6687,3636
6688,3638
6689,3633
6690,3596
6691,3641
6692,3633
6693,3629
6694,3633
6695,3641
6696,3633
6697,3656
6698,3654
6699,3654
6700,3654
6701,3652
6702,3656
6703,3642
6704,3643
6705,3636
6706,3643
6707,3642
6708,3657
6709,3643
6710,3636
6711,3642
6712,3654
6713,3641
6714,3633
6715,3629
6716,3633
6717,3641
6718,3613
6719,3633
6720,3641
6721,3636
6722,3653
6723,3656
6724,3653
6725,3643
6726,3637
6727,3632
6728,3671
6729,3662
6730,3637
6731,3661
6732,3656
6733,3636
6734,3644
6735,3641
6736,3627
6737,3651
6738,3642
6739,3628
6740,3636
6741,3653
6742,3652
6743,3634
6744,3636
6745,3651
6746,3651
6747,3651
6748,3653
6749,3651
6750,3632
6751,3641
6752,3633
6753,3639
6754,3653
6755,3659
6756,3651
6757,3659
6758,3656
6759,3664
6760,3660
6761,3644
6762,3647
6763,3644
6764,3641
6765,3618
6766,3644
6767,3644
6768,3647
6769,3663
6770,3648
6771,3662
6772,3643
6773,3669
6774,3662
6775,3669
6776,3669
6777,3662
6778,3656
6779,3669
6780,3669
6781,3668
6782,3671
6783,3669
6784,3671
6785,3678
6786,3671
6787,3674
6788,3694
6789,3676
6790,3682
6791,3684
6792,3681
6793,3681
6794,3684
6795,3681
6796,3681
6797,3684
6798,3661
6799,3690
6800,3677
6801,3692
6802,3702
6803,3672
6804,3702
6805,3687
6806,3702
6807,3705
6808,3707
6809,3696
6810,3722
6811,3716
6812,3699
6813,3694
6814,3722
6815,3699
6816,3711
6817,3694
6818,3683
6819,3699
6820,3720
6821,3739
6822,3736
6823,3739
6824,3734
6825,3728
6826,3681
6827,3743
6828,3745
6829,3728
6830,3681
6831,3741
6832,3733
6833,3738
6834,3733
6835,3723
6836,3725
6837,3733
6838,3744
6839,3731
6840,3736
6841,3723
6842,3729
6843,3738
6844,3736
6845,3729
6846,3721
6847,3723
6848,3741
6849,3723
6850,3729
6851,3721
6852,3736
6853,3743
6854,3749
6855,3736
6856,3749
6857,3733
6858,3727
6859,3721
6860,3732
6861,3732
6862,3721
6863,3733
6864,3732
6865,3721
6866,3743
6867,3737
6868,3758
6869,3748
6870,3737
6871,3723
6872,3741
6873,3733
6874,3759
6875,3752
6876,3759
6877,3734
6878,3759
6879,3741
6880,3757
6881,3757
6882,3756
6883,3756
6884,3767
6885,3762
6886,3756
6887,3759
6888,3744
6889,3757
6890,3754
6891,3757
6892,3741
6893,3734
6894,3759
6895,3763
6896,3768
6897,3766
6898,3762
6899,3753
6900,3756
6901,3746
6902,3771
6903,3752
6904,3720
6905,3759
6906,3742
6907,3753
6908,3720
6909,3749
6910,3734
6911,3751
6912,3752
6913,3738
6914,3756
6915,3733
6916,3756
6917,3738
6918,3756
6919,3738
6920,3756
6921,3756
6922,3749
6923,3759
6924,3763
6925,3749
6926,3752
6927,3766
6928,3746
6929,3769
6930,3757
6931,3766
6932,3769
6933,3766
6934,3757
6935,3766
6936,3769
6937,3756
6938,3756
6939,3746
6940,3757
6941,3760
6942,3765
6943,3760
6944,3767
6945,3760
6946,3766
6947,3765
6948,3767
6949,3760
6950,3763
6951,3769
6952,3757
6953,3754
6954,3756
6955,3763
6956,3752
6957,3769
6958,3752
6959,3763
6960,3762
6961,3769
6962,3757
6963,3753
6964,3771
6965,3776
6966,3766
6967,3771
6968,3776
6969,3776
6970,3771
6971,3768
6972,3776
6973,3771
6974,3776
6975,3767
6976,3742
6977,3776
6978,3776
6979,3753
6980,3761
6981,3744
6982,3766
6983,3766
6984,3748
6985,3767
6986,3762
6987,3753
6988,3753
6989,3762
6990,3751
6991,3752
6992,3759
6993,3764
6994,3776
6995,3776
6996,3752
6997,3781
6998,3735
6999,3777
7000,3776
7001,3782
7002,3806
7003,3801
7004,3755
7005,3806
7006,3801
7007,3772
7008,3806
7009,3804
7010,3814
7011,3821
7012,3823
7013,3808
7014,3817
7015,3786
7016,3786
7017,3770
7018,3811
7019,3786
7020,3804
7021,3816
7022,3797
7023,3816
7024,3793
7025,3816
7026,3818
7027,3826
7028,3828
7029,3823
7030,3839
7031,3844
7032,3836
7033,3828
7034,3842
7035,3853
7036,3832
7037,3838
7038,3832
7039,3849
7040,3832
7041,3833
7042,3846
7043,3832
7044,3842
7045,3841
7046,3842
7047,3851
7048,3837
7049,3851
7050,3842
7051,3834
7052,3846
7053,3837
7054,3851
7055,3842
7056,3846
7057,3851
7058,3859
7059,3847
7060,3854
7061,3854
7062,3851
7063,3856
7064,3831
7065,3829
7066,3848
7067,3813
7068,3848
7069,3846
7070,3848
7071,3829
7072,3851
7073,3843
7074,3864
7075,3854
7076,3843
7077,3851
7078,3849
7079,3859
7080,3864
7081,3864
7082,3876
7083,3851
7084,3876
7085,3859
7086,3849
7087,3862
7088,3849
7089,3849
7090,3849
7091,3862
7092,3850
7093,3857
7094,3863
7095,3852
7096,3863
7097,3863
7098,3849
7099,3852
7100,3811
7101,3853
7102,3833
7103,3848
7104,3839
7105,3843
7106,3842
7107,3824
7108,3861
7109,3846
7110,3861
7111,3844
7112,3824
7113,3861
7114,3863
7115,3857
7116,3864
7117,3859
7118,3859
7119,3859
7120,3864
7121,3857
7122,3859
7123,3859
7124,3867
7125,3872
7126,3866
7127,3866
7128,3881
7129,3891
7130,3877
7131,3873
7132,3871
7133,3864
7134,3886
7135,3859
7136,3891
7137,3881
7138,3859
7139,3881
7140,3901
7141,3879
7142,3881
7143,3859
7144,3881
7145,3886
7146,3859
7147,3891
7148,3884
7149,3883
7150,3855
7151,3872
7152,3883
7153,3883
7154,3868
7155,3901
7156,3886
7157,3875
7158,3896
7159,3897
7160,3901
7161,3903
7162,3896
7163,3892
7164,3893
7165,3872
7166,3881
7167,3889
7168,3872
7169,3881
7170,3861
7171,3872
7172,3889
7173,3907
7174,3872
7175,3881
7176,3872
7177,3889
7178,3881
7179,3872
7180,3891
7181,3897
7182,3911
7183,3883
7184,3902
7185,3904
7186,3911
7187,3898
7188,3899
7189,3916
7190,3914
7191,3899
7192,3908
7193,3914
7194,3909
7195,3912
7196,3902
7197,3904
7198,3914
7199,3914
7200,3904
7201,3914
7202,3904
7203,3902
7204,3904
7205,3914
7206,3909
7207,3899
7208,3912
7209,3899
7210,3917
7211,3899
7212,3915
7213,3903
7214,3902
7215,3903
7216,3905
7217,3902
7218,3903
7219,3883
7220,3905
7221,3903
7222,3907
7223,3902
7224,3911
7225,3905
7226,3911
7227,3902
7228,3889
7229,3887
7230,3891
7231,3880
7232,3891
7233,3888
7234,3877
7235,3898
7236,3898
7237,3874
7238,3898
7239,3891
7240,3891
7241,3891
7242,3889
7243,3876
7244,3864
7245,3889
7246,3884
7247,3861
7248,3886
7249,3891
7250,3881
7251,3861
7252,3876
7253,3891
7254,3881
7255,3861
7256,3862
7257,3897
7258,3891
7259,3874
7260,3892
7261,3881
7262,3888
7263,3851
7264,3892
7265,3881
7266,3886
7267,3879
7268,3893
7269,3878
7270,3872
7271,3892
7272,3874
7273,3894
7274,3896
7275,3874
7276,3894
7277,3879
7278,3893
7279,3874
7280,3894
7281,3892
7282,3872
7283,3872
7284,3888
7285,3899
7286,3891
7287,3899
7288,3874
7289,3886
7290,3879
7291,3862
7292,3886
7293,3879
7294,3879
7295,3886
7296,3879
7297,3857
7298,3886
7299,3843
7300,3879
7301,3886
7302,3879
7303,3879
7304,3886
7305,3895
7306,3901
7307,3906
7308,3907
7309,3909
7310,3929
7311,3934
7312,3932
7313,3937
7314,3936
7315,3927
7316,3937
7317,3927
7318,3937
7319,3936
7320,3932
7321,3934
7322,3952
7323,3935
7324,3934
7325,3946
7326,3936
7327,3940
7328,3951
7329,3966
7330,3963
7331,3961
7332,3937
7333,3926
7334,3949
7335,3936
7336,3944
7337,3951
7338,3964
7339,3938
7340,3967
7341,3941
7342,3944
7343,3937
7344,3936
7345,3961
7346,3963
7347,3946
7348,3937
7349,3946
7350,3959
7351,3943
7352,3946
7353,3959
7354,3946
7355,3964
7356,3969
7357,3962
7358,3922
7359,3969
7360,3981
7361,3985
7362,3991
7363,3987
7364,3977
7365,3968
7366,3979
7367,3991
7368,3987
7369,3998
7370,3983
7371,3984
7372,3993
7373,3998
7374,3983
7375,3968
7376,3989
7377,3983
7378,3993
7379,3980
7380,4004
7381,4009
7382,3995
7383,4009
7384,4009
7385,4004
7386,4009
7387,3995
7388,3979
7389,4004
7390,4006
7391,4019
7392,3999
7393,3984
7394,4014
7395,3999
7396,4019
7397,4014
7398,3999
7399,4019
7400,4014
7401,3999
7402,4003
7403,4009
7404,4009
7405,4002
7406,4007
7407,4002
7408,4009
7409,4009
7410,4019
7411,4003
7412,3972
7413,4004
7414,4003
7415,3997
7416,4007
7417,3972
7418,4003
7419,4004
7420,4003
7421,4006
7422,4027
7423,4013
7424,4024
7425,4024
7426,4033
7427,4024
7428,4031
7429,4009
7430,3998
7431,4002
7432,4009
7433,4009
7434,4028
7435,4032
7436,4036
7437,4039
7438,4005
7439,4033
7440,4014
7441,4002
7442,4029
7443,4027
7444,4029
7445,4020
7446,4007
7447,4012
7448,4029
7449,4027
7450,4020
7451,4029
7452,4033
7453,4032
7454,4024
7455,4036
7456,3998
7457,4032
7458,4043
7459,4021
7460,3988
7461,4033
7462,4021
7463,4015
7464,3988
7465,4033
7466,4039
7467,4042
7468,4039
7469,4031
7470,4046
7471,4039
7472,4042
7473,4048
7474,4061
7475,4057
7476,4048
7477,4061
7478,4056
7479,4022
7480,4022
7481,4042
7482,4047
7483,4034
7484,3993
7485,4034
7486,4022
7487,4017
7488,4034
7489,4022
7490,4034
7491,4034
7492,4042
7493,4024
7494,4050
7495,4038
7496,4039
7497,4052
7498,4047
7499,4053
7500,4071
7501,4034
7502,4032
7503,4052
7504,4052
7505,4061
7506,4052
7507,4052
7508,4048
7509,4055
7510,4052
7511,4058
7512,4061
7513,4052
7514,4054
7515,4054
7516,4066
7517,4054
7518,4042
7519,4066
7520,4054
7521,4053
7522,4050
7523,4066
7524,4054
7525,4054
7526,4066
7527,4068
7528,4061
7529,4059
7530,4060
7531,4073
7532,4070
7533,4066
7534,4072
7535,4071
7536,4073
7537,4067
7538,4066
7539,4071
7540,4087
7541,4086
7542,4068
7543,4086
7544,4068
7545,4086
7546,4074
7547,4086
7548,4085
7549,4074
7550,4099
7551,4086
7552,4103
7553,4077
7554,4068
7555,4088
7556,4086
7557,4093
7558,4108
7559,4074
7560,4096
7561,4089
7562,4091
7563,4098
7564,4063
7565,4098
7566,4081
7567,4098
7568,4093
7569,4077
7570,4098
7571,4069
7572,4088
7573,4109
7574,4101
7575,4094
7576,4077
7577,4108
7578,4107
7579,4084
7580,4097
7581,4107
7582,4108
7583,4077
7584,4094
7585,4093
7586,4106
7587,4093
7588,4098
7589,4085
7590,4106
7591,4099
7592,4076
7593,4101
7594,4092
7595,4101
7596,4074
7597,4101
7598,4092
7599,4101
7600,4076
7601,4106
7602,4099
7603,4085
7604,4106
7605,4099
7606,4093
7607,4098
7608,4101
7609,4083
7610,4106
7611,4098
7612,4110
7613,4109
7614,4113
7615,4108
7616,4110
7617,4098
7618,4106
7619,4101
7620,4092
7621,4101
7622,4099
7623,4077
7624,4098
7625,4077
7626,4089
7627,4077
7628,4098
7629,4093
7630,4101
7631,4101
7632,4101
7633,4092
7634,4099
7635,4117
7636,4089
7637,4112
7638,4095
7639,4117
7640,4101
7641,4117
7642,4112
7643,4117
7644,4119
7645,4103
7646,4109
7647,4123
7648,4120
7649,4134
7650,4122
7651,4120
7652,4134
7653,4142
7654,4144
7655,4122
7656,4133
7657,4122
7658,4144
7659,4122
7660,4134
7661,4132
7662,4121
7663,4132
7664,4119
7665,4148
7666,4143
7667,4143
7668,4148
7669,4143
7670,4146
7671,4143
7672,4154
7673,4170
7674,4163
7675,4170
7676,4163
7677,4158
7678,4176
7679,4179
7680,4175
7681,4189
7682,4180
7683,4168
7684,4173
7685,4190
7686,4177
7687,4190
7688,4173
7689,4174
7690,4190
7691,4184
7692,4177
7693,4190
7694,4189
7695,4187
7696,4185
7697,4195
7698,4187
7699,4173
7700,4179
7701,4189
7702,4179
7703,4180
7704,4179
7705,4177
7706,4183
7707,4172
7708,4169
7709,4183
7710,4183
7711,4181
7712,4189
7713,4185
7714,4189
7715,4191
7716,4176
7717,4154
7718,4172
7719,4188
7720,4154
7721,4199
7722,4201
7723,4196
7724,4198
7725,4198
7726,4196
7727,4201
7728,4200
7729,4196
7730,4201
7731,4198
7732,4196
7733,4198
7734,4179
7735,4196
7736,4201
7737,4198
7738,4198
7739,4196
7740,4161
7741,4191
7742,4201
7743,4196
7744,4198
7745,4196
7746,4201
7747,4191
7748,4198
7749,4199
7750,4216
7751,4208
7752,4216
7753,4199
7754,4193
7755,4200
7756,4200
7757,4202
7758,4193
7759,4191
7760,4198
7761,4187
7762,4204
7763,4198
7764,4213
7765,4198
7766,4187
7767,4204
7768,4198
7769,4187
7770,4198
7771,4195
7772,4216
7773,4216
7774,4209
7775,4221
7776,4226
7777,4231
7778,4229
7779,4226
7780,4226
7781,4236
7782,4222
7783,4233
7784,4244
7785,4222
7786,4241
7787,4244
7788,4232
7789,4222
7790,4238
7791,4242
7792,4219
7793,4242
7794,4253
7795,4267
7796,4257
7797,4267
7798,4267
7799,4267
7800,4267
7801,4234
7802,4257
7803,4267
7804,4267
7805,4234
7806,4267
7807,4267
7808,4246
7809,4267
7810,4275
7811,4239
7812,4275
7813,4239
7814,4259
7815,4248
7816,4258
7817,4267
7818,4259
7819,4266
7820,4259
7821,4258
7822,4259
7823,4248
7824,4280
7825,4285
7826,4277
7827,4274
7828,4285
7829,4273
7830,4264
7831,4274
7832,4277
7833,4285
7834,4280
7835,4259
7836,4258
7837,4259
7838,4248
7839,4259
7840,4266
7841,4270
7842,4274
7843,4285
7844,4277
7845,4265
7846,4274
7847,4285
7848,4277
7849,4282
7850,4239
7851,4282
7852,4264
7853,4287
7854,4258
7855,4287
7856,4287
7857,4283
7858,4287
7859,4284
7860,4303
7861,4302
7862,4285
7863,4308
7864,4296
7865,4304
7866,4315
7867,4308
7868,4305
7869,4296
7870,4308
7871,4315
7872,4296
7873,4308
7874,4305
7875,4315
7876,4300
7877,4287
7878,4294
7879,4298
7880,4317
7881,4298
7882,4308
7883,4276
7884,4296
7885,4290
7886,4287
7887,4317
7888,4290
7889,4309
7890,4302
7891,4280
7892,4288
7893,4303
7894,4312
7895,4300
7896,4314
7897,4312
7898,4307
7899,4297
7900,4312
7901,4303
7902,4302
7903,4294
7904,4267
7905,4302
7906,4280
7907,4294
7908,4302
7909,4279
7910,4302
7911,4267
7912,4280
7913,4302
7914,4308
7915,4317
7916,4311
7917,4317
7918,4297
7919,4298
7920,4317
7921,4307
7922,4277
7923,4297
7924,4293
7925,4299
7926,4318
7927,4310
7928,4300
7929,4323
7930,4318
7931,4310
7932,4318
7933,4311
7934,4332
7935,4324
7936,4330
7937,4332
7938,4327
7939,4332
7940,4330
7941,4324
7942,4327
7943,4332
7944,4332
7945,4330
7946,4332
7947,4324
7948,4331
7949,4317
7950,4332
7951,4323
7952,4317
7953,4317
7954,4314
7955,4340
7956,4344
7957,4327
7958,4340
7959,4330
7960,4338
7961,4321
7962,4338
7963,4323
7964,4332
7965,4332
7966,4328
7967,4345
7968,4332
7969,4332
7970,4345
7971,4328
7972,4332
7973,4347
7974,4332
7975,4355
7976,4345
7977,4335
7978,4332
7979,4355
7980,4338
7981,4349
7982,4343
7983,4343
7984,4342
7985,4334
7986,4329
7987,4344
7988,4354
7989,4338
7990,4329
7991,4354
7992,4337
7993,4331
7994,4343
7995,4329
7996,4327
7997,4326
7998,4342
7999,4342
8000,4327
8001,4342
8002,4327
8003,4342
8004,4326
8005,4342
8006,4327
8007,4342
8008,4335
8009,4333
8010,4347
8011,4333
8012,4305
8013,4339
8014,4347
8015,4333
8016,4347
8017,4333
8018,4342
8019,4337
8020,4341
8021,4337
8022,4335
8023,4341
8024,4337
8025,4335
8026,4341
8027,4337
8028,4341
8029,4351
8030,4348
8031,4349
8032,4355
8033,4352
8034,4318
8035,4351
8036,4356
8037,4360
8038,4364
8039,4363
8040,4332
8041,4338
8042,4363
8043,4364
8044,4332
8045,4363
8046,4364
8047,4332
8048,4352
8049,4365
8050,4352
8051,4352
8052,4351
8053,4343
8054,4331
8055,4352
8056,4351
8057,4331
8058,4352
8059,4351
8060,4365
8061,4332
8062,4363
8063,4364
8064,4332
8065,4349
8066,4354
8067,4372
8068,4351
8069,4372
8070,4361
8071,4354
8072,4360
8073,4351
8074,4343
8075,4352
8076,4351
8077,4347
8078,4333
8079,4339
8080,4333
8081,4347
8082,4333
8083,4347
8084,4305
8085,4333
8086,4347
8087,4342
8088,4341
8089,4335
8090,4337
8091,4339
8092,4338
8093,4346
8094,4347
8095,4352
8096,4349
8097,4342
8098,4335
8099,4324
8100,4340
8101,4342
8102,4338
8103,4340
8104,4349
8105,4340
8106,4349
8107,4341
8108,4340
8109,4342
8110,4340
8111,4341
8112,4338
8113,4330
8114,4342
8115,4340
8116,4341
8117,4340
8118,4338
8119,4330
8120,4342
8121,4340
8122,4344
8123,4344
8124,4335
8125,4350
8126,4344
8127,4315
8128,4344
8129,4352
8130,4315
8131,4344
8132,4335
8133,4359
8134,4322
8135,4353
8136,4348
8137,4370
8138,4371
8139,4371
8140,4348
8141,4364
8142,4371
8143,4371
8144,4348
8145,4361
8146,4384
8147,4380
8148,4383
8149,4380
8150,4383
8151,4363
8152,4380
8153,4383
8154,4380
8155,4383
8156,4384
8157,4386
8158,4391
8159,4386
8160,4391
8161,4376
8162,4371
8163,4362
8164,4371
8165,4348
8166,4360
8167,4352
8168,4363
8169,4359
8170,4345
8171,4359
8172,4352
8173,4363
8174,4374
8175,4362
8176,4378
8177,4341
8178,4383
8179,4388
8180,4369
8181,4384
8182,4404
8183,4408
8184,4397
8185,4393
8186,4408
8187,4393
8188,4397
8189,4408
8190,4400
8191,4393
8192,4369
8193,4408
8194,4397
8195,4393
8196,4408
8197,4397
8198,4408
8199,4399
8200,4397
8201,4408
8202,4393
8203,4413
8204,4413
8205,4418
8206,4419
8207,4384
8208,4410
8209,4412
8210,4422
8211,4403
8212,4419
8213,4410
8214,4408
8215,4418
8216,4406
8217,4422
8218,4412
8219,4413
8220,4408
8221,4399
8222,4408
8223,4378
8224,4408
8225,4399
8226,4408
8227,4379
8228,4408
8229,4399
8230,4410
8231,4405
8232,4417
8233,4397
8234,4413
8235,4417
8236,4400
8237,4417
8238,4412
8239,4417
8240,4424
8241,4419
8242,4417
8243,4422
8244,4406
8245,4368
8246,4417
8247,4396
8248,4423
8249,4404
8250,4424
8251,4423
8252,4431
8253,4413
8254,4427
8255,4436
8256,4418
8257,4436
8258,4413
8259,4427
8260,4413
8261,4439
8262,4430
8263,4432
8264,4430
8265,4437
8266,4430
8267,4430
8268,4433
8269,4437
8270,4442
8271,4430
8272,4432
8273,4434
8274,4430
8275,4446
8276,4422
8277,4450
8278,4442
8279,4433
8280,4450
8281,4454
8282,4464
8283,4429
8284,4453
8285,4430
8286,4449
8287,4444
8288,4452
8289,4460
8290,4434
8291,4452
8292,4460
8293,4421
8294,4472
8295,4442
8296,4475
8297,4483
8298,4462
8299,4467
8300,4483
8301,4467
8302,4483
8303,4495
8304,4487
8305,4469
8306,4498
8307,4504
8308,4508
8309,4505
8310,4498
8311,4508
8312,4505
8313,4508
8314,4505
8315,4498
8316,4508
8317,4505
8318,4493
8319,4498
8320,4490
8321,4500
8322,4500
8323,4470
8324,4487
8325,4500
8326,4492
8327,4475
8328,4490
8329,4502
8330,4475
8331,4479
8332,4498
8333,4465
8334,4498
8335,4498
8336,4484
8337,4510
8338,4503
8339,4493
8340,4510
8341,4515
8342,4492
8343,4484
8344,4515
8345,4510
8346,4501
8347,4515
8348,4510
8349,4499
8350,4515
8351,4492
8352,4510
8353,4499
8354,4524
8355,4518
8356,4517
8357,4495
8358,4501
8359,4499
8360,4523
8361,4505
8362,4510
8363,4515
8364,4499
8365,4510
8366,4515
8367,4508
8368,4495
8369,4482
8370,4495
8371,4487
8372,4496
8373,4508
8374,4510
8375,4518
8376,4508
8377,4523
8378,4508
8379,4470
8380,4523
8381,4499
8382,4504
8383,4504
8384,4519
8385,4504
8386,4500
8387,4522
8388,4496
8389,4524
8390,4493
8391,4528
8392,4535
8393,4509
8394,4500
8395,4498
8396,4523
8397,4528
8398,4523
8399,4522
8400,4523
8401,4521
8402,4499
8403,4522
8404,4524
8405,4499
8406,4487
8407,4524
8408,4499
8409,4522
8410,4513
8411,4524
8412,4539
8413,4524
8414,4510
8415,4524
8416,4527
8417,4542
8418,4529
8419,4539
8420,4545
8421,4526
8422,4517
8423,4541
8424,4562
8425,4513
8426,4550
8427,4550
8428,4562
8429,4528
8430,4570
8431,4524
8432,4555
8433,4578
8434,4584
8435,4563
8436,4575
8437,4585
8438,4547
8439,4583
8440,4577
8441,4594
8442,4588
8443,4594
8444,4577
8445,4591
8446,4567
8447,4591
8448,4589
8449,4547
8450,4591
8451,4591
8452,4594
8453,4538
8454,4602
8455,4597
8456,4609
8457,4596
8458,4569
8459,4585
8460,4584
8461,4596
8462,4569
8463,4611
8464,4604
8465,4605
8466,4613
8467,4612
8468,4605
8469,4613
8470,4612
8471,4605
8472,4604
8473,4613
8474,4601
8475,4602
8476,4597
8477,4538
8478,4602
8479,4589
8480,4538
8481,4597
8482,4602
8483,4597
8484,4537
8485,4582
8486,4566
8487,4608
8488,4595
8489,4594
8490,4581
8491,4589
8492,4569
8493,4597
8494,4551
8495,4602
8496,4581
8497,4602
8498,4583
8499,4591
8500,4581
8501,4602
8502,4581
8503,4602
8504,4584
8505,4582
8506,4595
8507,4583
8508,4570
8509,4582
8510,4583
8511,4548
8512,4594
8513,4599
8514,4583
8515,4599
8516,4591
8517,4599
8518,4591
8519,4585
8520,4599
8521,4599
8522,4583
8523,4590
8524,4591
8525,4599
8526,4585
8527,4599
8528,4591
8529,4599
8530,4599
8531,4591
8532,4583
8533,4570
8534,4604
8535,4595
8536,4591
8537,4589
8538,4570
8539,4615
8540,4608
8541,4614
8542,4602
8543,4620
8544,4622
8545,4627
8546,4614
8547,4603
8548,4592
8549,4630
8550,4611
8551,4594
8552,4633
8553,4613
8554,4633
8555,4615
8556,4633
8557,4629
8558,4630
8559,4635
8560,4619
8561,4648
8562,4642
8563,4647
8564,4625
8565,4642
8566,4625
8567,4642
8568,4615
8569,4647
8570,4643
8571,4625
8572,4636
8573,4635
8574,4632
8575,4620
8576,4632
8577,4635
8578,4632
8579,4648
8580,4644
8581,4644
8582,4645
8583,4619
8584,4644
8585,4635
8586,4645
8587,4615
8588,4642
8589,4627
8590,4614
8591,4648
8592,4642
8593,4627
8594,4614
8595,4646
8596,4649
8597,4610
8598,4644
8599,4649
8600,4643
8601,4644
8602,4660
8603,4658
8604,4640
8605,4660
8606,4642
8607,4660
8608,4658
8609,4660
8610,4628
8611,4664
8612,4630
8613,4635
8614,4664
8615,4655
8616,4652
8617,4670
8618,4645
8619,4663
8620,4670
8621,4673
8622,4665
8623,4680
8624,4675
8625,4669
8626,4675
8627,4683
8628,4647
8629,4670
8630,4637
8631,4664
8632,4679
8633,4654
8634,4679
8635,4680
8636,4697
8637,4699
8638,4694
8639,4698
8640,4700
8641,4689
8642,4705
8643,4710
8644,4700
8645,4704
8646,4689
8647,4690
8648,4690
8649,4677
8650,4689
8651,4675
8652,4690
8653,4685
8654,4711
8655,4705
8656,4698
8657,4711
8658,4700
8659,4668
8660,4703
8661,4684
8662,4690
8663,4706
8664,4714
8665,4707
8666,4699
8667,4690
8668,4705
8669,4698
8670,4697
8671,4709
8672,4705
8673,4715
8674,4715
8675,4692
8676,4704
8677,4715
8678,4701
8679,4715
8680,4700
8681,4723
8682,4724
8683,4707
8684,4720
8685,4694
8686,4707
8687,4720
8688,4724
8689,4720
8690,4704
8691,4733
8692,4724
8693,4729
8694,4734
8695,4725
8696,4719
8697,4729
8698,4734
8699,4729
8700,4720
8701,4703
8702,4703
8703,4715
8704,4703
8705,4703
8706,4705
8707,4710
8708,4725
8709,4729
8710,4707
8711,4703
8712,4715
8713,4733
8714,4733
8715,4720
8716,4733
8717,4720
8718,4733
8719,4707
8720,4733
8721,4729
8722,4733
8723,4733
8724,4715
8725,4733
8726,4706
8727,4745
8728,4745
8729,4757
8730,4723
8731,4732
8732,4753
8733,4742
8734,4735
8735,4724
8736,4753
8737,4742
8738,4705
8739,4750
8740,4741
8741,4734
8742,4745
8743,4750
8744,4742
8745,4717
8746,4739
8747,4750
8748,4745
8749,4728
8750,4739
8751,4750
8752,4750
8753,4749
8754,4758
8755,4727
8756,4749
8757,4740
8758,4758
8759,4730
8760,4723
8761,4757
8762,4738
8763,4734
8764,4755
8765,4755
8766,4755
8767,4748
8768,4755
8769,4738
8770,4722
8771,4757
8772,4723
8773,4755
8774,4738
8775,4747
8776,4733
8777,4682
8778,4758
8779,4745
8780,4753
8781,4759
8782,4760
8783,4775
8784,4717
8785,4772
8786,4760
8787,4750
8788,4769
8789,4763
8790,4769
8791,4768
8792,4763
8793,4773
8794,4769
8795,4762
8796,4763
8797,4771
8798,4765
8799,4762
8800,4763
8801,4771
8802,4763
8803,4771
8804,4762
8805,4763
8806,4763
8807,4771
8808,4763
8809,4762
8810,4771
8811,4763
8812,4734
8813,4752
8814,4784
8815,4768
8816,4754
8817,4748
8818,4755
8819,4754
8820,4750
8821,4765
8822,4759
8823,4745
8824,4748
8825,4759
8826,4750
8827,4748
8828,4763
8829,4748
8830,4775
8831,4772
8832,4763
8833,4775
8834,4759
8835,4763
8836,4748
8837,4759
8838,4750
8839,4760
8840,4777
8841,4774
8842,4776
8843,4759
8844,4790
8845,4794
8846,4777
8847,4750
8848,4772
8849,4749
8850,4783
8851,4783
8852,4778
8853,4780
8854,4757
8855,4780
8856,4782
8857,4780
8858,4785
8859,4782
8860,4780
8861,4793
8862,4798
8863,4775
8864,4786
8865,4798
8866,4798
8867,4807
8868,4812
8869,4798
8870,4815
8871,4813
8872,4807
8873,4813
8874,4817
8875,4805
8876,4815
8877,4813
8878,4816
8879,4809
8880,4810
8881,4809
8882,4804
8883,4809
8884,4810
8885,4809
8886,4800
8887,4813
8888,4819
8889,4817
8890,4787
8891,4838
8892,4839
8893,4830
8894,4853
8895,4834
8896,4853
8897,4838
8898,4853
8899,4834
8900,4853
8901,4853
8902,4844
8903,4839
8904,4833
8905,4812
8906,4852
8907,4843
8908,4822
8909,4828
8910,4843
8911,4822
8912,4853
8913,4839
8914,4859
8915,4855
8916,4858
8917,4839
8918,4825
8919,4859
8920,4855
8921,4839
8922,4859
8923,4855
8924,4839
8925,4859
8926,4825
8927,4839
8928,4855
8929,4858
8930,4859
8931,4865
8932,4814
8933,4865
8934,4859
8935,4858
8936,4869
8937,4860
8938,4848
8939,4877
8940,4880
8941,4880
8942,4880
8943,4880
8944,4857
8945,4880
8946,4880
8947,4865
8948,4880
8949,4880
8950,4880
8951,4880
8952,4870
8953,4882
8954,4879
8955,4864
8956,4875
8957,4870
8958,4887
8959,4889
8960,4888
8961,4889
8962,4870
8963,4870
8964,4870
8965,4870
8966,4829
8967,4870
8968,4870
8969,4870
8970,4870
8971,4874
8972,4890
8973,4872
8974,4879
8975,4878
8976,4880
8977,4872
8978,4890
8979,4878
8980,4879
8981,4880
8982,4872
8983,4878
8984,4890
8985,4890
8986,4902
8987,4884
8988,4889
8989,4902
8990,4884
8991,4889
8992,4880
8993,4884
8994,4902
8995,4889
8996,4887
8997,4885
8998,4897
8999,4887
9000,4837
9001,4885
9002,4884
9003,4885
9004,4887
9005,4904
9006,4908
9007,4893
9008,4909
9009,4895
9010,4908
9011,4909
9012,4908
9013,4893
9014,4887
9015,4880
9016,4904
9017,4894
9018,4884
9019,4904
9020,4905
9021,4897
9022,4920
9023,4909
9024,4912
9025,4888
9026,4903
9027,4912
9028,4907
9029,4903
9030,4912
9031,4903
9032,4907
9033,4912
9034,4878
9035,4903
9036,4912
9037,4909
9038,4915
9039,4934
9040,4915
9041,4943
9042,4908
9043,4940
9044,4928
9045,4934
9046,4912
9047,4913
9048,4903
9049,4935
9050,4928
9051,4934
9052,4907
9053,4915
9054,4932
9055,4924
9056,4944
9057,4945
9058,4943
9059,4945
9060,4944
9061,4945
9062,4943
9063,4945
9064,4945
9065,4913
9066,4943
9067,4943
9068,4948
9069,4939
9070,4935
9071,4945
9072,4945
9073,4943
9074,4945
9075,4944
9076,4945
9077,4943
9078,4945
9079,4945
9080,4943
9081,4932
9082,4938
9083,4947
9084,4958
9085,4945
9086,4950
9087,4958
9088,4948
9089,4940
9090,4919
9091,4924
9092,4940
9093,4940
9094,4940
9095,4924
9096,4940
9097,4940
9098,4924
9099,4940
9100,4938
9101,4940
9102,4924
9103,4954
9104,4947
9105,4949
9106,4955
9107,4947
9108,4949
9109,4955
9110,4947
9111,4955
9112,4949
9113,4950
9114,4950
9115,4963
9116,4950
9117,4940
9118,4950
9119,4947
9120,4955
9121,4949
9122,4940
9123,4893
9124,4933
9125,4939
9126,4929
9127,4933
9128,4953
9129,4958
9130,4947
9131,4958
9132,4939
9133,4958
9134,4933
9135,4945
9136,4949
9137,4953
9138,4954
9139,4940
9140,4924
9141,4940
9142,4940
9143,4924
9144,4940
9145,4914
9146,4940
9147,4938
9148,4940
9149,4924
9150,4940
9151,4940
9152,4924
9153,4940
9154,4959
9155,4967
9156,4966
9157,4955
9158,4958
9159,4966
9160,4973
9161,4981
9162,4968
9163,4972
9164,4981
9165,4975
9166,4942
9167,4964
9168,4980
9169,4972
9170,4964
9171,4980
9172,4973
9173,4958
9174,4959
9175,4945
9176,4960
9177,4958
9178,4959
9179,4965
9180,4966
9181,4967
9182,4958
9183,4955
9184,4966
9185,4967
9186,4973
9187,4981
9188,4975
9189,4972
9190,4981
9191,4968
9192,4942
9193,4980
9194,4964
9195,4974
9196,4966
9197,4967
9198,4958
9199,4966
9200,4955
9201,4967
9202,4966
9203,4958
9204,4958
9205,4966
9206,4967
9207,4955
9208,4966
9209,4965
9210,4945
9211,4958
9212,4959
9213,4958
9214,4960
9215,4959
9216,4973
9217,4964
9218,4980
9219,4972
9220,4964
9221,4980
9222,4942
9223,4981
9224,4968
9225,4972
9226,4981
9227,4975
9228,4973
9229,4958
9230,4966
9231,4967
9232,4966
9233,4955
9234,4967
9235,4965
9236,4958
9237,4953
9238,4950
9239,4958
9240,4950
9241,4966
9242,4965
9243,4913
9244,4945
9245,4965
9246,4958
9247,4965
9248,4965
9249,4956
9250,4958
9251,4970
9252,4979
9253,4962
9254,4974
9255,4977
9256,4949
9257,4989
9258,4989
9259,4965
9260,4980
9261,4995
9262,4973
9263,4964
9264,4988
9265,4949
9266,4949
9267,4987
9268,4985
9269,4987
9270,4987
9271,4985
9272,4985
9273,4987
9274,4980
9275,4985
9276,4990
9277,4992
9278,4995
9279,4959
9280,4994
9281,4992
9282,4994
9283,4980
9284,4994
9285,4992
9286,4949
9287,5005
9288,5000
9289,4998
9290,4998
9291,4974
9292,4998
9293,4975
9294,4998
9295,5004
9296,4974
9297,4998
9298,4995
9299,4983
9300,5003
9301,4979
9302,5002
9303,4990
9304,4998
9305,4990
9306,4984
9307,4990
9308,4998
9309,4990
9310,4988
9311,4998
9312,4990
9313,5002
9314,5013
9315,4985
9316,4988
9317,4970
9318,4985
9319,4988
9320,4997
9321,4995
9322,5022
9323,4997
9324,5013
9325,4997
9326,5005
9327,5012
9328,5006
9329,4994
9330,5001
9331,5006
9332,4994
9333,5021
9334,5025
9335,5025
9336,5014
9337,5017
9338,4989
9339,5025
9340,4994
9341,5011
9342,5025
9343,5005
9344,5027
9345,5016
9346,5025
9347,5027
9348,5014
9349,5016
9350,5024
9351,5027
9352,5014
9353,5016
9354,5027
9355,5025
9356,5017
9357,5023
9358,5017
9359,5005
9360,5025
9361,5024
9362,5025
9363,5014
9364,5000
9365,5025
9366,5024
9367,4999
9368,4990
9369,5025
9370,5008
9371,5018
9372,5018
9373,5017
9374,4961
9375,5018
9376,5027
9377,5027
9378,4985
9379,5020
9380,4985
9381,5027
9382,5004
9383,5020
9384,4985
9385,5027
9386,4985
9387,5010
9388,4985
9389,5027
9390,5020
9391,5034
9392,5028
9393,5015
9394,5047
9395,5047
9396,5024
9397,5047
9398,5049
9399,5053
9400,5061
9401,5063
9402,5068
9403,5051
9404,5036
9405,5039
9406,5036
9407,5037
9408,5060
9409,5062
9410,5067
9411,5050
9412,5066
9413,5059
9414,5075
9415,5080
9416,5068
9417,5060
9418,5059
9419,5085
9420,5074
9421,5085
9422,5085
9423,5053
9424,5074
9425,5085
9426,5085
9427,5063
9428,5074
9429,5085
9430,5085
9431,5074
9432,5085
9433,5069
9434,5076
9435,5070
9436,5065
9437,5085
9438,5084
9439,5067
9440,5082
9441,5085
9442,5080
9443,5060
9444,5087
9445,5074
9446,5095
9447,5093
9448,5090
9449,5095
9450,5074
9451,5095
9452,5093
9453,5078
9454,5082
9455,5085
9456,5075
9457,5082
9458,5084
9459,5075
9460,5082
9461,5085
9462,5054
9463,5080
9464,5080
9465,5088
9466,5099
9467,5092
9468,5099
9469,5088
9470,5091
9471,5110
9472,5104
9473,5105
9474,5094
9475,5090
9476,5108
9477,5097
9478,5115
9479,5113
9480,5113
9481,5118
9482,5109
9483,5110
9484,5115
9485,5100
9486,5112
9487,5109
9488,5097
9489,5110
9490,5129
9491,5107
9492,5125
9493,5129
9494,5131
9495,5125
9496,5129
9497,5134
9498,5128
9499,5132
9500,5132
9501,5132
9502,5123
9503,5133
9504,5065
9505,5123
9506,5128
9507,5123
9508,5133
9509,5132
9510,5099
9511,5150
9512,5119
9513,5152
9514,5153
9515,5117
9516,5152
9517,5145
9518,5147
9519,5109
9520,5147
9521,5134
9522,5156
9523,5159
9524,5164
9525,5150
9526,5168
9527,5164
9528,5155
9529,5164
9530,5158
9531,5162
9532,5171
9533,5154
9534,5164
9535,5164
9536,5168
9537,5174
9538,5152
9539,5182
9540,5165
9541,5170
9542,5173
9543,5150
9544,5165
9545,5189
9546,5190
9547,5189
9548,5170
9549,5190
9550,5186
9551,5183
9552,5193
9553,5183
9554,5180
9555,5193
9556,5183
9557,5188
9558,5183
9559,5193
9560,5203
9561,5199
9562,5183
9563,5178
9564,5193
9565,5187
9566,5188
9567,5183
9568,5193
9569,5195
9570,5209
9571,5210
9572,5209
9573,5214
9574,5224
9575,5211
9576,5185
9577,5178
9578,5179
9579,5215
9580,5170
9581,5216
9582,5179
9583,5185
9584,5215
9585,5195
9586,5166
9587,5199
9588,5193
9589,5184
9590,5215
9591,5185
9592,5193
9593,5201
9594,5216
9595,5210
9596,5160
9597,5216
9598,5210
9599,5216
9600,5160
9601,5210
9602,5219
9603,5215
9604,5185
9605,5174
9606,5215
9607,5202
9608,5174
9609,5200
9610,5224
9611,5229
9612,5224
9613,5208
9614,5224
9615,5220
9616,5224
9617,5194
9618,5200
9619,5204
9620,5206
9621,5174
9622,5200
9623,5190
9624,5190
9625,5200
9626,5204
9627,5205
9628,5224
9629,5174
9630,5199
9631,5218
9632,5216
9633,5208
9634,5233
9635,5232
9636,5230
9637,5237
9638,5229
9639,5250
9640,5229
9641,5250
9642,5250
9643,5229
9644,5228
9645,5202
9646,5250
9647,5229
9648,5250
9649,5224
9650,5238
9651,5227
9652,5250
9653,5228
9654,5238
9655,5244
9656,5228
9657,5238
9658,5228
9659,5238
9660,5249
9661,5250
9662,5235
9663,5230
9664,5253
9665,5259
9666,5244
9667,5269
9668,5239
9669,5255
9670,5268
9671,5243
9672,5255
9673,5260
9674,5270
9675,5279
9676,5274
9677,5271
9678,5279
9679,5265
9680,5268
9681,5274
9682,5279
9683,5274
9684,5249
9685,5282
9686,5265
9687,5270
9688,5280
9689,5268
9690,5249
9691,5235
9692,5276
9693,5264
9694,5268
9695,5249
9696,5268
9697,5271
9698,5284
9699,5274
9700,5284
9701,5285
9702,5285
9703,5294
9704,5269
9705,5257
9706,5289
9707,5298
9708,5304
9709,5285
9710,5304
9711,5304
9712,5278
9713,5304
9714,5318
9715,5323
9716,5305
9717,5323
9718,5305
9719,5313
9720,5301
9721,5313
9722,5315
9723,5313
9724,5301
9725,5304
9726,5313
9727,5290
9728,5301
9729,5313
9730,5301
9731,5310
9732,5334
9733,5258
9734,5338
9735,5340
9736,5336
9737,5340
9738,5338
9739,5336
9740,5344
9741,5338
9742,5336
9743,5351
9744,5360
9745,5344
9746,5355
9747,5361
9748,5355
9749,5355
9750,5364
9751,5321
9752,5355
9753,5359
9754,5378
9755,5355
9756,5383
9757,5374
9758,5361
9759,5383
9760,5374
9761,5383
9762,5361
9763,5374
9764,5355
9765,5370
9766,5370
9767,5355
9768,5353
9769,5361
9770,5364
9771,5369
9772,5355
9773,5369
9774,5364
9775,5355
9776,5369
9777,5364
9778,5355
9779,5369
9780,5369
9781,5370
9782,5369
9783,5378
9784,5356
9785,5345
9786,5375
9787,5358
9788,5368
9789,5366
9790,5380
9791,5368
9792,5372
9793,5365
9794,5375
9795,5384
9796,5385
9797,5400
9798,5396
9799,5384
9800,5384
9801,5384
9802,5384
9803,5390
9804,5384
9805,5390
9806,5384
9807,5400
9808,5389
9809,5393
9810,5389
9811,5394
9812,5389
9813,5393
9814,5389
9815,5399
9816,5388
9817,5381
9818,5388
9819,5399
9820,5389
9821,5385
9822,5389
9823,5369
9824,5405
9825,5370
9826,5380
9827,5405
9828,5400
9829,5396
9830,5380
9831,5370
9832,5396
9833,5369
9834,5389
9835,5389
9836,5393
9837,5394
9838,5406
9839,5414
9840,5366
9841,5414
9842,5380
9843,5410
9844,5406
9845,5399
9846,5385
9847,5399
9848,5406
9849,5403
9850,5410
9851,5418
9852,5419
9853,5419
9854,5408
9855,5405
9856,5419
9857,5409
9858,5419
9859,5408
9860,5419
9861,5416
9862,5366
9863,5398
9864,5416
9865,5398
9866,5385
9867,5425
9868,5428
9869,5395
9870,5441
9871,5448
9872,5432
9873,5437
9874,5433
9875,5445
9876,5432
9877,5430
9878,5438
9879,5432
9880,5433
9881,5437
9882,5432
9883,5445
9884,5433
9885,5438
9886,5432
9887,5455
9888,5451
9889,5454
9890,5454
9891,5465
9892,5431
9893,5464
9894,5452
9895,5469
9896,5431
9897,5446
9898,5469
9899,5469
9900,5466
9901,5459
9902,5463
9903,5454
9904,5435
9905,5473
9906,5463
9907,5470
9908,5476
9909,5471
9910,5464
9911,5475
9912,5456
9913,5471
9914,5476
9915,5471
9916,5473
9917,5471
9918,5476
9919,5456
9920,5471
9921,5475
9922,5476
9923,5471
9924,5451
9925,5473
9926,5480
9927,5453
9928,5464
9929,5476
9930,5475
9931,5471
9932,5465
9933,5476
9934,5471
9935,5464
9936,5476
9937,5469
9938,5469
9939,5446
9940,5469
9941,5466
9942,5469
9943,5446
9944,5469
9945,5448
9946,5446
9947,5469
9948,5466
9949,5469
9950,5446
9951,5469
9952,5436
9953,5430
9954,5475
9955,5446
9956,5463
9957,5408
9958,5475
9959,5459
9960,5460
9961,5471
9962,5474
9963,5474
9964,5460
9965,5488
9966,5484
9967,5495
9968,5501
9969,5491
9970,5498
9971,5500
9972,5500
9973,5500
9974,5490
9975,5505
9976,5498
9977,5509
9978,5515
9979,5499
9980,5509
9981,5488
9982,5483
9983,5499
9984,5509
9985,5499
9986,5508
9987,5495
9988,5495
9989,5531
9990,5518
9991,5495
9992,5531
9993,5495
9994,5512
9995,5534
9996,5527
9997,5530
9998,5534
9999,5519
10000,5535
10001,5532
10002,5543
10003,5544
10004,5524
10005,5544
10006,5554
10007,5545
10008,5543
10009,5540
10010,5530
10011,5558
10012,5545
10013,5530
10014,5518
10015,5545
10016,5528
10017,5558
10018,5550
10019,5524
10020,5533
10021,5559
10022,5565
10023,5570
10024,5571
10025,5574
10026,5559
10027,5574
10028,5565
10029,5574
10030,5571
10031,5559
10032,5574
10033,5568
10034,5589
10035,5549
10036,5573
10037,5589
10038,5578
10039,5589
10040,5589
10041,5569
10042,5589
10043,5569
10044,5564
10045,5574
10046,5559
10047,5562
10048,5550
10049,5534
10050,5559
10051,5558
10052,5570
10053,5574
10054,5559
10055,5571
10056,5574
10057,5574
10058,5559
10059,5571
10060,5565
10061,5574
10062,5574
10063,5559
10064,5571
10065,5574
10066,5568
10067,5589
10068,5573
10069,5578
10070,5589
10071,5589
10072,5559
10073,5589
10074,5573
10075,5569
10076,5559
10077,5574
10078,5574
10079,5571
10080,5568
10081,5589
10082,5578
10083,5573
10084,5589
10085,5589
10086,5578
10087,5589
10088,5573
10089,5590
10090,5589
10091,5600
10092,5598
10093,5602
10094,5594
10095,5598
10096,5594
10097,5591
10098,5596
10099,5587
10100,5609
10101,5570
10102,5603
10103,5585
10104,5586
10105,5585
10106,5604
10107,5603
10108,5599
10109,5604
10110,5603
10111,5590
10112,5603
10113,5613
10114,5604
10115,5613
10116,5603
10117,5604
10118,5599
10119,5614
10120,5611
10121,5603
10122,5604
10123,5603
10124,5611
10125,5610
10126,5614
10127,5600
10128,5610
10129,5614
10130,5606
10131,5618
10132,5614
10133,5623
10134,5609
10135,5623
10136,5639
10137,5625
10138,5608
10139,5618
10140,5613
10141,5621
10142,5618
10143,5619
10144,5618
10145,5633
10146,5630
10147,5633
10148,5619
10149,5625
10150,5619
10151,5630
10152,5623
10153,5616
10154,5633
10155,5616
10156,5615
10157,5644
10158,5619
10159,5645
10160,5610
10161,5626
10162,5626
10163,5645
10164,5644
10165,5618
10166,5626
10167,5644
10168,5645
10169,5644
10170,5626
10171,5645
10172,5644
10173,5653
10174,5658
10175,5641
10176,5649
10177,5658
10178,5641
10179,5649
10180,5638
10181,5653
10182,5645
10183,5653
10184,5644
10185,5640
10186,5653
10187,5653
10188,5635
10189,5625
10190,5635
10191,5633
10192,5635
10193,5625
10194,5635
10195,5635
10196,5633
10197,5640
10198,5645
10199,5653
10200,5659
10201,5648
10202,5643
10203,5639
10204,5646
10205,5639
10206,5614
10207,5658
10208,5639
10209,5621
10210,5614
10211,5639
10212,5610
10213,5658
10214,5655
10215,5643
10216,5665
10217,5646
10218,5649
10219,5665
10220,5646
10221,5651
10222,5665
10223,5646
10224,5648
10225,5664
10226,5671
10227,5645
10228,5671
10229,5664
10230,5660
10231,5645
10232,5680
10233,5670
10234,5671
10235,5680
10236,5670
10237,5671
10238,5680
10239,5680
10240,5671
10241,5664
10242,5645
10243,5648
10244,5665
10245,5646
10246,5646
10247,5665
10248,5665
10249,5629
10250,5665
10251,5646
10252,5646
10253,5665
10254,5663
10255,5676
10256,5646
10257,5685
10258,5679
10259,5694
10260,5694
10261,5689
10262,5694
10263,5694
10264,5689
10265,5694
10266,5694
10267,5681
10268,5684
10269,5675
10270,5684
10271,5684
10272,5680
10273,5684
10274,5685
10275,5684
10276,5674
10277,5694
10278,5689
10279,5694
10280,5679
10281,5694
10282,5680
10283,5685
10284,5694
10285,5694
10286,5678
10287,5678
10288,5689
10289,5679
10290,5685
10291,5683
10292,5679
10293,5689
10294,5678
10295,5689
10296,5680
10297,5668
10298,5689
10299,5678
10300,5689
10301,5681
10302,5691
10303,5680
10304,5693
10305,5663
10306,5695
10307,5685
10308,5700
10309,5695
10310,5691
10311,5695
10312,5685
10313,5700
10314,5681
10315,5691
10316,5693
10317,5700
10318,5703
10319,5693
10320,5700
10321,5691
10322,5675
10323,5688
10324,5704
10325,5681
10326,5688
10327,5673
10328,5702
10329,5681
10330,5694
10331,5702
10332,5698
10333,5700
10334,5698
10335,5684
10336,5685
10337,5696
10338,5705
10339,5684
10340,5685
10341,5700
10342,5690
10343,5681
10344,5694
10345,5702
10346,5681
10347,5702
10348,5688
10349,5704
10350,5688
10351,5704
10352,5704
10353,5688
10354,5674
10355,5704
10356,5673
10357,5688
10358,5704
10359,5704
10360,5688
10361,5704
10362,5663
10363,5695
10364,5699
10365,5689
10366,5695
10367,5699
10368,5695
10369,5695
10370,5699
10371,5693
10372,5688
10373,5684
10374,5669
10375,5688
10376,5669
10377,5628
10378,5688
10379,5669
10380,5688
10381,5700
10382,5695
10383,5696
10384,5704
10385,5704
10386,5690
10387,5688
10388,5696
10389,5704
10390,5704
10391,5700
10392,5688
10393,5686
10394,5696
10395,5710
10396,5711
10397,5670
10398,5683
10399,5710
10400,5719
10401,5706
10402,5719
10403,5701
10404,5715
10405,5726
10406,5706
10407,5725
10408,5734
10409,5719
10410,5734
10411,5730
10412,5735
10413,5714
10414,5735
10415,5714
10416,5731
10417,5735
10418,5714
10419,5735
10420,5730
10421,5735
10422,5716
10423,5731
10424,5706
10425,5728
10426,5728
10427,5725
10428,5728
10429,5735
10430,5728
10431,5725
10432,5728
10433,5728
10434,5710
10435,5746
10436,5729
10437,5745
10438,5746
10439,5745
10440,5746
10441,5746
10442,5745
10443,5740
10444,5730
10445,5708
10446,5738
10447,5725
10448,5745
10449,5721
10450,5736
10451,5725
10452,5719
10453,5695
10454,5735
10455,5739
10456,5704
10457,5730
10458,5740
10459,5753
10460,5750
10461,5758
10462,5735
10463,5758
10464,5735
10465,5750
10466,5758
10467,5759
10468,5770
10469,5754
10470,5775
10471,5766
10472,5756
10473,5754
10474,5754
10475,5766
10476,5746
10477,5756
10478,5756
10479,5754
10480,5766
10481,5754
10482,5740
10483,5744
10484,5754
10485,5756
10486,5761
10487,5766
10488,5775
10489,5770
10490,5775
10491,5766
10492,5761
10493,5775
10494,5789
10495,5758
10496,5779
10497,5793
10498,5781
10499,5796
10500,5788
10501,5788
10502,5806
10503,5806
10504,5799
10505,5784
10506,5806
10507,5773
10508,5806
10509,5786
10510,5810
10511,5816
10512,5781
10513,5816
10514,5808
10515,5813
10516,5781
10517,5798
10518,5813
10519,5808
10520,5816
10521,5781
10522,5810
10523,5788
10524,5816
10525,5786
10526,5816
10527,5810
10528,5781
10529,5816
10530,5810
10531,5816
10532,5781
10533,5786
10534,5816
10535,5759
10536,5818
10537,5800
10538,5808
10539,5801
10540,5799
10541,5788
10542,5810
10543,5804
10544,5808
10545,5796
10546,5801
10547,5760
10548,5801
10549,5796
10550,5801
10551,5785
10552,5760
10553,5801
10554,5796
10555,5801
10556,5760
10557,5801
10558,5796
10559,5808
10560,5804
10561,5802
10562,5788
10563,5799
10564,5809
10565,5808
10566,5800
10567,5818
10568,5759
10569,5816
10570,5794
10571,5781
10572,5816
10573,5810
10574,5803
10575,5825
10576,5822
10577,5815
10578,5799
10579,5810
10580,5828
10581,5823
10582,5831
10583,5824
10584,5814
10585,5831
10586,5814
10587,5831
10588,5794
10589,5831
10590,5822
10591,5824
10592,5833
10593,5835
10594,5827
10595,5829
10596,5821
10597,5815
10598,5821
10599,5808
10600,5796
10601,5815
10602,5821
10603,5815
10604,5825
10605,5799
10606,5828
10607,5799
10608,5808
10609,5810
10610,5799
10611,5828
10612,5799
10613,5828
10614,5836
10615,5819
10616,5781
10617,5833
10618,5827
10619,5835
10620,5824
10621,5822
10622,5831
10623,5814
10624,5794
10625,5831
10626,5814
10627,5824
10628,5831
10629,5835
10630,5844
10631,5831
10632,5843
10633,5844
10634,5843
10635,5844
10636,5836
10637,5844
10638,5843
10639,5855
10640,5856
10641,5845
10642,5836
10643,5854
10644,5870
10645,5873
10646,5874
10647,5875
10648,5846
10649,5844
10650,5852
10651,5880
10652,5879
10653,5868
10654,5861
10655,5875
10656,5849
10657,5874
10658,5876
10659,5874
10660,5858
10661,5857
10662,5850
10663,5866
10664,5852
10665,5864
10666,5870
10667,5829
10668,5873
10669,5850
10670,5829
10671,5871
10672,5873
10673,5859
10674,5856
10675,5865
10676,5857
10677,5856
10678,5865
10679,5865
10680,5859
10681,5865
10682,5871
10683,5877
10684,5870
10685,5860
10686,5873
10687,5878
10688,5859
10689,5878
10690,5860
10691,5873
10692,5878
10693,5859
10694,5871
10695,5878
10696,5873
10697,5879
10698,5859
10699,5878
10700,5885
10701,5891
10702,5879
10703,5889
10704,5891
10705,5879
10706,5895
10707,5889
10708,5890
10709,5886
10710,5889
10711,5888
10712,5876
10713,5903
10714,5894
10715,5908
10716,5916
10717,5910
10718,5915
10719,5923
10720,5913
10721,5905
10722,5879
10723,5886
10724,5909
10725,5899
10726,5899
10727,5879
10728,5903
10729,5905
10730,5883
10731,5905
10732,5910
10733,5898
10734,5910
10735,5916
10736,5916
10737,5886
10738,5902
10739,5874
10740,5908
10741,5905
10742,5890
10743,5908
10744,5910
10745,5909
10746,5895
10747,5918
10748,5890
10749,5908
10750,5896
10751,5890
10752,5908
10753,5894
10754,5893
10755,5904
10756,5895
10757,5904
10758,5890
10759,5889
10760,5900
10761,5901
10762,5904
10763,5904
10764,5904
10765,5889
10766,5904
10767,5915
10768,5910
10769,5926
10770,5918
10771,5904
10772,5895
10773,5885
10774,5904
10775,5914
10776,5895
10777,5904
10778,5915
10779,5904
10780,5895
10781,5918
10782,5926
10783,5926
10784,5910
10785,5926
10786,5889
10787,5891
10788,5926
10789,5914
10790,5910
10791,5914
10792,5925
10793,5920
10794,5910
10795,5904
10796,5926
10797,5926
10798,5926
10799,5929
10800,5933
10801,5919
10802,5906
10803,5929
10804,5919
10805,5929
10806,5929
10807,5912
10808,5938
10809,5924
10810,5934
10811,5919
10812,5924
10813,5934
10814,5925
10815,5924
10816,5934
10817,5920
10818,5924
10819,5934
10820,5933
10821,5936
10822,5935
10823,5895
10824,5906
10825,5936
10826,5946
10827,5945
10828,5946
10829,5945
10830,5946
10831,5925
10832,5936
10833,5919
10834,5937
10835,5912
10836,5910
10837,5933
10838,5935
10839,5930
10840,5924
10841,5926
10842,5924
10843,5924
10844,5926
10845,5930
10846,5924
10847,5935
10848,5919
10849,5933
10850,5910
10851,5919
10852,5933
10853,5942
10854,5929
10855,5934
10856,5919
10857,5916
10858,5940
10859,5935
10860,5940
10861,5938
10862,5938
10863,5936
10864,5928
10865,5943
10866,5941
10867,5936
10868,5928
10869,5928
10870,5936
10871,5944
10872,5949
10873,5944
10874,5930
10875,5949
10876,5940
10877,5935
10878,5930
10879,5940
10880,5924
10881,5944
10882,5936
10883,5940
10884,5945
10885,5944
10886,5945
10887,5940
10888,5929
10889,5927
10890,5930
10891,5927
10892,5944
10893,5950
10894,5956
10895,5935
10896,5956
10897,5944
10898,5959
10899,5935
10900,5950
10901,5949
10902,5949
10903,5925
10904,5945
10905,5944
10906,5936
10907,5952
10908,5953
10909,5954
10910,5959
10911,5956
10912,5920
10913,5904
10914,5961
10915,5955
10916,5967
10917,5950
10918,5959
10919,5967
10920,5952
10921,5967
10922,5950
10923,5977
10924,5984
10925,5966
10926,5955
10927,5966
10928,5984
10929,5965
10930,5979
10931,5954
10932,5979
10933,5975
10934,5979
10935,5976
10936,5975
10937,5970
10938,5970
10939,5944
10940,5990
10941,5949
10942,5990
10943,5989
10944,5971
10945,5990
10946,5944
10947,5970
10948,5970
10949,5975
10950,5971
10951,5975
10952,5970
10953,5971
10954,5949
10955,5975
10956,5954
10957,5979
10958,5977
10959,5979
10960,5970
10961,5990
10962,5984
10963,5949
10964,5980
10965,5983
10966,5986
10967,5980
10968,5955
10969,5988
10970,5991
10971,5991
10972,5989
10973,5991
10974,5965
10975,5991
10976,5991
10977,5989
10978,5991
10979,5994
10980,5976
10981,5994
10982,5996
10983,5985
10984,5996
10985,6006
10986,6000
10987,6009
10988,6019
10989,6006
10990,6006
10991,6014
10992,6009
10993,6019
10994,6000
10995,6005
10996,6002
10997,5991
10998,5977
10999,6010
11000,5999
11001,6010
11002,5977
11003,5996
11004,6010
11005,5999
11006,5993
11007,6006
11008,6005
11009,6025
11010,6020
11011,6019
11012,5983
11013,6009
11014,6025
11015,6020
11016,5983
11017,6013
11018,6034
11019,6004
11020,6026
11021,6034
11022,6009
11023,6012
11024,6014
11025,6035
11026,6034
11027,6035
11028,6012
11029,6014
11030,6034
11031,6035
11032,6012
11033,6014
11034,6044
11035,6044
11036,6031
11037,6038
11038,6043
11039,6040
11040,6044
11041,6019
11042,6013
11043,6020
11044,6029
11045,6013
11046,6019
11047,6032
11048,6049
11049,6040
11050,6014
11051,6025
11052,6034
11053,6042
11054,6013
11055,5975
11056,6020
11057,6024
11058,6024
11059,6029
11060,6024
11061,6024
11062,6035
11063,6014
11064,6039
11065,5977
11066,6027
11067,6000
11068,6027
11069,6026
11070,6021
11071,6050
11072,6050
11073,6021
11074,6028
11075,6050
11076,6025
11077,6050
11078,6035
11079,6034
11080,6039
11081,6047
11082,6041
11083,6066
11084,6051
11085,6068
11086,6068
11087,6051
11088,6068
11089,6068
11090,6051
11091,6054
11092,6068
11093,6068
11094,6051
11095,6068
11096,6041
11097,6059
11098,6060
11099,6055
11100,6059
11101,6060
11102,6049
11103,6055
11104,6046
11105,6060
11106,6059
11107,6045
11108,6060
11109,6059
11110,6055
11111,6060
11112,6059
11113,6035
11114,6044
11115,6061
11116,6060
11117,6046
11118,6048
11119,6043
11120,6060
11121,6048
11122,6046
11123,6060
11124,6067
11125,6060
11126,6047
11127,6067
11128,6058
11129,6077
11130,6077
11131,6077
11132,6069
11133,6077
11134,6045
11135,6077
11136,6077
11137,6053
11138,6075
11139,6077
11140,6061
11141,6076
11142,6084
11143,6079
11144,6060
11145,6074
11146,6084
11147,6079
11148,6068
11149,6080
11150,6060
11151,6029
11152,6060
11153,6029
11154,6078
11155,6075
11156,6070
11157,6077
11158,6081
11159,6074
11160,6045
11161,6055
11162,6045
11163,6078
11164,6080
11165,6079
11166,6079
11167,6080
11168,6071
11169,6054
11170,6045
11171,6060
11172,6045
11173,6045
11174,6052
11175,6045
11176,6060
11177,6045
11178,6046
11179,6045
11180,6079
11181,6082
11182,6054
11183,6031
11184,6069
11185,6074
11186,6085
11187,6054
11188,6055
11189,6040
11190,6039
11191,6040
11192,6043
11193,6090
11194,6085
11195,6096
11196,6096
11197,6102
11198,6105
11199,6084
11200,6119
11201,6083
11202,6119
11203,6065
11204,6083
11205,6119
11206,6083
11207,6119
11208,6021
11209,6097
11210,6083
11211,6119
11212,6083
11213,6119
11214,6083
11215,6065
11216,6119
11217,6083
11218,6076
11219,6109
11220,6114
11221,6022
11222,6114
11223,6104
11224,6126
11225,6124
11226,6108
11227,6118
11228,6137
11229,6130
11230,6130
11231,6131
11232,6124
11233,6117
11234,6124
11235,6131
11236,6089
11237,6130
11238,6130
11239,6135
11240,6146
11241,6146
11242,6124
11243,6140
11244,6131
11245,6127
11246,6127
11247,6104
11248,6127
11249,6127
11250,6104
11251,6127
11252,6127
11253,6130
11254,6137
11255,6130
11256,6115
11257,6136
11258,6125
11259,6143
11260,6139
11261,6131
11262,6139
11263,6155
11264,6125
11265,6145
11266,6140
11267,6146
11268,6146
11269,6170
11270,6161
11271,6145
11272,6159
11273,6170
11274,6170
11275,6163
11276,6165
11277,6184
11278,6179
11279,6166
11280,6169
11281,6166
11282,6155
11283,6162
11284,6172
11285,6112
11286,6139
11287,6112
11288,6172
11289,6112
11290,6112
11291,6172
11292,6174
11293,6112
11294,6172
11295,6112
11296,6179
11297,6112
11298,6172
11299,6161
11300,6170
11301,6167
11302,6179
11303,6168
11304,6170
11305,6167
11306,6155
11307,6176
11308,6175
11309,6180
11310,6175
11311,6157
11312,6185
11313,6161
11314,6112
11315,6170
11316,6165
11317,6167
11318,6159
11319,6162
11320,6167
11321,6170
11322,6168
11323,6175
11324,6172
11325,6112
11326,6174
11327,6112
11328,6172
11329,6112
11330,6172
11331,6112
11332,6139
11333,6112
11334,6178
11335,6177
11336,6184
11337,6177
11338,6180
11339,6184
11340,6177
11341,6165
11342,6156
11343,6178
11344,6172
11345,6175
11346,6172
11347,6184
11348,6176
11349,6175
11350,6184
11351,6184
11352,6175
11353,6175
11354,6181
11355,6181
11356,6170
11357,6147
11358,6171
11359,6180
11360,6189
11361,6191
11362,6196
11363,6189
11364,6194
11365,6200
11366,6191
11367,6181
11368,6185
11369,6190
11370,6199
11371,6185
11372,6179
11373,6190
11374,6185
11375,6181
11376,6200
11377,6191
11378,6201
11379,6189
11380,6196
11381,6191
11382,6180
11383,6189
11384,6173
11385,6185
11386,6181
11387,6185
11388,6165
11389,6178
11390,6134
11391,6185
11392,6183
11393,6185
11394,6166
11395,6199
11396,6166
11397,6186
11398,6199
11399,6166
11400,6185
11401,6181
11402,6179
11403,6167
11404,6189
11405,6170
11406,6184
11407,6170
11408,6184
11409,6185
11410,6185
11411,6195
11412,6185
11413,6164
11414,6195
11415,6171
11416,6186
11417,6195
11418,6176
11419,6174
11420,6195
11421,6176
11422,6176
11423,6195
11424,6174
11425,6176
11426,6183
11427,6195
11428,6176
11429,6178
11430,6195
11431,6194
11432,6212
11433,6212
11434,6212
11435,6212
11436,6204
11437,6170
11438,6205
11439,6215
11440,6205
11441,6205
11442,6200
11443,6199
11444,6199
11445,6200
11446,6202
11447,6205
11448,6134
11449,6195
11450,6205
11451,6177
11452,6166
11453,6196
11454,6197
11455,6166
11456,6195
11457,6196
11458,6205
11459,6205
11460,6185
11461,6196
11462,6205
11463,6205
11464,6216
11465,6209
11466,6194
11467,6201
11468,6194
11469,6209
11470,6216
11471,6205
11472,6205
11473,6196
11474,6195
11475,6166
11476,6196
11477,6197
11478,6209
11479,6205
11480,6186
11481,6214
11482,6205
11483,6207
11484,6214
11485,6209
11486,6197
11487,6196
11488,6166
11489,6189
11490,6197
11491,6166
11492,6196
11493,6205
11494,6166
11495,6197
11496,6196
11497,6166
11498,6197
11499,6196
11500,6189
11501,6166
11502,6193
11503,6215
11504,6206
11505,6215
11506,6217
11507,6177
11508,6217
11509,6216
11510,6215
11511,6199
11512,6217
11513,6185
11514,6215
11515,6217
11516,6211
11517,6204
11518,6235
11519,6224
11520,6235
11521,6226
11522,6225
11523,6233
11524,6225
11525,6234
11526,6252
11527,6224
11528,6240
11529,6262
11530,6249
11531,6262
11532,6262
11533,6244
11534,6249
11535,6262
11536,6240
11537,6255
11538,6260
11539,6241
11540,6267
11541,6241
11542,6249
11543,6267
11544,6241
11545,6241
11546,6252
11547,6257
11548,6250
11549,6254
11550,6250
11551,6255
11552,6259
11553,6249
11554,6260
11555,6250
11556,6255
11557,6239
11558,6250
11559,6250
11560,6254
11561,6255
11562,6239
11563,6259
11564,6260
11565,6259
11566,6259
11567,6249
11568,6259
11569,6239
11570,6260
11571,6259
11572,6240
11573,6257
11574,6261
11575,6244
11576,6269
11577,6240
11578,6274
11579,6265
11580,6255
11581,6259
11582,6276
11583,6259
11584,6279
11585,6276
11586,6219
11587,6261
11588,6259
11589,6255
11590,6252
11591,6271
11592,6255
11593,6276
11594,6266
11595,6277
11596,6270
11597,6266
11598,6277
11599,6277
11600,6266
11601,6264
11602,6259
11603,6259
11604,6289
11605,6294
11606,6269
11607,6279
11608,6294
11609,6289
11610,6296
11611,6287
11612,6296
11613,6295
11614,6287
11615,6239
11616,6287
11617,6269
11618,6295
11619,6290
11620,6290
11621,6302
11622,6265
11623,6300
11624,6302
11625,6290
11626,6300
11627,6305
11628,6290
11629,6305
11630,6290
11631,6300
11632,6290
11633,6305
11634,6315
11635,6315
11636,6300
11637,6323
11638,6269
11639,6315
11640,6297
11641,6325
11642,6290
11643,6325
11644,6325
11645,6315
11646,6325
11647,6315
11648,6324
11649,6299
11650,6319
11651,6305
11652,6324
11653,6322
11654,6319
11655,6331
11656,6305
11657,6319
11658,6331
11659,6315
11660,6316
11661,6304
11662,6320
11663,6315
11664,6315
11665,6320
11666,6320
11667,6315
11668,6335
11669,6344
11670,6339
11671,6346
11672,6335
11673,6352
11674,6357
11675,6337
11676,6329
11677,6354
11678,6332
11679,6338
11680,6356
11681,6340
11682,6356
11683,6338
11684,6346
11685,6339
11686,6354
11687,6356
11688,6370
11689,6365
11690,6380
11691,6349
11692,6371
11693,6371
11694,6380
11695,6371
11696,6371
11697,6359
11698,6371
11699,6380
11700,6371
11701,6371
11702,6380
11703,6371
11704,6338
11705,6381
11706,6371
11707,6378
11708,6375
11709,6393
11710,6394
11711,6382
11712,6406
11713,6406
11714,6389
11715,6377
11716,6405
11717,6407
11718,6386
11719,6412
11720,6400
11721,6400
11722,6406
11723,6406
11724,6409
11725,6406
11726,6406
11727,6424
11728,6410
11729,6425
11730,6415
11731,6410
11732,6414
11733,6425
11734,6410
11735,6411
11736,6387
11737,6434
11738,6425
11739,6432
11740,6425
11741,6415
11742,6425
11743,6394
11744,6414
11745,6425
11746,6404
11747,6420
11748,6430
11749,6425
11750,6420
11751,6415
11752,6430
11753,6420
11754,6425
11755,6432
11756,6405
11757,6437
11758,6414
11759,6436
11760,6422
11761,6436
11762,6422
11763,6424
11764,6425
11765,6415
11766,6410
11767,6411
11768,6425
11769,6425
11770,6410
11771,6415
11772,6425
11773,6410
11774,6425
11775,6410
11776,6415
11777,6435
11778,6434
11779,6424
11780,6424
11781,6416
11782,6411
11783,6416
11784,6406
11785,6430
11786,6420
11787,6429
11788,6420
11789,6414
11790,6410
11791,6437
11792,6422
11793,6437
11794,6400
11795,6437
11796,6429
11797,6430
11798,6420
11799,6430
11800,6420
11801,6430
11802,6406
11803,6430
11804,6420
11805,6420
11806,6430
11807,6405
11808,6425
11809,6406
11810,6400
11811,6425
11812,6406
11813,6411
11814,6427
11815,6437
11816,6424
11817,6449
11818,6435
11819,6449
11820,6452
11821,6442
11822,6452
11823,6434
11824,6444
11825,6452
11826,6442
11827,6435
11828,6452
11829,6442
11830,6444
11831,6452
11832,6434
11833,6442
11834,6437
11835,6446
11836,6443
11837,6454
11838,6441
11839,6447
11840,6441
11841,6434
11842,6450
11843,6435
11844,6437
11845,6451
11846,6450
11847,6416
11848,6455
11849,6435
11850,6465
11851,6435
11852,6448
11853,6435
11854,6435
11855,6435
11856,6465
11857,6461
11858,6449
11859,6465
11860,6443
11861,6456
11862,6465
11863,6443
11864,6465
11865,6444
11866,6465
11867,6449
11868,6443
11869,6439
11870,6465
11871,6467
11872,6475
11873,6449
11874,6439
11875,6443
11876,6445
11877,6463
11878,6465
11879,6463
11880,6441
11881,6463
11882,6454
11883,6463
11884,6450
11885,6463
11886,6470
11887,6465
11888,6441
11889,6463
11890,6470
11891,6463
11892,6463
11893,6465
11894,6442
11895,6463
11896,6470
11897,6463
11898,6465
11899,6442
11900,6463
11901,6463
11902,6460
11903,6465
11904,6465
11905,6450
11906,6465
11907,6448
11908,6462
11909,6465
11910,6465
11911,6481
11912,6482
11913,6485
11914,6481
11915,6483
11916,6492
11917,6492
11918,6490
11919,6492
11920,6481
11921,6465
11922,6511
11923,6486
11924,6481
11925,6501
11926,6499
11927,6485
11928,6456
11929,6475
11930,6480
11931,6499
11932,6497
11933,6481
11934,6497
11935,6497
11936,6477
11937,6492
11938,6487
11939,6487
11940,6475
11941,6484
11942,6489
11943,6449
11944,6491
11945,6479
11946,6475
11947,6469
11948,6484
11949,6469
11950,6492
11951,6475
11952,6499
11953,6510
11954,6469
11955,6500
11956,6499
11957,6500
11958,6510
11959,6500
11960,6506
11961,6521
11962,6520
11963,6515
11964,6520
11965,6510
11966,6504
11967,6509
11968,6520
11969,6511
11970,6537
11971,6525
11972,6519
11973,6525
11974,6520
11975,6537
11976,6532
11977,6507
11978,6510
11979,6500
11980,6531
11981,6507
11982,6510
11983,6509
11984,6507
11985,6531
11986,6510
11987,6507
11988,6500
11989,6532
11990,6525
11991,6537
11992,6484
11993,6537
11994,6535
11995,6542
11996,6549
11997,6539
11998,6545
11999,6555
12000,6526
12001,6566
12002,6570
12003,6569
12004,6575
12005,6565
12006,6570
12007,6575
12008,6581
12009,6575
12010,6575
12011,6560
12012,6586
12013,6561
12014,6572
12015,6586
12016,6560
12017,6574
12018,6574
12019,6572
12020,6565
12021,6584
12022,6585
12023,6590
12024,6580
12025,6585
12026,6557
12027,6584
12028,6579
12029,6590
12030,6585
12031,6585
12032,6596
12033,6570
12034,6582
12035,6570
12036,6560
12037,6570
12038,6582
12039,6570
12040,6591
12041,6560
12042,6570
12043,6582
12044,6590
12045,6602
12046,6581
12047,6576
12048,6602
12049,6597
12050,6590
12051,6585
12052,6585
12053,6585
12054,6590
12055,6585
12056,6580
12057,6584
12058,6602
12059,6597
12060,6575
12061,6592
12062,6530
12063,6596
12064,6584
12065,6569
12066,6569
12067,6574
12068,6585
12069,6569
12070,6586
12071,6585
12072,6586
12073,6586
12074,6602
12075,6590
12076,6576
12077,6586
12078,6602
12079,6597
12080,6576
12081,6602
12082,6597
12083,6610
12084,6604
12085,6605
12086,6619
12087,6624
12088,6607
12089,6605
12090,6624
12091,6624
12092,6626
12093,6594
12094,6630
12095,6629
12096,6604
12097,6621
12098,6632
12099,6607
12100,6632
12101,6630
12102,6630
12103,6615
12104,6594
12105,6630
12106,6604
12107,6600
12108,6594
12109,6587
12110,6629
12111,6585
12112,6630
12113,6622
12114,6612
12115,6619
12116,6605
12117,6624
12118,6629
12119,6630
12120,6624
12121,6612
12122,6610
12123,6625
12124,6625
12125,6612
12126,6610
12127,6617
12128,6607
12129,6612
12130,6604
12131,6607
12132,6617
12133,6607
12134,6612
12135,6610
12136,6605
12137,6611
12138,6620
12139,6625
12140,6556
12141,6596
12142,6611
12143,6619
12144,6614
12145,6589
12146,6605
12147,6614
12148,6579
12149,6590
12150,6585
12151,6604
12152,6595
12153,6619
12154,6604
12155,6610
12156,6609
12157,6595
12158,6605
12159,6619
12160,6600
12161,6621
12162,6635
12163,6639
12164,6621
12165,6639
12166,6639
12167,6619
12168,6639
12169,6624
12170,6635
12171,6631
12172,6632
12173,6622
12174,6632
12175,6620
12176,6622
12177,6640
12178,6619
12179,6652
12180,6646
12181,6645
12182,6645
12183,6652
12184,6624
12185,6622
12186,6632
12187,6622
12188,6632
12189,6637
12190,6622
12191,6632
12192,6640
12193,6634
12194,6635
12195,6620
12196,6617
12197,6650
12198,6650
12199,6650
12200,6632
12201,6625
12202,6639
12203,6606
12204,6635
12205,6635
12206,6650
12207,6647
12208,6614
12209,6644
12210,6614
12211,6625
12212,6614
12213,6647
12214,6644
12215,6613
12216,6645
12217,6629
12218,6664
12219,6661
12220,6664
12221,6636
12222,6661
12223,6664
12224,6661
12225,6659
12226,6642
12227,6639
12228,6670
12229,6661
12230,6670
12231,6646
12232,6676
12233,6675
12234,6649
12235,6690
12236,6656
12237,6690
12238,6649
12239,6650
12240,6690
12241,6681
12242,6675
12243,6667
12244,6689
12245,6691
12246,6666
12247,6704
12248,6701
12249,6704
12250,6702
12251,6714
12252,6704
12253,6731
12254,6682
12255,6731
12256,6714
12257,6736
12258,6724
12259,6724
12260,6745
12261,6695
12262,6745
12263,6724
12264,6721
12265,6745
12266,6724
12267,6732
12268,6737
12269,6726
12270,6751
12271,6700
12272,6730
12273,6697
12274,6730
12275,6697
12276,6706
12277,6697
12278,6741
12279,6735
12280,6735
12281,6735
12282,6741
12283,6731
12284,6746
12285,6734
12286,6711
12287,6742
12288,6741
12289,6721
12290,6742
12291,6740
12292,6742
12293,6732
12294,6721
12295,6740
12296,6742
12297,6702
12298,6741
12299,6735
12300,6735
12301,6735
12302,6741
12303,6735
12304,6735
12305,6697
12306,6735
12307,6741
12308,6735
12309,6735
12310,6740
12311,6750
12312,6734
12313,6700
12314,6722
12315,6737
12316,6735
12317,6734
12318,6747
12319,6755
12320,6742
12321,6735
12322,6741
12323,6726
12324,6741
12325,6742
12326,6735
12327,6741
12328,6726
12329,6741
12330,6735
12331,6732
12332,6760
12333,6746
12334,6745
12335,6745
12336,6760
12337,6746
12338,6760
12339,6745
12340,6749
12341,6735
12342,6701
12343,6737
12344,6730
12345,6746
12346,6751
12347,6727
12348,6751
12349,6746
12350,6751
12351,6762
12352,6755
12353,6765
12354,6755
12355,6746
12356,6755
12357,6734
12358,6755
12359,6765
12360,6755
12361,6755
12362,6746
12363,6760
12364,6765
12365,6734
12366,6765
12367,6762
12368,6765
12369,6747
12370,6740
12371,6741
12372,6742
12373,6747
12374,6762
12375,6756
12376,6765
12377,6752
12378,6772
12379,6771
12380,6752
12381,6756
12382,6765
12383,6748
12384,6765
12385,6762
12386,6742
12387,6742
12388,6742
12389,6738
12390,6746
12391,6735
12392,6755
12393,6755
12394,6759
12395,6735
12396,6765
12397,6762
12398,6767
12399,6760
12400,6742
12401,6742
12402,6759
12403,6755
12404,6755
12405,6742
12406,6760
12407,6767
12408,6762
12409,6765
12410,6742
12411,6759
12412,6725
12413,6755
12414,6742
12415,6755
12416,6759
12417,6742
12418,6759
12419,6755
12420,6777
12421,6764
12422,6757
12423,6776
12424,6781
12425,6764
12426,6779
12427,6776
12428,6796
12429,6770
12430,6750
12431,6790
12432,6776
12433,6796
12434,6779
12435,6764
12436,6781
12437,6776
12438,6764
12439,6757
12440,6776
12441,6781
12442,6771
12443,6765
12444,6760
12445,6771
12446,6766
12447,6771
12448,6770
12449,6749
12450,6737
12451,6749
12452,6755
12453,6756
12454,6749
12455,6747
12456,6761
12457,6767
12458,6751
12459,6755
12460,6767
12461,6751
12462,6755
12463,6767
12464,6761
12465,6758
12466,6764
12467,6772
12468,6764
12469,6734
12470,6772
12471,6773
12472,6767
12473,6765
12474,6777
12475,6775
12476,6767
12477,6777
12478,6770
12479,6785
12480,6780
12481,6784
12482,6785
12483,6759
12484,6784
12485,6770
12486,6767
12487,6777
12488,6786
12489,6780
12490,6767
12491,6785
12492,6772
12493,6780
12494,6767
12495,6762
12496,6772
12497,6780
12498,6767
12499,6785
12500,6780
12501,6767
12502,6772
12503,6770
12504,6785
12505,6780
12506,6767
12507,6768
12508,6796
12509,6789
12510,6787
12511,6796
12512,6774
12513,6796
12514,6789
12515,6787
12516,6796
12517,6777
12518,6791
12519,6791
12520,6797
12521,6768
12522,6791
12523,6791
12524,6786
12525,6797
12526,6791
12527,6797
12528,6791
12529,6784
12530,6767
12531,6780
12532,6785
12533,6770
12534,6765
12535,6767
12536,6780
12537,6785
12538,6767
12539,6780
12540,6765
12541,6785
12542,6767
12543,6780
12544,6765
12545,6767
12546,6785
12547,6780
12548,6786
12549,6777
12550,6760
12551,6786
12552,6767
12553,6785
12554,6780
12555,6772
12556,6767
12557,6785
12558,6780
12559,6767
12560,6772
12561,6780
12562,6785
12563,6774
12564,6799
12565,6788
12566,6799
12567,6767
12568,6799
12569,6799
12570,6751
12571,6788
12572,6799
12573,6751
12574,6789
12575,6796
12576,6796
12577,6787
12578,6768
12579,6780
12580,6785
12581,6772
12582,6767
12583,6780
12584,6785
12585,6767
12586,6772
12587,6785
12588,6780
12589,6784
12590,6785
12591,6759
12592,6784
12593,6786
12594,6789
12595,6771
12596,6775
12597,6776
12598,6789
12599,6771
12600,6776
12601,6789
12602,6775
12603,6771
12604,6789
12605,6776
12606,6771
12607,6786
12608,6784
12609,6785
12610,6780
12611,6784
12612,6759
12613,6759
12614,6767
12615,6785
12616,6767
12617,6767
12618,6791
12619,6785
12620,6767
12621,6786
12622,6771
12623,6789
12624,6772
12625,6780
12626,6771
12627,6789
12628,6800
12629,6799
12630,6802
12631,6804
12632,6762
12633,6799
12634,6802
12635,6804
12636,6762
12637,6799
12638,6802
12639,6804
12640,6799
12641,6762
12642,6791
12643,6816
12644,6804
12645,6805
12646,6814
12647,6816
12648,6810
12649,6822
12650,6816
12651,6824
12652,6822
12653,6812
12654,6816
12655,6815
12656,6808
12657,6824
12658,6808
12659,6811
12660,6811
12661,6808
12662,6805
12663,6829
12664,6799
12665,6823
12666,6829
12667,6799
12668,6805
12669,6824
12670,6808
12671,6811
12672,6808
12673,6798
12674,6795
12675,6820
12676,6815
12677,6817
12678,6810
12679,6817
12680,6795
12681,6810
12682,6817
12683,6810
12684,6810
12685,6817
12686,6795
12687,6817
12688,6810
12689,6815
12690,6817
12691,6822
12692,6827
12693,6819
12694,6832
12695,6842
12696,6829
12697,6845
12698,6856
12699,6840
12700,6856
12701,6851
12702,6856
12703,6840
12704,6844
12705,6830
12706,6865
12707,6852
12708,6856
12709,6851
12710,6866
12711,6870
12712,6861
12713,6878
12714,6869
12715,6871
12716,6895
12717,6887
12718,6892
12719,6875
12720,6891
12721,6880
12722,6910
12723,6901
12724,6905
12725,6890
12726,6910
12727,6892
12728,6912
12729,6889
12730,6905
12731,6901
12732,6892
12733,6900
12734,6907
12735,6910
12736,6901
12737,6920
12738,6885
12739,6904
12740,6897
12741,6890
12742,6885
12743,6915
12744,6904
12745,6885
12746,6890
12747,6897
12748,6907
12749,6897
12750,6907
12751,6890
12752,6885
12753,6904
12754,6890
12755,6897
12756,6885
12757,6904
12758,6885
12759,6915
12760,6885
12761,6904
12762,6904
12763,6896
12764,6890
12765,6896
12766,6890
12767,6896
12768,6893
12769,6897
12770,6896
12771,6890
12772,6900
12773,6914
12774,6920
12775,6914
12776,6912
12777,6907
12778,6916
12779,6907
12780,6904
12781,6914
12782,6909
12783,6915
12784,6912
12785,6910
12786,6873
12787,6892
12788,6912
12789,6919
12790,6921
12791,6910
12792,6909
12793,6894
12794,6910
12795,6921
12796,6919
12797,6918
12798,6931
12799,6901
12800,6911
12801,6902
12802,6922
12803,6901
12804,6922
12805,6931
12806,6922
12807,6922
12808,6931
12809,6922
12810,6901
12811,6922
12812,6922
12813,6931
12814,6916
12815,6940
12816,6910
12817,6939
12818,6910
12819,6940
12820,6910
12821,6939
12822,6920
12823,6910
12824,6940
12825,6910
12826,6939
12827,6910
12828,6894
12829,6910
12830,6940
12831,6939
12832,6920
12833,6910
12834,6909
12835,6923
12836,6936
12837,6916
12838,6946
12839,6942
12840,6960
12841,6959
12842,6942
12843,6940
12844,6940
12845,6941
12846,6932
12847,6936
12848,6945
12849,6952
12850,6952
12851,6945
12852,6955
12853,6955
12854,6952
12855,6950
12856,6935
12857,6957
12858,6935
12859,6935
12860,6952
12861,6957
12862,6935
12863,6959
12864,6935
12865,6957
12866,6935
12867,6935
12868,6940
12869,6940
12870,6965
12871,6955
12872,6940
12873,6966
12874,6955
12875,6940
12876,6940
12877,6940
12878,6955
12879,6965
12880,6940
12881,6932
12882,6966
12883,6940
12884,6926
12885,6946
12886,6965
12887,6982
12888,6939
12889,6981
12890,6932
12891,6982
12892,6939
12893,6981
12894,6982
12895,6939
12896,6972
12897,6991
12898,6990
12899,6995
12900,7005
12901,6975
12902,6975
12903,6990
12904,7011
12905,6990
12906,7019
12907,7014
12908,7015
12909,7017
12910,7015
12911,7015
12912,7015
12913,7014
12914,7015
12915,7015
12916,7017
12917,7015
12918,6997
12919,7015
12920,7017
12921,7015
12922,7014
12923,7015
12924,7029
12925,7021
12926,7029
12927,7012
12928,7021
12929,7027
12930,7038
12931,7035
12932,7045
12933,7037
12934,7050
12935,7039
12936,7046
12937,7039
12938,7050
12939,7049
12940,7050
12941,7032
12942,7015
12943,7041
12944,7050
12945,7049
12946,7050
12947,7041
12948,7050
12949,7049
12950,7027
12951,7015
12952,7050
12953,7032
12954,7040
12955,7055
12956,7029
12957,7017
12958,7051
12959,7060
12960,7055
12961,7040
12962,7047
12963,7055
12964,7050
12965,7066
12966,7066
12967,7039
12968,7058
12969,7048
12970,7045
12971,7050
12972,7055
12973,7058
12974,7050
12975,7048
12976,7045
12977,7055
12978,7050
12979,7058
12980,7039
12981,7066
12982,7056
12983,7066
12984,7066
12985,7056
12986,7061
12987,7047
12988,7051
12989,7067
12990,7054
12991,7061
12992,7074
12993,7054
12994,7061
12995,7061
12996,7054
12997,7074
12998,7061
12999,7055
13000,7050
13001,7061
13002,7055
13003,7070
13004,7074
13005,7062
13006,7067
13007,7067
13008,7062
13009,7067
13010,7067
13011,7066
13012,7060
13013,7050
13014,7023
13015,7068
13016,7068
13017,7070
13018,7067
13019,7070
13020,7074
13021,7062
13022,7070
13023,7052
13024,7054
13025,7051
13026,7054
13027,7059
13028,7029
13029,7051
13030,7054
13031,7051
13032,7075
13033,7056
13034,7075
13035,7070
13036,7075
13037,7082
13038,7060
13039,7080
13040,7087
13041,7080
13042,7069
13043,7060
13044,7080
13045,7087
13046,7060
13047,7080
13048,7087
13049,7080
13050,7060
13051,7069
13052,7082
13053,7097
13054,7096
13055,7086
13056,7087
13057,7080
13058,7060
13059,7080
13060,7083
13061,7080
13062,7075
13063,7082
13064,7083
13065,7080
13066,7075
13067,7080
13068,7067
13069,7094
13070,7087
13071,7092
13072,7090
13073,7084
13074,7105
13075,7108
13076,7115
13077,7116
13078,7126
13079,7096
13080,7096
13081,7105
13082,7096
13083,7110
13084,7096
13085,7116
13086,7105
13087,7085
13088,7106
13089,7089
13090,7125
13091,7102
13092,7107
13093,7125
13094,7089
13095,7121
13096,7124
13097,7127
13098,7143
13099,7130
13100,7112
13101,7130
13102,7130
13103,7133
13104,7111
13105,7132
13106,7142
13107,7135
13108,7127
13109,7132
13110,7142
13111,7126
13112,7110
13113,7136
13114,7124
13115,7110
13116,7136
13117,7138
13118,7133
13119,7122
13120,7123
13121,7133
13122,7130
13123,7122
13124,7133
13125,7142
13126,7105
13127,7130
13128,7140
13129,7105
13130,7140
13131,7122
13132,7139
13133,7130
13134,7140
13135,7105
13136,7126
13137,7132
13138,7118
13139,7132
13140,7118
13141,7110
13142,7125
13143,7120
13144,7115
13145,7105
13146,7132
13147,7139
13148,7130
13149,7105
13150,7140
13151,7122
13152,7131
13153,7110
13154,7118
13155,7139
13156,7118
13157,7110
13158,7067
13159,7115
13160,7131
13161,7143
13162,7120
13163,7130
13164,7131
13165,7130
13166,7143
13167,7130
13168,7131
13169,7143
13170,7131
13171,7135
13172,7130
13173,7121
13174,7126
13175,7143
13176,7150
13177,7136
13178,7143
13179,7136
13180,7135
13181,7121
13182,7130
13183,7140
13184,7127
13185,7110
13186,7120
13187,7140
13188,7110
13189,7127
13190,7120
13191,7119
13192,7110
13193,7120
13194,7127
13195,7110
13196,7140
13197,7120
13198,7110
13199,7127
13200,7139
13201,7130
13202,7143
13203,7130
13204,7131
13205,7132
13206,7143
13207,7130
13208,7131
13209,7120
13210,7130
13211,7143
13212,7140
13213,7131
13214,7124
13215,7123
13216,7130
13217,7140
13218,7110
13219,7120
13220,7127
13221,7140
13222,7120
13223,7110
13224,7127
13225,7110
13226,7120
13227,7120
13228,7116
13229,7131
13230,7145
13231,7140
13232,7145
13233,7130
13234,7131
13235,7133
13236,7101
13237,7130
13238,7131
13239,7101
13240,7130
13241,7130
13242,7101
13243,7136
13244,7123
13245,7133
13246,7133
13247,7108
13248,7121
13249,7093
13250,7125
13251,7143
13252,7126
13253,7143
13254,7138
13255,7122
13256,7143
13257,7125
13258,7143
13259,7142
13260,7100
13261,7110
13262,7130
13263,7130
13264,7093
13265,7136
13266,7127
13267,7135
13268,7140
13269,7147
13270,7140
13271,7146
13272,7147
13273,7100
13274,7136
13275,7131
13276,7136
13277,7150
13278,7140
13279,7125
13280,7126
13281,7092
13282,7126
13283,7116
13284,7127
13285,7125
13286,7136
13287,7127
13288,7127
13289,7125
13290,7139
13291,7130
13292,7122
13293,7153
13294,7151
13295,7156
13296,7161
13297,7173
13298,7163
13299,7152
13300,7173
13301,7138
13302,7173
13303,7152
13304,7164
13305,7182
13306,7182
13307,7161
13308,7182
13309,7161
13310,7182
13311,7173
13312,7182
13313,7182
13314,7161
13315,7170
13316,7157
13317,7170
13318,7174
13319,7175
13320,7193
13321,7175
13322,7182
13323,7175
13324,7193
13325,7178
13326,7181
13327,7181
13328,7173
13329,7173
13330,7181
13331,7172
13332,7173
13333,7180
13334,7181
13335,7182
13336,7196
13337,7190
13338,7161
13339,7192
13340,7161
13341,7177
13342,7210
13343,7205
13344,7210
13345,7194
13346,7216
13347,7222
13348,7220
13349,7225
13350,7212
13351,7221
13352,7221
13353,7212
13354,7205
13355,7142
13356,7189
13357,7210
13358,7185
13359,7200
13360,7210
13361,7185
13362,7230
13363,7224
13364,7222
13365,7224
13366,7224
13367,7195
13368,7226
13369,7224
13370,7222
13371,7227
13372,7170
13373,7224
13374,7224
13375,7222
13376,7224
13377,7208
13378,7225
13379,7220
13380,7225
13381,7218
13382,7225
13383,7235
13384,7220
13385,7240
13386,7225
13387,7226
13388,7215
13389,7177
13390,7226
13391,7202
13392,7215
13393,7233
13394,7235
13395,7225
13396,7226
13397,7212
13398,7226
13399,7212
13400,7226
13401,7225
13402,7215
13403,7226
13404,7212
13405,7226
13406,7230
13407,7210
13408,7185
13409,7210
13410,7201
13411,7185
13412,7208
13413,7210
13414,7242
13415,7218
13416,7237
13417,7252
13418,7252
13419,7211
13420,7252
13421,7237
13422,7250
13423,7238
13424,7252
13425,7267
13426,7255
13427,7267
13428,7255
13429,7258
13430,7245
13431,7272
13432,7256
13433,7263
13434,7263
13435,7271
13436,7263
13437,7275
13438,7263
13439,7255
13440,7270
13441,7254
13442,7275
13443,7217
13444,7272
13445,7229
13446,7231
13447,7241
13448,7257
13449,7266
13450,7241
13451,7223
13452,7257
13453,7253
13454,7236
13455,7278
13456,7268
13457,7281
13458,7275
13459,7287
13460,7276
13461,7267
13462,7282
13463,7272
13464,7272
13465,7278
13466,7276
13467,7253
13468,7278
13469,7278
13470,7285
13471,7294
13472,7268
13473,7288
13474,7294
13475,7277
13476,7284
13477,7278
13478,7249
13479,7245
13480,7284
13481,7288
13482,7285
13483,7290
13484,7306
13485,7295
13486,7291
13487,7306
13488,7306
13489,7295
13490,7287
13491,7306
13492,7295
13493,7306
13494,7291
13495,7282
13496,7306
13497,7295
13498,7306
13499,7283
13500,7295
13501,7306
13502,7306
13503,7295
13504,7285
13505,7291
13506,7260
13507,7290
13508,7288
13509,7282
13510,7287
13511,7295
13512,7307
13513,7302
13514,7288
13515,7295
13516,7302
13517,7297
13518,7259
13519,7247
13520,7282
13521,7308
13522,7296
13523,7272
13524,7308
13525,7295
13526,7308
13527,7296
13528,7308
13529,7295
13530,7291
13531,7277
13532,7313
13533,7310
13534,7308
13535,7277
13536,7313
13537,7318
13538,7325
13539,7310
13540,7302
13541,7320
13542,7327
13543,7307
13544,7313
13545,7305
13546,7320
13547,7313
13548,7315
13549,7330
13550,7339
13551,7330
13552,7336
13553,7351
13554,7340
13555,7337
13556,7351
13557,7333
13558,7330
13559,7323
13560,7326
13561,7325
13562,7334
13563,7341
13564,7333
13565,7337
13566,7327
13567,7333
13568,7341
13569,7336
13570,7341
13571,7333
13572,7330
13573,7355
13574,7355
13575,7355
13576,7342
13577,7355
13578,7336
13579,7323
13580,7353
13581,7346
13582,7344
13583,7345
13584,7353
13585,7346
13586,7344
13587,7353
13588,7346
13589,7345
13590,7348
13591,7355
13592,7342
13593,7355
13594,7357
13595,7353
13596,7343
13597,7347
13598,7353
13599,7350
13600,7352
13601,7325
13602,7360
13603,7357
13604,7352
13605,7325
13606,7360
13607,7357
13608,7352
13609,7325
13610,7330
13611,7341
13612,7327
13613,7347
13614,7341
13615,7341
13616,7350
13617,7341
13618,7357
13619,7341
13620,7347
13621,7344
13622,7351
13623,7360
13624,7351
13625,7336
13626,7360
13627,7360
13628,7351
13629,7351
13630,7360
13631,7336
13632,7364
13633,7357
13634,7347
13635,7371
13636,7376
13637,7371
13638,7383
13639,7377
13640,7376
13641,7373
13642,7395
13643,7392
13644,7392
13645,7373
13646,7385
13647,7388
13648,7392
13649,7395
13650,7369
13651,7395
13652,7397
13653,7369
13654,7352
13655,7388
13656,7406
13657,7395
13658,7412
13659,7410
13660,7394
13661,7402
13662,7402
13663,7406
13664,7394
13665,7425
13666,7431
13667,7406
13668,7396
13669,7431
13670,7410
13671,7431
13672,7396
13673,7406
13674,7431
13675,7425
13676,7425
13677,7408
13678,7425
13679,7413
13680,7433
13681,7436
13682,7420
13683,7432
13684,7433
13685,7431
13686,7425
13687,7436
13688,7431
13689,7444
13690,7436
13691,7452
13692,7454
13693,7451
13694,7435
13695,7423
13696,7445
13697,7422
13698,7435
13699,7435
13700,7448
13701,7435
13702,7451
13703,7452
13704,7454
13705,7452
13706,7454
13707,7413
13708,7443
13709,7452
13710,7454
13711,7452
13712,7451
13713,7454
13714,7452
13715,7413
13716,7454
13717,7452
13718,7445
13719,7446
13720,7442
13721,7430
13722,7447
13723,7444
13724,7448
13725,7444
13726,7455
13727,7444
13728,7445
13729,7456
13730,7442
13731,7429
13732,7438
13733,7447
13734,7438
13735,7441
13736,7459
13737,7440
13738,7455
13739,7438
13740,7447
13741,7438
13742,7429
13743,7438
13744,7441
13745,7441
13746,7455
13747,7450
13748,7455
13749,7440
13750,7455
13751,7441
13752,7455
13753,7451
13754,7455
13755,7441
13756,7455
13757,7455
13758,7450
13759,7440
13760,7455
13761,7441
13762,7452
13763,7461
13764,7451
13765,7455
13766,7461
13767,7452
13768,7440
13769,7455
13770,7441
13771,7446
13772,7455
13773,7455
13774,7450
13775,7440
13776,7441
13777,7455
13778,7457
13779,7455
13780,7452
13781,7456
13782,7455
13783,7452
13784,7465
13785,7456
13786,7473
13787,7447
13788,7477
13789,7463
13790,7456
13791,7456
13792,7463
13793,7458
13794,7455
13795,7490
13796,7458
13797,7465
13798,7490
13799,7475
13800,7497
13801,7467
13802,7493
13803,7478
13804,7481
13805,7480
13806,7493
13807,7481
13808,7493
13809,7493
13810,7480
13811,7481
13812,7478
13813,7493
13814,7457
13815,7508
13816,7512
13817,7487
13818,7500
13819,7510
13820,7510
13821,7507
13822,7495
13823,7515
13824,7520
13825,7505
13826,7512
13827,7520
13828,7520
13829,7512
13830,7505
13831,7530
13832,7530
13833,7512
13834,7543
13835,7535
13836,7520
13837,7543
13838,7542
13839,7512
13840,7513
13841,7532
13842,7536
13843,7532
13844,7546
13845,7533
13846,7546
13847,7532
13848,7546
13849,7533
13850,7532
13851,7548
13852,7533
13853,7556
13854,7526
13855,7543
13856,7556
13857,7541
13858,7547
13859,7531
13860,7539
13861,7547
13862,7545
13863,7532
13864,7518
13865,7533
13866,7546
13867,7546
13868,7532
13869,7533
13870,7546
13871,7532
13872,7546
13873,7533
13874,7546
13875,7532
13876,7533
13877,7546
13878,7536
13879,7512
13880,7532
13881,7513
13882,7530
13883,7533
13884,7540
13885,7525
13886,7533
13887,7540
13888,7545
13889,7545
13890,7531
13891,7533
13892,7546
13893,7537
13894,7541
13895,7541
13896,7541
13897,7547
13898,7542
13899,7540
13900,7548
13901,7540
13902,7517
13903,7548
13904,7540
13905,7548
13906,7521
13907,7540
13908,7522
13909,7557
13910,7551
13911,7533
13912,7557
13913,7551
13914,7557
13915,7551
13916,7540
13917,7523
13918,7536
13919,7545
13920,7555
13921,7550
13922,7545
13923,7525
13924,7555
13925,7545
13926,7557
13927,7545
13928,7550
13929,7555
13930,7545
13931,7555
13932,7561
13933,7572
13934,7546
13935,7553
13936,7572
13937,7573
13938,7572
13939,7568
13940,7536
13941,7565
13942,7558
13943,7571
13944,7567
13945,7558
13946,7567
13947,7561
13948,7567
13949,7575
13950,7571
13951,7558
13952,7567
13953,7552
13954,7575
13955,7575
13956,7578
13957,7563
13958,7575
13959,7590
13960,7583
13961,7600
13962,7573
13963,7583
13964,7583
13965,7587
13966,7583
13967,7583
13968,7578
13969,7583
13970,7598
13971,7597
13972,7590
13973,7598
13974,7562
13975,7597
13976,7573
13977,7587
13978,7590
13979,7605
13980,7595
13981,7605
13982,7581
13983,7572
13984,7596
13985,7591
13986,7596
13987,7569
13988,7590
13989,7580
13990,7585
13991,7591
13992,7604
13993,7552
13994,7590
13995,7581
13996,7575
13997,7604
13998,7590
13999,7591
14000,7585
14001,7590
14002,7580
14003,7586
14004,7590
14005,7580
14006,7592
14007,7590
14008,7585
14009,7580
14010,7590
14011,7586
14012,7580
14013,7590
14014,7585
14015,7591
14016,7590
14017,7553
14018,7604
14019,7581
14020,7575
14021,7590
14022,7591
14023,7615
14024,7597
14025,7615
14026,7592
14027,7597
14028,7615
14029,7600
14030,7590
14031,7612
14032,7583
14033,7590
14034,7603
14035,7590
14036,7612
14037,7590
14038,7575
14039,7612
14040,7590
14041,7590
14042,7603
14043,7612
14044,7590
14045,7583
14046,7590
14047,7590
14048,7603
14049,7612
14050,7590
14051,7612
14052,7590
14053,7588
14054,7613
14055,7615
14056,7635
14057,7617
14058,7623
14059,7620
14060,7629
14061,7625
14062,7616
14063,7638
14064,7630
14065,7625
14066,7629
14067,7638
14068,7625
14069,7616
14070,7625
14071,7638
14072,7629
14073,7625
14074,7630
14075,7641
14076,7641
14077,7650
14078,7645
14079,7643
14080,7665
14081,7667
14082,7658
14083,7670
14084,7658
14085,7650
14086,7662
14087,7645
14088,7665
14089,7650
14090,7650
14091,7635
14092,7632
14093,7653
14094,7635
14095,7665
14096,7664
14097,7646
14098,7645
14099,7650
14100,7664
14101,7650
14102,7626
14103,7645
14104,7645
14105,7662
14106,7623
14107,7623
14108,7657
14109,7642
14110,7624
14111,7662
14112,7672
14113,7639
14114,7652
14115,7657
14116,7672
14117,7662
14118,7672
14119,7655
14120,7668
14121,7677
14122,7673
14123,7678
14124,7678
14125,7673
14126,7671
14127,7690
14128,7646
14129,7690
14130,7680
14131,7681
14132,7690
14133,7653
14134,7685
14135,7688
14136,7690
14137,7687
14138,7667
14139,7690
14140,7690
14141,7690
14142,7692
14143,7706
14144,7696
14145,7688
14146,7690
14147,7702
14148,7705
14149,7695
14150,7702
14151,7696
14152,7702
14153,7705
14154,7702
14155,7687
14156,7717
14157,7706
14158,7717
14159,7688
14160,7706
14161,7717
14162,7707
14163,7720
14164,7672
14165,7720
14166,7707
14167,7706
14168,7717
14169,7706
14170,7717
14171,7717
14172,7706
14173,7702
14174,7719
14175,7712
14176,7715
14177,7719
14178,7712
14179,7717
14180,7712
14181,7715
14182,7719
14183,7712
14184,7715
14185,7712
14186,7719
14187,7712
14188,7719
14189,7712
14190,7722
14191,7721
14192,7710
14193,7721
14194,7710
14195,7707
14196,7721
14197,7715
14198,7710
14199,7721
14200,7710
14201,7695
14202,7700
14203,7721
14204,7710
14205,7721
14206,7710
14207,7721
14208,7710
14209,7720
14210,7705
14211,7727
14212,7715
14213,7723
14214,7728
14215,7731
14216,7745
14217,7725
14218,7752
14219,7727
14220,7737
14221,7755
14222,7721
14223,7755
14224,7702
14225,7753
14226,7755
14227,7755
14228,7753
14229,7723
14230,7747
14231,7745
14232,7747
14233,7742
14234,7723
14235,7755
14236,7753
14237,7755
14238,7765
14239,7766
14240,7763
14241,7766
14242,7770
14243,7757
14244,7766
14245,7771
14246,7757
14247,7748
14248,7775
14249,7760
14250,7786
14251,7780
14252,7755
14253,7766
14254,7781
14255,7783
14256,7777
14257,7793
14258,7797
14259,7802
14260,7805
14261,7792
14262,7817
14263,7807
14264,7813
14265,7816
14266,7805
14267,7825
14268,7805
14269,7827
14270,7825
14271,7805
14272,7827
14273,7827
14274,7801
14275,7830
14276,7830
14277,7830
14278,7790
14279,7820
14280,7830
14281,7825
14282,7790
14283,7830
14284,7790
14285,7830
14286,7820
14287,7830
14288,7790
14289,7825
14290,7830
14291,7832
14292,7790
14293,7820
14294,7830
14295,7843
14296,7845
14297,7830
14298,7830
14299,7828
14300,7840
14301,7830
14302,7836
14303,7845
14304,7840
14305,7830
14306,7830
14307,7828
14308,7851
14309,7843
14310,7834
14311,7853
14312,7845
14313,7820
14314,7831
14315,7853
14316,7845
14317,7820
14318,7831
14319,7820
14320,7831
14321,7820
14322,7845
14323,7820
14324,7831
14325,7820
14326,7845
14327,7832
14328,7851
14329,7835
14330,7858
14331,7853
14332,7857
14333,7822
14334,7857
14335,7846
14336,7857
14337,7852
14338,7857
14339,7855
14340,7855
14341,7850
14342,7855
14343,7870
14344,7870
14345,7843
14346,7872
14347,7870
14348,7850
14349,7856
14350,7831
14351,7866
14352,7852
14353,7871
14354,7858
14355,7872
14356,7871
14357,7847
14358,7863
14359,7825
14360,7856
14361,7820
14362,7865
14363,7872
14364,7871
14365,7852
14366,7870
14367,7878
14368,7870
14369,7870
14370,7882
14371,7852
14372,7855
14373,7878
14374,7866
14375,7871
14376,7883
14377,7872
14378,7873
14379,7885
14380,7890
14381,7883
14382,7885
14383,7880
14384,7887
14385,7895
14386,7902
14387,7900
14388,7888
14389,7885
14390,7895
14391,7895
14392,7900
14393,7878
14394,7890
14395,7906
14396,7910
14397,7895
14398,7906
14399,7910
14400,7910
14401,7896
14402,7917
14403,7903
14404,7905
14405,7912
14406,7903
14407,7917
14408,7905
14409,7912
14410,7903
14411,7917
14412,7903
14413,7905
14414,7917
14415,7903
14416,7905
14417,7917
14418,7903
14419,7903
14420,7905
14421,7917
14422,7913
14423,7903
14424,7903
14425,7888
14426,7893
14427,7903
14428,7903
14429,7903
14430,7923
14431,7903
14432,7916
14433,7916
14434,7903
14435,7921
14436,7903
14437,7916
14438,7916
14439,7903
14440,7917
14441,7925
14442,7912
14443,7925
14444,7916
14445,7913
14446,7917
14447,7909
14448,7910
14449,7913
14450,7917
14451,7909
14452,7913
14453,7917
14454,7910
14455,7913
14456,7909
14457,7911
14458,7916
14459,7903
14460,7905
14461,7912
14462,7864
14463,7923
14464,7931
14465,7921
14466,7931
14467,7918
14468,7900
14469,7913
14470,7931
14471,7912
14472,7931
14473,7905
14474,7893
14475,7903
14476,7908
14477,7925
14478,7925
14479,7920
14480,7934
14481,7937
14482,7923
14483,7934
14484,7920
14485,7937
14486,7934
14487,7920
14488,7923
14489,7934
14490,7937
14491,7933
14492,7920
14493,7934
14494,7937
14495,7923
14496,7934
14497,7920
14498,7937
14499,7934
14500,7923
14501,7920
14502,7937
14503,7934
14504,7923
14505,7925
14506,7925
14507,7907
14508,7925
14509,7917
14510,7925
14511,7925
14512,7934
14513,7917
14514,7923
14515,7926
14516,7913
14517,7923
14518,7917
14519,7926
14520,7923
14521,7917
14522,7913
14523,7926
14524,7923
14525,7942
14526,7893
14527,7951
14528,7934
14529,7945
14530,7958
14531,7930
14532,7948
14533,7935
14534,7958
14535,7930
14536,7948
14537,7962
14538,7943
14539,7937
14540,7952
14541,7940
14542,7967
14543,7967
14544,7948
14545,7967
14546,7965
14547,7971
14548,7968
14549,7971
14550,7965
14551,7962
14552,7938
14553,7973
14554,7971
14555,7965
14556,7957
14557,7965
14558,7963
14559,7965
14560,7957
14561,7955
14562,7943
14563,7976
14564,7948
14565,7943
14566,7976
14567,7970
14568,7981
14569,7977
14570,7958
14571,7971
14572,7961
14573,7973
14574,7971
14575,7951
14576,7961
14577,7931
14578,7943
14579,7976
14580,7943
14581,7973
14582,7976
14583,7943
14584,7948
14585,7976
14586,7970
14587,7971
14588,7971
14589,7958
14590,7968
14591,7971
14592,7987
14593,7976
14594,7989
14595,7978
14596,7967
14597,7976
14598,7983
14599,7987
14600,7985
14601,7985
14602,7993
14603,7980
14604,7997
14605,7991
14606,7985
14607,7987
14608,8003
14609,7987
14610,7977
14611,7987
14612,8003
14613,7985
14614,7987
14615,8003
14616,7977
14617,7987
14618,7968
14619,8000
14620,7976
14621,7985
14622,8004
14623,7993
14624,7971
14625,7968
14626,7990
14627,7996
14628,8008
14629,8015
14630,7976
14631,7994
14632,8004
14633,8012
14634,8017
14635,8005
14636,7970
14637,8005
14638,8017
14639,8011
14640,8005
14641,8017
14642,8020
14643,8017
14644,8005
14645,8023
14646,8033
14647,8027
14648,8026
14649,8033
14650,8027
14651,8037
14652,8013
14653,8023
14654,8022
14655,8006
14656,8033
14657,8042
14658,8035
14659,8023
14660,8028
14661,8027
14662,8013
14663,7996
14664,7970
14665,8032
14666,8011
14667,8032
14668,8025
14669,7997
14670,8032
14671,8032
14672,8037
14673,8037
14674,8038
14675,8022
14676,8040
14677,8023
14678,8038
14679,8037
14680,8038
14681,8040
14682,8037
14683,8025
14684,8032
14685,8032
14686,8040
14687,8045
14688,8040
14689,8021
14690,8043
14691,8032
14692,8021
14693,8026
14694,8021
14695,8047
14696,8040
14697,8041
14698,8060
14699,8063
14700,8011
14701,8061
14702,8027
14703,8055
14704,8047
14705,8053
14706,8051
14707,8041
14708,8055
14709,8055
14710,8051
14711,8053
14712,8071
14713,8071
14714,8060
14715,8085
14716,8065
14717,8060
14718,8057
14719,8069
14720,8076
14721,8076
14722,8083
14723,8080
14724,8083
14725,8080
14726,8081
14727,8083
14728,8082
14729,8070
14730,8078
14731,8056
14732,8080
14733,8085
14734,8081
14735,8081
14736,8081
14737,8087
14738,8082
14739,8080
14740,8081
14741,8082
14742,8080
14743,8081
14744,8082
14745,8080
14746,8075
14747,8081
14748,8082
14749,8080
14750,8063
14751,8081
14752,8080
14753,8082
14754,8056
14755,8072
14756,8065
14757,8027
14758,8068
14759,8072
14760,8046
14761,8075
14762,8047
14763,8076
14764,8045
14765,8081
14766,8080
14767,8080
14768,8077
14769,8083
14770,8080
14771,8078
14772,8098
14773,8058
14774,8065
14775,8084
14776,8072
14777,8055
14778,8084
14779,8072
14780,8086
14781,8084
14782,8055
14783,8087
14784,8100
14785,8087
14786,8093
14787,8090
14788,8090
14789,8087
14790,8096
14791,8095
14792,8090
14793,8059
14794,8090
14795,8090
14796,8090
14797,8087
14798,8090
14799,8096
14800,8090
14801,8100
14802,8087
14803,8082
14804,8093
14805,8085
14806,8067
14807,8078
14808,8079
14809,8106
14810,8091
14811,8093
14812,8106
14813,8093
14814,8086
14815,8106
14816,8083
14817,8093
14818,8103
14819,8107
14820,8087
14821,8107
14822,8112
14823,8118
14824,8120
14825,8103
14826,8103
14827,8087
14828,8103
14829,8120
14830,8118
14831,8096
14832,8100
14833,8105
14834,8101
14835,8090
14836,8085
14837,8118
14838,8111
14839,8118
14840,8093
14841,8110
14842,8101
14843,8110
14844,8090
14845,8110
14846,8111
14847,8110
14848,8090
14849,8101
14850,8110
14851,8110
14852,8090
14853,8100
14854,8110
14855,8110
14856,8101
14857,8112
14858,8121
14859,8130
14860,8080
14861,8088
14862,8105
14863,8116
14864,8120
14865,8105
14866,8087
14867,8116
14868,8111
14869,8103
14870,8123
14871,8118
14872,8113
14873,8094
14874,8116
14875,8105
14876,8122
14877,8129
14878,8121
14879,8132
14880,8127
14881,8122
14882,8129
14883,8111
14884,8125
14885,8103
14886,8103
14887,8097
14888,8098
14889,8097
14890,8122
14891,8097
14892,8101
14893,8127
14894,8113
14895,8112
14896,8106
14897,8123
14898,8106
14899,8113
14900,8112
14901,8111
14902,8106
14903,8109
14904,8097
14905,8112
14906,8097
14907,8097
14908,8132
14909,8106
14910,8097
14911,8115
14912,8121
14913,8097
14914,8141
14915,8120
14916,8145
14917,8140
14918,8134
14919,8128
14920,8134
14921,8101
14922,8128
14923,8121
14924,8134
14925,8128
14926,8140
14927,8143
14928,8102
14929,8130
14930,8143
14931,8127
14932,8125
14933,8151
14934,8141
14935,8140
14936,8151
14937,8132
14938,8151
14939,8151
14940,8141
14941,8151
14942,8152
14943,8142
14944,8123
14945,8135
14946,8142
14947,8123
14948,8139
14949,8147
14950,8166
14951,8132
14952,8157
14953,8102
14954,8157
14955,8160
14956,8157
14957,8162
14958,8161
14959,8155
14960,8141
14961,8161
14962,8161
14963,8157
14964,8162
14965,8106
14966,8162
14967,8162
14968,8134
14969,8162
14970,8162
14971,8162
14972,8165
14973,8165
14974,8176
14975,8158
14976,8167
14977,8168
14978,8171
14979,8152
14980,8162
14981,8168
14982,8177
14983,8152
14984,8171
14985,8168
14986,8171
14987,8187
14988,8168
14989,8172
14990,8187
14991,8187
14992,8166
14993,8167
14994,8152
14995,8177
14996,8167
14997,8157
14998,8167
14999,8177
15000,8167
15001,8192
15002,8145
15003,8186
15004,8188
15005,8188
15006,8186
15007,8145
15008,8188
15009,8188
15010,8186
15011,8145
15012,8195
15013,8206
15014,8206
15015,8159
15016,8206
15017,8195
15018,8196
15019,8186
15020,8153
15021,8196
15022,8188
15023,8192
15024,8208
15025,8199
15026,8205
15027,8208
15028,8199
15029,8205
15030,8200
15031,8178
15032,8198
15033,8178
15034,8208
15035,8215
15036,8216
15037,8217
15038,8211
15039,8202
15040,8206
15041,8213
15042,8202
15043,8207
15044,8187
15045,8206
15046,8202
15047,8218
15048,8218
15049,8211
15050,8191
15051,8219
15052,8194
15053,8223
15054,8219
15055,8203
15056,8230
15057,8225
15058,8223
15059,8222
15060,8217
15061,8207
15062,8205
15063,8217
15064,8230
15065,8217
15066,8222
15067,8224
15068,8237
15069,8239
15070,8242
15071,8238
15072,8242
15073,8239
15074,8235
15075,8242
15076,8239
15077,8236
15078,8245
15079,8246
15080,8255
15081,8243
15082,8231
15083,8243
15084,8247
15085,8249
15086,8247
15087,8245
15088,8223
15089,8246
15090,8231
15091,8206
15092,8242
15093,8206
15094,8244
15095,8235
15096,8206
15097,8238
15098,8235
15099,8241
15100,8253
15101,8253
15102,8244
15103,8233
15104,8248
15105,8253
15106,8255
15107,8206
15108,8235
15109,8262
15110,8267
15111,8247
15112,8262
15113,8255
15114,8226
15115,8247
15116,8255
15117,8226
15118,8224
15119,8255
15120,8226
15121,8242
15122,8263
15123,8257
15124,8263
15125,8203
15126,8260
15127,8263
15128,8260
15129,8244
15130,8253
15131,8252
15132,8260
15133,8263
15134,8257
15135,8263
15136,8242
15137,8226
15138,8255
15139,8226
15140,8224
15141,8255
15142,8247
15143,8226
15144,8255
15145,8250
15146,8251
15147,8232
15148,8245
15149,8244
15150,8256
15151,8232
15152,8262
15153,8273
15154,8248
15155,8267
15156,8263
15157,8273
15158,8267
15159,8263
15160,8273
15161,8267
15162,8262
15163,8256
15164,8252
15165,8230
15166,8257
15167,8252
15168,8230
15169,8230
15170,8257
15171,8230
15172,8230
15173,8257
15174,8230
15175,8242
15176,8265
15177,8267
15178,8256
15179,8253
15180,8230
15181,8245
15182,8253
15183,8236
15184,8253
15185,8242
15186,8231
15187,8253
15188,8236
15189,8246
15190,8253
15191,8237
15192,8252
15193,8256
15194,8252
15195,8238
15196,8256
15197,8267
15198,8224
15199,8266
15200,8248
15201,8224
15202,8266
15203,8248
15204,8266
15205,8224
15206,8224
15207,8248
15208,8266
15209,8249
15210,8263
15211,8271
15212,8271
15213,8268
15214,8276
15215,8275
15216,8252
15217,8265
15218,8290
15219,8267
15220,8290
15221,8282
15222,8298
15223,8300
15224,8296
15225,8272
15226,8291
15227,8291
15228,8291
15229,8290
15230,8317
15231,8320
15232,8311
15233,8320
15234,8316
15235,8317
15236,8316
15237,8316
15238,8320
15239,8316
15240,8300
15241,8316
15242,8315
15243,8323
15244,8308
15245,8323
15246,8322
15247,8320
15248,8292
15249,8297
15250,8320
15251,8330
15252,8300
15253,8330
15254,8304
15255,8300
15256,8293
15257,8316
15258,8320
15259,8300
15260,8328
15261,8303
15262,8307
15263,8327
15264,8303
15265,8298
15266,8332
15267,8330
15268,8335
15269,8318
15270,8350
15271,8328
15272,8333
15273,8318
15274,8331
15275,8350
15276,8334
15277,8335
15278,8343
15279,8335
15280,8340
15281,8335
15282,8350
15283,8331
15284,8360
15285,8351
15286,8360
15287,8340
15288,8360
15289,8331
15290,8339
15291,8348
15292,8307
15293,8331
15294,8347
15295,8355
15296,8338
15297,8354
15298,8338
15299,8354
15300,8355
15301,8342
15302,8338
15303,8337
15304,8348
15305,8333
15306,8338
15307,8327
15308,8334
15309,8349
15310,8342
15311,8341
15312,8350
15313,8363
15314,8320
15315,8367
15316,8361
15317,8356
15318,8373
15319,8350
15320,8347
15321,8360
15322,8349
15323,8360
15324,8358
15325,8357
15326,8356
15327,8350
15328,8373
15329,8373
15330,8361
15331,8356
15332,8373
15333,8350
15334,8373
15335,8356
15336,8373
15337,8372
15338,8344
15339,8370
15340,8362
15341,8370
15342,8344
15343,8373
15344,8366
15345,8374
15346,8379
15347,8362
15348,8372
15349,8362
15350,8351
15351,8362
15352,8350
15353,8360
15354,8349
15355,8360
15356,8379
15357,8367
15358,8358
15359,8367
15360,8366
15361,8367
15362,8358
15363,8361
15364,8386
15365,8382
15366,8379
15367,8372
15368,8344
15369,8372
15370,8372
15371,8344
15372,8325
15373,8372
15374,8344
15375,8372
15376,8349
15377,8357
15378,8354
15379,8360
15380,8323
15381,8372
15382,8344
15383,8372
15384,8344
15385,8372
15386,8372
15387,8344
15388,8372
15389,8339
15390,8368
15391,8368
15392,8376
15393,8352
15394,8397
15395,8397
15396,8353
15397,8397
15398,8388
15399,8359
15400,8353
15401,8363
15402,8359
15403,8382
15404,8393
15405,8387
15406,8376
15407,8386
15408,8393
15409,8352
15410,8377
15411,8377
15412,8386
15413,8396
15414,8389
15415,8398
15416,8391
15417,8391
15418,8389
15419,8398
15420,8379
15421,8395
15422,8387
15423,8377
15424,8395
15425,8395
15426,8396
15427,8395
15428,8387
15429,8395
15430,8377
15431,8395
15432,8377
15433,8387
15434,8396
15435,8395
15436,8375
15437,8395
15438,8371
15439,8397
15440,8402
15441,8383
15442,8388
15443,8412
15444,8382
15445,8388
15446,8412
15447,8412
15448,8388
15449,8412
15450,8408
15451,8404
15452,8386
15453,8412
15454,8421
15455,8417
15456,8420
15457,8419
15458,8421
15459,8394
15460,8421
15461,8419
15462,8417
15463,8420
15464,8421
15465,8394
15466,8421
15467,8419
15468,8404
15469,8421
15470,8417
15471,8420
15472,8419
15473,8421
15474,8394
15475,8421
15476,8419
15477,8421
15478,8417
15479,8420
15480,8394
15481,8421
15482,8419
15483,8412
15484,8421
15485,8420
15486,8417
15487,8419
15488,8421
15489,8394
15490,8421
15491,8419
15492,8421
15493,8420
15494,8417
15495,8394
15496,8421
15497,8419
15498,8412
15499,8421
15500,8419
15501,8420
15502,8417
15503,8421
15504,8394
15505,8421
15506,8419
15507,8421
15508,8420
15509,8417
15510,8394
15511,8421
15512,8419
15513,8404
15514,8421
15515,8386
15516,8382
15517,8404
15518,8402
15519,8382
15520,8404
15521,8396
15522,8392
15523,8366
15524,8400
15525,8412
15526,8412
15527,8417
15528,8426
15529,8419
15530,8414
15531,8417
15532,8373
15533,8413
15534,8387
15535,8407
15536,8407
15537,8420
15538,8387
15539,8407
15540,8413
15541,8414
15542,8417
15543,8373
15544,8407
15545,8414
15546,8373
15547,8393
15548,8402
15549,8399
15550,8420
15551,8420
15552,8405
15553,8408
15554,8410
15555,8420
15556,8403
15557,8384
15558,8402
15559,8373
15560,8414
15561,8417
15562,8373
15563,8414
15564,8373
15565,8407
15566,8417
15567,8414
15568,8373
15569,8394
15570,8403
15571,8406
15572,8403
15573,8397
15574,8366
15575,8403
15576,8397
15577,8411
15578,8424
15579,8423
15580,8434
15581,8412
15582,8431
15583,8447
15584,8433
15585,8416
15586,8439
15587,8428
15588,8432
15589,8426
15590,8427
15591,8415
15592,8429
15593,8431
15594,8434
15595,8454
15596,8454
15597,8430
15598,8454
15599,8441
15600,8433
15601,8445
15602,8433
15603,8432
15604,8437
15605,8454
15606,8446
15607,8430
15608,8454
15609,8441
15610,8459
15611,8456
15612,8426
15613,8455
15614,8456
15615,8426
15616,8459
15617,8426
15618,8456
15619,8455
15620,8426
15621,8453
15622,8459
15623,8456
15624,8426
15625,8411
15626,8456
15627,8460
15628,8456
15629,8453
15630,8441
15631,8463
15632,8459
15633,8446
15634,8459
15635,8463
15636,8433
15637,8456
15638,8453
15639,8460
15640,8456
15641,8411
15642,8426
15643,8456
15644,8455
15645,8426
15646,8459
15647,8456
15648,8426
15649,8456
15650,8455
15651,8426
15652,8459
15653,8456
15654,8426
15655,8450
15656,8473
15657,8446
15658,8436
15659,8473
15660,8473
15661,8463
15662,8473
15663,8473
15664,8463
15665,8473
15666,8436
15667,8473
15668,8451
15669,8479
15670,8433
15671,8479
15672,8452
15673,8479
15674,8488
15675,8462
15676,8478
15677,8491
15678,8488
15679,8462
15680,8488
15681,8491
15682,8462
15683,8488
15684,8478
15685,8481
15686,8480
15687,8488
15688,8488
15689,8490
15690,8488
15691,8489
15692,8490
15693,8488
15694,8464
15695,8479
15696,8486
15697,8480
15698,8469
15699,8487
15700,8495
15701,8487
15702,8476
15703,8481
15704,8495
15705,8475
15706,8495
15707,8495
15708,8487
15709,8495
15710,8501
15711,8510
15712,8502
15713,8495
15714,8506
15715,8499
15716,8501
15717,8463
15718,8488
15719,8464
15720,8463
15721,8464
15722,8488
15723,8450
15724,8464
15725,8488
15726,8463
15727,8503
15728,8509
15729,8487
15730,8488
15731,8499
15732,8492
15733,8506
15734,8498
15735,8506
15736,8499
15737,8506
15738,8500
15739,8518
15740,8478
15741,8478
15742,8498
15743,8508
15744,8517
15745,8523
15746,8529
15747,8529
15748,8531
15749,8529
15750,8529
15751,8531
15752,8529
15753,8522
15754,8537
15755,8493
15756,8541
15757,8540
15758,8525
15759,8543
15760,8534
15761,8544
15762,8501
15763,8546
15764,8534
15765,8538
15766,8544
15767,8544
15768,8545
15769,8546
15770,8516
15771,8546
15772,8545
15773,8546
15774,8516
15775,8536
15776,8545
15777,8546
15778,8516
15779,8527
15780,8540
15781,8527
15782,8540
15783,8546
15784,8527
15785,8527
15786,8521
15787,8527
15788,8527
15789,8515
15790,8527
15791,8526
15792,8527
15793,8530
15794,8544
15795,8537
15796,8508
15797,8544
15798,8530
15799,8544
15800,8537
15801,8508
15802,8512
15803,8546
15804,8521
15805,8546
15806,8533
15807,8484
15808,8546
15809,8546
15810,8546
15811,8521
15812,8534
15813,8546
15814,8546
15815,8528
15816,8527
15817,8527
15818,8526
15819,8507
15820,8527
15821,8527
15822,8513
15823,8550
15824,8543
15825,8561
15826,8527
15827,8561
15828,8551
15829,8561
15830,8559
15831,8573
15832,8558
15833,8573
15834,8556
15835,8573
15836,8568
15837,8566
15838,8555
15839,8570
15840,8551
15841,8561
15842,8572
15843,8555
15844,8573
15845,8566
15846,8561
15847,8531
15848,8569
15849,8590
15850,8574
15851,8582
15852,8551
15853,8582
15854,8582
15855,8582
15856,8567
15857,8567
15858,8582
15859,8582
15860,8582
15861,8567
15862,8582
15863,8578
15864,8578
15865,8571
15866,8581
15867,8571
15868,8584
15869,8578
15870,8571
15871,8581
15872,8571
15873,8589
15874,8577
15875,8582
15876,8589
15877,8570
15878,8571
15879,8584
15880,8566
15881,8582
15882,8590
15883,8582
15884,8572
15885,8568
15886,8579
15887,8573
15888,8531
15889,8572
15890,8572
15891,8544
15892,8575
15893,8560
15894,8572
15895,8565
15896,8568
15897,8563
15898,8553
15899,8547
15900,8555
15901,8535
15902,8563
15903,8571
15904,8566
15905,8563
15906,8553
15907,8550
15908,8562
15909,8563
15910,8553
15911,8556
15912,8575
15913,8574
15914,8535
15915,8576
15916,8561
15917,8566
15918,8560
15919,8566
15920,8543
15921,8566
15922,8560
15923,8561
15924,8566
15925,8586
15926,8568
15927,8577
15928,8592
15929,8577
15930,8592
15931,8568
15932,8586
15933,8566
15934,8560
15935,8573
15936,8574
15937,8589
15938,8553
15939,8555
15940,8574
15941,8573
15942,8566
15943,8560
15944,8543
15945,8566
15946,8560
15947,8566
15948,8560
15949,8543
15950,8571
15951,8566
15952,8572
15953,8603
15954,8598
15955,8586
15956,8577
15957,8589
15958,8610
15959,8593
15960,8589
15961,8596
15962,8599
15963,8596
15964,8570
15965,8602
15966,8587
15967,8599
15968,8589
15969,8595
15970,8576
15971,8574
15972,8595
15973,8540
15974,8576
15975,8574
15976,8596
15977,8602
15978,8597
15979,8602
15980,8577
15981,8598
15982,8602
15983,8586
15984,8599
15985,8593
15986,8595
15987,8592
15988,8593
15989,8599
15990,8595
15991,8587
15992,8577
15993,8602
15994,8598
15995,8597
15996,8602
15997,8603
15998,8603
15999,8616
16000,8597
16001,8601
16002,8616
16003,8603
16004,8574
16005,8596
16006,8613
16007,8613
16008,8604
16009,8613
16010,8608
16011,8576
16012,8592
16013,8574
16014,8622
16015,8598
16016,8623
16017,8614
16018,8604
16019,8598
16020,8623
16021,8613
16022,8625
16023,8615
16024,8613
16025,8615
16026,8604
16027,8608
16028,8613
16029,8608
16030,8604
16031,8613
16032,8608
16033,8577
16034,8613
16035,8608
16036,8624
16037,8624
16038,8610
16039,8617
16040,8632
16041,8622
16042,8627
16043,8631
16044,8623
16045,8631
16046,8627
16047,8637
16048,8631
16049,8624
16050,8631
16051,8631
16052,8598
16053,8624
16054,8631
16055,8631
16056,8624
16057,8644
16058,8634
16059,8620
16060,8634
16061,8644
16062,8620
16063,8634
16064,8648
16065,8645
16066,8653
16067,8638
16068,8651
16069,8653
16070,8638
16071,8645
16072,8651
16073,8653
16074,8638
16075,8651
16076,8645
16077,8653
16078,8638
16079,8651
16080,8653
16081,8645
16082,8655
16083,8669
16084,8648
16085,8669
16086,8635
16087,8658
16088,8647
16089,8649
16090,8649
16091,8649
16092,8647
16093,8673
16094,8654
16095,8667
16096,8673
16097,8649
16098,8649
16099,8647
16100,8665
16101,8668
16102,8668
16103,8668
16104,8643
16105,8668
16106,8664
16107,8668
16108,8668
16109,8668
16110,8671
16111,8654
16112,8658
16113,8674
16114,8663
16115,8688
16116,8673
16117,8683
16118,8678
16119,8692
16120,8692
16121,8687
16122,8681
16123,8687
16124,8692
16125,8693
16126,8681
16127,8685
16128,8689
16129,8692
16130,8701
16131,8675
16132,8690
16133,8693
16134,8663
16135,8693
16136,8693
16137,8650
16138,8682
16139,8688
16140,8695
16141,8682
16142,8685
16143,8701
16144,8693
16145,8701
16146,8685
16147,8693
16148,8678
16149,8693
16150,8701
16151,8685
16152,8693
16153,8701
16154,8681
16155,8698
16156,8682
16157,8701
16158,8718
16159,8718
16160,8703
16161,8715
16162,8722
16163,8713
16164,8720
16165,8701
16166,8713
16167,8722
16168,8720
16169,8701
16170,8713
16171,8728
16172,8726
16173,8737
16174,8708
16175,8721
16176,8726
16177,8737
16178,8726
16179,8737
16180,8726
16181,8713
16182,8722
16183,8701
16184,8720
16185,8733
16186,8731
16187,8734
16188,8731
16189,8719
16190,8710
16191,8734
16192,8731
16193,8695
16194,8738
16195,8738
16196,8721
16197,8738
16198,8738
16199,8738
16200,8717
16201,8738
16202,8738
16203,8751
16204,8749
16205,8725
16206,8753
16207,8756
16208,8761
16209,8758
16210,8758
16211,8714
16212,8749
16213,8752
16214,8776
16215,8774
16216,8780
16217,8783
16218,8778
16219,8747
16220,8738
16221,8762
16222,8769
16223,8773
16224,8742
16225,8755
16226,8769
16227,8773
16228,8769
16229,8773
16230,8766
16231,8747
16232,8769
16233,8765
16234,8767
16235,8777
16236,8767
16237,8767
16238,8759
16239,8782
16240,8787
16241,8764
16242,8777
16243,8767
16244,8769
16245,8767
16246,8770
16247,8776
16248,8782
16249,8785
16250,8785
16251,8782
16252,8785
16253,8749
16254,8794
16255,8793
16256,8792
16257,8793
16258,8802
16259,8800
16260,8801
16261,8785
16262,8801
16263,8781
16264,8778
16265,8796
16266,8801
16267,8781
16268,8801
16269,8793
16270,8781
16271,8801
16272,8778
16273,8772
16274,8793
16275,8801
16276,8799
16277,8801
16278,8776
16279,8795
16280,8796
16281,8798
16282,8797
16283,8782
16284,8807
16285,8803
16286,8807
16287,8782
16288,8776
16289,8807
16290,8803
16291,8782
16292,8776
16293,8807
16294,8782
16295,8803
16296,8807
16297,8782
16298,8776
16299,8807
16300,8803
16301,8801
16302,8797
16303,8807
16304,8822
16305,8803
16306,8802
16307,8822
16308,8782
16309,8802
16310,8802
16311,8784
16312,8822
16313,8802
16314,8822
16315,8802
16316,8803
16317,8823
16318,8832
16319,8816
16320,8832
16321,8821
16322,8830
16323,8830
16324,8807
16325,8829
16326,8830
16327,8830
16328,8830
16329,8807
16330,8830
16331,8829
16332,8831
16333,8830
16334,8830
16335,8850
16336,8824
16337,8841
16338,8845
16339,8857
16340,8853
16341,8872
16342,8847
16343,8862
16344,8853
16345,8820
16346,8820
16347,8836
16348,8820
16349,8820
16350,8853
16351,8836
16352,8854
16353,8820
16354,8820
16355,8828
16356,8853
16357,8836
16358,8820
16359,8820
16360,8844
16361,8831
16362,8846
16363,8867
16364,8853
16365,8846
16366,8867
16367,8846
16368,8867
16369,8853
16370,8846
16371,8858
16372,8857
16373,8841
16374,8857
16375,8849
16376,8847
16377,8857
16378,8858
16379,8846
16380,8867
16381,8853
16382,8854
16383,8867
16384,8853
16385,8846
16386,8867
16387,8854
16388,8864
16389,8866
16390,8812
16391,8863
16392,8864
16393,8842
16394,8856
16395,8851
16396,8869
16397,8853
16398,8849
16399,8850
16400,8857
16401,8851
16402,8849
16403,8850
16404,8853
16405,8869
16406,8849
16407,8850
16408,8857
16409,8853
16410,8850
16411,8849
16412,8851
16413,8849
16414,8857
16415,8850
16416,8853
16417,8849
16418,8850
16419,8857
16420,8879
16421,8869
16422,8869
16423,8879
16424,8874
16425,8869
16426,8879
16427,8871
16428,8851
16429,8865
16430,8868
16431,8863
16432,8832
16433,8850
16434,8832
16435,8868
16436,8866
16437,8851
16438,8854
16439,8851
16440,8870
16441,8881
16442,8858
16443,8881
16444,8873
16445,8881
16446,8881
16447,8881
16448,8852
16449,8856
16450,8879
16451,8877
16452,8851
16453,8872
16454,8854
16455,8868
16456,8872
16457,8851
16458,8877
16459,8879
16460,8857
16461,8877
16462,8866
16463,8879
16464,8874
16465,8831
16466,8849
16467,8831
16468,8831
16469,8847
16470,8831
16471,8839
16472,8831
16473,8831
16474,8864
16475,8847
16476,8831
16477,8864
16478,8856
16479,8876
16480,8852
16481,8867
16482,8872
16483,8873
16484,8839
16485,8878
16486,8868
16487,8872
16488,8878
16489,8868
16490,8878
16491,8864
16492,8872
16493,8877
16494,8889
16495,8889
16496,8885
16497,8889
16498,8878
16499,8889
16500,8889
16501,8885
16502,8889
16503,8876
16504,8871
16505,8884
16506,8871
16507,8849
16508,8884
16509,8871
16510,8865
16511,8887
16512,8902
16513,8902
16514,8896
16515,8902
16516,8887
16517,8902
16518,8902
16519,8887
16520,8896
16521,8889
16522,8863
16523,8900
16524,8889
16525,8896
16526,8863
16527,8871
16528,8863
16529,8888
16530,8890
16531,8876
16532,8907
16533,8890
16534,8908
16535,8907
16536,8889
16537,8863
16538,8900
16539,8913
16540,8899
16541,8892
16542,8905
16543,8878
16544,8899
16545,8892
16546,8878
16547,8899
16548,8905
16549,8920
16550,8921
16551,8912
16552,8912
16553,8911
16554,8902
16555,8916
16556,8932
16557,8928
16558,8936
16559,8942
16560,8943
16561,8934
16562,8943
16563,8930
16564,8946
16565,8932
16566,8930
16567,8943
16568,8930
16569,8942
16570,8962
16571,8951
16572,8953
16573,8951
16574,8953
16575,8942
16576,8930
16577,8943
16578,8946
16579,8930
16580,8932
16581,8930
16582,8943
16583,8930
16584,8932
16585,8946
16586,8955
16587,8959
16588,8948
16589,8932
16590,8959
16591,8938
16592,8958
16593,8959
16594,8929
16595,8958
16596,8959
16597,8948
16598,8958
16599,8959
16600,8938
16601,8958
16602,8959
16603,8948
16604,8938
16605,8959
16606,8958
16607,8948
16608,8959
16609,8958
16610,8951
16611,8942
16612,8948
16613,8959
16614,8948
16615,8958
16616,8933
16617,8948
16618,8952
16619,8951
16620,8962
16621,8942
16622,8943
16623,8930
16624,8926
16625,8962
16626,8962
16627,8954
16628,8969
16629,8954
16630,8954
16631,8958
16632,8947
16633,8969
16634,8954
16635,8927
16636,8954
16637,8954
16638,8969
16639,8954
16640,8954
16641,8969
16642,8948
16643,8958
16644,8941
16645,8958
16646,8956
16647,8959
16648,8956
16649,8951
16650,8938
16651,8939
16652,8961
16653,8919
16654,8960
16655,8951
16656,8971
16657,8971
16658,8958
16659,8971
16660,8951
16661,8971
16662,8958
16663,8971
16664,8947
16665,8971
16666,8958
16667,8951
16668,8971
16669,8960
16670,8961
16671,8919
16672,8961
16673,8949
16674,8958
16675,8958
16676,8958
16677,8958
16678,8953
16679,8951
16680,8951
16681,8951
16682,8958
16683,8943
16684,8951
16685,8958
16686,8927
16687,8949
16688,8953
16689,8977
16690,8969
16691,8951
16692,8977
16693,8969
16694,8953
16695,8951
16696,8969
16697,8969
16698,8979
16699,8975
16700,8963
16701,8979
16702,8979
16703,8988
16704,8984
16705,8981
16706,8986
16707,8984
16708,8982
16709,8986
16710,8984
16711,8977
16712,8969
16713,8996
16714,8988
16715,9004
16716,9003
16717,9015
16718,9016
16719,9015
16720,9015
16721,9011
16722,8978
16723,9006
16724,8978
16725,9006
16726,9009
16727,9006
16728,8978
16729,8982
16730,9006
16731,9011
16732,9016
16733,9015
16734,9015
16735,9001
16736,9016
16737,9015
16738,9008
16739,9006
16740,8978
16741,8982
16742,9006
16743,8978
16744,8982
16745,9006
16746,8978
16747,9006
16748,8978
16749,9006
16750,8984
16751,8979
16752,8993
16753,8974
16754,9013
16755,8975
16756,8984
16757,8998
16758,8978
16759,8998
16760,8999
16761,8954
16762,8999
16763,8996
16764,8999
16765,9003
16766,8999
16767,8996
16768,8954
16769,8999
16770,9012
16771,9019
16772,9014
16773,9020
16774,9009
16775,9025
16776,9020
16777,9025
16778,9009
16779,9020
16780,9026
16781,9029
16782,9036
16783,9049
16784,9033
16785,9012
16786,9053
16787,9039
16788,9057
16789,9044
16790,9044
16791,9055
16792,9056
16793,9044
16794,9067
16795,9064
16796,9067
16797,9039
16798,9067
16799,9064
16800,9067
16801,9058
16802,9063
16803,9026
16804,9053
16805,9049
16806,9039
16807,9053
16808,9058
16809,9068
16810,9068
16811,9028
16812,9068
16813,9063
16814,9068
16815,9068
16816,9063
16817,9074
16818,9068
16819,9071
16820,9072
16821,9058
16822,9068
16823,9068
16824,9063
16825,9056
16826,9056
16827,9064
16828,9064
16829,9056
16830,9064
16831,9051
16832,9054
16833,9064
16834,9056
16835,9064
16836,9064
16837,9061
16838,9066
16839,9076
16840,9073
16841,9066
16842,9076
16843,9062
16844,9038
16845,9073
16846,9076
16847,9066
16848,9076
16849,9066
16850,9062
16851,9061
16852,9043
16853,9064
16854,9073
16855,9051
16856,9053
16857,9071
16858,9051
16859,9053
16860,9076
16861,9069
16862,9069
16863,9067
16864,9086
16865,9069
16866,9089
16867,9103
16868,9079
16869,9079
16870,9103
16871,9085
16872,9088
16873,9101
16874,9091
16875,9101
16876,9101
16877,9085
16878,9088
16879,9101
16880,9091
16881,9089
16882,9089
16883,9074
16884,9082
16885,9107
16886,9107
16887,9104
16888,9086
16889,9089
16890,9071
16891,9089
16892,9085
16893,9098
16894,9094
16895,9088
16896,9099
16897,9108
16898,9099
16899,9095
16900,9108
16901,9099
16902,9095
16903,9097
16904,9108
16905,9090
16906,9099
16907,9087
16908,9108
16909,9099
16910,9057
16911,9105
16912,9093
16913,9099
16914,9102
16915,9106
16916,9099
16917,9106
16918,9099
16919,9102
16920,9106
16921,9084
16922,9106
16923,9107
16924,9081
16925,9111
16926,9122
16927,9103
16928,9113
16929,9122
16930,9071
16931,9122
16932,9099
16933,9118
16934,9123
16935,9071
16936,9123
16937,9123
16938,9118
16939,9123
16940,9123
16941,9109
16942,9118
16943,9123
16944,9136
16945,9139
16946,9131
16947,9139
16948,9118
16949,9139
16950,9132
16951,9131
16952,9132
16953,9127
16954,9131
16955,9132
16956,9144
16957,9142
16958,9147
16959,9134
16960,9144
16961,9131
16962,9147
16963,9108
16964,9147
16965,9127
16966,9147
16967,9156
16968,9153
16969,9158
16970,9156
16971,9139
16972,9154
16973,9158
16974,9153
16975,9156
16976,9159
16977,9156
16978,9163
16979,9166
16980,9151
16981,9156
16982,9166
16983,9163
16984,9174
16985,9177
16986,9163
16987,9173
16988,9172
16989,9173
16990,9177
16991,9171
16992,9177
16993,9158
16994,9174
16995,9179
16996,9159
16997,9158
16998,9154
16999,9164
17000,9132
17001,9157
17002,9169
17003,9157
17004,9177
17005,9172
17006,9149
17007,9149
17008,9172
17009,9163
17010,9177
17011,9149
17012,9172
17013,9177
17014,9159
17015,9167
17016,9154
17017,9161
17018,9174
17019,9177
17020,9164
17021,9172
17022,9177
17023,9168
17024,9164
17025,9149
17026,9169
17027,9164
17028,9164
17029,9149
17030,9169
17031,9174
17032,9181
17033,9176
17034,9141
17035,9172
17036,9169
17037,9172
17038,9159
17039,9181
17040,9154
17041,9161
17042,9157
17043,9181
17044,9174
17045,9189
17046,9179
17047,9182
17048,9171
17049,9181
17050,9161
17051,9172
17052,9192
17053,9196
17054,9193
17055,9183
17056,9193
17057,9184
17058,9192
17059,9164
17060,9184
17061,9192
17062,9184
17063,9193
17064,9197
17065,9184
17066,9192
17067,9184
17068,9202
17069,9184
17070,9193
17071,9192
17072,9184
17073,9184
17074,9204
17075,9196
17076,9193
17077,9196
17078,9192
17079,9183
17080,9197
17081,9192
17082,9182
17083,9192
17084,9197
17085,9192
17086,9202
17087,9216
17088,9224
17089,9192
17090,9211
17091,9239
17092,9228
17093,9226
17094,9229
17095,9217
17096,9229
17097,9229
17098,9218
17099,9217
17100,9239
17101,9228
17102,9214
17103,9239
17104,9227
17105,9239
17106,9247
17107,9238
17108,9252
17109,9262
17110,9226
17111,9254
17112,9262
17113,9236
17114,9262
17115,9254
17116,9262
17117,9252
17118,9247
17119,9247
17120,9238
17121,9247
17122,9241
17123,9258
17124,9266
17125,9211
17126,9221
17127,9256
17128,9259
17129,9256
17130,9222
17131,9254
17132,9269
17133,9260
17134,9256
17135,9249
17136,9247
17137,9264
17138,9266
17139,9266
17140,9266
17141,9266
17142,9259
17143,9272
17144,9274
17145,9274
17146,9284
17147,9272
17148,9272
17149,9289
17150,9281
17151,9289
17152,9281
17153,9267
17154,9266
17155,9296
17156,9292
17157,9288
17158,9254
17159,9281
17160,9288
17161,9269
17162,9262
17163,9272
17164,9265
17165,9247
17166,9218
17167,9288
17168,9283
17169,9294
17170,9304
17171,9281
17172,9302
17173,9289
17174,9303
17175,9290
17176,9305
17177,9311
17178,9304
17179,9298
17180,9311
17181,9296
17182,9302
17183,9302
17184,9324
17185,9314
17186,9302
17187,9324
17188,9319
17189,9314
17190,9290
17191,9283
17192,9302
17193,9314
17194,9290
17195,9314
17196,9314
17197,9301
17198,9314
17199,9290
17200,9314
17201,9324
17202,9316
17203,9312
17204,9324
17205,9329
17206,9325
17207,9327
17208,9324
17209,9324
17210,9316
17211,9319
17212,9302
17213,9316
17214,9319
17215,9303
17216,9316
17217,9294
17218,9319
17219,9316
17220,9272
17221,9320
17222,9309
17223,9301
17224,9305
17225,9293
17226,9298
17227,9305
17228,9293
17229,9302
17230,9323
17231,9328
17232,9310
17233,9334
17234,9334
17235,9331
17236,9342
17237,9345
17238,9329
17239,9314
17240,9344
17241,9329
17242,9338
17243,9344
17244,9329
17245,9342
17246,9354
17247,9324
17248,9354
17249,9349
17250,9362
17251,9349
17252,9344
17253,9363
17254,9362
17255,9362
17256,9344
17257,9354
17258,9359
17259,9359
17260,9354
17261,9341
17262,9333
17263,9331
17264,9361
17265,9359
17266,9354
17267,9359
17268,9365
17269,9372
17270,9353
17271,9361
17272,9372
17273,9342
17274,9372
17275,9362
17276,9372
17277,9372
17278,9356
17279,9354
17280,9359
17281,9354
17282,9344
17283,9357
17284,9348
17285,9353
17286,9361
17287,9372
17288,9348
17289,9356
17290,9352
17291,9345
17292,9360
17293,9358
17294,9379
17295,9362
17296,9372
17297,9379
17298,9372
17299,9361
17300,9379
17301,9372
17302,9362
17303,9373
17304,9372
17305,9349
17306,9368
17307,9352
17308,9342
17309,9343
17310,9366
17311,9342
17312,9367
17313,9369
17314,9376
17315,9362
17316,9377
17317,9388
17318,9379
17319,9379
17320,9351
17321,9392
17322,9379
17323,9383
17324,9381
17325,9373
17326,9366
17327,9358
17328,9351
17329,9343
17330,9384
17331,9351
17332,9378
17333,9358
17334,9351
17335,9364
17336,9358
17337,9351
17338,9358
17339,9378
17340,9351
17341,9384
17342,9343
17343,9358
17344,9351
17345,9382
17346,9379
17347,9392
17348,9352
17349,9373
17350,9381
17351,9378
17352,9373
17353,9381
17354,9373
17355,9379
17356,9381
17357,9373
17358,9375
17359,9394
17360,9398
17361,9391
17362,9396
17363,9409
17364,9400
17365,9401
17366,9403
17367,9396
17368,9410
17369,9403
17370,9387
17371,9389
17372,9387
17373,9396
17374,9387
17375,9374
17376,9389
17377,9387
17378,9396
17379,9410
17380,9401
17381,9403
17382,9396
17383,9410
17384,9403
17385,9367
17386,9401
17387,9409
17388,9393
17389,9406
17390,9421
17391,9409
17392,9406
17393,9421
17394,9393
17395,9413
17396,9421
17397,9406
17398,9401
17399,9393
17400,9411
17401,9384
17402,9402
17403,9411
17404,9398
17405,9411
17406,9402
17407,9411
17408,9402
17409,9411
17410,9413
17411,9411
17412,9419
17413,9422
17414,9409
17415,9407
17416,9404
17417,9408
17418,9398
17419,9378
17420,9408
17421,9404
17422,9399
17423,9418
17424,9411
17425,9419
17426,9432
17427,9413
17428,9413
17429,9433
17430,9413
17431,9416
17432,9413
17433,9406
17434,9413
17435,9413
17436,9433
17437,9416
17438,9429
17439,9427
17440,9432
17441,9438
17442,9429
17443,9432
17444,9399
17445,9442
17446,9438
17447,9399
17448,9419
17449,9444
17450,9449
17451,9422
17452,9442
17453,9441
17454,9409
17455,9412
17456,9419
17457,9441
17458,9443
17459,9401
17460,9439
17461,9432
17462,9449
17463,9449
17464,9429
17465,9419
17466,9434
17467,9451
17468,9447
17469,9467
17470,9449
17471,9447
17472,9467
17473,9451
17474,9467
17475,9447
17476,9451
17477,9467
17478,9447
17479,9448
17480,9462
17481,9466
17482,9447
17483,9466
17484,9448
17485,9467
17486,9447
17487,9467
17488,9451
17489,9437
17490,9467
17491,9447
17492,9451
17493,9449
17494,9467
17495,9447
17496,9467
17497,9451
17498,9442
17499,9448
17500,9463
17501,9453
17502,9416
17503,9431
17504,9447
17505,9467
17506,9451
17507,9449
17508,9459
17509,9419
17510,9429
17511,9449
17512,9429
17513,9433
17514,9429
17515,9419
17516,9429
17517,9434
17518,9467
17519,9451
17520,9454
17521,9461
17522,9446
17523,9437
17524,9454
17525,9461
17526,9446
17527,9461
17528,9463
17529,9448
17530,9466
17531,9461
17532,9461
17533,9442
17534,9448
17535,9466
17536,9461
17537,9448
17538,9463
17539,9461
17540,9446
17541,9444
17542,9461
17543,9454
17544,9446
17545,9456
17546,9461
17547,9454
17548,9446
17549,9461
17550,9444
17551,9456
17552,9454
17553,9438
17554,9461
17555,9446
17556,9454
17557,9461
17558,9459
17559,9461
17560,9441
17561,9458
17562,9441
17563,9461
17564,9459
17565,9448
17566,9466
17567,9461
17568,9461
17569,9448
17570,9474
17571,9474
17572,9461
17573,9472
17574,9474
17575,9473
17576,9464
17577,9477
17578,9491
17579,9493
17580,9494
17581,9493
17582,9478
17583,9489
17584,9483
17585,9492
17586,9491
17587,9483
17588,9489
17589,9468
17590,9492
17591,9491
17592,9499
17593,9489
17594,9499
17595,9499
17596,9482
17597,9513
17598,9508
17599,9512
17600,9478
17601,9512
17602,9512
17603,9508
17604,9504
17605,9506
17606,9513
17607,9508
17608,9519
17609,9519
17610,9494
17611,9517
17612,9527
17613,9496
17614,9513
17615,9498
17616,9527
17617,9519
17618,9536
17619,9501
17620,9524
17621,9536
17622,9536
17623,9512
17624,9501
17625,9536
17626,9524
17627,9527
17628,9514
17629,9496
17630,9515
17631,9539
17632,9526
17633,9532
17634,9534
17635,9541
17636,9532
17637,9542
17638,9544
17639,9512
17640,9524
17641,9544
17642,9544
17643,9539
17644,9541
17645,9529
17646,9533
17647,9541
17648,9524
17649,9526
17650,9558
17651,9552
17652,9549
17653,9563
17654,9552
17655,9554
17656,9569
17657,9569
17658,9571
17659,9564
17660,9563
17661,9566
17662,9562
17663,9557
17664,9566
17665,9574
17666,9574
17667,9586
17668,9546
17669,9579
17670,9586
17671,9588
17672,9596
17673,9591
17674,9582
17675,9579
17676,9563
17677,9568
17678,9586
17679,9574
17680,9567
17681,9564
17682,9574
17683,9574
17684,9574
17685,9574
17686,9567
17687,9586
17688,9588
17689,9584
17690,9546
17691,9584
17692,9593
17693,9579
17694,9574
17695,9567
17696,9574
17697,9574
17698,9574
17699,9564
17700,9574
17701,9567
17702,9574
17703,9547
17704,9553
17705,9564
17706,9541
17707,9571
17708,9564
17709,9561
17710,9564
17711,9571
17712,9569
17713,9564
17714,9571
17715,9541
17716,9566
17717,9563
17718,9566
17719,9549
17720,9564
17721,9569
17722,9571
17723,9564
17724,9564
17725,9578
17726,9564
17727,9549
17728,9574
17729,9569
17730,9563
17731,9579
17732,9559
17733,9581
17734,9576
17735,9579
17736,9559
17737,9576
17738,9581
17739,9572
17740,9559
17741,9576
17742,9559
17743,9581
17744,9559
17745,9576
17746,9570
17747,9596
17748,9591
17749,9592
17750,9592
17751,9572
17752,9583
17753,9567
17754,9558
17755,9579
17756,9579
17757,9583
17758,9571
17759,9584
17760,9555
17761,9570
17762,9589
17763,9589
17764,9586
17765,9579
17766,9589
17767,9558
17768,9589
17769,9586
17770,9589
17771,9589
17772,9589
17773,9586
17774,9589
17775,9571
17776,9558
17777,9589
17778,9589
17779,9586
17780,9597
17781,9593
17782,9581
17783,9597
17784,9599
17785,9597
17786,9599
17787,9597
17788,9599
17789,9581
17790,9593
17791,9597
17792,9599
17793,9588
17794,9589
17795,9599
17796,9579
17797,9599
17798,9589
17799,9602
17800,9586
17801,9559
17802,9584
17803,9577
17804,9586
17805,9559
17806,9586
17807,9577
17808,9559
17809,9586
17810,9584
17811,9563
17812,9594
17813,9599
17814,9589
17815,9591
17816,9606
17817,9602
17818,9594
17819,9611
17820,9604
17821,9614
17822,9592
17823,9609
17824,9607
17825,9592
17826,9614
17827,9609
17828,9606
17829,9592
17830,9614
17831,9606
17832,9604
17833,9599
17834,9624
17835,9612
17836,9614
17837,9616
17838,9616
17839,9616
17840,9627
17841,9616
17842,9628
17843,9604
17844,9627
17845,9648
17846,9594
17847,9648
17848,9619
17849,9604
17850,9619
17851,9616
17852,9628
17853,9616
17854,9619
17855,9604
17856,9616
17857,9628
17858,9616
17859,9628
17860,9619
17861,9616
17862,9604
17863,9627
17864,9648
17865,9638
17866,9627
17867,9616
17868,9628
17869,9597
17870,9619
17871,9604
17872,9628
17873,9616
17874,9614
17875,9622
17876,9622
17877,9629
17878,9622
17879,9616
17880,9627
17881,9644
17882,9636
17883,9631
17884,9644
17885,9641
17886,9622
17887,9622
17888,9622
17889,9622
17890,9618
17891,9622
17892,9622
17893,9621
17894,9624
17895,9624
17896,9627
17897,9621
17898,9624
17899,9621
17900,9575
17901,9595
17902,9627
17903,9629
17904,9643
17905,9618
17906,9636
17907,9638
17908,9646
17909,9639
17910,9632
17911,9632
17912,9631
17913,9632
17914,9628
17915,9637
17916,9624
17917,9642
17918,9637
17919,9633
17920,9633
17921,9633
17922,9637
17923,9627
17924,9633
17925,9637
17926,9619
17927,9633
17928,9644
17929,9637
17930,9644
17931,9629
17932,9636
17933,9629
17934,9614
17935,9644
17936,9644
17937,9644
17938,9631
17939,9632
17940,9642
17941,9632
17942,9639
17943,9638
17944,9647
17945,9639
17946,9653
17947,9631
17948,9658
17949,9672
17950,9678
17951,9674
17952,9669
17953,9667
17954,9678
17955,9674
17956,9681
17957,9691
17958,9681
17959,9677
17960,9684
17961,9691
17962,9666
17963,9692
17964,9696
17965,9693
17966,9692
17967,9688
17968,9677
17969,9696
17970,9679
17971,9688
17972,9691
17973,9699
17974,9664
17975,9688
17976,9689
17977,9708
17978,9698
17979,9706
17980,9694
17981,9693
17982,9718
17983,9721
17984,9716
17985,9726
17986,9701
17987,9728
17988,9732
17989,9731
17990,9724
17991,9717
17992,9732
17993,9731
17994,9732
17995,9728
17996,9701
17997,9726
17998,9716
17999,9721
18000,9718
18001,9701
18002,9694
18003,9706
18004,9698
18005,9708
18006,9658
18007,9701
18008,9682
18009,9721
18010,9716
18011,9701
18012,9703
18013,9691
18014,9697
18015,9724
18016,9716
18017,9721
18018,9721
18019,9724
18020,9728
18021,9701
18022,9702
18023,9704
18024,9673
18025,9699
18026,9703
18027,9686
18028,9682
18029,9721
18030,9716
18031,9702
18032,9717
18033,9711
18034,9711
18035,9709
18036,9711
18037,9723
18038,9723
18039,9722
18040,9713
18041,9723
18042,9709
18043,9716
18044,9711
18045,9717
18046,9722
18047,9729
18048,9729
18049,9734
18050,9729
18051,9724
18052,9718
18053,9706
18054,9723
18055,9674
18056,9718
18057,9731
18058,9730
18059,9724
18060,9734
18061,9724
18062,9728
18063,9724
18064,9724
18065,9723
18066,9717
18067,9698
18068,9686
18069,9698
18070,9712
18071,9717
18072,9716
18073,9694
18074,9736
18075,9731
18076,9723
18077,9719
18078,9711
18079,9722
18080,9733
18081,9729
18082,9729
18083,9724
18084,9724
18085,9713
18086,9711
18087,9713
18088,9731
18089,9737
18090,9731
18091,9742
18092,9749
18093,9694
18094,9701
18095,9732
18096,9756
18097,9744
18098,9729
18099,9738
18100,9739
18101,9752
18102,9749
18103,9734
18104,9732
18105,9757
18106,9766
18107,9756
18108,9779
18109,9769
18110,9779
18111,9769
18112,9779
18113,9749
18114,9766
18115,9779
18116,9769
18117,9779
18118,9769
18119,9779
18120,9769
18121,9779
18122,9749
18123,9774
18124,9764
18125,9789
18126,9769
18127,9768
18128,9773
18129,9778
18130,9781
18131,9784
18132,9774
18133,9766
18134,9766
18135,9769
18136,9778
18137,9779
18138,9782
18139,9768
18140,9782
18141,9762
18142,9768
18143,9781
18144,9791
18145,9784
18146,9788
18147,9794
18148,9782
18149,9794
18150,9783
18151,9787
18152,9786
18153,9794
18154,9783
18155,9794
18156,9783
18157,9787
18158,9783
18159,9794
18160,9783
18161,9792
18162,9782
18163,9787
18164,9783
18165,9794
18166,9783
18167,9787
18168,9783
18169,9778
18170,9787
18171,9783
18172,9794
18173,9783
18174,9787
18175,9783
18176,9794
18177,9782
18178,9792
18179,9783
18180,9787
18181,9783
18182,9804
18183,9811
18184,9811
18185,9805
18186,9811
18187,9771
18188,9809
18189,9808
18190,9792
18191,9809
18192,9799
18193,9808
18194,9809
18195,9771
18196,9811
18197,9796
18198,9799
18199,9771
18200,9799
18201,9799
18202,9768
18203,9771
18204,9799
18205,9771
18206,9778
18207,9813
18208,9818
18209,9806
18210,9816
18211,9794
18212,9806
18213,9789
18214,9798
18215,9806
18216,9809
18217,9813
18218,9819
18219,9805
18220,9804
18221,9838
18222,9814
18223,9808
18224,9803
18225,9830
18226,9841
18227,9818
18228,9844
18229,9841
18230,9841
18231,9844
18232,9818
18233,9841
18234,9844
18235,9841
18236,9818
18237,9841
18238,9844
18239,9841
18240,9818
18241,9844
18242,9834
18243,9839
18244,9867
18245,9852
18246,9854
18247,9847
18248,9867
18249,9853
18250,9838
18251,9873
18252,9867
18253,9857
18254,9869
18255,9877
18256,9887
18257,9873
18258,9887
18259,9862
18260,9877
18261,9873
18262,9887
18263,9868
18264,9868
18265,9831
18266,9868
18267,9854
18268,9876
18269,9869
18270,9882
18271,9874
18272,9877
18273,9874
18274,9894
18275,9894
18276,9896
18277,9886
18278,9874
18279,9894
18280,9878
18281,9894
18282,9906
18283,9917
18284,9894
18285,9917
18286,9892
18287,9894
18288,9874
18289,9892
18290,9892
18291,9907
18292,9894
18293,9892
18294,9901
18295,9892
18296,9894
18297,9892
18298,9907
18299,9892
18300,9874
18301,9892
18302,9894
18303,9901
18304,9892
18305,9907
18306,9878
18307,9908
18308,9896
18309,9908
18310,9901
18311,9908
18312,9870
18313,9911
18314,9901
18315,9899
18316,9911
18317,9898
18318,9888
18319,9922
18320,9896
18321,9906
18322,9922
18323,9922
18324,9908
18325,9922
18326,9906
18327,9922
18328,9871
18329,9922
18330,9908
18331,9922
18332,9906
18333,9914
18334,9904
18335,9872
18336,9884
18337,9906
18338,9906
18339,9916
18340,9914
18341,9888
18342,9906
18343,9911
18344,9912
18345,9911
18346,9906
18347,9901
18348,9911
18349,9906
18350,9912
18351,9911
18352,9898
18353,9886
18354,9904
18355,9886
18356,9914
18357,9927
18358,9916
18359,9899
18360,9914
18361,9927
18362,9916
18363,9926
18364,9918
18365,9916
18366,9926
18367,9916
18368,9927
18369,9914
18370,9927
18371,9916
18372,9899
18373,9914
18374,9916
18375,9927
18376,9914
18377,9884
18378,9924
18379,9931
18380,9934
18381,9924
18382,9919
18383,9930
18384,9934
18385,9930
18386,9924
18387,9934
18388,9930
18389,9913
18390,9934
18391,9930
18392,9941
18393,9937
18394,9927
18395,9931
18396,9927
18397,9937
18398,9907
18399,9934
18400,9936
18401,9929
18402,9920
18403,9928
18404,9937
18405,9944
18406,9924
18407,9944
18408,9942
18409,9944
18410,9948
18411,9944
18412,9929
18413,9944
18414,9939
18415,9944
18416,9929
18417,9939
18418,9924
18419,9944
18420,9942
18421,9944
18422,9916
18423,9944
18424,9942
18425,9929
18426,9935
18427,9934
18428,9947
18429,9961
18430,9934
18431,9937
18432,9944
18433,9953
18434,9959
18435,9938
18436,9972
18437,9981
18438,9958
18439,9969
18440,9918
18441,9957
18442,9958
18443,9974
18444,9974
18445,9974
18446,9944
18447,9974
18448,9969
18449,9948
18450,9981
18451,9958
18452,9948
18453,9974
18454,9978
18455,9974
18456,9965
18457,9944
18458,9987
18459,9982
18460,9993
18461,9974
18462,9977
18463,9992
18464,10000
18465,10003
18466,10004
18467,9982
18468,10004
18469,10004
18470,9985
18471,10003
18472,10004
18473,9982
18474,10014
18475,10004
18476,10013
18477,10015
18478,10019
18479,10028
18480,10022
18481,10017
18482,10018
18483,10017
18484,10015
18485,10016
18486,10002
18487,10032
18488,10019
18489,10032
18490,10032
18491,10017
18492,10011
18493,10017
18494,10019
18495,10019
18496,9988
18497,10022
18498,10017
18499,10022
18500,10033
18501,10004
18502,10024
18503,10019
18504,10041
18505,10027
18506,10031
18507,10024
18508,10031
18509,10027
18510,10024
18511,10043
18512,10038
18513,10034
18514,10028
18515,10029
18516,10028
18517,10028
18518,10029
18519,10028
18520,10029
18521,10028
18522,10034
18523,10047
18524,10039
18525,10022
18526,10047
18527,10047
18528,10042
18529,10047
18530,10039
18531,10034
18532,10028
18533,10028
18534,10029
18535,10028
18536,10029
18537,9994
18538,10028
18539,10028
18540,10029
18541,10028
18542,10025
18543,10049
18544,10032
18545,10044
18546,10024
18547,10051
18548,10039
18549,10044
18550,10057
18551,10039
18552,10051
18553,10044
18554,10039
18555,10057
18556,10039
18557,9988
18558,10061
18559,10029
18560,10022
18561,10049
18562,10037
18563,10032
18564,10049
18565,10044
18566,10034
18567,10053
18568,10058
18569,10056
18570,10029
18571,10061
18572,10069
18573,10061
18574,10029
18575,10063
18576,10049
18577,10062
18578,10068
18579,10064
18580,10065
18581,10054
18582,10064
18583,10065
18584,10069
18585,10073
18586,10079
18587,10066
18588,10079
18589,10066
18590,10073
18591,10079
18592,10066
18593,10062
18594,10064
18595,10061
18596,10068
18597,10070
18598,10060
18599,10047
18600,10083
18601,10059
18602,10073
18603,10069
18604,10083
18605,10067
18606,10065
18607,10083
18608,10068
18609,10058
18610,10059
18611,10058
18612,10067
18613,10059
18614,10068
18615,10049
18616,10075
18617,10019
18618,10056
18619,10062
18620,10069
18621,10071
18622,10068
18623,10073
18624,10041
18625,10079
18626,10073
18627,10064
18628,10041
18629,10073
18630,10068
18631,10073
18632,10079
18633,10075
18634,10061
18635,10067
18636,10066
18637,10051
18638,10061
18639,10077
18640,10083
18641,10059
18642,10064
18643,10058
18644,10059
18645,10083
18646,10078
18647,10061
18648,10074
18649,10073
18650,10082
18651,10089
18652,10097
18653,10078
18654,10082
18655,10093
18656,10094
18657,10089
18658,10099
18659,10089
18660,10092
18661,10097
18662,10085
18663,10085
18664,10096
18665,10085
18666,10091
18667,10087
18668,10079
18669,10060
18670,10087
18671,10084
18672,10079
18673,10094
18674,10087
18675,10060
18676,10079
18677,10084
18678,10106
18679,10093
18680,10089
18681,10096
18682,10089
18683,10078
18684,10101
18685,10098
18686,10092
18687,10098
18688,10115
18689,10117
18690,10123
18691,10087
18692,10104
18693,10087
18694,10109
18695,10112
18696,10109
18697,10098
18698,10121
18699,10104
18700,10113
18701,10123
18702,10097
18703,10107
18704,10131
18705,10122
18706,10132
18707,10114
18708,10122
18709,10121
18710,10123
18711,10123
18712,10099
18713,10131
18714,10124
18715,10113
18716,10131
18717,10113
18718,10131
18719,10113
18720,10131
18721,10107
18722,10113
18723,10131
18724,10143
18725,10142
18726,10130
18727,10130
18728,10139
18729,10142
18730,10129
18731,10130
18732,10142
18733,10134
18734,10135
18735,10138
18736,10143
18737,10135
18738,10143
18739,10135
18740,10132
18741,10132
18742,10149
18743,10162
18744,10154
18745,10144
18746,10167
18747,10138
18748,10154
18749,10157
18750,10173
18751,10167
18752,10160
18753,10158
18754,10151
18755,10159
18756,10173
18757,10187
18758,10183
18759,10187
18760,10158
18761,10187
18762,10183
18763,10152
18764,10187
18765,10180
18766,10174
18767,10183
18768,10198
18769,10185
18770,10193
18771,10162
18772,10193
18773,10203
18774,10193
18775,10201
18776,10196
18777,10216
18778,10207
18779,10223
18780,10211
18781,10203
18782,10184
18783,10201
18784,10202
18785,10201
18786,10193
18787,10201
18788,10187
18789,10201
18790,10214
18791,10225
18792,10222
18793,10212
18794,10209
18795,10225
18796,10204
18797,10222
18798,10225
18799,10228
18800,10231
18801,10232
18802,10229
18803,10198
18804,10232
18805,10231
18806,10228
18807,10222
18808,10225
18809,10196
18810,10198
18811,10225
18812,10222
18813,10194
18814,10213
18815,10232
18816,10222
18817,10192
18818,10204
18819,10222
18820,10233
18821,10222
18822,10230
18823,10208
18824,10203
18825,10203
18826,10208
18827,10212
18828,10211
18829,10203
18830,10229
18831,10195
18832,10228
18833,10234
18834,10195
18835,10219
18836,10203
18837,10224
18838,10243
18839,10232
18840,10243
18841,10232
18842,10208
18843,10230
18844,10243
18845,10229
18846,10243
18847,10232
18848,10243
18849,10232
18850,10203
18851,10243
18852,10208
18853,10232
18854,10243
18855,10230
18856,10243
18857,10232
18858,10217
18859,10214
18860,10226
18861,10222
18862,10213
18863,10229
18864,10231
18865,10256
18866,10233
18867,10256
18868,10233
18869,10247
18870,10233
18871,10256
18872,10247
18873,10249
18874,10263
18875,10239
18876,10249
18877,10263
18878,10254
18879,10250
18880,10259
18881,10234
18882,10250
18883,10241
18884,10242
18885,10229
18886,10247
18887,10262
18888,10259
18889,10258
18890,10259
18891,10247
18892,10262
18893,10258
18894,10259
18895,10247
18896,10258
18897,10259
18898,10262
18899,10265
18900,10265
18901,10277
18902,10277
18903,10266
18904,10281
18905,10281
18906,10289
18907,10296
18908,10271
18909,10289
18910,10291
18911,10290
18912,10269
18913,10264
18914,10288
18915,10290
18916,10269
18917,10283
18918,10290
18919,10243
18920,10269
18921,10261
18922,10268
18923,10261
18924,10288
18925,10275
18926,10251
18927,10289
18928,10281
18929,10251
18930,10275
18931,10251
18932,10253
18933,10287
18934,10292
18935,10281
18936,10294
18937,10281
18938,10281
18939,10294
18940,10281
18941,10282
18942,10289
18943,10256
18944,10260
18945,10254
18946,10289
18947,10296
18948,10268
18949,10289
18950,10284
18951,10296
18952,10289
18953,10296
18954,10289
18955,10237
18956,10296
18957,10273
18958,10262
18959,10257
18960,10267
18961,10248
18962,10257
18963,10257
18964,10284
18965,10293
18966,10290
18967,10282
18968,10307
18969,10298
18970,10288
18971,10277
18972,10294
18973,10287
18974,10292
18975,10279
18976,10274
18977,10298
18978,10299
18979,10287
18980,10290
18981,10273
18982,10292
18983,10269
18984,10259
18985,10264
18986,10292
18987,10273
18988,10259
18989,10269
18990,10292
18991,10293
18992,10289
18993,10276
18994,10276
18995,10289
18996,10292
18997,10269
18998,10293
18999,10299
19000,10300
19001,10283
19002,10297
19003,10300
19004,10298
19005,10283
19006,10300
19007,10297
19008,10298
19009,10300
19010,10297
19011,10283
19012,10300
19013,10264
19014,10300
19015,10297
19016,10300
19017,10283
19018,10293
19019,10283
19020,10309
19021,10314
19022,10318
19023,10323
19024,10304
19025,10314
19026,10323
19027,10316
19028,10289
19029,10323
19030,10314
19031,10316
19032,10323
19033,10314
19034,10323
19035,10313
19036,10327
19037,10324
19038,10318
19039,10332
19040,10324
19041,10327
19042,10332
19043,10324
19044,10332
19045,10327
19046,10323
19047,10329
19048,10333
19049,10323
19050,10333
19051,10323
19052,10329
19053,10333
19054,10333
19055,10313
19056,10289
19057,10312
19058,10302
19059,10312
19060,10317
19061,10334
19062,10334
19063,10326
19064,10283
19065,10334
19066,10334
19067,10275
19068,10328
19069,10343
19070,10341
19071,10329
19072,10334
19073,10342
19074,10337
19075,10338
19076,10337
19077,10335
19078,10344
19079,10348
19080,10354
19081,10357
19082,10354
19083,10357
19084,10344
19085,10354
19086,10354
19087,10348
19088,10357
19089,10344
19090,10354
19091,10342
19092,10356
19093,10357
19094,10354
19095,10359
19096,10335
19097,10348
19098,10328
19099,10335
19100,10345
19101,10359
19102,10359
19103,10343
19104,10359
19105,10353
19106,10349
19107,10359
19108,10358
19109,10339
19110,10358
19111,10315
19112,10358
19113,10352
19114,10324
19115,10377
19116,10367
19117,10361
19118,10377
19119,10367
19120,10377
19121,10361
19122,10324
19123,10367
19124,10349
19125,10350
19126,10377
19127,10361
19128,10377
19129,10373
19130,10383
19131,10374
19132,10379
19133,10383
19134,10359
19135,10366
19136,10366
19137,10357
19138,10359
19139,10366
19140,10368
19141,10392
19142,10378
19143,10394
19144,10392
19145,10368
19146,10366
19147,10361
19148,10383
19149,10377
19150,10384
19151,10361
19152,10369
19153,10383
19154,10377
19155,10384
19156,10378
19157,10394
19158,10363
19159,10382
19160,10397
19161,10372
19162,10389
19163,10389
19164,10404
19165,10389
19166,10402
19167,10363
19168,10394
19169,10389
19170,10363
19171,10394
19172,10400
19173,10408
19174,10418
19175,10398
19176,10422
19177,10420
19178,10422
19179,10420
19180,10422
19181,10413
19182,10414
19183,10398
19184,10414
19185,10397
19186,10399
19187,10418
19188,10421
19189,10399
19190,10418
19191,10413
19192,10422
19193,10402
19194,10402
19195,10386
19196,10402
19197,10422
19198,10402
19199,10402
19200,10402
19201,10422
19202,10402
19203,10402
19204,10404
19205,10416
19206,10383
19207,10409
19208,10410
19209,10397
19210,10414
19211,10414
19212,10398
19213,10397
19214,10414
19215,10400
19216,10414
19217,10386
19218,10406
19219,10393
19220,10418
19221,10421
19222,10418
19223,10406
19224,10384
19225,10393
19226,10378
19227,10380
19228,10409
19229,10378
19230,10409
19231,10380
19232,10393
19233,10378
19234,10409
19235,10379
19236,10415
19237,10410
19238,10431
19239,10399
19240,10431
19241,10427
19242,10399
19243,10427
19244,10419
19245,10427
19246,10403
19247,10419
19248,10420
19249,10433
19250,10413
19251,10427
19252,10398
19253,10410
19254,10413
19255,10408
19256,10419
19257,10410
19258,10398
19259,10413
19260,10408
19261,10427
19262,10433
19263,10431
19264,10413
19265,10435
19266,10433
19267,10413
19268,10433
19269,10413
19270,10431
19271,10433
19272,10413
19273,10433
19274,10413
19275,10435
19276,10424
19277,10413
19278,10431
19279,10434
19280,10428
19281,10436
19282,10449
19283,10439
19284,10434
19285,10424
19286,10413
19287,10431
19288,10424
19289,10413
19290,10409
19291,10424
19292,10413
19293,10431
19294,10424
19295,10413
19296,10439
19297,10439
19298,10415
19299,10439
19300,10444
19301,10439
19302,10415
19303,10434
19304,10439
19305,10399
19306,10409
19307,10450
19308,10434
19309,10443
19310,10409
19311,10450
19312,10443
19313,10449
19314,10454
19315,10439
19316,10454
19317,10449
19318,10434
19319,10409
19320,10450
19321,10434
19322,10434
19323,10409
19324,10450
19325,10399
19326,10439
19327,10415
19328,10434
19329,10439
19330,10444
19331,10439
19332,10415
19333,10439
19334,10442
19335,10447
19336,10444
19337,10416
19338,10443
19339,10450
19340,10409
19341,10434
19342,10444
19343,10413
19344,10431
19345,10433
19346,10428
19347,10413
19348,10408
19349,10398
19350,10410
19351,10419
19352,10413
19353,10408
19354,10403
19355,10398
19356,10428
19357,10413
19358,10424
19359,10429
19360,10443
19361,10416
19362,10443
19363,10428
19364,10427
19365,10395
19366,10419
19367,10427
19368,10419
19369,10403
19370,10419
19371,10427
19372,10427
19373,10428
19374,10443
19375,10399
19376,10420
19377,10408
19378,10410
19379,10398
19380,10417
19381,10408
19382,10410
19383,10398
19384,10413
19385,10408
19386,10410
19387,10398
19388,10410
19389,10408
19390,10413
19391,10398
19392,10410
19393,10408
19394,10398
19395,10410
19396,10413
19397,10417
19398,10408
19399,10398
19400,10410
19401,10429
19402,10413
19403,10433
19404,10413
19405,10431
19406,10433
19407,10413
19408,10433
19409,10413
19410,10419
19411,10423
19412,10437
19413,10444
19414,10457
19415,10454
19416,10448
19417,10448
19418,10454
19419,10448
19420,10448
19421,10448
19422,10436
19423,10444
19424,10405
19425,10444
19426,10436
19427,10444
19428,10413
19429,10449
19430,10443
19431,10454
19432,10443
19433,10443
19434,10454
19435,10422
19436,10443
19437,10413
19438,10444
19439,10432
19440,10400
19441,10406
19442,10438
19443,10443
19444,10438
19445,10400
19446,10438
19447,10406
19448,10443
19449,10438
19450,10419
19451,10431
19452,10407
19453,10424
19454,10431
19455,10407
19456,10416
19457,10441
19458,10444
19459,10406
19460,10441
19461,10416
19462,10407
19463,10431
19464,10424
19465,10443
19466,10452
19467,10431
19468,10447
19469,10434
19470,10428
19471,10427
19472,10415
19473,10434
19474,10434
19475,10428
19476,10447
19477,10452
19478,10431
19479,10443
19480,10407
19481,10424
19482,10431
19483,10408
19484,10444
19485,10441
19486,10406
19487,10441
19488,10416
19489,10398
19490,10431
19491,10424
19492,10398
19493,10431
19494,10443
19495,10444
19496,10444
19497,10453
19498,10442
19499,10453
19500,10453
19501,10448
19502,10453
19503,10431
19504,10448
19505,10444
19506,10458
19507,10458
19508,10448
19509,10413
19510,10458
19511,10440
19512,10447
19513,10463
19514,10459
19515,10460
19516,10478
19517,10454
19518,10469
19519,10458
19520,10469
19521,10468
19522,10449
19523,10469
19524,10472
19525,10471
19526,10468
19527,10474
19528,10471
19529,10465
19530,10462
19531,10464
19532,10459
19533,10458
19534,10462
19535,10464
19536,10464
19537,10455
19538,10474
19539,10467
19540,10478
19541,10464
19542,10469
19543,10482
19544,10474
19545,10469
19546,10482
19547,10482
19548,10469
19549,10491
19550,10492
19551,10500
19552,10503
19553,10489
19554,10492
19555,10493
19556,10494
19557,10507
19558,10493
19559,10471
19560,10507
19561,10493
19562,10463
19563,10504
19564,10512
19565,10513
19566,10499
19567,10494
19568,10503
19569,10489
19570,10494
19571,10483
19572,10503
19573,10494
19574,10489
19575,10485
19576,10483
19577,10494
19578,10489
19579,10503
19580,10503
19581,10516
19582,10512
19583,10490
19584,10516
19585,10499
19586,10512
19587,10497
19588,10487
19589,10496
19590,10503
19591,10487
19592,10496
19593,10497
19594,10516
19595,10490
19596,10512
19597,10491
19598,10516
19599,10490
19600,10512
19601,10503
19602,10494
19603,10483
19604,10503
19605,10489
19606,10494
19607,10503
19608,10483
19609,10489
19610,10494
19611,10485
19612,10489
19613,10494
19614,10483
19615,10503
19616,10499
19617,10504
19618,10504
19619,10499
19620,10508
19621,10475
19622,10504
19623,10501
19624,10504
19625,10508
19626,10500
19627,10501
19628,10504
19629,10505
19630,10483
19631,10512
19632,10517
19633,10483
19634,10518
19635,10483
19636,10517
19637,10509
19638,10504
19639,10516
19640,10512
19641,10494
19642,10518
19643,10529
19644,10534
19645,10512
19646,10490
19647,10523
19648,10537
19649,10524
19650,10534
19651,10518
19652,10517
19653,10518
19654,10518
19655,10494
19656,10517
19657,10517
19658,10518
19659,10529
19660,10520
19661,10538
19662,10529
19663,10547
19664,10547
19665,10548
19666,10532
19667,10523
19668,10547
19669,10550
19670,10528
19671,10518
19672,10543
19673,10528
19674,10518
19675,10543
19676,10528
19677,10555
19678,10566
19679,10547
19680,10548
19681,10528
19682,10518
19683,10543
19684,10528
19685,10518
19686,10543
19687,10528
19688,10528
19689,10518
19690,10543
19691,10528
19692,10518
19693,10528
19694,10543
19695,10528
19696,10518
19697,10543
19698,10528
19699,10556
19700,10533
19701,10548
19702,10525
19703,10533
19704,10548
19705,10528
19706,10563
19707,10559
19708,10563
19709,10563
19710,10554
19711,10560
19712,10556
19713,10553
19714,10533
19715,10556
19716,10532
19717,10564
19718,10572
19719,10557
19720,10574
19721,10576
19722,10579
19723,10577
19724,10584
19725,10562
19726,10577
19727,10579
19728,10577
19729,10584
19730,10579
19731,10484
19732,10577
19733,10579
19734,10577
19735,10577
19736,10579
19737,10578
19738,10592
19739,10589
19740,10586
19741,10589
19742,10592
19743,10549
19744,10586
19745,10589
19746,10575
19747,10593
19748,10594
19749,10588
19750,10577
19751,10577
19752,10579
19753,10558
19754,10584
19755,10577
19756,10579
19757,10578
19758,10592
19759,10589
19760,10594
19761,10568
19762,10599
19763,10602
19764,10593
19765,10602
19766,10597
19767,10602
19768,10585
19769,10584
19770,10583
19771,10568
19772,10604
19773,10604
19774,10584
19775,10609
19776,10593
19777,10604
19778,10599
19779,10607
19780,10612
19781,10599
19782,10613
19783,10607
19784,10618
19785,10588
19786,10612
19787,10607
19788,10588
19789,10599
19790,10583
19791,10600
19792,10609
19793,10612
19794,10599
19795,10599
19796,10619
19797,10622
19798,10614
19799,10619
19800,10622
19801,10594
19802,10613
19803,10600
19804,10557
19805,10603
19806,10603
19807,10603
19808,10633
19809,10629
19810,10623
19811,10603
19812,10633
19813,10603
19814,10603
19815,10622
19816,10600
19817,10623
19818,10628
19819,10632
19820,10622
19821,10628
19822,10632
19823,10623
19824,10633
19825,10617
19826,10614
19827,10614
19828,10614
19829,10608
19830,10617
19831,10614
19832,10613
19833,10614
19834,10614
19835,10617
19836,10614
19837,10633
19838,10623
19839,10632
19840,10628
19841,10617
19842,10613
19843,10633
19844,10623
19845,10629
19846,10613
19847,10633
19848,10600
19849,10599
19850,10612
19851,10603
19852,10632
19853,10623
19854,10628
19855,10632
19856,10628
19857,10622
19858,10603
19859,10599
19860,10585
19861,10612
19862,10629
19863,10628
19864,10633
19865,10626
19866,10627
19867,10634
19868,10637
19869,10634
19870,10638
19871,10634
19872,10648
19873,10639
19874,10637
19875,10639
19876,10639
19877,10649
19878,10640
19879,10637
19880,10639
19881,10639
19882,10649
19883,10639
19884,10648
19885,10634
19886,10629
19887,10634
19888,10634
19889,10638
19890,10627
19891,10633
19892,10628
19893,10626
19894,10617
19895,10633
19896,10625
19897,10626
19898,10617
19899,10633
19900,10484
19901,10625
19902,10628
19903,10633
19904,10617
19905,10626
19906,10633
19907,10622
19908,10641
19909,10640
19910,10624
19911,10640
19912,10641
19913,10628
19914,10640
19915,10624
19916,10623
19917,10613
19918,10618
19919,10621
19920,10626
19921,10625
19922,10628
19923,10633
19924,10623
19925,10644
19926,10638
19927,10644
19928,10644
19929,10632
19930,10647
19931,10649
19932,10649
19933,10649
19934,10649
19935,10643
19936,10649
19937,10647
19938,10644
19939,10638
19940,10644
19941,10639
19942,10644
19943,10622
19944,10618
19945,10620
19946,10643
19947,10624
19948,10650
19949,10654
19950,10650
19951,10618
19952,10662
19953,10653
19954,10653
19955,10632
19956,10650
19957,10654
19958,10664
19959,10670
19960,10654
19961,10653
19962,10632
19963,10650
19964,10653
19965,10664
19966,10658
19967,10668
19968,10670
19969,10658
19970,10674
19971,10670
19972,10689
19973,10675
19974,10683
19975,10686
19976,10685
19977,10675
19978,10683
19979,10704
19980,10689
19981,10692
19982,10687
19983,10694
19984,10680
19985,10680
19986,10674
19987,10663
19988,10680
19989,10680
19990,10672
19991,10679
19992,10680
19993,10690
19994,10692
19995,10703
19996,10696
19997,10692
19998,10694
19999,10700
20000,10705
20001,10688
20002,10698
20003,10696
20004,10704
20005,10705
20006,10696
20007,10705
20008,10704
20009,10700
20010,10692
20011,10703
20012,10692
20013,10696
20014,10694
20015,10692
20016,10679
20017,10694
20018,10684
20019,10683
20020,10688
20021,10694
20022,10683
20023,10684
20024,10700
20025,10708
20026,10714
20027,10703
20028,10712
20029,10709
20030,10715
20031,10693
20032,10704
20033,10715
20034,10709
20035,10702
20036,10704
20037,10709
20038,10715
20039,10678
20040,10704
20041,10709
20042,10715
20043,10693
20044,10712
20045,10715
20046,10709
20047,10712
20048,10715
20049,10674
20050,10703
20051,10692
20052,10692
20053,10696
20054,10694
20055,10677
20056,10703
20057,10694
20058,10703
20059,10703
20060,10703
20061,10699
20062,10679
20063,10695
20064,10680
20065,10708
20066,10716
20067,10714
20068,10666
20069,10722
20070,10708
20071,10708
20072,10719
20073,10714
20074,10713
20075,10714
20076,10713
20077,10724
20078,10714
20079,10719
20080,10722
20081,10708
20082,10719
20083,10722
20084,10724
20085,10714
20086,10733
20087,10738
20088,10744
20089,10742
20090,10748
20091,10745
20092,10730
20093,10719
20094,10740
20095,10724
20096,10743
20097,10724
20098,10714
20099,10744
20100,10754
20101,10747
20102,10720
20103,10760
20104,10736
20105,10758
20106,10744
20107,10742
20108,10737
20109,10732
20110,10738
20111,10760
20112,10741
20113,10720
20114,10748
20115,10754
20116,10724
20117,10742
20118,10754
20119,10732
20120,10742
20121,10730
20122,10762
20123,10749
20124,10762
20125,10754
20126,10762
20127,10749
20128,10742
20129,10762
20130,10754
20131,10762
20132,10749
20133,10749
20134,10747
20135,10754
20136,10754
20137,10754
20138,10749
20139,10764
20140,10767
20141,10769
20142,10749
20143,10769
20144,10769
20145,10767
20146,10748
20147,10769
20148,10764
20149,10754
20150,10762
20151,10749
20152,10712
20153,10760
20154,10744
20155,10760
20156,10743
20157,10760
20158,10742
20159,10760
20160,10744
20161,10743
20162,10760
20163,10760
20164,10734
20165,10743
20166,10727
20167,10737
20168,10742
20169,10742
20170,10759
20171,10759
20172,10749
20173,10747
20174,10759
20175,10759
20176,10743
20177,10739
20178,10753
20179,10754
20180,10764
20181,10771
20182,10766
20183,10771
20184,10749
20185,10771
20186,10744
20187,10771
20188,10766
20189,10748
20190,10763
20191,10740
20192,10742
20193,10762
20194,10762
20195,10780
20196,10734
20197,10774
20198,10765
20199,10754
20200,10777
20201,10765
20202,10747
20203,10765
20204,10754
20205,10777
20206,10765
20207,10774
20208,10769
20209,10765
20210,10754
20211,10774
20212,10765
20213,10777
20214,10762
20215,10754
20216,10765
20217,10777
20218,10774
20219,10754
20220,10765
20221,10765
20222,10777
20223,10757
20224,10784
20225,10781
20226,10774
20227,10775
20228,10772
20229,10762
20230,10784
20231,10775
20232,10764
20233,10784
20234,10775
20235,10784
20236,10797
20237,10748
20238,10767
20239,10797
20240,10788
20241,10803
20242,10804
20243,10809
20244,10812
20245,10821
20246,10802
20247,10818
20248,10823
20249,10794
20250,10787
20251,10812
20252,10812
20253,10809
20254,10812
20255,10804
20256,10795
20257,10820
20258,10822
20259,10798
20260,10798
20261,10780
20262,10814
20263,10798
20264,10773
20265,10780
20266,10798
20267,10814
20268,10780
20269,10823
20270,10794
20271,10812
20272,10815
20273,10794
20274,10812
20275,10815
20276,10823
20277,10798
20278,10780
20279,10814
20280,10798
20281,10780
20282,10813
20283,10798
20284,10808
20285,10820
20286,10819
20287,10801
20288,10820
20289,10819
20290,10828
20291,10814
20292,10822
20293,10822
20294,10837
20295,10845
20296,10829
20297,10845
20298,10829
20299,10823
20300,10845
20301,10829
20302,10829
20303,10845
20304,10829
20305,10837
20306,10840
20307,10814
20308,10844
20309,10826
20310,10844
20311,10825
20312,10820
20313,10844
20314,10837
20315,10845
20316,10829
20317,10829
20318,10845
20319,10829
20320,10820
20321,10845
20322,10823
20323,10829
20324,10845
20325,10829
20326,10838
20327,10844
20328,10852
20329,10844
20330,10850
20331,10840
20332,10825
20333,10844
20334,10850
20335,10853
20336,10860
20337,10857
20338,10838
20339,10839
20340,10860
20341,10847
20342,10857
20343,10860
20344,10857
20345,10860
20346,10838
20347,10860
20348,10861
20349,10864
20350,10859
20351,10858
20352,10867
20353,10854
20354,10822
20355,10865
20356,10850
20357,10859
20358,10865
20359,10864
20360,10859
20361,10859
20362,10834
20363,10848
20364,10855
20365,10834
20366,10848
20367,10834
20368,10864
20369,10852
20370,10866
20371,10867
20372,10852
20373,10866
20374,10839
20375,10866
20376,10852
20377,10867
20378,10842
20379,10812
20380,10866
20381,10852
20382,10867
20383,10866
20384,10852
20385,10866
20386,10849
20387,10866
20388,10858
20389,10867
20390,10849
20391,10867
20392,10852
20393,10867
20394,10835
20395,10852
20396,10867
20397,10867
20398,10852
20399,10864
20400,10869
20401,10865
20402,10849
20403,10869
20404,10869
20405,10865
20406,10859
20407,10869
20408,10858
20409,10858
20410,10852
20411,10853
20412,10850
20413,10844
20414,10848
20415,10853
20416,10847
20417,10844
20418,10848
20419,10864
20420,10862
20421,10843
20422,10862
20423,10864
20424,10844
20425,10848
20426,10843
20427,10853
20428,10848
20429,10844
20430,10828
20431,10857
20432,10845
20433,10854
20434,10845
20435,10839
20436,10867
20437,10822
20438,10859
20439,10844
20440,10859
20441,10872
20442,10823
20443,10845
20444,10864
20445,10878
20446,10870
20447,10867
20448,10858
20449,10857
20450,10867
20451,10864
20452,10873
20453,10869
20454,10888
20455,10860
20456,10864
20457,10888
20458,10854
20459,10859
20460,10854
20461,10883
20462,10859
20463,10887
20464,10890
20465,10879
20466,10884
20467,10885
20468,10894
20469,10874
20470,10892
20471,10887
20472,10880
20473,10874
20474,10894
20475,10889
20476,10865
20477,10857
20478,10883
20479,10882
20480,10875
20481,10884
20482,10875
20483,10884
20484,10904
20485,10907
20486,10893
20487,10917
20488,10893
20489,10882
20490,10917
20491,10889
20492,10882
20493,10897
20494,10907
20495,10917
20496,10917
20497,10907
20498,10917
20499,10903
20500,10893
20501,10917
20502,10909
20503,10889
20504,10893
20505,10917
20506,10893
20507,10902
20508,10898
20509,10904
20510,10894
20511,10904
20512,10894
20513,10904
20514,10882
20515,10883
20516,10877
20517,10874
20518,10883
20519,10888
20520,10884
20521,10894
20522,10883
20523,10874
20524,10887
20525,10884
20526,10872
20527,10887
20528,10887
20529,10872
20530,10887
20531,10900
20532,10888
20533,10903
20534,10888
20535,10888
20536,10903
20537,10884
20538,10888
20539,10902
20540,10887
20541,10884
20542,10900
20543,10887
20544,10904
20545,10874
20546,10877
20547,10904
20548,10884
20549,10874
20550,10888
20551,10904
20552,10892
20553,10874
20554,10904
20555,10878
20556,10904
20557,10874
20558,10888
20559,10904
20560,10874
20561,10904
20562,10888
20563,10880
20564,10909
20565,10899
20566,10915
20567,10899
20568,10903
20569,10880
20570,10924
20571,10897
20572,10917
20573,10914
20574,10910
20575,10884
20576,10914
20577,10914
20578,10888
20579,10910
20580,10909
20581,10915
20582,10910
20583,10918
20584,10910
20585,10918
20586,10914
20587,10918
20588,10910
20589,10924
20590,10899
20591,10928
20592,10932
20593,10943
20594,10938
20595,10920
20596,10944
20597,10942
20598,10942
20599,10938
20600,10944
20601,10934
20602,10935
20603,10942
20604,10929
20605,10935
20606,10929
20607,10942
20608,10929
20609,10927
20610,10935
20611,10942
20612,10928
20613,10942
20614,10916
20615,10942
20616,10935
20617,10942
20618,10939
20619,10916
20620,10942
20621,10935
20622,10942
20623,10934
20624,10929
20625,10948
20626,10942
20627,10948
20628,10944
20629,10941
20630,10935
20631,10944
20632,10953
20633,10938
20634,10938
20635,10944
20636,10953
20637,10941
20638,10938
20639,10948
20640,10944
20641,10959
20642,10969
20643,10929
20644,10959
20645,10948
20646,10929
20647,10944
20648,10964
20649,10960
20650,10949
20651,10953
20652,10948
20653,10954
20654,10958
20655,10963
20656,10965
20657,10972
20658,10958
20659,10964
20660,10964
20661,10972
20662,10960
20663,10963
20664,10933
20665,10935
20666,10963
20667,10933
20668,10963
20669,10954
20670,10974
20671,10939
20672,10974
20673,10958
20674,10987
20675,10982
20676,10978
20677,10987
20678,10982
20679,10987
20680,10938
20681,10982
20682,10987
20683,10978
20684,10964
20685,10987
20686,10982
20687,10975
20688,10977
20689,10983
20690,10980
20691,10980
20692,10978
20693,10945
20694,10973
20695,10980
20696,10978
20697,10967
20698,10979
20699,10980
20700,10978
20701,10989
20702,10990
20703,10990
20704,10990
20705,10990
20706,10992
20707,10982
20708,10969
20709,10982
20710,10969
20711,10938
20712,10958
20713,10953
20714,10994
20715,10982
20716,10989
20717,10989
20718,10968
20719,10975
20720,10979
20721,10979
20722,10985
20723,10979
20724,10989
20725,10978
20726,10968
20727,10969
20728,10970
20729,11003
20730,10995
20731,11004
20732,11003
20733,10980
20734,10994
20735,11012
20736,11003
20737,10999
20738,10980
20739,10974
20740,10980
20741,10999
20742,10980
20743,10999
20744,10974
20745,10988
20746,11014
20747,10999
20748,10988
20749,10974
20750,10988
20751,10999
20752,10988
20753,10980
20754,11019
20755,11014
20756,10999
20757,11005
20758,10999
20759,11019
20760,11010
20761,11008
20762,10998
20763,11014
20764,10998
20765,10997
20766,11008
20767,11012
20768,11027
20769,10999
20770,11014
20771,11017
20772,11039
20773,11039
20774,11039
20775,11012
20776,11039
20777,11039
20778,11014
20779,11009
20780,11027
20781,11034
20782,11028
20783,11009
20784,11039
20785,11025
20786,11020
20787,11009
20788,11014
20789,11025
20790,11009
20791,11014
20792,11025
20793,11020
20794,11027
20795,11025
20796,11024
20797,11025
20798,11034
20799,11034
20800,11024
20801,11025
20802,11039
20803,11025
20804,11027
20805,11037
20806,11045
20807,11025
20808,11042
20809,11034
20810,11035
20811,11034
20812,11033
20813,11044
20814,11034
20815,11047
20816,11023
20817,11035
20818,11047
20819,11048
20820,11047
20821,11047
20822,11049
20823,11052
20824,11055
20825,11029
20826,11052
20827,11047
20828,11029
20829,11055
20830,11050
20831,11065
20832,11054
20833,11080
20834,11057
20835,11069
20836,11082
20837,11094
20838,11058
20839,11064
20840,11094
20841,11088
20842,11069
20843,11088
20844,11053
20845,11080
20846,11083
20847,11074
20848,11059
20849,11074
20850,11088
20851,11069
20852,11077
20853,11065
20854,11059
20855,11064
20856,11055
20857,11074
20858,11082
20859,11084
20860,11084
20861,11078
20862,11099
20863,11079
20864,11099
20865,11070
20866,11090
20867,11088
20868,11077
20869,11088
20870,11090
20871,11059
20872,11088
20873,11074
20874,11093
20875,11079
20876,11093
20877,11074
20878,11070
20879,11093
20880,11079
20881,11093
20882,11069
20883,11082
20884,11095
20885,11089
20886,11089
20887,11074
20888,11108
20889,11097
20890,11074
20891,11100
20892,11115
20893,11113
20894,11117
20895,11099
20896,11114
20897,11115
20898,11105
20899,11107
20900,11100
20901,11119
20902,11121
20903,11113
20904,11117
20905,11102
20906,11120
20907,11122
20908,11102
20909,11103
20910,11102
20911,11122
20912,11120
20913,11098
20914,11102
20915,11103
20916,11102
20917,11122
20918,11102
20919,11120
20920,11129
20921,11133
20922,11109
20923,11124
20924,11095
20925,11107
20926,11120
20927,11125
20928,11110
20929,11129
20930,11114
20931,11129
20932,11129
20933,11102
20934,11119
20935,11096
20936,11103
20937,11133
20938,11103
20939,11133
20940,11127
20941,11133
20942,11095
20943,11127
20944,11103
20945,11133
20946,11133
20947,11127
20948,11103
20949,11133
20950,11092
20951,11127
20952,11133
20953,11112
20954,11133
20955,11127
20956,11133
20957,11112
20958,11133
20959,11127
20960,11095
20961,11129
20962,11107
20963,11119
20964,11089
20965,11119
20966,11107
20967,11119
20968,11092
20969,11119
20970,11089
20971,11119
20972,11107
20973,11119
20974,11132
20975,11135
20976,11109
20977,11114
20978,11135
20979,11125
20980,11135
20981,11126
20982,11130
20983,11129
20984,11114
20985,11130
20986,11129
20987,11130
20988,11094
20989,11114
20990,11130
20991,11129
20992,11114
20993,11130
20994,11135
20995,11125
20996,11138
20997,11135
20998,11129
20999,11130
21000,11123
21001,11139
21002,11140
21003,11150
21004,11140
21005,11139
21006,11149
21007,11137
21008,11125
21009,11145
21010,11113
21011,11099
21012,11142
21013,11143
21014,11142
21015,11140
21016,11142
21017,11099
21018,11113
21019,11145
21020,11125
21021,11137
21022,11149
21023,11124
21024,11137
21025,11142
21026,11140
21027,11133
21028,11119
21029,11134
21030,11129
21031,11139
21032,11139
21033,11139
21034,11142
21035,11142
21036,11149
21037,11138
21038,11138
21039,11149
21040,11142
21041,11139
21042,11123
21043,11145
21044,11128
21045,11139
21046,11145
21047,11128
21048,11123
21049,11139
21050,11128
21051,11145
21052,11124
21053,11103
21054,11103
21055,11117
21056,11103
21057,11103
21058,11103
21059,11144
21060,11142
21061,11149
21062,11138
21063,11146
21064,11149
21065,11142
21066,11142
21067,11139
21068,11139
21069,11119
21070,11139
21071,11142
21072,11149
21073,11142
21074,11139
21075,11145
21076,11123
21077,11139
21078,11128
21079,11145
21080,11128
21081,11139
21082,11123
21083,11145
21084,11144
21085,11124
21086,11152
21087,11148
21088,11124
21089,11143
21090,11152
21091,11124
21092,11147
21093,11164
21094,11149
21095,11149
21096,11164
21097,11158
21098,11154
21099,11145
21100,11159
21101,11154
21102,11145
21103,11149
21104,11154
21105,11159
21106,11153
21107,11160
21108,11169
21109,11173
21110,11148
21111,11169
21112,11182
21113,11169
21114,11182
21115,11173
21116,11169
21117,11182
21118,11169
21119,11149
21120,11144
21121,11152
21122,11177
21123,11185
21124,11194
21125,11182
21126,11130
21127,11164
21128,11194
21129,11170
21130,11182
21131,11134
21132,11194
21133,11182
21134,11194
21135,11182
21136,11130
21137,11194
21138,11134
21139,11182
21140,11194
21141,11185
21142,11177
21143,11154
21144,11163
21145,11177
21146,11134
21147,11154
21148,11177
21149,11187
21150,11188
21151,11176
21152,11187
21153,11152
21154,11177
21155,11134
21156,11177
21157,11169
21158,11144
21159,11152
21160,11177
21161,11185
21162,11190
21163,11180
21164,11189
21165,11172
21166,11189
21167,11190
21168,11182
21169,11187
21170,11178
21171,11187
21172,11194
21173,11203
21174,11207
21175,11187
21176,11195
21177,11188
21178,11182
21179,11199
21180,11182
21181,11199
21182,11147
21183,11199
21184,11182
21185,11167
21186,11199
21187,11182
21188,11199
21189,11182
21190,11189
21191,11213
21192,11190
21193,11187
21194,11206
21195,11187
21196,11209
21197,11208
21198,11209
21199,11206
21200,11187
21201,11197
21202,11209
21203,11189
21204,11160
21205,11184
21206,11208
21207,11169
21208,11160
21209,11189
21210,11160
21211,11204
21212,11209
21213,11209
21214,11200
21215,11193
21216,11209
21217,11208
21218,11214
21219,11189
21220,11214
21221,11222
21222,11220
21223,11222
21224,11223
21225,11225
21226,11222
21227,11167
21228,11186
21229,11205
21230,11200
21231,11214
21232,11186
21233,11225
21234,11213
21235,11227
21236,11220
21237,11227
21238,11217
21239,11220
21240,11219
21241,11227
21242,11213
21243,11220
21244,11227
21245,11217
21246,11227
21247,11228
21248,11238
21249,11240
21250,11240
21251,11233
21252,11240
21253,11240
21254,11233
21255,11233
21256,11240
21257,11240
21258,11240
21259,11252
21260,11247
21261,11227
21262,11232
21263,11237
21264,11245
21265,11244
21266,11248
21267,11259
21268,11255
21269,11238
21270,11239
21271,11259
21272,11268
21273,11268
21274,11262
21275,11274
21276,11268
21277,11263
21278,11274
21279,11260
21280,11269
21281,11273
21282,11269
21283,11259
21284,11273
21285,11279
21286,11280
21287,11284
21288,11252
21289,11280
21290,11252
21291,11278
21292,11288
21293,11252
21294,11280
21295,11252
21296,11288
21297,11278
21298,11294
21299,11238
21300,11294
21301,11275
21302,11277
21303,11294
21304,11294
21305,11294
21306,11275
21307,11238
21308,11294
21309,11294
21310,11290
21311,11294
21312,11278
21313,11264
21314,11289
21315,11278
21316,11294
21317,11285
21318,11289
21319,11253
21320,11280
21321,11253
21322,11292
21323,11300
21324,11298
21325,11300
21326,11300
21327,11300
21328,11304
21329,11309
21330,11253
21331,11294
21332,11320
21333,11313
21334,11317
21335,11328
21336,11327
21337,11321
21338,11328
21339,11327
21340,11322
21341,11337
21342,11344
21343,11285
21344,11345
21345,11324
21346,11345
21347,11337
21348,11341
21349,11293
21350,11341
21351,11320
21352,11341
21353,11328
21354,11355
21355,11334
21356,11332
21357,11348
21358,11347
21359,11349
21360,11334
21361,11341
21362,11333
21363,11345
21364,11349
21365,11339
21366,11339
21367,11333
21368,11344
21369,11358
21370,11343
21371,11326
21372,11344
21373,11354
21374,11347
21375,11354
21376,11344
21377,11349
21378,11354
21379,11344
21380,11354
21381,11347
21382,11354
21383,11334
21384,11355
21385,11354
21386,11355
21387,11353
21388,11355
21389,11354
21390,11355
21391,11355
21392,11373
21393,11376
21394,11363
21395,11376
21396,11373
21397,11357
21398,11376
21399,11358
21400,11333
21401,11358
21402,11367
21403,11355
21404,11365
21405,11355
21406,11358
21407,11365
21408,11378
21409,11365
21410,11334
21411,11348
21412,11369
21413,11354
21414,11365
21415,11347
21416,11369
21417,11349
21418,11368
21419,11377
21420,11369
21421,11384
21422,11374
21423,11390
21424,11328
21425,11380
21426,11369
21427,11380
21428,11389
21429,11410
21430,11404
21431,11382
21432,11375
21433,11387
21434,11375
21435,11367
21436,11375
21437,11404
21438,11389
21439,11408
21440,11398
21441,11404
21442,11404
21443,11391
21444,11402
21445,11404
21446,11390
21447,11395
21448,11403
21449,11409
21450,11414
21451,11383
21452,11403
21453,11406
21454,11400
21455,11406
21456,11424
21457,11427
21458,11389
21459,11433
21460,11427
21461,11420
21462,11427
21463,11433
21464,11418
21465,11405
21466,11420
21467,11424
21468,11383
21469,11408
21470,11398
21471,11420
21472,11398
21473,11410
21474,11402
21475,11406
21476,11404
21477,11414
21478,11390
21479,11417
21480,11417
21481,11412
21482,11402
21483,11414
21484,11414
21485,11389
21486,11417
21487,11414
21488,11404
21489,11415
21490,11404
21491,11410
21492,11404
21493,11404
21494,11415
21495,11423
21496,11432
21497,11428
21498,11380
21499,11402
21500,11413
21501,11425
21502,11405
21503,11425
21504,11400
21505,11438
21506,11428
21507,11423
21508,11393
21509,11427
21510,11423
21511,11428
21512,11438
21513,11423
21514,11433
21515,11433
21516,11435
21517,11433
21518,11425
21519,11435
21520,11419
21521,11437
21522,11423
21523,11423
21524,11423
21525,11437
21526,11429
21527,11423
21528,11442
21529,11437
21530,11427
21531,11425
21532,11427
21533,11427
21534,11423
21535,11445
21536,11414
21537,11446
21538,11433
21539,11445
21540,11446
21541,11428
21542,11433
21543,11440
21544,11425
21545,11433
21546,11447
21547,11440
21548,11422
21549,11423
21550,11438
21551,11434
21552,11423
21553,11432
21554,11428
21555,11435
21556,11446
21557,11458
21558,11429
21559,11456
21560,11435
21561,11442
21562,11429
21563,11459
21564,11448
21565,11453
21566,11442
21567,11437
21568,11449
21569,11452
21570,11428
21571,11418
21572,11458
21573,11428
21574,11452
21575,11454
21576,11448
21577,11442
21578,11453
21579,11439
21580,11455
21581,11462
21582,11462
21583,11449
21584,11418
21585,11459
21586,11459
21587,11463
21588,11460
21589,11474
21590,11470
21591,11449
21592,11474
21593,11463
21594,11474
21595,11460
21596,11459
21597,11463
21598,11459
21599,11439
21600,11455
21601,11453
21602,11419
21603,11455
21604,11453
21605,11447
21606,11455
21607,11453
21608,11449
21609,11464
21610,11459
21611,11439
21612,11459
21613,11433
21614,11463
21615,11459
21616,11428
21617,11464
21618,11459
21619,11464
21620,11454
21621,11459
21622,11464
21623,11452
21624,11459
21625,11464
21626,11433
21627,11464
21628,11454
21629,11459
21630,11464
21631,11459
21632,11464
21633,11452
21634,11459
21635,11464
21636,11449
21637,11462
21638,11449
21639,11462
21640,11455
21641,11449
21642,11464
21643,11454
21644,11459
21645,11468
21646,11450
21647,11457
21648,11474
21649,11457
21650,11450
21651,11457
21652,11459
21653,11464
21654,11434
21655,11445
21656,11451
21657,11459
21658,11445
21659,11459
21660,11454
21661,11457
21662,11459
21663,11462
21664,11454
21665,11459
21666,11445
21667,11457
21668,11459
21669,11454
21670,11461
21671,11448
21672,11461
21673,11463
21674,11448
21675,11461
21676,11458
21677,11463
21678,11459
21679,11470
21680,11469
21681,11447
21682,11455
21683,11469
21684,11460
21685,11470
21686,11448
21687,11469
21688,11474
21689,11488
21690,11467
21691,11483
21692,11469
21693,11480
21694,11479
21695,11469
21696,11473
21697,11469
21698,11469
21699,11482
21700,11459
21701,11454
21702,11469
21703,11469
21704,11469
21705,11474
21706,11480
21707,11480
21708,11465
21709,11469
21710,11469
21711,11480
21712,11449
21713,11477
21714,11488
21715,11456
21716,11470
21717,11463
21718,11487
21719,11486
21720,11478
21721,11488
21722,11495
21723,11481
21724,11495
21725,11478
21726,11485
21727,11494
21728,11494
21729,11487
21730,11463
21731,11487
21732,11470
21733,11432
21734,11446
21735,11442
21736,11463
21737,11442
21738,11482
21739,11475
21740,11485
21741,11474
21742,11485
21743,11450
21744,11461
21745,11472
21746,11472
21747,11468
21748,11474
21749,11483
21750,11458
21751,11479
21752,11479
21753,11478
21754,11472
21755,11461
21756,11472
21757,11468
21758,11472
21759,11435
21760,11458
21761,11449
21762,11479
21763,11450
21764,11415
21765,11469
21766,11479
21767,11473
21768,11484
21769,11458
21770,11479
21771,11474
21772,11479
21773,11474
21774,11479
21775,11484
21776,11494
21777,11474
21778,11450
21779,11488
21780,11464
21781,11484
21782,11453
21783,11469
21784,11483
21785,11464
21786,11460
21787,11473
21788,11464
21789,11460
21790,11464
21791,11464
21792,11460
21793,11473
21794,11457
21795,11482
21796,11480
21797,11480
21798,11474
21799,11480
21800,11482
21801,11480
21802,11480
21803,11463
21804,11455
21805,11490
21806,11484
21807,11470
21808,11484
21809,11455
21810,11490
21811,11469
21812,11467
21813,11480
21814,11479
21815,11478
21816,11480
21817,11478
21818,11479
21819,11455
21820,11496
21821,11487
21822,11456
21823,11478
21824,11480
21825,11479
21826,11478
21827,11478
21828,11497
21829,11484
21830,11491
21831,11497
21832,11474
21833,11491
21834,11489
21835,11489
21836,11463
21837,11491
21838,11484
21839,11489
21840,11463
21841,11489
21842,11491
21843,11484
21844,11489
21845,11463
21846,11491
21847,11489
21848,11476
21849,11486
21850,11488
21851,11484
21852,11477
21853,11486
21854,11488
21855,11474
21856,11486
21857,11455
21858,11484
21859,11488
21860,11486
21861,11477
21862,11484
21863,11488
21864,11486
21865,11476
21866,11497
21867,11491
21868,11463
21869,11497
21870,11484
21871,11491
21872,11497
21873,11463
21874,11497
21875,11484
21876,11491
21877,11497
21878,11463
21879,11497
21880,11491
21881,11464
21882,11465
21883,11478
21884,11468
21885,11465
21886,11478
21887,11483
21888,11486
21889,11489
21890,11483
21891,11486
21892,11483
21893,11471
21894,11496
21895,11487
21896,11496
21897,11479
21898,11487
21899,11496
21900,11496
21901,11471
21902,11487
21903,11496
21904,11464
21905,11483
21906,11472
21907,11488
21908,11474
21909,11475
21910,11488
21911,11479
21912,11462
21913,11449
21914,11474
21915,11462
21916,11464
21917,11459
21918,11478
21919,11420
21920,11459
21921,11484
21922,11480
21923,11477
21924,11486
21925,11477
21926,11484
21927,11459
21928,11478
21929,11420
21930,11474
21931,11470
21932,11450
21933,11470
21934,11469
21935,11470
21936,11450
21937,11470
21938,11452
21939,11450
21940,11470
21941,11474
21942,11478
21943,11420
21944,11459
21945,11489
21946,11477
21947,11484
21948,11484
21949,11476
21950,11477
21951,11476
21952,11468
21953,11489
21954,11488
21955,11475
21956,11489
21957,11488
21958,11475
21959,11482
21960,11489
21961,11488
21962,11479
21963,11489
21964,11475
21965,11488
21966,11488
21967,11461
21968,11467
21969,11470
21970,11467
21971,11468
21972,11470
21973,11485
21974,11458
21975,11485
21976,11495
21977,11499
21978,11488
21979,11484
21980,11489
21981,11465
21982,11505
21983,11500
21984,11505
21985,11507
21986,11504
21987,11478
21988,11498
21989,11494
21990,11487
21991,11498
21992,11493
21993,11486
21994,11504
21995,11499
21996,11494
21997,11514
21998,11520
21999,11528
22000,11520
22001,11502
22002,11487
22003,11528
22004,11520
22005,11528
22006,11528
22007,11497
22008,11502
22009,11520
22010,11516
22011,11528
22012,11527
22013,11512
22014,11522
22015,11512
22016,11509
22017,11512
22018,11541
22019,11535
22020,11544
22021,11549
22022,11554
22023,11554
22024,11554
22025,11534
22026,11554
22027,11554
22028,11549
22029,11548
22030,11527
22031,11549
22032,11526
22033,11550
22034,11561
22035,11554
22036,11542
22037,11556
22038,11534
22039,11568
22040,11560
22041,11568
22042,11549
22043,11568
22044,11561
22045,11571
22046,11555
22047,11573
22048,11555
22049,11542
22050,11555
22051,11582
22052,11572
22053,11574
22054,11580
22055,11586
22056,11594
22057,11602
22058,11579
22059,11603
22060,11569
22061,11587
22062,11553
22063,11584
22064,11599
22065,11582
22066,11599
22067,11595
22068,11569
22069,11596
22070,11614
22071,11614
22072,11602
22073,11614
22074,11611
22075,11620
22076,11614
22077,11613
22078,11589
22079,11612
22080,11595
22081,11607
22082,11612
22083,11595
22084,11612
22085,11595
22086,11607
22087,11612
22088,11595
22089,11574
22090,11612
22091,11607
22092,11612
22093,11595
22094,11623
22095,11622
22096,11628
22097,11625
22098,11619
22099,11614
22100,11618
22101,11583
22102,11619
22103,11614
22104,11619
22105,11623
22106,11633
22107,11624
22108,11620
22109,11624
22110,11634
22111,11621
22112,11628
22113,11628
22114,11630
22115,11628
22116,11648
22117,11649
22118,11640
22119,11638
22120,11625
22121,11643
22122,11617
22123,11629
22124,11614
22125,11639
22126,11654
22127,11621
22128,11654
22129,11636
22130,11654
22131,11621
22132,11654
22133,11654
22134,11621
22135,11645
22136,11648
22137,11630
22138,11622
22139,11646
22140,11639
22141,11667
22142,11668
22143,11663
22144,11667
22145,11668
22146,11663
22147,11625
22148,11668
22149,11667
22150,11663
22151,11639
22152,11646
22153,11622
22154,11648
22155,11630
22156,11607
22157,11648
22158,11621
22159,11648
22160,11607
22161,11647
22162,11648
22163,11607
22164,11630
22165,11648
22166,11641
22167,11654
22168,11659
22169,11640
22170,11658
22171,11655
22172,11669
22173,11655
22174,11658
22175,11655
22176,11669
22177,11665
22178,11654
22179,11656
22180,11658
22181,11668
22182,11649
22183,11663
22184,11636
22185,11670
22186,11650
22187,11675
22188,11675
22189,11673
22190,11650
22191,11675
22192,11659
22193,11675
22194,11644
22195,11679
22196,11654
22197,11677
22198,11673
22199,11670
22200,11683
22201,11679
22202,11679
22203,11647
22204,11677
22205,11679
22206,11680
22207,11684
22208,11678
22209,11679
22210,11668
22211,11684
22212,11647
22213,11679
22214,11679
22215,11679
22216,11693
22217,11671
22218,11693
22219,11664
22220,11669
22221,11688
22222,11691
22223,11692
22224,11690
22225,11704
22226,11693
22227,11683
22228,11700
22229,11693
22230,11694
22231,11683
22232,11698
22233,11700
22234,11708
22235,11700
22236,11704
22237,11709
22238,11703
22239,11724
22240,11712
22241,11720
22242,11706
22243,11710
22244,11730
22245,11724
22246,11708
22247,11714
22248,11712
22249,11720
22250,11718
22251,11724
22252,11712
22253,11720
22254,11721
22255,11690
22256,11717
22257,11712
22258,11723
22259,11685
22260,11719
22261,11720
22262,11686
22263,11700
22264,11719
22265,11694
22266,11719
22267,11709
22268,11703
22269,11696
22270,11701
22271,11689
22272,11701
22273,11699
22274,11701
22275,11696
22276,11693
22277,11694
22278,11656
22279,11686
22280,11709
22281,11703
22282,11705
22283,11718
22284,11703
22285,11723
22286,11724
22287,11729
22288,11725
22289,11710
22290,11678
22291,11689
22292,11715
22293,11678
22294,11714
22295,11724
22296,11715
22297,11715
22298,11724
22299,11718
22300,11715
22301,11715
22302,11724
22303,11699
22304,11724
22305,11715
22306,11715
22307,11724
22308,11710
22309,11702
22310,11706
22311,11700
22312,11708
22313,11719
22314,11733
22315,11721
22316,11733
22317,11719
22318,11708
22319,11719
22320,11733
22321,11714
22322,11723
22323,11728
22324,11723
22325,11728
22326,11723
22327,11695
22328,11718
22329,11728
22330,11723
22331,11728
22332,11723
22333,11738
22334,11729
22335,11741
22336,11728
22337,11723
22338,11728
22339,11718
22340,11723
22341,11703
22342,11728
22343,11709
22344,11699
22345,11722
22346,11734
22347,11729
22348,11734
22349,11730
22350,11729
22351,11730
22352,11721
22353,11729
22354,11711
22355,11750
22356,11738
22357,11733
22358,11750
22359,11747
22360,11744
22361,11739
22362,11740
22363,11752
22364,11740
22365,11749
22366,11730
22367,11735
22368,11735
22369,11734
22370,11735
22371,11730
22372,11734
22373,11735
22374,11738
22375,11733
22376,11739
22377,11759
22378,11725
22379,11734
22380,11739
22381,11741
22382,11759
22383,11757
22384,11758
22385,11764
22386,11760
22387,11764
22388,11735
22389,11743
22390,11753
22391,11749
22392,11774
22393,11764
22394,11756
22395,11744
22396,11763
22397,11775
22398,11774
22399,11771
22400,11760
22401,11774
22402,11771
22403,11761
22404,11783
22405,11755
22406,11783
22407,11783
22408,11779
22409,11779
22410,11774
22411,11755
22412,11783
22413,11773
22414,11784
22415,11769
22416,11754
22417,11784
22418,11769
22419,11790
22420,11790
22421,11782
22422,11794
22423,11792
22424,11787
22425,11769
22426,11773
22427,11796
22428,11766
22429,11803
22430,11786
22431,11793
22432,11804
22433,11803
22434,11813
22435,11809
22436,11818
22437,11799
22438,11818
22439,11809
22440,11818
22441,11800
22442,11794
22443,11815
22444,11815
22445,11800
22446,11784
22447,11803
22448,11804
22449,11808
22450,11802
22451,11803
22452,11804
22453,11784
22454,11803
22455,11800
22456,11815
22457,11824
22458,11815
22459,11805
22460,11814
22461,11815
22462,11824
22463,11815
22464,11815
22465,11785
22466,11828
22467,11828
22468,11819
22469,11828
22470,11828
22471,11819
22472,11804
22473,11828
22474,11828
22475,11828
22476,11802
22477,11794
22478,11813
22479,11806
22480,11794
22481,11813
22482,11809
22483,11814
22484,11822
22485,11817
22486,11799
22487,11809
22488,11782
22489,11817
22490,11809
22491,11782
22492,11817
22493,11809
22494,11782
22495,11817
22496,11800
22497,11818
22498,11830
22499,11800
22500,11814
22501,11822
22502,11800
22503,11803
22504,11819
22505,11798
22506,11804
22507,11779
22508,11813
22509,11812
22510,11831
22511,11823
22512,11818
22513,11831
22514,11823
22515,11809
22516,11828
22517,11832
22518,11828
22519,11814
22520,11834
22521,11829
22522,11839
22523,11848
22524,11826
22525,11845
22526,11839
22527,11825
22528,11819
22529,11830
22530,11825
22531,11801
22532,11847
22533,11844
22534,11834
22535,11842
22536,11815
22537,11828
22538,11853
22539,11851
22540,11850
22541,11839
22542,11850
22543,11850
22544,11808
22545,11815
22546,11829
22547,11855
22548,11850
22549,11866
22550,11860
22551,11838
22552,11866
22553,11860
22554,11848
22555,11866
22556,11850
22557,11850
22558,11866
22559,11860
22560,11850
22561,11866
22562,11860
22563,11866
22564,11860
22565,11839
22566,11854
22567,11826
22568,11854
22569,11862
22570,11864
22571,11863
22572,11864
22573,11866
22574,11843
22575,11858
22576,11850
22577,11843
22578,11849
22579,11884
22580,11885
22581,11869
22582,11884
22583,11850
22584,11885
22585,11885
22586,11893
22587,11893
22588,11853
22589,11893
22590,11893
22591,11893
22592,11879
22593,11874
22594,11894
22595,11899
22596,11908
22597,11915
22598,11915
22599,11909
22600,11899
22601,11891
22602,11888
22603,11899
22604,11900
22605,11899
22606,11883
22607,11900
22608,11888
22609,11899
22610,11908
22611,11903
22612,11894
22613,11899
22614,11904
22615,11884
22616,11903
22617,11905
22618,11909
22619,11905
22620,11894
22621,11904
22622,11893
22623,11903
22624,11888
22625,11906
22626,11917
22627,11914
22628,11905
22629,11904
22630,11909
22631,11909
22632,11914
22633,11917
22634,11914
22635,11924
22636,11916
22637,11913
22638,11903
22639,11879
22640,11898
22641,11914
22642,11920
22643,11883
22644,11906
22645,11918
22646,11911
22647,11939
22648,11902
22649,11932
22650,11917
22651,11924
22652,11912
22653,11889
22654,11923
22655,11914
22656,11929
22657,11917
22658,11910
22659,11943
22660,11951
22661,11934
22662,11926
22663,11951
22664,11936
22665,11951
22666,11936
22667,11934
22668,11911
22669,11949
22670,11944
22671,11915
22672,11942
22673,11944
22674,11949
22675,11914
22676,11935
22677,11924
22678,11910
22679,11919
22680,11924
22681,11910
22682,11935
22683,11955
22684,11952
22685,11942
22686,11923
22687,11909
22688,11951
22689,11944
22690,11960
22691,11950
22692,11917
22693,11937
22694,11958
22695,11922
22696,11958
22697,11937
22698,11917
22699,11922
22700,11958
22701,11944
22702,11951
22703,11949
22704,11951
22705,11963
22706,11938
22707,11949
22708,11955
22709,11947
22710,11949
22711,11912
22712,11950
22713,11914
22714,11922
22715,11943
22716,11943
22717,11943
22718,11917
22719,11950
22720,11929
22721,11937
22722,11958
22723,11933
22724,11952
22725,11929
22726,11958
22727,11937
22728,11933
22729,11958
22730,11952
22731,11929
22732,11933
22733,11937
22734,11958
22735,11929
22736,11950
22737,11909
22738,11943
22739,11943
22740,11943
22741,11922
22742,11959
22743,11909
22744,11943
22745,11943
22746,11927
22747,11969
22748,11949
22749,11969
22750,11957
22751,11969
22752,11949
22753,11969
22754,11957
22755,11949
22756,11938
22757,11969
22758,11949
22759,11940
22760,11969
22761,11957
22762,11949
22763,11969
22764,11953
22765,11905
22766,11956
22767,11949
22768,11944
22769,11953
22770,11969
22771,11954
22772,11972
22773,11973
22774,11952
22775,11978
22776,11996
22777,11966
22778,11993
22779,11996
22780,11988
22781,11981
22782,11978
22783,11983
22784,11998
22785,11998
22786,11998
22787,12006
22788,11989
22789,12006
22790,11980
22791,12005
22792,11999
22793,12000
22794,12027
22795,12004
22796,12027
22797,12011
22798,12006
22799,12015
22800,12023
22801,11991
22802,12030
22803,12026
22804,12012
22805,12026
22806,12012
22807,12019
22808,12026
22809,12026
22810,12012
22811,11983
22812,12019
22813,12026
22814,12012
22815,12026
22816,12028
22817,12012
22818,12026
22819,12009
22820,12034
22821,12023
22822,12029
22823,12022
22824,12034
22825,12018
22826,12011
22827,12047
22828,12030
22829,12019
22830,12038
22831,12039
22832,12039
22833,12034
22834,12051
22835,12036
22836,12064
22837,12054
22838,12054
22839,12066
22840,12063
22841,12066
22842,12064
22843,12066
22844,12070
22845,12068
22846,12052
22847,12058
22848,12070
22849,12069
22850,12067
22851,12084
22852,12090
22853,12039
22854,12097
22855,12085
22856,12068
22857,12094
22858,12076
22859,12096
22860,12095
22861,12073
22862,12096
22863,12095
22864,12073
22865,12074
22866,12079
22867,12067
22868,12086
22869,12089
22870,12067
22871,12073
22872,12078
22873,12072
22874,12091
22875,12083
22876,12076
22877,12089
22878,12079
22879,12083
22880,12076
22881,12089
22882,12083
22883,12084
22884,12082
22885,12079
22886,12082
22887,12074
22888,12082
22889,12070
22890,12088
22891,12079
22892,12088
22893,12094
22894,12088
22895,12071
22896,12090
22897,12095
22898,12072
22899,12069
22900,12096
22901,12083
22902,12096
22903,12061
22904,12079
22905,12069
22906,12058
22907,12089
22908,12089
22909,12079
22910,12079
22911,12078
22912,12100
22913,12086
22914,12103
22915,12079
22916,12078
22917,12103
22918,12090
22919,12103
22920,12043
22921,12084
22922,12095
22923,12079
22924,12102
22925,12072
22926,12090
22927,12079
22928,12101
22929,12105
22930,12108
22931,12108
22932,12110
22933,12108
22934,12115
22935,12115
22936,12094
22937,12114
22938,12115
22939,12114
22940,12094
22941,12115
22942,12085
22943,12128
22944,12115
22945,12089
22946,12128
22947,12115
22948,12128
22949,12128
22950,12115
22951,12116
22952,12114
22953,12118
22954,12134
22955,12110
22956,12113
22957,12135
22958,12125
22959,12138
22960,12132
22961,12138
22962,12138
22963,12125
22964,12138
22965,12104
22966,12132
22967,12129
22968,12123
22969,12125
22970,12129
22971,12129
22972,12132
22973,12129
22974,12125
22975,12129
22976,12129
22977,12132
22978,12129
22979,12134
22980,12159
22981,12153
22982,12111
22983,12143
22984,12143
22985,12141
22986,12150
22987,12143
22988,12141
22989,12159
22990,12158
22991,12146
22992,12105
22993,12143
22994,12139
22995,12137
22996,12139
22997,12164
22998,12139
22999,12159
23000,12149
23001,12157
23002,12150
23003,12164
23004,12176
23005,12154
23006,12169
23007,12164
23008,12174
23009,12150
23010,12184
23011,12184
23012,12150
23013,12184
23014,12184
23015,12150
23016,12174
23017,12184
23018,12164
23019,12176
23020,12161
23021,12170
23022,12179
23023,12180
23024,12176
23025,12174
23026,12184
23027,12182
23028,12176
23029,12171
23030,12191
23031,12184
23032,12199
23033,12179
23034,12203
23035,12173
23036,12203
23037,12194
23038,12188
23039,12194
23040,12173
23041,12179
23042,12194
23043,12203
23044,12203
23045,12173
23046,12203
23047,12179
23048,12188
23049,12203
23050,12206
23051,12204
23052,12200
23053,12183
23054,12206
23055,12204
23056,12185
23057,12204
23058,12183
23059,12204
23060,12199
23061,12189
23062,12206
23063,12211
23064,12220
23065,12228
23066,12220
23067,12228
23068,12224
23069,12212
23070,12208
23071,12214
23072,12174
23073,12212
23074,12228
23075,12229
23076,12233
23077,12220
23078,12245
23079,12240
23080,12239
23081,12249
23082,12241
23083,12250
23084,12239
23085,12233
23086,12239
23087,12250
23088,12238
23089,12250
23090,12231
23091,12243
23092,12247
23093,12219
23094,12231
23095,12250
23096,12219
23097,12231
23098,12247
23099,12239
23100,12243
23101,12231
23102,12238
23103,12225
23104,12239
23105,12250
23106,12239
23107,12250
23108,12241
23109,12239
23110,12235
23111,12238
23112,12262
23113,12254
23114,12259
23115,12254
23116,12262
23117,12248
23118,12230
23119,12273
23120,12246
23121,12254
23122,12259
23123,12262
23124,12260
23125,12248
23126,12250
23127,12245
23128,12260
23129,12244
23130,12249
23131,12247
23132,12254
23133,12249
23134,12254
23135,12222
23136,12254
23137,12245
23138,12259
23139,12264
23140,12259
23141,12263
23142,12232
23143,12250
23144,12244
23145,12262
23146,12240
23147,12244
23148,12243
23149,12279
23150,12254
23151,12279
23152,12269
23153,12230
23154,12258
23155,12279
23156,12269
23157,12279
23158,12231
23159,12269
23160,12279
23161,12230
23162,12279
23163,12269
23164,12254
23165,12279
23166,12274
23167,12259
23168,12265
23169,12268
23170,12283
23171,12274
23172,12278
23173,12271
23174,12292
23175,12293
23176,12279
23177,12292
23178,12290
23179,12293
23180,12289
23181,12304
23182,12293
23183,12285
23184,12310
23185,12286
23186,12313
23187,12290
23188,12299
23189,12306
23190,12319
23191,12299
23192,12315
23193,12319
23194,12319
23195,12315
23196,12304
23197,12323
23198,12292
23199,12296
23200,12323
23201,12308
23202,12320
23203,12320
23204,12311
23205,12320
23206,12320
23207,12320
23208,12320
23209,12331
23210,12301
23211,12309
23212,12320
23213,12319
23214,12319
23215,12320
23216,12309
23217,12319
23218,12320
23219,12309
23220,12335
23221,12340
23222,12326
23223,12328
23224,12314
23225,12310
23226,12327
23227,12331
23228,12320
23229,12301
23230,12319
23231,12320
23232,12290
23233,12319
23234,12325
23235,12328
23236,12304
23237,12314
23238,12338
23239,12328
23240,12304
23241,12308
23242,12304
23243,12328
23244,12314
23245,12304
23246,12321
23247,12330
23248,12341
23249,12303
23250,12341
23251,12330
23252,12310
23253,12329
23254,12314
23255,12303
23256,12323
23257,12325
23258,12331
23259,12330
23260,12333
23261,12338
23262,12334
23263,12330
23264,12338
23265,12323
23266,12334
23267,12330
23268,12334
23269,12338
23270,12315
23271,12334
23272,12330
23273,12338
23274,12334
23275,12339
23276,12349
23277,12340
23278,12344
23279,12340
23280,12349
23281,12329
23282,12336
23283,12343
23284,12315
23285,12345
23286,12335
23287,12338
23288,12364
23289,12328
23290,12339
23291,12338
23292,12364
23293,12344
23294,12358
23295,12359
23296,12328
23297,12352
23298,12333
23299,12356
23300,12336
23301,12343
23302,12315
23303,12354
23304,12339
23305,12361
23306,12349
23307,12354
23308,12361
23309,12349
23310,12339
23311,12351
23312,12340
23313,12359
23314,12355
23315,12359
23316,12364
23317,12354
23318,12355
23319,12355
23320,12354
23321,12330
23322,12351
23323,12352
23324,12363
23325,12338
23326,12343
23327,12336
23328,12343
23329,12307
23330,12328
23331,12343
23332,12336
23333,12346
23334,12339
23335,12316
23336,12358
23337,12349
23338,12349
23339,12338
23340,12346
23341,12344
23342,12330
23343,12349
23344,12349
23345,12349
23346,12344
23347,12349
23348,12349
23349,12345
23350,12346
23351,12358
23352,12316
23353,12343
23354,12357
23355,12316
23356,12316
23357,12357
23358,12316
23359,12339
23360,12316
23361,12339
23362,12340
23363,12349
23364,12349
23365,12340
23366,12326
23367,12340
23368,12349
23369,12355
23370,12354
23371,12352
23372,12370
23373,12339
23374,12365
23375,12365
23376,12343
23377,12365
23378,12365
23379,12339
23380,12365
23381,12371
23382,12373
23383,12375
23384,12342
23385,12367
23386,12354
23387,12384
23388,12358
23389,12355
23390,12384
23391,12364
23392,12388
23393,12374
23394,12392
23395,12404
23396,12384
23397,12371
23398,12373
23399,12403
23400,12399
23401,12393
23402,12409
23403,12416
23404,12424
23405,12410
23406,12408
23407,12424
23408,12424
23409,12398
23410,12424
23411,12424
23412,12408
23413,12410
23414,12424
23415,12398
23416,12408
23417,12421
23418,12385
23419,12408
23420,12421
23421,12386
23422,12408
23423,12418
23424,12421
23425,12386
23426,12408
23427,12401
23428,12421
23429,12408
23430,12386
23431,12408
23432,12421
23433,12386
23434,12408
23435,12416
23436,12399
23437,12379
23438,12399
23439,12399
23440,12381
23441,12399
23442,12389
23443,12405
23444,12405
23445,12380
23446,12389
23447,12404
23448,12389
23449,12405
23450,12389
23451,12380
23452,12405
23453,12389
23454,12405
23455,12380
23456,12389
23457,12416
23458,12384
23459,12378
23460,12409
23461,12414
23462,12391
23463,12393
23464,12416
23465,12414
23466,12435
23467,12435
23468,12420
23469,12435
23470,12430
23471,12405
23472,12425
23473,12419
23474,12426
23475,12430
23476,12436
23477,12423
23478,12441
23479,12448
23480,12449
23481,12444
23482,12448
23483,12441
23484,12455
23485,12440
23486,12471
23487,12440
23488,12471
23489,12394
23490,12463
23491,12440
23492,12471
23493,12439
23494,12466
23495,12470
23496,12478
23497,12439
23498,12473
23499,12449
23500,12468
23501,12445
23502,12451
23503,12464
23504,12463
23505,12464
23506,12451
23507,12445
23508,12468
23509,12469
23510,12450
23511,12456
23512,12479
23513,12467
23514,12464
23515,12479
23516,12459
23517,12481
23518,12491
23519,12480
23520,12480
23521,12491
23522,12461
23523,12480
23524,12473
23525,12478
23526,12471
23527,12480
23528,12473
23529,12459
23530,12486
23531,12486
23532,12471
23533,12468
23534,12477
23535,12458
23536,12459
23537,12468
23538,12399
23539,12461
23540,12449
23541,12459
23542,12465
23543,12478
23544,12488
23545,12488
23546,12484
23547,12485
23548,12498
23549,12488
23550,12491
23551,12493
23552,12488
23553,12485
23554,12491
23555,12494
23556,12504
23557,12500
23558,12475
23559,12503
23560,12498
23561,12485
23562,12504
23563,12488
23564,12504
23565,12477
23566,12521
23567,12520
23568,12479
23569,12521
23570,12520
23571,12520
23572,12509
23573,12521
23574,12502
23575,12534
23576,12529
23577,12537
23578,12528
23579,12536
23580,12529
23581,12533
23582,12529
23583,12541
23584,12529
23585,12538
23586,12540
23587,12533
23588,12539
23589,12535
23590,12531
23591,12539
23592,12529
23593,12499
23594,12522
23595,12499
23596,12522
23597,12514
23598,12499
23599,12522
23600,12488
23601,12499
23602,12522
23603,12514
23604,12520
23605,12508
23606,12522
23607,12508
23608,12522
23609,12514
23610,12508
23611,12522
23612,12534
23613,12538
23614,12540
23615,12524
23616,12541
23617,12536
23618,12504
23619,12529
23620,12539
23621,12536
23622,12529
23623,12514
23624,12529
23625,12536
23626,12529
23627,12536
23628,12529
23629,12504
23630,12529
23631,12538
23632,12529
23633,12541
23634,12529
23635,12534
23636,12541
23637,12529
23638,12541
23639,12529
23640,12538
23641,12540
23642,12538
23643,12524
23644,12538
23645,12519
23646,12540
23647,12538
23648,12538
23649,12540
23650,12539
23651,12538
23652,12523
23653,12538
23654,12524
23655,12538
23656,12540
23657,12538
23658,12535
23659,12545
23660,12530
23661,12545
23662,12539
23663,12531
23664,12545
23665,12529
23666,12544
23667,12516
23668,12540
23669,12556
23670,12559
23671,12560
23672,12535
23673,12558
23674,12545
23675,12558
23676,12540
23677,12568
23678,12540
23679,12564
23680,12569
23681,12573
23682,12583
23683,12575
23684,12593
23685,12585
23686,12593
23687,12579
23688,12593
23689,12575
23690,12594
23691,12582
23692,12589
23693,12579
23694,12582
23695,12598
23696,12582
23697,12594
23698,12593
23699,12585
23700,12579
23701,12575
23702,12593
23703,12563
23704,12585
23705,12593
23706,12575
23707,12593
23708,12579
23709,12593
23710,12575
23711,12585
23712,12593
23713,12594
23714,12582
23715,12579
23716,12598
23717,12582
23718,12589
23719,12582
23720,12594
23721,12575
23722,12593
23723,12579
23724,12585
23725,12593
23726,12572
23727,12583
23728,12576
23729,12545
23730,12589
23731,12581
23732,12579
23733,12599
23734,12584
23735,12599
23736,12603
23737,12590
23738,12603
23739,12588
23740,12599
23741,12590
23742,12606
23743,12589
23744,12589
23745,12606
23746,12589
23747,12585
23748,12589
23749,12574
23750,12589
23751,12589
23752,12589
23753,12610
23754,12616
23755,12585
23756,12613
23757,12616
23758,12565
23759,12553
23760,12576
23761,12606
23762,12579
23763,12576
23764,12594
23765,12606
23766,12589
23767,12608
23768,12596
23769,12606
23770,12608
23771,12615
23772,12591
23773,12604
23774,12606
23775,12604
23776,12604
23777,12606
23778,12591
23779,12606
23780,12604
23781,12591
23782,12604
23783,12606
23784,12606
23785,12591
23786,12619
23787,12613
23788,12618
23789,12610
23790,12633
23791,12624
23792,12633
23793,12614
23794,12615
23795,12628
23796,12610
23797,12600
23798,12624
23799,12593
23800,12630
23801,12629
23802,12619
23803,12630
23804,12629
23805,12633
23806,12629
23807,12630
23808,12629
23809,12619
23810,12607
23811,12630
23812,12607
23813,12619
23814,12625
23815,12607
23816,12619
23817,12595
23818,12618
23819,12624
23820,12618
23821,12614
23822,12618
23823,12624
23824,12618
23825,12579
23826,12584
23827,12604
23828,12617
23829,12604
23830,12584
23831,12621
23832,12619
23833,12604
23834,12617
23835,12584
23836,12621
23837,12604
23838,12624
23839,12618
23840,12616
23841,12620
23842,12640
23843,12598
23844,12640
23845,12611
23846,12640
23847,12628
23848,12618
23849,12618
23850,12600
23851,12629
23852,12619
23853,12633
23854,12634
23855,12633
23856,12621
23857,12584
23858,12604
23859,12621
23860,12584
23861,12604
23862,12604
23863,12617
23864,12584
23865,12621
23866,12604
23867,12584
23868,12604
23869,12621
23870,12584
23871,12604
23872,12617
23873,12625
23874,12605
23875,12640
23876,12601
23877,12614
23878,12616
23879,12616
23880,12616
23881,12619
23882,12609
23883,12621
23884,12610
23885,12609
23886,12621
23887,12619
23888,12630
23889,12634
23890,12634
23891,12635
23892,12634
23893,12634
23894,12606
23895,12628
23896,12634
23897,12634
23898,12646
23899,12641
23900,12635
23901,12642
23902,12639
23903,12638
23904,12633
23905,12639
23906,12628
23907,12639
23908,12645
23909,12619
23910,12623
23911,12644
23912,12646
23913,12639
23914,12644
23915,12623
23916,12619
23917,12645
23918,12646
23919,12633
23920,12635
23921,12646
23922,12638
23923,12639
23924,12655
23925,12651
23926,12638
23927,12655
23928,12651
23929,12645
23930,12655
23931,12610
23932,12653
23933,12613
23934,12638
23935,12653
23936,12641
23937,12613
23938,12653
23939,12639
23940,12643
23941,12645
23942,12640
23943,12641
23944,12611
23945,12638
23946,12641
23947,12653
23948,12655
23949,12646
23950,12654
23951,12655
23952,12654
23953,12656
23954,12669
23955,12669
23956,12640
23957,12669
23958,12651
23959,12659
23960,12660
23961,12651
23962,12660
23963,12651
23964,12678
23965,12664
23966,12684
23967,12675
23968,12684
23969,12671
23970,12671
23971,12686
23972,12679
23973,12671
23974,12686
23975,12679
23976,12671
23977,12686
23978,12679
23979,12671
23980,12675
23981,12671
23982,12686
23983,12671
23984,12679
23985,12686
23986,12671
23987,12679
23988,12686
23989,12671
23990,12684
23991,12671
23992,12686
23993,12679
23994,12671
23995,12686
23996,12671
23997,12679
23998,12686
23999,12670
24000,12694
24001,12699
24002,12715
24003,12715
24004,12715
24005,12715
24006,12715
24007,12698
24008,12715
24009,12709
24010,12708
24011,12715
24012,12706
24013,12708
24014,12709
24015,12699
24016,12724
24017,12724
24018,12721
24019,12725
24020,12724
24021,12736
24022,12734
24023,12748
24024,12734
24025,12736
24026,12735
24027,12736
24028,12736
24029,12739
24030,12736
24031,12701
24032,12755
24033,12753
24034,12749
24035,12753
24036,12755
24037,12753
24038,12749
24039,12751
24040,12738
24041,12730
24042,12734
24043,12738
24044,12704
24045,12749
24046,12730
24047,12738
24048,12734
24049,12745
24050,12759
24051,12761
24052,12744
24053,12756
24054,12749
24055,12749
24056,12724
24057,12756
24058,12749
24059,12756
24060,12700
24061,12751
24062,12755
24063,12751
24064,12749
24065,12754
24066,12756
24067,12761
24068,12766
24069,12761
24070,12766
24071,12744
24072,12766
24073,12761
24074,12766
24075,12759
24076,12760
24077,12768
24078,12776
24079,12760
24080,12776
24081,12768
24082,12770
24083,12754
24084,12751
24085,12770
24086,12774
24087,12774
24088,12779
24089,12780
24090,12761
24091,12744
24092,12761
24093,12774
24094,12751
24095,12773
24096,12759
24097,12788
24098,12781
24099,12774
24100,12788
24101,12774
24102,12781
24103,12785
24104,12794
24105,12784
24106,12794
24107,12767
24108,12794
24109,12789
24110,12774
24111,12794
24112,12786
24113,12793
24114,12771
24115,12789
24116,12784
24117,12789
24118,12793
24119,12798
24120,12791
24121,12794
24122,12784
24123,12796
24124,12811
24125,12814
24126,12796
24127,12809
24128,12826
24129,12810
24130,12809
24131,12826
24132,12809
24133,12809
24134,12819
24135,12809
24136,12819
24137,12808
24138,12819
24139,12809
24140,12809
24141,12796
24142,12826
24143,12809
24144,12824
24145,12836
24146,12824
24147,12828
24148,12843
24149,12835
24150,12844
24151,12831
24152,12833
24153,12813
24154,12805
24155,12828
24156,12845
24157,12813
24158,12834
24159,12845
24160,12825
24161,12815
24162,12829
24163,12854
24164,12848
24165,12854
24166,12849
24167,12851
24168,12843
24169,12851
24170,12832
24171,12840
24172,12843
24173,12851
24174,12853
24175,12832
24176,12834
24177,12800
24178,12839
24179,12800
24180,12833
24181,12854
24182,12849
24183,12848
24184,12866
24185,12854
24186,12844
24187,12866
24188,12848
24189,12854
24190,12866
24191,12864
24192,12873
24193,12871
24194,12860
24195,12871
24196,12873
24197,12879
24198,12868
24199,12886
24200,12870
24201,12886
24202,12868
24203,12828
24204,12886
24205,12868
24206,12863
24207,12886
24208,12858
24209,12875
24210,12879
24211,12869
24212,12875
24213,12889
24214,12890
24215,12864
24216,12874
24217,12845
24218,12879
24219,12854
24220,12885
24221,12899
24222,12886
24223,12869
24224,12884
24225,12889
24226,12890
24227,12889
24228,12899
24229,12899
24230,12886
24231,12898
24232,12906
24233,12899
24234,12900
24235,12899
24236,12877
24237,12909
24238,12919
24239,12905
24240,12909
24241,12918
24242,12920
24243,12910
24244,12914
24245,12909
24246,12898
24247,12918
24248,12910
24249,12915
24250,12920
24251,12910
24252,12920
24253,12910
24254,12920
24255,12920
24256,12885
24257,12934
24258,12921
24259,12920
24260,12921
24261,12920
24262,12934
24263,12920
24264,12885
24265,12920
24266,12934
24267,12920
24268,12924
24269,12922
24270,12930
24271,12931
24272,12924
24273,12944
24274,12935
24275,12940
24276,12920
24277,12945
24278,12938
24279,12945
24280,12944
24281,12946
24282,12954
24283,12945
24284,12930
24285,12950
24286,12926
24287,12945
24288,12885
24289,12934
24290,12945
24291,12950
24292,12955
24293,12963
24294,12964
24295,12949
24296,12954
24297,12944
24298,12935
24299,12948
24300,12940
24301,12929
24302,12940
24303,12940
24304,12925
24305,12921
24306,12939
24307,12939
24308,12946
24309,12921
24310,12939
24311,12939
24312,12921
24313,12946
24314,12939
24315,12930
24316,12913
24317,12930
24318,12913
24319,12929
24320,12953
24321,12939
24322,12944
24323,12936
24324,12945
24325,12936
24326,12954
24327,12960
24328,12953
24329,12934
24330,12945
24331,12953
24332,12944
24333,12949
24334,12945
24335,12946
24336,12955
24337,12974
24338,12956
24339,12945
24340,12984
24341,12979
24342,12963
24343,12984
24344,12945
24345,12984
24346,12945
24347,12945
24348,12978
24349,12969
24350,12979
24351,12978
24352,12980
24353,12983
24354,12960
24355,12951
24356,12960
24357,12961
24358,12981
24359,12960
24360,12960
24361,12931
24362,12928
24363,12978
24364,12986
24365,12979
24366,12973
24367,12979
24368,12971
24369,12979
24370,12979
24371,12979
24372,12973
24373,12979
24374,12943
24375,12986
24376,12989
24377,12989
24378,12969
24379,12989
24380,12989
24381,12986
24382,12989
24383,12989
24384,12974
24385,12989
24386,13003
24387,12976
24388,12996
24389,13003
24390,12971
24391,13003
24392,12988
24393,13003
24394,12998
24395,12978
24396,12980
24397,12969
24398,12995
24399,13015
24400,12988
24401,13015
24402,13000
24403,13015
24404,13015
24405,12988
24406,13016
24407,13020
24408,13010
24409,12994
24410,12998
24411,12995
24412,13018
24413,13021
24414,13018
24415,13019
24416,13018
24417,13008
24418,13010
24419,13019
24420,13021
24421,13018
24422,13018
24423,13021
24424,13018
24425,12991
24426,13003
24427,12999
24428,13003
24429,12984
24430,12969
24431,12996
24432,12971
24433,12985
24434,12996
24435,12989
24436,12998
24437,12989
24438,12985
24439,12996
24440,12996
24441,12990
24442,13000
24443,13004
24444,12990
24445,12985
24446,12988
24447,12965
24448,12980
24449,12989
24450,12985
24451,12981
24452,12999
24453,12998
24454,12988
24455,12991
24456,12988
24457,12998
24458,12979
24459,13009
24460,13004
24461,12988
24462,13010
24463,12975
24464,12986
24465,12999
24466,13011
24467,13009
24468,12985
24469,12986
24470,12981
24471,12995
24472,12981
24473,12986
24474,12998
24475,12999
24476,12974
24477,12991
24478,12978
24479,13006
24480,12995
24481,12996
24482,13006
24483,12994
24484,12995
24485,13006
24486,13003
24487,13006
24488,13004
24489,12996
24490,13009
24491,12996
24492,12984
24493,13006
24494,12996
24495,12984
24496,12996
24497,12996
24498,12984
24499,13013
24500,13009
24501,12998
24502,13003
24503,12984
24504,12989
24505,13004
24506,12998
24507,13016
24508,13009
24509,13009
24510,13016
24511,13016
24512,13009
24513,13014
24514,13016
24515,13026
24516,13024
24517,13037
24518,13009
24519,13010
24520,13024
24521,13037
24522,12967
24523,13035
24524,13044
24525,12974
24526,13037
24527,13024
24528,13028
24529,13020
24530,13025
24531,13020
24532,13009
24533,13025
24534,13020
24535,13000
24536,13020
24537,13032
24538,13046
24539,13038
24540,13046
24541,13034
24542,13046
24543,13038
24544,13040
24545,13023
24546,13037
24547,13010
24548,13024
24549,13037
24550,13026
24551,13009
24552,13016
24553,13034
24554,13028
24555,13010
24556,13021
24557,12983
24558,13018
24559,13028
24560,13026
24561,13043
24562,13040
24563,13011
24564,13043
24565,13031
24566,13044
24567,13024
24568,13038
24569,13003
24570,13044
24571,13044
24572,13045
24573,13051
24574,13039
24575,13041
24576,13013
24577,13045
24578,13039
24579,13051
24580,13045
24581,13046
24582,13059
24583,13074
24584,13054
24585,13074
24586,13074
24587,13044
24588,13059
24589,13074
24590,13074
24591,13058
24592,13074
24593,13050
24594,13074
24595,13044
24596,13074
24597,13074
24598,13049
24599,13065
24600,13038
24601,13059
24602,13050
24603,13060
24604,13058
24605,13069
24606,13050
24607,13058
24608,13031
24609,13054
24610,13040
24611,13038
24612,13059
24613,13053
24614,13068
24615,13066
24616,13061
24617,13049
24618,13065
24619,13061
24620,13066
24621,13059
24622,13061
24623,13049
24624,13066
24625,13061
24626,13063
24627,13066
24628,13054
24629,13056
24630,13054
24631,13040
24632,13060
24633,13061
24634,13067
24635,13061
24636,13046
24637,13054
24638,13036
24639,13056
24640,13059
24641,13065
24642,13059
24643,13064
24644,13056
24645,13045
24646,13064
24647,13056
24648,13065
24649,13069
24650,13064
24651,13062
24652,13066
24653,13069
24654,13064
24655,13055
24656,13062
24657,13069
24658,13064
24659,13062
24660,13069
24661,13064
24662,13069
24663,13062
24664,13064
24665,13066
24666,13069
24667,13064
24668,13062
24669,13078
24670,13051
24671,13058
24672,13069
24673,13051
24674,13073
24675,13073
24676,13069
24677,13084
24678,13089
24679,13064
24680,13099
24681,13074
24682,13064
24683,13099
24684,13080
24685,13098
24686,13090
24687,13104
24688,13098
24689,13093
24690,13096
24691,13107
24692,13096
24693,13088
24694,13094
24695,13103
24696,13079
24697,13103
24698,13081
24699,13086
24700,13103
24701,13079
24702,13075
24703,13090
24704,13098
24705,13090
24706,13100
24707,13105
24708,13080
24709,13086
24710,13080
24711,13099
24712,13099
24713,13080
24714,13080
24715,13099
24716,13096
24717,13084
24718,13074
24719,13079
24720,13079
24721,13065
24722,13089
24723,13090
24724,13075
24725,13096
24726,13095
24727,13096
24728,13111
24729,13110
24730,13114
24731,13125
24732,13114
24733,13114
24734,13105
24735,13125
24736,13114
24737,13131
24738,13131
24739,13129
24740,13117
24741,13129
24742,13131
24743,13114
24744,13139
24745,13114
24746,13139
24747,13139
24748,13129
24749,13139
24750,13139
24751,13139
24752,13099
24753,13141
24754,13114
24755,13139
24756,13140
24757,13134
24758,13139
24759,13130
24760,13130
24761,13138
24762,13140
24763,13116
24764,13133
24765,13121
24766,13154
24767,13125
24768,13136
24769,13154
24770,13139
24771,13140
24772,13144
24773,13136
24774,13141
24775,13144
24776,13136
24777,13144
24778,13141
24779,13154
24780,13151
24781,13155
24782,13162
24783,13160
24784,13155
24785,13138
24786,13160
24787,13155
24788,13138
24789,13162
24790,13160
24791,13155
24792,13150
24793,13155
24794,13159
24795,13159
24796,13159
24797,13150
24798,13159
24799,13159
24800,13124
24801,13159
24802,13168
24803,13158
24804,13179
24805,13164
24806,13179
24807,13160
24808,13171
24809,13143
24810,13179
24811,13169
24812,13176
24813,13188
24814,13179
24815,13188
24816,13165
24817,13171
24818,13163
24819,13168
24820,13163
24821,13168
24822,13175
24823,13163
24824,13169
24825,13151
24826,13158
24827,13174
24828,13158
24829,13150
24830,13178
24831,13176
24832,13156
24833,13189
24834,13176
24835,13156
24836,13189
24837,13179
24838,13165
24839,13188
24840,13179
24841,13176
24842,13188
24843,13189
24844,13174
24845,13179
24846,13170
24847,13191
24848,13189
24849,13164
24850,13203
24851,13199
24852,13189
24853,13204
24854,13165
24855,13186
24856,13201
24857,13191
24858,13186
24859,13191
24860,13180
24861,13201
24862,13184
24863,13194
24864,13203
24865,13194
24866,13191
24867,13184
24868,13194
24869,13209
24870,13203
24871,13210
24872,13219
24873,13177
24874,13214
24875,13218
24876,13219
24877,13218
24878,13219
24879,13195
24880,13205
24881,13195
24882,13219
24883,13195
24884,13196
24885,13195
24886,13234
24887,13211
24888,13215
24889,13226
24890,13228
24891,13215
24892,13211
24893,13240
24894,13235
24895,13226
24896,13235
24897,13235
24898,13244
24899,13238
24900,13235
24901,13244
24902,13235
24903,13226
24904,13235
24905,13230
24906,13245
24907,13224
24908,13224
24909,13206
24910,13204
24911,13234
24912,13218
24913,13243
24914,13241
24915,13241
24916,13229
24917,13204
24918,13206
24919,13204
24920,13233
24921,13217
24922,13215
24923,13235
24924,13238
24925,13240
24926,13233
24927,13240
24928,13225
24929,13236
24930,13225
24931,13239
24932,13236
24933,13195
24934,13225
24935,13236
24936,13215
24937,13234
24938,13233
24939,13232
24940,13236
24941,13234
24942,13241
24943,13234
24944,13233
24945,13234
24946,13241
24947,13231
24948,13234
24949,13241
24950,13236
24951,13232
24952,13234
24953,13233
24954,13234
24955,13241
24956,13234
24957,13231
24958,13215
24959,13236
24960,13225
24961,13242
24962,13218
24963,13246
24964,13245
24965,13222
24966,13245
24967,13246
24968,13225
24969,13206
24970,13204
24971,13206
24972,13204
24973,13206
24974,13236
24975,13244
24976,13235
24977,13231
24978,13225
24979,13239
24980,13232
24981,13231
24982,13225
24983,13239
24984,13232
24985,13246
24986,13223
24987,13224
24988,13246
24989,13246
24990,13226
24991,13246
24992,13224
24993,13214
24994,13215
24995,13229
24996,13238
24997,13234
24998,13229
24999,13238
25000,13249
25001,13251
25002,13251
25003,13246
25004,13264
25005,13263
25006,13246
25007,13251
25008,13229
25009,13233
25010,13224
25011,13234
25012,13259
25013,13231
25014,13224
25015,13259
25016,13255
25017,13253
25018,13261
25019,13265
25020,13253
25021,13253
25022,13265
25023,13261
25024,13245
25025,13274
25026,13263
25027,13239
25028,13263
25029,13277
25030,13278
25031,13254
25032,13278
25033,13284
25034,13278
25035,13254
25036,13278
25037,13254
25038,13278
25039,13284
25040,13278
25041,13279
25042,13281
25043,13288
25044,13303
25045,13293
25046,13300
25047,13269
25048,13243
25049,13285
25050,13289
25051,13290
25052,13293
25053,13290
25054,13304
25055,13304
25056,13284
25057,13304
25058,13304
25059,13301
25060,13304
25061,13304
25062,13304
25063,13311
25064,13288
25065,13294
25066,13295
25067,13304
25068,13275
25069,13314
25070,13303
25071,13285
25072,13311
25073,13319
25074,13323
25075,13306
25076,13323
25077,13319
25078,13329
25079,13324
25080,13316
25081,13306
25082,13324
25083,13323
25084,13339
25085,13318
25086,13344
25087,13336
25088,13340
25089,13344
25090,13336
25091,13344
25092,13318
25093,13326
25094,13344
25095,13324
25096,13336
25097,13318
25098,13344
25099,13344
25100,13336
25101,13318
25102,13345
25103,13349
25104,13350
25105,13340
25106,13345
25107,13364
25108,13354
25109,13364
25110,13331
25111,13364
25112,13354
25113,13364
25114,13366
25115,13358
25116,13368
25117,13358
25118,13373
25119,13366
25120,13334
25121,13295
25122,13374
25123,13368
25124,13358
25125,13381
25126,13381
25127,13368
25128,13378
25129,13357
25130,13378
25131,13360
25132,13369
25133,13354
25134,13369
25135,13355
25136,13340
25137,13354
25138,13369
25139,13354
25140,13369
25141,13356
25142,13370
25143,13369
25144,13340
25145,13369
25146,13346
25147,13374
25148,13376
25149,13355
25150,13355
25151,13376
25152,13355
25153,13349
25154,13355
25155,13376
25156,13355
25157,13329
25158,13355
25159,13376
25160,13366
25161,13354
25162,13340
25163,13354
25164,13375
25165,13379
25166,13380
25167,13375
25168,13380
25169,13375
25170,13371
25171,13375
25172,13380
25173,13375
25174,13338
25175,13375
25176,13385
25177,13381
25178,13384
25179,13394
25180,13391
25181,13360
25182,13386
25183,13380
25184,13395
25185,13360
25186,13395
25187,13360
25188,13380
25189,13386
25190,13395
25191,13370
25192,13373
25193,13399
25194,13359
25195,13386
25196,13399
25197,13389
25198,13400
25199,13386
25200,13414
25201,13385
25202,13369
25203,13384
25204,13381
25205,13384
25206,13399
25207,13399
25208,13397
25209,13383
25210,13399
25211,13397
25212,13410
25213,13383
25214,13399
25215,13397
25216,13374
25217,13386
25218,13403
25219,13404
25220,13402
25221,13374
25222,13389
25223,13399
25224,13391
25225,13408
25226,13399
25227,13404
25228,13409
25229,13363
25230,13404
25231,13409
25232,13399
25233,13366
25234,13351
25235,13394
25236,13396
25237,13378
25238,13391
25239,13400
25240,13396
25241,13391
25242,13398
25243,13391
25244,13406
25245,13395
25246,13396
25247,13404
25248,13406
25249,13409
25250,13417
25251,13415
25252,13424
25253,13384
25254,13425
25255,13424
25256,13438
25257,13430
25258,13438
25259,13424
25260,13436
25261,13414
25262,13418
25263,13426
25264,13416
25265,13439
25266,13428
25267,13426
25268,13428
25269,13439
25270,13424
25271,13441
25272,13443
25273,13441
25274,13450
25275,13453
25276,13441
25277,13449
25278,13453
25279,13441
25280,13440
25281,13456
25282,13448
25283,13456
25284,13454
25285,13456
25286,13433
25287,13456
25288,13444
25289,13456
25290,13460
25291,13456
25292,13456
25293,13464
25294,13459
25295,13456
25296,13464
25297,13440
25298,13449
25299,13462
25300,13449
25301,13449
25302,13449
25303,13444
25304,13462
25305,13449
25306,13462
25307,13449
25308,13449
25309,13455
25310,13463
25311,13465
25312,13456
25313,13448
25314,13463
25315,13468
25316,13469
25317,13463
25318,13455
25319,13449
25320,13449
25321,13444
25322,13462
25323,13449
25324,13433
25325,13449
25326,13462
25327,13449
25328,13449
25329,13444
25330,13462
25331,13449
25332,13449
25333,13464
25334,13444
25335,13468
25336,13456
25337,13460
25338,13456
25339,13456
25340,13456
25341,13456
25342,13468
25343,13464
25344,13444
25345,13464
25346,13464
25347,13449
25348,13455
25349,13454
25350,13469
25351,13463
25352,13469
25353,13468
25354,13473
25355,13470
25356,13469
25357,13474
25358,13465
25359,13448
25360,13461
25361,13436
25362,13456
25363,13471
25364,13459
25365,13458
25366,13448
25367,13439
25368,13448
25369,13425
25370,13448
25371,13454
25372,13464
25373,13464
25374,13464
25375,13470
25376,13455
25377,13437
25378,13475
25379,13455
25380,13479
25381,13455
25382,13455
25383,13475
25384,13470
25385,13464
25386,13464
25387,13466
25388,13481
25389,13489
25390,13480
25391,13490
25392,13480
25393,13483
25394,13480
25395,13490
25396,13496
25397,13500
25398,13499
25399,13490
25400,13486
25401,13454
25402,13493
25403,13481
25404,13481
25405,13493
25406,13481
25407,13497
25408,13506
25409,13510
25410,13510
25411,13506
25412,13510
25413,13505
25414,13514
25415,13521
25416,13521
25417,13514
25418,13500
25419,13521
25420,13496
25421,13519
25422,13508
25423,13493
25424,13490
25425,13490
25426,13500
25427,13493
25428,13490
25429,13490
25430,13528
25431,13510
25432,13496
25433,13524
25434,13490
25435,13490
25436,13493
25437,13490
25438,13521
25439,13538
25440,13514
25441,13544
25442,13543
25443,13539
25444,13544
25445,13544
25446,13549
25447,13554
25448,13552
25449,13538
25450,13552
25451,13538
25452,13554
25453,13552
25454,13538
25455,13545
25456,13526
25457,13541
25458,13497
25459,13541
25460,13529
25461,13555
25462,13548
25463,13559
25464,13534
25465,13545
25466,13542
25467,13545
25468,13529
25469,13526
25470,13525
25471,13543
25472,13543
25473,13542
25474,13526
25475,13535
25476,13539
25477,13527
25478,13530
25479,13545
25480,13548
25481,13541
25482,13554
25483,13543
25484,13541
25485,13519
25486,13543
25487,13541
25488,13529
25489,13543
25490,13554
25491,13541
25492,13559
25493,13565
25494,13556
25495,13551
25496,13565
25497,13552
25498,13556
25499,13565
25500,13524
25501,13565
25502,13578
25503,13570
25504,13578
25505,13564
25506,13536
25507,13551
25508,13565
25509,13534
25510,13567
25511,13578
25512,13563
25513,13578
25514,13578
25515,13549
25516,13573
25517,13574
25518,13567
25519,13564
25520,13567
25521,13558
25522,13559
25523,13553
25524,13574
25525,13559
25526,13588
25527,13585
25528,13574
25529,13588
25530,13577
25531,13571
25532,13574
25533,13559
25534,13571
25535,13543
25536,13574
25537,13571
25538,13546
25539,13569
25540,13569
25541,13569
25542,13563
25543,13574
25544,13561
25545,13561
25546,13580
25547,13581
25548,13554
25549,13561
25550,13580
25551,13561
25552,13561
25553,13588
25554,13574
25555,13588
25556,13551
25557,13573
25558,13574
25559,13588
25560,13569
25561,13588
25562,13574
25563,13573
25564,13588
25565,13574
25566,13588
25567,13584
25568,13589
25569,13589
25570,13591
25571,13602
25572,13605
25573,13593
25574,13583
25575,13578
25576,13588
25577,13604
25578,13604
25579,13591
25580,13600
25581,13604
25582,13604
25583,13586
25584,13591
25585,13604
25586,13557
25587,13605
25588,13612
25589,13606
25590,13599
25591,13597
25592,13599
25593,13581
25594,13606
25595,13599
25596,13599
25597,13597
25598,13606
25599,13580
25600,13602
25601,13601
25602,13608
25603,13588
25604,13606
25605,13612
25606,13586
25607,13606
25608,13612
25609,13604
25610,13607
25611,13620
25612,13620
25613,13589
25614,13600
25615,13597
25616,13621
25617,13597
25618,13597
25619,13621
25620,13593
25621,13597
25622,13597
25623,13621
25624,13597
25625,13621
25626,13606
25627,13621
25628,13624
25629,13620
25630,13628
25631,13610
25632,13626
25633,13625
25634,13628
25635,13619
25636,13624
25637,13602
25638,13639
25639,13623
25640,13649
25641,13649
25642,13629
25643,13645
25644,13649
25645,13629
25646,13649
25647,13649
25648,13629
25649,13649
25650,13649
25651,13629
25652,13621
25653,13649
25654,13649
25655,13629
25656,13649
25657,13629
25658,13649
25659,13639
25660,13629
25661,13649
25662,13649
25663,13645
25664,13629
25665,13649
25666,13649
25667,13629
25668,13649
25669,13645
25670,13629
25671,13649
25672,13649
25673,13629
25674,13628
25675,13649
25676,13651
25677,13649
25678,13654
25679,13631
25680,13649
25681,13631
25682,13654
25683,13654
25684,13656
25685,13643
25686,13635
25687,13631
25688,13649
25689,13621
25690,13631
25691,13654
25692,13654
25693,13659
25694,13669
25695,13633
25696,13633
25697,13656
25698,13641
25699,13655
25700,13641
25701,13650
25702,13661
25703,13641
25704,13655
25705,13658
25706,13654
25707,13641
25708,13655
25709,13641
25710,13660
25711,13667
25712,13681
25713,13683
25714,13688
25715,13683
25716,13669
25717,13669
25718,13688
25719,13683
25720,13669
25721,13683
25722,13688
25723,13673
25724,13644
25725,13675
25726,13683
25727,13673
25728,13674
25729,13685
25730,13691
25731,13683
25732,13626
25733,13698
25734,13698
25735,13698
25736,13688
25737,13698
25738,13695
25739,13679
25740,13653
25741,13690
25742,13696
25743,13684
25744,13655
25745,13694
25746,13696
25747,13681
25748,13680
25749,13680
25750,13691
25751,13692
25752,13699
25753,13680
25754,13704
25755,13680
25756,13696
25757,13689
25758,13700
25759,13680
25760,13689
25761,13696
25762,13680
25763,13689
25764,13696
25765,13680
25766,13679
25767,13678
25768,13704
25769,13704
25770,13630
25771,13701
25772,13713
25773,13700
25774,13713
25775,13702
25776,13700
25777,13680
25778,13699
25779,13715
25780,13711
25781,13698
25782,13699
25783,13711
25784,13715
25785,13713
25786,13689
25787,13709
25788,13680
25789,13703
25790,13689
25791,13709
25792,13680
25793,13700
25794,13689
25795,13680
25796,13709
25797,13689
25798,13680
25799,13703
25800,13709
25801,13680
25802,13689
25803,13724
25804,13721
25805,13719
25806,13725
25807,13729
25808,13719
25809,13724
25810,13709
25811,13680
25812,13689
25813,13716
25814,13730
25815,13706
25816,13730
25817,13712
25818,13730
25819,13730
25820,13714
25821,13676
25822,13705
25823,13716
25824,13724
25825,13721
25826,13724
25827,13709
25828,13740
25829,13720
25830,13739
25831,13724
25832,13740
25833,13720
25834,13724
25835,13720
25836,13739
25837,13720
25838,13724
25839,13720
25840,13730
25841,13731
25842,13723
25843,13736
25844,13734
25845,13699
25846,13686
25847,13721
25848,13741
25849,13686
25850,13735
25851,13734
25852,13736
25853,13714
25854,13734
25855,13736
25856,13714
25857,13734
25858,13701
25859,13736
25860,13743
25861,13744
25862,13730
25863,13758
25864,13751
25865,13749
25866,13728
25867,13758
25868,13772
25869,13760
25870,13775
25871,13776
25872,13759
25873,13775
25874,13776
25875,13759
25876,13776
25877,13775
25878,13760
25879,13772
25880,13758
25881,13728
25882,13749
25883,13759
25884,13765
25885,13749
25886,13756
25887,13765
25888,13749
25889,13754
25890,13779
25891,13733
25892,13750
25893,13779
25894,13754
25895,13765
25896,13749
25897,13756
25898,13749
25899,13765
25900,13749
25901,13756
25902,13749
25903,13765
25904,13746
25905,13763
25906,13763
25907,13754
25908,13745
25909,13763
25910,13754
25911,13749
25912,13758
25913,13747
25914,13764
25915,13763
25916,13754
25917,13763
25918,13750
25919,13769
25920,13779
25921,13764
25922,13770
25923,13759
25924,13760
25925,13783
25926,13781
25927,13763
25928,13784
25929,13784
25930,13769
25931,13791
25932,13790
25933,13792
25934,13780
25935,13774
25936,13792
25937,13774
25938,13792
25939,13780
25940,13777
25941,13792
25942,13774
25943,13792
25944,13789
25945,13804
25946,13805
25947,13789
25948,13805
25949,13816
25950,13804
25951,13805
25952,13808
25953,13816
25954,13805
25955,13820
25956,13804
25957,13823
25958,13816
25959,13801
25960,13806
25961,13816
25962,13821
25963,13821
25964,13821
25965,13821
25966,13821
25967,13787
25968,13819
25969,13821
25970,13821
25971,13800
25972,13830
25973,13819
25974,13829
25975,13835
25976,13822
25977,13783
25978,13835
25979,13816
25980,13834
25981,13831
25982,13839
25983,13839
25984,13840
25985,13853
25986,13822
25987,13840
25988,13853
25989,13858
25990,13860
25991,13854
25992,13850
25993,13860
25994,13854
25995,13866
25996,13855
25997,13856
25998,13854
25999,13855
26000,13856
26001,13871
26002,13881
26003,13879
26004,13874
26005,13851
26006,13876
26007,13881
26008,13879
26009,13874
26010,13886
26011,13874
26012,13874
26013,13874
26014,13875
26015,13874
26016,13874
26017,13874
26018,13864
26019,13874
26020,13874
26021,13874
26022,13899
26023,13895
26024,13909
26025,13910
26026,13894
26027,13880
26028,13886
26029,13881
26030,13908
26031,13900
26032,13895
26033,13910
26034,13895
26035,13869
26036,13908
26037,13908
26038,13905
26039,13908
26040,13899
26041,13907
26042,13909
26043,13869
26044,13910
26045,13913
26046,13913
26047,13920
26048,13905
26049,13913
26050,13904
26051,13872
26052,13899
26053,13895
26054,13914
26055,13919
26056,13915
26057,13912
26058,13918
26059,13898
26060,13897
26061,13924
26062,13905
26063,13924
26064,13913
26065,13904
26066,13905
26067,13924
26068,13894
26069,13914
26070,13924
26071,13904
26072,13913
26073,13924
26074,13914
26075,13916
26076,13919
26077,13889
26078,13929
26079,13913
26080,13913
26081,13927
26082,13903
26083,13921
26084,13903
26085,13913
26086,13914
26087,13927
26088,13903
26089,13929
26090,13934
26091,13920
26092,13929
26093,13927
26094,13903
26095,13914
26096,13921
26097,13930
26098,13916
26099,13926
26100,13932
26101,13903
26102,13903
26103,13927
26104,13903
26105,13914
26106,13927
26107,13903
26108,13913
26109,13921
26110,13927
26111,13903
26112,13921
26113,13927
26114,13903
26115,13914
26116,13913
26117,13903
26118,13927
26119,13903
26120,13927
26121,13903
26122,13925
26123,13920
26124,13905
26125,13921
26126,13917
26127,13905
26128,13920
26129,13919
26130,13890
26131,13913
26132,13932
26133,13934
26134,13933
26135,13934
26136,13932
26137,13912
26138,13929
26139,13937
26140,13931
26141,13924
26142,13940
26143,13942
26144,13934
26145,13950
26146,13903
26147,13934
26148,13903
26149,13950
26150,13934
26151,13903
26152,13942
26153,13912
26154,13929
26155,13939
26156,13939
26157,13937
26158,13939
26159,13943
26160,13939
26161,13939
26162,13930
26163,13945
26164,13935
26165,13935
26166,13944
26167,13942
26168,13946
26169,13913
26170,13933
26171,13952
26172,13951
26173,13952
26174,13939
26175,13930
26176,13924
26177,13952
26178,13942
26179,13921
26180,13916
26181,13921
26182,13936
26183,13916
26184,13942
26185,13921
26186,13943
26187,13925
26188,13935
26189,13945
26190,13926
26191,13945
26192,13945
26193,13926
26194,13951
26195,13945
26196,13945
26197,13926
26198,13931
26199,13954
26200,13956
26201,13956
26202,13966
26203,13964
26204,13960
26205,13966
26206,13953
26207,13961
26208,13956
26209,13954
26210,13961
26211,13961
26212,13956
26213,13954
26214,13966
26215,13979
26216,13941
26217,13948
26218,13979
26219,13965
26220,13979
26221,13980
26222,13977
26223,13973
26224,13980
26225,13979
26226,13980
26227,13973
26228,13995
26229,13997
26230,13969
26231,13977
26232,13981
26233,13972
26234,13971
26235,13986
26236,13994
26237,13986
26238,13994
26239,13971
26240,13994
26241,13986
26242,13994
26243,13969
26244,13986
26245,13974
26246,13978
26247,13986
26248,13974
26249,13986
26250,13971
26251,13926
26252,13946
26253,13935
26254,13954
26255,13995
26256,13992
26257,13986
26258,13989
26259,13977
26260,13969
26261,13985
26262,13982
26263,13971
26264,13982
26265,13985
26266,13982
26267,13982
26268,13969
26269,13985
26270,13982
26271,13982
26272,13997
26273,13984
26274,14000
26275,14000
26276,13984
26277,13991
26278,13984
26279,13970
26280,13984
26281,13994
26282,13984
26283,14004
26284,14000
26285,13999
26286,13983
26287,13997
26288,14001
26289,13960
26290,14003
26291,14004
26292,13995
26293,13979
26294,13990
26295,13990
26296,13979
26297,13995
26298,13990
26299,13986
26300,13975
26301,13985
26302,13976
26303,13972
26304,13999
26305,13995
26306,13972
26307,13991
26308,13999
26309,13995
26310,13972
26311,13999
26312,13984
26313,13994
26314,13974
26315,13999
26316,14007
26317,13972
26318,13983
26319,13983
26320,13983
26321,14007
26322,13972
26323,13983
26324,13983
26325,13972
26326,14007
26327,14011
26328,13999
26329,13999
26330,13971
26331,14011
26332,14004
26333,14000
26334,14011
26335,13989
26336,14010
26337,14007
26338,13986
26339,14010
26340,13989
26341,14010
26342,14001
26343,14005
26344,14007
26345,14006
26346,14014
26347,14024
26348,14031
26349,14006
26350,14024
26351,14024
26352,14031
26353,14006
26354,14020
26355,14029
26356,14028
26357,13995
26358,14001
26359,14012
26360,14023
26361,14001
26362,14023
26363,14012
26364,14025
26365,14001
26366,14023
26367,14012
26368,14026
26369,13990
26370,14014
26371,14015
26372,14009
26373,14009
26374,14015
26375,14008
26376,14000
26377,14007
26378,14000
26379,14008
26380,14007
26381,14019
26382,14039
26383,13999
26384,14016
26385,14029
26386,14039
26387,14035
26388,14044
26389,14039
26390,14044
26391,14026
26392,14044
26393,14037
26394,14044
26395,14041
26396,14056
26397,14041
26398,14054
26399,14046
26400,14046
26401,14035
26402,14054
26403,14056
26404,14060
26405,14046
26406,14039
26407,14064
26408,14061
26409,14064
26410,14035
26411,14064
26412,14065
26413,14041
26414,14044
26415,14034
26416,14041
26417,14044
26418,14057
26419,14057
26420,14064
26421,14065
26422,14040
26423,14065
26424,14040
26425,14064
26426,14066
26427,14074
26428,14069
26429,14072
26430,14054
26431,14067
26432,14072
26433,14057
26434,14048
26435,14082
26436,14071
26437,14084
26438,14099
26439,14070
26440,14081
26441,14069
26442,14071
26443,14061
26444,14069
26445,14069
26446,14069
26447,14071
26448,14081
26449,14069
26450,14076
26451,14069
26452,14069
26453,14069
26454,14061
26455,14071
26456,14069
26457,14081
26458,14070
26459,14099
26460,14079
26461,14084
26462,14069
26463,14096
26464,14106
26465,14099
26466,14093
26467,14091
26468,14091
26469,14085
26470,14109
26471,14078
26472,14078
26473,14094
26474,14078
26475,14109
26476,14078
26477,14089
26478,14086
26479,14082
26480,14083
26481,14086
26482,14082
26483,14082
26484,14086
26485,14082
26486,14083
26487,14082
26488,14086
26489,14104
26490,14124
26491,14118
26492,14124
26493,14099
26494,14124
26495,14118
26496,14124
26497,14097
26498,14124
26499,14115
26500,14124
26501,14128
26502,14130
26503,14119
26504,14139
26505,14136
26506,14121
26507,14136
26508,14154
26509,14127
26510,14135
26511,14154
26512,14154
26513,14135
26514,14154
26515,14136
26516,14154
26517,14154
26518,14135
26519,14147
26520,14164
26521,14134
26522,14164
26523,14125
26524,14130
26525,14164
26526,14164
26527,14134
26528,14137
26529,14164
26530,14134
26531,14125
26532,14164
26533,14164
26534,14130
26535,14164
26536,14134
26537,14147
26538,14154
26539,14136
26540,14135
26541,14139
26542,14079
26543,14137
26544,14124
26545,14120
26546,14079
26547,14124
26548,14132
26549,14137
26550,14131
26551,14143
26552,14137
26553,14133
26554,14137
26555,14131
26556,14146
26557,14134
26558,14154
26559,14141
26560,14147
26561,14124
26562,14153
26563,14149
26564,14139
26565,14141
26566,14154
26567,14146
26568,14131
26569,14137
26570,14143
26571,14133
26572,14137
26573,14131
26574,14137
26575,14137
26576,14124
26577,14132
26578,14119
26579,14139
26580,14124
26581,14139
26582,14136
26583,14131
26584,14155
26585,14148
26586,14145
26587,14156
26588,14143
26589,14162
26590,14156
26591,14162
26592,14162
26593,14154
26594,14156
26595,14162
26596,14171
26597,14149
26598,14179
26599,14174
26600,14164
26601,14176
26602,14176
26603,14160
26604,14175
26605,14176
26606,14171
26607,14153
26608,14155
26609,14140
26610,14155
26611,14153
26612,14136
26613,14155
26614,14140
26615,14153
26616,14155
26617,14153
26618,14171
26619,14176
26620,14175
26621,14160
26622,14176
26623,14140
26624,14172
26625,14164
26626,14161
26627,14161
26628,14172
26629,14162
26630,14175
26631,14158
26632,14153
26633,14174
26634,14171
26635,14184
26636,14174
26637,14189
26638,14179
26639,14192
26640,14195
26641,14201
26642,14168
26643,14174
26644,14184
26645,14168
26646,14183
26647,14177
26648,14201
26649,14171
26650,14176
26651,14181
26652,14199
26653,14174
26654,14199
26655,14191
26656,14194
26657,14194
26658,14196
26659,14204
26660,14194
26661,14194
26662,14196
26663,14204
26664,14194
26665,14194
26666,14196
26667,14204
26668,14194
26669,14194
26670,14196
26671,14194
26672,14204
26673,14194
26674,14191
26675,14189
26676,14176
26677,14156
26678,14189
26679,14194
26680,14199
26681,14199
26682,14213
26683,14206
26684,14204
26685,14213
26686,14205
26687,14206
26688,14213
26689,14213
26690,14204
26691,14201
26692,14201
26693,14185
26694,14195
26695,14194
26696,14191
26697,14194
26698,14196
26699,14175
26700,14166
26701,14196
26702,14175
26703,14196
26704,14196
26705,14175
26706,14196
26707,14186
26708,14192
26709,14113
26710,14169
26711,14191
26712,14197
26713,14192
26714,14174
26715,14208
26716,14197
26717,14199
26718,14188
26719,14211
26720,14199
26721,14195
26722,14209
26723,14209
26724,14205
26725,14195
26726,14209
26727,14181
26728,14191
26729,14201
26730,14166
26731,14191
26732,14184
26733,14161
26734,14199
26735,14194
26736,14161
26737,14199
26738,14212
26739,14184
26740,14204
26741,14212
26742,14184
26743,14181
26744,14204
26745,14212
26746,14189
26747,14184
26748,14212
26749,14184
26750,14212
26751,14204
26752,14212
26753,14184
26754,14211
26755,14214
26756,14221
26757,14209
26758,14214
26759,14191
26760,14214
26761,14221
26762,14214
26763,14209
26764,14221
26765,14214
26766,14214
26767,14221
26768,14184
26769,14199
26770,14180
26771,14180
26772,14199
26773,14199
26774,14194
26775,14180
26776,14199
26777,14211
26778,14192
26779,14221
26780,14192
26781,14184
26782,14192
26783,14221
26784,14192
26785,14214
26786,14211
26787,14212
26788,14211
26789,14185
26790,14212
26791,14211
26792,14206
26793,14211
26794,14212
26795,14211
26796,14219
26797,14227
26798,14226
26799,14221
26800,14224
26801,14229
26802,14210
26803,14209
26804,14206
26805,14229
26806,14245
26807,14230
26808,14245
26809,14215
26810,14226
26811,14234
26812,14176
26813,14229
26814,14238
26815,14234
26816,14229
26817,14214
26818,14234
26819,14229
26820,14238
26821,14234
26822,14229
26823,14214
26824,14235
26825,14206
26826,14206
26827,14214
26828,14227
26829,14229
26830,14215
26831,14207
26832,14207
26833,14201
26834,14229
26835,14218
26836,14217
26837,14214
26838,14219
26839,14229
26840,14196
26841,14229
26842,14214
26843,14207
26844,14184
26845,14192
26846,14216
26847,14199
26848,14192
26849,14207
26850,14229
26851,14196
26852,14229
26853,14214
26854,14229
26855,14229
26856,14196
26857,14229
26858,14207
26859,14176
26860,14221
26861,14219
26862,14229
26863,14205
26864,14225
26865,14225
26866,14214
26867,14225
26868,14214
26869,14224
26870,14225
26871,14224
26872,14233
26873,14224
26874,14246
26875,14255
26876,14240
26877,14244
26878,14249
26879,14234
26880,14264
26881,14256
26882,14254
26883,14256
26884,14219
26885,14254
26886,14234
26887,14264
26888,14241
26889,14250
26890,14264
26891,14246
26892,14256
26893,14241
26894,14264
26895,14241
26896,14264
26897,14243
26898,14249
26899,14219
26900,14254
26901,14240
26902,14263
26903,14265
26904,14255
26905,14250
26906,14221
26907,14257
26908,14256
26909,14249
26910,14265
26911,14249
26912,14256
26913,14252
26914,14265
26915,14249
26916,14257
26917,14231
26918,14221
26919,14241
26920,14256
26921,14261
26922,14261
26923,14259
26924,14256
26925,14261
26926,14256
26927,14261
26928,14245
26929,14254
26930,14269
26931,14270
26932,14277
26933,14230
26934,14270
26935,14277
26936,14230
26937,14270
26938,14271
26939,14280
26940,14268
26941,14264
26942,14268
26943,14279
26944,14268
26945,14280
26946,14268
26947,14279
26948,14268
26949,14280
26950,14264
26951,14284
26952,14290
26953,14274
26954,14279
26955,14290
26956,14285
26957,14279
26958,14290
26959,14282
26960,14304
26961,14275
26962,14305
26963,14312
26964,14312
26965,14316
26966,14312
26967,14312
26968,14319
26969,14324
26970,14325
26971,14322
26972,14324
26973,14325
26974,14322
26975,14324
26976,14330
26977,14330
26978,14337
26979,14325
26980,14330
26981,14337
26982,14325
26983,14307
26984,14339
26985,14330
26986,14315
26987,14330
26988,14331
26989,14330
26990,14326
26991,14320
26992,14330
26993,14321
26994,14322
26995,14324
26996,14322
26997,14329
26998,14303
26999,14294
27000,14329
27001,14296
27002,14277
27003,14329
27004,14324
27005,14323
27006,14317
27007,14304
27008,14331
27009,14323
27010,14317
27011,14328
27012,14340
27013,14309
27014,14345
27015,14349
27016,14346
27017,14349
27018,14345
27019,14339
27020,14349
27021,14357
27022,14354
27023,14341
27024,14354
27025,14361
27026,14351
27027,14357
27028,14354
27029,14368
27030,14351
27031,14357
27032,14354
27033,14364
27034,14316
27035,14305
27036,14352
27037,14364
27038,14316
27039,14367
27040,14366
27041,14366
27042,14351
27043,14357
27044,14366
27045,14340
27046,14366
27047,14366
27048,14361
27049,14364
27050,14375
27051,14367
27052,14384
27053,14369
27054,14366
27055,14354
27056,14364
27057,14361
27058,14375
27059,14364
27060,14354
27061,14366
27062,14373
27063,14366
27064,14366
27065,14375
27066,14379
27067,14376
27068,14361
27069,14374
27070,14361
27071,14362
27072,14388
27073,14369
27074,14389
27075,14374
27076,14361
27077,14390
27078,14373
27079,14395
27080,14395
27081,14382
27082,14395
27083,14364
27084,14366
27085,14354
27086,14377
27087,14381
27088,14383
27089,14354
27090,14377
27091,14377
27092,14354
27093,14366
27094,14364
27095,14395
27096,14382
27097,14395
27098,14395
27099,14371
27100,14371
27101,14379
27102,14365
27103,14386
27104,14394
27105,14365
27106,14394
27107,14371
27108,14394
27109,14386
27110,14365
27111,14369
27112,14399
27113,14391
27114,14399
27115,14386
27116,14369
27117,14365
27118,14394
27119,14371
27120,14371
27121,14365
27122,14394
27123,14386
27124,14365
27125,14394
27126,14371
27127,14383
27128,14375
27129,14331
27130,14367
27131,14387
27132,14385
27133,14387
27134,14341
27135,14389
27136,14374
27137,14383
27138,14382
27139,14372
27140,14331
27141,14367
27142,14375
27143,14331
27144,14367
27145,14331
27146,14374
27147,14391
27148,14345
27149,14386
27150,14391
27151,14387
27152,14374
27153,14383
27154,14382
27155,14383
27156,14374
27157,14392
27158,14391
27159,14396
27160,14391
27161,14372
27162,14391
27163,14387
27164,14391
27165,14372
27166,14396
27167,14392
27168,14383
27169,14374
27170,14383
27171,14382
27172,14383
27173,14374
27174,14383
27175,14387
27176,14391
27177,14346
27178,14386
27179,14371
27180,14374
27181,14375
27182,14331
27183,14367
27184,14363
27185,14370
27186,14345
27187,14374
27188,14374
27189,14383
27190,14381
27191,14382
27192,14381
27193,14383
27194,14384
27195,14386
27196,14395
27197,14378
27198,14375
27199,14396
27200,14381
27201,14374
27202,14377
27203,14383
27204,14389
27205,14386
27206,14384
27207,14351
27208,14389
27209,14392
27210,14404
27211,14379
27212,14391
27213,14396
27214,14401
27215,14389
27216,14389
27217,14387
27218,14403
27219,14389
27220,14387
27221,14389
27222,14389
27223,14396
27224,14389
27225,14387
27226,14376
27227,14403
27228,14387
27229,14389
27230,14387
27231,14419
27232,14366
27233,14396
27234,14419
27235,14391
27236,14366
27237,14384
27238,14419
27239,14396
27240,14399
27241,14411
27242,14402
27243,14411
27244,14384
27245,14394
27246,14411
27247,14392
27248,14416
27249,14407
27250,14374
27251,14416
27252,14409
27253,14409
27254,14424
27255,14404
27256,14424
27257,14409
27258,14424
27259,14419
27260,14437
27261,14429
27262,14418
27263,14437
27264,14416
27265,14420
27266,14431
27267,14420
27268,14432
27269,14426
27270,14440
27271,14440
27272,14420
27273,14440
27274,14445
27275,14437
27276,14435
27277,14425
27278,14439
27279,14464
27280,14454
27281,14454
27282,14407
27283,14439
27284,14459
27285,14410
27286,14467
27287,14474
27288,14470
27289,14458
27290,14451
27291,14482
27292,14471
27293,14482
27294,14470
27295,14489
27296,14479
27297,14473
27298,14490
27299,14479
27300,14474
27301,14470
27302,14455
27303,14472
27304,14474
27305,14470
27306,14485
27307,14494
27308,14485
27309,14451
27310,14494
27311,14494
27312,14485
27313,14494
27314,14477
27315,14464
27316,14464
27317,14480
27318,14465
27319,14464
27320,14480
27321,14464
27322,14465
27323,14464
27324,14460
27325,14465
27326,14485
27327,14454
27328,14465
27329,14449
27330,14449
27331,14454
27332,14481
27333,14485
27334,14484
27335,14484
27336,14485
27337,14484
27338,14484
27339,14485
27340,14484
27341,14474
27342,14481
27343,14487
27344,14489
27345,14460
27346,14482
27347,14481
27348,14482
27349,14460
27350,14464
27351,14450
27352,14479
27353,14469
27354,14449
27355,14482
27356,14476
27357,14487
27358,14482
27359,14475
27360,14487
27361,14476
27362,14482
27363,14462
27364,14490
27365,14489
27366,14476
27367,14476
27368,14482
27369,14487
27370,14476
27371,14482
27372,14487
27373,14454
27374,14489
27375,14459
27376,14454
27377,14480
27378,14489
27379,14470
27380,14471
27381,14480
27382,14454
27383,14499
27384,14471
27385,14491
27386,14484
27387,14475
27388,14470
27389,14480
27390,14504
27391,14489
27392,14495
27393,14499
27394,14499
27395,14491
27396,14501
27397,14509
27398,14509
27399,14516
27400,14510
27401,14515
27402,14529
27403,14524
27404,14527
27405,14529
27406,14527
27407,14489
27408,14509
27409,14536
27410,14534
27411,14536
27412,14509
27413,14529
27414,14536
27415,14519
27416,14510
27417,14526
27418,14520
27419,14510
27420,14529
27421,14526
27422,14491
27423,14520
27424,14509
27425,14515
27426,14534
27427,14525
27428,14534
27429,14515
27430,14532
27431,14539
27432,14521
27433,14499
27434,14527
27435,14529
27436,14532
27437,14524
27438,14500
27439,14524
27440,14524
27441,14509
27442,14524
27443,14500
27444,14510
27445,14534
27446,14484
27447,14526
27448,14534
27449,14526
27450,14537
27451,14534
27452,14537
27453,14509
27454,14519
27455,14519
27456,14491
27457,14519
27458,14504
27459,14529
27460,14519
27461,14539
27462,14529
27463,14506
27464,14530
27465,14521
27466,14534
27467,14515
27468,14510
27469,14534
27470,14534
27471,14524
27472,14534
27473,14510
27474,14516
27475,14534
27476,14534
27477,14515
27478,14524
27479,14534
27480,14510
27481,14534
27482,14534
27483,14521
27484,14530
27485,14506
27486,14495
27487,14524
27488,14530
27489,14529
27490,14539
27491,14520
27492,14521
27493,14539
27494,14529
27495,14520
27496,14539
27497,14507
27498,14515
27499,14502
27500,14526
27501,14516
27502,14527
27503,14539
27504,14525
27505,14510
27506,14530
27507,14531
27508,14524
27509,14540
27510,14517
27511,14516
27512,14540
27513,14511
27514,14540
27515,14512
27516,14540
27517,14530
27518,14517
27519,14516
27520,14540
27521,14524
27522,14511
27523,14519
27524,14491
27525,14519
27526,14524
27527,14515
27528,14502
27529,14526
27530,14515
27531,14499
27532,14519
27533,14491
27534,14511
27535,14519
27536,14512
27537,14519
27538,14491
27539,14519
27540,14511
27541,14499
27542,14515
27543,14502
27544,14524
27545,14519
27546,14519
27547,14511
27548,14491
27549,14519
27550,14484
27551,14507
27552,14527
27553,14514
27554,14524
27555,14515
27556,14515
27557,14524
27558,14514
27559,14515
27560,14531
27561,14514
27562,14514
27563,14527
27564,14514
27565,14531
27566,14499
27567,14529
27568,14520
27569,14539
27570,14521
27571,14529
27572,14539
27573,14520
27574,14531
27575,14511
27576,14549
27577,14541
27578,14529
27579,14525
27580,14554
27581,14554
27582,14539
27583,14554
27584,14554
27585,14554
27586,14543
27587,14535
27588,14517
27589,14544
27590,14546
27591,14511
27592,14534
27593,14515
27594,14534
27595,14517
27596,14530
27597,14534
27598,14554
27599,14549
27600,14549
27601,14535
27602,14543
27603,14549
27604,14552
27605,14559
27606,14559
27607,14559
27608,14565
27609,14569
27610,14555
27611,14560
27612,14556
27613,14560
27614,14555
27615,14569
27616,14549
27617,14584
27618,14547
27619,14571
27620,14579
27621,14595
27622,14574
27623,14595
27624,14577
27625,14595
27626,14591
27627,14597
27628,14565
27629,14582
27630,14597
27631,14599
27632,14582
27633,14597
27634,14582
27635,14599
27636,14597
27637,14587
27638,14582
27639,14526
27640,14597
27641,14582
27642,14599
27643,14597
27644,14582
27645,14587
27646,14585
27647,14574
27648,14594
27649,14600
27650,14592
27651,14599
27652,14609
27653,14599
27654,14599
27655,14609
27656,14599
27657,14609
27658,14568
27659,14605
27660,14594
27661,14605
27662,14601
27663,14577
27664,14599
27665,14609
27666,14557
27667,14596
27668,14599
27669,14596
27670,14600
27671,14591
27672,14597
27673,14584
27674,14612
27675,14584
27676,14597
27677,14616
27678,14609
27679,14626
27680,14591
27681,14612
27682,14607
27683,14616
27684,14612
27685,14607
27686,14611
27687,14616
27688,14612
27689,14619
27690,14595
27691,14617
27692,14591
27693,14620
27694,14619
27695,14590
27696,14627
27697,14621
27698,14590
27699,14611
27700,14632
27701,14637
27702,14625
27703,14627
27704,14627
27705,14627
27706,14600
27707,14626
27708,14627
27709,14627
27710,14627
27711,14625
27712,14637
27713,14624
27714,14611
27715,14598
27716,14621
27717,14627
27718,14598
27719,14619
27720,14620
27721,14591
27722,14617
27723,14595
27724,14619
27725,14620
27726,14616
27727,14611
27728,14607
27729,14620
27730,14616
27731,14607
27732,14620
27733,14591
27734,14626
27735,14609
27736,14626
27737,14610
27738,14626
27739,14611
27740,14631
27741,14632
27742,14630
27743,14629
27744,14605
27745,14617
27746,14636
27747,14636
27748,14621
27749,14636
27750,14609
27751,14636
27752,14619
27753,14621
27754,14636
27755,14636
27756,14621
27757,14636
27758,14622
27759,14642
27760,14630
27761,14642
27762,14611
27763,14632
27764,14627
27765,14632
27766,14642
27767,14611
27768,14628
27769,14622
27770,14632
27771,14642
27772,14630
27773,14627
27774,14627
27775,14628
27776,14611
27777,14639
27778,14636
27779,14637
27780,14630
27781,14622
27782,14639
27783,14641
27784,14656
27785,14647
27786,14649
27787,14637
27788,14642
27789,14636
27790,14644
27791,14644
27792,14651
27793,14651
27794,14653
27795,14649
27796,14649
27797,14649
27798,14649
27799,14636
27800,14649
27801,14635
27802,14657
27803,14659
27804,14661
27805,14642
27806,14674
27807,14679
27808,14687
27809,14684
27810,14689
27811,14684
27812,14671
27813,14684
27814,14667
27815,14679
27816,14689
27817,14701
27818,14697
27819,14679
27820,14704
27821,14690
27822,14686
27823,14709
27824,14702
27825,14716
27826,14714
27827,14704
27828,14706
27829,14704
27830,14714
27831,14704
27832,14706
27833,14709
27834,14702
27835,14701
27836,14709
27837,14706
27838,14701
27839,14709
27840,14686
27841,14679
27842,14685
27843,14714
27844,14712
27845,14709
27846,14721
27847,14712
27848,14721
27849,14712
27850,14709
27851,14702
27852,14729
27853,14731
27854,14714
27855,14731
27856,14729
27857,14731
27858,14711
27859,14727
27860,14714
27861,14720
27862,14709
27863,14715
27864,14709
27865,14721
27866,14711
27867,14714
27868,14705
27869,14711
27870,14692
27871,14714
27872,14711
27873,14706
27874,14711
27875,14714
27876,14657
27877,14721
27878,14721
27879,14721
27880,14704
27881,14710
27882,14709
27883,14708
27884,14699
27885,14721
27886,14716
27887,14721
27888,14690
27889,14716
27890,14716
27891,14722
27892,14717
27893,14711
27894,14719
27895,14706
27896,14704
27897,14721
27898,14715
27899,14710
27900,14715
27901,14721
27902,14715
27903,14710
27904,14721
27905,14715
27906,14715
27907,14721
27908,14710
27909,14715
27910,14722
27911,14721
27912,14715
27913,14710
27914,14721
27915,14730
27916,14714
27917,14694
27918,14730
27919,14719
27920,14722
27921,14724
27922,14725
27923,14722
27924,14722
27925,14725
27926,14722
27927,14729
27928,14746
27929,14742
27930,14734
27931,14754
27932,14747
27933,14759
27934,14760
27935,14770
27936,14757
27937,14720
27938,14732
27939,14766
27940,14764
27941,14774
27942,14774
27943,14757
27944,14764
27945,14774
27946,14760
27947,14742
27948,14765
27949,14741
27950,14774
27951,14774
27952,14775
27953,14752
27954,14786
27955,14776
27956,14781
27957,14759
27958,14788
27959,14796
27960,14805
27961,14806
27962,14811
27963,14812
27964,14811
27965,14806
27966,14792
27967,14794
27968,14792
27969,14815
27970,14819
27971,14810
27972,14829
27973,14829
27974,14819
27975,14809
27976,14822
27977,14827
27978,14827
27979,14801
27980,14785
27981,14831
27982,14826
27983,14831
27984,14822
27985,14816
27986,14817
27987,14832
27988,14834
27989,14816
27990,14817
27991,14832
27992,14820
27993,14817
27994,14816
27995,14832
27996,14785
27997,14824
27998,14819
27999,14830
28000,14809
28001,14845
28002,14830
28003,14826
28004,14830
28005,14845
28006,14830
28007,14819
28008,14824
28009,14832
28010,14817
28011,14820
28012,14834
28013,14824
28014,14832
28015,14817
28016,14824
28017,14832
28018,14817
28019,14834
28020,14824
28021,14817
28022,14832
28023,14824
28024,14834
28025,14817
28026,14824
28027,14830
28028,14819
28029,14845
28030,14835
28031,14859
28032,14845
28033,14854
28034,14861
28035,14867
28036,14864
28037,14851
28038,14846
28039,14840
28040,14826
28041,14860
28042,14851
28043,14841
28044,14827
28045,14851
28046,14874
28047,14864
28048,14862
28049,14851
28050,14879
28051,14840
28052,14866
28053,14859
28054,14862
28055,14879
28056,14860
28057,14874
28058,14864
28059,14852
28060,14827
28061,14864
28062,14836
28063,14864
28064,14852
28065,14836
28066,14864
28067,14874
28068,14866
28069,14859
28070,14861
28071,14866
28072,14846
28073,14865
28074,14846
28075,14864
28076,14865
28077,14846
28078,14865
28079,14874
28080,14870
28081,14875
28082,14871
28083,14827
28084,14870
28085,14871
28086,14875
28087,14870
28088,14871
28089,14860
28090,14840
28091,14860
28092,14840
28093,14865
28094,14861
28095,14840
28096,14865
28097,14840
28098,14876
28099,14885
28100,14882
28101,14876
28102,14877
28103,14865
28104,14869
28105,14865
28106,14859
28107,14869
28108,14861
28109,14876
28110,14884
28111,14884
28112,14876
28113,14882
28114,14884
28115,14876
28116,14887
28117,14894
28118,14886
28119,14884
28120,14886
28121,14884
28122,14842
28123,14891
28124,14842
28125,14889
28126,14842
28127,14891
28128,14886
28129,14842
28130,14891
28131,14842
28132,14891
28133,14879
28134,14895
28135,14881
28136,14894
28137,14894
28138,14895
28139,14879
28140,14894
28141,14887
28142,14905
28143,14901
28144,14884
28145,14896
28146,14905
28147,14901
28148,14886
28149,14907
28150,14904
28151,14909
28152,14916
28153,14907
28154,14891
28155,14909
28156,14916
28157,14887
28158,14910
28159,14911
28160,14912
28161,14911
28162,14910
28163,14904
28164,14911
28165,14875
28166,14910
28167,14911
28168,14887
28169,14910
28170,14911
28171,14904
28172,14889
28173,14884
28174,14904
28175,14889
28176,14884
28177,14889
28178,14906
28179,14884
28180,14887
28181,14892
28182,14892
28183,14890
28184,14892
28185,14905
28186,14900
28187,14885
28188,14907
28189,14905
28190,14907
28191,14882
28192,14906
28193,14889
28194,14886
28195,14885
28196,14859
28197,14897
28198,14897
28199,14877
28200,14859
28201,14897
28202,14891
28203,14879
28204,14899
28205,14905
28206,14884
28207,14905
28208,14899
28209,14905
28210,14889
28211,14914
28212,14911
28213,14894
28214,14909
28215,14914
28216,14909
28217,14924
28218,14930
28219,14924
28220,14926
28221,14906
28222,14921
28223,14924
28224,14926
28225,14926
28226,14924
28227,14909
28228,14937
28229,14929
28230,14925
28231,14934
28232,14930
28233,14902
28234,14922
28235,14929
28236,14934
28237,14925
28238,14934
28239,14925
28240,14925
28241,14914
28242,14929
28243,14926
28244,14915
28245,14922
28246,14911
28247,14930
28248,14906
28249,14930
28250,14911
28251,14894
28252,14930
28253,14911
28254,14930
28255,14906
28256,14911
28257,14930
28258,14922
28259,14915
28260,14926
28261,14934
28262,14920
28263,14910
28264,14920
28265,14922
28266,14929
28267,14941
28268,14929
28269,14927
28270,14939
28271,14937
28272,14920
28273,14934
28274,14931
28275,14937
28276,14939
28277,14934
28278,14939
28279,14920
28280,14939
28281,14934
28282,14937
28283,14939
28284,14934
28285,14939
28286,14920
28287,14939
28288,14939
28289,14909
28290,14941
28291,14909
28292,14949
28293,14955
28294,14949
28295,14945
28296,14939
28297,14937
28298,14949
28299,14941
28300,14941
28301,14969
28302,14949
28303,14961
28304,14951
28305,14969
28306,14959
28307,14955
28308,14974
28309,14951
28310,14974
28311,14955
28312,14951
28313,14967
28314,14966
28315,14970
28316,14972
28317,14970
28318,14969
28319,14961
28320,14951
28321,14969
28322,14949
28323,14961
28324,14969
28325,14966
28326,14941
28327,14941
28328,14961
28329,14950
28330,14951
28331,14961
28332,14950
28333,14941
28334,14961
28335,14966
28336,14961
28337,14969
28338,14949
28339,14961
28340,14934
28341,14954
28342,14952
28343,14966
28344,14920
28345,14966
28346,14956
28347,14964
28348,14966
28349,14920
28350,14966
28351,14962
28352,14966
28353,14952
28354,14962
28355,14941
28356,14954
28357,14950
28358,14961
28359,14954
28360,14966
28361,14966
28362,14950
28363,14966
28364,14951
28365,14957
28366,14966
28367,14966
28368,14947
28369,14959
28370,14964
28371,14976
28372,14976
28373,14969
28374,14977
28375,14975
28376,14969
28377,14969
28378,14987
28379,14969
28380,14964
28381,14990
28382,14994
28383,14982
28384,14987
28385,14989
28386,14994
28387,14990
28388,15002
28389,14991
28390,14999
28391,14999
28392,14957
28393,14982
28394,14949
28395,14992
28396,15002
28397,15010
28398,15002
28399,15012
28400,15002
28401,15006
28402,14987
28403,14999
28404,14961
28405,15015
28406,15010
28407,15005
28408,15010
28409,15009
28410,15010
28411,15009
28412,14999
28413,14999
28414,14987
28415,15004
28416,14999
28417,15014
28418,15003
28419,14999
28420,14999
28421,15012
28422,15003
28423,14999
28424,14994
28425,14999
28426,15003
28427,14999
28428,15000
28429,15003
28430,14999
28431,15012
28432,15022
28433,15020
28434,15025
28435,15015
28436,15011
28437,14996
28438,15001
28439,14996
28440,14996
28441,15030
28442,15040
28443,15035
28444,15031
28445,15035
28446,15022
28447,15034
28448,15039
28449,15027
28450,15036
28451,15032
28452,15039
28453,14999
28454,15039
28455,15030
28456,15049
28457,15022
28458,15022
28459,15040
28460,15025
28461,15014
28462,15011
28463,15024
28464,15024
28465,15039
28466,15031
28467,15025
28468,15035
28469,15034
28470,15031
28471,15035
28472,15035
28473,14985
28474,15030
28475,15027
28476,15035
28477,15025
28478,15039
28479,15039
28480,15027
28481,15039
28482,15037
28483,15034
28484,15039
28485,15027
28486,15034
28487,15039
28488,15035
28489,15049
28490,15039
28491,15060
28492,15060
28493,15036
28494,15060
28495,15040
28496,15060
28497,15046
28498,15056
28499,15054
28500,15049
28501,15024
28502,15056
28503,15009
28504,15056
28505,15054
28506,15049
28507,15056
28508,15024
28509,15056
28510,15054
28511,15034
28512,15041
28513,15036
28514,15044
28515,15019
28516,15028
28517,15047
28518,15027
28519,15049
28520,15044
28521,15057
28522,15049
28523,15060
28524,15042
28525,15049
28526,15044
28527,15049
28528,15042
28529,15060
28530,15057
28531,15049
28532,15044
28533,15049
28534,15019
28535,15047
28536,15036
28537,15050
28538,15039
28539,15056
28540,15056
28541,15040
28542,15056
28543,15056
28544,15056
28545,15045
28546,15040
28547,15056
28548,15056
28549,15056
28550,15056
28551,15030
28552,15054
28553,15034
28554,15044
28555,15059
28556,15059
28557,15060
28558,15055
28559,15059
28560,15060
28561,15055
28562,15065
28563,15070
28564,15055
28565,15070
28566,15051
28567,15049
28568,15070
28569,15059
28570,15022
28571,15031
28572,15035
28573,15062
28574,15059
28575,15057
28576,15069
28577,15060
28578,15039
28579,15069
28580,15075
28581,15069
28582,15057
28583,15059
28584,15037
28585,15039
28586,15059
28587,15064
28588,15075
28589,15069
28590,15054
28591,15066
28592,15069
28593,15059
28594,15072
28595,15062
28596,15075
28597,15031
28598,15059
28599,15064
28600,15031
28601,15059
28602,15064
28603,15059
28604,15031
28605,15005
28606,15039
28607,15059
28608,15066
28609,15055
28610,15069
28611,15075
28612,15055
28613,15075
28614,15069
28615,15066
28616,15064
28617,15059
28618,15039
28619,15049
28620,15059
28621,15064
28622,15039
28623,15059
28624,15062
28625,15051
28626,15044
28627,15051
28628,15046
28629,15050
28630,15051
28631,15051
28632,15035
28633,15054
28634,15044
28635,15041
28636,15034
28637,15054
28638,15061
28639,15008
28640,15057
28641,15054
28642,15065
28643,15022
28644,15059
28645,15050
28646,15054
28647,15059
28648,15046
28649,15054
28650,15059
28651,15074
28652,15074
28653,15064
28654,15074
28655,15070
28656,15055
28657,15067
28658,15071
28659,15062
28660,15067
28661,15071
28662,15070
28663,15070
28664,15062
28665,15075
28666,15062
28667,15070
28668,15066
28669,15070
28670,15087
28671,15074
28672,15076
28673,15087
28674,15076
28675,15074
28676,15081
28677,15074
28678,15080
28679,15076
28680,15081
28681,15099
28682,15084
28683,15099
28684,15084
28685,15074
28686,15099
28687,15065
28688,15099
28689,15099
28690,15074
28691,15084
28692,15099
28693,15090
28694,15095
28695,15101
28696,15100
28697,15101
28698,15095
28699,15110
28700,15101
28701,15111
28702,15105
28703,15119
28704,15100
28705,15124
28706,15117
28707,15101
28708,15111
28709,15129
28710,15132
28711,15137
28712,15126
28713,15137
28714,15132
28715,15125
28716,15137
28717,15114
28718,15131
28719,15132
28720,15140
28721,15110
28722,15121
28723,15126
28724,15136
28725,15132
28726,15147
28727,15139
28728,15140
28729,15114
28730,15110
28731,15131
28732,15126
28733,15132
28734,15137
28735,15137
28736,15132
28737,15137
28738,15137
28739,15147
28740,15121
28741,15142
28742,15134
28743,15112
28744,15142
28745,15134
28746,15112
28747,15142
28748,15119
28749,15134
28750,15137
28751,15127
28752,15136
28753,15137
28754,15146
28755,15121
28756,15129
28757,15130
28758,15140
28759,15121
28760,15129
28761,15146
28762,15137
28763,15136
28764,15120
28765,15131
28766,15139
28767,15124
28768,15129
28769,15145
28770,15141
28771,15146
28772,15152
28773,15147
28774,15139
28775,15152
28776,15155
28777,15166
28778,15165
28779,15175
28780,15175
28781,15152
28782,15175
28783,15160
28784,15156
28785,15157
28786,15174
28787,15179
28788,15152
28789,15167
28790,15164
28791,15151
28792,15164
28793,15169
28794,15161
28795,15167
28796,15154
28797,15187
28798,15164
28799,15177
28800,15166
28801,15170
28802,15166
28803,15145
28804,15170
28805,15166
28806,15140
28807,15145
28808,15166
28809,15170
28810,15166
28811,15145
28812,15179
28813,15189
28814,15197
28815,15189
28816,15194
28817,15196
28818,15189
28819,15197
28820,15206
28821,15202
28822,15205
28823,15204
28824,15204
28825,15202
28826,15204
28827,15205
28828,15202
28829,15204
28830,15205
28831,15192
28832,15202
28833,15205
28834,15204
28835,15186
28836,15212
28837,15207
28838,15200
28839,15231
28840,15191
28841,15229
28842,15230
28843,15227
28844,15230
28845,15229
28846,15171
28847,15219
28848,15224
28849,15225
28850,15216
28851,15225
28852,15210
28853,15224
28854,15210
28855,15214
28856,15224
28857,15220
28858,15225
28859,15217
28860,15232
28861,15217
28862,15232
28863,15234
28864,15232
28865,15217
28866,15231
28867,15249
28868,15241
28869,15226
28870,15249
28871,15226
28872,15230
28873,15224
28874,15234
28875,15231
28876,15236
28877,15249
28878,15260
28879,15237
28880,15260
28881,15256
28882,15239
28883,15249
28884,15259
28885,15269
28886,15257
28887,15275
28888,15256
28889,15268
28890,15271
28891,15272
28892,15256
28893,15267
28894,15271
28895,15269
28896,15245
28897,15269
28898,15244
28899,15231
28900,15234
28901,15242
28902,15264
28903,15227
28904,15267
28905,15254
28906,15266
28907,15269
28908,15245
28909,15266
28910,15276
28911,15245
28912,15261
28913,15251
28914,15261
28915,15209
28916,15245
28917,15261
28918,15277
28919,15280
28920,15271
28921,15274
28922,15287
28923,15295
28924,15260
28925,15245
28926,15266
28927,15280
28928,15291
28929,15287
28930,15275
28931,15292
28932,15286
28933,15287
28934,15292
28935,15280
28936,15287
28937,15289
28938,15289
28939,15287
28940,15259
28941,15289
28942,15287
28943,15284
28944,15297
28945,15296
28946,15261
28947,15297
28948,15296
28949,15287
28950,15297
28951,15283
28952,15286
28953,15295
28954,15307
28955,15286
28956,15286
28957,15307
28958,15286
28959,15291
28960,15304
28961,15309
28962,15285
28963,15316
28964,15297
28965,15297
28966,15316
28967,15297
28968,15316
28969,15294
28970,15316
28971,15297
28972,15304
28973,15316
28974,15297
28975,15316
28976,15297
28977,15297
28978,15316
28979,15293
28980,15309
28981,15304
28982,15297
28983,15316
28984,15297
28985,15316
28986,15294
28987,15297
28988,15316
28989,15297
28990,15316
28991,15316
28992,15297
28993,15304
28994,15316
28995,15291
28996,15302
28997,15292
28998,15304
28999,15302
29000,15304
29001,15302
29002,15304
29003,15302
29004,15304
29005,15304
29006,15302
29007,15270
29008,15322
29009,15326
29010,15322
29011,15317
29012,15326
29013,15322
29014,15326
29015,15291
29016,15322
29017,15326
29018,15322
29019,15324
29020,15334
29021,15320
29022,15331
29023,15336
29024,15324
29025,15326
29026,15317
29027,15322
29028,15321
29029,15322
29030,15310
29031,15307
29032,15297
29033,15322
29034,15307
29035,15297
29036,15310
29037,15307
29038,15322
29039,15297
29040,15300
29041,15314
29042,15289
29043,15325
29044,15324
29045,15325
29046,15309
29047,15324
29048,15325
29049,15314
29050,15289
29051,15314
29052,15300
29053,15289
29054,15314
29055,15304
29056,15305
29057,15299
29058,15295
29059,15304
29060,15300
29061,15319
29062,15306
29063,15314
29064,15321
29065,15315
29066,15309
29067,15329
29068,15321
29069,15319
29070,15282
29071,15319
29072,15292
29073,15319
29074,15309
29075,15319
29076,15319
29077,15309
29078,15324
29079,15305
29080,15302
29081,15317
29082,15277
29083,15335
29084,15329
29085,15320
29086,15329
29087,15335
29088,15339
29089,15341
29090,15325
29091,15340
29092,15332
29093,15332
29094,15355
29095,15350
29096,15334
29097,15355
29098,15350
29099,15347
29100,15355
29101,15334
29102,15350
29103,15369
29104,15353
29105,15367
29106,15369
29107,15360
29108,15353
29109,15367
29110,15356
29111,15374
29112,15351
29113,15372
29114,15371
29115,15364
29116,15392
29117,15374
29118,15389
29119,15364
29120,15392
29121,15374
29122,15392
29123,15389
29124,15364
29125,15369
29126,15394
29127,15382
29128,15374
29129,15394
29130,15380
29131,15373
29132,15402
29133,15404
29134,15405
29135,15386
29136,15404
29137,15401
29138,15404
29139,15395
29140,15399
29141,15409
29142,15409
29143,15392
29144,15404
29145,15394
29146,15344
29147,15419
29148,15408
29149,15432
29150,15432
29151,15413
29152,15432
29153,15426
29154,15414
29155,15409
29156,15412
29157,15409
29158,15431
29159,15432
29160,15424
29161,15446
29162,15448
29163,15445
29164,15452
29165,15443
29166,15432
29167,15440
29168,15409
29169,15434
29170,15399
29171,15429
29172,15434
29173,15409
29174,15432
29175,15448
29176,15432
29177,15451
29178,15446
29179,15440
29180,15444
29181,15446
29182,15440
29183,15460
29184,15467
29185,15454
29186,15430
29187,15439
29188,15467
29189,15445
29190,15471
29191,15434
29192,15446
29193,15471
29194,15471
29195,15448
29196,15460
29197,15439
29198,15446
29199,15450
29200,15460
29201,15450
29202,15460
29203,15459
29204,15450
29205,15460
29206,15460
29207,15469
29208,15476
29209,15461
29210,15484
29211,15475
29212,15479
29213,15441
29214,15479
29215,15486
29216,15479
29217,15470
29218,15486
29219,15473
29220,15465
29221,15479
29222,15459
29223,15479
29224,15486
29225,15475
29226,15441
29227,15467
29228,15476
29229,15487
29230,15499
29231,15491
29232,15503
29233,15476
29234,15503
29235,15509
29236,15480
29237,15509
29238,15503
29239,15489
29240,15495
29241,15470
29242,15495
29243,15495
29244,15489
29245,15495
29246,15489
29247,15495
29248,15495
29249,15466
29250,15489
29251,15494
29252,15495
29253,15475
29254,15494
29255,15495
29256,15489
29257,15495
29258,15495
29259,15489
29260,15489
29261,15496
29262,15516
29263,15496
29264,15516
29265,15479
29266,15516
29267,15496
29268,15480
29269,15516
29270,15496
29271,15516
29272,15496
29273,15485
29274,15496
29275,15501
29276,15496
29277,15485
29278,15496
29279,15516
29280,15479
29281,15496
29282,15516
29283,15496
29284,15516
29285,15496
29286,15516
29287,15516
29288,15496
29289,15480
29290,15505
29291,15516
29292,15500
29293,15516
29294,15502
29295,15516
29296,15528
29297,15515
29298,15497
29299,15522
29300,15524
29301,15522
29302,15528
29303,15527
29304,15528
29305,15502
29306,15511
29307,15525
29308,15533
29309,15532
29310,15505
29311,15532
29312,15533
29313,15504
29314,15529
29315,15526
29316,15534
29317,15545
29318,15539
29319,15545
29320,15539
29321,15541
29322,15545
29323,15539
29324,15545
29325,15542
29326,15541
29327,15539
29328,15545
29329,15546
29330,15526
29331,15534
29332,15534
29333,15543
29334,15546
29335,15554
29336,15544
29337,15543
29338,15546
29339,15554
29340,15530
29341,15535
29342,15534
29343,15529
29344,15534
29345,15539
29346,15534
29347,15546
29348,15536
29349,15556
29350,15536
29351,15550
29352,15556
29353,15564
29354,15569
29355,15515
29356,15556
29357,15569
29358,15572
29359,15577
29360,15565
29361,15569
29362,15577
29363,15557
29364,15585
29365,15576
29366,15542
29367,15577
29368,15585
29369,15572
29370,15550
29371,15536
29372,15557
29373,15534
29374,15557
29375,15515
29376,15549
29377,15536
29378,15549
29379,15550
29380,15544
29381,15557
29382,15536
29383,15515
29384,15534
29385,15557
29386,15564
29387,15565
29388,15559
29389,15544
29390,15565
29391,15549
29392,15569
29393,15574
29394,15564
29395,15549
29396,15551
29397,15548
29398,15542
29399,15549
29400,15566
29401,15547
29402,15554
29403,15568
29404,15549
29405,15561
29406,15546
29407,15568
29408,15549
29409,15575
29410,15575
29411,15582
29412,15566
29413,15576
29414,15557
29415,15582
29416,15512
29417,15566
29418,15582
29419,15575
29420,15575
29421,15549
29422,15568
29423,15546
29424,15547
29425,15581
29426,15558
29427,15590
29428,15589
29429,15587
29430,15586
29431,15574
29432,15567
29433,15567
29434,15591
29435,15598
29436,15581
29437,15577
29438,15562
29439,15568
29440,15567
29441,15577
29442,15581
29443,15598
29444,15584
29445,15565
29446,15606
29447,15608
29448,15601
29449,15611
29450,15606
29451,15561
29452,15605
29453,15596
29454,15605
29455,15609
29456,15591
29457,15606
29458,15604
29459,15597
29460,15597
29461,15609
29462,15596
29463,15597
29464,15591
29465,15561
29466,15611
29467,15606
29468,15617
29469,15611
29470,15606
29471,15617
29472,15604
29473,15599
29474,15611
29475,15596
29476,15619
29477,15611
29478,15619
29479,15606
29480,15561
29481,15605
29482,15614
29483,15605
29484,15608
29485,15594
29486,15608
29487,15564
29488,15591
29489,15584
29490,15594
29491,15592
29492,15591
29493,15594
29494,15575
29495,15591
29496,15584
29497,15604
29498,15594
29499,15592
29500,15591
29501,15604
29502,15600
29503,15596
29504,15589
29505,15600
29506,15588
29507,15600
29508,15596
29509,15600
29510,15589
29511,15604
29512,15591
29513,15557
29514,15596
29515,15592
29516,15603
29517,15586
29518,15584
29519,15605
29520,15599
29521,15597
29522,15585
29523,15600
29524,15597
29525,15591
29526,15600
29527,15610
29528,15624
29529,15619
29530,15607
29531,15622
29532,15629
29533,15627
29534,15642
29535,15627
29536,15642
29537,15627
29538,15601
29539,15642
29540,15627
29541,15601
29542,15642
29543,15632
29544,15616
29545,15628
29546,15611
29547,15639
29548,15641
29549,15639
29550,15641
29551,15636
29552,15639
29553,15641
29554,15639
29555,15611
29556,15639
29557,15641
29558,15639
29559,15636
29560,15641
29561,15639
29562,15639
29563,15641
29564,15639
29565,15639
29566,15623
29567,15632
29568,15599
29569,15632
29570,15650
29571,15653
29572,15645
29573,15627
29574,15636
29575,15653
29576,15651
29577,15647
29578,15655
29579,15656
29580,15647
29581,15652
29582,15629
29583,15633
29584,15652
29585,15633
29586,15619
29587,15622
29588,15646
29589,15619
29590,15652
29591,15633
29592,15629
29593,15651
29594,15607
29595,15664
29596,15655
29597,15654
29598,15661
29599,15656
29600,15619
29601,15648
29602,15656
29603,15641
29604,15655
29605,15649
29606,15669
29607,15667
29608,15677
29609,15673
29610,15661
29611,15677
29612,15654
29613,15661
29614,15677
29615,15673
29616,15661
29617,15677
29618,15654
29619,15661
29620,15677
29621,15673
29622,15664
29623,15669
29624,15671
29625,15671
29626,15671
29627,15669
29628,15661
29629,15671
29630,15672
29631,15671
29632,15654
29633,15682
29634,15671
29635,15665
29636,15666
29637,15661
29638,15682
29639,15682
29640,15682
29641,15685
29642,15677
29643,15680
29644,15685
29645,15685
29646,15670
29647,15675
29648,15689
29649,15667
29650,15607
29651,15689
29652,15675
29653,15694
29654,15704
29655,15695
29656,15704
29657,15700
29658,15692
29659,15657
29660,15699
29661,15694
29662,15699
29663,15692
29664,15699
29665,15692
29666,15699
29667,15657
29668,15707
29669,15690
29670,15686
29671,15704
29672,15659
29673,15690
29674,15682
29675,15702
29676,15677
29677,15702
29678,15702
29679,15664
29680,15688
29681,15685
29682,15709
29683,15713
29684,15707
29685,15683
29686,15694
29687,15713
29688,15709
29689,15683
29690,15713
29691,15709
29692,15694
29693,15713
29694,15709
29695,15683
29696,15706
29697,15690
29698,15714
29699,15720
29700,15716
29701,15690
29702,15717
29703,15720
29704,15714
29705,15690
29706,15692
29707,15717
29708,15714
29709,15690
29710,15722
29711,15728
29712,15715
29713,15694
29714,15728
29715,15715
29716,15728
29717,15727
29718,15715
29719,15728
29720,15728
29721,15715
29722,15728
29723,15726
29724,15694
29725,15729
29726,15729
29727,15732
29728,15704
29729,15730
29730,15730
29731,15712
29732,15704
29733,15730
29734,15730
29735,15704
29736,15730
29737,15724
29738,15739
29739,15721
29740,15739
29741,15749
29742,15743
29743,15741
29744,15704
29745,15751
29746,15737
29747,15751
29748,15742
29749,15742
29750,15734
29751,15749
29752,15742
29753,15743
29754,15742
29755,15734
29756,15742
29757,15745
29758,15772
29759,15749
29760,15772
29761,15745
29762,15742
29763,15734
29764,15760
29765,15752
29766,15756
29767,15758
29768,15757
29769,15752
29770,15766
29771,15754
29772,15766
29773,15760
29774,15754
29775,15766
29776,15754
29777,15753
29778,15752
29779,15747
29780,15752
29781,15737
29782,15762
29783,15764
29784,15730
29785,15717
29786,15752
29787,15766
29788,15764
29789,15741
29790,15771
29791,15764
29792,15759
29793,15766
29794,15764
29795,15756
29796,15765
29797,15774
29798,15765
29799,15757
29800,15774
29801,15772
29802,15788
29803,15762
29804,15784
29805,15774
29806,15774
29807,15769
29808,15774
29809,15764
29810,15783
29811,15774
29812,15769
29813,15774
29814,15774
29815,15774
29816,15798
29817,15780
29818,15779
29819,15795
29820,15781
29821,15780
29822,15798
29823,15805
29824,15804
29825,15804
29826,15816
29827,15827
29828,15822
29829,15827
29830,15785
29831,15809
29832,15800
29833,15804
29834,15809
29835,15809
29836,15833
29837,15836
29838,15810
29839,15836
29840,15833
29841,15800
29842,15809
29843,15809
29844,15778
29845,15809
29846,15809
29847,15824
29848,15836
29849,15810
29850,15815
29851,15831
29852,15839
29853,15811
29854,15831
29855,15824
29856,15797
29857,15827
29858,15836
29859,15827
29860,15846
29861,15827
29862,15850
29863,15836
29864,15836
29865,15836
29866,15851
29867,15856
29868,15836
29869,15851
29870,15840
29871,15836
29872,15861
29873,15848
29874,15859
29875,15856
29876,15857
29877,15846
29878,15857
29879,15840
29880,15856
29881,15840
29882,15856
29883,15857
29884,15871
29885,15862
29886,15874
29887,15875
29888,15880
29889,15848
29890,15851
29891,15852
29892,15871
29893,15851
29894,15846
29895,15851
29896,15857
29897,15884
29898,15886
29899,15875
29900,15876
29901,15849
29902,15824
29903,15849
29904,15876
29905,15849
29906,15876
29907,15849
29908,15869
29909,15862
29910,15884
29911,15874
29912,15894
29913,15884
29914,15892
29915,15895
29916,15886
29917,15892
29918,15895
29919,15892
29920,15895
29921,15882
29922,15895
29923,15892
29924,15879
29925,15886
29926,15881
29927,15891
29928,15882
29929,15899
29930,15895
29931,15899
29932,15874
29933,15887
29934,15895
29935,15899
29936,15882
29937,15895
29938,15866
29939,15909
29940,15899
29941,15879
29942,15873
29943,15879
29944,15895
29945,15902
29946,15909
29947,15895
29948,15903
29949,15914
29950,15912
29951,15914
29952,15901
29953,15914
29954,15917
29955,15902
29956,15901
29957,15904
29958,15902
29959,15906
29960,15902
29961,15904
29962,15902
29963,15901
29964,15906
29965,15902
29966,15904
29967,15902
29968,15906
29969,15902
29970,15904
29971,15901
29972,15902
29973,15913
29974,15911
29975,15924
29976,15915
29977,15916
29978,15914
29979,15911
29980,15915
29981,15924
29982,15916
29983,15902
29984,15942
29985,15936
29986,15939
29987,15924
29988,15939
29989,15915
29990,15939
29991,15924
29992,15939
29993,15936
29994,15939
29995,15915
29996,15924
29997,15939
29998,15946
29999,15945
30000,15952
30001,15952
30002,15945
30003,15952
30004,15955
30005,15927
30006,15966
30007,15962
30008,15962
30009,15964
30010,15946
30011,15939
30012,15936
30013,15939
30014,15940
30015,15946
30016,15939
30017,15946
30018,15964
30019,15962
30020,15962
30021,15966
30022,15927
30023,15957
30024,15962
30025,15962
30026,15927
30027,15965
30028,15966
30029,15984
30030,15969
30031,15971
30032,15983
30033,15971
30034,15966
30035,15966
30036,15964
30037,15966
30038,15959
30039,15966
30040,15966
30041,15966
30042,15961
30043,15979
30044,15981
30045,15966
30046,15975
30047,15962
30048,15997
30049,15974
30050,15996
30051,16005
30052,16001
30053,16016
30054,16020
30055,16014
30056,16020
30057,15988
30058,16020
30059,16014
30060,16020
30061,16017
30062,16026
30063,16021
30064,16024
30065,16032
30066,16031
30067,16034
30068,16016
30069,16035
30070,16050
30071,16031
30072,16016
30073,16050
30074,16031
30075,16050
30076,16032
30077,16027
30078,16050
30079,16050
30080,16031
30081,16033
30082,16031
30083,16042
30084,16049
30085,16040
30086,16049
30087,16042
30088,16039
30089,16051
30090,16031
30091,16051
30092,16020
30093,16051
30094,16031
30095,16027
30096,16051
30097,16024
30098,16038
30099,16044
30100,16014
30101,16038
30102,16049
30103,16038
30104,16044
30105,16020
30106,16044
30107,16038
30108,16024
30109,16051
30110,16051
30111,16027
30112,16031
30113,16051
30114,16032
30115,16051
30116,16020
30117,16030
30118,16026
30119,16018
30120,15999
30121,16027
30122,16044
30123,16036
30124,16044
30125,16036
30126,16033
30127,16008
30128,16044
30129,16036
30130,16039
30131,16047
30132,16032
30133,16039
30134,16033
30135,16036
30136,16044
30137,16042
30138,16055
30139,16034
30140,16040
30141,16055
30142,16034
30143,16048
30144,16055
30145,16040
30146,16038
30147,16046
30148,16042
30149,16042
30150,16052
30151,16054
30152,16048
30153,16049
30154,16061
30155,16048
30156,16030
30157,16047
30158,16047
30159,16042
30160,16054
30161,16037
30162,16008
30163,16054
30164,16036
30165,16054
30166,16036
30167,16054
30168,16037
30169,16052
30170,16054
30171,16036
30172,16008
30173,16054
30174,16037
30175,16047
30176,16047
30177,16041
30178,16047
30179,16048
30180,16047
30181,16031
30182,16047
30183,16048
30184,16047
30185,16041
30186,16052
30187,16040
30188,16041
30189,16040
30190,16049
30191,16048
30192,16061
30193,16048
30194,16061
30195,16040
30196,16047
30197,16055
30198,16066
30199,16049
30200,16072
30201,16061
30202,16072
30203,16069
30204,16085
30205,16071
30206,16067
30207,16067
30208,16071
30209,16076
30210,16080
30211,16076
30212,16078
30213,16092
30214,16080
30215,16066
30216,16082
30217,16092
30218,16081
30219,16092
30220,16080
30221,16092
30222,16085
30223,16066
30224,16081
30225,16057
30226,16081
30227,16066
30228,16081
30229,16057
30230,16086
30231,16066
30232,16081
30233,16057
30234,16069
30235,16087
30236,16078
30237,16084
30238,16065
30239,16085
30240,16074
30241,16085
30242,16069
30243,16095
30244,16081
30245,16071
30246,16095
30247,16100
30248,16070
30249,16084
30250,16072
30251,16077
30252,16084
30253,16070
30254,16099
30255,16084
30256,16072
30257,16084
30258,16070
30259,16077
30260,16084
30261,16100
30262,16081
30263,16095
30264,16069
30265,16071
30266,16095
30267,16081
30268,16095
30269,16069
30270,16071
30271,16095
30272,16065
30273,16081
30274,16069
30275,16064
30276,16095
30277,16081
30278,16095
30279,16069
30280,16064
30281,16095
30282,16081
30283,16100
30284,16084
30285,16072
30286,16077
30287,16084
30288,16070
30289,16084
30290,16099
30291,16070
30292,16084
30293,16077
30294,16072
30295,16084
30296,16070
30297,16100
30298,16095
30299,16071
30300,16081
30301,16069
30302,16095
30303,16065
30304,16071
30305,16095
30306,16069
30307,16081
30308,16095
30309,16079
30310,16101
30311,16090
30312,16083
30313,16088
30314,16104
30315,16079
30316,16070
30317,16056
30318,16065
30319,16101
30320,16069
30321,16086
30322,16084
30323,16088
30324,16095
30325,16116
30326,16087
30327,16100
30328,16116
30329,16095
30330,16108
30331,16111
30332,16105
30333,16108
30334,16116
30335,16108
30336,16090
30337,16108
30338,16090
30339,16108
30340,16108
30341,16091
30342,16108
30343,16115
30344,16106
30345,16106
30346,16091
30347,16113
30348,16120
30349,16113
30350,16110
30351,16095
30352,16104
30353,16107
30354,16116
30355,16116
30356,16116
30357,16113
30358,16116
30359,16107
30360,16122
30361,16108
30362,16090
30363,16108
30364,16090
30365,16108
30366,16107
30367,16108
30368,16121
30369,16108
30370,16091
30371,16121
30372,16108
30373,16110
30374,16108
30375,16121
30376,16107
30377,16108
30378,16107
30379,16120
30380,16113
30381,16111
30382,16108
30383,16116
30384,16121
30385,16108
30386,16105
30387,16108
30388,16121
30389,16108
30390,16107
30391,16108
30392,16121
30393,16117
30394,16100
30395,16125
30396,16102
30397,16123
30398,16103
30399,16107
30400,16121
30401,16109
30402,16141
30403,16141
30404,16121
30405,16125
30406,16141
30407,16121
30408,16141
30409,16134
30410,16144
30411,16128
30412,16142
30413,16126
30414,16144
30415,16134
30416,16141
30417,16121
30418,16141
30419,16125
30420,16141
30421,16121
30422,16141
30423,16109
30424,16134
30425,16102
30426,16145
30427,16120
30428,16144
30429,16141
30430,16117
30431,16126
30432,16126
30433,16141
30434,16141
30435,16117
30436,16120
30437,16141
30438,16117
30439,16141
30440,16136
30441,16134
30442,16129
30443,16149
30444,16141
30445,16154
30446,16146
30447,16151
30448,16161
30449,16140
30450,16155
30451,16165
30452,16163
30453,16140
30454,16165
30455,16155
30456,16154
30457,16120
30458,16136
30459,16143
30460,16145
30461,16120
30462,16143
30463,16163
30464,16159
30465,16143
30466,16168
30467,16154
30468,16146
30469,16151
30470,16154
30471,16151
30472,16154
30473,16161
30474,16160
30475,16140
30476,16165
30477,16155
30478,16165
30479,16140
30480,16155
30481,16165
30482,16160
30483,16140
30484,16154
30485,16143
30486,16145
30487,16120
30488,16154
30489,16162
30490,16149
30491,16162
30492,16099
30493,16162
30494,16162
30495,16149
30496,16134
30497,16162
30498,16149
30499,16137
30500,16149
30501,16144
30502,16149
30503,16141
30504,16154
30505,16159
30506,16138
30507,16154
30508,16134
30509,16159
30510,16154
30511,16125
30512,16159
30513,16138
30514,16147
30515,16151
30516,16162
30517,16160
30518,16149
30519,16177
30520,16167
30521,16177
30522,16177
30523,16162
30524,16157
30525,16124
30526,16167
30527,16156
30528,16167
30529,16162
30530,16177
30531,16167
30532,16177
30533,16150
30534,16167
30535,16177
30536,16162
30537,16171
30538,16159
30539,16161
30540,16156
30541,16171
30542,16171
30543,16185
30544,16170
30545,16162
30546,16162
30547,16164
30548,16166
30549,16164
30550,16145
30551,16162
30552,16164
30553,16166
30554,16164
30555,16162
30556,16166
30557,16164
30558,16164
30559,16176
30560,16178
30561,16182
30562,16155
30563,16176
30564,16178
30565,16182
30566,16155
30567,16182
30568,16178
30569,16176
30570,16162
30571,16155
30572,16182
30573,16178
30574,16176
30575,16182
30576,16178
30577,16155
30578,16176
30579,16182
30580,16178
30581,16155
30582,16182
30583,16176
30584,16178
30585,16155
30586,16182
30587,16176
30588,16178
30589,16162
30590,16182
30591,16155
30592,16178
30593,16176
30594,16182
30595,16155
30596,16178
30597,16176
30598,16182
30599,16174
30600,16168
30601,16180
30602,16185
30603,16182
30604,16178
30605,16177
30606,16182
30607,16185
30608,16178
30609,16182
30610,16177
30611,16185
30612,16182
30613,16178
30614,16177
30615,16185
30616,16182
30617,16178
30618,16167
30619,16184
30620,16170
30621,16184
30622,16175
30623,16184
30624,16182
30625,16155
30626,16167
30627,16176
30628,16181
30629,16196
30630,16188
30631,16184
30632,16194
30633,16193
30634,16172
30635,16203
30636,16208
30637,16172
30638,16203
30639,16208
30640,16203
30641,16172
30642,16193
30643,16186
30644,16208
30645,16195
30646,16172
30647,16191
30648,16206
30649,16202
30650,16206
30651,16209
30652,16207
30653,16194
30654,16194
30655,16211
30656,16205
30657,16209
30658,16205
30659,16199
30660,16209
30661,16205
30662,16205
30663,16209
30664,16199
30665,16214
30666,16226
30667,16203
30668,16225
30669,16222
30670,16226
30671,16229
30672,16219
30673,16235
30674,16219
30675,16234
30676,16235
30677,16219
30678,16214
30679,16221
30680,16225
30681,16229
30682,16236
30683,16212
30684,16214
30685,16228
30686,16232
30687,16208
30688,16228
30689,16209
30690,16232
30691,16229
30692,16207
30693,16215
30694,16194
30695,16218
30696,16240
30697,16206
30698,16232
30699,16240
30700,16227
30701,16228
30702,16239
30703,16239
30704,16233
30705,16239
30706,16228
30707,16239
30708,16233
30709,16239
30710,16190
30711,16228
30712,16239
30713,16239
30714,16233
30715,16192
30716,16214
30717,16214
30718,16211
30719,16206
30720,16211
30721,16211
30722,16211
30723,16204
30724,16214
30725,16204
30726,16206
30727,16214
30728,16212
30729,16208
30730,16202
30731,16208
30732,16211
30733,16208
30734,16205
30735,16211
30736,16228
30737,16218
30738,16228
30739,16214
30740,16202
30741,16211
30742,16208
30743,16209
30744,16197
30745,16173
30746,16169
30747,16169
30748,16191
30749,16197
30750,16169
30751,16191
30752,16199
30753,16201
30754,16211
30755,16209
30756,16218
30757,16206
30758,16192
30759,16186
30760,16218
30761,16209
30762,16199
30763,16218
30764,16192
30765,16218
30766,16186
30767,16206
30768,16218
30769,16192
30770,16218
30771,16192
30772,16206
30773,16221
30774,16211
30775,16212
30776,16229
30777,16230
30778,16228
30779,16233
30780,16222
30781,16228
30782,16236
30783,16218
30784,16223
30785,16226
30786,16229
30787,16224
30788,16229
30789,16234
30790,16222
30791,16221
30792,16207
30793,16221
30794,16219
30795,16201
30796,16221
30797,16221
30798,16229
30799,16230
30800,16227
30801,16231
30802,16214
30803,16230
30804,16227
30805,16230
30806,16231
30807,16205
30808,16227
30809,16230
30810,16226
30811,16231
30812,16230
30813,16227
30814,16230
30815,16231
30816,16196
30817,16244
30818,16227
30819,16237
30820,16234
30821,16252
30822,16211
30823,16235
30824,16253
30825,16245
30826,16226
30827,16245
30828,16253
30829,16245
30830,16253
30831,16245
30832,16226
30833,16249
30834,16252
30835,16226
30836,16244
30837,16252
30838,16217
30839,16240
30840,16252
30841,16243
30842,16249
30843,16260
30844,16243
30845,16261
30846,16256
30847,16244
30848,16260
30849,16261
30850,16249
30851,16252
30852,16264
30853,16266
30854,16263
30855,16261
30856,16260
30857,16244
30858,16261
30859,16262
30860,16252
30861,16260
30862,16259
30863,16267
30864,16282
30865,16274
30866,16278
30867,16289
30868,16278
30869,16255
30870,16278
30871,16277
30872,16300
30873,16295
30874,16308
30875,16284
30876,16308
30877,16296
30878,16302
30879,16295
30880,16285
30881,16302
30882,16297
30883,16311
30884,16301
30885,16311
30886,16274
30887,16311
30888,16311
30889,16309
30890,16297
30891,16298
30892,16297
30893,16312
30894,16308
30895,16309
30896,16295
30897,16290
30898,16331
30899,16319
30900,16308
30901,16331
30902,16312
30903,16318
30904,16310
30905,16308
30906,16318
30907,16308
30908,16310
30909,16312
30910,16331
30911,16312
30912,16311
30913,16331
30914,16318
30915,16331
30916,16330
30917,16326
30918,16332
30919,16311
30920,16331
30921,16311
30922,16331
30923,16318
30924,16300
30925,16327
30926,16341
30927,16339
30928,16342
30929,16330
30930,16319
30931,16339
30932,16311
30933,16339
30934,16319
30935,16330
30936,16342
30937,16339
30938,16343
30939,16332
30940,16319
30941,16305
30942,16332
30943,16327
30944,16334
30945,16327
30946,16329
30947,16326
30948,16348
30949,16358
30950,16342
30951,16358
30952,16342
30953,16342
30954,16358
30955,16342
30956,16358
30957,16342
30958,16358
30959,16289
30960,16342
30961,16342
30962,16341
30963,16358
30964,16342
30965,16358
30966,16342
30967,16358
30968,16342
30969,16358
30970,16342
30971,16342
30972,16358
30973,16342
30974,16358
30975,16356
30976,16323
30977,16331
30978,16352
30979,16331
30980,16352
30981,16331
30982,16352
30983,16331
30984,16352
30985,16339
30986,16331
30987,16352
30988,16352
30989,16331
30990,16349
30991,16329
30992,16326
30993,16327
30994,16329
30995,16326
30996,16344
30997,16329
30998,16326
30999,16329
31000,16327
31001,16326
31002,16344
31003,16329
31004,16326
31005,16354
31006,16356
31007,16353
31008,16354
31009,16329
31010,16356
31011,16354
31012,16353
31013,16329
31014,16356
31015,16354
31016,16356
31017,16329
31018,16353
31019,16351
31020,16349
31021,16354
31022,16350
31023,16358
31024,16362
31025,16363
31026,16347
31027,16363
31028,16343
31029,16363
31030,16356
31031,16373
31032,16365
31033,16370
31034,16381
31035,16361
31036,16359
31037,16358
31038,16361
31039,16384
31040,16385
31041,16362
31042,16376
31043,16385
31044,16362
31045,16385
31046,16362
31047,16370
31048,16385
31049,16362
31050,16352
31051,16388
31052,16373
31053,16366
31054,16373
31055,16388
31056,16375
31057,16398
31058,16395
31059,16375
31060,16381
31061,16388
31062,16364
31063,16388
31064,16388
31065,16379
31066,16385
31067,16390
31068,16399
31069,16405
31070,16392
31071,16405
31072,16399
31073,16392
31074,16417
31075,16408
31076,16386
31077,16412
31078,16407
31079,16409
31080,16412
31081,16388
31082,16405
31083,16393
31084,16382
31085,16406
31086,16417
31087,16407
31088,16417
31089,16397
31090,16408
31091,16416
31092,16430
31093,16434
31094,16415
31095,16425
31096,16424
31097,16432
31098,16424
31099,16425
31100,16440
31101,16427
31102,16426
31103,16422
31104,16426
31105,16427
31106,16424
31107,16444
31108,16419
31109,16438
31110,16444
31111,16429
31112,16433
31113,16443
31114,16443
31115,16418
31116,16413
31117,16425
31118,16443
31119,16435
31120,16409
31121,16439
31122,16439
31123,16415
31124,16439
31125,16409
31126,16451
31127,16432
31128,16424
31129,16449
31130,16432
31131,16451
31132,16409
31133,16439
31134,16424
31135,16452
31136,16436
31137,16452
31138,16453
31139,16452
31140,16441
31141,16463
31142,16463
31143,16461
31144,16426
31145,16463
31146,16463
31147,16447
31148,16461
31149,16463
31150,16463
31151,16461
31152,16450
31153,16445
31154,16455
31155,16436
31156,16464
31157,16446
31158,16464
31159,16454
31160,16446
31161,16464
31162,16464
31163,16465
31164,16446
31165,16436
31166,16464
31167,16454
31168,16446
31169,16464
31170,16456
31171,16446
31172,16436
31173,16464
31174,16464
31175,16446
31176,16451
31177,16472
31178,16476
31179,16481
31180,16481
31181,16466
31182,16481
31183,16471
31184,16481
31185,16466
31186,16481
31187,16461
31188,16455
31189,16466
31190,16463
31191,16481
31192,16481
31193,16466
31194,16481
31195,16464
31196,16482
31197,16468
31198,16482
31199,16473
31200,16482
31201,16475
31202,16483
31203,16468
31204,16471
31205,16483
31206,16482
31207,16425
31208,16483
31209,16482
31210,16469
31211,16475
31212,16482
31213,16475
31214,16471
31215,16468
31216,16483
31217,16475
31218,16482
31219,16473
31220,16482
31221,16475
31222,16483
31223,16468
31224,16483
31225,16476
31226,16483
31227,16487
31228,16431
31229,16475
31230,16489
31231,16500
31232,16490
31233,16500
31234,16483
31235,16490
31236,16490
31237,16490
31238,16461
31239,16487
31240,16490
31241,16487
31242,16490
31243,16499
31244,16490
31245,16501
31246,16505
31247,16494
31248,16502
31249,16484
31250,16494
31251,16490
31252,16504
31253,16505
31254,16500
31255,16484
31256,16505
31257,16497
31258,16494
31259,16505
31260,16526
31261,16523
31262,16510
31263,16526
31264,16526
31265,16510
31266,16523
31267,16516
31268,16509
31269,16501
31270,16495
31271,16513
31272,16500
31273,16506
31274,16506
31275,16508
31276,16522
31277,16499
31278,16522
31279,16499
31280,16522
31281,16522
31282,16522
31283,16499
31284,16522
31285,16499
31286,16522
31287,16485
31288,16499
31289,16522
31290,16522
31291,16487
31292,16490
31293,16513
31294,16520
31295,16513
31296,16490
31297,16502
31298,16517
31299,16521
31300,16517
31301,16510
31302,16494
31303,16529
31304,16534
31305,16501
31306,16518
31307,16515
31308,16534
31309,16521
31310,16517
31311,16510
31312,16501
31313,16521
31314,16517
31315,16523
31316,16514
31317,16517
31318,16520
31319,16514
31320,16517
31321,16501
31322,16517
31323,16514
31324,16510
31325,16517
31326,16529
31327,16518
31328,16515
31329,16526
31330,16526
31331,16529
31332,16517
31333,16510
31334,16521
31335,16517
31336,16501
31337,16517
31338,16521
31339,16481
31340,16509
31341,16514
31342,16509
31343,16520
31344,16527
31345,16520
31346,16517
31347,16527
31348,16527
31349,16520
31350,16466
31351,16523
31352,16507
31353,16501
31354,16518
31355,16514
31356,16524
31357,16497
31358,16521
31359,16517
31360,16510
31361,16517
31362,16521
31363,16502
31364,16517
31365,16521
31366,16515
31367,16501
31368,16507
31369,16501
31370,16523
31371,16507
31372,16499
31373,16501
31374,16507
31375,16521
31376,16502
31377,16498
31378,16497
31379,16502
31380,16523
31381,16497
31382,16499
31383,16502
31384,16497
31385,16521
31386,16501
31387,16507
31388,16501
31389,16520
31390,16532
31391,16529
31392,16527
31393,16536
31394,16527
31395,16521
31396,16536
31397,16545
31398,16541
31399,16537
31400,16550
31401,16550
31402,16537
31403,16526
31404,16514
31405,16557
31406,16533
31407,16521
31408,16545
31409,16557
31410,16548
31411,16557
31412,16569
31413,16548
31414,16545
31415,16521
31416,16557
31417,16546
31418,16557
31419,16521
31420,16545
31421,16546
31422,16549
31423,16533
31424,16521
31425,16545
31426,16549
31427,16521
31428,16545
31429,16549
31430,16534
31431,16558
31432,16552
31433,16570
31434,16558
31435,16574
31436,16557
31437,16570
31438,16580
31439,16566
31440,16546
31441,16565
31442,16566
31443,16548
31444,16546
31445,16572
31446,16591
31447,16551
31448,16591
31449,16591
31450,16548
31451,16551
31452,16570
31453,16591
31454,16582
31455,16578
31456,16573
31457,16574
31458,16592
31459,16594
31460,16586
31461,16596
31462,16596
31463,16594
31464,16589
31465,16587
31466,16587
31467,16584
31468,16598
31469,16570
31470,16596
31471,16586
31472,16595
31473,16551
31474,16570
31475,16565
31476,16611
31477,16613
31478,16610
31479,16609
31480,16580
31481,16616
31482,16588
31483,16600
31484,16522
31485,16600
31486,16597
31487,16588
31488,16600
31489,16609
31490,16616
31491,16600
31492,16613
31493,16616
31494,16616
31495,16600
31496,16625
31497,16626
31498,16626
31499,16605
31500,16615
31501,16616
31502,16622
31503,16601
31504,16597
31505,16616
31506,16615
31507,16611
31508,16587
31509,16605
31510,16595
31511,16587
31512,16582
31513,16587
31514,16605
31515,16595
31516,16587
31517,16612
31518,16621
31519,16601
31520,16615
31521,16619
31522,16597
31523,16612
31524,16596
31525,16623
31526,16612
31527,16611
31528,16623
31529,16623
31530,16593
31531,16614
31532,16607
31533,16622
31534,16582
31535,16607
31536,16614
31537,16612
31538,16635
31539,16625
31540,16612
31541,16612
31542,16595
31543,16601
31544,16601
31545,16622
31546,16630
31547,16625
31548,16615
31549,16622
31550,16624
31551,16622
31552,16630
31553,16625
31554,16622
31555,16615
31556,16630
31557,16622
31558,16624
31559,16622
31560,16615
31561,16622
31562,16624
31563,16630
31564,16622
31565,16615
31566,16622
31567,16625
31568,16613
31569,16641
31570,16642
31571,16613
31572,16605
31573,16634
31574,16645
31575,16642
31576,16652
31577,16658
31578,16676
31579,16658
31580,16676
31581,16666
31582,16680
31583,16673
31584,16676
31585,16671
31586,16667
31587,16657
31588,16667
31589,16667
31590,16640
31591,16667
31592,16678
31593,16686
31594,16687
31595,16686
31596,16679
31597,16686
31598,16695
31599,16699
31600,16699
31601,16713
31602,16698
31603,16711
31604,16678
31605,16713
31606,16698
31607,16711
31608,16713
31609,16678
31610,16698
31611,16713
31612,16711
31613,16705
31614,16699
31615,16699
31616,16699
31617,16685
31618,16667
31619,16699
31620,16699
31621,16699
31622,16699
31623,16698
31624,16698
31625,16693
31626,16697
31627,16674
31628,16698
31629,16703
31630,16699
31631,16713
31632,16672
31633,16702
31634,16699
31635,16713
31636,16699
31637,16713
31638,16707
31639,16699
31640,16702
31641,16713
31642,16718
31643,16705
31644,16712
31645,16716
31646,16712
31647,16705
31648,16712
31649,16686
31650,16708
31651,16716
31652,16712
31653,16705
31654,16712
31655,16715
31656,16705
31657,16724
31658,16706
31659,16736
31660,16737
31661,16721
31662,16748
31663,16748
31664,16724
31665,16748
31666,16748
31667,16732
31668,16748
31669,16748
31670,16755
31671,16748
31672,16767
31673,16767
31674,16769
31675,16752
31676,16751
31677,16767
31678,16769
31679,16777
31680,16774
31681,16780
31682,16771
31683,16774
31684,16780
31685,16774
31686,16775
31687,16780
31688,16771
31689,16774
31690,16780
31691,16780
31692,16779
31693,16781
31694,16779
31695,16798
31696,16788
31697,16768
31698,16798
31699,16800
31700,16760
31701,16799
31702,16812
31703,16809
31704,16822
31705,16811
31706,16790
31707,16810
31708,16790
31709,16822
31710,16805
31711,16818
31712,16822
31713,16813
31714,16794
31715,16822
31716,16818
31717,16813
31718,16818
31719,16822
31720,16811
31721,16813
31722,16820
31723,16806
31724,16798
31725,16812
31726,16803
31727,16808
31728,16803
31729,16789
31730,16819
31731,16822
31732,16819
31733,16807
31734,16814
31735,16819
31736,16783
31737,16812
31738,16816
31739,16811
31740,16818
31741,16812
31742,16816
31743,16812
31744,16818
31745,16816
31746,16811
31747,16812
31748,16808
31749,16822
31750,16831
31751,16838
31752,16822
31753,16822
31754,16829
31755,16852
31756,16834
31757,16822
31758,16852
31759,16828
31760,16852
31761,16836
31762,16822
31763,16851
31764,16844
31765,16850
31766,16851
31767,16857
31768,16817
31769,16836
31770,16830
31771,16837
31772,16824
31773,16836
31774,16830
31775,16837
31776,16852
31777,16828
31778,16852
31779,16836
31780,16822
31781,16852
31782,16817
31783,16834
31784,16857
31785,16851
31786,16837
31787,16836
31788,16830
31789,16843
31790,16851
31791,16853
31792,16856
31793,16854
31794,16853
31795,16836
31796,16851
31797,16856
31798,16853
31799,16852
31800,16852
31801,16861
31802,16866
31803,16875
31804,16870
31805,16876
31806,16861
31807,16860
31808,16877
31809,16870
31810,16874
31811,16867
31812,16872
31813,16871
31814,16870
31815,16866
31816,16867
31817,16870
31818,16868
31819,16840
31820,16866
31821,16848
31822,16862
31823,16866
31824,16840
31825,16866
31826,16861
31827,16871
31828,16857
31829,16871
31830,16842
31831,16854
31832,16871
31833,16827
31834,16864
31835,16854
31836,16867
31837,16861
31838,16864
31839,16858
31840,16867
31841,16854
31842,16864
31843,16861
31844,16867
31845,16864
31846,16873
31847,16876
31848,16872
31849,16872
31850,16869
31851,16858
31852,16876
31853,16872
31854,16869
31855,16872
31856,16858
31857,16872
31858,16876
31859,16869
31860,16872
31861,16873
31862,16864
31863,16867
31864,16854
31865,16864
31866,16861
31867,16867
31868,16858
31869,16864
31870,16854
31871,16864
31872,16867
31873,16861
31874,16859
31875,16853
31876,16810
31877,16853
31878,16836
31879,16853
31880,16853
31881,16836
31882,16853
31883,16853
31884,16845
31885,16853
31886,16844
31887,16810
31888,16836
31889,16853
31890,16853
31891,16853
31892,16836
31893,16853
31894,16849
31895,16865
31896,16850
31897,16850
31898,16859
31899,16855
31900,16865
31901,16850
31902,16877
31903,16840
31904,16877
31905,16840
31906,16848
31907,16862
31908,16877
31909,16840
31910,16865
31911,16840
31912,16877
31913,16880
31914,16887
31915,16887
31916,16876
31917,16886
31918,16871
31919,16882
31920,16871
31921,16848
31922,16868
31923,16834
31924,16893
31925,16888
31926,16887
31927,16886
31928,16912
31929,16912
31930,16887
31931,16909
31932,16911
31933,16910
31934,16897
31935,16899
31936,16905
31937,16921
31938,16926
31939,16923
31940,16929
31941,16889
31942,16901
31943,16902
31944,16911
31945,16920
31946,16907
31947,16922
31948,16889
31949,16918
31950,16923
31951,16905
31952,16906
31953,16923
31954,16905
31955,16906
31956,16918
31957,16923
31958,16904
31959,16912
31960,16908
31961,16892
31962,16912
31963,16904
31964,16906
31965,16923
31966,16905
31967,16918
31968,16906
31969,16923
31970,16902
31971,16923
31972,16923
31973,16925
31974,16936
31975,16923
31976,16913
31977,16920
31978,16929
31979,16926
31980,16941
31981,16914
31982,16941
31983,16946
31984,16949
31985,16929
31986,16941
31987,16949
31988,16935
31989,16949
31990,16924
31991,16939
31992,16911
31993,16939
31994,16946
31995,16946
31996,16939
31997,16918
31998,16958
31999,16952
32000,16954
32001,16955
32002,16931
32003,16955
32004,16954
32005,16952
32006,16955
32007,16931
32008,16953
32009,16936
32010,16943
32011,16972
32012,16958
32013,16972
32014,16936
32015,16972
32016,16940
32017,16972
32018,16958
32019,16931
32020,16958
32021,16959
32022,16972
32023,16972
32024,16958
32025,16972
32026,16936
32027,16958
32028,16958
32029,16966
32030,16959
32031,16958
32032,16958
32033,16959
32034,16966
32035,16967
32036,16965
32037,16976
32038,16961
32039,16965
32040,16965
32041,16965
32042,16962
32043,16961
32044,16976
32045,16972
32046,16966
32047,16966
32048,16975
32049,16975
32050,16958
32051,16949
32052,16975
32053,16966
32054,16940
32055,16975
32056,16958
32057,16975
32058,16975
32059,16971
32060,16976
32061,16979
32062,16980
32063,16986
32064,16968
32065,16966
32066,16941
32067,16962
32068,16969
32069,16971
32070,16962
32071,16955
32072,16971
32073,16955
32074,16971
32075,16980
32076,16955
32077,16971
32078,16965
32079,16978
32080,16976
32081,16973
32082,16980
32083,16984
32084,16977
32085,16996
32086,16976
32087,16978
32088,17007
32089,16977
32090,17004
32091,17009
32092,16983
32093,16977
32094,16988
32095,17006
32096,16969
32097,16988
32098,17009
32099,17004
32100,16977
32101,17006
32102,17007
32103,16978
32104,16976
32105,17001
32106,16983
32107,17001
32108,17002
32109,17001
32110,17002
32111,17012
32112,16968
32113,17010
32114,16968
32115,17010
32116,16972
32117,16976
32118,16995
32119,17015
32120,16995
32121,17015
32122,17015
32123,16995
32124,17006
32125,16983
32126,17017
32127,17002
32128,17017
32129,16990
32130,17002
32131,16972
32132,17017
32133,17002
32134,17025
32135,17028
32136,17021
32137,17028
32138,17034
32139,17026
32140,17023
32141,17032
32142,17032
32143,17026
32144,17022
32145,17032
32146,17036
32147,17010
32148,17032
32149,17036
32150,17029
32151,17020
32152,17032
32153,17035
32154,17051
32155,17048
32156,17041
32157,17035
32158,17041
32159,17038
32160,17039
32161,17025
32162,17038
32163,17047
32164,17048
32165,17065
32166,17027
32167,17069
32168,17079
32169,17085
32170,17058
32171,17071
32172,17085
32173,17068
32174,17071
32175,17058
32176,17081
32177,17046
32178,17067
32179,17081
32180,17081
32181,17054
32182,17067
32183,17085
32184,17088
32185,17078
32186,17088
32187,17081
32188,17069
32189,17044
32190,17056
32191,17069
32192,17069
32193,17056
32194,17080
32195,17096
32196,17092
32197,17081
32198,17096
32199,17092
32200,17069
32201,17096
32202,17092
32203,17081
32204,17096
32205,17091
32206,17099
32207,17110
32208,17120
32209,17095
32210,17112
32211,17112
32212,17065
32213,17115
32214,17112
32215,17130
32216,17109
32217,17112
32218,17122
32219,17115
32220,17112
32221,17122
32222,17124
32223,17103
32224,17112
32225,17116
32226,17133
32227,17133
32228,17131
32229,17100
32230,17133
32231,17131
32232,17133
32233,17131
32234,17087
32235,17117
32236,17133
32237,17131
32238,17115
32239,17133
32240,17131
32241,17117
32242,17151
32243,17133
32244,17157
32245,17134
32246,17142
32247,17142
32248,17132
32249,17118
32250,17152
32251,17151
32252,17159
32253,17143
32254,17151
32255,17159
32256,17162
32257,17132
32258,17142
32259,17134
32260,17142
32261,17132
32262,17132
32263,17142
32264,17148
32265,17156
32266,17166
32267,17157
32268,17133
32269,17156
32270,17166
32271,17157
32272,17146
32273,17172
32274,17172
32275,17149
32276,17172
32277,17135
32278,17172
32279,17149
32280,17172
32281,17172
32282,17149
32283,17159
32284,17142
32285,17164
32286,17175
32287,17139
32288,17175
32289,17154
32290,17139
32291,17175
32292,17152
32293,17139
32294,17167
32295,17165
32296,17177
32297,17173
32298,17177
32299,17177
32300,17139
32301,17157
32302,17177
32303,17177
32304,17134
32305,17160
32306,17138
32307,17175
32308,17172
32309,17173
32310,17176
32311,17182
32312,17173
32313,17172
32314,17184
32315,17166
32316,17139
32317,17191
32318,17190
32319,17191
32320,17166
32321,17184
32322,17173
32323,17172
32324,17182
32325,17174
32326,17173
32327,17172
32328,17182
32329,17175
32330,17175
32331,17137
32332,17152
32333,17172
32334,17157
32335,17167
32336,17177
32337,17183
32338,17185
32339,17167
32340,17187
32341,17185
32342,17175
32343,17171
32344,17173
32345,17176
32346,17187
32347,17177
32348,17187
32349,17172
32350,17192
32351,17187
32352,17192
32353,17177
32354,17178
32355,17176
32356,17177
32357,17187
32358,17183
32359,17186
32360,17172
32361,17181
32362,17185
32363,17189
32364,17177
32365,17141
32366,17172
32367,17177
32368,17177
32369,17197
32370,17190
32371,17182
32372,17181
32373,17178
32374,17155
32375,17181
32376,17178
32377,17190
32378,17203
32379,17195
32380,17200
32381,17203
32382,17201
32383,17213
32384,17196
32385,17172
32386,17206
32387,17201
32388,17206
32389,17201
32390,17202
32391,17201
32392,17186
32393,17206
32394,17209
32395,17213
32396,17184
32397,17200
32398,17218
32399,17217
32400,17181
32401,17210
32402,17219
32403,17213
32404,17212
32405,17181
32406,17219
32407,17213
32408,17212
32409,17225
32410,17197
32411,17217
32412,17225
32413,17212
32414,17216
32415,17221
32416,17206
32417,17236
32418,17221
32419,17236
32420,17206
32421,17225
32422,17225
32423,17226
32424,17225
32425,17225
32426,17230
32427,17217
32428,17228
32429,17226
32430,17225
32431,17225
32432,17236
32433,17225
32434,17230
32435,17196
32436,17225
32437,17224
32438,17220
32439,17227
32440,17243
32441,17233
32442,17227
32443,17220
32444,17227
32445,17243
32446,17233
32447,17252
32448,17232
32449,17252
32450,17245
32451,17264
32452,17252
32453,17271
32454,17244
32455,17268
32456,17264
32457,17246
32458,17264
32459,17252
32460,17264
32461,17267
32462,17262
32463,17254
32464,17255
32465,17256
32466,17286
32467,17284
32468,17286
32469,17252
32470,17282
32471,17278
32472,17243
32473,17279
32474,17254
32475,17270
32476,17275
32477,17267
32478,17288
32479,17277
32480,17242
32481,17266
32482,17286
32483,17267
32484,17286
32485,17266
32486,17267
32487,17286
32488,17242
32489,17292
32490,17278
32491,17298
32492,17278
32493,17297
32494,17302
32495,17307
32496,17288
32497,17307
32498,17302
32499,17303
32500,17312
32501,17316
32502,17320
32503,17308
32504,17305
32505,17301
32506,17303
32507,17317
32508,17307
32509,17303
32510,17317
32511,17310
32512,17300
32513,17300
32514,17299
32515,17305
32516,17280
32517,17295
32518,17302
32519,17314
32520,17306
32521,17295
32522,17302
32523,17314
32524,17295
32525,17302
32526,17312
32527,17298
32528,17310
32529,17298
32530,17303
32531,17310
32532,17300
32533,17312
32534,17270
32535,17247
32536,17270
32537,17312
32538,17305
32539,17270
32540,17312
32541,17314
32542,17308
32543,17312
32544,17297
32545,17270
32546,17314
32547,17314
32548,17314
32549,17314
32550,17314
32551,17297
32552,17314
32553,17306
32554,17314
32555,17314
32556,17314
32557,17301
32558,17314
32559,17314
32560,17314
32561,17306
32562,17314
32563,17314
32564,17314
32565,17297
32566,17314
32567,17314
32568,17314
32569,17308
32570,17308
32571,17304
32572,17301
32573,17313
32574,17308
32575,17304
32576,17301
32577,17308
32578,17304
32579,17302
32580,17297
32581,17308
32582,17312
32583,17314
32584,17312
32585,17270
32586,17305
32587,17312
32588,17270
32589,17270
32590,17312
32591,17246
32592,17314
32593,17297
32594,17308
32595,17312
32596,17297
32597,17312
32598,17270
32599,17314
32600,17306
32601,17296
32602,17290
32603,17313
32604,17306
32605,17306
32606,17268
32607,17313
32608,17306
32609,17303
32610,17270
32611,17312
32612,17306
32613,17270
32614,17302
32615,17312
32616,17270
32617,17313
32618,17317
32619,17318
32620,17318
32621,17317
32622,17324
32623,17303
32624,17300
32625,17303
32626,17302
32627,17303
32628,17300
32629,17280
32630,17303
32631,17327
32632,17321
32633,17326
32634,17310
32635,17324
32636,17322
32637,17328
32638,17340
32639,17324
32640,17323
32641,17321
32642,17308
32643,17323
32644,17318
32645,17323
32646,17321
32647,17323
32648,17339
32649,17337
32650,17336
32651,17338
32652,17309
32653,17336
32654,17337
32655,17336
32656,17338
32657,17336
32658,17337
32659,17336
32660,17333
32661,17344
32662,17334
32663,17337
32664,17342
32665,17351
32666,17345
32667,17336
32668,17358
32669,17309
32670,17331
32671,17342
32672,17309
32673,17358
32674,17341
32675,17331
32676,17355
32677,17345
32678,17330
32679,17338
32680,17348
32681,17345
32682,17365
32683,17356
32684,17348
32685,17358
32686,17348
32687,17348
32688,17358
32689,17348
32690,17356
32691,17348
32692,17348
32693,17358
32694,17348
32695,17365
32696,17354
32697,17376
32698,17372
32699,17376
32700,17354
32701,17376
32702,17372
32703,17354
32704,17362
32705,17376
32706,17348
32707,17354
32708,17372
32709,17376
32710,17373
32711,17379
32712,17384
32713,17370
32714,17384
32715,17375
32716,17379
32717,17370
32718,17384
32719,17367
32720,17378
32721,17377
32722,17364
32723,17395
32724,17386
32725,17377
32726,17347
32727,17377
32728,17347
32729,17340
32730,17377
32731,17372
32732,17351
32733,17369
32734,17371
32735,17371
32736,17369
32737,17371
32738,17385
32739,17394
32740,17386
32741,17390
32742,17381
32743,17360
32744,17373
32745,17374
32746,17378
32747,17389
32748,17372
32749,17362
32750,17384
32751,17377
32752,17405
32753,17398
32754,17402
32755,17401
32756,17402
32757,17391
32758,17402
32759,17413
32760,17421
32761,17411
32762,17421
32763,17406
32764,17421
32765,17411
32766,17413
32767,17383
32768,17401
32769,17381
32770,17404
32771,17412
32772,17405
32773,17397
32774,17398
32775,17392
32776,17405
32777,17392
32778,17404
32779,17405
32780,17401
32781,17392
32782,17405
32783,17370
32784,17415
32785,17373
32786,17411
32787,17426
32788,17377
32789,17415
32790,17377
32791,17406
32792,17399
32793,17415
32794,17418
32795,17413
32796,17387
32797,17406
32798,17412
32799,17393
32800,17407
32801,17410
32802,17393
32803,17408
32804,17407
32805,17393
32806,17415
32807,17422
32808,17409
32809,17435
32810,17421
32811,17435
32812,17421
32813,17402
32814,17426
32815,17436
32816,17431
32817,17442
32818,17430
32819,17422
32820,17428
32821,17429
32822,17422
32823,17429
32824,17422
32825,17438
32826,17439
32827,17431
32828,17439
32829,17416
32830,17439
32831,17439
32832,17440
32833,17435
32834,17445
32835,17437
32836,17448
32837,17401
32838,17443
32839,17442
32840,17444
32841,17438
32842,17442
32843,17442
32844,17443
32845,17431
32846,17449
32847,17452
32848,17449
32849,17461
32850,17462
32851,17461
32852,17443
32853,17457
32854,17463
32855,17443
32856,17424
32857,17459
32858,17456
32859,17457
32860,17456
32861,17451
32862,17458
32863,17456
32864,17457
32865,17477
32866,17486
32867,17474
32868,17486
32869,17476
32870,17486
32871,17476
32872,17486
32873,17474
32874,17442
32875,17486
32876,17457
32877,17456
32878,17486
32879,17481
32880,17486
32881,17472
32882,17486
32883,17456
32884,17486
32885,17473
32886,17482
32887,17486
32888,17470
32889,17478
32890,17486
32891,17482
32892,17470
32893,17482
32894,17486
32895,17464
32896,17480
32897,17459
32898,17488
32899,17475
32900,17480
32901,17494
32902,17493
32903,17478
32904,17486
32905,17474
32906,17473
32907,17486
32908,17482
32909,17481
32910,17497
32911,17502
32912,17500
32913,17491
32914,17481
32915,17497
32916,17500
32917,17491
32918,17502
32919,17481
32920,17497
32921,17475
32922,17501
32923,17463
32924,17501
32925,17472
32926,17487
32927,17501
32928,17501
32929,17476
32930,17506
32931,17513
32932,17495
32933,17507
32934,17510
32935,17493
32936,17507
32937,17498
32938,17491
32939,17506
32940,17513
32941,17483
32942,17506
32943,17491
32944,17513
32945,17505
32946,17524
32947,17496
32948,17506
32949,17523
32950,17478
32951,17505
32952,17462
32953,17493
32954,17501
32955,17506
32956,17491
32957,17513
32958,17489
32959,17480
32960,17480
32961,17470
32962,17480
32963,17489
32964,17496
32965,17480
32966,17503
32967,17501
32968,17500
32969,17501
32970,17480
32971,17470
32972,17477
32973,17500
32974,17477
32975,17492
32976,17477
32977,17500
32978,17507
32979,17501
32980,17492
32981,17509
32982,17506
32983,17483
32984,17492
32985,17484
32986,17483
32987,17506
32988,17489
32989,17500
32990,17477
32991,17488
32992,17463
32993,17476
32994,17504
32995,17486
32996,17506
32997,17506
32998,17504
32999,17506
33000,17486
33001,17506
33002,17504
33003,17522
33004,17519
33005,17506
33006,17512
33007,17520
33008,17496
33009,17503
33010,17526
33011,17495
33012,17521
33013,17530
33014,17495
33015,17513
33016,17495
33017,17521
33018,17530
33019,17521
33020,17495
33021,17530
33022,17495
33023,17521
33024,17478
33025,17495
33026,17525
33027,17511
33028,17527
33029,17511
33030,17509
33031,17511
33032,17506
33033,17546
33034,17546
33035,17528
33036,17511
33037,17546
33038,17539
33039,17546
33040,17511
33041,17546
33042,17528
33043,17546
33044,17511
33045,17546
33046,17539
33047,17545
33048,17545
33049,17538
33050,17527
33051,17545
33052,17545
33053,17537
33054,17546
33055,17536
33056,17547
33057,17539
33058,17543
33059,17548
33060,17543
33061,17547
33062,17543
33063,17541
33064,17541
33065,17565
33066,17550
33067,17565
33068,17541
33069,17565
33070,17542
33071,17511
33072,17557
33073,17548
33074,17554
33075,17546
33076,17511
33077,17533
33078,17552
33079,17560
33080,17561
33081,17557
33082,17570
33083,17572
33084,17563
33085,17561
33086,17556
33087,17561
33088,17570
33089,17563
33090,17569
33091,17563
33092,17569
33093,17563
33094,17563
33095,17569
33096,17568
33097,17563
33098,17557
33099,17558
33100,17566
33101,17583
33102,17583
33103,17597
33104,17583
33105,17584
33106,17597
33107,17578
33108,17578
33109,17576
33110,17588
33111,17576
33112,17578
33113,17589
33114,17594
33115,17600
33116,17567
33117,17575
33118,17585
33119,17580
33120,17582
33121,17585
33122,17533
33123,17581
33124,17574
33125,17600
33126,17581
33127,17582
33128,17573
33129,17600
33130,17581
33131,17597
33132,17580
33133,17593
33134,17593
33135,17586
33136,17603
33137,17589
33138,17603
33139,17586
33140,17612
33141,17611
33142,17603
33143,17611
33144,17611
33145,17595
33146,17603
33147,17611
33148,17605
33149,17611
33150,17603
33151,17611
33152,17602
33153,17610
33154,17604
33155,17567
33156,17610
33157,17552
33158,17604
33159,17610
33160,17610
33161,17604
33162,17598
33163,17610
33164,17604
33165,17567
33166,17610
33167,17610
33168,17604
33169,17610
33170,17607
33171,17611
33172,17613
33173,17611
33174,17621
33175,17601
33176,17611
33177,17601
33178,17620
33179,17621
33180,17611
33181,17611
33182,17620
33183,17607
33184,17611
33185,17620
33186,17614
33187,17632
33188,17625
33189,17632
33190,17631
33191,17632
33192,17631
33193,17632
33194,17625
33195,17601
33196,17632
33197,17631
33198,17624
33199,17618
33200,17617
33201,17602
33202,17617
33203,17618
33204,17617
33205,17617
33206,17618
33207,17617
33208,17602
33209,17599
33210,17617
33211,17618
33212,17638
33213,17644
33214,17631
33215,17644
33216,17623
33217,17618
33218,17615
33219,17623
33220,17607
33221,17621
33222,17626
33223,17613
33224,17621
33225,17621
33226,17626
33227,17613
33228,17621
33229,17608
33230,17621
33231,17626
33232,17618
33233,17636
33234,17636
33235,17638
33236,17636
33237,17602
33238,17600
33239,17618
33240,17605
33241,17636
33242,17636
33243,17618
33244,17636
33245,17622
33246,17626
33247,17617
33248,17630
33249,17617
33250,17630
33251,17626
33252,17617
33253,17630
33254,17602
33255,17638
33256,17632
33257,17611
33258,17625
33259,17638
33260,17632
33261,17647
33262,17647
33263,17617
33264,17640
33265,17644
33266,17633
33267,17647
33268,17617
33269,17644
33270,17647
33271,17617
33272,17647
33273,17638
33274,17625
33275,17632
33276,17619
33277,17644
33278,17629
33279,17630
33280,17644
33281,17626
33282,17644
33283,17629
33284,17644
33285,17644
33286,17630
33287,17616
33288,17623
33289,17603
33290,17631
33291,17628
33292,17633
33293,17611
33294,17634
33295,17644
33296,17630
33297,17644
33298,17629
33299,17644
33300,17597
33301,17631
33302,17643
33303,17636
33304,17622
33305,17653
33306,17653
33307,17646
33308,17647
33309,17613
33310,17653
33311,17618
33312,17626
33313,17651
33314,17644
33315,17644
33316,17646
33317,17646
33318,17644
33319,17646
33320,17646
33321,17648
33322,17636
33323,17643
33324,17629
33325,17597
33326,17631
33327,17597
33328,17615
33329,17597
33330,17608
33331,17597
33332,17631
33333,17648
33334,17653
33335,17647
33336,17647
33337,17613
33338,17653
33339,17654
33340,17656
33341,17658
33342,17652
33343,17658
33344,17643
33345,17656
33346,17658
33347,17663
33348,17673
33349,17663
33350,17664
33351,17663
33352,17674
33353,17687
33354,17688
33355,17681
33356,17684
33357,17691
33358,17685
33359,17691
33360,17665
33361,17687
33362,17689
33363,17681
33364,17684
33365,17664
33366,17663
33367,17674
33368,17664
33369,17671
33370,17687
33371,17683
33372,17680
33373,17693
33374,17700
33375,17697
33376,17693
33377,17686
33378,17711
33379,17697
33380,17707
33381,17711
33382,17697
33383,17709
33384,17703
33385,17711
33386,17727
33387,17713
33388,17727
33389,17688
33390,17727
33391,17713
33392,17727
33393,17709
33394,17687
33395,17732
33396,17726
33397,17687
33398,17714
33399,17736
33400,17722
33401,17736
33402,17722
33403,17708
33404,17736
33405,17736
33406,17722
33407,17736
33408,17737
33409,17737
33410,17733
33411,17737
33412,17733
33413,17737
33414,17733
33415,17721
33416,17737
33417,17707
33418,17745
33419,17733
33420,17713
33421,17727
33422,17733
33423,17745
33424,17721
33425,17713
33426,17721
33427,17745
33428,17733
33429,17722
33430,17741
33431,17731
33432,17738
33433,17741
33434,17745
33435,17751
33436,17743
33437,17740
33438,17736
33439,17756
33440,17748
33441,17696
33442,17756
33443,17736
33444,17758
33445,17747
33446,17756
33447,17761
33448,17766
33449,17759
33450,17758
33451,17771
33452,17785
33453,17766
33454,17776
33455,17785
33456,17758
33457,17771
33458,17741
33459,17771
33460,17758
33461,17765
33462,17765
33463,17773
33464,17748
33465,17760
33466,17752
33467,17760
33468,17743
33469,17761
33470,17760
33471,17752
33472,17760
33473,17771
33474,17736
33475,17714
33476,17756
33477,17755
33478,17756
33479,17732
33480,17742
33481,17756
33482,17746
33483,17732
33484,17756
33485,17740
33486,17746
33487,17756
33488,17732
33489,17756
33490,17757
33491,17767
33492,17773
33493,17757
33494,17782
33495,17783
33496,17773
33497,17712
33498,17764
33499,17753
33500,17773
33501,17752
33502,17765
33503,17756
33504,17771
33505,17767
33506,17773
33507,17757
33508,17773
33509,17767
33510,17750
33511,17773
33512,17757
33513,17766
33514,17776
33515,17783
33516,17776
33517,17776
33518,17783
33519,17776
33520,17775
33521,17751
33522,17772
33523,17773
33524,17752
33525,17773
33526,17772
33527,17751
33528,17773
33529,17772
33530,17787
33531,17787
33532,17784
33533,17782
33534,17761
33535,17765
33536,17783
33537,17776
33538,17753
33539,17783
33540,17789
33541,17783
33542,17789
33543,17776
33544,17783
33545,17789
33546,17783
33547,17770
33548,17776
33549,17783
33550,17789
33551,17780
33552,17783
33553,17766
33554,17755
33555,17766
33556,17783
33557,17766
33558,17783
33559,17797
33560,17789
33561,17795
33562,17771
33563,17795
33564,17793
33565,17793
33566,17803
33567,17797
33568,17793
33569,17793
33570,17795
33571,17797
33572,17792
33573,17797
33574,17775
33575,17792
33576,17781
33577,17792
33578,17794
33579,17785
33580,17780
33581,17790
33582,17795
33583,17800
33584,17806
33585,17802
33586,17804
33587,17807
33588,17824
33589,17815
33590,17824
33591,17803
33592,17808
33593,17804
33594,17806
33595,17804
33596,17802
33597,17791
33598,17805
33599,17777
33600,17795
33601,17795
33602,17790
33603,17795
33604,17804
33605,17803
33606,17805
33607,17801
33608,17791
33609,17805
33610,17803
33611,17802
33612,17803
33613,17805
33614,17801
33615,17791
33616,17805
33617,17803
33618,17791
33619,17805
33620,17791
33621,17802
33622,17800
33623,17788
33624,17808
33625,17802
33626,17800
33627,17808
33628,17802
33629,17800
33630,17793
33631,17820
33632,17818
33633,17838
33634,17838
33635,17816
33636,17838
33637,17807
33638,17838
33639,17815
33640,17826
33641,17831
33642,17831
33643,17827
33644,17836
33645,17831
33646,17827
33647,17831
33648,17826
33649,17827
33650,17836
33651,17831
33652,17832
33653,17831
33654,17827
33655,17831
33656,17836
33657,17843
33658,17832
33659,17846
33660,17838
33661,17826
33662,17842
33663,17841
33664,17829
33665,17848
33666,17826
33667,17846
33668,17846
33669,17847
33670,17847
33671,17829
33672,17843
33673,17847
33674,17847
33675,17843
33676,17834
33677,17844
33678,17847
33679,17847
33680,17843
33681,17847
33682,17857
33683,17870
33684,17856
33685,17847
33686,17848
33687,17856
33688,17871
33689,17863
33690,17871
33691,17848
33692,17871
33693,17872
33694,17868
33695,17868
33696,17857
33697,17865
33698,17876
33699,17878
33700,17883
33701,17877
33702,17885
33703,17881
33704,17876
33705,17863
33706,17876
33707,17863
33708,17865
33709,17876
33710,17863
33711,17876
33712,17863
33713,17874
33714,17886
33715,17883
33716,17868
33717,17891
33718,17868
33719,17881
33720,17894
33721,17877
33722,17894
33723,17883
33724,17882
33725,17894
33726,17894
33727,17894
33728,17886
33729,17907
33730,17907
33731,17874
33732,17875
33733,17907
33734,17889
33735,17907
33736,17911
33737,17880
33738,17892
33739,17907
33740,17911
33741,17880
33742,17907
33743,17911
33744,17903
33745,17913
33746,17914
33747,17915
33748,17935
33749,17916
33750,17905
33751,17915
33752,17938
33753,17936
33754,17936
33755,17894
33756,17921
33757,17938
33758,17915
33759,17905
33760,17935
33761,17915
33762,17916
33763,17915
33764,17935
33765,17903
33766,17915
33767,17916
33768,17935
33769,17915
33770,17936
33771,17894
33772,17936
33773,17921
33774,17936
33775,17937
33776,17938
33777,17953
33778,17951
33779,17942
33780,17947
33781,17936
33782,17936
33783,17894
33784,17921
33785,17936
33786,17936
33787,17915
33788,17894
33789,17936
33790,17921
33791,17936
33792,17936
33793,17915
33794,17894
33795,17936
33796,17921
33797,17936
33798,17932
33799,17925
33800,17917
33801,17916
33802,17925
33803,17897
33804,17917
33805,17925
33806,17916
33807,17933
33808,17926
33809,17933
33810,17925
33811,17931
33812,17943
33813,17933
33814,17934
33815,17937
33816,17948
33817,17933
33818,17938
33819,17933
33820,17942
33821,17941
33822,17942
33823,17912
33824,17942
33825,17941
33826,17942
33827,17938
33828,17948
33829,17920
33830,17960
33831,17949
33832,17954
33833,17918
33834,17968
33835,17954
33836,17955
33837,17954
33838,17968
33839,17951
33840,17961
33841,17953
33842,17943
33843,17943
33844,17961
33845,17953
33846,17961
33847,17965
33848,17953
33849,17961
33850,17944
33851,17961
33852,17953
33853,17961
33854,17953
33855,17963
33856,17970
33857,17976
33858,17983
33859,17966
33860,17967
33861,17973
33862,17982
33863,17991
33864,17987
33865,17988
33866,17991
33867,17987
33868,17988
33869,17978
33870,17981
33871,17995
33872,17991
33873,17981
33874,17981
33875,17981
33876,17943
33877,18000
33878,17991
33879,18000
33880,17988
33881,17991
33882,18004
33883,17990
33884,17978
33885,17963
33886,17971
33887,17995
33888,18006
33889,18013
33890,17995
33891,18006
33892,18022
33893,18010
33894,18008
33895,18013
33896,18023
33897,18031
33898,18035
33899,18031
33900,18035
33901,18035
33902,18016
33903,18031
33904,18035
33905,18031
33906,18035
33907,18008
33908,18035
33909,18031
33910,18035
33911,18023
33912,18013
33913,18008
33914,18007
33915,18013
33916,18010
33917,18008
33918,18013
33919,18003
33920,18022
33921,18012
33922,18031
33923,18028
33924,18031
33925,18031
33926,18010
33927,18030
33928,18026
33929,18000
33930,18023
33931,18028
33932,18032
33933,18036
33934,18040
33935,18028
33936,18049
33937,18033
33938,18062
33939,18053
33940,18049
33941,18062
33942,18053
33943,18046
33944,18052
33945,18047
33946,18051
33947,18047
33948,18051
33949,18051
33950,18042
33951,18047
33952,18051
33953,18047
33954,18033
33955,18056
33956,18058
33957,18028
33958,18053
33959,18048
33960,18053
33961,18047
33962,18035
33963,18053
33964,18028
33965,18056
33966,18058
33967,18056
33968,18037
33969,18056
33970,18030
33971,18058
33972,18041
33973,18040
33974,18057
33975,18040
33976,18075
33977,18066
33978,18079
33979,18083
33980,18047
33981,18061
33982,18078
33983,18042
33984,18078
33985,18070
33986,18078
33987,18056
33988,18073
33989,18078
33990,18073
33991,18078
33992,18070
33993,18078
33994,18078
33995,18048
33996,18080
33997,18075
33998,18080
33999,18070
34000,18064
34001,18067
34002,18048
34003,18064
34004,18067
34005,18083
34006,18071
34007,18070
34008,18071
34009,18062
34010,18071
34011,18042
34012,18083
34013,18067
34014,18056
34015,18071
34016,18071
34017,18071
34018,18070
34019,18062
34020,18052
34021,18076
34022,18047
34023,18083
34024,18078
34025,18055
34026,18076
34027,18083
34028,18052
34029,18071
34030,18070
34031,18062
34032,18071
34033,18042
34034,18071
34035,18055
34036,18075
34037,18081
34038,18078
34039,18092
34040,18100
34041,18083
34042,18070
34043,18067
34044,18093
34045,18092
34046,18093
34047,18084
34048,18090
34049,18078
34050,18090
34051,18087
34052,18085
34053,18086
34054,18087
34055,18083
34056,18086
34057,18085
34058,18087
34059,18086
34060,18087
34061,18083
34062,18086
34063,18085
34064,18095
34065,18066
34066,18066
34067,18081
34068,18066
34069,18066
34070,18066
34071,18098
34072,18083
34073,18083
34074,18083
34075,18095
34076,18087
34077,18092
34078,18075
34079,18092
34080,18105
34081,18093
34082,18067
34083,18103
34084,18086
34085,18103
34086,18096
34087,18067
34088,18105
34089,18080
34090,18093
34091,18082
34092,18105
34093,18093
34094,18080
34095,18082
34096,18105
34097,18093
34098,18080
34099,18105
34100,18082
34101,18093
34102,18105
34103,18081
34104,18093
34105,18082
34106,18086
34107,18081
34108,18066
34109,18067
34110,18073
34111,18093
34112,18093
34113,18039
34114,18067
34115,18066
34116,18090
34117,18078
34118,18086
34119,18093
34120,18087
34121,18102
34122,18108
34123,18110
34124,18100
34125,18109
34126,18100
34127,18102
34128,18108
34129,18100
34130,18120
34131,18113
34132,18096
34133,18113
34134,18119
34135,18096
34136,18086
34137,18121
34138,18123
34139,18133
34140,18116
34141,18137
34142,18118
34143,18137
34144,18137
34145,18138
34146,18133
34147,18137
34148,18137
34149,18133
34150,18138
34151,18138
34152,18130
34153,18138
34154,18130
34155,18143
34156,18122
34157,18140
34158,18129
34159,18143
34160,18113
34161,18146
34162,18152
34163,18161
34164,18146
34165,18141
34166,18146
34167,18161
34168,18152
34169,18146
34170,18161
34171,18152
34172,18146
34173,18161
34174,18151
34175,18156
34176,18170
34177,18173
34178,18170
34179,18173
34180,18158
34181,18170
34182,18173
34183,18156
34184,18125
34185,18170
34186,18173
34187,18168
34188,18157
34189,18157
34190,18145
34191,18157
34192,18157
34193,18173
34194,18168
34195,18173
34196,18125
34197,18168
34198,18173
34199,18141
34200,18163
34201,18168
34202,18173
34203,18177
34204,18174
34205,18125
34206,18174
34207,18174
34208,18152
34209,18174
34210,18178
34211,18173
34212,18153
34213,18190
34214,18182
34215,18175
34216,18146
34217,18161
34218,18161
34219,18187
34220,18182
34221,18176
34222,18187
34223,18161
34224,18187
34225,18173
34226,18187
34227,18176
34228,18161
34229,18187
34230,18182
34231,18187
34232,18161
34233,18161
34234,18175
34235,18155
34236,18125
34237,18165
34238,18164
34239,18192
34240,18178
34241,18190
34242,18206
34243,18178
34244,18206
34245,18190
34246,18175
34247,18206
34248,18201
34249,18190
34250,18185
34251,18190
34252,18180
34253,18150
34254,18150
34255,18181
34256,18150
34257,18176
34258,18194
34259,18201
34260,18191
34261,18202
34262,18211
34263,18205
34264,18205
34265,18202
34266,18182
34267,18216
34268,18188
34269,18195
34270,18185
34271,18195
34272,18185
34273,18173
34274,18195
34275,18185
34276,18194
34277,18208
34278,18192
34279,18208
34280,18188
34281,18208
34282,18192
34283,18208
34284,18192
34285,18178
34286,18208
34287,18205
34288,18202
34289,18213
34290,18205
34291,18210
34292,18201
34293,18225
34294,18212
34295,18225
34296,18208
34297,18232
34298,18223
34299,18218
34300,18223
34301,18232
34302,18235
34303,18241
34304,18230
34305,18237
34306,18228
34307,18241
34308,18228
34309,18223
34310,18223
34311,18226
34312,18230
34313,18223
34314,18217
34315,18238
34316,18225
34317,18227
34318,18238
34319,18238
34320,18227
34321,18227
34322,18238
34323,18238
34324,18227
34325,18238
34326,18223
34327,18231
34328,18235
34329,18231
34330,18217
34331,18235
34332,18231
34333,18235
34334,18240
34335,18251
34336,18244
34337,18246
34338,18248
34339,18242
34340,18244
34341,18251
34342,18241
34343,18246
34344,18262
34345,18249
34346,18253
34347,18261
34348,18262
34349,18252
34350,18243
34351,18242
34352,18247
34353,18252
34354,18220
34355,18250
34356,18261
34357,18246
34358,18236
34359,18242
34360,18236
34361,18255
34362,18248
34363,18265
34364,18261
34365,18245
34366,18246
34367,18266
34368,18259
34369,18246
34370,18266
34371,18259
34372,18266
34373,18246
34374,18259
34375,18266
34376,18262
34377,18260
34378,18260
34379,18253
34380,18263
34381,18260
34382,18253
34383,18265
34384,18258
34385,18272
34386,18265
34387,18258
34388,18277
34389,18278
34390,18281
34391,18262
34392,18261
34393,18262
34394,18230
34395,18261
34396,18253
34397,18276
34398,18283
34399,18267
34400,18249
34401,18231
34402,18270
34403,18240
34404,18276
34405,18248
34406,18258
34407,18272
34408,18285
34409,18273
34410,18282
34411,18287
34412,18276
34413,18268
34414,18265
34415,18273
34416,18262
34417,18256
34418,18271
34419,18278
34420,18258
34421,18271
34422,18255
34423,18278
34424,18285
34425,18280
34426,18270
34427,18280
34428,18276
34429,18270
34430,18285
34431,18280
34432,18256
34433,18277
34434,18278
34435,18260
34436,18278
34437,18262
34438,18253
34439,18258
34440,18253
34441,18268
34442,18262
34443,18278
34444,18277
34445,18278
34446,18271
34447,18277
34448,18273
34449,18278
34450,18260
34451,18277
34452,18278
34453,18277
34454,18253
34455,18262
34456,18278
34457,18286
34458,18262
34459,18262
34460,18286
34461,18262
34462,18262
34463,18282
34464,18282
34465,18283
34466,18296
34467,18285
34468,18282
34469,18291
34470,18285
34471,18288
34472,18298
34473,18305
34474,18290
34475,18305
34476,18298
34477,18306
34478,18295
34479,18278
34480,18305
34481,18311
34482,18284
34483,18303
34484,18314
34485,18325
34486,18318
34487,18307
34488,18323
34489,18317
34490,18315
34491,18317
34492,18306
34493,18317
34494,18315
34495,18300
34496,18306
34497,18307
34498,18321
34499,18331
34500,18302
34501,18326
34502,18310
34503,18339
34504,18316
34505,18310
34506,18339
34507,18326
34508,18339
34509,18310
34510,18315
34511,18341
34512,18308
34513,18341
34514,18333
34515,18326
34516,18335
34517,18341
34518,18341
34519,18326
34520,18331
34521,18348
34522,18320
34523,18330
34524,18333
34525,18357
34526,18345
34527,18357
34528,18345
34529,18345
34530,18341
34531,18357
34532,18346
34533,18365
34534,18353
34535,18353
34536,18365
34537,18353
34538,18363
34539,18365
34540,18376
34541,18353
34542,18341
34543,18366
34544,18356
34545,18343
34546,18349
34547,18366
34548,18349
34549,18375
34550,18363
34551,18371
34552,18363
34553,18383
34554,18395
34555,18373
34556,18383
34557,18383
34558,18383
34559,18397
34560,18356
34561,18396
34562,18395
34563,18396
34564,18398
34565,18404
34566,18403
34567,18395
34568,18373
34569,18416
34570,18416
34571,18406
34572,18416
34573,18416
34574,18396
34575,18406
34576,18409
34577,18396
34578,18356
34579,18395
34580,18396
34581,18386
34582,18395
34583,18396
34584,18391
34585,18398
34586,18400
34587,18397
34588,18407
34589,18400
34590,18409
34591,18407
34592,18398
34593,18361
34594,18369
34595,18405
34596,18406
34597,18405
34598,18403
34599,18393
34600,18406
34601,18407
34602,18411
34603,18402
34604,18388
34605,18393
34606,18406
34607,18398
34608,18362
34609,18406
34610,18413
34611,18415
34612,18415
34613,18421
34614,18415
34615,18386
34616,18421
34617,18403
34618,18421
34619,18420
34620,18421
34621,18410
34622,18403
34623,18421
34624,18420
34625,18428
34626,18417
34627,18435
34628,18376
34629,18420
34630,18373
34631,18421
34632,18431
34633,18424
34634,18431
34635,18431
34636,18421
34637,18431
34638,18424
34639,18431
34640,18420
34641,18421
34642,18415
34643,18431
34644,18413
34645,18431
34646,18421
34647,18424
34648,18431
34649,18408
34650,18421
34651,18431
34652,18373
34653,18417
34654,18376
34655,18435
34656,18420
34657,18411
34658,18421
34659,18412
34660,18421
34661,18428
34662,18419
34663,18421
34664,18415
34665,18433
34666,18437
34667,18437
34668,18437
34669,18436
34670,18437
34671,18437
34672,18430
34673,18431
34674,18433
34675,18433
34676,18438
34677,18405
34678,18410
34679,18427
34680,18435
34681,18458
34682,18456
34683,18452
34684,18423
34685,18407
34686,18431
34687,18407
34688,18423
34689,18407
34690,18431
34691,18431
34692,18443
34693,18446
34694,18453
34695,18453
34696,18417
34697,18435
34698,18457
34699,18462
34700,18449
34701,18460
34702,18462
34703,18451
34704,18466
34705,18466
34706,18446
34707,18453
34708,18448
34709,18455
34710,18440
34711,18448
34712,18455
34713,18448
34714,18471
34715,18440
34716,18463
34717,18469
34718,18448
34719,18470
34720,18462
34721,18437
34722,18470
34723,18462
34724,18437
34725,18462
34726,18470
34727,18463
34728,18467
34729,18437
34730,18462
34731,18470
34732,18449
34733,18462
34734,18470
34735,18437
34736,18468
34737,18457
34738,18460
34739,18462
34740,18449
34741,18462
34742,18457
34743,18460
34744,18462
34745,18449
34746,18457
34747,18452
34748,18462
34749,18460
34750,18462
34751,18449
34752,18457
34753,18462
34754,18460
34755,18457
34756,18462
34757,18449
34758,18468
34759,18462
34760,18437
34761,18470
34762,18462
34763,18470
34764,18453
34765,18481
34766,18480
34767,18466
34768,18447
34769,18468
34770,18463
34771,18468
34772,18470
34773,18448
34774,18462
34775,18473
34776,18455
34777,18482
34778,18475
34779,18482
34780,18472
34781,18481
34782,18468
34783,18483
34784,18490
34785,18468
34786,18468
34787,18481
34788,18468
34789,18490
34790,18481
34791,18483
34792,18491
34793,18490
34794,18468
34795,18481
34796,18490
34797,18483
34798,18491
34799,18490
34800,18481
34801,18495
34802,18506
34803,18483
34804,18478
34805,18506
34806,18497
34807,18502
34808,18505
34809,18506
34810,18506
34811,18500
34812,18502
34813,18488
34814,18502
34815,18492
34816,18502
34817,18502
34818,18505
34819,18497
34820,18500
34821,18516
34822,18510
34823,18506
34824,18516
34825,18510
34826,18506
34827,18516
34828,18506
34829,18497
34830,18510
34831,18516
34832,18506
34833,18510
34834,18516
34835,18506
34836,18510
34837,18516
34838,18506
34839,18491
34840,18506
34841,18518
34842,18493
34843,18500
34844,18518
34845,18516
34846,18515
34847,18490
34848,18515
34849,18493
34850,18515
34851,18490
34852,18503
34853,18515
34854,18513
34855,18513
34856,18522
34857,18493
34858,18487
34859,18495
34860,18507
34861,18489
34862,18506
34863,18472
34864,18513
34865,18515
34866,18506
34867,18520
34868,18523
34869,18500
34870,18506
34871,18501
34872,18518
34873,18523
34874,18500
34875,18526
34876,18518
34877,18526
34878,18511
34879,18526
34880,18518
34881,18500
34882,18526
34883,18523
34884,18518
34885,18501
34886,18506
34887,18513
34888,18532
34889,18530
34890,18533
34891,18489
34892,18515
34893,18531
34894,18523
34895,18536
34896,18538
34897,18546
34898,18538
34899,18546
34900,18513
34901,18538
34902,18546
34903,18533
34904,18525
34905,18506
34906,18518
34907,18506
34908,18536
34909,18542
34910,18526
34911,18515
34912,18527
34913,18532
34914,18532
34915,18536
34916,18535
34917,18533
34918,18536
34919,18533
34920,18535
34921,18527
34922,18536
34923,18522
34924,18533
34925,18535
34926,18533
34927,18536
34928,18513
34929,18523
34930,18498
34931,18532
34932,18515
34933,18521
34934,18515
34935,18540
34936,18518
34937,18533
34938,18540
34939,18511
34940,18518
34941,18533
34942,18541
34943,18541
34944,18515
34945,18541
34946,18538
34947,18541
34948,18545
34949,18542
34950,18541
34951,18515
34952,18541
34953,18545
34954,18541
34955,18553
34956,18548
34957,18528
34958,18548
34959,18551
34960,18548
34961,18507
34962,18548
34963,18548
34964,18507
34965,18565
34966,18568
34967,18568
34968,18556
34969,18568
34970,18561
34971,18553
34972,18547
34973,18545
34974,18548
34975,18560
34976,18561
34977,18563
34978,18571
34979,18550
34980,18571
34981,18563
34982,18551
34983,18571
34984,18563
34985,18571
34986,18555
34987,18570
34988,18557
34989,18565
34990,18567
34991,18563
34992,18567
34993,18565
34994,18570
34995,18568
34996,18557
34997,18560
34998,18557
34999,18557
35000,18566
35001,18575
35002,18562
35003,18563
35004,18567
35005,18575
35006,18571
35007,18572
35008,18555
35009,18575
35010,18580
35011,18568
35012,18571
35013,18567
35014,18571
35015,18563
35016,18548
35017,18567
35018,18556
35019,18557
35020,18566
35021,18575
35022,18563
35023,18545
35024,18515
35025,18563
35026,18556
35027,18563
35028,18563
35029,18563
35030,18528
35031,18563
35032,18541
35033,18563
35034,18567
35035,18557
35036,18550
35037,18560
35038,18557
35039,18576
35040,18573
35041,18593
35042,18586
35043,18578
35044,18575
35045,18596
35046,18578
35047,18578
35048,18596
35049,18596
35050,18598
35051,18602
35052,18603
35053,18608
35054,18585
35055,18616
35056,18608
35057,18585
35058,18601
35059,18616
35060,18617
35061,18627
35062,18611
35063,18616
35064,18603
35065,18598
35066,18590
35067,18605
35068,18621
35069,18627
35070,18637
35071,18626
35072,18607
35073,18627
35074,18637
35075,18622
35076,18637
35077,18626
35078,18637
35079,18637
35080,18606
35081,18635
35082,18638
35083,18619
35084,18650
35085,18653
35086,18648
35087,18622
35088,18621
35089,18646
35090,18645
35091,18646
35092,18626
35093,18622
35094,18646
35095,18621
35096,18645
35097,18646
35098,18626
35099,18622
35100,18621
35101,18646
35102,18642
35103,18635
35104,18658
35105,18641
35106,18635
35107,18658
35108,18641
35109,18655
35110,18635
35111,18638
35112,18658
35113,18641
35114,18635
35115,18633
35116,18635
35117,18642
35118,18608
35119,18646
35120,18622
35121,18646
35122,18613
35123,18619
35124,18645
35125,18641
35126,18645
35127,18638
35128,18645
35129,18638
35130,18645
35131,18645
35132,18662
35133,18663
35134,18649
35135,18662
35136,18645
35137,18653
35138,18658
35139,18640
35140,18653
35141,18648
35142,18618
35143,18657
35144,18646
35145,18651
35146,18646
35147,18651
35148,18612
35149,18645
35150,18645
35151,18644
35152,18623
35153,18641
35154,18644
35155,18645
35156,18631
35157,18644
35158,18646
35159,18631
35160,18645
35161,18607
35162,18644
35163,18623
35164,18641
35165,18645
35166,18631
35167,18644
35168,18645
35169,18648
35170,18651
35171,18652
35172,18660
35173,18633
35174,18660
35175,18638
35176,18647
35177,18660
35178,18604
35179,18651
35180,18648
35181,18637
35182,18644
35183,18652
35184,18661
35185,18632
35186,18652
35187,18653
35188,18636
35189,18652
35190,18656
35191,18653
35192,18643
35193,18671
35194,18666
35195,18673
35196,18668
35197,18673
35198,18673
35199,18671
35200,18673
35201,18673
35202,18668
35203,18676
35204,18680
35205,18676
35206,18680
35207,18658
35208,18682
35209,18658
35210,18660
35211,18672
35212,18676
35213,18680
35214,18676
35215,18668
35216,18673
35217,18658
35218,18673
35219,18673
35220,18671
35221,18673
35222,18668
35223,18673
35224,18673
35225,18676
35226,18676
35227,18680
35228,18658
35229,18658
35230,18682
35231,18660
35232,18658
35233,18641
35234,18660
35235,18677
35236,18668
35237,18678
35238,18668
35239,18673
35240,18668
35241,18678
35242,18668
35243,18663
35244,18668
35245,18678
35246,18668
35247,18676
35248,18668
35249,18668
35250,18678
35251,18673
35252,18668
35253,18668
35254,18678
35255,18668
35256,18661
35257,18678
35258,18677
35259,18668
35260,18678
35261,18677
35262,18685
35263,18690
35264,18694
35265,18681
35266,18698
35267,18687
35268,18697
35269,18668
35270,18687
35271,18690
35272,18697
35273,18687
35274,18682
35275,18697
35276,18693
35277,18687
35278,18697
35279,18687
35280,18687
35281,18697
35282,18690
35283,18687
35284,18697
35285,18698
35286,18694
35287,18673
35288,18655
35289,18668
35290,18668
35291,18693
35292,18655
35293,18682
35294,18655
35295,18668
35296,18693
35297,18668
35298,18655
35299,18685
35300,18660
35301,18675
35302,18648
35303,18675
35304,18660
35305,18667
35306,18695
35307,18683
35308,18690
35309,18681
35310,18667
35311,18660
35312,18675
35313,18683
35314,18693
35315,18693
35316,18687
35317,18663
35318,18700
35319,18672
35320,18703
35321,18706
35322,18696
35323,18696
35324,18708
35325,18718
35326,18700
35327,18702
35328,18718
35329,18708
35330,18696
35331,18691
35332,18696
35333,18695
35334,18696
35335,18698
35336,18682
35337,18691
35338,18728
35339,18707
35340,18728
35341,18674
35342,18718
35343,18716
35344,18718
35345,18737
35346,18718
35347,18731
35348,18748
35349,18741
35350,18745
35351,18755
35352,18750
35353,18748
35354,18750
35355,18755
35356,18748
35357,18750
35358,18723
35359,18750
35360,18750
35361,18738
35362,18750
35363,18750
35364,18738
35365,18747
35366,18755
35367,18733
35368,18731
35369,18738
35370,18747
35371,18750
35372,18757
35373,18757
35374,18738
35375,18723
35376,18757
35377,18756
35378,18771
35379,18760
35380,18757
35381,18726
35382,18771
35383,18768
35384,18765
35385,18771
35386,18776
35387,18775
35388,18765
35389,18776
35390,18771
35391,18765
35392,18776
35393,18753
35394,18762
35395,18762
35396,18755
35397,18748
35398,18771
35399,18758
35400,18771
35401,18733
35402,18771
35403,18765
35404,18780
35405,18776
35406,18732
35407,18780
35408,18776
35409,18757
35410,18780
35411,18782
35412,18788
35413,18783
35414,18780
35415,18788
35416,18782
35417,18783
35418,18780
35419,18788
35420,18780
35421,18782
35422,18776
35423,18780
35424,18732
35425,18757
35426,18776
35427,18780
35428,18758
35429,18790
35430,18778
35431,18778
35432,18788
35433,18783
35434,18780
35435,18780
35436,18788
35437,18743
35438,18795
35439,18790
35440,18796
35441,18795
35442,18796
35443,18795
35444,18790
35445,18796
35446,18795
35447,18802
35448,18788
35449,18803
35450,18798
35451,18795
35452,18796
35453,18795
35454,18790
35455,18788
35456,18795
35457,18793
35458,18795
35459,18713
35460,18783
35461,18795
35462,18783
35463,18795
35464,18783
35465,18795
35466,18795
35467,18783
35468,18795
35469,18793
35470,18783
35471,18795
35472,18783
35473,18795
35474,18795
35475,18796
35476,18795
35477,18795
35478,18790
35479,18787
35480,18798
35481,18788
35482,18803
35483,18802
35484,18795
35485,18796
35486,18795
35487,18772
35488,18796
35489,18795
35490,18795
35491,18796
35492,18790
35493,18743
35494,18788
35495,18780
35496,18780
35497,18788
35498,18783
35499,18778
35500,18778
35501,18790
35502,18758
35503,18780
35504,18757
35505,18732
35506,18776
35507,18780
35508,18750
35509,18758
35510,18773
35511,18771
35512,18773
35513,18768
35514,18773
35515,18773
35516,18740
35517,18773
35518,18747
35519,18773
35520,18741
35521,18773
35522,18740
35523,18747
35524,18773
35525,18773
35526,18740
35527,18775
35528,18753
35529,18766
35530,18775
35531,18753
35532,18768
35533,18761
35534,18767
35535,18767
35536,18761
35537,18772
35538,18748
35539,18746
35540,18758
35541,18783
35542,18743
35543,18773
35544,18753
35545,18756
35546,18761
35547,18775
35548,18761
35549,18756
35550,18753
35551,18733
35552,18752
35553,18756
35554,18740
35555,18742
35556,18771
35557,18755
35558,18762
35559,18768
35560,18763
35561,18766
35562,18782
35563,18770
35564,18766
35565,18771
35566,18778
35567,18777
35568,18778
35569,18771
35570,18777
35571,18778
35572,18765
35573,18771
35574,18777
35575,18788
35576,18795
35577,18788
35578,18762
35579,18796
35580,18791
35581,18788
35582,18795
35583,18787
35584,18797
35585,18796
35586,18780
35587,18795
35588,18797
35589,18796
35590,18797
35591,18797
35592,18795
35593,18796
35594,18803
35595,18788
35596,18788
35597,18769
35598,18783
35599,18807
35600,18818
35601,18802
35602,18818
35603,18807
35604,18790
35605,18813
35606,18792
35607,18808
35608,18781
35609,18800
35610,18772
35611,18783
35612,18772
35613,18778
35614,18806
35615,18787
35616,18772
35617,18785
35618,18786
35619,18813
35620,18820
35621,18813
35622,18813
35623,18781
35624,18806
35625,18783
35626,18788
35627,18818
35628,18808
35629,18808
35630,18818
35631,18808
35632,18818
35633,18808
35634,18818
35635,18808
35636,18807
35637,18813
35638,18830
35639,18815
35640,18831
35641,18782
35642,18831
35643,18807
35644,18787
35645,18788
35646,18795
35647,18787
35648,18788
35649,18793
35650,18796
35651,18788
35652,18807
35653,18817
35654,18828
35655,18817
35656,18828
35657,18817
35658,18823
35659,18826
35660,18838
35661,18821
35662,18810
35663,18826
35664,18838
35665,18826
35666,18838
35667,18816
35668,18851
35669,18818
35670,18821
35671,18843
35672,18851
35673,18827
35674,18848
35675,18846
35676,18836
35677,18851
35678,18853
35679,18851
35680,18860
35681,18853
35682,18846
35683,18836
35684,18851
35685,18852
35686,18846
35687,18836
35688,18851
35689,18838
35690,18856
35691,18837
35692,18842
35693,18856
35694,18856
35695,18856
35696,18835
35697,18856
35698,18856
35699,18842
35700,18840
35701,18851
35702,18843
35703,18851
35704,18827
35705,18842
35706,18842
35707,18830
35708,18823
35709,18842
35710,18840
35711,18837
35712,18853
35713,18840
35714,18837
35715,18853
35716,18853
35717,18840
35718,18837
35719,18853
35720,18865
35721,18860
35722,18860
35723,18865
35724,18860
35725,18860
35726,18865
35727,18840
35728,18837
35729,18853
35730,18848
35731,18837
35732,18846
35733,18840
35734,18865
35735,18853
35736,18846
35737,18868
35738,18863
35739,18853
35740,18868
35741,18865
35742,18837
35743,18846
35744,18840
35745,18853
35746,18846
35747,18837
35748,18840
35749,18838
35750,18848
35751,18850
35752,18850
35753,18850
35754,18850
35755,18841
35756,18850
35757,18850
35758,18846
35759,18850
35760,18848
35761,18850
35762,18850
35763,18841
35764,18850
35765,18850
35766,18860
35767,18872
35768,18865
35769,18878
35770,18853
35771,18878
35772,18867
35773,18878
35774,18878
35775,18872
35776,18863
35777,18875
35778,18888
35779,18878
35780,18886
35781,18881
35782,18877
35783,18881
35784,18886
35785,18878
35786,18877
35787,18881
35788,18877
35789,18878
35790,18853
35791,18878
35792,18867
35793,18878
35794,18863
35795,18878
35796,18853
35797,18878
35798,18878
35799,18867
35800,18886
35801,18885
35802,18875
35803,18885
35804,18885
35805,18885
35806,18881
35807,18865
35808,18863
35809,18866
35810,18900
35811,18888
35812,18907
35813,18903
35814,18887
35815,18900
35816,18903
35817,18907
35818,18903
35819,18900
35820,18903
35821,18867
35822,18881
35823,18891
35824,18891
35825,18893
35826,18887
35827,18891
35828,18891
35829,18887
35830,18893
35831,18886
35832,18873
35833,18896
35834,18881
35835,18895
35836,18902
35837,18900
35838,18895
35839,18895
35840,18900
35841,18903
35842,18902
35843,18891
35844,18893
35845,18900
35846,18883
35847,18906
35848,18910
35849,18905
35850,18903
35851,18918
35852,18910
35853,18905
35854,18872
35855,18910
35856,18890
35857,18913
35858,18916
35859,18918
35860,18925
35861,18918
35862,18916
35863,18922
35864,18925
35865,18926
35866,18911
35867,18925
35868,18911
35869,18912
35870,18916
35871,18930
35872,18923
35873,18923
35874,18945
35875,18945
35876,18948
35877,18941
35878,18928
35879,18948
35880,18945
35881,18940
35882,18942
35883,18938
35884,18950
35885,18942
35886,18950
35887,18931
35888,18945
35889,18922
35890,18930
35891,18906
35892,18928
35893,18938
35894,18910
35895,18946
35896,18913
35897,18932
35898,18952
35899,18951
35900,18943
35901,18943
35902,18947
35903,18951
35904,18953
35905,18950
35906,18951
35907,18936
35908,18905
35909,18953
35910,18953
35911,18951
35912,18953
35913,18953
35914,18932
35915,18958
35916,18968
35917,18973
35918,18955
35919,18957
35920,18960
35921,18968
35922,18963
35923,18968
35924,18962
35925,18968
35926,18945
35927,18962
35928,18973
35929,18968
35930,18960
35931,18952
35932,18943
35933,18958
35934,18943
35935,18942
35936,18972
35937,18973
35938,18973
35939,18975
35940,18972
35941,18973
35942,18973
35943,18975
35944,18972
35945,18973
35946,18975
35947,18973
35948,18975
35949,18973
35950,18972
35951,18973
35952,18973
35953,18975
35954,18972
35955,18973
35956,18973
35957,18975
35958,18972
35959,18973
35960,18973
35961,18975
35962,18973
35963,18972
35964,18952
35965,18973
35966,18975
35967,18973
35968,18980
35969,18986
35970,18948
35971,18982
35972,18981
35973,18998
35974,18997
35975,18990
35976,18998
35977,18973
35978,18997
35979,18957
35980,18978
35981,18980
35982,18976
35983,18978
35984,18979
35985,18990
35986,18990
35987,18971
35988,18972
35989,18990
35990,18990
35991,18971
35992,18986
35993,18998
35994,19003
35995,18975
35996,18999
35997,18975
35998,19001
35999,18977
36000,18973
36001,19001
36002,18977
36003,19001
36004,18975
36005,19003
36006,18999
36007,18991
36008,18999
36009,19003
36010,18996
36011,18998
36012,19003
36013,18999
36014,18975
36015,19003
36016,18998
36017,18999
36018,18995
36019,18973
36020,18982
36021,18970
36022,18968
36023,18982
36024,18990
36025,18993
36026,19001
36027,18996
36028,18996
36029,18988
36030,18996
36031,18983
36032,18997
36033,18953
36034,18993
36035,18981
36036,18972
36037,18993
36038,18968
36039,18981
36040,18993
36041,18983
36042,18988
36043,18997
36044,18983
36045,18995
36046,19011
36047,19003
36048,18963
36049,19011
36050,18993
36051,18982
36052,18982
36053,18963
36054,18982
36055,18951
36056,18982
36057,18982
36058,18982
36059,19010
36060,19000
36061,19009
36062,19000
36063,18972
36064,19009
36065,19015
36066,19004
36067,19003
36068,19005
36069,18992
36070,19000
36071,19005
36072,19005
36073,19005
36074,19001
36075,19005
36076,19013
36077,19011
36078,19014
36079,19003
36080,19014
36081,19011
36082,19013
36083,19001
36084,19005
36085,19005
36086,19026
36087,19043
36088,19028
36089,19001
36090,19028
36091,19030
36092,19025
36093,19048
36094,19018
36095,19017
36096,19048
36097,19048
36098,19038
36099,19025
36100,19017
36101,19048
36102,19035
36103,19042
36104,19037
36105,19042
36106,19032
36107,19032
36108,19020
36109,19058
36110,19042
36111,19046
36112,19063
36113,19048
36114,19013
36115,19056
36116,19045
36117,19063
36118,19056
36119,19056
36120,19063
36121,19037
36122,19037
36123,19042
36124,19016
36125,19037
36126,19033
36127,19042
36128,19013
36129,19037
36130,19042
36131,19037
36132,19042
36133,19037
36134,19016
36135,19037
36136,19042
36137,19037
36138,19042
36139,19013
36140,19037
36141,19042
36142,19037
36143,19035
36144,19048
36145,19048
36146,19025
36147,19025
36148,19048
36149,19038
36150,19048
36151,19025
36152,19012
36153,18998
36154,19033
36155,19037
36156,19045
36157,19031
36158,19037
36159,19031
36160,19037
36161,19000
36162,19028
36163,19058
36164,19028
36165,19052
36166,19050
36167,19045
36168,19053
36169,19041
36170,19053
36171,19055
36172,19061
36173,19056
36174,19048
36175,19046
36176,19065
36177,19075
36178,19068
36179,19063
36180,19078
36181,19045
36182,19078
36183,19068
36184,19063
36185,19065
36186,19068
36187,19063
36188,19065
36189,19038
36190,19063
36191,19065
36192,19056
36193,19068
36194,19063
36195,19077
36196,19068
36197,19063
36198,19086
36199,19081
36200,19082
36201,19073
36202,19068
36203,19081
36204,19073
36205,19087
36206,19068
36207,19081
36208,19073
36209,19082
36210,19081
36211,19069
36212,19088
36213,19073
36214,19078
36215,19098
36216,19097
36217,19098
36218,19091
36219,19101
36220,19116
36221,19087
36222,19103
36223,19080
36224,19106
36225,19116
36226,19118
36227,19107
36228,19118
36229,19116
36230,19118
36231,19066
36232,19116
36233,19118
36234,19087
36235,19118
36236,19116
36237,19107
36238,19118
36239,19112
36240,19126
36241,19125
36242,19139
36243,19138
36244,19142
36245,19133
36246,19146
36247,19132
36248,19142
36249,19118
36250,19133
36251,19146
36252,19142
36253,19133
36254,19146
36255,19142
36256,19138
36257,19150
36258,19158
36259,19148
36260,19163
36261,19165
36262,19165
36263,19155
36264,19155
36265,19145
36266,19155
36267,19158
36268,19163
36269,19158
36270,19156
36271,19166
36272,19150
36273,19156
36274,19137
36275,19150
36276,19137
36277,19156
36278,19150
36279,19137
36280,19163
36281,19173
36282,19176
36283,19173
36284,19147
36285,19183
36286,19173
36287,19147
36288,19173
36289,19147
36290,19183
36291,19150
36292,19176
36293,19125
36294,19161
36295,19176
36296,19138
36297,19171
36298,19151
36299,19166
36300,19162
36301,19196
36302,19190
36303,19162
36304,19158
36305,19173
36306,19205
36307,19183
36308,19186
36309,19185
36310,19186
36311,19193
36312,19200
36313,19202
36314,19178
36315,19200
36316,19180
36317,19196
36318,19141
36319,19188
36320,19196
36321,19193
36322,19181
36323,19190
36324,19183
36325,19181
36326,19168
36327,19190
36328,19142
36329,19181
36330,19181
36331,19180
36332,19192
36333,19181
36334,19193
36335,19162
36336,19198
36337,19193
36338,19183
36339,19192
36340,19198
36341,19142
36342,19183
36343,19192
36344,19183
36345,19193
36346,19189
36347,19192
36348,19187
36349,19192
36350,19192
36351,19192
36352,19180
36353,19195
36354,19178
36355,19200
36356,19207
36357,19190
36358,19200
36359,19207
36360,19201
36361,19171
36362,19200
36363,19208
36364,19207
36365,19201
36366,19200
36367,19207
36368,19200
36369,19201
36370,19207
36371,19200
36372,19206
36373,19197
36374,19208
36375,19208
36376,19188
36377,19208
36378,19197
36379,19197
36380,19208
36381,19209
36382,19222
36383,19220
36384,19222
36385,19222
36386,19221
36387,19202
36388,19209
36389,19198
36390,19218
36391,19220
36392,19223
36393,19228
36394,19218
36395,19223
36396,19228
36397,19207
36398,19223
36399,19228
36400,19228
36401,19218
36402,19223
36403,19221
36404,19228
36405,19223
36406,19228
36407,19232
36408,19233
36409,19217
36410,19241
36411,19246
36412,19241
36413,19255
36414,19251
36415,19255
36416,19250
36417,19265
36418,19245
36419,19265
36420,19250
36421,19259
36422,19262
36423,19263
36424,19260
36425,19265
36426,19265
36427,19286
36428,19278
36429,19252
36430,19286
36431,19273
36432,19286
36433,19297
36434,19286
36435,19288
36436,19263
36437,19286
36438,19265
36439,19268
36440,19283
36441,19276
36442,19268
36443,19270
36444,19270
36445,19277
36446,19266
36447,19302
36448,19273
36449,19281
36450,19298
36451,19281
36452,19298
36453,19281
36454,19298
36455,19281
36456,19298
36457,19265
36458,19281
36459,19298
36460,19281
36461,19298
36462,19295
36463,19298
36464,19306
36465,19296
36466,19298
36467,19306
36468,19298
36469,19306
36470,19298
36471,19295
36472,19298
36473,19281
36474,19298
36475,19281
36476,19265
36477,19298
36478,19281
36479,19298
36480,19281
36481,19298
36482,19281
36483,19298
36484,19281
36485,19298
36486,19281
36487,19278
36488,19273
36489,19271
36490,19287
36491,19287
36492,19278
36493,19271
36494,19287
36495,19271
36496,19265
36497,19295
36498,19290
36499,19298
36500,19295
36501,19290
36502,19290
36503,19298
36504,19295
36505,19271
36506,19278
36507,19287
36508,19265
36509,19271
36510,19287
36511,19285
36512,19268
36513,19262
36514,19268
36515,19271
36516,19285
36517,19280
36518,19280
36519,19268
36520,19280
36521,19280
36522,19285
36523,19268
36524,19265
36525,19287
36526,19271
36527,19287
36528,19296
36529,19271
36530,19296
36531,19271
36532,19273
36533,19296
36534,19271
36535,19296
36536,19271
36537,19298
36538,19287
36539,19296
36540,19303
36541,19298
36542,19287
36543,19303
36544,19296
36545,19298
36546,19287
36547,19303
36548,19296
36549,19303
36550,19287
36551,19298
36552,19298
36553,19271
36554,19296
36555,19271
36556,19296
36557,19271
36558,19273
36559,19271
36560,19296
36561,19271
36562,19296
36563,19271
36564,19296
36565,19271
36566,19296
36567,19271
36568,19287
36569,19263
36570,19287
36571,19263
36572,19278
36573,19265
36574,19251
36575,19248
36576,19286
36577,19270
36578,19261
36579,19248
36580,19286
36581,19248
36582,19270
36583,19286
36584,19248
36585,19261
36586,19248
36587,19286
36588,19270
36589,19270
36590,19231
36591,19278
36592,19281
36593,19268
36594,19285
36595,19293
36596,19271
36597,19286
36598,19306
36599,19273
36600,19288
36601,19282
36602,19286
36603,19288
36604,19282
36605,19286
36606,19282
36607,19288
36608,19248
36609,19286
36610,19270
36611,19261
36612,19278
36613,19288
36614,19301
36615,19302
36616,19300
36617,19302
36618,19296
36619,19302
36620,19300
36621,19302
36622,19296
36623,19302
36624,19300
36625,19296
36626,19302
36627,19302
36628,19300
36629,19302
36630,19273
36631,19282
36632,19295
36633,19278
36634,19273
36635,19295
36636,19293
36637,19295
36638,19302
36639,19298
36640,19291
36641,19296
36642,19309
36643,19282
36644,19269
36645,19282
36646,19282
36647,19269
36648,19313
36649,19321
36650,19307
36651,19290
36652,19297
36653,19321
36654,19322
36655,19321
36656,19322
36657,19292
36658,19321
36659,19322
36660,19321
36661,19315
36662,19285
36663,19308
36664,19268
36665,19313
36666,19332
36667,19312
36668,19316
36669,19332
36670,19312
36671,19332
36672,19317
36673,19317
36674,19316
36675,19307
36676,19290
36677,19310
36678,19316
36679,19317
36680,19307
36681,19305
36682,19306
36683,19303
36684,19288
36685,19291
36686,19306
36687,19312
36688,19312
36689,19317
36690,19310
36691,19321
36692,19307
36693,19308
36694,19321
36695,19285
36696,19292
36697,19323
36698,19317
36699,19292
36700,19310
36701,19303
36702,19271
36703,19308
36704,19317
36705,19312
36706,19310
36707,19321
36708,19308
36709,19321
36710,19298
36711,19307
36712,19321
36713,19308
36714,19321
36715,19310
36716,19312
36717,19317
36718,19308
36719,19271
36720,19303
36721,19310
36722,19292
36723,19317
36724,19323
36725,19327
36726,19323
36727,19330
36728,19326
36729,19338
36730,19338
36731,19335
36732,19328
36733,19335
36734,19338
36735,19335
36736,19340
36737,19313
36738,19327
36739,19332
36740,19333
36741,19331
36742,19333
36743,19316
36744,19343
36745,19348
36746,19338
36747,19348
36748,19345
36749,19343
36750,19333
36751,19317
36752,19316
36753,19331
36754,19333
36755,19316
36756,19331
36757,19333
36758,19316
36759,19317
36760,19332
36761,19317
36762,19333
36763,19330
36764,19333
36765,19333
36766,19317
36767,19333
36768,19317
36769,19333
36770,19333
36771,19338
36772,19337
36773,19331
36774,19337
36775,19352
36776,19351
36777,19352
36778,19333
36779,19337
36780,19350
36781,19323
36782,19321
36783,19338
36784,19352
36785,19340
36786,19350
36787,19355
36788,19348
36789,19367
36790,19355
36791,19341
36792,19367
36793,19345
36794,19352
36795,19362
36796,19367
36797,19348
36798,19358
36799,19363
36800,19358
36801,19357
36802,19357
36803,19353
36804,19357
36805,19373
36806,19371
36807,19383
36808,19378
36809,19369
36810,19373
36811,19381
36812,19378
36813,19388
36814,19341
36815,19381
36816,19375
36817,19329
36818,19365
36819,19373
36820,19366
36821,19341
36822,19366
36823,19365
36824,19373
36825,19366
36826,19385
36827,19361
36828,19385
36829,19373
36830,19376
36831,19385
36832,19376
36833,19377
36834,19373
36835,19380
36836,19382
36837,19373
36838,19380
36839,19373
36840,19382
36841,19381
36842,19373
36843,19380
36844,19381
36845,19382
36846,19373
36847,19380
36848,19382
36849,19386
36850,19391
36851,19386
36852,19388
36853,19410
36854,19398
36855,19410
36856,19388
36857,19410
36858,19410
36859,19410
36860,19366
36861,19388
36862,19410
36863,19398
36864,19410
36865,19401
36866,19388
36867,19382
36868,19384
36869,19385
36870,19388
36871,19382
36872,19400
36873,19395
36874,19410
36875,19398
36876,19386
36877,19388
36878,19391
36879,19393
36880,19381
36881,19405
36882,19411
36883,19411
36884,19402
36885,19411
36886,19411
36887,19412
36888,19402
36889,19419
36890,19400
36891,19380
36892,19403
36893,19380
36894,19413
36895,19416
36896,19393
36897,19416
36898,19413
36899,19413
36900,19417
36901,19413
36902,19393
36903,19413
36904,19391
36905,19378
36906,19393
36907,19408
36908,19418
36909,19373
36910,19406
36911,19418
36912,19413
36913,19418
36914,19406
36915,19372
36916,19417
36917,19410
36918,19411
36919,19417
36920,19418
36921,19411
36922,19417
36923,19417
36924,19411
36925,19410
36926,19417
36927,19411
36928,19417
36929,19403
36930,19394
36931,19408
36932,19418
36933,19426
36934,19418
36935,19428
36936,19413
36937,19428
36938,19410
36939,19418
36940,19428
36941,19426
36942,19433
36943,19438
36944,19428
36945,19427
36946,19446
36947,19423
36948,19452
36949,19411
36950,19439
36951,19414
36952,19442
36953,19439
36954,19414
36955,19445
36956,19447
36957,19442
36958,19414
36959,19438
36960,19447
36961,19414
36962,19428
36963,19421
36964,19443
36965,19416
36966,19408
36967,19448
36968,19448
36969,19408
36970,19438
36971,19448
36972,19443
36973,19458
36974,19448
36975,19430
36976,19448
36977,19458
36978,19448
36979,19431
36980,19458
36981,19450
36982,19450
36983,19458
36984,19444
36985,19465
36986,19428
36987,19465
36988,19456
36989,19428
36990,19458
36991,19463
36992,19462
36993,19475
36994,19463
36995,19463
36996,19468
36997,19463
36998,19475
36999,19463
37000,19462
37001,19455
37002,19478
37003,19469
37004,19480
37005,19478
37006,19496
37007,19482
37008,19496
37009,19482
37010,19496
37011,19482
37012,19476
37013,19488
37014,19483
37015,19488
37016,19483
37017,19488
37018,19482
37019,19488
37020,19483
37021,19488
37022,19483
37023,19488
37024,19487
37025,19498
37026,19497
37027,19484
37028,19490
37029,19480
37030,19501
37031,19498
37032,19501
37033,19501
37034,19488
37035,19493
37036,19489
37037,19473
37038,19462
37039,19491
37040,19487
37041,19488
37042,19491
37043,19500
37044,19491
37045,19488
37046,19462
37047,19487
37048,19495
37049,19460
37050,19481
37051,19490
37052,19482
37053,19483
37054,19471
37055,19473
37056,19491
37057,19503
37058,19452
37059,19458
37060,19475
37061,19495
37062,19496
37063,19493
37064,19506
37065,19503
37066,19467
37067,19516
37068,19503
37069,19481
37070,19516
37071,19503
37072,19508
37073,19516
37074,19467
37075,19506
37076,19503
37077,19493
37078,19495
37079,19496
37080,19495
37081,19496
37082,19475
37083,19491
37084,19496
37085,19492
37086,19500
37087,19491
37088,19500
37089,19483
37090,19490
37091,19481
37092,19478
37093,19465
37094,19490
37095,19502
37096,19452
37097,19452
37098,19478
37099,19503
37100,19452
37101,19510
37102,19513
37103,19511
37104,19510
37105,19503
37106,19508
37107,19497
37108,19496
37109,19514
37110,19526
37111,19521
37112,19492
37113,19526
37114,19526
37115,19507
37116,19521
37117,19526
37118,19504
37119,19511
37120,19522
37121,19511
37122,19513
37123,19531
37124,19522
37125,19517
37126,19512
37127,19515
37128,19510
37129,19510
37130,19512
37131,19502
37132,19508
37133,19518
37134,19538
37135,19518
37136,19535
37137,19508
37138,19526
37139,19531
37140,19523
37141,19535
37142,19536
37143,19522
37144,19533
37145,19522
37146,19518
37147,19533
37148,19536
37149,19533
37150,19522
37151,19536
37152,19542
37153,19552
37154,19546
37155,19566
37156,19563
37157,19563
37158,19547
37159,19564
37160,19563
37161,19555
37162,19561
37163,19552
37164,19568
37165,19564
37166,19568
37167,19552
37168,19556
37169,19567
37170,19568
37171,19567
37172,19577
37173,19567
37174,19581
37175,19587
37176,19573
37177,19587
37178,19591
37179,19567
37180,19567
37181,19578
37182,19567
37183,19590
37184,19601
37185,19597
37186,19596
37187,19593
37188,19604
37189,19596
37190,19592
37191,19593
37192,19596
37193,19604
37194,19593
37195,19596
37196,19592
37197,19615
37198,19583
37199,19623
37200,19592
37201,19591
37202,19614
37203,19590
37204,19616
37205,19613
37206,19613
37207,19618
37208,19613
37209,19618
37210,19608
37211,19613
37212,19613
37213,19618
37214,19602
37215,19606
37216,19626
37217,19621
37218,19603
37219,19590
37220,19583
37221,19603
37222,19617
37223,19618
37224,19613
37225,19598
37226,19607
37227,19564
37228,19607
37229,19618
37230,19607
37231,19629
37232,19636
37233,19626
37234,19615
37235,19612
37236,19607
37237,19612
37238,19626
37239,19618
37240,19621
37241,19625
37242,19646
37243,19633
37244,19628
37245,19623
37246,19646
37247,19625
37248,19636
37249,19636
37250,19647
37251,19636
37252,19643
37253,19630
37254,19628
37255,19625
37256,19648
37257,19645
37258,19631
37259,19636
37260,19648
37261,19653
37262,19646
37263,19627
37264,19646
37265,19637
37266,19646
37267,19648
37268,19635
37269,19653
37270,19627
37271,19635
37272,19653
37273,19638
37274,19630
37275,19653
37276,19643
37277,19635
37278,19627
37279,19653
37280,19640
37281,19663
37282,19667
37283,19663
37284,19671
37285,19662
37286,19655
37287,19633
37288,19682
37289,19671
37290,19670
37291,19682
37292,19655
37293,19682
37294,19670
37295,19676
37296,19641
37297,19671
37298,19671
37299,19663
37300,19661
37301,19671
37302,19671
37303,19641
37304,19667
37305,19671
37306,19671
37307,19673
37308,19663
37309,19682
37310,19655
37311,19670
37312,19682
37313,19671
37314,19676
37315,19673
37316,19655
37317,19656
37318,19676
37319,19633
37320,19673
37321,19676
37322,19656
37323,19658
37324,19655
37325,19669
37326,19646
37327,19638
37328,19665
37329,19676
37330,19646
37331,19640
37332,19629
37333,19687
37334,19680
37335,19677
37336,19678
37337,19692
37338,19688
37339,19677
37340,19692
37341,19678
37342,19692
37343,19675
37344,19690
37345,19686
37346,19692
37347,19698
37348,19693
37349,19703
37350,19703
37351,19702
37352,19698
37353,19703
37354,19701
37355,19703
37356,19711
37357,19683
37358,19711
37359,19718
37360,19706
37361,19709
37362,19723
37363,19719
37364,19718
37365,19719
37366,19703
37367,19702
37368,19719
37369,19718
37370,19719
37371,19718
37372,19719
37373,19702
37374,19703
37375,19719
37376,19733
37377,19738
37378,19733
37379,19738
37380,19733
37381,19738
37382,19748
37383,19743
37384,19743
37385,19738
37386,19741
37387,19743
37388,19738
37389,19736
37390,19738
37391,19743
37392,19743
37393,19738
37394,19743
37395,19751
37396,19742
37397,19751
37398,19752
37399,19748
37400,19745
37401,19741
37402,19723
37403,19745
37404,19748
37405,19759
37406,19743
37407,19748
37408,19753
37409,19759
37410,19753
37411,19708
37412,19743
37413,19753
37414,19761
37415,19763
37416,19761
37417,19756
37418,19761
37419,19747
37420,19761
37421,19756
37422,19761
37423,19763
37424,19761
37425,19756
37426,19761
37427,19730
37428,19760
37429,19727
37430,19753
37431,19710
37432,19766
37433,19765
37434,19716
37435,19767
37436,19737
37437,19748
37438,19757
37439,19737
37440,19737
37441,19757
37442,19737
37443,19758
37444,19782
37445,19768
37446,19781
37447,19783
37448,19781
37449,19783
37450,19773
37451,19751
37452,19774
37453,19743
37454,19762
37455,19774
37456,19762
37457,19743
37458,19751
37459,19762
37460,19774
37461,19763
37462,19783
37463,19777
37464,19786
37465,19783
37466,19773
37467,19776
37468,19790
37469,19781
37470,19793
37471,19792
37472,19781
37473,19793
37474,19793
37475,19781
37476,19792
37477,19792
37478,19777
37479,19768
37480,19792
37481,19802
37482,19758
37483,19802
37484,19776
37485,19779
37486,19801
37487,19801
37488,19806
37489,19782
37490,19801
37491,19801
37492,19806
37493,19816
37494,19797
37495,19817
37496,19804
37497,19801
37498,19804
37499,19814
37500,19804
37501,19828
37502,19806
37503,19823
37504,19806
37505,19798
37506,19806
37507,19823
37508,19803
37509,19806
37510,19798
37511,19823
37512,19806
37513,19818
37514,19801
37515,19804
37516,19835
37517,19826
37518,19833
37519,19826
37520,19828
37521,19826
37522,19833
37523,19807
37524,19830
37525,19821
37526,19818
37527,19837
37528,19807
37529,19837
37530,19818
37531,19837
37532,19842
37533,19846
37534,19846
37535,19841
37536,19837
37537,19818
37538,19837
37539,19848
37540,19836
37541,19848
37542,19832
37543,19841
37544,19846
37545,19857
37546,19858
37547,19858
37548,19857
37549,19858
37550,19840
37551,19857
37552,19833
37553,19846
37554,19838
37555,19856
37556,19841
37557,19856
37558,19856
37559,19856
37560,19832
37561,19856
37562,19856
37563,19852
37564,19856
37565,19856
37566,19856
37567,19856
37568,19846
37569,19856
37570,19856
37571,19841
37572,19848
37573,19843
37574,19853
37575,19843
37576,19853
37577,19842
37578,19853
37579,19818
37580,19843
37581,19835
37582,19847
37583,19838
37584,19831
37585,19852
37586,19852
37587,19838
37588,19852
37589,19838
37590,19848
37591,19858
37592,19857
37593,19832
37594,19858
37595,19856
37596,19853
37597,19828
37598,19856
37599,19865
37600,19867
37601,19860
37602,19878
37603,19887
37604,19892
37605,19875
37606,19897
37607,19868
37608,19876
37609,19887
37610,19888
37611,19893
37612,19867
37613,19882
37614,19885
37615,19893
37616,19880
37617,19867
37618,19893
37619,19885
37620,19867
37621,19880
37622,19893
37623,19895
37624,19881
37625,19886
37626,19890
37627,19878
37628,19908
37629,19897
37630,19908
37631,19898
37632,19908
37633,19897
37634,19886
37635,19908
37636,19898
37637,19890
37638,19886
37639,19881
37640,19890
37641,19891
37642,19892
37643,19873
37644,19893
37645,19867
37646,19873
37647,19863
37648,19890
37649,19881
37650,19862
37651,19887
37652,19870
37653,19888
37654,19887
37655,19892
37656,19890
37657,19881
37658,19890
37659,19882
37660,19858
37661,19885
37662,19853
37663,19885
37664,19858
37665,19881
37666,19885
37667,19868
37668,19878
37669,19899
37670,19873
37671,19890
37672,19873
37673,19899
37674,19873
37675,19890
37676,19899
37677,19873
37678,19873
37679,19899
37680,19890
37681,19871
37682,19842
37683,19832
37684,19842
37685,19842
37686,19875
37687,19842
37688,19881
37689,19873
37690,19843
37691,19886
37692,19889
37693,19883
37694,19886
37695,19876
37696,19858
37697,19878
37698,19893
37699,19893
37700,19888
37701,19878
37702,19888
37703,19893
37704,19878
37705,19888
37706,19892
37707,19887
37708,19868
37709,19887
37710,19887
37711,19888
37712,19903
37713,19887
37714,19900
37715,19887
37716,19875
37717,19909
37718,19892
37719,19884
37720,19909
37721,19886
37722,19900
37723,19887
37724,19903
37725,19887
37726,19887
37727,19896
37728,19908
37729,19915
37730,19891
37731,19908
37732,19868
37733,19891
37734,19908
37735,19915
37736,19908
37737,19891
37738,19908
37739,19901
37740,19891
37741,19908
37742,19915
37743,19891
37744,19908
37745,19896
37746,19887
37747,19900
37748,19903
37749,19887
37750,19913
37751,19910
37752,19895
37753,19907
37754,19918
37755,19896
37756,19887
37757,19893
37758,19898
37759,19904
37760,19903
37761,19887
37762,19893
37763,19907
37764,19870
37765,19875
37766,19907
37767,19893
37768,19910
37769,19915
37770,19901
37771,19901
37772,19908
37773,19907
37774,19903
37775,19907
37776,19903
37777,19907
37778,19911
37779,19921
37780,19924
37781,19928
37782,19924
37783,19902
37784,19907
37785,19913
37786,19918
37787,19913
37788,19918
37789,19913
37790,19907
37791,19922
37792,19918
37793,19913
37794,19907
37795,19922
37796,19918
37797,19913
37798,19907
37799,19921
37800,19930
37801,19923
37802,19923
37803,19920
37804,19906
37805,19930
37806,19928
37807,19923
37808,19923
37809,19928
37810,19931
37811,19928
37812,19932
37813,19939
37814,19933
37815,19936
37816,19936
37817,19952
37818,19950
37819,19955
37820,19952
37821,19955
37822,19945
37823,19958
37824,19937
37825,19953
37826,19952
37827,19933
37828,19933
37829,19952
37830,19933
37831,19938
37832,19952
37833,19951
37834,19933
37835,19933
37836,19952
37837,19933
37838,19952
37839,19962
37840,19973
37841,19970
37842,19955
37843,19981
37844,19962
37845,19977
37846,19966
37847,19977
37848,19965
37849,19966
37850,19977
37851,19976
37852,19993
37853,19979
37854,19995
37855,19993
37856,19983
37857,19996
37858,19973
37859,19996
37860,19977
37861,19996
37862,19973
37863,19979
37864,19996
37865,19976
37866,19994
37867,19995
37868,19988
37869,20011
37870,20000
37871,19983
37872,20000
37873,20011
37874,19993
37875,20000
37876,19993
37877,20012
37878,20008
37879,20011
37880,19993
37881,19988
37882,20007
37883,20008
37884,19993
37885,20011
37886,20000
37887,19983
37888,19993
37889,20000
37890,20013
37891,20026
37892,20016
37893,20008
37894,20016
37895,20026
37896,20033
37897,20025
37898,20022
37899,20016
37900,20026
37901,20016
37902,20025
37903,20032
37904,20016
37905,20022
37906,20025
37907,20016
37908,19961
37909,20013
37910,20025
37911,20008
37912,20006
37913,20023
37914,20006
37915,20027
37916,20006
37917,20006
37918,20016
37919,20023
37920,20027
37921,20006
37922,20027
37923,20027
37924,20008
37925,20016
37926,20013
37927,20027
37928,19990
37929,20016
37930,20027
37931,20008
37932,20027
37933,20012
37934,20008
37935,20016
37936,20027
37937,20012
37938,20027
37939,20008
37940,20016
37941,20027
37942,20024
37943,20032
37944,20031
37945,20030
37946,20032
37947,20016
37948,20013
37949,20015
37950,20023
37951,20016
37952,20001
37953,20015
37954,20016
37955,20038
37956,20047
37957,20040
37958,20016
37959,20038
37960,20052
37961,20018
37962,20052
37963,20048
37964,20042
37965,20056
37966,20066
37967,20067
37968,20077
37969,20068
37970,20037
37971,20058
37972,20069
37973,20047
37974,20052
37975,20058
37976,20056
37977,20058
37978,20052
37979,20047
37980,20069
37981,20066
37982,20083
37983,20073
37984,20083
37985,20077
37986,20091
37987,20088
37988,20083
37989,20083
37990,20088
37991,20092
37992,20081
37993,20073
37994,20083
37995,20088
37996,20062
37997,20088
37998,20088
37999,20071
38000,20088
38001,20098
38002,20088
38003,20105
38004,20098
38005,20088
38006,20083
38007,20105
38008,20097
38009,20098
38010,20088
38011,20043
38012,20071
38013,20088
38014,20062
38015,20088
38016,20083
38017,20081
38018,20073
38019,20092
38020,20081
38021,20085
38022,20073
38023,20092
38024,20082
38025,20083
38026,20068
38027,20073
38028,20071
38029,20076
38030,20073
38031,20062
38032,20076
38033,20073
38034,20082
38035,20073
38036,20076
38037,20082
38038,20075
38039,20106
38040,20083
38041,20081
38042,20097
38043,20106
38044,20096
38045,20088
38046,20082
38047,20108
38048,20101
38049,20083
38050,20102
38051,20093
38052,20097
38053,20089
38054,20097
38055,20090
38056,20093
38057,20104
38058,20097
38059,20074
38060,20095
38061,20084
38062,20073
38063,20077
38064,20073
38065,20073
38066,20078
38067,20080
38068,20073
38069,20077
38070,20106
38071,20099
38072,20088
38073,20093
38074,20088
38075,20089
38076,20097
38077,20083
38078,20079
38079,20111
38080,20111
38081,20093
38082,20111
38083,20087
38084,20111
38085,20081
38086,20107
38087,20108
38088,20116
38089,20084
38090,20116
38091,20107
38092,20116
38093,20116
38094,20108
38095,20116
38096,20106
38097,20097
38098,20111
38099,20110
38100,20108
38101,20106
38102,20108
38103,20111
38104,20097
38105,20110
38106,20094
38107,20107
38108,20106
38109,20066
38110,20106
38111,20094
38112,20103
38113,20104
38114,20113
38115,20111
38116,20118
38117,20113
38118,20119
38119,20111
38120,20119
38121,20113
38122,20119
38123,20118
38124,20088
38125,20119
38126,20111
38127,20119
38128,20111
38129,20119
38130,20112
38131,20126
38132,20133
38133,20134
38134,20138
38135,20116
38136,20138
38137,20136
38138,20123
38139,20138
38140,20134
38141,20138
38142,20129
38143,20133
38144,20138
38145,20134
38146,20138
38147,20138
38148,20136
38149,20138
38150,20134
38151,20138
38152,20138
38153,20116
38154,20138
38155,20148
38156,20152
38157,20155
38158,20152
38159,20155
38160,20132
38161,20138
38162,20134
38163,20138
38164,20126
38165,20131
38166,20146
38167,20122
38168,20147
38169,20137
38170,20132
38171,20143
38172,20137
38173,20137
38174,20147
38175,20165
38176,20162
38177,20142
38178,20164
38179,20163
38180,20148
38181,20157
38182,20142
38183,20156
38184,20145
38185,20142
38186,20156
38187,20160
38188,20156
38189,20142
38190,20156
38191,20142
38192,20165
38193,20143
38194,20148
38195,20168
38196,20152
38197,20164
38198,20152
38199,20162
38200,20158
38201,20168
38202,20148
38203,20177
38204,20168
38205,20132
38206,20173
38207,20180
38208,20115
38209,20168
38210,20160
38211,20180
38212,20190
38213,20186
38214,20201
38215,20188
38216,20183
38217,20203
38218,20202
38219,20196
38220,20188
38221,20197
38222,20181
38223,20185
38224,20196
38225,20185
38226,20207
38227,20216
38228,20213
38229,20201
38230,20233
38231,20222
38232,20222
38233,20199
38234,20228
38235,20243
38236,20228
38237,20243
38238,20231
38239,20238
38240,20243
38241,20228
38242,20243
38243,20238
38244,20243
38245,20228
38246,20243
38247,20221
38248,20248
38249,20245
38250,20233
38251,20253
38252,20261
38253,20253
38254,20229
38255,20228
38256,20261
38257,20253
38258,20253
38259,20261
38260,20251
38261,20247
38262,20253
38263,20253
38264,20248
38265,20243
38266,20248
38267,20248
38268,20253
38269,20262
38270,20263
38271,20257
38272,20271
38273,20264
38274,20227
38275,20253
38276,20261
38277,20262
38278,20261
38279,20253
38280,20251
38281,20247
38282,20264
38283,20263
38284,20262
38285,20236
38286,20247
38287,20258
38288,20263
38289,20256
38290,20263
38291,20258
38292,20263
38293,20256
38294,20263
38295,20258
38296,20263
38297,20256
38298,20263
38299,20258
38300,20263
38301,20256
38302,20263
38303,20258
38304,20263
38305,20256
38306,20257
38307,20282
38308,20276
38309,20283
38310,20288
38311,20276
38312,20287
38313,20297
38314,20307
38315,20304
38316,20306
38317,20307
38318,20295
38319,20276
38320,20297
38321,20285
38322,20303
38323,20303
38324,20283
38325,20287
38326,20303
38327,20303
38328,20279
38329,20303
38330,20286
38331,20273
38332,20263
38333,20278
38334,20276
38335,20273
38336,20263
38337,20278
38338,20272
38339,20263
38340,20278
38341,20273
38342,20276
38343,20263
38344,20278
38345,20273
38346,20263
38347,20278
38348,20276
38349,20296
38350,20302
38351,20283
38352,20288
38353,20293
38354,20294
38355,20278
38356,20308
38357,20292
38358,20278
38359,20294
38360,20308
38361,20278
38362,20292
38363,20223
38364,20278
38365,20308
38366,20294
38367,20292
38368,20278
38369,20293
38370,20288
38371,20302
38372,20293
38373,20308
38374,20292
38375,20278
38376,20294
38377,20308
38378,20292
38379,20278
38380,20310
38381,20308
38382,20322
38383,20311
38384,20322
38385,20292
38386,20308
38387,20322
38388,20311
38389,20322
38390,20313
38391,20306
38392,20313
38393,20318
38394,20323
38395,20322
38396,20326
38397,20326
38398,20305
38399,20321
38400,20315
38401,20308
38402,20311
38403,20315
38404,20321
38405,20311
38406,20326
38407,20322
38408,20326
38409,20322
38410,20328
38411,20288
38412,20323
38413,20323
38414,20340
38415,20318
38416,20327
38417,20328
38418,20328
38419,20315
38420,20315
38421,20328
38422,20328
38423,20332
38424,20327
38425,20311
38426,20308
38427,20327
38428,20307
38429,20327
38430,20311
38431,20307
38432,20327
38433,20308
38434,20330
38435,20340
38436,20318
38437,20323
38438,20323
38439,20334
38440,20323
38441,20321
38442,20301
38443,20319
38444,20352
38445,20352
38446,20318
38447,20352
38448,20335
38449,20352
38450,20352
38451,20352
38452,20352
38453,20349
38454,20349
38455,20348
38456,20336
38457,20351
38458,20348
38459,20347
38460,20356
38461,20336
38462,20348
38463,20351
38464,20336
38465,20356
38466,20358
38467,20351
38468,20369
38469,20367
38470,20344
38471,20346
38472,20327
38473,20346
38474,20344
38475,20327
38476,20367
38477,20343
38478,20369
38479,20358
38480,20336
38481,20348
38482,20356
38483,20333
38484,20336
38485,20348
38486,20358
38487,20378
38488,20356
38489,20376
38490,20378
38491,20371
38492,20378
38493,20376
38494,20377
38495,20366
38496,20375
38497,20346
38498,20378
38499,20363
38500,20363
38501,20369
38502,20368
38503,20343
38504,20373
38505,20373
38506,20370
38507,20372
38508,20381
38509,20381
38510,20365
38511,20381
38512,20381
38513,20372
38514,20385
38515,20376
38516,20382
38517,20367
38518,20374
38519,20378
38520,20381
38521,20364
38522,20346
38523,20381
38524,20378
38525,20381
38526,20352
38527,20386
38528,20382
38529,20382
38530,20384
38531,20341
38532,20386
38533,20352
38534,20378
38535,20381
38536,20384
38537,20381
38538,20352
38539,20381
38540,20378
38541,20381
38542,20366
38543,20361
38544,20376
38545,20362
38546,20381
38547,20377
38548,20369
38549,20393
38550,20382
38551,20367
38552,20390
38553,20388
38554,20392
38555,20390
38556,20378
38557,20391
38558,20367
38559,20390
38560,20392
38561,20388
38562,20390
38563,20367
38564,20391
38565,20387
38566,20411
38567,20398
38568,20398
38569,20373
38570,20383
38571,20371
38572,20388
38573,20401
38574,20408
38575,20394
38576,20396
38577,20381
38578,20412
38579,20402
38580,20412
38581,20402
38582,20393
38583,20412
38584,20398
38585,20396
38586,20383
38587,20393
38588,20396
38589,20383
38590,20368
38591,20396
38592,20395
38593,20418
38594,20396
38595,20400
38596,20418
38597,20395
38598,20409
38599,20407
38600,20418
38601,20395
38602,20396
38603,20368
38604,20383
38605,20396
38606,20393
38607,20383
38608,20368
38609,20396
38610,20400
38611,20408
38612,20421
38613,20381
38614,20403
38615,20408
38616,20393
38617,20402
38618,20393
38619,20415
38620,20419
38621,20401
38622,20424
38623,20419
38624,20382
38625,20419
38626,20424
38627,20401
38628,20419
38629,20421
38630,20408
38631,20428
38632,20437
38633,20382
38634,20437
38635,20433
38636,20419
38637,20437
38638,20426
38639,20436
38640,20426
38641,20429
38642,20411
38643,20437
38644,20419
38645,20436
38646,20429
38647,20431
38648,20434
38649,20440
38650,20446
38651,20434
38652,20417
38653,20422
38654,20454
38655,20438
38656,20457
38657,20454
38658,20448
38659,20454
38660,20457
38661,20453
38662,20428
38663,20458
38664,20422
38665,20458
38666,20458
38667,20458
38668,20428
38669,20456
38670,20422
38671,20458
38672,20451
38673,20458
38674,20458
38675,20423
38676,20458
38677,20422
38678,20428
38679,20458
38680,20433
38681,20422
38682,20458
38683,20458
38684,20463
38685,20459
38686,20458
38687,20459
38688,20436
38689,20457
38690,20454
38691,20448
38692,20454
38693,20441
38694,20467
38695,20458
38696,20468
38697,20467
38698,20451
38699,20458
38700,20422
38701,20428
38702,20458
38703,20457
38704,20466
38705,20461
38706,20442
38707,20466
38708,20461
38709,20461
38710,20471
38711,20480
38712,20471
38713,20467
38714,20476
38715,20476
38716,20437
38717,20476
38718,20481
38719,20465
38720,20488
38721,20454
38722,20484
38723,20488
38724,20484
38725,20466
38726,20491
38727,20487
38728,20482
38729,20496
38730,20506
38731,20507
38732,20482
38733,20508
38734,20502
38735,20518
38736,20507
38737,20501
38738,20508
38739,20502
38740,20518
38741,20508
38742,20507
38743,20508
38744,20506
38745,20507
38746,20474
38747,20506
38748,20507
38749,20490
38750,20500
38751,20495
38752,20500
38753,20501
38754,20500
38755,20495
38756,20495
38757,20500
38758,20500
38759,20479
38760,20486
38761,20463
38762,20456
38763,20486
38764,20463
38765,20478
38766,20496
38767,20496
38768,20506
38769,20498
38770,20496
38771,20488
38772,20506
38773,20496
38774,20496
38775,20487
38776,20504
38777,20468
38778,20482
38779,20504
38780,20468
38781,20491
38782,20504
38783,20504
38784,20468
38785,20507
38786,20485
38787,20487
38788,20513
38789,20523
38790,20503
38791,20528
38792,20507
38793,20528
38794,20503
38795,20528
38796,20518
38797,20517
38798,20531
38799,20536
38800,20538
38801,20472
38802,20536
38803,20538
38804,20531
38805,20484
38806,20529
38807,20538
38808,20536
38809,20531
38810,20538
38811,20543
38812,20538
38813,20536
38814,20541
38815,20550
38816,20561
38817,20546
38818,20561
38819,20553
38820,20561
38821,20543
38822,20553
38823,20543
38824,20531
38825,20551
38826,20543
38827,20533
38828,20531
38829,20551
38830,20543
38831,20548
38832,20543
38833,20531
38834,20551
38835,20543
38836,20531
38837,20551
38838,20543
38839,20551
38840,20531
38841,20543
38842,20548
38843,20543
38844,20551
38845,20531
38846,20533
38847,20543
38848,20551
38849,20531
38850,20543
38851,20551
38852,20531
38853,20544
38854,20551
38855,20548
38856,20544
38857,20531
38858,20544
38859,20551
38860,20531
38861,20544
38862,20551
38863,20544
38864,20531
38865,20533
38866,20551
38867,20544
38868,20531
38869,20548
38870,20551
38871,20542
38872,20543
38873,20526
38874,20543
38875,20526
38876,20551
38877,20526
38878,20530
38879,20522
38880,20551
38881,20522
38882,20543
38883,20536
38884,20522
38885,20551
38886,20548
38887,20563
38888,20543
38889,20557
38890,20551
38891,20567
38892,20568
38893,20566
38894,20537
38895,20542
38896,20543
38897,20545
38898,20548
38899,20555
38900,20559
38901,20548
38902,20545
38903,20559
38904,20548
38905,20566
38906,20561
38907,20567
38908,20561
38909,20510
38910,20561
38911,20556
38912,20563
38913,20566
38914,20570
38915,20575
38916,20557
38917,20575
38918,20582
38919,20585
38920,20591
38921,20558
38922,20591
38923,20573
38924,20591
38925,20585
38926,20591
38927,20569
38928,20585
38929,20581
38930,20581
38931,20579
38932,20583
38933,20588
38934,20579
38935,20588
38936,20588
38937,20570
38938,20585
38939,20570
38940,20571
38941,20581
38942,20590
38943,20589
38944,20581
38945,20590
38946,20581
38947,20589
38948,20581
38949,20591
38950,20590
38951,20581
38952,20581
38953,20590
38954,20581
38955,20589
38956,20590
38957,20585
38958,20583
38959,20586
38960,20596
38961,20583
38962,20585
38963,20581
38964,20590
38965,20589
38966,20581
38967,20581
38968,20572
38969,20603
38970,20583
38971,20603
38972,20602
38973,20590
38974,20603
38975,20583
38976,20602
38977,20603
38978,20572
38979,20603
38980,20603
38981,20612
38982,20591
38983,20588
38984,20587
38985,20617
38986,20623
38987,20615
38988,20617
38989,20587
38990,20605
38991,20605
38992,20612
38993,20591
38994,20605
38995,20593
38996,20591
38997,20605
38998,20612
38999,20600
39000,20613
39001,20607
39002,20589
39003,20621
39004,20623
39005,20607
39006,20607
39007,20607
39008,20614
39009,20592
39010,20589
39011,20600
39012,20603
39013,20600
39014,20603
39015,20615
39016,20622
39017,20615
39018,20608
39019,20615
39020,20627
39021,20622
39022,20628
39023,20643
39024,20629
39025,20643
39026,20630
39027,20613
39028,20617
39029,20633
39030,20607
39031,20634
39032,20617
39033,20636
39034,20631
39035,20638
39036,20638
39037,20648
39038,20626
39039,20612
39040,20648
39041,20612
39042,20648
39043,20648
39044,20612
39045,20648
39046,20596
39047,20612
39048,20648
39049,20634
39050,20643
39051,20637
39052,20643
39053,20636
39054,20637
39055,20643
39056,20637
39057,20643
39058,20637
39059,20653
39060,20627
39061,20643
39062,20638
39063,20653
39064,20656
39065,20638
39066,20638
39067,20624
39068,20638
39069,20597
39070,20656
39071,20638
39072,20654
39073,20660
39074,20633
39075,20653
39076,20658
39077,20671
39078,20651
39079,20664
39080,20671
39081,20671
39082,20678
39083,20667
39084,20665
39085,20678
39086,20665
39087,20679
39088,20667
39089,20665
39090,20678
39091,20614
39092,20662
39093,20682
39094,20657
39095,20665
39096,20662
39097,20688
39098,20691
39099,20677
39100,20673
39101,20676
39102,20631
39103,20688
39104,20703
39105,20663
39106,20695
39107,20696
39108,20678
39109,20695
39110,20696
39111,20678
39112,20695
39113,20696
39114,20703
39115,20673
39116,20673
39117,20678
39118,20673
39119,20693
39120,20673
39121,20623
39122,20673
39123,20673
39124,20708
39125,20696
39126,20706
39127,20696
39128,20710
39129,20696
39130,20693
39131,20696
39132,20721
39133,20709
39134,20726
39135,20718
39136,20684
39137,20698
39138,20716
39139,20684
39140,20698
39141,20718
39142,20698
39143,20705
39144,20706
39145,20710
39146,20696
39147,20696
39148,20693
39149,20696
39150,20705
39151,20684
39152,20698
39153,20716
39154,20684
39155,20698
39156,20718
39157,20726
39158,20691
39159,20699
39160,20713
39161,20713
39162,20705
39163,20733
39164,20733
39165,20737
39166,20733
39167,20728
39168,20738
39169,20733
39170,20738
39171,20728
39172,20733
39173,20723
39174,20738
39175,20733
39176,20728
39177,20727
39178,20733
39179,20738
39180,20703
39181,20733
39182,20740
39183,20733
39184,20731
39185,20757
39186,20756
39187,20762
39188,20753
39189,20746
39190,20735
39191,20762
39192,20753
39193,20746
39194,20762
39195,20753
39196,20758
39197,20763
39198,20759
39199,20757
39200,20773
39201,20764
39202,20768
39203,20779
39204,20773
39205,20780
39206,20773
39207,20771
39208,20786
39209,20784
39210,20781
39211,20803
39212,20798
39213,20794
39214,20758
39215,20777
39216,20768
39217,20777
39218,20746
39219,20777
39220,20781
39221,20791
39222,20797
39223,20798
39224,20798
39225,20811
39226,20806
39227,20798
39228,20811
39229,20798
39230,20811
39231,20794
39232,20812
39233,20812
39234,20814
39235,20812
39236,20806
39237,20813
39238,20806
39239,20813
39240,20812
39241,20806
39242,20804
39243,20818
39244,20816
39245,20814
39246,20823
39247,20830
39248,20830
39249,20823
39250,20819
39251,20831
39252,20807
39253,20832
39254,20829
39255,20838
39256,20827
39257,20797
39258,20833
39259,20794
39260,20794
39261,20834
39262,20826
39263,20833
39264,20851
39265,20838
39266,20838
39267,20838
39268,20817
39269,20827
39270,20848
39271,20844
39272,20831
39273,20848
39274,20827
39275,20844
39276,20848
39277,20827
39278,20844
39279,20853
39280,20826
39281,20826
39282,20832
39283,20826
39284,20826
39285,20826
39286,20832
39287,20826
39288,20838
39289,20826
39290,20826
39291,20832
39292,20826
39293,20826
39294,20833
39295,20833
39296,20842
39297,20846
39298,20833
39299,20844
39300,20833
39301,20842
39302,20849
39303,20863
39304,20848
39305,20841
39306,20858
39307,20846
39308,20873
39309,20850
39310,20868
39311,20852
39312,20876
39313,20873
39314,20876
39315,20858
39316,20873
39317,20876
39318,20858
39319,20863
39320,20863
39321,20863
39322,20840
39323,20863
39324,20863
39325,20861
39326,20876
39327,20870
39328,20867
39329,20876
39330,20870
39331,20876
39332,20843
39333,20870
39334,20863
39335,20851
39336,20866
39337,20882
39338,20869
39339,20870
39340,20878
39341,20872
39342,20876
39343,20836
39344,20876
39345,20882
39346,20876
39347,20865
39348,20876
39349,20836
39350,20878
39351,20851
39352,20863
39353,20870
39354,20843
39355,20876
39356,20862
39357,20876
39358,20867
39359,20862
39360,20876
39361,20854
39362,20848
39363,20866
39364,20849
39365,20844
39366,20848
39367,20849
39368,20866
39369,20868
39370,20859
39371,20863
39372,20881
39373,20882
39374,20887
39375,20849
39376,20858
39377,20862
39378,20867
39379,20872
39380,20870
39381,20892
39382,20892
39383,20870
39384,20872
39385,20892
39386,20887
39387,20896
39388,20889
39389,20881
39390,20881
39391,20904
39392,20911
39393,20906
39394,20908
39395,20908
39396,20904
39397,20908
39398,20913
39399,20903
39400,20904
39401,20931
39402,20903
39403,20922
39404,20931
39405,20873
39406,20908
39407,20929
39408,20914
39409,20918
39410,20909
39411,20918
39412,20918
39413,20909
39414,20922
39415,20917
39416,20901
39417,20908
39418,20904
39419,20906
39420,20901
39421,20901
39422,20914
39423,20914
39424,20914
39425,20898
39426,20914
39427,20906
39428,20914
39429,20914
39430,20914
39431,20914
39432,20914
39433,20908
39434,20924
39435,20922
39436,20902
39437,20908
39438,20922
39439,20924
39440,20922
39441,20904
39442,20908
39443,20898
39444,20923
39445,20924
39446,20898
39447,20926
39448,20940
39449,20924
39450,20908
39451,20908
39452,20940
39453,20924
39454,20908
39455,20926
39456,20923
39457,20926
39458,20945
39459,20940
39460,20946
39461,20940
39462,20916
39463,20934
39464,20946
39465,20940
39466,20946
39467,20916
39468,20958
39469,20948
39470,20956
39471,20953
39472,20896
39473,20947
39474,20956
39475,20957
39476,20956
39477,20956
39478,20928
39479,20934
39480,20956
39481,20957
39482,20956
39483,20952
39484,20961
39485,20969
39486,20937
39487,20944
39488,20937
39489,20968
39490,20948
39491,20966
39492,20968
39493,20968
39494,20968
39495,20966
39496,20947
39497,20968
39498,20976
39499,20979
39500,20963
39501,20968
39502,20973
39503,20934
39504,20973
39505,20964
39506,20968
39507,20979
39508,20987
39509,20963
39510,20984
39511,20975
39512,20978
39513,20973
39514,20986
39515,20982
39516,20983
39517,20988
39518,20988
39519,20983
39520,20988
39521,20986
39522,20983
39523,20988
39524,20983
39525,20988
39526,20993
39527,20999
39528,20993
39529,20989
39530,20987
39531,20996
39532,20958
39533,20983
39534,20989
39535,20998
39536,20993
39537,20996
39538,20999
39539,20982
39540,20982
39541,20982
39542,20968
39543,20982
39544,20982
39545,20982
39546,20982
39547,20996
39548,20982
39549,21008
39550,20997
39551,21000
39552,21008
39553,20982
39554,20980
39555,21006
39556,20986
39557,21006
39558,20983
39559,20991
39560,20968
39561,21011
39562,21011
39563,21003
39564,21011
39565,21018
39566,21027
39567,21003
39568,21020
39569,21027
39570,20998
39571,21020
39572,21027
39573,21003
39574,21027
39575,21020
39576,21027
39577,21003
39578,21019
39579,21009
39580,20991
39581,20983
39582,21016
39583,20994
39584,21016
39585,20982
39586,21006
39587,21017
39588,21018
39589,21006
39590,21018
39591,21016
39592,20994
39593,21018
39594,21013
39595,21006
39596,21006
39597,21013
39598,21006
39599,21006
39600,21002
39601,21013
39602,21006
39603,21024
39604,21038
39605,21026
39606,21041
39607,21018
39608,21038
39609,21041
39610,21031
39611,21031
39612,21032
39613,21035
39614,21031
39615,21023
39616,21032
39617,21031
39618,21035
39619,21031
39620,21028
39621,21041
39622,21032
39623,21042
39624,21043
39625,21031
39626,21047
39627,21051
39628,21046
39629,21054
39630,21020
39631,21068
39632,21028
39633,21031
39634,21043
39635,21029
39636,21031
39637,21033
39638,21031
39639,21042
39640,21046
39641,21038
39642,21047
39643,21051
39644,21046
39645,21047
39646,21036
39647,21058
39648,21048
39649,21068
39650,21073
39651,21073
39652,21058
39653,21049
39654,21038
39655,21058
39656,21049
39657,21058
39658,21049
39659,21053
39660,21058
39661,21049
39662,21069
39663,21052
39664,21059
39665,21052
39666,21054
39667,21059
39668,21052
39669,21052
39670,21059
39671,21052
39672,21067
39673,21053
39674,21068
39675,21077
39676,21053
39677,21077
39678,21053
39679,21049
39680,21058
39681,21072
39682,21058
39683,21058
39684,21072
39685,21063
39686,21058
39687,21072
39688,21058
39689,21074
39690,21068
39691,21077
39692,21082
39693,21068
39694,21063
39695,21077
39696,21068
39697,21093
39698,21088
39699,21086
39700,21091
39701,21097
39702,21088
39703,21102
39704,21093
39705,21102
39706,21083
39707,21093
39708,21102
39709,21102
39710,21088
39711,21086
39712,21088
39713,21048
39714,21097
39715,21086
39716,21088
39717,21102
39718,21102
39719,21093
39720,21083
39721,21102
39722,21093
39723,21093
39724,21107
39725,21103
39726,21108
39727,21088
39728,21097
39729,21088
39730,21091
39731,21086
39732,21088
39733,21097
39734,21088
39735,21087
39736,21062
39737,21086
39738,21062
39739,21076
39740,21086
39741,21062
39742,21086
39743,21082
39744,21062
39745,21076
39746,21074
39747,21086
39748,21062
39749,21076
39750,21086
39751,21062
39752,21088
39753,21108
39754,21096
39755,21099
39756,21096
39757,21088
39758,21086
39759,21086
39760,21107
39761,21088
39762,21086
39763,21097
39764,21086
39765,21107
39766,21086
39767,21098
39768,21101
39769,21111
39770,21113
39771,21111
39772,21096
39773,21116
39774,21088
39775,21099
39776,21096
39777,21111
39778,21093
39779,21096
39780,21106
39781,21101
39782,21119
39783,21109
39784,21099
39785,21111
39786,21096
39787,21127
39788,21124
39789,21126
39790,21125
39791,21118
39792,21099
39793,21111
39794,21096
39795,21099
39796,21106
39797,21113
39798,21111
39799,21101
39800,21111
39801,21113
39802,21105
39803,21086
39804,21101
39805,21111
39806,21104
39807,21106
39808,21104
39809,21107
39810,21086
39811,21101
39812,21073
39813,21073
39814,21107
39815,21099
39816,21096
39817,21078
39818,21076
39819,21112
39820,21099
39821,21112
39822,21124
39823,21118
39824,21111
39825,21124
39826,21118
39827,21117
39828,21108
39829,21124
39830,21118
39831,21124
39832,21111
39833,21118
39834,21124
39835,21112
39836,21104
39837,21111
39838,21098
39839,21114
39840,21122
39841,21103
39842,21104
39843,21122
39844,21128
39845,21118
39846,21133
39847,21111
39848,21109
39849,21121
39850,21111
39851,21103
39852,21119
39853,21103
39854,21125
39855,21106
39856,21103
39857,21119
39858,21123
39859,21103
39860,21103
39861,21136
39862,21128
39863,21143
39864,21104
39865,21128
39866,21118
39867,21122
39868,21134
39869,21128
39870,21104
39871,21143
39872,21128
39873,21141
39874,21110
39875,21119
39876,21127
39877,21123
39878,21138
39879,21141
39880,21141
39881,21126
39882,21141
39883,21138
39884,21109
39885,21137
39886,21137
39887,21137
39888,21131
39889,21127
39890,21126
39891,21155
39892,21119
39893,21163
39894,21151
39895,21163
39896,21163
39897,21161
39898,21171
39899,21165
39900,21161
39901,21159
39902,21107
39903,21136
39904,21161
39905,21157
39906,21173
39907,21161
39908,21133
39909,21156
39910,21155
39911,21161
39912,21158
39913,21158
39914,21138
39915,21145
39916,21147
39917,21167
39918,21157
39919,21147
39920,21167
39921,21153
39922,21164
39923,21146
39924,21164
39925,21164
39926,21153
39927,21164
39928,21151
39929,21164
39930,21163
39931,21164
39932,21153
39933,21164
39934,21151
39935,21146
39936,21164
39937,21164
39938,21153
39939,21164
39940,21173
39941,21177
39942,21177
39943,21173
39944,21172
39945,21188
39946,21183
39947,21154
39948,21181
39949,21188
39950,21149
39951,21178
39952,21176
39953,21181
39954,21171
39955,21178
39956,21176
39957,21181
39958,21193
39959,21201
39960,21181
39961,21168
39962,21194
39963,21208
39964,21189
39965,21191
39966,21214
39967,21218
39968,21198
39969,21222
39970,21218
39971,21222
39972,21226
39973,21224
39974,21225
39975,21212
39976,21228
39977,21219
39978,21236
39979,21221
39980,21217
39981,21219
39982,21225
39983,21203
39984,21236
39985,21228
39986,21219
39987,21213
39988,21236
39989,21243
39990,21218
39991,21208
39992,21213
39993,21241
39994,21216
39995,21236
39996,21233
39997,21236
39998,21236
39999,21231
40000,21236
40001,21199
40002,21236
40003,21218
40004,21228
40005,21236
40006,21231
40007,21236
40008,21241
40009,21226
40010,21213
40011,21216
40012,21241
40013,21226
40014,21207
40015,21216
40016,21226
40017,21213
40018,21228
40019,21236
40020,21241
40021,21236
40022,21218
40023,21236
40024,21231
40025,21236
40026,21236
40027,21238
40028,21247
40029,21242
40030,21251
40031,21252
40032,21251
40033,21241
40034,21251
40035,21251
40036,21252
40037,21247
40038,21241
40039,21251
40040,21239
40041,21251
40042,21252
40043,21251
40044,21241
40045,21251
40046,21252
40047,21251
40048,21239
40049,21251
40050,21241
40051,21247
40052,21251
40053,21252
40054,21251
40055,21259
40056,21263
40057,21273
40058,21263
40059,21267
40060,21241
40061,21267
40062,21231
40063,21242
40064,21252
40065,21217
40066,21246
40067,21258
40068,21269
40069,21258
40070,21272
40071,21265
40072,21273
40073,21265
40074,21273
40075,21244
40076,21269
40077,21251
40078,21269
40079,21238
40080,21269
40081,21272
40082,21269
40083,21249
40084,21269
40085,21272
40086,21269
40087,21283
40088,21293
40089,21278
40090,21259
40091,21293
40092,21293
40093,21277
40094,21284
40095,21278
40096,21293
40097,21261
40098,21293
40099,21287
40100,21283
40101,21283
40102,21292
40103,21301
40104,21313
40105,21268
40106,21313
40107,21301
40108,21283
40109,21283
40110,21292
40111,21287
40112,21291
40113,21298
40114,21261
40115,21291
40116,21298
40117,21291
40118,21301
40119,21286
40120,21301
40121,21287
40122,21286
40123,21291
40124,21300
40125,21301
40126,21286
40127,21297
40128,21286
40129,21304
40130,21299
40131,21305
40132,21311
40133,21319
40134,21313
40135,21311
40136,21319
40137,21323
40138,21328
40139,21324
40140,21326
40141,21326
40142,21326
40143,21330
40144,21326
40145,21304
40146,21333
40147,21326
40148,21333
40149,21330
40150,21333
40151,21326
40152,21333
40153,21326
40154,21318
40155,21326
40156,21320
40157,21333
40158,21291
40159,21333
40160,21339
40161,21329
40162,21318
40163,21329
40164,21319
40165,21317
40166,21329
40167,21305
40168,21327
40169,21329
40170,21332
40171,21337
40172,21334
40173,21328
40174,21328
40175,21279
40176,21323
40177,21328
40178,21291
40179,21324
40180,21336
40181,21336
40182,21291
40183,21336
40184,21316
40185,21318
40186,21333
40187,21303
40188,21322
40189,21328
40190,21333
40191,21331
40192,21333
40193,21322
40194,21318
40195,21333
40196,21316
40197,21336
40198,21298
40199,21336
40200,21333
40201,21328
40202,21334
40203,21328
40204,21312
40205,21328
40206,21334
40207,21343
40208,21332
40209,21342
40210,21354
40211,21336
40212,21348
40213,21354
40214,21336
40215,21351
40216,21343
40217,21354
40218,21348
40219,21352
40220,21362
40221,21354
40222,21331
40223,21362
40224,21354
40225,21333
40226,21362
40227,21362
40228,21354
40229,21338
40230,21362
40231,21331
40232,21354
40233,21333
40234,21362
40235,21354
40236,21352
40237,21348
40238,21343
40239,21338
40240,21362
40241,21354
40242,21362
40243,21343
40244,21359
40245,21343
40246,21368
40247,21377
40248,21374
40249,21377
40250,21346
40251,21388
40252,21372
40253,21384
40254,21391
40255,21388
40256,21383
40257,21393
40258,21384
40259,21398
40260,21399
40261,21409
40262,21393
40263,21406
40264,21397
40265,21406
40266,21383
40267,21406
40268,21373
40269,21397
40270,21406
40271,21375
40272,21406
40273,21397
40274,21393
40275,21409
40276,21399
40277,21398
40278,21409
40279,21393
40280,21388
40281,21398
40282,21388
40283,21383
40284,21398
40285,21388
40286,21384
40287,21383
40288,21373
40289,21356
40290,21363
40291,21397
40292,21378
40293,21389
40294,21397
40295,21379
40296,21397
40297,21393
40298,21386
40299,21371
40300,21379
40301,21386
40302,21379
40303,21369
40304,21393
40305,21394
40306,21367
40307,21398
40308,21401
40309,21393
40310,21422
40311,21394
40312,21408
40313,21406
40314,21413
40315,21409
40316,21388
40317,21401
40318,21401
40319,21373
40320,21388
40321,21401
40322,21389
40323,21401
40324,21373
40325,21388
40326,21401
40327,21413
40328,21388
40329,21401
40330,21373
40331,21401
40332,21388
40333,21401
40334,21408
40335,21399
40336,21413
40337,21404
40338,21413
40339,21399
40340,21413
40341,21413
40342,21413
40343,21426
40344,21424
40345,21429
40346,21425
40347,21411
40348,21402
40349,21424
40350,21428
40351,21432
40352,21433
40353,21418
40354,21412
40355,21449
40356,21443
40357,21444
40358,21449
40359,21424
40360,21446
40361,21446
40362,21439
40363,21446
40364,21441
40365,21446
40366,21446
40367,21431
40368,21446
40369,21438
40370,21417
40371,21437
40372,21403
40373,21446
40374,21437
40375,21417
40376,21403
40377,21437
40378,21417
40379,21446
40380,21437
40381,21403
40382,21424
40383,21439
40384,21453
40385,21438
40386,21453
40387,21412
40388,21422
40389,21418
40390,21413
40391,21446
40392,21446
40393,21438
40394,21446
40395,21446
40396,21428
40397,21439
40398,21446
40399,21437
40400,21452
40401,21452
40402,21452
40403,21448
40404,21452
40405,21452
40406,21452
40407,21433
40408,21452
40409,21452
40410,21431
40411,21452
40412,21456
40413,21433
40414,21377
40415,21463
40416,21453
40417,21456
40418,21463
40419,21459
40420,21471
40421,21446
40422,21471
40423,21453
40424,21447
40425,21446
40426,21471
40427,21446
40428,21459
40429,21463
40430,21458
40431,21453
40432,21446
40433,21453
40434,21463
40435,21456
40436,21446
40437,21478
40438,21482
40439,21473
40440,21483
40441,21443
40442,21453
40443,21473
40444,21483
40445,21481
40446,21448
40447,21446
40448,21459
40449,21446
40450,21463
40451,21471
40452,21446
40453,21486
40454,21481
40455,21488
40456,21487
40457,21451
40458,21481
40459,21488
40460,21486
40461,21471
40462,21446
40463,21463
40464,21459
40465,21481
40466,21453
40467,21483
40468,21473
40469,21443
40470,21483
40471,21473
40472,21463
40473,21478
40474,21468
40475,21486
40476,21478
40477,21478
40478,21478
40479,21468
40480,21478
40481,21478
40482,21486
40483,21466
40484,21478
40485,21447
40486,21472
40487,21477
40488,21468
40489,21472
40490,21477
40491,21472
40492,21472
40493,21477
40494,21438
40495,21472
40496,21446
40497,21468
40498,21472
40499,21477
40500,21472
40501,21472
40502,21477
40503,21472
40504,21477
40505,21473
40506,21477
40507,21468
40508,21447
40509,21461
40510,21466
40511,21441
40512,21461
40513,21478
40514,21467
40515,21473
40516,21469
40517,21473
40518,21459
40519,21464
40520,21467
40521,21473
40522,21469
40523,21473
40524,21459
40525,21446
40526,21458
40527,21454
40528,21462
40529,21458
40530,21472
40531,21473
40532,21454
40533,21458
40534,21472
40535,21462
40536,21458
40537,21471
40538,21466
40539,21441
40540,21461
40541,21467
40542,21473
40543,21464
40544,21473
40545,21473
40546,21471
40547,21452
40548,21459
40549,21477
40550,21471
40551,21468
40552,21488
40553,21468
40554,21468
40555,21471
40556,21452
40557,21469
40558,21471
40559,21459
40560,21455
40561,21433
40562,21452
40563,21463
40564,21456
40565,21477
40566,21443
40567,21456
40568,21456
40569,21473
40570,21473
40571,21486
40572,21463
40573,21479
40574,21489
40575,21479
40576,21483
40577,21489
40578,21491
40579,21476
40580,21487
40581,21492
40582,21494
40583,21503
40584,21513
40585,21493
40586,21503
40587,21513
40588,21499
40589,21503
40590,21513
40591,21503
40592,21513
40593,21506
40594,21503
40595,21513
40596,21499
40597,21503
40598,21513
40599,21517
40600,21499
40601,21516
40602,21517
40603,21499
40604,21516
40605,21518
40606,21499
40607,21523
40608,21517
40609,21517
40610,21513
40611,21503
40612,21513
40613,21503
40614,21499
40615,21513
40616,21503
40617,21506
40618,21513
40619,21503
40620,21499
40621,21513
40622,21503
40623,21513
40624,21503
40625,21499
40626,21512
40627,21512
40628,21501
40629,21467
40630,21512
40631,21501
40632,21512
40633,21512
40634,21489
40635,21501
40636,21512
40637,21512
40638,21499
40639,21513
40640,21503
40641,21513
40642,21503
40643,21499
40644,21513
40645,21503
40646,21508
40647,21511
40648,21508
40649,21501
40650,21511
40651,21508
40652,21511
40653,21508
40654,21518
40655,21513
40656,21516
40657,21523
40658,21531
40659,21523
40660,21529
40661,21506
40662,21533
40663,21516
40664,21528
40665,21518
40666,21528
40667,21531
40668,21528
40669,21528
40670,21531
40671,21496
40672,21518
40673,21513
40674,21506
40675,21512
40676,21488
40677,21493
40678,21499
40679,21504
40680,21511
40681,21522
40682,21503
40683,21522
40684,21504
40685,21522
40686,21516
40687,21527
40688,21531
40689,21518
40690,21516
40691,21531
40692,21539
40693,21517
40694,21531
40695,21526
40696,21548
40697,21551
40698,21547
40699,21548
40700,21551
40701,21542
40702,21556
40703,21538
40704,21549
40705,21558
40706,21549
40707,21552
40708,21554
40709,21573
40710,21562
40711,21576
40712,21549
40713,21563
40714,21553
40715,21559
40716,21538
40717,21559
40718,21559
40719,21559
40720,21573
40721,21549
40722,21559
40723,21559
40724,21574
40725,21573
40726,21583
40727,21574
40728,21573
40729,21583
40730,21574
40731,21573
40732,21574
40733,21583
40734,21582
40735,21563
40736,21527
40737,21566
40738,21563
40739,21576
40740,21527
40741,21563
40742,21563
40743,21578
40744,21587
40745,21567
40746,21548
40747,21572
40748,21573
40749,21578
40750,21551
40751,21553
40752,21553
40753,21571
40754,21553
40755,21551
40756,21571
40757,21553
40758,21553
40759,21571
40760,21551
40761,21553
40762,21571
40763,21553
40764,21551
40765,21553
40766,21571
40767,21553
40768,21553
40769,21561
40770,21568
40771,21583
40772,21572
40773,21596
40774,21581
40775,21593
40776,21597
40777,21596
40778,21583
40779,21576
40780,21588
40781,21571
40782,21548
40783,21594
40784,21584
40785,21600
40786,21593
40787,21567
40788,21596
40789,21598
40790,21596
40791,21576
40792,21561
40793,21576
40794,21573
40795,21592
40796,21581
40797,21582
40798,21581
40799,21592
40800,21581
40801,21603
40802,21603
40803,21611
40804,21602
40805,21611
40806,21602
40807,21596
40808,21589
40809,21611
40810,21593
40811,21589
40812,21611
40813,21604
40814,21611
40815,21601
40816,21599
40817,21616
40818,21632
40819,21613
40820,21609
40821,21627
40822,21624
40823,21636
40824,21632
40825,21637
40826,21641
40827,21634
40828,21618
40829,21637
40830,21641
40831,21634
40832,21641
40833,21607
40834,21632
40835,21637
40836,21628
40837,21632
40838,21633
40839,21618
40840,21649
40841,21639
40842,21649
40843,21638
40844,21618
40845,21649
40846,21639
40847,21649
40848,21652
40849,21648
40850,21664
40851,21641
40852,21663
40853,21651
40854,21663
40855,21622
40856,21653
40857,21663
40858,21638
40859,21648
40860,21664
40861,21628
40862,21648
40863,21664
40864,21661
40865,21677
40866,21663
40867,21677
40868,21657
40869,21663
40870,21677
40871,21663
40872,21653
40873,21677
40874,21663
40875,21677
40876,21663
40877,21644
40878,21662
40879,21666
40880,21662
40881,21666
40882,21657
40883,21662
40884,21666
40885,21656
40886,21662
40887,21666
40888,21644
40889,21666
40890,21637
40891,21663
40892,21677
40893,21663
40894,21677
40895,21657
40896,21663
40897,21653
40898,21653
40899,21663
40900,21677
40901,21663
40902,21677
40903,21661
40904,21648
40905,21664
40906,21636
40907,21648
40908,21664
40909,21657
40910,21664
40911,21648
40912,21667
40913,21666
40914,21662
40915,21643
40916,21674
40917,21659
40918,21661
40919,21668
40920,21674
40921,21659
40922,21661
40923,21668
40924,21674
40925,21654
40926,21663
40927,21673
40928,21693
40929,21668
40930,21693
40931,21632
40932,21693
40933,21668
40934,21688
40935,21693
40936,21693
40937,21668
40938,21693
40939,21693
40940,21668
40941,21671
40942,21698
40943,21691
40944,21698
40945,21712
40946,21712
40947,21674
40948,21706
40949,21669
40950,21712
40951,21674
40952,21692
40953,21709
40954,21707
40955,21706
40956,21709
40957,21707
40958,21706
40959,21709
40960,21707
40961,21706
40962,21693
40963,21709
40964,21699
40965,21714
40966,21677
40967,21716
40968,21722
40969,21707
40970,21709
40971,21707
40972,21686
40973,21706
40974,21709
40975,21707
40976,21706
40977,21709
40978,21707
40979,21706
40980,21709
40981,21712
40982,21703
40983,21707
40984,21697
40985,21683
40986,21684
40987,21713
40988,21691
40989,21701
40990,21713
40991,21713
40992,21701
40993,21691
40994,21713
40995,21707
40996,21707
40997,21709
40998,21706
40999,21718
41000,21718
41001,21723
41002,21706
41003,21723
41004,21718
41005,21723
41006,21706
41007,21723
41008,21718
41009,21723
41010,21706
41011,21713
41012,21726
41013,21717
41014,21728
41015,21712
41016,21734
41017,21738
41018,21734
41019,21731
41020,21741
41021,21748
41022,21742
41023,21742
41024,21719
41025,21742
41026,21749
41027,21741
41028,21754
41029,21738
41030,21757
41031,21753
41032,21733
41033,21748
41034,21759
41035,21726
41036,21754
41037,21759
41038,21747
41039,21728
41040,21749
41041,21748
41042,21742
41043,21728
41044,21749
41045,21766
41046,21769
41047,21743
41048,21759
41049,21762
41050,21769
41051,21759
41052,21743
41053,21769
41054,21759
41055,21762
41056,21744
41057,21743
41058,21759
41059,21769
41060,21768
41061,21779
41062,21774
41063,21754
41064,21774
41065,21779
41066,21774
41067,21754
41068,21773
41069,21779
41070,21774
41071,21762
41072,21744
41073,21778
41074,21746
41075,21773
41076,21778
41077,21746
41078,21769
41079,21773
41080,21777
41081,21758
41082,21768
41083,21759
41084,21778
41085,21746
41086,21767
41087,21779
41088,21781
41089,21791
41090,21803
41091,21802
41092,21804
41093,21798
41094,21802
41095,21802
41096,21806
41097,21814
41098,21807
41099,21813
41100,21797
41101,21824
41102,21822
41103,21824
41104,21831
41105,21826
41106,21817
41107,21843
41108,21818
41109,21833
41110,21843
41111,21817
41112,21843
41113,21808
41114,21846
41115,21836
41116,21859
41117,21863
41118,21828
41119,21873
41120,21873
41121,21862
41122,21858
41123,21847
41124,21849
41125,21852
41126,21846
41127,21846
41128,21849
41129,21851
41130,21846
41131,21852
41132,21861
41133,21846
41134,21836
41135,21846
41136,21846
41137,21852
41138,21846
41139,21856
41140,21868
41141,21841
41142,21866
41143,21873
41144,21878
41145,21869
41146,21869
41147,21878
41148,21838
41149,21869
41150,21878
41151,21861
41152,21857
41153,21874
41154,21878
41155,21848
41156,21866
41157,21868
41158,21844
41159,21873
41160,21868
41161,21868
41162,21863
41163,21877
41164,21881
41165,21889
41166,21876
41167,21863
41168,21849
41169,21877
41170,21848
41171,21849
41172,21877
41173,21869
41174,21883
41175,21883
41176,21888
41177,21883
41178,21873
41179,21873
41180,21878
41181,21854
41182,21893
41183,21889
41184,21884
41185,21861
41186,21892
41187,21866
41188,21873
41189,21854
41190,21886
41191,21873
41192,21886
41193,21878
41194,21854
41195,21873
41196,21886
41197,21873
41198,21854
41199,21884
41200,21892
41201,21861
41202,21889
41203,21898
41204,21873
41205,21879
41206,21889
41207,21891
41208,21898
41209,21884
41210,21861
41211,21889
41212,21883
41213,21906
41214,21897
41215,21909
41216,21897
41217,21888
41218,21887
41219,21897
41220,21909
41221,21897
41222,21909
41223,21897
41224,21908
41225,21909
41226,21897
41227,21888
41228,21897
41229,21909
41230,21887
41231,21911
41232,21913
41233,21898
41234,21911
41235,21902
41236,21914
41237,21906
41238,21891
41239,21922
41240,21912
41241,21928
41242,21931
41243,21934
41244,21921
41245,21931
41246,21886
41247,21934
41248,21924
41249,21938
41250,21924
41251,21938
41252,21938
41253,21916
41254,21936
41255,21942
41256,21942
41257,21941
41258,21924
41259,21946
41260,21946
41261,21937
41262,21946
41263,21946
41264,21953
41265,21942
41266,21956
41267,21946
41268,21962
41269,21952
41270,21961
41271,21961
41272,21956
41273,21961
41274,21961
41275,21961
41276,21952
41277,21956
41278,21907
41279,21938
41280,21948
41281,21948
41282,21938
41283,21929
41284,21948
41285,21937
41286,21907
41287,21942
41288,21952
41289,21953
41290,21961
41291,21953
41292,21923
41293,21953
41294,21952
41295,21953
41296,21943
41297,21947
41298,21949
41299,21953
41300,21952
41301,21963
41302,21948
41303,21963
41304,21952
41305,21963
41306,21952
41307,21938
41308,21963
41309,21973
41310,21973
41311,21958
41312,21973
41313,21972
41314,21963
41315,21953
41316,21923
41317,21953
41318,21967
41319,21953
41320,21983
41321,21978
41322,21973
41323,21951
41324,21978
41325,21978
41326,21973
41327,21984
41328,21978
41329,21973
41330,21983
41331,21923
41332,21953
41333,21967
41334,21979
41335,21978
41336,21978
41337,21979
41338,21978
41339,21977
41340,21983
41341,21988
41342,21988
41343,21993
41344,22003
41345,21982
41346,21989
41347,22011
41348,21982
41349,22011
41350,21991
41351,22001
41352,21969
41353,22001
41354,21981
41355,21969
41356,22013
41357,22012
41358,22001
41359,22006
41360,21999
41361,21991
41362,22009
41363,21996
41364,22022
41365,22009
41366,21998
41367,22022
41368,22011
41369,21993
41370,21987
41371,22007
41372,22018
41373,22004
41374,21998
41375,22018
41376,21998
41377,22019
41378,22021
41379,22024
41380,22016
41381,22024
41382,22041
41383,21993
41384,22028
41385,22024
41386,22028
41387,22028
41388,22041
41389,22002
41390,22028
41391,22041
41392,22002
41393,22041
41394,22002
41395,22007
41396,22024
41397,22033
41398,22019
41399,22036
41400,22033
41401,22024
41402,22033
41403,22024
41404,22033
41405,22036
41406,22021
41407,22027
41408,22024
41409,22027
41410,22028
41411,22033
41412,22036
41413,22024
41414,22019
41415,22033
41416,22003
41417,21991
41418,22032
41419,22028
41420,21991
41421,22032
41422,21991
41423,22028
41424,21991
41425,22032
41426,22044
41427,22044
41428,22033
41429,22033
41430,22049
41431,22016
41432,22009
41433,22052
41434,22043
41435,22026
41436,22036
41437,22033
41438,22043
41439,22041
41440,22036
41441,22043
41442,22033
41443,22013
41444,22031
41445,22029
41446,22044
41447,22038
41448,22051
41449,22048
41450,22059
41451,22051
41452,22059
41453,22023
41454,22053
41455,22054
41456,22062
41457,22058
41458,22062
41459,22048
41460,22072
41461,22079
41462,22071
41463,22058
41464,22088
41465,22084
41466,22087
41467,22073
41468,22083
41469,22058
41470,22092
41471,22091
41472,22083
41473,22091
41474,22048
41475,22091
41476,22088
41477,22091
41478,22083
41479,22091
41480,22081
41481,22091
41482,22088
41483,22083
41484,22091
41485,22091
41486,22069
41487,22091
41488,22083
41489,22088
41490,22091
41491,22092
41492,22078
41493,22083
41494,22058
41495,22073
41496,22074
41497,22043
41498,22083
41499,22069
41500,22043
41501,22074
41502,22058
41503,22073
41504,22078
41505,22083
41506,22092
41507,22091
41508,22091
41509,22083
41510,22088
41511,22091
41512,22091
41513,22083
41514,22101
41515,22088
41516,22102
41517,22097
41518,22088
41519,22087
41520,22081
41521,22081
41522,22066
41523,22081
41524,22081
41525,22088
41526,22072
41527,22081
41528,22081
41529,22066
41530,22068
41531,22072
41532,22081
41533,22088
41534,22091
41535,22088
41536,22091
41537,22083
41538,22091
41539,22068
41540,22083
41541,22058
41542,22063
41543,22083
41544,22081
41545,22091
41546,22073
41547,22078
41548,22091
41549,22068
41550,22073
41551,22083
41552,22073
41553,22083
41554,22073
41555,22068
41556,22101
41557,22098
41558,22071
41559,22109
41560,22082
41561,22098
41562,22082
41563,22109
41564,22071
41565,22082
41566,22109
41567,22082
41568,22071
41569,22106
41570,22109
41571,22101
41572,22107
41573,22117
41574,22099
41575,22107
41576,22071
41577,22074
41578,22109
41579,22098
41580,22074
41581,22071
41582,22109
41583,22074
41584,22114
41585,22117
41586,22093
41587,22112
41588,22116
41589,22123
41590,22112
41591,22123
41592,22124
41593,22141
41594,22110
41595,22133
41596,22143
41597,22147
41598,22138
41599,22141
41600,22123
41601,22121
41602,22128
41603,22148
41604,22113
41605,22128
41606,22128
41607,22148
41608,22141
41609,22128
41610,22148
41611,22128
41612,22143
41613,22137
41614,22118
41615,22137
41616,22112
41617,22118
41618,22122
41619,22137
41620,22118
41621,22143
41622,22147
41623,22123
41624,22146
41625,22143
41626,22143
41627,22147
41628,22123
41629,22146
41630,22154
41631,22158
41632,22153
41633,22137
41634,22158
41635,22147
41636,22153
41637,22138
41638,22152
41639,22154
41640,22156
41641,22171
41642,22149
41643,22156
41644,22171
41645,22168
41646,22178
41647,22157
41648,22169
41649,22178
41650,22164
41651,22178
41652,22168
41653,22171
41654,22148
41655,22149
41656,22128
41657,22157
41658,22158
41659,22163
41660,22141
41661,22143
41662,22163
41663,22138
41664,22158
41665,22148
41666,22146
41667,22158
41668,22158
41669,22168
41670,22146
41671,22158
41672,22146
41673,22129
41674,22147
41675,22161
41676,22133
41677,22161
41678,22129
41679,22158
41680,22146
41681,22168
41682,22146
41683,22158
41684,22178
41685,22157
41686,22173
41687,22177
41688,22184
41689,22168
41690,22187
41691,22183
41692,22173
41693,22168
41694,22191
41695,22179
41696,22189
41697,22189
41698,22186
41699,22179
41700,22194
41701,22189
41702,22189
41703,22189
41704,22189
41705,22184
41706,22174
41707,22187
41708,22183
41709,22208
41710,22201
41711,22208
41712,22209
41713,22188
41714,22214
41715,22206
41716,22188
41717,22214
41718,22224
41719,22207
41720,22228
41721,22213
41722,22218
41723,22189
41724,22199
41725,22194
41726,22199
41727,22212
41728,22221
41729,22222
41730,22219
41731,22228
41732,22222
41733,22221
41734,22222
41735,22229
41736,22232
41737,22219
41738,22231
41739,22232
41740,22229
41741,22221
41742,22233
41743,22227
41744,22232
41745,22222
41746,22213
41747,22232
41748,22216
41749,22229
41750,22234
41751,22218
41752,22228
41753,22219
41754,22224
41755,22236
41756,22227
41757,22236
41758,22241
41759,22237
41760,22221
41761,22237
41762,22223
41763,22236
41764,22236
41765,22218
41766,22243
41767,22236
41768,22259
41769,22258
41770,22259
41771,22258
41772,22236
41773,22259
41774,22261
41775,22268
41776,22254
41777,22281
41778,22282
41779,22283
41780,22289
41781,22287
41782,22289
41783,22287
41784,22283
41785,22289
41786,22291
41787,22291
41788,22293
41789,22258
41790,22292
41791,22313
41792,22294
41793,22313
41794,22287
41795,22269
41796,22313
41797,22283
41798,22294
41799,22313
41800,22286
41801,22302
41802,22313
41803,22307
41804,22314
41805,22281
41806,22316
41807,22314
41808,22306
41809,22298
41810,22288
41811,22323
41812,22322
41813,22299
41814,22294
41815,22314
41816,22309
41817,22313
41818,22314
41819,22313
41820,22311
41821,22314
41822,22313
41823,22298
41824,22308
41825,22297
41826,22319
41827,22297
41828,22306
41829,22297
41830,22318
41831,22312
41832,22293
41833,22272
41834,22312
41835,22303
41836,22312
41837,22272
41838,22312
41839,22303
41840,22312
41841,22272
41842,22293
41843,22312
41844,22269
41845,22272
41846,22312
41847,22281
41848,22308
41849,22288
41850,22314
41851,22307
41852,22313
41853,22323
41854,22324
41855,22324
41856,22313
41857,22323
41858,22307
41859,22316
41860,22297
41861,22328
41862,22327
41863,22329
41864,22323
41865,22341
41866,22338
41867,22332
41868,22341
41869,22313
41870,22348
41871,22336
41872,22306
41873,22317
41874,22348
41875,22306
41876,22348
41877,22336
41878,22348
41879,22327
41880,22306
41881,22348
41882,22336
41883,22302
41884,22348
41885,22306
41886,22348
41887,22336
41888,22306
41889,22348
41890,22331
41891,22331
41892,22334
41893,22333
41894,22334
41895,22333
41896,22317
41897,22343
41898,22323
41899,22339
41900,22317
41901,22339
41902,22334
41903,22339
41904,22293
41905,22309
41906,22313
41907,22339
41908,22309
41909,22325
41910,22329
41911,22317
41912,22331
41913,22326
41914,22313
41915,22311
41916,22326
41917,22331
41918,22326
41919,22327
41920,22346
41921,22311
41922,22313
41923,22346
41924,22328
41925,22311
41926,22346
41927,22329
41928,22311
41929,22346
41930,22336
41931,22311
41932,22346
41933,22327
41934,22351
41935,22353
41936,22338
41937,22348
41938,22362
41939,22338
41940,22348
41941,22364
41942,22377
41943,22359
41944,22329
41945,22374
41946,22353
41947,22357
41948,22374
41949,22353
41950,22363
41951,22373
41952,22374
41953,22373
41954,22374
41955,22376
41956,22376
41957,22363
41958,22393
41959,22383
41960,22392
41961,22369
41962,22383
41963,22386
41964,22399
41965,22398
41966,22377
41967,22394
41968,22398
41969,22398
41970,22392
41971,22340
41972,22394
41973,22398
41974,22388
41975,22399
41976,22377
41977,22399
41978,22401
41979,22398
41980,22399
41981,22387
41982,22359
41983,22381
41984,22393
41985,22383
41986,22398
41987,22388
41988,22397
41989,22374
41990,22372
41991,22339
41992,22353
41993,22374
41994,22372
41995,22378
41996,22376
41997,22386
41998,22374
41999,22363
42000,22386
42001,22398
42002,22372
42003,22352
42004,22372
42005,22401
42006,22372
42007,22404
42008,22399
42009,22352
42010,22372
42011,22401
42012,22372
42013,22404
42014,22372
42015,22393
42016,22372
42017,22352
42018,22372
42019,22401
42020,22372
42021,22404
42022,22399
42023,22372
42024,22342
42025,22401
42026,22372
42027,22404
42028,22372
42029,22393
42030,22372
42031,22342
42032,22372
42033,22401
42034,22404
42035,22372
42036,22384
42037,22376
42038,22386
42039,22374
42040,22372
42041,22386
42042,22371
42043,22397
42044,22391
42045,22397
42046,22372
42047,22397
42048,22397
42049,22386
42050,22407
42051,22388
42052,22386
42053,22386
42054,22374
42055,22376
42056,22386
42057,22372
42058,22374
42059,22397
42060,22381
42061,22359
42062,22377
42063,22394
42064,22398
42065,22394
42066,22399
42067,22398
42068,22386
42069,22398
42070,22392
42071,22396
42072,22398
42073,22392
42074,22396
42075,22398
42076,22392
42077,22386
42078,22398
42079,22394
42080,22399
42081,22398
42082,22394
42083,22359
42084,22393
42085,22381
42086,22397
42087,22374
42088,22386
42089,22376
42090,22372
42091,22374
42092,22386
42093,22386
42094,22407
42095,22388
42096,22386
42097,22397
42098,22397
42099,22372
42100,22391
42101,22397
42102,22397
42103,22371
42104,22386
42105,22372
42106,22376
42107,22374
42108,22386
42109,22384
42110,22372
42111,22404
42112,22352
42113,22401
42114,22372
42115,22372
42116,22393
42117,22372
42118,22372
42119,22404
42120,22401
42121,22352
42122,22372
42123,22399
42124,22372
42125,22404
42126,22401
42127,22352
42128,22372
42129,22372
42130,22393
42131,22372
42132,22404
42133,22372
42134,22393
42135,22352
42136,22372
42137,22399
42138,22372
42139,22404
42140,22393
42141,22342
42142,22372
42143,22372
42144,22398
42145,22386
42146,22372
42147,22374
42148,22376
42149,22386
42150,22378
42151,22372
42152,22375
42153,22353
42154,22339
42155,22372
42156,22375
42157,22397
42158,22388
42159,22407
42160,22383
42161,22393
42162,22381
42163,22359
42164,22387
42165,22399
42166,22398
42167,22401
42168,22399
42169,22377
42170,22388
42171,22399
42172,22398
42173,22394
42174,22340
42175,22398
42176,22399
42177,22394
42178,22398
42179,22377
42180,22398
42181,22399
42182,22393
42183,22411
42184,22389
42185,22411
42186,22403
42187,22413
42188,22403
42189,22389
42190,22413
42191,22379
42192,22415
42193,22401
42194,22415
42195,22394
42196,22415
42197,22388
42198,22398
42199,22380
42200,22414
42201,22404
42202,22421
42203,22416
42204,22422
42205,22421
42206,22421
42207,22412
42208,22431
42209,22433
42210,22412
42211,22422
42212,22431
42213,22433
42214,22441
42215,22446
42216,22428
42217,22439
42218,22446
42219,22428
42220,22446
42221,22438
42222,22444
42223,22439
42224,22420
42225,22433
42226,22433
42227,22397
42228,22416
42229,22433
42230,22420
42231,22442
42232,22434
42233,22435
42234,22436
42235,22453
42236,22452
42237,22439
42238,22456
42239,22462
42240,22463
42241,22451
42242,22453
42243,22453
42244,22453
42245,22437
42246,22463
42247,22457
42248,22451
42249,22448
42250,22427
42251,22456
42252,22459
42253,22467
42254,22457
42255,22447
42256,22457
42257,22458
42258,22423
42259,22467
42260,22463
42261,22463
42262,22466
42263,22453
42264,22446
42265,22463
42266,22478
42267,22459
42268,22487
42269,22459
42270,22481
42271,22482
42272,22453
42273,22486
42274,22466
42275,22486
42276,22471
42277,22484
42278,22486
42279,22480
42280,22489
42281,22501
42282,22493
42283,22507
42284,22493
42285,22505
42286,22478
42287,22506
42288,22494
42289,22483
42290,22481
42291,22499
42292,22484
42293,22499
42294,22499
42295,22503
42296,22523
42297,22507
42298,22502
42299,22504
42300,22529
42301,22524
42302,22518
42303,22495
42304,22489
42305,22516
42306,22495
42307,22518
42308,22523
42309,22499
42310,22523
42311,22499
42312,22503
42313,22513
42314,22532
42315,22510
42316,22517
42317,22518
42318,22518
42319,22518
42320,22529
42321,22527
42322,22512
42323,22531
42324,22538
42325,22512
42326,22531
42327,22527
42328,22512
42329,22531
42330,22538
42331,22523
42332,22514
42333,22508
42334,22508
42335,22496
42336,22517
42337,22527
42338,22474
42339,22533
42340,22521
42341,22503
42342,22521
42343,22538
42344,22526
42345,22521
42346,22512
42347,22538
42348,22503
42349,22521
42350,22546
42351,22552
42352,22526
42353,22517
42354,22534
42355,22543
42356,22529
42357,22555
42358,22557
42359,22546
42360,22548
42361,22553
42362,22548
42363,22555
42364,22548
42365,22548
42366,22553
42367,22564
42368,22553
42369,22550
42370,22568
42371,22562
42372,22553
42373,22568
42374,22553
42375,22550
42376,22550
42377,22553
42378,22568
42379,22553
42380,22550
42381,22537
42382,22556
42383,22562
42384,22562
42385,22564
42386,22562
42387,22553
42388,22550
42389,22568
42390,22547
42391,22574
42392,22578
42393,22558
42394,22581
42395,22575
42396,22561
42397,22574
42398,22575
42399,22568
42400,22578
42401,22567
42402,22583
42403,22578
42404,22568
42405,22574
42406,22575
42407,22578
42408,22567
42409,22578
42410,22581
42411,22562
42412,22558
42413,22562
42414,22562
42415,22564
42416,22562
42417,22562
42418,22562
42419,22577
42420,22561
42421,22584
42422,22568
42423,22579
42424,22542
42425,22564
42426,22579
42427,22579
42428,22572
42429,22579
42430,22579
42431,22566
42432,22588
42433,22586
42434,22584
42435,22577
42436,22577
42437,22598
42438,22597
42439,22598
42440,22578
42441,22602
42442,22607
42443,22607
42444,22607
42445,22607
42446,22588
42447,22607
42448,22607
42449,22576
42450,22598
42451,22607
42452,22607
42453,22606
42454,22592
42455,22590
42456,22597
42457,22592
42458,22590
42459,22601
42460,22606
42461,22603
42462,22606
42463,22606
42464,22603
42465,22606
42466,22591
42467,22606
42468,22603
42469,22606
42470,22606
42471,22603
42472,22606
42473,22613
42474,22619
42475,22598
42476,22602
42477,22619
42478,22598
42479,22590
42480,22611
42481,22611
42482,22608
42483,22590
42484,22604
42485,22599
42486,22590
42487,22607
42488,22581
42489,22621
42490,22616
42491,22626
42492,22608
42493,22623
42494,22626
42495,22624
42496,22629
42497,22621
42498,22629
42499,22624
42500,22637
42501,22637
42502,22644
42503,22646
42504,22643
42505,22647
42506,22611
42507,22636
42508,22646
42509,22648
42510,22643
42511,22643
42512,22658
42513,22648
42514,22633
42515,22642
42516,22648
42517,22648
42518,22658
42519,22666
42520,22653
42521,22656
42522,22653
42523,22657
42524,22637
42525,22666
42526,22661
42527,22666
42528,22637
42529,22666
42530,22661
42531,22638
42532,22637
42533,22662
42534,22661
42535,22660
42536,22662
42537,22687
42538,22667
42539,22687
42540,22678
42541,22667
42542,22668
42543,22673
42544,22673
42545,22678
42546,22687
42547,22667
42548,22687
42549,22667
42550,22662
42551,22687
42552,22667
42553,22687
42554,22660
42555,22661
42556,22675
42557,22661
42558,22649
42559,22661
42560,22675
42561,22678
42562,22683
42563,22679
42564,22679
42565,22676
42566,22678
42567,22661
42568,22633
42569,22662
42570,22667
42571,22677
42572,22677
42573,22667
42574,22677
42575,22667
42576,22643
42577,22677
42578,22681
42579,22686
42580,22682
42581,22686
42582,22667
42583,22682
42584,22686
42585,22682
42586,22687
42587,22693
42588,22688
42589,22683
42590,22698
42591,22697
42592,22698
42593,22682
42594,22698
42595,22697
42596,22698
42597,22682
42598,22698
42599,22696
42600,22698
42601,22697
42602,22698
42603,22682
42604,22698
42605,22689
42606,22717
42607,22718
42608,22719
42609,22716
42610,22719
42611,22708
42612,22717
42613,22719
42614,22719
42615,22716
42616,22719
42617,22708
42618,22719
42619,22729
42620,22707
42621,22727
42622,22726
42623,22702
42624,22721
42625,22710
42626,22718
42627,22731
42628,22718
42629,22723
42630,22718
42631,22731
42632,22731
42633,22718
42634,22734
42635,22712
42636,22698
42637,22729
42638,22726
42639,22743
42640,22733
42641,22738
42642,22738
42643,22738
42644,22742
42645,22738
42646,22738
42647,22738
42648,22742
42649,22738
42650,22738
42651,22741
42652,22734
42653,22728
42654,22712
42655,22698
42656,22734
42657,22712
42658,22733
42659,22734
42660,22712
42661,22728
42662,22698
42663,22734
42664,22712
42665,22741
42666,22738
42667,22738
42668,22738
42669,22742
42670,22738
42671,22738
42672,22738
42673,22738
42674,22742
42675,22738
42676,22733
42677,22726
42678,22743
42679,22729
42680,22698
42681,22734
42682,22712
42683,22728
42684,22734
42685,22712
42686,22724
42687,22738
42688,22734
42689,22738
42690,22738
42691,22740
42692,22738
42693,22742
42694,22738
42695,22738
42696,22724
42697,22712
42698,22698
42699,22734
42700,22721
42701,22722
42702,22713
42703,22713
42704,22713
42705,22722
42706,22713
42707,22713
42708,22713
42709,22722
42710,22713
42711,22713
42712,22713
42713,22722
42714,22711
42715,22713
42716,22713
42717,22713
42718,22722
42719,22713
42720,22713
42721,22722
42722,22713
42723,22713
42724,22692
42725,22713
42726,22722
42727,22713
42728,22713
42729,22713
42730,22722
42731,22713
42732,22713
42733,22713
42734,22722
42735,22718
42736,22734
42737,22728
42738,22731
42739,22734
42740,22728
42741,22731
42742,22707
42743,22722
42744,22731
42745,22725
42746,22736
42747,22751
42748,22737
42749,22744
42750,22734
42751,22737
42752,22751
42753,22744
42754,22737
42755,22751
42756,22737
42757,22745
42758,22744
42759,22737
42760,22751
42761,22744
42762,22737
42763,22734
42764,22751
42765,22737
42766,22744
42767,22748
42768,22751
42769,22737
42770,22744
42771,22748
42772,22751
42773,22737
42774,22744
42775,22737
42776,22751
42777,22745
42778,22744
42779,22734
42780,22759
42781,22697
42782,22759
42783,22759
42784,22735
42785,22741
42786,22736
42787,22697
42788,22759
42789,22759
42790,22735
42791,22759
42792,22741
42793,22734
42794,22751
42795,22737
42796,22744
42797,22757
42798,22765
42799,22761
42800,22762
42801,22777
42802,22760
42803,22758
42804,22777
42805,22752
42806,22762
42807,22777
42808,22760
42809,22738
42810,22738
42811,22752
42812,22771
42813,22753
42814,22782
42815,22772
42816,22767
42817,22772
42818,22778
42819,22793
42820,22793
42821,22786
42822,22798
42823,22803
42824,22780
42825,22764
42826,22764
42827,22783
42828,22803
42829,22764
42830,22780
42831,22764
42832,22804
42833,22811
42834,22802
42835,22808
42836,22817
42837,22758
42838,22791
42839,22812
42840,22822
42841,22806
42842,22818
42843,22804
42844,22781
42845,22802
42846,22813
42847,22804
42848,22814
42849,22804
42850,22813
42851,22833
42852,22818
42853,22822
42854,22818
42855,22833
42856,22826
42857,22833
42858,22829
42859,22820
42860,22809
42861,22830
42862,22823
42863,22814
42864,22831
42865,22828
42866,22823
42867,22829
42868,22847
42869,22839
42870,22824
42871,22847
42872,22833
42873,22821
42874,22822
42875,22823
42876,22829
42877,22838
42878,22818
42879,22833
42880,22847
42881,22833
42882,22842
42883,22847
42884,22822
42885,22833
42886,22833
42887,22847
42888,22823
42889,22833
42890,22847
42891,22842
42892,22833
42893,22847
42894,22839
42895,22826
42896,22844
42897,22846
42898,22853
42899,22862
42900,22857
42901,22836
42902,22849
42903,22860
42904,22867
42905,22841
42906,22854
42907,22844
42908,22843
42909,22854
42910,22852
42911,22844
42912,22854
42913,22843
42914,22843
42915,22844
42916,22854
42917,22858
42918,22856
42919,22851
42920,22843
42921,22863
42922,22868
42923,22875
42924,22879
42925,22881
42926,22875
42927,22871
42928,22873
42929,22888
42930,22894
42931,22888
42932,22894
42933,22882
42934,22873
42935,22883
42936,22888
42937,22894
42938,22888
42939,22894
42940,22882
42941,22894
42942,22888
42943,22893
42944,22888
42945,22867
42946,22900
42947,22903
42948,22902
42949,22894
42950,22888
42951,22889
42952,22883
42953,22873
42954,22902
42955,22877
42956,22897
42957,22893
42958,22903
42959,22898
42960,22877
42961,22897
42962,22893
42963,22903
42964,22884
42965,22893
42966,22884
42967,22897
42968,22912
42969,22884
42970,22883
42971,22915
42972,22884
42973,22883
42974,22888
42975,22902
42976,22916
42977,22896
42978,22916
42979,22907
42980,22908
42981,22916
42982,22912
42983,22902
42984,22893
42985,22908
42986,22915
42987,22884
42988,22883
42989,22923
42990,22911
42991,22918
42992,22923
42993,22927
42994,22904
42995,22896
42996,22921
42997,22904
42998,22921
42999,22907
43000,22914
43001,22928
43002,22928
43003,22933
43004,22924
43005,22928
43006,22928
43007,22933
43008,22920
43009,22934
43010,22938
43011,22939
43012,22933
43013,22933
43014,22929
43015,22940
43016,22938
43017,22952
43018,22923
43019,22936
43020,22943
43021,22934
43022,22947
43023,22940
43024,22933
43025,22938
43026,22939
43027,22937
43028,22940
43029,22947
43030,22940
43031,22938
43032,22947
43033,22940
43034,22947
43035,22940
43036,22941
43037,22954
43038,22949
43039,22941
43040,22963
43041,22933
43042,22949
43043,22933
43044,22963
43045,22939
43046,22943
43047,22958
43048,22956
43049,22920
43050,22966
43051,22951
43052,22966
43053,22963
43054,22966
43055,22944
43056,22958
43057,22948
43058,22965
43059,22933
43060,22948
43061,22951
43062,22965
43063,22948
43064,22953
43065,22958
43066,22954
43067,22973
43068,22948
43069,22967
43070,22968
43071,22967
43072,22959
43073,22948
43074,22973
43075,22941
43076,22958
43077,22973
43078,22954
43079,22973
43080,22958
43081,22973
43082,22941
43083,22973
43084,22958
43085,22954
43086,22973
43087,22958
43088,22973
43089,22954
43090,22973
43091,22941
43092,22958
43093,22973
43094,22948
43095,22959
43096,22967
43097,22968
43098,22967
43099,22948
43100,22973
43101,22954
43102,22958
43103,22933
43104,22963
43105,22958
43106,22951
43107,22972
43108,22983
43109,22983
43110,22961
43111,22971
43112,22983
43113,22974
43114,22973
43115,22979
43116,22962
43117,22988
43118,22979
43119,22993
43120,22992
43121,22983
43122,22973
43123,22983
43124,22978
43125,22987
43126,22980
43127,22989
43128,22987
43129,22987
43130,22933
43131,22987
43132,22979
43133,23004
43134,23002
43135,22982
43136,22990
43137,22992
43138,22991
43139,22986
43140,22987
43141,22998
43142,23000
43143,23003
43144,23008
43145,23002
43146,22992
43147,23024
43148,23024
43149,23015
43150,23024
43151,23024
43152,23010
43153,23025
43154,23014
43155,22997
43156,23025
43157,23038
43158,23030
43159,23011
43160,23023
43161,23024
43162,23030
43163,23023
43164,23023
43165,23030
43166,23017
43167,23019
43168,23022
43169,23027
43170,23025
43171,23014
43172,23043
43173,23043
43174,23024
43175,23024
43176,23028
43177,23043
43178,23024
43179,23043
43180,23018
43181,23032
43182,23028
43183,22997
43184,23024
43185,23024
43186,23043
43187,23028
43188,23024
43189,23024
43190,23043
43191,23043
43192,23025
43193,23014
43194,23032
43195,23017
43196,23032
43197,23022
43198,23038
43199,23028
43200,23032
43201,23038
43202,23037
43203,23032
43204,23038
43205,23028
43206,23032
43207,23038
43208,23037
43209,23038
43210,23031
43211,23040
43212,23038
43213,23031
43214,23046
43215,23042
43216,23049
43217,23049
43218,23034
43219,23044
43220,23042
43221,23049
43222,23039
43223,23048
43224,23036
43225,23046
43226,23023
43227,23038
43228,23023
43229,23022
43230,23038
43231,23037
43232,23038
43233,23043
43234,23037
43235,23029
43236,23038
43237,23022
43238,23046
43239,23029
43240,23042
43241,23022
43242,23016
43243,23002
43244,23042
43245,23016
43246,23017
43247,23038
43248,23038
43249,23036
43250,23038
43251,23037
43252,23038
43253,23050
43254,23051
43255,23053
43256,23038
43257,23051
43258,23050
43259,23038
43260,23051
43261,23053
43262,23038
43263,23050
43264,23051
43265,23038
43266,23017
43267,23046
43268,23044
43269,23033
43270,23026
43271,23020
43272,23017
43273,23026
43274,23033
43275,23039
43276,23017
43277,23026
43278,23033
43279,23020
43280,23026
43281,23033
43282,23017
43283,23026
43284,23020
43285,23033
43286,23027
43287,23023
43288,23026
43289,23042
43290,23015
43291,23010
43292,23043
43293,23042
43294,23010
43295,23043
43296,23033
43297,23032
43298,23010
43299,23042
43300,23052
43301,23054
43302,23032
43303,23050
43304,23049
43305,23043
43306,23048
43307,23043
43308,23043
43309,23039
43310,23061
43311,23057
43312,23064
43313,23030
43314,23067
43315,23054
43316,23061
43317,23041
43318,23042
43319,23012
43320,23031
43321,23041
43322,23042
43323,23041
43324,23043
43325,23041
43326,23011
43327,23030
43328,23041
43329,23030
43330,23030
43331,23041
43332,23049
43333,23053
43334,23028
43335,23048
43336,23032
43337,23042
43338,23043
43339,23061
43340,23066
43341,23067
43342,23047
43343,23066
43344,23046
43345,23067
43346,23066
43347,23032
43348,23054
43349,23071
43350,23061
43351,23053
43352,23028
43353,23038
43354,23058
43355,23073
43356,23053
43357,23066
43358,23056
43359,23050
43360,23035
43361,23073
43362,23066
43363,23064
43364,23066
43365,23015
43366,23044
43367,23067
43368,23032
43369,23066
43370,23064
43371,23061
43372,23059
43373,23059
43374,23058
43375,23059
43376,23059
43377,23057
43378,23058
43379,23069
43380,23056
43381,23036
43382,23056
43383,23064
43384,23057
43385,23064
43386,23056
43387,23059
43388,23017
43389,23038
43390,23069
43391,23065
43392,23078
43393,23042
43394,23064
43395,23041
43396,23058
43397,23041
43398,23071
43399,23041
43400,23075
43401,23058
43402,23066
43403,23067
43404,23062
43405,23076
43406,23083
43407,23076
43408,23083
43409,23073
43410,23080
43411,23076
43412,23061
43413,23076
43414,23069
43415,23077
43416,23087
43417,23077
43418,23087
43419,23091
43420,23081
43421,23072
43422,23091
43423,23088
43424,23091
43425,23072
43426,23099
43427,23063
43428,23104
43429,23097
43430,23110
43431,23091
43432,23098
43433,23092
43434,23091
43435,23098
43436,23098
43437,23091
43438,23084
43439,23098
43440,23091
43441,23119
43442,23120
43443,23112
43444,23105
43445,23074
43446,23102
43447,23118
43448,23093
43449,23119
43450,23112
43451,23113
43452,23098
43453,23131
43454,23141
43455,23133
43456,23114
43457,23141
43458,23133
43459,23120
43460,23118
43461,23134
43462,23124
43463,23133
43464,23120
43465,23120
43466,23123
43467,23124
43468,23120
43469,23134
43470,23141
43471,23133
43472,23114
43473,23141
43474,23133
43475,23120
43476,23124
43477,23134
43478,23118
43479,23143
43480,23123
43481,23127
43482,23133
43483,23128
43484,23123
43485,23137
43486,23143
43487,23133
43488,23127
43489,23143
43490,23133
43491,23143
43492,23133
43493,23143
43494,23132
43495,23133
43496,23143
43497,23133
43498,23143
43499,23143
43500,23133
43501,23133
43502,23143
43503,23148
43504,23153
43505,23115
43506,23148
43507,23143
43508,23133
43509,23143
43510,23133
43511,23143
43512,23133
43513,23132
43514,23124
43515,23158
43516,23150
43517,23158
43518,23150
43519,23128
43520,23137
43521,23149
43522,23141
43523,23128
43524,23143
43525,23137
43526,23114
43527,23143
43528,23141
43529,23138
43530,23143
43531,23138
43532,23141
43533,23143
43534,23137
43535,23133
43536,23135
43537,23129
43538,23120
43539,23135
43540,23129
43541,23141
43542,23128
43543,23143
43544,23132
43545,23127
43546,23128
43547,23133
43548,23133
43549,23128
43550,23133
43551,23132
43552,23133
43553,23128
43554,23147
43555,23149
43556,23154
43557,23153
43558,23165
43559,23153
43560,23123
43561,23153
43562,23165
43563,23153
43564,23159
43565,23153
43566,23153
43567,23141
43568,23153
43569,23154
43570,23173
43571,23159
43572,23163
43573,23173
43574,23158
43575,23168
43576,23153
43577,23168
43578,23157
43579,23161
43580,23159
43581,23151
43582,23139
43583,23178
43584,23164
43585,23178
43586,23151
43587,23164
43588,23178
43589,23178
43590,23164
43591,23178
43592,23131
43593,23151
43594,23178
43595,23164
43596,23162
43597,23181
43598,23184
43599,23181
43600,23184
43601,23163
43602,23185
43603,23181
43604,23154
43605,23181
43606,23185
43607,23181
43608,23185
43609,23181
43610,23154
43611,23152
43612,23181
43613,23185
43614,23172
43615,23179
43616,23177
43617,23145
43618,23177
43619,23179
43620,23177
43621,23179
43622,23163
43623,23177
43624,23145
43625,23177
43626,23179
43627,23172
43628,23185
43629,23181
43630,23146
43631,23181
43632,23185
43633,23181
43634,23185
43635,23181
43636,23146
43637,23181
43638,23185
43639,23179
43640,23172
43641,23171
43642,23174
43643,23172
43644,23171
43645,23160
43646,23193
43647,23173
43648,23189
43649,23193
43650,23193
43651,23184
43652,23187
43653,23198
43654,23193
43655,23181
43656,23182
43657,23164
43658,23179
43659,23183
43660,23185
43661,23172
43662,23197
43663,23207
43664,23200
43665,23183
43666,23154
43667,23185
43668,23183
43669,23186
43670,23175
43671,23197
43672,23175
43673,23184
43674,23197
43675,23197
43676,23175
43677,23213
43678,23210
43679,23210
43680,23203
43681,23199
43682,23182
43683,23210
43684,23203
43685,23210
43686,23194
43687,23210
43688,23203
43689,23199
43690,23210
43691,23168
43692,23173
43693,23157
43694,23195
43695,23179
43696,23212
43697,23170
43698,23212
43699,23184
43700,23212
43701,23170
43702,23200
43703,23212
43704,23184
43705,23212
43706,23218
43707,23186
43708,23213
43709,23223
43710,23225
43711,23209
43712,23223
43713,23225
43714,23192
43715,23206
43716,23213
43717,23216
43718,23218
43719,23206
43720,23226
43721,23238
43722,23233
43723,23218
43724,23245
43725,23241
43726,23245
43727,23218
43728,23253
43729,23249
43730,23254
43731,23235
43732,23217
43733,23258
43734,23252
43735,23254
43736,23249
43737,23248
43738,23191
43739,23249
43740,23229
43741,23231
43742,23254
43743,23249
43744,23254
43745,23253
43746,23223
43747,23233
43748,23224
43749,23227
43750,23248
43751,23248
43752,23245
43753,23229
43754,23255
43755,23225
43756,23255
43757,23229
43758,23255
43759,23244
43760,23229
43761,23255
43762,23241
43763,23262
43764,23242
43765,23267
43766,23271
43767,23272
43768,23258
43769,23252
43770,23262
43771,23251
43772,23252
43773,23262
43774,23253
43775,23263
43776,23263
43777,23267
43778,23263
43779,23268
43780,23278
43781,23278
43782,23289
43783,23273
43784,23277
43785,23269
43786,23277
43787,23283
43788,23269
43789,23269
43790,23248
43791,23276
43792,23276
43793,23269
43794,23248
43795,23249
43796,23277
43797,23268
43798,23277
43799,23277
43800,23277
43801,23248
43802,23262
43803,23276
43804,23276
43805,23231
43806,23262
43807,23278
43808,23283
43809,23258
43810,23287
43811,23278
43812,23283
43813,23258
43814,23269
43815,23292
43816,23271
43817,23287
43818,23292
43819,23281
43820,23284
43821,23273
43822,23288
43823,23284
43824,23289
43825,23278
43826,23288
43827,23284
43828,23283
43829,23270
43830,23288
43831,23293
43832,23294
43833,23307
43834,23275
43835,23307
43836,23272
43837,23275
43838,23307
43839,23259
43840,23307
43841,23279
43842,23275
43843,23307
43844,23303
43845,23270
43846,23278
43847,23297
43848,23274
43849,23301
43850,23292
43851,23293
43852,23292
43853,23283
43854,23292
43855,23293
43856,23292
43857,23311
43858,23314
43859,23308
43860,23307
43861,23314
43862,23292
43863,23313
43864,23332
43865,23337
43866,23323
43867,23337
43868,23335
43869,23337
43870,23317
43871,23334
43872,23328
43873,23334
43874,23317
43875,23334
43876,23351
43877,23349
43878,23341
43879,23353
43880,23349
43881,23307
43882,23335
43883,23320
43884,23342
43885,23328
43886,23344
43887,23348
43888,23339
43889,23328
43890,23306
43891,23346
43892,23338
43893,23334
43894,23346
43895,23349
43896,23337
43897,23319
43898,23330
43899,23337
43900,23339
43901,23319
43902,23337
43903,23337
43904,23337
43905,23330
43906,23319
43907,23337
43908,23306
43909,23320
43910,23338
43911,23349
43912,23333
43913,23328
43914,23332
43915,23337
43916,23340
43917,23328
43918,23340
43919,23351
43920,23340
43921,23328
43922,23349
43923,23351
43924,23362
43925,23359
43926,23346
43927,23348
43928,23358
43929,23359
43930,23362
43931,23346
43932,23359
43933,23363
43934,23378
43935,23381
43936,23388
43937,23378
43938,23352
43939,23378
43940,23366
43941,23381
43942,23378
43943,23388
43944,23378
43945,23381
43946,23393
43947,23398
43948,23391
43949,23389
43950,23398
43951,23391
43952,23381
43953,23402
43954,23407
43955,23402
43956,23387
43957,23403
43958,23407
43959,23402
43960,23403
43961,23417
43962,23407
43963,23387
43964,23417
43965,23417
43966,23387
43967,23408
43968,23404
43969,23407
43970,23417
43971,23408
43972,23408
43973,23409
43974,23399
43975,23408
43976,23409
43977,23408
43978,23424
43979,23420
43980,23423
43981,23418
43982,23423
43983,23432
43984,23433
43985,23431
43986,23432
43987,23403
43988,23438
43989,23389
43990,23422
43991,23438
43992,23438
43993,23389
43994,23428
43995,23438
43996,23428
43997,23404
43998,23438
43999,23404
44000,23433
44001,23404
44002,23438
44003,23392
44004,23417
44005,23434
44006,23428
44007,23401
44008,23423
44009,23401
44010,23412
44011,23423
44012,23401
44013,23423
44014,23423
44015,23401
44016,23412
44017,23423
44018,23423
44019,23423
44020,23427
44021,23430
44022,23435
44023,23428
44024,23440
44025,23423
44026,23420
44027,23402
44028,23410
44029,23424
44030,23432
44031,23399
44032,23433
44033,23432
44034,23419
44035,23429
44036,23436
44037,23414
44038,23436
44039,23434
44040,23436
44041,23435
44042,23453
44043,23397
44044,23453
44045,23443
44046,23436
44047,23414
44048,23406
44049,23436
44050,23434
44051,23436
44052,23414
44053,23436
44054,23434
44055,23436
44056,23433
44057,23430
44058,23432
44059,23423
44060,23432
44061,23430
44062,23432
44063,23423
44064,23427
44065,23430
44066,23432
44067,23423
44068,23418
44069,23425
44070,23445
44071,23439
44072,23462
44073,23448
44074,23458
44075,23446
44076,23458
44077,23448
44078,23446
44079,23458
44080,23458
44081,23446
44082,23458
44083,23450
44084,23458
44085,23446
44086,23444
44087,23454
44088,23454
44089,23453
44090,23454
44091,23414
44092,23460
44093,23458
44094,23468
44095,23458
44096,23457
44097,23408
44098,23436
44099,23457
44100,23422
44101,23457
44102,23436
44103,23458
44104,23468
44105,23457
44106,23450
44107,23458
44108,23422
44109,23473
44110,23452
44111,23465
44112,23454
44113,23454
44114,23453
44115,23454
44116,23436
44117,23472
44118,23464
44119,23458
44120,23454
44121,23457
44122,23463
44123,23460
44124,23463
44125,23457
44126,23463
44127,23459
44128,23457
44129,23454
44130,23452
44131,23428
44132,23454
44133,23453
44134,23454
44135,23454
44136,23453
44137,23460
44138,23446
44139,23448
44140,23453
44141,23440
44142,23458
44143,23458
44144,23440
44145,23458
44146,23457
44147,23462
44148,23457
44149,23459
44150,23462
44151,23457
44152,23462
44153,23407
44154,23448
44155,23455
44156,23459
44157,23455
44158,23448
44159,23455
44160,23451
44161,23448
44162,23447
44163,23445
44164,23461
44165,23457
44166,23454
44167,23466
44168,23466
44169,23466
44170,23450
44171,23446
44172,23478
44173,23478
44174,23482
44175,23488
44176,23489
44177,23482
44178,23493
44179,23499
44180,23500
44181,23508
44182,23511
44183,23518
44184,23528
44185,23511
44186,23518
44187,23524
44188,23526
44189,23524
44190,23518
44191,23524
44192,23526
44193,23511
44194,23524
44195,23518
44196,23526
44197,23524
44198,23537
44199,23520
44200,23533
44201,23533
44202,23520
44203,23520
44204,23533
44205,23520
44206,23533
44207,23533
44208,23520
44209,23533
44210,23533
44211,23520
44212,23520
44213,23533
44214,23520
44215,23533
44216,23523
44217,23533
44218,23532
44219,23533
44220,23533
44221,23521
44222,23533
44223,23498
44224,23535
44225,23521
44226,23509
44227,23536
44228,23535
44229,23538
44230,23492
44231,23536
44232,23535
44233,23538
44234,23522
44235,23544
44236,23538
44237,23524
44238,23536
44239,23548
44240,23541
44241,23548
44242,23557
44243,23556
44244,23549
44245,23542
44246,23556
44247,23548
44248,23556
44249,23549
44250,23556
44251,23542
44252,23536
44253,23548
44254,23541
44255,23538
44256,23544
44257,23517
44258,23523
44259,23508
44260,23527
44261,23528
44262,23513
44263,23519
44264,23521
44265,23513
44266,23519
44267,23529
44268,23511
44269,23519
44270,23528
44271,23494
44272,23534
44273,23519
44274,23511
44275,23528
44276,23519
44277,23533
44278,23523
44279,23527
44280,23506
44281,23509
44282,23498
44283,23519
44284,23513
44285,23521
44286,23519
44287,23513
44288,23534
44289,23535
44290,23533
44291,23511
44292,23544
44293,23531
44294,23540
44295,23539
44296,23539
44297,23538
44298,23539
44299,23538
44300,23538
44301,23539
44302,23539
44303,23538
44304,23538
44305,23538
44306,23549
44307,23558
44308,23547
44309,23558
44310,23556
44311,23564
44312,23547
44313,23567
44314,23552
44315,23567
44316,23552
44317,23564
44318,23548
44319,23567
44320,23552
44321,23544
44322,23554
44323,23551
44324,23546
44325,23547
44326,23549
44327,23554
44328,23558
44329,23547
44330,23530
44331,23539
44332,23538
44333,23538
44334,23522
44335,23538
44336,23536
44337,23543
44338,23537
44339,23534
44340,23528
44341,23514
44342,23524
44343,23543
44344,23543
44345,23553
44346,23540
44347,23548
44348,23546
44349,23513
44350,23511
44351,23553
44352,23532
44353,23540
44354,23548
44355,23532
44356,23548
44357,23540
44358,23548
44359,23540
44360,23551
44361,23566
44362,23562
44363,23537
44364,23559
44365,23539
44366,23537
44367,23559
44368,23560
44369,23537
44370,23559
44371,23569
44372,23579
44373,23583
44374,23568
44375,23588
44376,23573
44377,23561
44378,23588
44379,23573
44380,23566
44381,23568
44382,23569
44383,23592
44384,23583
44385,23559
44386,23578
44387,23577
44388,23593
44389,23577
44390,23588
44391,23593
44392,23582
44393,23568
44394,23559
44395,23585
44396,23582
44397,23583
44398,23582
44399,23590
44400,23562
44401,23581
44402,23583
44403,23599
44404,23593
44405,23599
44406,23548
44407,23583
44408,23593
44409,23599
44410,23597
44411,23587
44412,23591
44413,23573
44414,23587
44415,23591
44416,23587
44417,23583
44418,23587
44419,23591
44420,23587
44421,23585
44422,23583
44423,23593
44424,23591
44425,23591
44426,23593
44427,23548
44428,23572
44429,23583
44430,23599
44431,23593
44432,23599
44433,23573
44434,23593
44435,23599
44436,23593
44437,23603
44438,23606
44439,23599
44440,23595
44441,23618
44442,23622
44443,23624
44444,23622
44445,23621
44446,23603
44447,23619
44448,23622
44449,23622
44450,23598
44451,23606
44452,23598
44453,23603
44454,23621
44455,23603
44456,23632
44457,23616
44458,23624
44459,23629
44460,23623
44461,23628
44462,23624
44463,23616
44464,23632
44465,23621
44466,23603
44467,23599
44468,23586
44469,23594
44470,23624
44471,23586
44472,23629
44473,23629
44474,23613
44475,23633
44476,23629
44477,23633
44478,23629
44479,23613
44480,23633
44481,23629
44482,23624
44483,23629
44484,23605
44485,23630
44486,23624
44487,23630
44488,23612
44489,23624
44490,23631
44491,23628
44492,23621
44493,23626
44494,23622
44495,23629
44496,23626
44497,23602
44498,23626
44499,23626
44500,23602
44501,23609
44502,23633
44503,23633
44504,23621
44505,23600
44506,23633
44507,23621
44508,23633
44509,23612
44510,23601
44511,23636
44512,23631
44513,23613
44514,23639
44515,23660
44516,23660
44517,23658
44518,23631
44519,23660
44520,23651
44521,23658
44522,23660
44523,23664
44524,23669
44525,23668
44526,23669
44527,23672
44528,23680
44529,23623
44530,23680
44531,23657
44532,23684
44533,23683
44534,23696
44535,23685
44536,23676
44537,23677
44538,23682
44539,23703
44540,23674
44541,23693
44542,23678
44543,23689
44544,23693
44545,23688
44546,23689
44547,23679
44548,23693
44549,23670
44550,23689
44551,23681
44552,23706
44553,23703
44554,23703
44555,23702
44556,23708
44557,23703
44558,23691
44559,23713
44560,23703
44561,23692
44562,23718
44563,23723
44564,23723
44565,23713
44566,23721
44567,23708
44568,23737
44569,23712
44570,23708
44571,23737
44572,23711
44573,23704
44574,23732
44575,23732
44576,23697
44577,23704
44578,23732
44579,23704
44580,23733
44581,23737
44582,23746
44583,23733
44584,23741
44585,23746
44586,23737
44587,23738
44588,23733
44589,23743
44590,23733
44591,23729
44592,23733
44593,23741
44594,23712
44595,23733
44596,23722
44597,23750
44598,23753
44599,23738
44600,23744
44601,23747
44602,23753
44603,23738
44604,23747
44605,23753
44606,23747
44607,23744
44608,23753
44609,23738
44610,23724
44611,23712
44612,23733
44613,23722
44614,23731
44615,23737
44616,23733
44617,23738
44618,23746
44619,23737
44620,23746
44621,23733
44622,23738
44623,23737
44624,23746
44625,23733
44626,23746
44627,23737
44628,23738
44629,23744
44630,23752
44631,23738
44632,23749
44633,23753
44634,23737
44635,23753
44636,23733
44637,23741
44638,23753
44639,23733
44640,23725
44641,23753
44642,23744
44643,23748
44644,23741
44645,23748
44646,23740
44647,23748
44648,23758
44649,23748
44650,23735
44651,23759
44652,23759
44653,23729
44654,23753
44655,23753
44656,23751
44657,23732
44658,23752
44659,23737
44660,23748
44661,23757
44662,23752
44663,23753
44664,23767
44665,23756
44666,23739
44667,23759
44668,23748
44669,23753
44670,23763
44671,23762
44672,23755
44673,23737
44674,23761
44675,23734
44676,23750
44677,23756
44678,23730
44679,23747
44680,23763
44681,23764
44682,23772
44683,23772
44684,23729
44685,23755
44686,23753
44687,23772
44688,23764
44689,23768
44690,23776
44691,23786
44692,23792
44693,23766
44694,23782
44695,23780
44696,23771
44697,23787
44698,23793
44699,23793
44700,23783
44701,23793
44702,23797
44703,23782
44704,23773
44705,23778
44706,23807
44707,23803
44708,23784
44709,23817
44710,23817
44711,23802
44712,23817
44713,23817
44714,23784
44715,23819
44716,23818
44717,23829
44718,23814
44719,23818
44720,23824
44721,23824
44722,23817
44723,23824
44724,23824
44725,23813
44726,23837
44727,23838
44728,23840
44729,23838
44730,23838
44731,23838
44732,23825
44733,23842
44734,23820
44735,23825
44736,23833
44737,23841
44738,23838
44739,23853
44740,23842
44741,23826
44742,23849
44743,23842
44744,23853
44745,23842
44746,23842
44747,23849
44748,23853
44749,23842
44750,23839
44751,23858
44752,23845
44753,23828
44754,23858
44755,23845
44756,23858
44757,23858
44758,23832
44759,23845
44760,23842
44761,23858
44762,23843
44763,23858
44764,23841
44765,23828
44766,23832
44767,23858
44768,23858
44769,23845
44770,23824
44771,23843
44772,23841
44773,23830
44774,23848
44775,23819
44776,23848
44777,23834
44778,23828
44779,23841
44780,23849
44781,23843
44782,23863
44783,23847
44784,23863
44785,23859
44786,23863
44787,23822
44788,23838
44789,23859
44790,23863
44791,23828
44792,23858
44793,23841
44794,23858
44795,23858
44796,23834
44797,23848
44798,23819
44799,23848
44800,23830
44801,23848
44802,23819
44803,23838
44804,23848
44805,23819
44806,23849
44807,23865
44808,23853
44809,23855
44810,23848
44811,23849
44812,23819
44813,23848
44814,23843
44815,23858
44816,23841
44817,23841
44818,23858
44819,23858
44820,23852
44821,23834
44822,23817
44823,23839
44824,23857
44825,23819
44826,23849
44827,23850
44828,23846
44829,23846
44830,23858
44831,23846
44832,23819
44833,23857
44834,23839
44835,23834
44836,23822
44837,23818
44838,23797
44839,23830
44840,23836
44841,23828
44842,23839
44843,23837
44844,23823
44845,23847
44846,23829
44847,23837
44848,23829
44849,23829
44850,23837
44851,23829
44852,23829
44853,23850
44854,23858
44855,23858
44856,23853
44857,23859
44858,23859
44859,23859
44860,23859
44861,23859
44862,23838
44863,23859
44864,23859
44865,23859
44866,23859
44867,23828
44868,23858
44869,23858
44870,23876
44871,23854
44872,23863
44873,23868
44874,23845
44875,23875
44876,23867
44877,23869
44878,23852
44879,23884
44880,23869
44881,23874
44882,23864
44883,23863
44884,23886
44885,23886
44886,23886
44887,23867
44888,23886
44889,23850
44890,23843
44891,23844
44892,23879
44893,23844
44894,23880
44895,23870
44896,23869
44897,23884
44898,23878
44899,23878
44900,23869
44901,23873
44902,23878
44903,23884
44904,23869
44905,23878
44906,23884
44907,23869
44908,23878
44909,23883
44910,23875
44911,23845
44912,23853
44913,23865
44914,23875
44915,23845
44916,23853
44917,23831
44918,23858
44919,23853
44920,23865
44921,23858
44922,23853
44923,23843
44924,23878
44925,23862
44926,23863
44927,23879
44928,23878
44929,23857
44930,23878
44931,23862
44932,23879
44933,23863
44934,23878
44935,23843
44936,23853
44937,23858
44938,23869
44939,23862
44940,23851
44941,23868
44942,23862
44943,23851
44944,23859
44945,23838
44946,23878
44947,23862
44948,23878
44949,23879
44950,23863
44951,23878
44952,23869
44953,23853
44954,23861
44955,23868
44956,23853
44957,23858
44958,23864
44959,23858
44960,23870
44961,23862
44962,23852
44963,23870
44964,23858
44965,23862
44966,23870
44967,23852
44968,23872
44969,23873
44970,23850
44971,23824
44972,23873
44973,23873
44974,23858
44975,23873
44976,23873
44977,23873
44978,23873
44979,23850
44980,23873
44981,23873
44982,23858
44983,23884
44984,23858
44985,23883
44986,23883
44987,23883
44988,23883
44989,23883
44990,23883
44991,23883
44992,23883
44993,23883
44994,23883
44995,23883
44996,23883
44997,23858
44998,23883
44999,23883
45000,23883
45001,23883
45002,23883
45003,23883
45004,23883
45005,23883
45006,23892
45007,23863
45008,23883
45009,23860
45010,23890
45011,23863
45012,23860
45013,23866
45014,23888
45015,23867
45016,23888
45017,23857
45018,23873
45019,23888
45020,23867
45021,23888
45022,23857
45023,23888
45024,23883
45025,23904
45026,23882
45027,23915
45028,23897
45029,23907
45030,23885
45031,23878
45032,23907
45033,23904
45034,23883
45035,23883
45036,23897
45037,23883
45038,23897
45039,23883
45040,23906
45041,23915
45042,23893
45043,23915
45044,23907
45045,23882
45046,23915
45047,23906
45048,23883
45049,23897
45050,23894
45051,23882
45052,23883
45053,23882
45054,23903
45055,23904
45056,23907
45057,23891
45058,23894
45059,23898
45060,23907
45061,23897
45062,23894
45063,23879
45064,23904
45065,23912
45066,23899
45067,23894
45068,23883
45069,23883
45070,23889
45071,23889
45072,23897
45073,23905
45074,23908
45075,23907
45076,23879
45077,23908
45078,23905
45079,23908
45080,23907
45081,23908
45082,23905
45083,23907
45084,23908
45085,23907
45086,23883
45087,23883
45088,23897
45089,23883
45090,23883
45091,23897
45092,23888
45093,23883
45094,23889
45095,23883
45096,23889
45097,23889
45098,23883
45099,23907
45100,23898
45101,23888
45102,23887
45103,23898
45104,23898
45105,23898
45106,23887
45107,23888
45108,23898
45109,23893
45110,23898
45111,23897
45112,23883
45113,23897
45114,23874
45115,23908
45116,23907
45117,23889
45118,23907
45119,23907
45120,23889
45121,23888
45122,23907
45123,23907
45124,23889
45125,23907
45126,23907
45127,23907
45128,23889
45129,23907
45130,23875
45131,23907
45132,23899
45133,23885
45134,23894
45135,23888
45136,23875
45137,23908
45138,23908
45139,23899
45140,23866
45141,23908
45142,23891
45143,23882
45144,23908
45145,23893
45146,23889
45147,23898
45148,23904
45149,23882
45150,23908
45151,23904
45152,23882
45153,23874
45154,23908
45155,23882
45156,23904
45157,23892
45158,23882
45159,23904
45160,23874
45161,23882
45162,23904
45163,23889
45164,23898
45165,23907
45166,23898
45167,23882
45168,23889
45169,23893
45170,23858
45171,23889
45172,23874
45173,23907
45174,23898
45175,23883
45176,23907
45177,23898
45178,23898
45179,23907
45180,23912
45181,23918
45182,23910
45183,23889
45184,23902
45185,23892
45186,23913
45187,23893
45188,23893
45189,23918
45190,23888
45191,23910
45192,23913
45193,23907
45194,23858
45195,23912
45196,23918
45197,23915
45198,23913
45199,23901
45200,23915
45201,23913
45202,23904
45203,23904
45204,23882
45205,23874
45206,23904
45207,23882
45208,23882
45209,23904
45210,23899
45211,23879
45212,23888
45213,23869
45214,23879
45215,23899
45216,23882
45217,23904
45218,23882
45219,23874
45220,23904
45221,23882
45222,23882
45223,23881
45224,23888
45225,23907
45226,23843
45227,23881
45228,23907
45229,23881
45230,23911
45231,23903
45232,23902
45233,23913
45234,23903
45235,23903
45236,23913
45237,23887
45238,23903
45239,23913
45240,23903
45241,23908
45242,23912
45243,23901
45244,23909
45245,23908
45246,23908
45247,23903
45248,23913
45249,23903
45250,23887
45251,23913
45252,23903
45253,23913
45254,23903
45255,23902
45256,23903
45257,23890
45258,23908
45259,23901
45260,23897
45261,23901
45262,23909
45263,23888
45264,23898
45265,23907
45266,23894
45267,23909
45268,23907
45269,23897
45270,23907
45271,23909
45272,23901
45273,23892
45274,23923
45275,23877
45276,23915
45277,23923
45278,23892
45279,23923
45280,23915
45281,23897
45282,23908
45283,23873
45284,23908
45285,23898
45286,23873
45287,23908
45288,23904
45289,23905
45290,23916
45291,23908
45292,23899
45293,23897
45294,23897
45295,23908
45296,23902
45297,23921
45298,23873
45299,23889
45300,23921
45301,23903
45302,23915
45303,23921
45304,23873
45305,23921
45306,23915
45307,23903
45308,23921
45309,23873
45310,23893
45311,23907
45312,23888
45313,23909
45314,23897
45315,23907
45316,23909
45317,23907
45318,23897
45319,23903
45320,23907
45321,23909
45322,23897
45323,23907
45324,23909
45325,23903
45326,23907
45327,23897
45328,23888
45329,23908
45330,23909
45331,23893
45332,23879
45333,23903
45334,23893
45335,23897
45336,23921
45337,23873
45338,23921
45339,23915
45340,23913
45341,23868
45342,23916
45343,23884
45344,23914
45345,23909
45346,23901
45347,23869
45348,23888
45349,23901
45350,23887
45351,23913
45352,23869
45353,23888
45354,23887
45355,23888
45356,23901
45357,23912
45358,23914
45359,23909
45360,23919
45361,23930
45362,23927
45363,23938
45364,23927
45365,23923
45366,23938
45367,23923
45368,23923
45369,23912
45370,23937
45371,23939
45372,23949
45373,23943
45374,23950
45375,23932
45376,23938
45377,23952
45378,23959
45379,23948
45380,23952
45381,23927
45382,23940
45383,23942
45384,23935
45385,23963
45386,23942
45387,23960
45388,23966
45389,23958
45390,23939
45391,23966
45392,23942
45393,23939
45394,23966
45395,23945
45396,23958
45397,23954
45398,23941
45399,23965
45400,23966
45401,23963
45402,23948
45403,23963
45404,23961
45405,23966
45406,23938
45407,23940
45408,23966
45409,23969
45410,23970
45411,23946
45412,23969
45413,23958
45414,23970
45415,23946
45416,23970
45417,23969
45418,23970
45419,23946
45420,23970
45421,23969
45422,23962
45423,23973
45424,23953
45425,23961
45426,23953
45427,23960
45428,23935
45429,23956
45430,23964
45431,23963
45432,23965
45433,23964
45434,23967
45435,23956
45436,23964
45437,23963
45438,23961
45439,23970
45440,23969
45441,23946
45442,23970
45443,23958
45444,23970
45445,23969
45446,23946
45447,23973
45448,23954
45449,23947
45450,23958
45451,23940
45452,23969
45453,23954
45454,23973
45455,23953
45456,23973
45457,23942
45458,23966
45459,23956
45460,23948
45461,23956
45462,23961
45463,23957
45464,23953
45465,23957
45466,23948
45467,23968
45468,23977
45469,23950
45470,23977
45471,23963
45472,23968
45473,23950
45474,23977
45475,23959
45476,23954
45477,23958
45478,23958
45479,23962
45480,23899
45481,23947
45482,23958
45483,23952
45484,23940
45485,23964
45486,23977
45487,23935
45488,23973
45489,23960
45490,23977
45491,23973
45492,23967
45493,23954
45494,23976
45495,23982
45496,23963
45497,23980
45498,23963
45499,23983
45500,23989
45501,23989
45502,23988
45503,24000
45504,23999
45505,24003
45506,23999
45507,24004
45508,23997
45509,24015
45510,23999
45511,23997
45512,24015
45513,23999
45514,23997
45515,24015
45516,24002
45517,24014
45518,24010
45519,24002
45520,24014
45521,24002
45522,24003
45523,24014
45524,24010
45525,24002
45526,24014
45527,23964
45528,24006
45529,23992
45530,23987
45531,24004
45532,24016
45533,24008
45534,23997
45535,23999
45536,24004
45537,23989
45538,24004
45539,24005
45540,24004
45541,23993
45542,24004
45543,24005
45544,23987
45545,24006
45546,23994
45547,23988
45548,23990
45549,23997
45550,23998
45551,23990
45552,23988
45553,23990
45554,24006
45555,23986
45556,24002
45557,24006
45558,23986
45559,24002
45560,23994
45561,23986
45562,24002
45563,24019
45564,24018
45565,23982
45566,24013
45567,24018
45568,24019
45569,24002
45570,24017
45571,23974
45572,24018
45573,23999
45574,24011
45575,24014
45576,24018
45577,24023
45578,24023
45579,24005
45580,24012
45581,24021
45582,24023
45583,24005
45584,24009
45585,24023
45586,24024
45587,24029
45588,24027
45589,24024
45590,24030
45591,24009
45592,24030
45593,24033
45594,23973
45595,24030
45596,24043
45597,24022
45598,24043
45599,24030
45600,24010
45601,24023
45602,24020
45603,24005
45604,24023
45605,24023
45606,24005
45607,24006
45608,24020
45609,24029
45610,24049
45611,24040
45612,24031
45613,24049
45614,24043
45615,24028
45616,24031
45617,24043
45618,24049
45619,24040
45620,24049
45621,24031
45622,24043
45623,24030
45624,24023
45625,24043
45626,24042
45627,24043
45628,24048
45629,24058
45630,24043
45631,24031
45632,24042
45633,24042
45634,24043
45635,24046
45636,24042
45637,24042
45638,24048
45639,24023
45640,24049
45641,24058
45642,24046
45643,24058
45644,24046
45645,24058
45646,24046
45647,24023
45648,24058
45649,24058
45650,24046
45651,24058
45652,24058
45653,24046
45654,24046
45655,24058
45656,24058
45657,24023
45658,24046
45659,24058
45660,24046
45661,24058
45662,24058
45663,24043
45664,24045
45665,24053
45666,24052
45667,24058
45668,24058
45669,24058
45670,24054
45671,24058
45672,24058
45673,24031
45674,24066
45675,24053
45676,24044
45677,24049
45678,24063
45679,24053
45680,24063
45681,24040
45682,24053
45683,24063
45684,24053
45685,24063
45686,24046
45687,24053
45688,24045
45689,24054
45690,24070
45691,24074
45692,24082
45693,24077
45694,24062
45695,24068
45696,24078
45697,24068
45698,24062
45699,24082
45700,24077
45701,24074
45702,24082
45703,24072
45704,24077
45705,24054
45706,24075
45707,24082
45708,24077
45709,24054
45710,24082
45711,24077
45712,24075
45713,24082
45714,24061
45715,24073
45716,24073
45717,24064
45718,24074
45719,24073
45720,24072
45721,24064
45722,24073
45723,24074
45724,24073
45725,24064
45726,24074
45727,24073
45728,24072
45729,24073
45730,24047
45731,24086
45732,24056
45733,24074
45734,24086
45735,24090
45736,24083
45737,24090
45738,24086
45739,24074
45740,24086
45741,24084
45742,24055
45743,24088
45744,24055
45745,24063
45746,24093
45747,24080
45748,24092
45749,24102
45750,24075
45751,24087
45752,24086
45753,24102
45754,24107
45755,24103
45756,24097
45757,24104
45758,24103
45759,24095
45760,24104
45761,24093
45762,24113
45763,24102
45764,24093
45765,24107
45766,24073
45767,24103
45768,24093
45769,24103
45770,24093
45771,24103
45772,24080
45773,24093
45774,24087
45775,24103
45776,24093
45777,24103
45778,24093
45779,24103
45780,24103
45781,24093
45782,24115
45783,24122
45784,24110
45785,24104
45786,24108
45787,24108
45788,24102
45789,24104
45790,24073
45791,24102
45792,24104
45793,24102
45794,24104
45795,24090
45796,24102
45797,24086
45798,24087
45799,24075
45800,24103
45801,24106
45802,24093
45803,24103
45804,24092
45805,24111
45806,24111
45807,24108
45808,24118
45809,24119
45810,24097
45811,24120
45812,24128
45813,24135
45814,24139
45815,24133
45816,24139
45817,24135
45818,24139
45819,24144
45820,24147
45821,24133
45822,24146
45823,24148
45824,24133
45825,24147
45826,24146
45827,24133
45828,24147
45829,24132
45830,24146
45831,24133
45832,24147
45833,24134
45834,24123
45835,24137
45836,24133
45837,24127
45838,24137
45839,24123
45840,24122
45841,24142
45842,24138
45843,24137
45844,24143
45845,24143
45846,24154
45847,24138
45848,24154
45849,24112
45850,24142
45851,24152
45852,24123
45853,24132
45854,24147
45855,24122
45856,24147
45857,24112
45858,24119
45859,24133
45860,24123
45861,24142
45862,24124
45863,24123
45864,24123
45865,24134
45866,24123
45867,24142
45868,24123
45869,24142
45870,24123
45871,24123
45872,24142
45873,24123
45874,24139
45875,24122
45876,24147
45877,24122
45878,24147
45879,24141
45880,24143
45881,24154
45882,24158
45883,24156
45884,24168
45885,24167
45886,24153
45887,24143
45888,24152
45889,24154
45890,24158
45891,24145
45892,24162
45893,24168
45894,24155
45895,24168
45896,24168
45897,24113
45898,24155
45899,24168
45900,24168
45901,24139
45902,24147
45903,24153
45904,24148
45905,24153
45906,24147
45907,24153
45908,24152
45909,24160
45910,24160
45911,24156
45912,24145
45913,24160
45914,24138
45915,24157
45916,24159
45917,24159
45918,24145
45919,24157
45920,24144
45921,24159
45922,24159
45923,24157
45924,24159
45925,24153
45926,24162
45927,24165
45928,24147
45929,24138
45930,24138
45931,24162
45932,24167
45933,24168
45934,24188
45935,24173
45936,24161
45937,24188
45938,24173
45939,24188
45940,24173
45941,24188
45942,24161
45943,24191
45944,24167
45945,24182
45946,24167
45947,24197
45948,24203
45949,24188
45950,24207
45951,24197
45952,24198
45953,24201
45954,24182
45955,24198
45956,24201
45957,24188
45958,24193
45959,24178
45960,24193
45961,24199
45962,24203
45963,24203
45964,24218
45965,24203
45966,24199
45967,24218
45968,24218
45969,24171
45970,24218
45971,24199
45972,24193
45973,24217
45974,24209
45975,24194
45976,24208
45977,24197
45978,24217
45979,24214
45980,24208
45981,24208
45982,24217
45983,24212
45984,24208
45985,24214
45986,24217
45987,24208
45988,24218
45989,24217
45990,24198
45991,24217
45992,24212
45993,24230
45994,24216
45995,24230
45996,24224
45997,24230
45998,24230
45999,24216
46000,24225
46001,24230
46002,24198
46003,24214
46004,24210
46005,24228
46006,24218
46007,24218
46008,24213
46009,24230
46010,24228
46011,24232
46012,24230
46013,24225
46014,24230
46015,24228
46016,24232
46017,24218
46018,24223
46019,24234
46020,24198
46021,24243
46022,24247
46023,24230
46024,24247
46025,24230
46026,24230
46027,24238
46028,24233
46029,24224
46030,24249
46031,24254
46032,24251
46033,24229
46034,24219
46035,24234
46036,24232
46037,24219
46038,24234
46039,24224
46040,24245
46041,24236
46042,24243
46043,24229
46044,24254
46045,24254
46046,24254
46047,24229
46048,24254
46049,24248
46050,24254
46051,24254
46052,24229
46053,24254
46054,24210
46055,24254
46056,24252
46057,24262
46058,24262
46059,24248
46060,24272
46061,24278
46062,24260
46063,24278
46064,24278
46065,24278
46066,24248
46067,24278
46068,24278
46069,24245
46070,24258
46071,24264
46072,24280
46073,24283
46074,24279
46075,24264
46076,24283
46077,24280
46078,24264
46079,24279
46080,24283
46081,24280
46082,24264
46083,24283
46084,24280
46085,24282
46086,24264
46087,24279
46088,24283
46089,24273
46090,24264
46091,24283
46092,24273
46093,24279
46094,24264
46095,24283
46096,24273
46097,24264
46098,24283
46099,24279
46100,24268
46101,24275
46102,24273
46103,24281
46104,24274
46105,24294
46106,24293
46107,24294
46108,24285
46109,24293
46110,24285
46111,24293
46112,24285
46113,24293
46114,24273
46115,24293
46116,24285
46117,24293
46118,24285
46119,24293
46120,24302
46121,24293
46122,24314
46123,24307
46124,24292
46125,24304
46126,24315
46127,24318
46128,24304
46129,24299
46130,24310
46131,24308
46132,24310
46133,24283
46134,24308
46135,24310
46136,24309
46137,24317
46138,24322
46139,24312
46140,24322
46141,24317
46142,24304
46143,24310
46144,24310
46145,24299
46146,24260
46147,24310
46148,24320
46149,24323
46150,24324
46151,24318
46152,24314
46153,24324
46154,24320
46155,24333
46156,24320
46157,24318
46158,24326
46159,24320
46160,24343
46161,24342
46162,24324
46163,24319
46164,24342
46165,24339
46166,24342
46167,24333
46168,24353
46169,24348
46170,24349
46171,24324
46172,24349
46173,24357
46174,24352
46175,24344
46176,24343
46177,24331
46178,24342
46179,24334
46180,24330
46181,24338
46182,24334
46183,24344
46184,24342
46185,24334
46186,24338
46187,24343
46188,24349
46189,24349
46190,24353
46191,24349
46192,24347
46193,24349
46194,24349
46195,24353
46196,24349
46197,24349
46198,24352
46199,24339
46200,24328
46201,24339
46202,24339
46203,24344
46204,24358
46205,24357
46206,24373
46207,24373
46208,24369
46209,24363
46210,24369
46211,24368
46212,24369
46213,24368
46214,24369
46215,24367
46216,24369
46217,24363
46218,24373
46219,24369
46220,24368
46221,24354
46222,24359
46223,24379
46224,24366
46225,24339
46226,24366
46227,24379
46228,24366
46229,24379
46230,24339
46231,24366
46232,24373
46233,24349
46234,24357
46235,24373
46236,24379
46237,24366
46238,24354
46239,24369
46240,24376
46241,24369
46242,24386
46243,24374
46244,24374
46245,24375
46246,24374
46247,24374
46248,24354
46249,24374
46250,24393
46251,24393
46252,24394
46253,24412
46254,24386
46255,24403
46256,24379
46257,24388
46258,24392
46259,24379
46260,24375
46261,24412
46262,24386
46263,24385
46264,24412
46265,24386
46266,24392
46267,24395
46268,24409
46269,24399
46270,24395
46271,24405
46272,24391
46273,24394
46274,24405
46275,24391
46276,24396
46277,24398
46278,24416
46279,24413
46280,24398
46281,24408
46282,24405
46283,24391
46284,24392
46285,24417
46286,24407
46287,24385
46288,24398
46289,24420
46290,24398
46291,24407
46292,24420
46293,24413
46294,24407
46295,24407
46296,24412
46297,24385
46298,24410
46299,24412
46300,24387
46301,24412
46302,24387
46303,24398
46304,24427
46305,24407
46306,24419
46307,24427
46308,24413
46309,24313
46310,24429
46311,24419
46312,24425
46313,24429
46314,24413
46315,24398
46316,24416
46317,24398
46318,24408
46319,24412
46320,24427
46321,24419
46322,24429
46323,24425
46324,24418
46325,24400
46326,24376
46327,24399
46328,24400
46329,24376
46330,24417
46331,24398
46332,24408
46333,24394
46334,24408
46335,24408
46336,24407
46337,24414
46338,24413
46339,24400
46340,24394
46341,24413
46342,24410
46343,24418
46344,24413
46345,24394
46346,24410
46347,24413
46348,24418
46349,24410
46350,24394
46351,24413
46352,24374
46353,24403
46354,24373
46355,24407
46356,24415
46357,24406
46358,24413
46359,24406
46360,24415
46361,24382
46362,24404
46363,24398
46364,24413
46365,24398
46366,24404
46367,24407
46368,24408
46369,24385
46370,24417
46371,24409
46372,24409
46373,24414
46374,24400
46375,24414
46376,24403
46377,24393
46378,24400
46379,24396
46380,24399
46381,24390
46382,24400
46383,24396
46384,24374
46385,24413
46386,24412
46387,24399
46388,24413
46389,24413
46390,24412
46391,24401
46392,24373
46393,24403
46394,24407
46395,24413
46396,24423
46397,24411
46398,24417
46399,24423
46400,24388
46401,24412
46402,24403
46403,24417
46404,24419
46405,24393
46406,24417
46407,24412
46408,24397
46409,24417
46410,24396
46411,24417
46412,24403
46413,24417
46414,24412
46415,24417
46416,24423
46417,24416
46418,24422
46419,24423
46420,24428
46421,24436
46422,24433
46423,24437
46424,24412
46425,24445
46426,24449
46427,24437
46428,24447
46429,24432
46430,24430
46431,24422
46432,24428
46433,24410
46434,24430
46435,24428
46436,24422
46437,24430
46438,24428
46439,24414
46440,24424
46441,24443
46442,24414
46443,24422
46444,24428
46445,24430
46446,24428
46447,24428
46448,24430
46449,24422
46450,24428
46451,24430
46452,24432
46453,24447
46454,24449
46455,24442
46456,24431
46457,24446
46458,24437
46459,24438
46460,24423
46461,24446
46462,24431
46463,24433
46464,24418
46465,24426
46466,24414
46467,24450
46468,24416
46469,24438
46470,24450
46471,24440
46472,24422
46473,24428
46474,24430
46475,24430
46476,24437
46477,24447
46478,24446
46479,24437
46480,24444
46481,24408
46482,24423
46483,24432
46484,24427
46485,24447
46486,24435
46487,24448
46488,24418
46489,24428
46490,24430
46491,24428
46492,24422
46493,24430
46494,24428
46495,24445
46496,24444
46497,24447
46498,24462
46499,24444
46500,24440
46501,24462
46502,24444
46503,24462
46504,24447
46505,24444
46506,24437
46507,24425
46508,24448
46509,24442
46510,24443
46511,24434
46512,24448
46513,24442
46514,24443
46515,24442
46516,24427
46517,24433
46518,24427
46519,24443
46520,24447
46521,24443
46522,24447
46523,24442
46524,24438
46525,24440
46526,24448
46527,24449
46528,24458
46529,24449
46530,24458
46531,24458
46532,24458
46533,24426
46534,24464
46535,24472
46536,24467
46537,24470
46538,24462
46539,24467
46540,24472
46541,24458
46542,24480
46543,24480
46544,24443
46545,24480
46546,24457
46547,24480
46548,24480
46549,24424
46550,24480
46551,24460
46552,24475
46553,24475
46554,24454
46555,24461
46556,24474
46557,24478
46558,24461
46559,24467
46560,24471
46561,24474
46562,24461
46563,24484
46564,24478
46565,24492
46566,24448
46567,24469
46568,24492
46569,24469
46570,24474
46571,24478
46572,24489
46573,24494
46574,24463
46575,24497
46576,24468
46577,24468
46578,24480
46579,24493
46580,24447
46581,24470
46582,24480
46583,24493
46584,24468
46585,24480
46586,24468
46587,24463
46588,24497
46589,24472
46590,24505
46591,24498
46592,24507
46593,24498
46594,24473
46595,24473
46596,24507
46597,24473
46598,24473
46599,24498
46600,24507
46601,24473
46602,24473
46603,24498
46604,24507
46605,24498
46606,24505
46607,24472
46608,24497
46609,24463
46610,24485
46611,24468
46612,24462
46613,24468
46614,24479
46615,24468
46616,24468
46617,24462
46618,24494
46619,24500
46620,24492
46621,24493
46622,24500
46623,24494
46624,24479
46625,24468
46626,24462
46627,24472
46628,24463
46629,24486
46630,24479
46631,24463
46632,24472
46633,24462
46634,24468
46635,24479
46636,24468
46637,24475
46638,24483
46639,24487
46640,24489
46641,24483
46642,24484
46643,24483
46644,24487
46645,24503
46646,24504
46647,24467
46648,24462
46649,24484
46650,24449
46651,24503
46652,24498
46653,24488
46654,24502
46655,24498
46656,24512
46657,24503
46658,24513
46659,24512
46660,24493
46661,24513
46662,24512
46663,24498
46664,24488
46665,24502
46666,24490
46667,24514
46668,24494
46669,24504
46670,24522
46671,24523
46672,24509
46673,24504
46674,24507
46675,24490
46676,24499
46677,24473
46678,24517
46679,24507
46680,24523
46681,24529
46682,24518
46683,24523
46684,24529
46685,24518
46686,24518
46687,24529
46688,24523
46689,24510
46690,24518
46691,24529
46692,24523
46693,24518
46694,24518
46695,24494
46696,24519
46697,24518
46698,24514
46699,24512
46700,24522
46701,24498
46702,24497
46703,24515
46704,24504
46705,24513
46706,24508
46707,24519
46708,24498
46709,24517
46710,24517
46711,24502
46712,24517
46713,24517
46714,24463
46715,24500
46716,24517
46717,24488
46718,24515
46719,24514
46720,24514
46721,24523
46722,24518
46723,24508
46724,24519
46725,24517
46726,24508
46727,24480
46728,24513
46729,24491
46730,24513
46731,24504
46732,24473
46733,24524
46734,24523
46735,24484
46736,24515
46737,24522
46738,24513
46739,24504
46740,24514
46741,24522
46742,24518
46743,24512
46744,24522
46745,24514
46746,24494
46747,24512
46748,24522
46749,24518
46750,24514
46751,24512
46752,24522
46753,24518
46754,24504
46755,24522
46756,24514
46757,24518
46758,24519
46759,24503
46760,24518
46761,24510
46762,24529
46763,24523
46764,24518
46765,24510
46766,24529
46767,24523
46768,24508
46769,24512
46770,24526
46771,24502
46772,24526
46773,24526
46774,24512
46775,24500
46776,24526
46777,24527
46778,24540
46779,24533
46780,24519
46781,24535
46782,24520
46783,24533
46784,24528
46785,24527
46786,24518
46787,24523
46788,24534
46789,24523
46790,24527
46791,24523
46792,24527
46793,24523
46794,24502
46795,24527
46796,24523
46797,24543
46798,24519
46799,24508
46800,24524
46801,24508
46802,24519
46803,24539
46804,24527
46805,24548
46806,24527
46807,24544
46808,24539
46809,24533
46810,24544
46811,24539
46812,24520
46813,24544
46814,24555
46815,24561
46816,24558
46817,24559
46818,24532
46819,24530
46820,24568
46821,24557
46822,24558
46823,24568
46824,24527
46825,24557
46826,24568
46827,24558
46828,24557
46829,24568
46830,24567
46831,24538
46832,24540
46833,24542
46834,24538
46835,24538
46836,24559
46837,24560
46838,24563
46839,24547
46840,24560
46841,24563
46842,24564
46843,24557
46844,24565
46845,24557
46846,24549
46847,24557
46848,24557
46849,24565
46850,24557
46851,24560
46852,24558
46853,24557
46854,24549
46855,24560
46856,24578
46857,24565
46858,24577
46859,24568
46860,24568
46861,24580
46862,24589
46863,24578
46864,24565
46865,24577
46866,24578
46867,24548
46868,24585
46869,24584
46870,24587
46871,24585
46872,24577
46873,24569
46874,24552
46875,24575
46876,24573
46877,24582
46878,24580
46879,24584
46880,24569
46881,24580
46882,24587
46883,24564
46884,24584
46885,24580
46886,24583
46887,24596
46888,24575
46889,24583
46890,24577
46891,24596
46892,24583
46893,24575
46894,24596
46895,24583
46896,24577
46897,24587
46898,24596
46899,24565
46900,24583
46901,24575
46902,24596
46903,24583
46904,24596
46905,24583
46906,24575
46907,24577
46908,24603
46909,24605
46910,24583
46911,24563
46912,24605
46913,24603
46914,24592
46915,24588
46916,24605
46917,24592
46918,24605
46919,24605
46920,24583
46921,24592
46922,24605
46923,24584
46924,24580
46925,24594
46926,24589
46927,24580
46928,24594
46929,24564
46930,24569
46931,24600
46932,24578
46933,24608
46934,24572
46935,24576
46936,24588
46937,24585
46938,24603
46939,24617
46940,24582
46941,24585
46942,24617
46943,24582
46944,24603
46945,24585
46946,24617
46947,24582
46948,24619
46949,24622
46950,24627
46951,24615
46952,24622
46953,24628
46954,24614
46955,24625
46956,24633
46957,24628
46958,24614
46959,24633
46960,24638
46961,24643
46962,24642
46963,24633
46964,24617
46965,24644
46966,24628
46967,24644
46968,24637
46969,24624
46970,24575
46971,24630
46972,24628
46973,24630
46974,24632
46975,24630
46976,24629
46977,24630
46978,24628
46979,24632
46980,24650
46981,24639
46982,24638
46983,24661
46984,24658
46985,24650
46986,24643
46987,24661
46988,24669
46989,24642
46990,24659
46991,24663
46992,24655
46993,24633
46994,24669
46995,24644
46996,24650
46997,24677
46998,24669
46999,24650
47000,24665
47001,24653
47002,24638
47003,24653
47004,24653
47005,24653
47006,24650
47007,24638
47008,24653
47009,24653
47010,24653
47011,24665
47012,24669
47013,24650
47014,24677
47015,24669
47016,24650
47017,24675
47018,24629
47019,24673
47020,24672
47021,24670
47022,24675
47023,24685
47024,24669
47025,24675
47026,24669
47027,24669
47028,24659
47029,24653
47030,24653
47031,24669
47032,24679
47033,24673
47034,24670
47035,24672
47036,24629
47037,24673
47038,24673
47039,24670
47040,24678
47041,24683
47042,24672
47043,24662
47044,24680
47045,24687
47046,24674
47047,24687
47048,24692
47049,24674
47050,24687
47051,24687
47052,24688
47053,24675
47054,24648
47055,24675
47056,24668
47057,24675
47058,24638
47059,24679
47060,24685
47061,24688
47062,24695
47063,24689
47064,24687
47065,24690
47066,24675
47067,24675
47068,24675
47069,24675
47070,24690
47071,24675
47072,24670
47073,24675
47074,24675
47075,24675
47076,24690
47077,24675
47078,24675
47079,24675
47080,24675
47081,24690
47082,24675
47083,24675
47084,24697
47085,24703
47086,24700
47087,24689
47088,24704
47089,24709
47090,24705
47091,24687
47092,24705
47093,24708
47094,24709
47095,24709
47096,24705
47097,24705
47098,24687
47099,24708
47100,24713
47101,24683
47102,24714
47103,24679
47104,24641
47105,24699
47106,24689
47107,24632
47108,24677
47109,24708
47110,24713
47111,24727
47112,24720
47113,24704
47114,24713
47115,24698
47116,24700
47117,24713
47118,24685
47119,24700
47120,24713
47121,24695
47122,24708
47123,24709
47124,24720
47125,24727
47126,24704
47127,24728
47128,24709
47129,24723
47130,24700
47131,24709
47132,24728
47133,24713
47134,24717
47135,24713
47136,24708
47137,24702
47138,24709
47139,24708
47140,24713
47141,24708
47142,24709
47143,24713
47144,24708
47145,24719
47146,24708
47147,24728
47148,24719
47149,24713
47150,24732
47151,24741
47152,24735
47153,24738
47154,24723
47155,24749
47156,24758
47157,24737
47158,24758
47159,24749
47160,24758
47161,24709
47162,24765
47163,24749
47164,24771
47165,24749
47166,24765
47167,24771
47168,24773
47169,24781
47170,24773
47171,24768
47172,24781
47173,24749
47174,24758
47175,24749
47176,24779
47177,24772
47178,24763
47179,24781
47180,24781
47181,24781
47182,24763
47183,24793
47184,24751
47185,24800
47186,24784
47187,24807
47188,24812
47189,24783
47190,24792
47191,24812
47192,24794
47193,24792
47194,24799
47195,24812
47196,24812
47197,24792
47198,24807
47199,24751
47200,24800
47201,24784
47202,24785
47203,24773
47204,24801
47205,24799
47206,24804
47207,24797
47208,24792
47209,24797
47210,24802
47211,24805
47212,24794
47213,24777
47214,24803
47215,24790
47216,24795
47217,24790
47218,24783
47219,24808
47220,24804
47221,24808
47222,24810
47223,24820
47224,24813
47225,24798
47226,24823
47227,24828
47228,24823
47229,24824
47230,24796
47231,24809
47232,24824
47233,24828
47234,24815
47235,24824
47236,24797
47237,24824
47238,24824
47239,24824
47240,24824
47241,24818
47242,24824
47243,24835
47244,24835
47245,24835
47246,24813
47247,24824
47248,24832
47249,24835
47250,24828
47251,24818
47252,24817
47253,24824
47254,24817
47255,24797
47256,24824
47257,24828
47258,24809
47259,24823
47260,24796
47261,24809
47262,24796
47263,24796
47264,24815
47265,24809
47266,24832
47267,24822
47268,24838
47269,24812
47270,24829
47271,24828
47272,24832
47273,24797
47274,24825
47275,24824
47276,24796
47277,24823
47278,24828
47279,24828
47280,24823
47281,24813
47282,24828
47283,24828
47284,24823
47285,24828
47286,24815
47287,24828
47288,24823
47289,24828
47290,24823
47291,24828
47292,24804
47293,24819
47294,24818
47295,24815
47296,24819
47297,24813
47298,24818
47299,24819
47300,24810
47301,24819
47302,24818
47303,24808
47304,24819
47305,24813
47306,24818
47307,24819
47308,24797
47309,24808
47310,24807
47311,24808
47312,24807
47313,24798
47314,24809
47315,24807
47316,24808
47317,24797
47318,24819
47319,24818
47320,24813
47321,24819
47322,24815
47323,24818
47324,24819
47325,24819
47326,24818
47327,24808
47328,24819
47329,24818
47330,24819
47331,24813
47332,24818
47333,24819
47334,24815
47335,24819
47336,24818
47337,24819
47338,24808
47339,24824
47340,24825
47341,24824
47342,24805
47343,24825
47344,24824
47345,24825
47346,24803
47347,24824
47348,24825
47349,24808
47350,24824
47351,24805
47352,24825
47353,24805
47354,24822
47355,24803
47356,24824
47357,24822
47358,24822
47359,24824
47360,24822
47361,24803
47362,24822
47363,24822
47364,24824
47365,24825
47366,24825
47367,24833
47368,24832
47369,24830
47370,24818
47371,24802
47372,24813
47373,24814
47374,24820
47375,24802
47376,24813
47377,24818
47378,24814
47379,24830
47380,24833
47381,24832
47382,24833
47383,24810
47384,24820
47385,24832
47386,24833
47387,24833
47388,24790
47389,24833
47390,24832
47391,24810
47392,24833
47393,24833
47394,24832
47395,24828
47396,24826
47397,24823
47398,24809
47399,24828
47400,24827
47401,24843
47402,24833
47403,24823
47404,24832
47405,24833
47406,24830
47407,24843
47408,24809
47409,24827
47410,24819
47411,24809
47412,24828
47413,24824
47414,24823
47415,24813
47416,24823
47417,24823
47418,24823
47419,24817
47420,24820
47421,24817
47422,24828
47423,24838
47424,24833
47425,24838
47426,24842
47427,24833
47428,24852
47429,24823
47430,24858
47431,24834
47432,24843
47433,24855
47434,24826
47435,24860
47436,24839
47437,24822
47438,24839
47439,24859
47440,24860
47441,24826
47442,24843
47443,24829
47444,24855
47445,24826
47446,24843
47447,24853
47448,24868
47449,24854
47450,24832
47451,24868
47452,24853
47453,24847
47454,24858
47455,24848
47456,24863
47457,24847
47458,24858
47459,24847
47460,24848
47461,24863
47462,24865
47463,24870
47464,24873
47465,24862
47466,24858
47467,24836
47468,24863
47469,24858
47470,24839
47471,24836
47472,24863
47473,24858
47474,24858
47475,24836
47476,24877
47477,24880
47478,24864
47479,24860
47480,24880
47481,24872
47482,24863
47483,24853
47484,24883
47485,24852
47486,24863
47487,24873
47488,24846
47489,24873
47490,24863
47491,24880
47492,24882
47493,24888
47494,24860
47495,24842
47496,24888
47497,24882
47498,24892
47499,24879
47500,24864
47501,24880
47502,24852
47503,24880
47504,24852
47505,24862
47506,24855
47507,24852
47508,24880
47509,24869
47510,24852
47511,24882
47512,24860
47513,24882
47514,24888
47515,24879
47516,24893
47517,24885
47518,24900
47519,24893
47520,24892
47521,24874
47522,24900
47523,24900
47524,24893
47525,24900
47526,24858
47527,24893
47528,24900
47529,24900
47530,24892
47531,24893
47532,24900
47533,24889
47534,24903
47535,24890
47536,24922
47537,24905
47538,24922
47539,24903
47540,24932
47541,24912
47542,24926
47543,24932
47544,24911
47545,24933
47546,24925
47547,24935
47548,24925
47549,24938
47550,24949
47551,24948
47552,24953
47553,24941
47554,24953
47555,24950
47556,24941
47557,24948
47558,24957
47559,24968
47560,24971
47561,24973
47562,24978
47563,24970
47564,24948
47565,24970
47566,24978
47567,24965
47568,24955
47569,24958
47570,24977
47571,24958
47572,24914
47573,24958
47574,24972
47575,24958
47576,24977
47577,24967
47578,24942
47579,24964
47580,24960
47581,24968
47582,24964
47583,24965
47584,24960
47585,24973
47586,24974
47587,24963
47588,24973
47589,24974
47590,24960
47591,24963
47592,24973
47593,24968
47594,24965
47595,24965
47596,24963
47597,24965
47598,24957
47599,24978
47600,24979
47601,24983
47602,24973
47603,24983
47604,24982
47605,24985
47606,24982
47607,24983
47608,24985
47609,24982
47610,24983
47611,24985
47612,24982
47613,24982
47614,24995
47615,25008
47616,24964
47617,24990
47618,25008
47619,25000
47620,25004
47621,25013
47622,24994
47623,24988
47624,24993
47625,24988
47626,25003
47627,24988
47628,25003
47629,24992
47630,25003
47631,24986
47632,24988
47633,25003
47634,24985
47635,25003
47636,25000
47637,25008
47638,25029
47639,25031
47640,24964
47641,25031
47642,25008
47643,25029
47644,25013
47645,25028
47646,25029
47647,25039
47648,25047
47649,25053
47650,25040
47651,25052
47652,25058
47653,25063
47654,25049
47655,25058
47656,25033
47657,25058
47658,25054
47659,25058
47660,25063
47661,25049
47662,25058
47663,25042
47664,25049
47665,25048
47666,25055
47667,25049
47668,25058
47669,24964
47670,25054
47671,25054
47672,25045
47673,25050
47674,25052
47675,25054
47676,25050
47677,25054
47678,25052
47679,25054
47680,25054
47681,25042
47682,25050
47683,25054
47684,25024
47685,25047
47686,25059
47687,25047
47688,25047
47689,25047
47690,25033
47691,25058
47692,25054
47693,25043
47694,25019
47695,25017
47696,25040
47697,25039
47698,25054
47699,25017
47700,25040
47701,25019
47702,25047
47703,25054
47704,25047
47705,25040
47706,25017
47707,25019
47708,25054
47709,25039
47710,25040
47711,25017
47712,25042
47713,25038
47714,25063
47715,25062
47716,25048
47717,25062
47718,25062
47719,25048
47720,25052
47721,25062
47722,25062
47723,25063
47724,25063
47725,25071
47726,25060
47727,25064
47728,25071
47729,25063
47730,25063
47731,25065
47732,25067
47733,25042
47734,25067
47735,25077
47736,25082
47737,25080
47738,25085
47739,25068
47740,25074
47741,25085
47742,25085
47743,25085
47744,25053
47745,25074
47746,25085
47747,25093
47748,25094
47749,25096
47750,25090
47751,25094
47752,25092
47753,25088
47754,25067
47755,25078
47756,25074
47757,25088
47758,25067
47759,25088
47760,25074
47761,25082
47762,25068
47763,25077
47764,25082
47765,25068
47766,25077
47767,25082
47768,25068
47769,25077
47770,25067
47771,25077
47772,25073
47773,25084
47774,25090
47775,25073
47776,25084
47777,25090
47778,25073
47779,25077
47780,25084
47781,25090
47782,25093
47783,25042
47784,25053
47785,25087
47786,25073
47787,25079
47788,25073
47789,25093
47790,25070
47791,25082
47792,25093
47793,25088
47794,25098
47795,25102
47796,25105
47797,25107
47798,25103
47799,25088
47800,25100
47801,25090
47802,25105
47803,25107
47804,25105
47805,25089
47806,25109
47807,25082
47808,25088
47809,25082
47810,25097
47811,25082
47812,25109
47813,25084
47814,25082
47815,25100
47816,25089
47817,25097
47818,25107
47819,25087
47820,25085
47821,25113
47822,25129
47823,25112
47824,25107
47825,25120
47826,25129
47827,25133
47828,25130
47829,25129
47830,25105
47831,25129
47832,25130
47833,25133
47834,25137
47835,25100
47836,25109
47837,25129
47838,25129
47839,25147
47840,25129
47841,25128
47842,25134
47843,25137
47844,25137
47845,25114
47846,25108
47847,25112
47848,25107
47849,25105
47850,25107
47851,25102
47852,25119
47853,25135
47854,25134
47855,25135
47856,25135
47857,25134
47858,25107
47859,25118
47860,25135
47861,25134
47862,25135
47863,25128
47864,25129
47865,25100
47866,25120
47867,25100
47868,25107
47869,25128
47870,25139
47871,25117
47872,25122
47873,25127
47874,25129
47875,25124
47876,25126
47877,25134
47878,25115
47879,25124
47880,25134
47881,25137
47882,25133
47883,25073
47884,25133
47885,25109
47886,25123
47887,25073
47888,25119
47889,25154
47890,25153
47891,25143
47892,25162
47893,25155
47894,25162
47895,25149
47896,25139
47897,25094
47898,25139
47899,25149
47900,25154
47901,25139
47902,25112
47903,25143
47904,25154
47905,25148
47906,25149
47907,25154
47908,25143
47909,25154
47910,25149
47911,25112
47912,25158
47913,25147
47914,25139
47915,25157
47916,25149
47917,25148
47918,25094
47919,25148
47920,25132
47921,25148
47922,25154
47923,25154
47924,25128
47925,25150
47926,25128
47927,25154
47928,25143
47929,25154
47930,25167
47931,25162
47932,25144
47933,25118
47934,25149
47935,25160
47936,25149
47937,25144
47938,25158
47939,25153
47940,25139
47941,25150
47942,25167
47943,25168
47944,25178
47945,25158
47946,25178
47947,25168
47948,25178
47949,25162
47950,25158
47951,25178
47952,25168
47953,25178
47954,25177
47955,25177
47956,25170
47957,25175
47958,25183
47959,25155
47960,25183
47961,25173
47962,25165
47963,25183
47964,25157
47965,25178
47966,25162
47967,25168
47968,25158
47969,25178
47970,25168
47971,25152
47972,25153
47973,25140
47974,25152
47975,25143
47976,25153
47977,25164
47978,25150
47979,25173
47980,25138
47981,25168
47982,25178
47983,25158
47984,25178
47985,25168
47986,25162
47987,25178
47988,25175
47989,25179
47990,25189
47991,25177
47992,25200
47993,25200
47994,25183
47995,25200
47996,25182
47997,25189
47998,25170
47999,25209
48000,25197
48001,25198
48002,25187
48003,25188
48004,25209
48005,25203
48006,25205
48007,25174
48008,25182
48009,25203
48010,25205
48011,25205
48012,25203
48013,25209
48014,25174
48015,25205
48016,25203
48017,25205
48018,25203
48019,25198
48020,25205
48021,25222
48022,25210
48023,25210
48024,25189
48025,25203
48026,25210
48027,25222
48028,25210
48029,25222
48030,25205
48031,25198
48032,25203
48033,25220
48034,25193
48035,25220
48036,25217
48037,25220
48038,25220
48039,25203
48040,25220
48041,25217
48042,25220
48043,25220
48044,25215
48045,25205
48046,25219
48047,25232
48048,25224
48049,25209
48050,25232
48051,25207
48052,25213
48053,25223
48054,25220
48055,25204
48056,25223
48057,25220
48058,25204
48059,25223
48060,25222
48061,25223
48062,25204
48063,25204
48064,25213
48065,25202
48066,25223
48067,25204
48068,25229
48069,25179
48070,25233
48071,25233
48072,25233
48073,25202
48074,25219
48075,25244
48076,25188
48077,25223
48078,25218
48079,25218
48080,25231
48081,25218
48082,25223
48083,25218
48084,25205
48085,25218
48086,25218
48087,25223
48088,25223
48089,25217
48090,25220
48091,25228
48092,25238
48093,25220
48094,25231
48095,25217
48096,25220
48097,25212
48098,25220
48099,25217
48100,25220
48101,25238
48102,25228
48103,25220
48104,25217
48105,25212
48106,25220
48107,25227
48108,25227
48109,25243
48110,25237
48111,25204
48112,25232
48113,25202
48114,25204
48115,25215
48116,25238
48117,25204
48118,25238
48119,25232
48120,25204
48121,25222
48122,25229
48123,25212
48124,25233
48125,25218
48126,25233
48127,25223
48128,25233
48129,25218
48130,25242
48131,25243
48132,25235
48133,25237
48134,25255
48135,25254
48136,25253
48137,25245
48138,25254
48139,25253
48140,25245
48141,25253
48142,25254
48143,25237
48144,25253
48145,25254
48146,25245
48147,25248
48148,25260
48149,25262
48150,25257
48151,25235
48152,25273
48153,25253
48154,25273
48155,25258
48156,25272
48157,25250
48158,25253
48159,25260
48160,25273
48161,25272
48162,25290
48163,25267
48164,25268
48165,25285
48166,25269
48167,25267
48168,25285
48169,25272
48170,25277
48171,25283
48172,25288
48173,25285
48174,25283
48175,25283
48176,25290
48177,25294
48178,25287
48179,25284
48180,25283
48181,25289
48182,25284
48183,25283
48184,25284
48185,25304
48186,25298
48187,25313
48188,25310
48189,25313
48190,25305
48191,25304
48192,25284
48193,25283
48194,25243
48195,25290
48196,25290
48197,25294
48198,25290
48199,25290
48200,25280
48201,25294
48202,25290
48203,25290
48204,25283
48205,25290
48206,25294
48207,25290
48208,25257
48209,25288
48210,25282
48211,25285
48212,25283
48213,25288
48214,25252
48215,25290
48216,25257
48217,25279
48218,25279
48219,25243
48220,25287
48221,25279
48222,25272
48223,25283
48224,25290
48225,25282
48226,25283
48227,25278
48228,25288
48229,25283
48230,25278
48231,25283
48232,25273
48233,25272
48234,25278
48235,25260
48236,25273
48237,25270
48238,25272
48239,25278
48240,25273
48241,25260
48242,25262
48243,25255
48244,25255
48245,25255
48246,25264
48247,25255
48248,25255
48249,25240
48250,25264
48251,25249
48252,25262
48253,25263
48254,25272
48255,25283
48256,25273
48257,25288
48258,25283
48259,25288
48260,25285
48261,25278
48262,25292
48263,25295
48264,25308
48265,25298
48266,25308
48267,25275
48268,25308
48269,25298
48270,25295
48271,25257
48272,25294
48273,25303
48274,25303
48275,25308
48276,25318
48277,25302
48278,25315
48279,25296
48280,25315
48281,25319
48282,25308
48283,25317
48284,25314
48285,25287
48286,25319
48287,25307
48288,25315
48289,25307
48290,25307
48291,25322
48292,25305
48293,25320
48294,25318
48295,25325
48296,25315
48297,25304
48298,25318
48299,25323
48300,25307
48301,25304
48302,25327
48303,25310
48304,25313
48305,25307
48306,25323
48307,25312
48308,25307
48309,25318
48310,25307
48311,25323
48312,25307
48313,25312
48314,25318
48315,25318
48316,25318
48317,25329
48318,25325
48319,25303
48320,25312
48321,25312
48322,25303
48323,25314
48324,25305
48325,25323
48326,25298
48327,25332
48328,25325
48329,25323
48330,25332
48331,25314
48332,25332
48333,25333
48334,25323
48335,25318
48336,25348
48337,25321
48338,25337
48339,25348
48340,25306
48341,25319
48342,25321
48343,25330
48344,25342
48345,25349
48346,25337
48347,25349
48348,25332
48349,25349
48350,25337
48351,25325
48352,25349
48353,25343
48354,25337
48355,25332
48356,25349
48357,25349
48358,25337
48359,25349
48360,25365
48361,25358
48362,25321
48363,25353
48364,25375
48365,25358
48366,25350
48367,25365
48368,25375
48369,25358
48370,25335
48371,25349
48372,25373
48373,25360
48374,25373
48375,25335
48376,25375
48377,25350
48378,25358
48379,25384
48380,25384
48381,25365
48382,25372
48383,25384
48384,25365
48385,25373
48386,25384
48387,25384
48388,25374
48389,25365
48390,25373
48391,25384
48392,25365
48393,25384
48394,25365
48395,25384
48396,25372
48397,25384
48398,25358
48399,25375
48400,25350
48401,25363
48402,25375
48403,25358
48404,25365
48405,25350
48406,25363
48407,25373
48408,25329
48409,25347
48410,25360
48411,25352
48412,25353
48413,25369
48414,25355
48415,25360
48416,25355
48417,25369
48418,25329
48419,25352
48420,25353
48421,25359
48422,25352
48423,25363
48424,25323
48425,25353
48426,25352
48427,25358
48428,25373
48429,25368
48430,25373
48431,25364
48432,25373
48433,25363
48434,25368
48435,25373
48436,25373
48437,25368
48438,25373
48439,25335
48440,25367
48441,25359
48442,25367
48443,25362
48444,25367
48445,25359
48446,25348
48447,25367
48448,25367
48449,25359
48450,25364
48451,25367
48452,25362
48453,25359
48454,25350
48455,25372
48456,25365
48457,25374
48458,25372
48459,25372
48460,25372
48461,25374
48462,25365
48463,25372
48464,25372
48465,25374
48466,25387
48467,25364
48468,25375
48469,25380
48470,25385
48471,25385
48472,25392
48473,25402
48474,25402
48475,25392
48476,25385
48477,25402
48478,25392
48479,25385
48480,25375
48481,25364
48482,25353
48483,25367
48484,25392
48485,25391
48486,25370
48487,25388
48488,25370
48489,25372
48490,25388
48491,25381
48492,25370
48493,25388
48494,25372
48495,25388
48496,25363
48497,25370
48498,25388
48499,25370
48500,25392
48501,25388
48502,25372
48503,25383
48504,25395
48505,25390
48506,25397
48507,25400
48508,25388
48509,25357
48510,25388
48511,25400
48512,25385
48513,25404
48514,25403
48515,25395
48516,25402
48517,25417
48518,25407
48519,25384
48520,25417
48521,25417
48522,25407
48523,25407
48524,25417
48525,25417
48526,25417
48527,25407
48528,25393
48529,25410
48530,25419
48531,25432
48532,25433
48533,25419
48534,25412
48535,25427
48536,25393
48537,25417
48538,25393
48539,25422
48540,25427
48541,25423
48542,25382
48543,25425
48544,25397
48545,25417
48546,25433
48547,25418
48548,25419
48549,25390
48550,25423
48551,25422
48552,25419
48553,25417
48554,25419
48555,25423
48556,25428
48557,25408
48558,25427
48559,25428
48560,25428
48561,25423
48562,25438
48563,25429
48564,25448
48565,25448
48566,25420
48567,25438
48568,25423
48569,25443
48570,25440
48571,25443
48572,25420
48573,25440
48574,25443
48575,25440
48576,25443
48577,25420
48578,25440
48579,25444
48580,25422
48581,25428
48582,25424
48583,25423
48584,25422
48585,25417
48586,25424
48587,25430
48588,25420
48589,25443
48590,25440
48591,25443
48592,25440
48593,25420
48594,25422
48595,25443
48596,25433
48597,25452
48598,25438
48599,25453
48600,25438
48601,25447
48602,25459
48603,25438
48604,25433
48605,25434
48606,25448
48607,25422
48608,25447
48609,25433
48610,25434
48611,25453
48612,25458
48613,25439
48614,25450
48615,25458
48616,25458
48617,25452
48618,25443
48619,25452
48620,25444
48621,25453
48622,25443
48623,25460
48624,25470
48625,25464
48626,25472
48627,25468
48628,25466
48629,25470
48630,25464
48631,25471
48632,25464
48633,25468
48634,25474
48635,25435
48636,25453
48637,25452
48638,25435
48639,25444
48640,25435
48641,25453
48642,25452
48643,25435
48644,25468
48645,25458
48646,25450
48647,25439
48648,25458
48649,25458
48650,25438
48651,25465
48652,25453
48653,25447
48654,25472
48655,25469
48656,25458
48657,25469
48658,25470
48659,25443
48660,25469
48661,25453
48662,25459
48663,25473
48664,25473
48665,25453
48666,25465
48667,25447
48668,25465
48669,25453
48670,25447
48671,25465
48672,25453
48673,25465
48674,25447
48675,25447
48676,25465
48677,25453
48678,25447
48679,25465
48680,25438
48681,25450
48682,25458
48683,25450
48684,25458
48685,25458
48686,25439
48687,25433
48688,25459
48689,25438
48690,25440
48691,25400
48692,25432
48693,25430
48694,25409
48695,25453
48696,25464
48697,25449
48698,25452
48699,25464
48700,25409
48701,25453
48702,25440
48703,25388
48704,25439
48705,25388
48706,25434
48707,25439
48708,25388
48709,25425
48710,25388
48711,25441
48712,25439
48713,25434
48714,25388
48715,25439
48716,25388
48717,25462
48718,25453
48719,25453
48720,25449
48721,25453
48722,25459
48723,25453
48724,25443
48725,25435
48726,25448
48727,25453
48728,25449
48729,25457
48730,25441
48731,25463
48732,25463
48733,25449
48734,25454
48735,25463
48736,25450
48737,25478
48738,25460
48739,25444
48740,25478
48741,25444
48742,25460
48743,25478
48744,25480
48745,25485
48746,25479
48747,25462
48748,25484
48749,25493
48750,25495
48751,25485
48752,25472
48753,25480
48754,25480
48755,25467
48756,25488
48757,25493
48758,25493
48759,25468
48760,25484
48761,25493
48762,25457
48763,25493
48764,25479
48765,25497
48766,25495
48767,25494
48768,25479
48769,25472
48770,25472
48771,25479
48772,25480
48773,25505
48774,25463
48775,25467
48776,25492
48777,25478
48778,25486
48779,25485
48780,25486
48781,25487
48782,25486
48783,25504
48784,25493
48785,25514
48786,25535
48787,25513
48788,25525
48789,25528
48790,25520
48791,25528
48792,25502
48793,25517
48794,25515
48795,25490
48796,25523
48797,25522
48798,25518
48799,25503
48800,25513
48801,25518
48802,25505
48803,25537
48804,25543
48805,25533
48806,25528
48807,25509
48808,25527
48809,25499
48810,25503
48811,25527
48812,25509
48813,25534
48814,25515
48815,25524
48816,25517
48817,25532
48818,25517
48819,25543
48820,25528
48821,25544
48822,25553
48823,25542
48824,25552
48825,25544
48826,25552
48827,25544
48828,25543
48829,25544
48830,25544
48831,25552
48832,25558
48833,25538
48834,25530
48835,25538
48836,25555
48837,25558
48838,25545
48839,25558
48840,25558
48841,25558
48842,25554
48843,25568
48844,25562
48845,25562
48846,25570
48847,25564
48848,25577
48849,25578
48850,25588
48851,25558
48852,25588
48853,25578
48854,25578
48855,25588
48856,25535
48857,25578
48858,25579
48859,25588
48860,25578
48861,25558
48862,25588
48863,25578
48864,25578
48865,25579
48866,25558
48867,25569
48868,25568
48869,25582
48870,25580
48871,25582
48872,25568
48873,25582
48874,25580
48875,25582
48876,25580
48877,25592
48878,25591
48879,25582
48880,25592
48881,25585
48882,25542
48883,25562
48884,25584
48885,25562
48886,25542
48887,25584
48888,25542
48889,25562
48890,25542
48891,25584
48892,25542
48893,25584
48894,25578
48895,25573
48896,25577
48897,25563
48898,25539
48899,25587
48900,25580
48901,25539
48902,25559
48903,25587
48904,25577
48905,25582
48906,25553
48907,25572
48908,25582
48909,25553
48910,25582
48911,25572
48912,25570
48913,25553
48914,25582
48915,25588
48916,25569
48917,25597
48918,25583
48919,25594
48920,25583
48921,25599
48922,25594
48923,25582
48924,25583
48925,25594
48926,25598
48927,25608
48928,25608
48929,25604
48930,25585
48931,25614
48932,25620
48933,25608
48934,25620
48935,25620
48936,25619
48937,25630
48938,25620
48939,25628
48940,25618
48941,25602
48942,25622
48943,25622
48944,25622
48945,25613
48946,25622
48947,25628
48948,25623
48949,25644
48950,25635
48951,25642
48952,25654
48953,25634
48954,25645
48955,25654
48956,25634
48957,25645
48958,25654
48959,25634
48960,25610
48961,25649
48962,25653
48963,25653
48964,25668
48965,25674
48966,25668
48967,25674
48968,25668
48969,25662
48970,25674
48971,25668
48972,25674
48973,25668
48974,25663
48975,25674
48976,25668
48977,25662
48978,25672
48979,25669
48980,25664
48981,25666
48982,25669
48983,25664
48984,25664
48985,25669
48986,25664
48987,25669
48988,25664
48989,25648
48990,25664
48991,25672
48992,25674
48993,25668
48994,25674
48995,25668
48996,25663
48997,25674
48998,25668
48999,25674
49000,25659
49001,25665
49002,25667
49003,25648
49004,25667
49005,25672
49006,25665
49007,25653
49008,25637
49009,25665
49010,25653
49011,25665
49012,25665
49013,25655
49014,25653
49015,25665
49016,25653
49017,25665
49018,25672
49019,25667
49020,25648
49021,25665
49022,25667
49023,25648
49024,25665
49025,25665
49026,25672
49027,25660
49028,25672
49029,25665
49030,25672
49031,25665
49032,25667
49033,25665
49034,25655
49035,25650
49036,25647
49037,25684
49038,25678
49039,25679
49040,25684
49041,25684
49042,25674
49043,25678
49044,25684
49045,25647
49046,25660
49047,25664
49048,25640
49049,25655
49050,25667
49051,25625
49052,25667
49053,25625
49054,25640
49055,25625
49056,25667
49057,25657
49058,25667
49059,25648
49060,25667
49061,25650
49062,25648
49063,25667
49064,25653
49065,25648
49066,25667
49067,25663
49068,25679
49069,25677
49070,25675
49071,25684
49072,25684
49073,25690
49074,25670
49075,25663
49076,25670
49077,25667
49078,25670
49079,25693
49080,25700
49081,25697
49082,25693
49083,25670
49084,25670
49085,25667
49086,25663
49087,25658
49088,25670
49089,25670
49090,25677
49091,25698
49092,25697
49093,25688
49094,25697
49095,25668
49096,25695
49097,25708
49098,25688
49099,25702
49100,25708
49101,25698
49102,25697
49103,25688
49104,25684
49105,25708
49106,25702
49107,25688
49108,25698
49109,25703
49110,25715
49111,25707
49112,25722
49113,25710
49114,25704
49115,25714
49116,25724
49117,25708
49118,25724
49119,25722
49120,25725
49121,25734
49122,25714
49123,25725
49124,25723
49125,25699
49126,25734
49127,25725
49128,25719
49129,25727
49130,25725
49131,25686
49132,25725
49133,25719
49134,25728
49135,25727
49136,25728
49137,25745
49138,25736
49139,25736
49140,25755
49141,25755
49142,25750
49143,25732
49144,25769
49145,25747
49146,25765
49147,25769
49148,25760
49149,25769
49150,25765
49151,25782
49152,25783
49153,25778
49154,25778
49155,25777
49156,25778
49157,25778
49158,25800
49159,25800
49160,25798
49161,25784
49162,25785
49163,25785
49164,25802
49165,25789
49166,25785
49167,25773
49168,25763
49169,25779
49170,25787
49171,25763
49172,25787
49173,25763
49174,25779
49175,25763
49176,25787
49177,25763
49178,25779
49179,25800
49180,25787
49181,25763
49182,25779
49183,25763
49184,25787
49185,25778
49186,25779
49187,25774
49188,25798
49189,25774
49190,25788
49191,25779
49192,25794
49193,25794
49194,25774
49195,25788
49196,25798
49197,25774
49198,25779
49199,25794
49200,25803
49201,25800
49202,25814
49203,25788
49204,25808
49205,25787
49206,25800
49207,25793
49208,25800
49209,25787
49210,25800
49211,25808
49212,25793
49213,25800
49214,25787
49215,25800
49216,25795
49217,25800
49218,25805
49219,25813
49220,25813
49221,25804
49222,25813
49223,25813
49224,25822
49225,25817
49226,25823
49227,25808
49228,25817
49229,25813
49230,25823
49231,25817
49232,25805
49233,25820
49234,25795
49235,25777
49236,25811
49237,25833
49238,25818
49239,25832
49240,25815
49241,25798
49242,25833
49243,25812
49244,25823
49245,25818
49246,25812
49247,25823
49248,25783
49249,25812
49250,25838
49251,25823
49252,25812
49253,25837
49254,25812
49255,25823
49256,25838
49257,25812
49258,25823
49259,25837
49260,25812
49261,25838
49262,25823
49263,25830
49264,25838
49265,25823
49266,25804
49267,25833
49268,25834
49269,25812
49270,25825
49271,25842
49272,25798
49273,25830
49274,25838
49275,25822
49276,25842
49277,25830
49278,25842
49279,25830
49280,25827
49281,25818
49282,25838
49283,25835
49284,25838
49285,25818
49286,25837
49287,25838
49288,25823
49289,25838
49290,25833
49291,25828
49292,25818
49293,25832
49294,25808
49295,25825
49296,25820
49297,25840
49298,25822
49299,25847
49300,25840
49301,25847
49302,25817
49303,25835
49304,25844
49305,25840
49306,25832
49307,25832
49308,25832
49309,25832
49310,25832
49311,25837
49312,25847
49313,25840
49314,25847
49315,25817
49316,25847
49317,25840
49318,25847
49319,25793
49320,25844
49321,25834
49322,25842
49323,25818
49324,25840
49325,25853
49326,25842
49327,25869
49328,25838
49329,25868
49330,25858
49331,25842
49332,25852
49333,25859
49334,25850
49335,25864
49336,25839
49337,25864
49338,25864
49339,25873
49340,25888
49341,25868
49342,25893
49343,25885
49344,25883
49345,25893
49346,25873
49347,25890
49348,25883
49349,25890
49350,25880
49351,25890
49352,25883
49353,25898
49354,25904
49355,25897
49356,25884
49357,25898
49358,25904
49359,25898
49360,25904
49361,25898
49362,25897
49363,25884
49364,25904
49365,25888
49366,25898
49367,25884
49368,25910
49369,25908
49370,25895
49371,25908
49372,25910
49373,25913
49374,25912
49375,25910
49376,25921
49377,25912
49378,25921
49379,25910
49380,25912
49381,25913
49382,25921
49383,25913
49384,25912
49385,25910
49386,25921
49387,25908
49388,25907
49389,25918
49390,25897
49391,25919
49392,25920
49393,25923
49394,25914
49395,25903
49396,25929
49397,25912
49398,25903
49399,25920
49400,25923
49401,25914
49402,25919
49403,25903
49404,25929
49405,25923
49406,25918
49407,25924
49408,25934
49409,25924
49410,25923
49411,25943
49412,25947
49413,25928
49414,25942
49415,25945
49416,25958
49417,25934
49418,25945
49419,25938
49420,25948
49421,25940
49422,25940
49423,25947
49424,25940
49425,25928
49426,25928
49427,25924
49428,25948
49429,25938
49430,25943
49431,25942
49432,25929
49433,25943
49434,25949
49435,25940
49436,25929
49437,25949
49438,25943
49439,25947
49440,25924
49441,25942
49442,25943
49443,25920
49444,25948
49445,25900
49446,25938
49447,25935
49448,25948
49449,25946
49450,25948
49451,25952
49452,25948
49453,25945
49454,25940
49455,25947
49456,25945
49457,25905
49458,25947
49459,25947
49460,25947
49461,25945
49462,25940
49463,25947
49464,25963
49465,25959
49466,25963
49467,25939
49468,25958
49469,25959
49470,25939
49471,25963
49472,25965
49473,25977
49474,25958
49475,25965
49476,25947
49477,25977
49478,25958
49479,25957
49480,25970
49481,25958
49482,25947
49483,25962
49484,25954
49485,25965
49486,25959
49487,25954
49488,25965
49489,25958
49490,25960
49491,25978
49492,25973
49493,25972
49494,25973
49495,25974
49496,25973
49497,25953
49498,25967
49499,25964
49500,25973
49501,25958
49502,25929
49503,25968
49504,25972
49505,25953
49506,25953
49507,25929
49508,25972
49509,25978
49510,25979
49511,25984
49512,25953
49513,25975
49514,25979
49515,25984
49516,25979
49517,25953
49518,25984
49519,25979
49520,25968
49521,25975
49522,25953
49523,25979
49524,25984
49525,25979
49526,25989
49527,25983
49528,26000
49529,26005
49530,26010
49531,26008
49532,26016
49533,26002
49534,26005
49535,26006
49536,26005
49537,26005
49538,25998
49539,25983
49540,25998
49541,25990
49542,26004
49543,25994
49544,25985
49545,25999
49546,26006
49547,25997
49548,26008
49549,26016
49550,26008
49551,25998
49552,26024
49553,26010
49554,26018
49555,25998
49556,26006
49557,26004
49558,25999
49559,26005
49560,25968
49561,25999
49562,26004
49563,25994
49564,26003
49565,26010
49566,26013
49567,26003
49568,26003
49569,26018
49570,26025
49571,26014
49572,26033
49573,26025
49574,26033
49575,26018
49576,26025
49577,26027
49578,26028
49579,26018
49580,26018
49581,26014
49582,26018
49583,26018
49584,25959
49585,26028
49586,26027
49587,26025
49588,26019
49589,26025
49590,26012
49591,26025
49592,26027
49593,26025
49594,26033
49595,26024
49596,26029
49597,26027
49598,26024
49599,26029
49600,26034
49601,26043
49602,26048
49603,26042
49604,26025
49605,26038
49606,26045
49607,26034
49608,26045
49609,26043
49610,26016
49611,26017
49612,26033
49613,26023
49614,26044
49615,26045
49616,26043
49617,26030
49618,26044
49619,26054
49620,26030
49621,26048
49622,26028
49623,26050
49624,26043
49625,26028
49626,26040
49627,26033
49628,26030
49629,26042
49630,26064
49631,26063
49632,26034
49633,26022
49634,26043
49635,26003
49636,26058
49637,26055
49638,26050
49639,26045
49640,26055
49641,26030
49642,26045
49643,26041
49644,26041
49645,26024
49646,26030
49647,26041
49648,26045
49649,26041
49650,26054
49651,26064
49652,26052
49653,26054
49654,26041
49655,26024
49656,26041
49657,26045
49658,26041
49659,26058
49660,26048
49661,26048
49662,26053
49663,26054
49664,26043
49665,26060
49666,26044
49667,26054
49668,26052
49669,26059
49670,26069
49671,26068
49672,26067
49673,26063
49674,26068
49675,26063
49676,26067
49677,26039
49678,26069
49679,26053
49680,26070
49681,26059
49682,26063
49683,26059
49684,26054
49685,26052
49686,26059
49687,26052
49688,26054
49689,26059
49690,26052
49691,26057
49692,26072
49693,26068
49694,26057
49695,26072
49696,26068
49697,26059
49698,26049
49699,26072
49700,26073
49701,26065
49702,26082
49703,26065
49704,26085
49705,26087
49706,26076
49707,26057
49708,26076
49709,26087
49710,26076
49711,26077
49712,26064
49713,26093
49714,26082
49715,26097
49716,26078
49717,26083
49718,26083
49719,26060
49720,26086
49721,26083
49722,26083
49723,26078
49724,26080
49725,26092
49726,26068
49727,26093
49728,26068
49729,26092
49730,26083
49731,26068
49732,26093
49733,26067
49734,26092
49735,26092
49736,26105
49737,26104
49738,26094
49739,26094
49740,26108
49741,26067
49742,26094
49743,26074
49744,26094
49745,26088
49746,26115
49747,26067
49748,26115
49749,26088
49750,26115
49751,26116
49752,26118
49753,26112
49754,26124
49755,26114
49756,26112
49757,26118
49758,26112
49759,26104
49760,26123
49761,26090
49762,26123
49763,26123
49764,26118
49765,26124
49766,26113
49767,26128
49768,26115
49769,26119
49770,26113
49771,26128
49772,26115
49773,26105
49774,26128
49775,26115
49776,26113
49777,26124
49778,26119
49779,26137
49780,26138
49781,26148
49782,26122
49783,26145
49784,26122
49785,26148
49786,26143
49787,26122
49788,26148
49789,26145
49790,26148
49791,26163
49792,26128
49793,26145
49794,26152
49795,26178
49796,26178
49797,26174
49798,26175
49799,26185
49800,26180
49801,26188
49802,26188
49803,26185
49804,26180
49805,26188
49806,26173
49807,26180
49808,26185
49809,26188
49810,26180
49811,26173
49812,26185
49813,26180
49814,26188
49815,26168
49816,26188
49817,26188
49818,26164
49819,26188
49820,26142
49821,26177
49822,26173
49823,26188
49824,26164
49825,26188
49826,26177
49827,26188
49828,26183
49829,26198
49830,26198
49831,26198
49832,26198
49833,26198
49834,26198
49835,26198
49836,26198
49837,26198
49838,26198
49839,26198
49840,26198
49841,26198
49842,26198
49843,26198
49844,26198
49845,26168
49846,26198
49847,26198
49848,26198
49849,26198
49850,26198
49851,26198
49852,26198
49853,26198
49854,26190
49855,26190
49856,26213
49857,26213
49858,26202
49859,26109
49860,26214
49861,26218
49862,26189
49863,26205
49864,26217
49865,26189
49866,26189
49867,26189
49868,26178
49869,26205
49870,26217
49871,26189
49872,26209
49873,26205
49874,26222
49875,26233
49876,26233
49877,26213
49878,26233
49879,26179
49880,26233
49881,26184
49882,26232
49883,26207
49884,26213
49885,26225
49886,26232
49887,26234
49888,26225
49889,26223
49890,26237
49891,26229
49892,26225
49893,26225
49894,26234
49895,26233
49896,26233
49897,26218
49898,26238
49899,26234
49900,26233
49901,26225
49902,26238
49903,26220
49904,26215
49905,26192
49906,26238
49907,26238
49908,26234
49909,26253
49910,26240
49911,26233
49912,26233
49913,26253
49914,26253
49915,26260
49916,26250
49917,26260
49918,26219
49919,26260
49920,26260
49921,26249
49922,26252
49923,26253
49924,26250
49925,26253
49926,26253
49927,26252
49928,26250
49929,26253
49930,26253
49931,26235
49932,26229
49933,26235
49934,26237
49935,26235
49936,26250
49937,26260
49938,26249
49939,26238
49940,26265
49941,26273
49942,26253
49943,26252
49944,26273
49945,26256
49946,26273
49947,26273
49948,26253
49949,26273
49950,26252
49951,26273
49952,26256
49953,26273
49954,26253
49955,26265
49956,26238
49957,26260
49958,26249
49959,26238
49960,26265
49961,26253
49962,26273
49963,26252
49964,26273
49965,26273
49966,26256
49967,26273
49968,26253
49969,26252
49970,26273
49971,26273
49972,26256
49973,26273
49974,26253
49975,26220
49976,26258
49977,26248
49978,26270
49979,26269
49980,26274
49981,26273
49982,26273
49983,26264
49984,26268
49985,26282
49986,26260
49987,26277
49988,26282
49989,26277
49990,26277
49991,26282
49992,26277
49993,26282
49994,26280
49995,26293
49996,26277
49997,26271
49998,26285
49999,26293
50000,26284
