collision,total_bits
1,11
2,4
3,14
4,10
5,9
6,24
7,17
8,23
9,17
10,17
11,17
12,13
13,11
14,18
15,14
16,19
17,19
18,25
19,19
20,28
21,15
22,15
23,15
24,25
25,28
26,25
27,28
28,31
29,26
30,27
31,39
32,42
33,42
34,30
35,36
36,31
37,42
38,32
39,36
40,43
41,33
42,27
43,33
44,37
45,44
46,51
47,55
48,45
49,45
50,54
51,56
52,45
53,54
54,58
55,56
56,62
57,55
58,64
59,64
60,59
61,59
62,49
63,71
64,59
65,64
66,68
67,77
68,68
69,69
70,77
71,68
72,77
73,69
74,77
75,66
76,56
77,41
78,69
79,59
80,57
81,78
82,29
83,56
84,70
85,42
86,53
87,71
88,71
89,53
90,71
91,43
92,53
93,71
94,68
95,80
96,70
97,76
98,80
99,68
100,71
101,68
102,68
103,71
104,79
105,63
106,61
107,63
108,71
109,57
110,79
111,84
112,84
113,78
114,67
115,74
116,51
117,67
118,67
119,76
120,73
121,88
122,82
123,76
124,82
125,76
126,76
127,76
128,82
129,76
130,74
131,88
132,82
133,88
134,85
135,91
136,85
137,79
138,85
139,89
140,85
141,91
142,82
143,85
144,85
145,79
146,89
147,85
148,92
149,85
150,82
151,85
152,92
153,89
154,85
155,85
156,80
157,85
158,92
159,85
160,91
161,91
162,92
163,90
164,91
165,91
166,91
167,93
168,87
169,89
170,94
171,95
172,89
173,90
174,100
175,97
176,95
177,102
178,103
179,96
180,100
181,102
182,90
183,90
184,80
185,102
186,90
187,91
188,103
189,94
190,83
191,103
192,84
193,94
194,103
195,72
196,111
197,110
198,103
199,88
200,110
201,109
202,100
203,90
204,96
205,76
206,109
207,106
208,106
209,103
210,88
211,106
212,106
213,104
214,95
215,113
216,114
217,97
218,95
219,97
220,114
221,114
222,95
223,111
224,90
225,93
226,111
227,103
228,87
229,90
230,103
231,98
232,92
233,98
234,92
235,105
236,93
237,93
238,81
239,93
240,96
241,105
242,93
243,106
244,93
245,96
246,93
247,93
248,105
249,102
250,86
251,107
252,90
253,96
254,87
255,87
256,87
257,60
258,111
259,86
260,90
261,78
262,90
263,102
264,97
265,90
266,102
267,97
268,90
269,102
270,102
271,104
272,87
273,99
274,90
275,102
276,98
277,93
278,108
279,111
280,96
281,108
282,111
283,108
284,99
285,96
286,96
287,108
288,111
289,108
290,93
291,98
292,102
293,90
294,103
295,93
296,105
297,99
298,102
299,99
300,90
301,102
302,90
303,99
304,99
305,93
306,111
307,102
308,114
309,104
310,108
311,108
312,108
313,114
314,108
315,108
316,90
317,109
318,108
319,111
320,108
321,108
322,109
323,108
324,108
325,117
326,120
327,120
328,105
329,120
330,105
331,106
332,120
333,105
334,120
335,120
336,106
337,120
338,120
339,117
340,126
341,118
342,105
343,102
344,102
345,126
346,120
347,110
348,96
349,126
350,110
351,126
352,110
353,120
354,114
355,131
356,117
357,138
358,128
359,125
360,114
361,124
362,114
363,126
364,133
365,126
366,132
367,128
368,138
369,128
370,123
371,128
372,129
373,142
374,143
375,141
376,137
377,123
378,128
379,115
380,141
381,142
382,143
383,132
384,137
385,142
386,142
387,143
388,142
389,132
390,142
391,143
392,142
393,142
394,147
395,147
396,146
397,126
398,146
399,147
400,147
401,142
402,142
403,128
404,126
405,123
406,139
407,126
408,137
409,123
410,128
411,132
412,126
413,123
414,137
415,126
416,110
417,128
418,128
419,138
420,137
421,107
422,138
423,140
424,146
425,134
426,138
427,125
428,146
429,143
430,134
431,142
432,146
433,143
434,134
435,146
436,143
437,134
438,138
439,137
440,137
441,125
442,114
443,135
444,128
445,135
446,135
447,135
448,124
449,135
450,125
451,133
452,128
453,132
454,134
455,136
456,137
457,134
458,111
459,134
460,111
461,134
462,125
463,146
464,134
465,138
466,146
467,146
468,154
469,135
470,146
471,151
472,107
473,152
474,152
475,140
476,148
477,143
478,146
479,102
480,146
481,134
482,143
483,146
484,102
485,146
486,154
487,152
488,155
489,152
490,148
491,152
492,150
493,152
494,152
495,155
496,152
497,152
498,152
499,158
500,149
501,164
502,143
503,161
504,155
505,170
506,166
507,164
508,161
509,149
510,164
511,149
512,149
513,152
514,140
515,161
516,161
517,158
518,149
519,140
520,149
521,146
522,158
523,152
524,160
525,161
526,155
527,158
528,158
529,158
530,155
531,158
532,158
533,95
534,158
535,149
536,155
537,155
538,134
539,152
540,152
541,98
542,161
543,155
544,167
545,146
546,164
547,170
548,166
549,167
550,176
551,182
552,176
553,176
554,182
555,173
556,176
557,182
558,179
559,187
560,176
561,176
562,185
563,176
564,187
565,176
566,185
567,176
568,187
569,158
570,176
571,185
572,187
573,194
574,188
575,187
576,188
577,182
578,173
579,185
580,188
581,170
582,185
583,170
584,188
585,170
586,188
587,188
588,176
589,185
590,176
591,176
592,188
593,187
594,185
595,188
596,185
597,191
598,189
599,168
600,189
601,191
602,197
603,194
604,194
605,194
606,194
607,194
608,176
609,194
610,179
611,194
612,203
613,206
614,200
615,197
616,195
617,206
618,203
619,198
620,209
621,203
622,198
623,210
624,209
625,198
626,203
627,209
628,198
629,210
630,198
631,209
632,203
633,198
634,174
635,198
636,209
637,203
638,198
639,209
640,209
641,198
642,210
643,198
644,203
645,209
646,209
647,198
648,210
649,198
650,203
651,209
652,198
653,209
654,198
655,209
656,198
657,210
658,203
659,198
660,209
661,209
662,203
663,198
664,206
665,198
666,209
667,195
668,198
669,193
670,198
671,203
672,198
673,209
674,206
675,209
676,203
677,198
678,198
679,209
680,210
681,199
682,197
683,209
684,203
685,199
686,216
687,216
688,219
689,204
690,210
691,225
692,218
693,217
694,209
695,212
696,206
697,215
698,203
699,215
700,225
701,203
702,226
703,215
704,226
705,203
706,221
707,230
708,219
709,224
710,204
711,216
712,200
713,206
714,221
715,224
716,215
717,193
718,215
719,215
720,224
721,206
722,227
723,185
724,212
725,224
726,212
727,221
728,212
729,215
730,185
731,224
732,207
733,227
734,212
735,185
736,225
737,212
738,215
739,215
740,193
741,224
742,225
743,213
744,224
745,221
746,215
747,224
748,229
749,221
750,224
751,215
752,199
753,224
754,221
755,224
756,229
757,221
758,215
759,218
760,218
761,221
762,213
763,225
764,212
765,218
766,212
767,225
768,185
769,212
770,225
771,218
772,195
773,216
774,195
775,220
776,215
777,197
778,225
779,200
780,215
781,225
782,211
783,226
784,221
785,215
786,211
787,227
788,222
789,230
790,224
791,224
792,213
793,224
794,226
795,222
796,224
797,230
798,227
799,211
800,215
801,221
802,221
803,227
804,221
805,226
806,219
807,227
808,224
809,227
810,236
811,230
812,232
813,225
814,224
815,235
816,225
817,232
818,235
819,225
820,235
821,232
822,238
823,238
824,244
825,248
826,245
827,248
828,238
829,238
830,238
831,220
832,238
833,229
834,238
835,238
836,238
837,238
838,240
839,235
840,225
841,241
842,226
843,240
844,240
845,236
846,226
847,220
848,226
849,241
850,238
851,247
852,245
853,240
854,245
855,251
856,228
857,250
858,250
859,245
860,228
861,244
862,244
863,228
864,239
865,255
866,228
867,238
868,246
869,256
870,262
871,256
872,253
873,219
874,250
875,255
876,228
877,250
878,228
879,255
880,245
881,228
882,255
883,250
884,228
885,211
886,254
887,244
888,250
889,254
890,239
891,254
892,250
893,254
894,250
895,240
896,245
897,223
898,244
899,240
900,245
901,245
902,244
903,236
904,231
905,244
906,244
907,231
908,244
909,235
910,244
911,244
912,250
913,244
914,256
915,246
916,250
917,254
918,250
919,255
920,259
921,246
922,244
923,251
924,250
925,244
926,244
927,246
928,246
929,256
930,257
931,265
932,265
933,264
934,253
935,269
936,265
937,261
938,265
939,269
940,266
941,273
942,277
943,273
944,271
945,273
946,277
947,273
948,273
949,277
950,283
951,283
952,283
953,286
954,286
955,280
956,283
957,290
958,289
959,280
960,290
961,288
962,286
963,295
964,274
965,293
966,286
967,301
968,295
969,304
970,293
971,295
972,304
973,295
974,295
975,288
976,301
977,303
978,310
979,309
980,290
981,309
982,301
983,290
984,310
985,309
986,306
987,313
988,313
989,313
990,313
991,313
992,313
993,313
994,319
995,318
996,320
997,319
998,303
999,275
1000,295
1001,307
1002,310
1003,316
1004,310
1005,324
1006,318
1007,327
1008,316
1009,328
1010,327
1011,327
1012,334
1013,334
1014,265
1015,327
1016,301
1017,319
1018,319
1019,325
1020,319
1021,313
1022,328
1023,315
1024,313
1025,319
1026,325
1027,319
1028,319
1029,328
1030,315
1031,320
1032,325
1033,325
1034,319
1035,328
1036,315
1037,297
1038,328
1039,313
1040,315
1041,297
1042,328
1043,310
1044,292
1045,328
1046,307
1047,313
1048,304
1049,328
1050,312
1051,324
1052,320
1053,331
1054,328
1055,340
1056,340
1057,322
1058,340
1059,337
1060,340
1061,316
1062,330
1063,340
1064,343
1065,336
1066,336
1067,337
1068,336
1069,340
1070,336
1071,325
1072,343
1073,345
1074,350
1075,348
1076,322
1077,345
1078,343
1079,331
1080,316
1081,331
1082,340
1083,343
1084,331
1085,331
1086,339
1087,331
1088,343
1089,331
1090,322
1091,331
1092,337
1093,331
1094,337
1095,340
1096,340
1097,336
1098,340
1099,340
1100,337
1101,340
1102,340
1103,340
1104,322
1105,340
1106,337
1107,340
1108,340
1109,337
1110,337
1111,337
1112,340
1113,340
1114,337
1115,336
1116,343
1117,336
1118,322
1119,336
1120,337
1121,336
1122,343
1123,316
1124,334
1125,340
1126,340
1127,337
1128,340
1129,340
1130,316
1131,334
1132,340
1133,340
1134,337
1135,340
1136,347
1137,352
1138,349
1139,340
1140,333
1141,352
1142,347
1143,340
1144,340
1145,340
1146,337
1147,336
1148,349
1149,349
1150,346
1151,348
1152,343
1153,352
1154,349
1155,334
1156,358
1157,352
1158,349
1159,346
1160,355
1161,358
1162,343
1163,358
1164,345
1165,358
1166,352
1167,352
1168,358
1169,362
1170,361
1171,361
1172,352
1173,358
1174,358
1175,358
1176,358
1177,358
1178,358
1179,352
1180,358
1181,358
1182,358
1183,358
1184,358
1185,358
1186,342
1187,343
1188,352
1189,358
1190,353
1191,358
1192,358
1193,353
1194,358
1195,352
1196,349
1197,358
1198,349
1199,349
1200,353
1201,349
1202,352
1203,358
1204,344
1205,340
1206,346
1207,349
1208,349
1209,346
1210,349
1211,349
1212,351
1213,346
1214,346
1215,344
1216,340
1217,346
1218,343
1219,346
1220,340
1221,352
1222,358
1223,334
1224,358
1225,346
1226,352
1227,358
1228,352
1229,350
1230,352
1231,361
1232,352
1233,355
1234,361
1235,349
1236,352
1237,322
1238,361
1239,358
1240,358
1241,352
1242,352
1243,361
1244,359
1245,367
1246,361
1247,361
1248,367
1249,367
1250,367
1251,359
1252,352
1253,340
1254,337
1255,361
1256,352
1257,367
1258,355
1259,356
1260,370
1261,355
1262,367
1263,361
1264,358
1265,352
1266,361
1267,334
1268,352
1269,361
1270,352
1271,338
1272,322
1273,364
1274,346
1275,355
1276,367
1277,364
1278,358
1279,361
1280,343
1281,355
1282,350
1283,343
1284,367
1285,358
1286,367
1287,367
1288,351
1289,370
1290,382
1291,358
1292,370
1293,358
1294,382
1295,376
1296,376
1297,385
1298,382
1299,376
1300,376
1301,376
1302,385
1303,392
1304,389
1305,388
1306,391
1307,394
1308,392
1309,382
1310,376
1311,376
1312,376
1313,385
1314,383
1315,376
1316,382
1317,376
1318,376
1319,379
1320,376
1321,370
1322,385
1323,386
1324,385
1325,379
1326,385
1327,368
1328,392
1329,388
1330,388
1331,379
1332,385
1333,385
1334,386
1335,385
1336,376
1337,373
1338,371
1339,385
1340,386
1341,385
1342,376
1343,385
1344,377
1345,388
1346,394
1347,392
1348,376
1349,388
1350,393
1351,385
1352,386
1353,379
1354,385
1355,385
1356,377
1357,385
1358,386
1359,379
1360,385
1361,391
1362,388
1363,388
1364,386
1365,385
1366,388
1367,398
1368,397
1369,393
1370,400
1371,388
1372,397
1373,393
1374,400
1375,388
1376,397
1377,393
1378,400
1379,388
1380,397
1381,403
1382,394
1383,403
1384,401
1385,390
1386,403
1387,368
1388,404
1389,394
1390,390
1391,403
1392,404
1393,390
1394,404
1395,390
1396,400
1397,398
1398,388
1399,393
1400,390
1401,390
1402,404
1403,390
1404,403
1405,404
1406,400
1407,390
1408,404
1409,379
1410,404
1411,401
1412,394
1413,404
1414,403
1415,398
1416,400
1417,388
1418,393
1419,398
1420,400
1421,388
1422,393
1423,398
1424,400
1425,388
1426,393
1427,398
1428,388
1429,385
1430,395
1431,406
1432,395
1433,404
1434,406
1435,403
1436,381
1437,379
1438,381
1439,381
1440,382
1441,391
1442,381
1443,384
1444,381
1445,384
1446,381
1447,382
1448,381
1449,393
1450,385
1451,388
1452,400
1453,398
1454,397
1455,388
1456,400
1457,398
1458,397
1459,388
1460,400
1461,398
1462,397
1463,388
1464,398
1465,400
1466,397
1467,388
1468,398
1469,400
1470,388
1471,397
1472,398
1473,400
1474,377
1475,397
1476,398
1477,400
1478,391
1479,380
1480,380
1481,382
1482,349
1483,380
1484,394
1485,380
1486,388
1487,380
1488,349
1489,380
1490,394
1491,388
1492,380
1493,380
1494,349
1495,380
1496,399
1497,380
1498,388
1499,380
1500,380
1501,388
1502,401
1503,403
1504,404
1505,405
1506,408
1507,404
1508,402
1509,389
1510,403
1511,400
1512,400
1513,391
1514,406
1515,378
1516,391
1517,406
1518,400
1519,406
1520,373
1521,401
1522,397
1523,389
1524,380
1525,380
1526,380
1527,349
1528,387
1529,380
1530,399
1531,398
1532,383
1533,400
1534,398
1535,408
1536,408
1537,385
1538,399
1539,393
1540,406
1541,388
1542,399
1543,403
1544,402
1545,384
1546,400
1547,398
1548,396
1549,394
1550,388
1551,385
1552,394
1553,399
1554,370
1555,388
1556,394
1557,388
1558,380
1559,371
1560,388
1561,394
1562,388
1563,357
1564,388
1565,394
1566,388
1567,394
1568,388
1569,371
1570,399
1571,394
1572,389
1573,385
1574,389
1575,394
1576,394
1577,385
1578,390
1579,390
1580,389
1581,399
1582,408
1583,407
1584,412
1585,403
1586,402
1587,412
1588,404
1589,408
1590,394
1591,406
1592,376
1593,399
1594,399
1595,406
1596,376
1597,408
1598,411
1599,413
1600,399
1601,376
1602,406
1603,406
1604,376
1605,376
1606,406
1607,376
1608,406
1609,411
1610,411
1611,406
1612,412
1613,402
1614,408
1615,376
1616,402
1617,406
1618,376
1619,402
1620,376
1621,376
1622,402
1623,390
1624,406
1625,406
1626,388
1627,407
1628,373
1629,403
1630,406
1631,399
1632,405
1633,394
1634,411
1635,419
1636,414
1637,414
1638,412
1639,408
1640,412
1641,411
1642,417
1643,419
1644,405
1645,421
1646,417
1647,423
1648,420
1649,426
1650,429
1651,427
1652,431
1653,421
1654,421
1655,409
1656,425
1657,409
1658,425
1659,409
1660,420
1661,413
1662,409
1663,425
1664,409
1665,415
1666,409
1667,425
1668,405
1669,409
1670,425
1671,409
1672,375
1673,399
1674,420
1675,425
1676,409
1677,426
1678,425
1679,405
1680,429
1681,421
1682,420
1683,423
1684,421
1685,420
1686,421
1687,419
1688,405
1689,399
1690,412
1691,409
1692,405
1693,417
1694,399
1695,419
1696,405
1697,419
1698,399
1699,417
1700,399
1701,399
1702,408
1703,413
1704,404
1705,402
1706,396
1707,406
1708,408
1709,406
1710,405
1711,408
1712,400
1713,402
1714,387
1715,400
1716,405
1717,387
1718,403
1719,381
1720,387
1721,381
1722,400
1723,381
1724,366
1725,390
1726,381
1727,400
1728,398
1729,408
1730,405
1731,405
1732,411
1733,388
1734,415
1735,416
1736,417
1737,420
1738,414
1739,420
1740,416
1741,417
1742,420
1743,395
1744,420
1745,412
1746,407
1747,418
1748,420
1749,410
1750,420
1751,410
1752,421
1753,420
1754,402
1755,412
1756,420
1757,412
1758,418
1759,407
1760,420
1761,412
1762,421
1763,420
1764,414
1765,410
1766,420
1767,417
1768,394
1769,393
1770,406
1771,408
1772,402
1773,406
1774,408
1775,405
1776,406
1777,402
1778,406
1779,408
1780,406
1781,402
1782,393
1783,384
1784,417
1785,407
1786,420
1787,414
1788,420
1789,413
1790,421
1791,420
1792,401
1793,426
1794,420
1795,430
1796,428
1797,422
1798,428
1799,430
1800,428
1801,426
1802,426
1803,426
1804,426
1805,431
1806,419
1807,410
1808,405
1809,431
1810,419
1811,411
1812,431
1813,419
1814,419
1815,426
1816,431
1817,419
1818,415
1819,411
1820,419
1821,431
1822,420
1823,421
1824,417
1825,430
1826,429
1827,432
1828,414
1829,427
1830,422
1831,427
1832,438
1833,432
1834,427
1835,438
1836,435
1837,438
1838,438
1839,435
1840,438
1841,441
1842,437
1843,440
1844,434
1845,438
1846,438
1847,432
1848,432
1849,422
1850,438
1851,426
1852,432
1853,438
1854,429
1855,432
1856,438
1857,432
1858,432
1859,435
1860,427
1861,408
1862,438
1863,438
1864,444
1865,450
1866,433
1867,450
1868,454
1869,450
1870,454
1871,450
1872,457
1873,450
1874,454
1875,441
1876,453
1877,458
1878,447
1879,460
1880,453
1881,465
1882,473
1883,468
1884,440
1885,473
1886,468
1887,439
1888,473
1889,463
1890,468
1891,473
1892,444
1893,473
1894,468
1895,444
1896,475
1897,479
1898,482
1899,475
1900,470
1901,483
1902,461
1903,476
1904,467
1905,470
1906,483
1907,470
1908,471
1909,482
1910,479
1911,453
1912,460
1913,469
1914,468
1915,447
1916,468
1917,450
1918,469
1919,468
1920,447
1921,469
1922,453
1923,460
1924,463
1925,479
1926,475
1927,475
1928,455
1929,474
1930,483
1931,474
1932,475
1933,474
1934,483
1935,489
1936,486
1937,489
1938,483
1939,477
1940,489
1941,488
1942,489
1943,486
1944,488
1945,486
1946,489
1947,461
1948,489
1949,488
1950,486
1951,489
1952,488
1953,489
1954,477
1955,492
1956,486
1957,492
1958,492
1959,489
1960,460
1961,487
1962,486
1963,476
1964,477
1965,489
1966,483
1967,486
1968,489
1969,468
1970,471
1971,478
1972,489
1973,490
1974,492
1975,474
1976,492
1977,490
1978,489
1979,492
1980,489
1981,492
1982,493
1983,489
1984,483
1985,489
1986,489
1987,492
1988,489
1989,493
1990,489
1991,489
1992,489
1993,492
1994,489
1995,474
1996,497
1997,483
1998,480
1999,492
2000,486
2001,492
2002,486
2003,492
2004,465
2005,479
2006,469
2007,467
2008,495
2009,495
2010,499
2011,504
2012,497
2013,495
2014,504
2015,497
2016,459
2017,504
2018,497
2019,504
2020,495
2021,490
2022,501
2023,504
2024,501
2025,504
2026,501
2027,492
2028,495
2029,492
2030,492
2031,480
2032,492
2033,477
2034,480
2035,480
2036,492
2037,480
2038,495
2039,470
2040,492
2041,476
2042,484
2043,495
2044,501
2045,489
2046,501
2047,480
2048,501
2049,504
2050,510
2051,503
2052,507
2053,507
2054,513
2055,512
2056,504
2057,513
2058,512
2059,509
2060,507
2061,507
2062,513
2063,514
2064,514
2065,513
2066,512
2067,504
2068,507
2069,513
2070,522
2071,518
2072,513
2073,513
2074,522
2075,513
2076,513
2077,518
2078,509
2079,522
2080,513
2081,504
2082,513
2083,522
2084,509
2085,504
2086,504
2087,514
2088,513
2089,521
2090,513
2091,516
2092,513
2093,521
2094,522
2095,496
2096,510
2097,524
2098,528
2099,528
2100,534
2101,526
2102,537
2103,497
2104,536
2105,534
2106,518
2107,531
2108,513
2109,513
2110,513
2111,510
2112,513
2113,531
2114,513
2115,513
2116,531
2117,515
2118,501
2119,531
2120,513
2121,513
2122,537
2123,545
2124,528
2125,539
2126,534
2127,545
2128,528
2129,531
2130,528
2131,545
2132,543
2133,544
2134,540
2135,514
2136,552
2137,549
2138,552
2139,518
2140,518
2141,552
2142,552
2143,518
2144,525
2145,548
2146,546
2147,522
2148,537
2149,543
2150,546
2151,549
2152,542
2153,549
2154,539
2155,545
2156,525
2157,546
2158,536
2159,546
2160,537
2161,543
2162,531
2163,525
2164,531
2165,502
2166,537
2167,531
2168,525
2169,537
2170,525
2171,531
2172,537
2173,525
2174,531
2175,531
2176,502
2177,537
2178,525
2179,531
2180,537
2181,525
2182,531
2183,525
2184,513
2185,531
2186,525
2187,531
2188,503
2189,537
2190,531
2191,525
2192,537
2193,531
2194,525
2195,537
2196,525
2197,531
2198,503
2199,531
2200,537
2201,525
2202,531
2203,537
2204,525
2205,521
2206,537
2207,510
2208,503
2209,531
2210,537
2211,525
2212,531
2213,531
2214,525
2215,537
2216,531
2217,525
2218,537
2219,531
2220,525
2221,503
2222,537
2223,531
2224,531
2225,525
2226,543
2227,540
2228,543
2229,536
2230,537
2231,540
2232,519
2233,543
2234,540
2235,540
2236,537
2237,537
2238,546
2239,543
2240,549
2241,546
2242,551
2243,552
2244,552
2245,558
2246,555
2247,561
2248,561
2249,561
2250,553
2251,561
2252,561
2253,551
2254,553
2255,561
2256,558
2257,561
2258,561
2259,519
2260,561
2261,561
2262,553
2263,539
2264,558
2265,555
2266,561
2267,555
2268,540
2269,534
2270,558
2271,564
2272,537
2273,558
2274,552
2275,561
2276,558
2277,555
2278,561
2279,560
2280,561
2281,561
2282,556
2283,558
2284,561
2285,552
2286,561
2287,561
2288,560
2289,558
2290,561
2291,561
2292,561
2293,562
2294,561
2295,564
2296,546
2297,561
2298,561
2299,561
2300,563
2301,576
2302,564
2303,561
2304,543
2305,564
2306,562
2307,558
2308,551
2309,552
2310,556
2311,558
2312,556
2313,552
2314,558
2315,561
2316,570
2317,567
2318,552
2319,564
2320,558
2321,556
2322,564
2323,564
2324,549
2325,576
2326,573
2327,570
2328,573
2329,588
2330,579
2331,562
2332,570
2333,585
2334,560
2335,588
2336,570
2337,588
2338,567
2339,588
2340,567
2341,585
2342,582
2343,589
2344,587
2345,594
2346,589
2347,588
2348,588
2349,589
2350,587
2351,589
2352,561
2353,586
2354,585
2355,567
2356,594
2357,590
2358,588
2359,594
2360,586
2361,594
2362,589
2363,585
2364,586
2365,589
2366,590
2367,594
2368,588
2369,574
2370,576
2371,588
2372,588
2373,585
2374,588
2375,594
2376,588
2377,597
2378,597
2379,560
2380,597
2381,594
2382,582
2383,597
2384,600
2385,597
2386,582
2387,597
2388,600
2389,597
2390,594
2391,582
2392,597
2393,600
2394,592
2395,605
2396,591
2397,594
2398,598
2399,606
2400,606
2401,606
2402,606
2403,597
2404,594
2405,605
2406,606
2407,597
2408,600
2409,582
2410,597
2411,591
2412,606
2413,588
2414,607
2415,601
2416,606
2417,607
2418,606
2419,597
2420,597
2421,603
2422,607
2423,603
2424,588
2425,605
2426,606
2427,615
2428,618
2429,609
2430,606
2431,606
2432,597
2433,606
2434,588
2435,601
2436,612
2437,610
2438,615
2439,613
2440,609
2441,603
2442,615
2443,606
2444,606
2445,589
2446,606
2447,587
2448,594
2449,589
2450,606
2451,589
2452,600
2453,585
2454,606
2455,577
2456,585
2457,606
2458,594
2459,606
2460,594
2461,606
2462,594
2463,606
2464,597
2465,606
2466,594
2467,586
2468,594
2469,606
2470,598
2471,583
2472,606
2473,580
2474,583
2475,606
2476,579
2477,603
2478,583
2479,606
2480,583
2481,603
2482,579
2483,606
2484,583
2485,603
2486,597
2487,561
2488,583
2489,606
2490,579
2491,603
2492,583
2493,607
2494,583
2495,598
2496,594
2497,606
2498,591
2499,597
2500,594
2501,588
2502,603
2503,603
2504,609
2505,609
2506,618
2507,603
2508,616
2509,588
2510,603
2511,603
2512,618
2513,616
2514,603
2515,609
2516,618
2517,624
2518,591
2519,624
2520,618
2521,628
2522,628
2523,606
2524,628
2525,621
2526,628
2527,628
2528,621
2529,624
2530,612
2531,628
2532,621
2533,624
2534,621
2535,624
2536,631
2537,633
2538,615
2539,627
2540,633
2541,628
2542,642
2543,642
2544,624
2545,648
2546,636
2547,634
2548,643
2549,639
2550,637
2551,648
2552,636
2553,642
2554,648
2555,636
2556,639
2557,630
2558,651
2559,654
2560,627
2561,642
2562,636
2563,651
2564,651
2565,640
2566,651
2567,648
2568,636
2569,648
2570,645
2571,618
2572,639
2573,645
2574,642
2575,643
2576,646
2577,648
2578,639
2579,636
2580,636
2581,634
2582,642
2583,624
2584,624
2585,643
2586,645
2587,636
2588,634
2589,642
2590,624
2591,636
2592,636
2593,636
2594,639
2595,645
2596,645
2597,645
2598,645
2599,636
2600,642
2601,634
2602,639
2603,630
2604,588
2605,642
2606,588
2607,619
2608,630
2609,588
2610,642
2611,630
2612,588
2613,636
2614,642
2615,630
2616,642
2617,627
2618,654
2619,642
2620,639
2621,627
2622,642
2623,654
2624,642
2625,646
2626,657
2627,661
2628,651
2629,661
2630,639
2631,661
2632,627
2633,651
2634,651
2635,651
2636,637
2637,648
2638,651
2639,647
2640,651
2641,651
2642,637
2643,648
2644,651
2645,651
2646,627
2647,661
2648,661
2649,651
2650,661
2651,661
2652,647
2653,648
2654,627
2655,648
2656,654
2657,639
2658,648
2659,627
2660,651
2661,636
2662,636
2663,622
2664,636
2665,636
2666,636
2667,630
2668,636
2669,636
2670,636
2671,642
2672,643
2673,624
2674,644
2675,647
2676,643
2677,647
2678,644
2679,647
2680,643
2681,624
2682,644
2683,647
2684,643
2685,636
2686,644
2687,643
2688,647
2689,624
2690,647
2691,644
2692,643
2693,647
2694,643
2695,644
2696,647
2697,624
2698,647
2699,643
2700,644
2701,647
2702,643
2703,647
2704,644
2705,624
2706,643
2707,647
2708,644
2709,647
2710,643
2711,647
2712,642
2713,643
2714,624
2715,644
2716,647
2717,643
2718,647
2719,644
2720,636
2721,643
2722,612
2723,647
2724,644
2725,643
2726,647
2727,644
2728,643
2729,647
2730,624
2731,647
2732,643
2733,644
2734,647
2735,643
2736,644
2737,647
2738,624
2739,647
2740,643
2741,644
2742,647
2743,643
2744,647
2745,624
2746,644
2747,643
2748,647
2749,644
2750,647
2751,643
2752,642
2753,622
2754,597
2755,642
2756,651
2757,631
2758,642
2759,651
2760,654
2761,654
2762,657
2763,660
2764,610
2765,660
2766,657
2767,644
2768,654
2769,654
2770,654
2771,654
2772,654
2773,645
2774,646
2775,660
2776,657
2777,654
2778,650
2779,642
2780,650
2781,654
2782,660
2783,657
2784,646
2785,639
2786,654
2787,648
2788,654
2789,648
2790,642
2791,654
2792,648
2793,638
2794,654
2795,654
2796,651
2797,646
2798,648
2799,654
2800,654
2801,638
2802,654
2803,654
2804,651
2805,612
2806,642
2807,597
2808,633
2809,651
2810,654
2811,654
2812,651
2813,648
2814,610
2815,654
2816,654
2817,654
2818,654
2819,651
2820,654
2821,609
2822,654
2823,649
2824,620
2825,651
2826,654
2827,636
2828,646
2829,651
2830,654
2831,654
2832,646
2833,654
2834,651
2835,606
2836,646
2837,654
2838,651
2839,654
2840,654
2841,651
2842,646
2843,654
2844,654
2845,651
2846,654
2847,646
2848,651
2849,644
2850,634
2851,644
2852,648
2853,618
2854,648
2855,648
2856,648
2857,634
2858,648
2859,635
2860,648
2861,630
2862,651
2863,646
2864,654
2865,651
2866,654
2867,654
2868,646
2869,651
2870,654
2871,654
2872,654
2873,646
2874,651
2875,648
2876,639
2877,639
2878,639
2879,639
2880,639
2881,639
2882,639
2883,639
2884,639
2885,646
2886,653
2887,651
2888,661
2889,660
2890,651
2891,663
2892,660
2893,666
2894,660
2895,666
2896,663
2897,665
2898,672
2899,672
2900,662
2901,644
2902,671
2903,678
2904,672
2905,672
2906,644
2907,672
2908,671
2909,672
2910,678
2911,645
2912,672
2913,672
2914,672
2915,666
2916,645
2917,672
2918,656
2919,678
2920,666
2921,672
2922,645
2923,671
2924,672
2925,672
2926,672
2927,645
2928,671
2929,678
2930,672
2931,672
2932,666
2933,685
2934,681
2935,687
2936,684
2937,684
2938,669
2939,684
2940,688
2941,696
2942,688
2943,689
2944,666
2945,673
2946,696
2947,689
2948,687
2949,686
2950,695
2951,692
2952,684
2953,687
2954,684
2955,690
2956,682
2957,681
2958,685
2959,681
2960,678
2961,673
2962,678
2963,671
2964,678
2965,673
2966,678
2967,665
2968,657
2969,668
2970,660
2971,663
2972,663
2973,668
2974,663
2975,663
2976,675
2977,678
2978,678
2979,648
2980,678
2981,678
2982,678
2983,672
2984,678
2985,681
2986,681
2987,681
2988,666
2989,681
2990,681
2991,669
2992,681
2993,681
2994,681
2995,676
2996,648
2997,686
2998,675
2999,679
3000,688
3001,688
3002,678
3003,678
3004,687
3005,681
3006,688
3007,684
3008,688
3009,681
3010,663
3011,688
3012,684
3013,695
3014,691
3015,682
3016,669
3017,690
3018,695
3019,684
3020,688
3021,681
3022,685
3023,688
3024,684
3025,676
3026,688
3027,679
3028,681
3029,685
3030,688
3031,679
3032,688
3033,685
3034,681
3035,688
3036,679
3037,691
3038,689
3039,681
3040,689
3041,694
3042,689
3043,681
3044,689
3045,691
3046,688
3047,684
3048,681
3049,677
3050,682
3051,688
3052,678
3053,654
3054,657
3055,681
3056,683
3057,674
3058,664
3059,683
3060,682
3061,679
3062,679
3063,645
3064,679
3065,631
3066,687
3067,694
3068,687
3069,687
3070,687
3071,688
3072,685
3073,696
3074,687
3075,693
3076,687
3077,687
3078,696
3079,687
3080,693
3081,687
3082,697
3083,703
3084,704
3085,696
3086,684
3087,706
3088,708
3089,708
3090,704
3091,711
3092,701
3093,704
3094,713
3095,711
3096,711
3097,703
3098,699
3099,711
3100,709
3101,707
3102,713
3103,707
3104,704
3105,707
3106,706
3107,707
3108,713
3109,696
3110,707
3111,699
3112,704
3113,703
3114,706
3115,705
3116,708
3117,700
3118,708
3119,708
3120,700
3121,708
3122,705
3123,706
3124,684
3125,703
3126,700
3127,708
3128,705
3129,706
3130,708
3131,704
3132,704
3133,711
3134,711
3135,713
3136,711
3137,715
3138,719
3139,722
3140,715
3141,718
3142,705
3143,719
3144,722
3145,715
3146,711
3147,704
3148,711
3149,713
3150,701
3151,700
3152,710
3153,710
3154,709
3155,701
3156,710
3157,678
3158,710
3159,710
3160,709
3161,710
3162,701
3163,710
3164,710
3165,703
3166,705
3167,708
3168,700
3169,708
3170,701
3171,708
3172,706
3173,710
3174,713
3175,720
3176,709
3177,712
3178,715
3179,723
3180,725
3181,727
3182,718
3183,732
3184,720
3185,720
3186,734
3187,740
3188,739
3189,740
3190,739
3191,731
3192,739
3193,740
3194,718
3195,739
3196,721
3197,739
3198,725
3199,728
3200,740
3201,739
3202,731
3203,713
3204,713
3205,732
3206,723
3207,732
3208,732
3209,723
3210,732
3211,732
3212,723
3213,693
3214,723
3215,723
3216,732
3217,725
3218,717
3219,717
3220,722
3221,720
3222,717
3223,722
3224,720
3225,717
3226,722
3227,737
3228,738
3229,739
3230,716
3231,739
3232,738
3233,739
3234,739
3235,738
3236,739
3237,739
3238,738
3239,739
3240,739
3241,724
3242,738
3243,739
3244,739
3245,738
3246,735
3247,725
3248,728
3249,713
3250,732
3251,732
3252,736
3253,734
3254,730
3255,723
3256,728
3257,729
3258,713
3259,735
3260,738
3261,739
3262,739
3263,739
3264,738
3265,739
3266,726
3267,739
3268,738
3269,739
3270,724
3271,739
3272,738
3273,739
3274,739
3275,738
3276,739
3277,731
3278,746
3279,740
3280,737
3281,738
3282,740
3283,746
3284,722
3285,743
3286,712
3287,748
3288,750
3289,749
3290,743
3291,722
3292,746
3293,743
3294,750
3295,746
3296,743
3297,751
3298,756
3299,741
3300,748
3301,759
3302,764
3303,762
3304,744
3305,764
3306,747
3307,761
3308,744
3309,744
3310,764
3311,767
3312,744
3313,750
3314,744
3315,773
3316,768
3317,764
3318,773
3319,775
3320,754
3321,750
3322,761
3323,758
3324,756
3325,764
3326,758
3327,758
3328,757
3329,756
3330,764
3331,758
3332,756
3333,770
3334,776
3335,776
3336,776
3337,776
3338,762
3339,776
3340,776
3341,776
3342,776
3343,776
3344,776
3345,776
3346,776
3347,757
3348,779
3349,774
3350,779
3351,779
3352,774
3353,773
3354,768
3355,780
3356,777
3357,775
3358,782
3359,787
3360,777
3361,777
3362,787
3363,782
3364,777
3365,775
3366,780
3367,777
3368,775
3369,773
3370,777
3371,780
3372,775
3373,772
3374,771
3375,776
3376,760
3377,774
3378,779
3379,779
3380,750
3381,774
3382,779
3383,776
3384,776
3385,777
3386,776
3387,786
3388,780
3389,776
3390,776
3391,785
3392,788
3393,769
3394,785
3395,761
3396,769
3397,787
3398,792
3399,785
3400,769
3401,774
3402,785
3403,780
3404,776
3405,786
3406,776
3407,777
3408,776
3409,780
3410,776
3411,772
3412,771
3413,786
3414,780
3415,783
3416,765
3417,772
3418,764
3419,765
3420,783
3421,780
3422,771
3423,786
3424,771
3425,769
3426,776
3427,787
3428,779
3429,794
3430,791
3431,794
3432,779
3433,793
3434,798
3435,794
3436,791
3437,798
3438,785
3439,792
3440,776
3441,773
3442,788
3443,777
3444,781
3445,777
3446,777
3447,779
3448,777
3449,788
3450,781
3451,791
3452,777
3453,776
3454,788
3455,794
3456,777
3457,781
3458,788
3459,777
3460,773
3461,795
3462,798
3463,793
3464,785
3465,785
3466,792
3467,787
3468,782
3469,785
3470,793
3471,798
3472,797
3473,795
3474,800
3475,799
3476,782
3477,800
3478,790
3479,799
3480,803
3481,799
3482,795
3483,799
3484,803
3485,763
3486,798
3487,767
3488,799
3489,757
3490,788
3491,799
3492,780
3493,786
3494,794
3495,798
3496,786
3497,797
3498,794
3499,798
3500,786
3501,794
3502,797
3503,794
3504,786
3505,798
3506,794
3507,786
3508,770
3509,794
3510,786
3511,794
3512,797
3513,786
3514,794
3515,800
3516,794
3517,786
3518,792
3519,794
3520,795
3521,794
3522,786
3523,797
3524,767
3525,796
3526,793
3527,771
3528,795
3529,776
3530,793
3531,791
3532,804
3533,801
3534,793
3535,801
3536,800
3537,776
3538,799
3539,797
3540,776
3541,785
3542,776
3543,793
3544,776
3545,791
3546,776
3547,793
3548,797
3549,776
3550,799
3551,799
3552,802
3553,780
3554,799
3555,761
3556,799
3557,799
3558,762
3559,799
3560,780
3561,802
3562,800
3563,799
3564,780
3565,797
3566,794
3567,771
3568,796
3569,771
3570,771
3571,794
3572,785
3573,771
3574,797
3575,799
3576,780
3577,797
3578,776
3579,796
3580,776
3581,788
3582,804
3583,791
3584,804
3585,792
3586,792
3587,804
3588,797
3589,812
3590,812
3591,815
3592,819
3593,805
3594,819
3595,812
3596,803
3597,819
3598,805
3599,812
3600,821
3601,824
3602,824
3603,821
3604,833
3605,832
3606,823
3607,831
3608,827
3609,807
3610,821
3611,797
3612,831
3613,832
3614,832
3615,823
3616,832
3617,827
3618,832
3619,833
3620,819
3621,824
3622,821
3623,819
3624,833
3625,826
3626,827
3627,830
3628,827
3629,826
3630,825
3631,829
3632,827
3633,826
3634,827
3635,830
3636,827
3637,824
3638,832
3639,832
3640,827
3641,832
3642,822
3643,832
3644,832
3645,839
3646,833
3647,822
3648,828
3649,828
3650,822
3651,842
3652,828
3653,845
3654,823
3655,822
3656,817
3657,850
3658,852
3659,853
3660,851
3661,815
3662,820
3663,852
3664,845
3665,852
3666,856
3667,857
3668,851
3669,846
3670,851
3671,851
3672,854
3673,851
3674,857
3675,856
3676,852
3677,851
3678,845
3679,852
3680,857
3681,852
3682,860
3683,856
3684,852
3685,848
3686,852
3687,856
3688,850
3689,860
3690,850
3691,856
3692,852
3693,860
3694,857
3695,845
3696,852
3697,854
3698,854
3699,848
3700,850
3701,832
3702,854
3703,854
3704,854
3705,850
3706,840
3707,848
3708,841
3709,854
3710,857
3711,847
3712,852
3713,847
3714,845
3715,847
3716,847
3717,850
3718,828
3719,845
3720,847
3721,822
3722,847
3723,850
3724,852
3725,847
3726,822
3727,850
3728,847
3729,830
3730,822
3731,847
3732,832
3733,842
3734,842
3735,842
3736,854
3737,842
3738,842
3739,852
3740,857
3741,848
3742,860
3743,842
3744,854
3745,842
3746,842
3747,842
3748,854
3749,842
3750,845
3751,857
3752,846
3753,848
3754,851
3755,854
3756,866
3757,861
3758,866
3759,871
3760,854
3761,863
3762,866
3763,861
3764,854
3765,872
3766,878
3767,871
3768,877
3769,878
3770,869
3771,875
3772,877
3773,878
3774,867
3775,879
3776,875
3777,883
3778,882
3779,887
3780,890
3781,886
3782,864
3783,869
3784,881
3785,864
3786,878
3787,875
3788,864
3789,875
3790,864
3791,881
3792,869
3793,869
3794,882
3795,885
3796,883
3797,877
3798,887
3799,860
3800,892
3801,880
3802,893
3803,890
3804,890
3805,880
3806,887
3807,894
3808,880
3809,890
3810,880
3811,893
3812,875
3813,894
3814,887
3815,880
3816,881
3817,884
3818,902
3819,902
3820,900
3821,899
3822,874
3823,899
3824,895
3825,900
3826,902
3827,902
3828,883
3829,902
3830,905
3831,878
3832,884
3833,902
3834,902
3835,890
3836,902
3837,884
3838,902
3839,890
3840,883
3841,885
3842,884
3843,899
3844,900
3845,900
3846,896
3847,896
3848,908
3849,908
3850,899
3851,908
3852,881
3853,908
3854,908
3855,888
3856,904
3857,908
3858,908
3859,899
3860,904
3861,903
3862,908
3863,899
3864,896
3865,887
3866,908
3867,903
3868,905
3869,877
3870,899
3871,909
3872,894
3873,908
3874,893
3875,908
3876,905
3877,913
3878,911
3879,905
3880,913
3881,909
3882,899
3883,908
3884,908
3885,896
3886,900
3887,900
3888,896
3889,900
3890,896
3891,900
3892,900
3893,896
3894,900
3895,896
3896,900
3897,900
3898,904
3899,902
3900,910
3901,914
3902,912
3903,906
3904,914
3905,897
3906,913
3907,901
3908,919
3909,919
3910,923
3911,909
3912,920
3913,908
3914,921
3915,932
3916,922
3917,932
3918,923
3919,932
3920,929
3921,909
3922,920
3923,908
3924,914
3925,909
3926,920
3927,920
3928,919
3929,919
3930,911
3931,911
3932,908
3933,897
3934,897
3935,911
3936,908
3937,897
3938,911
3939,908
3940,896
3941,911
3942,917
3943,917
3944,917
3945,908
3946,917
3947,921
3948,914
3949,920
3950,916
3951,919
3952,914
3953,923
3954,916
3955,932
3956,929
3957,911
3958,916
3959,929
3960,932
3961,914
3962,926
3963,934
3964,922
3965,928
3966,932
3967,934
3968,926
3969,932
3970,923
3971,929
3972,932
3973,932
3974,929
3975,932
3976,930
3977,932
3978,926
3979,932
3980,935
3981,932
3982,932
3983,932
3984,926
3985,935
3986,932
3987,930
3988,932
3989,923
3990,944
3991,941
3992,929
3993,935
3994,944
3995,941
3996,944
3997,919
3998,941
3999,935
4000,944
4001,929
4002,944
4003,941
4004,923
4005,932
4006,896
4007,929
4008,935
4009,921
4010,938
4011,933
4012,938
4013,944
4014,944
4015,938
4016,944
4017,941
4018,953
4019,953
4020,943
4021,944
4022,947
4023,953
4024,949
4025,953
4026,949
4027,953
4028,950
4029,949
4030,953
4031,901
4032,962
4033,953
4034,958
4035,962
4036,936
4037,962
4038,958
4039,962
4040,953
4041,958
4042,962
4043,962
4044,958
4045,901
4046,949
4047,953
4048,948
4049,953
4050,941
4051,944
4052,938
4053,944
4054,940
4055,950
4056,938
4057,959
4058,944
4059,946
4060,950
4061,941
4062,959
4063,946
4064,944
4065,959
4066,947
4067,946
4068,955
4069,959
4070,946
4071,952
4072,944
4073,959
4074,946
4075,952
4076,936
4077,959
4078,944
4079,955
4080,946
4081,959
4082,946
4083,959
4084,939
4085,959
4086,946
4087,944
4088,959
4089,946
4090,939
4091,959
4092,958
4093,950
4094,946
4095,959
4096,932
4097,946
4098,959
4099,965
4100,953
4101,958
4102,959
4103,965
4104,959
4105,959
4106,958
4107,959
4108,953
4109,965
4110,944
4111,959
4112,946
4113,959
4114,936
4115,950
4116,943
4117,946
4118,959
4119,965
4120,953
4121,967
4122,968
4123,945
4124,962
4125,971
4126,943
4127,962
4128,971
4129,947
4130,971
4131,962
4132,977
4133,978
4134,957
4135,971
4136,937
4137,962
4138,971
4139,978
4140,957
4141,968
4142,974
4143,978
4144,977
4145,975
4146,980
4147,983
4148,974
4149,976
4150,971
4151,956
4152,955
4153,970
4154,968
4155,926
4156,971
4157,977
4158,986
4159,970
4160,981
4161,980
4162,986
4163,984
4164,983
4165,992
4166,983
4167,985
4168,955
4169,974
4170,965
4171,968
4172,985
4173,985
4174,956
4175,968
4176,970
4177,985
4178,968
4179,985
4180,968
4181,988
4182,985
4183,968
4184,967
4185,985
4186,980
4187,971
4188,984
4189,983
4190,941
4191,981
4192,941
4193,988
4194,980
4195,979
4196,941
4197,986
4198,992
4199,986
4200,986
4201,965
4202,992
4203,983
4204,986
4205,992
4206,986
4207,986
4208,986
4209,992
4210,992
4211,986
4212,989
4213,992
4214,992
4215,992
4216,989
4217,986
4218,992
4219,989
4220,992
4221,989
4222,986
4223,992
4224,992
4225,998
4226,997
4227,1006
4228,1010
4229,1010
4230,1000
4231,1007
4232,1010
4233,1000
4234,998
4235,1010
4236,995
4237,1010
4238,997
4239,1007
4240,1013
4241,1010
4242,992
4243,1007
4244,997
4245,1013
4246,1019
4247,1019
4248,1018
4249,1009
4250,1022
4251,1028
4252,1028
4253,1019
4254,1004
4255,1013
4256,992
4257,1016
4258,1004
4259,1003
4260,1019
4261,1004
4262,1013
4263,1004
4264,1012
4265,1001
4266,1013
4267,1010
4268,1022
4269,1007
4270,995
4271,1013
4272,1007
4273,1007
4274,1000
4275,1007
4276,1009
4277,1007
4278,1022
4279,1022
4280,1016
4281,1022
4282,1025
4283,1013
4284,1019
4285,1016
4286,1019
4287,1009
4288,1022
4289,1019
4290,1028
4291,1017
4292,1019
4293,1022
4294,1017
4295,1022
4296,1019
4297,1028
4298,1022
4299,1017
4300,1019
4301,1028
4302,1013
4303,1010
4304,1001
4305,1004
4306,1016
4307,1013
4308,1004
4309,1019
4310,1013
4311,1004
4312,1019
4313,991
4314,1004
4315,1025
4316,1004
4317,991
4318,1004
4319,1003
4320,991
4321,1019
4322,1001
4323,991
4324,1004
4325,995
4326,1016
4327,1009
4328,1016
4329,1013
4330,1003
4331,1019
4332,997
4333,974
4334,1018
4335,997
4336,974
4337,997
4338,1019
4339,997
4340,1025
4341,974
4342,1018
4343,997
4344,1010
4345,1025
4346,1016
4347,998
4348,1013
4349,1028
4350,1025
4351,1025
4352,1018
4353,1013
4354,1028
4355,1025
4356,1019
4357,1022
4358,1028
4359,1025
4360,1013
4361,1028
4362,1019
4363,1027
4364,1019
4365,1022
4366,1031
4367,1019
4368,1027
4369,1019
4370,1028
4371,1013
4372,1025
4373,1028
4374,1022
4375,1031
4376,1031
4377,1019
4378,1030
4379,1031
4380,1007
4381,1034
4382,1040
4383,1019
4384,1031
4385,1040
4386,1019
4387,1040
4388,1037
4389,1037
4390,1040
4391,1037
4392,1040
4393,1017
4394,1049
4395,1049
4396,1049
4397,1049
4398,1017
4399,1040
4400,1049
4401,1052
4402,1058
4403,1040
4404,1034
4405,1055
4406,1061
4407,1061
4408,1064
4409,1061
4410,1025
4411,1061
4412,1052
4413,1064
4414,1061
4415,1061
4416,1054
4417,1064
4418,1061
4419,1061
4420,1060
4421,1061
4422,1064
4423,1046
4424,1055
4425,1052
4426,1046
4427,1052
4428,1064
4429,1064
4430,1064
4431,1064
4432,1067
4433,1055
4434,1064
4435,1055
4436,1073
4437,1072
4438,1070
4439,1076
4440,1046
4441,1073
4442,1070
4443,1076
4444,1072
4445,1072
4446,1070
4447,1082
4448,1076
4449,1081
4450,1082
4451,1087
4452,1085
4453,1082
4454,1085
4455,1088
4456,1091
4457,1091
4458,1091
4459,1091
4460,1091
4461,1091
4462,1091
4463,1091
4464,1091
4465,1091
4466,1091
4467,1091
4468,1091
4469,1091
4470,1091
4471,1079
4472,1085
4473,1091
4474,1081
4475,1085
4476,1091
4477,1091
4478,1055
4479,1085
4480,1087
4481,1091
4482,1091
4483,1085
4484,1091
4485,1091
4486,1085
4487,1091
4488,1091
4489,1085
4490,1079
4491,1091
4492,1091
4493,1091
4494,1091
4495,1091
4496,1091
4497,1091
4498,1091
4499,1091
4500,1091
4501,1091
4502,1091
4503,1091
4504,1091
4505,1094
4506,1066
4507,1088
4508,1106
4509,1106
4510,1106
4511,1093
4512,1106
4513,1106
4514,1097
4515,1106
4516,1106
4517,1094
4518,1106
4519,1088
4520,1076
4521,1094
4522,1091
4523,1091
4524,1098
4525,1091
4526,1097
4527,1097
4528,1097
4529,1097
4530,1092
4531,1097
4532,1091
4533,1097
4534,1097
4535,1097
4536,1097
4537,1097
4538,1097
4539,1091
4540,1097
4541,1097
4542,1087
4543,1097
4544,1091
4545,1097
4546,1103
4547,1103
4548,1100
4549,1097
4550,1110
4551,1100
4552,1103
4553,1109
4554,1110
4555,1103
4556,1115
4557,1110
4558,1112
4559,1112
4560,1112
4561,1102
4562,1124
4563,1121
4564,1112
4565,1121
4566,1121
4567,1124
4568,1121
4569,1121
4570,1112
4571,1115
4572,1109
4573,1115
4574,1121
4575,1112
4576,1112
4577,1097
4578,1112
4579,1115
4580,1115
4581,1112
4582,1112
4583,1100
4584,1094
4585,1103
4586,1115
4587,1118
4588,1118
4589,1072
4590,1118
4591,1118
4592,1118
4593,1113
4594,1103
4595,1112
4596,1103
4597,1118
4598,1115
4599,1112
4600,1115
4601,1073
4602,1112
4603,1112
4604,1115
4605,1115
4606,1118
4607,1112
4608,1105
4609,1115
4610,1106
4611,1115
4612,1118
4613,1118
4614,1118
4615,1106
4616,1118
4617,1121
4618,1100
4619,1112
4620,1106
4621,1118
4622,1115
4623,1115
4624,1073
4625,1112
4626,1121
4627,1118
4628,1124
4629,1118
4630,1115
4631,1102
4632,1115
4633,1112
4634,1112
4635,1079
4636,1115
4637,1112
4638,1078
4639,1112
4640,1115
4641,1100
4642,1115
4643,1094
4644,1106
4645,1094
4646,1116
4647,1109
4648,1115
4649,1122
4650,1116
4651,1115
4652,1115
4653,1122
4654,1115
4655,1121
4656,1116
4657,1109
4658,1094
4659,1106
4660,1102
4661,1094
4662,1105
4663,1119
4664,1124
4665,1119
4666,1115
4667,1109
4668,1119
4669,1124
4670,1124
4671,1119
4672,1114
4673,1124
4674,1119
4675,1124
4676,1119
4677,1124
4678,1114
4679,1124
4680,1107
4681,1119
4682,1124
4683,1094
4684,1119
4685,1124
4686,1119
4687,1109
4688,1124
4689,1119
4690,1124
4691,1130
4692,1121
4693,1133
4694,1130
4695,1133
4696,1121
4697,1130
4698,1133
4699,1121
4700,1100
4701,1114
4702,1136
4703,1133
4704,1129
4705,1114
4706,1133
4707,1136
4708,1129
4709,1114
4710,1136
4711,1130
4712,1136
4713,1139
4714,1130
4715,1102
4716,1136
4717,1139
4718,1145
4719,1146
4720,1139
4721,1136
4722,1138
4723,1136
4724,1136
4725,1136
4726,1136
4727,1134
4728,1136
4729,1130
4730,1136
4731,1136
4732,1118
4733,1118
4734,1136
4735,1133
4736,1129
4737,1118
4738,1139
4739,1139
4740,1139
4741,1133
4742,1139
4743,1139
4744,1136
4745,1139
4746,1139
4747,1139
4748,1131
4749,1130
4750,1139
4751,1139
4752,1139
4753,1139
4754,1139
4755,1127
4756,1139
4757,1136
4758,1128
4759,1145
4760,1139
4761,1128
4762,1139
4763,1128
4764,1139
4765,1137
4766,1133
4767,1128
4768,1139
4769,1127
4770,1139
4771,1139
4772,1145
4773,1142
4774,1142
4775,1148
4776,1148
4777,1145
4778,1142
4779,1142
4780,1142
4781,1145
4782,1148
4783,1142
4784,1148
4785,1145
4786,1142
4787,1148
4788,1142
4789,1148
4790,1145
4791,1142
4792,1142
4793,1145
4794,1142
4795,1148
4796,1148
4797,1142
4798,1145
4799,1148
4800,1148
4801,1142
4802,1142
4803,1145
4804,1142
4805,1142
4806,1145
4807,1148
4808,1102
4809,1148
4810,1142
4811,1148
4812,1145
4813,1133
4814,1148
4815,1142
4816,1142
4817,1145
4818,1142
4819,1148
4820,1145
4821,1139
4822,1133
4823,1139
4824,1139
4825,1139
4826,1139
4827,1139
4828,1139
4829,1139
4830,1133
4831,1139
4832,1137
4833,1139
4834,1131
4835,1139
4836,1127
4837,1145
4838,1139
4839,1128
4840,1148
4841,1148
4842,1154
4843,1151
4844,1151
4845,1150
4846,1146
4847,1148
4848,1136
4849,1148
4850,1154
4851,1142
4852,1148
4853,1145
4854,1148
4855,1154
4856,1145
4857,1148
4858,1153
4859,1145
4860,1143
4861,1103
4862,1145
4863,1158
4864,1145
4865,1154
4866,1139
4867,1148
4868,1148
4869,1148
4870,1148
4871,1138
4872,1148
4873,1148
4874,1146
4875,1148
4876,1148
4877,1148
4878,1148
4879,1154
4880,1148
4881,1148
4882,1148
4883,1148
4884,1154
4885,1148
4886,1148
4887,1148
4888,1158
4889,1157
4890,1159
4891,1154
4892,1157
4893,1151
4894,1146
4895,1157
4896,1153
4897,1157
4898,1159
4899,1154
4900,1157
4901,1158
4902,1148
4903,1148
4904,1148
4905,1148
4906,1148
4907,1148
4908,1148
4909,1148
4910,1130
4911,1148
4912,1148
4913,1136
4914,1148
4915,1142
4916,1157
4917,1146
4918,1151
4919,1154
4920,1157
4921,1157
4922,1159
4923,1158
4924,1148
4925,1148
4926,1148
4927,1154
4928,1138
4929,1148
4930,1148
4931,1148
4932,1154
4933,1148
4934,1148
4935,1148
4936,1153
4937,1152
4938,1152
4939,1152
4940,1152
4941,1145
4942,1152
4943,1152
4944,1152
4945,1152
4946,1152
4947,1145
4948,1152
4949,1152
4950,1157
4951,1160
4952,1163
4953,1160
4954,1145
4955,1143
4956,1160
4957,1145
4958,1151
4959,1148
4960,1145
4961,1157
4962,1164
4963,1160
4964,1154
4965,1164
4966,1163
4967,1160
4968,1164
4969,1163
4970,1146
4971,1164
4972,1163
4973,1160
4974,1163
4975,1164
4976,1160
4977,1152
4978,1152
4979,1152
4980,1145
4981,1152
4982,1153
4983,1148
4984,1148
4985,1148
4986,1148
4987,1139
4988,1148
4989,1148
4990,1148
4991,1148
4992,1148
4993,1148
4994,1148
4995,1158
4996,1157
4997,1159
4998,1151
4999,1157
5000,1151
5001,1146
5002,1157
5003,1159
5004,1157
5005,1151
5006,1157
5007,1151
5008,1159
5009,1157
5010,1151
5011,1157
5012,1160
5013,1163
5014,1166
5015,1149
5016,1166
5017,1163
5018,1166
5019,1160
5020,1159
5021,1151
5022,1157
5023,1142
5024,1127
5025,1142
5026,1158
5027,1151
5028,1139
5029,1151
5030,1163
5031,1166
5032,1166
5033,1166
5034,1166
5035,1154
5036,1160
5037,1166
5038,1157
5039,1166
5040,1149
5041,1166
5042,1166
5043,1166
5044,1166
5045,1133
5046,1166
5047,1160
5048,1161
5049,1139
5050,1163
5051,1166
5052,1145
5053,1166
5054,1163
5055,1161
5056,1160
5057,1139
5058,1166
5059,1133
5060,1166
5061,1166
5062,1166
5063,1169
5064,1173
5065,1154
5066,1173
5067,1169
5068,1172
5069,1157
5070,1166
5071,1173
5072,1172
5073,1173
5074,1154
5075,1173
5076,1166
5077,1172
5078,1173
5079,1157
5080,1172
5081,1173
5082,1166
5083,1173
5084,1172
5085,1173
5086,1166
5087,1157
5088,1172
5089,1175
5090,1178
5091,1171
5092,1184
5093,1187
5094,1187
5095,1184
5096,1187
5097,1178
5098,1187
5099,1178
5100,1184
5101,1187
5102,1178
5103,1187
5104,1175
5105,1184
5106,1187
5107,1187
5108,1187
5109,1172
5110,1175
5111,1172
5112,1182
5113,1175
5114,1176
5115,1178
5116,1188
5117,1172
5118,1184
5119,1181
5120,1149
5121,1191
5122,1190
5123,1190
5124,1178
5125,1194
5126,1190
5127,1190
5128,1194
5129,1194
5130,1190
5131,1163
5132,1191
5133,1181
5134,1191
5135,1175
5136,1191
5137,1187
5138,1178
5139,1165
5140,1178
5141,1166
5142,1187
5143,1191
5144,1187
5145,1181
5146,1187
5147,1178
5148,1193
5149,1194
5150,1187
5151,1187
5152,1191
5153,1191
5154,1187
5155,1181
5156,1191
5157,1187
5158,1191
5159,1191
5160,1187
5161,1172
5162,1191
5163,1181
5164,1181
5165,1172
5166,1191
5167,1184
5168,1191
5169,1190
5170,1191
5171,1175
5172,1191
5173,1181
5174,1190
5175,1191
5176,1190
5177,1191
5178,1175
5179,1181
5180,1191
5181,1185
5182,1175
5183,1170
5184,1170
5185,1151
5186,1175
5187,1175
5188,1170
5189,1181
5190,1184
5191,1190
5192,1184
5193,1187
5194,1184
5195,1190
5196,1184
5197,1187
5198,1190
5199,1190
5200,1194
5201,1187
5202,1184
5203,1194
5204,1190
5205,1187
5206,1194
5207,1169
5208,1194
5209,1187
5210,1190
5211,1194
5212,1190
5213,1187
5214,1190
5215,1194
5216,1200
5217,1196
5218,1194
5219,1209
5220,1206
5221,1187
5222,1209
5223,1190
5224,1206
5225,1193
5226,1187
5227,1209
5228,1206
5229,1209
5230,1187
5231,1193
5232,1206
5233,1209
5234,1187
5235,1206
5236,1209
5237,1152
5238,1206
5239,1206
5240,1181
5241,1209
5242,1187
5243,1206
5244,1209
5245,1206
5246,1187
5247,1193
5248,1209
5249,1190
5250,1206
5251,1183
5252,1209
5253,1190
5254,1209
5255,1187
5256,1206
5257,1193
5258,1209
5259,1206
5260,1187
5261,1202
5262,1199
5263,1214
5264,1199
5265,1205
5266,1199
5267,1214
5268,1200
5269,1199
5270,1205
5271,1211
5272,1214
5273,1194
5274,1217
5275,1220
5276,1220
5277,1200
5278,1220
5279,1208
5280,1220
5281,1220
5282,1220
5283,1215
5284,1220
5285,1220
5286,1200
5287,1211
5288,1227
5289,1216
5290,1226
5291,1223
5292,1226
5293,1227
5294,1211
5295,1218
5296,1226
5297,1227
5298,1215
5299,1214
5300,1230
5301,1235
5302,1240
5303,1211
5304,1244
5305,1244
5306,1211
5307,1238
5308,1238
5309,1223
5310,1220
5311,1238
5312,1226
5313,1232
5314,1232
5315,1238
5316,1229
5317,1220
5318,1238
5319,1220
5320,1223
5321,1229
5322,1231
5323,1231
5324,1209
5325,1229
5326,1209
5327,1235
5328,1231
5329,1231
5330,1229
5331,1223
5332,1238
5333,1220
5334,1238
5335,1229
5336,1245
5337,1229
5338,1241
5339,1245
5340,1238
5341,1220
5342,1220
5343,1233
5344,1241
5345,1241
5346,1241
5347,1244
5348,1226
5349,1241
5350,1234
5351,1244
5352,1244
5353,1241
5354,1214
5355,1244
5356,1244
5357,1241
5358,1234
5359,1244
5360,1241
5361,1244
5362,1244
5363,1250
5364,1244
5365,1250
5366,1250
5367,1250
5368,1235
5369,1250
5370,1250
5371,1238
5372,1250
5373,1250
5374,1235
5375,1250
5376,1250
5377,1252
5378,1256
5379,1256
5380,1250
5381,1253
5382,1256
5383,1256
5384,1244
5385,1256
5386,1250
5387,1238
5388,1250
5389,1247
5390,1254
5391,1261
5392,1257
5393,1254
5394,1253
5395,1253
5396,1254
5397,1257
5398,1247
5399,1262
5400,1268
5401,1276
5402,1271
5403,1256
5404,1271
5405,1276
5406,1276
5407,1268
5408,1276
5409,1276
5410,1273
5411,1272
5412,1277
5413,1265
5414,1278
5415,1271
5416,1244
5417,1278
5418,1277
5419,1262
5420,1278
5421,1266
5422,1278
5423,1277
5424,1283
5425,1273
5426,1286
5427,1283
5428,1269
5429,1274
5430,1268
5431,1269
5432,1269
5433,1283
5434,1269
5435,1269
5436,1274
5437,1268
5438,1259
5439,1269
5440,1248
5441,1269
5442,1274
5443,1268
5444,1283
5445,1269
5446,1269
5447,1269
5448,1274
5449,1268
5450,1283
5451,1269
5452,1269
5453,1259
5454,1269
5455,1268
5456,1274
5457,1269
5458,1269
5459,1283
5460,1269
5461,1268
5462,1274
5463,1269
5464,1269
5465,1283
5466,1269
5467,1262
5468,1268
5469,1274
5470,1259
5471,1269
5472,1269
5473,1269
5474,1268
5475,1283
5476,1274
5477,1269
5478,1249
5479,1274
5480,1280
5481,1274
5482,1272
5483,1250
5484,1274
5485,1274
5486,1280
5487,1288
5488,1286
5489,1274
5490,1283
5491,1286
5492,1283
5493,1286
5494,1283
5495,1286
5496,1280
5497,1283
5498,1286
5499,1277
5500,1280
5501,1274
5502,1258
5503,1280
5504,1258
5505,1280
5506,1253
5507,1271
5508,1265
5509,1274
5510,1259
5511,1251
5512,1274
5513,1283
5514,1259
5515,1274
5516,1262
5517,1259
5518,1274
5519,1278
5520,1279
5521,1283
5522,1279
5523,1283
5524,1264
5525,1265
5526,1274
5527,1280
5528,1277
5529,1286
5530,1271
5531,1286
5532,1270
5533,1286
5534,1283
5535,1277
5536,1286
5537,1274
5538,1286
5539,1277
5540,1283
5541,1286
5542,1283
5543,1274
5544,1268
5545,1265
5546,1247
5547,1283
5548,1286
5549,1277
5550,1286
5551,1274
5552,1277
5553,1278
5554,1286
5555,1277
5556,1286
5557,1283
5558,1264
5559,1287
5560,1274
5561,1294
5562,1298
5563,1274
5564,1294
5565,1283
5566,1298
5567,1295
5568,1283
5569,1274
5570,1298
5571,1294
5572,1274
5573,1299
5574,1298
5575,1296
5576,1304
5577,1298
5578,1296
5579,1296
5580,1298
5581,1284
5582,1298
5583,1304
5584,1298
5585,1296
5586,1298
5587,1308
5588,1306
5589,1289
5590,1306
5591,1309
5592,1306
5593,1308
5594,1316
5595,1316
5596,1298
5597,1277
5598,1313
5599,1316
5600,1292
5601,1310
5602,1322
5603,1318
5604,1310
5605,1316
5606,1313
5607,1301
5608,1318
5609,1304
5610,1318
5611,1301
5612,1313
5613,1313
5614,1301
5615,1311
5616,1316
5617,1296
5618,1274
5619,1311
5620,1296
5621,1301
5622,1313
5623,1307
5624,1304
5625,1318
5626,1301
5627,1313
5628,1318
5629,1304
5630,1319
5631,1301
5632,1318
5633,1313
5634,1304
5635,1318
5636,1319
5637,1301
5638,1313
5639,1304
5640,1304
5641,1318
5642,1301
5643,1318
5644,1304
5645,1313
5646,1319
5647,1318
5648,1301
5649,1304
5650,1313
5651,1318
5652,1296
5653,1311
5654,1296
5655,1310
5656,1310
5657,1313
5658,1322
5659,1319
5660,1310
5661,1325
5662,1310
5663,1332
5664,1330
5665,1324
5666,1322
5667,1328
5668,1334
5669,1342
5670,1339
5671,1339
5672,1338
5673,1339
5674,1342
5675,1338
5676,1339
5677,1342
5678,1334
5679,1340
5680,1340
5681,1337
5682,1331
5683,1340
5684,1337
5685,1340
5686,1340
5687,1331
5688,1332
5689,1340
5690,1331
5691,1343
5692,1322
5693,1349
5694,1360
5695,1336
5696,1360
5697,1358
5698,1364
5699,1354
5700,1360
5701,1346
5702,1357
5703,1336
5704,1358
5705,1360
5706,1362
5707,1316
5708,1352
5709,1316
5710,1348
5711,1316
5712,1362
5713,1316
5714,1348
5715,1316
5716,1343
5717,1304
5718,1320
5719,1348
5720,1362
5721,1320
5722,1367
5723,1361
5724,1364
5725,1361
5726,1361
5727,1365
5728,1360
5729,1361
5730,1364
5731,1361
5732,1361
5733,1355
5734,1340
5735,1278
5736,1355
5737,1367
5738,1351
5739,1340
5740,1349
5741,1351
5742,1319
5743,1278
5744,1351
5745,1347
5746,1358
5747,1352
5748,1367
5749,1366
5750,1364
5751,1337
5752,1358
5753,1364
5754,1361
5755,1364
5756,1348
5757,1361
5758,1340
5759,1358
5760,1350
5761,1361
5762,1355
5763,1364
5764,1348
5765,1355
5766,1364
5767,1355
5768,1364
5769,1348
5770,1358
5771,1356
5772,1365
5773,1367
5774,1363
5775,1370
5776,1378
5777,1370
5778,1361
5779,1378
5780,1370
5781,1378
5782,1373
5783,1377
5784,1373
5785,1370
5786,1373
5787,1377
5788,1386
5789,1377
5790,1396
5791,1394
5792,1392
5793,1396
5794,1394
5795,1392
5796,1352
5797,1394
5798,1378
5799,1385
5800,1390
5801,1394
5802,1397
5803,1399
5804,1399
5805,1377
5806,1399
5807,1390
5808,1399
5809,1397
5810,1399
5811,1394
5812,1399
5813,1396
5814,1395
5815,1391
5816,1388
5817,1379
5818,1388
5819,1388
5820,1379
5821,1388
5822,1388
5823,1397
5824,1395
5825,1393
5826,1395
5827,1397
5828,1392
5829,1373
5830,1392
5831,1393
5832,1388
5833,1367
5834,1392
5835,1395
5836,1379
5837,1388
5838,1392
5839,1358
5840,1362
5841,1390
5842,1383
5843,1373
5844,1391
5845,1382
5846,1382
5847,1393
5848,1382
5849,1364
5850,1393
5851,1382
5852,1397
5853,1393
5854,1382
5855,1393
5856,1382
5857,1364
5858,1382
5859,1393
5860,1382
5861,1397
5862,1388
5863,1382
5864,1364
5865,1388
5866,1382
5867,1382
5868,1388
5869,1382
5870,1399
5871,1397
5872,1379
5873,1397
5874,1379
5875,1397
5876,1389
5877,1394
5878,1379
5879,1397
5880,1397
5881,1379
5882,1370
5883,1397
5884,1379
5885,1394
5886,1397
5887,1379
5888,1397
5889,1379
5890,1394
5891,1397
5892,1379
5893,1397
5894,1397
5895,1384
5896,1394
5897,1370
5898,1391
5899,1397
5900,1379
5901,1397
5902,1394
5903,1400
5904,1400
5905,1407
5906,1388
5907,1397
5908,1400
5909,1407
5910,1391
5911,1397
5912,1384
5913,1393
5914,1403
5915,1397
5916,1406
5917,1395
5918,1403
5919,1409
5920,1409
5921,1391
5922,1409
5923,1409
5924,1403
5925,1397
5926,1406
5927,1403
5928,1402
5929,1394
5930,1410
5931,1397
5932,1407
5933,1415
5934,1408
5935,1407
5936,1408
5937,1410
5938,1412
5939,1410
5940,1415
5941,1418
5942,1406
5943,1406
5944,1406
5945,1415
5946,1412
5947,1400
5948,1410
5949,1410
5950,1406
5951,1412
5952,1410
5953,1410
5954,1400
5955,1410
5956,1412
5957,1410
5958,1409
5959,1397
5960,1388
5961,1408
5962,1394
5963,1406
5964,1406
5965,1402
5966,1388
5967,1373
5968,1406
5969,1406
5970,1406
5971,1386
5972,1406
5973,1385
5974,1394
5975,1385
5976,1402
5977,1406
5978,1394
5979,1385
5980,1386
5981,1406
5982,1406
5983,1354
5984,1406
5985,1388
5986,1402
5987,1406
5988,1406
5989,1406
5990,1373
5991,1388
5992,1406
5993,1406
5994,1403
5995,1407
5996,1401
5997,1378
5998,1409
5999,1407
6000,1406
6001,1403
6002,1401
6003,1403
6004,1403
6005,1409
6006,1401
6007,1407
6008,1407
6009,1401
6010,1392
6011,1378
6012,1407
6013,1405
6014,1413
6015,1411
6016,1418
6017,1412
6018,1415
6019,1418
6020,1406
6021,1412
6022,1414
6023,1386
6024,1402
6025,1406
6026,1417
6027,1411
6028,1409
6029,1417
6030,1386
6031,1406
6032,1395
6033,1386
6034,1406
6035,1385
6036,1408
6037,1406
6038,1395
6039,1409
6040,1407
6041,1415
6042,1407
6043,1409
6044,1412
6045,1407
6046,1410
6047,1409
6048,1407
6049,1406
6050,1407
6051,1409
6052,1407
6053,1395
6054,1385
6055,1406
6056,1403
6057,1385
6058,1403
6059,1385
6060,1406
6061,1413
6062,1408
6063,1404
6064,1408
6065,1385
6066,1408
6067,1385
6068,1406
6069,1408
6070,1385
6071,1385
6072,1408
6073,1406
6074,1382
6075,1395
6076,1394
6077,1386
6078,1406
6079,1397
6080,1386
6081,1414
6082,1418
6083,1408
6084,1406
6085,1421
6086,1424
6087,1426
6088,1406
6089,1426
6090,1421
6091,1424
6092,1426
6093,1406
6094,1426
6095,1425
6096,1412
6097,1427
6098,1412
6099,1427
6100,1432
6101,1433
6102,1436
6103,1410
6104,1424
6105,1432
6106,1410
6107,1436
6108,1439
6109,1409
6110,1435
6111,1437
6112,1426
6113,1424
6114,1435
6115,1426
6116,1444
6117,1443
6118,1450
6119,1443
6120,1438
6121,1451
6122,1454
6123,1451
6124,1457
6125,1459
6126,1460
6127,1459
6128,1460
6129,1434
6130,1440
6131,1454
6132,1467
6133,1468
6134,1467
6135,1462
6136,1467
6137,1459
6138,1468
6139,1467
6140,1466
6141,1472
6142,1457
6143,1469
6144,1475
6145,1473
6146,1477
6147,1472
6148,1459
6149,1477
6150,1473
6151,1477
6152,1441
6153,1477
6154,1472
6155,1461
6156,1477
6157,1473
6158,1477
6159,1477
6160,1473
6161,1478
6162,1484
6163,1486
6164,1466
6165,1486
6166,1484
6167,1481
6168,1475
6169,1471
6170,1481
6171,1484
6172,1478
6173,1477
6174,1469
6175,1477
6176,1469
6177,1477
6178,1472
6179,1477
6180,1469
6181,1477
6182,1461
6183,1477
6184,1469
6185,1481
6186,1464
6187,1464
6188,1476
6189,1464
6190,1488
6191,1486
6192,1478
6193,1488
6194,1481
6195,1464
6196,1476
6197,1483
6198,1473
6199,1477
6200,1474
6201,1477
6202,1469
6203,1481
6204,1484
6205,1486
6206,1480
6207,1484
6208,1478
6209,1472
6210,1486
6211,1479
6212,1484
6213,1483
6214,1472
6215,1459
6216,1460
6217,1481
6218,1475
6219,1481
6220,1473
6221,1473
6222,1484
6223,1478
6224,1490
6225,1487
6226,1482
6227,1490
6228,1487
6229,1481
6230,1480
6231,1481
6232,1501
6233,1502
6234,1492
6235,1498
6236,1502
6237,1491
6238,1504
6239,1490
6240,1499
6241,1496
6242,1504
6243,1493
6244,1492
6245,1489
6246,1502
6247,1484
6248,1502
6249,1502
6250,1500
6251,1505
6252,1502
6253,1499
6254,1502
6255,1500
6256,1502
6257,1502
6258,1493
6259,1504
6260,1499
6261,1490
6262,1504
6263,1491
6264,1501
6265,1499
6266,1484
6267,1504
6268,1487
6269,1501
6270,1490
6271,1496
6272,1499
6273,1504
6274,1506
6275,1505
6276,1505
6277,1505
6278,1505
6279,1505
6280,1499
6281,1505
6282,1505
6283,1505
6284,1493
6285,1505
6286,1505
6287,1499
6288,1505
6289,1505
6290,1501
6291,1502
6292,1502
6293,1499
6294,1502
6295,1500
6296,1502
6297,1502
6298,1493
6299,1502
6300,1501
6301,1501
6302,1505
6303,1501
6304,1505
6305,1501
6306,1499
6307,1501
6308,1505
6309,1501
6310,1505
6311,1501
6312,1511
6313,1501
6314,1500
6315,1501
6316,1516
6317,1505
6318,1501
6319,1509
6320,1516
6321,1501
6322,1510
6323,1501
6324,1516
6325,1505
6326,1516
6327,1519
6328,1508
6329,1519
6330,1508
6331,1517
6332,1493
6333,1507
6334,1486
6335,1502
6336,1464
6337,1507
6338,1493
6339,1517
6340,1508
6341,1519
6342,1508
6343,1519
6344,1516
6345,1505
6346,1516
6347,1496
6348,1501
6349,1505
6350,1501
6351,1499
6352,1505
6353,1501
6354,1501
6355,1505
6356,1501
6357,1496
6358,1502
6359,1501
6360,1496
6361,1502
6362,1508
6363,1513
6364,1509
6365,1511
6366,1493
6367,1498
6368,1502
6369,1493
6370,1493
6371,1498
6372,1501
6373,1506
6374,1473
6375,1500
6376,1473
6377,1508
6378,1505
6379,1500
6380,1473
6381,1508
6382,1473
6383,1500
6384,1508
6385,1473
6386,1505
6387,1495
6388,1492
6389,1506
6390,1504
6391,1505
6392,1492
6393,1511
6394,1510
6395,1484
6396,1498
6397,1492
6398,1495
6399,1498
6400,1492
6401,1508
6402,1493
6403,1492
6404,1495
6405,1512
6406,1514
6407,1510
6408,1506
6409,1514
6410,1514
6411,1511
6412,1519
6413,1518
6414,1511
6415,1518
6416,1519
6417,1511
6418,1525
6419,1514
6420,1511
6421,1514
6422,1522
6423,1514
6424,1522
6425,1514
6426,1520
6427,1522
6428,1514
6429,1514
6430,1522
6431,1514
6432,1522
6433,1514
6434,1525
6435,1529
6436,1511
6437,1534
6438,1529
6439,1525
6440,1534
6441,1529
6442,1520
6443,1516
6444,1529
6445,1525
6446,1534
6447,1529
6448,1526
6449,1534
6450,1529
6451,1525
6452,1516
6453,1534
6454,1529
6455,1489
6456,1514
6457,1522
6458,1518
6459,1509
6460,1511
6461,1518
6462,1514
6463,1522
6464,1488
6465,1525
6466,1529
6467,1534
6468,1529
6469,1516
6470,1534
6471,1526
6472,1524
6473,1525
6474,1525
6475,1525
6476,1525
6477,1519
6478,1525
6479,1477
6480,1525
6481,1501
6482,1529
6483,1525
6484,1519
6485,1506
6486,1525
6487,1477
6488,1526
6489,1532
6490,1528
6491,1532
6492,1505
6493,1520
6494,1528
6495,1528
6496,1532
6497,1523
6498,1533
6499,1532
6500,1526
6501,1525
6502,1519
6503,1477
6504,1525
6505,1501
6506,1525
6507,1526
6508,1528
6509,1532
6510,1533
6511,1504
6512,1532
6513,1536
6514,1539
6515,1521
6516,1531
6517,1538
6518,1521
6519,1539
6520,1531
6521,1506
6522,1523
6523,1532
6524,1530
6525,1526
6526,1499
6527,1530
6528,1532
6529,1531
6530,1526
6531,1532
6532,1530
6533,1526
6534,1528
6535,1533
6536,1528
6537,1527
6538,1533
6539,1496
6540,1528
6541,1533
6542,1526
6543,1530
6544,1532
6545,1526
6546,1531
6547,1530
6548,1532
6549,1504
6550,1522
6551,1530
6552,1532
6553,1522
6554,1530
6555,1504
6556,1532
6557,1530
6558,1522
6559,1533
6560,1518
6561,1527
6562,1518
6563,1533
6564,1532
6565,1530
6566,1534
6567,1540
6568,1539
6569,1527
6570,1540
6571,1540
6572,1542
6573,1545
6574,1533
6575,1544
6576,1550
6577,1558
6578,1556
6579,1558
6580,1553
6581,1558
6582,1558
6583,1556
6584,1553
6585,1547
6586,1553
6587,1558
6588,1556
6589,1558
6590,1553
6591,1538
6592,1530
6593,1538
6594,1545
6595,1545
6596,1530
6597,1545
6598,1538
6599,1530
6600,1545
6601,1549
6602,1530
6603,1545
6604,1543
6605,1555
6606,1540
6607,1530
6608,1549
6609,1558
6610,1553
6611,1549
6612,1558
6613,1556
6614,1549
6615,1530
6616,1545
6617,1545
6618,1543
6619,1530
6620,1545
6621,1530
6622,1545
6623,1543
6624,1545
6625,1530
6626,1555
6627,1545
6628,1553
6629,1540
6630,1530
6631,1555
6632,1545
6633,1543
6634,1530
6635,1545
6636,1539
6637,1550
6638,1541
6639,1529
6640,1551
6641,1551
6642,1543
6643,1551
6644,1552
6645,1551
6646,1559
6647,1551
6648,1561
6649,1561
6650,1549
6651,1541
6652,1561
6653,1561
6654,1562
6655,1551
6656,1564
6657,1566
6658,1568
6659,1554
6660,1564
6661,1553
6662,1566
6663,1556
6664,1575
6665,1574
6666,1570
6667,1567
6668,1574
6669,1566
6670,1580
6671,1576
6672,1565
6673,1576
6674,1579
6675,1576
6676,1564
6677,1574
6678,1576
6679,1579
6680,1576
6681,1574
6682,1579
6683,1569
6684,1576
6685,1576
6686,1579
6687,1582
6688,1588
6689,1579
6690,1578
6691,1574
6692,1573
6693,1572
6694,1572
6695,1574
6696,1572
6697,1583
6698,1585
6699,1586
6700,1573
6701,1582
6702,1571
6703,1582
6704,1583
6705,1586
6706,1571
6707,1586
6708,1586
6709,1587
6710,1594
6711,1586
6712,1587
6713,1594
6714,1586
6715,1587
6716,1582
6717,1580
6718,1594
6719,1577
6720,1587
6721,1594
6722,1582
6723,1587
6724,1593
6725,1582
6726,1593
6727,1595
6728,1586
6729,1570
6730,1586
6731,1593
6732,1587
6733,1586
6734,1594
6735,1587
6736,1586
6737,1586
6738,1571
6739,1585
6740,1576
6741,1574
6742,1574
6743,1576
6744,1585
6745,1571
6746,1583
6747,1556
6748,1580
6749,1576
6750,1583
6751,1581
6752,1588
6753,1583
6754,1582
6755,1581
6756,1579
6757,1588
6758,1557
6759,1574
6760,1588
6761,1575
6762,1583
6763,1582
6764,1581
6765,1568
6766,1588
6767,1582
6768,1579
6769,1576
6770,1569
6771,1576
6772,1579
6773,1565
6774,1565
6775,1574
6776,1571
6777,1580
6778,1567
6779,1574
6780,1570
6781,1570
6782,1573
6783,1567
6784,1568
6785,1553
6786,1568
6787,1567
6788,1568
6789,1553
6790,1561
6791,1543
6792,1545
6793,1545
6794,1567
6795,1562
6796,1565
6797,1564
6798,1562
6799,1558
6800,1562
6801,1566
6802,1545
6803,1528
6804,1554
6805,1545
6806,1528
6807,1554
6808,1545
6809,1549
6810,1545
6811,1554
6812,1528
6813,1560
6814,1554
6815,1545
6816,1566
6817,1565
6818,1564
6819,1567
6820,1553
6821,1567
6822,1558
6823,1567
6824,1553
6825,1567
6826,1565
6827,1567
6828,1574
6829,1554
6830,1566
6831,1574
6832,1572
6833,1574
6834,1564
6835,1574
6836,1566
6837,1557
6838,1574
6839,1558
6840,1566
6841,1574
6842,1576
6843,1571
6844,1575
6845,1578
6846,1575
6847,1582
6848,1580
6849,1582
6850,1577
6851,1574
6852,1576
6853,1574
6854,1580
6855,1576
6856,1574
6857,1574
6858,1584
6859,1586
6860,1576
6861,1594
6862,1579
6863,1594
6864,1597
6865,1603
6866,1601
6867,1600
6868,1601
6869,1597
6870,1601
6871,1600
6872,1601
6873,1604
6874,1594
6875,1603
6876,1606
6877,1606
6878,1607
6879,1611
6880,1612
6881,1616
6882,1620
6883,1624
6884,1621
6885,1620
6886,1606
6887,1621
6888,1624
6889,1621
6890,1624
6891,1621
6892,1620
6893,1616
6894,1614
6895,1600
6896,1615
6897,1609
6898,1613
6899,1614
6900,1612
6901,1598
6902,1609
6903,1607
6904,1616
6905,1591
6906,1607
6907,1607
6908,1616
6909,1624
6910,1612
6911,1616
6912,1602
6913,1624
6914,1624
6915,1619
6916,1625
6917,1621
6918,1621
6919,1619
6920,1626
6921,1633
6922,1622
6923,1633
6924,1627
6925,1633
6926,1622
6927,1633
6928,1622
6929,1638
6930,1634
6931,1622
6932,1642
6933,1622
6934,1624
6935,1626
6936,1631
6937,1591
6938,1626
6939,1636
6940,1622
6941,1642
6942,1622
6943,1634
6944,1642
6945,1622
6946,1638
6947,1627
6948,1633
6949,1633
6950,1627
6951,1616
6952,1627
6953,1633
6954,1632
6955,1627
6956,1633
6957,1633
6958,1624
6959,1636
6960,1640
6961,1639
6962,1637
6963,1639
6964,1636
6965,1633
6966,1640
6967,1639
6968,1636
6969,1641
6970,1629
6971,1646
6972,1648
6973,1651
6974,1645
6975,1651
6976,1648
6977,1640
6978,1650
6979,1616
6980,1622
6981,1635
6982,1622
6983,1616
6984,1638
6985,1618
6986,1635
6987,1633
6988,1622
6989,1616
6990,1651
6991,1639
6992,1644
6993,1648
6994,1639
6995,1651
6996,1646
6997,1618
6998,1621
6999,1633
7000,1630
7001,1636
7002,1642
7003,1627
7004,1640
7005,1648
7006,1642
7007,1642
7008,1642
7009,1635
7010,1654
7011,1644
7012,1654
7013,1657
7014,1656
7015,1633
7016,1643
7017,1652
7018,1645
7019,1646
7020,1654
7021,1642
7022,1622
7023,1650
7024,1648
7025,1640
7026,1635
7027,1640
7028,1648
7029,1648
7030,1654
7031,1640
7032,1635
7033,1631
7034,1654
7035,1640
7036,1657
7037,1654
7038,1630
7039,1640
7040,1655
7041,1631
7042,1654
7043,1640
7044,1633
7045,1640
7046,1657
7047,1656
7048,1652
7049,1638
7050,1652
7051,1656
7052,1654
7053,1639
7054,1647
7055,1643
7056,1654
7057,1646
7058,1639
7059,1654
7060,1644
7061,1639
7062,1630
7063,1645
7064,1647
7065,1636
7066,1645
7067,1647
7068,1603
7069,1645
7070,1644
7071,1647
7072,1645
7073,1645
7074,1647
7075,1644
7076,1645
7077,1647
7078,1645
7079,1647
7080,1622
7081,1642
7082,1607
7083,1622
7084,1621
7085,1643
7086,1642
7087,1642
7088,1645
7089,1633
7090,1642
7091,1616
7092,1633
7093,1639
7094,1642
7095,1634
7096,1639
7097,1642
7098,1639
7099,1633
7100,1634
7101,1633
7102,1639
7103,1642
7104,1633
7105,1631
7106,1633
7107,1631
7108,1633
7109,1627
7110,1631
7111,1633
7112,1621
7113,1608
7114,1608
7115,1608
7116,1603
7117,1608
7118,1621
7119,1615
7120,1626
7121,1626
7122,1620
7123,1633
7124,1631
7125,1633
7126,1634
7127,1633
7128,1631
7129,1636
7130,1623
7131,1641
7132,1632
7133,1641
7134,1623
7135,1638
7136,1641
7137,1635
7138,1645
7139,1646
7140,1651
7141,1647
7142,1648
7143,1651
7144,1647
7145,1648
7146,1630
7147,1651
7148,1648
7149,1647
7150,1648
7151,1651
7152,1647
7153,1648
7154,1648
7155,1656
7156,1648
7157,1648
7158,1648
7159,1656
7160,1648
7161,1648
7162,1649
7163,1648
7164,1656
7165,1648
7166,1648
7167,1648
7168,1656
7169,1648
7170,1648
7171,1648
7172,1641
7173,1656
7174,1648
7175,1648
7176,1648
7177,1647
7178,1648
7179,1651
7180,1646
7181,1645
7182,1645
7183,1651
7184,1647
7185,1647
7186,1643
7187,1643
7188,1636
7189,1630
7190,1633
7191,1636
7192,1619
7193,1646
7194,1650
7195,1624
7196,1636
7197,1636
7198,1653
7199,1653
7200,1624
7201,1650
7202,1633
7203,1635
7204,1648
7205,1629
7206,1644
7207,1648
7208,1649
7209,1635
7210,1644
7211,1651
7212,1627
7213,1646
7214,1636
7215,1627
7216,1627
7217,1636
7218,1636
7219,1644
7220,1634
7221,1648
7222,1646
7223,1648
7224,1644
7225,1624
7226,1639
7227,1647
7228,1645
7229,1654
7230,1654
7231,1650
7232,1640
7233,1657
7234,1654
7235,1654
7236,1654
7237,1641
7238,1654
7239,1654
7240,1648
7241,1654
7242,1654
7243,1640
7244,1641
7245,1654
7246,1654
7247,1654
7248,1654
7249,1641
7250,1654
7251,1654
7252,1653
7253,1652
7254,1652
7255,1654
7256,1651
7257,1612
7258,1647
7259,1636
7260,1612
7261,1641
7262,1651
7263,1612
7264,1644
7265,1642
7266,1645
7267,1651
7268,1657
7269,1654
7270,1651
7271,1661
7272,1666
7273,1666
7274,1654
7275,1635
7276,1651
7277,1635
7278,1661
7279,1651
7280,1635
7281,1635
7282,1604
7283,1660
7284,1661
7285,1643
7286,1665
7287,1660
7288,1659
7289,1654
7290,1657
7291,1654
7292,1659
7293,1648
7294,1655
7295,1646
7296,1655
7297,1651
7298,1651
7299,1645
7300,1655
7301,1655
7302,1655
7303,1646
7304,1655
7305,1655
7306,1637
7307,1655
7308,1645
7309,1603
7310,1654
7311,1648
7312,1654
7313,1657
7314,1642
7315,1621
7316,1654
7317,1642
7318,1653
7319,1640
7320,1654
7321,1655
7322,1653
7323,1651
7324,1632
7325,1651
7326,1651
7327,1618
7328,1637
7329,1651
7330,1642
7331,1652
7332,1654
7333,1642
7334,1652
7335,1654
7336,1645
7337,1660
7338,1655
7339,1652
7340,1660
7341,1645
7342,1655
7343,1653
7344,1635
7345,1663
7346,1663
7347,1660
7348,1663
7349,1638
7350,1663
7351,1663
7352,1669
7353,1668
7354,1657
7355,1660
7356,1662
7357,1621
7358,1656
7359,1658
7360,1621
7361,1669
7362,1661
7363,1649
7364,1669
7365,1658
7366,1662
7367,1621
7368,1656
7369,1670
7370,1667
7371,1654
7372,1670
7373,1667
7374,1636
7375,1656
7376,1667
7377,1670
7378,1663
7379,1666
7380,1677
7381,1666
7382,1684
7383,1678
7384,1684
7385,1674
7386,1678
7387,1677
7388,1678
7389,1677
7390,1667
7391,1673
7392,1668
7393,1673
7394,1669
7395,1673
7396,1675
7397,1665
7398,1672
7399,1666
7400,1672
7401,1677
7402,1684
7403,1676
7404,1684
7405,1685
7406,1684
7407,1657
7408,1689
7409,1687
7410,1669
7411,1684
7412,1690
7413,1675
7414,1678
7415,1690
7416,1678
7417,1695
7418,1678
7419,1681
7420,1695
7421,1690
7422,1678
7423,1692
7424,1691
7425,1685
7426,1700
7427,1699
7428,1708
7429,1693
7430,1708
7431,1708
7432,1689
7433,1693
7434,1708
7435,1708
7436,1708
7437,1699
7438,1685
7439,1700
7440,1702
7441,1657
7442,1684
7443,1694
7444,1696
7445,1700
7446,1700
7447,1700
7448,1696
7449,1707
7450,1677
7451,1700
7452,1707
7453,1694
7454,1691
7455,1657
7456,1700
7457,1702
7458,1685
7459,1677
7460,1679
7461,1703
7462,1699
7463,1693
7464,1679
7465,1687
7466,1703
7467,1702
7468,1702
7469,1680
7470,1690
7471,1684
7472,1702
7473,1700
7474,1680
7475,1690
7476,1690
7477,1680
7478,1702
7479,1690
7480,1700
7481,1680
7482,1702
7483,1690
7484,1680
7485,1685
7486,1690
7487,1679
7488,1700
7489,1672
7490,1703
7491,1702
7492,1699
7493,1703
7494,1711
7495,1705
7496,1711
7497,1711
7498,1690
7499,1693
7500,1680
7501,1708
7502,1708
7503,1702
7504,1702
7505,1702
7506,1690
7507,1707
7508,1702
7509,1707
7510,1709
7511,1687
7512,1702
7513,1702
7514,1707
7515,1702
7516,1707
7517,1690
7518,1707
7519,1702
7520,1717
7521,1711
7522,1697
7523,1717
7524,1722
7525,1714
7526,1722
7527,1690
7528,1722
7529,1714
7530,1723
7531,1722
7532,1707
7533,1714
7534,1722
7535,1728
7536,1716
7537,1732
7538,1727
7539,1718
7540,1717
7541,1725
7542,1718
7543,1718
7544,1719
7545,1711
7546,1726
7547,1711
7548,1720
7549,1724
7550,1726
7551,1730
7552,1714
7553,1732
7554,1732
7555,1720
7556,1726
7557,1731
7558,1723
7559,1714
7560,1737
7561,1732
7562,1737
7563,1735
7564,1732
7565,1717
7566,1737
7567,1732
7568,1730
7569,1737
7570,1735
7571,1732
7572,1723
7573,1726
7574,1732
7575,1735
7576,1737
7577,1732
7578,1732
7579,1732
7580,1732
7581,1732
7582,1732
7583,1735
7584,1722
7585,1732
7586,1717
7587,1732
7588,1732
7589,1732
7590,1737
7591,1715
7592,1732
7593,1732
7594,1737
7595,1732
7596,1741
7597,1739
7598,1744
7599,1741
7600,1731
7601,1744
7602,1738
7603,1746
7604,1750
7605,1746
7606,1756
7607,1756
7608,1746
7609,1756
7610,1756
7611,1753
7612,1741
7613,1756
7614,1756
7615,1745
7616,1741
7617,1758
7618,1759
7619,1761
7620,1765
7621,1756
7622,1747
7623,1759
7624,1765
7625,1764
7626,1747
7627,1765
7628,1761
7629,1759
7630,1765
7631,1747
7632,1768
7633,1771
7634,1768
7635,1766
7636,1771
7637,1771
7638,1771
7639,1774
7640,1766
7641,1771
7642,1757
7643,1768
7644,1768
7645,1768
7646,1768
7647,1771
7648,1768
7649,1768
7650,1766
7651,1763
7652,1771
7653,1754
7654,1776
7655,1778
7656,1774
7657,1783
7658,1777
7659,1789
7660,1788
7661,1788
7662,1784
7663,1788
7664,1774
7665,1779
7666,1792
7667,1792
7668,1789
7669,1797
7670,1783
7671,1792
7672,1794
7673,1797
7674,1794
7675,1797
7676,1794
7677,1787
7678,1790
7679,1790
7680,1756
7681,1789
7682,1789
7683,1756
7684,1790
7685,1789
7686,1756
7687,1752
7688,1789
7689,1756
7690,1789
7691,1792
7692,1790
7693,1760
7694,1789
7695,1771
7696,1783
7697,1786
7698,1785
7699,1763
7700,1783
7701,1786
7702,1792
7703,1786
7704,1751
7705,1783
7706,1786
7707,1785
7708,1792
7709,1783
7710,1786
7711,1763
7712,1786
7713,1783
7714,1786
7715,1777
7716,1774
7717,1789
7718,1768
7719,1774
7720,1789
7721,1774
7722,1789
7723,1765
7724,1784
7725,1761
7726,1792
7727,1792
7728,1796
7729,1792
7730,1786
7731,1801
7732,1783
7733,1799
7734,1792
7735,1786
7736,1801
7737,1783
7738,1786
7739,1799
7740,1797
7741,1792
7742,1783
7743,1786
7744,1801
7745,1799
7746,1786
7747,1804
7748,1803
7749,1804
7750,1801
7751,1802
7752,1804
7753,1810
7754,1810
7755,1800
7756,1814
7757,1808
7758,1799
7759,1810
7760,1811
7761,1814
7762,1810
7763,1818
7764,1807
7765,1816
7766,1807
7767,1816
7768,1810
7769,1807
7770,1816
7771,1807
7772,1825
7773,1814
7774,1830
7775,1831
7776,1830
7777,1831
7778,1828
7779,1830
7780,1831
7781,1829
7782,1816
7783,1827
7784,1805
7785,1824
7786,1830
7787,1828
7788,1824
7789,1816
7790,1830
7791,1815
7792,1824
7793,1815
7794,1830
7795,1805
7796,1816
7797,1799
7798,1806
7799,1821
7800,1806
7801,1825
7802,1806
7803,1806
7804,1806
7805,1821
7806,1806
7807,1829
7808,1810
7809,1825
7810,1823
7811,1834
7812,1825
7813,1825
7814,1819
7815,1825
7816,1824
7817,1792
7818,1811
7819,1815
7820,1812
7821,1792
7822,1812
7823,1811
7824,1792
7825,1815
7826,1812
7827,1811
7828,1792
7829,1799
7830,1813
7831,1824
7832,1813
7833,1799
7834,1812
7835,1798
7836,1824
7837,1815
7838,1812
7839,1811
7840,1798
7841,1810
7842,1810
7843,1800
7844,1810
7845,1816
7846,1825
7847,1823
7848,1825
7849,1810
7850,1816
7851,1800
7852,1810
7853,1819
7854,1810
7855,1805
7856,1802
7857,1810
7858,1825
7859,1821
7860,1827
7861,1825
7862,1819
7863,1825
7864,1815
7865,1827
7866,1825
7867,1825
7868,1822
7869,1813
7870,1807
7871,1813
7872,1813
7873,1822
7874,1823
7875,1814
7876,1825
7877,1825
7878,1765
7879,1825
7880,1822
7881,1825
7882,1825
7883,1804
7884,1822
7885,1825
7886,1825
7887,1807
7888,1816
7889,1765
7890,1813
7891,1816
7892,1813
7893,1804
7894,1777
7895,1807
7896,1812
7897,1801
7898,1804
7899,1812
7900,1812
7901,1822
7902,1827
7903,1827
7904,1818
7905,1816
7906,1807
7907,1828
7908,1807
7909,1806
7910,1828
7911,1807
7912,1828
7913,1816
7914,1807
7915,1828
7916,1807
7917,1828
7918,1816
7919,1807
7920,1828
7921,1829
7922,1831
7923,1833
7924,1834
7925,1840
7926,1834
7927,1841
7928,1852
7929,1843
7930,1849
7931,1847
7932,1852
7933,1849
7934,1843
7935,1852
7936,1838
7937,1849
7938,1852
7939,1847
7940,1846
7941,1852
7942,1847
7943,1846
7944,1852
7945,1837
7946,1840
7947,1855
7948,1845
7949,1852
7950,1843
7951,1849
7952,1852
7953,1843
7954,1849
7955,1852
7956,1857
7957,1847
7958,1852
7959,1858
7960,1858
7961,1863
7962,1864
7963,1860
7964,1855
7965,1863
7966,1864
7967,1863
7968,1855
7969,1864
7970,1863
7971,1858
7972,1846
7973,1848
7974,1847
7975,1857
7976,1848
7977,1847
7978,1860
7979,1859
7980,1853
7981,1858
7982,1858
7983,1852
7984,1867
7985,1869
7986,1855
7987,1867
7988,1861
7989,1855
7990,1867
7991,1869
7992,1867
7993,1855
7994,1861
7995,1867
7996,1855
7997,1869
7998,1867
7999,1861
8000,1858
8001,1867
8002,1855
8003,1869
8004,1861
8005,1856
8006,1855
8007,1867
8008,1869
8009,1855
8010,1867
8011,1861
8012,1867
8013,1855
8014,1869
8015,1867
8016,1861
8017,1855
8018,1872
8019,1867
8020,1876
8021,1864
8022,1867
8023,1864
8024,1876
8025,1864
8026,1864
8027,1867
8028,1876
8029,1864
8030,1867
8031,1876
8032,1864
8033,1867
8034,1876
8035,1872
8036,1855
8037,1856
8038,1869
8039,1861
8040,1867
8041,1855
8042,1861
8043,1870
8044,1869
8045,1867
8046,1873
8047,1871
8048,1870
8049,1869
8050,1867
8051,1873
8052,1870
8053,1871
8054,1869
8055,1852
8056,1870
8057,1873
8058,1870
8059,1869
8060,1862
8061,1873
8062,1870
8063,1864
8064,1867
8065,1855
8066,1869
8067,1861
8068,1867
8069,1855
8070,1848
8071,1856
8072,1855
8073,1861
8074,1867
8075,1869
8076,1858
8077,1867
8078,1855
8079,1857
8080,1869
8081,1867
8082,1858
8083,1855
8084,1861
8085,1869
8086,1867
8087,1855
8088,1867
8089,1861
8090,1867
8091,1869
8092,1855
8093,1867
8094,1855
8095,1867
8096,1861
8097,1869
8098,1867
8099,1858
8100,1855
8101,1861
8102,1869
8103,1867
8104,1855
8105,1867
8106,1861
8107,1855
8108,1867
8109,1869
8110,1856
8111,1855
8112,1861
8113,1867
8114,1869
8115,1855
8116,1858
8117,1867
8118,1857
8119,1869
8120,1867
8121,1855
8122,1857
8123,1858
8124,1858
8125,1852
8126,1858
8127,1859
8128,1858
8129,1858
8130,1858
8131,1852
8132,1859
8133,1858
8134,1858
8135,1845
8136,1858
8137,1859
8138,1858
8139,1852
8140,1858
8141,1858
8142,1858
8143,1859
8144,1858
8145,1858
8146,1855
8147,1858
8148,1859
8149,1845
8150,1858
8151,1858
8152,1852
8153,1858
8154,1859
8155,1858
8156,1858
8157,1858
8158,1858
8159,1859
8160,1858
8161,1855
8162,1858
8163,1857
8164,1861
8165,1851
8166,1867
8167,1869
8168,1867
8169,1872
8170,1876
8171,1867
8172,1858
8173,1867
8174,1873
8175,1865
8176,1869
8177,1873
8178,1865
8179,1844
8180,1865
8181,1873
8182,1869
8183,1864
8184,1867
8185,1857
8186,1851
8187,1867
8188,1869
8189,1845
8190,1864
8191,1867
8192,1867
8193,1867
8194,1847
8195,1867
8196,1849
8197,1867
8198,1870
8199,1876
8200,1875
8201,1876
8202,1864
8203,1875
8204,1875
8205,1878
8206,1858
8207,1864
8208,1878
8209,1877
8210,1878
8211,1858
8212,1872
8213,1878
8214,1875
8215,1876
8216,1869
8217,1875
8218,1876
8219,1875
8220,1858
8221,1876
8222,1870
8223,1866
8224,1864
8225,1858
8226,1870
8227,1870
8228,1825
8229,1850
8230,1870
8231,1848
8232,1854
8233,1858
8234,1854
8235,1854
8236,1858
8237,1852
8238,1854
8239,1854
8240,1858
8241,1867
8242,1843
8243,1864
8244,1867
8245,1858
8246,1843
8247,1858
8248,1863
8249,1855
8250,1846
8251,1865
8252,1861
8253,1858
8254,1865
8255,1846
8256,1855
8257,1865
8258,1867
8259,1876
8260,1864
8261,1882
8262,1879
8263,1882
8264,1879
8265,1882
8266,1875
8267,1882
8268,1879
8269,1882
8270,1846
8271,1876
8272,1865
8273,1861
8274,1875
8275,1879
8276,1882
8277,1882
8278,1879
8279,1872
8280,1882
8281,1879
8282,1882
8283,1879
8284,1875
8285,1876
8286,1871
8287,1870
8288,1873
8289,1876
8290,1863
8291,1868
8292,1840
8293,1867
8294,1876
8295,1882
8296,1867
8297,1879
8298,1879
8299,1879
8300,1882
8301,1873
8302,1879
8303,1879
8304,1882
8305,1879
8306,1865
8307,1879
8308,1867
8309,1870
8310,1858
8311,1870
8312,1882
8313,1882
8314,1887
8315,1884
8316,1884
8317,1887
8318,1885
8319,1884
8320,1867
8321,1884
8322,1861
8323,1887
8324,1884
8325,1885
8326,1887
8327,1884
8328,1884
8329,1887
8330,1876
8331,1876
8332,1884
8333,1881
8334,1855
8335,1878
8336,1876
8337,1861
8338,1857
8339,1867
8340,1870
8341,1878
8342,1867
8343,1857
8344,1873
8345,1876
8346,1878
8347,1867
8348,1885
8349,1867
8350,1849
8351,1861
8352,1878
8353,1870
8354,1846
8355,1870
8356,1882
8357,1846
8358,1870
8359,1885
8360,1882
8361,1876
8362,1873
8363,1846
8364,1882
8365,1885
8366,1876
8367,1873
8368,1870
8369,1882
8370,1846
8371,1882
8372,1870
8373,1879
8374,1887
8375,1870
8376,1878
8377,1887
8378,1890
8379,1885
8380,1879
8381,1894
8382,1891
8383,1885
8384,1882
8385,1894
8386,1900
8387,1900
8388,1899
8389,1906
8390,1906
8391,1900
8392,1894
8393,1906
8394,1906
8395,1897
8396,1897
8397,1885
8398,1894
8399,1893
8400,1899
8401,1894
8402,1875
8403,1899
8404,1891
8405,1893
8406,1897
8407,1893
8408,1891
8409,1899
8410,1894
8411,1900
8412,1905
8413,1897
8414,1890
8415,1905
8416,1890
8417,1900
8418,1897
8419,1893
8420,1888
8421,1894
8422,1883
8423,1888
8424,1879
8425,1887
8426,1888
8427,1900
8428,1879
8429,1888
8430,1887
8431,1879
8432,1894
8433,1866
8434,1891
8435,1888
8436,1870
8437,1898
8438,1888
8439,1885
8440,1900
8441,1888
8442,1898
8443,1863
8444,1887
8445,1897
8446,1879
8447,1888
8448,1879
8449,1897
8450,1900
8451,1888
8452,1891
8453,1879
8454,1888
8455,1891
8456,1879
8457,1902
8458,1891
8459,1900
8460,1903
8461,1884
8462,1879
8463,1900
8464,1900
8465,1879
8466,1884
8467,1900
8468,1900
8469,1903
8470,1912
8471,1904
8472,1912
8473,1908
8474,1906
8475,1915
8476,1914
8477,1906
8478,1912
8479,1914
8480,1915
8481,1882
8482,1914
8483,1912
8484,1912
8485,1902
8486,1914
8487,1915
8488,1908
8489,1906
8490,1909
8491,1909
8492,1909
8493,1908
8494,1879
8495,1912
8496,1908
8497,1912
8498,1906
8499,1909
8500,1912
8501,1909
8502,1908
8503,1912
8504,1904
8505,1906
8506,1903
8507,1908
8508,1879
8509,1912
8510,1906
8511,1909
8512,1904
8513,1909
8514,1908
8515,1906
8516,1915
8517,1914
8518,1906
8519,1912
8520,1914
8521,1882
8522,1915
8523,1891
8524,1914
8525,1915
8526,1908
8527,1906
8528,1912
8529,1904
8530,1912
8531,1908
8532,1879
8533,1912
8534,1908
8535,1906
8536,1912
8537,1904
8538,1912
8539,1915
8540,1906
8541,1914
8542,1912
8543,1914
8544,1912
8545,1915
8546,1897
8547,1909
8548,1908
8549,1906
8550,1909
8551,1900
8552,1900
8553,1912
8554,1912
8555,1912
8556,1894
8557,1912
8558,1912
8559,1913
8560,1867
8561,1889
8562,1918
8563,1912
8564,1909
8565,1924
8566,1921
8567,1921
8568,1915
8569,1909
8570,1912
8571,1911
8572,1915
8573,1919
8574,1885
8575,1915
8576,1912
8577,1918
8578,1915
8579,1914
8580,1917
8581,1914
8582,1918
8583,1912
8584,1889
8585,1918
8586,1903
8587,1917
8588,1915
8589,1912
8590,1909
8591,1917
8592,1912
8593,1900
8594,1906
8595,1912
8596,1915
8597,1909
8598,1921
8599,1927
8600,1927
8601,1924
8602,1927
8603,1927
8604,1927
8605,1927
8606,1924
8607,1924
8608,1927
8609,1927
8610,1927
8611,1927
8612,1927
8613,1927
8614,1915
8615,1921
8616,1912
8617,1915
8618,1921
8619,1924
8620,1924
8621,1903
8622,1927
8623,1924
8624,1920
8625,1930
8626,1924
8627,1927
8628,1920
8629,1912
8630,1930
8631,1924
8632,1920
8633,1927
8634,1933
8635,1936
8636,1933
8637,1933
8638,1936
8639,1924
8640,1927
8641,1942
8642,1939
8643,1942
8644,1933
8645,1942
8646,1918
8647,1942
8648,1932
8649,1935
8650,1927
8651,1939
8652,1936
8653,1933
8654,1936
8655,1927
8656,1924
8657,1933
8658,1936
8659,1936
8660,1933
8661,1933
8662,1933
8663,1936
8664,1936
8665,1929
8666,1918
8667,1936
8668,1927
8669,1924
8670,1933
8671,1936
8672,1933
8673,1909
8674,1927
8675,1923
8676,1927
8677,1909
8678,1927
8679,1930
8680,1936
8681,1936
8682,1923
8683,1933
8684,1924
8685,1923
8686,1933
8687,1923
8688,1918
8689,1929
8690,1942
8691,1930
8692,1942
8693,1936
8694,1942
8695,1940
8696,1951
8697,1942
8698,1947
8699,1950
8700,1933
8701,1941
8702,1941
8703,1921
8704,1947
8705,1939
8706,1930
8707,1948
8708,1945
8709,1951
8710,1954
8711,1945
8712,1950
8713,1936
8714,1923
8715,1939
8716,1936
8717,1948
8718,1951
8719,1947
8720,1948
8721,1957
8722,1942
8723,1963
8724,1960
8725,1965
8726,1965
8727,1960
8728,1972
8729,1966
8730,1966
8731,1966
8732,1972
8733,1966
8734,1966
8735,1954
8736,1959
8737,1927
8738,1954
8739,1951
8740,1975
8741,1966
8742,1969
8743,1971
8744,1971
8745,1971
8746,1951
8747,1972
8748,1971
8749,1971
8750,1969
8751,1968
8752,1975
8753,1963
8754,1975
8755,1975
8756,1972
8757,1969
8758,1975
8759,1975
8760,1978
8761,1984
8762,1984
8763,1960
8764,1984
8765,1975
8766,1960
8767,1969
8768,1966
8769,1969
8770,1960
8771,1963
8772,1953
8773,1975
8774,1977
8775,1975
8776,1953
8777,1963
8778,1969
8779,1960
8780,1966
8781,1945
8782,1966
8783,1975
8784,1945
8785,1977
8786,1984
8787,1984
8788,1965
8789,1975
8790,1984
8791,1984
8792,1965
8793,1984
8794,1978
8795,1984
8796,1984
8797,1963
8798,1969
8799,1984
8800,1984
8801,1984
8802,1974
8803,1978
8804,1980
8805,1981
8806,1975
8807,1963
8808,1978
8809,1981
8810,1980
8811,1974
8812,1981
8813,1963
8814,1975
8815,1963
8816,1978
8817,1975
8818,1978
8819,1990
8820,1990
8821,1987
8822,1981
8823,1990
8824,1987
8825,1978
8826,1969
8827,1975
8828,1969
8829,1978
8830,1975
8831,1969
8832,1969
8833,1975
8834,1986
8835,1975
8836,1981
8837,1969
8838,1978
8839,1975
8840,1969
8841,1963
8842,1975
8843,1972
8844,1966
8845,1969
8846,1987
8847,1981
8848,1978
8849,1966
8850,1981
8851,1974
8852,1981
8853,1987
8854,1969
8855,1966
8856,1981
8857,1984
8858,1969
8859,1966
8860,1975
8861,1975
8862,1974
8863,1963
8864,1975
8865,1984
8866,1951
8867,1974
8868,1978
8869,1984
8870,1990
8871,1972
8872,1974
8873,1987
8874,1993
8875,1990
8876,1993
8877,2002
8878,1990
8879,1981
8880,2002
8881,1993
8882,2002
8883,1981
8884,2002
8885,1993
8886,1999
8887,2002
8888,2005
8889,2002
8890,2005
8891,1990
8892,2008
8893,2004
8894,2002
8895,2011
8896,2007
8897,2005
8898,2011
8899,1989
8900,1989
8901,2001
8902,2005
8903,1989
8904,1989
8905,2005
8906,1996
8907,1987
8908,1993
8909,2008
8910,2005
8911,2010
8912,2005
8913,2008
8914,2011
8915,2011
8916,2017
8917,2017
8918,2008
8919,2011
8920,2017
8921,2011
8922,2017
8923,2017
8924,2005
8925,2011
8926,2017
8927,2011
8928,2011
8929,2017
8930,2017
8931,2011
8932,2011
8933,2008
8934,2005
8935,2008
8936,2004
8937,1978
8938,2002
8939,2004
8940,1999
8941,2002
8942,2005
8943,2010
8944,2005
8945,2014
8946,1993
8947,2014
8948,2010
8949,2001
8950,2002
8951,2014
8952,2010
8953,2014
8954,1993
8955,1999
8956,1996
8957,2004
8958,2008
8959,1999
8960,1996
8961,2004
8962,1995
8963,1999
8964,2004
8965,1996
8966,1995
8967,1999
8968,2004
8969,1996
8970,1999
8971,2004
8972,1995
8973,1999
8974,1993
8975,1984
8976,2008
8977,1984
8978,1993
8979,2010
8980,1984
8981,2005
8982,1996
8983,1984
8984,1993
8985,1984
8986,2008
8987,1993
8988,2011
8989,1995
8990,2005
8991,2011
8992,2002
8993,1998
8994,1998
8995,2002
8996,1998
8997,2008
8998,2014
8999,2010
9000,2006
9001,1980
9002,2010
9003,2014
9004,2008
9005,1993
9006,2005
9007,1984
9008,1993
9009,2010
9010,1987
9011,2002
9012,1987
9013,2007
9014,1995
9015,2014
9016,2002
9017,2008
9018,2002
9019,2017
9020,2017
9021,2002
9022,2017
9023,2002
9024,1999
9025,2017
9026,2002
9027,2017
9028,2017
9029,1999
9030,2014
9031,2017
9032,1999
9033,2005
9034,2017
9035,1999
9036,2008
9037,1999
9038,1996
9039,2010
9040,2002
9041,2017
9042,2017
9043,2002
9044,2017
9045,2011
9046,2017
9047,2014
9048,2017
9049,2002
9050,2011
9051,2017
9052,2017
9053,1995
9054,2014
9055,2011
9056,1995
9057,2008
9058,2005
9059,1999
9060,1990
9061,2017
9062,2017
9063,2011
9064,2008
9065,2002
9066,2017
9067,2017
9068,2011
9069,2017
9070,2017
9071,2002
9072,2017
9073,2020
9074,2005
9075,2017
9076,2017
9077,2017
9078,2017
9079,2017
9080,2017
9081,2002
9082,1996
9083,2008
9084,2017
9085,2002
9086,2011
9087,2011
9088,2017
9089,2002
9090,2017
9091,2017
9092,2014
9093,2002
9094,2017
9095,2011
9096,2011
9097,2011
9098,2014
9099,2011
9100,2019
9101,2008
9102,2026
9103,2025
9104,2026
9105,2017
9106,2023
9107,2026
9108,2025
9109,2023
9110,2026
9111,2017
9112,2023
9113,2014
9114,2023
9115,2025
9116,2011
9117,2026
9118,2029
9119,2020
9120,2020
9121,2020
9122,1990
9123,2020
9124,2022
9125,2020
9126,2020
9127,2020
9128,2020
9129,2020
9130,2020
9131,2020
9132,2014
9133,2020
9134,2027
9135,2026
9136,2014
9137,2022
9138,1998
9139,2004
9140,1998
9141,2022
9142,2026
9143,1998
9144,2014
9145,2022
9146,2026
9147,2023
9148,1998
9149,2022
9150,2026
9151,2026
9152,2026
9153,2026
9154,2029
9155,2026
9156,2026
9157,2026
9158,2026
9159,2026
9160,2026
9161,2032
9162,2026
9163,2036
9164,2032
9165,2029
9166,2032
9167,2035
9168,2032
9169,2029
9170,2035
9171,2041
9172,2032
9173,2039
9174,2047
9175,2035
9176,2050
9177,2047
9178,2047
9179,2056
9180,2056
9181,2052
9182,2050
9183,2047
9184,2002
9185,2047
9186,2050
9187,2047
9188,2040
9189,2050
9190,2047
9191,2047
9192,2044
9193,2047
9194,2052
9195,2056
9196,2056
9197,2044
9198,2062
9199,2061
9200,2044
9201,2062
9202,2029
9203,2053
9204,2061
9205,2038
9206,2062
9207,2050
9208,2050
9209,2061
9210,2062
9211,2050
9212,2047
9213,2060
9214,2043
9215,2053
9216,2050
9217,2038
9218,2053
9219,2062
9220,2060
9221,2047
9222,2057
9223,2047
9224,2060
9225,2062
9226,2047
9227,2062
9228,2062
9229,2071
9230,2074
9231,2056
9232,2074
9233,2071
9234,2074
9235,2056
9236,2067
9237,2068
9238,2071
9239,2047
9240,2068
9241,2062
9242,2068
9243,2053
9244,2071
9245,2068
9246,2070
9247,2071
9248,2070
9249,2068
9250,2071
9251,2070
9252,2059
9253,2071
9254,2070
9255,2067
9256,2062
9257,2055
9258,2068
9259,2070
9260,2065
9261,2068
9262,2070
9263,2065
9264,2070
9265,2071
9266,2064
9267,2065
9268,2070
9269,2076
9270,2075
9271,2074
9272,2077
9273,2038
9274,2074
9275,2062
9276,2062
9277,2070
9278,2083
9279,2083
9280,2074
9281,2068
9282,2084
9283,2086
9284,2077
9285,2080
9286,2074
9287,2089
9288,2077
9289,2086
9290,2084
9291,2068
9292,2069
9293,2083
9294,2083
9295,2070
9296,2062
9297,2070
9298,2056
9299,2068
9300,2077
9301,2076
9302,2070
9303,2068
9304,2065
9305,2071
9306,2062
9307,2059
9308,2062
9309,2076
9310,2068
9311,2071
9312,2062
9313,2071
9314,2062
9315,2071
9316,2083
9317,2083
9318,2087
9319,2087
9320,2083
9321,2089
9322,2068
9323,2070
9324,2077
9325,2074
9326,2068
9327,2079
9328,2077
9329,2080
9330,2068
9331,2068
9332,2082
9333,2083
9334,2077
9335,2082
9336,2064
9337,2080
9338,2080
9339,2071
9340,2086
9341,2089
9342,2092
9343,2086
9344,2017
9345,2083
9346,2086
9347,2092
9348,2086
9349,2089
9350,2086
9351,2086
9352,2068
9353,2086
9354,2086
9355,2086
9356,2086
9357,2092
9358,2092
9359,2094
9360,2080
9361,2094
9362,2092
9363,2094
9364,2094
9365,2092
9366,2092
9367,2094
9368,2094
9369,2092
9370,2094
9371,2092
9372,2098
9373,2101
9374,2101
9375,2098
9376,2086
9377,2080
9378,2086
9379,2080
9380,2092
9381,2071
9382,2098
9383,2092
9384,2071
9385,2098
9386,2092
9387,2071
9388,2094
9389,2098
9390,2092
9391,2092
9392,2086
9393,2080
9394,2086
9395,2080
9396,2089
9397,2089
9398,2089
9399,2086
9400,2083
9401,2089
9402,2064
9403,2089
9404,2089
9405,2092
9406,2100
9407,2086
9408,2101
9409,2087
9410,2083
9411,2104
9412,2086
9413,2092
9414,2101
9415,2092
9416,2069
9417,2095
9418,2069
9419,2069
9420,2074
9421,2095
9422,2069
9423,2095
9424,2069
9425,2098
9426,2101
9427,2104
9428,2080
9429,2104
9430,2089
9431,2104
9432,2102
9433,2102
9434,2104
9435,2107
9436,2095
9437,2102
9438,2107
9439,2107
9440,2102
9441,2095
9442,2104
9443,2104
9444,2090
9445,2098
9446,2107
9447,2104
9448,2102
9449,2098
9450,2101
9451,2101
9452,2104
9453,2098
9454,2089
9455,2095
9456,2104
9457,2098
9458,2101
9459,2104
9460,2098
9461,2107
9462,2074
9463,2095
9464,2074
9465,2101
9466,2098
9467,2071
9468,2104
9469,2095
9470,2071
9471,2104
9472,2095
9473,2097
9474,2071
9475,2104
9476,2098
9477,2074
9478,2095
9479,2074
9480,2092
9481,2086
9482,2082
9483,2082
9484,2101
9485,2104
9486,2103
9487,2104
9488,2095
9489,2103
9490,2101
9491,2095
9492,2107
9493,2104
9494,2102
9495,2116
9496,2107
9497,2100
9498,2107
9499,2106
9500,2119
9501,2116
9502,2112
9503,2113
9504,2116
9505,2119
9506,2116
9507,2107
9508,2107
9509,2108
9510,2116
9511,2108
9512,2100
9513,2108
9514,2116
9515,2108
9516,2119
9517,2116
9518,2116
9519,2119
9520,2103
9521,2110
9522,2116
9523,2120
9524,2110
9525,2119
9526,2120
9527,2105
9528,2116
9529,2120
9530,2105
9531,2110
9532,2116
9533,2113
9534,2112
9535,2125
9536,2122
9537,2122
9538,2125
9539,2122
9540,2113
9541,2104
9542,2122
9543,2125
9544,2122
9545,2122
9546,2122
9547,2125
9548,2122
9549,2128
9550,2129
9551,2122
9552,2117
9553,2124
9554,2127
9555,2124
9556,2131
9557,2124
9558,2112
9559,2124
9560,2137
9561,2137
9562,2131
9563,2140
9564,2134
9565,2137
9566,2137
9567,2131
9568,2140
9569,2095
9570,2137
9571,2137
9572,2128
9573,2131
9574,2140
9575,2137
9576,2137
9577,2134
9578,2140
9579,2131
9580,2137
9581,2137
9582,2140
9583,2131
9584,2134
9585,2137
9586,2140
9587,2137
9588,2131
9589,2128
9590,2137
9591,2140
9592,2131
9593,2137
9594,2124
9595,2119
9596,2124
9597,2122
9598,2124
9599,2127
9600,2124
9601,2122
9602,2118
9603,2125
9604,2128
9605,2118
9606,2126
9607,2125
9608,2122
9609,2113
9610,2118
9611,2117
9612,2122
9613,2122
9614,2125
9615,2122
9616,2126
9617,2128
9618,2122
9619,2125
9620,2110
9621,2116
9622,2122
9623,2119
9624,2135
9625,2133
9626,2135
9627,2125
9628,2131
9629,2135
9630,2134
9631,2122
9632,2116
9633,2110
9634,2128
9635,2122
9636,2125
9637,2122
9638,2113
9639,2128
9640,2122
9641,2125
9642,2122
9643,2110
9644,2116
9645,2127
9646,2122
9647,2128
9648,2132
9649,2119
9650,2128
9651,2116
9652,2122
9653,2128
9654,2134
9655,2122
9656,2128
9657,2128
9658,2128
9659,2128
9660,2122
9661,2134
9662,2128
9663,2131
9664,2114
9665,2107
9666,2108
9667,2113
9668,2131
9669,2125
9670,2128
9671,2128
9672,2125
9673,2125
9674,2113
9675,2128
9676,2128
9677,2119
9678,2122
9679,2131
9680,2128
9681,2123
9682,2116
9683,2128
9684,2128
9685,2111
9686,2131
9687,2128
9688,2116
9689,2119
9690,2137
9691,2140
9692,2137
9693,2143
9694,2149
9695,2143
9696,2152
9697,2152
9698,2149
9699,2143
9700,2152
9701,2143
9702,2152
9703,2152
9704,2149
9705,2143
9706,2140
9707,2152
9708,2130
9709,2149
9710,2137
9711,2137
9712,2149
9713,2136
9714,2149
9715,2137
9716,2140
9717,2149
9718,2136
9719,2143
9720,2149
9721,2143
9722,2149
9723,2136
9724,2149
9725,2143
9726,2149
9727,2127
9728,2143
9729,2149
9730,2136
9731,2149
9732,2143
9733,2149
9734,2136
9735,2143
9736,2149
9737,2149
9738,2143
9739,2149
9740,2136
9741,2131
9742,2143
9743,2149
9744,2137
9745,2137
9746,2149
9747,2136
9748,2149
9749,2137
9750,2149
9751,2136
9752,2137
9753,2149
9754,2149
9755,2137
9756,2136
9757,2149
9758,2134
9759,2149
9760,2137
9761,2130
9762,2149
9763,2152
9764,2143
9765,2140
9766,2152
9767,2143
9768,2152
9769,2137
9770,2149
9771,2143
9772,2152
9773,2149
9774,2155
9775,2149
9776,2164
9777,2164
9778,2149
9779,2150
9780,2164
9781,2164
9782,2155
9783,2150
9784,2164
9785,2164
9786,2164
9787,2152
9788,2169
9789,2159
9790,2164
9791,2164
9792,2169
9793,2167
9794,2152
9795,2164
9796,2169
9797,2173
9798,2170
9799,2172
9800,2176
9801,2176
9802,2182
9803,2179
9804,2179
9805,2182
9806,2176
9807,2176
9808,2170
9809,2172
9810,2158
9811,2167
9812,2170
9813,2173
9814,2176
9815,2170
9816,2170
9817,2172
9818,2161
9819,2176
9820,2170
9821,2170
9822,2156
9823,2164
9824,2169
9825,2156
9826,2172
9827,2170
9828,2170
9829,2163
9830,2161
9831,2161
9832,2161
9833,2163
9834,2167
9835,2158
9836,2170
9837,2170
9838,2176
9839,2170
9840,2172
9841,2158
9842,2179
9843,2176
9844,2176
9845,2180
9846,2179
9847,2176
9848,2176
9849,2180
9850,2176
9851,2173
9852,2167
9853,2144
9854,2167
9855,2176
9856,2176
9857,2176
9858,2180
9859,2182
9860,2179
9861,2180
9862,2168
9863,2182
9864,2176
9865,2167
9866,2182
9867,2168
9868,2180
9869,2179
9870,2176
9871,2180
9872,2182
9873,2168
9874,2176
9875,2167
9876,2179
9877,2176
9878,2179
9879,2178
9880,2158
9881,2179
9882,2182
9883,2186
9884,2182
9885,2182
9886,2179
9887,2185
9888,2161
9889,2183
9890,2152
9891,2185
9892,2183
9893,2152
9894,2179
9895,2183
9896,2167
9897,2167
9898,2177
9899,2167
9900,2174
9901,2179
9902,2170
9903,2173
9904,2185
9905,2182
9906,2188
9907,2185
9908,2186
9909,2173
9910,2173
9911,2182
9912,2177
9913,2158
9914,2170
9915,2179
9916,2171
9917,2170
9918,2167
9919,2185
9920,2167
9921,2176
9922,2179
9923,2167
9924,2167
9925,2185
9926,2189
9927,2173
9928,2165
9929,2173
9930,2185
9931,2189
9932,2173
9933,2189
9934,2185
9935,2189
9936,2197
9937,2185
9938,2197
9939,2194
9940,2206
9941,2206
9942,2206
9943,2197
9944,2206
9945,2203
9946,2191
9947,2197
9948,2209
9949,2204
9950,2191
9951,2204
9952,2212
9953,2203
9954,2212
9955,2185
9956,2215
9957,2215
9958,2191
9959,2179
9960,2188
9961,2211
9962,2194
9963,2194
9964,2211
9965,2194
9966,2203
9967,2204
9968,2212
9969,2188
9970,2212
9971,2204
9972,2212
9973,2203
9974,2212
9975,2204
9976,2206
9977,2216
9978,2213
9979,2216
9980,2206
9981,2224
9982,2215
9983,2224
9984,2224
9985,2218
9986,2200
9987,2219
9988,2200
9989,2213
9990,2210
9991,2203
9992,2203
9993,2200
9994,2209
9995,2194
9996,2215
9997,2185
9998,2200
9999,2215
10000,2212
10001,2221
10002,2203
10003,2221
10004,2222
10005,2200
10006,2221
10007,2200
10008,2219
10009,2221
10010,2200
10011,2212
10012,2221
10013,2203
10014,2221
10015,2203
10016,2222
10017,2221
10018,2191
10019,2221
10020,2200
10021,2224
10022,2221
10023,2223
10024,2233
10025,2236
10026,2233
10027,2236
10028,2230
10029,2233
10030,2236
10031,2230
10032,2236
10033,2233
10034,2233
10035,2221
10036,2236
10037,2236
10038,2233
10039,2230
10040,2230
10041,2236
10042,2233
10043,2236
10044,2192
10045,2236
10046,2230
10047,2236
10048,2233
10049,2224
10050,2236
10051,2236
10052,2230
10053,2236
10054,2233
10055,2230
10056,2236
10057,2230
10058,2233
10059,2236
10060,2221
10061,2191
10062,2230
10063,2206
10064,2222
10065,2227
10066,2197
10067,2233
10068,2206
10069,2230
10070,2197
10071,2221
10072,2224
10073,2233
10074,2230
10075,2236
10076,2236
10077,2191
10078,2236
10079,2233
10080,2227
10081,2236
10082,2230
10083,2233
10084,2236
10085,2216
10086,2242
10087,2236
10088,2233
10089,2224
10090,2206
10091,2233
10092,2230
10093,2206
10094,2234
10095,2230
10096,2233
10097,2230
10098,2206
10099,2233
10100,2219
10101,2239
10102,2219
10103,2233
10104,2227
10105,2219
10106,2218
10107,2234
10108,2242
10109,2233
10110,2239
10111,2237
10112,2242
10113,2233
10114,2239
10115,2242
10116,2237
10117,2239
10118,2242
10119,2239
10120,2222
10121,2212
10122,2221
10123,2233
10124,2236
10125,2225
10126,2236
10127,2233
10128,2206
10129,2236
10130,2233
10131,2233
10132,2236
10133,2221
10134,2233
10135,2236
10136,2216
10137,2234
10138,2215
10139,2237
10140,2236
10141,2239
10142,2236
10143,2215
10144,2237
10145,2219
10146,2218
10147,2215
10148,2218
10149,2229
10150,2218
10151,2215
10152,2218
10153,2221
10154,2218
10155,2233
10156,2227
10157,2237
10158,2233
10159,2242
10160,2227
10161,2227
10162,2242
10163,2239
10164,2233
10165,2242
10166,2227
10167,2245
10168,2248
10169,2255
10170,2254
10171,2248
10172,2236
10173,2260
10174,2251
10175,2260
10176,2263
10177,2248
10178,2251
10179,2263
10180,2252
10181,2257
10182,2254
10183,2252
10184,2263
10185,2264
10186,2248
10187,2248
10188,2248
10189,2264
10190,2248
10191,2248
10192,2257
10193,2264
10194,2248
10195,2248
10196,2264
10197,2260
10198,2272
10199,2242
10200,2263
10201,2269
10202,2278
10203,2260
10204,2272
10205,2281
10206,2278
10207,2277
10208,2284
10209,2269
10210,2277
10211,2278
10212,2284
10213,2277
10214,2278
10215,2281
10216,2278
10217,2260
10218,2267
10219,2266
10220,2278
10221,2278
10222,2278
10223,2278
10224,2260
10225,2278
10226,2278
10227,2278
10228,2278
10229,2278
10230,2261
10231,2273
10232,2270
10233,2257
10234,2251
10235,2263
10236,2278
10237,2248
10238,2273
10239,2278
10240,2266
10241,2278
10242,2278
10243,2272
10244,2278
10245,2278
10246,2266
10247,2278
10248,2273
10249,2278
10250,2273
10251,2263
10252,2263
10253,2263
10254,2257
10255,2251
10256,2275
10257,2273
10258,2278
10259,2269
10260,2275
10261,2279
10262,2260
10263,2278
10264,2269
10265,2269
10266,2269
10267,2269
10268,2269
10269,2269
10270,2266
10271,2255
10272,2254
10273,2260
10274,2263
10275,2251
10276,2269
10277,2278
10278,2269
10279,2272
10280,2278
10281,2269
10282,2270
10283,2269
10284,2275
10285,2278
10286,2269
10287,2273
10288,2260
10289,2272
10290,2273
10291,2248
10292,2264
10293,2251
10294,2264
10295,2274
10296,2251
10297,2264
10298,2264
10299,2251
10300,2264
10301,2269
10302,2260
10303,2251
10304,2270
10305,2272
10306,2281
10307,2279
10308,2262
10309,2272
10310,2279
10311,2284
10312,2273
10313,2279
10314,2272
10315,2272
10316,2279
10317,2236
10318,2267
10319,2278
10320,2272
10321,2248
10322,2242
10323,2264
10324,2264
10325,2264
10326,2251
10327,2274
10328,2269
10329,2269
10330,2254
10331,2269
10332,2257
10333,2272
10334,2273
10335,2272
10336,2254
10337,2273
10338,2272
10339,2251
10340,2272
10341,2281
10342,2281
10343,2281
10344,2272
10345,2281
10346,2281
10347,2282
10348,2278
10349,2278
10350,2266
10351,2278
10352,2269
10353,2278
10354,2269
10355,2278
10356,2278
10357,2255
10358,2276
10359,2278
10360,2278
10361,2281
10362,2281
10363,2275
10364,2260
10365,2284
10366,2281
10367,2275
10368,2258
10369,2281
10370,2260
10371,2275
10372,2281
10373,2284
10374,2281
10375,2281
10376,2278
10377,2276
10378,2278
10379,2278
10380,2278
10381,2252
10382,2255
10383,2278
10384,2278
10385,2278
10386,2276
10387,2278
10388,2260
10389,2269
10390,2269
10391,2278
10392,2269
10393,2278
10394,2269
10395,2269
10396,2278
10397,2269
10398,2278
10399,2269
10400,2236
10401,2269
10402,2269
10403,2278
10404,2280
10405,2284
10406,2270
10407,2278
10408,2270
10409,2284
10410,2270
10411,2270
10412,2278
10413,2260
10414,2284
10415,2270
10416,2270
10417,2278
10418,2284
10419,2270
10420,2284
10421,2281
10422,2281
10423,2281
10424,2285
10425,2281
10426,2275
10427,2281
10428,2281
10429,2267
10430,2281
10431,2281
10432,2285
10433,2261
10434,2281
10435,2281
10436,2281
10437,2281
10438,2270
10439,2281
10440,2285
10441,2281
10442,2275
10443,2281
10444,2281
10445,2279
10446,2281
10447,2272
10448,2281
10449,2276
10450,2257
10451,2281
10452,2276
10453,2281
10454,2257
10455,2281
10456,2285
10457,2276
10458,2272
10459,2285
10460,2257
10461,2276
10462,2285
10463,2281
10464,2257
10465,2276
10466,2285
10467,2284
10468,2283
10469,2290
10470,2284
10471,2260
10472,2283
10473,2290
10474,2293
10475,2291
10476,2291
10477,2293
10478,2285
10479,2299
10480,2272
10481,2296
10482,2290
10483,2272
10484,2296
10485,2270
10486,2272
10487,2296
10488,2258
10489,2291
10490,2295
10491,2281
10492,2300
10493,2300
10494,2299
10495,2275
10496,2290
10497,2287
10498,2283
10499,2284
10500,2290
10501,2285
10502,2284
10503,2290
10504,2260
10505,2285
10506,2291
10507,2272
10508,2281
10509,2285
10510,2299
10511,2281
10512,2291
10513,2270
10514,2287
10515,2287
10516,2290
10517,2278
10518,2290
10519,2296
10520,2293
10521,2302
10522,2305
10523,2288
10524,2306
10525,2295
10526,2302
10527,2295
10528,2290
10529,2284
10530,2291
10531,2287
10532,2302
10533,2305
10534,2287
10535,2302
10536,2299
10537,2305
10538,2302
10539,2271
10540,2282
10541,2302
10542,2299
10543,2263
10544,2275
10545,2300
10546,2281
10547,2302
10548,2284
10549,2300
10550,2275
10551,2302
10552,2299
10553,2302
10554,2287
10555,2282
10556,2305
10557,2299
10558,2299
10559,2292
10560,2309
10561,2305
10562,2308
10563,2309
10564,2305
10565,2308
10566,2305
10567,2309
10568,2305
10569,2305
10570,2308
10571,2305
10572,2305
10573,2305
10574,2309
10575,2308
10576,2305
10577,2302
10578,2297
10579,2319
10580,2308
10581,2309
10582,2314
10583,2308
10584,2302
10585,2314
10586,2320
10587,2317
10588,2299
10589,2299
10590,2311
10591,2284
10592,2302
10593,2317
10594,2317
10595,2311
10596,2318
10597,2317
10598,2326
10599,2315
10600,2320
10601,2309
10602,2314
10603,2314
10604,2311
10605,2305
10606,2302
10607,2305
10608,2302
10609,2290
10610,2293
10611,2309
10612,2314
10613,2311
10614,2312
10615,2308
10616,2311
10617,2314
10618,2311
10619,2305
10620,2311
10621,2323
10622,2327
10623,2326
10624,2327
10625,2326
10626,2320
10627,2327
10628,2326
10629,2320
10630,2326
10631,2320
10632,2323
10633,2331
10634,2307
10635,2332
10636,2331
10637,2318
10638,2332
10639,2331
10640,2335
10641,2335
10642,2338
10643,2330
10644,2335
10645,2326
10646,2317
10647,2335
10648,2342
10649,2344
10650,2332
10651,2344
10652,2341
10653,2333
10654,2344
10655,2335
10656,2341
10657,2325
10658,2323
10659,2325
10660,2347
10661,2347
10662,2347
10663,2326
10664,2335
10665,2347
10666,2347
10667,2323
10668,2347
10669,2329
10670,2347
10671,2330
10672,2347
10673,2347
10674,2347
10675,2334
10676,2351
10677,2353
10678,2347
10679,2317
10680,2350
10681,2350
10682,2353
10683,2350
10684,2347
10685,2356
10686,2356
10687,2352
10688,2353
10689,2355
10690,2348
10691,2353
10692,2332
10693,2353
10694,2348
10695,2340
10696,2341
10697,2348
10698,2356
10699,2353
10700,2332
10701,2353
10702,2353
10703,2353
10704,2332
10705,2359
10706,2353
10707,2353
10708,2355
10709,2352
10710,2353
10711,2338
10712,2352
10713,2353
10714,2352
10715,2353
10716,2352
10717,2353
10718,2356
10719,2352
10720,2342
10721,2352
10722,2353
10723,2359
10724,2352
10725,2353
10726,2355
10727,2342
10728,2353
10729,2332
10730,2353
10731,2353
10732,2353
10733,2340
10734,2353
10735,2356
10736,2353
10737,2353
10738,2353
10739,2342
10740,2353
10741,2332
10742,2356
10743,2347
10744,2356
10745,2355
10746,2351
10747,2356
10748,2352
10749,2353
10750,2350
10751,2350
10752,2350
10753,2312
10754,2350
10755,2350
10756,2353
10757,2350
10758,2344
10759,2354
10760,2344
10761,2350
10762,2354
10763,2353
10764,2350
10765,2335
10766,2350
10767,2302
10768,2350
10769,2338
10770,2350
10771,2353
10772,2350
10773,2350
10774,2339
10775,2350
10776,2354
10777,2344
10778,2338
10779,2350
10780,2339
10781,2354
10782,2339
10783,2350
10784,2353
10785,2350
10786,2350
10787,2312
10788,2350
10789,2350
10790,2338
10791,2323
10792,2338
10793,2353
10794,2318
10795,2338
10796,2338
10797,2356
10798,2359
10799,2362
10800,2362
10801,2362
10802,2363
10803,2365
10804,2362
10805,2365
10806,2365
10807,2363
10808,2357
10809,2332
10810,2362
10811,2355
10812,2357
10813,2357
10814,2362
10815,2355
10816,2357
10817,2332
10818,2362
10819,2357
10820,2353
10821,2350
10822,2357
10823,2363
10824,2356
10825,2361
10826,2368
10827,2356
10828,2338
10829,2350
10830,2368
10831,2356
10832,2356
10833,2363
10834,2353
10835,2350
10836,2367
10837,2366
10838,2374
10839,2362
10840,2359
10841,2374
10842,2374
10843,2359
10844,2363
10845,2359
10846,2374
10847,2362
10848,2359
10849,2374
10850,2359
10851,2375
10852,2365
10853,2381
10854,2380
10855,2371
10856,2381
10857,2365
10858,2366
10859,2381
10860,2380
10861,2365
10862,2381
10863,2374
10864,2368
10865,2371
10866,2353
10867,2371
10868,2366
10869,2365
10870,2362
10871,2372
10872,2368
10873,2373
10874,2365
10875,2357
10876,2365
10877,2359
10878,2362
10879,2348
10880,2368
10881,2374
10882,2374
10883,2378
10884,2356
10885,2353
10886,2370
10887,2359
10888,2353
10889,2356
10890,2370
10891,2377
10892,2371
10893,2377
10894,2362
10895,2371
10896,2368
10897,2377
10898,2368
10899,2365
10900,2357
10901,2365
10902,2359
10903,2357
10904,2357
10905,2365
10906,2357
10907,2375
10908,2377
10909,2369
10910,2386
10911,2356
10912,2380
10913,2353
10914,2372
10915,2372
10916,2373
10917,2374
10918,2353
10919,2362
10920,2373
10921,2353
10922,2366
10923,2371
10924,2368
10925,2377
10926,2374
10927,2375
10928,2384
10929,2374
10930,2377
10931,2381
10932,2358
10933,2386
10934,2381
10935,2358
10936,2386
10937,2383
10938,2361
10939,2388
10940,2384
10941,2387
10942,2386
10943,2389
10944,2387
10945,2386
10946,2390
10947,2392
10948,2395
10949,2392
10950,2395
10951,2395
10952,2386
10953,2389
10954,2377
10955,2392
10956,2368
10957,2392
10958,2377
10959,2392
10960,2383
10961,2372
10962,2389
10963,2372
10964,2389
10965,2381
10966,2372
10967,2383
10968,2392
10969,2377
10970,2368
10971,2389
10972,2392
10973,2366
10974,2392
10975,2383
10976,2383
10977,2389
10978,2383
10979,2390
10980,2373
10981,2386
10982,2392
10983,2392
10984,2404
10985,2401
10986,2374
10987,2402
10988,2395
10989,2399
10990,2401
10991,2406
10992,2406
10993,2402
10994,2412
10995,2413
10996,2419
10997,2419
10998,2407
10999,2414
11000,2419
11001,2413
11002,2419
11003,2418
11004,2428
11005,2422
11006,2416
11007,2408
11008,2428
11009,2425
11010,2428
11011,2422
11012,2428
11013,2428
11014,2410
11015,2434
11016,2435
11017,2440
11018,2437
11019,2435
11020,2429
11021,2440
11022,2443
11023,2434
11024,2410
11025,2440
11026,2437
11027,2440
11028,2440
11029,2437
11030,2440
11031,2434
11032,2437
11033,2440
11034,2440
11035,2437
11036,2440
11037,2410
11038,2425
11039,2437
11040,2440
11041,2440
11042,2437
11043,2440
11044,2440
11045,2434
11046,2449
11047,2443
11048,2446
11049,2440
11050,2443
11051,2429
11052,2452
11053,2446
11054,2457
11055,2449
11056,2457
11057,2458
11058,2457
11059,2446
11060,2457
11061,2444
11062,2457
11063,2440
11064,2458
11065,2457
11066,2410
11067,2457
11068,2446
11069,2457
11070,2449
11071,2452
11072,2463
11073,2458
11074,2452
11075,2461
11076,2458
11077,2452
11078,2458
11079,2461
11080,2461
11081,2452
11082,2458
11083,2456
11084,2467
11085,2458
11086,2469
11087,2470
11088,2470
11089,2473
11090,2470
11091,2480
11092,2476
11093,2479
11094,2476
11095,2479
11096,2472
11097,2462
11098,2476
11099,2477
11100,2476
11101,2479
11102,2479
11103,2454
11104,2468
11105,2474
11106,2472
11107,2462
11108,2470
11109,2476
11110,2462
11111,2449
11112,2472
11113,2476
11114,2462
11115,2470
11116,2462
11117,2476
11118,2481
11119,2470
11120,2472
11121,2458
11122,2476
11123,2470
11124,2458
11125,2476
11126,2456
11127,2470
11128,2458
11129,2477
11130,2471
11131,2481
11132,2461
11133,2476
11134,2470
11135,2471
11136,2477
11137,2471
11138,2476
11139,2471
11140,2471
11141,2464
11142,2485
11143,2477
11144,2488
11145,2485
11146,2479
11147,2476
11148,2467
11149,2471
11150,2481
11151,2471
11152,2474
11153,2471
11154,2471
11155,2476
11156,2471
11157,2485
11158,2488
11159,2485
11160,2476
11161,2488
11162,2481
11163,2479
11164,2477
11165,2485
11166,2491
11167,2486
11168,2486
11169,2485
11170,2484
11171,2491
11172,2485
11173,2492
11174,2488
11175,2502
11176,2485
11177,2502
11178,2470
11179,2503
11180,2505
11181,2490
11182,2505
11183,2506
11184,2505
11185,2485
11186,2509
11187,2492
11188,2502
11189,2504
11190,2506
11191,2512
11192,2501
11193,2500
11194,2476
11195,2498
11196,2499
11197,2500
11198,2464
11199,2494
11200,2510
11201,2512
11202,2509
11203,2484
11204,2512
11205,2497
11206,2510
11207,2494
11208,2503
11209,2494
11210,2464
11211,2494
11212,2491
11213,2510
11214,2509
11215,2512
11216,2508
11217,2512
11218,2484
11219,2497
11220,2506
11221,2500
11222,2506
11223,2494
11224,2501
11225,2506
11226,2494
11227,2494
11228,2495
11229,2497
11230,2506
11231,2494
11232,2509
11233,2506
11234,2497
11235,2490
11236,2506
11237,2494
11238,2490
11239,2506
11240,2497
11241,2506
11242,2510
11243,2490
11244,2506
11245,2494
11246,2489
11247,2504
11248,2458
11249,2500
11250,2509
11251,2504
11252,2504
11253,2500
11254,2504
11255,2506
11256,2504
11257,2500
11258,2476
11259,2500
11260,2500
11261,2479
11262,2498
11263,2479
11264,2504
11265,2491
11266,2479
11267,2500
11268,2500
11269,2476
11270,2500
11271,2504
11272,2492
11273,2508
11274,2482
11275,2485
11276,2505
11277,2497
11278,2491
11279,2495
11280,2504
11281,2510
11282,2491
11283,2506
11284,2498
11285,2501
11286,2501
11287,2501
11288,2516
11289,2515
11290,2509
11291,2512
11292,2509
11293,2509
11294,2515
11295,2509
11296,2509
11297,2524
11298,2524
11299,2509
11300,2512
11301,2503
11302,2518
11303,2498
11304,2521
11305,2503
11306,2506
11307,2503
11308,2498
11309,2518
11310,2521
11311,2493
11312,2509
11313,2509
11314,2519
11315,2518
11316,2517
11317,2508
11318,2519
11319,2524
11320,2518
11321,2519
11322,2519
11323,2524
11324,2521
11325,2518
11326,2527
11327,2521
11328,2527
11329,2512
11330,2527
11331,2527
11332,2527
11333,2518
11334,2519
11335,2518
11336,2515
11337,2500
11338,2521
11339,2487
11340,2521
11341,2515
11342,2520
11343,2521
11344,2497
11345,2500
11346,2511
11347,2521
11348,2524
11349,2521
11350,2530
11351,2523
11352,2515
11353,2521
11354,2497
11355,2520
11356,2515
11357,2521
11358,2518
11359,2506
11360,2515
11361,2521
11362,2509
11363,2509
11364,2524
11365,2518
11366,2509
11367,2509
11368,2509
11369,2524
11370,2524
11371,2504
11372,2509
11373,2509
11374,2518
11375,2524
11376,2509
11377,2515
11378,2521
11379,2506
11380,2515
11381,2524
11382,2518
11383,2515
11384,2500
11385,2524
11386,2515
11387,2524
11388,2509
11389,2524
11390,2518
11391,2509
11392,2500
11393,2521
11394,2524
11395,2515
11396,2518
11397,2515
11398,2524
11399,2520
11400,2500
11401,2524
11402,2515
11403,2518
11404,2515
11405,2524
11406,2515
11407,2491
11408,2524
11409,2506
11410,2521
11411,2527
11412,2525
11413,2518
11414,2513
11415,2525
11416,2525
11417,2530
11418,2533
11419,2537
11420,2528
11421,2527
11422,2521
11423,2527
11424,2534
11425,2531
11426,2530
11427,2533
11428,2527
11429,2539
11430,2515
11431,2541
11432,2530
11433,2540
11434,2533
11435,2540
11436,2542
11437,2540
11438,2540
11439,2547
11440,2533
11441,2542
11442,2527
11443,2540
11444,2542
11445,2540
11446,2536
11447,2539
11448,2548
11449,2539
11450,2527
11451,2548
11452,2544
11453,2539
11454,2545
11455,2533
11456,2545
11457,2542
11458,2545
11459,2547
11460,2539
11461,2548
11462,2544
11463,2539
11464,2533
11465,2545
11466,2542
11467,2545
11468,2547
11469,2542
11470,2539
11471,2548
11472,2537
11473,2544
11474,2545
11475,2540
11476,2548
11477,2544
11478,2539
11479,2542
11480,2533
11481,2540
11482,2540
11483,2542
11484,2547
11485,2539
11486,2548
11487,2544
11488,2539
11489,2545
11490,2533
11491,2531
11492,2542
11493,2547
11494,2545
11495,2539
11496,2548
11497,2544
11498,2540
11499,2548
11500,2539
11501,2533
11502,2541
11503,2529
11504,2529
11505,2530
11506,2541
11507,2529
11508,2535
11509,2518
11510,2514
11511,2518
11512,2537
11513,2518
11514,2535
11515,2518
11516,2514
11517,2528
11518,2521
11519,2523
11520,2533
11521,2516
11522,2531
11523,2539
11524,2536
11525,2530
11526,2537
11527,2542
11528,2537
11529,2542
11530,2535
11531,2548
11532,2548
11533,2545
11534,2548
11535,2540
11536,2554
11537,2554
11538,2548
11539,2535
11540,2548
11541,2538
11542,2545
11543,2530
11544,2530
11545,2548
11546,2545
11547,2548
11548,2539
11549,2548
11550,2535
11551,2545
11552,2548
11553,2548
11554,2542
11555,2554
11556,2554
11557,2546
11558,2554
11559,2539
11560,2551
11561,2557
11562,2554
11563,2545
11564,2534
11565,2542
11566,2554
11567,2551
11568,2554
11569,2539
11570,2546
11571,2554
11572,2554
11573,2557
11574,2560
11575,2556
11576,2543
11577,2561
11578,2560
11579,2556
11580,2543
11581,2561
11582,2560
11583,2556
11584,2551
11585,2554
11586,2543
11587,2561
11588,2556
11589,2554
11590,2563
11591,2555
11592,2560
11593,2558
11594,2555
11595,2546
11596,2555
11597,2560
11598,2558
11599,2555
11600,2563
11601,2557
11602,2555
11603,2560
11604,2555
11605,2558
11606,2555
11607,2557
11608,2549
11609,2546
11610,2572
11611,2572
11612,2554
11613,2572
11614,2563
11615,2568
11616,2572
11617,2554
11618,2568
11619,2569
11620,2572
11621,2554
11622,2568
11623,2569
11624,2574
11625,2574
11626,2574
11627,2575
11628,2557
11629,2563
11630,2574
11631,2581
11632,2578
11633,2566
11634,2581
11635,2587
11636,2587
11637,2587
11638,2570
11639,2587
11640,2586
11641,2587
11642,2587
11643,2581
11644,2587
11645,2586
11646,2587
11647,2587
11648,2587
11649,2587
11650,2586
11651,2587
11652,2587
11653,2587
11654,2587
11655,2578
11656,2581
11657,2574
11658,2578
11659,2575
11660,2578
11661,2587
11662,2587
11663,2581
11664,2587
11665,2587
11666,2587
11667,2587
11668,2587
11669,2581
11670,2587
11671,2587
11672,2574
11673,2587
11674,2587
11675,2587
11676,2578
11677,2574
11678,2567
11679,2575
11680,2578
11681,2581
11682,2574
11683,2573
11684,2563
11685,2584
11686,2578
11687,2578
11688,2580
11689,2581
11690,2584
11691,2572
11692,2580
11693,2581
11694,2578
11695,2584
11696,2578
11697,2580
11698,2578
11699,2590
11700,2590
11701,2590
11702,2590
11703,2590
11704,2590
11705,2561
11706,2579
11707,2590
11708,2590
11709,2590
11710,2590
11711,2581
11712,2587
11713,2590
11714,2581
11715,2587
11716,2590
11717,2587
11718,2584
11719,2584
11720,2581
11721,2587
11722,2590
11723,2587
11724,2578
11725,2590
11726,2587
11727,2581
11728,2590
11729,2590
11730,2590
11731,2590
11732,2590
11733,2561
11734,2590
11735,2579
11736,2590
11737,2590
11738,2590
11739,2590
11740,2581
11741,2587
11742,2574
11743,2587
11744,2581
11745,2585
11746,2587
11747,2584
11748,2585
11749,2587
11750,2577
11751,2584
11752,2578
11753,2580
11754,2578
11755,2580
11756,2584
11757,2578
11758,2580
11759,2578
11760,2578
11761,2584
11762,2580
11763,2578
11764,2563
11765,2574
11766,2578
11767,2578
11768,2581
11769,2575
11770,2575
11771,2569
11772,2578
11773,2568
11774,2575
11775,2578
11776,2581
11777,2574
11778,2575
11779,2574
11780,2574
11781,2574
11782,2574
11783,2578
11784,2584
11785,2584
11786,2584
11787,2563
11788,2581
11789,2579
11790,2584
11791,2574
11792,2578
11793,2584
11794,2571
11795,2574
11796,2578
11797,2571
11798,2578
11799,2563
11800,2566
11801,2581
11802,2574
11803,2573
11804,2558
11805,2569
11806,2573
11807,2534
11808,2569
11809,2566
11810,2572
11811,2569
11812,2575
11813,2583
11814,2574
11815,2584
11816,2581
11817,2567
11818,2578
11819,2584
11820,2575
11821,2581
11822,2587
11823,2587
11824,2594
11825,2586
11826,2596
11827,2595
11828,2581
11829,2596
11830,2586
11831,2596
11832,2595
11833,2599
11834,2599
11835,2582
11836,2584
11837,2599
11838,2591
11839,2598
11840,2599
11841,2599
11842,2599
11843,2602
11844,2608
11845,2604
11846,2609
11847,2614
11848,2585
11849,2593
11850,2605
11851,2601
11852,2593
11853,2601
11854,2593
11855,2601
11856,2609
11857,2593
11858,2601
11859,2593
11860,2605
11861,2593
11862,2601
11863,2601
11864,2593
11865,2600
11866,2593
11867,2601
11868,2606
11869,2585
11870,2594
11871,2569
11872,2608
11873,2599
11874,2606
11875,2581
11876,2622
11877,2622
11878,2605
11879,2622
11880,2622
11881,2608
11882,2618
11883,2611
11884,2595
11885,2582
11886,2584
11887,2606
11888,2584
11889,2614
11890,2584
11891,2584
11892,2581
11893,2579
11894,2612
11895,2611
11896,2618
11897,2614
11898,2605
11899,2611
11900,2618
11901,2618
11902,2620
11903,2611
11904,2611
11905,2610
11906,2618
11907,2581
11908,2618
11909,2611
11910,2612
11911,2623
11912,2624
11913,2612
11914,2612
11915,2605
11916,2601
11917,2605
11918,2612
11919,2623
11920,2618
11921,2626
11922,2624
11923,2627
11924,2617
11925,2633
11926,2638
11927,2633
11928,2633
11929,2638
11930,2633
11931,2623
11932,2638
11933,2638
11934,2633
11935,2638
11936,2638
11937,2638
11938,2638
11939,2634
11940,2620
11941,2633
11942,2599
11943,2620
11944,2634
11945,2638
11946,2638
11947,2638
11948,2633
11949,2638
11950,2629
11951,2638
11952,2638
11953,2617
11954,2633
11955,2638
11956,2638
11957,2638
11958,2629
11959,2633
11960,2638
11961,2638
11962,2638
11963,2634
11964,2599
11965,2613
11966,2620
11967,2633
11968,2635
11969,2584
11970,2624
11971,2620
11972,2633
11973,2634
11974,2628
11975,2633
11976,2633
11977,2638
11978,2633
11979,2623
11980,2638
11981,2638
11982,2638
11983,2638
11984,2633
11985,2627
11986,2638
11987,2628
11988,2638
11989,2639
11990,2645
11991,2638
11992,2644
11993,2640
11994,2645
11995,2628
11996,2644
11997,2644
11998,2645
11999,2644
12000,2629
12001,2645
12002,2644
12003,2629
12004,2638
12005,2638
12006,2638
12007,2628
12008,2634
12009,2638
12010,2627
12011,2638
12012,2629
12013,2634
12014,2638
12015,2638
12016,2635
12017,2612
12018,2629
12019,2614
12020,2612
12021,2624
12022,2617
12023,2630
12024,2625
12025,2634
12026,2629
12027,2630
12028,2617
12029,2624
12030,2612
12031,2614
12032,2629
12033,2612
12034,2612
12035,2599
12036,2620
12037,2633
12038,2629
12039,2614
12040,2623
12041,2611
12042,2631
12043,2614
12044,2611
12045,2627
12046,2617
12047,2619
12048,2627
12049,2619
12050,2627
12051,2635
12052,2635
12053,2635
12054,2611
12055,2635
12056,2630
12057,2635
12058,2632
12059,2614
12060,2632
12061,2617
12062,2628
12063,2611
12064,2617
12065,2620
12066,2628
12067,2632
12068,2611
12069,2628
12070,2620
12071,2632
12072,2628
12073,2620
12074,2628
12075,2611
12076,2617
12077,2603
12078,2627
12079,2624
12080,2627
12081,2629
12082,2619
12083,2633
12084,2621
12085,2626
12086,2633
12087,2629
12088,2623
12089,2599
12090,2623
12091,2602
12092,2619
12093,2623
12094,2621
12095,2628
12096,2626
12097,2618
12098,2619
12099,2628
12100,2610
12101,2625
12102,2622
12103,2618
12104,2608
12105,2629
12106,2638
12107,2632
12108,2629
12109,2623
12110,2629
12111,2630
12112,2631
12113,2611
12114,2630
12115,2631
12116,2629
12117,2623
12118,2629
12119,2632
12120,2638
12121,2629
12122,2608
12123,2618
12124,2633
12125,2625
12126,2632
12127,2633
12128,2614
12129,2571
12130,2625
12131,2633
12132,2629
12133,2633
12134,2566
12135,2625
12136,2614
12137,2633
12138,2629
12139,2627
12140,2641
12141,2644
12142,2623
12143,2642
12144,2644
12145,2623
12146,2644
12147,2631
12148,2642
12149,2644
12150,2623
12151,2617
12152,2629
12153,2622
12154,2629
12155,2626
12156,2607
12157,2636
12158,2626
12159,2602
12160,2626
12161,2643
12162,2635
12163,2638
12164,2643
12165,2626
12166,2636
12167,2632
12168,2634
12169,2636
12170,2636
12171,2636
12172,2644
12173,2638
12174,2643
12175,2608
12176,2632
12177,2635
12178,2632
12179,2625
12180,2608
12181,2632
12182,2635
12183,2632
12184,2629
12185,2635
12186,2635
12187,2617
12188,2617
12189,2616
12190,2632
12191,2629
12192,2623
12193,2638
12194,2629
12195,2620
12196,2638
12197,2623
12198,2638
12199,2629
12200,2616
12201,2629
12202,2638
12203,2623
12204,2629
12205,2616
12206,2632
12207,2617
12208,2630
12209,2635
12210,2617
12211,2616
12212,2617
12213,2635
12214,2617
12215,2630
12216,2599
12217,2616
12218,2617
12219,2635
12220,2627
12221,2620
12222,2604
12223,2635
12224,2632
12225,2632
12226,2641
12227,2630
12228,2643
12229,2617
12230,2630
12231,2635
12232,2616
12233,2617
12234,2617
12235,2629
12236,2625
12237,2632
12238,2608
12239,2635
12240,2617
12241,2640
12242,2632
12243,2608
12244,2635
12245,2632
12246,2625
12247,2629
12248,2617
12249,2617
12250,2635
12251,2616
12252,2635
12253,2617
12254,2629
12255,2632
12256,2625
12257,2635
12258,2604
12259,2632
12260,2625
12261,2634
12262,2644
12263,2642
12264,2644
12265,2626
12266,2634
12267,2642
12268,2644
12269,2643
12270,2632
12271,2635
12272,2604
12273,2620
12274,2632
12275,2643
12276,2632
12277,2635
12278,2632
12279,2625
12280,2604
12281,2632
12282,2635
12283,2632
12284,2604
12285,2625
12286,2632
12287,2644
12288,2630
12289,2641
12290,2624
12291,2641
12292,2620
12293,2620
12294,2635
12295,2608
12296,2632
12297,2640
12298,2632
12299,2635
12300,2632
12301,2625
12302,2608
12303,2632
12304,2635
12305,2644
12306,2641
12307,2629
12308,2630
12309,2629
12310,2641
12311,2630
12312,2641
12313,2644
12314,2620
12315,2641
12316,2629
12317,2635
12318,2641
12319,2635
12320,2629
12321,2644
12322,2641
12323,2635
12324,2641
12325,2629
12326,2635
12327,2641
12328,2635
12329,2644
12330,2641
12331,2617
12332,2635
12333,2641
12334,2629
12335,2630
12336,2641
12337,2644
12338,2630
12339,2641
12340,2640
12341,2617
12342,2616
12343,2635
12344,2638
12345,2641
12346,2628
12347,2641
12348,2638
12349,2641
12350,2628
12351,2648
12352,2650
12353,2649
12354,2647
12355,2649
12356,2644
12357,2633
12358,2645
12359,2639
12360,2644
12361,2645
12362,2639
12363,2645
12364,2656
12365,2648
12366,2656
12367,2656
12368,2653
12369,2649
12370,2663
12371,2646
12372,2658
12373,2652
12374,2637
12375,2656
12376,2645
12377,2656
12378,2656
12379,2641
12380,2635
12381,2644
12382,2647
12383,2649
12384,2635
12385,2632
12386,2647
12387,2653
12388,2658
12389,2656
12390,2641
12391,2648
12392,2658
12393,2645
12394,2658
12395,2645
12396,2656
12397,2658
12398,2633
12399,2649
12400,2647
12401,2645
12402,2641
12403,2658
12404,2641
12405,2658
12406,2645
12407,2649
12408,2636
12409,2650
12410,2653
12411,2638
12412,2650
12413,2627
12414,2650
12415,2641
12416,2628
12417,2654
12418,2653
12419,2654
12420,2628
12421,2661
12422,2654
12423,2653
12424,2657
12425,2652
12426,2662
12427,2656
12428,2652
12429,2650
12430,2659
12431,2647
12432,2657
12433,2666
12434,2669
12435,2668
12436,2659
12437,2671
12438,2650
12439,2676
12440,2679
12441,2682
12442,2656
12443,2674
12444,2682
12445,2679
12446,2682
12447,2676
12448,2644
12449,2665
12450,2659
12451,2675
12452,2673
12453,2678
12454,2672
12455,2677
12456,2665
12457,2671
12458,2672
12459,2677
12460,2679
12461,2674
12462,2656
12463,2674
12464,2659
12465,2681
12466,2679
12467,2661
12468,2679
12469,2674
12470,2679
12471,2671
12472,2659
12473,2679
12474,2674
12475,2679
12476,2671
12477,2679
12478,2674
12479,2678
12480,2665
12481,2680
12482,2691
12483,2677
12484,2668
12485,2677
12486,2690
12487,2665
12488,2665
12489,2665
12490,2677
12491,2665
12492,2665
12493,2665
12494,2671
12495,2665
12496,2665
12497,2665
12498,2683
12499,2679
12500,2671
12501,2674
12502,2679
12503,2678
12504,2679
12505,2685
12506,2663
12507,2679
12508,2661
12509,2674
12510,2679
12511,2668
12512,2664
12513,2674
12514,2675
12515,2683
12516,2659
12517,2674
12518,2662
12519,2675
12520,2683
12521,2669
12522,2682
12523,2669
12524,2678
12525,2679
12526,2669
12527,2682
12528,2669
12529,2685
12530,2632
12531,2680
12532,2685
12533,2674
12534,2682
12535,2678
12536,2674
12537,2679
12538,2682
12539,2674
12540,2674
12541,2655
12542,2682
12543,2663
12544,2674
12545,2678
12546,2682
12547,2674
12548,2679
12549,2682
12550,2674
12551,2670
12552,2678
12553,2674
12554,2671
12555,2674
12556,2674
12557,2674
12558,2682
12559,2655
12560,2669
12561,2682
12562,2669
12563,2678
12564,2658
12565,2682
12566,2669
12567,2674
12568,2669
12569,2682
12570,2655
12571,2674
12572,2671
12573,2678
12574,2674
12575,2674
12576,2682
12577,2674
12578,2674
12579,2685
12580,2628
12581,2681
12582,2674
12583,2678
12584,2674
12585,2682
12586,2688
12587,2692
12588,2680
12589,2681
12590,2697
12591,2694
12592,2695
12593,2696
12594,2674
12595,2684
12596,2687
12597,2686
12598,2679
12599,2689
12600,2674
12601,2695
12602,2689
12603,2674
12604,2686
12605,2689
12606,2674
12607,2676
12608,2693
12609,2667
12610,2667
12611,2691
12612,2682
12613,2689
12614,2695
12615,2693
12616,2676
12617,2674
12618,2678
12619,2691
12620,2691
12621,2680
12622,2680
12623,2683
12624,2655
12625,2680
12626,2684
12627,2683
12628,2680
12629,2684
12630,2694
12631,2686
12632,2667
12633,2683
12634,2673
12635,2685
12636,2696
12637,2685
12638,2689
12639,2705
12640,2707
12641,2698
12642,2699
12643,2706
12644,2699
12645,2697
12646,2701
12647,2710
12648,2707
12649,2710
12650,2710
12651,2711
12652,2709
12653,2710
12654,2721
12655,2716
12656,2721
12657,2701
12658,2713
12659,2704
12660,2716
12661,2723
12662,2710
12663,2718
12664,2724
12665,2711
12666,2728
12667,2731
12668,2724
12669,2731
12670,2722
12671,2723
12672,2718
12673,2727
12674,2722
12675,2718
12676,2722
12677,2733
12678,2722
12679,2718
12680,2719
12681,2731
12682,2717
12683,2722
12684,2707
12685,2737
12686,2730
12687,2742
12688,2741
12689,2739
12690,2741
12691,2742
12692,2718
12693,2723
12694,2741
12695,2742
12696,2739
12697,2741
12698,2742
12699,2741
12700,2734
12701,2719
12702,2741
12703,2742
12704,2739
12705,2741
12706,2741
12707,2742
12708,2730
12709,2741
12710,2744
12711,2743
12712,2747
12713,2747
12714,2700
12715,2753
12716,2739
12717,2734
12718,2752
12719,2753
12720,2700
12721,2752
12722,2749
12723,2753
12724,2728
12725,2739
12726,2753
12727,2752
12728,2746
12729,2722
12730,2737
12731,2733
12732,2741
12733,2722
12734,2733
12735,2737
12736,2742
12737,2720
12738,2724
12739,2742
12740,2742
12741,2720
12742,2728
12743,2738
12744,2728
12745,2720
12746,2750
12747,2752
12748,2731
12749,2750
12750,2731
12751,2748
12752,2752
12753,2750
12754,2748
12755,2754
12756,2749
12757,2754
12758,2739
12759,2749
12760,2749
12761,2754
12762,2753
12763,2732
12764,2759
12765,2749
12766,2749
12767,2741
12768,2759
12769,2753
12770,2742
12771,2749
12772,2749
12773,2754
12774,2749
12775,2748
12776,2731
12777,2752
12778,2745
12779,2734
12780,2752
12781,2750
12782,2721
12783,2734
12784,2750
12785,2752
12786,2731
12787,2748
12788,2750
12789,2744
12790,2731
12791,2745
12792,2750
12793,2737
12794,2728
12795,2720
12796,2749
12797,2728
12798,2720
12799,2737
12800,2728
12801,2742
12802,2718
12803,2733
12804,2737
12805,2746
12806,2753
12807,2747
12808,2745
12809,2753
12810,2733
12811,2746
12812,2746
12813,2746
12814,2740
12815,2748
12816,2741
12817,2675
12818,2740
12819,2748
12820,2742
12821,2746
12822,2752
12823,2746
12824,2742
12825,2752
12826,2751
12827,2728
12828,2760
12829,2760
12830,2753
12831,2736
12832,2760
12833,2760
12834,2763
12835,2772
12836,2772
12837,2750
12838,2760
12839,2748
12840,2761
12841,2760
12842,2760
12843,2748
12844,2753
12845,2760
12846,2760
12847,2766
12848,2770
12849,2764
12850,2768
12851,2759
12852,2769
12853,2779
12854,2773
12855,2770
12856,2782
12857,2759
12858,2770
12859,2773
12860,2774
12861,2782
12862,2773
12863,2770
12864,2773
12865,2782
12866,2773
12867,2770
12868,2773
12869,2774
12870,2773
12871,2760
12872,2769
12873,2772
12874,2776
12875,2773
12876,2772
12877,2765
12878,2776
12879,2764
12880,2780
12881,2776
12882,2755
12883,2767
12884,2783
12885,2780
12886,2769
12887,2761
12888,2775
12889,2769
12890,2769
12891,2773
12892,2763
12893,2777
12894,2783
12895,2763
12896,2776
12897,2783
12898,2763
12899,2777
12900,2783
12901,2773
12902,2776
12903,2783
12904,2763
12905,2777
12906,2783
12907,2779
12908,2767
12909,2783
12910,2776
12911,2767
12912,2777
12913,2783
12914,2787
12915,2785
12916,2787
12917,2779
12918,2771
12919,2788
12920,2788
12921,2783
12922,2771
12923,2788
12924,2788
12925,2783
12926,2771
12927,2793
12928,2788
12929,2788
12930,2787
12931,2788
12932,2792
12933,2791
12934,2788
12935,2788
12936,2788
12937,2787
12938,2788
12939,2792
12940,2787
12941,2788
12942,2788
12943,2788
12944,2792
12945,2788
12946,2787
12947,2790
12948,2799
12949,2796
12950,2791
12951,2799
12952,2796
12953,2799
12954,2796
12955,2790
12956,2788
12957,2792
12958,2783
12959,2783
12960,2787
12961,2793
12962,2783
12963,2771
12964,2790
12965,2785
12966,2781
12967,2785
12968,2790
12969,2790
12970,2785
12971,2789
12972,2788
12973,2771
12974,2788
12975,2778
12976,2793
12977,2786
12978,2789
12979,2788
12980,2784
12981,2789
12982,2790
12983,2786
12984,2789
12985,2780
12986,2802
12987,2802
12988,2793
12989,2788
12990,2785
12991,2780
12992,2797
12993,2795
12994,2790
12995,2802
12996,2795
12997,2797
12998,2802
12999,2790
13000,2795
13001,2802
13002,2797
13003,2795
13004,2790
13005,2802
13006,2795
13007,2797
13008,2790
13009,2802
13010,2790
13011,2800
13012,2787
13013,2780
13014,2774
13015,2787
13016,2774
13017,2786
13018,2780
13019,2800
13020,2801
13021,2808
13022,2806
13023,2796
13024,2808
13025,2800
13026,2809
13027,2812
13028,2795
13029,2814
13030,2808
13031,2800
13032,2814
13033,2807
13034,2783
13035,2811
13036,2800
13037,2799
13038,2812
13039,2800
13040,2797
13041,2815
13042,2808
13043,2818
13044,2815
13045,2812
13046,2793
13047,2785
13048,2806
13049,2812
13050,2781
13051,2806
13052,2812
13053,2806
13054,2793
13055,2793
13056,2793
13057,2801
13058,2797
13059,2806
13060,2800
13061,2806
13062,2805
13063,2796
13064,2802
13065,2803
13066,2808
13067,2821
13068,2824
13069,2819
13070,2796
13071,2802
13072,2809
13073,2814
13074,2807
13075,2802
13076,2809
13077,2805
13078,2802
13079,2801
13080,2800
13081,2811
13082,2786
13083,2807
13084,2803
13085,2810
13086,2786
13087,2807
13088,2803
13089,2816
13090,2802
13091,2803
13092,2786
13093,2810
13094,2791
13095,2786
13096,2803
13097,2816
13098,2807
13099,2803
13100,2784
13101,2806
13102,2801
13103,2782
13104,2793
13105,2793
13106,2793
13107,2793
13108,2793
13109,2802
13110,2793
13111,2793
13112,2813
13113,2808
13114,2793
13115,2793
13116,2779
13117,2793
13118,2793
13119,2793
13120,2793
13121,2801
13122,2806
13123,2802
13124,2800
13125,2806
13126,2805
13127,2807
13128,2802
13129,2809
13130,2796
13131,2802
13132,2809
13133,2814
13134,2802
13135,2807
13136,2809
13137,2802
13138,2807
13139,2801
13140,2809
13141,2802
13142,2814
13143,2807
13144,2809
13145,2802
13146,2807
13147,2809
13148,2802
13149,2814
13150,2807
13151,2820
13152,2822
13153,2814
13154,2804
13155,2828
13156,2816
13157,2832
13158,2825
13159,2817
13160,2828
13161,2819
13162,2822
13163,2804
13164,2820
13165,2822
13166,2819
13167,2804
13168,2822
13169,2822
13170,2831
13171,2828
13172,2831
13173,2816
13174,2828
13175,2816
13176,2809
13177,2815
13178,2827
13179,2809
13180,2816
13181,2815
13182,2805
13183,2809
13184,2816
13185,2809
13186,2815
13187,2816
13188,2822
13189,2805
13190,2822
13191,2821
13192,2811
13193,2823
13194,2821
13195,2819
13196,2832
13197,2832
13198,2836
13199,2837
13200,2827
13201,2836
13202,2811
13203,2836
13204,2837
13205,2820
13206,2836
13207,2832
13208,2835
13209,2837
13210,2815
13211,2836
13212,2837
13213,2827
13214,2836
13215,2837
13216,2836
13217,2832
13218,2837
13219,2829
13220,2842
13221,2845
13222,2842
13223,2835
13224,2833
13225,2845
13226,2845
13227,2846
13228,2845
13229,2833
13230,2835
13231,2840
13232,2816
13233,2844
13234,2843
13235,2844
13236,2851
13237,2850
13238,2850
13239,2850
13240,2850
13241,2841
13242,2850
13243,2835
13244,2850
13245,2850
13246,2850
13247,2850
13248,2850
13249,2840
13250,2862
13251,2861
13252,2859
13253,2867
13254,2862
13255,2841
13256,2857
13257,2858
13258,2857
13259,2845
13260,2846
13261,2853
13262,2860
13263,2849
13264,2822
13265,2845
13266,2856
13267,2822
13268,2858
13269,2860
13270,2862
13271,2864
13272,2871
13273,2865
13274,2865
13275,2872
13276,2865
13277,2865
13278,2872
13279,2865
13280,2875
13281,2869
13282,2869
13283,2872
13284,2874
13285,2878
13286,2886
13287,2884
13288,2875
13289,2880
13290,2886
13291,2880
13292,2884
13293,2875
13294,2886
13295,2880
13296,2884
13297,2886
13298,2875
13299,2886
13300,2884
13301,2876
13302,2870
13303,2880
13304,2870
13305,2860
13306,2870
13307,2870
13308,2874
13309,2870
13310,2862
13311,2860
13312,2883
13313,2872
13314,2874
13315,2881
13316,2872
13317,2871
13318,2881
13319,2877
13320,2880
13321,2866
13322,2881
13323,2883
13324,2870
13325,2867
13326,2864
13327,2868
13328,2881
13329,2862
13330,2881
13331,2874
13332,2881
13333,2872
13334,2881
13335,2868
13336,2881
13337,2878
13338,2862
13339,2868
13340,2878
13341,2865
13342,2862
13343,2878
13344,2881
13345,2865
13346,2879
13347,2872
13348,2871
13349,2872
13350,2871
13351,2878
13352,2877
13353,2866
13354,2872
13355,2886
13356,2879
13357,2879
13358,2886
13359,2879
13360,2871
13361,2872
13362,2886
13363,2879
13364,2878
13365,2869
13366,2868
13367,2871
13368,2872
13369,2867
13370,2866
13371,2869
13372,2878
13373,2856
13374,2878
13375,2875
13376,2842
13377,2867
13378,2871
13379,2842
13380,2867
13381,2872
13382,2880
13383,2877
13384,2857
13385,2874
13386,2871
13387,2878
13388,2868
13389,2874
13390,2878
13391,2875
13392,2871
13393,2878
13394,2869
13395,2867
13396,2842
13397,2877
13398,2883
13399,2867
13400,2842
13401,2880
13402,2867
13403,2842
13404,2877
13405,2867
13406,2842
13407,2869
13408,2868
13409,2871
13410,2844
13411,2865
13412,2878
13413,2871
13414,2878
13415,2869
13416,2842
13417,2877
13418,2867
13419,2842
13420,2867
13421,2857
13422,2880
13423,2877
13424,2883
13425,2871
13426,2880
13427,2877
13428,2880
13429,2883
13430,2884
13431,2854
13432,2887
13433,2889
13434,2890
13435,2881
13436,2889
13437,2887
13438,2878
13439,2836
13440,2877
13441,2882
13442,2869
13443,2890
13444,2883
13445,2869
13446,2890
13447,2882
13448,2869
13449,2890
13450,2882
13451,2873
13452,2890
13453,2869
13454,2893
13455,2881
13456,2873
13457,2881
13458,2890
13459,2871
13460,2896
13461,2892
13462,2904
13463,2890
13464,2892
13465,2893
13466,2893
13467,2892
13468,2889
13469,2901
13470,2904
13471,2887
13472,2893
13473,2887
13474,2904
13475,2887
13476,2904
13477,2887
13478,2883
13479,2892
13480,2901
13481,2871
13482,2885
13483,2898
13484,2898
13485,2898
13486,2881
13487,2890
13488,2898
13489,2891
13490,2881
13491,2843
13492,2877
13493,2885
13494,2877
13495,2880
13496,2881
13497,2877
13498,2843
13499,2877
13500,2877
13501,2881
13502,2877
13503,2843
13504,2877
13505,2880
13506,2877
13507,2881
13508,2893
13509,2890
13510,2888
13511,2877
13512,2893
13513,2890
13514,2895
13515,2888
13516,2890
13517,2893
13518,2861
13519,2888
13520,2890
13521,2899
13522,2902
13523,2899
13524,2910
13525,2902
13526,2893
13527,2910
13528,2907
13529,2902
13530,2910
13531,2907
13532,2910
13533,2902
13534,2901
13535,2910
13536,2907
13537,2910
13538,2902
13539,2903
13540,2877
13541,2903
13542,2891
13543,2905
13544,2904
13545,2902
13546,2908
13547,2904
13548,2902
13549,2908
13550,2904
13551,2902
13552,2905
13553,2877
13554,2903
13555,2891
13556,2903
13557,2910
13558,2907
13559,2902
13560,2910
13561,2901
13562,2907
13563,2910
13564,2902
13565,2910
13566,2907
13567,2902
13568,2910
13569,2893
13570,2910
13571,2902
13572,2907
13573,2910
13574,2895
13575,2891
13576,2903
13577,2877
13578,2889
13579,2903
13580,2891
13581,2877
13582,2903
13583,2901
13584,2883
13585,2881
13586,2903
13587,2883
13588,2903
13589,2883
13590,2903
13591,2883
13592,2903
13593,2883
13594,2893
13595,2883
13596,2903
13597,2883
13598,2903
13599,2883
13600,2903
13601,2883
13602,2903
13603,2883
13604,2896
13605,2904
13606,2901
13607,2881
13608,2904
13609,2884
13610,2907
13611,2904
13612,2898
13613,2893
13614,2896
13615,2900
13616,2904
13617,2898
13618,2904
13619,2893
13620,2898
13621,2904
13622,2897
13623,2902
13624,2896
13625,2896
13626,2902
13627,2898
13628,2896
13629,2873
13630,2888
13631,2896
13632,2871
13633,2881
13634,2896
13635,2888
13636,2887
13637,2896
13638,2889
13639,2888
13640,2887
13641,2896
13642,2879
13643,2888
13644,2896
13645,2872
13646,2887
13647,2883
13648,2896
13649,2887
13650,2896
13651,2873
13652,2898
13653,2899
13654,2899
13655,2905
13656,2907
13657,2907
13658,2907
13659,2898
13660,2907
13661,2907
13662,2907
13663,2893
13664,2907
13665,2911
13666,2910
13667,2901
13668,2889
13669,2904
13670,2892
13671,2887
13672,2898
13673,2910
13674,2890
13675,2893
13676,2897
13677,2902
13678,2892
13679,2883
13680,2902
13681,2917
13682,2914
13683,2920
13684,2899
13685,2914
13686,2904
13687,2914
13688,2920
13689,2914
13690,2910
13691,2914
13692,2920
13693,2914
13694,2910
13695,2917
13696,2922
13697,2913
13698,2910
13699,2917
13700,2912
13701,2902
13702,2882
13703,2907
13704,2902
13705,2913
13706,2910
13707,2902
13708,2913
13709,2902
13710,2882
13711,2907
13712,2902
13713,2913
13714,2915
13715,2913
13716,2909
13717,2919
13718,2904
13719,2913
13720,2917
13721,2897
13722,2917
13723,2915
13724,2902
13725,2913
13726,2917
13727,2919
13728,2925
13729,2925
13730,2925
13731,2924
13732,2922
13733,2926
13734,2931
13735,2929
13736,2923
13737,2929
13738,2931
13739,2929
13740,2922
13741,2926
13742,2929
13743,2931
13744,2929
13745,2934
13746,2938
13747,2930
13748,2934
13749,2935
13750,2934
13751,2925
13752,2920
13753,2934
13754,2930
13755,2938
13756,2934
13757,2929
13758,2931
13759,2929
13760,2926
13761,2922
13762,2929
13763,2931
13764,2929
13765,2911
13766,2929
13767,2931
13768,2926
13769,2922
13770,2925
13771,2924
13772,2925
13773,2925
13774,2914
13775,2917
13776,2913
13777,2902
13778,2913
13779,2901
13780,2922
13781,2913
13782,2894
13783,2912
13784,2911
13785,2912
13786,2883
13787,2912
13788,2911
13789,2894
13790,2912
13791,2902
13792,2912
13793,2894
13794,2911
13795,2915
13796,2889
13797,2912
13798,2910
13799,2894
13800,2912
13801,2917
13802,2912
13803,2911
13804,2894
13805,2912
13806,2919
13807,2914
13808,2916
13809,2916
13810,2914
13811,2916
13812,2914
13813,2916
13814,2882
13815,2904
13816,2914
13817,2919
13818,2916
13819,2908
13820,2910
13821,2914
13822,2916
13823,2914
13824,2910
13825,2915
13826,2902
13827,2913
13828,2915
13829,2910
13830,2914
13831,2916
13832,2914
13833,2910
13834,2916
13835,2908
13836,2914
13837,2919
13838,2913
13839,2902
13840,2913
13841,2902
13842,2913
13843,2913
13844,2901
13845,2902
13846,2913
13847,2906
13848,2902
13849,2913
13850,2902
13851,2913
13852,2913
13853,2902
13854,2909
13855,2917
13856,2909
13857,2920
13858,2913
13859,2924
13860,2914
13861,2916
13862,2925
13863,2909
13864,2925
13865,2912
13866,2925
13867,2914
13868,2914
13869,2912
13870,2925
13871,2922
13872,2905
13873,2902
13874,2916
13875,2902
13876,2908
13877,2916
13878,2910
13879,2895
13880,2916
13881,2919
13882,2894
13883,2907
13884,2922
13885,2922
13886,2926
13887,2934
13888,2934
13889,2928
13890,2934
13891,2926
13892,2919
13893,2896
13894,2919
13895,2919
13896,2916
13897,2933
13898,2929
13899,2933
13900,2922
13901,2935
13902,2926
13903,2939
13904,2934
13905,2934
13906,2931
13907,2939
13908,2934
13909,2934
13910,2937
13911,2941
13912,2949
13913,2947
13914,2949
13915,2942
13916,2951
13917,2950
13918,2958
13919,2959
13920,2959
13921,2934
13922,2949
13923,2941
13924,2934
13925,2934
13926,2959
13927,2943
13928,2956
13929,2959
13930,2955
13931,2954
13932,2937
13933,2928
13934,2945
13935,2952
13936,2925
13937,2950
13938,2952
13939,2943
13940,2950
13941,2902
13942,2952
13943,2950
13944,2952
13945,2953
13946,2938
13947,2956
13948,2955
13949,2955
13950,2938
13951,2947
13952,2938
13953,2955
13954,2925
13955,2956
13956,2934
13957,2955
13958,2942
13959,2955
13960,2934
13961,2939
13962,2955
13963,2934
13964,2955
13965,2956
13966,2961
13967,2963
13968,2956
13969,2947
13970,2963
13971,2952
13972,2961
13973,2963
13974,2958
13975,2963
13976,2952
13977,2939
13978,2963
13979,2952
13980,2963
13981,2961
13982,2961
13983,2955
13984,2938
13985,2947
13986,2955
13987,2934
13988,2956
13989,2955
13990,2957
13991,2959
13992,2958
13993,2970
13994,2939
13995,2963
13996,2958
13997,2970
13998,2963
13999,2958
14000,2963
14001,2949
14002,2961
14003,2970
14004,2958
14005,2968
14006,2968
14007,2970
14008,2958
14009,2968
14010,2951
14011,2970
14012,2968
14013,2961
14014,2958
14015,2963
14016,2970
14017,2958
14018,2952
14019,2939
14020,2970
14021,2963
14022,2951
14023,2970
14024,2964
14025,2958
14026,2953
14027,2979
14028,2972
14029,2972
14030,2977
14031,2969
14032,2956
14033,2953
14034,2963
14035,2965
14036,2971
14037,2972
14038,2979
14039,2974
14040,2970
14041,2974
14042,2982
14043,2979
14044,2987
14045,2982
14046,2987
14047,2987
14048,2961
14049,2986
14050,2979
14051,2987
14052,2982
14053,2974
14054,2965
14055,2979
14056,2974
14057,2977
14058,2970
14059,2974
14060,2967
14061,2979
14062,2982
14063,2987
14064,2960
14065,2976
14066,2956
14067,2956
14068,2958
14069,2967
14070,2956
14071,2956
14072,2966
14073,2961
14074,2982
14075,2974
14076,2946
14077,2982
14078,2979
14079,2974
14080,2969
14081,2982
14082,2974
14083,2961
14084,2967
14085,2956
14086,2958
14087,2958
14088,2962
14089,2979
14090,2966
14091,2982
14092,2979
14093,2968
14094,2957
14095,2979
14096,2966
14097,2979
14098,2957
14099,2979
14100,2966
14101,2979
14102,2946
14103,2979
14104,2984
14105,2988
14106,2976
14107,2974
14108,2970
14109,2979
14110,2966
14111,2979
14112,2987
14113,2988
14114,2992
14115,2984
14116,2954
14117,2989
14118,2992
14119,2966
14120,2989
14121,2992
14122,2966
14123,2984
14124,2984
14125,2980
14126,2989
14127,2966
14128,2992
14129,2989
14130,2994
14131,2974
14132,3000
14133,2998
14134,2984
14135,2985
14136,3000
14137,2984
14138,3000
14139,2988
14140,2979
14141,2998
14142,3000
14143,2988
14144,2984
14145,3000
14146,2984
14147,2998
14148,3000
14149,2994
14150,2992
14151,2989
14152,2994
14153,2984
14154,3000
14155,2998
14156,3000
14157,2984
14158,2988
14159,2997
14160,2983
14161,3004
14162,2997
14163,2988
14164,3000
14165,2984
14166,3000
14167,2998
14168,2984
14169,3000
14170,2974
14171,2988
14172,3000
14173,2984
14174,2998
14175,3000
14176,2982
14177,2979
14178,2988
14179,2973
14180,2984
14181,2988
14182,2973
14183,2984
14184,2986
14185,2976
14186,2977
14187,2979
14188,2973
14189,2991
14190,2993
14191,2995
14192,2999
14193,2999
14194,2985
14195,2992
14196,2995
14197,2999
14198,2973
14199,2993
14200,2999
14201,2999
14202,2995
14203,2993
14204,2988
14205,2957
14206,2986
14207,2982
14208,2957
14209,2992
14210,2957
14211,2986
14212,2989
14213,2957
14214,2986
14215,2997
14216,2992
14217,2986
14218,2994
14219,2991
14220,2992
14221,3000
14222,2999
14223,3003
14224,3003
14225,2992
14226,2990
14227,2998
14228,3000
14229,3003
14230,3000
14231,2999
14232,3003
14233,2988
14234,2988
14235,2960
14236,2992
14237,3003
14238,2996
14239,2998
14240,2988
14241,3000
14242,3001
14243,3003
14244,2998
14245,2988
14246,3000
14247,2993
14248,2989
14249,2997
14250,2992
14251,3004
14252,2985
14253,3006
14254,3004
14255,2994
14256,3006
14257,3004
14258,3006
14259,3000
14260,3004
14261,3006
14262,2994
14263,3004
14264,3006
14265,3000
14266,3011
14267,2991
14268,3007
14269,3008
14270,2974
14271,2991
14272,3011
14273,3007
14274,2991
14275,3000
14276,2999
14277,3010
14278,2990
14279,3010
14280,3009
14281,2999
14282,3010
14283,3005
14284,2990
14285,3010
14286,3009
14287,2999
14288,3010
14289,3005
14290,3010
14291,2985
14292,2999
14293,3010
14294,3009
14295,3010
14296,3007
14297,3004
14298,3001
14299,3000
14300,3004
14301,3006
14302,3005
14303,2987
14304,3007
14305,3006
14306,2976
14307,3008
14308,2987
14309,3007
14310,3006
14311,2987
14312,3008
14313,2987
14314,3007
14315,3006
14316,2987
14317,3007
14318,2986
14319,2991
14320,3007
14321,3006
14322,2991
14323,3007
14324,2991
14325,3008
14326,3006
14327,2991
14328,3007
14329,2991
14330,3006
14331,2988
14332,2991
14333,3005
14334,3006
14335,3004
14336,3000
14337,3001
14338,3004
14339,3007
14340,3010
14341,3009
14342,2994
14343,3010
14344,3010
14345,2985
14346,2994
14347,3010
14348,3009
14349,3010
14350,3010
14351,2984
14352,3010
14353,2985
14354,3007
14355,3001
14356,2993
14357,2988
14358,3000
14359,3000
14360,3000
14361,2999
14362,3003
14363,2990
14364,3000
14365,3003
14366,3000
14367,3000
14368,2990
14369,3003
14370,3000
14371,3003
14372,3000
14373,2990
14374,2999
14375,3000
14376,2998
14377,2992
14378,2994
14379,2990
14380,2991
14381,2992
14382,2997
14383,2974
14384,2990
14385,2992
14386,2994
14387,2991
14388,2992
14389,2990
14390,2994
14391,2997
14392,2992
14393,2991
14394,2992
14395,2994
14396,2997
14397,2991
14398,2986
14399,2994
14400,2986
14401,2970
14402,2982
14403,2997
14404,2990
14405,2994
14406,2986
14407,2986
14408,2989
14409,2971
14410,2986
14411,2994
14412,2996
14413,3000
14414,3004
14415,2995
14416,3004
14417,3012
14418,3012
14419,3011
14420,3013
14421,2994
14422,3012
14423,3003
14424,2957
14425,3003
14426,2997
14427,2957
14428,2985
14429,2997
14430,2957
14431,2999
14432,3003
14433,2957
14434,2985
14435,3002
14436,3012
14437,3012
14438,2997
14439,3012
14440,2987
14441,3012
14442,3015
14443,3007
14444,3012
14445,3019
14446,3007
14447,3023
14448,3022
14449,3023
14450,3022
14451,3016
14452,3012
14453,3024
14454,3021
14455,3024
14456,3024
14457,3024
14458,3015
14459,3007
14460,3015
14461,3010
14462,3015
14463,3009
14464,3015
14465,3015
14466,3024
14467,3024
14468,3013
14469,3021
14470,3027
14471,3018
14472,3023
14473,3018
14474,3019
14475,3003
14476,3004
14477,3012
14478,3015
14479,3003
14480,3008
14481,3017
14482,3016
14483,3021
14484,3003
14485,3016
14486,3015
14487,3004
14488,2990
14489,3004
14490,3012
14491,3004
14492,3010
14493,3024
14494,2994
14495,3020
14496,3020
14497,3021
14498,3015
14499,3009
14500,3015
14501,3015
14502,3003
14503,3009
14504,2967
14505,3015
14506,3015
14507,3007
14508,3015
14509,3009
14510,3015
14511,3021
14512,3015
14513,3014
14514,3020
14515,3024
14516,3010
14517,3004
14518,3012
14519,3004
14520,3004
14521,2990
14522,3004
14523,3019
14524,3020
14525,3018
14526,3019
14527,3015
14528,2996
14529,3015
14530,3018
14531,3022
14532,3003
14533,2997
14534,3012
14535,3015
14536,3023
14537,3020
14538,3019
14539,3015
14540,3012
14541,3018
14542,3012
14543,2997
14544,3012
14545,3018
14546,3007
14547,3002
14548,3011
14549,3006
14550,3008
14551,2998
14552,3008
14553,3006
14554,3006
14555,3008
14556,3008
14557,3006
14558,2998
14559,3018
14560,3006
14561,3008
14562,3008
14563,3006
14564,2994
14565,3014
14566,3001
14567,3012
14568,3021
14569,3025
14570,3027
14571,3022
14572,3027
14573,3022
14574,3016
14575,3023
14576,3027
14577,3022
14578,3027
14579,3022
14580,3021
14581,3022
14582,3027
14583,3027
14584,3022
14585,3021
14586,3027
14587,3022
14588,3028
14589,3024
14590,3037
14591,3031
14592,3042
14593,3041
14594,3043
14595,3044
14596,3047
14597,3039
14598,3044
14599,3036
14600,3039
14601,3040
14602,3047
14603,3045
14604,3039
14605,3047
14606,3045
14607,3039
14608,3043
14609,3042
14610,3031
14611,3028
14612,3041
14613,3042
14614,3031
14615,3041
14616,3037
14617,3013
14618,3024
14619,3024
14620,3024
14621,3013
14622,3024
14623,3024
14624,3025
14625,3024
14626,3024
14627,3013
14628,3030
14629,3021
14630,2989
14631,3024
14632,3000
14633,3021
14634,3024
14635,3017
14636,3015
14637,3027
14638,3028
14639,3027
14640,3021
14641,3031
14642,3021
14643,3026
14644,3024
14645,3027
14646,3021
14647,3031
14648,3021
14649,3021
14650,3028
14651,3027
14652,3015
14653,3017
14654,3017
14655,3024
14656,3000
14657,3017
14658,3000
14659,3024
14660,3030
14661,3018
14662,3024
14663,3024
14664,3024
14665,3024
14666,3018
14667,3024
14668,3024
14669,3024
14670,3018
14671,3024
14672,3024
14673,3024
14674,3024
14675,3018
14676,3024
14677,3021
14678,3024
14679,3024
14680,3018
14681,3024
14682,3024
14683,3024
14684,3018
14685,3024
14686,3011
14687,3006
14688,3024
14689,3024
14690,3018
14691,3024
14692,3024
14693,3024
14694,3018
14695,3024
14696,3024
14697,3024
14698,3034
14699,3038
14700,3041
14701,3025
14702,3041
14703,3031
14704,3038
14705,3041
14706,3025
14707,3041
14708,3038
14709,3031
14710,3041
14711,3038
14712,3025
14713,3041
14714,3041
14715,3018
14716,3038
14717,3025
14718,3041
14719,3021
14720,3041
14721,3038
14722,3025
14723,3041
14724,3038
14725,3018
14726,3046
14727,3044
14728,3028
14729,3027
14730,3016
14731,3047
14732,3048
14733,3042
14734,3038
14735,3031
14736,3041
14737,3025
14738,3041
14739,3038
14740,3016
14741,3041
14742,3031
14743,3038
14744,3041
14745,3025
14746,3034
14747,3024
14748,3030
14749,3023
14750,3020
14751,2997
14752,3023
14753,3020
14754,2997
14755,3031
14756,3023
14757,3020
14758,2997
14759,3023
14760,2997
14761,3020
14762,3031
14763,3023
14764,3015
14765,2997
14766,3023
14767,2997
14768,3015
14769,2997
14770,3023
14771,3015
14772,3031
14773,2997
14774,3023
14775,3020
14776,2997
14777,3023
14778,3020
14779,3021
14780,3026
14781,3027
14782,3030
14783,3034
14784,3027
14785,3031
14786,3030
14787,3023
14788,3034
14789,3039
14790,3034
14791,3042
14792,3039
14793,3034
14794,3034
14795,3039
14796,3042
14797,3042
14798,3042
14799,3039
14800,3045
14801,3042
14802,3045
14803,3038
14804,3033
14805,3039
14806,3045
14807,3042
14808,3045
14809,3042
14810,3039
14811,3042
14812,3045
14813,3042
14814,3045
14815,3042
14816,3039
14817,3042
14818,3045
14819,3038
14820,3042
14821,3045
14822,3039
14823,3042
14824,3045
14825,3042
14826,3039
14827,3045
14828,3042
14829,3033
14830,3045
14831,3035
14832,3054
14833,3052
14834,3048
14835,3054
14836,3048
14837,3048
14838,3054
14839,3049
14840,3039
14841,3052
14842,3025
14843,3054
14844,3052
14845,3048
14846,3054
14847,3048
14848,3036
14849,3054
14850,3018
14851,3039
14852,3054
14853,3048
14854,3052
14855,3049
14856,3054
14857,3035
14858,3045
14859,3039
14860,3042
14861,3042
14862,3039
14863,3042
14864,3042
14865,3039
14866,3034
14867,3034
14868,3039
14869,3042
14870,3039
14871,3034
14872,3034
14873,3031
14874,3042
14875,3037
14876,3034
14877,3037
14878,3047
14879,3042
14880,3045
14881,3054
14882,3051
14883,3058
14884,3057
14885,3051
14886,3058
14887,3051
14888,3058
14889,3057
14890,3054
14891,3056
14892,3058
14893,3037
14894,3056
14895,3058
14896,3057
14897,3056
14898,3058
14899,3054
14900,3045
14901,3024
14902,3045
14903,3054
14904,3056
14905,3058
14906,3057
14907,3056
14908,3058
14909,3056
14910,3058
14911,3054
14912,3042
14913,3057
14914,3051
14915,3058
14916,3056
14917,3057
14918,3060
14919,3063
14920,3064
14921,3042
14922,3064
14923,3051
14924,3054
14925,3057
14926,3058
14927,3056
14928,3054
14929,3058
14930,3056
14931,3057
14932,3058
14933,3056
14934,3042
14935,3058
14936,3057
14937,3056
14938,3054
14939,3045
14940,3041
14941,3054
14942,3058
14943,3057
14944,3051
14945,3058
14946,3051
14947,3054
14948,3058
14949,3056
14950,3057
14951,3036
14952,3056
14953,3046
14954,3038
14955,3054
14956,3054
14957,3045
14958,3045
14959,3045
14960,3042
14961,3045
14962,3045
14963,3049
14964,3035
14965,3045
14966,3045
14967,3054
14968,3048
14969,3054
14970,3056
14971,3038
14972,3036
14973,3058
14974,3057
14975,3056
14976,3057
14977,3060
14978,3057
14979,3060
14980,3063
14981,3054
14982,3064
14983,3057
14984,3051
14985,3054
14986,3064
14987,3051
14988,3064
14989,3061
14990,3060
14991,3058
14992,3056
14993,3060
14994,3057
14995,3060
14996,3018
14997,3036
14998,3060
14999,3060
15000,3051
15001,3053
15002,3060
15003,3054
15004,3063
15005,3050
15006,3042
15007,3064
15008,3057
15009,3056
15010,3057
15011,3058
15012,3056
15013,3045
15014,3049
15015,3045
15016,3045
15017,3045
15018,3045
15019,3042
15020,3045
15021,3045
15022,3046
15023,3049
15024,3045
15025,3045
15026,3034
15027,3036
15028,3045
15029,3045
15030,3056
15031,3056
15032,3058
15033,3057
15034,3057
15035,3047
15036,3063
15037,3060
15038,3060
15039,3054
15040,3064
15041,3051
15042,3064
15043,3061
15044,3064
15045,3057
15046,3051
15047,3064
15048,3060
15049,3056
15050,3058
15051,3060
15052,3064
15053,3051
15054,3064
15055,3061
15056,3057
15057,3064
15058,3051
15059,3064
15060,3054
15061,3050
15062,3063
15063,3065
15064,3057
15065,3057
15066,3057
15067,3058
15068,3056
15069,3036
15070,3053
15071,3056
15072,3055
15073,3054
15074,3056
15075,3054
15076,3053
15077,3055
15078,3051
15079,3054
15080,3054
15081,3053
15082,3055
15083,3057
15084,3040
15085,3057
15086,3057
15087,3044
15088,3057
15089,3057
15090,3057
15091,3057
15092,3057
15093,3057
15094,3051
15095,3068
15096,3066
15097,3072
15098,3066
15099,3062
15100,3068
15101,3072
15102,3066
15103,3062
15104,3066
15105,3062
15106,3068
15107,3072
15108,3066
15109,3060
15110,3062
15111,3066
15112,3072
15113,3068
15114,3066
15115,3062
15116,3066
15117,3072
15118,3062
15119,3068
15120,3066
15121,3072
15122,3050
15123,3051
15124,3057
15125,3051
15126,3051
15127,3051
15128,3059
15129,3023
15130,3058
15131,3052
15132,3033
15133,3058
15134,3023
15135,3042
15136,3058
15137,3023
15138,3063
15139,3057
15140,3069
15141,3042
15142,3069
15143,3058
15144,3054
15145,3058
15146,3069
15147,3042
15148,3054
15149,3058
15150,3069
15151,3039
15152,3064
15153,3069
15154,3058
15155,3067
15156,3058
15157,3051
15158,3054
15159,3051
15160,3058
15161,3056
15162,3051
15163,3051
15164,3058
15165,3051
15166,3054
15167,3047
15168,3058
15169,3047
15170,3047
15171,3067
15172,3051
15173,3058
15174,3054
15175,3042
15176,3051
15177,3051
15178,3058
15179,3051
15180,3069
15181,3064
15182,3050
15183,3055
15184,3071
15185,3067
15186,3054
15187,3040
15188,3057
15189,3051
15190,3048
15191,3051
15192,3051
15193,3051
15194,3068
15195,3066
15196,3072
15197,3065
15198,3078
15199,3069
15200,3051
15201,3066
15202,3048
15203,3057
15204,3059
15205,3072
15206,3057
15207,3072
15208,3059
15209,3069
15210,3072
15211,3057
15212,3059
15213,3072
15214,3052
15215,3066
15216,3072
15217,3048
15218,3040
15219,3052
15220,3057
15221,3052
15222,3051
15223,3057
15224,3072
15225,3057
15226,3052
15227,3051
15228,3060
15229,3064
15230,3072
15231,3036
15232,3064
15233,3072
15234,3066
15235,3068
15236,3064
15237,3047
15238,3060
15239,3052
15240,3051
15241,3057
15242,3066
15243,3054
15244,3066
15245,3069
15246,3066
15247,3072
15248,3063
15249,3075
15250,3083
15251,3077
15252,3081
15253,3083
15254,3083
15255,3075
15256,3081
15257,3077
15258,3078
15259,3075
15260,3083
15261,3081
15262,3077
15263,3083
15264,3069
15265,3066
15266,3054
15267,3051
15268,3054
15269,3075
15270,3051
15271,3054
15272,3066
15273,3079
15274,3082
15275,3081
15276,3078
15277,3081
15278,3082
15279,3084
15280,3087
15281,3063
15282,3087
15283,3087
15284,3084
15285,3082
15286,3081
15287,3081
15288,3082
15289,3081
15290,3078
15291,3074
15292,3081
15293,3082
15294,3081
15295,3081
15296,3082
15297,3060
15298,3081
15299,3078
15300,3081
15301,3083
15302,3083
15303,3081
15304,3090
15305,3083
15306,3084
15307,3078
15308,3086
15309,3084
15310,3086
15311,3082
15312,3084
15313,3068
15314,3087
15315,3078
15316,3084
15317,3093
15318,3087
15319,3095
15320,3091
15321,3087
15322,3095
15323,3082
15324,3092
15325,3095
15326,3092
15327,3095
15328,3092
15329,3091
15330,3093
15331,3095
15332,3092
15333,3095
15334,3093
15335,3078
15336,3082
15337,3084
15338,3082
15339,3084
15340,3086
15341,3083
15342,3092
15343,3093
15344,3085
15345,3082
15346,3093
15347,3081
15348,3096
15349,3102
15350,3101
15351,3096
15352,3087
15353,3102
15354,3074
15355,3102
15356,3101
15357,3096
15358,3102
15359,3102
15360,3095
15361,3097
15362,3102
15363,3102
15364,3086
15365,3102
15366,3101
15367,3074
15368,3102
15369,3102
15370,3101
15371,3090
15372,3102
15373,3106
15374,3102
15375,3102
15376,3084
15377,3102
15378,3095
15379,3102
15380,3076
15381,3073
15382,3102
15383,3084
15384,3088
15385,3096
15386,3067
15387,3096
15388,3095
15389,3067
15390,3103
15391,3102
15392,3107
15393,3100
15394,3102
15395,3107
15396,3091
15397,3108
15398,3108
15399,3114
15400,3099
15401,3088
15402,3101
15403,3091
15404,3112
15405,3113
15406,3108
15407,3106
15408,3113
15409,3112
15410,3114
15411,3108
15412,3113
15413,3112
15414,3113
15415,3117
15416,3083
15417,3114
15418,3088
15419,3103
15420,3088
15421,3106
15422,3099
15423,3088
15424,3117
15425,3108
15426,3111
15427,3119
15428,3117
15429,3111
15430,3123
15431,3123
15432,3117
15433,3105
15434,3125
15435,3120
15436,3121
15437,3125
15438,3123
15439,3120
15440,3114
15441,3111
15442,3119
15443,3111
15444,3117
15445,3108
15446,3114
15447,3093
15448,3100
15449,3093
15450,3111
15451,3091
15452,3098
15453,3113
15454,3091
15455,3104
15456,3091
15457,3114
15458,3091
15459,3111
15460,3080
15461,3105
15462,3090
15463,3086
15464,3105
15465,3117
15466,3120
15467,3118
15468,3117
15469,3090
15470,3111
15471,3110
15472,3090
15473,3086
15474,3090
15475,3111
15476,3114
15477,3086
15478,3090
15479,3111
15480,3110
15481,3090
15482,3111
15483,3090
15484,3116
15485,3114
15486,3120
15487,3114
15488,3111
15489,3112
15490,3120
15491,3114
15492,3114
15493,3120
15494,3112
15495,3105
15496,3120
15497,3126
15498,3105
15499,3122
15500,3110
15501,3125
15502,3132
15503,3132
15504,3134
15505,3132
15506,3126
15507,3135
15508,3118
15509,3129
15510,3107
15511,3123
15512,3135
15513,3123
15514,3123
15515,3123
15516,3123
15517,3107
15518,3126
15519,3123
15520,3123
15521,3102
15522,3123
15523,3134
15524,3132
15525,3126
15526,3132
15527,3134
15528,3118
15529,3107
15530,3118
15531,3123
15532,3118
15533,3107
15534,3118
15535,3116
15536,3124
15537,3126
15538,3099
15539,3099
15540,3119
15541,3122
15542,3099
15543,3120
15544,3115
15545,3108
15546,3096
15547,3130
15548,3132
15549,3134
15550,3134
15551,3124
15552,3134
15553,3134
15554,3134
15555,3124
15556,3134
15557,3092
15558,3120
15559,3123
15560,3125
15561,3134
15562,3134
15563,3124
15564,3134
15565,3134
15566,3134
15567,3124
15568,3134
15569,3132
15570,3130
15571,3096
15572,3108
15573,3126
15574,3126
15575,3126
15576,3108
15577,3135
15578,3126
15579,3104
15580,3124
15581,3126
15582,3135
15583,3104
15584,3121
15585,3126
15586,3121
15587,3124
15588,3104
15589,3121
15590,3125
15591,3126
15592,3104
15593,3124
15594,3109
15595,3130
15596,3111
15597,3116
15598,3135
15599,3130
15600,3109
15601,3124
15602,3115
15603,3108
15604,3120
15605,3099
15606,3108
15607,3099
15608,3122
15609,3099
15610,3135
15611,3132
15612,3132
15613,3132
15614,3132
15615,3114
15616,3129
15617,3126
15618,3132
15619,3132
15620,3135
15621,3123
15622,3099
15623,3122
15624,3099
15625,3123
15626,3123
15627,3099
15628,3099
15629,3123
15630,3096
15631,3131
15632,3133
15633,3135
15634,3138
15635,3133
15636,3138
15637,3134
15638,3138
15639,3135
15640,3134
15641,3134
15642,3134
15643,3131
15644,3138
15645,3123
15646,3121
15647,3138
15648,3121
15649,3113
15650,3121
15651,3138
15652,3121
15653,3107
15654,3138
15655,3113
15656,3121
15657,3132
15658,3121
15659,3127
15660,3138
15661,3113
15662,3121
15663,3138
15664,3121
15665,3121
15666,3113
15667,3138
15668,3127
15669,3111
15670,3138
15671,3134
15672,3135
15673,3134
15674,3134
15675,3140
15676,3134
15677,3134
15678,3147
15679,3141
15680,3134
15681,3147
15682,3132
15683,3134
15684,3134
15685,3141
15686,3138
15687,3141
15688,3138
15689,3147
15690,3141
15691,3138
15692,3132
15693,3147
15694,3147
15695,3154
15696,3149
15697,3141
15698,3143
15699,3156
15700,3152
15701,3160
15702,3158
15703,3154
15704,3160
15705,3147
15706,3160
15707,3158
15708,3134
15709,3136
15710,3159
15711,3146
15712,3149
15713,3146
15714,3164
15715,3164
15716,3159
15717,3164
15718,3164
15719,3164
15720,3164
15721,3168
15722,3171
15723,3156
15724,3180
15725,3173
15726,3177
15727,3170
15728,3186
15729,3186
15730,3173
15731,3186
15732,3186
15733,3186
15734,3185
15735,3179
15736,3180
15737,3183
15738,3169
15739,3186
15740,3156
15741,3177
15742,3183
15743,3180
15744,3186
15745,3174
15746,3183
15747,3186
15748,3180
15749,3156
15750,3186
15751,3180
15752,3183
15753,3174
15754,3177
15755,3186
15756,3156
15757,3183
15758,3180
15759,3186
15760,3180
15761,3183
15762,3174
15763,3186
15764,3156
15765,3186
15766,3180
15767,3183
15768,3177
15769,3180
15770,3183
15771,3156
15772,3186
15773,3165
15774,3186
15775,3180
15776,3183
15777,3180
15778,3156
15779,3186
15780,3186
15781,3174
15782,3183
15783,3177
15784,3180
15785,3183
15786,3180
15787,3156
15788,3186
15789,3186
15790,3174
15791,3183
15792,3180
15793,3156
15794,3176
15795,3180
15796,3186
15797,3183
15798,3183
15799,3180
15800,3186
15801,3183
15802,3180
15803,3183
15804,3180
15805,3186
15806,3178
15807,3183
15808,3180
15809,3183
15810,3155
15811,3192
15812,3187
15813,3173
15814,3174
15815,3186
15816,3180
15817,3179
15818,3180
15819,3179
15820,3179
15821,3180
15822,3180
15823,3183
15824,3180
15825,3183
15826,3192
15827,3155
15828,3179
15829,3180
15830,3179
15831,3189
15832,3183
15833,3180
15834,3195
15835,3195
15836,3187
15837,3192
15838,3195
15839,3192
15840,3187
15841,3195
15842,3174
15843,3173
15844,3177
15845,3188
15846,3174
15847,3195
15848,3179
15849,3173
15850,3177
15851,3179
15852,3188
15853,3179
15854,3177
15855,3173
15856,3179
15857,3189
15858,3176
15859,3182
15860,3186
15861,3171
15862,3180
15863,3171
15864,3165
15865,3186
15866,3180
15867,3192
15868,3186
15869,3186
15870,3196
15871,3188
15872,3195
15873,3188
15874,3188
15875,3177
15876,3196
15877,3195
15878,3188
15879,3188
15880,3180
15881,3176
15882,3176
15883,3176
15884,3142
15885,3176
15886,3176
15887,3176
15888,3176
15889,3176
15890,3180
15891,3176
15892,3176
15893,3176
15894,3176
15895,3183
15896,3176
15897,3176
15898,3176
15899,3176
15900,3176
15901,3180
15902,3176
15903,3176
15904,3176
15905,3142
15906,3176
15907,3176
15908,3176
15909,3176
15910,3180
15911,3192
15912,3183
15913,3196
15914,3195
15915,3172
15916,3192
15917,3183
15918,3195
15919,3196
15920,3192
15921,3183
15922,3195
15923,3180
15924,3176
15925,3183
15926,3188
15927,3186
15928,3191
15929,3186
15930,3188
15931,3195
15932,3189
15933,3178
15934,3180
15935,3183
15936,3183
15937,3180
15938,3183
15939,3195
15940,3192
15941,3186
15942,3195
15943,3171
15944,3186
15945,3183
15946,3186
15947,3189
15948,3183
15949,3173
15950,3180
15951,3179
15952,3177
15953,3177
15954,3189
15955,3174
15956,3195
15957,3188
15958,3179
15959,3180
15960,3170
15961,3183
15962,3170
15963,3187
15964,3179
15965,3183
15966,3175
15967,3180
15968,3189
15969,3188
15970,3198
15971,3198
15972,3177
15973,3188
15974,3198
15975,3195
15976,3170
15977,3183
15978,3170
15979,3195
15980,3194
15981,3193
15982,3189
15983,3194
15984,3193
15985,3194
15986,3193
15987,3194
15988,3198
15989,3199
15990,3204
15991,3184
15992,3191
15993,3186
15994,3195
15995,3171
15996,3186
15997,3191
15998,3186
15999,3195
16000,3186
16001,3186
16002,3183
16003,3195
16004,3183
16005,3172
16006,3187
16007,3188
16008,3195
16009,3183
16010,3183
16011,3192
16012,3192
16013,3200
16014,3180
16015,3203
16016,3200
16017,3195
16018,3192
16019,3197
16020,3186
16021,3186
16022,3195
16023,3186
16024,3186
16025,3171
16026,3186
16027,3186
16028,3192
16029,3177
16030,3192
16031,3186
16032,3192
16033,3192
16034,3192
16035,3186
16036,3186
16037,3186
16038,3165
16039,3195
16040,3188
16041,3186
16042,3188
16043,3195
16044,3188
16045,3186
16046,3165
16047,3177
16048,3195
16049,3186
16050,3188
16051,3195
16052,3186
16053,3188
16054,3165
16055,3180
16056,3176
16057,3176
16058,3176
16059,3186
16060,3176
16061,3176
16062,3176
16063,3180
16064,3176
16065,3176
16066,3176
16067,3176
16068,3176
16069,3176
16070,3176
16071,3201
16072,3195
16073,3200
16074,3203
16075,3189
16076,3200
16077,3195
16078,3192
16079,3200
16080,3173
16081,3195
16082,3204
16083,3198
16084,3192
16085,3186
16086,3192
16087,3187
16088,3173
16089,3186
16090,3195
16091,3186
16092,3187
16093,3195
16094,3195
16095,3192
16096,3195
16097,3187
16098,3192
16099,3195
16100,3192
16101,3187
16102,3195
16103,3192
16104,3187
16105,3192
16106,3195
16107,3195
16108,3192
16109,3187
16110,3192
16111,3195
16112,3173
16113,3192
16114,3195
16115,3195
16116,3187
16117,3186
16118,3195
16119,3183
16120,3180
16121,3183
16122,3183
16123,3174
16124,3180
16125,3189
16126,3180
16127,3174
16128,3180
16129,3180
16130,3174
16131,3183
16132,3180
16133,3165
16134,3180
16135,3174
16136,3180
16137,3155
16138,3179
16139,3173
16140,3139
16141,3183
16142,3180
16143,3173
16144,3185
16145,3139
16146,3180
16147,3185
16148,3185
16149,3139
16150,3180
16151,3181
16152,3189
16153,3192
16154,3177
16155,3189
16156,3177
16157,3192
16158,3189
16159,3183
16160,3189
16161,3192
16162,3181
16163,3185
16164,3139
16165,3180
16166,3185
16167,3180
16168,3180
16169,3132
16170,3177
16171,3180
16172,3139
16173,3176
16174,3174
16175,3189
16176,3173
16177,3183
16178,3173
16179,3173
16180,3180
16181,3155
16182,3170
16183,3183
16184,3183
16185,3173
16186,3173
16187,3183
16188,3173
16189,3195
16190,3189
16191,3199
16192,3202
16193,3198
16194,3194
16195,3194
16196,3202
16197,3198
16198,3189
16199,3186
16200,3156
16201,3188
16202,3198
16203,3197
16204,3201
16205,3195
16206,3189
16207,3186
16208,3191
16209,3174
16210,3192
16211,3198
16212,3191
16213,3186
16214,3171
16215,3198
16216,3198
16217,3198
16218,3198
16219,3198
16220,3165
16221,3198
16222,3198
16223,3198
16224,3166
16225,3198
16226,3153
16227,3198
16228,3195
16229,3183
16230,3200
16231,3198
16232,3200
16233,3183
16234,3193
16235,3200
16236,3183
16237,3200
16238,3207
16239,3206
16240,3210
16241,3211
16242,3207
16243,3201
16244,3211
16245,3194
16246,3207
16247,3213
16248,3211
16249,3198
16250,3211
16251,3207
16252,3201
16253,3216
16254,3219
16255,3207
16256,3219
16257,3214
16258,3195
16259,3196
16260,3204
16261,3215
16262,3216
16263,3209
16264,3210
16265,3204
16266,3205
16267,3210
16268,3204
16269,3204
16270,3210
16271,3209
16272,3210
16273,3210
16274,3203
16275,3219
16276,3211
16277,3222
16278,3219
16279,3213
16280,3219
16281,3211
16282,3222
16283,3219
16284,3210
16285,3222
16286,3219
16287,3219
16288,3211
16289,3222
16290,3214
16291,3219
16292,3221
16293,3227
16294,3210
16295,3210
16296,3227
16297,3224
16298,3180
16299,3216
16300,3180
16301,3221
16302,3180
16303,3207
16304,3216
16305,3180
16306,3219
16307,3221
16308,3180
16309,3222
16310,3180
16311,3219
16312,3216
16313,3180
16314,3221
16315,3180
16316,3216
16317,3219
16318,3180
16319,3222
16320,3180
16321,3221
16322,3180
16323,3216
16324,3207
16325,3180
16326,3216
16327,3213
16328,3216
16329,3207
16330,3211
16331,3219
16332,3212
16333,3217
16334,3222
16335,3227
16336,3228
16337,3231
16338,3227
16339,3234
16340,3236
16341,3240
16342,3236
16343,3240
16344,3231
16345,3236
16346,3216
16347,3210
16348,3229
16349,3224
16350,3210
16351,3229
16352,3210
16353,3231
16354,3229
16355,3204
16356,3203
16357,3234
16358,3224
16359,3234
16360,3222
16361,3210
16362,3234
16363,3231
16364,3224
16365,3222
16366,3234
16367,3224
16368,3216
16369,3231
16370,3234
16371,3216
16372,3219
16373,3226
16374,3211
16375,3226
16376,3233
16377,3237
16378,3226
16379,3237
16380,3226
16381,3211
16382,3226
16383,3233
16384,3226
16385,3207
16386,3226
16387,3237
16388,3211
16389,3233
16390,3226
16391,3237
16392,3226
16393,3228
16394,3216
16395,3211
16396,3226
16397,3237
16398,3233
16399,3226
16400,3226
16401,3211
16402,3207
16403,3216
16404,3233
16405,3226
16406,3224
16407,3231
16408,3207
16409,3237
16410,3231
16411,3214
16412,3206
16413,3231
16414,3201
16415,3214
16416,3231
16417,3234
16418,3214
16419,3231
16420,3201
16421,3231
16422,3214
16423,3228
16424,3207
16425,3231
16426,3214
16427,3231
16428,3231
16429,3232
16430,3222
16431,3230
16432,3240
16433,3234
16434,3221
16435,3234
16436,3230
16437,3222
16438,3232
16439,3209
16440,3232
16441,3231
16442,3222
16443,3222
16444,3222
16445,3234
16446,3237
16447,3237
16448,3240
16449,3237
16450,3222
16451,3228
16452,3240
16453,3225
16454,3210
16455,3240
16456,3222
16457,3227
16458,3234
16459,3242
16460,3201
16461,3243
16462,3242
16463,3243
16464,3242
16465,3243
16466,3230
16467,3246
16468,3243
16469,3246
16470,3215
16471,3243
16472,3234
16473,3243
16474,3246
16475,3230
16476,3243
16477,3246
16478,3243
16479,3246
16480,3243
16481,3215
16482,3246
16483,3243
16484,3246
16485,3246
16486,3245
16487,3246
16488,3240
16489,3243
16490,3243
16491,3227
16492,3237
16493,3249
16494,3233
16495,3240
16496,3245
16497,3252
16498,3256
16499,3249
16500,3256
16501,3255
16502,3256
16503,3255
16504,3255
16505,3256
16506,3259
16507,3252
16508,3246
16509,3255
16510,3263
16511,3252
16512,3255
16513,3263
16514,3252
16515,3251
16516,3234
16517,3255
16518,3246
16519,3246
16520,3215
16521,3260
16522,3255
16523,3240
16524,3261
16525,3249
16526,3246
16527,3234
16528,3255
16529,3246
16530,3255
16531,3242
16532,3258
16533,3252
16534,3225
16535,3246
16536,3258
16537,3243
16538,3264
16539,3247
16540,3256
16541,3245
16542,3256
16543,3258
16544,3255
16545,3264
16546,3261
16547,3255
16548,3264
16549,3255
16550,3261
16551,3243
16552,3260
16553,3252
16554,3263
16555,3261
16556,3263
16557,3260
16558,3249
16559,3243
16560,3243
16561,3251
16562,3243
16563,3258
16564,3239
16565,3239
16566,3239
16567,3249
16568,3225
16569,3228
16570,3238
16571,3239
16572,3243
16573,3243
16574,3231
16575,3257
16576,3241
16577,3258
16578,3266
16579,3264
16580,3267
16581,3264
16582,3264
16583,3250
16584,3258
16585,3264
16586,3258
16587,3261
16588,3261
16589,3264
16590,3264
16591,3258
16592,3264
16593,3264
16594,3255
16595,3251
16596,3258
16597,3251
16598,3264
16599,3227
16600,3251
16601,3258
16602,3261
16603,3258
16604,3256
16605,3255
16606,3258
16607,3261
16608,3266
16609,3260
16610,3273
16611,3270
16612,3276
16613,3270
16614,3276
16615,3270
16616,3276
16617,3270
16618,3270
16619,3276
16620,3270
16621,3261
16622,3252
16623,3253
16624,3273
16625,3249
16626,3252
16627,3243
16628,3261
16629,3258
16630,3255
16631,3248
16632,3273
16633,3261
16634,3248
16635,3258
16636,3261
16637,3237
16638,3273
16639,3261
16640,3248
16641,3267
16642,3257
16643,3267
16644,3270
16645,3273
16646,3270
16647,3276
16648,3263
16649,3282
16650,3276
16651,3281
16652,3279
16653,3288
16654,3287
16655,3283
16656,3288
16657,3287
16658,3282
16659,3291
16660,3287
16661,3283
16662,3287
16663,3291
16664,3294
16665,3300
16666,3284
16667,3294
16668,3267
16669,3297
16670,3284
16671,3300
16672,3279
16673,3291
16674,3279
16675,3297
16676,3297
16677,3287
16678,3297
16679,3290
16680,3297
16681,3288
16682,3290
16683,3297
16684,3297
16685,3291
16686,3290
16687,3287
16688,3291
16689,3293
16690,3291
16691,3290
16692,3297
16693,3297
16694,3297
16695,3290
16696,3297
16697,3287
16698,3290
16699,3297
16700,3297
16701,3288
16702,3284
16703,3293
16704,3284
16705,3297
16706,3297
16707,3288
16708,3288
16709,3293
16710,3288
16711,3288
16712,3288
16713,3288
16714,3293
16715,3288
16716,3288
16717,3297
16718,3293
16719,3288
16720,3288
16721,3303
16722,3282
16723,3306
16724,3300
16725,3295
16726,3282
16727,3285
16728,3295
16729,3303
16730,3303
16731,3306
16732,3297
16733,3306
16734,3309
16735,3310
16736,3300
16737,3306
16738,3294
16739,3306
16740,3309
16741,3285
16742,3306
16743,3306
16744,3297
16745,3285
16746,3306
16747,3285
16748,3267
16749,3306
16750,3306
16751,3310
16752,3309
16753,3306
16754,3297
16755,3303
16756,3306
16757,3303
16758,3306
16759,3297
16760,3306
16761,3308
16762,3296
16763,3294
16764,3306
16765,3306
16766,3300
16767,3288
16768,3306
16769,3306
16770,3303
16771,3287
16772,3297
16773,3297
16774,3303
16775,3288
16776,3306
16777,3303
16778,3306
16779,3306
16780,3288
16781,3306
16782,3306
16783,3306
16784,3300
16785,3300
16786,3306
16787,3306
16788,3308
16789,3296
16790,3303
16791,3318
16792,3302
16793,3318
16794,3318
16795,3318
16796,3315
16797,3318
16798,3324
16799,3319
16800,3330
16801,3327
16802,3327
16803,3291
16804,3332
16805,3318
16806,3332
16807,3324
16808,3327
16809,3309
16810,3311
16811,3321
16812,3318
16813,3327
16814,3312
16815,3306
16816,3324
16817,3326
16818,3324
16819,3324
16820,3312
16821,3324
16822,3324
16823,3326
16824,3312
16825,3324
16826,3324
16827,3330
16828,3326
16829,3333
16830,3326
16831,3326
16832,3333
16833,3327
16834,3330
16835,3330
16836,3333
16837,3330
16838,3327
16839,3336
16840,3333
16841,3339
16842,3326
16843,3317
16844,3333
16845,3345
16846,3342
16847,3345
16848,3344
16849,3345
16850,3345
16851,3333
16852,3330
16853,3326
16854,3327
16855,3333
16856,3332
16857,3330
16858,3330
16859,3333
16860,3327
16861,3336
16862,3333
16863,3327
16864,3336
16865,3333
16866,3327
16867,3330
16868,3333
16869,3336
16870,3297
16871,3327
16872,3330
16873,3333
16874,3320
16875,3339
16876,3321
16877,3311
16878,3321
16879,3330
16880,3311
16881,3333
16882,3321
16883,3311
16884,3321
16885,3330
16886,3324
16887,3312
16888,3327
16889,3326
16890,3318
16891,3326
16892,3326
16893,3333
16894,3326
16895,3330
16896,3326
16897,3339
16898,3329
16899,3332
16900,3332
16901,3339
16902,3344
16903,3345
16904,3312
16905,3344
16906,3345
16907,3345
16908,3344
16909,3330
16910,3348
16911,3339
16912,3332
16913,3336
16914,3332
16915,3329
16916,3339
16917,3345
16918,3344
16919,3345
16920,3345
16921,3344
16922,3312
16923,3342
16924,3345
16925,3344
16926,3345
16927,3344
16928,3312
16929,3345
16930,3339
16931,3332
16932,3329
16933,3332
16934,3339
16935,3314
16936,3322
16937,3338
16938,3320
16939,3338
16940,3339
16941,3303
16942,3339
16943,3346
16944,3345
16945,3333
16946,3342
16947,3342
16948,3336
16949,3345
16950,3342
16951,3342
16952,3354
16953,3333
16954,3348
16955,3345
16956,3354
16957,3345
16958,3333
16959,3354
16960,3348
16961,3342
16962,3326
16963,3326
16964,3333
16965,3335
16966,3348
16967,3354
16968,3351
16969,3323
16970,3353
16971,3348
16972,3333
16973,3326
16974,3342
16975,3326
16976,3324
16977,3326
16978,3326
16979,3333
16980,3342
16981,3328
16982,3332
16983,3345
16984,3328
16985,3345
16986,3353
16987,3351
16988,3351
16989,3351
16990,3356
16991,3348
16992,3342
16993,3345
16994,3351
16995,3351
16996,3345
16997,3356
16998,3351
16999,3351
17000,3360
17001,3366
17002,3363
17003,3354
17004,3357
17005,3351
17006,3360
17007,3360
17008,3335
17009,3339
17010,3348
17011,3351
17012,3348
17013,3354
17014,3363
17015,3360
17016,3348
17017,3336
17018,3360
17019,3360
17020,3354
17021,3354
17022,3360
17023,3363
17024,3344
17025,3345
17026,3348
17027,3351
17028,3348
17029,3354
17030,3360
17031,3348
17032,3351
17033,3342
17034,3354
17035,3339
17036,3344
17037,3354
17038,3363
17039,3344
17040,3339
17041,3351
17042,3348
17043,3353
17044,3354
17045,3363
17046,3363
17047,3354
17048,3354
17049,3330
17050,3356
17051,3368
17052,3364
17053,3374
17054,3376
17055,3375
17056,3375
17057,3378
17058,3375
17059,3378
17060,3363
17061,3384
17062,3381
17063,3363
17064,3384
17065,3381
17066,3381
17067,3384
17068,3381
17069,3381
17070,3384
17071,3375
17072,3381
17073,3384
17074,3381
17075,3375
17076,3381
17077,3363
17078,3372
17079,3376
17080,3375
17081,3375
17082,3376
17083,3375
17084,3377
17085,3384
17086,3372
17087,3381
17088,3377
17089,3384
17090,3375
17091,3381
17092,3381
17093,3384
17094,3383
17095,3375
17096,3390
17097,3378
17098,3369
17099,3369
17100,3375
17101,3390
17102,3375
17103,3378
17104,3375
17105,3375
17106,3390
17107,3369
17108,3383
17109,3377
17110,3384
17111,3351
17112,3384
17113,3377
17114,3383
17115,3390
17116,3381
17117,3381
17118,3381
17119,3378
17120,3381
17121,3378
17122,3381
17123,3390
17124,3381
17125,3381
17126,3392
17127,3374
17128,3396
17129,3384
17130,3378
17131,3396
17132,3363
17133,3374
17134,3393
17135,3396
17136,3374
17137,3393
17138,3393
17139,3396
17140,3374
17141,3399
17142,3395
17143,3395
17144,3395
17145,3395
17146,3387
17147,3392
17148,3395
17149,3402
17150,3405
17151,3405
17152,3405
17153,3408
17154,3402
17155,3395
17156,3387
17157,3395
17158,3387
17159,3395
17160,3395
17161,3395
17162,3395
17163,3393
17164,3395
17165,3380
17166,3395
17167,3391
17168,3395
17169,3387
17170,3395
17171,3395
17172,3395
17173,3393
17174,3395
17175,3395
17176,3395
17177,3384
17178,3375
17179,3381
17180,3380
17181,3393
17182,3381
17183,3396
17184,3375
17185,3381
17186,3396
17187,3375
17188,3381
17189,3396
17190,3375
17191,3381
17192,3396
17193,3375
17194,3396
17195,3396
17196,3399
17197,3396
17198,3399
17199,3396
17200,3399
17201,3372
17202,3396
17203,3399
17204,3396
17205,3399
17206,3393
17207,3396
17208,3399
17209,3396
17210,3399
17211,3396
17212,3399
17213,3396
17214,3399
17215,3395
17216,3372
17217,3387
17218,3395
17219,3372
17220,3372
17221,3395
17222,3387
17223,3372
17224,3372
17225,3395
17226,3396
17227,3369
17228,3395
17229,3372
17230,3387
17231,3369
17232,3395
17233,3372
17234,3375
17235,3369
17236,3395
17237,3364
17238,3375
17239,3396
17240,3381
17241,3381
17242,3356
17243,3396
17244,3364
17245,3395
17246,3369
17247,3372
17248,3387
17249,3395
17250,3369
17251,3372
17252,3387
17253,3395
17254,3369
17255,3364
17256,3375
17257,3396
17258,3386
17259,3375
17260,3381
17261,3396
17262,3396
17263,3399
17264,3396
17265,3364
17266,3399
17267,3393
17268,3364
17269,3399
17270,3396
17271,3384
17272,3386
17273,3378
17274,3384
17275,3378
17276,3381
17277,3396
17278,3395
17279,3378
17280,3396
17281,3386
17282,3378
17283,3396
17284,3381
17285,3395
17286,3381
17287,3378
17288,3384
17289,3381
17290,3393
17291,3389
17292,3393
17293,3366
17294,3390
17295,3393
17296,3390
17297,3378
17298,3396
17299,3381
17300,3381
17301,3399
17302,3381
17303,3396
17304,3381
17305,3396
17306,3399
17307,3381
17308,3396
17309,3381
17310,3381
17311,3378
17312,3396
17313,3390
17314,3393
17315,3378
17316,3393
17317,3381
17318,3393
17319,3366
17320,3381
17321,3375
17322,3381
17323,3396
17324,3396
17325,3396
17326,3399
17327,3396
17328,3393
17329,3399
17330,3396
17331,3399
17332,3396
17333,3399
17334,3396
17335,3399
17336,3396
17337,3399
17338,3396
17339,3399
17340,3396
17341,3399
17342,3362
17343,3396
17344,3399
17345,3396
17346,3375
17347,3396
17348,3381
17349,3375
17350,3386
17351,3396
17352,3375
17353,3395
17354,3399
17355,3395
17356,3384
17357,3399
17358,3399
17359,3393
17360,3354
17361,3384
17362,3398
17363,3399
17364,3399
17365,3398
17366,3396
17367,3378
17368,3381
17369,3386
17370,3396
17371,3378
17372,3375
17373,3378
17374,3378
17375,3393
17376,3381
17377,3384
17378,3378
17379,3378
17380,3393
17381,3378
17382,3395
17383,3378
17384,3378
17385,3387
17386,3369
17387,3385
17388,3372
17389,3387
17390,3385
17391,3372
17392,3387
17393,3387
17394,3385
17395,3387
17396,3372
17397,3387
17398,3385
17399,3387
17400,3372
17401,3393
17402,3388
17403,3399
17404,3398
17405,3384
17406,3398
17407,3398
17408,3396
17409,3387
17410,3398
17411,3384
17412,3398
17413,3396
17414,3398
17415,3398
17416,3384
17417,3398
17418,3398
17419,3399
17420,3393
17421,3396
17422,3396
17423,3393
17424,3393
17425,3395
17426,3381
17427,3393
17428,3405
17429,3399
17430,3405
17431,3405
17432,3387
17433,3396
17434,3387
17435,3387
17436,3396
17437,3393
17438,3408
17439,3393
17440,3408
17441,3405
17442,3396
17443,3407
17444,3410
17445,3384
17446,3411
17447,3407
17448,3414
17449,3408
17450,3414
17451,3405
17452,3407
17453,3414
17454,3408
17455,3414
17456,3408
17457,3407
17458,3414
17459,3405
17460,3414
17461,3408
17462,3407
17463,3414
17464,3399
17465,3408
17466,3411
17467,3414
17468,3408
17469,3408
17470,3390
17471,3408
17472,3404
17473,3396
17474,3408
17475,3408
17476,3404
17477,3408
17478,3408
17479,3399
17480,3408
17481,3402
17482,3408
17483,3402
17484,3402
17485,3408
17486,3411
17487,3384
17488,3378
17489,3405
17490,3405
17491,3405
17492,3405
17493,3408
17494,3405
17495,3405
17496,3405
17497,3378
17498,3405
17499,3384
17500,3405
17501,3405
17502,3408
17503,3405
17504,3405
17505,3405
17506,3405
17507,3378
17508,3408
17509,3405
17510,3405
17511,3363
17512,3405
17513,3405
17514,3405
17515,3405
17516,3378
17517,3408
17518,3405
17519,3411
17520,3393
17521,3404
17522,3396
17523,3414
17524,3408
17525,3407
17526,3405
17527,3401
17528,3408
17529,3402
17530,3402
17531,3408
17532,3393
17533,3402
17534,3402
17535,3408
17536,3417
17537,3420
17538,3408
17539,3420
17540,3411
17541,3422
17542,3426
17543,3408
17544,3422
17545,3408
17546,3417
17547,3404
17548,3422
17549,3426
17550,3422
17551,3404
17552,3422
17553,3417
17554,3426
17555,3422
17556,3404
17557,3426
17558,3422
17559,3417
17560,3422
17561,3426
17562,3404
17563,3422
17564,3426
17565,3426
17566,3432
17567,3426
17568,3422
17569,3432
17570,3426
17571,3422
17572,3408
17573,3426
17574,3422
17575,3411
17576,3420
17577,3414
17578,3420
17579,3407
17580,3411
17581,3416
17582,3419
17583,3420
17584,3420
17585,3417
17586,3402
17587,3423
17588,3417
17589,3417
17590,3407
17591,3408
17592,3417
17593,3399
17594,3387
17595,3411
17596,3411
17597,3417
17598,3423
17599,3423
17600,3420
17601,3426
17602,3429
17603,3417
17604,3414
17605,3416
17606,3416
17607,3416
17608,3414
17609,3416
17610,3405
17611,3416
17612,3423
17613,3417
17614,3416
17615,3414
17616,3416
17617,3435
17618,3426
17619,3438
17620,3438
17621,3429
17622,3429
17623,3396
17624,3420
17625,3426
17626,3386
17627,3431
17628,3420
17629,3396
17630,3426
17631,3396
17632,3420
17633,3429
17634,3429
17635,3423
17636,3435
17637,3429
17638,3426
17639,3429
17640,3428
17641,3435
17642,3426
17643,3429
17644,3435
17645,3426
17646,3429
17647,3431
17648,3429
17649,3426
17650,3435
17651,3429
17652,3435
17653,3426
17654,3428
17655,3429
17656,3423
17657,3429
17658,3435
17659,3429
17660,3426
17661,3435
17662,3429
17663,3426
17664,3435
17665,3429
17666,3426
17667,3428
17668,3429
17669,3435
17670,3426
17671,3429
17672,3435
17673,3426
17674,3429
17675,3435
17676,3426
17677,3429
17678,3435
17679,3429
17680,3423
17681,3429
17682,3428
17683,3426
17684,3429
17685,3435
17686,3435
17687,3417
17688,3429
17689,3431
17690,3429
17691,3426
17692,3435
17693,3429
17694,3426
17695,3431
17696,3428
17697,3429
17698,3426
17699,3429
17700,3435
17701,3423
17702,3429
17703,3429
17704,3420
17705,3396
17706,3426
17707,3396
17708,3420
17709,3432
17710,3438
17711,3436
17712,3432
17713,3396
17714,3426
17715,3429
17716,3438
17717,3438
17718,3429
17719,3438
17720,3438
17721,3438
17722,3432
17723,3435
17724,3438
17725,3419
17726,3420
17727,3441
17728,3441
17729,3435
17730,3438
17731,3438
17732,3429
17733,3438
17734,3438
17735,3432
17736,3438
17737,3429
17738,3438
17739,3387
17740,3438
17741,3429
17742,3438
17743,3438
17744,3438
17745,3432
17746,3416
17747,3387
17748,3416
17749,3416
17750,3414
17751,3416
17752,3416
17753,3414
17754,3417
17755,3416
17756,3423
17757,3414
17758,3416
17759,3416
17760,3435
17761,3438
17762,3438
17763,3417
17764,3435
17765,3423
17766,3432
17767,3435
17768,3429
17769,3435
17770,3435
17771,3428
17772,3420
17773,3432
17774,3414
17775,3378
17776,3426
17777,3414
17778,3426
17779,3426
17780,3435
17781,3426
17782,3414
17783,3435
17784,3426
17785,3426
17786,3417
17787,3414
17788,3426
17789,3432
17790,3420
17791,3426
17792,3417
17793,3422
17794,3423
17795,3399
17796,3435
17797,3429
17798,3422
17799,3432
17800,3422
17801,3435
17802,3422
17803,3429
17804,3410
17805,3423
17806,3417
17807,3414
17808,3426
17809,3426
17810,3414
17811,3426
17812,3429
17813,3420
17814,3426
17815,3432
17816,3432
17817,3432
17818,3432
17819,3432
17820,3423
17821,3429
17822,3426
17823,3441
17824,3422
17825,3441
17826,3441
17827,3426
17828,3441
17829,3426
17830,3441
17831,3441
17832,3426
17833,3435
17834,3438
17835,3444
17836,3441
17837,3441
17838,3440
17839,3438
17840,3438
17841,3438
17842,3438
17843,3435
17844,3444
17845,3444
17846,3441
17847,3388
17848,3388
17849,3388
17850,3388
17851,3372
17852,3388
17853,3402
17854,3388
17855,3388
17856,3388
17857,3425
17858,3388
17859,3388
17860,3388
17861,3388
17862,3438
17863,3440
17864,3444
17865,3441
17866,3440
17867,3440
17868,3432
17869,3441
17870,3444
17871,3440
17872,3427
17873,3450
17874,3438
17875,3444
17876,3444
17877,3450
17878,3441
17879,3438
17880,3450
17881,3438
17882,3444
17883,3432
17884,3438
17885,3438
17886,3444
17887,3441
17888,3438
17889,3438
17890,3450
17891,3441
17892,3447
17893,3441
17894,3432
17895,3441
17896,3447
17897,3441
17898,3447
17899,3441
17900,3441
17901,3447
17902,3459
17903,3450
17904,3456
17905,3461
17906,3434
17907,3450
17908,3461
17909,3456
17910,3459
17911,3447
17912,3441
17913,3441
17914,3462
17915,3459
17916,3447
17917,3447
17918,3462
17919,3459
17920,3447
17921,3462
17922,3465
17923,3462
17924,3462
17925,3471
17926,3456
17927,3468
17928,3470
17929,3468
17930,3470
17931,3468
17932,3456
17933,3474
17934,3473
17935,3477
17936,3477
17937,3474
17938,3474
17939,3473
17940,3470
17941,3477
17942,3459
17943,3477
17944,3480
17945,3474
17946,3480
17947,3483
17948,3480
17949,3468
17950,3474
17951,3483
17952,3480
17953,3483
17954,3483
17955,3471
17956,3468
17957,3483
17958,3489
17959,3492
17960,3483
17961,3486
17962,3492
17963,3483
17964,3485
17965,3498
17966,3494
17967,3476
17968,3495
17969,3498
17970,3480
17971,3498
17972,3476
17973,3498
17974,3480
17975,3498
17976,3501
17977,3501
17978,3495
17979,3501
17980,3476
17981,3501
17982,3497
17983,3501
17984,3495
17985,3477
17986,3495
17987,3492
17988,3496
17989,3498
17990,3496
17991,3489
17992,3496
17993,3498
17994,3486
17995,3483
17996,3486
17997,3501
17998,3495
17999,3498
18000,3495
18001,3486
18002,3498
18003,3495
18004,3498
18005,3501
18006,3496
18007,3498
18008,3496
18009,3477
18010,3474
18011,3494
18012,3501
18013,3501
18014,3502
18015,3498
18016,3498
18017,3495
18018,3498
18019,3495
18020,3498
18021,3495
18022,3486
18023,3498
18024,3495
18025,3495
18026,3498
18027,3479
18028,3492
18029,3492
18030,3495
18031,3492
18032,3492
18033,3477
18034,3489
18035,3471
18036,3462
18037,3492
18038,3486
18039,3468
18040,3462
18041,3471
18042,3489
18043,3483
18044,3483
18045,3477
18046,3483
18047,3483
18048,3483
18049,3498
18050,3492
18051,3483
18052,3495
18053,3498
18054,3489
18055,3493
18056,3498
18057,3492
18058,3495
18059,3493
18060,3498
18061,3491
18062,3501
18063,3507
18064,3507
18065,3501
18066,3510
18067,3498
18068,3507
18069,3501
18070,3510
18071,3507
18072,3498
18073,3510
18074,3512
18075,3516
18076,3516
18077,3508
18078,3510
18079,3516
18080,3513
18081,3521
18082,3510
18083,3516
18084,3521
18085,3513
18086,3521
18087,3495
18088,3510
18089,3521
18090,3519
18091,3516
18092,3521
18093,3519
18094,3525
18095,3522
18096,3522
18097,3525
18098,3526
18099,3522
18100,3525
18101,3522
18102,3522
18103,3525
18104,3525
18105,3510
18106,3506
18107,3524
18108,3528
18109,3520
18110,3522
18111,3519
18112,3524
18113,3520
18114,3528
18115,3522
18116,3506
18117,3510
18118,3498
18119,3525
18120,3522
18121,3520
18122,3521
18123,3519
18124,3534
18125,3528
18126,3528
18127,3534
18128,3522
18129,3513
18130,3528
18131,3528
18132,3534
18133,3528
18134,3528
18135,3528
18136,3534
18137,3528
18138,3534
18139,3528
18140,3534
18141,3534
18142,3534
18143,3530
18144,3533
18145,3513
18146,3489
18147,3533
18148,3534
18149,3533
18150,3528
18151,3534
18152,3528
18153,3530
18154,3534
18155,3513
18156,3528
18157,3528
18158,3528
18159,3534
18160,3485
18161,3533
18162,3522
18163,3533
18164,3528
18165,3510
18166,3534
18167,3528
18168,3519
18169,3522
18170,3530
18171,3519
18172,3534
18173,3519
18174,3528
18175,3524
18176,3510
18177,3534
18178,3508
18179,3534
18180,3527
18181,3519
18182,3537
18183,3534
18184,3533
18185,3507
18186,3534
18187,3537
18188,3543
18189,3546
18190,3540
18191,3534
18192,3543
18193,3548
18194,3552
18195,3552
18196,3523
18197,3552
18198,3552
18199,3523
18200,3548
18201,3545
18202,3558
18203,3546
18204,3563
18205,3555
18206,3558
18207,3549
18208,3561
18209,3557
18210,3552
18211,3573
18212,3558
18213,3561
18214,3567
18215,3564
18216,3564
18217,3569
18218,3552
18219,3564
18220,3555
18221,3564
18222,3564
18223,3576
18224,3576
18225,3567
18226,3561
18227,3558
18228,3573
18229,3561
18230,3546
18231,3573
18232,3558
18233,3561
18234,3555
18235,3552
18236,3567
18237,3558
18238,3531
18239,3558
18240,3555
18241,3546
18242,3557
18243,3546
18244,3531
18245,3567
18246,3540
18247,3557
18248,3552
18249,3531
18250,3552
18251,3558
18252,3567
18253,3558
18254,3558
18255,3558
18256,3564
18257,3552
18258,3567
18259,3557
18260,3569
18261,3561
18262,3552
18263,3569
18264,3561
18265,3569
18266,3552
18267,3537
18268,3548
18269,3558
18270,3567
18271,3558
18272,3549
18273,3558
18274,3531
18275,3563
18276,3558
18277,3558
18278,3567
18279,3558
18280,3546
18281,3531
18282,3558
18283,3543
18284,3558
18285,3528
18286,3558
18287,3558
18288,3567
18289,3558
18290,3567
18291,3558
18292,3528
18293,3558
18294,3558
18295,3548
18296,3558
18297,3549
18298,3567
18299,3528
18300,3558
18301,3564
18302,3554
18303,3573
18304,3569
18305,3564
18306,3555
18307,3555
18308,3576
18309,3564
18310,3558
18311,3555
18312,3564
18313,3576
18314,3563
18315,3563
18316,3554
18317,3567
18318,3554
18319,3563
18320,3567
18321,3563
18322,3567
18323,3576
18324,3555
18325,3564
18326,3576
18327,3555
18328,3555
18329,3564
18330,3576
18331,3570
18332,3576
18333,3576
18334,3552
18335,3576
18336,3566
18337,3570
18338,3576
18339,3585
18340,3573
18341,3582
18342,3585
18343,3581
18344,3576
18345,3567
18346,3570
18347,3576
18348,3581
18349,3576
18350,3581
18351,3583
18352,3582
18353,3588
18354,3579
18355,3588
18356,3563
18357,3582
18358,3573
18359,3573
18360,3585
18361,3594
18362,3594
18363,3576
18364,3588
18365,3596
18366,3594
18367,3600
18368,3606
18369,3600
18370,3580
18371,3606
18372,3600
18373,3603
18374,3606
18375,3591
18376,3606
18377,3606
18378,3606
18379,3579
18380,3599
18381,3606
18382,3606
18383,3606
18384,3608
18385,3606
18386,3606
18387,3588
18388,3606
18389,3606
18390,3584
18391,3561
18392,3603
18393,3582
18394,3603
18395,3602
18396,3588
18397,3606
18398,3603
18399,3603
18400,3604
18401,3588
18402,3601
18403,3591
18404,3588
18405,3588
18406,3604
18407,3589
18408,3597
18409,3587
18410,3574
18411,3593
18412,3608
18413,3594
18414,3588
18415,3588
18416,3604
18417,3600
18418,3612
18419,3612
18420,3597
18421,3606
18422,3612
18423,3612
18424,3612
18425,3597
18426,3606
18427,3606
18428,3615
18429,3612
18430,3612
18431,3615
18432,3615
18433,3615
18434,3612
18435,3615
18436,3600
18437,3614
18438,3618
18439,3614
18440,3606
18441,3618
18442,3614
18443,3618
18444,3612
18445,3618
18446,3618
18447,3591
18448,3618
18449,3618
18450,3620
18451,3621
18452,3627
18453,3615
18454,3627
18455,3627
18456,3621
18457,3624
18458,3618
18459,3612
18460,3620
18461,3624
18462,3618
18463,3612
18464,3618
18465,3624
18466,3620
18467,3624
18468,3612
18469,3618
18470,3620
18471,3624
18472,3618
18473,3612
18474,3624
18475,3620
18476,3621
18477,3609
18478,3627
18479,3627
18480,3627
18481,3612
18482,3624
18483,3624
18484,3612
18485,3624
18486,3624
18487,3606
18488,3624
18489,3624
18490,3612
18491,3627
18492,3621
18493,3627
18494,3627
18495,3621
18496,3618
18497,3618
18498,3612
18499,3624
18500,3618
18501,3618
18502,3609
18503,3618
18504,3606
18505,3614
18506,3618
18507,3614
18508,3618
18509,3601
18510,3614
18511,3618
18512,3607
18513,3614
18514,3618
18515,3606
18516,3591
18517,3614
18518,3618
18519,3606
18520,3614
18521,3618
18522,3614
18523,3618
18524,3606
18525,3614
18526,3618
18527,3606
18528,3606
18529,3614
18530,3618
18531,3606
18532,3609
18533,3618
18534,3609
18535,3597
18536,3612
18537,3612
18538,3606
18539,3612
18540,3597
18541,3612
18542,3606
18543,3612
18544,3600
18545,3593
18546,3594
18547,3604
18548,3593
18549,3601
18550,3604
18551,3593
18552,3608
18553,3588
18554,3594
18555,3604
18556,3588
18557,3600
18558,3612
18559,3606
18560,3612
18561,3597
18562,3612
18563,3606
18564,3612
18565,3612
18566,3597
18567,3604
18568,3606
18569,3606
18570,3612
18571,3597
18572,3606
18573,3600
18574,3606
18575,3612
18576,3606
18577,3600
18578,3597
18579,3603
18580,3612
18581,3606
18582,3603
18583,3618
18584,3609
18585,3606
18586,3618
18587,3609
18588,3594
18589,3609
18590,3606
18591,3618
18592,3614
18593,3618
18594,3624
18595,3620
18596,3612
18597,3618
18598,3624
18599,3619
18600,3624
18601,3633
18602,3633
18603,3636
18604,3635
18605,3633
18606,3633
18607,3636
18608,3635
18609,3633
18610,3624
18611,3633
18612,3635
18613,3633
18614,3618
18615,3627
18616,3612
18617,3636
18618,3633
18619,3612
18620,3627
18621,3630
18622,3612
18623,3621
18624,3633
18625,3639
18626,3633
18627,3627
18628,3633
18629,3621
18630,3633
18631,3645
18632,3644
18633,3642
18634,3642
18635,3646
18636,3630
18637,3644
18638,3637
18639,3637
18640,3642
18641,3637
18642,3650
18643,3648
18644,3642
18645,3641
18646,3648
18647,3642
18648,3648
18649,3648
18650,3642
18651,3648
18652,3639
18653,3651
18654,3627
18655,3654
18656,3655
18657,3655
18658,3651
18659,3656
18660,3647
18661,3651
18662,3654
18663,3627
18664,3647
18665,3654
18666,3627
18667,3647
18668,3651
18669,3654
18670,3656
18671,3651
18672,3655
18673,3650
18674,3660
18675,3657
18676,3642
18677,3654
18678,3664
18679,3663
18680,3664
18681,3660
18682,3664
18683,3658
18684,3664
18685,3660
18686,3669
18687,3660
18688,3669
18689,3672
18690,3672
18691,3669
18692,3669
18693,3672
18694,3672
18695,3672
18696,3673
18697,3678
18698,3673
18699,3678
18700,3673
18701,3669
18702,3673
18703,3678
18704,3660
18705,3660
18706,3678
18707,3673
18708,3664
18709,3678
18710,3673
18711,3678
18712,3663
18713,3678
18714,3673
18715,3678
18716,3672
18717,3669
18718,3672
18719,3669
18720,3654
18721,3663
18722,3666
18723,3640
18724,3657
18725,3669
18726,3663
18727,3669
18728,3660
18729,3663
18730,3669
18731,3663
18732,3663
18733,3669
18734,3663
18735,3660
18736,3666
18737,3663
18738,3669
18739,3661
18740,3636
18741,3669
18742,3663
18743,3665
18744,3654
18745,3615
18746,3648
18747,3651
18748,3654
18749,3665
18750,3654
18751,3669
18752,3663
18753,3663
18754,3669
18755,3663
18756,3657
18757,3663
18758,3666
18759,3667
18760,3666
18761,3675
18762,3677
18763,3675
18764,3666
18765,3675
18766,3675
18767,3677
18768,3666
18769,3675
18770,3657
18771,3657
18772,3660
18773,3666
18774,3669
18775,3672
18776,3669
18777,3666
18778,3672
18779,3657
18780,3657
18781,3656
18782,3669
18783,3660
18784,3660
18785,3669
18786,3664
18787,3660
18788,3660
18789,3669
18790,3648
18791,3661
18792,3669
18793,3648
18794,3658
18795,3660
18796,3648
18797,3669
18798,3672
18799,3669
18800,3667
18801,3666
18802,3678
18803,3672
18804,3660
18805,3663
18806,3652
18807,3660
18808,3652
18809,3660
18810,3651
18811,3652
18812,3669
18813,3643
18814,3658
18815,3660
18816,3657
18817,3653
18818,3671
18819,3660
18820,3648
18821,3672
18822,3671
18823,3672
18824,3663
18825,3654
18826,3672
18827,3672
18828,3671
18829,3654
18830,3672
18831,3672
18832,3663
18833,3671
18834,3648
18835,3672
18836,3657
18837,3643
18838,3669
18839,3656
18840,3672
18841,3658
18842,3671
18843,3654
18844,3672
18845,3656
18846,3660
18847,3663
18848,3659
18849,3660
18850,3663
18851,3660
18852,3660
18853,3659
18854,3660
18855,3663
18856,3663
18857,3660
18858,3660
18859,3660
18860,3657
18861,3648
18862,3663
18863,3660
18864,3672
18865,3659
18866,3660
18867,3659
18868,3657
18869,3660
18870,3660
18871,3660
18872,3659
18873,3645
18874,3660
18875,3659
18876,3660
18877,3660
18878,3663
18879,3660
18880,3659
18881,3660
18882,3659
18883,3656
18884,3648
18885,3672
18886,3658
18887,3671
18888,3672
18889,3656
18890,3669
18891,3648
18892,3657
18893,3654
18894,3672
18895,3672
18896,3663
18897,3671
18898,3673
18899,3660
18900,3663
18901,3672
18902,3672
18903,3663
18904,3669
18905,3660
18906,3663
18907,3672
18908,3669
18909,3663
18910,3672
18911,3651
18912,3657
18913,3666
18914,3678
18915,3675
18916,3678
18917,3678
18918,3678
18919,3678
18920,3675
18921,3665
18922,3678
18923,3678
18924,3675
18925,3678
18926,3660
18927,3669
18928,3663
18929,3672
18930,3666
18931,3663
18932,3657
18933,3663
18934,3663
18935,3663
18936,3663
18937,3642
18938,3631
18939,3655
18940,3642
18941,3631
18942,3657
18943,3660
18944,3651
18945,3657
18946,3641
18947,3656
18948,3654
18949,3659
18950,3657
18951,3654
18952,3645
18953,3646
18954,3659
18955,3654
18956,3656
18957,3657
18958,3648
18959,3660
18960,3651
18961,3666
18962,3660
18963,3660
18964,3654
18965,3660
18966,3666
18967,3666
18968,3655
18969,3671
18970,3629
18971,3655
18972,3675
18973,3669
18974,3640
18975,3640
18976,3669
18977,3639
18978,3639
18979,3669
18980,3637
18981,3664
18982,3636
18983,3669
18984,3638
18985,3639
18986,3669
18987,3640
18988,3640
18989,3669
18990,3678
18991,3677
18992,3669
18993,3660
18994,3677
18995,3672
18996,3690
18997,3678
18998,3681
18999,3690
19000,3684
19001,3678
19002,3690
19003,3690
19004,3678
19005,3684
19006,3684
19007,3677
19008,3660
19009,3677
19010,3684
19011,3678
19012,3677
19013,3660
19014,3684
19015,3684
19016,3690
19017,3678
19018,3690
19019,3676
19020,3678
19021,3684
19022,3681
19023,3690
19024,3678
19025,3690
19026,3684
19027,3677
19028,3660
19029,3687
19030,3689
19031,3672
19032,3673
19033,3689
19034,3689
19035,3684
19036,3688
19037,3681
19038,3702
19039,3684
19040,3702
19041,3696
19042,3702
19043,3684
19044,3693
19045,3687
19046,3672
19047,3678
19048,3693
19049,3657
19050,3696
19051,3687
19052,3690
19053,3663
19054,3681
19055,3684
19056,3690
19057,3678
19058,3684
19059,3684
19060,3660
19061,3684
19062,3679
19063,3684
19064,3681
19065,3660
19066,3684
19067,3684
19068,3693
19069,3687
19070,3684
19071,3690
19072,3684
19073,3685
19074,3690
19075,3684
19076,3683
19077,3684
19078,3690
19079,3675
19080,3685
19081,3684
19082,3693
19083,3690
19084,3693
19085,3690
19086,3693
19087,3696
19088,3696
19089,3696
19090,3696
19091,3697
19092,3689
19093,3664
19094,3606
19095,3639
19096,3693
19097,3693
19098,3693
19099,3699
19100,3687
19101,3672
19102,3693
19103,3693
19104,3693
19105,3673
19106,3668
19107,3690
19108,3698
19109,3702
19110,3681
19111,3699
19112,3699
19113,3702
19114,3684
19115,3699
19116,3699
19117,3673
19118,3696
19119,3699
19120,3702
19121,3693
19122,3699
19123,3699
19124,3696
19125,3702
19126,3693
19127,3699
19128,3696
19129,3690
19130,3690
19131,3683
19132,3688
19133,3697
19134,3691
19135,3668
19136,3690
19137,3690
19138,3676
19139,3687
19140,3680
19141,3668
19142,3690
19143,3668
19144,3676
19145,3687
19146,3669
19147,3675
19148,3683
19149,3693
19150,3669
19151,3687
19152,3672
19153,3668
19154,3690
19155,3668
19156,3690
19157,3687
19158,3672
19159,3690
19160,3690
19161,3668
19162,3691
19163,3697
19164,3685
19165,3702
19166,3703
19167,3699
19168,3711
19169,3699
19170,3711
19171,3711
19172,3690
19173,3704
19174,3696
19175,3704
19176,3690
19177,3690
19178,3705
19179,3699
19180,3706
19181,3694
19182,3699
19183,3693
19184,3707
19185,3699
19186,3708
19187,3714
19188,3711
19189,3693
19190,3693
19191,3703
19192,3693
19193,3693
19194,3693
19195,3699
19196,3703
19197,3693
19198,3699
19199,3702
19200,3699
19201,3703
19202,3693
19203,3699
19204,3693
19205,3699
19206,3693
19207,3699
19208,3703
19209,3693
19210,3711
19211,3713
19212,3694
19213,3705
19214,3715
19215,3714
19216,3718
19217,3716
19218,3714
19219,3715
19220,3705
19221,3694
19222,3713
19223,3711
19224,3693
19225,3703
19226,3693
19227,3693
19228,3693
19229,3699
19230,3699
19231,3693
19232,3703
19233,3699
19234,3703
19235,3697
19236,3686
19237,3702
19238,3697
19239,3693
19240,3702
19241,3702
19242,3686
19243,3702
19244,3702
19245,3693
19246,3702
19247,3702
19248,3686
19249,3702
19250,3702
19251,3705
19252,3699
19253,3705
19254,3705
19255,3686
19256,3697
19257,3702
19258,3696
19259,3690
19260,3693
19261,3693
19262,3693
19263,3681
19264,3675
19265,3690
19266,3687
19267,3687
19268,3676
19269,3675
19270,3690
19271,3681
19272,3675
19273,3693
19274,3690
19275,3693
19276,3693
19277,3687
19278,3693
19279,3688
19280,3696
19281,3681
19282,3702
19283,3697
19284,3693
19285,3702
19286,3702
19287,3681
19288,3702
19289,3702
19290,3687
19291,3702
19292,3696
19293,3699
19294,3690
19295,3693
19296,3693
19297,3690
19298,3693
19299,3693
19300,3687
19301,3703
19302,3699
19303,3696
19304,3687
19305,3703
19306,3699
19307,3685
19308,3696
19309,3674
19310,3703
19311,3699
19312,3690
19313,3699
19314,3703
19315,3685
19316,3699
19317,3703
19318,3696
19319,3693
19320,3708
19321,3702
19322,3708
19323,3703
19324,3702
19325,3708
19326,3687
19327,3708
19328,3708
19329,3708
19330,3708
19331,3703
19332,3687
19333,3708
19334,3708
19335,3708
19336,3685
19337,3703
19338,3708
19339,3696
19340,3708
19341,3687
19342,3708
19343,3708
19344,3687
19345,3708
19346,3703
19347,3708
19348,3693
19349,3702
19350,3703
19351,3708
19352,3717
19353,3697
19354,3723
19355,3711
19356,3714
19357,3711
19358,3729
19359,3726
19360,3732
19361,3723
19362,3726
19363,3716
19364,3729
19365,3716
19366,3686
19367,3723
19368,3726
19369,3729
19370,3716
19371,3720
19372,3707
19373,3726
19374,3726
19375,3702
19376,3726
19377,3726
19378,3707
19379,3714
19380,3711
19381,3726
19382,3716
19383,3714
19384,3726
19385,3711
19386,3726
19387,3720
19388,3717
19389,3711
19390,3729
19391,3726
19392,3732
19393,3729
19394,3733
19395,3735
19396,3717
19397,3735
19398,3733
19399,3732
19400,3726
19401,3726
19402,3729
19403,3711
19404,3717
19405,3720
19406,3707
19407,3726
19408,3726
19409,3731
19410,3726
19411,3729
19412,3731
19413,3717
19414,3727
19415,3732
19416,3726
19417,3717
19418,3714
19419,3720
19420,3717
19421,3723
19422,3726
19423,3717
19424,3726
19425,3723
19426,3726
19427,3716
19428,3716
19429,3686
19430,3726
19431,3729
19432,3705
19433,3713
19434,3716
19435,3720
19436,3686
19437,3716
19438,3726
19439,3728
19440,3711
19441,3720
19442,3726
19443,3711
19444,3726
19445,3717
19446,3726
19447,3720
19448,3723
19449,3729
19450,3711
19451,3726
19452,3728
19453,3720
19454,3711
19455,3732
19456,3705
19457,3738
19458,3735
19459,3741
19460,3744
19461,3744
19462,3747
19463,3753
19464,3738
19465,3753
19466,3747
19467,3739
19468,3741
19469,3729
19470,3741
19471,3739
19472,3744
19473,3750
19474,3751
19475,3744
19476,3749
19477,3750
19478,3756
19479,3750
19480,3749
19481,3756
19482,3748
19483,3765
19484,3740
19485,3768
19486,3766
19487,3739
19488,3756
19489,3762
19490,3762
19491,3762
19492,3759
19493,3761
19494,3753
19495,3724
19496,3761
19497,3751
19498,3753
19499,3762
19500,3761
19501,3753
19502,3761
19503,3738
19504,3738
19505,3738
19506,3756
19507,3747
19508,3738
19509,3759
19510,3759
19511,3756
19512,3685
19513,3744
19514,3746
19515,3762
19516,3731
19517,3735
19518,3744
19519,3744
19520,3753
19521,3753
19522,3741
19523,3753
19524,3747
19525,3753
19526,3756
19527,3753
19528,3753
19529,3753
19530,3753
19531,3753
19532,3747
19533,3753
19534,3729
19535,3753
19536,3744
19537,3744
19538,3754
19539,3762
19540,3750
19541,3738
19542,3762
19543,3738
19544,3750
19545,3756
19546,3762
19547,3759
19548,3756
19549,3768
19550,3750
19551,3762
19552,3769
19553,3762
19554,3765
19555,3765
19556,3771
19557,3763
19558,3768
19559,3768
19560,3770
19561,3774
19562,3768
19563,3771
19564,3765
19565,3759
19566,3756
19567,3774
19568,3770
19569,3768
19570,3765
19571,3765
19572,3774
19573,3770
19574,3765
19575,3768
19576,3777
19577,3780
19578,3783
19579,3783
19580,3778
19581,3783
19582,3790
19583,3789
19584,3795
19585,3783
19586,3786
19587,3798
19588,3790
19589,3794
19590,3789
19591,3792
19592,3786
19593,3798
19594,3792
19595,3756
19596,3792
19597,3798
19598,3795
19599,3792
19600,3798
19601,3801
19602,3792
19603,3789
19604,3798
19605,3790
19606,3798
19607,3798
19608,3756
19609,3786
19610,3780
19611,3786
19612,3798
19613,3798
19614,3790
19615,3798
19616,3798
19617,3804
19618,3788
19619,3804
19620,3756
19621,3789
19622,3804
19623,3804
19624,3789
19625,3796
19626,3804
19627,3804
19628,3798
19629,3789
19630,3786
19631,3798
19632,3787
19633,3772
19634,3782
19635,3781
19636,3772
19637,3786
19638,3769
19639,3772
19640,3763
19641,3789
19642,3786
19643,3774
19644,3788
19645,3789
19646,3794
19647,3790
19648,3789
19649,3781
19650,3795
19651,3795
19652,3783
19653,3789
19654,3792
19655,3795
19656,3804
19657,3808
19658,3798
19659,3789
19660,3810
19661,3811
19662,3813
19663,3813
19664,3819
19665,3801
19666,3801
19667,3801
19668,3813
19669,3801
19670,3819
19671,3815
19672,3829
19673,3825
19674,3828
19675,3829
19676,3815
19677,3798
19678,3819
19679,3792
19680,3816
19681,3798
19682,3816
19683,3798
19684,3792
19685,3810
19686,3807
19687,3798
19688,3816
19689,3798
19690,3816
19691,3792
19692,3819
19693,3798
19694,3815
19695,3829
19696,3828
19697,3825
19698,3829
19699,3819
19700,3809
19701,3813
19702,3825
19703,3786
19704,3809
19705,3825
19706,3825
19707,3813
19708,3809
19709,3816
19710,3820
19711,3815
19712,3813
19713,3816
19714,3807
19715,3825
19716,3828
19717,3822
19718,3822
19719,3828
19720,3822
19721,3816
19722,3822
19723,3822
19724,3828
19725,3822
19726,3825
19727,3807
19728,3816
19729,3813
19730,3815
19731,3820
19732,3820
19733,3807
19734,3820
19735,3813
19736,3820
19737,3822
19738,3820
19739,3813
19740,3807
19741,3820
19742,3814
19743,3822
19744,3822
19745,3813
19746,3810
19747,3815
19748,3828
19749,3817
19750,3828
19751,3819
19752,3828
19753,3814
19754,3822
19755,3819
19756,3828
19757,3798
19758,3819
19759,3828
19760,3822
19761,3831
19762,3828
19763,3828
19764,3834
19765,3828
19766,3816
19767,3834
19768,3829
19769,3819
19770,3834
19771,3816
19772,3823
19773,3823
19774,3823
19775,3834
19776,3822
19777,3806
19778,3819
19779,3834
19780,3834
19781,3840
19782,3831
19783,3840
19784,3843
19785,3843
19786,3840
19787,3840
19788,3843
19789,3840
19790,3831
19791,3840
19792,3843
19793,3840
19794,3843
19795,3825
19796,3840
19797,3843
19798,3840
19799,3831
19800,3840
19801,3840
19802,3843
19803,3835
19804,3829
19805,3840
19806,3843
19807,3843
19808,3846
19809,3840
19810,3843
19811,3852
19812,3849
19813,3849
19814,3849
19815,3852
19816,3841
19817,3843
19818,3849
19819,3849
19820,3852
19821,3849
19822,3841
19823,3852
19824,3855
19825,3856
19826,3840
19827,3859
19828,3861
19829,3864
19830,3861
19831,3852
19832,3855
19833,3859
19834,3850
19835,3864
19836,3869
19837,3864
19838,3864
19839,3876
19840,3867
19841,3861
19842,3852
19843,3846
19844,3852
19845,3870
19846,3870
19847,3876
19848,3877
19849,3870
19850,3861
19851,3861
19852,3873
19853,3861
19854,3879
19855,3847
19856,3861
19857,3861
19858,3873
19859,3885
19860,3891
19861,3891
19862,3891
19863,3892
19864,3885
19865,3861
19866,3882
19867,3888
19868,3895
19869,3885
19870,3891
19871,3895
19872,3888
19873,3895
19874,3888
19875,3861
19876,3885
19877,3877
19878,3882
19879,3876
19880,3874
19881,3870
19882,3867
19883,3876
19884,3876
19885,3876
19886,3873
19887,3855
19888,3876
19889,3861
19890,3880
19891,3876
19892,3879
19893,3876
19894,3876
19895,3876
19896,3880
19897,3876
19898,3876
19899,3879
19900,3880
19901,3843
19902,3876
19903,3876
19904,3891
19905,3882
19906,3891
19907,3891
19908,3880
19909,3882
19910,3894
19911,3894
19912,3885
19913,3880
19914,3894
19915,3885
19916,3894
19917,3880
19918,3894
19919,3885
19920,3894
19921,3894
19922,3880
19923,3885
19924,3894
19925,3877
19926,3882
19927,3891
19928,3891
19929,3891
19930,3888
19931,3879
19932,3891
19933,3885
19934,3879
19935,3886
19936,3893
19937,3885
19938,3893
19939,3885
19940,3886
19941,3893
19942,3879
19943,3891
19944,3876
19945,3876
19946,3867
19947,3854
19948,3876
19949,3876
19950,3873
19951,3876
19952,3879
19953,3873
19954,3859
19955,3871
19956,3876
19957,3882
19958,3882
19959,3879
19960,3879
19961,3876
19962,3879
19963,3879
19964,3882
19965,3876
19966,3873
19967,3879
19968,3876
19969,3859
19970,3876
19971,3873
19972,3882
19973,3876
19974,3873
19975,3882
19976,3873
19977,3873
19978,3892
19979,3891
19980,3891
19981,3882
19982,3891
19983,3891
19984,3891
19985,3873
19986,3891
19987,3873
19988,3891
19989,3891
19990,3891
19991,3882
19992,3891
19993,3891
19994,3885
19995,3873
19996,3891
19997,3891
19998,3891
19999,3891
20000,3883
20001,3861
20002,3873
20003,3861
20004,3879
20005,3882
20006,3888
20007,3892
20008,3882
20009,3882
20010,3879
20011,3882
20012,3885
20013,3894
20014,3895
20015,3891
20016,3895
20017,3891
20018,3904
20019,3897
20020,3897
20021,3903
20022,3897
20023,3897
20024,3888
20025,3903
20026,3897
20027,3907
20028,3896
20029,3912
20030,3906
20031,3912
20032,3909
20033,3906
20034,3912
20035,3909
20036,3892
20037,3916
20038,3921
20039,3912
20040,3921
20041,3909
20042,3918
20043,3909
20044,3885
20045,3903
20046,3888
20047,3918
20048,3918
20049,3918
20050,3918
20051,3910
20052,3914
20053,3900
20054,3918
20055,3921
20056,3915
20057,3914
20058,3916
20059,3924
20060,3909
20061,3921
20062,3924
20063,3904
20064,3918
20065,3924
20066,3906
20067,3924
20068,3925
20069,3924
20070,3928
20071,3936
20072,3933
20073,3939
20074,3939
20075,3934
20076,3918
20077,3939
20078,3926
20079,3942
20080,3942
20081,3945
20082,3942
20083,3939
20084,3936
20085,3954
20086,3936
20087,3946
20088,3954
20089,3945
20090,3945
20091,3954
20092,3954
20093,3945
20094,3945
20095,3954
20096,3945
20097,3945
20098,3942
20099,3945
20100,3954
20101,3960
20102,3967
20103,3952
20104,3967
20105,3967
20106,3960
20107,3954
20108,3945
20109,3954
20110,3951
20111,3960
20112,3954
20113,3957
20114,3946
20115,3948
20116,3960
20117,3954
20118,3957
20119,3954
20120,3960
20121,3925
20122,3954
20123,3960
20124,3957
20125,3954
20126,3948
20127,3942
20128,3957
20129,3954
20130,3960
20131,3954
20132,3954
20133,3936
20134,3951
20135,3954
20136,3936
20137,3954
20138,3960
20139,3954
20140,3957
20141,3960
20142,3967
20143,3945
20144,3964
20145,3961
20146,3967
20147,3948
20148,3967
20149,3961
20150,3960
20151,3954
20152,3945
20153,3967
20154,3961
20155,3960
20156,3957
20157,3967
20158,3964
20159,3958
20160,3963
20161,3969
20162,3975
20163,3948
20164,3975
20165,3975
20166,3973
20167,3978
20168,3967
20169,3975
20170,3975
20171,3957
20172,3979
20173,3984
20174,3943
20175,3978
20176,3981
20177,3984
20178,3978
20179,3948
20180,3978
20181,3984
20182,3981
20183,3978
20184,3978
20185,3984
20186,3981
20187,3973
20188,3984
20189,3963
20190,3975
20191,3975
20192,3984
20193,3966
20194,3969
20195,3948
20196,3979
20197,3975
20198,3984
20199,3979
20200,3981
20201,3975
20202,3975
20203,3978
20204,3972
20205,3978
20206,3978
20207,3984
20208,3981
20209,3978
20210,3948
20211,3978
20212,3984
20213,3978
20214,3981
20215,3978
20216,3984
20217,3978
20218,3975
20219,3975
20220,3978
20221,3966
20222,3969
20223,3963
20224,3963
20225,3969
20226,3967
20227,3963
20228,3963
20229,3942
20230,3958
20231,3963
20232,3969
20233,3964
20234,3963
20235,3967
20236,3963
20237,3963
20238,3957
20239,3951
20240,3969
20241,3967
20242,3966
20243,3954
20244,3966
20245,3957
20246,3966
20247,3954
20248,3966
20249,3954
20250,3954
20251,3966
20252,3954
20253,3963
20254,3958
20255,3948
20256,3966
20257,3939
20258,3948
20259,3966
20260,3963
20261,3958
20262,3948
20263,3958
20264,3963
20265,3948
20266,3966
20267,3966
20268,3948
20269,3958
20270,3948
20271,3966
20272,3958
20273,3963
20274,3966
20275,3956
20276,3957
20277,3963
20278,3948
20279,3942
20280,3963
20281,3958
20282,3942
20283,3963
20284,3963
20285,3948
20286,3954
20287,3942
20288,3963
20289,3948
20290,3942
20291,3963
20292,3937
20293,3933
20294,3957
20295,3949
20296,3945
20297,3957
20298,3933
20299,3957
20300,3961
20301,3957
20302,3957
20303,3933
20304,3951
20305,3957
20306,3957
20307,3961
20308,3957
20309,3949
20310,3954
20311,3967
20312,3958
20313,3939
20314,3967
20315,3946
20316,3960
20317,3955
20318,3960
20319,3960
20320,3960
20321,3960
20322,3960
20323,3957
20324,3960
20325,3946
20326,3954
20327,3958
20328,3967
20329,3948
20330,3967
20331,3954
20332,3963
20333,3960
20334,3955
20335,3960
20336,3963
20337,3966
20338,3954
20339,3966
20340,3963
20341,3966
20342,3963
20343,3961
20344,3966
20345,3963
20346,3966
20347,3936
20348,3961
20349,3964
20350,3945
20351,3966
20352,3960
20353,3957
20354,3952
20355,3954
20356,3954
20357,3952
20358,3948
20359,3954
20360,3952
20361,3960
20362,3961
20363,3958
20364,3964
20365,3963
20366,3963
20367,3961
20368,3958
20369,3966
20370,3964
20371,3960
20372,3954
20373,3952
20374,3957
20375,3954
20376,3952
20377,3945
20378,3954
20379,3952
20380,3960
20381,3958
20382,3961
20383,3966
20384,3964
20385,3936
20386,3961
20387,3963
20388,3966
20389,3949
20390,3954
20391,3969
20392,3969
20393,3972
20394,3969
20395,3954
20396,3969
20397,3969
20398,3972
20399,3963
20400,3969
20401,3954
20402,3966
20403,3969
20404,3957
20405,3960
20406,3963
20407,3972
20408,3960
20409,3970
20410,3972
20411,3963
20412,3960
20413,3958
20414,3972
20415,3954
20416,3969
20417,3969
20418,3963
20419,3972
20420,3969
20421,3969
20422,3954
20423,3969
20424,3972
20425,3969
20426,3954
20427,3969
20428,3963
20429,3966
20430,3969
20431,3969
20432,3957
20433,3963
20434,3954
20435,3972
20436,3969
20437,3969
20438,3963
20439,3972
20440,3954
20441,3969
20442,3969
20443,3943
20444,3966
20445,3960
20446,3963
20447,3966
20448,3966
20449,3970
20450,3966
20451,3954
20452,3927
20453,3963
20454,3966
20455,3960
20456,3963
20457,3966
20458,3970
20459,3966
20460,3963
20461,3960
20462,3966
20463,3937
20464,3972
20465,3978
20466,3961
20467,3975
20468,3978
20469,3978
20470,3981
20471,3982
20472,3978
20473,3981
20474,3981
20475,3987
20476,3990
20477,3988
20478,3977
20479,3988
20480,3973
20481,3988
20482,3990
20483,3966
20484,3988
20485,3993
20486,3996
20487,3996
20488,3979
20489,3987
20490,3991
20491,3987
20492,3996
20493,3987
20494,3991
20495,3987
20496,3987
20497,3990
20498,3991
20499,3987
20500,3984
20501,3988
20502,3977
20503,3990
20504,3973
20505,3988
20506,3987
20507,3961
20508,3988
20509,3990
20510,3988
20511,3973
20512,3972
20513,3988
20514,3990
20515,3988
20516,3993
20517,3996
20518,3991
20519,3991
20520,3988
20521,3973
20522,3977
20523,3988
20524,3990
20525,3987
20526,3977
20527,3988
20528,3973
20529,3990
20530,3988
20531,3979
20532,3988
20533,3977
20534,3973
20535,3988
20536,3990
20537,3988
20538,3979
20539,3958
20540,3977
20541,3988
20542,3988
20543,3990
20544,3975
20545,3972
20546,3984
20547,3997
20548,3996
20549,3990
20550,3990
20551,3993
20552,3975
20553,3990
20554,3990
20555,3979
20556,3968
20557,3968
20558,3975
20559,3984
20560,3957
20561,3990
20562,3996
20563,3996
20564,3993
20565,3969
20566,3984
20567,3987
20568,3984
20569,3987
20570,3979
20571,3987
20572,3984
20573,3988
20574,3961
20575,3966
20576,3961
20577,3984
20578,3990
20579,3990
20580,3978
20581,3960
20582,3990
20583,3985
20584,3990
20585,3990
20586,3988
20587,3987
20588,3991
20589,3991
20590,3976
20591,3975
20592,3981
20593,3982
20594,3972
20595,3981
20596,3954
20597,3976
20598,3984
20599,3976
20600,3975
20601,3987
20602,3984
20603,3976
20604,3975
20605,3990
20606,3942
20607,3981
20608,3975
20609,3971
20610,3993
20611,3971
20612,3993
20613,3971
20614,3966
20615,3971
20616,3993
20617,3971
20618,3987
20619,3996
20620,3984
20621,3997
20622,3989
20623,3990
20624,4000
20625,3987
20626,4002
20627,4008
20628,3999
20629,4002
20630,4002
20631,4005
20632,4011
20633,3997
20634,4015
20635,4011
20636,4015
20637,3993
20638,4011
20639,3999
20640,4011
20641,4011
20642,4011
20643,4011
20644,4011
20645,4011
20646,4011
20647,4011
20648,4011
20649,3990
20650,4020
20651,4023
20652,4014
20653,4021
20654,4014
20655,4005
20656,4025
20657,4021
20658,3999
20659,4014
20660,4017
20661,4025
20662,4014
20663,4017
20664,4014
20665,4026
20666,4027
20667,4026
20668,4029
20669,4026
20670,3996
20671,4014
20672,4026
20673,4029
20674,4015
20675,4026
20676,4011
20677,4024
20678,4015
20679,4030
20680,4020
20681,4023
20682,4020
20683,4006
20684,3997
20685,4020
20686,4005
20687,4006
20688,4020
20689,3997
20690,4005
20691,4020
20692,3997
20693,4006
20694,4014
20695,4020
20696,4006
20697,4005
20698,4020
20699,4020
20700,4005
20701,4012
20702,4003
20703,4014
20704,4023
20705,4020
20706,4012
20707,4026
20708,4023
20709,4020
20710,4026
20711,4020
20712,4023
20713,4026
20714,4023
20715,4024
20716,4022
20717,4017
20718,4017
20719,4018
20720,4017
20721,4022
20722,4024
20723,4023
20724,4026
20725,4020
20726,4033
20727,4027
20728,4032
20729,4027
20730,4029
20731,4033
20732,4032
20733,4027
20734,4028
20735,4038
20736,4032
20737,4038
20738,4029
20739,4021
20740,4038
20741,4035
20742,4032
20743,4038
20744,4033
20745,4041
20746,4033
20747,4042
20748,4032
20749,4041
20750,4041
20751,4042
20752,4032
20753,4038
20754,4029
20755,4038
20756,4020
20757,4038
20758,4041
20759,4032
20760,4029
20761,4041
20762,4039
20763,4014
20764,4020
20765,4030
20766,4024
20767,4014
20768,4041
20769,4020
20770,4030
20771,4014
20772,4020
20773,4030
20774,4014
20775,4020
20776,4042
20777,4043
20778,4010
20779,4041
20780,4041
20781,4041
20782,4010
20783,4043
20784,4021
20785,4010
20786,4041
20787,4032
20788,4041
20789,4010
20790,4043
20791,4042
20792,4020
20793,4014
20794,4030
20795,4020
20796,4014
20797,4024
20798,4035
20799,4020
20800,4027
20801,4029
20802,4026
20803,4029
20804,4005
20805,4035
20806,4029
20807,4026
20808,4026
20809,4029
20810,4011
20811,4029
20812,4020
20813,4029
20814,4026
20815,4029
20816,4029
20817,4041
20818,4029
20819,4026
20820,4029
20821,4029
20822,4011
20823,4041
20824,4023
20825,4035
20826,4026
20827,4029
20828,4041
20829,4041
20830,4043
20831,4041
20832,4038
20833,4041
20834,4043
20835,4041
20836,4024
20837,4047
20838,4050
20839,4041
20840,4050
20841,4048
20842,4047
20843,4039
20844,4050
20845,4048
20846,4045
20847,4047
20848,4050
20849,4039
20850,4050
20851,4048
20852,4047
20853,4045
20854,4035
20855,4039
20856,4048
20857,4047
20858,4050
20859,4047
20860,4050
20861,4041
20862,4038
20863,4044
20864,4048
20865,4047
20866,4053
20867,4044
20868,4051
20869,4053
20870,4050
20871,4053
20872,4044
20873,4053
20874,4048
20875,4044
20876,4053
20877,4038
20878,4010
20879,4035
20880,4044
20881,4040
20882,4010
20883,4053
20884,4051
20885,4038
20886,4053
20887,4050
20888,4008
20889,4048
20890,4026
20891,4026
20892,4048
20893,4024
20894,4026
20895,4047
20896,4026
20897,4048
20898,4053
20899,4044
20900,4044
20901,4050
20902,4035
20903,4046
20904,4050
20905,4046
20906,4044
20907,4044
20908,4046
20909,4056
20910,4057
20911,4050
20912,4059
20913,4050
20914,4057
20915,4057
20916,4062
20917,4057
20918,4059
20919,4054
20920,4062
20921,4057
20922,4050
20923,4057
20924,4062
20925,4068
20926,4063
20927,4068
20928,4066
20929,4063
20930,4068
20931,4059
20932,4068
20933,4074
20934,4069
20935,4044
20936,4074
20937,4071
20938,4061
20939,4074
20940,4069
20941,4074
20942,4077
20943,4080
20944,4053
20945,4070
20946,4075
20947,4077
20948,4080
20949,4080
20950,4068
20951,4077
20952,4078
20953,4083
20954,4086
20955,4071
20956,4077
20957,4086
20958,4078
20959,4074
20960,4078
20961,4080
20962,4087
20963,4086
20964,4057
20965,4087
20966,4070
20967,4086
20968,4083
20969,4044
20970,4086
20971,4083
20972,4070
20973,4086
20974,4057
20975,4087
20976,4053
20977,4074
20978,4065
20979,4074
20980,4054
20981,4074
20982,4065
20983,4074
20984,4065
20985,4077
20986,4065
20987,4074
20988,4065
20989,4074
20990,4065
20991,4065
20992,4065
20993,4074
20994,4065
20995,4065
20996,4074
20997,4065
20998,4053
20999,4087
21000,4086
21001,4087
21002,4056
21003,4086
21004,4074
21005,4087
21006,4086
21007,4090
21008,4089
21009,4070
21010,4089
21011,4089
21012,4090
21013,4089
21014,4044
21015,4089
21016,4083
21017,4092
21018,4095
21019,4095
21020,4092
21021,4089
21022,4080
21023,4083
21024,4082
21025,4059
21026,4082
21027,4087
21028,4089
21029,4080
21030,4081
21031,4086
21032,4081
21033,4071
21034,4089
21035,4095
21036,4098
21037,4083
21038,4083
21039,4098
21040,4087
21041,4098
21042,4087
21043,4098
21044,4087
21045,4098
21046,4087
21047,4095
21048,4086
21049,4077
21050,4071
21051,4089
21052,4092
21053,4093
21054,4077
21055,4074
21056,4099
21057,4099
21058,4087
21059,4077
21060,4099
21061,4083
21062,4099
21063,4099
21064,4083
21065,4099
21066,4099
21067,4074
21068,4077
21069,4093
21070,4092
21071,4093
21072,4077
21073,4101
21074,4103
21075,4101
21076,4095
21077,4104
21078,4107
21079,4095
21080,4100
21081,4098
21082,4095
21083,4074
21084,4100
21085,4095
21086,4099
21087,4107
21088,4107
21089,4095
21090,4098
21091,4107
21092,4101
21093,4107
21094,4110
21095,4116
21096,4101
21097,4113
21098,4086
21099,4110
21100,4107
21101,4116
21102,4095
21103,4113
21104,4110
21105,4101
21106,4110
21107,4113
21108,4110
21109,4101
21110,4113
21111,4102
21112,4107
21113,4101
21114,4113
21115,4107
21116,4110
21117,4092
21118,4111
21119,4095
21120,4080
21121,4090
21122,4096
21123,4092
21124,4107
21125,4092
21126,4096
21127,4081
21128,4113
21129,4101
21130,4107
21131,4101
21132,4105
21133,4101
21134,4101
21135,4110
21136,4113
21137,4101
21138,4101
21139,4105
21140,4113
21141,4101
21142,4101
21143,4101
21144,4102
21145,4101
21146,4107
21147,4116
21148,4109
21149,4120
21150,4119
21151,4116
21152,4092
21153,4086
21154,4101
21155,4107
21156,4101
21157,4101
21158,4110
21159,4101
21160,4110
21161,4101
21162,4107
21163,4108
21164,4098
21165,4112
21166,4110
21167,4101
21168,4098
21169,4082
21170,4086
21171,4090
21172,4082
21173,4098
21174,4113
21175,4082
21176,4098
21177,4086
21178,4082
21179,4104
21180,4098
21181,4086
21182,4082
21183,4086
21184,4082
21185,4098
21186,4111
21187,4104
21188,4110
21189,4107
21190,4116
21191,4101
21192,4115
21193,4104
21194,4115
21195,4104
21196,4113
21197,4110
21198,4110
21199,4087
21200,4110
21201,4101
21202,4116
21203,4107
21204,4116
21205,4116
21206,4113
21207,4075
21208,4110
21209,4116
21210,4100
21211,4107
21212,4110
21213,4104
21214,4110
21215,4102
21216,4107
21217,4104
21218,4110
21219,4110
21220,4113
21221,4107
21222,4105
21223,4116
21224,4100
21225,4116
21226,4113
21227,4100
21228,4092
21229,4116
21230,4100
21231,4111
21232,4100
21233,4116
21234,4113
21235,4100
21236,4116
21237,4105
21238,4100
21239,4116
21240,4111
21241,4116
21242,4104
21243,4113
21244,4100
21245,4116
21246,4092
21247,4086
21248,4105
21249,4116
21250,4104
21251,4113
21252,4116
21253,4116
21254,4104
21255,4110
21256,4116
21257,4098
21258,4116
21259,4116
21260,4099
21261,4110
21262,4116
21263,4107
21264,4116
21265,4098
21266,4110
21267,4104
21268,4116
21269,4113
21270,4116
21271,4110
21272,4099
21273,4116
21274,4116
21275,4110
21276,4113
21277,4116
21278,4110
21279,4123
21280,4098
21281,4105
21282,4086
21283,4127
21284,4126
21285,4105
21286,4127
21287,4126
21288,4127
21289,4131
21290,4135
21291,4113
21292,4134
21293,4135
21294,4107
21295,4134
21296,4131
21297,4120
21298,4119
21299,4134
21300,4131
21301,4107
21302,4131
21303,4134
21304,4131
21305,4131
21306,4131
21307,4134
21308,4119
21309,4137
21310,4140
21311,4134
21312,4125
21313,4138
21314,4125
21315,4140
21316,4134
21317,4125
21318,4142
21319,4133
21320,4150
21321,4149
21322,4125
21323,4149
21324,4149
21325,4141
21326,4119
21327,4149
21328,4136
21329,4133
21330,4125
21331,4140
21332,4125
21333,4134
21334,4125
21335,4138
21336,4140
21337,4125
21338,4134
21339,4131
21340,4140
21341,4137
21342,4137
21343,4125
21344,4140
21345,4128
21346,4125
21347,4140
21348,4142
21349,4128
21350,4143
21351,4132
21352,4146
21353,4143
21354,4149
21355,4140
21356,4146
21357,4143
21358,4149
21359,4143
21360,4140
21361,4147
21362,4143
21363,4132
21364,4146
21365,4131
21366,4119
21367,4132
21368,4143
21369,4137
21370,4143
21371,4132
21372,4143
21373,4132
21374,4119
21375,4132
21376,4131
21377,4119
21378,4132
21379,4144
21380,4143
21381,4122
21382,4143
21383,4131
21384,4143
21385,4122
21386,4143
21387,4126
21388,4137
21389,4144
21390,4131
21391,4140
21392,4131
21393,4131
21394,4101
21395,4143
21396,4140
21397,4122
21398,4143
21399,4118
21400,4143
21401,4122
21402,4140
21403,4132
21404,4143
21405,4122
21406,4128
21407,4143
21408,4143
21409,4153
21410,4153
21411,4132
21412,4153
21413,4153
21414,4153
21415,4153
21416,4143
21417,4153
21418,4153
21419,4137
21420,4153
21421,4153
21422,4149
21423,4138
21424,4153
21425,4153
21426,4152
21427,4144
21428,4147
21429,4143
21430,4152
21431,4147
21432,4152
21433,4143
21434,4150
21435,4131
21436,4152
21437,4150
21438,4143
21439,4150
21440,4150
21441,4086
21442,4143
21443,4149
21444,4131
21445,4135
21446,4140
21447,4135
21448,4140
21449,4131
21450,4149
21451,4137
21452,4143
21453,4152
21454,4143
21455,4132
21456,4128
21457,4146
21458,4151
21459,4152
21460,4128
21461,4151
21462,4122
21463,4128
21464,4151
21465,4152
21466,4151
21467,4131
21468,4143
21469,4149
21470,4156
21471,4149
21472,4150
21473,4162
21474,4164
21475,4158
21476,4137
21477,4156
21478,4162
21479,4140
21480,4156
21481,4152
21482,4123
21483,4146
21484,4140
21485,4128
21486,4146
21487,4125
21488,4132
21489,4146
21490,4143
21491,4158
21492,4155
21493,4158
21494,4155
21495,4140
21496,4123
21497,4135
21498,4146
21499,4146
21500,4125
21501,4140
21502,4143
21503,4153
21504,4144
21505,4153
21506,4123
21507,4144
21508,4153
21509,4143
21510,4140
21511,4125
21512,4146
21513,4146
21514,4135
21515,4149
21516,4155
21517,4158
21518,4141
21519,4155
21520,4158
21521,4161
21522,4155
21523,4158
21524,4164
21525,4140
21526,4158
21527,4164
21528,4170
21529,4152
21530,4167
21531,4170
21532,4167
21533,4152
21534,4170
21535,4167
21536,4170
21537,4152
21538,4162
21539,4167
21540,4170
21541,4170
21542,4164
21543,4179
21544,4180
21545,4182
21546,4180
21547,4182
21548,4189
21549,4178
21550,4185
21551,4187
21552,4189
21553,4187
21554,4173
21555,4168
21556,4179
21557,4173
21558,4186
21559,4176
21560,4166
21561,4176
21562,4173
21563,4176
21564,4173
21565,4164
21566,4186
21567,4173
21568,4184
21569,4190
21570,4195
21571,4176
21572,4186
21573,4186
21574,4183
21575,4188
21576,4186
21577,4186
21578,4188
21579,4191
21580,4191
21581,4183
21582,4164
21583,4191
21584,4172
21585,4194
21586,4195
21587,4188
21588,4194
21589,4195
21590,4186
21591,4195
21592,4190
21593,4188
21594,4195
21595,4194
21596,4175
21597,4204
21598,4200
21599,4194
21600,4200
21601,4200
21602,4194
21603,4200
21604,4203
21605,4206
21606,4200
21607,4194
21608,4194
21609,4206
21610,4203
21611,4194
21612,4200
21613,4206
21614,4194
21615,4209
21616,4212
21617,4209
21618,4200
21619,4215
21620,4206
21621,4210
21622,4212
21623,4189
21624,4194
21625,4203
21626,4203
21627,4210
21628,4201
21629,4212
21630,4215
21631,4212
21632,4185
21633,4215
21634,4209
21635,4206
21636,4216
21637,4209
21638,4222
21639,4221
21640,4224
21641,4222
21642,4221
21643,4222
21644,4228
21645,4221
21646,4227
21647,4237
21648,4236
21649,4228
21650,4237
21651,4230
21652,4236
21653,4237
21654,4237
21655,4236
21656,4215
21657,4237
21658,4230
21659,4237
21660,4221
21661,4237
21662,4230
21663,4237
21664,4236
21665,4237
21666,4228
21667,4230
21668,4230
21669,4197
21670,4237
21671,4236
21672,4237
21673,4236
21674,4237
21675,4230
21676,4237
21677,4236
21678,4239
21679,4236
21680,4221
21681,4239
21682,4237
21683,4236
21684,4242
21685,4236
21686,4239
21687,4236
21688,4239
21689,4236
21690,4236
21691,4242
21692,4239
21693,4236
21694,4236
21695,4246
21696,4239
21697,4239
21698,4239
21699,4246
21700,4239
21701,4230
21702,4236
21703,4239
21704,4230
21705,4242
21706,4245
21707,4245
21708,4245
21709,4245
21710,4242
21711,4242
21712,4255
21713,4243
21714,4222
21715,4245
21716,4237
21717,4210
21718,4239
21719,4227
21720,4227
21721,4248
21722,4242
21723,4219
21724,4251
21725,4248
21726,4242
21727,4248
21728,4257
21729,4257
21730,4251
21731,4251
21732,4257
21733,4254
21734,4251
21735,4254
21736,4233
21737,4248
21738,4260
21739,4245
21740,4218
21741,4261
21742,4260
21743,4254
21744,4261
21745,4260
21746,4263
21747,4233
21748,4259
21749,4261
21750,4260
21751,4278
21752,4272
21753,4284
21754,4275
21755,4278
21756,4275
21757,4284
21758,4275
21759,4272
21760,4260
21761,4263
21762,4272
21763,4278
21764,4284
21765,4275
21766,4275
21767,4275
21768,4284
21769,4275
21770,4278
21771,4284
21772,4275
21773,4284
21774,4286
21775,4293
21776,4287
21777,4290
21778,4269
21779,4290
21780,4287
21781,4291
21782,4269
21783,4287
21784,4299
21785,4300
21786,4291
21787,4300
21788,4296
21789,4291
21790,4300
21791,4300
21792,4293
21793,4289
21794,4300
21795,4284
21796,4296
21797,4300
21798,4260
21799,4281
21800,4281
21801,4291
21802,4290
21803,4281
21804,4296
21805,4291
21806,4281
21807,4281
21808,4296
21809,4291
21810,4281
21811,4281
21812,4263
21813,4275
21814,4294
21815,4296
21816,4302
21817,4293
21818,4302
21819,4296
21820,4302
21821,4302
21822,4290
21823,4294
21824,4275
21825,4287
21826,4291
21827,4281
21828,4281
21829,4287
21830,4287
21831,4296
21832,4281
21833,4281
21834,4287
21835,4296
21836,4287
21837,4281
21838,4287
21839,4299
21840,4287
21841,4296
21842,4287
21843,4269
21844,4287
21845,4296
21846,4287
21847,4281
21848,4287
21849,4296
21850,4281
21851,4287
21852,4281
21853,4287
21854,4296
21855,4280
21856,4292
21857,4293
21858,4292
21859,4293
21860,4293
21861,4292
21862,4293
21863,4293
21864,4292
21865,4293
21866,4269
21867,4304
21868,4302
21869,4302
21870,4308
21871,4302
21872,4284
21873,4308
21874,4297
21875,4293
21876,4287
21877,4281
21878,4308
21879,4301
21880,4295
21881,4308
21882,4304
21883,4281
21884,4287
21885,4306
21886,4299
21887,4287
21888,4296
21889,4287
21890,4299
21891,4296
21892,4281
21893,4284
21894,4305
21895,4299
21896,4294
21897,4306
21898,4300
21899,4300
21900,4291
21901,4300
21902,4293
21903,4300
21904,4293
21905,4300
21906,4278
21907,4288
21908,4291
21909,4300
21910,4287
21911,4303
21912,4299
21913,4296
21914,4303
21915,4296
21916,4287
21917,4269
21918,4295
21919,4287
21920,4290
21921,4302
21922,4304
21923,4304
21924,4299
21925,4302
21926,4287
21927,4272
21928,4304
21929,4295
21930,4304
21931,4302
21932,4304
21933,4293
21934,4308
21935,4302
21936,4302
21937,4299
21938,4308
21939,4311
21940,4297
21941,4308
21942,4311
21943,4296
21944,4311
21945,4308
21946,4312
21947,4290
21948,4299
21949,4302
21950,4308
21951,4297
21952,4308
21953,4308
21954,4302
21955,4308
21956,4303
21957,4302
21958,4290
21959,4308
21960,4299
21961,4308
21962,4311
21963,4293
21964,4308
21965,4303
21966,4272
21967,4303
21968,4308
21969,4311
21970,4287
21971,4303
21972,4305
21973,4293
21974,4311
21975,4314
21976,4311
21977,4314
21978,4296
21979,4314
21980,4311
21981,4311
21982,4296
21983,4314
21984,4311
21985,4314
21986,4314
21987,4311
21988,4290
21989,4311
21990,4311
21991,4296
21992,4314
21993,4317
21994,4318
21995,4308
21996,4312
21997,4314
21998,4312
21999,4318
22000,4296
22001,4314
22002,4318
22003,4314
22004,4318
22005,4316
22006,4308
22007,4326
22008,4317
22009,4320
22010,4316
22011,4323
22012,4326
22013,4323
22014,4326
22015,4311
22016,4308
22017,4311
22018,4291
22019,4314
22020,4312
22021,4293
22022,4311
22023,4311
22024,4311
22025,4302
22026,4314
22027,4302
22028,4293
22029,4323
22030,4326
22031,4320
22032,4317
22033,4310
22034,4320
22035,4320
22036,4326
22037,4308
22038,4320
22039,4311
22040,4312
22041,4312
22042,4314
22043,4312
22044,4323
22045,4320
22046,4312
22047,4326
22048,4320
22049,4312
22050,4326
22051,4312
22052,4322
22053,4320
22054,4311
22055,4326
22056,4312
22057,4314
22058,4326
22059,4312
22060,4314
22061,4312
22062,4326
22063,4329
22064,4320
22065,4329
22066,4327
22067,4320
22068,4320
22069,4321
22070,4326
22071,4314
22072,4323
22073,4308
22074,4314
22075,4326
22076,4327
22077,4314
22078,4323
22079,4326
22080,4327
22081,4314
22082,4326
22083,4314
22084,4323
22085,4326
22086,4314
22087,4314
22088,4323
22089,4326
22090,4314
22091,4308
22092,4323
22093,4332
22094,4333
22095,4327
22096,4325
22097,4333
22098,4332
22099,4333
22100,4325
22101,4333
22102,4332
22103,4333
22104,4325
22105,4320
22106,4333
22107,4327
22108,4332
22109,4329
22110,4325
22111,4326
22112,4312
22113,4319
22114,4322
22115,4325
22116,4315
22117,4315
22118,4319
22119,4303
22120,4314
22121,4318
22122,4302
22123,4302
22124,4314
22125,4302
22126,4293
22127,4302
22128,4314
22129,4291
22130,4308
22131,4317
22132,4323
22133,4317
22134,4317
22135,4313
22136,4321
22137,4323
22138,4317
22139,4323
22140,4317
22141,4317
22142,4330
22143,4329
22144,4326
22145,4323
22146,4329
22147,4321
22148,4332
22149,4329
22150,4314
22151,4316
22152,4326
22153,4332
22154,4317
22155,4326
22156,4329
22157,4332
22158,4326
22159,4322
22160,4313
22161,4293
22162,4302
22163,4314
22164,4302
22165,4316
22166,4320
22167,4326
22168,4312
22169,4323
22170,4321
22171,4311
22172,4312
22173,4320
22174,4322
22175,4326
22176,4312
22177,4327
22178,4332
22179,4333
22180,4332
22181,4332
22182,4333
22183,4332
22184,4332
22185,4333
22186,4332
22187,4312
22188,4332
22189,4333
22190,4332
22191,4332
22192,4333
22193,4332
22194,4326
22195,4318
22196,4314
22197,4318
22198,4318
22199,4314
22200,4303
22201,4313
22202,4314
22203,4318
22204,4314
22205,4314
22206,4318
22207,4314
22208,4311
22209,4320
22210,4323
22211,4307
22212,4319
22213,4305
22214,4326
22215,4323
22216,4309
22217,4296
22218,4326
22219,4311
22220,4326
22221,4305
22222,4323
22223,4326
22224,4305
22225,4323
22226,4326
22227,4329
22228,4326
22229,4323
22230,4305
22231,4326
22232,4323
22233,4326
22234,4305
22235,4327
22236,4329
22237,4334
22238,4332
22239,4335
22240,4330
22241,4312
22242,4318
22243,4341
22244,4344
22245,4346
22246,4341
22247,4344
22248,4332
22249,4317
22250,4327
22251,4326
22252,4342
22253,4325
22254,4317
22255,4321
22256,4326
22257,4338
22258,4335
22259,4311
22260,4318
22261,4311
22262,4341
22263,4311
22264,4318
22265,4311
22266,4305
22267,4325
22268,4335
22269,4311
22270,4338
22271,4291
22272,4341
22273,4302
22274,4338
22275,4302
22276,4341
22277,4326
22278,4323
22279,4302
22280,4338
22281,4332
22282,4338
22283,4336
22284,4347
22285,4344
22286,4343
22287,4308
22288,4336
22289,4326
22290,4341
22291,4347
22292,4341
22293,4308
22294,4341
22295,4340
22296,4341
22297,4344
22298,4347
22299,4334
22300,4353
22301,4341
22302,4356
22303,4353
22304,4331
22305,4357
22306,4356
22307,4338
22308,4357
22309,4356
22310,4357
22311,4353
22312,4356
22313,4353
22314,4356
22315,4353
22316,4356
22317,4353
22318,4362
22319,4368
22320,4365
22321,4368
22322,4359
22323,4362
22324,4353
22325,4347
22326,4353
22327,4346
22328,4344
22329,4353
22330,4332
22331,4362
22332,4362
22333,4334
22334,4358
22335,4357
22336,4362
22337,4351
22338,4320
22339,4347
22340,4354
22341,4335
22342,4320
22343,4347
22344,4354
22345,4320
22346,4338
22347,4338
22348,4338
22349,4349
22350,4335
22351,4338
22352,4338
22353,4338
22354,4308
22355,4338
22356,4338
22357,4338
22358,4338
22359,4359
22360,4339
22361,4362
22362,4335
22363,4362
22364,4362
22365,4351
22366,4367
22367,4341
22368,4353
22369,4362
22370,4341
22371,4367
22372,4364
22373,4341
22374,4353
22375,4367
22376,4366
22377,4341
22378,4364
22379,4341
22380,4353
22381,4367
22382,4366
22383,4341
22384,4341
22385,4367
22386,4353
22387,4341
22388,4367
22389,4341
22390,4366
22391,4364
22392,4353
22393,4341
22394,4367
22395,4341
22396,4362
22397,4364
22398,4353
22399,4341
22400,4367
22401,4341
22402,4366
22403,4367
22404,4351
22405,4362
22406,4362
22407,4356
22408,4363
22409,4370
22410,4351
22411,4347
22412,4365
22413,4350
22414,4370
22415,4363
22416,4369
22417,4369
22418,4369
22419,4369
22420,4377
22421,4368
22422,4377
22423,4368
22424,4377
22425,4368
22426,4377
22427,4368
22428,4359
22429,4368
22430,4377
22431,4371
22432,4378
22433,4335
22434,4361
22435,4335
22436,4364
22437,4335
22438,4371
22439,4361
22440,4377
22441,4341
22442,4350
22443,4347
22444,4374
22445,4344
22446,4368
22447,4381
22448,4377
22449,4381
22450,4377
22451,4365
22452,4381
22453,4381
22454,4364
22455,4389
22456,4383
22457,4389
22458,4389
22459,4368
22460,4383
22461,4374
22462,4390
22463,4365
22464,4374
22465,4383
22466,4390
22467,4374
22468,4385
22469,4374
22470,4365
22471,4386
22472,4371
22473,4374
22474,4395
22475,4389
22476,4374
22477,4386
22478,4374
22479,4392
22480,4383
22481,4389
22482,4385
22483,4387
22484,4383
22485,4385
22486,4392
22487,4385
22488,4383
22489,4395
22490,4389
22491,4398
22492,4374
22493,4389
22494,4389
22495,4389
22496,4398
22497,4389
22498,4389
22499,4389
22500,4398
22501,4406
22502,4386
22503,4392
22504,4406
22505,4397
22506,4372
22507,4394
22508,4359
22509,4372
22510,4394
22511,4395
22512,4404
22513,4395
22514,4407
22515,4410
22516,4407
22517,4410
22518,4395
22519,4407
22520,4410
22521,4390
22522,4410
22523,4407
22524,4395
22525,4404
22526,4401
22527,4388
22528,4385
22529,4403
22530,4374
22531,4407
22532,4407
22533,4413
22534,4409
22535,4404
22536,4404
22537,4404
22538,4413
22539,4410
22540,4413
22541,4413
22542,4407
22543,4417
22544,4410
22545,4404
22546,4404
22547,4417
22548,4410
22549,4413
22550,4417
22551,4411
22552,4407
22553,4410
22554,4398
22555,4407
22556,4392
22557,4401
22558,4410
22559,4410
22560,4397
22561,4400
22562,4396
22563,4395
22564,4394
22565,4372
22566,4390
22567,4394
22568,4398
22569,4372
22570,4394
22571,4401
22572,4372
22573,4397
22574,4394
22575,4390
22576,4368
22577,4394
22578,4384
22579,4404
22580,4389
22581,4401
22582,4398
22583,4407
22584,4408
22585,4408
22586,4407
22587,4408
22588,4408
22589,4407
22590,4408
22591,4392
22592,4401
22593,4408
22594,4404
22595,4408
22596,4407
22597,4408
22598,4407
22599,4408
22600,4408
22601,4407
22602,4408
22603,4413
22604,4417
22605,4414
22606,4422
22607,4422
22608,4421
22609,4422
22610,4413
22611,4386
22612,4416
22613,4417
22614,4417
22615,4405
22616,4416
22617,4417
22618,4416
22619,4417
22620,4398
22621,4398
22622,4416
22623,4410
22624,4416
22625,4410
22626,4410
22627,4413
22628,4416
22629,4410
22630,4416
22631,4420
22632,4413
22633,4415
22634,4408
22635,4386
22636,4386
22637,4416
22638,4386
22639,4410
22640,4386
22641,4416
22642,4413
22643,4386
22644,4399
22645,4386
22646,4410
22647,4416
22648,4386
22649,4386
22650,4407
22651,4401
22652,4413
22653,4424
22654,4410
22655,4427
22656,4408
22657,4427
22658,4423
22659,4423
22660,4427
22661,4410
22662,4423
22663,4432
22664,4428
22665,4431
22666,4434
22667,4425
22668,4432
22669,4423
22670,4427
22671,4427
22672,4423
22673,4423
22674,4416
22675,4422
22676,4428
22677,4422
22678,4432
22679,4420
22680,4420
22681,4422
22682,4407
22683,4431
22684,4407
22685,4422
22686,4427
22687,4407
22688,4408
22689,4429
22690,4416
22691,4431
22692,4428
22693,4431
22694,4428
22695,4428
22696,4413
22697,4428
22698,4431
22699,4428
22700,4431
22701,4416
22702,4419
22703,4432
22704,4431
22705,4427
22706,4422
22707,4407
22708,4425
22709,4421
22710,4434
22711,4425
22712,4416
22713,4426
22714,4431
22715,4422
22716,4422
22717,4416
22718,4416
22719,4420
22720,4422
22721,4407
22722,4425
22723,4407
22724,4422
22725,4408
22726,4422
22727,4431
22728,4422
22729,4422
22730,4419
22731,4422
22732,4425
22733,4421
22734,4389
22735,4413
22736,4425
22737,4429
22738,4425
22739,4434
22740,4408
22741,4431
22742,4434
22743,4422
22744,4413
22745,4422
22746,4425
22747,4413
22748,4423
22749,4422
22750,4413
22751,4422
22752,4434
22753,4435
22754,4408
22755,4434
22756,4424
22757,4429
22758,4425
22759,4421
22760,4413
22761,4393
22762,4425
22763,4431
22764,4421
22765,4425
22766,4389
22767,4413
22768,4421
22769,4425
22770,4431
22771,4423
22772,4432
22773,4440
22774,4440
22775,4428
22776,4432
22777,4440
22778,4428
22779,4437
22780,4422
22781,4422
22782,4419
22783,4422
22784,4422
22785,4374
22786,4422
22787,4422
22788,4425
22789,4422
22790,4421
22791,4428
22792,4422
22793,4428
22794,4407
22795,4421
22796,4422
22797,4434
22798,4434
22799,4440
22800,4430
22801,4440
22802,4434
22803,4440
22804,4425
22805,4440
22806,4430
22807,4437
22808,4440
22809,4446
22810,4420
22811,4437
22812,4440
22813,4422
22814,4437
22815,4438
22816,4418
22817,4441
22818,4448
22819,4431
22820,4425
22821,4430
22822,4440
22823,4437
22824,4448
22825,4446
22826,4443
22827,4448
22828,4441
22829,4418
22830,4433
22831,4441
22832,4447
22833,4441
22834,4442
22835,4447
22836,4441
22837,4437
22838,4441
22839,4447
22840,4442
22841,4443
22842,4418
22843,4420
22844,4414
22845,4428
22846,4434
22847,4446
22848,4447
22849,4452
22850,4446
22851,4442
22852,4407
22853,4444
22854,4441
22855,4442
22856,4440
22857,4442
22858,4446
22859,4448
22860,4454
22861,4458
22862,4455
22863,4446
22864,4448
22865,4455
22866,4455
22867,4458
22868,4458
22869,4465
22870,4444
22871,4454
22872,4446
22873,4458
22874,4446
22875,4458
22876,4446
22877,4455
22878,4447
22879,4465
22880,4461
22881,4460
22882,4455
22883,4470
22884,4470
22885,4470
22886,4470
22887,4470
22888,4470
22889,4458
22890,4470
22891,4470
22892,4470
22893,4470
22894,4470
22895,4470
22896,4451
22897,4470
22898,4470
22899,4470
22900,4470
22901,4449
22902,4470
22903,4470
22904,4470
22905,4455
22906,4460
22907,4465
22908,4461
22909,4460
22910,4459
22911,4465
22912,4449
22913,4465
22914,4461
22915,4460
22916,4465
22917,4459
22918,4449
22919,4465
22920,4461
22921,4460
22922,4465
22923,4459
22924,4460
22925,4465
22926,4461
22927,4460
22928,4449
22929,4459
22930,4460
22931,4465
22932,4455
22933,4464
22934,4470
22935,4464
22936,4461
22937,4470
22938,4464
22939,4470
22940,4464
22941,4470
22942,4464
22943,4470
22944,4464
22945,4464
22946,4470
22947,4443
22948,4464
22949,4449
22950,4464
22951,4470
22952,4451
22953,4464
22954,4470
22955,4464
22956,4452
22957,4462
22958,4470
22959,4470
22960,4467
22961,4470
22962,4462
22963,4470
22964,4470
22965,4467
22966,4470
22967,4454
22968,4466
22969,4462
22970,4470
22971,4467
22972,4466
22973,4470
22974,4462
22975,4466
22976,4467
22977,4470
22978,4452
22979,4470
22980,4464
22981,4420
22982,4470
22983,4470
22984,4462
22985,4467
22986,4470
22987,4470
22988,4420
22989,4470
22990,4470
22991,4452
22992,4470
22993,4470
22994,4462
22995,4467
22996,4470
22997,4470
22998,4467
22999,4462
23000,4470
23001,4470
23002,4454
23003,4470
23004,4470
23005,4467
23006,4462
23007,4449
23008,4470
23009,4467
23010,4470
23011,4470
23012,4462
23013,4452
23014,4470
23015,4470
23016,4470
23017,4470
23018,4470
23019,4470
23020,4461
23021,4470
23022,4470
23023,4470
23024,4470
23025,4470
23026,4470
23027,4470
23028,4470
23029,4470
23030,4470
23031,4470
23032,4458
23033,4470
23034,4470
23035,4445
23036,4470
23037,4470
23038,4450
23039,4470
23040,4470
23041,4470
23042,4467
23043,4473
23044,4471
23045,4473
23046,4471
23047,4472
23048,4480
23049,4473
23050,4476
23051,4472
23052,4472
23053,4481
23054,4472
23055,4476
23056,4480
23057,4472
23058,4473
23059,4472
23060,4473
23061,4483
23062,4473
23063,4483
23064,4473
23065,4469
23066,4473
23067,4473
23068,4476
23069,4479
23070,4479
23071,4489
23072,4479
23073,4445
23074,4485
23075,4488
23076,4488
23077,4488
23078,4501
23079,4493
23080,4499
23081,4482
23082,4472
23083,4482
23084,4482
23085,4472
23086,4497
23087,4472
23088,4482
23089,4487
23090,4482
23091,4472
23092,4497
23093,4472
23094,4482
23095,4482
23096,4472
23097,4487
23098,4482
23099,4472
23100,4482
23101,4499
23102,4497
23103,4491
23104,4488
23105,4488
23106,4499
23107,4472
23108,4482
23109,4488
23110,4489
23111,4499
23112,4494
23113,4507
23114,4492
23115,4509
23116,4491
23117,4512
23118,4520
23119,4517
23120,4517
23121,4505
23122,4520
23123,4520
23124,4517
23125,4517
23126,4520
23127,4510
23128,4513
23129,4526
23130,4527
23131,4530
23132,4521
23133,4527
23134,4518
23135,4527
23136,4530
23137,4533
23138,4536
23139,4527
23140,4525
23141,4474
23142,4526
23143,4538
23144,4538
23145,4533
23146,4514
23147,4538
23148,4538
23149,4535
23150,4538
23151,4533
23152,4530
23153,4545
23154,4546
23155,4534
23156,4548
23157,4545
23158,4546
23159,4527
23160,4541
23161,4488
23162,4527
23163,4539
23164,4527
23165,4518
23166,4535
23167,4506
23168,4536
23169,4538
23170,4536
23171,4516
23172,4531
23173,4524
23174,4537
23175,4516
23176,4533
23177,4524
23178,4528
23179,4524
23180,4537
23181,4531
23182,4524
23183,4543
23184,4541
23185,4533
23186,4545
23187,4528
23188,4531
23189,4542
23190,4526
23191,4536
23192,4517
23193,4552
23194,4548
23195,4552
23196,4548
23197,4551
23198,4547
23199,4562
23200,4549
23201,4560
23202,4553
23203,4560
23204,4548
23205,4548
23206,4560
23207,4544
23208,4560
23209,4548
23210,4560
23211,4551
23212,4552
23213,4553
23214,4548
23215,4560
23216,4542
23217,4560
23218,4544
23219,4560
23220,4553
23221,4560
23222,4551
23223,4533
23224,4552
23225,4551
23226,4560
23227,4555
23228,4551
23229,4560
23230,4552
23231,4551
23232,4554
23233,4561
23234,4565
23235,4563
23236,4556
23237,4562
23238,4551
23239,4563
23240,4560
23241,4561
23242,4563
23243,4569
23244,4560
23245,4571
23246,4560
23247,4567
23248,4560
23249,4564
23250,4578
23251,4575
23252,4569
23253,4578
23254,4569
23255,4569
23256,4560
23257,4560
23258,4580
23259,4584
23260,4578
23261,4586
23262,4572
23263,4579
23264,4584
23265,4586
23266,4578
23267,4584
23268,4580
23269,4560
23270,4569
23271,4560
23272,4564
23273,4566
23274,4569
23275,4566
23276,4560
23277,4566
23278,4569
23279,4584
23280,4584
23281,4569
23282,4566
23283,4560
23284,4580
23285,4584
23286,4584
23287,4579
23288,4584
23289,4584
23290,4566
23291,4575
23292,4569
23293,4566
23294,4564
23295,4560
23296,4555
23297,4566
23298,4566
23299,4560
23300,4566
23301,4569
23302,4566
23303,4569
23304,4584
23305,4572
23306,4584
23307,4580
23308,4584
23309,4572
23310,4584
23311,4587
23312,4578
23313,4590
23314,4590
23315,4578
23316,4590
23317,4578
23318,4590
23319,4590
23320,4578
23321,4582
23322,4578
23323,4590
23324,4574
23325,4590
23326,4596
23327,4597
23328,4587
23329,4584
23330,4590
23331,4587
23332,4590
23333,4590
23334,4584
23335,4585
23336,4585
23337,4582
23338,4590
23339,4587
23340,4590
23341,4599
23342,4601
23343,4594
23344,4600
23345,4599
23346,4593
23347,4588
23348,4601
23349,4600
23350,4602
23351,4608
23352,4603
23353,4593
23354,4605
23355,4608
23356,4598
23357,4603
23358,4608
23359,4598
23360,4602
23361,4600
23362,4593
23363,4599
23364,4601
23365,4600
23366,4599
23367,4593
23368,4599
23369,4597
23370,4593
23371,4582
23372,4554
23373,4585
23374,4585
23375,4586
23376,4579
23377,4589
23378,4593
23379,4587
23380,4599
23381,4596
23382,4582
23383,4596
23384,4596
23385,4580
23386,4596
23387,4582
23388,4587
23389,4596
23390,4596
23391,4580
23392,4596
23393,4582
23394,4599
23395,4583
23396,4594
23397,4602
23398,4600
23399,4589
23400,4584
23401,4594
23402,4600
23403,4586
23404,4602
23405,4600
23406,4594
23407,4602
23408,4600
23409,4594
23410,4602
23411,4600
23412,4594
23413,4605
23414,4602
23415,4592
23416,4602
23417,4614
23418,4602
23419,4613
23420,4594
23421,4602
23422,4614
23423,4605
23424,4602
23425,4608
23426,4602
23427,4613
23428,4602
23429,4594
23430,4608
23431,4602
23432,4605
23433,4614
23434,4602
23435,4613
23436,4602
23437,4614
23438,4598
23439,4581
23440,4575
23441,4605
23442,4563
23443,4598
23444,4608
23445,4587
23446,4598
23447,4586
23448,4608
23449,4598
23450,4587
23451,4608
23452,4598
23453,4587
23454,4596
23455,4602
23456,4598
23457,4608
23458,4587
23459,4598
23460,4608
23461,4588
23462,4602
23463,4597
23464,4598
23465,4615
23466,4613
23467,4614
23468,4600
23469,4615
23470,4595
23471,4615
23472,4613
23473,4614
23474,4615
23475,4613
23476,4602
23477,4615
23478,4617
23479,4617
23480,4578
23481,4617
23482,4617
23483,4615
23484,4608
23485,4613
23486,4596
23487,4602
23488,4602
23489,4605
23490,4602
23491,4602
23492,4584
23493,4602
23494,4608
23495,4602
23496,4605
23497,4602
23498,4602
23499,4605
23500,4566
23501,4589
23502,4602
23503,4605
23504,4602
23505,4602
23506,4605
23507,4599
23508,4579
23509,4578
23510,4581
23511,4608
23512,4602
23513,4581
23514,4584
23515,4615
23516,4608
23517,4600
23518,4610
23519,4615
23520,4616
23521,4620
23522,4611
23523,4614
23524,4609
23525,4606
23526,4619
23527,4622
23528,4620
23529,4612
23530,4624
23531,4620
23532,4601
23533,4617
23534,4620
23535,4605
23536,4602
23537,4563
23538,4615
23539,4613
23540,4596
23541,4602
23542,4615
23543,4602
23544,4605
23545,4623
23546,4623
23547,4618
23548,4596
23549,4626
23550,4630
23551,4623
23552,4633
23553,4637
23554,4632
23555,4643
23556,4652
23557,4626
23558,4652
23559,4647
23560,4647
23561,4655
23562,4644
23563,4647
23564,4643
23565,4644
23566,4652
23567,4645
23568,4635
23569,4641
23570,4644
23571,4645
23572,4625
23573,4652
23574,4635
23575,4650
23576,4652
23577,4644
23578,4638
23579,4640
23580,4652
23581,4644
23582,4650
23583,4650
23584,4657
23585,4652
23586,4657
23587,4649
23588,4647
23589,4647
23590,4657
23591,4657
23592,4652
23593,4649
23594,4657
23595,4647
23596,4657
23597,4657
23598,4649
23599,4652
23600,4657
23601,4647
23602,4657
23603,4657
23604,4649
23605,4652
23606,4657
23607,4657
23608,4647
23609,4647
23610,4649
23611,4657
23612,4652
23613,4657
23614,4637
23615,4657
23616,4649
23617,4657
23618,4652
23619,4657
23620,4647
23621,4649
23622,4657
23623,4657
23624,4625
23625,4653
23626,4657
23627,4653
23628,4657
23629,4652
23630,4657
23631,4643
23632,4653
23633,4657
23634,4653
23635,4652
23636,4657
23637,4653
23638,4657
23639,4638
23640,4638
23641,4647
23642,4660
23643,4659
23644,4664
23645,4650
23646,4669
23647,4664
23648,4663
23649,4656
23650,4659
23651,4664
23652,4647
23653,4654
23654,4653
23655,4652
23656,4640
23657,4650
23658,4644
23659,4652
23660,4642
23661,4646
23662,4635
23663,4624
23664,4628
23665,4635
23666,4646
23667,4625
23668,4629
23669,4632
23670,4642
23671,4632
23672,4632
23673,4642
23674,4632
23675,4632
23676,4625
23677,4635
23678,4624
23679,4635
23680,4646
23681,4632
23682,4641
23683,4646
23684,4653
23685,4650
23686,4647
23687,4653
23688,4654
23689,4654
23690,4642
23691,4653
23692,4654
23693,4650
23694,4653
23695,4646
23696,4643
23697,4646
23698,4631
23699,4646
23700,4635
23701,4646
23702,4631
23703,4654
23704,4642
23705,4656
23706,4641
23707,4621
23708,4634
23709,4629
23710,4638
23711,4640
23712,4647
23713,4636
23714,4647
23715,4640
23716,4638
23717,4635
23718,4634
23719,4627
23720,4647
23721,4650
23722,4586
23723,4627
23724,4632
23725,4627
23726,4632
23727,4627
23728,4643
23729,4627
23730,4632
23731,4627
23732,4650
23733,4627
23734,4647
23735,4632
23736,4627
23737,4642
23738,4627
23739,4632
23740,4647
23741,4627
23742,4650
23743,4627
23744,4632
23745,4627
23746,4643
23747,4632
23748,4627
23749,4627
23750,4632
23751,4627
23752,4586
23753,4650
23754,4647
23755,4642
23756,4627
23757,4632
23758,4627
23759,4647
23760,4627
23761,4632
23762,4627
23763,4653
23764,4653
23765,4657
23766,4654
23767,4653
23768,4657
23769,4643
23770,4647
23771,4611
23772,4626
23773,4636
23774,4641
23775,4637
23776,4659
23777,4659
23778,4649
23779,4659
23780,4659
23781,4661
23782,4668
23783,4668
23784,4662
23785,4676
23786,4662
23787,4653
23788,4662
23789,4676
23790,4671
23791,4658
23792,4653
23793,4658
23794,4676
23795,4658
23796,4677
23797,4680
23798,4662
23799,4686
23800,4683
23801,4683
23802,4686
23803,4682
23804,4664
23805,4680
23806,4682
23807,4683
23808,4686
23809,4652
23810,4675
23811,4665
23812,4670
23813,4672
23814,4676
23815,4668
23816,4670
23817,4676
23818,4677
23819,4676
23820,4670
23821,4662
23822,4670
23823,4676
23824,4674
23825,4670
23826,4676
23827,4677
23828,4670
23829,4665
23830,4672
23831,4670
23832,4676
23833,4671
23834,4676
23835,4680
23836,4679
23837,4680
23838,4668
23839,4680
23840,4678
23841,4686
23842,4679
23843,4684
23844,4668
23845,4679
23846,4680
23847,4686
23848,4683
23849,4684
23850,4683
23851,4686
23852,4668
23853,4683
23854,4686
23855,4684
23856,4680
23857,4683
23858,4686
23859,4682
23860,4680
23861,4679
23862,4659
23863,4680
23864,4680
23865,4677
23866,4662
23867,4655
23868,4662
23869,4676
23870,4662
23871,4653
23872,4671
23873,4658
23874,4655
23875,4676
23876,4662
23877,4671
23878,4653
23879,4662
23880,4676
23881,4662
23882,4668
23883,4676
23884,4671
23885,4677
23886,4672
23887,4662
23888,4657
23889,4672
23890,4653
23891,4672
23892,4658
23893,4657
23894,4672
23895,4662
23896,4677
23897,4676
23898,4665
23899,4676
23900,4671
23901,4665
23902,4654
23903,4671
23904,4676
23905,4676
23906,4671
23907,4659
23908,4676
23909,4677
23910,4665
23911,4676
23912,4671
23913,4676
23914,4673
23915,4676
23916,4671
23917,4671
23918,4676
23919,4643
23920,4660
23921,4677
23922,4687
23923,4695
23924,4686
23925,4685
23926,4686
23927,4668
23928,4686
23929,4702
23930,4698
23931,4702
23932,4704
23933,4703
23934,4698
23935,4692
23936,4704
23937,4703
23938,4702
23939,4698
23940,4678
23941,4702
23942,4703
23943,4704
23944,4698
23945,4702
23946,4707
23947,4699
23948,4707
23949,4706
23950,4707
23951,4699
23952,4707
23953,4699
23954,4708
23955,4707
23956,4699
23957,4707
23958,4699
23959,4683
23960,4718
23961,4719
23962,4716
23963,4727
23964,4725
23965,4728
23966,4718
23967,4716
23968,4705
23969,4708
23970,4716
23971,4705
23972,4716
23973,4698
23974,4701
23975,4716
23976,4727
23977,4715
23978,4718
23979,4725
23980,4716
23981,4717
23982,4695
23983,4716
23984,4718
23985,4730
23986,4725
23987,4729
23988,4737
23989,4734
23990,4731
23991,4734
23992,4735
23993,4734
23994,4743
23995,4740
23996,4745
23997,4743
23998,4747
23999,4753
24000,4752
24001,4737
24002,4749
24003,4749
24004,4746
24005,4735
24006,4749
24007,4752
24008,4758
24009,4758
24010,4739
24011,4758
24012,4737
24013,4751
24014,4751
24015,4750
24016,4764
24017,4765
24018,4752
24019,4750
24020,4764
24021,4765
24022,4755
24023,4764
24024,4752
24025,4737
24026,4750
24027,4764
24028,4750
24029,4758
24030,4762
24031,4740
24032,4761
24033,4765
24034,4764
24035,4771
24036,4758
24037,4765
24038,4771
24039,4764
24040,4761
24041,4740
24042,4762
24043,4765
24044,4762
24045,4740
24046,4761
24047,4764
24048,4771
24049,4765
24050,4770
24051,4766
24052,4776
24053,4773
24054,4766
24055,4780
24056,4780
24057,4773
24058,4780
24059,4770
24060,4770
24061,4776
24062,4772
24063,4778
24064,4770
24065,4778
24066,4746
24067,4772
24068,4778
24069,4776
24070,4780
24071,4780
24072,4766
24073,4773
24074,4776
24075,4766
24076,4776
24077,4763
24078,4773
24079,4776
24080,4766
24081,4776
24082,4766
24083,4773
24084,4776
24085,4766
24086,4766
24087,4776
24088,4773
24089,4771
24090,4770
24091,4776
24092,4769
24093,4752
24094,4771
24095,4752
24096,4752
24097,4748
24098,4768
24099,4774
24100,4776
24101,4764
24102,4761
24103,4764
24104,4771
24105,4764
24106,4764
24107,4767
24108,4776
24109,4764
24110,4774
24111,4752
24112,4753
24113,4768
24114,4769
24115,4770
24116,4767
24117,4767
24118,4776
24119,4766
24120,4773
24121,4780
24122,4766
24123,4780
24124,4780
24125,4773
24126,4758
24127,4780
24128,4771
24129,4772
24130,4767
24131,4764
24132,4776
24133,4770
24134,4773
24135,4776
24136,4763
24137,4770
24138,4778
24139,4770
24140,4779
24141,4783
24142,4785
24143,4789
24144,4781
24145,4788
24146,4783
24147,4788
24148,4789
24149,4782
24150,4772
24151,4785
24152,4788
24153,4784
24154,4784
24155,4788
24156,4784
24157,4788
24158,4783
24159,4776
24160,4785
24161,4769
24162,4785
24163,4784
24164,4776
24165,4783
24166,4785
24167,4797
24168,4798
24169,4800
24170,4791
24171,4770
24172,4796
24173,4790
24174,4795
24175,4767
24176,4800
24177,4793
24178,4800
24179,4806
24180,4797
24181,4803
24182,4782
24183,4783
24184,4806
24185,4806
24186,4801
24187,4800
24188,4806
24189,4806
24190,4801
24191,4801
24192,4806
24193,4800
24194,4806
24195,4801
24196,4773
24197,4806
24198,4806
24199,4806
24200,4800
24201,4806
24202,4806
24203,4806
24204,4801
24205,4806
24206,4810
24207,4808
24208,4794
24209,4799
24210,4808
24211,4773
24212,4808
24213,4799
24214,4790
24215,4808
24216,4800
24217,4799
24218,4805
24219,4794
24220,4808
24221,4799
24222,4794
24223,4808
24224,4810
24225,4806
24226,4806
24227,4806
24228,4801
24229,4800
24230,4806
24231,4806
24232,4783
24233,4790
24234,4782
24235,4788
24236,4761
24237,4797
24238,4782
24239,4793
24240,4797
24241,4779
24242,4779
24243,4792
24244,4803
24245,4791
24246,4809
24247,4815
24248,4818
24249,4818
24250,4818
24251,4804
24252,4807
24253,4818
24254,4818
24255,4815
24256,4826
24257,4811
24258,4819
24259,4808
24260,4782
24261,4821
24262,4818
24263,4808
24264,4787
24265,4820
24266,4812
24267,4823
24268,4824
24269,4820
24270,4812
24271,4817
24272,4812
24273,4824
24274,4815
24275,4823
24276,4812
24277,4820
24278,4787
24279,4808
24280,4816
24281,4797
24282,4813
24283,4797
24284,4818
24285,4802
24286,4813
24287,4821
24288,4791
24289,4809
24290,4813
24291,4802
24292,4802
24293,4813
24294,4802
24295,4798
24296,4813
24297,4802
24298,4813
24299,4804
24300,4804
24301,4803
24302,4809
24303,4818
24304,4821
24305,4817
24306,4812
24307,4794
24308,4812
24309,4823
24310,4824
24311,4815
24312,4817
24313,4812
24314,4794
24315,4812
24316,4824
24317,4820
24318,4830
24319,4827
24320,4816
24321,4830
24322,4827
24323,4818
24324,4830
24325,4827
24326,4827
24327,4827
24328,4830
24329,4827
24330,4830
24331,4818
24332,4827
24333,4817
24334,4810
24335,4827
24336,4827
24337,4821
24338,4820
24339,4812
24340,4823
24341,4824
24342,4812
24343,4797
24344,4812
24345,4824
24346,4823
24347,4812
24348,4824
24349,4820
24350,4810
24351,4812
24352,4824
24353,4812
24354,4823
24355,4824
24356,4812
24357,4820
24358,4817
24359,4812
24360,4824
24361,4812
24362,4823
24363,4820
24364,4824
24365,4812
24366,4816
24367,4812
24368,4817
24369,4824
24370,4818
24371,4817
24372,4824
24373,4824
24374,4819
24375,4817
24376,4824
24377,4826
24378,4825
24379,4829
24380,4818
24381,4824
24382,4833
24383,4832
24384,4835
24385,4824
24386,4836
24387,4839
24388,4833
24389,4839
24390,4839
24391,4842
24392,4839
24393,4836
24394,4835
24395,4832
24396,4830
24397,4824
24398,4832
24399,4835
24400,4832
24401,4824
24402,4830
24403,4832
24404,4836
24405,4839
24406,4839
24407,4842
24408,4839
24409,4828
24410,4834
24411,4837
24412,4838
24413,4845
24414,4849
24415,4855
24416,4845
24417,4850
24418,4844
24419,4831
24420,4851
24421,4827
24422,4839
24423,4844
24424,4827
24425,4849
24426,4844
24427,4827
24428,4849
24429,4833
24430,4852
24431,4851
24432,4832
24433,4838
24434,4839
24435,4845
24436,4849
24437,4845
24438,4845
24439,4849
24440,4815
24441,4830
24442,4845
24443,4849
24444,4845
24445,4849
24446,4846
24447,4845
24448,4849
24449,4845
24450,4830
24451,4845
24452,4849
24453,4845
24454,4815
24455,4851
24456,4846
24457,4843
24458,4856
24459,4856
24460,4854
24461,4832
24462,4832
24463,4850
24464,4855
24465,4832
24466,4850
24467,4855
24468,4832
24469,4850
24470,4832
24471,4854
24472,4855
24473,4832
24474,4850
24475,4857
24476,4832
24477,4850
24478,4855
24479,4850
24480,4855
24481,4831
24482,4854
24483,4858
24484,4856
24485,4856
24486,4853
24487,4856
24488,4858
24489,4857
24490,4827
24491,4855
24492,4833
24493,4855
24494,4850
24495,4832
24496,4857
24497,4845
24498,4832
24499,4855
24500,4857
24501,4850
24502,4832
24503,4832
24504,4850
24505,4855
24506,4832
24507,4857
24508,4850
24509,4832
24510,4855
24511,4850
24512,4832
24513,4849
24514,4851
24515,4856
24516,4852
24517,4851
24518,4859
24519,4863
24520,4864
24521,4869
24522,4866
24523,4837
24524,4868
24525,4866
24526,4857
24527,4863
24528,4842
24529,4863
24530,4852
24531,4815
24532,4863
24533,4852
24534,4863
24535,4852
24536,4855
24537,4858
24538,4867
24539,4858
24540,4864
24541,4867
24542,4858
24543,4842
24544,4866
24545,4864
24546,4858
24547,4867
24548,4858
24549,4845
24550,4836
24551,4866
24552,4820
24553,4831
24554,4863
24555,4835
24556,4839
24557,4831
24558,4853
24559,4835
24560,4831
24561,4831
24562,4849
24563,4861
24564,4850
24565,4862
24566,4863
24567,4869
24568,4869
24569,4869
24570,4861
24571,4866
24572,4866
24573,4848
24574,4855
24575,4854
24576,4848
24577,4855
24578,4869
24579,4854
24580,4837
24581,4855
24582,4861
24583,4854
24584,4839
24585,4866
24586,4845
24587,4852
24588,4866
24589,4839
24590,4866
24591,4868
24592,4860
24593,4852
24594,4854
24595,4851
24596,4833
24597,4862
24598,4845
24599,4854
24600,4860
24601,4860
24602,4868
24603,4870
24604,4863
24605,4866
24606,4874
24607,4868
24608,4864
24609,4866
24610,4874
24611,4868
24612,4874
24613,4866
24614,4868
24615,4853
24616,4875
24617,4867
24618,4872
24619,4865
24620,4867
24621,4863
24622,4872
24623,4865
24624,4872
24625,4867
24626,4865
24627,4867
24628,4863
24629,4872
24630,4865
24631,4872
24632,4881
24633,4886
24634,4882
24635,4878
24636,4857
24637,4878
24638,4878
24639,4874
24640,4878
24641,4882
24642,4884
24643,4875
24644,4884
24645,4882
24646,4878
24647,4874
24648,4878
24649,4878
24650,4874
24651,4878
24652,4852
24653,4878
24654,4878
24655,4878
24656,4874
24657,4859
24658,4867
24659,4867
24660,4856
24661,4867
24662,4866
24663,4867
24664,4863
24665,4873
24666,4842
24667,4859
24668,4876
24669,4860
24670,4881
24671,4876
24672,4875
24673,4876
24674,4860
24675,4863
24676,4874
24677,4857
24678,4878
24679,4857
24680,4878
24681,4874
24682,4878
24683,4878
24684,4876
24685,4884
24686,4884
24687,4891
24688,4886
24689,4876
24690,4895
24691,4890
24692,4895
24693,4895
24694,4890
24695,4883
24696,4878
24697,4891
24698,4876
24699,4878
24700,4871
24701,4891
24702,4880
24703,4876
24704,4891
24705,4878
24706,4883
24707,4890
24708,4890
24709,4890
24710,4890
24711,4887
24712,4890
24713,4876
24714,4891
24715,4874
24716,4883
24717,4891
24718,4901
24719,4895
24720,4902
24721,4865
24722,4902
24723,4900
24724,4902
24725,4895
24726,4865
24727,4902
24728,4901
24729,4891
24730,4886
24731,4891
24732,4893
24733,4895
24734,4888
24735,4893
24736,4901
24737,4895
24738,4893
24739,4878
24740,4895
24741,4897
24742,4895
24743,4888
24744,4895
24745,4895
24746,4901
24747,4895
24748,4897
24749,4895
24750,4896
24751,4905
24752,4888
24753,4872
24754,4906
24755,4890
24756,4905
24757,4890
24758,4910
24759,4912
24760,4915
24761,4922
24762,4920
24763,4919
24764,4922
24765,4920
24766,4922
24767,4919
24768,4893
24769,4926
24770,4923
24771,4911
24772,4916
24773,4916
24774,4920
24775,4911
24776,4912
24777,4916
24778,4896
24779,4900
24780,4919
24781,4917
24782,4926
24783,4917
24784,4919
24785,4917
24786,4917
24787,4915
24788,4917
24789,4919
24790,4897
24791,4923
24792,4926
24793,4923
24794,4919
24795,4911
24796,4917
24797,4920
24798,4919
24799,4917
24800,4900
24801,4923
24802,4920
24803,4926
24804,4923
24805,4897
24806,4922
24807,4926
24808,4925
24809,4908
24810,4926
24811,4926
24812,4922
24813,4925
24814,4905
24815,4926
24816,4926
24817,4920
24818,4911
24819,4896
24820,4885
24821,4902
24822,4927
24823,4924
24824,4926
24825,4927
24826,4922
24827,4926
24828,4924
24829,4927
24830,4927
24831,4926
24832,4924
24833,4927
24834,4926
24835,4922
24836,4911
24837,4924
24838,4927
24839,4902
24840,4902
24841,4896
24842,4911
24843,4920
24844,4926
24845,4926
24846,4925
24847,4922
24848,4926
24849,4926
24850,4920
24851,4922
24852,4908
24853,4922
24854,4920
24855,4919
24856,4922
24857,4920
24858,4922
24859,4919
24860,4919
24861,4926
24862,4898
24863,4926
24864,4900
24865,4925
24866,4922
24867,4922
24868,4922
24869,4923
24870,4933
24871,4933
24872,4923
24873,4923
24874,4933
24875,4933
24876,4933
24877,4923
24878,4922
24879,4922
24880,4911
24881,4916
24882,4914
24883,4920
24884,4926
24885,4923
24886,4919
24887,4929
24888,4930
24889,4899
24890,4929
24891,4909
24892,4926
24893,4929
24894,4923
24895,4914
24896,4923
24897,4900
24898,4917
24899,4916
24900,4916
24901,4917
24902,4918
24903,4926
24904,4925
24905,4918
24906,4926
24907,4919
24908,4920
24909,4902
24910,4922
24911,4897
24912,4922
24913,4912
24914,4902
24915,4897
24916,4917
24917,4902
24918,4917
24919,4919
24920,4926
24921,4926
24922,4927
24923,4923
24924,4912
24925,4927
24926,4917
24927,4927
24928,4923
24929,4907
24930,4916
24931,4923
24932,4927
24933,4931
24934,4914
24935,4930
24936,4931
24937,4921
24938,4922
24939,4931
24940,4923
24941,4931
24942,4922
24943,4922
24944,4931
24945,4929
24946,4911
24947,4925
24948,4926
24949,4908
24950,4921
24951,4914
24952,4926
24953,4930
24954,4925
24955,4921
24956,4897
24957,4931
24958,4925
24959,4917
24960,4921
24961,4925
24962,4930
24963,4920
24964,4939
24965,4940
24966,4897
24967,4920
24968,4940
24969,4931
24970,4939
24971,4935
24972,4920
24973,4940
24974,4939
24975,4929
24976,4909
24977,4940
24978,4945
24979,4944
24980,4935
24981,4938
24982,4945
24983,4945
24984,4925
24985,4944
24986,4945
24987,4949
24988,4947
24989,4946
24990,4938
24991,4945
24992,4935
24993,4938
24994,4945
24995,4944
24996,4945
24997,4925
24998,4945
24999,4944
25000,4941
25001,4930
25002,4945
25003,4938
25004,4945
25005,4940
25006,4935
25007,4926
25008,4927
25009,4931
25010,4931
25011,4912
25012,4898
25013,4912
25014,4912
25015,4942
25016,4898
25017,4912
25018,4932
25019,4943
25020,4941
25021,4935
25022,4931
25023,4944
25024,4941
25025,4932
25026,4928
25027,4936
25028,4927
25029,4937
25030,4935
25031,4931
25032,4935
25033,4932
25034,4935
25035,4931
25036,4935
25037,4931
25038,4905
25039,4943
25040,4928
25041,4943
25042,4938
25043,4940
25044,4940
25045,4919
25046,4917
25047,4942
25048,4938
25049,4928
25050,4943
25051,4934
25052,4945
25053,4941
25054,4947
25055,4945
25056,4941
25057,4952
25058,4935
25059,4958
25060,4962
25061,4962
25062,4947
25063,4962
25064,4962
25065,4945
25066,4964
25067,4964
25068,4971
25069,4971
25070,4971
25071,4965
25072,4969
25073,4971
25074,4971
25075,4961
25076,4971
25077,4971
25078,4971
25079,4971
25080,4971
25081,4971
25082,4961
25083,4973
25084,4959
25085,4968
25086,4973
25087,4968
25088,4959
25089,4966
25090,4959
25091,4973
25092,4966
25093,4959
25094,4968
25095,4949
25096,4964
25097,4951
25098,4977
25099,4979
25100,4988
25101,4982
25102,4983
25103,4988
25104,4993
25105,4992
25106,4989
25107,4983
25108,4962
25109,4980
25110,4974
25111,4982
25112,4983
25113,4974
25114,4968
25115,4984
25116,4989
25117,4992
25118,4979
25119,4986
25120,4987
25121,4984
25122,4980
25123,4959
25124,4987
25125,4987
25126,4980
25127,4970
25128,4987
25129,4973
25130,4985
25131,4978
25132,4963
25133,4980
25134,4977
25135,4981
25136,4985
25137,4973
25138,4981
25139,4985
25140,4978
25141,4980
25142,4974
25143,4963
25144,4977
25145,4973
25146,4985
25147,4981
25148,4985
25149,4973
25150,4981
25151,4980
25152,4978
25153,4955
25154,4963
25155,4985
25156,4981
25157,4985
25158,4973
25159,4973
25160,4974
25161,4980
25162,4987
25163,4973
25164,4989
25165,4980
25166,4977
25167,4983
25168,4988
25169,4984
25170,4983
25171,4988
25172,4979
25173,4959
25174,4969
25175,4980
25176,4959
25177,4969
25178,4974
25179,4983
25180,4974
25181,4979
25182,4986
25183,4988
25184,4978
25185,4974
25186,4986
25187,4988
25188,4979
25189,4955
25190,4986
25191,4979
25192,4974
25193,4988
25194,4981
25195,4964
25196,4959
25197,4978
25198,4971
25199,4976
25200,4971
25201,4971
25202,4971
25203,4971
25204,4968
25205,4976
25206,4971
25207,4978
25208,4959
25209,4969
25210,4981
25211,4974
25212,4974
25213,4988
25214,4986
25215,4955
25216,4979
25217,4986
25218,4974
25219,4988
25220,4978
25221,4988
25222,4979
25223,4974
25224,4973
25225,4983
25226,4969
25227,4959
25228,4974
25229,4969
25230,4959
25231,4984
25232,4983
25233,4983
25234,4983
25235,4984
25236,4984
25237,4969
25238,4974
25239,4959
25240,4978
25241,4976
25242,4976
25243,4971
25244,4976
25245,4971
25246,4983
25247,4986
25248,4968
25249,4983
25250,4986
25251,4986
25252,4985
25253,4992
25254,4994
25255,4969
25256,4994
25257,4978
25258,4992
25259,4973
25260,4976
25261,4962
25262,4982
25263,4965
25264,4983
25265,4978
25266,4992
25267,4994
25268,4974
25269,4994
25270,4992
25271,4994
25272,4995
25273,4984
25274,4998
25275,4962
25276,4997
25277,4994
25278,4986
25279,4995
25280,4994
25281,5002
25282,4991
25283,5004
25284,5012
25285,4993
25286,5005
25287,5001
25288,4989
25289,5001
25290,5008
25291,5001
25292,4989
25293,4996
25294,4992
25295,5001
25296,4995
25297,4992
25298,5007
25299,5007
25300,5006
25301,5006
25302,4993
25303,5007
25304,5006
25305,4995
25306,5007
25307,5006
25308,4993
25309,5007
25310,4996
25311,5011
25312,5010
25313,5007
25314,5001
25315,4979
25316,4995
25317,5001
25318,4997
25319,5010
25320,5005
25321,5010
25322,5019
25323,5019
25324,5020
25325,5022
25326,5019
25327,4996
25328,5020
25329,5019
25330,5022
25331,5019
25332,5020
25333,5007
25334,5020
25335,5019
25336,4997
25337,5023
25338,5022
25339,5024
25340,5018
25341,5007
25342,5022
25343,5024
25344,5023
25345,5022
25346,5024
25347,5018
25348,5028
25349,5033
25350,5031
25351,5019
25352,4993
25353,5016
25354,5022
25355,5020
25356,5024
25357,5011
25358,4992
25359,5011
25360,5021
25361,5011
25362,5011
25363,4992
25364,5013
25365,5014
25366,5019
25367,5029
25368,5019
25369,5014
25370,5013
25371,4982
25372,5011
25373,5011
25374,5021
25375,5011
25376,4992
25377,5011
25378,5024
25379,5020
25380,5022
25381,5016
25382,4993
25383,5019
25384,5031
25385,5033
25386,5028
25387,5018
25388,4996
25389,5026
25390,5026
25391,5029
25392,5027
25393,5030
25394,5036
25395,5036
25396,5037
25397,5018
25398,5032
25399,5037
25400,5036
25401,5035
25402,5037
25403,5036
25404,5032
25405,5037
25406,5040
25407,5039
25408,5048
25409,5034
25410,5034
25411,5051
25412,5037
25413,5042
25414,5048
25415,5012
25416,5027
25417,5034
25418,5044
25419,5048
25420,5027
25421,5042
25422,5039
25423,5037
25424,5051
25425,5039
25426,5048
25427,5039
25428,5042
25429,5027
25430,5045
25431,5027
25432,5044
25433,5048
25434,5027
25435,5034
25436,5039
25437,5026
25438,5047
25439,5000
25440,5035
25441,5047
25442,5000
25443,5026
25444,5035
25445,5000
25446,5047
25447,5038
25448,5041
25449,5044
25450,5044
25451,5000
25452,5035
25453,5047
25454,5022
25455,5040
25456,5035
25457,5000
25458,5037
25459,5041
25460,5040
25461,5044
25462,5053
25463,5039
25464,5054
25465,5052
25466,5051
25467,5053
25468,5051
25469,5061
25470,5061
25471,5061
25472,5051
25473,5060
25474,5061
25475,5061
25476,5051
25477,5051
25478,5051
25479,5059
25480,5042
25481,5048
25482,5050
25483,5048
25484,5042
25485,5046
25486,5048
25487,5040
25488,5047
25489,5050
25490,5048
25491,5063
25492,5051
25493,5061
25494,5055
25495,5062
25496,5062
25497,5059
25498,5062
25499,5060
25500,5062
25501,5062
25502,5066
25503,5059
25504,5053
25505,5067
25506,5071
25507,5064
25508,5066
25509,5062
25510,5062
25511,5059
25512,5060
25513,5062
25514,5062
25515,5053
25516,5062
25517,5060
25518,5062
25519,5052
25520,5059
25521,5051
25522,5057
25523,5060
25524,5062
25525,5059
25526,5057
25527,5051
25528,5059
25529,5066
25530,5064
25531,5050
25532,5070
25533,5055
25534,5070
25535,5061
25536,5064
25537,5066
25538,5064
25539,5050
25540,5047
25541,5065
25542,5055
25543,5070
25544,5047
25545,5065
25546,5055
25547,5053
25548,5047
25549,5055
25550,5065
25551,5070
25552,5055
25553,5065
25554,5047
25555,5053
25556,5055
25557,5065
25558,5042
25559,5053
25560,5055
25561,5070
25562,5047
25563,5065
25564,5055
25565,5060
25566,5052
25567,5057
25568,5061
25569,5063
25570,5056
25571,5060
25572,5072
25573,5063
25574,5063
25575,5066
25576,5031
25577,5060
25578,5061
25579,5059
25580,5061
25581,5056
25582,5045
25583,5052
25584,5054
25585,5046
25586,5054
25587,5045
25588,5031
25589,5054
25590,5045
25591,5043
25592,5040
25593,5037
25594,5037
25595,5037
25596,5037
25597,5037
25598,5037
25599,5037
25600,5031
25601,5037
25602,5037
25603,5037
25604,5032
25605,5027
25606,5037
25607,5032
25608,5037
25609,5037
25610,5040
25611,5043
25612,5048
25613,5040
25614,5042
25615,5028
25616,5036
25617,5028
25618,5042
25619,5043
25620,5023
25621,5036
25622,5042
25623,5035
25624,5035
25625,5048
25626,5043
25627,5030
25628,5048
25629,5043
25630,5045
25631,5048
25632,5031
25633,5043
25634,5045
25635,5035
25636,5048
25637,5043
25638,5048
25639,5045
25640,5043
25641,5048
25642,5036
25643,5042
25644,5041
25645,5040
25646,5024
25647,5039
25648,5023
25649,5043
25650,5037
25651,5037
25652,5044
25653,5049
25654,5046
25655,5039
25656,5046
25657,5055
25658,5058
25659,5058
25660,5055
25661,5058
25662,5049
25663,5055
25664,5055
25665,5060
25666,5058
25667,5051
25668,5055
25669,5055
25670,5060
25671,5058
25672,5055
25673,5062
25674,5070
25675,5066
25676,5062
25677,5041
25678,5057
25679,5041
25680,5064
25681,5057
25682,5041
25683,5064
25684,5041
25685,5057
25686,5062
25687,5070
25688,5070
25689,5050
25690,5070
25691,5070
25692,5061
25693,5070
25694,5050
25695,5070
25696,5069
25697,5060
25698,5074
25699,5070
25700,5071
25701,5062
25702,5066
25703,5073
25704,5075
25705,5075
25706,5090
25707,5085
25708,5084
25709,5082
25710,5071
25711,5075
25712,5082
25713,5089
25714,5096
25715,5096
25716,5077
25717,5094
25718,5095
25719,5100
25720,5091
25721,5094
25722,5079
25723,5088
25724,5094
25725,5088
25726,5079
25727,5094
25728,5094
25729,5099
25730,5091
25731,5095
25732,5103
25733,5098
25734,5107
25735,5104
25736,5081
25737,5091
25738,5087
25739,5097
25740,5087
25741,5091
25742,5076
25743,5097
25744,5091
25745,5104
25746,5087
25747,5096
25748,5065
25749,5097
25750,5096
25751,5097
25752,5096
25753,5076
25754,5087
25755,5096
25756,5097
25757,5096
25758,5076
25759,5105
25760,5097
25761,5111
25762,5099
25763,5110
25764,5110
25765,5054
25766,5095
25767,5103
25768,5108
25769,5095
25770,5103
25771,5095
25772,5103
25773,5108
25774,5101
25775,5109
25776,5105
25777,5113
25778,5113
25779,5112
25780,5093
25781,5107
25782,5104
25783,5102
25784,5099
25785,5108
25786,5107
25787,5102
25788,5104
25789,5109
25790,5102
25791,5104
25792,5107
25793,5108
25794,5099
25795,5102
25796,5104
25797,5107
25798,5093
25799,5107
25800,5113
25801,5108
25802,5107
25803,5106
25804,5103
25805,5109
25806,5103
25807,5109
25808,5088
25809,5103
25810,5109
25811,5103
25812,5103
25813,5109
25814,5103
25815,5109
25816,5103
25817,5088
25818,5109
25819,5103
25820,5103
25821,5109
25822,5109
25823,5113
25824,5103
25825,5103
25826,5109
25827,5112
25828,5109
25829,5112
25830,5115
25831,5118
25832,5112
25833,5112
25834,5106
25835,5118
25836,5112
25837,5112
25838,5110
25839,5112
25840,5118
25841,5113
25842,5103
25843,5113
25844,5088
25845,5112
25846,5108
25847,5118
25848,5117
25849,5110
25850,5112
25851,5119
25852,5126
25853,5121
25854,5120
25855,5110
25856,5084
25857,5118
25858,5106
25859,5103
25860,5084
25861,5110
25862,5084
25863,5118
25864,5084
25865,5106
25866,5118
25867,5084
25868,5120
25869,5114
25870,5106
25871,5084
25872,5120
25873,5121
25874,5126
25875,5108
25876,5115
25877,5120
25878,5115
25879,5127
25880,5130
25881,5130
25882,5120
25883,5126
25884,5127
25885,5130
25886,5130
25887,5126
25888,5130
25889,5119
25890,5127
25891,5120
25892,5130
25893,5126
25894,5126
25895,5130
25896,5127
25897,5111
25898,5115
25899,5111
25900,5111
25901,5129
25902,5106
25903,5133
25904,5129
25905,5130
25906,5133
25907,5121
25908,5084
25909,5084
25910,5109
25911,5121
25912,5084
25913,5084
25914,5122
25915,5124
25916,5127
25917,5115
25918,5124
25919,5120
25920,5139
25921,5138
25922,5134
25923,5142
25924,5132
25925,5134
25926,5142
25927,5134
25928,5138
25929,5134
25930,5142
25931,5145
25932,5134
25933,5138
25934,5147
25935,5129
25936,5145
25937,5138
25938,5134
25939,5138
25940,5147
25941,5082
25942,5138
25943,5134
25944,5147
25945,5141
25946,5138
25947,5138
25948,5134
25949,5147
25950,5138
25951,5150
25952,5139
25953,5155
25954,5082
25955,5156
25956,5144
25957,5129
25958,5156
25959,5148
25960,5153
25961,5156
25962,5156
25963,5153
25964,5146
25965,5148
25966,5156
25967,5153
25968,5144
25969,5160
25970,5157
25971,5146
25972,5151
25973,5146
25974,5139
25975,5146
25976,5146
25977,5153
25978,5156
25979,5151
25980,5153
25981,5156
25982,5147
25983,5148
25984,5156
25985,5156
25986,5159
25987,5160
25988,5164
25989,5082
25990,5164
25991,5164
25992,5161
25993,5160
25994,5164
25995,5164
25996,5164
25997,5160
25998,5164
25999,5160
26000,5164
26001,5082
26002,5164
26003,5165
26004,5158
26005,5158
26006,5163
26007,5171
26008,5177
26009,5179
26010,5175
26011,5165
26012,5171
26013,5136
26014,5174
26015,5174
26016,5175
26017,5174
26018,5174
26019,5082
26020,5175
26021,5179
26022,5172
26023,5177
26024,5175
26025,5160
26026,5177
26027,5175
26028,5179
26029,5176
26030,5141
26031,5153
26032,5153
26033,5166
26034,5166
26035,5142
26036,5168
26037,5171
26038,5157
26039,5157
26040,5173
26041,5168
26042,5157
26043,5153
26044,5153
26045,5141
26046,5166
26047,5153
26048,5171
26049,5153
26050,5173
26051,5163
26052,5168
26053,5171
26054,5169
26055,5175
26056,5180
26057,5173
26058,5188
26059,5189
26060,5189
26061,5180
26062,5189
26063,5188
26064,5173
26065,5180
26066,5179
26067,5178
26068,5169
26069,5171
26070,5168
26071,5179
26072,5178
26073,5169
26074,5179
26075,5177
26076,5157
26077,5168
26078,5157
26079,5157
26080,5168
26081,5171
26082,5157
26083,5168
26084,5157
26085,5157
26086,5168
26087,5174
26088,5174
26089,5178
26090,5168
26091,5174
26092,5178
26093,5152
26094,5174
26095,5178
26096,5174
26097,5178
26098,5174
26099,5178
26100,5174
26101,5178
26102,5178
26103,5174
26104,5178
26105,5174
26106,5178
26107,5168
26108,5174
26109,5157
26110,5162
26111,5157
26112,5171
26113,5163
26114,5152
26115,5157
26116,5174
26117,5163
26118,5171
26119,5157
26120,5157
26121,5153
26122,5157
26123,5173
26124,5168
26125,5157
26126,5157
26127,5168
26128,5171
26129,5157
26130,5175
26131,5178
26132,5174
26133,5173
26134,5160
26135,5159
26136,5155
26137,5151
26138,5157
26139,5177
26140,5157
26141,5169
26142,5168
26143,5160
26144,5174
26145,5160
26146,5160
26147,5151
26148,5171
26149,5160
26150,5160
26151,5174
26152,5160
26153,5167
26154,5159
26155,5155
26156,5148
26157,5173
26158,5169
26159,5178
26160,5174
26161,5150
26162,5159
26163,5165
26164,5160
26165,5150
26166,5159
26167,5174
26168,5178
26169,5174
26170,5173
26171,5155
26172,5160
26173,5149
26174,5165
26175,5155
26176,5159
26177,5160
26178,5155
26179,5165
26180,5159
26181,5175
26182,5160
26183,5150
26184,5159
26185,5162
26186,5169
26187,5162
26188,5162
26189,5172
26190,5167
26191,5169
26192,5162
26193,5177
26194,5162
26195,5162
26196,5155
26197,5159
26198,5174
26199,5157
26200,5169
26201,5157
26202,5157
26203,5177
26204,5174
26205,5162
26206,5169
26207,5181
26208,5177
26209,5174
26210,5184
26211,5174
26212,5184
26213,5170
26214,5174
26215,5183
26216,5184
26217,5169
26218,5167
26219,5174
26220,5184
26221,5174
26222,5175
26223,5174
26224,5184
26225,5174
26226,5183
26227,5184
26228,5174
26229,5177
26230,5181
26231,5169
26232,5168
26233,5160
26234,5174
26235,5160
26236,5151
26237,5160
26238,5160
26239,5171
26240,5160
26241,5174
26242,5160
26243,5154
26244,5159
26245,5155
26246,5150
26247,5163
26248,5168
26249,5171
26250,5157
26251,5168
26252,5157
26253,5157
26254,5163
26255,5159
26256,5150
26257,5165
26258,5160
26259,5159
26260,5150
26261,5160
26262,5159
26263,5165
26264,5150
26265,5163
26266,5153
26267,5157
26268,5152
26269,5163
26270,5157
26271,5171
26272,5163
26273,5160
26274,5159
26275,5150
26276,5162
26277,5162
26278,5172
26279,5169
26280,5162
26281,5154
26282,5162
26283,5169
26284,5177
26285,5162
26286,5151
26287,5155
26288,5159
26289,5174
26290,5157
26291,5174
26292,5162
26293,5169
26294,5177
26295,5162
26296,5162
26297,5169
26298,5162
26299,5177
26300,5162
26301,5175
26302,5160
26303,5171
26304,5159
26305,5160
26306,5151
26307,5160
26308,5175
26309,5162
26310,5169
26311,5162
26312,5172
26313,5162
26314,5169
26315,5162
26316,5162
26317,5172
26318,5174
26319,5162
26320,5169
26321,5162
26322,5169
26323,5156
26324,5167
26325,5161
26326,5172
26327,5161
26328,5161
26329,5168
26330,5160
26331,5161
26332,5163
26333,5130
26334,5162
26335,5147
26336,5163
26337,5130
26338,5171
26339,5162
26340,5126
26341,5163
26342,5126
26343,5162
26344,5157
26345,5166
26346,5149
26347,5169
26348,5152
26349,5154
26350,5156
26351,5169
26352,5175
26353,5148
26354,5180
26355,5179
26356,5172
26357,5180
26358,5180
26359,5179
26360,5178
26361,5181
26362,5180
26363,5181
26364,5174
26365,5180
26366,5181
26367,5178
26368,5181
26369,5180
26370,5181
26371,5180
26372,5175
26373,5178
26374,5184
26375,5178
26376,5178
26377,5184
26378,5193
26379,5186
26380,5201
26381,5187
26382,5196
26383,5193
26384,5190
26385,5187
26386,5196
26387,5193
26388,5187
26389,5199
26390,5208
26391,5205
26392,5206
26393,5198
26394,5210
26395,5214
26396,5206
26397,5201
26398,5214
26399,5206
26400,5214
26401,5210
26402,5190
26403,5206
26404,5199
26405,5213
26406,5209
26407,5210
26408,5198
26409,5213
26410,5205
26411,5205
26412,5211
26413,5216
26414,5216
26415,5196
26416,5211
26417,5220
26418,5216
26419,5198
26420,5220
26421,5220
26422,5204
26423,5202
26424,5220
26425,5215
26426,5202
26427,5220
26428,5220
26429,5215
26430,5217
26431,5213
26432,5210
26433,5208
26434,5207
26435,5220
26436,5215
26437,5223
26438,5220
26439,5231
26440,5224
26441,5225
26442,5224
26443,5220
26444,5224
26445,5225
26446,5232
26447,5220
26448,5225
26449,5240
26450,5226
26451,5240
26452,5235
26453,5240
26454,5233
26455,5243
26456,5243
26457,5241
26458,5237
26459,5243
26460,5243
26461,5243
26462,5225
26463,5243
26464,5237
26465,5239
26466,5244
26467,5235
26468,5233
26469,5239
26470,5240
26471,5235
26472,5244
26473,5240
26474,5244
26475,5244
26476,5225
26477,5247
26478,5252
26479,5244
26480,5247
26481,5252
26482,5247
26483,5229
26484,5252
26485,5225
26486,5244
26487,5249
26488,5244
26489,5244
26490,5249
26491,5244
26492,5255
26493,5255
26494,5249
26495,5226
26496,5251
26497,5259
26498,5252
26499,5261
26500,5262
26501,5263
26502,5269
26503,5267
26504,5260
26505,5262
26506,5269
26507,5267
26508,5273
26509,5261
26510,5264
26511,5273
26512,5270
26513,5270
26514,5250
26515,5265
26516,5270
26517,5250
26518,5265
26519,5270
26520,5250
26521,5253
26522,5256
26523,5273
26524,5267
26525,5269
26526,5265
26527,5267
26528,5269
26529,5255
26530,5267
26531,5250
26532,5269
26533,5268
26534,5261
26535,5267
26536,5269
26537,5260
26538,5267
26539,5269
26540,5250
26541,5261
26542,5269
26543,5267
26544,5261
26545,5267
26546,5269
26547,5272
26548,5250
26549,5261
26550,5270
26551,5270
26552,5259
26553,5273
26554,5261
26555,5277
26556,5275
26557,5281
26558,5271
26559,5285
26560,5270
26561,5259
26562,5270
26563,5278
26564,5270
26565,5259
26566,5285
26567,5281
26568,5275
26569,5261
26570,5281
26571,5275
26572,5270
26573,5271
26574,5250
26575,5275
26576,5251
26577,5265
26578,5275
26579,5250
26580,5271
26581,5270
26582,5281
26583,5275
26584,5277
26585,5264
26586,5273
26587,5259
26588,5264
26589,5273
26590,5266
26591,5262
26592,5259
26593,5273
26594,5255
26595,5265
26596,5259
26597,5273
26598,5277
26599,5281
26600,5283
26601,5283
26602,5276
26603,5287
26604,5283
26605,5266
26606,5283
26607,5287
26608,5277
26609,5279
26610,5287
26611,5276
26612,5279
26613,5260
26614,5279
26615,5287
26616,5276
26617,5279
26618,5289
26619,5289
26620,5288
26621,5289
26622,5283
26623,5287
26624,5282
26625,5283
26626,5276
26627,5287
26628,5283
26629,5282
26630,5283
26631,5276
26632,5287
26633,5282
26634,5283
26635,5283
26636,5287
26637,5280
26638,5288
26639,5276
26640,5284
26641,5288
26642,5274
26643,5275
26644,5289
26645,5275
26646,5294
26647,5289
26648,5292
26649,5294
26650,5293
26651,5294
26652,5275
26653,5294
26654,5283
26655,5292
26656,5289
26657,5279
26658,5273
26659,5291
26660,5284
26661,5290
26662,5275
26663,5298
26664,5293
26665,5299
26666,5294
26667,5299
26668,5289
26669,5301
26670,5294
26671,5288
26672,5297
26673,5299
26674,5284
26675,5301
26676,5298
26677,5298
26678,5297
26679,5298
26680,5292
26681,5290
26682,5298
26683,5297
26684,5298
26685,5298
26686,5285
26687,5292
26688,5276
26689,5292
26690,5282
26691,5293
26692,5286
26693,5284
26694,5297
26695,5295
26696,5295
26697,5295
26698,5276
26699,5297
26700,5295
26701,5295
26702,5295
26703,5298
26704,5282
26705,5301
26706,5294
26707,5300
26708,5293
26709,5301
26710,5300
26711,5301
26712,5288
26713,5294
26714,5293
26715,5289
26716,5301
26717,5301
26718,5293
26719,5294
26720,5300
26721,5301
26722,5288
26723,5300
26724,5301
26725,5298
26726,5295
26727,5295
26728,5295
26729,5288
26730,5295
26731,5297
26732,5295
26733,5288
26734,5285
26735,5294
26736,5292
26737,5284
26738,5294
26739,5285
26740,5276
26741,5292
26742,5289
26743,5289
26744,5291
26745,5297
26746,5291
26747,5276
26748,5291
26749,5302
26750,5301
26751,5303
26752,5285
26753,5295
26754,5295
26755,5298
26756,5299
26757,5298
26758,5299
26759,5298
26760,5298
26761,5299
26762,5298
26763,5299
26764,5298
26765,5258
26766,5299
26767,5298
26768,5298
26769,5299
26770,5298
26771,5299
26772,5295
26773,5295
26774,5295
26775,5280
26776,5285
26777,5301
26778,5303
26779,5301
26780,5303
26781,5300
26782,5303
26783,5301
26784,5303
26785,5303
26786,5297
26787,5290
26788,5276
26789,5298
26790,5303
26791,5298
26792,5299
26793,5298
26794,5299
26795,5258
26796,5298
26797,5299
26798,5275
26799,5303
26800,5298
26801,5297
26802,5298
26803,5299
26804,5303
26805,5292
26806,5301
26807,5311
26808,5300
26809,5300
26810,5304
26811,5311
26812,5310
26813,5306
26814,5295
26815,5306
26816,5305
26817,5306
26818,5305
26819,5310
26820,5311
26821,5312
26822,5311
26823,5307
26824,5302
26825,5315
26826,5317
26827,5319
26828,5322
26829,5321
26830,5313
26831,5316
26832,5319
26833,5322
26834,5300
26835,5313
26836,5319
26837,5305
26838,5313
26839,5325
26840,5318
26841,5325
26842,5330
26843,5319
26844,5321
26845,5330
26846,5324
26847,5334
26848,5319
26849,5330
26850,5323
26851,5325
26852,5330
26853,5324
26854,5336
26855,5335
26856,5318
26857,5322
26858,5336
26859,5335
26860,5316
26861,5308
26862,5318
26863,5335
26864,5336
26865,5319
26866,5329
26867,5322
26868,5313
26869,5321
26870,5308
26871,5321
26872,5322
26873,5318
26874,5321
26875,5327
26876,5321
26877,5322
26878,5318
26879,5321
26880,5321
26881,5335
26882,5322
26883,5336
26884,5336
26885,5327
26886,5337
26887,5334
26888,5337
26889,5327
26890,5337
26891,5334
26892,5327
26893,5337
26894,5334
26895,5335
26896,5325
26897,5324
26898,5335
26899,5325
26900,5329
26901,5338
26902,5343
26903,5344
26904,5336
26905,5339
26906,5346
26907,5327
26908,5336
26909,5344
26910,5344
26911,5336
26912,5331
26913,5338
26914,5314
26915,5343
26916,5346
26917,5340
26918,5344
26919,5309
26920,5339
26921,5340
26922,5346
26923,5340
26924,5344
26925,5339
26926,5346
26927,5349
26928,5349
26929,5332
26930,5358
26931,5348
26932,5351
26933,5351
26934,5354
26935,5349
26936,5366
26937,5366
26938,5366
26939,5368
26940,5366
26941,5357
26942,5371
26943,5368
26944,5370
26945,5375
26946,5370
26947,5347
26948,5360
26949,5369
26950,5375
26951,5371
26952,5373
26953,5373
26954,5373
26955,5370
26956,5373
26957,5373
26958,5373
26959,5373
26960,5379
26961,5372
26962,5384
26963,5379
26964,5385
26965,5380
26966,5383
26967,5376
26968,5383
26969,5376
26970,5383
26971,5385
26972,5386
26973,5387
26974,5396
26975,5394
26976,5402
26977,5396
26978,5400
26979,5376
26980,5404
26981,5406
26982,5412
26983,5408
26984,5410
26985,5402
26986,5384
26987,5402
26988,5410
26989,5406
26990,5396
26991,5413
26992,5396
26993,5408
26994,5413
26995,5406
26996,5413
26997,5402
26998,5396
26999,5405
27000,5411
27001,5405
27002,5385
27003,5399
27004,5402
27005,5384
27006,5405
27007,5402
27008,5384
27009,5402
27010,5394
27011,5405
27012,5391
27013,5381
27014,5373
27015,5376
27016,5398
27017,5407
27018,5403
27019,5375
27020,5382
27021,5408
27022,5396
27023,5403
27024,5413
27025,5413
27026,5407
27027,5400
27028,5405
27029,5405
27030,5403
27031,5392
27032,5391
27033,5389
27034,5401
27035,5391
27036,5408
27037,5386
27038,5384
27039,5401
27040,5399
27041,5386
27042,5396
27043,5382
27044,5397
27045,5387
27046,5382
27047,5399
27048,5373
27049,5386
27050,5373
27051,5396
27052,5411
27053,5405
27054,5411
27055,5405
27056,5401
27057,5405
27058,5411
27059,5404
27060,5405
27061,5411
27062,5405
27063,5411
27064,5393
27065,5405
27066,5411
27067,5405
27068,5409
27069,5411
27070,5405
27071,5409
27072,5420
27073,5416
27074,5405
27075,5409
27076,5397
27077,5420
27078,5393
27079,5415
27080,5412
27081,5419
27082,5419
27083,5420
27084,5405
27085,5420
27086,5419
27087,5420
27088,5421
27089,5420
27090,5419
27091,5420
27092,5419
27093,5409
27094,5412
27095,5415
27096,5411
27097,5419
27098,5421
27099,5420
27100,5419
27101,5426
27102,5426
27103,5421
27104,5430
27105,5430
27106,5432
27107,5439
27108,5438
27109,5428
27110,5438
27111,5444
27112,5436
27113,5449
27114,5455
27115,5433
27116,5450
27117,5455
27118,5424
27119,5455
27120,5450
27121,5431
27122,5455
27123,5449
27124,5436
27125,5444
27126,5442
27127,5428
27128,5442
27129,5428
27130,5437
27131,5435
27132,5440
27133,5423
27134,5439
27135,5440
27136,5435
27137,5437
27138,5439
27139,5433
27140,5450
27141,5424
27142,5442
27143,5446
27144,5450
27145,5443
27146,5450
27147,5441
27148,5460
27149,5456
27150,5444
27151,5460
27152,5447
27153,5444
27154,5454
27155,5454
27156,5457
27157,5454
27158,5450
27159,5434
27160,5441
27161,5452
27162,5438
27163,5434
27164,5450
27165,5454
27166,5457
27167,5443
27168,5462
27169,5466
27170,5459
27171,5461
27172,5466
27173,5463
27174,5457
27175,5444
27176,5466
27177,5461
27178,5459
27179,5466
27180,5462
27181,5454
27182,5457
27183,5454
27184,5438
27185,5465
27186,5456
27187,5441
27188,5456
27189,5456
27190,5462
27191,5465
27192,5456
27193,5463
27194,5444
27195,5463
27196,5464
27197,5474
27198,5471
27199,5471
27200,5465
27201,5467
27202,5475
27203,5471
27204,5475
27205,5467
27206,5477
27207,5451
27208,5474
27209,5480
27210,5462
27211,5480
27212,5460
27213,5480
27214,5480
27215,5480
27216,5473
27217,5481
27218,5484
27219,5486
27220,5467
27221,5477
27222,5481
27223,5486
27224,5484
27225,5467
27226,5472
27227,5481
27228,5486
27229,5484
27230,5480
27231,5482
27232,5489
27233,5482
27234,5494
27235,5496
27236,5490
27237,5498
27238,5489
27239,5496
27240,5498
27241,5486
27242,5476
27243,5469
27244,5487
27245,5476
27246,5469
27247,5494
27248,5495
27249,5492
27250,5495
27251,5489
27252,5495
27253,5472
27254,5497
27255,5484
27256,5494
27257,5497
27258,5469
27259,5496
27260,5497
27261,5494
27262,5492
27263,5489
27264,5497
27265,5497
27266,5496
27267,5489
27268,5482
27269,5472
27270,5490
27271,5483
27272,5452
27273,5494
27274,5462
27275,5483
27276,5490
27277,5462
27278,5491
27279,5477
27280,5488
27281,5488
27282,5476
27283,5504
27284,5499
27285,5510
27286,5511
27287,5515
27288,5515
27289,5505
27290,5515
27291,5505
27292,5518
27293,5522
27294,5504
27295,5517
27296,5521
27297,5526
27298,5523
27299,5528
27300,5529
27301,5531
27302,5532
27303,5522
27304,5519
27305,5496
27306,5519
27307,5533
27308,5528
27309,5519
27310,5533
27311,5529
27312,5524
27313,5533
27314,5528
27315,5528
27316,5521
27317,5528
27318,5528
27319,5533
27320,5524
27321,5528
27322,5533
27323,5524
27324,5533
27325,5515
27326,5524
27327,5529
27328,5528
27329,5533
27330,5519
27331,5533
27332,5519
27333,5528
27334,5533
27335,5519
27336,5528
27337,5528
27338,5523
27339,5521
27340,5494
27341,5528
27342,5514
27343,5528
27344,5495
27345,5526
27346,5528
27347,5520
27348,5517
27349,5522
27350,5509
27351,5522
27352,5511
27353,5517
27354,5515
27355,5522
27356,5508
27357,5509
27358,5522
27359,5507
27360,5515
27361,5501
27362,5515
27363,5505
27364,5515
27365,5515
27366,5501
27367,5508
27368,5515
27369,5505
27370,5490
27371,5515
27372,5517
27373,5512
27374,5522
27375,5504
27376,5511
27377,5512
27378,5504
27379,5522
27380,5516
27381,5515
27382,5528
27383,5533
27384,5490
27385,5528
27386,5531
27387,5528
27388,5528
27389,5529
27390,5537
27391,5537
27392,5535
27393,5528
27394,5511
27395,5511
27396,5525
27397,5500
27398,5511
27399,5525
27400,5528
27401,5511
27402,5518
27403,5528
27404,5524
27405,5528
27406,5528
27407,5536
27408,5532
27409,5541
27410,5533
27411,5528
27412,5534
27413,5528
27414,5532
27415,5528
27416,5534
27417,5538
27418,5532
27419,5538
27420,5534
27421,5528
27422,5538
27423,5534
27424,5537
27425,5540
27426,5548
27427,5547
27428,5558
27429,5553
27430,5558
27431,5553
27432,5553
27433,5544
27434,5554
27435,5553
27436,5556
27437,5559
27438,5540
27439,5551
27440,5559
27441,5549
27442,5556
27443,5559
27444,5540
27445,5559
27446,5559
27447,5535
27448,5553
27449,5566
27450,5565
27451,5556
27452,5551
27453,5563
27454,5565
27455,5556
27456,5567
27457,5565
27458,5565
27459,5574
27460,5572
27461,5567
27462,5572
27463,5574
27464,5571
27465,5556
27466,5576
27467,5571
27468,5574
27469,5571
27470,5576
27471,5556
27472,5574
27473,5576
27474,5571
27475,5571
27476,5574
27477,5563
27478,5562
27479,5571
27480,5574
27481,5576
27482,5575
27483,5579
27484,5580
27485,5573
27486,5573
27487,5582
27488,5573
27489,5577
27490,5576
27491,5581
27492,5583
27493,5588
27494,5591
27495,5574
27496,5586
27497,5591
27498,5591
27499,5586
27500,5564
27501,5591
27502,5591
27503,5591
27504,5582
27505,5591
27506,5591
27507,5591
27508,5588
27509,5588
27510,5586
27511,5588
27512,5574
27513,5574
27514,5580
27515,5588
27516,5585
27517,5588
27518,5579
27519,5586
27520,5588
27521,5579
27522,5597
27523,5598
27524,5592
27525,5597
27526,5586
27527,5601
27528,5603
27529,5606
27530,5601
27531,5597
27532,5592
27533,5595
27534,5585
27535,5589
27536,5585
27537,5591
27538,5589
27539,5585
27540,5585
27541,5589
27542,5574
27543,5585
27544,5597
27545,5589
27546,5598
27547,5591
27548,5585
27549,5585
27550,5585
27551,5585
27552,5597
27553,5579
27554,5596
27555,5591
27556,5544
27557,5582
27558,5576
27559,5587
27560,5599
27561,5565
27562,5587
27563,5589
27564,5596
27565,5592
27566,5599
27567,5594
27568,5590
27569,5590
27570,5585
27571,5590
27572,5590
27573,5585
27574,5579
27575,5582
27576,5580
27577,5595
27578,5595
27579,5580
27580,5603
27581,5591
27582,5580
27583,5595
27584,5595
27585,5580
27586,5595
27587,5580
27588,5595
27589,5591
27590,5603
27591,5595
27592,5580
27593,5595
27594,5580
27595,5586
27596,5603
27597,5595
27598,5586
27599,5580
27600,5595
27601,5595
27602,5580
27603,5586
27604,5595
27605,5580
27606,5595
27607,5597
27608,5592
27609,5584
27610,5582
27611,5604
27612,5605
27613,5604
27614,5597
27615,5581
27616,5586
27617,5606
27618,5614
27619,5610
27620,5611
27621,5610
27622,5595
27623,5608
27624,5606
27625,5598
27626,5589
27627,5606
27628,5598
27629,5606
27630,5606
27631,5588
27632,5606
27633,5601
27634,5606
27635,5598
27636,5606
27637,5606
27638,5598
27639,5606
27640,5606
27641,5598
27642,5606
27643,5586
27644,5606
27645,5617
27646,5609
27647,5617
27648,5609
27649,5609
27650,5606
27651,5612
27652,5609
27653,5606
27654,5617
27655,5606
27656,5593
27657,5606
27658,5583
27659,5606
27660,5609
27661,5598
27662,5582
27663,5606
27664,5609
27665,5606
27666,5583
27667,5598
27668,5606
27669,5606
27670,5617
27671,5595
27672,5609
27673,5617
27674,5593
27675,5606
27676,5593
27677,5593
27678,5616
27679,5606
27680,5593
27681,5593
27682,5606
27683,5626
27684,5624
27685,5625
27686,5607
27687,5626
27688,5607
27689,5624
27690,5593
27691,5630
27692,5627
27693,5623
27694,5602
27695,5630
27696,5627
27697,5628
27698,5627
27699,5619
27700,5602
27701,5630
27702,5628
27703,5627
27704,5630
27705,5602
27706,5625
27707,5606
27708,5593
27709,5627
27710,5630
27711,5628
27712,5627
27713,5630
27714,5627
27715,5623
27716,5602
27717,5630
27718,5627
27719,5634
27720,5639
27721,5632
27722,5635
27723,5632
27724,5634
27725,5632
27726,5625
27727,5640
27728,5647
27729,5629
27730,5654
27731,5636
27732,5637
27733,5636
27734,5646
27735,5637
27736,5631
27737,5646
27738,5637
27739,5636
27740,5624
27741,5654
27742,5653
27743,5629
27744,5637
27745,5654
27746,5656
27747,5641
27748,5636
27749,5651
27750,5656
27751,5629
27752,5654
27753,5648
27754,5656
27755,5655
27756,5651
27757,5646
27758,5655
27759,5651
27760,5643
27761,5655
27762,5658
27763,5660
27764,5654
27765,5671
27766,5660
27767,5669
27768,5651
27769,5660
27770,5651
27771,5651
27772,5634
27773,5658
27774,5619
27775,5651
27776,5641
27777,5666
27778,5651
27779,5624
27780,5651
27781,5651
27782,5651
27783,5658
27784,5651
27785,5668
27786,5657
27787,5670
27788,5666
27789,5646
27790,5665
27791,5635
27792,5660
27793,5660
27794,5645
27795,5656
27796,5667
27797,5675
27798,5676
27799,5677
27800,5681
27801,5678
27802,5690
27803,5690
27804,5685
27805,5694
27806,5675
27807,5698
27808,5693
27809,5678
27810,5681
27811,5690
27812,5696
27813,5695
27814,5695
27815,5677
27816,5693
27817,5696
27818,5682
27819,5695
27820,5695
27821,5693
27822,5696
27823,5695
27824,5646
27825,5695
27826,5693
27827,5696
27828,5695
27829,5695
27830,5691
27831,5695
27832,5693
27833,5696
27834,5695
27835,5695
27836,5699
27837,5693
27838,5664
27839,5688
27840,5685
27841,5664
27842,5682
27843,5699
27844,5679
27845,5695
27846,5690
27847,5694
27848,5705
27849,5692
27850,5704
27851,5704
27852,5687
27853,5698
27854,5687
27855,5678
27856,5698
27857,5687
27858,5693
27859,5687
27860,5698
27861,5687
27862,5702
27863,5682
27864,5698
27865,5693
27866,5694
27867,5694
27868,5691
27869,5688
27870,5690
27871,5698
27872,5687
27873,5678
27874,5687
27875,5684
27876,5687
27877,5704
27878,5699
27879,5694
27880,5700
27881,5714
27882,5697
27883,5670
27884,5705
27885,5678
27886,5705
27887,5653
27888,5690
27889,5705
27890,5690
27891,5653
27892,5700
27893,5688
27894,5700
27895,5700
27896,5688
27897,5694
27898,5700
27899,5702
27900,5700
27901,5688
27902,5700
27903,5685
27904,5700
27905,5688
27906,5700
27907,5700
27908,5694
27909,5678
27910,5700
27911,5700
27912,5688
27913,5700
27914,5694
27915,5702
27916,5711
27917,5707
27918,5705
27919,5711
27920,5702
27921,5703
27922,5711
27923,5702
27924,5702
27925,5705
27926,5711
27927,5702
27928,5702
27929,5706
27930,5709
27931,5696
27932,5706
27933,5690
27934,5706
27935,5696
27936,5706
27937,5696
27938,5706
27939,5697
27940,5690
27941,5706
27942,5703
27943,5712
27944,5700
27945,5712
27946,5708
27947,5700
27948,5712
27949,5700
27950,5693
27951,5712
27952,5708
27953,5705
27954,5693
27955,5702
27956,5705
27957,5712
27958,5705
27959,5708
27960,5712
27961,5705
27962,5715
27963,5715
27964,5700
27965,5720
27966,5722
27967,5720
27968,5717
27969,5724
27970,5722
27971,5730
27972,5722
27973,5709
27974,5724
27975,5722
27976,5730
27977,5722
27978,5720
27979,5727
27980,5724
27981,5709
27982,5727
27983,5730
27984,5729
27985,5720
27986,5727
27987,5730
27988,5727
27989,5720
27990,5727
27991,5709
27992,5730
27993,5727
27994,5720
27995,5720
27996,5727
27997,5732
27998,5738
27999,5724
28000,5741
28001,5736
28002,5743
28003,5741
28004,5720
28005,5742
28006,5739
28007,5720
28008,5743
28009,5737
28010,5733
28011,5737
28012,5743
28013,5736
28014,5737
28015,5743
28016,5737
28017,5743
28018,5736
28019,5736
28020,5741
28021,5749
28022,5743
28023,5756
28024,5747
28025,5760
28026,5756
28027,5747
28028,5743
28029,5756
28030,5743
28031,5760
28032,5743
28033,5756
28034,5743
28035,5757
28036,5760
28037,5747
28038,5756
28039,5747
28040,5760
28041,5754
28042,5749
28043,5750
28044,5766
28045,5749
28046,5749
28047,5755
28048,5750
28049,5754
28050,5743
28051,5766
28052,5750
28053,5754
28054,5754
28055,5756
28056,5750
28057,5747
28058,5754
28059,5766
28060,5754
28061,5754
28062,5750
28063,5755
28064,5743
28065,5749
28066,5766
28067,5765
28068,5768
28069,5763
28070,5769
28071,5768
28072,5763
28073,5773
28074,5779
28075,5780
28076,5780
28077,5765
28078,5772
28079,5779
28080,5780
28081,5772
28082,5765
28083,5768
28084,5783
28085,5768
28086,5743
28087,5776
28088,5768
28089,5783
28090,5781
28091,5768
28092,5776
28093,5783
28094,5775
28095,5790
28096,5792
28097,5771
28098,5778
28099,5790
28100,5784
28101,5792
28102,5743
28103,5789
28104,5771
28105,5786
28106,5790
28107,5793
28108,5781
28109,5798
28110,5793
28111,5786
28112,5789
28113,5783
28114,5781
28115,5789
28116,5777
28117,5789
28118,5781
28119,5789
28120,5792
28121,5789
28122,5783
28123,5776
28124,5789
28125,5789
28126,5789
28127,5780
28128,5791
28129,5780
28130,5791
28131,5785
28132,5790
28133,5783
28134,5785
28135,5791
28136,5790
28137,5780
28138,5783
28139,5780
28140,5791
28141,5768
28142,5780
28143,5780
28144,5791
28145,5785
28146,5791
28147,5786
28148,5750
28149,5780
28150,5781
28151,5786
28152,5790
28153,5798
28154,5797
28155,5774
28156,5788
28157,5797
28158,5798
28159,5797
28160,5774
28161,5797
28162,5782
28163,5797
28164,5785
28165,5799
28166,5788
28167,5799
28168,5801
28169,5799
28170,5788
28171,5789
28172,5799
28173,5801
28174,5799
28175,5788
28176,5807
28177,5803
28178,5799
28179,5808
28180,5798
28181,5808
28182,5803
28183,5793
28184,5804
28185,5814
28186,5817
28187,5818
28188,5816
28189,5817
28190,5804
28191,5809
28192,5808
28193,5809
28194,5801
28195,5808
28196,5802
28197,5808
28198,5765
28199,5809
28200,5808
28201,5798
28202,5804
28203,5805
28204,5815
28205,5802
28206,5821
28207,5810
28208,5821
28209,5825
28210,5811
28211,5818
28212,5823
28213,5811
28214,5823
28215,5798
28216,5821
28217,5824
28218,5823
28219,5823
28220,5824
28221,5817
28222,5823
28223,5824
28224,5823
28225,5824
28226,5823
28227,5808
28228,5821
28229,5827
28230,5811
28231,5826
28232,5827
28233,5808
28234,5817
28235,5824
28236,5828
28237,5821
28238,5829
28239,5831
28240,5821
28241,5834
28242,5837
28243,5840
28244,5825
28245,5830
28246,5840
28247,5837
28248,5830
28249,5840
28250,5807
28251,5822
28252,5834
28253,5825
28254,5826
28255,5822
28256,5817
28257,5829
28258,5817
28259,5801
28260,5817
28261,5829
28262,5832
28263,5817
28264,5835
28265,5827
28266,5837
28267,5836
28268,5839
28269,5836
28270,5821
28271,5832
28272,5834
28273,5836
28274,5837
28275,5836
28276,5834
28277,5827
28278,5837
28279,5836
28280,5810
28281,5831
28282,5829
28283,5821
28284,5821
28285,5823
28286,5823
28287,5823
28288,5817
28289,5823
28290,5823
28291,5822
28292,5812
28293,5797
28294,5823
28295,5817
28296,5823
28297,5823
28298,5823
28299,5825
28300,5819
28301,5822
28302,5797
28303,5819
28304,5819
28305,5814
28306,5819
28307,5822
28308,5819
28309,5814
28310,5819
28311,5822
28312,5819
28313,5819
28314,5819
28315,5822
28316,5819
28317,5822
28318,5823
28319,5810
28320,5834
28321,5829
28322,5832
28323,5834
28324,5822
28325,5834
28326,5829
28327,5828
28328,5819
28329,5831
28330,5832
28331,5821
28332,5829
28333,5821
28334,5807
28335,5823
28336,5821
28337,5829
28338,5832
28339,5831
28340,5838
28341,5843
28342,5822
28343,5840
28344,5823
28345,5843
28346,5822
28347,5843
28348,5840
28349,5843
28350,5822
28351,5843
28352,5823
28353,5844
28354,5843
28355,5822
28356,5835
28357,5833
28358,5838
28359,5843
28360,5838
28361,5833
28362,5835
28363,5828
28364,5822
28365,5843
28366,5844
28367,5843
28368,5822
28369,5843
28370,5844
28371,5843
28372,5822
28373,5828
28374,5843
28375,5822
28376,5843
28377,5844
28378,5838
28379,5831
28380,5832
28381,5834
28382,5821
28383,5807
28384,5823
28385,5821
28386,5834
28387,5813
28388,5801
28389,5836
28390,5833
28391,5834
28392,5831
28393,5832
28394,5828
28395,5833
28396,5781
28397,5832
28398,5828
28399,5833
28400,5781
28401,5827
28402,5828
28403,5833
28404,5819
28405,5828
28406,5827
28407,5828
28408,5833
28409,5827
28410,5831
28411,5832
28412,5842
28413,5845
28414,5838
28415,5842
28416,5823
28417,5845
28418,5842
28419,5842
28420,5838
28421,5831
28422,5848
28423,5843
28424,5843
28425,5844
28426,5850
28427,5857
28428,5853
28429,5855
28430,5850
28431,5839
28432,5852
28433,5843
28434,5849
28435,5830
28436,5841
28437,5849
28438,5801
28439,5855
28440,5801
28441,5846
28442,5834
28443,5801
28444,5849
28445,5801
28446,5853
28447,5801
28448,5849
28449,5801
28450,5829
28451,5801
28452,5846
28453,5855
28454,5801
28455,5849
28456,5850
28457,5850
28458,5839
28459,5857
28460,5850
28461,5853
28462,5855
28463,5857
28464,5863
28465,5869
28466,5867
28467,5865
28468,5867
28469,5869
28470,5854
28471,5867
28472,5844
28473,5867
28474,5869
28475,5843
28476,5865
28477,5867
28478,5867
28479,5869
28480,5865
28481,5841
28482,5867
28483,5869
28484,5853
28485,5867
28486,5870
28487,5863
28488,5867
28489,5843
28490,5865
28491,5867
28492,5863
28493,5869
28494,5857
28495,5867
28496,5866
28497,5867
28498,5857
28499,5863
28500,5867
28501,5876
28502,5872
28503,5867
28504,5865
28505,5872
28506,5867
28507,5841
28508,5876
28509,5873
28510,5871
28511,5867
28512,5879
28513,5867
28514,5878
28515,5879
28516,5883
28517,5878
28518,5883
28519,5882
28520,5885
28521,5858
28522,5879
28523,5867
28524,5886
28525,5891
28526,5888
28527,5888
28528,5889
28529,5875
28530,5887
28531,5850
28532,5881
28533,5864
28534,5861
28535,5875
28536,5887
28537,5850
28538,5875
28539,5883
28540,5864
28541,5878
28542,5841
28543,5887
28544,5879
28545,5883
28546,5881
28547,5887
28548,5879
28549,5850
28550,5877
28551,5879
28552,5889
28553,5882
28554,5850
28555,5879
28556,5875
28557,5869
28558,5866
28559,5876
28560,5885
28561,5869
28562,5870
28563,5869
28564,5876
28565,5877
28566,5873
28567,5856
28568,5865
28569,5884
28570,5886
28571,5890
28572,5892
28573,5885
28574,5891
28575,5890
28576,5892
28577,5890
28578,5891
28579,5890
28580,5892
28581,5884
28582,5865
28583,5879
28584,5865
28585,5865
28586,5865
28587,5865
28588,5865
28589,5879
28590,5865
28591,5865
28592,5865
28593,5865
28594,5879
28595,5865
28596,5865
28597,5865
28598,5870
28599,5865
28600,5865
28601,5879
28602,5858
28603,5870
28604,5856
28605,5882
28606,5874
28607,5856
28608,5870
28609,5874
28610,5884
28611,5870
28612,5856
28613,5879
28614,5884
28615,5870
28616,5856
28617,5879
28618,5876
28619,5881
28620,5855
28621,5883
28622,5881
28623,5855
28624,5891
28625,5891
28626,5891
28627,5891
28628,5889
28629,5885
28630,5891
28631,5891
28632,5889
28633,5891
28634,5885
28635,5891
28636,5891
28637,5878
28638,5891
28639,5891
28640,5881
28641,5855
28642,5888
28643,5873
28644,5892
28645,5893
28646,5876
28647,5893
28648,5892
28649,5884
28650,5888
28651,5881
28652,5855
28653,5891
28654,5891
28655,5889
28656,5891
28657,5891
28658,5891
28659,5889
28660,5885
28661,5891
28662,5885
28663,5891
28664,5889
28665,5891
28666,5891
28667,5855
28668,5891
28669,5878
28670,5891
28671,5891
28672,5891
28673,5889
28674,5885
28675,5891
28676,5885
28677,5891
28678,5889
28679,5891
28680,5891
28681,5891
28682,5889
28683,5891
28684,5880
28685,5860
28686,5882
28687,5880
28688,5891
28689,5876
28690,5860
28691,5875
28692,5882
28693,5891
28694,5891
28695,5891
28696,5891
28697,5895
28698,5890
28699,5891
28700,5894
28701,5891
28702,5895
28703,5903
28704,5892
28705,5897
28706,5902
28707,5905
28708,5892
28709,5901
28710,5909
28711,5903
28712,5912
28713,5905
28714,5903
28715,5912
28716,5912
28717,5904
28718,5903
28719,5912
28720,5906
28721,5914
28722,5908
28723,5918
28724,5914
28725,5899
28726,5918
28727,5914
28728,5918
28729,5915
28730,5910
28731,5918
28732,5918
28733,5908
28734,5914
28735,5918
28736,5914
28737,5899
28738,5914
28739,5918
28740,5893
28741,5914
28742,5918
28743,5908
28744,5914
28745,5918
28746,5914
28747,5899
28748,5918
28749,5914
28750,5904
28751,5913
28752,5921
28753,5921
28754,5919
28755,5909
28756,5921
28757,5921
28758,5909
28759,5921
28760,5927
28761,5925
28762,5928
28763,5924
28764,5924
28765,5904
28766,5932
28767,5933
28768,5912
28769,5932
28770,5927
28771,5933
28772,5920
28773,5941
28774,5942
28775,5937
28776,5912
28777,5932
28778,5933
28779,5912
28780,5932
28781,5924
28782,5918
28783,5933
28784,5908
28785,5918
28786,5892
28787,5930
28788,5918
28789,5892
28790,5918
28791,5918
28792,5924
28793,5926
28794,5886
28795,5925
28796,5922
28797,5907
28798,5924
28799,5922
28800,5912
28801,5915
28802,5924
28803,5912
28804,5917
28805,5922
28806,5912
28807,5915
28808,5912
28809,5920
28810,5905
28811,5921
28812,5911
28813,5920
28814,5921
28815,5905
28816,5921
28817,5936
28818,5927
28819,5930
28820,5918
28821,5927
28822,5909
28823,5918
28824,5921
28825,5915
28826,5909
28827,5912
28828,5913
28829,5921
28830,5920
28831,5915
28832,5920
28833,5920
28834,5930
28835,5928
28836,5897
28837,5924
28838,5924
28839,5927
28840,5922
28841,5924
28842,5913
28843,5936
28844,5933
28845,5920
28846,5917
28847,5933
28848,5936
28849,5920
28850,5933
28851,5927
28852,5921
28853,5936
28854,5933
28855,5930
28856,5926
28857,5933
28858,5927
28859,5921
28860,5933
28861,5936
28862,5930
28863,5921
28864,5921
28865,5930
28866,5933
28867,5936
28868,5923
28869,5918
28870,5937
28871,5936
28872,5940
28873,5936
28874,5936
28875,5936
28876,5936
28877,5939
28878,5931
28879,5938
28880,5931
28881,5939
28882,5925
28883,5936
28884,5940
28885,5936
28886,5936
28887,5938
28888,5931
28889,5940
28890,5936
28891,5928
28892,5931
28893,5936
28894,5898
28895,5936
28896,5936
28897,5925
28898,5940
28899,5936
28900,5920
28901,5938
28902,5931
28903,5936
28904,5937
28905,5938
28906,5898
28907,5931
28908,5938
28909,5938
28910,5918
28911,5930
28912,5924
28913,5924
28914,5922
28915,5924
28916,5927
28917,5920
28918,5924
28919,5924
28920,5906
28921,5908
28922,5905
28923,5908
28924,5922
28925,5919
28926,5879
28927,5908
28928,5921
28929,5917
28930,5921
28931,5921
28932,5879
28933,5897
28934,5922
28935,5905
28936,5908
28937,5914
28938,5910
28939,5908
28940,5914
28941,5929
28942,5924
28943,5927
28944,5918
28945,5929
28946,5903
28947,5924
28948,5929
28949,5928
28950,5929
28951,5927
28952,5928
28953,5924
28954,5936
28955,5936
28956,5929
28957,5935
28958,5936
28959,5935
28960,5935
28961,5942
28962,5948
28963,5943
28964,5951
28965,5953
28966,5932
28967,5940
28968,5938
28969,5936
28970,5934
28971,5938
28972,5940
28973,5932
28974,5953
28975,5951
28976,5953
28977,5951
28978,5947
28979,5951
28980,5953
28981,5957
28982,5948
28983,5957
28984,5943
28985,5947
28986,5958
28987,5946
28988,5958
28989,5957
28990,5921
28991,5958
28992,5954
28993,5940
28994,5943
28995,5958
28996,5957
28997,5958
28998,5947
28999,5957
29000,5958
29001,5943
29002,5957
29003,5948
29004,5951
29005,5952
29006,5954
29007,5945
29008,5954
29009,5957
29010,5954
29011,5945
29012,5954
29013,5949
29014,5963
29015,5957
29016,5960
29017,5941
29018,5957
29019,5962
29020,5960
29021,5957
29022,5957
29023,5953
29024,5957
29025,5948
29026,5952
29027,5957
29028,5960
29029,5962
29030,5952
29031,5936
29032,5960
29033,5952
29034,5963
29035,5949
29036,5954
29037,5945
29038,5954
29039,5957
29040,5954
29041,5945
29042,5954
29043,5957
29044,5954
29045,5963
29046,5960
29047,5952
29048,5957
29049,5957
29050,5960
29051,5941
29052,5962
29053,5957
29054,5960
29055,5957
29056,5941
29057,5960
29058,5957
29059,5957
29060,5957
29061,5960
29062,5941
29063,5962
29064,5966
29065,5972
29066,5963
29067,5962
29068,5969
29069,5975
29070,5966
29071,5974
29072,5975
29073,5966
29074,5964
29075,5975
29076,5966
29077,5960
29078,5975
29079,5973
29080,5971
29081,5960
29082,5975
29083,5981
29084,5980
29085,5987
29086,5962
29087,5985
29088,5962
29089,5984
29090,5987
29091,5990
29092,5993
29093,5993
29094,5938
29095,5993
29096,5997
29097,5996
29098,6002
29099,5996
29100,5992
29101,5991
29102,5996
29103,6002
29104,5986
29105,6002
29106,5995
29107,6006
29108,5991
29109,5991
29110,6010
29111,6009
29112,5977
29113,6013
29114,6010
29115,6013
29116,5977
29117,6009
29118,5993
29119,6008
29120,6002
29121,6005
29122,5990
29123,5993
29124,5990
29125,5990
29126,6010
29127,5990
29128,5993
29129,5990
29130,5988
29131,5994
29132,6005
29133,5994
29134,5994
29135,5994
29136,6005
29137,5994
29138,5994
29139,5992
29140,5967
29141,5994
29142,6005
29143,5994
29144,5994
29145,5994
29146,5994
29147,6005
29148,5994
29149,5988
29150,5990
29151,5993
29152,5990
29153,5993
29154,6008
29155,5963
29156,6001
29157,6008
29158,5999
29159,5991
29160,6001
29161,6008
29162,6010
29163,5963
29164,6003
29165,6001
29166,5963
29167,6003
29168,6010
29169,5963
29170,6001
29171,6008
29172,6001
29173,5963
29174,5994
29175,6010
29176,5963
29177,6001
29178,6008
29179,6009
29180,5993
29181,6008
29182,6012
29183,6017
29184,5996
29185,6019
29186,6025
29187,6013
29188,6024
29189,6008
29190,6025
29191,6021
29192,6024
29193,6025
29194,6013
29195,6013
29196,6025
29197,6011
29198,5996
29199,6013
29200,6012
29201,6008
29202,5976
29203,6009
29204,6003
29205,6001
29206,5963
29207,6010
29208,6007
29209,6005
29210,6010
29211,5993
29212,5990
29213,6005
29214,6004
29215,6010
29216,6009
29217,6008
29218,6004
29219,6010
29220,6008
29221,6002
29222,6009
29223,6008
29224,6004
29225,6008
29226,5993
29227,5977
29228,6013
29229,6014
29230,6000
29231,6013
29232,6015
29233,6018
29234,6002
29235,6019
29236,6003
29237,6002
29238,6010
29239,6018
29240,6002
29241,6014
29242,6010
29243,6002
29244,6002
29245,6018
29246,6021
29247,6020
29248,6021
29249,6020
29250,6023
29251,6014
29252,6020
29253,6021
29254,6019
29255,6002
29256,6018
29257,5999
29258,6002
29259,6019
29260,6018
29261,6002
29262,5992
29263,6018
29264,5996
29265,6007
29266,6015
29267,6023
29268,6017
29269,6008
29270,6015
29271,6008
29272,6017
29273,6023
29274,6008
29275,6024
29276,6032
29277,6024
29278,6032
29279,6032
29280,6021
29281,6007
29282,6028
29283,6020
29284,6002
29285,6023
29286,6005
29287,6017
29288,6023
29289,6005
29290,6017
29291,6012
29292,6014
29293,6005
29294,6017
29295,6028
29296,5997
29297,6029
29298,6032
29299,6029
29300,6029
29301,6015
29302,6032
29303,6023
29304,6032
29305,6029
29306,6015
29307,6032
29308,6029
29309,6029
29310,6032
29311,6020
29312,6007
29313,6019
29314,6020
29315,6028
29316,6007
29317,6023
29318,6002
29319,6010
29320,6002
29321,6002
29322,6019
29323,6020
29324,6002
29325,6024
29326,6029
29327,6026
29328,6031
29329,6029
29330,6015
29331,6021
29332,6029
29333,6031
29334,6012
29335,6024
29336,6002
29337,6014
29338,6025
29339,6028
29340,6022
29341,6027
29342,6034
29343,6035
29344,6034
29345,6042
29346,6034
29347,6008
29348,6038
29349,6038
29350,6038
29351,6017
29352,6030
29353,6034
29354,6031
29355,6042
29356,6034
29357,6034
29358,6008
29359,6038
29360,6042
29361,6038
29362,6031
29363,6038
29364,6041
29365,6042
29366,6038
29367,6039
29368,6014
29369,6038
29370,6021
29371,6030
29372,6020
29373,6031
29374,6037
29375,6035
29376,6041
29377,6027
29378,6041
29379,6037
29380,6041
29381,6041
29382,6017
29383,6022
29384,6037
29385,6021
29386,6032
29387,6017
29388,6022
29389,6041
29390,6041
29391,6037
29392,6035
29393,6032
29394,6041
29395,6041
29396,6037
29397,6025
29398,6031
29399,6024
29400,6025
29401,6025
29402,6030
29403,6031
29404,6025
29405,6024
29406,6025
29407,6031
29408,6029
29409,6035
29410,6032
29411,6041
29412,6032
29413,6027
29414,6041
29415,6032
29416,6026
29417,6036
29418,6041
29419,6042
29420,6049
29421,6033
29422,6049
29423,6047
29424,6049
29425,6052
29426,6045
29427,6049
29428,6044
29429,6049
29430,6052
29431,6049
29432,6039
29433,6049
29434,6056
29435,6062
29436,6054
29437,6044
29438,6057
29439,6050
29440,6062
29441,6059
29442,6050
29443,6057
29444,6062
29445,6050
29446,6059
29447,6050
29448,6062
29449,6057
29450,6026
29451,6050
29452,6062
29453,6059
29454,6057
29455,6050
29456,6062
29457,6059
29458,6050
29459,6057
29460,6062
29461,6065
29462,6060
29463,6056
29464,6059
29465,6071
29466,6063
29467,6068
29468,6063
29469,6062
29470,6073
29471,6076
29472,6072
29473,6080
29474,6086
29475,6077
29476,6086
29477,6079
29478,6073
29479,6077
29480,6086
29481,6081
29482,6059
29483,6072
29484,6072
29485,6072
29486,6059
29487,6071
29488,6084
29489,6078
29490,6083
29491,6081
29492,6084
29493,6068
29494,6084
29495,6083
29496,6078
29497,6078
29498,6084
29499,6062
29500,6081
29501,6084
29502,6078
29503,6084
29504,6083
29505,6078
29506,6081
29507,6084
29508,6082
29509,6059
29510,6072
29511,6082
29512,6077
29513,6083
29514,6077
29515,6082
29516,6072
29517,6059
29518,6072
29519,6059
29520,6072
29521,6077
29522,6082
29523,6084
29524,6083
29525,6083
29526,6084
29527,6081
29528,6078
29529,6083
29530,6084
29531,6078
29532,6083
29533,6067
29534,6075
29535,6092
29536,6093
29537,6099
29538,6100
29539,6077
29540,6104
29541,6087
29542,6108
29543,6100
29544,6097
29545,6104
29546,6098
29547,6108
29548,6104
29549,6092
29550,6108
29551,6075
29552,6100
29553,6108
29554,6104
29555,6108
29556,6098
29557,6087
29558,6093
29559,6077
29560,6100
29561,6104
29562,6100
29563,6104
29564,6077
29565,6100
29566,6095
29567,6092
29568,6104
29569,6095
29570,6077
29571,6099
29572,6103
29573,6098
29574,6100
29575,6108
29576,6107
29577,6098
29578,6107
29579,6103
29580,6099
29581,6100
29582,6087
29583,6097
29584,6109
29585,6107
29586,6107
29587,6108
29588,6107
29589,6107
29590,6107
29591,6108
29592,6113
29593,6122
29594,6122
29595,6124
29596,6123
29597,6122
29598,6123
29599,6116
29600,6104
29601,6118
29602,6122
29603,6111
29604,6099
29605,6122
29606,6117
29607,6120
29608,6127
29609,6116
29610,6122
29611,6127
29612,6116
29613,6120
29614,6129
29615,6128
29616,6125
29617,6128
29618,6098
29619,6129
29620,6130
29621,6128
29622,6125
29623,6124
29624,6129
29625,6130
29626,6124
29627,6129
29628,6130
29629,6139
29630,6139
29631,6137
29632,6116
29633,6126
29634,6098
29635,6125
29636,6092
29637,6126
29638,6125
29639,6136
29640,6126
29641,6125
29642,6130
29643,6136
29644,6140
29645,6137
29646,6124
29647,6136
29648,6140
29649,6125
29650,6140
29651,6131
29652,6144
29653,6146
29654,6148
29655,6137
29656,6149
29657,6137
29658,6149
29659,6137
29660,6129
29661,6140
29662,6119
29663,6137
29664,6140
29665,6149
29666,6119
29667,6137
29668,6140
29669,6142
29670,6119
29671,6140
29672,6137
29673,6149
29674,6135
29675,6119
29676,6137
29677,6135
29678,6141
29679,6119
29680,6138
29681,6142
29682,6135
29683,6113
29684,6119
29685,6135
29686,6113
29687,6135
29688,6137
29689,6149
29690,6150
29691,6145
29692,6150
29693,6138
29694,6128
29695,6145
29696,6145
29697,6149
29698,6142
29699,6124
29700,6136
29701,6124
29702,6142
29703,6140
29704,6124
29705,6140
29706,6126
29707,6130
29708,6125
29709,6126
29710,6125
29711,6126
29712,6130
29713,6137
29714,6125
29715,6140
29716,6125
29717,6126
29718,6125
29719,6143
29720,6140
29721,6146
29722,6137
29723,6142
29724,6140
29725,6140
29726,6140
29727,6140
29728,6140
29729,6137
29730,6146
29731,6142
29732,6146
29733,6140
29734,6140
29735,6146
29736,6131
29737,6140
29738,6144
29739,6143
29740,6137
29741,6141
29742,6131
29743,6131
29744,6134
29745,6131
29746,6140
29747,6141
29748,6131
29749,6138
29750,6143
29751,6146
29752,6138
29753,6146
29754,6143
29755,6138
29756,6146
29757,6147
29758,6141
29759,6140
29760,6149
29761,6143
29762,6146
29763,6143
29764,6131
29765,6138
29766,6146
29767,6143
29768,6147
29769,6146
29770,6140
29771,6141
29772,6145
29773,6140
29774,6138
29775,6130
29776,6140
29777,6149
29778,6149
29779,6143
29780,6143
29781,6149
29782,6149
29783,6149
29784,6131
29785,6147
29786,6149
29787,6143
29788,6149
29789,6149
29790,6143
29791,6149
29792,6143
29793,6149
29794,6149
29795,6147
29796,6138
29797,6149
29798,6143
29799,6149
29800,6137
29801,6135
29802,6126
29803,6131
29804,6132
29805,6125
29806,6146
29807,6137
29808,6146
29809,6122
29810,6147
29811,6140
29812,6125
29813,6138
29814,6138
29815,6149
29816,6146
29817,6149
29818,6145
29819,6129
29820,6143
29821,6130
29822,6146
29823,6143
29824,6143
29825,6146
29826,6131
29827,6143
29828,6141
29829,6143
29830,6145
29831,6149
29832,6150
29833,6142
29834,6146
29835,6133
29836,6121
29837,6143
29838,6121
29839,6143
29840,6143
29841,6142
29842,6137
29843,6131
29844,6146
29845,6135
29846,6146
29847,6136
29848,6135
29849,6137
29850,6149
29851,6149
29852,6143
29853,6143
29854,6145
29855,6149
29856,6143
29857,6146
29858,6149
29859,6131
29860,6145
29861,6146
29862,6149
29863,6143
29864,6143
29865,6138
29866,6149
29867,6146
29868,6150
29869,6149
29870,6150
29871,6137
29872,6155
29873,6150
29874,6150
29875,6149
29876,6119
29877,6152
29878,6158
29879,6158
29880,6153
29881,6158
29882,6166
29883,6165
29884,6163
29885,6169
29886,6163
29887,6164
29888,6155
29889,6152
29890,6158
29891,6155
29892,6158
29893,6157
29894,6170
29895,6161
29896,6169
29897,6159
29898,6165
29899,6152
29900,6145
29901,6167
29902,6168
29903,6167
29904,6168
29905,6165
29906,6161
29907,6168
29908,6161
29909,6167
29910,6168
29911,6167
29912,6145
29913,6117
29914,6161
29915,6147
29916,6147
29917,6145
29918,6143
29919,6161
29920,6147
29921,6167
29922,6147
29923,6161
29924,6169
29925,6170
29926,6167
29927,6169
29928,6170
29929,6171
29930,6157
29931,6167
29932,6162
29933,6164
29934,6167
29935,6173
29936,6157
29937,6167
29938,6167
29939,6164
29940,6162
29941,6171
29942,6167
29943,6170
29944,6171
29945,6176
29946,6176
29947,6181
29948,6176
29949,6179
29950,6176
29951,6167
29952,6171
29953,6167
29954,6167
29955,6165
29956,6167
29957,6171
29958,6167
29959,6167
29960,6167
29961,6152
29962,6170
29963,6152
29964,6158
29965,6167
29966,6173
29967,6164
29968,6173
29969,6175
29970,6148
29971,6170
29972,6173
29973,6164
29974,6173
29975,6174
29976,6176
29977,6183
29978,6179
29979,6188
29980,6182
29981,6179
29982,6188
29983,6182
29984,6188
29985,6176
29986,6188
29987,6179
29988,6182
29989,6188
29990,6179
29991,6188
29992,6182
29993,6188
29994,6189
29995,6187
29996,6194
29997,6169
29998,6188
29999,6178
30000,6188
30001,6188
30002,6179
30003,6178
30004,6176
30005,6188
30006,6176
30007,6176
30008,6164
30009,6176
30010,6164
30011,6183
30012,6188
30013,6182
30014,6188
30015,6188
30016,6182
30017,6179
30018,6188
30019,6188
30020,6182
30021,6176
30022,6172
30023,6183
30024,6164
30025,6182
30026,6180
30027,6182
30028,6183
30029,6182
30030,6174
30031,6183
30032,6180
30033,6179
30034,6182
30035,6183
30036,6180
30037,6182
30038,6164
30039,6180
30040,6186
30041,6191
30042,6190
30043,6192
30044,6189
30045,6167
30046,6191
30047,6199
30048,6197
30049,6204
30050,6199
30051,6199
30052,6188
30053,6187
30054,6199
30055,6194
30056,6195
30057,6167
30058,6179
30059,6176
30060,6193
30061,6144
30062,6193
30063,6188
30064,6184
30065,6193
30066,6144
30067,6188
30068,6193
30069,6184
30070,6191
30071,6149
30072,6193
30073,6188
30074,6184
30075,6193
30076,6188
30077,6149
30078,6193
30079,6173
30080,6191
30081,6193
30082,6188
30083,6149
30084,6184
30085,6193
30086,6176
30087,6167
30088,6183
30089,6195
30090,6199
30091,6194
30092,6194
30093,6192
30094,6194
30095,6199
30096,6194
30097,6194
30098,6192
30099,6199
30100,6170
30101,6194
30102,6194
30103,6188
30104,6194
30105,6199
30106,6194
30107,6194
30108,6199
30109,6194
30110,6188
30111,6170
30112,6194
30113,6194
30114,6199
30115,6192
30116,6194
30117,6200
30118,6200
30119,6176
30120,6200
30121,6200
30122,6189
30123,6191
30124,6179
30125,6167
30126,6170
30127,6183
30128,6184
30129,6193
30130,6185
30131,6185
30132,6159
30133,6181
30134,6185
30135,6185
30136,6197
30137,6192
30138,6201
30139,6203
30140,6192
30141,6181
30142,6192
30143,6203
30144,6194
30145,6203
30146,6182
30147,6192
30148,6203
30149,6206
30150,6193
30151,6206
30152,6206
30153,6192
30154,6203
30155,6206
30156,6194
30157,6207
30158,6192
30159,6206
30160,6207
30161,6192
30162,6207
30163,6194
30164,6192
30165,6212
30166,6218
30167,6207
30168,6221
30169,6215
30170,6221
30171,6206
30172,6221
30173,6218
30174,6221
30175,6215
30176,6227
30177,6215
30178,6218
30179,6215
30180,6221
30181,6215
30182,6224
30183,6231
30184,6236
30185,6230
30186,6224
30187,6211
30188,6221
30189,6206
30190,6180
30191,6222
30192,6229
30193,6207
30194,6223
30195,6228
30196,6223
30197,6232
30198,6223
30199,6228
30200,6206
30201,6223
30202,6223
30203,6207
30204,6218
30205,6215
30206,6223
30207,6223
30208,6228
30209,6223
30210,6223
30211,6212
30212,6228
30213,6223
30214,6207
30215,6229
30216,6232
30217,6222
30218,6180
30219,6229
30220,6222
30221,6229
30222,6229
30223,6180
30224,6222
30225,6221
30226,6229
30227,6222
30228,6229
30229,6230
30230,6230
30231,6233
30232,6221
30233,6230
30234,6221
30235,6203
30236,6221
30237,6221
30238,6233
30239,6212
30240,6230
30241,6206
30242,6221
30243,6236
30244,6224
30245,6234
30246,6234
30247,6244
30248,6247
30249,6245
30250,6244
30251,6237
30252,6247
30253,6231
30254,6233
30255,6218
30256,6216
30257,6233
30258,6239
30259,6247
30260,6233
30261,6244
30262,6245
30263,6247
30264,6244
30265,6234
30266,6218
30267,6224
30268,6236
30269,6221
30270,6233
30271,6221
30272,6225
30273,6215
30274,6221
30275,6238
30276,6236
30277,6236
30278,6239
30279,6236
30280,6225
30281,6236
30282,6236
30283,6229
30284,6236
30285,6236
30286,6236
30287,6228
30288,6212
30289,6216
30290,6236
30291,6216
30292,6230
30293,6205
30294,6230
30295,6205
30296,6231
30297,6226
30298,6230
30299,6205
30300,6230
30301,6231
30302,6205
30303,6224
30304,6234
30305,6233
30306,6224
30307,6231
30308,6236
30309,6236
30310,6236
30311,6232
30312,6238
30313,6244
30314,6248
30315,6236
30316,6249
30317,6245
30318,6257
30319,6242
30320,6257
30321,6251
30322,6245
30323,6251
30324,6258
30325,6263
30326,6269
30327,6272
30328,6266
30329,6272
30330,6261
30331,6278
30332,6266
30333,6263
30334,6270
30335,6267
30336,6273
30337,6274
30338,6264
30339,6278
30340,6267
30341,6282
30342,6275
30343,6281
30344,6273
30345,6272
30346,6270
30347,6263
30348,6278
30349,6260
30350,6260
30351,6278
30352,6272
30353,6267
30354,6272
30355,6278
30356,6260
30357,6271
30358,6278
30359,6263
30360,6275
30361,6267
30362,6273
30363,6281
30364,6275
30365,6282
30366,6267
30367,6282
30368,6275
30369,6274
30370,6273
30371,6272
30372,6275
30373,6263
30374,6260
30375,6278
30376,6261
30377,6272
30378,6272
30379,6272
30380,6269
30381,6263
30382,6258
30383,6257
30384,6251
30385,6257
30386,6257
30387,6242
30388,6257
30389,6251
30390,6258
30391,6263
30392,6267
30393,6269
30394,6254
30395,6269
30396,6275
30397,6266
30398,6265
30399,6266
30400,6266
30401,6270
30402,6265
30403,6271
30404,6266
30405,6278
30406,6284
30407,6284
30408,6290
30409,6286
30410,6288
30411,6290
30412,6280
30413,6270
30414,6266
30415,6255
30416,6287
30417,6270
30418,6255
30419,6275
30420,6270
30421,6270
30422,6255
30423,6270
30424,6270
30425,6255
30426,6271
30427,6284
30428,6284
30429,6287
30430,6248
30431,6284
30432,6284
30433,6263
30434,6284
30435,6284
30436,6258
30437,6276
30438,6273
30439,6287
30440,6278
30441,6284
30442,6278
30443,6284
30444,6267
30445,6281
30446,6278
30447,6278
30448,6276
30449,6287
30450,6286
30451,6278
30452,6287
30453,6287
30454,6278
30455,6267
30456,6286
30457,6276
30458,6284
30459,6284
30460,6284
30461,6284
30462,6263
30463,6263
30464,6284
30465,6284
30466,6284
30467,6285
30468,6281
30469,6285
30470,6293
30471,6290
30472,6294
30473,6293
30474,6281
30475,6266
30476,6272
30477,6284
30478,6284
30479,6284
30480,6259
30481,6263
30482,6284
30483,6284
30484,6284
30485,6274
30486,6260
30487,6283
30488,6293
30489,6290
30490,6293
30491,6282
30492,6293
30493,6298
30494,6294
30495,6302
30496,6294
30497,6301
30498,6299
30499,6302
30500,6286
30501,6263
30502,6302
30503,6286
30504,6299
30505,6290
30506,6302
30507,6263
30508,6299
30509,6290
30510,6291
30511,6307
30512,6294
30513,6284
30514,6294
30515,6301
30516,6307
30517,6303
30518,6308
30519,6307
30520,6311
30521,6294
30522,6305
30523,6271
30524,6305
30525,6271
30526,6305
30527,6302
30528,6295
30529,6289
30530,6304
30531,6294
30532,6245
30533,6299
30534,6301
30535,6275
30536,6301
30537,6293
30538,6305
30539,6301
30540,6302
30541,6275
30542,6293
30543,6301
30544,6305
30545,6301
30546,6288
30547,6301
30548,6275
30549,6302
30550,6301
30551,6288
30552,6299
30553,6294
30554,6287
30555,6287
30556,6284
30557,6299
30558,6293
30559,6302
30560,6275
30561,6301
30562,6301
30563,6293
30564,6305
30565,6294
30566,6314
30567,6314
30568,6320
30569,6311
30570,6320
30571,6315
30572,6326
30573,6319
30574,6317
30575,6326
30576,6315
30577,6319
30578,6314
30579,6326
30580,6315
30581,6319
30582,6317
30583,6326
30584,6314
30585,6315
30586,6317
30587,6315
30588,6326
30589,6319
30590,6316
30591,6315
30592,6319
30593,6326
30594,6317
30595,6321
30596,6327
30597,6326
30598,6302
30599,6335
30600,6335
30601,6335
30602,6306
30603,6335
30604,6306
30605,6335
30606,6332
30607,6317
30608,6323
30609,6323
30610,6335
30611,6304
30612,6317
30613,6327
30614,6323
30615,6317
30616,6326
30617,6315
30618,6325
30619,6328
30620,6315
30621,6328
30622,6303
30623,6324
30624,6305
30625,6324
30626,6307
30627,6315
30628,6305
30629,6324
30630,6329
30631,6329
30632,6311
30633,6317
30634,6333
30635,6317
30636,6311
30637,6332
30638,6337
30639,6337
30640,6333
30641,6337
30642,6327
30643,6337
30644,6337
30645,6333
30646,6337
30647,6337
30648,6337
30649,6329
30650,6332
30651,6311
30652,6317
30653,6333
30654,6299
30655,6317
30656,6329
30657,6324
30658,6305
30659,6323
30660,6336
30661,6320
30662,6337
30663,6329
30664,6337
30665,6332
30666,6320
30667,6332
30668,6329
30669,6336
30670,6332
30671,6323
30672,6329
30673,6337
30674,6329
30675,6333
30676,6338
30677,6327
30678,6333
30679,6332
30680,6312
30681,6326
30682,6333
30683,6323
30684,6325
30685,6338
30686,6332
30687,6323
30688,6332
30689,6338
30690,6325
30691,6323
30692,6329
30693,6323
30694,6338
30695,6323
30696,6329
30697,6322
30698,6334
30699,6314
30700,6327
30701,6322
30702,6329
30703,6327
30704,6320
30705,6322
30706,6327
30707,6329
30708,6311
30709,6330
30710,6314
30711,6322
30712,6322
30713,6329
30714,6306
30715,6322
30716,6322
30717,6321
30718,6330
30719,6337
30720,6338
30721,6337
30722,6319
30723,6329
30724,6317
30725,6316
30726,6322
30727,6322
30728,6306
30729,6322
30730,6321
30731,6323
30732,6322
30733,6299
30734,6324
30735,6316
30736,6324
30737,6319
30738,6330
30739,6324
30740,6319
30741,6324
30742,6324
30743,6325
30744,6326
30745,6280
30746,6284
30747,6316
30748,6323
30749,6320
30750,6321
30751,6329
30752,6317
30753,6314
30754,6321
30755,6329
30756,6317
30757,6332
30758,6333
30759,6335
30760,6332
30761,6341
30762,6323
30763,6326
30764,6341
30765,6332
30766,6341
30767,6333
30768,6335
30769,6332
30770,6335
30771,6335
30772,6326
30773,6314
30774,6319
30775,6314
30776,6320
30777,6314
30778,6313
30779,6317
30780,6329
30781,6314
30782,6317
30783,6313
30784,6312
30785,6332
30786,6317
30787,6323
30788,6332
30789,6332
30790,6325
30791,6335
30792,6337
30793,6343
30794,6341
30795,6314
30796,6319
30797,6338
30798,6319
30799,6334
30800,6339
30801,6332
30802,6320
30803,6341
30804,6338
30805,6335
30806,6338
30807,6338
30808,6338
30809,6338
30810,6332
30811,6325
30812,6337
30813,6325
30814,6317
30815,6329
30816,6327
30817,6326
30818,6317
30819,6323
30820,6326
30821,6327
30822,6333
30823,6319
30824,6322
30825,6319
30826,6327
30827,6319
30828,6341
30829,6320
30830,6343
30831,6335
30832,6342
30833,6330
30834,6343
30835,6343
30836,6323
30837,6325
30838,6337
30839,6334
30840,6325
30841,6320
30842,6325
30843,6337
30844,6341
30845,6325
30846,6314
30847,6337
30848,6325
30849,6326
30850,6305
30851,6312
30852,6338
30853,6316
30854,6328
30855,6341
30856,6338
30857,6326
30858,6320
30859,6328
30860,6331
30861,6330
30862,6312
30863,6324
30864,6330
30865,6312
30866,6329
30867,6330
30868,6312
30869,6341
30870,6342
30871,6339
30872,6329
30873,6331
30874,6342
30875,6333
30876,6337
30877,6341
30878,6350
30879,6339
30880,6350
30881,6353
30882,6346
30883,6346
30884,6353
30885,6326
30886,6350
30887,6353
30888,6335
30889,6346
30890,6353
30891,6350
30892,6347
30893,6353
30894,6353
30895,6356
30896,6358
30897,6359
30898,6338
30899,6327
30900,6359
30901,6356
30902,6356
30903,6353
30904,6356
30905,6358
30906,6356
30907,6356
30908,6356
30909,6353
30910,6350
30911,6332
30912,6350
30913,6353
30914,6352
30915,6327
30916,6348
30917,6332
30918,6350
30919,6356
30920,6332
30921,6328
30922,6354
30923,6344
30924,6362
30925,6338
30926,6357
30927,6343
30928,6344
30929,6362
30930,6357
30931,6365
30932,6353
30933,6370
30934,6368
30935,6374
30936,6374
30937,6361
30938,6364
30939,6349
30940,6337
30941,6365
30942,6368
30943,6359
30944,6365
30945,6358
30946,6371
30947,6371
30948,6367
30949,6358
30950,6371
30951,6356
30952,6358
30953,6371
30954,6367
30955,6361
30956,6368
30957,6380
30958,6374
30959,6374
30960,6368
30961,6380
30962,6377
30963,6382
30964,6389
30965,6392
30966,6384
30967,6390
30968,6382
30969,6392
30970,6384
30971,6392
30972,6390
30973,6389
30974,6384
30975,6392
30976,6390
30977,6382
30978,6392
30979,6384
30980,6392
30981,6390
30982,6389
30983,6380
30984,6377
30985,6386
30986,6383
30987,6380
30988,6389
30989,6383
30990,6389
30991,6393
30992,6377
30993,6393
30994,6396
30995,6394
30996,6383
30997,6383
30998,6376
30999,6389
31000,6398
31001,6397
31002,6392
31003,6391
31004,6398
31005,6374
31006,6398
31007,6391
31008,6392
31009,6385
31010,6398
31011,6397
31012,6376
31013,6383
31014,6389
31015,6389
31016,6389
31017,6383
31018,6389
31019,6389
31020,6380
31021,6383
31022,6383
31023,6394
31024,6383
31025,6393
31026,6389
31027,6396
31028,6389
31029,6389
31030,6383
31031,6381
31032,6389
31033,6383
31034,6389
31035,6374
31036,6347
31037,6385
31038,6362
31039,6377
31040,6391
31041,6381
31042,6391
31043,6377
31044,6381
31045,6391
31046,6391
31047,6381
31048,6381
31049,6391
31050,6392
31051,6392
31052,6383
31053,6395
31054,6387
31055,6389
31056,6387
31057,6359
31058,6389
31059,6389
31060,6389
31061,6389
31062,6389
31063,6389
31064,6389
31065,6389
31066,6389
31067,6389
31068,6377
31069,6389
31070,6393
31071,6389
31072,6389
31073,6389
31074,6389
31075,6389
31076,6389
31077,6389
31078,6392
31079,6394
31080,6389
31081,6389
31082,6395
31083,6391
31084,6391
31085,6381
31086,6381
31087,6391
31088,6381
31089,6391
31090,6380
31091,6380
31092,6367
31093,6386
31094,6383
31095,6382
31096,6386
31097,6392
31098,6398
31099,6389
31100,6390
31101,6401
31102,6399
31103,6390
31104,6398
31105,6398
31106,6371
31107,6371
31108,6388
31109,6371
31110,6376
31111,6391
31112,6386
31113,6380
31114,6376
31115,6386
31116,6402
31117,6403
31118,6388
31119,6404
31120,6408
31121,6395
31122,6408
31123,6408
31124,6403
31125,6408
31126,6401
31127,6408
31128,6408
31129,6408
31130,6389
31131,6383
31132,6395
31133,6398
31134,6409
31135,6406
31136,6401
31137,6409
31138,6406
31139,6376
31140,6408
31141,6408
31142,6402
31143,6395
31144,6403
31145,6404
31146,6398
31147,6392
31148,6377
31149,6395
31150,6389
31151,6404
31152,6395
31153,6377
31154,6404
31155,6395
31156,6389
31157,6399
31158,6398
31159,6402
31160,6386
31161,6398
31162,6408
31163,6416
31164,6411
31165,6411
31166,6369
31167,6410
31168,6407
31169,6410
31170,6392
31171,6373
31172,6401
31173,6404
31174,6373
31175,6394
31176,6373
31177,6401
31178,6373
31179,6373
31180,6408
31181,6412
31182,6409
31183,6416
31184,6402
31185,6407
31186,6413
31187,6403
31188,6406
31189,6404
31190,6383
31191,6402
31192,6383
31193,6406
31194,6383
31195,6402
31196,6410
31197,6410
31198,6414
31199,6390
31200,6398
31201,6410
31202,6402
31203,6383
31204,6406
31205,6383
31206,6402
31207,6383
31208,6408
31209,6383
31210,6402
31211,6383
31212,6395
31213,6383
31214,6402
31215,6392
31216,6405
31217,6410
31218,6405
31219,6398
31220,6408
31221,6401
31222,6410
31223,6398
31224,6392
31225,6404
31226,6395
31227,6395
31228,6404
31229,6404
31230,6399
31231,6395
31232,6399
31233,6383
31234,6403
31235,6404
31236,6360
31237,6381
31238,6401
31239,6400
31240,6400
31241,6397
31242,6407
31243,6416
31244,6415
31245,6413
31246,6392
31247,6407
31248,6415
31249,6401
31250,6401
31251,6365
31252,6407
31253,6392
31254,6404
31255,6395
31256,6410
31257,6395
31258,6396
31259,6404
31260,6410
31261,6410
31262,6395
31263,6404
31264,6395
31265,6409
31266,6397
31267,6410
31268,6401
31269,6409
31270,6405
31271,6404
31272,6384
31273,6402
31274,6407
31275,6401
31276,6407
31277,6354
31278,6401
31279,6407
31280,6408
31281,6404
31282,6407
31283,6410
31284,6414
31285,6405
31286,6413
31287,6399
31288,6416
31289,6418
31290,6399
31291,6399
31292,6416
31293,6425
31294,6425
31295,6414
31296,6425
31297,6425
31298,6414
31299,6421
31300,6425
31301,6401
31302,6419
31303,6407
31304,6419
31305,6397
31306,6421
31307,6407
31308,6419
31309,6425
31310,6407
31311,6408
31312,6407
31313,6425
31314,6418
31315,6399
31316,6404
31317,6405
31318,6414
31319,6407
31320,6410
31321,6408
31322,6407
31323,6414
31324,6401
31325,6414
31326,6408
31327,6403
31328,6414
31329,6408
31330,6414
31331,6407
31332,6407
31333,6410
31334,6408
31335,6414
31336,6407
31337,6408
31338,6414
31339,6401
31340,6414
31341,6405
31342,6399
31343,6416
31344,6399
31345,6399
31346,6395
31347,6410
31348,6416
31349,6395
31350,6419
31351,6399
31352,6418
31353,6399
31354,6416
31355,6399
31356,6419
31357,6399
31358,6404
31359,6418
31360,6425
31361,6397
31362,6414
31363,6407
31364,6427
31365,6433
31366,6435
31367,6439
31368,6436
31369,6427
31370,6425
31371,6413
31372,6426
31373,6422
31374,6395
31375,6428
31376,6422
31377,6395
31378,6437
31379,6439
31380,6437
31381,6431
31382,6433
31383,6437
31384,6439
31385,6437
31386,6439
31387,6433
31388,6430
31389,6434
31390,6403
31391,6434
31392,6418
31393,6428
31394,6434
31395,6421
31396,6422
31397,6437
31398,6440
31399,6428
31400,6433
31401,6440
31402,6437
31403,6440
31404,6433
31405,6437
31406,6437
31407,6440
31408,6428
31409,6440
31410,6437
31411,6428
31412,6428
31413,6440
31414,6433
31415,6424
31416,6434
31417,6421
31418,6431
31419,6425
31420,6425
31421,6414
31422,6425
31423,6404
31424,6399
31425,6421
31426,6399
31427,6404
31428,6425
31429,6425
31430,6425
31431,6419
31432,6431
31433,6428
31434,6434
31435,6421
31436,6433
31437,6440
31438,6437
31439,6433
31440,6432
31441,6440
31442,6437
31443,6440
31444,6433
31445,6437
31446,6437
31447,6440
31448,6433
31449,6440
31450,6437
31451,6432
31452,6433
31453,6440
31454,6433
31455,6428
31456,6421
31457,6434
31458,6418
31459,6422
31460,6434
31461,6434
31462,6413
31463,6418
31464,6403
31465,6434
31466,6434
31467,6416
31468,6434
31469,6434
31470,6419
31471,6434
31472,6403
31473,6434
31474,6434
31475,6434
31476,6435
31477,6431
31478,6436
31479,6437
31480,6435
31481,6437
31482,6431
31483,6432
31484,6436
31485,6425
31486,6431
31487,6413
31488,6427
31489,6427
31490,6434
31491,6432
31492,6427
31493,6413
31494,6427
31495,6427
31496,6432
31497,6431
31498,6427
31499,6416
31500,6440
31501,6431
31502,6437
31503,6436
31504,6440
31505,6431
31506,6434
31507,6434
31508,6428
31509,6404
31510,6425
31511,6425
31512,6414
31513,6425
31514,6425
31515,6414
31516,6425
31517,6431
31518,6434
31519,6421
31520,6424
31521,6435
31522,6429
31523,6440
31524,6434
31525,6446
31526,6422
31527,6444
31528,6436
31529,6434
31530,6446
31531,6422
31532,6427
31533,6443
31534,6446
31535,6434
31536,6446
31537,6436
31538,6431
31539,6446
31540,6434
31541,6446
31542,6449
31543,6440
31544,6446
31545,6440
31546,6434
31547,6446
31548,6440
31549,6446
31550,6450
31551,6455
31552,6449
31553,6458
31554,6449
31555,6452
31556,6444
31557,6446
31558,6434
31559,6444
31560,6446
31561,6448
31562,6444
31563,6442
31564,6433
31565,6446
31566,6440
31567,6433
31568,6440
31569,6422
31570,6422
31571,6422
31572,6437
31573,6446
31574,6426
31575,6422
31576,6440
31577,6433
31578,6440
31579,6440
31580,6433
31581,6426
31582,6422
31583,6442
31584,6437
31585,6434
31586,6408
31587,6431
31588,6419
31589,6428
31590,6410
31591,6422
31592,6446
31593,6410
31594,6444
31595,6416
31596,6446
31597,6416
31598,6431
31599,6422
31600,6436
31601,6422
31602,6434
31603,6441
31604,6428
31605,6437
31606,6444
31607,6436
31608,6428
31609,6444
31610,6428
31611,6434
31612,6444
31613,6428
31614,6443
31615,6446
31616,6450
31617,6436
31618,6450
31619,6446
31620,6446
31621,6450
31622,6446
31623,6450
31624,6454
31625,6452
31626,6448
31627,6452
31628,6429
31629,6455
31630,6452
31631,6448
31632,6458
31633,6460
31634,6460
31635,6441
31636,6460
31637,6460
31638,6460
31639,6460
31640,6460
31641,6461
31642,6452
31643,6446
31644,6449
31645,6452
31646,6449
31647,6446
31648,6458
31649,6446
31650,6449
31651,6446
31652,6446
31653,6449
31654,6446
31655,6446
31656,6449
31657,6458
31658,6458
31659,6464
31660,6464
31661,6467
31662,6440
31663,6464
31664,6467
31665,6463
31666,6464
31667,6464
31668,6445
31669,6440
31670,6458
31671,6454
31672,6439
31673,6455
31674,6464
31675,6458
31676,6464
31677,6463
31678,6449
31679,6462
31680,6473
31681,6476
31682,6455
31683,6473
31684,6476
31685,6463
31686,6476
31687,6473
31688,6476
31689,6455
31690,6473
31691,6452
31692,6462
31693,6470
31694,6472
31695,6473
31696,6472
31697,6473
31698,6470
31699,6467
31700,6465
31701,6481
31702,6473
31703,6473
31704,6455
31705,6470
31706,6463
31707,6480
31708,6476
31709,6479
31710,6470
31711,6480
31712,6479
31713,6479
31714,6472
31715,6470
31716,6473
31717,6472
31718,6473
31719,6461
31720,6472
31721,6473
31722,6472
31723,6470
31724,6472
31725,6473
31726,6473
31727,6472
31728,6467
31729,6473
31730,6481
31731,6455
31732,6479
31733,6480
31734,6470
31735,6476
31736,6479
31737,6470
31738,6461
31739,6470
31740,6473
31741,6476
31742,6460
31743,6473
31744,6460
31745,6455
31746,6478
31747,6475
31748,6476
31749,6479
31750,6476
31751,6475
31752,6479
31753,6476
31754,6484
31755,6485
31756,6485
31757,6473
31758,6485
31759,6477
31760,6477
31761,6485
31762,6477
31763,6482
31764,6477
31765,6485
31766,6470
31767,6479
31768,6485
31769,6485
31770,6485
31771,6485
31772,6485
31773,6479
31774,6485
31775,6485
31776,6485
31777,6485
31778,6485
31779,6485
31780,6472
31781,6479
31782,6485
31783,6485
31784,6485
31785,6485
31786,6485
31787,6479
31788,6485
31789,6485
31790,6484
31791,6491
31792,6482
31793,6491
31794,6495
31795,6494
31796,6497
31797,6487
31798,6491
31799,6488
31800,6491
31801,6490
31802,6491
31803,6482
31804,6491
31805,6491
31806,6488
31807,6482
31808,6491
31809,6490
31810,6491
31811,6488
31812,6491
31813,6491
31814,6488
31815,6491
31816,6491
31817,6474
31818,6485
31819,6449
31820,6485
31821,6485
31822,6464
31823,6485
31824,6485
31825,6485
31826,6449
31827,6485
31828,6485
31829,6485
31830,6466
31831,6473
31832,6463
31833,6473
31834,6467
31835,6478
31836,6476
31837,6473
31838,6473
31839,6441
31840,6473
31841,6478
31842,6473
31843,6476
31844,6473
31845,6473
31846,6441
31847,6478
31848,6473
31849,6467
31850,6485
31851,6479
31852,6488
31853,6405
31854,6484
31855,6485
31856,6477
31857,6463
31858,6477
31859,6485
31860,6484
31861,6484
31862,6485
31863,6478
31864,6484
31865,6477
31866,6479
31867,6491
31868,6485
31869,6485
31870,6491
31871,6485
31872,6494
31873,6494
31874,6506
31875,6500
31876,6503
31877,6506
31878,6497
31879,6506
31880,6503
31881,6506
31882,6500
31883,6494
31884,6503
31885,6506
31886,6497
31887,6482
31888,6500
31889,6485
31890,6494
31891,6499
31892,6506
31893,6484
31894,6499
31895,6478
31896,6485
31897,6500
31898,6499
31899,6506
31900,6466
31901,6499
31902,6504
31903,6506
31904,6499
31905,6478
31906,6499
31907,6504
31908,6506
31909,6499
31910,6485
31911,6506
31912,6491
31913,6504
31914,6499
31915,6478
31916,6499
31917,6506
31918,6499
31919,6504
31920,6485
31921,6506
31922,6499
31923,6497
31924,6500
31925,6513
31926,6514
31927,6512
31928,6514
31929,6521
31930,6521
31931,6523
31932,6521
31933,6487
31934,6497
31935,6509
31936,6497
31937,6500
31938,6497
31939,6478
31940,6512
31941,6501
31942,6500
31943,6503
31944,6521
31945,6506
31946,6503
31947,6500
31948,6509
31949,6509
31950,6486
31951,6499
31952,6512
31953,6512
31954,6479
31955,6512
31956,6512
31957,6512
31958,6521
31959,6506
31960,6521
31961,6509
31962,6521
31963,6509
31964,6521
31965,6521
31966,6509
31967,6521
31968,6518
31969,6509
31970,6521
31971,6503
31972,6513
31973,6503
31974,6515
31975,6500
31976,6520
31977,6521
31978,6509
31979,6521
31980,6506
31981,6521
31982,6509
31983,6521
31984,6509
31985,6521
31986,6518
31987,6509
31988,6521
31989,6521
31990,6512
31991,6512
31992,6476
31993,6512
31994,6512
31995,6517
31996,6515
31997,6506
31998,6509
31999,6525
32000,6530
32001,6530
32002,6500
32003,6519
32004,6530
32005,6513
32006,6530
32007,6530
32008,6519
32009,6500
32010,6530
32011,6492
32012,6530
32013,6519
32014,6530
32015,6533
32016,6534
32017,6534
32018,6530
32019,6534
32020,6534
32021,6533
32022,6533
32023,6527
32024,6527
32025,6533
32026,6527
32027,6521
32028,6533
32029,6533
32030,6527
32031,6521
32032,6533
32033,6527
32034,6533
32035,6534
32036,6534
32037,6534
32038,6534
32039,6525
32040,6530
32041,6534
32042,6534
32043,6518
32044,6534
32045,6518
32046,6525
32047,6533
32048,6499
32049,6519
32050,6530
32051,6530
32052,6533
32053,6534
32054,6530
32055,6516
32056,6536
32057,6532
32058,6536
32059,6536
32060,6536
32061,6532
32062,6536
32063,6526
32064,6536
32065,6521
32066,6536
32067,6536
32068,6532
32069,6536
32070,6536
32071,6536
32072,6536
32073,6532
32074,6536
32075,6536
32076,6532
32077,6536
32078,6536
32079,6536
32080,6512
32081,6536
32082,6536
32083,6532
32084,6536
32085,6536
32086,6536
32087,6534
32088,6530
32089,6534
32090,6518
32091,6534
32092,6534
32093,6513
32094,6528
32095,6521
32096,6524
32097,6521
32098,6521
32099,6534
32100,6541
32101,6530
32102,6541
32103,6536
32104,6541
32105,6539
32106,6536
32107,6533
32108,6529
32109,6521
32110,6536
32111,6529
32112,6533
32113,6529
32114,6536
32115,6539
32116,6524
32117,6533
32118,6536
32119,6524
32120,6534
32121,6540
32122,6524
32123,6522
32124,6538
32125,6534
32126,6538
32127,6544
32128,6529
32129,6538
32130,6544
32131,6538
32132,6548
32133,6551
32134,6545
32135,6539
32136,6524
32137,6548
32138,6538
32139,6532
32140,6538
32141,6548
32142,6524
32143,6533
32144,6548
32145,6538
32146,6524
32147,6527
32148,6521
32149,6539
32150,6538
32151,6548
32152,6539
32153,6544
32154,6539
32155,6540
32156,6541
32157,6529
32158,6542
32159,6548
32160,6542
32161,6532
32162,6548
32163,6529
32164,6542
32165,6549
32166,6548
32167,6524
32168,6542
32169,6544
32170,6548
32171,6542
32172,6534
32173,6524
32174,6523
32175,6544
32176,6543
32177,6530
32178,6530
32179,6539
32180,6530
32181,6543
32182,6530
32183,6534
32184,6527
32185,6545
32186,6546
32187,6548
32188,6527
32189,6546
32190,6545
32191,6497
32192,6527
32193,6548
32194,6546
32195,6527
32196,6545
32197,6527
32198,6539
32199,6551
32200,6548
32201,6551
32202,6534
32203,6548
32204,6551
32205,6551
32206,6550
32207,6548
32208,6551
32209,6548
32210,6551
32211,6534
32212,6551
32213,6548
32214,6557
32215,6554
32216,6550
32217,6566
32218,6566
32219,6555
32220,6548
32221,6566
32222,6566
32223,6563
32224,6549
32225,6549
32226,6545
32227,6549
32228,6549
32229,6539
32230,6549
32231,6560
32232,6557
32233,6563
32234,6557
32235,6566
32236,6563
32237,6557
32238,6566
32239,6563
32240,6557
32241,6557
32242,6566
32243,6563
32244,6560
32245,6551
32246,6536
32247,6542
32248,6555
32249,6533
32250,6557
32251,6538
32252,6541
32253,6557
32254,6551
32255,6557
32256,6557
32257,6557
32258,6538
32259,6557
32260,6547
32261,6541
32262,6557
32263,6557
32264,6555
32265,6545
32266,6551
32267,6554
32268,6530
32269,6549
32270,6550
32271,6563
32272,6560
32273,6560
32274,6560
32275,6572
32276,6572
32277,6563
32278,6572
32279,6568
32280,6572
32281,6572
32282,6572
32283,6572
32284,6564
32285,6568
32286,6572
32287,6563
32288,6561
32289,6575
32290,6572
32291,6575
32292,6561
32293,6563
32294,6575
32295,6572
32296,6561
32297,6569
32298,6572
32299,6572
32300,6560
32301,6547
32302,6572
32303,6568
32304,6572
32305,6553
32306,6572
32307,6572
32308,6569
32309,6575
32310,6561
32311,6572
32312,6580
32313,6580
32314,6578
32315,6571
32316,6580
32317,6583
32318,6584
32319,6590
32320,6587
32321,6550
32322,6554
32323,6590
32324,6573
32325,6572
32326,6566
32327,6583
32328,6583
32329,6589
32330,6572
32331,6584
32332,6587
32333,6572
32334,6566
32335,6587
32336,6589
32337,6587
32338,6579
32339,6580
32340,6583
32341,6580
32342,6575
32343,6578
32344,6580
32345,6583
32346,6580
32347,6578
32348,6580
32349,6584
32350,6578
32351,6590
32352,6584
32353,6580
32354,6572
32355,6580
32356,6583
32357,6580
32358,6578
32359,6580
32360,6573
32361,6575
32362,6580
32363,6583
32364,6578
32365,6580
32366,6580
32367,6584
32368,6572
32369,6590
32370,6578
32371,6587
32372,6587
32373,6590
32374,6590
32375,6583
32376,6590
32377,6590
32378,6590
32379,6587
32380,6590
32381,6583
32382,6590
32383,6590
32384,6590
32385,6587
32386,6590
32387,6597
32388,6592
32389,6599
32390,6599
32391,6602
32392,6597
32393,6590
32394,6583
32395,6590
32396,6583
32397,6590
32398,6590
32399,6590
32400,6590
32401,6584
32402,6590
32403,6590
32404,6583
32405,6590
32406,6587
32407,6590
32408,6590
32409,6590
32410,6597
32411,6599
32412,6596
32413,6592
32414,6572
32415,6597
32416,6583
32417,6587
32418,6590
32419,6590
32420,6575
32421,6567
32422,6583
32423,6580
32424,6575
32425,6583
32426,6587
32427,6583
32428,6575
32429,6593
32430,6590
32431,6599
32432,6596
32433,6597
32434,6608
32435,6578
32436,6600
32437,6593
32438,6593
32439,6600
32440,6590
32441,6593
32442,6585
32443,6599
32444,6584
32445,6603
32446,6604
32447,6607
32448,6607
32449,6596
32450,6602
32451,6598
32452,6607
32453,6596
32454,6607
32455,6596
32456,6599
32457,6596
32458,6607
32459,6590
32460,6602
32461,6596
32462,6607
32463,6596
32464,6607
32465,6605
32466,6596
32467,6607
32468,6590
32469,6607
32470,6596
32471,6602
32472,6600
32473,6602
32474,6593
32475,6608
32476,6617
32477,6614
32478,6620
32479,6614
32480,6602
32481,6623
32482,6626
32483,6625
32484,6612
32485,6623
32486,6611
32487,6624
32488,6620
32489,6626
32490,6623
32491,6632
32492,6635
32493,6635
32494,6632
32495,6635
32496,6635
32497,6614
32498,6623
32499,6620
32500,6614
32501,6619
32502,6614
32503,6620
32504,6614
32505,6635
32506,6614
32507,6620
32508,6630
32509,6637
32510,6608
32511,6635
32512,6629
32513,6608
32514,6632
32515,6637
32516,6608
32517,6629
32518,6608
32519,6637
32520,6638
32521,6644
32522,6644
32523,6632
32524,6644
32525,6626
32526,6644
32527,6637
32528,6623
32529,6636
32530,6623
32531,6623
32532,6617
32533,6638
32534,6632
32535,6589
32536,6638
32537,6632
32538,6638
32539,6632
32540,6589
32541,6638
32542,6617
32543,6632
32544,6620
32545,6632
32546,6638
32547,6635
32548,6589
32549,6632
32550,6638
32551,6632
32552,6589
32553,6638
32554,6632
32555,6617
32556,6632
32557,6638
32558,6589
32559,6632
32560,6638
32561,6635
32562,6644
32563,6644
32564,6635
32565,6638
32566,6644
32567,6644
32568,6632
32569,6644
32570,6622
32571,6644
32572,6637
32573,6613
32574,6629
32575,6615
32576,6632
32577,6617
32578,6631
32579,6632
32580,6631
32581,6631
32582,6632
32583,6629
32584,6631
32585,6622
32586,6631
32587,6629
32588,6632
32589,6631
32590,6635
32591,6605
32592,6617
32593,6621
32594,6629
32595,6635
32596,6623
32597,6629
32598,6631
32599,6620
32600,6641
32601,6644
32602,6622
32603,6644
32604,6638
32605,6638
32606,6638
32607,6635
32608,6644
32609,6644
32610,6635
32611,6620
32612,6620
32613,6626
32614,6618
32615,6626
32616,6641
32617,6626
32618,6618
32619,6641
32620,6627
32621,6644
32622,6644
32623,6626
32624,6634
32625,6644
32626,6635
32627,6644
32628,6634
32629,6644
32630,6627
32631,6644
32632,6644
32633,6650
32634,6650
32635,6653
32636,6653
32637,6653
32638,6650
32639,6653
32640,6653
32641,6650
32642,6653
32643,6648
32644,6644
32645,6649
32646,6626
32647,6629
32648,6648
32649,6653
32650,6653
32651,6644
32652,6653
32653,6650
32654,6653
32655,6643
32656,6653
32657,6647
32658,6631
32659,6641
32660,6647
32661,6653
32662,6653
32663,6629
32664,6629
32665,6647
32666,6646
32667,6632
32668,6629
32669,6643
32670,6615
32671,6638
32672,6631
32673,6626
32674,6637
32675,6631
32676,6650
32677,6631
32678,6638
32679,6620
32680,6631
32681,6637
32682,6631
32683,6643
32684,6626
32685,6647
32686,6646
32687,6626
32688,6638
32689,6626
32690,6653
32691,6647
32692,6653
32693,6650
32694,6647
32695,6629
32696,6641
32697,6650
32698,6650
32699,6640
32700,6650
32701,6650
32702,6653
32703,6640
32704,6650
32705,6650
32706,6650
32707,6640
32708,6650
32709,6641
32710,6649
32711,6653
32712,6653
32713,6638
32714,6632
32715,6641
32716,6629
32717,6638
32718,6632
32719,6629
32720,6638
32721,6641
32722,6632
32723,6638
32724,6629
32725,6638
32726,6629
32727,6632
32728,6648
32729,6647
32730,6653
32731,6649
32732,6649
32733,6662
32734,6647
32735,6655
32736,6650
32737,6645
32738,6635
32739,6614
32740,6650
32741,6644
32742,6614
32743,6614
32744,6658
32745,6647
32746,6658
32747,6656
32748,6663
32749,6664
32750,6666
32751,6659
32752,6666
32753,6664
32754,6644
32755,6666
32756,6659
32757,6664
32758,6666
32759,6664
32760,6653
32761,6668
32762,6668
32763,6671
32764,6670
32765,6669
32766,6675
32767,6670
32768,6671
32769,6674
32770,6656
32771,6656
32772,6670
32773,6671
32774,6675
32775,6670
32776,6669
32777,6670
32778,6671
32779,6671
32780,6670
32781,6674
32782,6671
32783,6670
32784,6670
32785,6671
32786,6671
32787,6683
32788,6664
32789,6675
32790,6667
32791,6678
32792,6671
32793,6680
32794,6671
32795,6664
32796,6667
32797,6671
32798,6671
32799,6656
32800,6675
32801,6667
32802,6675
32803,6687
32804,6692
32805,6683
32806,6691
32807,6684
32808,6691
32809,6689
32810,6691
32811,6697
32812,6701
32813,6701
32814,6701
32815,6701
32816,6701
32817,6680
32818,6704
32819,6704
32820,6716
32821,6715
32822,6713
32823,6686
32824,6685
32825,6698
32826,6686
32827,6707
32828,6698
32829,6675
32830,6713
32831,6680
32832,6692
32833,6680
32834,6698
32835,6680
32836,6704
32837,6680
32838,6698
32839,6680
32840,6713
32841,6715
32842,6704
32843,6716
32844,6704
32845,6715
32846,6713
32847,6680
32848,6698
32849,6680
32850,6700
32851,6701
32852,6704
32853,6712
32854,6698
32855,6701
32856,6704
32857,6701
32858,6712
32859,6700
32860,6698
32861,6701
32862,6707
32863,6704
32864,6712
32865,6701
32866,6704
32867,6712
32868,6701
32869,6701
32870,6698
32871,6700
32872,6712
32873,6704
32874,6701
32875,6700
32876,6675
32877,6698
32878,6675
32879,6707
32880,6686
32881,6685
32882,6686
32883,6685
32884,6713
32885,6716
32886,6695
32887,6710
32888,6710
32889,6716
32890,6710
32891,6716
32892,6710
32893,6710
32894,6704
32895,6704
32896,6710
32897,6686
32898,6716
32899,6716
32900,6719
32901,6720
32902,6723
32903,6723
32904,6716
32905,6724
32906,6723
32907,6723
32908,6725
32909,6723
32910,6722
32911,6721
32912,6707
32913,6720
32914,6725
32915,6722
32916,6722
32917,6707
32918,6719
32919,6719
32920,6718
32921,6719
32922,6707
32923,6719
32924,6707
32925,6710
32926,6719
32927,6707
32928,6719
32929,6718
32930,6686
32931,6719
32932,6704
32933,6719
32934,6718
32935,6719
32936,6704
32937,6707
32938,6710
32939,6712
32940,6719
32941,6722
32942,6721
32943,6706
32944,6728
32945,6722
32946,6728
32947,6731
32948,6725
32949,6728
32950,6731
32951,6731
32952,6706
32953,6733
32954,6731
32955,6725
32956,6727
32957,6728
32958,6707
32959,6706
32960,6721
32961,6728
32962,6719
32963,6722
32964,6725
32965,6722
32966,6731
32967,6717
32968,6737
32969,6739
32970,6734
32971,6739
32972,6728
32973,6722
32974,6737
32975,6736
32976,6686
32977,6719
32978,6737
32979,6736
32980,6731
32981,6737
32982,6719
32983,6736
32984,6716
32985,6733
32986,6746
32987,6744
32988,6733
32989,6737
32990,6722
32991,6725
32992,6728
32993,6734
32994,6734
32995,6710
32996,6731
32997,6734
32998,6740
32999,6739
33000,6710
33001,6731
33002,6740
33003,6736
33004,6739
33005,6744
33006,6740
33007,6737
33008,6734
33009,6740
33010,6715
33011,6734
33012,6740
33013,6717
33014,6728
33015,6743
33016,6740
33017,6731
33018,6743
33019,6747
33020,6752
33021,6747
33022,6743
33023,6743
33024,6747
33025,6752
33026,6747
33027,6743
33028,6731
33029,6747
33030,6743
33031,6747
33032,6752
33033,6747
33034,6743
33035,6747
33036,6752
33037,6749
33038,6743
33039,6734
33040,6734
33041,6749
33042,6746
33043,6749
33044,6722
33045,6743
33046,6722
33047,6728
33048,6731
33049,6722
33050,6722
33051,6743
33052,6746
33053,6748
33054,6731
33055,6746
33056,6740
33057,6743
33058,6746
33059,6748
33060,6746
33061,6746
33062,6743
33063,6746
33064,6748
33065,6746
33066,6746
33067,6743
33068,6722
33069,6731
33070,6746
33071,6731
33072,6749
33073,6746
33074,6739
33075,6735
33076,6749
33077,6749
33078,6749
33079,6746
33080,6730
33081,6740
33082,6749
33083,6746
33084,6749
33085,6740
33086,6735
33087,6746
33088,6749
33089,6722
33090,6730
33091,6746
33092,6740
33093,6749
33094,6751
33095,6730
33096,6735
33097,6751
33098,6749
33099,6730
33100,6734
33101,6751
33102,6751
33103,6749
33104,6730
33105,6751
33106,6730
33107,6751
33108,6749
33109,6740
33110,6730
33111,6751
33112,6749
33113,6735
33114,6730
33115,6751
33116,6749
33117,6757
33118,6735
33119,6757
33120,6752
33121,6742
33122,6757
33123,6745
33124,6757
33125,6752
33126,6757
33127,6735
33128,6757
33129,6752
33130,6737
33131,6761
33132,6755
33133,6751
33134,6761
33135,6772
33136,6770
33137,6766
33138,6749
33139,6761
33140,6770
33141,6764
33142,6779
33143,6769
33144,6785
33145,6773
33146,6782
33147,6776
33148,6758
33149,6773
33150,6758
33151,6767
33152,6758
33153,6758
33154,6735
33155,6772
33156,6758
33157,6758
33158,6767
33159,6758
33160,6773
33161,6758
33162,6758
33163,6769
33164,6785
33165,6782
33166,6772
33167,6772
33168,6794
33169,6784
33170,6772
33171,6785
33172,6794
33173,6773
33174,6776
33175,6784
33176,6794
33177,6776
33178,6785
33179,6794
33180,6776
33181,6773
33182,6784
33183,6776
33184,6794
33185,6785
33186,6772
33187,6794
33188,6784
33189,6773
33190,6772
33191,6794
33192,6797
33193,6803
33194,6788
33195,6791
33196,6800
33197,6797
33198,6785
33199,6803
33200,6806
33201,6793
33202,6803
33203,6806
33204,6800
33205,6793
33206,6809
33207,6803
33208,6809
33209,6815
33210,6815
33211,6814
33212,6779
33213,6814
33214,6815
33215,6814
33216,6815
33217,6815
33218,6814
33219,6818
33220,6818
33221,6823
33222,6818
33223,6817
33224,6800
33225,6819
33226,6815
33227,6821
33228,6819
33229,6815
33230,6826
33231,6825
33232,6818
33233,6825
33234,6827
33235,6825
33236,6818
33237,6818
33238,6825
33239,6818
33240,6815
33241,6815
33242,6818
33243,6824
33244,6809
33245,6830
33246,6817
33247,6825
33248,6827
33249,6825
33250,6818
33251,6818
33252,6833
33253,6836
33254,6831
33255,6836
33256,6828
33257,6836
33258,6838
33259,6841
33260,6833
33261,6838
33262,6838
33263,6836
33264,6841
33265,6838
33266,6845
33267,6842
33268,6839
33269,6842
33270,6839
33271,6848
33272,6842
33273,6849
33274,6852
33275,6854
33276,6850
33277,6852
33278,6854
33279,6854
33280,6848
33281,6854
33282,6854
33283,6854
33284,6854
33285,6854
33286,6852
33287,6854
33288,6852
33289,6850
33290,6854
33291,6852
33292,6833
33293,6852
33294,6842
33295,6854
33296,6850
33297,6833
33298,6827
33299,6854
33300,6852
33301,6854
33302,6852
33303,6850
33304,6854
33305,6852
33306,6854
33307,6854
33308,6852
33309,6842
33310,6854
33311,6852
33312,6854
33313,6860
33314,6858
33315,6848
33316,6860
33317,6848
33318,6833
33319,6828
33320,6854
33321,6848
33322,6851
33323,6854
33324,6854
33325,6845
33326,6833
33327,6828
33328,6854
33329,6821
33330,6854
33331,6851
33332,6848
33333,6854
33334,6854
33335,6828
33336,6827
33337,6847
33338,6844
33339,6846
33340,6844
33341,6836
33342,6851
33343,6844
33344,6846
33345,6844
33346,6854
33347,6844
33348,6846
33349,6844
33350,6851
33351,6844
33352,6836
33353,6846
33354,6844
33355,6854
33356,6844
33357,6846
33358,6851
33359,6844
33360,6844
33361,6844
33362,6839
33363,6839
33364,6836
33365,6827
33366,6839
33367,6845
33368,6854
33369,6853
33370,6806
33371,6854
33372,6853
33373,6843
33374,6860
33375,6857
33376,6842
33377,6860
33378,6857
33379,6845
33380,6860
33381,6857
33382,6863
33383,6860
33384,6860
33385,6860
33386,6865
33387,6860
33388,6860
33389,6857
33390,6860
33391,6865
33392,6860
33393,6854
33394,6860
33395,6868
33396,6869
33397,6857
33398,6851
33399,6857
33400,6857
33401,6866
33402,6857
33403,6868
33404,6864
33405,6877
33406,6875
33407,6866
33408,6858
33409,6868
33410,6866
33411,6850
33412,6868
33413,6868
33414,6869
33415,6876
33416,6884
33417,6880
33418,6857
33419,6880
33420,6874
33421,6884
33422,6875
33423,6886
33424,6886
33425,6887
33426,6886
33427,6886
33428,6890
33429,6890
33430,6896
33431,6902
33432,6896
33433,6890
33434,6887
33435,6890
33436,6872
33437,6890
33438,6887
33439,6893
33440,6890
33441,6890
33442,6899
33443,6896
33444,6890
33445,6890
33446,6890
33447,6896
33448,6890
33449,6893
33450,6887
33451,6890
33452,6890
33453,6887
33454,6890
33455,6868
33456,6890
33457,6887
33458,6896
33459,6890
33460,6875
33461,6891
33462,6893
33463,6887
33464,6893
33465,6887
33466,6891
33467,6879
33468,6902
33469,6905
33470,6908
33471,6901
33472,6896
33473,6901
33474,6893
33475,6887
33476,6901
33477,6908
33478,6901
33479,6896
33480,6905
33481,6902
33482,6893
33483,6887
33484,6896
33485,6905
33486,6902
33487,6905
33488,6910
33489,6911
33490,6902
33491,6920
33492,6920
33493,6906
33494,6911
33495,6887
33496,6911
33497,6881
33498,6911
33499,6905
33500,6917
33501,6908
33502,6917
33503,6917
33504,6916
33505,6923
33506,6920
33507,6909
33508,6927
33509,6917
33510,6915
33511,6923
33512,6914
33513,6915
33514,6923
33515,6915
33516,6905
33517,6911
33518,6911
33519,6920
33520,6921
33521,6911
33522,6911
33523,6920
33524,6923
33525,6929
33526,6932
33527,6926
33528,6929
33529,6932
33530,6914
33531,6935
33532,6909
33533,6929
33534,6929
33535,6936
33536,6913
33537,6936
33538,6920
33539,6929
33540,6936
33541,6934
33542,6932
33543,6922
33544,6929
33545,6929
33546,6914
33547,6920
33548,6908
33549,6914
33550,6909
33551,6925
33552,6930
33553,6926
33554,6919
33555,6925
33556,6930
33557,6920
33558,6920
33559,6923
33560,6922
33561,6910
33562,6923
33563,6920
33564,6923
33565,6920
33566,6922
33567,6920
33568,6923
33569,6920
33570,6923
33571,6931
33572,6920
33573,6928
33574,6914
33575,6923
33576,6920
33577,6922
33578,6916
33579,6911
33580,6923
33581,6923
33582,6896
33583,6915
33584,6914
33585,6923
33586,6915
33587,6915
33588,6923
33589,6914
33590,6929
33591,6915
33592,6923
33593,6915
33594,6914
33595,6915
33596,6923
33597,6892
33598,6917
33599,6920
33600,6890
33601,6923
33602,6886
33603,6926
33604,6886
33605,6923
33606,6926
33607,6929
33608,6899
33609,6923
33610,6892
33611,6923
33612,6923
33613,6899
33614,6908
33615,6923
33616,6923
33617,6892
33618,6923
33619,6899
33620,6908
33621,6938
33622,6940
33623,6944
33624,6944
33625,6944
33626,6943
33627,6944
33628,6947
33629,6949
33630,6941
33631,6941
33632,6949
33633,6944
33634,6947
33635,6938
33636,6932
33637,6953
33638,6947
33639,6938
33640,6932
33641,6928
33642,6944
33643,6935
33644,6941
33645,6935
33646,6932
33647,6947
33648,6953
33649,6935
33650,6932
33651,6947
33652,6935
33653,6932
33654,6920
33655,6941
33656,6940
33657,6935
33658,6917
33659,6941
33660,6917
33661,6953
33662,6941
33663,6917
33664,6941
33665,6917
33666,6949
33667,6950
33668,6950
33669,6929
33670,6944
33671,6952
33672,6950
33673,6944
33674,6938
33675,6944
33676,6936
33677,6938
33678,6944
33679,6938
33680,6950
33681,6938
33682,6944
33683,6938
33684,6950
33685,6950
33686,6950
33687,6960
33688,6961
33689,6947
33690,6960
33691,6949
33692,6956
33693,6929
33694,6947
33695,6953
33696,6956
33697,6947
33698,6956
33699,6955
33700,6929
33701,6938
33702,6956
33703,6953
33704,6947
33705,6956
33706,6929
33707,6949
33708,6960
33709,6947
33710,6961
33711,6960
33712,6946
33713,6941
33714,6947
33715,6953
33716,6960
33717,6947
33718,6961
33719,6960
33720,6947
33721,6953
33722,6960
33723,6947
33724,6965
33725,6965
33726,6971
33727,6965
33728,6970
33729,6965
33730,6965
33731,6970
33732,6970
33733,6965
33734,6970
33735,6965
33736,6970
33737,6965
33738,6965
33739,6962
33740,6970
33741,6965
33742,6970
33743,6932
33744,6959
33745,6951
33746,6958
33747,6944
33748,6958
33749,6958
33750,6965
33751,6965
33752,6958
33753,6944
33754,6958
33755,6965
33756,6958
33757,6953
33758,6974
33759,6963
33760,6951
33761,6964
33762,6968
33763,6963
33764,6974
33765,6951
33766,6963
33767,6968
33768,6974
33769,6964
33770,6953
33771,6965
33772,6958
33773,6958
33774,6941
33775,6958
33776,6968
33777,6953
33778,6970
33779,6963
33780,6968
33781,6970
33782,6965
33783,6965
33784,6929
33785,6941
33786,6941
33787,6955
33788,6941
33789,6929
33790,6941
33791,6955
33792,6941
33793,6941
33794,6929
33795,6955
33796,6941
33797,6953
33798,6959
33799,6959
33800,6958
33801,6928
33802,6959
33803,6959
33804,6959
33805,6964
33806,6961
33807,6966
33808,6968
33809,6959
33810,6961
33811,6964
33812,6968
33813,6974
33814,6965
33815,6962
33816,6974
33817,6962
33818,6974
33819,6965
33820,6962
33821,6962
33822,6974
33823,6962
33824,6974
33825,6940
33826,6974
33827,6974
33828,6967
33829,6976
33830,6964
33831,6971
33832,6967
33833,6971
33834,6977
33835,6964
33836,6975
33837,6974
33838,6953
33839,6968
33840,6949
33841,6967
33842,6974
33843,6974
33844,6949
33845,6974
33846,6974
33847,6949
33848,6974
33849,6950
33850,6974
33851,6949
33852,6968
33853,6974
33854,6949
33855,6974
33856,6967
33857,6964
33858,6964
33859,6975
33860,6964
33861,6977
33862,6971
33863,6971
33864,6971
33865,6964
33866,6976
33867,6967
33868,6968
33869,6964
33870,6949
33871,6974
33872,6974
33873,6968
33874,6974
33875,6974
33876,6974
33877,6967
33878,6974
33879,6961
33880,6974
33881,6968
33882,6961
33883,6974
33884,6968
33885,6974
33886,6974
33887,6967
33888,6974
33889,6974
33890,6974
33891,6940
33892,6962
33893,6974
33894,6962
33895,6977
33896,6968
33897,6978
33898,6959
33899,6978
33900,6979
33901,6968
33902,6977
33903,6978
33904,6959
33905,6979
33906,6978
33907,6968
33908,6978
33909,6977
33910,6962
33911,6974
33912,6962
33913,6974
33914,6962
33915,6962
33916,6974
33917,6940
33918,6974
33919,6974
33920,6962
33921,6967
33922,6968
33923,6961
33924,6965
33925,6961
33926,6967
33927,6968
33928,6961
33929,6950
33930,6958
33931,6940
33932,6950
33933,6958
33934,6956
33935,6965
33936,6958
33937,6958
33938,6965
33939,6961
33940,6967
33941,6968
33942,6961
33943,6961
33944,6968
33945,6967
33946,6965
33947,6961
33948,6961
33949,6968
33950,6958
33951,6956
33952,6953
33953,6953
33954,6970
33955,6965
33956,6971
33957,6962
33958,6970
33959,6962
33960,6971
33961,6962
33962,6971
33963,6956
33964,6962
33965,6962
33966,6974
33967,6980
33968,6971
33969,6977
33970,6980
33971,6980
33972,6982
33973,6971
33974,6982
33975,6980
33976,6983
33977,6974
33978,6977
33979,6972
33980,6977
33981,6974
33982,6972
33983,6977
33984,6971
33985,6965
33986,6972
33987,6974
33988,6977
33989,6983
33990,6980
33991,6982
33992,6940
33993,6986
33994,6986
33995,6980
33996,6966
33997,6971
33998,6965
33999,6966
34000,6971
34001,6965
34002,6971
34003,6970
34004,6962
34005,6970
34006,6962
34007,6980
34008,6968
34009,6958
34010,6962
34011,6980
34012,6980
34013,6986
34014,6988
34015,6991
34016,6980
34017,6991
34018,6980
34019,6980
34020,6980
34021,6986
34022,6992
34023,6988
34024,6980
34025,6966
34026,6971
34027,6940
34028,6962
34029,6981
34030,6986
34031,6971
34032,6981
34033,6986
34034,6981
34035,6986
34036,6962
34037,6971
34038,6974
34039,6981
34040,6982
34041,6991
34042,6980
34043,6991
34044,6982
34045,6986
34046,6986
34047,6980
34048,6971
34049,6986
34050,6986
34051,6946
34052,6986
34053,6986
34054,6971
34055,6986
34056,6986
34057,6986
34058,6986
34059,6940
34060,6966
34061,6971
34062,6966
34063,6980
34064,6986
34065,6986
34066,6991
34067,6980
34068,6991
34069,6977
34070,6991
34071,6986
34072,6991
34073,6991
34074,6980
34075,6988
34076,6980
34077,6980
34078,6980
34079,6975
34080,6980
34081,6980
34082,6980
34083,6940
34084,6968
34085,6980
34086,6975
34087,6983
34088,6980
34089,6980
34090,6975
34091,6970
34092,6980
34093,6980
34094,6980
34095,6983
34096,6980
34097,6983
34098,6986
34099,6991
34100,6986
34101,6966
34102,6971
34103,6966
34104,6983
34105,6968
34106,6962
34107,6971
34108,6959
34109,6974
34110,6974
34111,6975
34112,6965
34113,6974
34114,6980
34115,6991
34116,6949
34117,6991
34118,6971
34119,6991
34120,6980
34121,6991
34122,6988
34123,6984
34124,6962
34125,6968
34126,6980
34127,6941
34128,6983
34129,6986
34130,6961
34131,6965
34132,6986
34133,6989
34134,6986
34135,6965
34136,6941
34137,6946
34138,6968
34139,6980
34140,6977
34141,6962
34142,6971
34143,6980
34144,6986
34145,6971
34146,6965
34147,6971
34148,6986
34149,6987
34150,6988
34151,6991
34152,6980
34153,6983
34154,6987
34155,6980
34156,6974
34157,6982
34158,6986
34159,6980
34160,6969
34161,6984
34162,6980
34163,6974
34164,6984
34165,6969
34166,6974
34167,6984
34168,6965
34169,6971
34170,6965
34171,6987
34172,6962
34173,6992
34174,6980
34175,6992
34176,6977
34177,6992
34178,6989
34179,6975
34180,6980
34181,6987
34182,6980
34183,6980
34184,6987
34185,6980
34186,6980
34187,6984
34188,6971
34189,6985
34190,6968
34191,6974
34192,6968
34193,6974
34194,6985
34195,6968
34196,6974
34197,6971
34198,6971
34199,6980
34200,6980
34201,6958
34202,6980
34203,6980
34204,6980
34205,6980
34206,6979
34207,6980
34208,6978
34209,6968
34210,6974
34211,6985
34212,6953
34213,6971
34214,6975
34215,6984
34216,6980
34217,6984
34218,6992
34219,6984
34220,6992
34221,6962
34222,6983
34223,6992
34224,6984
34225,6992
34226,6984
34227,6980
34228,6980
34229,6984
34230,6980
34231,6980
34232,6974
34233,6983
34234,6983
34235,6979
34236,6983
34237,6983
34238,6992
34239,6998
34240,6995
34241,6995
34242,6998
34243,6995
34244,6983
34245,6992
34246,6998
34247,6995
34248,6980
34249,6995
34250,6998
34251,6971
34252,6998
34253,6986
34254,6986
34255,6986
34256,6986
34257,6986
34258,6986
34259,6998
34260,6986
34261,6986
34262,6974
34263,6986
34264,6986
34265,6998
34266,6989
34267,6986
34268,6994
34269,6986
34270,6994
34271,6989
34272,6986
34273,6988
34274,6971
34275,6989
34276,6985
34277,6980
34278,6989
34279,6985
34280,7001
34281,6992
34282,7001
34283,6998
34284,6992
34285,6992
34286,6995
34287,6994
34288,7003
34289,6992
34290,7001
34291,6992
34292,7003
34293,6992
34294,7001
34295,6977
34296,6998
34297,6992
34298,6998
34299,7001
34300,6998
34301,7006
34302,6997
34303,7006
34304,7003
34305,6997
34306,6977
34307,6998
34308,7000
34309,7004
34310,7006
34311,7000
34312,7000
34313,6998
34314,6998
34315,7000
34316,6992
34317,6998
34318,6995
34319,6992
34320,7003
34321,6983
34322,6989
34323,6953
34324,6998
34325,6991
34326,6998
34327,6953
34328,6998
34329,6980
34330,6989
34331,6998
34332,6971
34333,7001
34334,7003
34335,6992
34336,7006
34337,7006
34338,6997
34339,6999
34340,7000
34341,6997
34342,7006
34343,6997
34344,7004
34345,7007
34346,7007
34347,7007
34348,7007
34349,6992
34350,7004
34351,7007
34352,7007
34353,7006
34354,7000
34355,6986
34356,7001
34357,6992
34358,7000
34359,6986
34360,7001
34361,7000
34362,6983
34363,7000
34364,7001
34365,6986
34366,7000
34367,7001
34368,7000
34369,6986
34370,7000
34371,7001
34372,7000
34373,6986
34374,6988
34375,6989
34376,6998
34377,6995
34378,6990
34379,6988
34380,7004
34381,6992
34382,7000
34383,6997
34384,7004
34385,6974
34386,7013
34387,7005
34388,6992
34389,7010
34390,7004
34391,7013
34392,7022
34393,7019
34394,7004
34395,7018
34396,7022
34397,7018
34398,7004
34399,7019
34400,7022
34401,7016
34402,7013
34403,7013
34404,7007
34405,6989
34406,7013
34407,7004
34408,7013
34409,7016
34410,7019
34411,7007
34412,7022
34413,7013
34414,7019
34415,7018
34416,7009
34417,7007
34418,7019
34419,7022
34420,7009
34421,7019
34422,7007
34423,7009
34424,7019
34425,7019
34426,7004
34427,7004
34428,6995
34429,6989
34430,6995
34431,6992
34432,6995
34433,6998
34434,6995
34435,6992
34436,6995
34437,6989
34438,6995
34439,7000
34440,7008
34441,7007
34442,6995
34443,7003
34444,7013
34445,7007
34446,7004
34447,7004
34448,7004
34449,6992
34450,7010
34451,6998
34452,7010
34453,7013
34454,7013
34455,7022
34456,6998
34457,7022
34458,7022
34459,7022
34460,7013
34461,7021
34462,7017
34463,7028
34464,7022
34465,7019
34466,7028
34467,7019
34468,7010
34469,7008
34470,7022
34471,7010
34472,7022
34473,7010
34474,6989
34475,6989
34476,7009
34477,7010
34478,6989
34479,7009
34480,6989
34481,7009
34482,6989
34483,7022
34484,7016
34485,7027
34486,7016
34487,7025
34488,7022
34489,7009
34490,7016
34491,7028
34492,7008
34493,7030
34494,7033
34495,7039
34496,7037
34497,7022
34498,7034
34499,7037
34500,7037
34501,7030
34502,7039
34503,7037
34504,7022
34505,7021
34506,7030
34507,7037
34508,7016
34509,7031
34510,7037
34511,7007
34512,7016
34513,7037
34514,7016
34515,7037
34516,6995
34517,7016
34518,7031
34519,7037
34520,7034
34521,7037
34522,7019
34523,7034
34524,7037
34525,7037
34526,7034
34527,7037
34528,7039
34529,7037
34530,7034
34531,7037
34532,7016
34533,7027
34534,7007
34535,7037
34536,7016
34537,7037
34538,7016
34539,7037
34540,7007
34541,7016
34542,7027
34543,7037
34544,7030
34545,7037
34546,7039
34547,7037
34548,7030
34549,7040
34550,7043
34551,7046
34552,7037
34553,7049
34554,7037
34555,7055
34556,7046
34557,7058
34558,7042
34559,7055
34560,7058
34561,7043
34562,7046
34563,7058
34564,7058
34565,7063
34566,7064
34567,7051
34568,7064
34569,7052
34570,7063
34571,7042
34572,7064
34573,7051
34574,7063
34575,7064
34576,7057
34577,7064
34578,7049
34579,7052
34580,7051
34581,7064
34582,7065
34583,7035
34584,7054
34585,7062
34586,7076
34587,7076
34588,7057
34589,7062
34590,7076
34591,7076
34592,7067
34593,7076
34594,7076
34595,7062
34596,7055
34597,7082
34598,7079
34599,7084
34600,7064
34601,7073
34602,7084
34603,7085
34604,7079
34605,7091
34606,7079
34607,7091
34608,7096
34609,7097
34610,7091
34611,7096
34612,7094
34613,7095
34614,7106
34615,7091
34616,7112
34617,7111
34618,7118
34619,7118
34620,7103
34621,7114
34622,7118
34623,7111
34624,7118
34625,7103
34626,7114
34627,7109
34628,7106
34629,7115
34630,7115
34631,7114
34632,7111
34633,7114
34634,7118
34635,7111
34636,7118
34637,7109
34638,7082
34639,7118
34640,7118
34641,7112
34642,7114
34643,7118
34644,7118
34645,7112
34646,7118
34647,7114
34648,7115
34649,7124
34650,7118
34651,7109
34652,7115
34653,7115
34654,7124
34655,7123
34656,7103
34657,7124
34658,7117
34659,7112
34660,7121
34661,7117
34662,7124
34663,7103
34664,7124
34665,7123
34666,7103
34667,7121
34668,7112
34669,7121
34670,7121
34671,7124
34672,7121
34673,7103
34674,7124
34675,7123
34676,7115
34677,7123
34678,7124
34679,7115
34680,7118
34681,7112
34682,7118
34683,7109
34684,7118
34685,7103
34686,7112
34687,7112
34688,7118
34689,7109
34690,7118
34691,7112
34692,7112
34693,7118
34694,7109
34695,7112
34696,7118
34697,7112
34698,7114
34699,7091
34700,7091
34701,7091
34702,7085
34703,7091
34704,7091
34705,7091
34706,7091
34707,7085
34708,7091
34709,7091
34710,7097
34711,7091
34712,7103
34713,7091
34714,7085
34715,7091
34716,7091
34717,7091
34718,7091
34719,7106
34720,7103
34721,7103
34722,7092
34723,7097
34724,7103
34725,7103
34726,7103
34727,7092
34728,7096
34729,7091
34730,7114
34731,7118
34732,7118
34733,7112
34734,7096
34735,7097
34736,7091
34737,7097
34738,7114
34739,7096
34740,7091
34741,7079
34742,7096
34743,7114
34744,7118
34745,7121
34746,7115
34747,7109
34748,7115
34749,7109
34750,7112
34751,7115
34752,7103
34753,7115
34754,7118
34755,7123
34756,7115
34757,7118
34758,7120
34759,7127
34760,7118
34761,7127
34762,7126
34763,7118
34764,7123
34765,7133
34766,7127
34767,7133
34768,7118
34769,7130
34770,7133
34771,7127
34772,7115
34773,7133
34774,7133
34775,7127
34776,7133
34777,7133
34778,7127
34779,7139
34780,7133
34781,7136
34782,7133
34783,7133
34784,7127
34785,7139
34786,7129
34787,7133
34788,7118
34789,7129
34790,7133
34791,7129
34792,7133
34793,7118
34794,7139
34795,7133
34796,7129
34797,7129
34798,7133
34799,7118
34800,7127
34801,7129
34802,7133
34803,7129
34804,7118
34805,7133
34806,7121
34807,7130
34808,7133
34809,7115
34810,7133
34811,7130
34812,7112
34813,7124
34814,7133
34815,7130
34816,7138
34817,7115
34818,7130
34819,7133
34820,7115
34821,7133
34822,7130
34823,7121
34824,7133
34825,7129
34826,7118
34827,7133
34828,7129
34829,7133
34830,7130
34831,7133
34832,7139
34833,7133
34834,7139
34835,7123
34836,7133
34837,7120
34838,7127
34839,7103
34840,7114
34841,7133
34842,7103
34843,7133
34844,7133
34845,7133
34846,7135
34847,7139
34848,7139
34849,7132
34850,7150
34851,7153
34852,7154
34853,7157
34854,7157
34855,7150
34856,7145
34857,7148
34858,7154
34859,7160
34860,7159
34861,7163
34862,7169
34863,7166
34864,7169
34865,7154
34866,7147
34867,7169
34868,7169
34869,7166
34870,7169
34871,7169
34872,7175
34873,7169
34874,7157
34875,7175
34876,7172
34877,7178
34878,7175
34879,7180
34880,7162
34881,7180
34882,7168
34883,7180
34884,7175
34885,7178
34886,7180
34887,7181
34888,7178
34889,7172
34890,7175
34891,7163
34892,7175
34893,7166
34894,7169
34895,7169
34896,7169
34897,7157
34898,7166
34899,7169
34900,7169
34901,7160
34902,7166
34903,7144
34904,7148
34905,7163
34906,7159
34907,7174
34908,7169
34909,7166
34910,7169
34911,7178
34912,7169
34913,7169
34914,7178
34915,7169
34916,7169
34917,7178
34918,7149
34919,7175
34920,7158
34921,7177
34922,7154
34923,7154
34924,7177
34925,7175
34926,7175
34927,7159
34928,7166
34929,7174
34930,7174
34931,7178
34932,7165
34933,7168
34934,7177
34935,7181
34936,7165
34937,7169
34938,7166
34939,7169
34940,7171
34941,7175
34942,7163
34943,7181
34944,7184
34945,7175
34946,7187
34947,7184
34948,7178
34949,7190
34950,7190
34951,7184
34952,7181
34953,7163
34954,7178
34955,7181
34956,7151
34957,7181
34958,7172
34959,7183
34960,7172
34961,7184
34962,7183
34963,7181
34964,7184
34965,7184
34966,7184
34967,7169
34968,7184
34969,7184
34970,7187
34971,7184
34972,7184
34973,7156
34974,7184
34975,7184
34976,7184
34977,7108
34978,7184
34979,7184
34980,7187
34981,7184
34982,7184
34983,7184
34984,7172
34985,7184
34986,7184
34987,7184
34988,7184
34989,7184
34990,7187
34991,7184
34992,7184
34993,7108
34994,7184
34995,7184
34996,7184
34997,7168
34998,7178
34999,7184
35000,7172
35001,7187
35002,7184
35003,7184
35004,7142
35005,7184
35006,7193
35007,7184
35008,7175
35009,7193
35010,7186
35011,7172
35012,7172
35013,7181
35014,7172
35015,7172
35016,7193
35017,7190
35018,7183
35019,7190
35020,7187
35021,7195
35022,7193
35023,7172
35024,7172
35025,7169
35026,7172
35027,7172
35028,7181
35029,7193
35030,7172
35031,7193
35032,7181
35033,7172
35034,7184
35035,7172
35036,7190
35037,7190
35038,7193
35039,7190
35040,7187
35041,7190
35042,7183
35043,7187
35044,7190
35045,7190
35046,7184
35047,7193
35048,7187
35049,7193
35050,7184
35051,7190
35052,7195
35053,7187
35054,7193
35055,7190
35056,7175
35057,7195
35058,7193
35059,7190
35060,7187
35061,7195
35062,7184
35063,7193
35064,7192
35065,7181
35066,7181
35067,7196
35068,7190
35069,7192
35070,7192
35071,7181
35072,7163
35073,7175
35074,7186
35075,7190
35076,7169
35077,7196
35078,7202
35079,7196
35080,7190
35081,7202
35082,7199
35083,7207
35084,7208
35085,7207
35086,7214
35087,7210
35088,7214
35089,7205
35090,7214
35091,7199
35092,7183
35093,7208
35094,7214
35095,7208
35096,7207
35097,7202
35098,7208
35099,7207
35100,7205
35101,7202
35102,7196
35103,7205
35104,7202
35105,7207
35106,7208
35107,7205
35108,7202
35109,7207
35110,7208
35111,7207
35112,7180
35113,7205
35114,7207
35115,7208
35116,7202
35117,7196
35118,7205
35119,7205
35120,7187
35121,7184
35122,7216
35123,7217
35124,7217
35125,7205
35126,7211
35127,7210
35128,7211
35129,7208
35130,7202
35131,7205
35132,7202
35133,7205
35134,7202
35135,7187
35136,7202
35137,7205
35138,7178
35139,7211
35140,7211
35141,7199
35142,7207
35143,7214
35144,7178
35145,7217
35146,7196
35147,7214
35148,7210
35149,7220
35150,7217
35151,7220
35152,7219
35153,7206
35154,7220
35155,7217
35156,7220
35157,7219
35158,7211
35159,7217
35160,7217
35161,7217
35162,7217
35163,7214
35164,7220
35165,7220
35166,7226
35167,7232
35168,7228
35169,7222
35170,7207
35171,7226
35172,7232
35173,7232
35174,7220
35175,7226
35176,7232
35177,7229
35178,7226
35179,7229
35180,7229
35181,7232
35182,7229
35183,7226
35184,7211
35185,7234
35186,7235
35187,7231
35188,7234
35189,7234
35190,7234
35191,7226
35192,7231
35193,7234
35194,7226
35195,7234
35196,7231
35197,7235
35198,7235
35199,7234
35200,7234
35201,7231
35202,7234
35203,7235
35204,7234
35205,7231
35206,7234
35207,7234
35208,7241
35209,7228
35210,7220
35211,7241
35212,7217
35213,7235
35214,7235
35215,7235
35216,7228
35217,7232
35218,7238
35219,7246
35220,7250
35221,7196
35222,7226
35223,7250
35224,7246
35225,7244
35226,7223
35227,7247
35228,7246
35229,7249
35230,7247
35231,7250
35232,7256
35233,7247
35234,7247
35235,7252
35236,7256
35237,7247
35238,7247
35239,7256
35240,7249
35241,7249
35242,7250
35243,7223
35244,7238
35245,7244
35246,7250
35247,7219
35248,7250
35249,7241
35250,7223
35251,7226
35252,7244
35253,7247
35254,7244
35255,7226
35256,7246
35257,7256
35258,7252
35259,7252
35260,7246
35261,7238
35262,7238
35263,7256
35264,7253
35265,7253
35266,7247
35267,7256
35268,7253
35269,7259
35270,7252
35271,7252
35272,7252
35273,7252
35274,7252
35275,7262
35276,7255
35277,7271
35278,7255
35279,7255
35280,7271
35281,7256
35282,7255
35283,7256
35284,7255
35285,7267
35286,7262
35287,7256
35288,7255
35289,7271
35290,7271
35291,7255
35292,7255
35293,7268
35294,7276
35295,7273
35296,7276
35297,7276
35298,7277
35299,7273
35300,7268
35301,7262
35302,7273
35303,7244
35304,7253
35305,7273
35306,7229
35307,7262
35308,7273
35309,7265
35310,7277
35311,7274
35312,7280
35313,7277
35314,7280
35315,7241
35316,7280
35317,7277
35318,7280
35319,7274
35320,7277
35321,7253
35322,7277
35323,7280
35324,7277
35325,7274
35326,7276
35327,7277
35328,7253
35329,7276
35330,7277
35331,7276
35332,7280
35333,7276
35334,7289
35335,7277
35336,7286
35337,7274
35338,7286
35339,7288
35340,7295
35341,7286
35342,7277
35343,7298
35344,7295
35345,7295
35346,7279
35347,7298
35348,7295
35349,7295
35350,7295
35351,7277
35352,7295
35353,7298
35354,7295
35355,7295
35356,7279
35357,7295
35358,7295
35359,7298
35360,7295
35361,7277
35362,7295
35363,7295
35364,7295
35365,7298
35366,7295
35367,7295
35368,7295
35369,7277
35370,7298
35371,7295
35372,7295
35373,7288
35374,7286
35375,7274
35376,7286
35377,7288
35378,7289
35379,7276
35380,7280
35381,7276
35382,7277
35383,7276
35384,7253
35385,7277
35386,7276
35387,7274
35388,7277
35389,7280
35390,7277
35391,7246
35392,7277
35393,7274
35394,7280
35395,7277
35396,7280
35397,7289
35398,7286
35399,7285
35400,7273
35401,7286
35402,7282
35403,7288
35404,7286
35405,7274
35406,7286
35407,7289
35408,7286
35409,7288
35410,7286
35411,7295
35412,7297
35413,7282
35414,7298
35415,7274
35416,7292
35417,7294
35418,7292
35419,7288
35420,7292
35421,7294
35422,7282
35423,7289
35424,7289
35425,7289
35426,7292
35427,7289
35428,7289
35429,7295
35430,7292
35431,7295
35432,7292
35433,7292
35434,7295
35435,7282
35436,7295
35437,7295
35438,7289
35439,7289
35440,7292
35441,7289
35442,7289
35443,7276
35444,7282
35445,7292
35446,7289
35447,7274
35448,7289
35449,7282
35450,7298
35451,7297
35452,7283
35453,7292
35454,7294
35455,7292
35456,7292
35457,7289
35458,7283
35459,7292
35460,7288
35461,7298
35462,7278
35463,7304
35464,7304
35465,7298
35466,7304
35467,7295
35468,7304
35469,7304
35470,7289
35471,7278
35472,7304
35473,7295
35474,7304
35475,7295
35476,7298
35477,7292
35478,7298
35479,7307
35480,7298
35481,7313
35482,7306
35483,7316
35484,7316
35485,7301
35486,7319
35487,7304
35488,7313
35489,7304
35490,7310
35491,7316
35492,7319
35493,7304
35494,7316
35495,7310
35496,7313
35497,7304
35498,7319
35499,7316
35500,7301
35501,7306
35502,7316
35503,7316
35504,7304
35505,7316
35506,7313
35507,7292
35508,7313
35509,7316
35510,7295
35511,7316
35512,7306
35513,7316
35514,7304
35515,7310
35516,7312
35517,7316
35518,7316
35519,7322
35520,7316
35521,7320
35522,7325
35523,7324
35524,7298
35525,7313
35526,7319
35527,7315
35528,7277
35529,7315
35530,7313
35531,7289
35532,7277
35533,7316
35534,7316
35535,7319
35536,7304
35537,7321
35538,7316
35539,7316
35540,7325
35541,7325
35542,7325
35543,7328
35544,7328
35545,7328
35546,7331
35547,7277
35548,7328
35549,7328
35550,7324
35551,7325
35552,7325
35553,7325
35554,7328
35555,7331
35556,7325
35557,7319
35558,7334
35559,7328
35560,7265
35561,7328
35562,7319
35563,7334
35564,7334
35565,7330
35566,7319
35567,7336
35568,7319
35569,7330
35570,7319
35571,7336
35572,7343
35573,7336
35574,7322
35575,7346
35576,7336
35577,7341
35578,7346
35579,7343
35580,7330
35581,7331
35582,7286
35583,7343
35584,7343
35585,7336
35586,7343
35587,7343
35588,7340
35589,7336
35590,7330
35591,7322
35592,7330
35593,7336
35594,7324
35595,7330
35596,7322
35597,7319
35598,7336
35599,7330
35600,7322
35601,7324
35602,7330
35603,7315
35604,7336
35605,7330
35606,7324
35607,7319
35608,7330
35609,7336
35610,7334
35611,7330
35612,7319
35613,7336
35614,7319
35615,7330
35616,7315
35617,7336
35618,7330
35619,7343
35620,7343
35621,7340
35622,7346
35623,7334
35624,7346
35625,7340
35626,7343
35627,7346
35628,7310
35629,7337
35630,7337
35631,7358
35632,7358
35633,7354
35634,7343
35635,7343
35636,7337
35637,7346
35638,7346
35639,7327
35640,7351
35641,7342
35642,7346
35643,7327
35644,7342
35645,7337
35646,7345
35647,7334
35648,7342
35649,7346
35650,7327
35651,7349
35652,7346
35653,7352
35654,7346
35655,7346
35656,7346
35657,7349
35658,7346
35659,7346
35660,7346
35661,7325
35662,7364
35663,7361
35664,7355
35665,7364
35666,7346
35667,7364
35668,7357
35669,7358
35670,7325
35671,7364
35672,7361
35673,7357
35674,7361
35675,7364
35676,7352
35677,7357
35678,7356
35679,7364
35680,7352
35681,7357
35682,7361
35683,7364
35684,7346
35685,7364
35686,7355
35687,7364
35688,7364
35689,7325
35690,7346
35691,7343
35692,7349
35693,7349
35694,7349
35695,7342
35696,7349
35697,7346
35698,7346
35699,7349
35700,7346
35701,7349
35702,7337
35703,7348
35704,7349
35705,7348
35706,7349
35707,7340
35708,7348
35709,7349
35710,7348
35711,7349
35712,7352
35713,7361
35714,7358
35715,7349
35716,7361
35717,7352
35718,7361
35719,7361
35720,7352
35721,7361
35722,7361
35723,7361
35724,7361
35725,7358
35726,7352
35727,7361
35728,7361
35729,7361
35730,7361
35731,7361
35732,7361
35733,7356
35734,7352
35735,7361
35736,7361
35737,7339
35738,7364
35739,7364
35740,7349
35741,7364
35742,7352
35743,7364
35744,7364
35745,7364
35746,7352
35747,7364
35748,7364
35749,7352
35750,7364
35751,7346
35752,7364
35753,7364
35754,7364
35755,7364
35756,7352
35757,7364
35758,7367
35759,7358
35760,7364
35761,7364
35762,7358
35763,7331
35764,7364
35765,7346
35766,7325
35767,7355
35768,7355
35769,7334
35770,7346
35771,7341
35772,7349
35773,7364
35774,7343
35775,7358
35776,7321
35777,7358
35778,7360
35779,7352
35780,7358
35781,7360
35782,7352
35783,7321
35784,7358
35785,7364
35786,7343
35787,7358
35788,7343
35789,7364
35790,7358
35791,7343
35792,7337
35793,7364
35794,7360
35795,7355
35796,7358
35797,7375
35798,7370
35799,7373
35800,7355
35801,7364
35802,7364
35803,7349
35804,7364
35805,7373
35806,7373
35807,7352
35808,7361
35809,7373
35810,7370
35811,7376
35812,7370
35813,7382
35814,7352
35815,7370
35816,7376
35817,7370
35818,7382
35819,7376
35820,7370
35821,7355
35822,7370
35823,7376
35824,7378
35825,7373
35826,7370
35827,7376
35828,7378
35829,7373
35830,7376
35831,7373
35832,7382
35833,7373
35834,7376
35835,7373
35836,7370
35837,7382
35838,7382
35839,7385
35840,7376
35841,7378
35842,7388
35843,7382
35844,7388
35845,7385
35846,7388
35847,7382
35848,7388
35849,7379
35850,7391
35851,7394
35852,7394
35853,7393
35854,7397
35855,7397
35856,7397
35857,7397
35858,7397
35859,7400
35860,7394
35861,7406
35862,7402
35863,7394
35864,7374
35865,7406
35866,7382
35867,7391
35868,7406
35869,7394
35870,7406
35871,7388
35872,7403
35873,7394
35874,7406
35875,7406
35876,7385
35877,7400
35878,7406
35879,7394
35880,7400
35881,7373
35882,7378
35883,7394
35884,7391
35885,7403
35886,7403
35887,7408
35888,7406
35889,7418
35890,7406
35891,7423
35892,7418
35893,7403
35894,7427
35895,7415
35896,7427
35897,7427
35898,7427
35899,7415
35900,7427
35901,7424
35902,7427
35903,7427
35904,7412
35905,7427
35906,7427
35907,7424
35908,7415
35909,7427
35910,7427
35911,7427
35912,7399
35913,7436
35914,7435
35915,7424
35916,7415
35917,7424
35918,7433
35919,7424
35920,7415
35921,7424
35922,7433
35923,7424
35924,7424
35925,7415
35926,7433
35927,7433
35928,7424
35929,7439
35930,7424
35931,7430
35932,7447
35933,7441
35934,7409
35935,7430
35936,7441
35937,7442
35938,7441
35939,7436
35940,7441
35941,7441
35942,7448
35943,7438
35944,7439
35945,7454
35946,7454
35947,7448
35948,7436
35949,7442
35950,7436
35951,7436
35952,7436
35953,7436
35954,7436
35955,7445
35956,7433
35957,7424
35958,7418
35959,7448
35960,7442
35961,7442
35962,7433
35963,7433
35964,7433
35965,7427
35966,7420
35967,7433
35968,7436
35969,7433
35970,7433
35971,7433
35972,7439
35973,7430
35974,7436
35975,7436
35976,7430
35977,7439
35978,7439
35979,7433
35980,7433
35981,7433
35982,7433
35983,7439
35984,7424
35985,7410
35986,7424
35987,7433
35988,7410
35989,7424
35990,7445
35991,7430
35992,7439
35993,7430
35994,7410
35995,7445
35996,7424
35997,7439
35998,7409
35999,7430
36000,7433
36001,7410
36002,7430
36003,7430
36004,7410
36005,7430
36006,7433
36007,7413
36008,7410
36009,7439
36010,7418
36011,7427
36012,7403
36013,7430
36014,7445
36015,7403
36016,7415
36017,7430
36018,7403
36019,7439
36020,7430
36021,7436
36022,7439
36023,7439
36024,7430
36025,7432
36026,7435
36027,7430
36028,7432
36029,7445
36030,7445
36031,7442
36032,7430
36033,7430
36034,7432
36035,7434
36036,7430
36037,7432
36038,7415
36039,7434
36040,7438
36041,7432
36042,7433
36043,7420
36044,7429
36045,7430
36046,7432
36047,7434
36048,7424
36049,7433
36050,7430
36051,7423
36052,7430
36053,7430
36054,7430
36055,7400
36056,7430
36057,7430
36058,7439
36059,7410
36060,7436
36061,7430
36062,7409
36063,7410
36064,7436
36065,7430
36066,7436
36067,7430
36068,7400
36069,7439
36070,7433
36071,7441
36072,7448
36073,7435
36074,7447
36075,7448
36076,7444
36077,7448
36078,7447
36079,7447
36080,7451
36081,7451
36082,7448
36083,7403
36084,7442
36085,7403
36086,7442
36087,7435
36088,7403
36089,7424
36090,7442
36091,7403
36092,7403
36093,7442
36094,7448
36095,7444
36096,7454
36097,7433
36098,7439
36099,7454
36100,7444
36101,7448
36102,7433
36103,7433
36104,7453
36105,7460
36106,7445
36107,7463
36108,7466
36109,7460
36110,7466
36111,7454
36112,7445
36113,7439
36114,7445
36115,7448
36116,7438
36117,7460
36118,7456
36119,7451
36120,7466
36121,7456
36122,7466
36123,7463
36124,7456
36125,7460
36126,7469
36127,7469
36128,7469
36129,7466
36130,7456
36131,7462
36132,7466
36133,7472
36134,7475
36135,7468
36136,7456
36137,7468
36138,7475
36139,7472
36140,7469
36141,7466
36142,7472
36143,7475
36144,7468
36145,7475
36146,7454
36147,7454
36148,7465
36149,7463
36150,7454
36151,7451
36152,7465
36153,7454
36154,7457
36155,7466
36156,7456
36157,7460
36158,7454
36159,7475
36160,7465
36161,7454
36162,7475
36163,7448
36164,7475
36165,7472
36166,7469
36167,7475
36168,7471
36169,7457
36170,7460
36171,7457
36172,7469
36173,7471
36174,7460
36175,7457
36176,7457
36177,7463
36178,7471
36179,7463
36180,7462
36181,7472
36182,7462
36183,7450
36184,7462
36185,7462
36186,7454
36187,7462
36188,7472
36189,7462
36190,7472
36191,7462
36192,7462
36193,7462
36194,7462
36195,7475
36196,7463
36197,7466
36198,7466
36199,7432
36200,7475
36201,7441
36202,7481
36203,7466
36204,7466
36205,7469
36206,7466
36207,7474
36208,7475
36209,7475
36210,7478
36211,7477
36212,7463
36213,7481
36214,7481
36215,7478
36216,7481
36217,7477
36218,7463
36219,7477
36220,7477
36221,7478
36222,7475
36223,7483
36224,7481
36225,7475
36226,7487
36227,7481
36228,7487
36229,7481
36230,7486
36231,7481
36232,7484
36233,7469
36234,7478
36235,7490
36236,7490
36237,7496
36238,7478
36239,7489
36240,7490
36241,7496
36242,7496
36243,7481
36244,7484
36245,7488
36246,7493
36247,7490
36248,7484
36249,7488
36250,7493
36251,7492
36252,7493
36253,7488
36254,7484
36255,7489
36256,7490
36257,7487
36258,7481
36259,7475
36260,7475
36261,7469
36262,7461
36263,7481
36264,7475
36265,7475
36266,7468
36267,7466
36268,7475
36269,7466
36270,7469
36271,7475
36272,7468
36273,7466
36274,7475
36275,7475
36276,7445
36277,7465
36278,7483
36279,7483
36280,7481
36281,7465
36282,7460
36283,7483
36284,7465
36285,7483
36286,7474
36287,7489
36288,7472
36289,7489
36290,7480
36291,7487
36292,7489
36293,7489
36294,7490
36295,7495
36296,7484
36297,7495
36298,7493
36299,7495
36300,7495
36301,7486
36302,7499
36303,7499
36304,7493
36305,7493
36306,7493
36307,7499
36308,7493
36309,7499
36310,7493
36311,7490
36312,7502
36313,7502
36314,7508
36315,7502
36316,7508
36317,7495
36318,7508
36319,7502
36320,7492
36321,7502
36322,7511
36323,7514
36324,7511
36325,7502
36326,7514
36327,7493
36328,7514
36329,7489
36330,7505
36331,7513
36332,7505
36333,7502
36334,7505
36335,7513
36336,7505
36337,7492
36338,7505
36339,7513
36340,7505
36341,7513
36342,7505
36343,7507
36344,7505
36345,7502
36346,7513
36347,7505
36348,7505
36349,7513
36350,7505
36351,7505
36352,7513
36353,7505
36354,7505
36355,7513
36356,7502
36357,7505
36358,7507
36359,7505
36360,7513
36361,7505
36362,7513
36363,7505
36364,7492
36365,7508
36366,7505
36367,7505
36368,7502
36369,7505
36370,7505
36371,7505
36372,7508
36373,7489
36374,7514
36375,7511
36376,7511
36377,7493
36378,7514
36379,7502
36380,7514
36381,7502
36382,7489
36383,7508
36384,7505
36385,7508
36386,7469
36387,7469
36388,7490
36389,7469
36390,7469
36391,7504
36392,7484
36393,7508
36394,7497
36395,7508
36396,7499
36397,7501
36398,7514
36399,7497
36400,7508
36401,7484
36402,7504
36403,7469
36404,7490
36405,7485
36406,7469
36407,7469
36408,7508
36409,7505
36410,7511
36411,7517
36412,7517
36413,7523
36414,7526
36415,7505
36416,7513
36417,7513
36418,7517
36419,7513
36420,7526
36421,7505
36422,7523
36423,7517
36424,7523
36425,7502
36426,7526
36427,7526
36428,7532
36429,7516
36430,7517
36431,7532
36432,7520
36433,7532
36434,7532
36435,7525
36436,7531
36437,7538
36438,7535
36439,7538
36440,7535
36441,7532
36442,7535
36443,7538
36444,7520
36445,7541
36446,7528
36447,7532
36448,7508
36449,7529
36450,7535
36451,7535
36452,7526
36453,7505
36454,7532
36455,7505
36456,7535
36457,7526
36458,7505
36459,7505
36460,7538
36461,7535
36462,7523
36463,7541
36464,7538
36465,7535
36466,7523
36467,7535
36468,7538
36469,7532
36470,7523
36471,7530
36472,7523
36473,7508
36474,7535
36475,7522
36476,7508
36477,7535
36478,7529
36479,7508
36480,7522
36481,7535
36482,7508
36483,7540
36484,7508
36485,7526
36486,7529
36487,7535
36488,7508
36489,7532
36490,7532
36491,7540
36492,7544
36493,7528
36494,7544
36495,7532
36496,7540
36497,7544
36498,7550
36499,7549
36500,7538
36501,7550
36502,7547
36503,7550
36504,7555
36505,7547
36506,7538
36507,7547
36508,7550
36509,7550
36510,7541
36511,7508
36512,7529
36513,7547
36514,7541
36515,7529
36516,7541
36517,7529
36518,7544
36519,7541
36520,7543
36521,7529
36522,7543
36523,7526
36524,7529
36525,7508
36526,7531
36527,7550
36528,7547
36529,7547
36530,7544
36531,7550
36532,7547
36533,7550
36534,7553
36535,7559
36536,7562
36537,7550
36538,7559
36539,7559
36540,7564
36541,7555
36542,7568
36543,7565
36544,7574
36545,7565
36546,7577
36547,7565
36548,7580
36549,7580
36550,7568
36551,7565
36552,7568
36553,7580
36554,7580
36555,7565
36556,7574
36557,7562
36558,7562
36559,7565
36560,7562
36561,7550
36562,7567
36563,7570
36564,7567
36565,7552
36566,7562
36567,7567
36568,7567
36569,7571
36570,7580
36571,7583
36572,7577
36573,7580
36574,7586
36575,7577
36576,7580
36577,7577
36578,7586
36579,7580
36580,7580
36581,7577
36582,7577
36583,7577
36584,7580
36585,7577
36586,7577
36587,7565
36588,7574
36589,7574
36590,7568
36591,7571
36592,7574
36593,7574
36594,7577
36595,7565
36596,7577
36597,7577
36598,7577
36599,7577
36600,7565
36601,7568
36602,7571
36603,7577
36604,7556
36605,7571
36606,7568
36607,7565
36608,7577
36609,7577
36610,7583
36611,7580
36612,7580
36613,7564
36614,7583
36615,7592
36616,7592
36617,7592
36618,7592
36619,7585
36620,7592
36621,7574
36622,7580
36623,7563
36624,7571
36625,7563
36626,7562
36627,7577
36628,7569
36629,7569
36630,7567
36631,7577
36632,7569
36633,7569
36634,7577
36635,7580
36636,7569
36637,7569
36638,7577
36639,7569
36640,7586
36641,7565
36642,7577
36643,7583
36644,7592
36645,7583
36646,7582
36647,7583
36648,7583
36649,7586
36650,7592
36651,7586
36652,7583
36653,7583
36654,7586
36655,7583
36656,7592
36657,7586
36658,7583
36659,7592
36660,7598
36661,7598
36662,7598
36663,7582
36664,7598
36665,7577
36666,7598
36667,7586
36668,7598
36669,7600
36670,7585
36671,7608
36672,7601
36673,7600
36674,7607
36675,7601
36676,7600
36677,7612
36678,7616
36679,7586
36680,7616
36681,7612
36682,7601
36683,7607
36684,7600
36685,7601
36686,7606
36687,7616
36688,7613
36689,7613
36690,7616
36691,7619
36692,7616
36693,7613
36694,7616
36695,7610
36696,7616
36697,7609
36698,7616
36699,7612
36700,7604
36701,7595
36702,7612
36703,7616
36704,7616
36705,7609
36706,7604
36707,7616
36708,7616
36709,7612
36710,7595
36711,7579
36712,7600
36713,7604
36714,7612
36715,7616
36716,7609
36717,7616
36718,7613
36719,7616
36720,7619
36721,7613
36722,7607
36723,7616
36724,7616
36725,7619
36726,7610
36727,7619
36728,7616
36729,7613
36730,7610
36731,7616
36732,7616
36733,7609
36734,7601
36735,7622
36736,7613
36737,7607
36738,7616
36739,7622
36740,7613
36741,7622
36742,7623
36743,7628
36744,7619
36745,7628
36746,7624
36747,7619
36748,7628
36749,7613
36750,7628
36751,7619
36752,7628
36753,7619
36754,7619
36755,7628
36756,7619
36757,7628
36758,7619
36759,7628
36760,7616
36761,7624
36762,7628
36763,7619
36764,7623
36765,7625
36766,7634
36767,7628
36768,7625
36769,7634
36770,7628
36771,7615
36772,7637
36773,7631
36774,7634
36775,7615
36776,7624
36777,7631
36778,7637
36779,7615
36780,7628
36781,7634
36782,7625
36783,7634
36784,7628
36785,7634
36786,7601
36787,7625
36788,7634
36789,7634
36790,7631
36791,7640
36792,7640
36793,7634
36794,7640
36795,7640
36796,7640
36797,7631
36798,7628
36799,7634
36800,7640
36801,7640
36802,7638
36803,7634
36804,7640
36805,7638
36806,7634
36807,7631
36808,7649
36809,7649
36810,7646
36811,7637
36812,7628
36813,7628
36814,7646
36815,7628
36816,7643
36817,7615
36818,7643
36819,7615
36820,7643
36821,7638
36822,7649
36823,7652
36824,7631
36825,7628
36826,7649
36827,7643
36828,7655
36829,7643
36830,7649
36831,7646
36832,7640
36833,7649
36834,7626
36835,7640
36836,7652
36837,7649
36838,7644
36839,7625
36840,7644
36841,7652
36842,7654
36843,7660
36844,7663
36845,7661
36846,7661
36847,7661
36848,7652
36849,7661
36850,7661
36851,7661
36852,7658
36853,7661
36854,7661
36855,7661
36856,7661
36857,7658
36858,7661
36859,7649
36860,7644
36861,7640
36862,7646
36863,7603
36864,7634
36865,7640
36866,7652
36867,7628
36868,7637
36869,7603
36870,7652
36871,7658
36872,7655
36873,7625
36874,7649
36875,7640
36876,7655
36877,7640
36878,7646
36879,7624
36880,7640
36881,7649
36882,7655
36883,7643
36884,7652
36885,7655
36886,7648
36887,7643
36888,7649
36889,7648
36890,7655
36891,7637
36892,7652
36893,7649
36894,7655
36895,7655
36896,7658
36897,7644
36898,7658
36899,7655
36900,7652
36901,7625
36902,7625
36903,7625
36904,7628
36905,7625
36906,7625
36907,7649
36908,7637
36909,7652
36910,7603
36911,7646
36912,7656
36913,7650
36914,7646
36915,7650
36916,7656
36917,7646
36918,7646
36919,7652
36920,7650
36921,7646
36922,7656
36923,7650
36924,7646
36925,7640
36926,7656
36927,7647
36928,7657
36929,7646
36930,7664
36931,7658
36932,7655
36933,7653
36934,7661
36935,7631
36936,7637
36937,7655
36938,7653
36939,7657
36940,7664
36941,7661
36942,7658
36943,7661
36944,7661
36945,7670
36946,7661
36947,7661
36948,7658
36949,7655
36950,7661
36951,7658
36952,7658
36953,7661
36954,7652
36955,7661
36956,7658
36957,7662
36958,7661
36959,7661
36960,7658
36961,7631
36962,7658
36963,7662
36964,7661
36965,7658
36966,7657
36967,7655
36968,7643
36969,7646
36970,7655
36971,7631
36972,7649
36973,7631
36974,7661
36975,7649
36976,7625
36977,7631
36978,7631
36979,7649
36980,7631
36981,7649
36982,7631
36983,7658
36984,7649
36985,7631
36986,7649
36987,7631
36988,7625
36989,7631
36990,7649
36991,7619
36992,7608
36993,7651
36994,7656
36995,7643
36996,7661
36997,7651
36998,7658
36999,7651
37000,7661
37001,7651
37002,7658
37003,7656
37004,7608
37005,7651
37006,7619
37007,7649
37008,7626
37009,7661
37010,7631
37011,7649
37012,7625
37013,7631
37014,7658
37015,7649
37016,7631
37017,7661
37018,7649
37019,7652
37020,7661
37021,7650
37022,7648
37023,7650
37024,7644
37025,7650
37026,7655
37027,7646
37028,7644
37029,7646
37030,7648
37031,7646
37032,7655
37033,7650
37034,7644
37035,7619
37036,7650
37037,7650
37038,7647
37039,7644
37040,7650
37041,7650
37042,7648
37043,7637
37044,7652
37045,7640
37046,7640
37047,7646
37048,7646
37049,7652
37050,7640
37051,7652
37052,7641
37053,7634
37054,7652
37055,7652
37056,7640
37057,7652
37058,7655
37059,7658
37060,7652
37061,7647
37062,7637
37063,7636
37064,7652
37065,7658
37066,7647
37067,7652
37068,7650
37069,7661
37070,7658
37071,7657
37072,7670
37073,7670
37074,7628
37075,7670
37076,7670
37077,7655
37078,7664
37079,7667
37080,7676
37081,7676
37082,7677
37083,7675
37084,7683
37085,7685
37086,7682
37087,7686
37088,7665
37089,7685
37090,7682
37091,7688
37092,7687
37093,7670
37094,7688
37095,7688
37096,7691
37097,7694
37098,7694
37099,7700
37100,7685
37101,7706
37102,7706
37103,7700
37104,7707
37105,7717
37106,7715
37107,7709
37108,7700
37109,7697
37110,7700
37111,7694
37112,7706
37113,7700
37114,7700
37115,7697
37116,7706
37117,7700
37118,7700
37119,7714
37120,7706
37121,7712
37122,7706
37123,7712
37124,7715
37125,7709
37126,7718
37127,7709
37128,7718
37129,7718
37130,7709
37131,7706
37132,7709
37133,7718
37134,7694
37135,7724
37136,7727
37137,7709
37138,7714
37139,7709
37140,7727
37141,7724
37142,7732
37143,7732
37144,7727
37145,7732
37146,7732
37147,7732
37148,7732
37149,7732
37150,7712
37151,7721
37152,7729
37153,7732
37154,7724
37155,7732
37156,7732
37157,7732
37158,7732
37159,7730
37160,7721
37161,7730
37162,7718
37163,7712
37164,7721
37165,7730
37166,7729
37167,7718
37168,7726
37169,7721
37170,7733
37171,7727
37172,7742
37173,7742
37174,7727
37175,7739
37176,7739
37177,7729
37178,7724
37179,7721
37180,7736
37181,7736
37182,7712
37183,7724
37184,7718
37185,7736
37186,7724
37187,7706
37188,7718
37189,7706
37190,7725
37191,7718
37192,7706
37193,7706
37194,7723
37195,7718
37196,7706
37197,7718
37198,7706
37199,7736
37200,7742
37201,7733
37202,7736
37203,7742
37204,7733
37205,7730
37206,7748
37207,7721
37208,7744
37209,7742
37210,7730
37211,7730
37212,7733
37213,7742
37214,7742
37215,7739
37216,7733
37217,7742
37218,7717
37219,7748
37220,7745
37221,7751
37222,7739
37223,7751
37224,7751
37225,7750
37226,7748
37227,7724
37228,7724
37229,7739
37230,7730
37231,7742
37232,7729
37233,7742
37234,7730
37235,7739
37236,7742
37237,7730
37238,7724
37239,7748
37240,7746
37241,7748
37242,7735
37243,7746
37244,7748
37245,7740
37246,7750
37247,7750
37248,7745
37249,7736
37250,7750
37251,7742
37252,7745
37253,7750
37254,7736
37255,7750
37256,7745
37257,7750
37258,7748
37259,7739
37260,7746
37261,7748
37262,7750
37263,7751
37264,7733
37265,7741
37266,7742
37267,7743
37268,7736
37269,7738
37270,7724
37271,7736
37272,7729
37273,7742
37274,7736
37275,7742
37276,7736
37277,7733
37278,7724
37279,7733
37280,7733
37281,7718
37282,7727
37283,7730
37284,7727
37285,7718
37286,7730
37287,7727
37288,7714
37289,7721
37290,7721
37291,7706
37292,7712
37293,7724
37294,7706
37295,7715
37296,7724
37297,7700
37298,7712
37299,7700
37300,7724
37301,7724
37302,7694
37303,7712
37304,7706
37305,7727
37306,7700
37307,7727
37308,7727
37309,7718
37310,7730
37311,7709
37312,7733
37313,7724
37314,7718
37315,7724
37316,7733
37317,7730
37318,7718
37319,7727
37320,7700
37321,7727
37322,7700
37323,7729
37324,7736
37325,7727
37326,7736
37327,7739
37328,7736
37329,7733
37330,7739
37331,7715
37332,7727
37333,7715
37334,7721
37335,7715
37336,7721
37337,7733
37338,7676
37339,7735
37340,7733
37341,7733
37342,7739
37343,7733
37344,7735
37345,7733
37346,7676
37347,7733
37348,7735
37349,7739
37350,7732
37351,7742
37352,7732
37353,7739
37354,7739
37355,7742
37356,7739
37357,7732
37358,7739
37359,7742
37360,7739
37361,7739
37362,7739
37363,7732
37364,7736
37365,7732
37366,7733
37367,7709
37368,7704
37369,7733
37370,7709
37371,7721
37372,7709
37373,7718
37374,7724
37375,7724
37376,7724
37377,7733
37378,7733
37379,7736
37380,7733
37381,7733
37382,7736
37383,7727
37384,7733
37385,7736
37386,7733
37387,7729
37388,7723
37389,7736
37390,7733
37391,7736
37392,7736
37393,7742
37394,7736
37395,7742
37396,7719
37397,7736
37398,7742
37399,7739
37400,7736
37401,7727
37402,7742
37403,7742
37404,7719
37405,7736
37406,7733
37407,7742
37408,7736
37409,7742
37410,7721
37411,7736
37412,7733
37413,7723
37414,7736
37415,7733
37416,7729
37417,7736
37418,7733
37419,7736
37420,7733
37421,7724
37422,7736
37423,7727
37424,7729
37425,7736
37426,7727
37427,7730
37428,7713
37429,7730
37430,7697
37431,7706
37432,7709
37433,7724
37434,7724
37435,7718
37436,7721
37437,7724
37438,7724
37439,7718
37440,7712
37441,7712
37442,7733
37443,7733
37444,7736
37445,7733
37446,7729
37447,7736
37448,7733
37449,7736
37450,7733
37451,7741
37452,7733
37453,7728
37454,7730
37455,7724
37456,7742
37457,7742
37458,7719
37459,7742
37460,7739
37461,7742
37462,7742
37463,7739
37464,7736
37465,7751
37466,7738
37467,7739
37468,7754
37469,7754
37470,7739
37471,7754
37472,7754
37473,7754
37474,7757
37475,7757
37476,7757
37477,7753
37478,7751
37479,7757
37480,7754
37481,7739
37482,7754
37483,7739
37484,7751
37485,7739
37486,7754
37487,7754
37488,7739
37489,7738
37490,7754
37491,7754
37492,7755
37493,7757
37494,7753
37495,7742
37496,7753
37497,7753
37498,7753
37499,7757
37500,7757
37501,7760
37502,7757
37503,7763
37504,7757
37505,7757
37506,7763
37507,7748
37508,7763
37509,7760
37510,7757
37511,7769
37512,7778
37513,7769
37514,7757
37515,7778
37516,7776
37517,7778
37518,7769
37519,7752
37520,7757
37521,7768
37522,7772
37523,7772
37524,7768
37525,7766
37526,7754
37527,7769
37528,7734
37529,7761
37530,7765
37531,7754
37532,7769
37533,7754
37534,7766
37535,7763
37536,7772
37537,7772
37538,7763
37539,7769
37540,7772
37541,7772
37542,7768
37543,7772
37544,7760
37545,7776
37546,7775
37547,7776
37548,7775
37549,7760
37550,7763
37551,7776
37552,7775
37553,7772
37554,7775
37555,7781
37556,7781
37557,7791
37558,7781
37559,7790
37560,7791
37561,7787
37562,7793
37563,7787
37564,7793
37565,7791
37566,7784
37567,7793
37568,7791
37569,7793
37570,7787
37571,7787
37572,7791
37573,7790
37574,7793
37575,7781
37576,7796
37577,7784
37578,7785
37579,7796
37580,7805
37581,7790
37582,7802
37583,7805
37584,7805
37585,7790
37586,7805
37587,7802
37588,7796
37589,7790
37590,7802
37591,7802
37592,7790
37593,7802
37594,7802
37595,7802
37596,7802
37597,7790
37598,7805
37599,7790
37600,7802
37601,7805
37602,7805
37603,7799
37604,7790
37605,7802
37606,7805
37607,7790
37608,7805
37609,7802
37610,7805
37611,7793
37612,7793
37613,7800
37614,7799
37615,7781
37616,7808
37617,7802
37618,7795
37619,7809
37620,7808
37621,7790
37622,7793
37623,7799
37624,7799
37625,7800
37626,7805
37627,7800
37628,7800
37629,7790
37630,7800
37631,7785
37632,7800
37633,7805
37634,7800
37635,7790
37636,7800
37637,7809
37638,7800
37639,7790
37640,7805
37641,7800
37642,7790
37643,7796
37644,7814
37645,7814
37646,7814
37647,7800
37648,7803
37649,7814
37650,7793
37651,7814
37652,7814
37653,7800
37654,7796
37655,7796
37656,7784
37657,7801
37658,7796
37659,7796
37660,7790
37661,7796
37662,7763
37663,7800
37664,7814
37665,7793
37666,7808
37667,7814
37668,7814
37669,7800
37670,7814
37671,7808
37672,7803
37673,7780
37674,7814
37675,7814
37676,7808
37677,7800
37678,7814
37679,7814
37680,7814
37681,7802
37682,7814
37683,7814
37684,7815
37685,7814
37686,7805
37687,7811
37688,7811
37689,7814
37690,7811
37691,7814
37692,7810
37693,7811
37694,7805
37695,7802
37696,7814
37697,7812
37698,7808
37699,7811
37700,7799
37701,7801
37702,7808
37703,7811
37704,7814
37705,7800
37706,7820
37707,7814
37708,7805
37709,7811
37710,7820
37711,7818
37712,7826
37713,7818
37714,7807
37715,7823
37716,7823
37717,7826
37718,7823
37719,7805
37720,7821
37721,7823
37722,7820
37723,7823
37724,7823
37725,7821
37726,7807
37727,7805
37728,7818
37729,7821
37730,7805
37731,7818
37732,7823
37733,7826
37734,7818
37735,7807
37736,7823
37737,7826
37738,7805
37739,7819
37740,7820
37741,7805
37742,7826
37743,7819
37744,7820
37745,7811
37746,7820
37747,7807
37748,7820
37749,7811
37750,7814
37751,7805
37752,7820
37753,7802
37754,7808
37755,7820
37756,7805
37757,7807
37758,7820
37759,7814
37760,7805
37761,7820
37762,7817
37763,7826
37764,7817
37765,7823
37766,7826
37767,7818
37768,7802
37769,7811
37770,7802
37771,7814
37772,7802
37773,7817
37774,7802
37775,7811
37776,7814
37777,7817
37778,7826
37779,7823
37780,7820
37781,7823
37782,7826
37783,7817
37784,7789
37785,7802
37786,7789
37787,7808
37788,7789
37789,7789
37790,7818
37791,7826
37792,7823
37793,7826
37794,7823
37795,7817
37796,7826
37797,7826
37798,7823
37799,7826
37800,7817
37801,7823
37802,7809
37803,7817
37804,7814
37805,7823
37806,7826
37807,7823
37808,7814
37809,7826
37810,7817
37811,7817
37812,7823
37813,7826
37814,7817
37815,7826
37816,7802
37817,7811
37818,7808
37819,7806
37820,7826
37821,7823
37822,7811
37823,7826
37824,7806
37825,7823
37826,7825
37827,7826
37828,7806
37829,7823
37830,7825
37831,7802
37832,7823
37833,7826
37834,7822
37835,7799
37836,7820
37837,7826
37838,7820
37839,7799
37840,7820
37841,7816
37842,7820
37843,7814
37844,7816
37845,7808
37846,7820
37847,7799
37848,7826
37849,7820
37850,7799
37851,7828
37852,7816
37853,7799
37854,7826
37855,7816
37856,7799
37857,7829
37858,7826
37859,7827
37860,7826
37861,7823
37862,7826
37863,7826
37864,7823
37865,7829
37866,7835
37867,7835
37868,7838
37869,7835
37870,7835
37871,7832
37872,7838
37873,7835
37874,7835
37875,7812
37876,7835
37877,7835
37878,7838
37879,7835
37880,7835
37881,7816
37882,7838
37883,7838
37884,7835
37885,7838
37886,7838
37887,7829
37888,7823
37889,7820
37890,7823
37891,7808
37892,7819
37893,7823
37894,7819
37895,7823
37896,7823
37897,7819
37898,7820
37899,7805
37900,7811
37901,7816
37902,7814
37903,7802
37904,7811
37905,7805
37906,7821
37907,7820
37908,7826
37909,7820
37910,7820
37911,7821
37912,7820
37913,7817
37914,7818
37915,7820
37916,7787
37917,7821
37918,7820
37919,7826
37920,7835
37921,7838
37922,7823
37923,7826
37924,7838
37925,7823
37926,7826
37927,7835
37928,7823
37929,7838
37930,7826
37931,7824
37932,7820
37933,7824
37934,7824
37935,7824
37936,7799
37937,7824
37938,7805
37939,7824
37940,7824
37941,7824
37942,7824
37943,7824
37944,7829
37945,7826
37946,7833
37947,7833
37948,7826
37949,7816
37950,7823
37951,7821
37952,7805
37953,7821
37954,7823
37955,7821
37956,7823
37957,7823
37958,7835
37959,7832
37960,7838
37961,7838
37962,7832
37963,7844
37964,7844
37965,7844
37966,7829
37967,7832
37968,7844
37969,7834
37970,7838
37971,7835
37972,7841
37973,7835
37974,7835
37975,7820
37976,7821
37977,7829
37978,7838
37979,7833
37980,7832
37981,7832
37982,7818
37983,7838
37984,7836
37985,7838
37986,7831
37987,7823
37988,7808
37989,7821
37990,7834
37991,7832
37992,7829
37993,7838
37994,7833
37995,7832
37996,7818
37997,7833
37998,7838
37999,7832
38000,7835
38001,7824
38002,7824
38003,7824
38004,7824
38005,7805
38006,7824
38007,7834
38008,7833
38009,7832
38010,7838
38011,7832
38012,7832
38013,7823
38014,7835
38015,7841
38016,7820
38017,7838
38018,7841
38019,7835
38020,7835
38021,7844
38022,7837
38023,7835
38024,7844
38025,7837
38026,7841
38027,7835
38028,7844
38029,7837
38030,7830
38031,7849
38032,7847
38033,7829
38034,7845
38035,7849
38036,7829
38037,7847
38038,7845
38039,7829
38040,7847
38041,7849
38042,7829
38043,7845
38044,7847
38045,7849
38046,7850
38047,7854
38048,7856
38049,7841
38050,7854
38051,7850
38052,7854
38053,7853
38054,7851
38055,7838
38056,7814
38057,7838
38058,7851
38059,7838
38060,7850
38061,7853
38062,7853
38063,7853
38064,7848
38065,7850
38066,7862
38067,7859
38068,7853
38069,7841
38070,7853
38071,7853
38072,7853
38073,7853
38074,7853
38075,7853
38076,7845
38077,7847
38078,7849
38079,7829
38080,7841
38081,7845
38082,7844
38083,7829
38084,7841
38085,7849
38086,7847
38087,7845
38088,7829
38089,7835
38090,7850
38091,7840
38092,7838
38093,7850
38094,7850
38095,7843
38096,7850
38097,7850
38098,7835
38099,7847
38100,7829
38101,7849
38102,7845
38103,7841
38104,7844
38105,7841
38106,7837
38107,7841
38108,7832
38109,7833
38110,7832
38111,7823
38112,7820
38113,7800
38114,7826
38115,7828
38116,7826
38117,7826
38118,7818
38119,7826
38120,7828
38121,7829
38122,7823
38123,7817
38124,7823
38125,7817
38126,7823
38127,7823
38128,7829
38129,7826
38130,7828
38131,7826
38132,7795
38133,7802
38134,7814
38135,7817
38136,7826
38137,7828
38138,7826
38139,7824
38140,7833
38141,7838
38142,7840
38143,7829
38144,7832
38145,7841
38146,7838
38147,7838
38148,7838
38149,7834
38150,7811
38151,7823
38152,7818
38153,7823
38154,7826
38155,7826
38156,7811
38157,7826
38158,7826
38159,7814
38160,7829
38161,7814
38162,7822
38163,7830
38164,7805
38165,7823
38166,7832
38167,7832
38168,7838
38169,7832
38170,7840
38171,7841
38172,7826
38173,7844
38174,7838
38175,7835
38176,7835
38177,7799
38178,7829
38179,7835
38180,7841
38181,7850
38182,7844
38183,7850
38184,7850
38185,7850
38186,7844
38187,7857
38188,7850
38189,7844
38190,7853
38191,7853
38192,7858
38193,7850
38194,7853
38195,7856
38196,7853
38197,7861
38198,7859
38199,7864
38200,7865
38201,7865
38202,7865
38203,7856
38204,7864
38205,7871
38206,7864
38207,7865
38208,7871
38209,7871
38210,7859
38211,7865
38212,7874
38213,7874
38214,7876
38215,7874
38216,7865
38217,7874
38218,7856
38219,7865
38220,7874
38221,7862
38222,7851
38223,7862
38224,7865
38225,7874
38226,7868
38227,7868
38228,7874
38229,7868
38230,7877
38231,7874
38232,7877
38233,7832
38234,7874
38235,7859
38236,7874
38237,7850
38238,7880
38239,7881
38240,7887
38241,7886
38242,7883
38243,7881
38244,7886
38245,7887
38246,7874
38247,7880
38248,7883
38249,7892
38250,7883
38251,7889
38252,7886
38253,7892
38254,7892
38255,7889
38256,7892
38257,7898
38258,7889
38259,7890
38260,7889
38261,7889
38262,7898
38263,7892
38264,7889
38265,7889
38266,7890
38267,7898
38268,7892
38269,7892
38270,7883
38271,7856
38272,7892
38273,7886
38274,7883
38275,7892
38276,7893
38277,7895
38278,7889
38279,7889
38280,7889
38281,7890
38282,7898
38283,7889
38284,7895
38285,7889
38286,7880
38287,7895
38288,7889
38289,7889
38290,7892
38291,7889
38292,7883
38293,7886
38294,7892
38295,7874
38296,7886
38297,7883
38298,7880
38299,7892
38300,7883
38301,7886
38302,7883
38303,7880
38304,7883
38305,7892
38306,7883
38307,7886
38308,7883
38309,7880
38310,7883
38311,7886
38312,7892
38313,7883
38314,7874
38315,7883
38316,7886
38317,7856
38318,7883
38319,7892
38320,7886
38321,7883
38322,7893
38323,7877
38324,7883
38325,7898
38326,7874
38327,7898
38328,7888
38329,7898
38330,7884
38331,7892
38332,7898
38333,7872
38334,7874
38335,7898
38336,7892
38337,7893
38338,7883
38339,7874
38340,7886
38341,7883
38342,7892
38343,7883
38344,7886
38345,7883
38346,7874
38347,7892
38348,7883
38349,7883
38350,7886
38351,7880
38352,7883
38353,7880
38354,7868
38355,7889
38356,7877
38357,7889
38358,7889
38359,7886
38360,7892
38361,7889
38362,7895
38363,7889
38364,7892
38365,7890
38366,7889
38367,7889
38368,7895
38369,7898
38370,7889
38371,7899
38372,7898
38373,7888
38374,7901
38375,7876
38376,7886
38377,7874
38378,7892
38379,7874
38380,7895
38381,7900
38382,7901
38383,7901
38384,7895
38385,7901
38386,7900
38387,7901
38388,7900
38389,7901
38390,7901
38391,7877
38392,7895
38393,7904
38394,7907
38395,7892
38396,7907
38397,7892
38398,7874
38399,7904
38400,7901
38401,7901
38402,7907
38403,7892
38404,7895
38405,7895
38406,7895
38407,7895
38408,7883
38409,7895
38410,7895
38411,7895
38412,7894
38413,7886
38414,7895
38415,7892
38416,7900
38417,7891
38418,7889
38419,7892
38420,7895
38421,7894
38422,7898
38423,7894
38424,7898
38425,7895
38426,7895
38427,7892
38428,7898
38429,7883
38430,7893
38431,7844
38432,7892
38433,7889
38434,7883
38435,7889
38436,7889
38437,7880
38438,7898
38439,7900
38440,7900
38441,7904
38442,7898
38443,7880
38444,7892
38445,7895
38446,7892
38447,7880
38448,7892
38449,7895
38450,7892
38451,7901
38452,7901
38453,7907
38454,7908
38455,7895
38456,7910
38457,7910
38458,7910
38459,7910
38460,7910
38461,7910
38462,7904
38463,7910
38464,7910
38465,7910
38466,7910
38467,7910
38468,7910
38469,7910
38470,7910
38471,7892
38472,7910
38473,7910
38474,7910
38475,7908
38476,7895
38477,7908
38478,7908
38479,7910
38480,7892
38481,7895
38482,7904
38483,7898
38484,7895
38485,7908
38486,7904
38487,7892
38488,7895
38489,7892
38490,7895
38491,7888
38492,7884
38493,7901
38494,7885
38495,7869
38496,7895
38497,7881
38498,7874
38499,7904
38500,7898
38501,7904
38502,7906
38503,7907
38504,7908
38505,7872
38506,7906
38507,7898
38508,7907
38509,7904
38510,7853
38511,7898
38512,7894
38513,7898
38514,7853
38515,7898
38516,7905
38517,7894
38518,7883
38519,7853
38520,7901
38521,7877
38522,7892
38523,7895
38524,7895
38525,7908
38526,7874
38527,7904
38528,7877
38529,7901
38530,7898
38531,7853
38532,7904
38533,7898
38534,7905
38535,7894
38536,7892
38537,7853
38538,7892
38539,7898
38540,7910
38541,7910
38542,7905
38543,7910
38544,7887
38545,7898
38546,7910
38547,7910
38548,7910
38549,7905
38550,7910
38551,7910
38552,7898
38553,7898
38554,7853
38555,7898
38556,7895
38557,7905
38558,7892
38559,7853
38560,7892
38561,7901
38562,7874
38563,7904
38564,7877
38565,7901
38566,7898
38567,7853
38568,7898
38569,7895
38570,7898
38571,7853
38572,7908
38573,7905
38574,7909
38575,7904
38576,7895
38577,7909
38578,7898
38579,7895
38580,7892
38581,7853
38582,7896
38583,7896
38584,7906
38585,7908
38586,7910
38587,7914
38588,7911
38589,7910
38590,7908
38591,7913
38592,7920
38593,7919
38594,7895
38595,7904
38596,7895
38597,7920
38598,7910
38599,7913
38600,7910
38601,7925
38602,7922
38603,7922
38604,7922
38605,7922
38606,7919
38607,7912
38608,7922
38609,7907
38610,7915
38611,7922
38612,7913
38613,7928
38614,7913
38615,7922
38616,7928
38617,7922
38618,7930
38619,7928
38620,7933
38621,7928
38622,7937
38623,7940
38624,7928
38625,7937
38626,7934
38627,7928
38628,7937
38629,7940
38630,7931
38631,7940
38632,7901
38633,7939
38634,7948
38635,7946
38636,7932
38637,7952
38638,7952
38639,7932
38640,7941
38641,7945
38642,7947
38643,7945
38644,7940
38645,7923
38646,7949
38647,7941
38648,7932
38649,7952
38650,7952
38651,7946
38652,7932
38653,7933
38654,7952
38655,7932
38656,7943
38657,7952
38658,7952
38659,7932
38660,7940
38661,7952
38662,7932
38663,7952
38664,7952
38665,7932
38666,7953
38667,7952
38668,7955
38669,7943
38670,7928
38671,7952
38672,7955
38673,7961
38674,7949
38675,7950
38676,7946
38677,7959
38678,7970
38679,7970
38680,7964
38681,7936
38682,7964
38683,7964
38684,7940
38685,7933
38686,7943
38687,7945
38688,7945
38689,7943
38690,7945
38691,7943
38692,7967
38693,7945
38694,7939
38695,7934
38696,7963
38697,7943
38698,7967
38699,7945
38700,7935
38701,7943
38702,7945
38703,7945
38704,7968
38705,7967
38706,7961
38707,7949
38708,7964
38709,7967
38710,7976
38711,7976
38712,7949
38713,7968
38714,7964
38715,7968
38716,7970
38717,7961
38718,7970
38719,7968
38720,7961
38721,7970
38722,7963
38723,7952
38724,7970
38725,7970
38726,7976
38727,7970
38728,7964
38729,7952
38730,7959
38731,7967
38732,7964
38733,7976
38734,7967
38735,7979
38736,7973
38737,7979
38738,7979
38739,7984
38740,7970
38741,7976
38742,7970
38743,7970
38744,7984
38745,7979
38746,7979
38747,7979
38748,7958
38749,7979
38750,7979
38751,7979
38752,7979
38753,7985
38754,7988
38755,7991
38756,7994
38757,7997
38758,8000
38759,7998
38760,7997
38761,7994
38762,7991
38763,7985
38764,7991
38765,7981
38766,7991
38767,7985
38768,7981
38769,7985
38770,7991
38771,7991
38772,7981
38773,7991
38774,7979
38775,7991
38776,7997
38777,7985
38778,7991
38779,7994
38780,7994
38781,7987
38782,7994
38783,7994
38784,7994
38785,7994
38786,8000
38787,7985
38788,7995
38789,7979
38790,8000
38791,7994
38792,7994
38793,7988
38794,7979
38795,7976
38796,7946
38797,7998
38798,7995
38799,7997
38800,7994
38801,8007
38802,7999
38803,7994
38804,8007
38805,7985
38806,7999
38807,8007
38808,8009
38809,8003
38810,8000
38811,7997
38812,8003
38813,8003
38814,7997
38815,8009
38816,8003
38817,8000
38818,8003
38819,7997
38820,8009
38821,7991
38822,7985
38823,8007
38824,7991
38825,7994
38826,8007
38827,8003
38828,7999
38829,8007
38830,7997
38831,7995
38832,7998
38833,8003
38834,7995
38835,7988
38836,7989
38837,8003
38838,7998
38839,7995
38840,7997
38841,7985
38842,7985
38843,7982
38844,7994
38845,8000
38846,7991
38847,8006
38848,8008
38849,8006
38850,8003
38851,8006
38852,8003
38853,8009
38854,8006
38855,8003
38856,8003
38857,8006
38858,8000
38859,8003
38860,8006
38861,8008
38862,7991
38863,8006
38864,7988
38865,8003
38866,8009
38867,8008
38868,8003
38869,7976
38870,7991
38871,8003
38872,7976
38873,7967
38874,8003
38875,7976
38876,7996
38877,8003
38878,7976
38879,8006
38880,7976
38881,8003
38882,7976
38883,8003
38884,7996
38885,7991
38886,7966
38887,8003
38888,7976
38889,7976
38890,8003
38891,8008
38892,8012
38893,8009
38894,8012
38895,8003
38896,8008
38897,7976
38898,8003
38899,7996
38900,7976
38901,7976
38902,7998
38903,8012
38904,8009
38905,7992
38906,8009
38907,7989
38908,8012
38909,8006
38910,7976
38911,8003
38912,8006
38913,7976
38914,8003
38915,7996
38916,8006
38917,7973
38918,7991
38919,8003
38920,8006
38921,8012
38922,7989
38923,8012
38924,8006
38925,8015
38926,8018
38927,8018
38928,8018
38929,8006
38930,8012
38931,8012
38932,8012
38933,7989
38934,8012
38935,8006
38936,8000
38937,7988
38938,7988
38939,8006
38940,8000
38941,7998
38942,7988
38943,8000
38944,8006
38945,7988
38946,8000
38947,7988
38948,7991
38949,7985
38950,8003
38951,8006
38952,7982
38953,7991
38954,7988
38955,8000
38956,7988
38957,8006
38958,8000
38959,7988
38960,8009
38961,8012
38962,8012
38963,8006
38964,8012
38965,7997
38966,8003
38967,8012
38968,8006
38969,8012
38970,8000
38971,8012
38972,7997
38973,8012
38974,8012
38975,8006
38976,8012
38977,8012
38978,7997
38979,8012
38980,8001
38981,8012
38982,7997
38983,8000
38984,8016
38985,8012
38986,8018
38987,8017
38988,8019
38989,8009
38990,8019
38991,8012
38992,8016
38993,8019
38994,8012
38995,8024
38996,8030
38997,8024
38998,8036
38999,8039
39000,8032
39001,8032
39002,8030
39003,8039
39004,8032
39005,8039
39006,8036
39007,8030
39008,8046
39009,8042
39010,8042
39011,8033
39012,8042
39013,8042
39014,8045
39015,8042
39016,8033
39017,8036
39018,8033
39019,8054
39020,8048
39021,8040
39022,8054
39023,8054
39024,8039
39025,8042
39026,8040
39027,8051
39028,8039
39029,8041
39030,8033
39031,8041
39032,8042
39033,8033
39034,8041
39035,8039
39036,8027
39037,8037
39038,8042
39039,8036
39040,8045
39041,8042
39042,8036
39043,8042
39044,8027
39045,8039
39046,8036
39047,8042
39048,8033
39049,8037
39050,8033
39051,8042
39052,8054
39053,8055
39054,8054
39055,8042
39056,8027
39057,8055
39058,8042
39059,8032
39060,8042
39061,8032
39062,8024
39063,8042
39064,8036
39065,8042
39066,8042
39067,8054
39068,8055
39069,8060
39070,8060
39071,8043
39072,8054
39073,8042
39074,8030
39075,8054
39076,8054
39077,8054
39078,8033
39079,8054
39080,8055
39081,8054
39082,8033
39083,8044
39084,8048
39085,8058
39086,8033
39087,8054
39088,8054
39089,8060
39090,8054
39091,8057
39092,8066
39093,8057
39094,8066
39095,8057
39096,8066
39097,8069
39098,8066
39099,8064
39100,8048
39101,8066
39102,8057
39103,8066
39104,8064
39105,8057
39106,8039
39107,8064
39108,8066
39109,8066
39110,8064
39111,8066
39112,8063
39113,8069
39114,8075
39115,8078
39116,8087
39117,8084
39118,8087
39119,8087
39120,8089
39121,8087
39122,8084
39123,8087
39124,8089
39125,8087
39126,8087
39127,8078
39128,8078
39129,8078
39130,8087
39131,8084
39132,8087
39133,8089
39134,8090
39135,8093
39136,8099
39137,8102
39138,8088
39139,8084
39140,8087
39141,8083
39142,8084
39143,8102
39144,8102
39145,8081
39146,8088
39147,8102
39148,8102
39149,8088
39150,8102
39151,8102
39152,8088
39153,8102
39154,8081
39155,8099
39156,8083
39157,8092
39158,8072
39159,8092
39160,8092
39161,8092
39162,8081
39163,8092
39164,8092
39165,8093
39166,8096
39167,8090
39168,8099
39169,8100
39170,8093
39171,8087
39172,8087
39173,8087
39174,8081
39175,8087
39176,8072
39177,8083
39178,8087
39179,8087
39180,8099
39181,8088
39182,8102
39183,8087
39184,8102
39185,8088
39186,8102
39187,8102
39188,8102
39189,8088
39190,8087
39191,8102
39192,8102
39193,8108
39194,8102
39195,8105
39196,8087
39197,8108
39198,8105
39199,8102
39200,8108
39201,8105
39202,8115
39203,8102
39204,8109
39205,8115
39206,8115
39207,8102
39208,8102
39209,8115
39210,8112
39211,8115
39212,8118
39213,8088
39214,8120
39215,8115
39216,8118
39217,8120
39218,8115
39219,8115
39220,8120
39221,8118
39222,8108
39223,8120
39224,8114
39225,8126
39226,8126
39227,8117
39228,8123
39229,8126
39230,8126
39231,8117
39232,8112
39233,8126
39234,8126
39235,8117
39236,8123
39237,8126
39238,8117
39239,8126
39240,8112
39241,8117
39242,8126
39243,8126
39244,8127
39245,8129
39246,8123
39247,8129
39248,8119
39249,8123
39250,8129
39251,8125
39252,8123
39253,8135
39254,8114
39255,8135
39256,8109
39257,8102
39258,8114
39259,8132
39260,8114
39261,8123
39262,8109
39263,8135
39264,8123
39265,8125
39266,8129
39267,8123
39268,8132
39269,8135
39270,8117
39271,8138
39272,8139
39273,8140
39274,8140
39275,8139
39276,8121
39277,8135
39278,8138
39279,8129
39280,8121
39281,8135
39282,8138
39283,8119
39284,8132
39285,8119
39286,8135
39287,8102
39288,8119
39289,8119
39290,8119
39291,8135
39292,8119
39293,8119
39294,8132
39295,8119
39296,8138
39297,8132
39298,8144
39299,8142
39300,8133
39301,8142
39302,8138
39303,8144
39304,8142
39305,8144
39306,8138
39307,8142
39308,8144
39309,8139
39310,8142
39311,8144
39312,8138
39313,8132
39314,8129
39315,8121
39316,8135
39317,8138
39318,8121
39319,8126
39320,8126
39321,8111
39322,8123
39323,8126
39324,8132
39325,8105
39326,8126
39327,8117
39328,8126
39329,8135
39330,8132
39331,8114
39332,8123
39333,8120
39334,8132
39335,8135
39336,8129
39337,8138
39338,8138
39339,8129
39340,8135
39341,8132
39342,8128
39343,8126
39344,8126
39345,8119
39346,8126
39347,8099
39348,8126
39349,8126
39350,8135
39351,8129
39352,8129
39353,8114
39354,8129
39355,8132
39356,8129
39357,8135
39358,8129
39359,8117
39360,8135
39361,8108
39362,8108
39363,8132
39364,8108
39365,8135
39366,8123
39367,8129
39368,8132
39369,8129
39370,8129
39371,8135
39372,8126
39373,8132
39374,8132
39375,8147
39376,8149
39377,8150
39378,8144
39379,8132
39380,8132
39381,8138
39382,8135
39383,8144
39384,8147
39385,8135
39386,8144
39387,8122
39388,8138
39389,8138
39390,8149
39391,8147
39392,8143
39393,8149
39394,8155
39395,8147
39396,8141
39397,8149
39398,8148
39399,8147
39400,8144
39401,8150
39402,8154
39403,8157
39404,8156
39405,8154
39406,8153
39407,8160
39408,8156
39409,8147
39410,8159
39411,8150
39412,8157
39413,8165
39414,8162
39415,8168
39416,8168
39417,8164
39418,8172
39419,8165
39420,8156
39421,8171
39422,8162
39423,8162
39424,8165
39425,8171
39426,8164
39427,8159
39428,8171
39429,8159
39430,8162
39431,8159
39432,8171
39433,8159
39434,8162
39435,8160
39436,8162
39437,8168
39438,8171
39439,8177
39440,8166
39441,8177
39442,8168
39443,8179
39444,8156
39445,8156
39446,8120
39447,8156
39448,8156
39449,8183
39450,8150
39451,8156
39452,8150
39453,8177
39454,8165
39455,8156
39456,8171
39457,8164
39458,8180
39459,8175
39460,8180
39461,8186
39462,8180
39463,8178
39464,8184
39465,8165
39466,8165
39467,8184
39468,8186
39469,8184
39470,8175
39471,8184
39472,8165
39473,8180
39474,8186
39475,8180
39476,8180
39477,8177
39478,8171
39479,8180
39480,8165
39481,8180
39482,8177
39483,8180
39484,8184
39485,8187
39486,8189
39487,8190
39488,8177
39489,8186
39490,8184
39491,8175
39492,8177
39493,8165
39494,8186
39495,8187
39496,8192
39497,8192
39498,8195
39499,8195
39500,8195
39501,8186
39502,8186
39503,8186
39504,8181
39505,8172
39506,8193
39507,8183
39508,8167
39509,8186
39510,8185
39511,8167
39512,8186
39513,8193
39514,8185
39515,8171
39516,8186
39517,8185
39518,8171
39519,8186
39520,8171
39521,8195
39522,8192
39523,8189
39524,8180
39525,8192
39526,8189
39527,8180
39528,8195
39529,8185
39530,8186
39531,8171
39532,8185
39533,8186
39534,8192
39535,8195
39536,8195
39537,8189
39538,8189
39539,8195
39540,8193
39541,8192
39542,8192
39543,8192
39544,8195
39545,8189
39546,8198
39547,8195
39548,8177
39549,8199
39550,8198
39551,8201
39552,8196
39553,8189
39554,8198
39555,8192
39556,8189
39557,8189
39558,8189
39559,8198
39560,8189
39561,8189
39562,8198
39563,8189
39564,8192
39565,8189
39566,8198
39567,8192
39568,8189
39569,8201
39570,8204
39571,8189
39572,8180
39573,8147
39574,8195
39575,8180
39576,8195
39577,8183
39578,8195
39579,8183
39580,8180
39581,8192
39582,8198
39583,8186
39584,8198
39585,8186
39586,8207
39587,8207
39588,8210
39589,8210
39590,8204
39591,8210
39592,8210
39593,8207
39594,8210
39595,8204
39596,8210
39597,8210
39598,8186
39599,8210
39600,8201
39601,8195
39602,8183
39603,8195
39604,8195
39605,8204
39606,8195
39607,8195
39608,8195
39609,8201
39610,8195
39611,8207
39612,8180
39613,8195
39614,8189
39615,8207
39616,8204
39617,8207
39618,8186
39619,8198
39620,8208
39621,8195
39622,8183
39623,8195
39624,8195
39625,8204
39626,8195
39627,8195
39628,8195
39629,8195
39630,8210
39631,8216
39632,8216
39633,8216
39634,8207
39635,8222
39636,8221
39637,8219
39638,8222
39639,8219
39640,8214
39641,8219
39642,8219
39643,8223
39644,8219
39645,8219
39646,8231
39647,8213
39648,8231
39649,8229
39650,8241
39651,8237
39652,8241
39653,8237
39654,8235
39655,8237
39656,8237
39657,8225
39658,8237
39659,8226
39660,8229
39661,8225
39662,8240
39663,8240
39664,8240
39665,8225
39666,8216
39667,8240
39668,8239
39669,8239
39670,8246
39671,8243
39672,8237
39673,8231
39674,8243
39675,8234
39676,8229
39677,8237
39678,8240
39679,8237
39680,8243
39681,8237
39682,8234
39683,8229
39684,8243
39685,8240
39686,8252
39687,8246
39688,8246
39689,8231
39690,8243
39691,8231
39692,8243
39693,8231
39694,8243
39695,8231
39696,8239
39697,8243
39698,8244
39699,8249
39700,8252
39701,8243
39702,8249
39703,8252
39704,8249
39705,8249
39706,8252
39707,8237
39708,8198
39709,8234
39710,8243
39711,8237
39712,8244
39713,8240
39714,8198
39715,8237
39716,8243
39717,8237
39718,8231
39719,8246
39720,8216
39721,8231
39722,8246
39723,8231
39724,8246
39725,8231
39726,8246
39727,8239
39728,8231
39729,8246
39730,8237
39731,8192
39732,8240
39733,8237
39734,8243
39735,8237
39736,8231
39737,8246
39738,8216
39739,8231
39740,8246
39741,8246
39742,8231
39743,8246
39744,8231
39745,8239
39746,8246
39747,8231
39748,8244
39749,8249
39750,8252
39751,8249
39752,8249
39753,8252
39754,8243
39755,8249
39756,8252
39757,8237
39758,8198
39759,8237
39760,8243
39761,8240
39762,8198
39763,8237
39764,8243
39765,8240
39766,8198
39767,8243
39768,8237
39769,8198
39770,8240
39771,8243
39772,8237
39773,8198
39774,8243
39775,8240
39776,8237
39777,8249
39778,8249
39779,8252
39780,8255
39781,8252
39782,8249
39783,8246
39784,8252
39785,8258
39786,8258
39787,8261
39788,8267
39789,8270
39790,8226
39791,8267
39792,8270
39793,8210
39794,8255
39795,8270
39796,8267
39797,8226
39798,8258
39799,8270
39800,8267
39801,8226
39802,8270
39803,8267
39804,8267
39805,8276
39806,8279
39807,8273
39808,8282
39809,8270
39810,8285
39811,8276
39812,8289
39813,8294
39814,8282
39815,8282
39816,8294
39817,8291
39818,8288
39819,8297
39820,8294
39821,8297
39822,8297
39823,8300
39824,8297
39825,8297
39826,8297
39827,8300
39828,8294
39829,8297
39830,8282
39831,8291
39832,8297
39833,8289
39834,8300
39835,8297
39836,8297
39837,8267
39838,8300
39839,8291
39840,8297
39841,8294
39842,8282
39843,8282
39844,8294
39845,8291
39846,8294
39847,8294
39848,8282
39849,8282
39850,8291
39851,8288
39852,8294
39853,8288
39854,8282
39855,8294
39856,8291
39857,8294
39858,8294
39859,8288
39860,8282
39861,8288
39862,8294
39863,8291
39864,8288
39865,8282
39866,8294
39867,8288
39868,8294
39869,8282
39870,8282
39871,8291
39872,8294
39873,8264
39874,8288
39875,8282
39876,8276
39877,8291
39878,8276
39879,8288
39880,8276
39881,8282
39882,8264
39883,8294
39884,8291
39885,8282
39886,8282
39887,8294
39888,8294
39889,8291
39890,8294
39891,8282
39892,8279
39893,8294
39894,8288
39895,8300
39896,8297
39897,8297
39898,8294
39899,8297
39900,8303
39901,8295
39902,8309
39903,8309
39904,8292
39905,8309
39906,8312
39907,8318
39908,8288
39909,8318
39910,8321
39911,8316
39912,8318
39913,8307
39914,8321
39915,8324
39916,8330
39917,8321
39918,8336
39919,8333
39920,8318
39921,8330
39922,8327
39923,8325
39924,8330
39925,8325
39926,8325
39927,8324
39928,8330
39929,8318
39930,8325
39931,8330
39932,8325
39933,8318
39934,8330
39935,8325
39936,8327
39937,8330
39938,8333
39939,8336
39940,8328
39941,8324
39942,8333
39943,8330
39944,8324
39945,8336
39946,8307
39947,8330
39948,8331
39949,8333
39950,8339
39951,8324
39952,8340
39953,8342
39954,8303
39955,8340
39956,8330
39957,8340
39958,8324
39959,8342
39960,8340
39961,8330
39962,8324
39963,8340
39964,8345
39965,8345
39966,8346
39967,8348
39968,8346
39969,8339
39970,8339
39971,8346
39972,8339
39973,8348
39974,8346
39975,8339
39976,8346
39977,8348
39978,8351
39979,8342
39980,8351
39981,8324
39982,8351
39983,8339
39984,8351
39985,8324
39986,8342
39987,8345
39988,8360
39989,8349
39990,8356
39991,8339
39992,8361
39993,8345
39994,8360
39995,8360
39996,8363
39997,8361
39998,8363
39999,8361
40000,8360
40001,8356
40002,8349
40003,8342
40004,8345
40005,8342
40006,8342
40007,8351
40008,8324
40009,8351
40010,8339
40011,8351
40012,8324
40013,8351
40014,8339
40015,8351
40016,8348
40017,8345
40018,8348
40019,8341
40020,8348
40021,8351
40022,8348
40023,8337
40024,8348
40025,8351
40026,8348
40027,8357
40028,8354
40029,8360
40030,8357
40031,8351
40032,8348
40033,8348
40034,8327
40035,8342
40036,8351
40037,8351
40038,8324
40039,8351
40040,8342
40041,8351
40042,8324
40043,8351
40044,8339
40045,8351
40046,8351
40047,8324
40048,8351
40049,8334
40050,8339
40051,8351
40052,8351
40053,8324
40054,8351
40055,8355
40056,8351
40057,8334
40058,8351
40059,8342
40060,8351
40061,8334
40062,8351
40063,8342
40064,8351
40065,8363
40066,8357
40067,8366
40068,8366
40069,8357
40070,8357
40071,8363
40072,8366
40073,8366
40074,8361
40075,8357
40076,8366
40077,8366
40078,8369
40079,8369
40080,8366
40081,8363
40082,8369
40083,8366
40084,8348
40085,8366
40086,8369
40087,8369
40088,8372
40089,8357
40090,8357
40091,8360
40092,8348
40093,8366
40094,8360
40095,8348
40096,8366
40097,8348
40098,8339
40099,8360
40100,8345
40101,8366
40102,8348
40103,8348
40104,8346
40105,8345
40106,8360
40107,8351
40108,8360
40109,8348
40110,8360
40111,8348
40112,8366
40113,8357
40114,8342
40115,8343
40116,8360
40117,8357
40118,8363
40119,8366
40120,8336
40121,8354
40122,8366
40123,8369
40124,8372
40125,8363
40126,8339
40127,8339
40128,8351
40129,8339
40130,8363
40131,8328
40132,8351
40133,8339
40134,8369
40135,8363
40136,8357
40137,8367
40138,8366
40139,8363
40140,8327
40141,8358
40142,8357
40143,8367
40144,8358
40145,8363
40146,8358
40147,8367
40148,8357
40149,8366
40150,8363
40151,8367
40152,8363
40153,8357
40154,8363
40155,8354
40156,8343
40157,8354
40158,8354
40159,8357
40160,8366
40161,8330
40162,8363
40163,8366
40164,8357
40165,8372
40166,8375
40167,8378
40168,8361
40169,8358
40170,8375
40171,8358
40172,8375
40173,8348
40174,8355
40175,8348
40176,8366
40177,8342
40178,8358
40179,8373
40180,8369
40181,8328
40182,8373
40183,8358
40184,8375
40185,8369
40186,8373
40187,8342
40188,8363
40189,8373
40190,8342
40191,8373
40192,8369
40193,8363
40194,8345
40195,8357
40196,8375
40197,8378
40198,8375
40199,8379
40200,8378
40201,8379
40202,8375
40203,8379
40204,8378
40205,8360
40206,8379
40207,8378
40208,8370
40209,8375
40210,8378
40211,8379
40212,8375
40213,8379
40214,8378
40215,8379
40216,8375
40217,8367
40218,8379
40219,8370
40220,8378
40221,8369
40222,8379
40223,8378
40224,8379
40225,8369
40226,8379
40227,8378
40228,8369
40229,8379
40230,8370
40231,8378
40232,8379
40233,8375
40234,8378
40235,8354
40236,8369
40237,8372
40238,8342
40239,8381
40240,8381
40241,8378
40242,8357
40243,8378
40244,8384
40245,8385
40246,8391
40247,8373
40248,8378
40249,8381
40250,8378
40251,8381
40252,8360
40253,8381
40254,8378
40255,8381
40256,8387
40257,8391
40258,8370
40259,8387
40260,8391
40261,8381
40262,8370
40263,8391
40264,8387
40265,8387
40266,8378
40267,8391
40268,8387
40269,8373
40270,8373
40271,8384
40272,8390
40273,8384
40274,8387
40275,8381
40276,8378
40277,8381
40278,8384
40279,8381
40280,8381
40281,8384
40282,8375
40283,8381
40284,8375
40285,8384
40286,8375
40287,8381
40288,8384
40289,8375
40290,8384
40291,8381
40292,8375
40293,8381
40294,8363
40295,8381
40296,8384
40297,8378
40298,8381
40299,8381
40300,8384
40301,8378
40302,8363
40303,8378
40304,8373
40305,8357
40306,8373
40307,8363
40308,8373
40309,8378
40310,8357
40311,8373
40312,8349
40313,8381
40314,8372
40315,8373
40316,8366
40317,8373
40318,8372
40319,8373
40320,8349
40321,8373
40322,8372
40323,8373
40324,8378
40325,8372
40326,8375
40327,8381
40328,8384
40329,8384
40330,8387
40331,8375
40332,8387
40333,8375
40334,8384
40335,8396
40336,8387
40337,8402
40338,8399
40339,8393
40340,8390
40341,8387
40342,8390
40343,8385
40344,8399
40345,8381
40346,8402
40347,8399
40348,8396
40349,8375
40350,8399
40351,8399
40352,8402
40353,8399
40354,8375
40355,8385
40356,8399
40357,8381
40358,8399
40359,8402
40360,8399
40361,8393
40362,8381
40363,8394
40364,8381
40365,8381
40366,8385
40367,8381
40368,8384
40369,8357
40370,8385
40371,8357
40372,8348
40373,8357
40374,8390
40375,8390
40376,8373
40377,8387
40378,8394
40379,8373
40380,8387
40381,8373
40382,8393
40383,8396
40384,8400
40385,8396
40386,8372
40387,8396
40388,8396
40389,8396
40390,8390
40391,8387
40392,8390
40393,8395
40394,8387
40395,8395
40396,8393
40397,8405
40398,8403
40399,8406
40400,8387
40401,8406
40402,8403
40403,8406
40404,8387
40405,8406
40406,8403
40407,8406
40408,8403
40409,8399
40410,8390
40411,8390
40412,8402
40413,8408
40414,8387
40415,8393
40416,8399
40417,8406
40418,8408
40419,8407
40420,8414
40421,8411
40422,8396
40423,8414
40424,8411
40425,8408
40426,8414
40427,8411
40428,8411
40429,8408
40430,8411
40431,8408
40432,8408
40433,8411
40434,8408
40435,8411
40436,8408
40437,8411
40438,8411
40439,8408
40440,8417
40441,8402
40442,8408
40443,8414
40444,8423
40445,8424
40446,8423
40447,8414
40448,8421
40449,8423
40450,8414
40451,8421
40452,8423
40453,8421
40454,8420
40455,8423
40456,8426
40457,8429
40458,8423
40459,8430
40460,8429
40461,8426
40462,8430
40463,8421
40464,8430
40465,8426
40466,8429
40467,8430
40468,8426
40469,8426
40470,8423
40471,8423
40472,8424
40473,8435
40474,8429
40475,8429
40476,8435
40477,8435
40478,8435
40479,8444
40480,8441
40481,8447
40482,8450
40483,8447
40484,8435
40485,8450
40486,8447
40487,8441
40488,8450
40489,8456
40490,8456
40491,8453
40492,8432
40493,8450
40494,8450
40495,8444
40496,8442
40497,8450
40498,8450
40499,8435
40500,8444
40501,8450
40502,8441
40503,8450
40504,8441
40505,8445
40506,8450
40507,8445
40508,8450
40509,8444
40510,8450
40511,8445
40512,8442
40513,8447
40514,8435
40515,8432
40516,8450
40517,8456
40518,8445
40519,8421
40520,8444
40521,8441
40522,8444
40523,8445
40524,8444
40525,8459
40526,8459
40527,8460
40528,8456
40529,8460
40530,8459
40531,8462
40532,8465
40533,8468
40534,8474
40535,8468
40536,8471
40537,8444
40538,8468
40539,8474
40540,8474
40541,8474
40542,8477
40543,8465
40544,8474
40545,8478
40546,8480
40547,8483
40548,8471
40549,8486
40550,8483
40551,8471
40552,8483
40553,8486
40554,8483
40555,8474
40556,8483
40557,8486
40558,8471
40559,8471
40560,8471
40561,8483
40562,8486
40563,8483
40564,8462
40565,8483
40566,8486
40567,8483
40568,8474
40569,8462
40570,8480
40571,8471
40572,8483
40573,8483
40574,8471
40575,8480
40576,8471
40577,8483
40578,8468
40579,8471
40580,8483
40581,8483
40582,8465
40583,8483
40584,8471
40585,8480
40586,8462
40587,8469
40588,8480
40589,8456
40590,8477
40591,8480
40592,8480
40593,8465
40594,8468
40595,8459
40596,8468
40597,8469
40598,8441
40599,8474
40600,8468
40601,8468
40602,8468
40603,8451
40604,8468
40605,8481
40606,8483
40607,8487
40608,8477
40609,8483
40610,8487
40611,8480
40612,8471
40613,8486
40614,8486
40615,8459
40616,8483
40617,8487
40618,8486
40619,8463
40620,8481
40621,8487
40622,8486
40623,8481
40624,8489
40625,8483
40626,8471
40627,8489
40628,8471
40629,8489
40630,8477
40631,8478
40632,8483
40633,8489
40634,8495
40635,8495
40636,8495
40637,8486
40638,8495
40639,8498
40640,8480
40641,8495
40642,8495
40643,8489
40644,8495
40645,8498
40646,8495
40647,8495
40648,8495
40649,8498
40650,8495
40651,8489
40652,8495
40653,8495
40654,8498
40655,8480
40656,8501
40657,8499
40658,8495
40659,8499
40660,8501
40661,8495
40662,8464
40663,8495
40664,8499
40665,8495
40666,8486
40667,8498
40668,8499
40669,8498
40670,8499
40671,8498
40672,8489
40673,8504
40674,8499
40675,8498
40676,8499
40677,8504
40678,8498
40679,8489
40680,8489
40681,8498
40682,8507
40683,8507
40684,8504
40685,8499
40686,8495
40687,8498
40688,8495
40689,8511
40690,8513
40691,8510
40692,8505
40693,8498
40694,8513
40695,8519
40696,8514
40697,8513
40698,8513
40699,8514
40700,8510
40701,8504
40702,8480
40703,8516
40704,8504
40705,8507
40706,8517
40707,8504
40708,8522
40709,8516
40710,8498
40711,8522
40712,8519
40713,8522
40714,8516
40715,8513
40716,8513
40717,8522
40718,8519
40719,8516
40720,8522
40721,8510
40722,8496
40723,8483
40724,8502
40725,8498
40726,8522
40727,8511
40728,8522
40729,8496
40730,8517
40731,8522
40732,8519
40733,8522
40734,8528
40735,8525
40736,8528
40737,8528
40738,8522
40739,8525
40740,8528
40741,8528
40742,8522
40743,8528
40744,8525
40745,8528
40746,8522
40747,8525
40748,8522
40749,8525
40750,8528
40751,8496
40752,8516
40753,8526
40754,8517
40755,8516
40756,8526
40757,8516
40758,8525
40759,8516
40760,8522
40761,8526
40762,8517
40763,8516
40764,8532
40765,8513
40766,8529
40767,8534
40768,8531
40769,8534
40770,8529
40771,8528
40772,8529
40773,8502
40774,8517
40775,8523
40776,8507
40777,8517
40778,8517
40779,8522
40780,8517
40781,8507
40782,8519
40783,8519
40784,8519
40785,8508
40786,8528
40787,8534
40788,8534
40789,8525
40790,8535
40791,8540
40792,8531
40793,8534
40794,8514
40795,8516
40796,8513
40797,8516
40798,8526
40799,8525
40800,8516
40801,8529
40802,8516
40803,8526
40804,8525
40805,8525
40806,8516
40807,8522
40808,8534
40809,8517
40810,8522
40811,8516
40812,8526
40813,8516
40814,8525
40815,8516
40816,8537
40817,8540
40818,8541
40819,8540
40820,8516
40821,8544
40822,8546
40823,8552
40824,8552
40825,8552
40826,8540
40827,8546
40828,8543
40829,8543
40830,8552
40831,8552
40832,8538
40833,8540
40834,8552
40835,8517
40836,8546
40837,8546
40838,8552
40839,8546
40840,8546
40841,8549
40842,8537
40843,8546
40844,8543
40845,8559
40846,8552
40847,8546
40848,8529
40849,8552
40850,8549
40851,8546
40852,8559
40853,8549
40854,8546
40855,8552
40856,8559
40857,8555
40858,8564
40859,8559
40860,8549
40861,8552
40862,8564
40863,8567
40864,8567
40865,8561
40866,8567
40867,8568
40868,8558
40869,8561
40870,8562
40871,8562
40872,8556
40873,8562
40874,8556
40875,8525
40876,8562
40877,8562
40878,8549
40879,8558
40880,8562
40881,8558
40882,8538
40883,8516
40884,8550
40885,8550
40886,8564
40887,8550
40888,8555
40889,8540
40890,8550
40891,8550
40892,8561
40893,8556
40894,8552
40895,8552
40896,8556
40897,8552
40898,8556
40899,8558
40900,8556
40901,8552
40902,8555
40903,8552
40904,8547
40905,8556
40906,8547
40907,8556
40908,8564
40909,8567
40910,8573
40911,8576
40912,8561
40913,8576
40914,8543
40915,8576
40916,8564
40917,8576
40918,8573
40919,8576
40920,8555
40921,8576
40922,8571
40923,8567
40924,8571
40925,8576
40926,8571
40927,8573
40928,8576
40929,8576
40930,8576
40931,8582
40932,8582
40933,8573
40934,8582
40935,8585
40936,8573
40937,8585
40938,8576
40939,8594
40940,8582
40941,8591
40942,8570
40943,8571
40944,8588
40945,8573
40946,8579
40947,8570
40948,8576
40949,8555
40950,8588
40951,8588
40952,8555
40953,8573
40954,8588
40955,8555
40956,8589
40957,8582
40958,8555
40959,8582
40960,8576
40961,8573
40962,8555
40963,8582
40964,8582
40965,8562
40966,8585
40967,8577
40968,8588
40969,8585
40970,8550
40971,8577
40972,8588
40973,8592
40974,8585
40975,8577
40976,8588
40977,8585
40978,8567
40979,8583
40980,8573
40981,8567
40982,8567
40983,8567
40984,8576
40985,8573
40986,8579
40987,8576
40988,8574
40989,8573
40990,8586
40991,8585
40992,8591
40993,8591
40994,8588
40995,8591
40996,8585
40997,8591
40998,8597
40999,8588
41000,8591
41001,8594
41002,8594
41003,8604
41004,8607
41005,8597
41006,8600
41007,8594
41008,8591
41009,8591
41010,8594
41011,8598
41012,8591
41013,8591
41014,8591
41015,8588
41016,8585
41017,8591
41018,8585
41019,8597
41020,8592
41021,8597
41022,8591
41023,8580
41024,8583
41025,8591
41026,8597
41027,8583
41028,8594
41029,8583
41030,8591
41031,8580
41032,8582
41033,8591
41034,8585
41035,8579
41036,8591
41037,8585
41038,8594
41039,8585
41040,8586
41041,8579
41042,8585
41043,8586
41044,8597
41045,8591
41046,8600
41047,8591
41048,8597
41049,8598
41050,8591
41051,8582
41052,8600
41053,8591
41054,8598
41055,8591
41056,8600
41057,8603
41058,8603
41059,8609
41060,8601
41061,8609
41062,8606
41063,8601
41064,8606
41065,8606
41066,8594
41067,8601
41068,8606
41069,8609
41070,8597
41071,8603
41072,8591
41073,8600
41074,8567
41075,8591
41076,8582
41077,8600
41078,8591
41079,8598
41080,8591
41081,8600
41082,8591
41083,8579
41084,8600
41085,8585
41086,8594
41087,8591
41088,8585
41089,8600
41090,8585
41091,8594
41092,8585
41093,8600
41094,8585
41095,8594
41096,8591
41097,8585
41098,8597
41099,8594
41100,8591
41101,8594
41102,8591
41103,8601
41104,8602
41105,8606
41106,8597
41107,8585
41108,8601
41109,8582
41110,8588
41111,8591
41112,8594
41113,8591
41114,8606
41115,8606
41116,8606
41117,8607
41118,8606
41119,8606
41120,8606
41121,8606
41122,8606
41123,8606
41124,8606
41125,8598
41126,8561
41127,8603
41128,8603
41129,8594
41130,8612
41131,8603
41132,8594
41133,8600
41134,8606
41135,8600
41136,8606
41137,8606
41138,8600
41139,8606
41140,8606
41141,8600
41142,8606
41143,8600
41144,8598
41145,8594
41146,8612
41147,8603
41148,8594
41149,8600
41150,8603
41151,8609
41152,8606
41153,8606
41154,8606
41155,8606
41156,8601
41157,8606
41158,8606
41159,8582
41160,8600
41161,8600
41162,8603
41163,8612
41164,8609
41165,8614
41166,8612
41167,8600
41168,8604
41169,8600
41170,8600
41171,8606
41172,8612
41173,8600
41174,8567
41175,8600
41176,8606
41177,8600
41178,8604
41179,8613
41180,8609
41181,8612
41182,8609
41183,8616
41184,8609
41185,8606
41186,8612
41187,8612
41188,8615
41189,8612
41190,8615
41191,8612
41192,8609
41193,8585
41194,8606
41195,8604
41196,8592
41197,8615
41198,8592
41199,8612
41200,8606
41201,8592
41202,8600
41203,8616
41204,8615
41205,8609
41206,8609
41207,8615
41208,8610
41209,8609
41210,8615
41211,8621
41212,8624
41213,8622
41214,8609
41215,8612
41216,8606
41217,8613
41218,8612
41219,8613
41220,8622
41221,8624
41222,8621
41223,8615
41224,8609
41225,8609
41226,8615
41227,8615
41228,8609
41229,8615
41230,8594
41231,8609
41232,8615
41233,8609
41234,8609
41235,8624
41236,8624
41237,8624
41238,8609
41239,8624
41240,8627
41241,8630
41242,8621
41243,8616
41244,8610
41245,8621
41246,8630
41247,8621
41248,8627
41249,8633
41250,8621
41251,8632
41252,8621
41253,8633
41254,8633
41255,8642
41256,8639
41257,8615
41258,8635
41259,8642
41260,8609
41261,8621
41262,8627
41263,8632
41264,8621
41265,8615
41266,8621
41267,8624
41268,8630
41269,8621
41270,8616
41271,8621
41272,8627
41273,8636
41274,8636
41275,8616
41276,8637
41277,8642
41278,8624
41279,8640
41280,8642
41281,8646
41282,8633
41283,8645
41284,8648
41285,8642
41286,8630
41287,8636
41288,8640
41289,8642
41290,8636
41291,8632
41292,8636
41293,8621
41294,8631
41295,8628
41296,8640
41297,8636
41298,8630
41299,8615
41300,8612
41301,8636
41302,8627
41303,8636
41304,8616
41305,8624
41306,8636
41307,8636
41308,8636
41309,8616
41310,8636
41311,8636
41312,8637
41313,8636
41314,8640
41315,8636
41316,8624
41317,8616
41318,8636
41319,8636
41320,8640
41321,8624
41322,8627
41323,8645
41324,8642
41325,8636
41326,8639
41327,8642
41328,8639
41329,8633
41330,8628
41331,8627
41332,8636
41333,8628
41334,8633
41335,8627
41336,8628
41337,8633
41338,8639
41339,8639
41340,8648
41341,8637
41342,8646
41343,8633
41344,8645
41345,8648
41346,8612
41347,8642
41348,8636
41349,8624
41350,8645
41351,8633
41352,8648
41353,8648
41354,8625
41355,8625
41356,8625
41357,8645
41358,8625
41359,8625
41360,8625
41361,8645
41362,8639
41363,8642
41364,8651
41365,8651
41366,8645
41367,8642
41368,8645
41369,8645
41370,8654
41371,8648
41372,8654
41373,8657
41374,8642
41375,8660
41376,8654
41377,8657
41378,8661
41379,8664
41380,8661
41381,8642
41382,8660
41383,8654
41384,8661
41385,8664
41386,8630
41387,8661
41388,8660
41389,8661
41390,8651
41391,8659
41392,8663
41393,8673
41394,8667
41395,8666
41396,8673
41397,8669
41398,8654
41399,8663
41400,8658
41401,8669
41402,8666
41403,8673
41404,8651
41405,8660
41406,8667
41407,8672
41408,8657
41409,8667
41410,8660
41411,8640
41412,8667
41413,8672
41414,8660
41415,8651
41416,8666
41417,8673
41418,8657
41419,8672
41420,8673
41421,8666
41422,8657
41423,8673
41424,8656
41425,8672
41426,8673
41427,8651
41428,8667
41429,8660
41430,8672
41431,8667
41432,8660
41433,8667
41434,8672
41435,8667
41436,8648
41437,8651
41438,8673
41439,8666
41440,8672
41441,8673
41442,8657
41443,8657
41444,8666
41445,8673
41446,8672
41447,8666
41448,8673
41449,8651
41450,8667
41451,8672
41452,8660
41453,8672
41454,8667
41455,8666
41456,8678
41457,8657
41458,8666
41459,8667
41460,8660
41461,8667
41462,8666
41463,8678
41464,8675
41465,8678
41466,8672
41467,8682
41468,8684
41469,8666
41470,8690
41471,8690
41472,8678
41473,8693
41474,8682
41475,8694
41476,8693
41477,8702
41478,8702
41479,8675
41480,8702
41481,8702
41482,8702
41483,8681
41484,8675
41485,8690
41486,8702
41487,8693
41488,8697
41489,8702
41490,8702
41491,8702
41492,8675
41493,8702
41494,8705
41495,8703
41496,8693
41497,8702
41498,8703
41499,8660
41500,8705
41501,8703
41502,8708
41503,8709
41504,8709
41505,8708
41506,8702
41507,8702
41508,8706
41509,8702
41510,8702
41511,8696
41512,8702
41513,8702
41514,8707
41515,8708
41516,8705
41517,8705
41518,8709
41519,8711
41520,8660
41521,8707
41522,8709
41523,8703
41524,8720
41525,8702
41526,8708
41527,8702
41528,8711
41529,8720
41530,8702
41531,8660
41532,8720
41533,8702
41534,8711
41535,8723
41536,8702
41537,8717
41538,8723
41539,8706
41540,8702
41541,8702
41542,8711
41543,8712
41544,8702
41545,8711
41546,8702
41547,8708
41548,8711
41549,8711
41550,8712
41551,8706
41552,8702
41553,8702
41554,8711
41555,8690
41556,8711
41557,8702
41558,8719
41559,8727
41560,8717
41561,8723
41562,8711
41563,8723
41564,8727
41565,8727
41566,8717
41567,8723
41568,8723
41569,8714
41570,8714
41571,8714
41572,8711
41573,8714
41574,8714
41575,8714
41576,8702
41577,8714
41578,8711
41579,8711
41580,8714
41581,8714
41582,8714
41583,8714
41584,8711
41585,8714
41586,8714
41587,8723
41588,8723
41589,8723
41590,8717
41591,8723
41592,8723
41593,8724
41594,8720
41595,8730
41596,8720
41597,8720
41598,8720
41599,8720
41600,8711
41601,8704
41602,8723
41603,8729
41604,8723
41605,8711
41606,8718
41607,8727
41608,8723
41609,8714
41610,8709
41611,8701
41612,8716
41613,8714
41614,8719
41615,8701
41616,8714
41617,8705
41618,8714
41619,8711
41620,8701
41621,8699
41622,8720
41623,8714
41624,8701
41625,8714
41626,8719
41627,8716
41628,8709
41629,8714
41630,8701
41631,8687
41632,8702
41633,8723
41634,8706
41635,8717
41636,8706
41637,8724
41638,8729
41639,8723
41640,8727
41641,8726
41642,8724
41643,8706
41644,8717
41645,8720
41646,8729
41647,8729
41648,8708
41649,8730
41650,8720
41651,8720
41652,8702
41653,8717
41654,8702
41655,8690
41656,8723
41657,8702
41658,8720
41659,8702
41660,8705
41661,8721
41662,8715
41663,8721
41664,8709
41665,8715
41666,8648
41667,8721
41668,8715
41669,8721
41670,8660
41671,8714
41672,8715
41673,8721
41674,8715
41675,8726
41676,8729
41677,8732
41678,8732
41679,8707
41680,8726
41681,8724
41682,8732
41683,8732
41684,8732
41685,8739
41686,8738
41687,8732
41688,8717
41689,8726
41690,8738
41691,8738
41692,8732
41693,8738
41694,8738
41695,8739
41696,8744
41697,8735
41698,8729
41699,8747
41700,8723
41701,8738
41702,8729
41703,8735
41704,8744
41705,8729
41706,8753
41707,8747
41708,8747
41709,8753
41710,8753
41711,8747
41712,8753
41713,8753
41714,8747
41715,8751
41716,8747
41717,8753
41718,8753
41719,8732
41720,8753
41721,8750
41722,8712
41723,8747
41724,8753
41725,8748
41726,8753
41727,8759
41728,8726
41729,8759
41730,8762
41731,8766
41732,8760
41733,8765
41734,8753
41735,8750
41736,8745
41737,8742
41738,8750
41739,8754
41740,8753
41741,8762
41742,8735
41743,8768
41744,8735
41745,8741
41746,8762
41747,8759
41748,8759
41749,8749
41750,8753
41751,8750
41752,8753
41753,8749
41754,8750
41755,8756
41756,8762
41757,8759
41758,8738
41759,8720
41760,8754
41761,8762
41762,8760
41763,8753
41764,8771
41765,8771
41766,8772
41767,8771
41768,8772
41769,8778
41770,8780
41771,8774
41772,8788
41773,8780
41774,8765
41775,8762
41776,8777
41777,8774
41778,8777
41779,8774
41780,8753
41781,8777
41782,8774
41783,8764
41784,8786
41785,8786
41786,8783
41787,8765
41788,8786
41789,8774
41790,8786
41791,8786
41792,8771
41793,8774
41794,8777
41795,8774
41796,8777
41797,8786
41798,8786
41799,8783
41800,8774
41801,8774
41802,8777
41803,8774
41804,8764
41805,8781
41806,8774
41807,8756
41808,8781
41809,8759
41810,8781
41811,8765
41812,8781
41813,8774
41814,8774
41815,8771
41816,8774
41817,8774
41818,8781
41819,8756
41820,8781
41821,8774
41822,8764
41823,8781
41824,8774
41825,8774
41826,8764
41827,8777
41828,8780
41829,8781
41830,8765
41831,8777
41832,8757
41833,8769
41834,8777
41835,8769
41836,8775
41837,8765
41838,8775
41839,8774
41840,8755
41841,8780
41842,8774
41843,8762
41844,8780
41845,8768
41846,8780
41847,8745
41848,8772
41849,8780
41850,8772
41851,8770
41852,8759
41853,8783
41854,8777
41855,8778
41856,8784
41857,8777
41858,8783
41859,8780
41860,8777
41861,8771
41862,8771
41863,8753
41864,8748
41865,8753
41866,8756
41867,8753
41868,8748
41869,8753
41870,8753
41871,8748
41872,8758
41873,8759
41874,8762
41875,8747
41876,8762
41877,8745
41878,8758
41879,8748
41880,8747
41881,8747
41882,8748
41883,8747
41884,8753
41885,8747
41886,8748
41887,8747
41888,8771
41889,8771
41890,8777
41891,8775
41892,8783
41893,8780
41894,8784
41895,8778
41896,8777
41897,8780
41898,8784
41899,8786
41900,8792
41901,8792
41902,8771
41903,8782
41904,8792
41905,8792
41906,8780
41907,8792
41908,8782
41909,8792
41910,8792
41911,8783
41912,8792
41913,8792
41914,8782
41915,8792
41916,8792
41917,8793
41918,8798
41919,8780
41920,8793
41921,8789
41922,8798
41923,8798
41924,8802
41925,8798
41926,8798
41927,8768
41928,8793
41929,8789
41930,8792
41931,8796
41932,8802
41933,8810
41934,8810
41935,8798
41936,8810
41937,8795
41938,8810
41939,8810
41940,8804
41941,8800
41942,8810
41943,8810
41944,8804
41945,8810
41946,8801
41947,8804
41948,8810
41949,8804
41950,8798
41951,8802
41952,8798
41953,8807
41954,8783
41955,8798
41956,8801
41957,8807
41958,8799
41959,8798
41960,8807
41961,8810
41962,8813
41963,8804
41964,8810
41965,8816
41966,8810
41967,8804
41968,8810
41969,8816
41970,8813
41971,8813
41972,8819
41973,8812
41974,8813
41975,8819
41976,8816
41977,8798
41978,8816
41979,8804
41980,8822
41981,8820
41982,8822
41983,8819
41984,8804
41985,8804
41986,8810
41987,8817
41988,8807
41989,8807
41990,8810
41991,8817
41992,8807
41993,8810
41994,8817
41995,8817
41996,8810
41997,8817
41998,8807
41999,8787
42000,8810
42001,8817
42002,8802
42003,8816
42004,8798
42005,8802
42006,8819
42007,8813
42008,8811
42009,8819
42010,8822
42011,8802
42012,8817
42013,8813
42014,8828
42015,8813
42016,8828
42017,8823
42018,8832
42019,8820
42020,8832
42021,8825
42022,8816
42023,8832
42024,8822
42025,8831
42026,8832
42027,8837
42028,8828
42029,8828
42030,8837
42031,8844
42032,8843
42033,8831
42034,8843
42035,8843
42036,8843
42037,8831
42038,8844
42039,8834
42040,8822
42041,8837
42042,8829
42043,8825
42044,8844
42045,8829
42046,8834
42047,8829
42048,8837
42049,8844
42050,8828
42051,8837
42052,8829
42053,8816
42054,8825
42055,8828
42056,8819
42057,8834
42058,8819
42059,8825
42060,8819
42061,8828
42062,8832
42063,8819
42064,8819
42065,8834
42066,8838
42067,8822
42068,8841
42069,8832
42070,8828
42071,8822
42072,8841
42073,8832
42074,8819
42075,8841
42076,8847
42077,8844
42078,8840
42079,8849
42080,8843
42081,8847
42082,8852
42083,8834
42084,8849
42085,8844
42086,8831
42087,8847
42088,8831
42089,8822
42090,8832
42091,8828
42092,8826
42093,8813
42094,8838
42095,8840
42096,8813
42097,8828
42098,8838
42099,8840
42100,8813
42101,8838
42102,8829
42103,8838
42104,8813
42105,8828
42106,8838
42107,8813
42108,8838
42109,8838
42110,8828
42111,8813
42112,8838
42113,8838
42114,8813
42115,8834
42116,8823
42117,8844
42118,8807
42119,8837
42120,8846
42121,8846
42122,8840
42123,8846
42124,8846
42125,8846
42126,8847
42127,8846
42128,8846
42129,8846
42130,8846
42131,8856
42132,8856
42133,8853
42134,8856
42135,8855
42136,8853
42137,8847
42138,8856
42139,8853
42140,8856
42141,8846
42142,8849
42143,8856
42144,8847
42145,8852
42146,8849
42147,8852
42148,8847
42149,8856
42150,8849
42151,8859
42152,8865
42153,8858
42154,8865
42155,8859
42156,8865
42157,8858
42158,8855
42159,8865
42160,8865
42161,8858
42162,8855
42163,8865
42164,8855
42165,8858
42166,8865
42167,8865
42168,8858
42169,8859
42170,8865
42171,8865
42172,8864
42173,8865
42174,8867
42175,8855
42176,8855
42177,8859
42178,8855
42179,8837
42180,8865
42181,8859
42182,8861
42183,8864
42184,8855
42185,8849
42186,8846
42187,8864
42188,8853
42189,8864
42190,8857
42191,8864
42192,8853
42193,8864
42194,8855
42195,8841
42196,8859
42197,8865
42198,8834
42199,8867
42200,8852
42201,8864
42202,8865
42203,8852
42204,8864
42205,8874
42206,8850
42207,8876
42208,8864
42209,8876
42210,8877
42211,8855
42212,8867
42213,8861
42214,8867
42215,8858
42216,8867
42217,8855
42218,8867
42219,8842
42220,8867
42221,8855
42222,8855
42223,8867
42224,8873
42225,8855
42226,8864
42227,8873
42228,8867
42229,8864
42230,8867
42231,8858
42232,8864
42233,8870
42234,8864
42235,8864
42236,8864
42237,8864
42238,8864
42239,8864
42240,8870
42241,8864
42242,8864
42243,8864
42244,8861
42245,8864
42246,8864
42247,8864
42248,8864
42249,8870
42250,8864
42251,8864
42252,8864
42253,8864
42254,8864
42255,8864
42256,8873
42257,8847
42258,8865
42259,8866
42260,8866
42261,8858
42262,8867
42263,8874
42264,8855
42265,8870
42266,8855
42267,8855
42268,8873
42269,8855
42270,8852
42271,8870
42272,8867
42273,8846
42274,8867
42275,8870
42276,8868
42277,8867
42278,8856
42279,8855
42280,8852
42281,8856
42282,8842
42283,8856
42284,8826
42285,8843
42286,8855
42287,8843
42288,8867
42289,8855
42290,8843
42291,8867
42292,8867
42293,8868
42294,8870
42295,8846
42296,8867
42297,8846
42298,8870
42299,8867
42300,8846
42301,8868
42302,8870
42303,8867
42304,8826
42305,8867
42306,8864
42307,8870
42308,8862
42309,8858
42310,8855
42311,8843
42312,8867
42313,8858
42314,8843
42315,8843
42316,8858
42317,8849
42318,8855
42319,8843
42320,8858
42321,8843
42322,8852
42323,8849
42324,8864
42325,8849
42326,8849
42327,8861
42328,8865
42329,8834
42330,8865
42331,8841
42332,8852
42333,8855
42334,8834
42335,8865
42336,8862
42337,8865
42338,8835
42339,8841
42340,8858
42341,8868
42342,8870
42343,8867
42344,8873
42345,8867
42346,8867
42347,8861
42348,8867
42349,8868
42350,8861
42351,8873
42352,8867
42353,8873
42354,8861
42355,8867
42356,8867
42357,8861
42358,8867
42359,8873
42360,8867
42361,8855
42362,8877
42363,8880
42364,8876
42365,8888
42366,8889
42367,8885
42368,8874
42369,8867
42370,8879
42371,8876
42372,8867
42373,8874
42374,8867
42375,8876
42376,8867
42377,8876
42378,8871
42379,8879
42380,8867
42381,8876
42382,8867
42383,8879
42384,8867
42385,8876
42386,8885
42387,8888
42388,8888
42389,8878
42390,8891
42391,8888
42392,8889
42393,8891
42394,8855
42395,8882
42396,8880
42397,8889
42398,8864
42399,8891
42400,8885
42401,8885
42402,8885
42403,8885
42404,8891
42405,8885
42406,8885
42407,8894
42408,8895
42409,8888
42410,8888
42411,8897
42412,8888
42413,8877
42414,8895
42415,8888
42416,8888
42417,8897
42418,8885
42419,8888
42420,8879
42421,8885
42422,8894
42423,8876
42424,8897
42425,8894
42426,8876
42427,8897
42428,8886
42429,8864
42430,8879
42431,8894
42432,8872
42433,8888
42434,8885
42435,8885
42436,8897
42437,8885
42438,8888
42439,8885
42440,8872
42441,8894
42442,8879
42443,8876
42444,8886
42445,8897
42446,8876
42447,8891
42448,8872
42449,8882
42450,8880
42451,8885
42452,8897
42453,8885
42454,8882
42455,8891
42456,8885
42457,8885
42458,8888
42459,8822
42460,8885
42461,8885
42462,8888
42463,8882
42464,8900
42465,8900
42466,8897
42467,8906
42468,8906
42469,8906
42470,8891
42471,8906
42472,8906
42473,8906
42474,8897
42475,8894
42476,8886
42477,8900
42478,8903
42479,8888
42480,8882
42481,8888
42482,8892
42483,8897
42484,8888
42485,8900
42486,8882
42487,8888
42488,8903
42489,8907
42490,8903
42491,8903
42492,8891
42493,8900
42494,8897
42495,8876
42496,8897
42497,8900
42498,8876
42499,8900
42500,8897
42501,8907
42502,8894
42503,8909
42504,8906
42505,8906
42506,8909
42507,8907
42508,8903
42509,8909
42510,8906
42511,8906
42512,8909
42513,8906
42514,8909
42515,8909
42516,8918
42517,8894
42518,8909
42519,8901
42520,8900
42521,8909
42522,8879
42523,8909
42524,8883
42525,8907
42526,8895
42527,8897
42528,8907
42529,8878
42530,8907
42531,8895
42532,8907
42533,8897
42534,8907
42535,8895
42536,8878
42537,8907
42538,8903
42539,8882
42540,8910
42541,8904
42542,8909
42543,8912
42544,8912
42545,8909
42546,8904
42547,8912
42548,8909
42549,8904
42550,8915
42551,8918
42552,8913
42553,8915
42554,8921
42555,8912
42556,8918
42557,8891
42558,8912
42559,8924
42560,8918
42561,8912
42562,8924
42563,8918
42564,8918
42565,8918
42566,8913
42567,8915
42568,8918
42569,8913
42570,8912
42571,8876
42572,8909
42573,8909
42574,8918
42575,8906
42576,8918
42577,8915
42578,8906
42579,8910
42580,8891
42581,8907
42582,8912
42583,8906
42584,8894
42585,8900
42586,8894
42587,8906
42588,8912
42589,8894
42590,8908
42591,8901
42592,8903
42593,8906
42594,8903
42595,8912
42596,8909
42597,8900
42598,8903
42599,8912
42600,8909
42601,8906
42602,8912
42603,8903
42604,8910
42605,8915
42606,8915
42607,8918
42608,8912
42609,8918
42610,8915
42611,8915
42612,8910
42613,8903
42614,8912
42615,8906
42616,8900
42617,8897
42618,8885
42619,8894
42620,8906
42621,8912
42622,8900
42623,8894
42624,8910
42625,8906
42626,8906
42627,8894
42628,8900
42629,8894
42630,8906
42631,8906
42632,8894
42633,8894
42634,8906
42635,8900
42636,8894
42637,8906
42638,8907
42639,8891
42640,8910
42641,8906
42642,8910
42643,8910
42644,8903
42645,8910
42646,8888
42647,8906
42648,8894
42649,8915
42650,8894
42651,8906
42652,8915
42653,8894
42654,8912
42655,8900
42656,8906
42657,8898
42658,8906
42659,8891
42660,8910
42661,8903
42662,8903
42663,8876
42664,8909
42665,8864
42666,8876
42667,8900
42668,8903
42669,8885
42670,8876
42671,8909
42672,8918
42673,8920
42674,8895
42675,8912
42676,8918
42677,8920
42678,8915
42679,8920
42680,8912
42681,8918
42682,8921
42683,8921
42684,8922
42685,8906
42686,8921
42687,8922
42688,8906
42689,8918
42690,8921
42691,8925
42692,8931
42693,8928
42694,8922
42695,8931
42696,8922
42697,8927
42698,8927
42699,8918
42700,8922
42701,8930
42702,8933
42703,8936
42704,8936
42705,8942
42706,8934
42707,8939
42708,8955
42709,8946
42710,8942
42711,8955
42712,8945
42713,8930
42714,8948
42715,8954
42716,8946
42717,8949
42718,8940
42719,8948
42720,8930
42721,8934
42722,8955
42723,8942
42724,8946
42725,8955
42726,8939
42727,8942
42728,8934
42729,8936
42730,8942
42731,8939
42732,8946
42733,8955
42734,8942
42735,8955
42736,8946
42737,8951
42738,8951
42739,8951
42740,8960
42741,8957
42742,8951
42743,8951
42744,8960
42745,8945
42746,8951
42747,8940
42748,8963
42749,8952
42750,8957
42751,8952
42752,8963
42753,8952
42754,8957
42755,8952
42756,8952
42757,8957
42758,8964
42759,8969
42760,8972
42761,8969
42762,8967
42763,8978
42764,8965
42765,8966
42766,8978
42767,8957
42768,8958
42769,8972
42770,8969
42771,8942
42772,8957
42773,8972
42774,8958
42775,8957
42776,8978
42777,8966
42778,8969
42779,8970
42780,8972
42781,8982
42782,8962
42783,8972
42784,8975
42785,8972
42786,8975
42787,8982
42788,8972
42789,8972
42790,8970
42791,8969
42792,8936
42793,8969
42794,8978
42795,8970
42796,8972
42797,8966
42798,8975
42799,8972
42800,8975
42801,8961
42802,8978
42803,8975
42804,8972
42805,8975
42806,8951
42807,8975
42808,8978
42809,8975
42810,8981
42811,8975
42812,8969
42813,8975
42814,8976
42815,8975
42816,8969
42817,8975
42818,8961
42819,8976
42820,8975
42821,8966
42822,8975
42823,8981
42824,8975
42825,8975
42826,8978
42827,8975
42828,8975
42829,8951
42830,8975
42831,8975
42832,8978
42833,8975
42834,8975
42835,8970
42836,8982
42837,8979
42838,8978
42839,8971
42840,8968
42841,8970
42842,8978
42843,8953
42844,8978
42845,8953
42846,8978
42847,8951
42848,8953
42849,8975
42850,8953
42851,8978
42852,8953
42853,8978
42854,8981
42855,8964
42856,8967
42857,8974
42858,8969
42859,8984
42860,8954
42861,8984
42862,8973
42863,8972
42864,8978
42865,8984
42866,8972
42867,8978
42868,8987
42869,8993
42870,8990
42871,8978
42872,8994
42873,8987
42874,8993
42875,8993
42876,8981
42877,8997
42878,8990
42879,8990
42880,8999
42881,8990
42882,8990
42883,8993
42884,8999
42885,8999
42886,8990
42887,8999
42888,9005
42889,9005
42890,8990
42891,9005
42892,9005
42893,8999
42894,8996
42895,8993
42896,8999
42897,8999
42898,8996
42899,8999
42900,9007
42901,8997
42902,9007
42903,8999
42904,8993
42905,8996
42906,9000
42907,8996
42908,9008
42909,9005
42910,9008
42911,9002
42912,8999
42913,8999
42914,8996
42915,8993
42916,9005
42917,9005
42918,9005
42919,8978
42920,9005
42921,8987
42922,9005
42923,9005
42924,9005
42925,9005
42926,9005
42927,9005
42928,8993
42929,9002
42930,8981
42931,8997
42932,9002
42933,8957
42934,8990
42935,8998
42936,8987
42937,8997
42938,8999
42939,8985
42940,8990
42941,8993
42942,8999
42943,8979
42944,8990
42945,8985
42946,8999
42947,8993
42948,8990
42949,8990
42950,8981
42951,8972
42952,8981
42953,8993
42954,9005
42955,9005
42956,9002
42957,9005
42958,8978
42959,9005
42960,9005
42961,9005
42962,9005
42963,9005
42964,9005
42965,8990
42966,9005
42967,9000
42968,9005
42969,9005
42970,9011
42971,9006
42972,9011
42973,9008
42974,9008
42975,9008
42976,9008
42977,9006
42978,9011
42979,9008
42980,8987
42981,9008
42982,9014
42983,9012
42984,9014
42985,9023
42986,9023
42987,9020
42988,9017
42989,9005
42990,9020
42991,9023
42992,9026
42993,9023
42994,9020
42995,9029
42996,9014
42997,9026
42998,9029
42999,9029
43000,9029
43001,9014
43002,9029
43003,9023
43004,9029
43005,9014
43006,9029
43007,9026
43008,9011
43009,9032
43010,9029
43011,9029
43012,9032
43013,9030
43014,9032
43015,9038
43016,9042
43017,9044
43018,9038
43019,9026
43020,9026
43021,9042
43022,9035
43023,9031
43024,9035
43025,9038
43026,9035
43027,9023
43028,9031
43029,9020
43030,9035
43031,9016
43032,9038
43033,9035
43034,9023
43035,9029
43036,9019
43037,9020
43038,9032
43039,9020
43040,9008
43041,9023
43042,9020
43043,9008
43044,9008
43045,8997
43046,9017
43047,9017
43048,9008
43049,9022
43050,9032
43051,9035
43052,9020
43053,9039
43054,9038
43055,9032
43056,9022
43057,9022
43058,9012
43059,9020
43060,9022
43061,9026
43062,9017
43063,8978
43064,9014
43065,9005
43066,9035
43067,9038
43068,9035
43069,9038
43070,9027
43071,9035
43072,9025
43073,9029
43074,9008
43075,9025
43076,9012
43077,9025
43078,9029
43079,9008
43080,9026
43081,9025
43082,9017
43083,9025
43084,9024
43085,9039
43086,9032
43087,9035
43088,9039
43089,9015
43090,9032
43091,9038
43092,9017
43093,9038
43094,9039
43095,9026
43096,9038
43097,9032
43098,9026
43099,9038
43100,9029
43101,9017
43102,9014
43103,9029
43104,9023
43105,9014
43106,9035
43107,9024
43108,9017
43109,9014
43110,9032
43111,9038
43112,9035
43113,9026
43114,9029
43115,9038
43116,9020
43117,9038
43118,9035
43119,9038
43120,9032
43121,9038
43122,9033
43123,9038
43124,9041
43125,9038
43126,9038
43127,9041
43128,9038
43129,9038
43130,9032
43131,9038
43132,9026
43133,9038
43134,9035
43135,9026
43136,9038
43137,9038
43138,9020
43139,9026
43140,9035
43141,9032
43142,9026
43143,9035
43144,9038
43145,9024
43146,9029
43147,9023
43148,9010
43149,9006
43150,9017
43151,9005
43152,9038
43153,9038
43154,9029
43155,9038
43156,9014
43157,9024
43158,9038
43159,9038
43160,9038
43161,9029
43162,9014
43163,9038
43164,9039
43165,9044
43166,9036
43167,9038
43168,9042
43169,9050
43170,9044
43171,9041
43172,9045
43173,9056
43174,9053
43175,9053
43176,9035
43177,9044
43178,9035
43179,9044
43180,9026
43181,9035
43182,9030
43183,9044
43184,9035
43185,9053
43186,9044
43187,9039
43188,9044
43189,9041
43190,9039
43191,9039
43192,9044
43193,9044
43194,9039
43195,9050
43196,9041
43197,9047
43198,9052
43199,9053
43200,9053
43201,9053
43202,9045
43203,9041
43204,9050
43205,9039
43206,9050
43207,9039
43208,9044
43209,9035
43210,9018
43211,9047
43212,9035
43213,9018
43214,9040
43215,9018
43216,9035
43217,9047
43218,9053
43219,9045
43220,9063
43221,9063
43222,9044
43223,9063
43224,9063
43225,9050
43226,9053
43227,9063
43228,9053
43229,9063
43230,9063
43231,9044
43232,9063
43233,9063
43234,9063
43235,9056
43236,9063
43237,9050
43238,9053
43239,9054
43240,9044
43241,9039
43242,9041
43243,9044
43244,9039
43245,9039
43246,9029
43247,9052
43248,9059
43249,9035
43250,9044
43251,9056
43252,9045
43253,9035
43254,9044
43255,9035
43256,9044
43257,9052
43258,9041
43259,9063
43260,9062
43261,9056
43262,9071
43263,9072
43264,9065
43265,9072
43266,9065
43267,9047
43268,9068
43269,9077
43270,9068
43271,9068
43272,9081
43273,9087
43274,9075
43275,9086
43276,9087
43277,9079
43278,9077
43279,9057
43280,9065
43281,9077
43282,9068
43283,9077
43284,9069
43285,9069
43286,9083
43287,9078
43288,9086
43289,9083
43290,9083
43291,9087
43292,9086
43293,9078
43294,9072
43295,9086
43296,9087
43297,9078
43298,9072
43299,9086
43300,9087
43301,9086
43302,9074
43303,9083
43304,9090
43305,9080
43306,9072
43307,9074
43308,9088
43309,9074
43310,9089
43311,9090
43312,9074
43313,9072
43314,9080
43315,9088
43316,9080
43317,9089
43318,9090
43319,9080
43320,9072
43321,9080
43322,9088
43323,9080
43324,9089
43325,9090
43326,9080
43327,9072
43328,9074
43329,9088
43330,9074
43331,9090
43332,9089
43333,9065
43334,9072
43335,9080
43336,9088
43337,9080
43338,9090
43339,9089
43340,9080
43341,9072
43342,9080
43343,9068
43344,9088
43345,9090
43346,9089
43347,9080
43348,9086
43349,9086
43350,9086
43351,9077
43352,9074
43353,9060
43354,9086
43355,9089
43356,9086
43357,9086
43358,9077
43359,9074
43360,9060
43361,9086
43362,9086
43363,9080
43364,9090
43365,9080
43366,9088
43367,9080
43368,9089
43369,9089
43370,9065
43371,9068
43372,9077
43373,9080
43374,9073
43375,9060
43376,9086
43377,9077
43378,9086
43379,9080
43380,9086
43381,9086
43382,9089
43383,9090
43384,9080
43385,9080
43386,9083
43387,9083
43388,9090
43389,9080
43390,9080
43391,9088
43392,9085
43393,9080
43394,9072
43395,9089
43396,9090
43397,9074
43398,9074
43399,9083
43400,9087
43401,9083
43402,9086
43403,9087
43404,9078
43405,9086
43406,9072
43407,9087
43408,9078
43409,9069
43410,9086
43411,9087
43412,9086
43413,9078
43414,9086
43415,9084
43416,9091
43417,9081
43418,9086
43419,9071
43420,9062
43421,9086
43422,9077
43423,9053
43424,9077
43425,9075
43426,9086
43427,9086
43428,9074
43429,9075
43430,9086
43431,9075
43432,9062
43433,9086
43434,9075
43435,9074
43436,9085
43437,9078
43438,9086
43439,9086
43440,9086
43441,9045
43442,9089
43443,9086
43444,9083
43445,9092
43446,9083
43447,9092
43448,9089
43449,9095
43450,9101
43451,9100
43452,9095
43453,9104
43454,9099
43455,9100
43456,9104
43457,9089
43458,9100
43459,9095
43460,9100
43461,9104
43462,9100
43463,9099
43464,9104
43465,9095
43466,9095
43467,9095
43468,9104
43469,9089
43470,9095
43471,9086
43472,9100
43473,9104
43474,9101
43475,9105
43476,9101
43477,9104
43478,9105
43479,9095
43480,9105
43481,9101
43482,9086
43483,9095
43484,9101
43485,9105
43486,9101
43487,9086
43488,9095
43489,9111
43490,9104
43491,9109
43492,9104
43493,9095
43494,9111
43495,9109
43496,9104
43497,9111
43498,9104
43499,9092
43500,9109
43501,9111
43502,9098
43503,9108
43504,9111
43505,9109
43506,9092
43507,9111
43508,9108
43509,9109
43510,9111
43511,9092
43512,9108
43513,9104
43514,9106
43515,9116
43516,9113
43517,9107
43518,9098
43519,9116
43520,9113
43521,9104
43522,9116
43523,9098
43524,9116
43525,9108
43526,9101
43527,9106
43528,9113
43529,9095
43530,9110
43531,9098
43532,9110
43533,9099
43534,9109
43535,9107
43536,9110
43537,9104
43538,9098
43539,9120
43540,9120
43541,9122
43542,9108
43543,9113
43544,9120
43545,9122
43546,9113
43547,9120
43548,9101
43549,9110
43550,9095
43551,9107
43552,9104
43553,9089
43554,9107
43555,9119
43556,9107
43557,9093
43558,9120
43559,9119
43560,9122
43561,9129
43562,9129
43563,9125
43564,9106
43565,9119
43566,9116
43567,9119
43568,9106
43569,9119
43570,9106
43571,9090
43572,9119
43573,9104
43574,9106
43575,9119
43576,9119
43577,9119
43578,9113
43579,9071
43580,9110
43581,9097
43582,9122
43583,9125
43584,9125
43585,9127
43586,9120
43587,9129
43588,9134
43589,9127
43590,9129
43591,9134
43592,9138
43593,9141
43594,9138
43595,9138
43596,9141
43597,9104
43598,9134
43599,9125
43600,9113
43601,9128
43602,9134
43603,9137
43604,9134
43605,9119
43606,9143
43607,9131
43608,9146
43609,9145
43610,9140
43611,9153
43612,9139
43613,9146
43614,9153
43615,9147
43616,9134
43617,9137
43618,9140
43619,9149
43620,9151
43621,9138
43622,9131
43623,9146
43624,9149
43625,9140
43626,9146
43627,9149
43628,9152
43629,9158
43630,9155
43631,9160
43632,9161
43633,9155
43634,9156
43635,9151
43636,9155
43637,9149
43638,9134
43639,9158
43640,9161
43641,9164
43642,9155
43643,9154
43644,9158
43645,9163
43646,9167
43647,9162
43648,9176
43649,9162
43650,9149
43651,9170
43652,9158
43653,9170
43654,9173
43655,9173
43656,9165
43657,9173
43658,9161
43659,9173
43660,9173
43661,9173
43662,9165
43663,9173
43664,9173
43665,9176
43666,9176
43667,9169
43668,9185
43669,9188
43670,9182
43671,9176
43672,9185
43673,9167
43674,9176
43675,9188
43676,9185
43677,9176
43678,9182
43679,9185
43680,9169
43681,9182
43682,9176
43683,9176
43684,9169
43685,9185
43686,9182
43687,9188
43688,9190
43689,9194
43690,9185
43691,9174
43692,9194
43693,9194
43694,9194
43695,9176
43696,9159
43697,9185
43698,9185
43699,9198
43700,9198
43701,9198
43702,9185
43703,9198
43704,9196
43705,9169
43706,9193
43707,9182
43708,9186
43709,9190
43710,9192
43711,9174
43712,9192
43713,9188
43714,9192
43715,9156
43716,9174
43717,9192
43718,9196
43719,9192
43720,9174
43721,9192
43722,9167
43723,9194
43724,9195
43725,9196
43726,9194
43727,9179
43728,9200
43729,9194
43730,9197
43731,9191
43732,9207
43733,9206
43734,9207
43735,9201
43736,9202
43737,9188
43738,9170
43739,9197
43740,9188
43741,9203
43742,9192
43743,9174
43744,9166
43745,9197
43746,9202
43747,9200
43748,9207
43749,9191
43750,9173
43751,9203
43752,9200
43753,9207
43754,9207
43755,9214
43756,9212
43757,9209
43758,9214
43759,9204
43760,9192
43761,9210
43762,9212
43763,9212
43764,9212
43765,9213
43766,9212
43767,9221
43768,9218
43769,9215
43770,9215
43771,9222
43772,9215
43773,9200
43774,9215
43775,9215
43776,9218
43777,9200
43778,9215
43779,9215
43780,9221
43781,9222
43782,9215
43783,9218
43784,9215
43785,9215
43786,9222
43787,9215
43788,9215
43789,9200
43790,9215
43791,9222
43792,9215
43793,9215
43794,9222
43795,9215
43796,9215
43797,9221
43798,9230
43799,9227
43800,9227
43801,9206
43802,9227
43803,9227
43804,9222
43805,9215
43806,9221
43807,9231
43808,9231
43809,9215
43810,9227
43811,9215
43812,9231
43813,9213
43814,9215
43815,9231
43816,9233
43817,9227
43818,9225
43819,9230
43820,9224
43821,9213
43822,9236
43823,9231
43824,9224
43825,9228
43826,9188
43827,9228
43828,9214
43829,9218
43830,9233
43831,9228
43832,9224
43833,9228
43834,9228
43835,9229
43836,9213
43837,9224
43838,9228
43839,9233
43840,9228
43841,9228
43842,9224
43843,9188
43844,9228
43845,9228
43846,9224
43847,9228
43848,9227
43849,9236
43850,9236
43851,9221
43852,9230
43853,9224
43854,9228
43855,9220
43856,9213
43857,9227
43858,9227
43859,9225
43860,9229
43861,9236
43862,9236
43863,9227
43864,9215
43865,9215
43866,9228
43867,9215
43868,9213
43869,9228
43870,9224
43871,9228
43872,9221
43873,9227
43874,9224
43875,9224
43876,9230
43877,9227
43878,9224
43879,9230
43880,9224
43881,9224
43882,9227
43883,9221
43884,9228
43885,9224
43886,9228
43887,9230
43888,9233
43889,9233
43890,9231
43891,9233
43892,9233
43893,9233
43894,9227
43895,9224
43896,9230
43897,9227
43898,9230
43899,9233
43900,9225
43901,9237
43902,9243
43903,9236
43904,9239
43905,9243
43906,9235
43907,9243
43908,9236
43909,9243
43910,9239
43911,9243
43912,9242
43913,9240
43914,9244
43915,9212
43916,9242
43917,9228
43918,9239
43919,9227
43920,9228
43921,9243
43922,9228
43923,9243
43924,9240
43925,9236
43926,9228
43927,9227
43928,9227
43929,9228
43930,9242
43931,9239
43932,9236
43933,9224
43934,9221
43935,9242
43936,9224
43937,9242
43938,9224
43939,9242
43940,9231
43941,9217
43942,9224
43943,9239
43944,9236
43945,9228
43946,9239
43947,9235
43948,9243
43949,9245
43950,9227
43951,9233
43952,9251
43953,9252
43954,9249
43955,9239
43956,9245
43957,9252
43958,9251
43959,9252
43960,9239
43961,9252
43962,9251
43963,9251
43964,9242
43965,9251
43966,9252
43967,9239
43968,9252
43969,9245
43970,9251
43971,9252
43972,9249
43973,9254
43974,9258
43975,9246
43976,9254
43977,9259
43978,9258
43979,9250
43980,9259
43981,9258
43982,9246
43983,9245
43984,9248
43985,9233
43986,9254
43987,9257
43988,9257
43989,9243
43990,9259
43991,9250
43992,9240
43993,9248
43994,9240
43995,9245
43996,9239
43997,9240
43998,9239
43999,9248
44000,9240
44001,9239
44002,9254
44003,9231
44004,9243
44005,9258
44006,9257
44007,9259
44008,9257
44009,9257
44010,9257
44011,9259
44012,9250
44013,9257
44014,9257
44015,9259
44016,9257
44017,9257
44018,9257
44019,9259
44020,9248
44021,9251
44022,9257
44023,9254
44024,9259
44025,9257
44026,9242
44027,9259
44028,9254
44029,9257
44030,9257
44031,9257
44032,9260
44033,9266
44034,9274
44035,9269
44036,9274
44037,9272
44038,9251
44039,9274
44040,9278
44041,9248
44042,9274
44043,9275
44044,9260
44045,9281
44046,9270
44047,9269
44048,9277
44049,9269
44050,9270
44051,9283
44052,9290
44053,9284
44054,9284
44055,9273
44056,9276
44057,9272
44058,9266
44059,9282
44060,9266
44061,9282
44062,9281
44063,9282
44064,9266
44065,9289
44066,9278
44067,9278
44068,9278
44069,9278
44070,9283
44071,9278
44072,9284
44073,9296
44074,9296
44075,9284
44076,9278
44077,9296
44078,9290
44079,9296
44080,9296
44081,9286
44082,9272
44083,9296
44084,9293
44085,9290
44086,9290
44087,9303
44088,9291
44089,9297
44090,9302
44091,9308
44092,9294
44093,9296
44094,9308
44095,9294
44096,9290
44097,9308
44098,9294
44099,9294
44100,9308
44101,9286
44102,9308
44103,9296
44104,9300
44105,9294
44106,9296
44107,9305
44108,9291
44109,9281
44110,9290
44111,9287
44112,9294
44113,9291
44114,9290
44115,9294
44116,9291
44117,9294
44118,9290
44119,9296
44120,9284
44121,9296
44122,9293
44123,9296
44124,9278
44125,9281
44126,9293
44127,9299
44128,9306
44129,9302
44130,9301
44131,9311
44132,9313
44133,9314
44134,9296
44135,9284
44136,9307
44137,9309
44138,9281
44139,9281
44140,9307
44141,9308
44142,9296
44143,9290
44144,9307
44145,9281
44146,9290
44147,9307
44148,9311
44149,9309
44150,9308
44151,9293
44152,9308
44153,9309
44154,9290
44155,9309
44156,9308
44157,9309
44158,9311
44159,9290
44160,9292
44161,9290
44162,9310
44163,9316
44164,9300
44165,9310
44166,9316
44167,9290
44168,9290
44169,9305
44170,9314
44171,9290
44172,9301
44173,9291
44174,9294
44175,9287
44176,9294
44177,9291
44178,9290
44179,9311
44180,9301
44181,9312
44182,9301
44183,9311
44184,9301
44185,9311
44186,9312
44187,9301
44188,9308
44189,9307
44190,9301
44191,9312
44192,9311
44193,9307
44194,9305
44195,9303
44196,9305
44197,9307
44198,9246
44199,9300
44200,9310
44201,9316
44202,9310
44203,9290
44204,9296
44205,9316
44206,9310
44207,9310
44208,9316
44209,9305
44210,9310
44211,9316
44212,9310
44213,9288
44214,9306
44215,9300
44216,9295
44217,9308
44218,9294
44219,9313
44220,9299
44221,9308
44222,9311
44223,9308
44224,9311
44225,9299
44226,9308
44227,9302
44228,9320
44229,9288
44230,9321
44231,9311
44232,9318
44233,9284
44234,9315
44235,9320
44236,9317
44237,9314
44238,9321
44239,9305
44240,9305
44241,9314
44242,9321
44243,9314
44244,9321
44245,9320
44246,9302
44247,9302
44248,9320
44249,9302
44250,9320
44251,9323
44252,9319
44253,9302
44254,9320
44255,9302
44256,9302
44257,9320
44258,9321
44259,9310
44260,9317
44261,9299
44262,9305
44263,9314
44264,9317
44265,9305
44266,9317
44267,9320
44268,9315
44269,9314
44270,9284
44271,9311
44272,9321
44273,9320
44274,9306
44275,9302
44276,9302
44277,9299
44278,9311
44279,9302
44280,9311
44281,9302
44282,9299
44283,9313
44284,9294
44285,9308
44286,9295
44287,9300
44288,9302
44289,9293
44290,9310
44291,9316
44292,9310
44293,9305
44294,9310
44295,9316
44296,9310
44297,9316
44298,9305
44299,9310
44300,9290
44301,9316
44302,9310
44303,9305
44304,9264
44305,9311
44306,9305
44307,9303
44308,9311
44309,9301
44310,9311
44311,9312
44312,9305
44313,9311
44314,9308
44315,9293
44316,9312
44317,9311
44318,9305
44319,9311
44320,9305
44321,9312
44322,9305
44323,9311
44324,9290
44325,9291
44326,9294
44327,9308
44328,9294
44329,9291
44330,9301
44331,9290
44332,9314
44333,9305
44334,9311
44335,9314
44336,9305
44337,9303
44338,9314
44339,9311
44340,9305
44341,9302
44342,9314
44343,9311
44344,9317
44345,9287
44346,9311
44347,9314
44348,9312
44349,9318
44350,9317
44351,9320
44352,9326
44353,9317
44354,9332
44355,9332
44356,9332
44357,9335
44358,9329
44359,9335
44360,9329
44361,9335
44362,9341
44363,9338
44364,9339
44365,9334
44366,9335
44367,9334
44368,9331
44369,9334
44370,9335
44371,9340
44372,9335
44373,9341
44374,9347
44375,9345
44376,9345
44377,9341
44378,9338
44379,9344
44380,9345
44381,9341
44382,9345
44383,9332
44384,9317
44385,9341
44386,9341
44387,9335
44388,9317
44389,9345
44390,9341
44391,9317
44392,9341
44393,9335
44394,9341
44395,9317
44396,9335
44397,9341
44398,9317
44399,9341
44400,9335
44401,9317
44402,9341
44403,9341
44404,9335
44405,9317
44406,9341
44407,9338
44408,9323
44409,9338
44410,9326
44411,9329
44412,9323
44413,9335
44414,9333
44415,9345
44416,9348
44417,9339
44418,9341
44419,9341
44420,9335
44421,9341
44422,9348
44423,9341
44424,9341
44425,9332
44426,9348
44427,9341
44428,9339
44429,9345
44430,9335
44431,9344
44432,9335
44433,9333
44434,9338
44435,9341
44436,9344
44437,9332
44438,9343
44439,9346
44440,9341
44441,9343
44442,9343
44443,9345
44444,9343
44445,9341
44446,9345
44447,9343
44448,9343
44449,9341
44450,9343
44451,9348
44452,9357
44453,9353
44454,9321
44455,9350
44456,9324
44457,9354
44458,9350
44459,9359
44460,9362
44461,9359
44462,9351
44463,9356
44464,9338
44465,9355
44466,9338
44467,9356
44468,9338
44469,9338
44470,9338
44471,9350
44472,9338
44473,9339
44474,9338
44475,9356
44476,9354
44477,9338
44478,9350
44479,9344
44480,9318
44481,9349
44482,9359
44483,9344
44484,9353
44485,9318
44486,9344
44487,9353
44488,9348
44489,9359
44490,9358
44491,9359
44492,9358
44493,9359
44494,9342
44495,9362
44496,9354
44497,9359
44498,9362
44499,9359
44500,9353
44501,9350
44502,9321
44503,9357
44504,9327
44505,9345
44506,9338
44507,9338
44508,9344
44509,9338
44510,9321
44511,9357
44512,9344
44513,9344
44514,9346
44515,9359
44516,9344
44517,9352
44518,9344
44519,9339
44520,9344
44521,9321
44522,9341
44523,9344
44524,9341
44525,9341
44526,9335
44527,9347
44528,9346
44529,9335
44530,9344
44531,9341
44532,9359
44533,9353
44534,9338
44535,9353
44536,9344
44537,9344
44538,9353
44539,9359
44540,9365
44541,9368
44542,9371
44543,9371
44544,9365
44545,9353
44546,9356
44547,9371
44548,9371
44549,9359
44550,9368
44551,9362
44552,9353
44553,9344
44554,9353
44555,9344
44556,9344
44557,9353
44558,9356
44559,9353
44560,9368
44561,9365
44562,9350
44563,9357
44564,9346
44565,9357
44566,9365
44567,9365
44568,9365
44569,9359
44570,9352
44571,9335
44572,9356
44573,9341
44574,9340
44575,9356
44576,9335
44577,9352
44578,9359
44579,9365
44580,9365
44581,9365
44582,9357
44583,9346
44584,9347
44585,9357
44586,9347
44587,9360
44588,9359
44589,9355
44590,9344
44591,9344
44592,9353
44593,9363
44594,9338
44595,9344
44596,9353
44597,9344
44598,9358
44599,9365
44600,9368
44601,9364
44602,9344
44603,9347
44604,9353
44605,9341
44606,9352
44607,9341
44608,9359
44609,9341
44610,9347
44611,9359
44612,9359
44613,9362
44614,9362
44615,9369
44616,9347
44617,9369
44618,9362
44619,9359
44620,9345
44621,9352
44622,9345
44623,9345
44624,9353
44625,9365
44626,9356
44627,9365
44628,9365
44629,9365
44630,9374
44631,9344
44632,9365
44633,9365
44634,9368
44635,9365
44636,9365
44637,9371
44638,9355
44639,9374
44640,9355
44641,9370
44642,9374
44643,9355
44644,9356
44645,9370
44646,9374
44647,9370
44648,9383
44649,9381
44650,9380
44651,9382
44652,9381
44653,9365
44654,9374
44655,9359
44656,9362
44657,9371
44658,9381
44659,9380
44660,9380
44661,9386
44662,9365
44663,9389
44664,9385
44665,9391
44666,9389
44667,9380
44668,9389
44669,9385
44670,9371
44671,9389
44672,9391
44673,9385
44674,9389
44675,9379
44676,9377
44677,9371
44678,9388
44679,9381
44680,9386
44681,9385
44682,9391
44683,9399
44684,9399
44685,9398
44686,9401
44687,9400
44688,9403
44689,9392
44690,9399
44691,9400
44692,9403
44693,9388
44694,9399
44695,9403
44696,9400
44697,9401
44698,9407
44699,9401
44700,9392
44701,9401
44702,9407
44703,9408
44704,9401
44705,9398
44706,9401
44707,9407
44708,9401
44709,9408
44710,9401
44711,9407
44712,9401
44713,9400
44714,9403
44715,9399
44716,9388
44717,9400
44718,9403
44719,9392
44720,9399
44721,9400
44722,9403
44723,9401
44724,9398
44725,9399
44726,9377
44727,9395
44728,9399
44729,9401
44730,9387
44731,9400
44732,9403
44733,9399
44734,9400
44735,9403
44736,9398
44737,9389
44738,9384
44739,9398
44740,9389
44741,9398
44742,9389
44743,9389
44744,9384
44745,9389
44746,9398
44747,9401
44748,9392
44749,9384
44750,9384
44751,9384
44752,9392
44753,9401
44754,9398
44755,9389
44756,9384
44757,9389
44758,9389
44759,9398
44760,9389
44761,9398
44762,9389
44763,9384
44764,9384
44765,9398
44766,9389
44767,9362
44768,9389
44769,9398
44770,9370
44771,9398
44772,9386
44773,9398
44774,9380
44775,9386
44776,9398
44777,9389
44778,9398
44779,9405
44780,9398
44781,9410
44782,9410
44783,9413
44784,9403
44785,9410
44786,9403
44787,9403
44788,9413
44789,9404
44790,9401
44791,9410
44792,9416
44793,9422
44794,9419
44795,9414
44796,9422
44797,9419
44798,9414
44799,9412
44800,9414
44801,9415
44802,9395
44803,9416
44804,9400
44805,9384
44806,9403
44807,9392
44808,9413
44809,9410
44810,9406
44811,9401
44812,9416
44813,9401
44814,9416
44815,9401
44816,9419
44817,9407
44818,9417
44819,9422
44820,9401
44821,9407
44822,9413
44823,9422
44824,9407
44825,9416
44826,9422
44827,9413
44828,9422
44829,9422
44830,9419
44831,9422
44832,9416
44833,9422
44834,9419
44835,9422
44836,9426
44837,9407
44838,9422
44839,9408
44840,9411
44841,9417
44842,9416
44843,9411
44844,9401
44845,9422
44846,9411
44847,9417
44848,9419
44849,9416
44850,9407
44851,9401
44852,9416
44853,9383
44854,9416
44855,9415
44856,9425
44857,9429
44858,9408
44859,9429
44860,9429
44861,9416
44862,9419
44863,9398
44864,9424
44865,9425
44866,9417
44867,9425
44868,9419
44869,9424
44870,9407
44871,9422
44872,9425
44873,9428
44874,9425
44875,9428
44876,9413
44877,9428
44878,9428
44879,9421
44880,9425
44881,9428
44882,9431
44883,9425
44884,9425
44885,9428
44886,9425
44887,9423
44888,9420
44889,9429
44890,9428
44891,9425
44892,9416
44893,9429
44894,9434
44895,9425
44896,9438
44897,9432
44898,9438
44899,9432
44900,9438
44901,9438
44902,9432
44903,9433
44904,9438
44905,9432
44906,9438
44907,9432
44908,9440
44909,9446
44910,9434
44911,9443
44912,9440
44913,9446
44914,9443
44915,9440
44916,9440
44917,9446
44918,9450
44919,9443
44920,9451
44921,9450
44922,9446
44923,9450
44924,9451
44925,9446
44926,9450
44927,9443
44928,9450
44929,9440
44930,9440
44931,9449
44932,9452
44933,9440
44934,9446
44935,9449
44936,9434
44937,9440
44938,9452
44939,9440
44940,9443
44941,9434
44942,9446
44943,9440
44944,9437
44945,9438
44946,9437
44947,9438
44948,9433
44949,9438
44950,9437
44951,9438
44952,9437
44953,9428
44954,9438
44955,9437
44956,9438
44957,9438
44958,9437
44959,9438
44960,9437
44961,9438
44962,9437
44963,9433
44964,9438
44965,9438
44966,9437
44967,9438
44968,9437
44969,9438
44970,9437
44971,9440
44972,9446
44973,9429
44974,9443
44975,9440
44976,9443
44977,9446
44978,9440
44979,9450
44980,9451
44981,9450
44982,9444
44983,9440
44984,9450
44985,9440
44986,9438
44987,9446
44988,9440
44989,9450
44990,9451
44991,9450
44992,9450
44993,9440
44994,9407
44995,9440
44996,9431
44997,9443
44998,9434
44999,9446
45000,9440
45001,9443
45002,9446
45003,9440
45004,9451
45005,9450
45006,9450
45007,9444
45008,9450
45009,9455
45010,9459
45011,9449
45012,9455
45013,9460
45014,9458
45015,9452
45016,9449
45017,9452
45018,9411
45019,9443
45020,9452
45021,9452
45022,9452
45023,9452
45024,9449
45025,9411
45026,9452
45027,9443
45028,9458
45029,9455
45030,9455
45031,9455
45032,9461
45033,9455
45034,9460
45035,9455
45036,9459
45037,9440
45038,9456
45039,9440
45040,9447
45041,9460
45042,9411
45043,9452
45044,9441
45045,9452
45046,9449
45047,9440
45048,9452
45049,9449
45050,9461
45051,9440
45052,9449
45053,9463
45054,9458
45055,9461
45056,9443
45057,9463
45058,9461
45059,9461
45060,9464
45061,9459
45062,9449
45063,9426
45064,9449
45065,9451
45066,9449
45067,9460
45068,9462
45069,9462
45070,9462
45071,9463
45072,9462
45073,9462
45074,9452
45075,9462
45076,9462
45077,9462
45078,9462
45079,9462
45080,9463
45081,9452
45082,9439
45083,9447
45084,9439
45085,9449
45086,9441
45087,9456
45088,9463
45089,9461
45090,9468
45091,9470
45092,9476
45093,9470
45094,9476
45095,9477
45096,9482
45097,9476
45098,9477
45099,9479
45100,9471
45101,9477
45102,9482
45103,9471
45104,9477
45105,9470
45106,9476
45107,9459
45108,9473
45109,9465
45110,9473
45111,9476
45112,9473
45113,9468
45114,9473
45115,9479
45116,9477
45117,9476
45118,9482
45119,9491
45120,9489
45121,9488
45122,9494
45123,9482
45124,9489
45125,9493
45126,9495
45127,9494
45128,9483
45129,9495
45130,9494
45131,9495
45132,9490
45133,9494
45134,9495
45135,9495
45136,9497
45137,9494
45138,9494
45139,9495
45140,9494
45141,9497
45142,9495
45143,9495
45144,9494
45145,9494
45146,9497
45147,9495
45148,9494
45149,9495
45150,9490
45151,9488
45152,9495
45153,9494
45154,9495
45155,9488
45156,9495
45157,9459
45158,9493
45159,9493
45160,9482
45161,9497
45162,9493
45163,9493
45164,9490
45165,9493
45166,9493
45167,9503
45168,9503
45169,9503
45170,9500
45171,9492
45172,9495
45173,9513
45174,9514
45175,9497
45176,9513
45177,9509
45178,9490
45179,9497
45180,9503
45181,9501
45182,9497
45183,9510
45184,9501
45185,9497
45186,9499
45187,9507
45188,9500
45189,9503
45190,9499
45191,9479
45192,9493
45193,9495
45194,9483
45195,9434
45196,9497
45197,9494
45198,9490
45199,9497
45200,9494
45201,9459
45202,9494
45203,9488
45204,9497
45205,9494
45206,9490
45207,9488
45208,9501
45209,9497
45210,9485
45211,9479
45212,9493
45213,9491
45214,9493
45215,9493
45216,9482
45217,9493
45218,9493
45219,9497
45220,9493
45221,9486
45222,9494
45223,9488
45224,9440
45225,9493
45226,9489
45227,9494
45228,9483
45229,9440
45230,9483
45231,9494
45232,9440
45233,9483
45234,9489
45235,9494
45236,9493
45237,9488
45238,9440
45239,9494
45240,9493
45241,9488
45242,9440
45243,9494
45244,9485
45245,9502
45246,9500
45247,9485
45248,9502
45249,9497
45250,9500
45251,9485
45252,9488
45253,9497
45254,9491
45255,9502
45256,9500
45257,9493
45258,9501
45259,9495
45260,9497
45261,9495
45262,9504
45263,9495
45264,9491
45265,9495
45266,9497
45267,9504
45268,9495
45269,9495
45270,9497
45271,9495
45272,9499
45273,9504
45274,9495
45275,9497
45276,9500
45277,9482
45278,9482
45279,9466
45280,9480
45281,9491
45282,9476
45283,9494
45284,9479
45285,9429
45286,9499
45287,9497
45288,9499
45289,9429
45290,9499
45291,9482
45292,9477
45293,9502
45294,9488
45295,9485
45296,9477
45297,9502
45298,9494
45299,9483
45300,9477
45301,9502
45302,9493
45303,9477
45304,9488
45305,9488
45306,9494
45307,9502
45308,9477
45309,9485
45310,9488
45311,9502
45312,9477
45313,9494
45314,9502
45315,9477
45316,9483
45317,9502
45318,9477
45319,9485
45320,9502
45321,9490
45322,9503
45323,9499
45324,9491
45325,9485
45326,9497
45327,9495
45328,9485
45329,9495
45330,9497
45331,9485
45332,9491
45333,9488
45334,9495
45335,9485
45336,9497
45337,9495
45338,9485
45339,9497
45340,9491
45341,9485
45342,9495
45343,9497
45344,9485
45345,9495
45346,9488
45347,9491
45348,9485
45349,9487
45350,9495
45351,9485
45352,9497
45353,9495
45354,9485
45355,9491
45356,9497
45357,9485
45358,9495
45359,9488
45360,9495
45361,9485
45362,9497
45363,9491
45364,9485
45365,9497
45366,9495
45367,9485
45368,9495
45369,9497
45370,9512
45371,9506
45372,9518
45373,9520
45374,9516
45375,9524
45376,9518
45377,9524
45378,9509
45379,9515
45380,9513
45381,9524
45382,9518
45383,9514
45384,9503
45385,9518
45386,9524
45387,9524
45388,9518
45389,9506
45390,9518
45391,9515
45392,9506
45393,9510
45394,9518
45395,9509
45396,9520
45397,9506
45398,9518
45399,9520
45400,9485
45401,9509
45402,9512
45403,9518
45404,9488
45405,9512
45406,9520
45407,9518
45408,9512
45409,9491
45410,9497
45411,9511
45412,9518
45413,9520
45414,9506
45415,9512
45416,9515
45417,9518
45418,9512
45419,9506
45420,9518
45421,9520
45422,9506
45423,9518
45424,9520
45425,9509
45426,9512
45427,9506
45428,9518
45429,9520
45430,9516
45431,9518
45432,9524
45433,9524
45434,9518
45435,9515
45436,9513
45437,9509
45438,9524
45439,9524
45440,9512
45441,9518
45442,9524
45443,9524
45444,9518
45445,9506
45446,9515
45447,9518
45448,9506
45449,9510
45450,9520
45451,9509
45452,9518
45453,9506
45454,9520
45455,9518
45456,9485
45457,9518
45458,9512
45459,9520
45460,9518
45461,9520
45462,9512
45463,9512
45464,9497
45465,9495
45466,9511
45467,9520
45468,9518
45469,9506
45470,9520
45471,9503
45472,9518
45473,9485
45474,9512
45475,9518
45476,9509
45477,9512
45478,9518
45479,9515
45480,9512
45481,9485
45482,9515
45483,9509
45484,9518
45485,9506
45486,9515
45487,9518
45488,9510
45489,9520
45490,9499
45491,9518
45492,9516
45493,9524
45494,9518
45495,9524
45496,9520
45497,9530
45498,9527
45499,9521
45500,9512
45501,9527
45502,9530
45503,9521
45504,9527
45505,9520
45506,9530
45507,9527
45508,9521
45509,9524
45510,9530
45511,9527
45512,9521
45513,9512
45514,9519
45515,9515
45516,9536
45517,9533
45518,9533
45519,9527
45520,9527
45521,9506
45522,9524
45523,9521
45524,9533
45525,9530
45526,9530
45527,9533
45528,9516
45529,9503
45530,9518
45531,9503
45532,9516
45533,9503
45534,9516
45535,9503
45536,9524
45537,9520
45538,9506
45539,9533
45540,9527
45541,9530
45542,9538
45543,9536
45544,9524
45545,9527
45546,9527
45547,9518
45548,9527
45549,9527
45550,9527
45551,9512
45552,9521
45553,9523
45554,9532
45555,9536
45556,9529
45557,9532
45558,9536
45559,9515
45560,9531
45561,9536
45562,9515
45563,9535
45564,9531
45565,9536
45566,9531
45567,9536
45568,9542
45569,9536
45570,9530
45571,9542
45572,9536
45573,9542
45574,9515
45575,9536
45576,9542
45577,9536
45578,9530
45579,9542
45580,9538
45581,9525
45582,9531
45583,9545
45584,9533
45585,9515
45586,9533
45587,9521
45588,9515
45589,9517
45590,9521
45591,9542
45592,9542
45593,9517
45594,9521
45595,9542
45596,9517
45597,9542
45598,9542
45599,9521
45600,9517
45601,9545
45602,9531
45603,9547
45604,9531
45605,9545
45606,9542
45607,9512
45608,9525
45609,9542
45610,9542
45611,9512
45612,9525
45613,9525
45614,9530
45615,9539
45616,9539
45617,9519
45618,9536
45619,9533
45620,9517
45621,9536
45622,9517
45623,9536
45624,9530
45625,9517
45626,9536
45627,9542
45628,9530
45629,9536
45630,9517
45631,9541
45632,9536
45633,9506
45634,9524
45635,9536
45636,9503
45637,9536
45638,9548
45639,9539
45640,9548
45641,9548
45642,9548
45643,9545
45644,9545
45645,9549
45646,9548
45647,9553
45648,9545
45649,9537
45650,9548
45651,9548
45652,9539
45653,9545
45654,9536
45655,9548
45656,9547
45657,9545
45658,9530
45659,9544
45660,9555
45661,9545
45662,9548
45663,9551
45664,9557
45665,9557
45666,9557
45667,9555
45668,9541
45669,9557
45670,9554
45671,9539
45672,9556
45673,9530
45674,9533
45675,9548
45676,9550
45677,9545
45678,9548
45679,9552
45680,9564
45681,9548
45682,9564
45683,9548
45684,9564
45685,9548
45686,9563
45687,9564
45688,9554
45689,9548
45690,9564
45691,9548
45692,9563
45693,9566
45694,9569
45695,9569
45696,9560
45697,9560
45698,9553
45699,9542
45700,9560
45701,9560
45702,9538
45703,9561
45704,9572
45705,9560
45706,9572
45707,9575
45708,9569
45709,9575
45710,9581
45711,9571
45712,9581
45713,9571
45714,9569
45715,9572
45716,9574
45717,9561
45718,9566
45719,9569
45720,9569
45721,9580
45722,9571
45723,9581
45724,9564
45725,9578
45726,9581
45727,9571
45728,9583
45729,9554
45730,9563
45731,9575
45732,9582
45733,9582
45734,9587
45735,9578
45736,9587
45737,9584
45738,9581
45739,9590
45740,9590
45741,9569
45742,9593
45743,9575
45744,9581
45745,9593
45746,9575
45747,9590
45748,9569
45749,9567
45750,9575
45751,9575
45752,9591
45753,9575
45754,9575
45755,9572
45756,9575
45757,9575
45758,9590
45759,9593
45760,9575
45761,9575
45762,9581
45763,9591
45764,9578
45765,9587
45766,9563
45767,9591
45768,9593
45769,9591
45770,9587
45771,9587
45772,9596
45773,9587
45774,9596
45775,9587
45776,9597
45777,9597
45778,9598
45779,9597
45780,9597
45781,9566
45782,9597
45783,9598
45784,9597
45785,9597
45786,9598
45787,9609
45788,9605
45789,9608
45790,9603
45791,9593
45792,9596
45793,9591
45794,9605
45795,9602
45796,9601
45797,9601
45798,9578
45799,9602
45800,9601
45801,9584
45802,9599
45803,9593
45804,9599
45805,9593
45806,9575
45807,9605
45808,9569
45809,9598
45810,9584
45811,9595
45812,9602
45813,9587
45814,9575
45815,9595
45816,9601
45817,9607
45818,9598
45819,9606
45820,9607
45821,9605
45822,9597
45823,9598
45824,9597
45825,9575
45826,9594
45827,9595
45828,9596
45829,9597
45830,9608
45831,9594
45832,9596
45833,9582
45834,9608
45835,9594
45836,9608
45837,9608
45838,9602
45839,9594
45840,9608
45841,9599
45842,9599
45843,9606
45844,9608
45845,9605
45846,9605
45847,9596
45848,9608
45849,9602
45850,9596
45851,9608
45852,9611
45853,9613
45854,9605
45855,9610
45856,9613
45857,9599
45858,9613
45859,9602
45860,9616
45861,9615
45862,9608
45863,9601
45864,9581
45865,9601
45866,9581
45867,9600
45868,9601
45869,9581
45870,9607
45871,9581
45872,9601
45873,9606
45874,9585
45875,9593
45876,9607
45877,9575
45878,9584
45879,9596
45880,9591
45881,9607
45882,9581
45883,9590
45884,9593
45885,9607
45886,9607
45887,9593
45888,9607
45889,9590
45890,9601
45891,9591
45892,9584
45893,9602
45894,9609
45895,9617
45896,9614
45897,9618
45898,9615
45899,9599
45900,9618
45901,9615
45902,9618
45903,9623
45904,9624
45905,9624
45906,9624
45907,9590
45908,9624
45909,9624
45910,9624
45911,9629
45912,9629
45913,9630
45914,9625
45915,9628
45916,9629
45917,9624
45918,9624
45919,9598
45920,9624
45921,9626
45922,9627
45923,9625
45924,9627
45925,9618
45926,9620
45927,9625
45928,9627
45929,9625
45930,9600
45931,9626
45932,9633
45933,9629
45934,9623
45935,9605
45936,9623
45937,9620
45938,9605
45939,9608
45940,9605
45941,9623
45942,9629
45943,9605
45944,9620
45945,9623
45946,9629
45947,9605
45948,9619
45949,9605
45950,9620
45951,9614
45952,9609
45953,9614
45954,9614
45955,9609
45956,9609
45957,9614
45958,9620
45959,9625
45960,9632
45961,9623
45962,9629
45963,9630
45964,9633
45965,9633
45966,9633
45967,9631
45968,9633
45969,9635
45970,9643
45971,9639
45972,9638
45973,9641
45974,9635
45975,9633
45976,9633
45977,9631
45978,9633
45979,9614
45980,9633
45981,9633
45982,9613
45983,9633
45984,9638
45985,9632
45986,9639
45987,9628
45988,9628
45989,9643
45990,9628
45991,9620
45992,9628
45993,9632
45994,9628
45995,9628
45996,9614
45997,9628
45998,9635
45999,9636
46000,9634
46001,9629
46002,9605
46003,9627
46004,9605
46005,9627
46006,9629
46007,9634
46008,9634
46009,9636
46010,9641
46011,9611
46012,9623
46013,9636
46014,9634
46015,9640
46016,9635
46017,9635
46018,9634
46019,9616
46020,9642
46021,9635
46022,9640
46023,9635
46024,9636
46025,9642
46026,9635
46027,9652
46028,9650
46029,9650
46030,9656
46031,9638
46032,9647
46033,9650
46034,9652
46035,9647
46036,9652
46037,9647
46038,9652
46039,9631
46040,9647
46041,9652
46042,9647
46043,9652
46044,9641
46045,9656
46046,9659
46047,9657
46048,9660
46049,9653
46050,9657
46051,9653
46052,9663
46053,9668
46054,9668
46055,9675
46056,9667
46057,9675
46058,9675
46059,9675
46060,9667
46061,9675
46062,9650
46063,9675
46064,9665
46065,9675
46066,9655
46067,9675
46068,9667
46069,9675
46070,9675
46071,9671
46072,9675
46073,9667
46074,9675
46075,9675
46076,9675
46077,9667
46078,9675
46079,9671
46080,9671
46081,9675
46082,9667
46083,9665
46084,9668
46085,9654
46086,9668
46087,9674
46088,9678
46089,9671
46090,9680
46091,9680
46092,9671
46093,9680
46094,9677
46095,9683
46096,9681
46097,9675
46098,9686
46099,9681
46100,9683
46101,9675
46102,9681
46103,9686
46104,9683
46105,9675
46106,9679
46107,9689
46108,9689
46109,9686
46110,9685
46111,9660
46112,9682
46113,9674
46114,9665
46115,9682
46116,9674
46117,9681
46118,9676
46119,9693
46120,9676
46121,9688
46122,9686
46123,9693
46124,9676
46125,9677
46126,9684
46127,9690
46128,9698
46129,9692
46130,9695
46131,9698
46132,9704
46133,9689
46134,9708
46135,9708
46136,9707
46137,9704
46138,9712
46139,9716
46140,9716
46141,9710
46142,9716
46143,9712
46144,9671
46145,9712
46146,9716
46147,9719
46148,9722
46149,9714
46150,9722
46151,9714
46152,9722
46153,9725
46154,9727
46155,9719
46156,9722
46157,9722
46158,9711
46159,9705
46160,9723
46161,9713
46162,9723
46163,9724
46164,9718
46165,9732
46166,9731
46167,9734
46168,9731
46169,9729
46170,9707
46171,9710
46172,9725
46173,9729
46174,9737
46175,9713
46176,9740
46177,9731
46178,9718
46179,9717
46180,9725
46181,9729
46182,9736
46183,9718
46184,9725
46185,9717
46186,9722
46187,9707
46188,9722
46189,9718
46190,9728
46191,9722
46192,9717
46193,9729
46194,9718
46195,9722
46196,9725
46197,9736
46198,9729
46199,9718
46200,9717
46201,9718
46202,9718
46203,9718
46204,9728
46205,9722
46206,9718
46207,9717
46208,9729
46209,9722
46210,9718
46211,9736
46212,9725
46213,9729
46214,9731
46215,9729
46216,9717
46217,9718
46218,9722
46219,9728
46220,9722
46221,9707
46222,9722
46223,9717
46224,9718
46225,9725
46226,9736
46227,9725
46228,9717
46229,9718
46230,9729
46231,9717
46232,9722
46233,9728
46234,9718
46235,9722
46236,9722
46237,9722
46238,9717
46239,9729
46240,9718
46241,9736
46242,9729
46243,9725
46244,9722
46245,9718
46246,9731
46247,9713
46248,9740
46249,9737
46250,9734
46251,9725
46252,9715
46253,9675
46254,9703
46255,9716
46256,9707
46257,9703
46258,9732
46259,9729
46260,9735
46261,9737
46262,9737
46263,9737
46264,9739
46265,9731
46266,9722
46267,9726
46268,9716
46269,9715
46270,9715
46271,9730
46272,9715
46273,9725
46274,9715
46275,9715
46276,9725
46277,9731
46278,9734
46279,9731
46280,9734
46281,9731
46282,9741
46283,9734
46284,9722
46285,9746
46286,9742
46287,9734
46288,9742
46289,9748
46290,9749
46291,9743
46292,9748
46293,9749
46294,9722
46295,9749
46296,9748
46297,9743
46298,9749
46299,9748
46300,9746
46301,9734
46302,9742
46303,9742
46304,9729
46305,9722
46306,9739
46307,9729
46308,9739
46309,9729
46310,9729
46311,9722
46312,9729
46313,9720
46314,9729
46315,9729
46316,9722
46317,9729
46318,9732
46319,9729
46320,9731
46321,9718
46322,9721
46323,9734
46324,9737
46325,9744
46326,9742
46327,9737
46328,9744
46329,9742
46330,9744
46331,9737
46332,9734
46333,9718
46334,9728
46335,9742
46336,9740
46337,9752
46338,9732
46339,9734
46340,9749
46341,9738
46342,9749
46343,9752
46344,9747
46345,9749
46346,9748
46347,9738
46348,9747
46349,9752
46350,9749
46351,9748
46352,9749
46353,9743
46354,9752
46355,9738
46356,9749
46357,9740
46358,9751
46359,9740
46360,9746
46361,9730
46362,9751
46363,9749
46364,9749
46365,9735
46366,9734
46367,9740
46368,9750
46369,9740
46370,9740
46371,9740
46372,9734
46373,9740
46374,9740
46375,9750
46376,9735
46377,9734
46378,9740
46379,9750
46380,9740
46381,9740
46382,9740
46383,9734
46384,9740
46385,9731
46386,9740
46387,9734
46388,9740
46389,9740
46390,9735
46391,9731
46392,9692
46393,9744
46394,9692
46395,9734
46396,9727
46397,9728
46398,9731
46399,9697
46400,9744
46401,9737
46402,9744
46403,9697
46404,9740
46405,9744
46406,9697
46407,9744
46408,9737
46409,9697
46410,9746
46411,9692
46412,9744
46413,9744
46414,9731
46415,9740
46416,9734
46417,9737
46418,9728
46419,9735
46420,9722
46421,9732
46422,9731
46423,9743
46424,9750
46425,9743
46426,9743
46427,9746
46428,9746
46429,9743
46430,9738
46431,9747
46432,9743
46433,9731
46434,9747
46435,9743
46436,9740
46437,9749
46438,9731
46439,9747
46440,9746
46441,9751
46442,9748
46443,9749
46444,9731
46445,9749
46446,9748
46447,9751
46448,9747
46449,9746
46450,9746
46451,9748
46452,9749
46453,9731
46454,9749
46455,9751
46456,9747
46457,9740
46458,9747
46459,9748
46460,9748
46461,9747
46462,9748
46463,9738
46464,9746
46465,9746
46466,9743
46467,9731
46468,9722
46469,9728
46470,9743
46471,9735
46472,9722
46473,9742
46474,9737
46475,9749
46476,9752
46477,9742
46478,9752
46479,9752
46480,9752
46481,9752
46482,9752
46483,9746
46484,9752
46485,9752
46486,9752
46487,9752
46488,9758
46489,9758
46490,9748
46491,9749
46492,9752
46493,9752
46494,9744
46495,9720
46496,9709
46497,9740
46498,9745
46499,9720
46500,9740
46501,9746
46502,9752
46503,9752
46504,9752
46505,9742
46506,9752
46507,9740
46508,9752
46509,9752
46510,9752
46511,9752
46512,9752
46513,9749
46514,9752
46515,9752
46516,9736
46517,9755
46518,9745
46519,9758
46520,9760
46521,9761
46522,9765
46523,9743
46524,9755
46525,9761
46526,9765
46527,9761
46528,9743
46529,9765
46530,9760
46531,9755
46532,9758
46533,9745
46534,9755
46535,9758
46536,9755
46537,9758
46538,9755
46539,9760
46540,9751
46541,9761
46542,9765
46543,9743
46544,9752
46545,9740
46546,9761
46547,9749
46548,9740
46549,9740
46550,9761
46551,9740
46552,9740
46553,9761
46554,9760
46555,9761
46556,9755
46557,9752
46558,9743
46559,9740
46560,9705
46561,9752
46562,9752
46563,9748
46564,9743
46565,9729
46566,9740
46567,9752
46568,9752
46569,9749
46570,9752
46571,9740
46572,9751
46573,9751
46574,9758
46575,9734
46576,9751
46577,9758
46578,9756
46579,9762
46580,9764
46581,9756
46582,9748
46583,9760
46584,9762
46585,9756
46586,9753
46587,9762
46588,9756
46589,9764
46590,9743
46591,9756
46592,9762
46593,9760
46594,9764
46595,9756
46596,9758
46597,9756
46598,9743
46599,9758
46600,9756
46601,9761
46602,9719
46603,9761
46604,9748
46605,9755
46606,9733
46607,9767
46608,9770
46609,9767
46610,9749
46611,9765
46612,9770
46613,9767
46614,9770
46615,9749
46616,9765
46617,9767
46618,9770
46619,9767
46620,9764
46621,9748
46622,9765
46623,9758
46624,9767
46625,9768
46626,9758
46627,9770
46628,9776
46629,9764
46630,9761
46631,9777
46632,9776
46633,9761
46634,9766
46635,9776
46636,9776
46637,9710
46638,9776
46639,9777
46640,9768
46641,9769
46642,9761
46643,9759
46644,9769
46645,9761
46646,9759
46647,9742
46648,9769
46649,9710
46650,9763
46651,9749
46652,9773
46653,9773
46654,9773
46655,9776
46656,9710
46657,9773
46658,9773
46659,9776
46660,9776
46661,9785
46662,9785
46663,9766
46664,9779
46665,9788
46666,9786
46667,9785
46668,9788
46669,9785
46670,9785
46671,9785
46672,9776
46673,9771
46674,9768
46675,9776
46676,9771
46677,9786
46678,9775
46679,9781
46680,9788
46681,9770
46682,9786
46683,9775
46684,9788
46685,9781
46686,9757
46687,9779
46688,9710
46689,9776
46690,9783
46691,9786
46692,9783
46693,9783
46694,9776
46695,9783
46696,9776
46697,9710
46698,9786
46699,9783
46700,9776
46701,9710
46702,9779
46703,9771
46704,9783
46705,9786
46706,9781
46707,9782
46708,9712
46709,9781
46710,9788
46711,9773
46712,9788
46713,9779
46714,9779
46715,9784
46716,9785
46717,9788
46718,9779
46719,9788
46720,9788
46721,9781
46722,9781
46723,9771
46724,9712
46725,9710
46726,9704
46727,9776
46728,9757
46729,9772
46730,9775
46731,9773
46732,9786
46733,9773
46734,9779
46735,9765
46736,9759
46737,9782
46738,9761
46739,9772
46740,9761
46741,9782
46742,9759
46743,9786
46744,9779
46745,9771
46746,9785
46747,9787
46748,9796
46749,9795
46750,9796
46751,9788
46752,9795
46753,9796
46754,9767
46755,9795
46756,9787
46757,9785
46758,9771
46759,9785
46760,9782
46761,9793
46762,9791
46763,9787
46764,9793
46765,9782
46766,9791
46767,9785
46768,9785
46769,9783
46770,9783
46771,9796
46772,9791
46773,9783
46774,9783
46775,9787
46776,9783
46777,9796
46778,9783
46779,9783
46780,9795
46781,9783
46782,9785
46783,9791
46784,9781
46785,9765
46786,9782
46787,9773
46788,9787
46789,9793
46790,9782
46791,9791
46792,9787
46793,9793
46794,9791
46795,9791
46796,9782
46797,9782
46798,9791
46799,9793
46800,9782
46801,9791
46802,9785
46803,9767
46804,9785
46805,9787
46806,9791
46807,9795
46808,9784
46809,9795
46810,9791
46811,9795
46812,9791
46813,9791
46814,9797
46815,9794
46816,9795
46817,9806
46818,9814
46819,9810
46820,9802
46821,9803
46822,9819
46823,9812
46824,9818
46825,9790
46826,9819
46827,9812
46828,9807
46829,9799
46830,9810
46831,9813
46832,9790
46833,9814
46834,9810
46835,9809
46836,9808
46837,9815
46838,9808
46839,9816
46840,9815
46841,9808
46842,9812
46843,9808
46844,9811
46845,9808
46846,9816
46847,9811
46848,9808
46849,9809
46850,9810
46851,9785
46852,9800
46853,9807
46854,9803
46855,9797
46856,9803
46857,9798
46858,9806
46859,9809
46860,9803
46861,9809
46862,9803
46863,9803
46864,9809
46865,9803
46866,9784
46867,9797
46868,9808
46869,9809
46870,9808
46871,9806
46872,9809
46873,9808
46874,9794
46875,9808
46876,9809
46877,9808
46878,9809
46879,9800
46880,9806
46881,9807
46882,9809
46883,9803
46884,9806
46885,9807
46886,9806
46887,9814
46888,9818
46889,9824
46890,9824
46891,9816
46892,9794
46893,9812
46894,9807
46895,9814
46896,9806
46897,9819
46898,9808
46899,9824
46900,9815
46901,9815
46902,9812
46903,9814
46904,9810
46905,9794
46906,9810
46907,9805
46908,9805
46909,9810
46910,9819
46911,9800
46912,9805
46913,9810
46914,9818
46915,9800
46916,9805
46917,9812
46918,9806
46919,9806
46920,9806
46921,9786
46922,9806
46923,9809
46924,9798
46925,9815
46926,9791
46927,9802
46928,9807
46929,9791
46930,9802
46931,9807
46932,9791
46933,9807
46934,9802
46935,9815
46936,9808
46937,9817
46938,9788
46939,9818
46940,9813
46941,9813
46942,9814
46943,9803
46944,9818
46945,9818
46946,9824
46947,9814
46948,9824
46949,9830
46950,9824
46951,9814
46952,9825
46953,9824
46954,9811
46955,9818
46956,9825
46957,9818
46958,9819
46959,9797
46960,9814
46961,9813
46962,9814
46963,9808
46964,9800
46965,9813
46966,9814
46967,9806
46968,9812
46969,9802
46970,9789
46971,9821
46972,9824
46973,9817
46974,9824
46975,9806
46976,9824
46977,9819
46978,9817
46979,9824
46980,9794
46981,9824
46982,9812
46983,9824
46984,9817
46985,9824
46986,9824
46987,9819
46988,9817
46989,9821
46990,9789
46991,9802
46992,9818
46993,9826
46994,9816
46995,9823
46996,9824
46997,9823
46998,9833
46999,9830
47000,9818
47001,9830
47002,9830
47003,9824
47004,9830
47005,9817
47006,9827
47007,9830
47008,9784
47009,9790
47010,9830
47011,9790
47012,9821
47013,9779
47014,9818
47015,9828
47016,9814
47017,9818
47018,9821
47019,9825
47020,9790
47021,9835
47022,9811
47023,9824
47024,9815
47025,9839
47026,9828
47027,9837
47028,9839
47029,9838
47030,9836
47031,9828
47032,9839
47033,9837
47034,9828
47035,9839
47036,9811
47037,9829
47038,9815
47039,9784
47040,9811
47041,9815
47042,9831
47043,9827
47044,9830
47045,9817
47046,9830
47047,9819
47048,9824
47049,9833
47050,9821
47051,9820
47052,9830
47053,9820
47054,9815
47055,9828
47056,9820
47057,9819
47058,9833
47059,9819
47060,9820
47061,9809
47062,9838
47063,9833
47064,9830
47065,9823
47066,9816
47067,9820
47068,9826
47069,9824
47070,9826
47071,9815
47072,9820
47073,9826
47074,9824
47075,9816
47076,9823
47077,9830
47078,9836
47079,9838
47080,9833
47081,9835
47082,9827
47083,9836
47084,9829
47085,9838
47086,9836
47087,9841
47088,9824
47089,9824
47090,9824
47091,9824
47092,9841
47093,9824
47094,9832
47095,9825
47096,9819
47097,9824
47098,9796
47099,9824
47100,9824
47101,9841
47102,9824
47103,9824
47104,9836
47105,9824
47106,9832
47107,9824
47108,9824
47109,9841
47110,9824
47111,9824
47112,9824
47113,9830
47114,9830
47115,9824
47116,9820
47117,9824
47118,9820
47119,9820
47120,9841
47121,9820
47122,9832
47123,9820
47124,9836
47125,9833
47126,9822
47127,9827
47128,9830
47129,9820
47130,9815
47131,9830
47132,9820
47133,9821
47134,9831
47135,9821
47136,9815
47137,9821
47138,9833
47139,9831
47140,9821
47141,9830
47142,9823
47143,9826
47144,9814
47145,9804
47146,9817
47147,9816
47148,9832
47149,9830
47150,9827
47151,9832
47152,9830
47153,9830
47154,9830
47155,9829
47156,9833
47157,9830
47158,9830
47159,9829
47160,9830
47161,9839
47162,9836
47163,9840
47164,9842
47165,9829
47166,9836
47167,9847
47168,9833
47169,9836
47170,9842
47171,9835
47172,9820
47173,9830
47174,9822
47175,9835
47176,9819
47177,9827
47178,9839
47179,9844
47180,9815
47181,9839
47182,9844
47183,9839
47184,9819
47185,9803
47186,9835
47187,9820
47188,9835
47189,9835
47190,9836
47191,9825
47192,9844
47193,9836
47194,9848
47195,9832
47196,9847
47197,9830
47198,9847
47199,9833
47200,9815
47201,9847
47202,9845
47203,9836
47204,9840
47205,9844
47206,9848
47207,9849
47208,9821
47209,9849
47210,9842
47211,9850
47212,9853
47213,9842
47214,9850
47215,9842
47216,9853
47217,9850
47218,9853
47219,9842
47220,9848
47221,9844
47222,9844
47223,9844
47224,9859
47225,9842
47226,9844
47227,9844
47228,9854
47229,9857
47230,9861
47231,9866
47232,9845
47233,9857
47234,9866
47235,9861
47236,9857
47237,9866
47238,9861
47239,9857
47240,9830
47241,9862
47242,9854
47243,9863
47244,9859
47245,9862
47246,9859
47247,9863
47248,9862
47249,9859
47250,9862
47251,9863
47252,9859
47253,9859
47254,9862
47255,9863
47256,9859
47257,9861
47258,9849
47259,9852
47260,9861
47261,9858
47262,9867
47263,9864
47264,9857
47265,9845
47266,9867
47267,9854
47268,9867
47269,9864
47270,9863
47271,9867
47272,9867
47273,9867
47274,9859
47275,9869
47276,9873
47277,9882
47278,9876
47279,9878
47280,9878
47281,9876
47282,9881
47283,9876
47284,9881
47285,9876
47286,9881
47287,9878
47288,9866
47289,9879
47290,9867
47291,9869
47292,9882
47293,9878
47294,9889
47295,9856
47296,9870
47297,9881
47298,9844
47299,9887
47300,9870
47301,9844
47302,9875
47303,9870
47304,9866
47305,9887
47306,9870
47307,9887
47308,9886
47309,9870
47310,9856
47311,9880
47312,9896
47313,9893
47314,9890
47315,9876
47316,9878
47317,9887
47318,9896
47319,9888
47320,9898
47321,9901
47322,9890
47323,9899
47324,9896
47325,9883
47326,9902
47327,9888
47328,9886
47329,9902
47330,9886
47331,9902
47332,9907
47333,9906
47334,9907
47335,9899
47336,9907
47337,9896
47338,9896
47339,9906
47340,9907
47341,9907
47342,9907
47343,9903
47344,9906
47345,9907
47346,9911
47347,9911
47348,9910
47349,9920
47350,9922
47351,9922
47352,9928
47353,9932
47354,9925
47355,9926
47356,9930
47357,9932
47358,9908
47359,9932
47360,9929
47361,9925
47362,9932
47363,9931
47364,9920
47365,9918
47366,9913
47367,9891
47368,9918
47369,9920
47370,9912
47371,9914
47372,9907
47373,9910
47374,9914
47375,9912
47376,9918
47377,9920
47378,9929
47379,9913
47380,9918
47381,9891
47382,9920
47383,9918
47384,9920
47385,9913
47386,9891
47387,9918
47388,9930
47389,9908
47390,9920
47391,9887
47392,9902
47393,9913
47394,9924
47395,9917
47396,9896
47397,9930
47398,9904
47399,9931
47400,9923
47401,9899
47402,9911
47403,9917
47404,9918
47405,9920
47406,9938
47407,9935
47408,9920
47409,9938
47410,9924
47411,9920
47412,9938
47413,9921
47414,9941
47415,9938
47416,9944
47417,9947
47418,9956
47419,9952
47420,9959
47421,9938
47422,9959
47423,9965
47424,9959
47425,9962
47426,9976
47427,9974
47428,9976
47429,9971
47430,9974
47431,9950
47432,9967
47433,9976
47434,9971
47435,9970
47436,9976
47437,9970
47438,9971
47439,9976
47440,9977
47441,9970
47442,9977
47443,9959
47444,9971
47445,9970
47446,9977
47447,9974
47448,9967
47449,9975
47450,9984
47451,9977
47452,9986
47453,9970
47454,9970
47455,9975
47456,9979
47457,9980
47458,9975
47459,9979
47460,9956
47461,9975
47462,9979
47463,9977
47464,9979
47465,9979
47466,9938
47467,9980
47468,9979
47469,9944
47470,9987
47471,9987
47472,9974
47473,9992
47474,9991
47475,9998
47476,9999
47477,9998
47478,9998
47479,9999
47480,9995
47481,9974
47482,9974
47483,9980
47484,9991
47485,9976
47486,9995
47487,9980
47488,9968
47489,9983
47490,9974
47491,9995
47492,9999
47493,9998
47494,9974
47495,9999
47496,9998
47497,9991
47498,9998
47499,9999
47500,9995
47501,9974
47502,9990
47503,9998
47504,9992
47505,9996
47506,9985
47507,9983
47508,9993
47509,9974
47510,9974
47511,9989
47512,9974
47513,9994
47514,9992
47515,10000
47516,9995
47517,10004
47518,10012
47519,10010
47520,10008
47521,10016
47522,10010
47523,10004
47524,10010
47525,10016
47526,10000
47527,10016
47528,10004
47529,10008
47530,10016
47531,10010
47532,10004
47533,10010
47534,10016
47535,10008
47536,10010
47537,10012
47538,10012
47539,10006
47540,10012
47541,10012
47542,10012
47543,10012
47544,10012
47545,10000
47546,10012
47547,10012
47548,10012
47549,10004
47550,10010
47551,10006
47552,10012
47553,10006
47554,10005
47555,9995
47556,9995
47557,10006
47558,9983
47559,10005
47560,10004
47561,10002
47562,10004
47563,9992
47564,10021
47565,10016
47566,10006
47567,10016
47568,10021
47569,10006
47570,10021
47571,10016
47572,10006
47573,10016
47574,10021
47575,10014
47576,10016
47577,10021
47578,10006
47579,10021
47580,10016
47581,10006
47582,10016
47583,10021
47584,10016
47585,10019
47586,10021
47587,10006
47588,10021
47589,10016
47590,10006
47591,10016
47592,10021
47593,10016
47594,10021
47595,10006
47596,10006
47597,10004
47598,10021
47599,9998
47600,10009
47601,10020
47602,10007
47603,10004
47604,10019
47605,10017
47606,10025
47607,10027
47608,10030
47609,10026
47610,10031
47611,10031
47612,10031
47613,10031
47614,10028
47615,10010
47616,10018
47617,10009
47618,10028
47619,10028
47620,10020
47621,10024
47622,10031
47623,10031
47624,10011
47625,10031
47626,10022
47627,10031
47628,10031
47629,10031
47630,10031
47631,10031
47632,10037
47633,10034
47634,10034
47635,10039
47636,9995
47637,10028
47638,10032
47639,9995
47640,10028
47641,10029
47642,10034
47643,10034
47644,10037
47645,10031
47646,10028
47647,10022
47648,10027
47649,10015
47650,10027
47651,10025
47652,10025
47653,10027
47654,10022
47655,10028
47656,10011
47657,10031
47658,9991
47659,10031
47660,10031
47661,10030
47662,10031
47663,9991
47664,10031
47665,10028
47666,10027
47667,10030
47668,10022
47669,10025
47670,10027
47671,10030
47672,10028
47673,10031
47674,10019
47675,10013
47676,10030
47677,10022
47678,10028
47679,10031
47680,9991
47681,10031
47682,10030
47683,10031
47684,10037
47685,10001
47686,10028
47687,10001
47688,10037
47689,10039
47690,10028
47691,10025
47692,10031
47693,10031
47694,9991
47695,10005
47696,10019
47697,10005
47698,10019
47699,10005
47700,10026
47701,10034
47702,10016
47703,10013
47704,10010
47705,10037
47706,10005
47707,10019
47708,10005
47709,10015
47710,10005
47711,10039
47712,10010
47713,10019
47714,10038
47715,10016
47716,10038
47717,10016
47718,10034
47719,10039
47720,10016
47721,10038
47722,10038
47723,10010
47724,10010
47725,10019
47726,10010
47727,10010
47728,10019
47729,10019
47730,10010
47731,10032
47732,10010
47733,10019
47734,10015
47735,10010
47736,10032
47737,10019
47738,10010
47739,10029
47740,10010
47741,10019
47742,10010
47743,10028
47744,10015
47745,10010
47746,10019
47747,10010
47748,10038
47749,10040
47750,10040
47751,10034
47752,10037
47753,10040
47754,10031
47755,10045
47756,10047
47757,10046
47758,10040
47759,10030
47760,10040
47761,10032
47762,10016
47763,9998
47764,10037
47765,10004
47766,10016
47767,10034
47768,9998
47769,10025
47770,10031
47771,10037
47772,10031
47773,10046
47774,10046
47775,10039
47776,10046
47777,10043
47778,10049
47779,10049
47780,10049
47781,10027
47782,10049
47783,10049
47784,10046
47785,10049
47786,10049
47787,10049
47788,10027
47789,10040
47790,10043
47791,10050
47792,10037
47793,10050
47794,10043
47795,10050
47796,10050
47797,10037
47798,10043
47799,10050
47800,10050
47801,10049
47802,10046
47803,10039
47804,10046
47805,10041
47806,10031
47807,10037
47808,10031
47809,10039
47810,10031
47811,10031
47812,10028
47813,10026
47814,10037
47815,10046
47816,10039
47817,10046
47818,10046
47819,10046
47820,10031
47821,10039
47822,10048
47823,10034
47824,10048
47825,10047
47826,10030
47827,10031
47828,10034
47829,10048
47830,10046
47831,10055
47832,10041
47833,10050
47834,10010
47835,10010
47836,10037
47837,10010
47838,10057
47839,10034
47840,10049
47841,10046
47842,10058
47843,10066
47844,10047
47845,10062
47846,10073
47847,10073
47848,10073
47849,10070
47850,10038
47851,10059
47852,10070
47853,10037
47854,10027
47855,10064
47856,10070
47857,10068
47858,10067
47859,10058
47860,10067
47861,10058
47862,10068
47863,10070
47864,10058
47865,10067
47866,10069
47867,10082
47868,10074
47869,10085
47870,10090
47871,10085
47872,10090
47873,10052
47874,10078
47875,10066
47876,10088
47877,10079
47878,10082
47879,10073
47880,10066
47881,10088
47882,10076
47883,10088
47884,10085
47885,10079
47886,10088
47887,10086
47888,10085
47889,10088
47890,10085
47891,10088
47892,10079
47893,10088
47894,10086
47895,10088
47896,10097
47897,10093
47898,10100
47899,10073
47900,10100
47901,10093
47902,10093
47903,10097
47904,10088
47905,10091
47906,10103
47907,10105
47908,10097
47909,10097
47910,10103
47911,10108
47912,10088
47913,10084
47914,10097
47915,10103
47916,10108
47917,10103
47918,10086
47919,10102
47920,10108
47921,10107
47922,10094
47923,10103
47924,10090
47925,10088
47926,10088
47927,10083
47928,10088
47929,10088
47930,10100
47931,10088
47932,10103
47933,10090
47934,10088
47935,10083
47936,10103
47937,10094
47938,10088
47939,10107
47940,10094
47941,10103
47942,10103
47943,10111
47944,10108
47945,10103
47946,10097
47947,10088
47948,10108
47949,10103
47950,10103
47951,10108
47952,10103
47953,10100
47954,10088
47955,10095
47956,10103
47957,10101
47958,10095
47959,10079
47960,10088
47961,10090
47962,10095
47963,10088
47964,10101
47965,10095
47966,10088
47967,10097
47968,10097
47969,10100
47970,10107
47971,10100
47972,10109
47973,10106
47974,10112
47975,10116
47976,10110
47977,10121
47978,10115
47979,10121
47980,10124
47981,10115
47982,10120
47983,10114
47984,10115
47985,10116
47986,10124
47987,10120
47988,10115
47989,10098
47990,10120
47991,10112
47992,10119
47993,10118
47994,10120
47995,10124
47996,10121
47997,10124
47998,10123
47999,10130
48000,10121
48001,10133
48002,10133
48003,10116
48004,10131
48005,10120
48006,10133
48007,10127
48008,10133
48009,10116
48010,10120
48011,10133
48012,10131
48013,10133
48014,10127
48015,10115
48016,10133
48017,10116
48018,10133
48019,10131
48020,10126
48021,10124
48022,10136
48023,10139
48024,10142
48025,10136
48026,10145
48027,10125
48028,10137
48029,10134
48030,10151
48031,10155
48032,10152
48033,10151
48034,10152
48035,10155
48036,10151
48037,10149
48038,10142
48039,10106
48040,10137
48041,10132
48042,10134
48043,10142
48044,10132
48045,10142
48046,10117
48047,10137
48048,10124
48049,10134
48050,10142
48051,10125
48052,10132
48053,10142
48054,10134
48055,10142
48056,10149
48057,10151
48058,10152
48059,10142
48060,10139
48061,10151
48062,10154
48063,10154
48064,10145
48065,10148
48066,10154
48067,10156
48068,10148
48069,10162
48070,10146
48071,10150
48072,10155
48073,10157
48074,10157
48075,10153
48076,10154
48077,10150
48078,10155
48079,10150
48080,10159
48081,10154
48082,10165
48083,10163
48084,10163
48085,10153
48086,10154
48087,10162
48088,10162
48089,10163
48090,10162
48091,10163
48092,10160
48093,10157
48094,10156
48095,10166
48096,10160
48097,10163
48098,10117
48099,10156
48100,10172
48101,10163
48102,10156
48103,10172
48104,10156
48105,10157
48106,10178
48107,10180
48108,10165
48109,10178
48110,10163
48111,10169
48112,10170
48113,10166
48114,10157
48115,10169
48116,10172
48117,10178
48118,10180
48119,10184
48120,10186
48121,10184
48122,10186
48123,10190
48124,10186
48125,10187
48126,10190
48127,10193
48128,10189
48129,10182
48130,10189
48131,10193
48132,10189
48133,10174
48134,10184
48135,10178
48136,10193
48137,10184
48138,10184
48139,10184
48140,10138
48141,10174
48142,10182
48143,10170
48144,10187
48145,10183
48146,10170
48147,10184
48148,10193
48149,10194
48150,10193
48151,10189
48152,10193
48153,10194
48154,10193
48155,10189
48156,10193
48157,10194
48158,10193
48159,10187
48160,10175
48161,10194
48162,10193
48163,10189
48164,10175
48165,10193
48166,10194
48167,10193
48168,10184
48169,10170
48170,10182
48171,10183
48172,10170
48173,10187
48174,10194
48175,10170
48176,10183
48177,10187
48178,10170
48179,10182
48180,10170
48181,10183
48182,10181
48183,10190
48184,10163
48185,10180
48186,10172
48187,10163
48188,10190
48189,10185
48190,10190
48191,10177
48192,10163
48193,10190
48194,10163
48195,10185
48196,10190
48197,10177
48198,10162
48199,10154
48200,10192
48201,10190
48202,10196
48203,10191
48204,10197
48205,10192
48206,10189
48207,10192
48208,10197
48209,10190
48210,10192
48211,10197
48212,10179
48213,10175
48214,10185
48215,10187
48216,10189
48217,10158
48218,10175
48219,10166
48220,10158
48221,10175
48222,10174
48223,10175
48224,10158
48225,10185
48226,10175
48227,10166
48228,10162
48229,10154
48230,10170
48231,10190
48232,10185
48233,10185
48234,10181
48235,10185
48236,10190
48237,10181
48238,10185
48239,10185
48240,10185
48241,10170
48242,10154
48243,10168
48244,10185
48245,10185
48246,10187
48247,10185
48248,10189
48249,10163
48250,10181
48251,10189
48252,10190
48253,10176
48254,10179
48255,10154
48256,10179
48257,10185
48258,10185
48259,10190
48260,10187
48261,10179
48262,10169
48263,10154
48264,10167
48265,10180
48266,10183
48267,10163
48268,10184
48269,10163
48270,10185
48271,10174
48272,10190
48273,10190
48274,10164
48275,10196
48276,10176
48277,10192
48278,10184
48279,10164
48280,10190
48281,10174
48282,10190
48283,10190
48284,10174
48285,10185
48286,10163
48287,10163
48288,10184
48289,10189
48290,10163
48291,10163
48292,10183
48293,10184
48294,10177
48295,10168
48296,10180
48297,10188
48298,10168
48299,10186
48300,10197
48301,10198
48302,10188
48303,10197
48304,10198
48305,10192
48306,10197
48307,10198
48308,10197
48309,10193
48310,10176
48311,10187
48312,10184
48313,10174
48314,10187
48315,10186
48316,10184
48317,10174
48318,10155
48319,10184
48320,10174
48321,10186
48322,10190
48323,10198
48324,10175
48325,10195
48326,10198
48327,10166
48328,10195
48329,10194
48330,10198
48331,10195
48332,10190
48333,10184
48334,10186
48335,10174
48336,10184
48337,10187
48338,10170
48339,10178
48340,10172
48341,10178
48342,10179
48343,10184
48344,10190
48345,10184
48346,10149
48347,10190
48348,10175
48349,10181
48350,10172
48351,10158
48352,10193
48353,10192
48354,10191
48355,10194
48356,10196
48357,10168
48358,10193
48359,10192
48360,10196
48361,10182
48362,10196
48363,10202
48364,10202
48365,10197
48366,10192
48367,10174
48368,10175
48369,10190
48370,10201
48371,10202
48372,10202
48373,10168
48374,10201
48375,10202
48376,10201
48377,10202
48378,10208
48379,10208
48380,10183
48381,10208
48382,10210
48383,10210
48384,10214
48385,10187
48386,10208
48387,10208
48388,10208
48389,10206
48390,10208
48391,10208
48392,10204
48393,10190
48394,10175
48395,10204
48396,10201
48397,10204
48398,10175
48399,10190
48400,10196
48401,10199
48402,10201
48403,10199
48404,10175
48405,10190
48406,10199
48407,10201
48408,10175
48409,10199
48410,10190
48411,10175
48412,10201
48413,10199
48414,10194
48415,10193
48416,10193
48417,10193
48418,10190
48419,10193
48420,10193
48421,10193
48422,10193
48423,10195
48424,10200
48425,10197
48426,10174
48427,10204
48428,10200
48429,10194
48430,10174
48431,10197
48432,10196
48433,10197
48434,10196
48435,10207
48436,10197
48437,10197
48438,10199
48439,10196
48440,10197
48441,10207
48442,10202
48443,10185
48444,10199
48445,10202
48446,10197
48447,10196
48448,10197
48449,10200
48450,10207
48451,10197
48452,10197
48453,10200
48454,10196
48455,10179
48456,10200
48457,10197
48458,10179
48459,10196
48460,10199
48461,10185
48462,10199
48463,10187
48464,10185
48465,10199
48466,10185
48467,10194
48468,10208
48469,10201
48470,10184
48471,10195
48472,10211
48473,10214
48474,10208
48475,10214
48476,10213
48477,10214
48478,10207
48479,10217
48480,10202
48481,10214
48482,10194
48483,10207
48484,10199
48485,10214
48486,10199
48487,10217
48488,10193
48489,10207
48490,10199
48491,10194
48492,10214
48493,10207
48494,10217
48495,10217
48496,10214
48497,10213
48498,10214
48499,10208
48500,10214
48501,10211
48502,10214
48503,10213
48504,10187
48505,10204
48506,10185
48507,10193
48508,10211
48509,10185
48510,10204
48511,10211
48512,10185
48513,10185
48514,10213
48515,10201
48516,10208
48517,10214
48518,10208
48519,10201
48520,10205
48521,10208
48522,10214
48523,10201
48524,10208
48525,10211
48526,10214
48527,10196
48528,10208
48529,10211
48530,10201
48531,10208
48532,10214
48533,10211
48534,10195
48535,10207
48536,10203
48537,10205
48538,10195
48539,10207
48540,10184
48541,10203
48542,10211
48543,10207
48544,10204
48545,10207
48546,10211
48547,10207
48548,10208
48549,10204
48550,10207
48551,10211
48552,10207
48553,10203
48554,10199
48555,10187
48556,10196
48557,10197
48558,10175
48559,10197
48560,10196
48561,10197
48562,10175
48563,10204
48564,10204
48565,10185
48566,10204
48567,10184
48568,10185
48569,10204
48570,10211
48571,10193
48572,10175
48573,10211
48574,10204
48575,10208
48576,10208
48577,10215
48578,10212
48579,10211
48580,10212
48581,10217
48582,10220
48583,10212
48584,10205
48585,10217
48586,10212
48587,10220
48588,10217
48589,10212
48590,10224
48591,10214
48592,10226
48593,10224
48594,10226
48595,10226
48596,10222
48597,10226
48598,10226
48599,10226
48600,10224
48601,10221
48602,10208
48603,10214
48604,10224
48605,10221
48606,10224
48607,10214
48608,10221
48609,10211
48610,10226
48611,10211
48612,10226
48613,10234
48614,10230
48615,10220
48616,10234
48617,10232
48618,10230
48619,10234
48620,10230
48621,10237
48622,10223
48623,10236
48624,10237
48625,10223
48626,10236
48627,10237
48628,10223
48629,10229
48630,10241
48631,10228
48632,10239
48633,10241
48634,10239
48635,10213
48636,10229
48637,10239
48638,10239
48639,10231
48640,10238
48641,10242
48642,10239
48643,10242
48644,10225
48645,10205
48646,10232
48647,10239
48648,10232
48649,10205
48650,10228
48651,10232
48652,10241
48653,10243
48654,10238
48655,10243
48656,10246
48657,10250
48658,10238
48659,10238
48660,10245
48661,10248
48662,10250
48663,10248
48664,10250
48665,10248
48666,10238
48667,10248
48668,10253
48669,10248
48670,10250
48671,10233
48672,10257
48673,10263
48674,10259
48675,10244
48676,10263
48677,10257
48678,10250
48679,10250
48680,10248
48681,10250
48682,10252
48683,10250
48684,10250
48685,10250
48686,10251
48687,10262
48688,10256
48689,10262
48690,10241
48691,10262
48692,10256
48693,10255
48694,10262
48695,10266
48696,10256
48697,10260
48698,10270
48699,10259
48700,10265
48701,10270
48702,10260
48703,10259
48704,10270
48705,10260
48706,10256
48707,10259
48708,10259
48709,10259
48710,10270
48711,10265
48712,10260
48713,10256
48714,10270
48715,10265
48716,10256
48717,10265
48718,10270
48719,10237
48720,10256
48721,10256
48722,10249
48723,10256
48724,10265
48725,10250
48726,10262
48727,10256
48728,10262
48729,10259
48730,10266
48731,10263
48732,10267
48733,10265
48734,10259
48735,10256
48736,10262
48737,10237
48738,10262
48739,10262
48740,10250
48741,10256
48742,10262
48743,10262
48744,10247
48745,10262
48746,10265
48747,10261
48748,10256
48749,10259
48750,10261
48751,10266
48752,10261
48753,10261
48754,10249
48755,10261
48756,10261
48757,10259
48758,10261
48759,10261
48760,10261
48761,10249
48762,10261
48763,10261
48764,10261
48765,10241
48766,10261
48767,10246
48768,10266
48769,10256
48770,10249
48771,10261
48772,10256
48773,10256
48774,10261
48775,10256
48776,10241
48777,10256
48778,10256
48779,10249
48780,10256
48781,10256
48782,10259
48783,10256
48784,10256
48785,10256
48786,10249
48787,10256
48788,10256
48789,10273
48790,10270
48791,10259
48792,10270
48793,10271
48794,10259
48795,10270
48796,10274
48797,10281
48798,10273
48799,10271
48800,10271
48801,10275
48802,10280
48803,10275
48804,10271
48805,10275
48806,10263
48807,10286
48808,10283
48809,10282
48810,10265
48811,10281
48812,10286
48813,10285
48814,10278
48815,10280
48816,10286
48817,10289
48818,10282
48819,10291
48820,10290
48821,10290
48822,10274
48823,10292
48824,10291
48825,10282
48826,10299
48827,10286
48828,10287
48829,10296
48830,10287
48831,10299
48832,10287
48833,10300
48834,10301
48835,10306
48836,10291
48837,10301
48838,10306
48839,10300
48840,10298
48841,10306
48842,10301
48843,10300
48844,10291
48845,10306
48846,10296
48847,10301
48848,10295
48849,10301
48850,10306
48851,10302
48852,10311
48853,10307
48854,10308
48855,10307
48856,10311
48857,10312
48858,10316
48859,10302
48860,10313
48861,10298
48862,10301
48863,10308
48864,10310
48865,10281
48866,10293
48867,10281
48868,10310
48869,10281
48870,10303
48871,10281
48872,10310
48873,10281
48874,10312
48875,10281
48876,10310
48877,10281
48878,10303
48879,10281
48880,10280
48881,10304
48882,10271
48883,10285
48884,10306
48885,10302
48886,10306
48887,10291
48888,10291
48889,10303
48890,10298
48891,10310
48892,10307
48893,10310
48894,10307
48895,10315
48896,10321
48897,10305
48898,10315
48899,10317
48900,10319
48901,10292
48902,10315
48903,10321
48904,10315
48905,10309
48906,10319
48907,10315
48908,10321
48909,10315
48910,10317
48911,10315
48912,10319
48913,10309
48914,10321
48915,10315
48916,10319
48917,10299
48918,10313
48919,10304
48920,10302
48921,10305
48922,10304
48923,10281
48924,10302
48925,10305
48926,10304
48927,10297
48928,10299
48929,10314
48930,10315
48931,10319
48932,10321
48933,10309
48934,10315
48935,10307
48936,10327
48937,10322
48938,10317
48939,10327
48940,10325
48941,10313
48942,10317
48943,10322
48944,10330
48945,10317
48946,10322
48947,10330
48948,10317
48949,10327
48950,10317
48951,10326
48952,10327
48953,10325
48954,10327
48955,10317
48956,10319
48957,10321
48958,10315
48959,10298
48960,10315
48961,10321
48962,10315
48963,10309
48964,10319
48965,10321
48966,10315
48967,10313
48968,10315
48969,10321
48970,10316
48971,10316
48972,10310
48973,10297
48974,10316
48975,10299
48976,10288
48977,10291
48978,10302
48979,10307
48980,10291
48981,10304
48982,10291
48983,10317
48984,10304
48985,10323
48986,10288
48987,10308
48988,10323
48989,10317
48990,10291
48991,10302
48992,10310
48993,10301
48994,10291
48995,10291
48996,10288
48997,10297
48998,10311
48999,10299
49000,10310
49001,10311
49002,10314
49003,10316
49004,10299
49005,10310
49006,10316
49007,10297
49008,10316
49009,10289
49010,10310
49011,10316
49012,10288
49013,10307
49014,10304
49015,10291
49016,10291
49017,10302
49018,10307
49019,10317
49020,10323
49021,10316
49022,10298
49023,10308
49024,10288
49025,10323
49026,10308
49027,10317
49028,10310
49029,10301
49030,10291
49031,10320
49032,10317
49033,10322
49034,10316
49035,10296
49036,10313
49037,10313
49038,10313
49039,10312
49040,10318
49041,10313
49042,10322
49043,10318
49044,10313
49045,10326
49046,10305
49047,10307
49048,10294
49049,10325
49050,10292
49051,10305
49052,10307
49053,10307
49054,10329
49055,10326
49056,10328
49057,10319
49058,10329
49059,10326
49060,10312
49061,10319
49062,10309
49063,10325
49064,10314
49065,10313
49066,10326
49067,10308
49068,10312
49069,10312
49070,10316
49071,10316
49072,10311
49073,10316
49074,10313
49075,10298
49076,10316
49077,10316
49078,10316
49079,10301
49080,10317
49081,10305
49082,10288
49083,10326
49084,10326
49085,10320
49086,10322
49087,10294
49088,10316
49089,10323
49090,10294
49091,10303
49092,10304
49093,10297
49094,10307
49095,10310
49096,10312
49097,10327
49098,10325
49099,10333
49100,10331
49101,10333
49102,10317
49103,10334
49104,10336
49105,10319
49106,10333
49107,10334
49108,10325
49109,10336
49110,10317
49111,10331
49112,10333
49113,10328
49114,10333
49115,10293
49116,10328
49117,10317
49118,10334
49119,10325
49120,10336
49121,10334
49122,10325
49123,10336
49124,10333
49125,10334
49126,10315
49127,10336
49128,10319
49129,10334
49130,10335
49131,10332
49132,10338
49133,10328
49134,10332
49135,10338
49136,10328
49137,10332
49138,10338
49139,10328
49140,10332
49141,10335
49142,10319
49143,10334
49144,10336
49145,10319
49146,10334
49147,10333
49148,10325
49149,10336
49150,10334
49151,10325
49152,10336
49153,10334
49154,10317
49155,10333
49156,10322
49157,10338
49158,10340
49159,10325
49160,10322
49161,10316
49162,10334
49163,10324
49164,10334
49165,10324
49166,10322
49167,10342
49168,10333
49169,10340
49170,10342
49171,10328
49172,10340
49173,10319
49174,10340
49175,10325
49176,10340
49177,10336
49178,10319
49179,10336
49180,10333
49181,10321
49182,10325
49183,10340
49184,10328
49185,10342
49186,10342
49187,10337
49188,10337
49189,10337
49190,10337
49191,10337
49192,10337
49193,10336
49194,10337
49195,10337
49196,10337
49197,10337
49198,10349
49199,10336
49200,10343
49201,10343
49202,10354
49203,10341
49204,10352
49205,10353
49206,10352
49207,10357
49208,10353
49209,10345
49210,10344
49211,10358
49212,10357
49213,10353
49214,10358
49215,10357
49216,10354
49217,10343
49218,10353
49219,10340
49220,10343
49221,10353
49222,10340
49223,10343
49224,10353
49225,10340
49226,10349
49227,10337
49228,10340
49229,10337
49230,10337
49231,10337
49232,10342
49233,10333
49234,10340
49235,10342
49236,10327
49237,10340
49238,10333
49239,10342
49240,10328
49241,10319
49242,10340
49243,10340
49244,10319
49245,10340
49246,10340
49247,10325
49248,10340
49249,10319
49250,10340
49251,10342
49252,10343
49253,10346
49254,10343
49255,10343
49256,10346
49257,10343
49258,10343
49259,10346
49260,10328
49261,10349
49262,10346
49263,10353
49264,10343
49265,10346
49266,10340
49267,10343
49268,10339
49269,10324
49270,10332
49271,10349
49272,10339
49273,10324
49274,10339
49275,10324
49276,10339
49277,10339
49278,10348
49279,10322
49280,10348
49281,10325
49282,10348
49283,10322
49284,10328
49285,10348
49286,10348
49287,10318
49288,10348
49289,10325
49290,10348
49291,10346
49292,10334
49293,10337
49294,10320
49295,10353
49296,10346
49297,10346
49298,10353
49299,10331
49300,10346
49301,10343
49302,10346
49303,10320
49304,10334
49305,10334
49306,10343
49307,10341
49308,10346
49309,10346
49310,10353
49311,10354
49312,10354
49313,10335
49314,10348
49315,10353
49316,10354
49317,10320
49318,10354
49319,10345
49320,10353
49321,10354
49322,10349
49323,10335
49324,10354
49325,10353
49326,10354
49327,10353
49328,10354
49329,10345
49330,10354
49331,10320
49332,10353
49333,10354
49334,10335
49335,10354
49336,10345
49337,10353
49338,10354
49339,10320
49340,10354
49341,10353
49342,10354
49343,10340
49344,10354
49345,10335
49346,10353
49347,10320
49348,10354
49349,10345
49350,10341
49351,10340
49352,10351
49353,10341
49354,10351
49355,10341
49356,10348
49357,10345
49358,10354
49359,10349
49360,10346
49361,10356
49362,10339
49363,10341
49364,10363
49365,10359
49366,10355
49367,10364
49368,10355
49369,10355
49370,10335
49371,10350
49372,10353
49373,10354
49374,10320
49375,10354
49376,10345
49377,10335
49378,10354
49379,10353
49380,10354
49381,10320
49382,10354
49383,10353
49384,10350
49385,10341
49386,10355
49387,10361
49388,10364
49389,10359
49390,10361
49391,10363
49392,10341
49393,10346
49394,10341
49395,10341
49396,10340
49397,10346
49398,10329
49399,10348
49400,10356
49401,10361
49402,10355
49403,10358
49404,10355
49405,10357
49406,10355
49407,10358
49408,10361
49409,10355
49410,10360
49411,10346
49412,10352
49413,10346
49414,10352
49415,10359
49416,10353
49417,10349
49418,10362
49419,10353
49420,10359
49421,10351
49422,10332
49423,10353
49424,10359
49425,10333
49426,10359
49427,10353
49428,10349
49429,10352
49430,10346
49431,10305
49432,10343
49433,10354
49434,10354
49435,10352
49436,10349
49437,10328
49438,10362
49439,10361
49440,10363
49441,10344
49442,10363
49443,10358
49444,10363
49445,10363
49446,10334
49447,10361
49448,10363
49449,10362
49450,10328
49451,10349
49452,10349
49453,10352
49454,10354
49455,10305
49456,10343
49457,10346
49458,10346
49459,10352
49460,10346
49461,10347
49462,10328
49463,10335
49464,10347
49465,10331
49466,10334
49467,10348
49468,10348
49469,10350
49470,10351
49471,10348
49472,10347
49473,10334
49474,10348
49475,10351
49476,10337
49477,10331
49478,10350
49479,10357
49480,10349
49481,10347
49482,10350
49483,10361
49484,10363
49485,10364
49486,10349
49487,10359
49488,10371
49489,10370
49490,10372
49491,10360
49492,10372
49493,10372
49494,10366
49495,10369
49496,10372
49497,10352
49498,10376
49499,10376
49500,10369
49501,10371
49502,10332
49503,10365
49504,10372
49505,10348
49506,10372
49507,10365
49508,10370
49509,10367
49510,10380
49511,10361
49512,10386
49513,10385
49514,10379
49515,10346
49516,10370
49517,10385
49518,10379
49519,10385
49520,10387
49521,10380
49522,10372
49523,10359
49524,10372
49525,10370
49526,10372
49527,10380
49528,10364
49529,10364
49530,10364
49531,10387
49532,10373
49533,10364
49534,10382
49535,10367
49536,10387
49537,10384
49538,10388
49539,10386
49540,10388
49541,10368
49542,10387
49543,10388
49544,10386
49545,10383
49546,10392
49547,10389
49548,10379
49549,10382
49550,10388
49551,10392
49552,10349
49553,10391
49554,10379
49555,10390
49556,10388
49557,10388
49558,10328
49559,10382
49560,10382
49561,10346
49562,10388
49563,10369
49564,10382
49565,10346
49566,10393
49567,10384
49568,10394
49569,10400
49570,10388
49571,10396
49572,10400
49573,10400
49574,10396
49575,10393
49576,10385
49577,10369
49578,10370
49579,10367
49580,10394
49581,10394
49582,10397
49583,10406
49584,10394
49585,10406
49586,10406
49587,10406
49588,10403
49589,10406
49590,10397
49591,10402
49592,10385
49593,10397
49594,10403
49595,10394
49596,10397
49597,10391
49598,10380
49599,10397
49600,10391
49601,10394
49602,10380
49603,10397
49604,10391
49605,10400
49606,10397
49607,10391
49608,10380
49609,10399
49610,10406
49611,10391
49612,10400
49613,10361
49614,10361
49615,10389
49616,10397
49617,10361
49618,10401
49619,10389
49620,10397
49621,10361
49622,10377
49623,10397
49624,10364
49625,10397
49626,10394
49627,10403
49628,10408
49629,10406
49630,10402
49631,10408
49632,10393
49633,10404
49634,10398
49635,10397
49636,10404
49637,10394
49638,10398
49639,10393
49640,10404
49641,10409
49642,10412
49643,10414
49644,10403
49645,10394
49646,10377
49647,10409
49648,10408
49649,10391
49650,10409
49651,10399
49652,10408
49653,10409
49654,10403
49655,10409
49656,10408
49657,10377
49658,10414
49659,10412
49660,10399
49661,10412
49662,10417
49663,10405
49664,10415
49665,10417
49666,10414
49667,10409
49668,10417
49669,10416
49670,10412
49671,10415
49672,10394
49673,10412
49674,10412
49675,10399
49676,10412
49677,10414
49678,10409
49679,10393
49680,10403
49681,10397
49682,10404
49683,10403
49684,10403
49685,10393
49686,10384
49687,10394
49688,10396
49689,10402
49690,10381
49691,10402
49692,10399
49693,10404
49694,10398
49695,10400
49696,10365
49697,10393
49698,10384
49699,10396
49700,10356
49701,10395
49702,10400
49703,10404
49704,10356
49705,10400
49706,10400
49707,10356
49708,10400
49709,10406
49710,10408
49711,10397
49712,10389
49713,10406
49714,10404
49715,10408
49716,10406
49717,10397
49718,10406
49719,10408
49720,10396
49721,10406
49722,10397
49723,10408
49724,10406
49725,10397
49726,10401
49727,10396
49728,10406
49729,10397
49730,10406
49731,10408
49732,10397
49733,10406
49734,10412
49735,10412
49736,10405
49737,10397
49738,10408
49739,10403
49740,10409
49741,10416
49742,10415
49743,10409
49744,10415
49745,10421
49746,10418
49747,10421
49748,10409
49749,10421
49750,10425
49751,10421
49752,10427
49753,10433
49754,10437
49755,10430
49756,10410
49757,10420
49758,10437
49759,10426
49760,10433
49761,10430
49762,10418
49763,10437
49764,10433
49765,10426
49766,10437
49767,10430
49768,10433
49769,10437
49770,10433
49771,10430
49772,10427
49773,10433
49774,10437
49775,10435
49776,10419
49777,10442
49778,10442
49779,10442
49780,10426
49781,10442
49782,10436
49783,10445
49784,10442
49785,10439
49786,10442
49787,10447
49788,10439
49789,10456
49790,10455
49791,10451
49792,10438
49793,10456
49794,10439
49795,10455
49796,10426
49797,10438
49798,10456
49799,10455
49800,10439
49801,10438
49802,10456
49803,10455
49804,10447
49805,10447
49806,10451
49807,10447
49808,10447
49809,10447
49810,10439
49811,10434
49812,10447
49813,10447
49814,10426
49815,10433
49816,10432
49817,10433
49818,10439
49819,10423
49820,10447
49821,10433
49822,10432
49823,10438
49824,10448
49825,10447
49826,10452
49827,10432
49828,10448
49829,10441
49830,10448
49831,10432
49832,10451
49833,10451
49834,10454
49835,10451
49836,10433
49837,10451
49838,10449
49839,10451
49840,10454
49841,10446
49842,10445
49843,10451
49844,10454
49845,10451
49846,10433
49847,10436
49848,10451
49849,10454
49850,10445
49851,10448
49852,10455
49853,10457
49854,10446
49855,10455
49856,10461
49857,10455
49858,10454
49859,10461
49860,10455
49861,10450
49862,10455
49863,10446
49864,10455
49865,10457
49866,10454
49867,10463
49868,10463
49869,10461
49870,10465
49871,10466
49872,10465
49873,10463
49874,10461
49875,10471
49876,10460
49877,10472
49878,10468
49879,10439
49880,10433
49881,10457
49882,10433
49883,10439
49884,10433
49885,10457
49886,10457
49887,10439
49888,10433
49889,10466
49890,10457
49891,10445
49892,10433
49893,10458
49894,10462
49895,10457
49896,10462
49897,10457
49898,10462
49899,10446
49900,10462
49901,10457
49902,10471
49903,10449
49904,10473
49905,10472
49906,10451
49907,10466
49908,10433
49909,10463
49910,10445
49911,10457
49912,10433
49913,10465
49914,10463
49915,10456
49916,10443
49917,10471
49918,10443
49919,10463
49920,10446
49921,10456
49922,10471
49923,10463
49924,10443
49925,10451
49926,10443
49927,10463
49928,10443
49929,10451
49930,10452
49931,10446
49932,10465
49933,10443
49934,10463
49935,10463
49936,10454
49937,10463
49938,10468
49939,10468
49940,10472
49941,10463
49942,10472
49943,10461
49944,10478
49945,10464
49946,10466
49947,10478
49948,10474
49949,10475
49950,10464
49951,10478
49952,10482
49953,10479
49954,10475
49955,10475
49956,10479
49957,10472
49958,10479
49959,10474
49960,10480
49961,10484
49962,10482
49963,10480
49964,10482
49965,10478
49966,10475
49967,10484
49968,10479
49969,10484
49970,10478
49971,10479
49972,10484
49973,10479
49974,10489
49975,10493
49976,10497
49977,10490
49978,10497
49979,10493
49980,10471
49981,10497
49982,10493
49983,10490
49984,10461
49985,10497
49986,10493
49987,10490
49988,10497
49989,10493
49990,10497
49991,10490
49992,10471
49993,10493
49994,10497
49995,10491
49996,10502
49997,10501
49998,10480
49999,10502
50000,10461
