case,digit_index,digit,channel_map,source
N2_class_03,0,0,P0/P1->0;P0/P2->1;P1/P2->2,four_site_watch2048.json
N2_class_03,1,0,P0/P1->0;P0/P2->1;P1/P2->2,four_site_watch2048.json
N2_class_03,2,0,P0/P1->0;P0/P2->1;P1/P2->2,four_site_watch2048.json
N2_class_03,3,0,P0/P1->0;P0/P2->1;P1/P2->2,four_site_watch2048.json
N2_class_03,4,0,P0/P1->0;P0/P2->1;P1/P2->2,four_site_watch2048.json
N2_class_03,5,0,P0/P1->0;P0/P2->1;P1/P2->2,four_site_watch2048.json
N2_class_03,6,0,P0/P1->0;P0/P2->1;P1/P2->2,four_site_watch2048.json
N2_class_03,7,0,P0/P1->0;P0/P2->1;P1/P2->2,four_site_watch2048.json
N2_class_03,8,0,P0/P1->0;P0/P2->1;P1/P2->2,four_site_watch2048.json
N2_class_03,9,0,P0/P1->0;P0/P2->1;P1/P2->2,four_site_watch2048.json
N2_class_03,10,0,P0/P1->0;P0/P2->1;P1/P2->2,four_site_watch2048.json
N2_class_03,11,0,P0/P1->0;P0/P2->1;P1/P2->2,four_site_watch2048.json
N2_class_03,12,0,P0/P1->0;P0/P2->1;P1/P2->2,four_site_watch2048.json
N2_class_03,13,0,P0/P1->0;P0/P2->1;P1/P2->2,four_site_watch2048.json
N2_class_03,14,0,P0/P1->0;P0/P2->1;P1/P2->2,four_site_watch2048.json
N2_class_03,15,0,P0/P1->0;P0/P2->1;P1/P2->2,four_site_watch2048.json
N2_class_03,16,0,P0/P1->0;P0/P2->1;P1/P2->2,four_site_watch2048.json
N2_class_03,17,0,P0/P1->0;P0/P2->1;P1/P2->2,four_site_watch2048.json
N2_class_03,18,0,P0/P1->0;P0/P2->1;P1/P2->2,four_site_watch2048.json
N2_class_03,19,0,P0/P1->0;P0/P2->1;P1/P2->2,four_site_watch2048.json
N2_class_03,20,0,P0/P1->0;P0/P2->1;P1/P2->2,four_site_watch2048.json
N2_class_03,21,0,P0/P1->0;P0/P2->1;P1/P2->2,four_site_watch2048.json
N2_class_03,22,0,P0/P1->0;P0/P2->1;P1/P2->2,four_site_watch2048.json
N2_class_03,23,0,P0/P1->0;P0/P2->1;P1/P2->2,four_site_watch2048.json
N2_class_07,0,0,P0/P1->0;P0/P2->1;P1/P2->2,four_site_watch2048.json
N2_class_07,1,0,P0/P1->0;P0/P2->1;P1/P2->2,four_site_watch2048.json
N2_class_07,2,0,P0/P1->0;P0/P2->1;P1/P2->2,four_site_watch2048.json
N2_class_07,3,0,P0/P1->0;P0/P2->1;P1/P2->2,four_site_watch2048.json
N2_class_07,4,0,P0/P1->0;P0/P2->1;P1/P2->2,four_site_watch2048.json
N2_class_07,5,0,P0/P1->0;P0/P2->1;P1/P2->2,four_site_watch2048.json
N2_class_07,6,0,P0/P1->0;P0/P2->1;P1/P2->2,four_site_watch2048.json
N2_class_07,7,0,P0/P1->0;P0/P2->1;P1/P2->2,four_site_watch2048.json
N2_class_07,8,0,P0/P1->0;P0/P2->1;P1/P2->2,four_site_watch2048.json
N2_class_07,9,0,P0/P1->0;P0/P2->1;P1/P2->2,four_site_watch2048.json
N2_class_07,10,0,P0/P1->0;P0/P2->1;P1/P2->2,four_site_watch2048.json
N2_class_07,11,0,P0/P1->0;P0/P2->1;P1/P2->2,four_site_watch2048.json
N2_class_07,12,0,P0/P1->0;P0/P2->1;P1/P2->2,four_site_watch2048.json
N2_class_07,13,0,P0/P1->0;P0/P2->1;P1/P2->2,four_site_watch2048.json
N2_class_07,14,0,P0/P1->0;P0/P2->1;P1/P2->2,four_site_watch2048.json
N2_class_07,15,0,P0/P1->0;P0/P2->1;P1/P2->2,four_site_watch2048.json
N2_class_07,16,0,P0/P1->0;P0/P2->1;P1/P2->2,four_site_watch2048.json
N2_class_07,17,0,P0/P1->0;P0/P2->1;P1/P2->2,four_site_watch2048.json
N2_class_07,18,0,P0/P1->0;P0/P2->1;P1/P2->2,four_site_watch2048.json
N2_class_07,19,0,P0/P1->0;P0/P2->1;P1/P2->2,four_site_watch2048.json
N2_class_07,20,0,P0/P1->0;P0/P2->1;P1/P2->2,four_site_watch2048.json
N2_class_07,21,0,P0/P1->0;P0/P2->1;P1/P2->2,four_site_watch2048.json
N2_class_07,22,0,P0/P1->0;P0/P2->1;P1/P2->2,four_site_watch2048.json
N2_class_07,23,0,P0/P1->0;P0/P2->1;P1/P2->2,four_site_watch2048.json
N2_class_08,0,0,P0/P1->0;P0/P2->1;P1/P2->2,four_site_watch2048.json
N2_class_08,1,0,P0/P1->0;P0/P2->1;P1/P2->2,four_site_watch2048.json
N2_class_09,0,0,P0/P1->0;P0/P2->1;P1/P2->2,four_site_watch2048.json
N2_class_09,1,0,P0/P1->0;P0/P2->1;P1/P2->2,four_site_watch2048.json
N2_class_10,0,0,P0/P1->0;P0/P2->1;P1/P2->2,four_site_watch2048.json
N2_class_13,0,0,P0/P1->0;P0/P2->1;P1/P2->2,four_site_watch2048.json
N2_class_13,1,0,P0/P1->0;P0/P2->1;P1/P2->2,four_site_watch2048.json
N2_class_13,2,0,P0/P1->0;P0/P2->1;P1/P2->2,four_site_watch2048.json
N2_class_13,3,0,P0/P1->0;P0/P2->1;P1/P2->2,four_site_watch2048.json
N2_class_14,0,0,P0/P1->0;P0/P2->1;P1/P2->2,four_site_watch2048.json
N2_class_14,1,0,P0/P1->0;P0/P2->1;P1/P2->2,four_site_watch2048.json
N2_class_14,2,0,P0/P1->0;P0/P2->1;P1/P2->2,four_site_watch2048.json
N2_class_16,0,0,P0/P1->0;P0/P2->1;P1/P2->2,four_site_watch2048.json
N2_class_16,1,0,P0/P1->0;P0/P2->1;P1/P2->2,four_site_watch2048.json
N3_class_01,0,0,P0/P1->1;P0/P2->2;P1/P2->0,four_site_watch2048.json
N3_class_01,1,0,P0/P1->1;P0/P2->2;P1/P2->0,four_site_watch2048.json
N3_class_01,2,0,P0/P1->1;P0/P2->2;P1/P2->0,four_site_watch2048.json
N3_class_01,3,0,P0/P1->1;P0/P2->2;P1/P2->0,four_site_watch2048.json
N3_class_01,4,0,P0/P1->1;P0/P2->2;P1/P2->0,four_site_watch2048.json
N3_class_01,5,0,P0/P1->1;P0/P2->2;P1/P2->0,four_site_watch2048.json
N3_class_02,0,0,P0/P1->1;P0/P2->2;P1/P2->0,four_site_watch2048.json
N3_class_02,1,0,P0/P1->1;P0/P2->2;P1/P2->0,four_site_watch2048.json
N3_class_02,2,0,P0/P1->1;P0/P2->2;P1/P2->0,four_site_watch2048.json
N3_class_02,3,0,P0/P1->1;P0/P2->2;P1/P2->0,four_site_watch2048.json
N3_class_03,0,0,P0/P1->0;P0/P2->1;P1/P2->2,four_site_watch2048.json
N3_class_03,1,0,P0/P1->0;P0/P2->1;P1/P2->2,four_site_watch2048.json
N3_class_04,0,0,P0/P1->1;P0/P2->0;P1/P2->2,four_site_watch2048.json
N3_class_04,1,1,P0/P1->1;P0/P2->0;P1/P2->2,four_site_watch2048.json
N3_class_05,0,0,P0/P1->1;P0/P2->2;P1/P2->0,four_site_watch2048.json
N3_class_05,1,0,P0/P1->1;P0/P2->2;P1/P2->0,four_site_watch2048.json
N3_class_05,2,0,P0/P1->1;P0/P2->2;P1/P2->0,four_site_watch2048.json
N3_class_05,3,0,P0/P1->1;P0/P2->2;P1/P2->0,four_site_watch2048.json
N3_class_05,4,0,P0/P1->1;P0/P2->2;P1/P2->0,four_site_watch2048.json
N3_class_05,5,0,P0/P1->1;P0/P2->2;P1/P2->0,four_site_watch2048.json
N3_class_06,0,0,P0/P1->1;P0/P2->2;P1/P2->0,four_site_watch2048.json
N3_class_06,1,0,P0/P1->1;P0/P2->2;P1/P2->0,four_site_watch2048.json
N3_class_06,2,0,P0/P1->1;P0/P2->2;P1/P2->0,four_site_watch2048.json
N3_class_06,3,0,P0/P1->1;P0/P2->2;P1/P2->0,four_site_watch2048.json
N3_class_07,0,0,P0/P1->0;P0/P2->1;P1/P2->2,four_site_watch2048.json
N3_class_07,1,0,P0/P1->0;P0/P2->1;P1/P2->2,four_site_watch2048.json
N3_class_07,2,0,P0/P1->0;P0/P2->1;P1/P2->2,four_site_watch2048.json
N3_class_08,0,0,P0/P1->1;P0/P2->2;P1/P2->0,four_site_watch2048.json
N3_class_08,1,1,P0/P1->1;P0/P2->2;P1/P2->0,four_site_watch2048.json
N3_class_08,2,2,P0/P1->1;P0/P2->2;P1/P2->0,four_site_watch2048.json
N3_class_08,3,0,P0/P1->1;P0/P2->2;P1/P2->0,four_site_watch2048.json
N3_class_08,4,0,P0/P1->1;P0/P2->2;P1/P2->0,four_site_watch2048.json
N3_class_08,5,2,P0/P1->1;P0/P2->2;P1/P2->0,four_site_watch2048.json
N3_class_08,6,0,P0/P1->1;P0/P2->2;P1/P2->0,four_site_watch2048.json
N3_class_08,7,0,P0/P1->1;P0/P2->2;P1/P2->0,four_site_watch2048.json
N3_class_08,8,0,P0/P1->1;P0/P2->2;P1/P2->0,four_site_watch2048.json
N3_class_08,9,1,P0/P1->1;P0/P2->2;P1/P2->0,four_site_watch2048.json
N3_class_08,10,0,P0/P1->1;P0/P2->2;P1/P2->0,four_site_watch2048.json
N3_class_08,11,1,P0/P1->1;P0/P2->2;P1/P2->0,four_site_watch2048.json
N3_class_08,12,0,P0/P1->1;P0/P2->2;P1/P2->0,four_site_watch2048.json
N3_class_08,13,1,P0/P1->1;P0/P2->2;P1/P2->0,four_site_watch2048.json
N3_class_08,14,2,P0/P1->1;P0/P2->2;P1/P2->0,four_site_watch2048.json
N3_class_08,15,1,P0/P1->1;P0/P2->2;P1/P2->0,four_site_watch2048.json
N3_class_08,16,2,P0/P1->1;P0/P2->2;P1/P2->0,four_site_watch2048.json
N3_class_08,17,1,P0/P1->1;P0/P2->2;P1/P2->0,four_site_watch2048.json
N3_class_08,18,1,P0/P1->1;P0/P2->2;P1/P2->0,four_site_watch2048.json
N3_class_08,19,2,P0/P1->1;P0/P2->2;P1/P2->0,four_site_watch2048.json
N3_class_08,20,2,P0/P1->1;P0/P2->2;P1/P2->0,four_site_watch2048.json
N3_class_08,21,1,P0/P1->1;P0/P2->2;P1/P2->0,four_site_watch2048.json
N3_class_08,22,0,P0/P1->1;P0/P2->2;P1/P2->0,four_site_watch2048.json
N3_class_08,23,2,P0/P1->1;P0/P2->2;P1/P2->0,four_site_watch2048.json
N3_class_08,24,1,P0/P1->1;P0/P2->2;P1/P2->0,four_site_watch2048.json
N3_class_08,25,2,P0/P1->1;P0/P2->2;P1/P2->0,four_site_watch2048.json
N3_class_08,26,0,P0/P1->1;P0/P2->2;P1/P2->0,four_site_watch2048.json
N3_class_08,27,1,P0/P1->1;P0/P2->2;P1/P2->0,four_site_watch2048.json
N3_class_08,28,1,P0/P1->1;P0/P2->2;P1/P2->0,four_site_watch2048.json
N3_class_08,29,0,P0/P1->1;P0/P2->2;P1/P2->0,four_site_watch2048.json
N3_class_08,30,0,P0/P1->1;P0/P2->2;P1/P2->0,four_site_watch2048.json
N3_class_08,31,2,P0/P1->1;P0/P2->2;P1/P2->0,four_site_watch2048.json
N3_class_08,32,1,P0/P1->1;P0/P2->2;P1/P2->0,four_site_watch2048.json
N3_class_08,33,1,P0/P1->1;P0/P2->2;P1/P2->0,four_site_watch2048.json
N3_class_08,34,2,P0/P1->1;P0/P2->2;P1/P2->0,four_site_watch2048.json
N3_class_08,35,1,P0/P1->1;P0/P2->2;P1/P2->0,four_site_watch2048.json
N3_class_08,36,0,P0/P1->1;P0/P2->2;P1/P2->0,four_site_watch2048.json
N3_class_08,37,1,P0/P1->1;P0/P2->2;P1/P2->0,four_site_watch2048.json
N3_class_08,38,2,P0/P1->1;P0/P2->2;P1/P2->0,four_site_watch2048.json
N3_class_08,39,1,P0/P1->1;P0/P2->2;P1/P2->0,four_site_watch2048.json
N3_class_08,40,1,P0/P1->1;P0/P2->2;P1/P2->0,four_site_watch2048.json
N3_class_08,41,2,P0/P1->1;P0/P2->2;P1/P2->0,four_site_watch2048.json
N3_class_08,42,1,P0/P1->1;P0/P2->2;P1/P2->0,four_site_watch2048.json
N3_class_08,43,0,P0/P1->1;P0/P2->2;P1/P2->0,four_site_watch2048.json
N3_class_08,44,0,P0/P1->1;P0/P2->2;P1/P2->0,four_site_watch2048.json
N3_class_08,45,2,P0/P1->1;P0/P2->2;P1/P2->0,four_site_watch2048.json
N3_class_08,46,2,P0/P1->1;P0/P2->2;P1/P2->0,four_site_watch2048.json
N3_class_08,47,0,P0/P1->1;P0/P2->2;P1/P2->0,four_site_watch2048.json
N3_class_08,48,2,P0/P1->1;P0/P2->2;P1/P2->0,four_site_watch2048.json
N3_class_08,49,2,P0/P1->1;P0/P2->2;P1/P2->0,four_site_watch2048.json
N3_class_08,50,2,P0/P1->1;P0/P2->2;P1/P2->0,four_site_watch2048.json
N3_class_08,51,2,P0/P1->1;P0/P2->2;P1/P2->0,four_site_watch2048.json
N3_class_08,52,2,P0/P1->1;P0/P2->2;P1/P2->0,four_site_watch2048.json
N3_class_08,53,2,P0/P1->1;P0/P2->2;P1/P2->0,four_site_watch2048.json
N3_class_08,54,1,P0/P1->1;P0/P2->2;P1/P2->0,four_site_watch2048.json
N3_class_08,55,2,P0/P1->1;P0/P2->2;P1/P2->0,four_site_watch2048.json
N3_class_08,56,1,P0/P1->1;P0/P2->2;P1/P2->0,four_site_watch2048.json
N3_class_08,57,0,P0/P1->1;P0/P2->2;P1/P2->0,four_site_watch2048.json
N3_class_08,58,0,P0/P1->1;P0/P2->2;P1/P2->0,four_site_watch2048.json
N3_class_08,59,2,P0/P1->1;P0/P2->2;P1/P2->0,four_site_watch2048.json
N3_class_08,60,0,P0/P1->1;P0/P2->2;P1/P2->0,four_site_watch2048.json
N3_class_08,61,2,P0/P1->1;P0/P2->2;P1/P2->0,four_site_watch2048.json
N3_class_08,62,1,P0/P1->1;P0/P2->2;P1/P2->0,four_site_watch2048.json
N3_class_08,63,0,P0/P1->1;P0/P2->2;P1/P2->0,four_site_watch2048.json
N3_class_08,64,1,P0/P1->1;P0/P2->2;P1/P2->0,four_site_watch2048.json
N3_class_08,65,2,P0/P1->1;P0/P2->2;P1/P2->0,four_site_watch2048.json
N3_class_08,66,1,P0/P1->1;P0/P2->2;P1/P2->0,four_site_watch2048.json
N3_class_08,67,0,P0/P1->1;P0/P2->2;P1/P2->0,four_site_watch2048.json
N3_class_08,68,0,P0/P1->1;P0/P2->2;P1/P2->0,four_site_watch2048.json
N3_class_08,69,1,P0/P1->1;P0/P2->2;P1/P2->0,four_site_watch2048.json
N3_class_08,70,0,P0/P1->1;P0/P2->2;P1/P2->0,four_site_watch2048.json
N3_class_08,71,1,P0/P1->1;P0/P2->2;P1/P2->0,four_site_watch2048.json
N3_class_08,72,0,P0/P1->1;P0/P2->2;P1/P2->0,four_site_watch2048.json
N3_class_08,73,1,P0/P1->1;P0/P2->2;P1/P2->0,four_site_watch2048.json
N3_class_08,74,1,P0/P1->1;P0/P2->2;P1/P2->0,four_site_watch2048.json
N3_class_08,75,1,P0/P1->1;P0/P2->2;P1/P2->0,four_site_watch2048.json
N3_class_08,76,0,P0/P1->1;P0/P2->2;P1/P2->0,four_site_watch2048.json
N3_class_08,77,1,P0/P1->1;P0/P2->2;P1/P2->0,four_site_watch2048.json
N3_class_08,78,0,P0/P1->1;P0/P2->2;P1/P2->0,four_site_watch2048.json
N3_class_08,79,1,P0/P1->1;P0/P2->2;P1/P2->0,four_site_watch2048.json
N3_class_08,80,2,P0/P1->1;P0/P2->2;P1/P2->0,four_site_watch2048.json
N3_class_08,81,0,P0/P1->1;P0/P2->2;P1/P2->0,four_site_watch2048.json
N3_class_08,82,2,P0/P1->1;P0/P2->2;P1/P2->0,four_site_watch2048.json
N3_class_08,83,1,P0/P1->1;P0/P2->2;P1/P2->0,four_site_watch2048.json
N3_class_08,84,2,P0/P1->1;P0/P2->2;P1/P2->0,four_site_watch2048.json
N3_class_08,85,2,P0/P1->1;P0/P2->2;P1/P2->0,four_site_watch2048.json
N3_class_08,86,0,P0/P1->1;P0/P2->2;P1/P2->0,four_site_watch2048.json
N3_class_08,87,2,P0/P1->1;P0/P2->2;P1/P2->0,four_site_watch2048.json
N3_class_08,88,2,P0/P1->1;P0/P2->2;P1/P2->0,four_site_watch2048.json
N3_class_08,89,0,P0/P1->1;P0/P2->2;P1/P2->0,four_site_watch2048.json
N3_class_08,90,0,P0/P1->1;P0/P2->2;P1/P2->0,four_site_watch2048.json
N3_class_08,91,1,P0/P1->1;P0/P2->2;P1/P2->0,four_site_watch2048.json
N3_class_08,92,2,P0/P1->1;P0/P2->2;P1/P2->0,four_site_watch2048.json
N3_class_08,93,1,P0/P1->1;P0/P2->2;P1/P2->0,four_site_watch2048.json
N3_class_08,94,2,P0/P1->1;P0/P2->2;P1/P2->0,four_site_watch2048.json
N3_class_08,95,1,P0/P1->1;P0/P2->2;P1/P2->0,four_site_watch2048.json
N3_class_08,96,2,P0/P1->1;P0/P2->2;P1/P2->0,four_site_watch2048.json
N3_class_08,97,1,P0/P1->1;P0/P2->2;P1/P2->0,four_site_watch2048.json
N3_class_08,98,0,P0/P1->1;P0/P2->2;P1/P2->0,four_site_watch2048.json
N3_class_08,99,1,P0/P1->1;P0/P2->2;P1/P2->0,four_site_watch2048.json
N3_class_08,100,2,P0/P1->1;P0/P2->2;P1/P2->0,four_site_watch2048.json
N3_class_08,101,2,P0/P1->1;P0/P2->2;P1/P2->0,four_site_watch2048.json
N3_class_08,102,1,P0/P1->1;P0/P2->2;P1/P2->0,four_site_watch2048.json
N3_class_08,103,0,P0/P1->1;P0/P2->2;P1/P2->0,four_site_watch2048.json
N3_class_08,104,1,P0/P1->1;P0/P2->2;P1/P2->0,four_site_watch2048.json
N3_class_08,105,1,P0/P1->1;P0/P2->2;P1/P2->0,four_site_watch2048.json
N3_class_08,106,2,P0/P1->1;P0/P2->2;P1/P2->0,four_site_watch2048.json
N3_class_08,107,1,P0/P1->1;P0/P2->2;P1/P2->0,four_site_watch2048.json
N3_class_08,108,0,P0/P1->1;P0/P2->2;P1/P2->0,four_site_watch2048.json
N3_class_08,109,0,P0/P1->1;P0/P2->2;P1/P2->0,four_site_watch2048.json
N3_class_08,110,2,P0/P1->1;P0/P2->2;P1/P2->0,four_site_watch2048.json
N3_class_08,111,0,P0/P1->1;P0/P2->2;P1/P2->0,four_site_watch2048.json
N3_class_08,112,2,P0/P1->1;P0/P2->2;P1/P2->0,four_site_watch2048.json
N3_class_08,113,1,P0/P1->1;P0/P2->2;P1/P2->0,four_site_watch2048.json
N3_class_08,114,0,P0/P1->1;P0/P2->2;P1/P2->0,four_site_watch2048.json
N3_class_08,115,0,P0/P1->1;P0/P2->2;P1/P2->0,four_site_watch2048.json
N3_class_08,116,0,P0/P1->1;P0/P2->2;P1/P2->0,four_site_watch2048.json
N3_class_08,117,0,P0/P1->1;P0/P2->2;P1/P2->0,four_site_watch2048.json
N3_class_08,118,1,P0/P1->1;P0/P2->2;P1/P2->0,four_site_watch2048.json
N3_class_08,119,0,P0/P1->1;P0/P2->2;P1/P2->0,four_site_watch2048.json
N3_class_08,120,1,P0/P1->1;P0/P2->2;P1/P2->0,four_site_watch2048.json
N3_class_08,121,0,P0/P1->1;P0/P2->2;P1/P2->0,four_site_watch2048.json
N3_class_08,122,0,P0/P1->1;P0/P2->2;P1/P2->0,four_site_watch2048.json
N3_class_08,123,1,P0/P1->1;P0/P2->2;P1/P2->0,four_site_watch2048.json
N3_class_08,124,1,P0/P1->1;P0/P2->2;P1/P2->0,four_site_watch2048.json
N3_class_08,125,2,P0/P1->1;P0/P2->2;P1/P2->0,four_site_watch2048.json
N3_class_08,126,1,P0/P1->1;P0/P2->2;P1/P2->0,four_site_watch2048.json
N3_class_08,127,2,P0/P1->1;P0/P2->2;P1/P2->0,four_site_watch2048.json
N3_class_08,128,2,P0/P1->1;P0/P2->2;P1/P2->0,four_site_watch2048.json
N3_class_08,129,1,P0/P1->1;P0/P2->2;P1/P2->0,four_site_watch2048.json
N3_class_08,130,1,P0/P1->1;P0/P2->2;P1/P2->0,four_site_watch2048.json
N3_class_08,131,2,P0/P1->1;P0/P2->2;P1/P2->0,four_site_watch2048.json
N3_class_08,132,0,P0/P1->1;P0/P2->2;P1/P2->0,four_site_watch2048.json
N3_class_08,133,2,P0/P1->1;P0/P2->2;P1/P2->0,four_site_watch2048.json
N3_class_08,134,1,P0/P1->1;P0/P2->2;P1/P2->0,four_site_watch2048.json
N3_class_08,135,2,P0/P1->1;P0/P2->2;P1/P2->0,four_site_watch2048.json
N3_class_08,136,1,P0/P1->1;P0/P2->2;P1/P2->0,four_site_watch2048.json
N3_class_08,137,2,P0/P1->1;P0/P2->2;P1/P2->0,four_site_watch2048.json
N3_class_08,138,1,P0/P1->1;P0/P2->2;P1/P2->0,four_site_watch2048.json
N3_class_08,139,2,P0/P1->1;P0/P2->2;P1/P2->0,four_site_watch2048.json
N3_class_08,140,1,P0/P1->1;P0/P2->2;P1/P2->0,four_site_watch2048.json
N3_class_08,141,0,P0/P1->1;P0/P2->2;P1/P2->0,four_site_watch2048.json
N3_class_08,142,1,P0/P1->1;P0/P2->2;P1/P2->0,four_site_watch2048.json
N3_class_08,143,2,P0/P1->1;P0/P2->2;P1/P2->0,four_site_watch2048.json
N3_class_08,144,1,P0/P1->1;P0/P2->2;P1/P2->0,four_site_watch2048.json
N3_class_08,145,0,P0/P1->1;P0/P2->2;P1/P2->0,four_site_watch2048.json
N3_class_08,146,2,P0/P1->1;P0/P2->2;P1/P2->0,four_site_watch2048.json
N3_class_08,147,2,P0/P1->1;P0/P2->2;P1/P2->0,four_site_watch2048.json
N3_class_08,148,0,P0/P1->1;P0/P2->2;P1/P2->0,four_site_watch2048.json
N3_class_08,149,0,P0/P1->1;P0/P2->2;P1/P2->0,four_site_watch2048.json
N3_class_08,150,2,P0/P1->1;P0/P2->2;P1/P2->0,four_site_watch2048.json
N3_class_08,151,0,P0/P1->1;P0/P2->2;P1/P2->0,four_site_watch2048.json
N3_class_08,152,0,P0/P1->1;P0/P2->2;P1/P2->0,four_site_watch2048.json
N3_class_08,153,2,P0/P1->1;P0/P2->2;P1/P2->0,four_site_watch2048.json
N3_class_08,154,1,P0/P1->1;P0/P2->2;P1/P2->0,four_site_watch2048.json
N3_class_08,155,0,P0/P1->1;P0/P2->2;P1/P2->0,four_site_watch2048.json
N3_class_08,156,1,P0/P1->1;P0/P2->2;P1/P2->0,four_site_watch2048.json
N3_class_08,157,0,P0/P1->1;P0/P2->2;P1/P2->0,four_site_watch2048.json
N3_class_08,158,1,P0/P1->1;P0/P2->2;P1/P2->0,four_site_watch2048.json
N3_class_08,159,1,P0/P1->1;P0/P2->2;P1/P2->0,four_site_watch2048.json
N3_class_08,160,2,P0/P1->1;P0/P2->2;P1/P2->0,four_site_watch2048.json
N3_class_08,161,1,P0/P1->1;P0/P2->2;P1/P2->0,four_site_watch2048.json
N3_class_08,162,1,P0/P1->1;P0/P2->2;P1/P2->0,four_site_watch2048.json
N3_class_08,163,1,P0/P1->1;P0/P2->2;P1/P2->0,four_site_watch2048.json
N3_class_08,164,0,P0/P1->1;P0/P2->2;P1/P2->0,four_site_watch2048.json
N3_class_08,165,0,P0/P1->1;P0/P2->2;P1/P2->0,four_site_watch2048.json
N3_class_08,166,1,P0/P1->1;P0/P2->2;P1/P2->0,four_site_watch2048.json
N3_class_08,167,1,P0/P1->1;P0/P2->2;P1/P2->0,four_site_watch2048.json
N3_class_08,168,1,P0/P1->1;P0/P2->2;P1/P2->0,four_site_watch2048.json
N3_class_08,169,1,P0/P1->1;P0/P2->2;P1/P2->0,four_site_watch2048.json
N3_class_08,170,1,P0/P1->1;P0/P2->2;P1/P2->0,four_site_watch2048.json
N3_class_08,171,2,P0/P1->1;P0/P2->2;P1/P2->0,four_site_watch2048.json
N3_class_08,172,2,P0/P1->1;P0/P2->2;P1/P2->0,four_site_watch2048.json
N3_class_08,173,1,P0/P1->1;P0/P2->2;P1/P2->0,four_site_watch2048.json
N3_class_08,174,2,P0/P1->1;P0/P2->2;P1/P2->0,four_site_watch2048.json
N3_class_08,175,0,P0/P1->1;P0/P2->2;P1/P2->0,four_site_watch2048.json
N3_class_08,176,1,P0/P1->1;P0/P2->2;P1/P2->0,four_site_watch2048.json
N3_class_08,177,2,P0/P1->1;P0/P2->2;P1/P2->0,four_site_watch2048.json
N3_class_08,178,0,P0/P1->1;P0/P2->2;P1/P2->0,four_site_watch2048.json
N3_class_08,179,1,P0/P1->1;P0/P2->2;P1/P2->0,four_site_watch2048.json
N3_class_08,180,0,P0/P1->1;P0/P2->2;P1/P2->0,four_site_watch2048.json
N3_class_08,181,0,P0/P1->1;P0/P2->2;P1/P2->0,four_site_watch2048.json
N3_class_08,182,1,P0/P1->1;P0/P2->2;P1/P2->0,four_site_watch2048.json
N3_class_08,183,2,P0/P1->1;P0/P2->2;P1/P2->0,four_site_watch2048.json
N3_class_08,184,1,P0/P1->1;P0/P2->2;P1/P2->0,four_site_watch2048.json
N3_class_08,185,2,P0/P1->1;P0/P2->2;P1/P2->0,four_site_watch2048.json
N3_class_08,186,2,P0/P1->1;P0/P2->2;P1/P2->0,four_site_watch2048.json
N3_class_08,187,2,P0/P1->1;P0/P2->2;P1/P2->0,four_site_watch2048.json
N3_class_08,188,1,P0/P1->1;P0/P2->2;P1/P2->0,four_site_watch2048.json
N3_class_08,189,1,P0/P1->1;P0/P2->2;P1/P2->0,four_site_watch2048.json
N3_class_08,190,2,P0/P1->1;P0/P2->2;P1/P2->0,four_site_watch2048.json
N3_class_08,191,0,P0/P1->1;P0/P2->2;P1/P2->0,four_site_watch2048.json
N3_class_08,192,1,P0/P1->1;P0/P2->2;P1/P2->0,four_site_watch2048.json
N3_class_08,193,2,P0/P1->1;P0/P2->2;P1/P2->0,four_site_watch2048.json
N3_class_08,194,2,P0/P1->1;P0/P2->2;P1/P2->0,four_site_watch2048.json
N3_class_08,195,2,P0/P1->1;P0/P2->2;P1/P2->0,four_site_watch2048.json
N3_class_08,196,1,P0/P1->1;P0/P2->2;P1/P2->0,four_site_watch2048.json
N3_class_08,197,2,P0/P1->1;P0/P2->2;P1/P2->0,four_site_watch2048.json
N3_class_08,198,0,P0/P1->1;P0/P2->2;P1/P2->0,four_site_watch2048.json
N3_class_08,199,0,P0/P1->1;P0/P2->2;P1/P2->0,four_site_watch2048.json
N3_class_08,200,2,P0/P1->1;P0/P2->2;P1/P2->0,four_site_watch2048.json
N3_class_08,201,1,P0/P1->1;P0/P2->2;P1/P2->0,four_site_watch2048.json
N3_class_08,202,2,P0/P1->1;P0/P2->2;P1/P2->0,four_site_watch2048.json
N3_class_08,203,2,P0/P1->1;P0/P2->2;P1/P2->0,four_site_watch2048.json
N3_class_08,204,0,P0/P1->1;P0/P2->2;P1/P2->0,four_site_watch2048.json
N3_class_08,205,1,P0/P1->1;P0/P2->2;P1/P2->0,four_site_watch2048.json
N3_class_08,206,0,P0/P1->1;P0/P2->2;P1/P2->0,four_site_watch2048.json
N3_class_08,207,1,P0/P1->1;P0/P2->2;P1/P2->0,four_site_watch2048.json
N3_class_08,208,0,P0/P1->1;P0/P2->2;P1/P2->0,four_site_watch2048.json
N3_class_08,209,1,P0/P1->1;P0/P2->2;P1/P2->0,four_site_watch2048.json
N3_class_08,210,1,P0/P1->1;P0/P2->2;P1/P2->0,four_site_watch2048.json
N3_class_08,211,1,P0/P1->1;P0/P2->2;P1/P2->0,four_site_watch2048.json
N3_class_08,212,1,P0/P1->1;P0/P2->2;P1/P2->0,four_site_watch2048.json
N3_class_08,213,0,P0/P1->1;P0/P2->2;P1/P2->0,four_site_watch2048.json
N3_class_08,214,1,P0/P1->1;P0/P2->2;P1/P2->0,four_site_watch2048.json
N3_class_08,215,1,P0/P1->1;P0/P2->2;P1/P2->0,four_site_watch2048.json
N3_class_08,216,1,P0/P1->1;P0/P2->2;P1/P2->0,four_site_watch2048.json
N3_class_08,217,1,P0/P1->1;P0/P2->2;P1/P2->0,four_site_watch2048.json
N3_class_08,218,1,P0/P1->1;P0/P2->2;P1/P2->0,four_site_watch2048.json
N3_class_08,219,2,P0/P1->1;P0/P2->2;P1/P2->0,four_site_watch2048.json
N3_class_08,220,2,P0/P1->1;P0/P2->2;P1/P2->0,four_site_watch2048.json
N3_class_08,221,1,P0/P1->1;P0/P2->2;P1/P2->0,four_site_watch2048.json
N3_class_08,222,2,P0/P1->1;P0/P2->2;P1/P2->0,four_site_watch2048.json
N3_class_08,223,0,P0/P1->1;P0/P2->2;P1/P2->0,four_site_watch2048.json
N3_class_08,224,2,P0/P1->1;P0/P2->2;P1/P2->0,four_site_watch2048.json
N3_class_08,225,2,P0/P1->1;P0/P2->2;P1/P2->0,four_site_watch2048.json
N3_class_08,226,0,P0/P1->1;P0/P2->2;P1/P2->0,four_site_watch2048.json
N3_class_08,227,2,P0/P1->1;P0/P2->2;P1/P2->0,four_site_watch2048.json
N3_class_08,228,2,P0/P1->1;P0/P2->2;P1/P2->0,four_site_watch2048.json
N3_class_08,229,0,P0/P1->1;P0/P2->2;P1/P2->0,four_site_watch2048.json
N3_class_08,230,0,P0/P1->1;P0/P2->2;P1/P2->0,four_site_watch2048.json
N3_class_08,231,2,P0/P1->1;P0/P2->2;P1/P2->0,four_site_watch2048.json
N3_class_08,232,0,P0/P1->1;P0/P2->2;P1/P2->0,four_site_watch2048.json
N3_class_08,233,2,P0/P1->1;P0/P2->2;P1/P2->0,four_site_watch2048.json
N3_class_08,234,0,P0/P1->1;P0/P2->2;P1/P2->0,four_site_watch2048.json
N3_class_08,235,1,P0/P1->1;P0/P2->2;P1/P2->0,four_site_watch2048.json
N3_class_08,236,2,P0/P1->1;P0/P2->2;P1/P2->0,four_site_watch2048.json
N3_class_08,237,2,P0/P1->1;P0/P2->2;P1/P2->0,four_site_watch2048.json
N3_class_08,238,1,P0/P1->1;P0/P2->2;P1/P2->0,four_site_watch2048.json
N3_class_08,239,0,P0/P1->1;P0/P2->2;P1/P2->0,four_site_watch2048.json
N3_class_08,240,2,P0/P1->1;P0/P2->2;P1/P2->0,four_site_watch2048.json
N3_class_08,241,0,P0/P1->1;P0/P2->2;P1/P2->0,four_site_watch2048.json
N3_class_08,242,2,P0/P1->1;P0/P2->2;P1/P2->0,four_site_watch2048.json
N3_class_08,243,0,P0/P1->1;P0/P2->2;P1/P2->0,four_site_watch2048.json
N3_class_08,244,0,P0/P1->1;P0/P2->2;P1/P2->0,four_site_watch2048.json
N3_class_08,245,2,P0/P1->1;P0/P2->2;P1/P2->0,four_site_watch2048.json
N3_class_08,246,0,P0/P1->1;P0/P2->2;P1/P2->0,four_site_watch2048.json
N3_class_08,247,2,P0/P1->1;P0/P2->2;P1/P2->0,four_site_watch2048.json
N3_class_08,248,0,P0/P1->1;P0/P2->2;P1/P2->0,four_site_watch2048.json
N3_class_08,249,2,P0/P1->1;P0/P2->2;P1/P2->0,four_site_watch2048.json
N3_class_08,250,2,P0/P1->1;P0/P2->2;P1/P2->0,four_site_watch2048.json
N3_class_08,251,1,P0/P1->1;P0/P2->2;P1/P2->0,four_site_watch2048.json
N3_class_08,252,1,P0/P1->1;P0/P2->2;P1/P2->0,four_site_watch2048.json
N3_class_08,253,0,P0/P1->1;P0/P2->2;P1/P2->0,four_site_watch2048.json
N3_class_08,254,0,P0/P1->1;P0/P2->2;P1/P2->0,four_site_watch2048.json
N3_class_08,255,0,P0/P1->1;P0/P2->2;P1/P2->0,four_site_watch2048.json
N3_class_08,256,1,P0/P1->1;P0/P2->2;P1/P2->0,four_site_watch2048.json
N3_class_08,257,2,P0/P1->1;P0/P2->2;P1/P2->0,four_site_watch2048.json
N3_class_08,258,0,P0/P1->1;P0/P2->2;P1/P2->0,four_site_watch2048.json
N3_class_08,259,2,P0/P1->1;P0/P2->2;P1/P2->0,four_site_watch2048.json
N3_class_08,260,0,P0/P1->1;P0/P2->2;P1/P2->0,four_site_watch2048.json
N3_class_08,261,0,P0/P1->1;P0/P2->2;P1/P2->0,four_site_watch2048.json
N3_class_08,262,2,P0/P1->1;P0/P2->2;P1/P2->0,four_site_watch2048.json
N3_class_08,263,0,P0/P1->1;P0/P2->2;P1/P2->0,four_site_watch2048.json
N3_class_08,264,1,P0/P1->1;P0/P2->2;P1/P2->0,four_site_watch2048.json
N3_class_08,265,0,P0/P1->1;P0/P2->2;P1/P2->0,four_site_watch2048.json
N3_class_08,266,1,P0/P1->1;P0/P2->2;P1/P2->0,four_site_watch2048.json
N3_class_08,267,2,P0/P1->1;P0/P2->2;P1/P2->0,four_site_watch2048.json
N3_class_08,268,2,P0/P1->1;P0/P2->2;P1/P2->0,four_site_watch2048.json
N3_class_08,269,1,P0/P1->1;P0/P2->2;P1/P2->0,four_site_watch2048.json
N3_class_08,270,2,P0/P1->1;P0/P2->2;P1/P2->0,four_site_watch2048.json
N3_class_08,271,1,P0/P1->1;P0/P2->2;P1/P2->0,four_site_watch2048.json
N3_class_08,272,1,P0/P1->1;P0/P2->2;P1/P2->0,four_site_watch2048.json
N3_class_08,273,2,P0/P1->1;P0/P2->2;P1/P2->0,four_site_watch2048.json
N3_class_08,274,0,P0/P1->1;P0/P2->2;P1/P2->0,four_site_watch2048.json
N3_class_08,275,0,P0/P1->1;P0/P2->2;P1/P2->0,four_site_watch2048.json
N3_class_08,276,2,P0/P1->1;P0/P2->2;P1/P2->0,four_site_watch2048.json
N3_class_08,277,1,P0/P1->1;P0/P2->2;P1/P2->0,four_site_watch2048.json
N3_class_08,278,0,P0/P1->1;P0/P2->2;P1/P2->0,four_site_watch2048.json
N3_class_08,279,1,P0/P1->1;P0/P2->2;P1/P2->0,four_site_watch2048.json
N3_class_08,280,1,P0/P1->1;P0/P2->2;P1/P2->0,four_site_watch2048.json
N3_class_08,281,0,P0/P1->1;P0/P2->2;P1/P2->0,four_site_watch2048.json
N3_class_08,282,0,P0/P1->1;P0/P2->2;P1/P2->0,four_site_watch2048.json
N3_class_08,283,1,P0/P1->1;P0/P2->2;P1/P2->0,four_site_watch2048.json
N3_class_08,284,2,P0/P1->1;P0/P2->2;P1/P2->0,four_site_watch2048.json
N3_class_08,285,0,P0/P1->1;P0/P2->2;P1/P2->0,four_site_watch2048.json
N3_class_08,286,2,P0/P1->1;P0/P2->2;P1/P2->0,four_site_watch2048.json
N3_class_08,287,2,P0/P1->1;P0/P2->2;P1/P2->0,four_site_watch2048.json
N3_class_08,288,1,P0/P1->1;P0/P2->2;P1/P2->0,four_site_watch2048.json
N3_class_08,289,2,P0/P1->1;P0/P2->2;P1/P2->0,four_site_watch2048.json
N3_class_08,290,1,P0/P1->1;P0/P2->2;P1/P2->0,four_site_watch2048.json
N3_class_08,291,1,P0/P1->1;P0/P2->2;P1/P2->0,four_site_watch2048.json
N3_class_08,292,1,P0/P1->1;P0/P2->2;P1/P2->0,four_site_watch2048.json
N3_class_08,293,0,P0/P1->1;P0/P2->2;P1/P2->0,four_site_watch2048.json
N3_class_08,294,0,P0/P1->1;P0/P2->2;P1/P2->0,four_site_watch2048.json
N3_class_08,295,2,P0/P1->1;P0/P2->2;P1/P2->0,four_site_watch2048.json
N3_class_08,296,0,P0/P1->1;P0/P2->2;P1/P2->0,four_site_watch2048.json
N3_class_08,297,2,P0/P1->1;P0/P2->2;P1/P2->0,four_site_watch2048.json
N3_class_08,298,1,P0/P1->1;P0/P2->2;P1/P2->0,four_site_watch2048.json
N3_class_08,299,0,P0/P1->1;P0/P2->2;P1/P2->0,four_site_watch2048.json
N3_class_08,300,2,P0/P1->1;P0/P2->2;P1/P2->0,four_site_watch2048.json
N3_class_08,301,0,P0/P1->1;P0/P2->2;P1/P2->0,four_site_watch2048.json
N3_class_08,302,0,P0/P1->1;P0/P2->2;P1/P2->0,four_site_watch2048.json
N3_class_08,303,2,P0/P1->1;P0/P2->2;P1/P2->0,four_site_watch2048.json
N3_class_08,304,0,P0/P1->1;P0/P2->2;P1/P2->0,four_site_watch2048.json
N3_class_08,305,2,P0/P1->1;P0/P2->2;P1/P2->0,four_site_watch2048.json
N3_class_08,306,2,P0/P1->1;P0/P2->2;P1/P2->0,four_site_watch2048.json
N3_class_08,307,1,P0/P1->1;P0/P2->2;P1/P2->0,four_site_watch2048.json
N3_class_08,308,0,P0/P1->1;P0/P2->2;P1/P2->0,four_site_watch2048.json
N3_class_08,309,1,P0/P1->1;P0/P2->2;P1/P2->0,four_site_watch2048.json
N3_class_08,310,1,P0/P1->1;P0/P2->2;P1/P2->0,four_site_watch2048.json
N3_class_08,311,0,P0/P1->1;P0/P2->2;P1/P2->0,four_site_watch2048.json
N3_class_08,312,0,P0/P1->1;P0/P2->2;P1/P2->0,four_site_watch2048.json
N3_class_08,313,0,P0/P1->1;P0/P2->2;P1/P2->0,four_site_watch2048.json
N3_class_08,314,2,P0/P1->1;P0/P2->2;P1/P2->0,four_site_watch2048.json
N3_class_08,315,0,P0/P1->1;P0/P2->2;P1/P2->0,four_site_watch2048.json
N3_class_08,316,2,P0/P1->1;P0/P2->2;P1/P2->0,four_site_watch2048.json
N3_class_08,317,0,P0/P1->1;P0/P2->2;P1/P2->0,four_site_watch2048.json
N3_class_08,318,2,P0/P1->1;P0/P2->2;P1/P2->0,four_site_watch2048.json
N3_class_08,319,1,P0/P1->1;P0/P2->2;P1/P2->0,four_site_watch2048.json
N3_class_08,320,0,P0/P1->1;P0/P2->2;P1/P2->0,four_site_watch2048.json
N3_class_08,321,0,P0/P1->1;P0/P2->2;P1/P2->0,four_site_watch2048.json
N3_class_08,322,0,P0/P1->1;P0/P2->2;P1/P2->0,four_site_watch2048.json
N3_class_08,323,2,P0/P1->1;P0/P2->2;P1/P2->0,four_site_watch2048.json
N3_class_08,324,2,P0/P1->1;P0/P2->2;P1/P2->0,four_site_watch2048.json
N3_class_08,325,2,P0/P1->1;P0/P2->2;P1/P2->0,four_site_watch2048.json
N3_class_08,326,2,P0/P1->1;P0/P2->2;P1/P2->0,four_site_watch2048.json
N3_class_08,327,1,P0/P1->1;P0/P2->2;P1/P2->0,four_site_watch2048.json
N3_class_08,328,1,P0/P1->1;P0/P2->2;P1/P2->0,four_site_watch2048.json
N3_class_08,329,2,P0/P1->1;P0/P2->2;P1/P2->0,four_site_watch2048.json
N3_class_08,330,2,P0/P1->1;P0/P2->2;P1/P2->0,four_site_watch2048.json
N3_class_08,331,2,P0/P1->1;P0/P2->2;P1/P2->0,four_site_watch2048.json
N3_class_08,332,0,P0/P1->1;P0/P2->2;P1/P2->0,four_site_watch2048.json
N3_class_08,333,1,P0/P1->1;P0/P2->2;P1/P2->0,four_site_watch2048.json
N3_class_08,334,1,P0/P1->1;P0/P2->2;P1/P2->0,four_site_watch2048.json
N3_class_08,335,0,P0/P1->1;P0/P2->2;P1/P2->0,four_site_watch2048.json
N3_class_08,336,0,P0/P1->1;P0/P2->2;P1/P2->0,four_site_watch2048.json
N3_class_08,337,2,P0/P1->1;P0/P2->2;P1/P2->0,four_site_watch2048.json
N3_class_08,338,0,P0/P1->1;P0/P2->2;P1/P2->0,four_site_watch2048.json
N3_class_08,339,1,P0/P1->1;P0/P2->2;P1/P2->0,four_site_watch2048.json
N3_class_08,340,2,P0/P1->1;P0/P2->2;P1/P2->0,four_site_watch2048.json
N3_class_08,341,2,P0/P1->1;P0/P2->2;P1/P2->0,four_site_watch2048.json
N3_class_08,342,0,P0/P1->1;P0/P2->2;P1/P2->0,four_site_watch2048.json
N3_class_08,343,0,P0/P1->1;P0/P2->2;P1/P2->0,four_site_watch2048.json
N3_class_08,344,2,P0/P1->1;P0/P2->2;P1/P2->0,four_site_watch2048.json
N3_class_08,345,0,P0/P1->1;P0/P2->2;P1/P2->0,four_site_watch2048.json
N3_class_08,346,1,P0/P1->1;P0/P2->2;P1/P2->0,four_site_watch2048.json
N3_class_08,347,2,P0/P1->1;P0/P2->2;P1/P2->0,four_site_watch2048.json
N3_class_08,348,1,P0/P1->1;P0/P2->2;P1/P2->0,four_site_watch2048.json
N3_class_08,349,2,P0/P1->1;P0/P2->2;P1/P2->0,four_site_watch2048.json
N3_class_08,350,2,P0/P1->1;P0/P2->2;P1/P2->0,four_site_watch2048.json
N3_class_08,351,1,P0/P1->1;P0/P2->2;P1/P2->0,four_site_watch2048.json
N3_class_08,352,2,P0/P1->1;P0/P2->2;P1/P2->0,four_site_watch2048.json
N3_class_08,353,2,P0/P1->1;P0/P2->2;P1/P2->0,four_site_watch2048.json
N3_class_08,354,2,P0/P1->1;P0/P2->2;P1/P2->0,four_site_watch2048.json
N3_class_08,355,0,P0/P1->1;P0/P2->2;P1/P2->0,four_site_watch2048.json
N3_class_08,356,1,P0/P1->1;P0/P2->2;P1/P2->0,four_site_watch2048.json
N3_class_08,357,2,P0/P1->1;P0/P2->2;P1/P2->0,four_site_watch2048.json
N3_class_08,358,0,P0/P1->1;P0/P2->2;P1/P2->0,four_site_watch2048.json
N3_class_08,359,1,P0/P1->1;P0/P2->2;P1/P2->0,four_site_watch2048.json
N3_class_08,360,0,P0/P1->1;P0/P2->2;P1/P2->0,four_site_watch2048.json
N3_class_08,361,2,P0/P1->1;P0/P2->2;P1/P2->0,four_site_watch2048.json
N3_class_08,362,2,P0/P1->1;P0/P2->2;P1/P2->0,four_site_watch2048.json
N3_class_08,363,1,P0/P1->1;P0/P2->2;P1/P2->0,four_site_watch2048.json
N3_class_08,364,2,P0/P1->1;P0/P2->2;P1/P2->0,four_site_watch2048.json
N3_class_08,365,1,P0/P1->1;P0/P2->2;P1/P2->0,four_site_watch2048.json
N3_class_08,366,2,P0/P1->1;P0/P2->2;P1/P2->0,four_site_watch2048.json
N3_class_08,367,0,P0/P1->1;P0/P2->2;P1/P2->0,four_site_watch2048.json
N3_class_08,368,2,P0/P1->1;P0/P2->2;P1/P2->0,four_site_watch2048.json
N3_class_08,369,2,P0/P1->1;P0/P2->2;P1/P2->0,four_site_watch2048.json
N3_class_08,370,1,P0/P1->1;P0/P2->2;P1/P2->0,four_site_watch2048.json
N3_class_08,371,1,P0/P1->1;P0/P2->2;P1/P2->0,four_site_watch2048.json
N3_class_08,372,1,P0/P1->1;P0/P2->2;P1/P2->0,four_site_watch2048.json
N3_class_08,373,1,P0/P1->1;P0/P2->2;P1/P2->0,four_site_watch2048.json
N3_class_08,374,1,P0/P1->1;P0/P2->2;P1/P2->0,four_site_watch2048.json
N3_class_08,375,0,P0/P1->1;P0/P2->2;P1/P2->0,four_site_watch2048.json
N3_class_08,376,1,P0/P1->1;P0/P2->2;P1/P2->0,four_site_watch2048.json
N3_class_08,377,1,P0/P1->1;P0/P2->2;P1/P2->0,four_site_watch2048.json
N3_class_08,378,1,P0/P1->1;P0/P2->2;P1/P2->0,four_site_watch2048.json
N3_class_08,379,1,P0/P1->1;P0/P2->2;P1/P2->0,four_site_watch2048.json
N3_class_08,380,0,P0/P1->1;P0/P2->2;P1/P2->0,four_site_watch2048.json
N3_class_08,381,1,P0/P1->1;P0/P2->2;P1/P2->0,four_site_watch2048.json
N3_class_08,382,2,P0/P1->1;P0/P2->2;P1/P2->0,four_site_watch2048.json
N3_class_08,383,1,P0/P1->1;P0/P2->2;P1/P2->0,four_site_watch2048.json
N3_class_08,384,2,P0/P1->1;P0/P2->2;P1/P2->0,four_site_watch2048.json
N3_class_08,385,0,P0/P1->1;P0/P2->2;P1/P2->0,four_site_watch2048.json
N3_class_08,386,2,P0/P1->1;P0/P2->2;P1/P2->0,four_site_watch2048.json
N3_class_08,387,0,P0/P1->1;P0/P2->2;P1/P2->0,four_site_watch2048.json
N3_class_08,388,1,P0/P1->1;P0/P2->2;P1/P2->0,four_site_watch2048.json
N3_class_08,389,0,P0/P1->1;P0/P2->2;P1/P2->0,four_site_watch2048.json
N3_class_08,390,2,P0/P1->1;P0/P2->2;P1/P2->0,four_site_watch2048.json
N3_class_08,391,0,P0/P1->1;P0/P2->2;P1/P2->0,four_site_watch2048.json
N3_class_08,392,1,P0/P1->1;P0/P2->2;P1/P2->0,four_site_watch2048.json
N3_class_08,393,1,P0/P1->1;P0/P2->2;P1/P2->0,four_site_watch2048.json
N3_class_08,394,0,P0/P1->1;P0/P2->2;P1/P2->0,four_site_watch2048.json
N3_class_08,395,2,P0/P1->1;P0/P2->2;P1/P2->0,four_site_watch2048.json
N3_class_08,396,0,P0/P1->1;P0/P2->2;P1/P2->0,four_site_watch2048.json
N3_class_08,397,2,P0/P1->1;P0/P2->2;P1/P2->0,four_site_watch2048.json
N3_class_08,398,1,P0/P1->1;P0/P2->2;P1/P2->0,four_site_watch2048.json
N3_class_08,399,1,P0/P1->1;P0/P2->2;P1/P2->0,four_site_watch2048.json
N3_class_08,400,1,P0/P1->1;P0/P2->2;P1/P2->0,four_site_watch2048.json
N3_class_08,401,0,P0/P1->1;P0/P2->2;P1/P2->0,four_site_watch2048.json
N3_class_08,402,0,P0/P1->1;P0/P2->2;P1/P2->0,four_site_watch2048.json
N3_class_08,403,1,P0/P1->1;P0/P2->2;P1/P2->0,four_site_watch2048.json
N3_class_08,404,2,P0/P1->1;P0/P2->2;P1/P2->0,four_site_watch2048.json
N3_class_08,405,0,P0/P1->1;P0/P2->2;P1/P2->0,four_site_watch2048.json
N3_class_08,406,1,P0/P1->1;P0/P2->2;P1/P2->0,four_site_watch2048.json
N3_class_08,407,0,P0/P1->1;P0/P2->2;P1/P2->0,four_site_watch2048.json
N3_class_08,408,1,P0/P1->1;P0/P2->2;P1/P2->0,four_site_watch2048.json
N3_class_08,409,0,P0/P1->1;P0/P2->2;P1/P2->0,four_site_watch2048.json
N3_class_08,410,1,P0/P1->1;P0/P2->2;P1/P2->0,four_site_watch2048.json
N3_class_08,411,0,P0/P1->1;P0/P2->2;P1/P2->0,four_site_watch2048.json
N3_class_08,412,1,P0/P1->1;P0/P2->2;P1/P2->0,four_site_watch2048.json
N3_class_08,413,0,P0/P1->1;P0/P2->2;P1/P2->0,four_site_watch2048.json
N3_class_08,414,1,P0/P1->1;P0/P2->2;P1/P2->0,four_site_watch2048.json
N3_class_08,415,2,P0/P1->1;P0/P2->2;P1/P2->0,four_site_watch2048.json
N3_class_08,416,0,P0/P1->1;P0/P2->2;P1/P2->0,four_site_watch2048.json
N3_class_08,417,1,P0/P1->1;P0/P2->2;P1/P2->0,four_site_watch2048.json
N3_class_08,418,2,P0/P1->1;P0/P2->2;P1/P2->0,four_site_watch2048.json
N3_class_08,419,1,P0/P1->1;P0/P2->2;P1/P2->0,four_site_watch2048.json
N3_class_08,420,1,P0/P1->1;P0/P2->2;P1/P2->0,four_site_watch2048.json
N3_class_08,421,2,P0/P1->1;P0/P2->2;P1/P2->0,four_site_watch2048.json
N3_class_08,422,1,P0/P1->1;P0/P2->2;P1/P2->0,four_site_watch2048.json
N3_class_08,423,0,P0/P1->1;P0/P2->2;P1/P2->0,four_site_watch2048.json
N3_class_08,424,2,P0/P1->1;P0/P2->2;P1/P2->0,four_site_watch2048.json
N3_class_08,425,0,P0/P1->1;P0/P2->2;P1/P2->0,four_site_watch2048.json
N3_class_08,426,0,P0/P1->1;P0/P2->2;P1/P2->0,four_site_watch2048.json
N3_class_08,427,1,P0/P1->1;P0/P2->2;P1/P2->0,four_site_watch2048.json
N3_class_08,428,0,P0/P1->1;P0/P2->2;P1/P2->0,four_site_watch2048.json
N3_class_08,429,2,P0/P1->1;P0/P2->2;P1/P2->0,four_site_watch2048.json
N3_class_08,430,1,P0/P1->1;P0/P2->2;P1/P2->0,four_site_watch2048.json
N3_class_08,431,0,P0/P1->1;P0/P2->2;P1/P2->0,four_site_watch2048.json
N3_class_08,432,1,P0/P1->1;P0/P2->2;P1/P2->0,four_site_watch2048.json
N3_class_08,433,2,P0/P1->1;P0/P2->2;P1/P2->0,four_site_watch2048.json
N3_class_08,434,1,P0/P1->1;P0/P2->2;P1/P2->0,four_site_watch2048.json
N3_class_08,435,1,P0/P1->1;P0/P2->2;P1/P2->0,four_site_watch2048.json
N3_class_08,436,0,P0/P1->1;P0/P2->2;P1/P2->0,four_site_watch2048.json
N3_class_08,437,1,P0/P1->1;P0/P2->2;P1/P2->0,four_site_watch2048.json
N3_class_08,438,2,P0/P1->1;P0/P2->2;P1/P2->0,four_site_watch2048.json
N3_class_08,439,2,P0/P1->1;P0/P2->2;P1/P2->0,four_site_watch2048.json
N3_class_08,440,0,P0/P1->1;P0/P2->2;P1/P2->0,four_site_watch2048.json
N3_class_08,441,2,P0/P1->1;P0/P2->2;P1/P2->0,four_site_watch2048.json
N3_class_08,442,1,P0/P1->1;P0/P2->2;P1/P2->0,four_site_watch2048.json
N3_class_08,443,0,P0/P1->1;P0/P2->2;P1/P2->0,four_site_watch2048.json
N3_class_08,444,0,P0/P1->1;P0/P2->2;P1/P2->0,four_site_watch2048.json
N3_class_08,445,2,P0/P1->1;P0/P2->2;P1/P2->0,four_site_watch2048.json
N3_class_08,446,1,P0/P1->1;P0/P2->2;P1/P2->0,four_site_watch2048.json
N3_class_08,447,2,P0/P1->1;P0/P2->2;P1/P2->0,four_site_watch2048.json
N3_class_08,448,0,P0/P1->1;P0/P2->2;P1/P2->0,four_site_watch2048.json
N3_class_08,449,2,P0/P1->1;P0/P2->2;P1/P2->0,four_site_watch2048.json
N3_class_08,450,0,P0/P1->1;P0/P2->2;P1/P2->0,four_site_watch2048.json
N3_class_08,451,2,P0/P1->1;P0/P2->2;P1/P2->0,four_site_watch2048.json
N3_class_08,452,0,P0/P1->1;P0/P2->2;P1/P2->0,four_site_watch2048.json
N3_class_08,453,0,P0/P1->1;P0/P2->2;P1/P2->0,four_site_watch2048.json
N3_class_08,454,2,P0/P1->1;P0/P2->2;P1/P2->0,four_site_watch2048.json
N3_class_08,455,0,P0/P1->1;P0/P2->2;P1/P2->0,four_site_watch2048.json
N3_class_08,456,1,P0/P1->1;P0/P2->2;P1/P2->0,four_site_watch2048.json
N3_class_08,457,1,P0/P1->1;P0/P2->2;P1/P2->0,four_site_watch2048.json
N3_class_08,458,0,P0/P1->1;P0/P2->2;P1/P2->0,four_site_watch2048.json
N3_class_08,459,2,P0/P1->1;P0/P2->2;P1/P2->0,four_site_watch2048.json
N3_class_08,460,0,P0/P1->1;P0/P2->2;P1/P2->0,four_site_watch2048.json
N3_class_08,461,2,P0/P1->1;P0/P2->2;P1/P2->0,four_site_watch2048.json
N3_class_08,462,2,P0/P1->1;P0/P2->2;P1/P2->0,four_site_watch2048.json
N3_class_08,463,2,P0/P1->1;P0/P2->2;P1/P2->0,four_site_watch2048.json
N3_class_08,464,0,P0/P1->1;P0/P2->2;P1/P2->0,four_site_watch2048.json
N3_class_08,465,2,P0/P1->1;P0/P2->2;P1/P2->0,four_site_watch2048.json
N3_class_08,466,1,P0/P1->1;P0/P2->2;P1/P2->0,four_site_watch2048.json
N3_class_08,467,2,P0/P1->1;P0/P2->2;P1/P2->0,four_site_watch2048.json
N3_class_08,468,2,P0/P1->1;P0/P2->2;P1/P2->0,four_site_watch2048.json
N3_class_08,469,0,P0/P1->1;P0/P2->2;P1/P2->0,four_site_watch2048.json
N3_class_08,470,2,P0/P1->1;P0/P2->2;P1/P2->0,four_site_watch2048.json
N3_class_08,471,1,P0/P1->1;P0/P2->2;P1/P2->0,four_site_watch2048.json
N3_class_08,472,0,P0/P1->1;P0/P2->2;P1/P2->0,four_site_watch2048.json
N3_class_08,473,1,P0/P1->1;P0/P2->2;P1/P2->0,four_site_watch2048.json
N3_class_08,474,0,P0/P1->1;P0/P2->2;P1/P2->0,four_site_watch2048.json
N3_class_08,475,1,P0/P1->1;P0/P2->2;P1/P2->0,four_site_watch2048.json
N3_class_08,476,0,P0/P1->1;P0/P2->2;P1/P2->0,four_site_watch2048.json
N3_class_08,477,0,P0/P1->1;P0/P2->2;P1/P2->0,four_site_watch2048.json
N3_class_08,478,2,P0/P1->1;P0/P2->2;P1/P2->0,four_site_watch2048.json
N3_class_08,479,1,P0/P1->1;P0/P2->2;P1/P2->0,four_site_watch2048.json
N3_class_08,480,2,P0/P1->1;P0/P2->2;P1/P2->0,four_site_watch2048.json
N3_class_08,481,1,P0/P1->1;P0/P2->2;P1/P2->0,four_site_watch2048.json
N3_class_08,482,2,P0/P1->1;P0/P2->2;P1/P2->0,four_site_watch2048.json
N3_class_08,483,0,P0/P1->1;P0/P2->2;P1/P2->0,four_site_watch2048.json
N3_class_08,484,0,P0/P1->1;P0/P2->2;P1/P2->0,four_site_watch2048.json
N3_class_08,485,2,P0/P1->1;P0/P2->2;P1/P2->0,four_site_watch2048.json
N3_class_08,486,0,P0/P1->1;P0/P2->2;P1/P2->0,four_site_watch2048.json
N3_class_08,487,2,P0/P1->1;P0/P2->2;P1/P2->0,four_site_watch2048.json
N3_class_08,488,0,P0/P1->1;P0/P2->2;P1/P2->0,four_site_watch2048.json
N3_class_08,489,1,P0/P1->1;P0/P2->2;P1/P2->0,four_site_watch2048.json
N3_class_08,490,1,P0/P1->1;P0/P2->2;P1/P2->0,four_site_watch2048.json
N3_class_08,491,2,P0/P1->1;P0/P2->2;P1/P2->0,four_site_watch2048.json
N3_class_08,492,2,P0/P1->1;P0/P2->2;P1/P2->0,four_site_watch2048.json
N3_class_08,493,0,P0/P1->1;P0/P2->2;P1/P2->0,four_site_watch2048.json
N3_class_08,494,0,P0/P1->1;P0/P2->2;P1/P2->0,four_site_watch2048.json
N3_class_08,495,2,P0/P1->1;P0/P2->2;P1/P2->0,four_site_watch2048.json
N3_class_08,496,0,P0/P1->1;P0/P2->2;P1/P2->0,four_site_watch2048.json
N3_class_08,497,2,P0/P1->1;P0/P2->2;P1/P2->0,four_site_watch2048.json
N3_class_08,498,1,P0/P1->1;P0/P2->2;P1/P2->0,four_site_watch2048.json
N3_class_08,499,2,P0/P1->1;P0/P2->2;P1/P2->0,four_site_watch2048.json
N3_class_08,500,2,P0/P1->1;P0/P2->2;P1/P2->0,four_site_watch2048.json
N3_class_08,501,0,P0/P1->1;P0/P2->2;P1/P2->0,four_site_watch2048.json
N3_class_08,502,0,P0/P1->1;P0/P2->2;P1/P2->0,four_site_watch2048.json
N3_class_08,503,1,P0/P1->1;P0/P2->2;P1/P2->0,four_site_watch2048.json
N3_class_08,504,1,P0/P1->1;P0/P2->2;P1/P2->0,four_site_watch2048.json
N3_class_08,505,0,P0/P1->1;P0/P2->2;P1/P2->0,four_site_watch2048.json
N3_class_08,506,1,P0/P1->1;P0/P2->2;P1/P2->0,four_site_watch2048.json
N3_class_08,507,0,P0/P1->1;P0/P2->2;P1/P2->0,four_site_watch2048.json
N3_class_08,508,1,P0/P1->1;P0/P2->2;P1/P2->0,four_site_watch2048.json
N3_class_08,509,1,P0/P1->1;P0/P2->2;P1/P2->0,four_site_watch2048.json
N3_class_08,510,2,P0/P1->1;P0/P2->2;P1/P2->0,four_site_watch2048.json
N3_class_08,511,1,P0/P1->1;P0/P2->2;P1/P2->0,four_site_watch2048.json
N3_class_08,512,1,P0/P1->1;P0/P2->2;P1/P2->0,four_site_watch2048.json
N3_class_08,513,0,P0/P1->1;P0/P2->2;P1/P2->0,four_site_watch2048.json
N3_class_08,514,0,P0/P1->1;P0/P2->2;P1/P2->0,four_site_watch2048.json
N3_class_08,515,2,P0/P1->1;P0/P2->2;P1/P2->0,four_site_watch2048.json
N3_class_08,516,0,P0/P1->1;P0/P2->2;P1/P2->0,four_site_watch2048.json
N3_class_08,517,0,P0/P1->1;P0/P2->2;P1/P2->0,four_site_watch2048.json
N3_class_08,518,2,P0/P1->1;P0/P2->2;P1/P2->0,four_site_watch2048.json
N3_class_08,519,0,P0/P1->1;P0/P2->2;P1/P2->0,four_site_watch2048.json
N3_class_08,520,2,P0/P1->1;P0/P2->2;P1/P2->0,four_site_watch2048.json
N3_class_08,521,0,P0/P1->1;P0/P2->2;P1/P2->0,four_site_watch2048.json
N3_class_08,522,1,P0/P1->1;P0/P2->2;P1/P2->0,four_site_watch2048.json
N3_class_08,523,1,P0/P1->1;P0/P2->2;P1/P2->0,four_site_watch2048.json
N3_class_08,524,2,P0/P1->1;P0/P2->2;P1/P2->0,four_site_watch2048.json
N3_class_08,525,1,P0/P1->1;P0/P2->2;P1/P2->0,four_site_watch2048.json
N3_class_08,526,0,P0/P1->1;P0/P2->2;P1/P2->0,four_site_watch2048.json
N3_class_08,527,1,P0/P1->1;P0/P2->2;P1/P2->0,four_site_watch2048.json
N3_class_08,528,0,P0/P1->1;P0/P2->2;P1/P2->0,four_site_watch2048.json
N3_class_08,529,2,P0/P1->1;P0/P2->2;P1/P2->0,four_site_watch2048.json
N3_class_08,530,2,P0/P1->1;P0/P2->2;P1/P2->0,four_site_watch2048.json
N3_class_08,531,0,P0/P1->1;P0/P2->2;P1/P2->0,four_site_watch2048.json
N3_class_08,532,2,P0/P1->1;P0/P2->2;P1/P2->0,four_site_watch2048.json
N3_class_08,533,0,P0/P1->1;P0/P2->2;P1/P2->0,four_site_watch2048.json
N3_class_08,534,1,P0/P1->1;P0/P2->2;P1/P2->0,four_site_watch2048.json
N3_class_08,535,0,P0/P1->1;P0/P2->2;P1/P2->0,four_site_watch2048.json
N3_class_08,536,2,P0/P1->1;P0/P2->2;P1/P2->0,four_site_watch2048.json
N3_class_08,537,2,P0/P1->1;P0/P2->2;P1/P2->0,four_site_watch2048.json
N3_class_08,538,0,P0/P1->1;P0/P2->2;P1/P2->0,four_site_watch2048.json
N3_class_08,539,2,P0/P1->1;P0/P2->2;P1/P2->0,four_site_watch2048.json
N3_class_08,540,1,P0/P1->1;P0/P2->2;P1/P2->0,four_site_watch2048.json
N3_class_08,541,0,P0/P1->1;P0/P2->2;P1/P2->0,four_site_watch2048.json
N3_class_08,542,2,P0/P1->1;P0/P2->2;P1/P2->0,four_site_watch2048.json
N3_class_08,543,0,P0/P1->1;P0/P2->2;P1/P2->0,four_site_watch2048.json
N3_class_08,544,0,P0/P1->1;P0/P2->2;P1/P2->0,four_site_watch2048.json
N3_class_08,545,2,P0/P1->1;P0/P2->2;P1/P2->0,four_site_watch2048.json
N3_class_08,546,1,P0/P1->1;P0/P2->2;P1/P2->0,four_site_watch2048.json
N3_class_08,547,2,P0/P1->1;P0/P2->2;P1/P2->0,four_site_watch2048.json
N3_class_08,548,1,P0/P1->1;P0/P2->2;P1/P2->0,four_site_watch2048.json
N3_class_08,549,2,P0/P1->1;P0/P2->2;P1/P2->0,four_site_watch2048.json
N3_class_08,550,2,P0/P1->1;P0/P2->2;P1/P2->0,four_site_watch2048.json
N3_class_08,551,1,P0/P1->1;P0/P2->2;P1/P2->0,four_site_watch2048.json
N3_class_08,552,2,P0/P1->1;P0/P2->2;P1/P2->0,four_site_watch2048.json
N3_class_08,553,0,P0/P1->1;P0/P2->2;P1/P2->0,four_site_watch2048.json
N3_class_08,554,2,P0/P1->1;P0/P2->2;P1/P2->0,four_site_watch2048.json
N3_class_08,555,2,P0/P1->1;P0/P2->2;P1/P2->0,four_site_watch2048.json
N3_class_08,556,2,P0/P1->1;P0/P2->2;P1/P2->0,four_site_watch2048.json
N3_class_08,557,1,P0/P1->1;P0/P2->2;P1/P2->0,four_site_watch2048.json
N3_class_08,558,2,P0/P1->1;P0/P2->2;P1/P2->0,four_site_watch2048.json
N3_class_08,559,0,P0/P1->1;P0/P2->2;P1/P2->0,four_site_watch2048.json
N3_class_08,560,0,P0/P1->1;P0/P2->2;P1/P2->0,four_site_watch2048.json
N3_class_08,561,2,P0/P1->1;P0/P2->2;P1/P2->0,four_site_watch2048.json
N3_class_08,562,0,P0/P1->1;P0/P2->2;P1/P2->0,four_site_watch2048.json
N3_class_08,563,1,P0/P1->1;P0/P2->2;P1/P2->0,four_site_watch2048.json
N3_class_08,564,0,P0/P1->1;P0/P2->2;P1/P2->0,four_site_watch2048.json
N3_class_08,565,0,P0/P1->1;P0/P2->2;P1/P2->0,four_site_watch2048.json
N3_class_08,566,1,P0/P1->1;P0/P2->2;P1/P2->0,four_site_watch2048.json
N3_class_08,567,0,P0/P1->1;P0/P2->2;P1/P2->0,four_site_watch2048.json
N3_class_08,568,1,P0/P1->1;P0/P2->2;P1/P2->0,four_site_watch2048.json
N3_class_08,569,1,P0/P1->1;P0/P2->2;P1/P2->0,four_site_watch2048.json
N3_class_08,570,1,P0/P1->1;P0/P2->2;P1/P2->0,four_site_watch2048.json
N3_class_08,571,0,P0/P1->1;P0/P2->2;P1/P2->0,four_site_watch2048.json
N3_class_08,572,1,P0/P1->1;P0/P2->2;P1/P2->0,four_site_watch2048.json
N3_class_08,573,0,P0/P1->1;P0/P2->2;P1/P2->0,four_site_watch2048.json
N3_class_08,574,0,P0/P1->1;P0/P2->2;P1/P2->0,four_site_watch2048.json
N3_class_08,575,2,P0/P1->1;P0/P2->2;P1/P2->0,four_site_watch2048.json
N3_class_08,576,1,P0/P1->1;P0/P2->2;P1/P2->0,four_site_watch2048.json
N3_class_08,577,2,P0/P1->1;P0/P2->2;P1/P2->0,four_site_watch2048.json
N3_class_08,578,2,P0/P1->1;P0/P2->2;P1/P2->0,four_site_watch2048.json
N3_class_08,579,0,P0/P1->1;P0/P2->2;P1/P2->0,four_site_watch2048.json
N3_class_08,580,0,P0/P1->1;P0/P2->2;P1/P2->0,four_site_watch2048.json
N3_class_08,581,2,P0/P1->1;P0/P2->2;P1/P2->0,four_site_watch2048.json
N3_class_08,582,1,P0/P1->1;P0/P2->2;P1/P2->0,four_site_watch2048.json
N3_class_08,583,0,P0/P1->1;P0/P2->2;P1/P2->0,four_site_watch2048.json
N3_class_08,584,1,P0/P1->1;P0/P2->2;P1/P2->0,four_site_watch2048.json
N3_class_08,585,1,P0/P1->1;P0/P2->2;P1/P2->0,four_site_watch2048.json
N3_class_08,586,2,P0/P1->1;P0/P2->2;P1/P2->0,four_site_watch2048.json
N3_class_08,587,0,P0/P1->1;P0/P2->2;P1/P2->0,four_site_watch2048.json
N3_class_08,588,2,P0/P1->1;P0/P2->2;P1/P2->0,four_site_watch2048.json
N3_class_08,589,0,P0/P1->1;P0/P2->2;P1/P2->0,four_site_watch2048.json
N3_class_08,590,0,P0/P1->1;P0/P2->2;P1/P2->0,four_site_watch2048.json
N3_class_08,591,2,P0/P1->1;P0/P2->2;P1/P2->0,four_site_watch2048.json
N3_class_08,592,1,P0/P1->1;P0/P2->2;P1/P2->0,four_site_watch2048.json
N3_class_08,593,2,P0/P1->1;P0/P2->2;P1/P2->0,four_site_watch2048.json
N3_class_08,594,1,P0/P1->1;P0/P2->2;P1/P2->0,four_site_watch2048.json
N3_class_08,595,2,P0/P1->1;P0/P2->2;P1/P2->0,four_site_watch2048.json
N3_class_08,596,1,P0/P1->1;P0/P2->2;P1/P2->0,four_site_watch2048.json
N3_class_08,597,0,P0/P1->1;P0/P2->2;P1/P2->0,four_site_watch2048.json
N3_class_08,598,2,P0/P1->1;P0/P2->2;P1/P2->0,four_site_watch2048.json
N3_class_08,599,1,P0/P1->1;P0/P2->2;P1/P2->0,four_site_watch2048.json
N3_class_08,600,1,P0/P1->1;P0/P2->2;P1/P2->0,four_site_watch2048.json
N3_class_08,601,2,P0/P1->1;P0/P2->2;P1/P2->0,four_site_watch2048.json
N3_class_08,602,0,P0/P1->1;P0/P2->2;P1/P2->0,four_site_watch2048.json
N3_class_08,603,0,P0/P1->1;P0/P2->2;P1/P2->0,four_site_watch2048.json
N3_class_08,604,1,P0/P1->1;P0/P2->2;P1/P2->0,four_site_watch2048.json
N3_class_08,605,2,P0/P1->1;P0/P2->2;P1/P2->0,four_site_watch2048.json
N3_class_08,606,1,P0/P1->1;P0/P2->2;P1/P2->0,four_site_watch2048.json
N3_class_08,607,1,P0/P1->1;P0/P2->2;P1/P2->0,four_site_watch2048.json
N3_class_08,608,0,P0/P1->1;P0/P2->2;P1/P2->0,four_site_watch2048.json
N3_class_08,609,1,P0/P1->1;P0/P2->2;P1/P2->0,four_site_watch2048.json
N3_class_08,610,0,P0/P1->1;P0/P2->2;P1/P2->0,four_site_watch2048.json
N3_class_08,611,1,P0/P1->1;P0/P2->2;P1/P2->0,four_site_watch2048.json
N3_class_08,612,0,P0/P1->1;P0/P2->2;P1/P2->0,four_site_watch2048.json
N3_class_08,613,0,P0/P1->1;P0/P2->2;P1/P2->0,four_site_watch2048.json
N3_class_08,614,0,P0/P1->1;P0/P2->2;P1/P2->0,four_site_watch2048.json
N3_class_08,615,2,P0/P1->1;P0/P2->2;P1/P2->0,four_site_watch2048.json
N3_class_08,616,1,P0/P1->1;P0/P2->2;P1/P2->0,four_site_watch2048.json
N3_class_08,617,1,P0/P1->1;P0/P2->2;P1/P2->0,four_site_watch2048.json
N3_class_08,618,1,P0/P1->1;P0/P2->2;P1/P2->0,four_site_watch2048.json
N3_class_08,619,2,P0/P1->1;P0/P2->2;P1/P2->0,four_site_watch2048.json
N3_class_08,620,2,P0/P1->1;P0/P2->2;P1/P2->0,four_site_watch2048.json
N3_class_08,621,0,P0/P1->1;P0/P2->2;P1/P2->0,four_site_watch2048.json
N3_class_08,622,2,P0/P1->1;P0/P2->2;P1/P2->0,four_site_watch2048.json
N3_class_08,623,1,P0/P1->1;P0/P2->2;P1/P2->0,four_site_watch2048.json
N3_class_08,624,0,P0/P1->1;P0/P2->2;P1/P2->0,four_site_watch2048.json
N3_class_08,625,1,P0/P1->1;P0/P2->2;P1/P2->0,four_site_watch2048.json
N3_class_08,626,2,P0/P1->1;P0/P2->2;P1/P2->0,four_site_watch2048.json
N3_class_08,627,2,P0/P1->1;P0/P2->2;P1/P2->0,four_site_watch2048.json
N3_class_08,628,1,P0/P1->1;P0/P2->2;P1/P2->0,four_site_watch2048.json
N3_class_08,629,1,P0/P1->1;P0/P2->2;P1/P2->0,four_site_watch2048.json
N3_class_08,630,0,P0/P1->1;P0/P2->2;P1/P2->0,four_site_watch2048.json
N3_class_08,631,1,P0/P1->1;P0/P2->2;P1/P2->0,four_site_watch2048.json
N3_class_08,632,0,P0/P1->1;P0/P2->2;P1/P2->0,four_site_watch2048.json
N3_class_08,633,0,P0/P1->1;P0/P2->2;P1/P2->0,four_site_watch2048.json
N3_class_08,634,1,P0/P1->1;P0/P2->2;P1/P2->0,four_site_watch2048.json
N3_class_08,635,0,P0/P1->1;P0/P2->2;P1/P2->0,four_site_watch2048.json
N3_class_08,636,1,P0/P1->1;P0/P2->2;P1/P2->0,four_site_watch2048.json
N3_class_08,637,0,P0/P1->1;P0/P2->2;P1/P2->0,four_site_watch2048.json
N3_class_08,638,0,P0/P1->1;P0/P2->2;P1/P2->0,four_site_watch2048.json
N3_class_08,639,0,P0/P1->1;P0/P2->2;P1/P2->0,four_site_watch2048.json
N3_class_08,640,1,P0/P1->1;P0/P2->2;P1/P2->0,four_site_watch2048.json
N3_class_08,641,0,P0/P1->1;P0/P2->2;P1/P2->0,four_site_watch2048.json
N3_class_08,642,2,P0/P1->1;P0/P2->2;P1/P2->0,four_site_watch2048.json
N3_class_08,643,1,P0/P1->1;P0/P2->2;P1/P2->0,four_site_watch2048.json
N3_class_08,644,2,P0/P1->1;P0/P2->2;P1/P2->0,four_site_watch2048.json
N3_class_08,645,2,P0/P1->1;P0/P2->2;P1/P2->0,four_site_watch2048.json
N3_class_08,646,0,P0/P1->1;P0/P2->2;P1/P2->0,four_site_watch2048.json
N3_class_08,647,1,P0/P1->1;P0/P2->2;P1/P2->0,four_site_watch2048.json
N3_class_08,648,1,P0/P1->1;P0/P2->2;P1/P2->0,four_site_watch2048.json
N3_class_08,649,1,P0/P1->1;P0/P2->2;P1/P2->0,four_site_watch2048.json
N3_class_08,650,1,P0/P1->1;P0/P2->2;P1/P2->0,four_site_watch2048.json
N3_class_08,651,1,P0/P1->1;P0/P2->2;P1/P2->0,four_site_watch2048.json
N3_class_08,652,2,P0/P1->1;P0/P2->2;P1/P2->0,four_site_watch2048.json
N3_class_08,653,1,P0/P1->1;P0/P2->2;P1/P2->0,four_site_watch2048.json
N3_class_08,654,0,P0/P1->1;P0/P2->2;P1/P2->0,four_site_watch2048.json
N3_class_08,655,1,P0/P1->1;P0/P2->2;P1/P2->0,four_site_watch2048.json
N3_class_08,656,2,P0/P1->1;P0/P2->2;P1/P2->0,four_site_watch2048.json
N3_class_08,657,0,P0/P1->1;P0/P2->2;P1/P2->0,four_site_watch2048.json
N3_class_08,658,2,P0/P1->1;P0/P2->2;P1/P2->0,four_site_watch2048.json
N3_class_08,659,1,P0/P1->1;P0/P2->2;P1/P2->0,four_site_watch2048.json
N3_class_08,660,0,P0/P1->1;P0/P2->2;P1/P2->0,four_site_watch2048.json
N3_class_08,661,1,P0/P1->1;P0/P2->2;P1/P2->0,four_site_watch2048.json
N3_class_08,662,2,P0/P1->1;P0/P2->2;P1/P2->0,four_site_watch2048.json
N3_class_08,663,1,P0/P1->1;P0/P2->2;P1/P2->0,four_site_watch2048.json
N3_class_08,664,1,P0/P1->1;P0/P2->2;P1/P2->0,four_site_watch2048.json
N3_class_08,665,0,P0/P1->1;P0/P2->2;P1/P2->0,four_site_watch2048.json
N3_class_08,666,1,P0/P1->1;P0/P2->2;P1/P2->0,four_site_watch2048.json
N3_class_08,667,2,P0/P1->1;P0/P2->2;P1/P2->0,four_site_watch2048.json
N3_class_08,668,1,P0/P1->1;P0/P2->2;P1/P2->0,four_site_watch2048.json
N3_class_08,669,1,P0/P1->1;P0/P2->2;P1/P2->0,four_site_watch2048.json
N3_class_08,670,0,P0/P1->1;P0/P2->2;P1/P2->0,four_site_watch2048.json
N3_class_08,671,2,P0/P1->1;P0/P2->2;P1/P2->0,four_site_watch2048.json
N3_class_08,672,1,P0/P1->1;P0/P2->2;P1/P2->0,four_site_watch2048.json
N3_class_08,673,2,P0/P1->1;P0/P2->2;P1/P2->0,four_site_watch2048.json
N3_class_08,674,2,P0/P1->1;P0/P2->2;P1/P2->0,four_site_watch2048.json
N3_class_08,675,1,P0/P1->1;P0/P2->2;P1/P2->0,four_site_watch2048.json
N3_class_08,676,1,P0/P1->1;P0/P2->2;P1/P2->0,four_site_watch2048.json
N3_class_08,677,0,P0/P1->1;P0/P2->2;P1/P2->0,four_site_watch2048.json
N3_class_08,678,1,P0/P1->1;P0/P2->2;P1/P2->0,four_site_watch2048.json
N3_class_08,679,0,P0/P1->1;P0/P2->2;P1/P2->0,four_site_watch2048.json
N3_class_08,680,1,P0/P1->1;P0/P2->2;P1/P2->0,four_site_watch2048.json
N3_class_08,681,0,P0/P1->1;P0/P2->2;P1/P2->0,four_site_watch2048.json
N3_class_08,682,0,P0/P1->1;P0/P2->2;P1/P2->0,four_site_watch2048.json
N3_class_08,683,1,P0/P1->1;P0/P2->2;P1/P2->0,four_site_watch2048.json
N3_class_08,684,1,P0/P1->1;P0/P2->2;P1/P2->0,four_site_watch2048.json
N3_class_08,685,0,P0/P1->1;P0/P2->2;P1/P2->0,four_site_watch2048.json
N3_class_08,686,1,P0/P1->1;P0/P2->2;P1/P2->0,four_site_watch2048.json
N3_class_08,687,1,P0/P1->1;P0/P2->2;P1/P2->0,four_site_watch2048.json
N3_class_08,688,2,P0/P1->1;P0/P2->2;P1/P2->0,four_site_watch2048.json
N3_class_08,689,2,P0/P1->1;P0/P2->2;P1/P2->0,four_site_watch2048.json
N3_class_08,690,0,P0/P1->1;P0/P2->2;P1/P2->0,four_site_watch2048.json
N3_class_08,691,0,P0/P1->1;P0/P2->2;P1/P2->0,four_site_watch2048.json
N3_class_08,692,1,P0/P1->1;P0/P2->2;P1/P2->0,four_site_watch2048.json
N3_class_08,693,2,P0/P1->1;P0/P2->2;P1/P2->0,four_site_watch2048.json
N3_class_08,694,1,P0/P1->1;P0/P2->2;P1/P2->0,four_site_watch2048.json
N3_class_08,695,1,P0/P1->1;P0/P2->2;P1/P2->0,four_site_watch2048.json
N3_class_08,696,2,P0/P1->1;P0/P2->2;P1/P2->0,four_site_watch2048.json
N3_class_08,697,0,P0/P1->1;P0/P2->2;P1/P2->0,four_site_watch2048.json
N3_class_08,698,0,P0/P1->1;P0/P2->2;P1/P2->0,four_site_watch2048.json
N3_class_08,699,0,P0/P1->1;P0/P2->2;P1/P2->0,four_site_watch2048.json
N3_class_08,700,0,P0/P1->1;P0/P2->2;P1/P2->0,four_site_watch2048.json
N3_class_08,701,1,P0/P1->1;P0/P2->2;P1/P2->0,four_site_watch2048.json
N3_class_08,702,0,P0/P1->1;P0/P2->2;P1/P2->0,four_site_watch2048.json
N3_class_08,703,1,P0/P1->1;P0/P2->2;P1/P2->0,four_site_watch2048.json
N3_class_08,704,1,P0/P1->1;P0/P2->2;P1/P2->0,four_site_watch2048.json
N3_class_08,705,2,P0/P1->1;P0/P2->2;P1/P2->0,four_site_watch2048.json
N3_class_08,706,1,P0/P1->1;P0/P2->2;P1/P2->0,four_site_watch2048.json
N3_class_08,707,0,P0/P1->1;P0/P2->2;P1/P2->0,four_site_watch2048.json
N3_class_08,708,0,P0/P1->1;P0/P2->2;P1/P2->0,four_site_watch2048.json
N3_class_08,709,1,P0/P1->1;P0/P2->2;P1/P2->0,four_site_watch2048.json
N3_class_08,710,1,P0/P1->1;P0/P2->2;P1/P2->0,four_site_watch2048.json
N3_class_08,711,0,P0/P1->1;P0/P2->2;P1/P2->0,four_site_watch2048.json
N3_class_08,712,0,P0/P1->1;P0/P2->2;P1/P2->0,four_site_watch2048.json
N3_class_08,713,1,P0/P1->1;P0/P2->2;P1/P2->0,four_site_watch2048.json
N3_class_08,714,1,P0/P1->1;P0/P2->2;P1/P2->0,four_site_watch2048.json
N3_class_08,715,2,P0/P1->1;P0/P2->2;P1/P2->0,four_site_watch2048.json
N3_class_08,716,0,P0/P1->1;P0/P2->2;P1/P2->0,four_site_watch2048.json
N3_class_09,0,0,P0/P1->2;P0/P2->1;P1/P2->0,four_site_watch2048.json
N3_class_09,1,1,P0/P1->2;P0/P2->1;P1/P2->0,four_site_watch2048.json
N3_class_10,0,0,P0/P1->2;P0/P2->0;P1/P2->1,four_site_watch2048.json
N3_class_10,1,1,P0/P1->2;P0/P2->0;P1/P2->1,four_site_watch2048.json
N3_class_10,2,0,P0/P1->2;P0/P2->0;P1/P2->1,four_site_watch2048.json
N3_class_10,3,1,P0/P1->2;P0/P2->0;P1/P2->1,four_site_watch2048.json
N3_class_10,4,0,P0/P1->2;P0/P2->0;P1/P2->1,four_site_watch2048.json
N3_class_10,5,1,P0/P1->2;P0/P2->0;P1/P2->1,four_site_watch2048.json
N3_class_10,6,2,P0/P1->2;P0/P2->0;P1/P2->1,four_site_watch2048.json
N3_class_11,0,0,P0/P1->1;P0/P2->2;P1/P2->0,four_site_watch2048.json
N3_class_12,0,0,P0/P1->1;P0/P2->0;P1/P2->2,four_site_watch2048.json
N3_class_13,0,0,P0/P1->2;P0/P2->1;P1/P2->0,four_site_watch2048.json
N3_class_13,1,1,P0/P1->2;P0/P2->1;P1/P2->0,four_site_watch2048.json
N3_class_14,0,0,P0/P1->2;P0/P2->1;P1/P2->0,four_site_watch2048.json
N3_class_14,1,1,P0/P1->2;P0/P2->1;P1/P2->0,four_site_watch2048.json
N3_class_14,2,1,P0/P1->2;P0/P2->1;P1/P2->0,four_site_watch2048.json
N3_class_14,3,0,P0/P1->2;P0/P2->1;P1/P2->0,four_site_watch2048.json
N3_class_14,4,0,P0/P1->2;P0/P2->1;P1/P2->0,four_site_watch2048.json
N3_class_16,0,0,P0/P1->1;P0/P2->0;P1/P2->2,four_site_watch2048.json
N3_class_17,0,0,P0/P1->1;P0/P2->2;P1/P2->0,four_site_watch2048.json
N3_class_17,1,0,P0/P1->1;P0/P2->2;P1/P2->0,four_site_watch2048.json
N3_class_17,2,0,P0/P1->1;P0/P2->2;P1/P2->0,four_site_watch2048.json
N3_class_18,0,0,P0/P1->1;P0/P2->2;P1/P2->0,four_site_watch2048.json
N3_class_18,1,0,P0/P1->1;P0/P2->2;P1/P2->0,four_site_watch2048.json
N3_class_18,2,0,P0/P1->1;P0/P2->2;P1/P2->0,four_site_watch2048.json
N3_class_18,3,0,P0/P1->1;P0/P2->2;P1/P2->0,four_site_watch2048.json
N3_class_18,4,0,P0/P1->1;P0/P2->2;P1/P2->0,four_site_watch2048.json
N3_class_18,5,0,P0/P1->1;P0/P2->2;P1/P2->0,four_site_watch2048.json
N3_class_19,0,0,P0/P1->0;P0/P2->1;P1/P2->2,four_site_watch2048.json
N3_class_19,1,0,P0/P1->0;P0/P2->1;P1/P2->2,four_site_watch2048.json
N3_class_20,0,0,P0/P1->0;P0/P2->1;P1/P2->2,four_site_watch2048.json
N3_class_21,0,0,P0/P1->1;P0/P2->2;P1/P2->0,four_site_watch2048.json
N3_class_21,1,0,P0/P1->1;P0/P2->2;P1/P2->0,four_site_watch2048.json
N3_class_21,2,0,P0/P1->1;P0/P2->2;P1/P2->0,four_site_watch2048.json
N3_class_22,0,0,P0/P1->1;P0/P2->2;P1/P2->0,four_site_watch2048.json
N3_class_22,1,0,P0/P1->1;P0/P2->2;P1/P2->0,four_site_watch2048.json
N3_class_22,2,0,P0/P1->1;P0/P2->2;P1/P2->0,four_site_watch2048.json
N3_class_22,3,0,P0/P1->1;P0/P2->2;P1/P2->0,four_site_watch2048.json
N3_class_22,4,0,P0/P1->1;P0/P2->2;P1/P2->0,four_site_watch2048.json
N3_class_22,5,0,P0/P1->1;P0/P2->2;P1/P2->0,four_site_watch2048.json
N3_class_23,0,0,P0/P1->0;P0/P2->2;P1/P2->1,four_site_watch2048.json
N3_class_23,1,0,P0/P1->0;P0/P2->2;P1/P2->1,four_site_watch2048.json
N3_class_23,2,1,P0/P1->0;P0/P2->2;P1/P2->1,four_site_watch2048.json
N3_class_24,0,0,P0/P1->0;P0/P2->1;P1/P2->2,four_site_watch2048.json
N3_class_24,1,0,P0/P1->0;P0/P2->1;P1/P2->2,four_site_watch2048.json
N3_class_25,0,0,P0/P1->2;P0/P2->1;P1/P2->0,four_site_watch2048.json
N3_class_25,1,1,P0/P1->2;P0/P2->1;P1/P2->0,four_site_watch2048.json
N3_class_25,2,1,P0/P1->2;P0/P2->1;P1/P2->0,four_site_watch2048.json
N3_class_25,3,0,P0/P1->2;P0/P2->1;P1/P2->0,four_site_watch2048.json
N3_class_26,0,0,P0/P1->2;P0/P2->0;P1/P2->1,four_site_watch2048.json
N3_class_26,1,1,P0/P1->2;P0/P2->0;P1/P2->1,four_site_watch2048.json
N3_class_26,2,0,P0/P1->2;P0/P2->0;P1/P2->1,four_site_watch2048.json
N3_class_26,3,1,P0/P1->2;P0/P2->0;P1/P2->1,four_site_watch2048.json
N3_class_26,4,0,P0/P1->2;P0/P2->0;P1/P2->1,four_site_watch2048.json
N3_class_26,5,2,P0/P1->2;P0/P2->0;P1/P2->1,four_site_watch2048.json
N3_class_26,6,0,P0/P1->2;P0/P2->0;P1/P2->1,four_site_watch2048.json
N3_class_26,7,1,P0/P1->2;P0/P2->0;P1/P2->1,four_site_watch2048.json
N3_class_27,0,0,P0/P1->1;P0/P2->0;P1/P2->2,four_site_watch2048.json
N3_class_29,0,0,P0/P1->2;P0/P2->0;P1/P2->1,four_site_watch2048.json
N3_class_29,1,1,P0/P1->2;P0/P2->0;P1/P2->1,four_site_watch2048.json
N3_class_29,2,0,P0/P1->2;P0/P2->0;P1/P2->1,four_site_watch2048.json
N3_class_29,3,1,P0/P1->2;P0/P2->0;P1/P2->1,four_site_watch2048.json
N3_class_29,4,0,P0/P1->2;P0/P2->0;P1/P2->1,four_site_watch2048.json
N3_class_29,5,2,P0/P1->2;P0/P2->0;P1/P2->1,four_site_watch2048.json
N3_class_31,0,0,P0/P1->2;P0/P2->1;P1/P2->0,four_site_watch2048.json
N3_class_31,1,1,P0/P1->2;P0/P2->1;P1/P2->0,four_site_watch2048.json
N3_class_31,2,0,P0/P1->2;P0/P2->1;P1/P2->0,four_site_watch2048.json
N3_class_31,3,2,P0/P1->2;P0/P2->1;P1/P2->0,four_site_watch2048.json
N3_class_31,4,1,P0/P1->2;P0/P2->1;P1/P2->0,four_site_watch2048.json
N3_class_31,5,1,P0/P1->2;P0/P2->1;P1/P2->0,four_site_watch2048.json
N3_class_31,6,2,P0/P1->2;P0/P2->1;P1/P2->0,four_site_watch2048.json
N3_class_31,7,1,P0/P1->2;P0/P2->1;P1/P2->0,four_site_watch2048.json
N3_class_31,8,0,P0/P1->2;P0/P2->1;P1/P2->0,four_site_watch2048.json
N3_class_31,9,1,P0/P1->2;P0/P2->1;P1/P2->0,four_site_watch2048.json
N3_class_31,10,1,P0/P1->2;P0/P2->1;P1/P2->0,four_site_watch2048.json
N3_class_31,11,2,P0/P1->2;P0/P2->1;P1/P2->0,four_site_watch2048.json
N3_class_31,12,1,P0/P1->2;P0/P2->1;P1/P2->0,four_site_watch2048.json
N3_class_31,13,2,P0/P1->2;P0/P2->1;P1/P2->0,four_site_watch2048.json
N3_class_31,14,0,P0/P1->2;P0/P2->1;P1/P2->0,four_site_watch2048.json
N3_class_31,15,0,P0/P1->2;P0/P2->1;P1/P2->0,four_site_watch2048.json
N3_class_31,16,2,P0/P1->2;P0/P2->1;P1/P2->0,four_site_watch2048.json
N3_class_31,17,0,P0/P1->2;P0/P2->1;P1/P2->0,four_site_watch2048.json
N3_class_31,18,2,P0/P1->2;P0/P2->1;P1/P2->0,four_site_watch2048.json
N3_class_31,19,2,P0/P1->2;P0/P2->1;P1/P2->0,four_site_watch2048.json
N3_class_31,20,1,P0/P1->2;P0/P2->1;P1/P2->0,four_site_watch2048.json
N3_class_31,21,1,P0/P1->2;P0/P2->1;P1/P2->0,four_site_watch2048.json
N3_class_31,22,2,P0/P1->2;P0/P2->1;P1/P2->0,four_site_watch2048.json
N3_class_31,23,1,P0/P1->2;P0/P2->1;P1/P2->0,four_site_watch2048.json
N3_class_31,24,2,P0/P1->2;P0/P2->1;P1/P2->0,four_site_watch2048.json
N3_class_31,25,1,P0/P1->2;P0/P2->1;P1/P2->0,four_site_watch2048.json
N3_class_31,26,2,P0/P1->2;P0/P2->1;P1/P2->0,four_site_watch2048.json
N3_class_31,27,2,P0/P1->2;P0/P2->1;P1/P2->0,four_site_watch2048.json
N3_class_31,28,1,P0/P1->2;P0/P2->1;P1/P2->0,four_site_watch2048.json
N3_class_31,29,0,P0/P1->2;P0/P2->1;P1/P2->0,four_site_watch2048.json
N3_class_31,30,2,P0/P1->2;P0/P2->1;P1/P2->0,four_site_watch2048.json
N3_class_31,31,2,P0/P1->2;P0/P2->1;P1/P2->0,four_site_watch2048.json
N3_class_31,32,0,P0/P1->2;P0/P2->1;P1/P2->0,four_site_watch2048.json
N3_class_31,33,2,P0/P1->2;P0/P2->1;P1/P2->0,four_site_watch2048.json
N3_class_31,34,0,P0/P1->2;P0/P2->1;P1/P2->0,four_site_watch2048.json
N3_class_31,35,0,P0/P1->2;P0/P2->1;P1/P2->0,four_site_watch2048.json
N3_class_31,36,2,P0/P1->2;P0/P2->1;P1/P2->0,four_site_watch2048.json
N3_class_31,37,0,P0/P1->2;P0/P2->1;P1/P2->0,four_site_watch2048.json
N3_class_31,38,1,P0/P1->2;P0/P2->1;P1/P2->0,four_site_watch2048.json
N3_class_31,39,0,P0/P1->2;P0/P2->1;P1/P2->0,four_site_watch2048.json
N3_class_31,40,2,P0/P1->2;P0/P2->1;P1/P2->0,four_site_watch2048.json
N3_class_31,41,0,P0/P1->2;P0/P2->1;P1/P2->0,four_site_watch2048.json
N3_class_31,42,1,P0/P1->2;P0/P2->1;P1/P2->0,four_site_watch2048.json
N3_class_31,43,2,P0/P1->2;P0/P2->1;P1/P2->0,four_site_watch2048.json
N3_class_31,44,0,P0/P1->2;P0/P2->1;P1/P2->0,four_site_watch2048.json
N3_class_31,45,1,P0/P1->2;P0/P2->1;P1/P2->0,four_site_watch2048.json
N3_class_31,46,1,P0/P1->2;P0/P2->1;P1/P2->0,four_site_watch2048.json
N3_class_31,47,2,P0/P1->2;P0/P2->1;P1/P2->0,four_site_watch2048.json
N3_class_31,48,0,P0/P1->2;P0/P2->1;P1/P2->0,four_site_watch2048.json
N3_class_31,49,2,P0/P1->2;P0/P2->1;P1/P2->0,four_site_watch2048.json
N3_class_31,50,2,P0/P1->2;P0/P2->1;P1/P2->0,four_site_watch2048.json
N3_class_31,51,0,P0/P1->2;P0/P2->1;P1/P2->0,four_site_watch2048.json
N3_class_31,52,1,P0/P1->2;P0/P2->1;P1/P2->0,four_site_watch2048.json
N3_class_31,53,1,P0/P1->2;P0/P2->1;P1/P2->0,four_site_watch2048.json
N3_class_31,54,0,P0/P1->2;P0/P2->1;P1/P2->0,four_site_watch2048.json
N3_class_31,55,0,P0/P1->2;P0/P2->1;P1/P2->0,four_site_watch2048.json
N3_class_31,56,1,P0/P1->2;P0/P2->1;P1/P2->0,four_site_watch2048.json
N3_class_31,57,0,P0/P1->2;P0/P2->1;P1/P2->0,four_site_watch2048.json
N3_class_31,58,2,P0/P1->2;P0/P2->1;P1/P2->0,four_site_watch2048.json
N3_class_31,59,2,P0/P1->2;P0/P2->1;P1/P2->0,four_site_watch2048.json
N3_class_31,60,0,P0/P1->2;P0/P2->1;P1/P2->0,four_site_watch2048.json
N3_class_31,61,1,P0/P1->2;P0/P2->1;P1/P2->0,four_site_watch2048.json
N3_class_31,62,0,P0/P1->2;P0/P2->1;P1/P2->0,four_site_watch2048.json
N3_class_31,63,0,P0/P1->2;P0/P2->1;P1/P2->0,four_site_watch2048.json
N3_class_31,64,2,P0/P1->2;P0/P2->1;P1/P2->0,four_site_watch2048.json
N3_class_31,65,0,P0/P1->2;P0/P2->1;P1/P2->0,four_site_watch2048.json
N3_class_31,66,0,P0/P1->2;P0/P2->1;P1/P2->0,four_site_watch2048.json
N3_class_31,67,2,P0/P1->2;P0/P2->1;P1/P2->0,four_site_watch2048.json
N3_class_31,68,0,P0/P1->2;P0/P2->1;P1/P2->0,four_site_watch2048.json
N3_class_31,69,1,P0/P1->2;P0/P2->1;P1/P2->0,four_site_watch2048.json
N3_class_31,70,0,P0/P1->2;P0/P2->1;P1/P2->0,four_site_watch2048.json
N3_class_31,71,2,P0/P1->2;P0/P2->1;P1/P2->0,four_site_watch2048.json
N3_class_31,72,0,P0/P1->2;P0/P2->1;P1/P2->0,four_site_watch2048.json
N3_class_31,73,0,P0/P1->2;P0/P2->1;P1/P2->0,four_site_watch2048.json
N3_class_31,74,2,P0/P1->2;P0/P2->1;P1/P2->0,four_site_watch2048.json
N3_class_31,75,0,P0/P1->2;P0/P2->1;P1/P2->0,four_site_watch2048.json
N3_class_31,76,2,P0/P1->2;P0/P2->1;P1/P2->0,four_site_watch2048.json
N3_class_31,77,0,P0/P1->2;P0/P2->1;P1/P2->0,four_site_watch2048.json
N3_class_31,78,2,P0/P1->2;P0/P2->1;P1/P2->0,four_site_watch2048.json
N3_class_31,79,0,P0/P1->2;P0/P2->1;P1/P2->0,four_site_watch2048.json
N3_class_31,80,2,P0/P1->2;P0/P2->1;P1/P2->0,four_site_watch2048.json
N3_class_31,81,0,P0/P1->2;P0/P2->1;P1/P2->0,four_site_watch2048.json
N3_class_31,82,1,P0/P1->2;P0/P2->1;P1/P2->0,four_site_watch2048.json
N3_class_31,83,1,P0/P1->2;P0/P2->1;P1/P2->0,four_site_watch2048.json
N3_class_31,84,2,P0/P1->2;P0/P2->1;P1/P2->0,four_site_watch2048.json
N3_class_31,85,2,P0/P1->2;P0/P2->1;P1/P2->0,four_site_watch2048.json
N3_class_31,86,0,P0/P1->2;P0/P2->1;P1/P2->0,four_site_watch2048.json
N3_class_31,87,2,P0/P1->2;P0/P2->1;P1/P2->0,four_site_watch2048.json
N3_class_31,88,2,P0/P1->2;P0/P2->1;P1/P2->0,four_site_watch2048.json
N3_class_31,89,1,P0/P1->2;P0/P2->1;P1/P2->0,four_site_watch2048.json
N3_class_31,90,2,P0/P1->2;P0/P2->1;P1/P2->0,four_site_watch2048.json
N3_class_31,91,1,P0/P1->2;P0/P2->1;P1/P2->0,four_site_watch2048.json
N3_class_31,92,0,P0/P1->2;P0/P2->1;P1/P2->0,four_site_watch2048.json
N3_class_31,93,1,P0/P1->2;P0/P2->1;P1/P2->0,four_site_watch2048.json
N3_class_31,94,0,P0/P1->2;P0/P2->1;P1/P2->0,four_site_watch2048.json
N3_class_31,95,1,P0/P1->2;P0/P2->1;P1/P2->0,four_site_watch2048.json
N3_class_31,96,2,P0/P1->2;P0/P2->1;P1/P2->0,four_site_watch2048.json
N3_class_31,97,0,P0/P1->2;P0/P2->1;P1/P2->0,four_site_watch2048.json
N3_class_31,98,2,P0/P1->2;P0/P2->1;P1/P2->0,four_site_watch2048.json
N3_class_31,99,1,P0/P1->2;P0/P2->1;P1/P2->0,four_site_watch2048.json
N3_class_31,100,2,P0/P1->2;P0/P2->1;P1/P2->0,four_site_watch2048.json
N3_class_31,101,0,P0/P1->2;P0/P2->1;P1/P2->0,four_site_watch2048.json
N3_class_31,102,1,P0/P1->2;P0/P2->1;P1/P2->0,four_site_watch2048.json
N3_class_31,103,2,P0/P1->2;P0/P2->1;P1/P2->0,four_site_watch2048.json
N3_class_31,104,1,P0/P1->2;P0/P2->1;P1/P2->0,four_site_watch2048.json
N3_class_31,105,2,P0/P1->2;P0/P2->1;P1/P2->0,four_site_watch2048.json
N3_class_31,106,2,P0/P1->2;P0/P2->1;P1/P2->0,four_site_watch2048.json
N3_class_31,107,0,P0/P1->2;P0/P2->1;P1/P2->0,four_site_watch2048.json
N3_class_31,108,0,P0/P1->2;P0/P2->1;P1/P2->0,four_site_watch2048.json
N3_class_31,109,2,P0/P1->2;P0/P2->1;P1/P2->0,four_site_watch2048.json
N3_class_31,110,0,P0/P1->2;P0/P2->1;P1/P2->0,four_site_watch2048.json
N3_class_31,111,2,P0/P1->2;P0/P2->1;P1/P2->0,four_site_watch2048.json
N3_class_31,112,0,P0/P1->2;P0/P2->1;P1/P2->0,four_site_watch2048.json
N3_class_31,113,0,P0/P1->2;P0/P2->1;P1/P2->0,four_site_watch2048.json
N3_class_31,114,2,P0/P1->2;P0/P2->1;P1/P2->0,four_site_watch2048.json
N3_class_31,115,1,P0/P1->2;P0/P2->1;P1/P2->0,four_site_watch2048.json
N3_class_31,116,2,P0/P1->2;P0/P2->1;P1/P2->0,four_site_watch2048.json
N3_class_31,117,0,P0/P1->2;P0/P2->1;P1/P2->0,four_site_watch2048.json
N3_class_31,118,0,P0/P1->2;P0/P2->1;P1/P2->0,four_site_watch2048.json
N3_class_31,119,1,P0/P1->2;P0/P2->1;P1/P2->0,four_site_watch2048.json
N3_class_31,120,1,P0/P1->2;P0/P2->1;P1/P2->0,four_site_watch2048.json
N3_class_31,121,0,P0/P1->2;P0/P2->1;P1/P2->0,four_site_watch2048.json
N3_class_31,122,0,P0/P1->2;P0/P2->1;P1/P2->0,four_site_watch2048.json
N3_class_31,123,2,P0/P1->2;P0/P2->1;P1/P2->0,four_site_watch2048.json
N3_class_31,124,2,P0/P1->2;P0/P2->1;P1/P2->0,four_site_watch2048.json
N3_class_31,125,2,P0/P1->2;P0/P2->1;P1/P2->0,four_site_watch2048.json
N3_class_31,126,2,P0/P1->2;P0/P2->1;P1/P2->0,four_site_watch2048.json
N3_class_31,127,2,P0/P1->2;P0/P2->1;P1/P2->0,four_site_watch2048.json
N3_class_31,128,0,P0/P1->2;P0/P2->1;P1/P2->0,four_site_watch2048.json
N3_class_31,129,2,P0/P1->2;P0/P2->1;P1/P2->0,four_site_watch2048.json
N3_class_31,130,2,P0/P1->2;P0/P2->1;P1/P2->0,four_site_watch2048.json
N3_class_31,131,1,P0/P1->2;P0/P2->1;P1/P2->0,four_site_watch2048.json
N3_class_31,132,2,P0/P1->2;P0/P2->1;P1/P2->0,four_site_watch2048.json
N3_class_31,133,1,P0/P1->2;P0/P2->1;P1/P2->0,four_site_watch2048.json
N3_class_31,134,1,P0/P1->2;P0/P2->1;P1/P2->0,four_site_watch2048.json
N3_class_31,135,1,P0/P1->2;P0/P2->1;P1/P2->0,four_site_watch2048.json
N3_class_31,136,2,P0/P1->2;P0/P2->1;P1/P2->0,four_site_watch2048.json
N3_class_31,137,1,P0/P1->2;P0/P2->1;P1/P2->0,four_site_watch2048.json
N3_class_31,138,2,P0/P1->2;P0/P2->1;P1/P2->0,four_site_watch2048.json
N3_class_31,139,0,P0/P1->2;P0/P2->1;P1/P2->0,four_site_watch2048.json
N3_class_31,140,0,P0/P1->2;P0/P2->1;P1/P2->0,four_site_watch2048.json
N3_class_31,141,1,P0/P1->2;P0/P2->1;P1/P2->0,four_site_watch2048.json
N3_class_31,142,0,P0/P1->2;P0/P2->1;P1/P2->0,four_site_watch2048.json
N3_class_31,143,2,P0/P1->2;P0/P2->1;P1/P2->0,four_site_watch2048.json
N3_class_31,144,0,P0/P1->2;P0/P2->1;P1/P2->0,four_site_watch2048.json
N3_class_31,145,1,P0/P1->2;P0/P2->1;P1/P2->0,four_site_watch2048.json
N3_class_31,146,0,P0/P1->2;P0/P2->1;P1/P2->0,four_site_watch2048.json
N3_class_31,147,1,P0/P1->2;P0/P2->1;P1/P2->0,four_site_watch2048.json
N3_class_31,148,1,P0/P1->2;P0/P2->1;P1/P2->0,four_site_watch2048.json
N3_class_31,149,2,P0/P1->2;P0/P2->1;P1/P2->0,four_site_watch2048.json
N3_class_31,150,2,P0/P1->2;P0/P2->1;P1/P2->0,four_site_watch2048.json
N3_class_31,151,0,P0/P1->2;P0/P2->1;P1/P2->0,four_site_watch2048.json
N3_class_31,152,1,P0/P1->2;P0/P2->1;P1/P2->0,four_site_watch2048.json
N3_class_31,153,1,P0/P1->2;P0/P2->1;P1/P2->0,four_site_watch2048.json
N3_class_31,154,2,P0/P1->2;P0/P2->1;P1/P2->0,four_site_watch2048.json
N3_class_31,155,2,P0/P1->2;P0/P2->1;P1/P2->0,four_site_watch2048.json
N3_class_31,156,1,P0/P1->2;P0/P2->1;P1/P2->0,four_site_watch2048.json
N3_class_31,157,2,P0/P1->2;P0/P2->1;P1/P2->0,four_site_watch2048.json
N3_class_31,158,0,P0/P1->2;P0/P2->1;P1/P2->0,four_site_watch2048.json
N3_class_31,159,1,P0/P1->2;P0/P2->1;P1/P2->0,four_site_watch2048.json
N3_class_31,160,2,P0/P1->2;P0/P2->1;P1/P2->0,four_site_watch2048.json
N3_class_31,161,1,P0/P1->2;P0/P2->1;P1/P2->0,four_site_watch2048.json
N3_class_31,162,2,P0/P1->2;P0/P2->1;P1/P2->0,four_site_watch2048.json
N3_class_31,163,1,P0/P1->2;P0/P2->1;P1/P2->0,four_site_watch2048.json
N3_class_31,164,2,P0/P1->2;P0/P2->1;P1/P2->0,four_site_watch2048.json
N3_class_31,165,2,P0/P1->2;P0/P2->1;P1/P2->0,four_site_watch2048.json
N3_class_31,166,0,P0/P1->2;P0/P2->1;P1/P2->0,four_site_watch2048.json
N3_class_31,167,2,P0/P1->2;P0/P2->1;P1/P2->0,four_site_watch2048.json
N3_class_31,168,1,P0/P1->2;P0/P2->1;P1/P2->0,four_site_watch2048.json
N3_class_31,169,0,P0/P1->2;P0/P2->1;P1/P2->0,four_site_watch2048.json
N3_class_31,170,1,P0/P1->2;P0/P2->1;P1/P2->0,four_site_watch2048.json
N3_class_31,171,2,P0/P1->2;P0/P2->1;P1/P2->0,four_site_watch2048.json
N3_class_31,172,2,P0/P1->2;P0/P2->1;P1/P2->0,four_site_watch2048.json
N3_class_31,173,2,P0/P1->2;P0/P2->1;P1/P2->0,four_site_watch2048.json
N3_class_31,174,0,P0/P1->2;P0/P2->1;P1/P2->0,four_site_watch2048.json
N3_class_31,175,2,P0/P1->2;P0/P2->1;P1/P2->0,four_site_watch2048.json
N3_class_31,176,0,P0/P1->2;P0/P2->1;P1/P2->0,four_site_watch2048.json
N3_class_31,177,2,P0/P1->2;P0/P2->1;P1/P2->0,four_site_watch2048.json
N3_class_31,178,0,P0/P1->2;P0/P2->1;P1/P2->0,four_site_watch2048.json
N3_class_31,179,2,P0/P1->2;P0/P2->1;P1/P2->0,four_site_watch2048.json
N3_class_31,180,0,P0/P1->2;P0/P2->1;P1/P2->0,four_site_watch2048.json
N3_class_31,181,2,P0/P1->2;P0/P2->1;P1/P2->0,four_site_watch2048.json
N3_class_31,182,1,P0/P1->2;P0/P2->1;P1/P2->0,four_site_watch2048.json
N3_class_31,183,0,P0/P1->2;P0/P2->1;P1/P2->0,four_site_watch2048.json
N3_class_31,184,2,P0/P1->2;P0/P2->1;P1/P2->0,four_site_watch2048.json
N3_class_31,185,0,P0/P1->2;P0/P2->1;P1/P2->0,four_site_watch2048.json
N3_class_31,186,2,P0/P1->2;P0/P2->1;P1/P2->0,four_site_watch2048.json
N3_class_31,187,2,P0/P1->2;P0/P2->1;P1/P2->0,four_site_watch2048.json
N3_class_31,188,2,P0/P1->2;P0/P2->1;P1/P2->0,four_site_watch2048.json
N3_class_31,189,0,P0/P1->2;P0/P2->1;P1/P2->0,four_site_watch2048.json
N3_class_31,190,0,P0/P1->2;P0/P2->1;P1/P2->0,four_site_watch2048.json
N3_class_31,191,2,P0/P1->2;P0/P2->1;P1/P2->0,four_site_watch2048.json
N3_class_31,192,0,P0/P1->2;P0/P2->1;P1/P2->0,four_site_watch2048.json
N3_class_31,193,2,P0/P1->2;P0/P2->1;P1/P2->0,four_site_watch2048.json
N3_class_31,194,0,P0/P1->2;P0/P2->1;P1/P2->0,four_site_watch2048.json
N3_class_31,195,0,P0/P1->2;P0/P2->1;P1/P2->0,four_site_watch2048.json
N3_class_31,196,2,P0/P1->2;P0/P2->1;P1/P2->0,four_site_watch2048.json
N3_class_31,197,0,P0/P1->2;P0/P2->1;P1/P2->0,four_site_watch2048.json
N3_class_31,198,0,P0/P1->2;P0/P2->1;P1/P2->0,four_site_watch2048.json
N3_class_31,199,0,P0/P1->2;P0/P2->1;P1/P2->0,four_site_watch2048.json
N3_class_31,200,0,P0/P1->2;P0/P2->1;P1/P2->0,four_site_watch2048.json
N3_class_31,201,2,P0/P1->2;P0/P2->1;P1/P2->0,four_site_watch2048.json
N3_class_31,202,2,P0/P1->2;P0/P2->1;P1/P2->0,four_site_watch2048.json
N3_class_31,203,0,P0/P1->2;P0/P2->1;P1/P2->0,four_site_watch2048.json
N3_class_31,204,1,P0/P1->2;P0/P2->1;P1/P2->0,four_site_watch2048.json
N3_class_31,205,2,P0/P1->2;P0/P2->1;P1/P2->0,four_site_watch2048.json
N3_class_31,206,0,P0/P1->2;P0/P2->1;P1/P2->0,four_site_watch2048.json
N3_class_31,207,1,P0/P1->2;P0/P2->1;P1/P2->0,four_site_watch2048.json
N3_class_31,208,1,P0/P1->2;P0/P2->1;P1/P2->0,four_site_watch2048.json
N3_class_31,209,2,P0/P1->2;P0/P2->1;P1/P2->0,four_site_watch2048.json
N3_class_31,210,1,P0/P1->2;P0/P2->1;P1/P2->0,four_site_watch2048.json
N3_class_31,211,0,P0/P1->2;P0/P2->1;P1/P2->0,four_site_watch2048.json
N3_class_31,212,2,P0/P1->2;P0/P2->1;P1/P2->0,four_site_watch2048.json
N3_class_31,213,1,P0/P1->2;P0/P2->1;P1/P2->0,four_site_watch2048.json
N3_class_31,214,0,P0/P1->2;P0/P2->1;P1/P2->0,four_site_watch2048.json
N3_class_31,215,1,P0/P1->2;P0/P2->1;P1/P2->0,four_site_watch2048.json
N3_class_31,216,2,P0/P1->2;P0/P2->1;P1/P2->0,four_site_watch2048.json
N3_class_31,217,2,P0/P1->2;P0/P2->1;P1/P2->0,four_site_watch2048.json
N3_class_31,218,0,P0/P1->2;P0/P2->1;P1/P2->0,four_site_watch2048.json
N3_class_31,219,0,P0/P1->2;P0/P2->1;P1/P2->0,four_site_watch2048.json
N3_class_31,220,0,P0/P1->2;P0/P2->1;P1/P2->0,four_site_watch2048.json
N3_class_31,221,2,P0/P1->2;P0/P2->1;P1/P2->0,four_site_watch2048.json
N3_class_31,222,2,P0/P1->2;P0/P2->1;P1/P2->0,four_site_watch2048.json
N3_class_31,223,1,P0/P1->2;P0/P2->1;P1/P2->0,four_site_watch2048.json
N3_class_31,224,2,P0/P1->2;P0/P2->1;P1/P2->0,four_site_watch2048.json
N3_class_31,225,1,P0/P1->2;P0/P2->1;P1/P2->0,four_site_watch2048.json
N3_class_31,226,2,P0/P1->2;P0/P2->1;P1/P2->0,four_site_watch2048.json
N3_class_31,227,1,P0/P1->2;P0/P2->1;P1/P2->0,four_site_watch2048.json
N3_class_31,228,1,P0/P1->2;P0/P2->1;P1/P2->0,four_site_watch2048.json
N3_class_31,229,0,P0/P1->2;P0/P2->1;P1/P2->0,four_site_watch2048.json
N3_class_31,230,1,P0/P1->2;P0/P2->1;P1/P2->0,four_site_watch2048.json
N3_class_31,231,0,P0/P1->2;P0/P2->1;P1/P2->0,four_site_watch2048.json
N3_class_31,232,1,P0/P1->2;P0/P2->1;P1/P2->0,four_site_watch2048.json
N3_class_31,233,0,P0/P1->2;P0/P2->1;P1/P2->0,four_site_watch2048.json
N3_class_31,234,2,P0/P1->2;P0/P2->1;P1/P2->0,four_site_watch2048.json
N3_class_31,235,1,P0/P1->2;P0/P2->1;P1/P2->0,four_site_watch2048.json
N3_class_31,236,2,P0/P1->2;P0/P2->1;P1/P2->0,four_site_watch2048.json
N3_class_31,237,2,P0/P1->2;P0/P2->1;P1/P2->0,four_site_watch2048.json
N3_class_31,238,1,P0/P1->2;P0/P2->1;P1/P2->0,four_site_watch2048.json
N3_class_31,239,2,P0/P1->2;P0/P2->1;P1/P2->0,four_site_watch2048.json
N3_class_31,240,0,P0/P1->2;P0/P2->1;P1/P2->0,four_site_watch2048.json
N3_class_31,241,2,P0/P1->2;P0/P2->1;P1/P2->0,four_site_watch2048.json
N3_class_31,242,2,P0/P1->2;P0/P2->1;P1/P2->0,four_site_watch2048.json
N3_class_31,243,1,P0/P1->2;P0/P2->1;P1/P2->0,four_site_watch2048.json
N3_class_31,244,2,P0/P1->2;P0/P2->1;P1/P2->0,four_site_watch2048.json
N3_class_31,245,1,P0/P1->2;P0/P2->1;P1/P2->0,four_site_watch2048.json
N3_class_31,246,0,P0/P1->2;P0/P2->1;P1/P2->0,four_site_watch2048.json
N3_class_31,247,1,P0/P1->2;P0/P2->1;P1/P2->0,four_site_watch2048.json
N3_class_31,248,0,P0/P1->2;P0/P2->1;P1/P2->0,four_site_watch2048.json
N3_class_31,249,0,P0/P1->2;P0/P2->1;P1/P2->0,four_site_watch2048.json
N3_class_31,250,1,P0/P1->2;P0/P2->1;P1/P2->0,four_site_watch2048.json
N3_class_31,251,0,P0/P1->2;P0/P2->1;P1/P2->0,four_site_watch2048.json
N3_class_31,252,1,P0/P1->2;P0/P2->1;P1/P2->0,four_site_watch2048.json
N3_class_31,253,0,P0/P1->2;P0/P2->1;P1/P2->0,four_site_watch2048.json
N3_class_31,254,0,P0/P1->2;P0/P2->1;P1/P2->0,four_site_watch2048.json
N3_class_31,255,1,P0/P1->2;P0/P2->1;P1/P2->0,four_site_watch2048.json
N3_class_31,256,2,P0/P1->2;P0/P2->1;P1/P2->0,four_site_watch2048.json
N3_class_31,257,0,P0/P1->2;P0/P2->1;P1/P2->0,four_site_watch2048.json
N3_class_31,258,1,P0/P1->2;P0/P2->1;P1/P2->0,four_site_watch2048.json
N3_class_31,259,1,P0/P1->2;P0/P2->1;P1/P2->0,four_site_watch2048.json
N3_class_31,260,0,P0/P1->2;P0/P2->1;P1/P2->0,four_site_watch2048.json
N3_class_31,261,1,P0/P1->2;P0/P2->1;P1/P2->0,four_site_watch2048.json
N3_class_31,262,2,P0/P1->2;P0/P2->1;P1/P2->0,four_site_watch2048.json
N3_class_31,263,2,P0/P1->2;P0/P2->1;P1/P2->0,four_site_watch2048.json
N3_class_31,264,1,P0/P1->2;P0/P2->1;P1/P2->0,four_site_watch2048.json
N3_class_31,265,2,P0/P1->2;P0/P2->1;P1/P2->0,four_site_watch2048.json
N3_class_31,266,2,P0/P1->2;P0/P2->1;P1/P2->0,four_site_watch2048.json
N3_class_31,267,0,P0/P1->2;P0/P2->1;P1/P2->0,four_site_watch2048.json
N3_class_31,268,2,P0/P1->2;P0/P2->1;P1/P2->0,four_site_watch2048.json
N3_class_31,269,2,P0/P1->2;P0/P2->1;P1/P2->0,four_site_watch2048.json
N3_class_31,270,2,P0/P1->2;P0/P2->1;P1/P2->0,four_site_watch2048.json
N3_class_31,271,0,P0/P1->2;P0/P2->1;P1/P2->0,four_site_watch2048.json
N3_class_31,272,2,P0/P1->2;P0/P2->1;P1/P2->0,four_site_watch2048.json
N3_class_31,273,0,P0/P1->2;P0/P2->1;P1/P2->0,four_site_watch2048.json
N3_class_31,274,1,P0/P1->2;P0/P2->1;P1/P2->0,four_site_watch2048.json
N3_class_31,275,1,P0/P1->2;P0/P2->1;P1/P2->0,four_site_watch2048.json
N3_class_31,276,2,P0/P1->2;P0/P2->1;P1/P2->0,four_site_watch2048.json
N3_class_31,277,2,P0/P1->2;P0/P2->1;P1/P2->0,four_site_watch2048.json
N3_class_31,278,1,P0/P1->2;P0/P2->1;P1/P2->0,four_site_watch2048.json
N3_class_31,279,1,P0/P1->2;P0/P2->1;P1/P2->0,four_site_watch2048.json
N3_class_31,280,2,P0/P1->2;P0/P2->1;P1/P2->0,four_site_watch2048.json
N3_class_31,281,0,P0/P1->2;P0/P2->1;P1/P2->0,four_site_watch2048.json
N3_class_31,282,2,P0/P1->2;P0/P2->1;P1/P2->0,four_site_watch2048.json
N3_class_31,283,2,P0/P1->2;P0/P2->1;P1/P2->0,four_site_watch2048.json
N3_class_31,284,1,P0/P1->2;P0/P2->1;P1/P2->0,four_site_watch2048.json
N3_class_31,285,2,P0/P1->2;P0/P2->1;P1/P2->0,four_site_watch2048.json
N3_class_31,286,1,P0/P1->2;P0/P2->1;P1/P2->0,four_site_watch2048.json
N3_class_31,287,2,P0/P1->2;P0/P2->1;P1/P2->0,four_site_watch2048.json
N3_class_31,288,1,P0/P1->2;P0/P2->1;P1/P2->0,four_site_watch2048.json
N3_class_31,289,2,P0/P1->2;P0/P2->1;P1/P2->0,four_site_watch2048.json
N3_class_31,290,0,P0/P1->2;P0/P2->1;P1/P2->0,four_site_watch2048.json
N3_class_31,291,1,P0/P1->2;P0/P2->1;P1/P2->0,four_site_watch2048.json
N3_class_31,292,1,P0/P1->2;P0/P2->1;P1/P2->0,four_site_watch2048.json
N3_class_31,293,0,P0/P1->2;P0/P2->1;P1/P2->0,four_site_watch2048.json
N3_class_31,294,2,P0/P1->2;P0/P2->1;P1/P2->0,four_site_watch2048.json
N3_class_31,295,1,P0/P1->2;P0/P2->1;P1/P2->0,four_site_watch2048.json
N3_class_31,296,2,P0/P1->2;P0/P2->1;P1/P2->0,four_site_watch2048.json
N3_class_31,297,2,P0/P1->2;P0/P2->1;P1/P2->0,four_site_watch2048.json
N3_class_31,298,1,P0/P1->2;P0/P2->1;P1/P2->0,four_site_watch2048.json
N3_class_31,299,1,P0/P1->2;P0/P2->1;P1/P2->0,four_site_watch2048.json
N3_class_31,300,0,P0/P1->2;P0/P2->1;P1/P2->0,four_site_watch2048.json
N3_class_31,301,2,P0/P1->2;P0/P2->1;P1/P2->0,four_site_watch2048.json
N3_class_31,302,2,P0/P1->2;P0/P2->1;P1/P2->0,four_site_watch2048.json
N3_class_31,303,2,P0/P1->2;P0/P2->1;P1/P2->0,four_site_watch2048.json
N3_class_31,304,2,P0/P1->2;P0/P2->1;P1/P2->0,four_site_watch2048.json
N3_class_31,305,1,P0/P1->2;P0/P2->1;P1/P2->0,four_site_watch2048.json
N3_class_31,306,2,P0/P1->2;P0/P2->1;P1/P2->0,four_site_watch2048.json
N3_class_31,307,2,P0/P1->2;P0/P2->1;P1/P2->0,four_site_watch2048.json
N3_class_31,308,2,P0/P1->2;P0/P2->1;P1/P2->0,four_site_watch2048.json
N3_class_31,309,1,P0/P1->2;P0/P2->1;P1/P2->0,four_site_watch2048.json
N3_class_31,310,1,P0/P1->2;P0/P2->1;P1/P2->0,four_site_watch2048.json
N3_class_31,311,2,P0/P1->2;P0/P2->1;P1/P2->0,four_site_watch2048.json
N3_class_31,312,0,P0/P1->2;P0/P2->1;P1/P2->0,four_site_watch2048.json
N3_class_31,313,1,P0/P1->2;P0/P2->1;P1/P2->0,four_site_watch2048.json
N3_class_31,314,0,P0/P1->2;P0/P2->1;P1/P2->0,four_site_watch2048.json
N3_class_31,315,2,P0/P1->2;P0/P2->1;P1/P2->0,four_site_watch2048.json
N3_class_31,316,2,P0/P1->2;P0/P2->1;P1/P2->0,four_site_watch2048.json
N3_class_31,317,0,P0/P1->2;P0/P2->1;P1/P2->0,four_site_watch2048.json
N3_class_31,318,1,P0/P1->2;P0/P2->1;P1/P2->0,four_site_watch2048.json
N3_class_31,319,1,P0/P1->2;P0/P2->1;P1/P2->0,four_site_watch2048.json
N3_class_31,320,1,P0/P1->2;P0/P2->1;P1/P2->0,four_site_watch2048.json
N3_class_31,321,2,P0/P1->2;P0/P2->1;P1/P2->0,four_site_watch2048.json
N3_class_31,322,0,P0/P1->2;P0/P2->1;P1/P2->0,four_site_watch2048.json
N3_class_31,323,2,P0/P1->2;P0/P2->1;P1/P2->0,four_site_watch2048.json
N3_class_31,324,0,P0/P1->2;P0/P2->1;P1/P2->0,four_site_watch2048.json
N3_class_31,325,0,P0/P1->2;P0/P2->1;P1/P2->0,four_site_watch2048.json
N3_class_31,326,2,P0/P1->2;P0/P2->1;P1/P2->0,four_site_watch2048.json
N3_class_31,327,1,P0/P1->2;P0/P2->1;P1/P2->0,four_site_watch2048.json
N3_class_31,328,2,P0/P1->2;P0/P2->1;P1/P2->0,four_site_watch2048.json
N3_class_31,329,1,P0/P1->2;P0/P2->1;P1/P2->0,four_site_watch2048.json
N3_class_31,330,0,P0/P1->2;P0/P2->1;P1/P2->0,four_site_watch2048.json
N3_class_31,331,2,P0/P1->2;P0/P2->1;P1/P2->0,four_site_watch2048.json
N3_class_31,332,2,P0/P1->2;P0/P2->1;P1/P2->0,four_site_watch2048.json
N3_class_31,333,2,P0/P1->2;P0/P2->1;P1/P2->0,four_site_watch2048.json
N3_class_31,334,0,P0/P1->2;P0/P2->1;P1/P2->0,four_site_watch2048.json
N3_class_31,335,2,P0/P1->2;P0/P2->1;P1/P2->0,four_site_watch2048.json
N3_class_31,336,0,P0/P1->2;P0/P2->1;P1/P2->0,four_site_watch2048.json
N3_class_31,337,0,P0/P1->2;P0/P2->1;P1/P2->0,four_site_watch2048.json
N3_class_31,338,0,P0/P1->2;P0/P2->1;P1/P2->0,four_site_watch2048.json
N3_class_31,339,2,P0/P1->2;P0/P2->1;P1/P2->0,four_site_watch2048.json
N3_class_31,340,0,P0/P1->2;P0/P2->1;P1/P2->0,four_site_watch2048.json
N3_class_31,341,2,P0/P1->2;P0/P2->1;P1/P2->0,four_site_watch2048.json
N3_class_31,342,1,P0/P1->2;P0/P2->1;P1/P2->0,four_site_watch2048.json
N3_class_31,343,1,P0/P1->2;P0/P2->1;P1/P2->0,four_site_watch2048.json
N3_class_31,344,2,P0/P1->2;P0/P2->1;P1/P2->0,four_site_watch2048.json
N3_class_31,345,0,P0/P1->2;P0/P2->1;P1/P2->0,four_site_watch2048.json
N3_class_31,346,0,P0/P1->2;P0/P2->1;P1/P2->0,four_site_watch2048.json
N3_class_31,347,2,P0/P1->2;P0/P2->1;P1/P2->0,four_site_watch2048.json
N3_class_31,348,1,P0/P1->2;P0/P2->1;P1/P2->0,four_site_watch2048.json
N3_class_31,349,0,P0/P1->2;P0/P2->1;P1/P2->0,four_site_watch2048.json
N3_class_31,350,1,P0/P1->2;P0/P2->1;P1/P2->0,four_site_watch2048.json
N3_class_31,351,0,P0/P1->2;P0/P2->1;P1/P2->0,four_site_watch2048.json
N3_class_31,352,2,P0/P1->2;P0/P2->1;P1/P2->0,four_site_watch2048.json
N3_class_31,353,1,P0/P1->2;P0/P2->1;P1/P2->0,four_site_watch2048.json
N3_class_31,354,2,P0/P1->2;P0/P2->1;P1/P2->0,four_site_watch2048.json
N3_class_31,355,1,P0/P1->2;P0/P2->1;P1/P2->0,four_site_watch2048.json
N3_class_31,356,1,P0/P1->2;P0/P2->1;P1/P2->0,four_site_watch2048.json
N3_class_31,357,0,P0/P1->2;P0/P2->1;P1/P2->0,four_site_watch2048.json
N3_class_31,358,2,P0/P1->2;P0/P2->1;P1/P2->0,four_site_watch2048.json
N3_class_31,359,0,P0/P1->2;P0/P2->1;P1/P2->0,four_site_watch2048.json
N3_class_31,360,2,P0/P1->2;P0/P2->1;P1/P2->0,four_site_watch2048.json
N3_class_31,361,1,P0/P1->2;P0/P2->1;P1/P2->0,four_site_watch2048.json
N3_class_31,362,2,P0/P1->2;P0/P2->1;P1/P2->0,four_site_watch2048.json
N3_class_31,363,0,P0/P1->2;P0/P2->1;P1/P2->0,four_site_watch2048.json
N3_class_31,364,0,P0/P1->2;P0/P2->1;P1/P2->0,four_site_watch2048.json
N3_class_31,365,1,P0/P1->2;P0/P2->1;P1/P2->0,four_site_watch2048.json
N3_class_31,366,2,P0/P1->2;P0/P2->1;P1/P2->0,four_site_watch2048.json
N3_class_31,367,1,P0/P1->2;P0/P2->1;P1/P2->0,four_site_watch2048.json
N3_class_31,368,1,P0/P1->2;P0/P2->1;P1/P2->0,four_site_watch2048.json
N3_class_31,369,1,P0/P1->2;P0/P2->1;P1/P2->0,four_site_watch2048.json
N3_class_31,370,2,P0/P1->2;P0/P2->1;P1/P2->0,four_site_watch2048.json
N3_class_31,371,0,P0/P1->2;P0/P2->1;P1/P2->0,four_site_watch2048.json
N3_class_31,372,2,P0/P1->2;P0/P2->1;P1/P2->0,four_site_watch2048.json
N3_class_31,373,2,P0/P1->2;P0/P2->1;P1/P2->0,four_site_watch2048.json
N3_class_31,374,0,P0/P1->2;P0/P2->1;P1/P2->0,four_site_watch2048.json
N3_class_31,375,2,P0/P1->2;P0/P2->1;P1/P2->0,four_site_watch2048.json
N3_class_31,376,0,P0/P1->2;P0/P2->1;P1/P2->0,four_site_watch2048.json
N3_class_31,377,1,P0/P1->2;P0/P2->1;P1/P2->0,four_site_watch2048.json
N3_class_31,378,1,P0/P1->2;P0/P2->1;P1/P2->0,four_site_watch2048.json
N3_class_31,379,0,P0/P1->2;P0/P2->1;P1/P2->0,four_site_watch2048.json
N3_class_31,380,2,P0/P1->2;P0/P2->1;P1/P2->0,four_site_watch2048.json
N3_class_31,381,0,P0/P1->2;P0/P2->1;P1/P2->0,four_site_watch2048.json
N3_class_31,382,1,P0/P1->2;P0/P2->1;P1/P2->0,four_site_watch2048.json
N3_class_31,383,2,P0/P1->2;P0/P2->1;P1/P2->0,four_site_watch2048.json
N3_class_31,384,1,P0/P1->2;P0/P2->1;P1/P2->0,four_site_watch2048.json
N3_class_31,385,2,P0/P1->2;P0/P2->1;P1/P2->0,four_site_watch2048.json
N3_class_31,386,1,P0/P1->2;P0/P2->1;P1/P2->0,four_site_watch2048.json
N3_class_31,387,2,P0/P1->2;P0/P2->1;P1/P2->0,four_site_watch2048.json
N3_class_31,388,1,P0/P1->2;P0/P2->1;P1/P2->0,four_site_watch2048.json
N3_class_31,389,1,P0/P1->2;P0/P2->1;P1/P2->0,four_site_watch2048.json
N3_class_31,390,0,P0/P1->2;P0/P2->1;P1/P2->0,four_site_watch2048.json
N3_class_31,391,1,P0/P1->2;P0/P2->1;P1/P2->0,four_site_watch2048.json
N3_class_31,392,2,P0/P1->2;P0/P2->1;P1/P2->0,four_site_watch2048.json
N3_class_31,393,1,P0/P1->2;P0/P2->1;P1/P2->0,four_site_watch2048.json
N3_class_31,394,1,P0/P1->2;P0/P2->1;P1/P2->0,four_site_watch2048.json
N3_class_31,395,1,P0/P1->2;P0/P2->1;P1/P2->0,four_site_watch2048.json
N3_class_31,396,0,P0/P1->2;P0/P2->1;P1/P2->0,four_site_watch2048.json
N3_class_31,397,0,P0/P1->2;P0/P2->1;P1/P2->0,four_site_watch2048.json
N3_class_31,398,0,P0/P1->2;P0/P2->1;P1/P2->0,four_site_watch2048.json
N3_class_31,399,2,P0/P1->2;P0/P2->1;P1/P2->0,four_site_watch2048.json
N3_class_31,400,0,P0/P1->2;P0/P2->1;P1/P2->0,four_site_watch2048.json
N3_class_31,401,2,P0/P1->2;P0/P2->1;P1/P2->0,four_site_watch2048.json
N3_class_31,402,1,P0/P1->2;P0/P2->1;P1/P2->0,four_site_watch2048.json
N3_class_31,403,0,P0/P1->2;P0/P2->1;P1/P2->0,four_site_watch2048.json
N3_class_31,404,0,P0/P1->2;P0/P2->1;P1/P2->0,four_site_watch2048.json
N3_class_31,405,0,P0/P1->2;P0/P2->1;P1/P2->0,four_site_watch2048.json
N3_class_31,406,1,P0/P1->2;P0/P2->1;P1/P2->0,four_site_watch2048.json
N3_class_31,407,0,P0/P1->2;P0/P2->1;P1/P2->0,four_site_watch2048.json
N3_class_31,408,2,P0/P1->2;P0/P2->1;P1/P2->0,four_site_watch2048.json
N3_class_31,409,1,P0/P1->2;P0/P2->1;P1/P2->0,four_site_watch2048.json
N3_class_31,410,2,P0/P1->2;P0/P2->1;P1/P2->0,four_site_watch2048.json
N3_class_31,411,1,P0/P1->2;P0/P2->1;P1/P2->0,four_site_watch2048.json
N3_class_31,412,2,P0/P1->2;P0/P2->1;P1/P2->0,four_site_watch2048.json
N3_class_31,413,1,P0/P1->2;P0/P2->1;P1/P2->0,four_site_watch2048.json
N3_class_31,414,2,P0/P1->2;P0/P2->1;P1/P2->0,four_site_watch2048.json
N3_class_31,415,2,P0/P1->2;P0/P2->1;P1/P2->0,four_site_watch2048.json
N3_class_31,416,1,P0/P1->2;P0/P2->1;P1/P2->0,four_site_watch2048.json
N3_class_31,417,2,P0/P1->2;P0/P2->1;P1/P2->0,four_site_watch2048.json
N3_class_31,418,0,P0/P1->2;P0/P2->1;P1/P2->0,four_site_watch2048.json
N3_class_31,419,1,P0/P1->2;P0/P2->1;P1/P2->0,four_site_watch2048.json
N3_class_31,420,0,P0/P1->2;P0/P2->1;P1/P2->0,four_site_watch2048.json
N3_class_31,421,1,P0/P1->2;P0/P2->1;P1/P2->0,four_site_watch2048.json
N3_class_31,422,0,P0/P1->2;P0/P2->1;P1/P2->0,four_site_watch2048.json
N3_class_31,423,2,P0/P1->2;P0/P2->1;P1/P2->0,four_site_watch2048.json
N3_class_31,424,0,P0/P1->2;P0/P2->1;P1/P2->0,four_site_watch2048.json
N3_class_31,425,2,P0/P1->2;P0/P2->1;P1/P2->0,four_site_watch2048.json
N3_class_31,426,1,P0/P1->2;P0/P2->1;P1/P2->0,four_site_watch2048.json
N3_class_31,427,2,P0/P1->2;P0/P2->1;P1/P2->0,four_site_watch2048.json
N3_class_31,428,0,P0/P1->2;P0/P2->1;P1/P2->0,four_site_watch2048.json
N3_class_31,429,2,P0/P1->2;P0/P2->1;P1/P2->0,four_site_watch2048.json
N3_class_31,430,1,P0/P1->2;P0/P2->1;P1/P2->0,four_site_watch2048.json
N3_class_31,431,0,P0/P1->2;P0/P2->1;P1/P2->0,four_site_watch2048.json
N3_class_31,432,1,P0/P1->2;P0/P2->1;P1/P2->0,four_site_watch2048.json
N3_class_31,433,1,P0/P1->2;P0/P2->1;P1/P2->0,four_site_watch2048.json
N3_class_31,434,2,P0/P1->2;P0/P2->1;P1/P2->0,four_site_watch2048.json
N3_class_31,435,0,P0/P1->2;P0/P2->1;P1/P2->0,four_site_watch2048.json
N3_class_31,436,0,P0/P1->2;P0/P2->1;P1/P2->0,four_site_watch2048.json
N3_class_31,437,2,P0/P1->2;P0/P2->1;P1/P2->0,four_site_watch2048.json
N3_class_31,438,2,P0/P1->2;P0/P2->1;P1/P2->0,four_site_watch2048.json
N3_class_31,439,1,P0/P1->2;P0/P2->1;P1/P2->0,four_site_watch2048.json
N3_class_31,440,1,P0/P1->2;P0/P2->1;P1/P2->0,four_site_watch2048.json
N3_class_31,441,1,P0/P1->2;P0/P2->1;P1/P2->0,four_site_watch2048.json
N3_class_31,442,1,P0/P1->2;P0/P2->1;P1/P2->0,four_site_watch2048.json
N3_class_31,443,0,P0/P1->2;P0/P2->1;P1/P2->0,four_site_watch2048.json
N3_class_31,444,2,P0/P1->2;P0/P2->1;P1/P2->0,four_site_watch2048.json
N3_class_31,445,1,P0/P1->2;P0/P2->1;P1/P2->0,four_site_watch2048.json
N3_class_31,446,1,P0/P1->2;P0/P2->1;P1/P2->0,four_site_watch2048.json
N3_class_31,447,1,P0/P1->2;P0/P2->1;P1/P2->0,four_site_watch2048.json
N3_class_31,448,2,P0/P1->2;P0/P2->1;P1/P2->0,four_site_watch2048.json
N3_class_31,449,1,P0/P1->2;P0/P2->1;P1/P2->0,four_site_watch2048.json
N3_class_31,450,2,P0/P1->2;P0/P2->1;P1/P2->0,four_site_watch2048.json
N3_class_31,451,1,P0/P1->2;P0/P2->1;P1/P2->0,four_site_watch2048.json
N3_class_31,452,1,P0/P1->2;P0/P2->1;P1/P2->0,four_site_watch2048.json
N3_class_31,453,2,P0/P1->2;P0/P2->1;P1/P2->0,four_site_watch2048.json
N3_class_31,454,1,P0/P1->2;P0/P2->1;P1/P2->0,four_site_watch2048.json
N3_class_31,455,1,P0/P1->2;P0/P2->1;P1/P2->0,four_site_watch2048.json
N3_class_31,456,2,P0/P1->2;P0/P2->1;P1/P2->0,four_site_watch2048.json
N3_class_31,457,0,P0/P1->2;P0/P2->1;P1/P2->0,four_site_watch2048.json
N3_class_31,458,2,P0/P1->2;P0/P2->1;P1/P2->0,four_site_watch2048.json
N3_class_31,459,2,P0/P1->2;P0/P2->1;P1/P2->0,four_site_watch2048.json
N3_class_31,460,2,P0/P1->2;P0/P2->1;P1/P2->0,four_site_watch2048.json
N3_class_31,461,1,P0/P1->2;P0/P2->1;P1/P2->0,four_site_watch2048.json
N3_class_31,462,0,P0/P1->2;P0/P2->1;P1/P2->0,four_site_watch2048.json
N3_class_31,463,1,P0/P1->2;P0/P2->1;P1/P2->0,four_site_watch2048.json
N3_class_31,464,2,P0/P1->2;P0/P2->1;P1/P2->0,four_site_watch2048.json
N3_class_31,465,1,P0/P1->2;P0/P2->1;P1/P2->0,four_site_watch2048.json
N3_class_31,466,2,P0/P1->2;P0/P2->1;P1/P2->0,four_site_watch2048.json
N3_class_31,467,0,P0/P1->2;P0/P2->1;P1/P2->0,four_site_watch2048.json
N3_class_31,468,2,P0/P1->2;P0/P2->1;P1/P2->0,four_site_watch2048.json
N3_class_31,469,0,P0/P1->2;P0/P2->1;P1/P2->0,four_site_watch2048.json
N3_class_31,470,0,P0/P1->2;P0/P2->1;P1/P2->0,four_site_watch2048.json
N3_class_31,471,2,P0/P1->2;P0/P2->1;P1/P2->0,four_site_watch2048.json
N3_class_31,472,2,P0/P1->2;P0/P2->1;P1/P2->0,four_site_watch2048.json
N3_class_31,473,0,P0/P1->2;P0/P2->1;P1/P2->0,four_site_watch2048.json
N3_class_31,474,0,P0/P1->2;P0/P2->1;P1/P2->0,four_site_watch2048.json
N3_class_31,475,1,P0/P1->2;P0/P2->1;P1/P2->0,four_site_watch2048.json
N3_class_31,476,2,P0/P1->2;P0/P2->1;P1/P2->0,four_site_watch2048.json
N3_class_31,477,2,P0/P1->2;P0/P2->1;P1/P2->0,four_site_watch2048.json
N3_class_31,478,1,P0/P1->2;P0/P2->1;P1/P2->0,four_site_watch2048.json
N3_class_31,479,0,P0/P1->2;P0/P2->1;P1/P2->0,four_site_watch2048.json
N3_class_31,480,1,P0/P1->2;P0/P2->1;P1/P2->0,four_site_watch2048.json
N3_class_31,481,1,P0/P1->2;P0/P2->1;P1/P2->0,four_site_watch2048.json
N3_class_31,482,0,P0/P1->2;P0/P2->1;P1/P2->0,four_site_watch2048.json
N3_class_31,483,2,P0/P1->2;P0/P2->1;P1/P2->0,four_site_watch2048.json
N3_class_31,484,0,P0/P1->2;P0/P2->1;P1/P2->0,four_site_watch2048.json
N3_class_31,485,2,P0/P1->2;P0/P2->1;P1/P2->0,four_site_watch2048.json
N3_class_31,486,1,P0/P1->2;P0/P2->1;P1/P2->0,four_site_watch2048.json
N3_class_31,487,2,P0/P1->2;P0/P2->1;P1/P2->0,four_site_watch2048.json
N3_class_31,488,2,P0/P1->2;P0/P2->1;P1/P2->0,four_site_watch2048.json
N3_class_31,489,2,P0/P1->2;P0/P2->1;P1/P2->0,four_site_watch2048.json
N3_class_31,490,2,P0/P1->2;P0/P2->1;P1/P2->0,four_site_watch2048.json
N3_class_31,491,1,P0/P1->2;P0/P2->1;P1/P2->0,four_site_watch2048.json
N3_class_31,492,2,P0/P1->2;P0/P2->1;P1/P2->0,four_site_watch2048.json
N3_class_31,493,2,P0/P1->2;P0/P2->1;P1/P2->0,four_site_watch2048.json
N3_class_31,494,2,P0/P1->2;P0/P2->1;P1/P2->0,four_site_watch2048.json
N3_class_31,495,2,P0/P1->2;P0/P2->1;P1/P2->0,four_site_watch2048.json
N3_class_31,496,2,P0/P1->2;P0/P2->1;P1/P2->0,four_site_watch2048.json
N3_class_31,497,2,P0/P1->2;P0/P2->1;P1/P2->0,four_site_watch2048.json
N3_class_31,498,2,P0/P1->2;P0/P2->1;P1/P2->0,four_site_watch2048.json
N3_class_31,499,1,P0/P1->2;P0/P2->1;P1/P2->0,four_site_watch2048.json
N3_class_31,500,0,P0/P1->2;P0/P2->1;P1/P2->0,four_site_watch2048.json
N3_class_31,501,1,P0/P1->2;P0/P2->1;P1/P2->0,four_site_watch2048.json
N3_class_31,502,1,P0/P1->2;P0/P2->1;P1/P2->0,four_site_watch2048.json
N3_class_31,503,0,P0/P1->2;P0/P2->1;P1/P2->0,four_site_watch2048.json
N3_class_31,504,2,P0/P1->2;P0/P2->1;P1/P2->0,four_site_watch2048.json
N3_class_31,505,1,P0/P1->2;P0/P2->1;P1/P2->0,four_site_watch2048.json
N3_class_31,506,1,P0/P1->2;P0/P2->1;P1/P2->0,four_site_watch2048.json
N3_class_31,507,1,P0/P1->2;P0/P2->1;P1/P2->0,four_site_watch2048.json
N3_class_31,508,0,P0/P1->2;P0/P2->1;P1/P2->0,four_site_watch2048.json
N3_class_31,509,1,P0/P1->2;P0/P2->1;P1/P2->0,four_site_watch2048.json
N3_class_31,510,2,P0/P1->2;P0/P2->1;P1/P2->0,four_site_watch2048.json
N3_class_31,511,2,P0/P1->2;P0/P2->1;P1/P2->0,four_site_watch2048.json
N3_class_31,512,2,P0/P1->2;P0/P2->1;P1/P2->0,four_site_watch2048.json
N3_class_31,513,0,P0/P1->2;P0/P2->1;P1/P2->0,four_site_watch2048.json
N3_class_31,514,2,P0/P1->2;P0/P2->1;P1/P2->0,four_site_watch2048.json
N3_class_31,515,1,P0/P1->2;P0/P2->1;P1/P2->0,four_site_watch2048.json
N3_class_31,516,2,P0/P1->2;P0/P2->1;P1/P2->0,four_site_watch2048.json
N3_class_31,517,1,P0/P1->2;P0/P2->1;P1/P2->0,four_site_watch2048.json
N3_class_31,518,2,P0/P1->2;P0/P2->1;P1/P2->0,four_site_watch2048.json
N3_class_31,519,2,P0/P1->2;P0/P2->1;P1/P2->0,four_site_watch2048.json
N3_class_31,520,1,P0/P1->2;P0/P2->1;P1/P2->0,four_site_watch2048.json
N3_class_31,521,2,P0/P1->2;P0/P2->1;P1/P2->0,four_site_watch2048.json
N3_class_31,522,2,P0/P1->2;P0/P2->1;P1/P2->0,four_site_watch2048.json
N3_class_31,523,0,P0/P1->2;P0/P2->1;P1/P2->0,four_site_watch2048.json
N3_class_31,524,0,P0/P1->2;P0/P2->1;P1/P2->0,four_site_watch2048.json
N3_class_31,525,2,P0/P1->2;P0/P2->1;P1/P2->0,four_site_watch2048.json
N3_class_31,526,2,P0/P1->2;P0/P2->1;P1/P2->0,four_site_watch2048.json
N3_class_31,527,2,P0/P1->2;P0/P2->1;P1/P2->0,four_site_watch2048.json
N3_class_31,528,0,P0/P1->2;P0/P2->1;P1/P2->0,four_site_watch2048.json
N3_class_31,529,2,P0/P1->2;P0/P2->1;P1/P2->0,four_site_watch2048.json
N3_class_31,530,0,P0/P1->2;P0/P2->1;P1/P2->0,four_site_watch2048.json
N3_class_31,531,2,P0/P1->2;P0/P2->1;P1/P2->0,four_site_watch2048.json
N3_class_31,532,0,P0/P1->2;P0/P2->1;P1/P2->0,four_site_watch2048.json
N3_class_31,533,2,P0/P1->2;P0/P2->1;P1/P2->0,four_site_watch2048.json
N3_class_31,534,0,P0/P1->2;P0/P2->1;P1/P2->0,four_site_watch2048.json
N3_class_31,535,2,P0/P1->2;P0/P2->1;P1/P2->0,four_site_watch2048.json
N3_class_31,536,2,P0/P1->2;P0/P2->1;P1/P2->0,four_site_watch2048.json
N3_class_31,537,1,P0/P1->2;P0/P2->1;P1/P2->0,four_site_watch2048.json
N3_class_31,538,0,P0/P1->2;P0/P2->1;P1/P2->0,four_site_watch2048.json
N3_class_31,539,2,P0/P1->2;P0/P2->1;P1/P2->0,four_site_watch2048.json
N3_class_31,540,0,P0/P1->2;P0/P2->1;P1/P2->0,four_site_watch2048.json
N3_class_31,541,1,P0/P1->2;P0/P2->1;P1/P2->0,four_site_watch2048.json
N3_class_31,542,0,P0/P1->2;P0/P2->1;P1/P2->0,four_site_watch2048.json
N3_class_31,543,0,P0/P1->2;P0/P2->1;P1/P2->0,four_site_watch2048.json
N3_class_31,544,2,P0/P1->2;P0/P2->1;P1/P2->0,four_site_watch2048.json
N3_class_31,545,2,P0/P1->2;P0/P2->1;P1/P2->0,four_site_watch2048.json
N3_class_31,546,0,P0/P1->2;P0/P2->1;P1/P2->0,four_site_watch2048.json
N3_class_31,547,1,P0/P1->2;P0/P2->1;P1/P2->0,four_site_watch2048.json
N3_class_31,548,2,P0/P1->2;P0/P2->1;P1/P2->0,four_site_watch2048.json
N3_class_31,549,2,P0/P1->2;P0/P2->1;P1/P2->0,four_site_watch2048.json
N3_class_31,550,1,P0/P1->2;P0/P2->1;P1/P2->0,four_site_watch2048.json
N3_class_31,551,0,P0/P1->2;P0/P2->1;P1/P2->0,four_site_watch2048.json
N3_class_31,552,2,P0/P1->2;P0/P2->1;P1/P2->0,four_site_watch2048.json
N3_class_31,553,0,P0/P1->2;P0/P2->1;P1/P2->0,four_site_watch2048.json
N3_class_31,554,1,P0/P1->2;P0/P2->1;P1/P2->0,four_site_watch2048.json
N3_class_31,555,1,P0/P1->2;P0/P2->1;P1/P2->0,four_site_watch2048.json
N3_class_31,556,2,P0/P1->2;P0/P2->1;P1/P2->0,four_site_watch2048.json
N3_class_31,557,0,P0/P1->2;P0/P2->1;P1/P2->0,four_site_watch2048.json
N3_class_31,558,0,P0/P1->2;P0/P2->1;P1/P2->0,four_site_watch2048.json
N3_class_31,559,2,P0/P1->2;P0/P2->1;P1/P2->0,four_site_watch2048.json
N3_class_31,560,0,P0/P1->2;P0/P2->1;P1/P2->0,four_site_watch2048.json
N3_class_31,561,0,P0/P1->2;P0/P2->1;P1/P2->0,four_site_watch2048.json
N3_class_31,562,1,P0/P1->2;P0/P2->1;P1/P2->0,four_site_watch2048.json
N3_class_31,563,2,P0/P1->2;P0/P2->1;P1/P2->0,four_site_watch2048.json
N3_class_31,564,0,P0/P1->2;P0/P2->1;P1/P2->0,four_site_watch2048.json
N3_class_31,565,2,P0/P1->2;P0/P2->1;P1/P2->0,four_site_watch2048.json
N3_class_31,566,2,P0/P1->2;P0/P2->1;P1/P2->0,four_site_watch2048.json
N3_class_31,567,1,P0/P1->2;P0/P2->1;P1/P2->0,four_site_watch2048.json
N3_class_31,568,1,P0/P1->2;P0/P2->1;P1/P2->0,four_site_watch2048.json
N3_class_31,569,2,P0/P1->2;P0/P2->1;P1/P2->0,four_site_watch2048.json
N3_class_31,570,0,P0/P1->2;P0/P2->1;P1/P2->0,four_site_watch2048.json
N3_class_31,571,1,P0/P1->2;P0/P2->1;P1/P2->0,four_site_watch2048.json
N3_class_31,572,2,P0/P1->2;P0/P2->1;P1/P2->0,four_site_watch2048.json
N3_class_31,573,0,P0/P1->2;P0/P2->1;P1/P2->0,four_site_watch2048.json
N3_class_31,574,0,P0/P1->2;P0/P2->1;P1/P2->0,four_site_watch2048.json
N3_class_31,575,2,P0/P1->2;P0/P2->1;P1/P2->0,four_site_watch2048.json
N3_class_31,576,0,P0/P1->2;P0/P2->1;P1/P2->0,four_site_watch2048.json
N3_class_31,577,1,P0/P1->2;P0/P2->1;P1/P2->0,four_site_watch2048.json
N3_class_31,578,2,P0/P1->2;P0/P2->1;P1/P2->0,four_site_watch2048.json
N3_class_31,579,1,P0/P1->2;P0/P2->1;P1/P2->0,four_site_watch2048.json
N3_class_31,580,0,P0/P1->2;P0/P2->1;P1/P2->0,four_site_watch2048.json
N3_class_31,581,0,P0/P1->2;P0/P2->1;P1/P2->0,four_site_watch2048.json
N3_class_31,582,2,P0/P1->2;P0/P2->1;P1/P2->0,four_site_watch2048.json
N3_class_31,583,0,P0/P1->2;P0/P2->1;P1/P2->0,four_site_watch2048.json
N3_class_31,584,1,P0/P1->2;P0/P2->1;P1/P2->0,four_site_watch2048.json
N3_class_31,585,1,P0/P1->2;P0/P2->1;P1/P2->0,four_site_watch2048.json
N3_class_31,586,0,P0/P1->2;P0/P2->1;P1/P2->0,four_site_watch2048.json
N3_class_31,587,2,P0/P1->2;P0/P2->1;P1/P2->0,four_site_watch2048.json
N3_class_31,588,1,P0/P1->2;P0/P2->1;P1/P2->0,four_site_watch2048.json
N3_class_31,589,2,P0/P1->2;P0/P2->1;P1/P2->0,four_site_watch2048.json
N3_class_31,590,1,P0/P1->2;P0/P2->1;P1/P2->0,four_site_watch2048.json
N3_class_31,591,0,P0/P1->2;P0/P2->1;P1/P2->0,four_site_watch2048.json
N3_class_31,592,0,P0/P1->2;P0/P2->1;P1/P2->0,four_site_watch2048.json
N3_class_31,593,1,P0/P1->2;P0/P2->1;P1/P2->0,four_site_watch2048.json
N3_class_31,594,1,P0/P1->2;P0/P2->1;P1/P2->0,four_site_watch2048.json
N3_class_31,595,2,P0/P1->2;P0/P2->1;P1/P2->0,four_site_watch2048.json
N3_class_31,596,2,P0/P1->2;P0/P2->1;P1/P2->0,four_site_watch2048.json
N3_class_31,597,2,P0/P1->2;P0/P2->1;P1/P2->0,four_site_watch2048.json
N3_class_31,598,0,P0/P1->2;P0/P2->1;P1/P2->0,four_site_watch2048.json
N3_class_31,599,0,P0/P1->2;P0/P2->1;P1/P2->0,four_site_watch2048.json
N3_class_31,600,1,P0/P1->2;P0/P2->1;P1/P2->0,four_site_watch2048.json
N3_class_31,601,2,P0/P1->2;P0/P2->1;P1/P2->0,four_site_watch2048.json
N3_class_31,602,0,P0/P1->2;P0/P2->1;P1/P2->0,four_site_watch2048.json
N3_class_31,603,0,P0/P1->2;P0/P2->1;P1/P2->0,four_site_watch2048.json
N3_class_31,604,0,P0/P1->2;P0/P2->1;P1/P2->0,four_site_watch2048.json
N3_class_31,605,2,P0/P1->2;P0/P2->1;P1/P2->0,four_site_watch2048.json
N3_class_31,606,2,P0/P1->2;P0/P2->1;P1/P2->0,four_site_watch2048.json
N3_class_31,607,0,P0/P1->2;P0/P2->1;P1/P2->0,four_site_watch2048.json
N3_class_31,608,0,P0/P1->2;P0/P2->1;P1/P2->0,four_site_watch2048.json
N3_class_31,609,1,P0/P1->2;P0/P2->1;P1/P2->0,four_site_watch2048.json
N3_class_31,610,2,P0/P1->2;P0/P2->1;P1/P2->0,four_site_watch2048.json
N3_class_31,611,2,P0/P1->2;P0/P2->1;P1/P2->0,four_site_watch2048.json
N3_class_31,612,1,P0/P1->2;P0/P2->1;P1/P2->0,four_site_watch2048.json
N3_class_31,613,0,P0/P1->2;P0/P2->1;P1/P2->0,four_site_watch2048.json
N3_class_31,614,0,P0/P1->2;P0/P2->1;P1/P2->0,four_site_watch2048.json
N3_class_31,615,1,P0/P1->2;P0/P2->1;P1/P2->0,four_site_watch2048.json
N3_class_31,616,1,P0/P1->2;P0/P2->1;P1/P2->0,four_site_watch2048.json
N3_class_31,617,1,P0/P1->2;P0/P2->1;P1/P2->0,four_site_watch2048.json
N3_class_31,618,1,P0/P1->2;P0/P2->1;P1/P2->0,four_site_watch2048.json
N3_class_31,619,2,P0/P1->2;P0/P2->1;P1/P2->0,four_site_watch2048.json
N3_class_31,620,0,P0/P1->2;P0/P2->1;P1/P2->0,four_site_watch2048.json
N3_class_31,621,0,P0/P1->2;P0/P2->1;P1/P2->0,four_site_watch2048.json
N3_class_31,622,1,P0/P1->2;P0/P2->1;P1/P2->0,four_site_watch2048.json
N3_class_31,623,0,P0/P1->2;P0/P2->1;P1/P2->0,four_site_watch2048.json
N3_class_31,624,0,P0/P1->2;P0/P2->1;P1/P2->0,four_site_watch2048.json
N3_class_31,625,1,P0/P1->2;P0/P2->1;P1/P2->0,four_site_watch2048.json
N3_class_31,626,0,P0/P1->2;P0/P2->1;P1/P2->0,four_site_watch2048.json
N3_class_31,627,2,P0/P1->2;P0/P2->1;P1/P2->0,four_site_watch2048.json
N3_class_31,628,1,P0/P1->2;P0/P2->1;P1/P2->0,four_site_watch2048.json
N3_class_31,629,2,P0/P1->2;P0/P2->1;P1/P2->0,four_site_watch2048.json
N3_class_31,630,0,P0/P1->2;P0/P2->1;P1/P2->0,four_site_watch2048.json
N3_class_31,631,0,P0/P1->2;P0/P2->1;P1/P2->0,four_site_watch2048.json
N3_class_31,632,0,P0/P1->2;P0/P2->1;P1/P2->0,four_site_watch2048.json
N3_class_31,633,0,P0/P1->2;P0/P2->1;P1/P2->0,four_site_watch2048.json
N3_class_31,634,2,P0/P1->2;P0/P2->1;P1/P2->0,four_site_watch2048.json
N3_class_31,635,1,P0/P1->2;P0/P2->1;P1/P2->0,four_site_watch2048.json
N3_class_31,636,0,P0/P1->2;P0/P2->1;P1/P2->0,four_site_watch2048.json
N3_class_31,637,1,P0/P1->2;P0/P2->1;P1/P2->0,four_site_watch2048.json
N3_class_31,638,2,P0/P1->2;P0/P2->1;P1/P2->0,four_site_watch2048.json
N3_class_31,639,0,P0/P1->2;P0/P2->1;P1/P2->0,four_site_watch2048.json
N3_class_31,640,2,P0/P1->2;P0/P2->1;P1/P2->0,four_site_watch2048.json
N3_class_31,641,1,P0/P1->2;P0/P2->1;P1/P2->0,four_site_watch2048.json
N3_class_31,642,2,P0/P1->2;P0/P2->1;P1/P2->0,four_site_watch2048.json
N3_class_31,643,1,P0/P1->2;P0/P2->1;P1/P2->0,four_site_watch2048.json
N3_class_31,644,0,P0/P1->2;P0/P2->1;P1/P2->0,four_site_watch2048.json
N3_class_31,645,0,P0/P1->2;P0/P2->1;P1/P2->0,four_site_watch2048.json
N3_class_31,646,0,P0/P1->2;P0/P2->1;P1/P2->0,four_site_watch2048.json
N3_class_31,647,1,P0/P1->2;P0/P2->1;P1/P2->0,four_site_watch2048.json
N3_class_31,648,0,P0/P1->2;P0/P2->1;P1/P2->0,four_site_watch2048.json
N3_class_31,649,2,P0/P1->2;P0/P2->1;P1/P2->0,four_site_watch2048.json
N3_class_31,650,2,P0/P1->2;P0/P2->1;P1/P2->0,four_site_watch2048.json
N3_class_31,651,0,P0/P1->2;P0/P2->1;P1/P2->0,four_site_watch2048.json
N3_class_31,652,1,P0/P1->2;P0/P2->1;P1/P2->0,four_site_watch2048.json
N3_class_31,653,2,P0/P1->2;P0/P2->1;P1/P2->0,four_site_watch2048.json
N3_class_31,654,0,P0/P1->2;P0/P2->1;P1/P2->0,four_site_watch2048.json
N3_class_31,655,0,P0/P1->2;P0/P2->1;P1/P2->0,four_site_watch2048.json
N3_class_31,656,1,P0/P1->2;P0/P2->1;P1/P2->0,four_site_watch2048.json
N3_class_31,657,1,P0/P1->2;P0/P2->1;P1/P2->0,four_site_watch2048.json
N3_class_31,658,2,P0/P1->2;P0/P2->1;P1/P2->0,four_site_watch2048.json
N3_class_31,659,0,P0/P1->2;P0/P2->1;P1/P2->0,four_site_watch2048.json
N3_class_31,660,0,P0/P1->2;P0/P2->1;P1/P2->0,four_site_watch2048.json
N3_class_31,661,0,P0/P1->2;P0/P2->1;P1/P2->0,four_site_watch2048.json
N3_class_31,662,0,P0/P1->2;P0/P2->1;P1/P2->0,four_site_watch2048.json
N3_class_31,663,2,P0/P1->2;P0/P2->1;P1/P2->0,four_site_watch2048.json
N3_class_31,664,1,P0/P1->2;P0/P2->1;P1/P2->0,four_site_watch2048.json
N3_class_31,665,1,P0/P1->2;P0/P2->1;P1/P2->0,four_site_watch2048.json
N3_class_31,666,2,P0/P1->2;P0/P2->1;P1/P2->0,four_site_watch2048.json
N3_class_31,667,1,P0/P1->2;P0/P2->1;P1/P2->0,four_site_watch2048.json
N3_class_31,668,2,P0/P1->2;P0/P2->1;P1/P2->0,four_site_watch2048.json
N3_class_31,669,1,P0/P1->2;P0/P2->1;P1/P2->0,four_site_watch2048.json
N3_class_31,670,1,P0/P1->2;P0/P2->1;P1/P2->0,four_site_watch2048.json
N3_class_31,671,0,P0/P1->2;P0/P2->1;P1/P2->0,four_site_watch2048.json
N3_class_31,672,0,P0/P1->2;P0/P2->1;P1/P2->0,four_site_watch2048.json
N3_class_31,673,1,P0/P1->2;P0/P2->1;P1/P2->0,four_site_watch2048.json
N3_class_31,674,1,P0/P1->2;P0/P2->1;P1/P2->0,four_site_watch2048.json
N3_class_31,675,0,P0/P1->2;P0/P2->1;P1/P2->0,four_site_watch2048.json
N3_class_31,676,2,P0/P1->2;P0/P2->1;P1/P2->0,four_site_watch2048.json
N3_class_31,677,0,P0/P1->2;P0/P2->1;P1/P2->0,four_site_watch2048.json
N3_class_31,678,1,P0/P1->2;P0/P2->1;P1/P2->0,four_site_watch2048.json
N3_class_31,679,1,P0/P1->2;P0/P2->1;P1/P2->0,four_site_watch2048.json
N3_class_31,680,0,P0/P1->2;P0/P2->1;P1/P2->0,four_site_watch2048.json
N3_class_31,681,0,P0/P1->2;P0/P2->1;P1/P2->0,four_site_watch2048.json
N3_class_31,682,0,P0/P1->2;P0/P2->1;P1/P2->0,four_site_watch2048.json
N3_class_31,683,1,P0/P1->2;P0/P2->1;P1/P2->0,four_site_watch2048.json
N3_class_31,684,2,P0/P1->2;P0/P2->1;P1/P2->0,four_site_watch2048.json
N3_class_31,685,0,P0/P1->2;P0/P2->1;P1/P2->0,four_site_watch2048.json
N3_class_31,686,0,P0/P1->2;P0/P2->1;P1/P2->0,four_site_watch2048.json
N3_class_31,687,0,P0/P1->2;P0/P2->1;P1/P2->0,four_site_watch2048.json
N3_class_31,688,2,P0/P1->2;P0/P2->1;P1/P2->0,four_site_watch2048.json
N3_class_31,689,1,P0/P1->2;P0/P2->1;P1/P2->0,four_site_watch2048.json
N3_class_31,690,0,P0/P1->2;P0/P2->1;P1/P2->0,four_site_watch2048.json
N3_class_31,691,2,P0/P1->2;P0/P2->1;P1/P2->0,four_site_watch2048.json
N3_class_31,692,0,P0/P1->2;P0/P2->1;P1/P2->0,four_site_watch2048.json
N3_class_31,693,2,P0/P1->2;P0/P2->1;P1/P2->0,four_site_watch2048.json
N3_class_31,694,0,P0/P1->2;P0/P2->1;P1/P2->0,four_site_watch2048.json
N3_class_31,695,1,P0/P1->2;P0/P2->1;P1/P2->0,four_site_watch2048.json
N3_class_31,696,1,P0/P1->2;P0/P2->1;P1/P2->0,four_site_watch2048.json
N3_class_31,697,0,P0/P1->2;P0/P2->1;P1/P2->0,four_site_watch2048.json
N3_class_31,698,1,P0/P1->2;P0/P2->1;P1/P2->0,four_site_watch2048.json
N3_class_31,699,2,P0/P1->2;P0/P2->1;P1/P2->0,four_site_watch2048.json
N3_class_31,700,2,P0/P1->2;P0/P2->1;P1/P2->0,four_site_watch2048.json
N3_class_31,701,0,P0/P1->2;P0/P2->1;P1/P2->0,four_site_watch2048.json
N3_class_31,702,2,P0/P1->2;P0/P2->1;P1/P2->0,four_site_watch2048.json
N3_class_31,703,1,P0/P1->2;P0/P2->1;P1/P2->0,four_site_watch2048.json
N3_class_31,704,2,P0/P1->2;P0/P2->1;P1/P2->0,four_site_watch2048.json
N3_class_31,705,0,P0/P1->2;P0/P2->1;P1/P2->0,four_site_watch2048.json
N3_class_31,706,2,P0/P1->2;P0/P2->1;P1/P2->0,four_site_watch2048.json
N3_class_31,707,1,P0/P1->2;P0/P2->1;P1/P2->0,four_site_watch2048.json
N3_class_31,708,2,P0/P1->2;P0/P2->1;P1/P2->0,four_site_watch2048.json
N3_class_31,709,1,P0/P1->2;P0/P2->1;P1/P2->0,four_site_watch2048.json
N3_class_31,710,0,P0/P1->2;P0/P2->1;P1/P2->0,four_site_watch2048.json
N3_class_31,711,1,P0/P1->2;P0/P2->1;P1/P2->0,four_site_watch2048.json
N3_class_32,0,0,P0/P1->1;P0/P2->2;P1/P2->0,four_site_watch2048.json
N3_class_08,0,0,P0/P1->1;P0/P2->2;P1/P2->0,class_08_continuation_to_cap128.json
N3_class_08,1,1,P0/P1->1;P0/P2->2;P1/P2->0,class_08_continuation_to_cap128.json
N3_class_08,2,2,P0/P1->1;P0/P2->2;P1/P2->0,class_08_continuation_to_cap128.json
N3_class_08,3,0,P0/P1->1;P0/P2->2;P1/P2->0,class_08_continuation_to_cap128.json
N3_class_08,4,0,P0/P1->1;P0/P2->2;P1/P2->0,class_08_continuation_to_cap128.json
N3_class_08,5,2,P0/P1->1;P0/P2->2;P1/P2->0,class_08_continuation_to_cap128.json
N3_class_08,6,0,P0/P1->1;P0/P2->2;P1/P2->0,class_08_continuation_to_cap128.json
N3_class_08,7,0,P0/P1->1;P0/P2->2;P1/P2->0,class_08_continuation_to_cap128.json
N3_class_08,8,0,P0/P1->1;P0/P2->2;P1/P2->0,class_08_continuation_to_cap128.json
N3_class_08,9,1,P0/P1->1;P0/P2->2;P1/P2->0,class_08_continuation_to_cap128.json
N3_class_08,10,0,P0/P1->1;P0/P2->2;P1/P2->0,class_08_continuation_to_cap128.json
N3_class_08,11,1,P0/P1->1;P0/P2->2;P1/P2->0,class_08_continuation_to_cap128.json
N3_class_08,12,0,P0/P1->1;P0/P2->2;P1/P2->0,class_08_continuation_to_cap128.json
N3_class_08,13,1,P0/P1->1;P0/P2->2;P1/P2->0,class_08_continuation_to_cap128.json
N3_class_08,14,2,P0/P1->1;P0/P2->2;P1/P2->0,class_08_continuation_to_cap128.json
N3_class_08,15,1,P0/P1->1;P0/P2->2;P1/P2->0,class_08_continuation_to_cap128.json
N3_class_08,16,2,P0/P1->1;P0/P2->2;P1/P2->0,class_08_continuation_to_cap128.json
N3_class_08,17,1,P0/P1->1;P0/P2->2;P1/P2->0,class_08_continuation_to_cap128.json
N3_class_08,18,1,P0/P1->1;P0/P2->2;P1/P2->0,class_08_continuation_to_cap128.json
N3_class_08,19,2,P0/P1->1;P0/P2->2;P1/P2->0,class_08_continuation_to_cap128.json
N3_class_08,20,2,P0/P1->1;P0/P2->2;P1/P2->0,class_08_continuation_to_cap128.json
N3_class_08,21,1,P0/P1->1;P0/P2->2;P1/P2->0,class_08_continuation_to_cap128.json
N3_class_08,22,0,P0/P1->1;P0/P2->2;P1/P2->0,class_08_continuation_to_cap128.json
N3_class_08,23,2,P0/P1->1;P0/P2->2;P1/P2->0,class_08_continuation_to_cap128.json
N3_class_08,24,1,P0/P1->1;P0/P2->2;P1/P2->0,class_08_continuation_to_cap128.json
N3_class_08,25,2,P0/P1->1;P0/P2->2;P1/P2->0,class_08_continuation_to_cap128.json
N3_class_08,26,0,P0/P1->1;P0/P2->2;P1/P2->0,class_08_continuation_to_cap128.json
N3_class_08,27,1,P0/P1->1;P0/P2->2;P1/P2->0,class_08_continuation_to_cap128.json
N3_class_08,28,1,P0/P1->1;P0/P2->2;P1/P2->0,class_08_continuation_to_cap128.json
N3_class_08,29,0,P0/P1->1;P0/P2->2;P1/P2->0,class_08_continuation_to_cap128.json
N3_class_08,30,0,P0/P1->1;P0/P2->2;P1/P2->0,class_08_continuation_to_cap128.json
N3_class_08,31,2,P0/P1->1;P0/P2->2;P1/P2->0,class_08_continuation_to_cap128.json
N3_class_08,32,1,P0/P1->1;P0/P2->2;P1/P2->0,class_08_continuation_to_cap128.json
N3_class_08,33,1,P0/P1->1;P0/P2->2;P1/P2->0,class_08_continuation_to_cap128.json
N3_class_08,34,2,P0/P1->1;P0/P2->2;P1/P2->0,class_08_continuation_to_cap128.json
N3_class_08,35,1,P0/P1->1;P0/P2->2;P1/P2->0,class_08_continuation_to_cap128.json
N3_class_08,36,0,P0/P1->1;P0/P2->2;P1/P2->0,class_08_continuation_to_cap128.json
N3_class_08,37,1,P0/P1->1;P0/P2->2;P1/P2->0,class_08_continuation_to_cap128.json
N3_class_08,38,2,P0/P1->1;P0/P2->2;P1/P2->0,class_08_continuation_to_cap128.json
N3_class_08,39,1,P0/P1->1;P0/P2->2;P1/P2->0,class_08_continuation_to_cap128.json
N3_class_08,40,1,P0/P1->1;P0/P2->2;P1/P2->0,class_08_continuation_to_cap128.json
N3_class_08,41,2,P0/P1->1;P0/P2->2;P1/P2->0,class_08_continuation_to_cap128.json
N3_class_08,42,1,P0/P1->1;P0/P2->2;P1/P2->0,class_08_continuation_to_cap128.json
N3_class_08,43,0,P0/P1->1;P0/P2->2;P1/P2->0,class_08_continuation_to_cap128.json
N3_class_08,44,0,P0/P1->1;P0/P2->2;P1/P2->0,class_08_continuation_to_cap128.json
N3_class_08,45,2,P0/P1->1;P0/P2->2;P1/P2->0,class_08_continuation_to_cap128.json
N3_class_08,46,2,P0/P1->1;P0/P2->2;P1/P2->0,class_08_continuation_to_cap128.json
N3_class_08,47,0,P0/P1->1;P0/P2->2;P1/P2->0,class_08_continuation_to_cap128.json
N3_class_08,48,2,P0/P1->1;P0/P2->2;P1/P2->0,class_08_continuation_to_cap128.json
N3_class_08,49,2,P0/P1->1;P0/P2->2;P1/P2->0,class_08_continuation_to_cap128.json
N3_class_08,50,2,P0/P1->1;P0/P2->2;P1/P2->0,class_08_continuation_to_cap128.json
N3_class_08,51,2,P0/P1->1;P0/P2->2;P1/P2->0,class_08_continuation_to_cap128.json
N3_class_08,52,2,P0/P1->1;P0/P2->2;P1/P2->0,class_08_continuation_to_cap128.json
N3_class_08,53,2,P0/P1->1;P0/P2->2;P1/P2->0,class_08_continuation_to_cap128.json
N3_class_08,54,1,P0/P1->1;P0/P2->2;P1/P2->0,class_08_continuation_to_cap128.json
N3_class_08,55,2,P0/P1->1;P0/P2->2;P1/P2->0,class_08_continuation_to_cap128.json
N3_class_08,56,1,P0/P1->1;P0/P2->2;P1/P2->0,class_08_continuation_to_cap128.json
N3_class_08,57,0,P0/P1->1;P0/P2->2;P1/P2->0,class_08_continuation_to_cap128.json
N3_class_08,58,0,P0/P1->1;P0/P2->2;P1/P2->0,class_08_continuation_to_cap128.json
N3_class_08,59,2,P0/P1->1;P0/P2->2;P1/P2->0,class_08_continuation_to_cap128.json
N3_class_08,60,0,P0/P1->1;P0/P2->2;P1/P2->0,class_08_continuation_to_cap128.json
N3_class_08,61,2,P0/P1->1;P0/P2->2;P1/P2->0,class_08_continuation_to_cap128.json
N3_class_08,62,1,P0/P1->1;P0/P2->2;P1/P2->0,class_08_continuation_to_cap128.json
N3_class_08,63,0,P0/P1->1;P0/P2->2;P1/P2->0,class_08_continuation_to_cap128.json
N3_class_08,64,1,P0/P1->1;P0/P2->2;P1/P2->0,class_08_continuation_to_cap128.json
N3_class_08,65,2,P0/P1->1;P0/P2->2;P1/P2->0,class_08_continuation_to_cap128.json
N3_class_08,66,1,P0/P1->1;P0/P2->2;P1/P2->0,class_08_continuation_to_cap128.json
N3_class_08,67,0,P0/P1->1;P0/P2->2;P1/P2->0,class_08_continuation_to_cap128.json
N3_class_08,68,0,P0/P1->1;P0/P2->2;P1/P2->0,class_08_continuation_to_cap128.json
N3_class_08,69,1,P0/P1->1;P0/P2->2;P1/P2->0,class_08_continuation_to_cap128.json
N3_class_08,70,0,P0/P1->1;P0/P2->2;P1/P2->0,class_08_continuation_to_cap128.json
N3_class_08,71,1,P0/P1->1;P0/P2->2;P1/P2->0,class_08_continuation_to_cap128.json
N3_class_08,72,0,P0/P1->1;P0/P2->2;P1/P2->0,class_08_continuation_to_cap128.json
N3_class_08,73,1,P0/P1->1;P0/P2->2;P1/P2->0,class_08_continuation_to_cap128.json
N3_class_08,74,1,P0/P1->1;P0/P2->2;P1/P2->0,class_08_continuation_to_cap128.json
N3_class_08,75,1,P0/P1->1;P0/P2->2;P1/P2->0,class_08_continuation_to_cap128.json
N3_class_08,76,0,P0/P1->1;P0/P2->2;P1/P2->0,class_08_continuation_to_cap128.json
N3_class_08,77,1,P0/P1->1;P0/P2->2;P1/P2->0,class_08_continuation_to_cap128.json
N3_class_08,78,0,P0/P1->1;P0/P2->2;P1/P2->0,class_08_continuation_to_cap128.json
N3_class_08,79,1,P0/P1->1;P0/P2->2;P1/P2->0,class_08_continuation_to_cap128.json
N3_class_08,80,2,P0/P1->1;P0/P2->2;P1/P2->0,class_08_continuation_to_cap128.json
N3_class_08,81,0,P0/P1->1;P0/P2->2;P1/P2->0,class_08_continuation_to_cap128.json
N3_class_08,82,2,P0/P1->1;P0/P2->2;P1/P2->0,class_08_continuation_to_cap128.json
N3_class_08,83,1,P0/P1->1;P0/P2->2;P1/P2->0,class_08_continuation_to_cap128.json
N3_class_08,84,2,P0/P1->1;P0/P2->2;P1/P2->0,class_08_continuation_to_cap128.json
N3_class_08,85,2,P0/P1->1;P0/P2->2;P1/P2->0,class_08_continuation_to_cap128.json
N3_class_08,86,0,P0/P1->1;P0/P2->2;P1/P2->0,class_08_continuation_to_cap128.json
N3_class_08,87,2,P0/P1->1;P0/P2->2;P1/P2->0,class_08_continuation_to_cap128.json
N3_class_08,88,2,P0/P1->1;P0/P2->2;P1/P2->0,class_08_continuation_to_cap128.json
N3_class_08,89,0,P0/P1->1;P0/P2->2;P1/P2->0,class_08_continuation_to_cap128.json
N3_class_08,90,0,P0/P1->1;P0/P2->2;P1/P2->0,class_08_continuation_to_cap128.json
N3_class_08,91,1,P0/P1->1;P0/P2->2;P1/P2->0,class_08_continuation_to_cap128.json
N3_class_08,92,2,P0/P1->1;P0/P2->2;P1/P2->0,class_08_continuation_to_cap128.json
N3_class_08,93,1,P0/P1->1;P0/P2->2;P1/P2->0,class_08_continuation_to_cap128.json
N3_class_08,94,2,P0/P1->1;P0/P2->2;P1/P2->0,class_08_continuation_to_cap128.json
N3_class_08,95,1,P0/P1->1;P0/P2->2;P1/P2->0,class_08_continuation_to_cap128.json
N3_class_08,96,2,P0/P1->1;P0/P2->2;P1/P2->0,class_08_continuation_to_cap128.json
N3_class_08,97,1,P0/P1->1;P0/P2->2;P1/P2->0,class_08_continuation_to_cap128.json
N3_class_08,98,0,P0/P1->1;P0/P2->2;P1/P2->0,class_08_continuation_to_cap128.json
N3_class_08,99,1,P0/P1->1;P0/P2->2;P1/P2->0,class_08_continuation_to_cap128.json
N3_class_08,100,2,P0/P1->1;P0/P2->2;P1/P2->0,class_08_continuation_to_cap128.json
N3_class_08,101,2,P0/P1->1;P0/P2->2;P1/P2->0,class_08_continuation_to_cap128.json
N3_class_08,102,1,P0/P1->1;P0/P2->2;P1/P2->0,class_08_continuation_to_cap128.json
N3_class_08,103,0,P0/P1->1;P0/P2->2;P1/P2->0,class_08_continuation_to_cap128.json
N3_class_08,104,1,P0/P1->1;P0/P2->2;P1/P2->0,class_08_continuation_to_cap128.json
N3_class_08,105,1,P0/P1->1;P0/P2->2;P1/P2->0,class_08_continuation_to_cap128.json
N3_class_08,106,2,P0/P1->1;P0/P2->2;P1/P2->0,class_08_continuation_to_cap128.json
N3_class_08,107,1,P0/P1->1;P0/P2->2;P1/P2->0,class_08_continuation_to_cap128.json
N3_class_08,108,0,P0/P1->1;P0/P2->2;P1/P2->0,class_08_continuation_to_cap128.json
N3_class_08,109,0,P0/P1->1;P0/P2->2;P1/P2->0,class_08_continuation_to_cap128.json
N3_class_08,110,2,P0/P1->1;P0/P2->2;P1/P2->0,class_08_continuation_to_cap128.json
N3_class_08,111,0,P0/P1->1;P0/P2->2;P1/P2->0,class_08_continuation_to_cap128.json
N3_class_08,112,2,P0/P1->1;P0/P2->2;P1/P2->0,class_08_continuation_to_cap128.json
N3_class_08,113,1,P0/P1->1;P0/P2->2;P1/P2->0,class_08_continuation_to_cap128.json
N3_class_08,114,0,P0/P1->1;P0/P2->2;P1/P2->0,class_08_continuation_to_cap128.json
N3_class_08,115,0,P0/P1->1;P0/P2->2;P1/P2->0,class_08_continuation_to_cap128.json
N3_class_08,116,0,P0/P1->1;P0/P2->2;P1/P2->0,class_08_continuation_to_cap128.json
N3_class_08,117,0,P0/P1->1;P0/P2->2;P1/P2->0,class_08_continuation_to_cap128.json
N3_class_08,118,1,P0/P1->1;P0/P2->2;P1/P2->0,class_08_continuation_to_cap128.json
N3_class_08,119,0,P0/P1->1;P0/P2->2;P1/P2->0,class_08_continuation_to_cap128.json
N3_class_08,120,1,P0/P1->1;P0/P2->2;P1/P2->0,class_08_continuation_to_cap128.json
N3_class_08,121,0,P0/P1->1;P0/P2->2;P1/P2->0,class_08_continuation_to_cap128.json
N3_class_08,122,0,P0/P1->1;P0/P2->2;P1/P2->0,class_08_continuation_to_cap128.json
N3_class_08,123,1,P0/P1->1;P0/P2->2;P1/P2->0,class_08_continuation_to_cap128.json
N3_class_08,124,1,P0/P1->1;P0/P2->2;P1/P2->0,class_08_continuation_to_cap128.json
N3_class_08,125,2,P0/P1->1;P0/P2->2;P1/P2->0,class_08_continuation_to_cap128.json
N3_class_08,126,1,P0/P1->1;P0/P2->2;P1/P2->0,class_08_continuation_to_cap128.json
N3_class_08,127,2,P0/P1->1;P0/P2->2;P1/P2->0,class_08_continuation_to_cap128.json
N3_class_08,128,2,P0/P1->1;P0/P2->2;P1/P2->0,class_08_continuation_to_cap128.json
N3_class_08,129,1,P0/P1->1;P0/P2->2;P1/P2->0,class_08_continuation_to_cap128.json
N3_class_08,130,1,P0/P1->1;P0/P2->2;P1/P2->0,class_08_continuation_to_cap128.json
N3_class_08,131,2,P0/P1->1;P0/P2->2;P1/P2->0,class_08_continuation_to_cap128.json
N3_class_08,132,0,P0/P1->1;P0/P2->2;P1/P2->0,class_08_continuation_to_cap128.json
N3_class_08,133,2,P0/P1->1;P0/P2->2;P1/P2->0,class_08_continuation_to_cap128.json
N3_class_08,134,1,P0/P1->1;P0/P2->2;P1/P2->0,class_08_continuation_to_cap128.json
N3_class_08,135,2,P0/P1->1;P0/P2->2;P1/P2->0,class_08_continuation_to_cap128.json
N3_class_08,136,1,P0/P1->1;P0/P2->2;P1/P2->0,class_08_continuation_to_cap128.json
N3_class_08,137,2,P0/P1->1;P0/P2->2;P1/P2->0,class_08_continuation_to_cap128.json
N3_class_08,138,1,P0/P1->1;P0/P2->2;P1/P2->0,class_08_continuation_to_cap128.json
N3_class_08,139,2,P0/P1->1;P0/P2->2;P1/P2->0,class_08_continuation_to_cap128.json
N3_class_08,140,1,P0/P1->1;P0/P2->2;P1/P2->0,class_08_continuation_to_cap128.json
N3_class_08,141,0,P0/P1->1;P0/P2->2;P1/P2->0,class_08_continuation_to_cap128.json
N3_class_08,142,1,P0/P1->1;P0/P2->2;P1/P2->0,class_08_continuation_to_cap128.json
N3_class_08,143,2,P0/P1->1;P0/P2->2;P1/P2->0,class_08_continuation_to_cap128.json
N3_class_08,144,1,P0/P1->1;P0/P2->2;P1/P2->0,class_08_continuation_to_cap128.json
N3_class_08,145,0,P0/P1->1;P0/P2->2;P1/P2->0,class_08_continuation_to_cap128.json
N3_class_08,146,2,P0/P1->1;P0/P2->2;P1/P2->0,class_08_continuation_to_cap128.json
N3_class_08,147,2,P0/P1->1;P0/P2->2;P1/P2->0,class_08_continuation_to_cap128.json
N3_class_08,148,0,P0/P1->1;P0/P2->2;P1/P2->0,class_08_continuation_to_cap128.json
N3_class_08,149,0,P0/P1->1;P0/P2->2;P1/P2->0,class_08_continuation_to_cap128.json
N3_class_08,150,2,P0/P1->1;P0/P2->2;P1/P2->0,class_08_continuation_to_cap128.json
N3_class_08,151,0,P0/P1->1;P0/P2->2;P1/P2->0,class_08_continuation_to_cap128.json
N3_class_08,152,0,P0/P1->1;P0/P2->2;P1/P2->0,class_08_continuation_to_cap128.json
N3_class_08,153,2,P0/P1->1;P0/P2->2;P1/P2->0,class_08_continuation_to_cap128.json
N3_class_08,154,1,P0/P1->1;P0/P2->2;P1/P2->0,class_08_continuation_to_cap128.json
N3_class_08,155,0,P0/P1->1;P0/P2->2;P1/P2->0,class_08_continuation_to_cap128.json
N3_class_08,156,1,P0/P1->1;P0/P2->2;P1/P2->0,class_08_continuation_to_cap128.json
N3_class_08,157,0,P0/P1->1;P0/P2->2;P1/P2->0,class_08_continuation_to_cap128.json
N3_class_08,158,1,P0/P1->1;P0/P2->2;P1/P2->0,class_08_continuation_to_cap128.json
N3_class_08,159,1,P0/P1->1;P0/P2->2;P1/P2->0,class_08_continuation_to_cap128.json
N3_class_08,160,2,P0/P1->1;P0/P2->2;P1/P2->0,class_08_continuation_to_cap128.json
N3_class_08,161,1,P0/P1->1;P0/P2->2;P1/P2->0,class_08_continuation_to_cap128.json
N3_class_08,162,1,P0/P1->1;P0/P2->2;P1/P2->0,class_08_continuation_to_cap128.json
N3_class_08,163,1,P0/P1->1;P0/P2->2;P1/P2->0,class_08_continuation_to_cap128.json
N3_class_08,164,0,P0/P1->1;P0/P2->2;P1/P2->0,class_08_continuation_to_cap128.json
N3_class_08,165,0,P0/P1->1;P0/P2->2;P1/P2->0,class_08_continuation_to_cap128.json
N3_class_08,166,1,P0/P1->1;P0/P2->2;P1/P2->0,class_08_continuation_to_cap128.json
N3_class_08,167,1,P0/P1->1;P0/P2->2;P1/P2->0,class_08_continuation_to_cap128.json
N3_class_08,168,1,P0/P1->1;P0/P2->2;P1/P2->0,class_08_continuation_to_cap128.json
N3_class_08,169,1,P0/P1->1;P0/P2->2;P1/P2->0,class_08_continuation_to_cap128.json
N3_class_08,170,1,P0/P1->1;P0/P2->2;P1/P2->0,class_08_continuation_to_cap128.json
N3_class_08,171,2,P0/P1->1;P0/P2->2;P1/P2->0,class_08_continuation_to_cap128.json
N3_class_08,172,2,P0/P1->1;P0/P2->2;P1/P2->0,class_08_continuation_to_cap128.json
N3_class_08,173,1,P0/P1->1;P0/P2->2;P1/P2->0,class_08_continuation_to_cap128.json
N3_class_08,174,2,P0/P1->1;P0/P2->2;P1/P2->0,class_08_continuation_to_cap128.json
N3_class_08,175,0,P0/P1->1;P0/P2->2;P1/P2->0,class_08_continuation_to_cap128.json
N3_class_08,176,1,P0/P1->1;P0/P2->2;P1/P2->0,class_08_continuation_to_cap128.json
N3_class_08,177,2,P0/P1->1;P0/P2->2;P1/P2->0,class_08_continuation_to_cap128.json
N3_class_08,178,0,P0/P1->1;P0/P2->2;P1/P2->0,class_08_continuation_to_cap128.json
N3_class_08,179,1,P0/P1->1;P0/P2->2;P1/P2->0,class_08_continuation_to_cap128.json
N3_class_08,180,0,P0/P1->1;P0/P2->2;P1/P2->0,class_08_continuation_to_cap128.json
N3_class_08,181,0,P0/P1->1;P0/P2->2;P1/P2->0,class_08_continuation_to_cap128.json
N3_class_08,182,1,P0/P1->1;P0/P2->2;P1/P2->0,class_08_continuation_to_cap128.json
N3_class_08,183,2,P0/P1->1;P0/P2->2;P1/P2->0,class_08_continuation_to_cap128.json
N3_class_08,184,1,P0/P1->1;P0/P2->2;P1/P2->0,class_08_continuation_to_cap128.json
N3_class_08,185,2,P0/P1->1;P0/P2->2;P1/P2->0,class_08_continuation_to_cap128.json
N3_class_08,186,2,P0/P1->1;P0/P2->2;P1/P2->0,class_08_continuation_to_cap128.json
N3_class_08,187,2,P0/P1->1;P0/P2->2;P1/P2->0,class_08_continuation_to_cap128.json
N3_class_08,188,1,P0/P1->1;P0/P2->2;P1/P2->0,class_08_continuation_to_cap128.json
N3_class_08,189,1,P0/P1->1;P0/P2->2;P1/P2->0,class_08_continuation_to_cap128.json
N3_class_08,190,2,P0/P1->1;P0/P2->2;P1/P2->0,class_08_continuation_to_cap128.json
N3_class_08,191,0,P0/P1->1;P0/P2->2;P1/P2->0,class_08_continuation_to_cap128.json
N3_class_08,192,1,P0/P1->1;P0/P2->2;P1/P2->0,class_08_continuation_to_cap128.json
N3_class_08,193,2,P0/P1->1;P0/P2->2;P1/P2->0,class_08_continuation_to_cap128.json
N3_class_08,194,2,P0/P1->1;P0/P2->2;P1/P2->0,class_08_continuation_to_cap128.json
N3_class_08,195,2,P0/P1->1;P0/P2->2;P1/P2->0,class_08_continuation_to_cap128.json
N3_class_08,196,1,P0/P1->1;P0/P2->2;P1/P2->0,class_08_continuation_to_cap128.json
N3_class_08,197,2,P0/P1->1;P0/P2->2;P1/P2->0,class_08_continuation_to_cap128.json
N3_class_08,198,0,P0/P1->1;P0/P2->2;P1/P2->0,class_08_continuation_to_cap128.json
N3_class_08,199,0,P0/P1->1;P0/P2->2;P1/P2->0,class_08_continuation_to_cap128.json
N3_class_08,200,2,P0/P1->1;P0/P2->2;P1/P2->0,class_08_continuation_to_cap128.json
N3_class_08,201,1,P0/P1->1;P0/P2->2;P1/P2->0,class_08_continuation_to_cap128.json
N3_class_08,202,2,P0/P1->1;P0/P2->2;P1/P2->0,class_08_continuation_to_cap128.json
N3_class_08,203,2,P0/P1->1;P0/P2->2;P1/P2->0,class_08_continuation_to_cap128.json
N3_class_08,204,0,P0/P1->1;P0/P2->2;P1/P2->0,class_08_continuation_to_cap128.json
N3_class_08,205,1,P0/P1->1;P0/P2->2;P1/P2->0,class_08_continuation_to_cap128.json
N3_class_08,206,0,P0/P1->1;P0/P2->2;P1/P2->0,class_08_continuation_to_cap128.json
N3_class_08,207,1,P0/P1->1;P0/P2->2;P1/P2->0,class_08_continuation_to_cap128.json
N3_class_08,208,0,P0/P1->1;P0/P2->2;P1/P2->0,class_08_continuation_to_cap128.json
N3_class_08,209,1,P0/P1->1;P0/P2->2;P1/P2->0,class_08_continuation_to_cap128.json
N3_class_08,210,1,P0/P1->1;P0/P2->2;P1/P2->0,class_08_continuation_to_cap128.json
N3_class_08,211,1,P0/P1->1;P0/P2->2;P1/P2->0,class_08_continuation_to_cap128.json
N3_class_08,212,1,P0/P1->1;P0/P2->2;P1/P2->0,class_08_continuation_to_cap128.json
N3_class_08,213,0,P0/P1->1;P0/P2->2;P1/P2->0,class_08_continuation_to_cap128.json
N3_class_08,214,1,P0/P1->1;P0/P2->2;P1/P2->0,class_08_continuation_to_cap128.json
N3_class_08,215,1,P0/P1->1;P0/P2->2;P1/P2->0,class_08_continuation_to_cap128.json
N3_class_08,216,1,P0/P1->1;P0/P2->2;P1/P2->0,class_08_continuation_to_cap128.json
N3_class_08,217,1,P0/P1->1;P0/P2->2;P1/P2->0,class_08_continuation_to_cap128.json
N3_class_08,218,1,P0/P1->1;P0/P2->2;P1/P2->0,class_08_continuation_to_cap128.json
N3_class_08,219,2,P0/P1->1;P0/P2->2;P1/P2->0,class_08_continuation_to_cap128.json
N3_class_08,220,2,P0/P1->1;P0/P2->2;P1/P2->0,class_08_continuation_to_cap128.json
N3_class_08,221,1,P0/P1->1;P0/P2->2;P1/P2->0,class_08_continuation_to_cap128.json
N3_class_08,222,2,P0/P1->1;P0/P2->2;P1/P2->0,class_08_continuation_to_cap128.json
N3_class_08,223,0,P0/P1->1;P0/P2->2;P1/P2->0,class_08_continuation_to_cap128.json
N3_class_08,224,2,P0/P1->1;P0/P2->2;P1/P2->0,class_08_continuation_to_cap128.json
N3_class_08,225,2,P0/P1->1;P0/P2->2;P1/P2->0,class_08_continuation_to_cap128.json
N3_class_08,226,0,P0/P1->1;P0/P2->2;P1/P2->0,class_08_continuation_to_cap128.json
N3_class_08,227,2,P0/P1->1;P0/P2->2;P1/P2->0,class_08_continuation_to_cap128.json
N3_class_08,228,2,P0/P1->1;P0/P2->2;P1/P2->0,class_08_continuation_to_cap128.json
N3_class_08,229,0,P0/P1->1;P0/P2->2;P1/P2->0,class_08_continuation_to_cap128.json
N3_class_08,230,0,P0/P1->1;P0/P2->2;P1/P2->0,class_08_continuation_to_cap128.json
N3_class_08,231,2,P0/P1->1;P0/P2->2;P1/P2->0,class_08_continuation_to_cap128.json
N3_class_08,232,0,P0/P1->1;P0/P2->2;P1/P2->0,class_08_continuation_to_cap128.json
N3_class_08,233,2,P0/P1->1;P0/P2->2;P1/P2->0,class_08_continuation_to_cap128.json
N3_class_08,234,0,P0/P1->1;P0/P2->2;P1/P2->0,class_08_continuation_to_cap128.json
N3_class_08,235,1,P0/P1->1;P0/P2->2;P1/P2->0,class_08_continuation_to_cap128.json
N3_class_08,236,2,P0/P1->1;P0/P2->2;P1/P2->0,class_08_continuation_to_cap128.json
N3_class_08,237,2,P0/P1->1;P0/P2->2;P1/P2->0,class_08_continuation_to_cap128.json
N3_class_08,238,1,P0/P1->1;P0/P2->2;P1/P2->0,class_08_continuation_to_cap128.json
N3_class_08,239,0,P0/P1->1;P0/P2->2;P1/P2->0,class_08_continuation_to_cap128.json
N3_class_08,240,2,P0/P1->1;P0/P2->2;P1/P2->0,class_08_continuation_to_cap128.json
N3_class_08,241,0,P0/P1->1;P0/P2->2;P1/P2->0,class_08_continuation_to_cap128.json
N3_class_08,242,2,P0/P1->1;P0/P2->2;P1/P2->0,class_08_continuation_to_cap128.json
N3_class_08,243,0,P0/P1->1;P0/P2->2;P1/P2->0,class_08_continuation_to_cap128.json
N3_class_08,244,0,P0/P1->1;P0/P2->2;P1/P2->0,class_08_continuation_to_cap128.json
N3_class_08,245,2,P0/P1->1;P0/P2->2;P1/P2->0,class_08_continuation_to_cap128.json
N3_class_08,246,0,P0/P1->1;P0/P2->2;P1/P2->0,class_08_continuation_to_cap128.json
N3_class_08,247,2,P0/P1->1;P0/P2->2;P1/P2->0,class_08_continuation_to_cap128.json
N3_class_08,248,0,P0/P1->1;P0/P2->2;P1/P2->0,class_08_continuation_to_cap128.json
N3_class_08,249,2,P0/P1->1;P0/P2->2;P1/P2->0,class_08_continuation_to_cap128.json
N3_class_08,250,2,P0/P1->1;P0/P2->2;P1/P2->0,class_08_continuation_to_cap128.json
N3_class_08,251,1,P0/P1->1;P0/P2->2;P1/P2->0,class_08_continuation_to_cap128.json
N3_class_08,252,1,P0/P1->1;P0/P2->2;P1/P2->0,class_08_continuation_to_cap128.json
N3_class_08,253,0,P0/P1->1;P0/P2->2;P1/P2->0,class_08_continuation_to_cap128.json
N3_class_08,254,0,P0/P1->1;P0/P2->2;P1/P2->0,class_08_continuation_to_cap128.json
N3_class_08,255,0,P0/P1->1;P0/P2->2;P1/P2->0,class_08_continuation_to_cap128.json
N3_class_08,256,1,P0/P1->1;P0/P2->2;P1/P2->0,class_08_continuation_to_cap128.json
N3_class_08,257,2,P0/P1->1;P0/P2->2;P1/P2->0,class_08_continuation_to_cap128.json
N3_class_08,258,0,P0/P1->1;P0/P2->2;P1/P2->0,class_08_continuation_to_cap128.json
N3_class_08,259,2,P0/P1->1;P0/P2->2;P1/P2->0,class_08_continuation_to_cap128.json
N3_class_08,260,0,P0/P1->1;P0/P2->2;P1/P2->0,class_08_continuation_to_cap128.json
N3_class_08,261,0,P0/P1->1;P0/P2->2;P1/P2->0,class_08_continuation_to_cap128.json
N3_class_08,262,2,P0/P1->1;P0/P2->2;P1/P2->0,class_08_continuation_to_cap128.json
N3_class_08,263,0,P0/P1->1;P0/P2->2;P1/P2->0,class_08_continuation_to_cap128.json
N3_class_08,264,1,P0/P1->1;P0/P2->2;P1/P2->0,class_08_continuation_to_cap128.json
N3_class_08,265,0,P0/P1->1;P0/P2->2;P1/P2->0,class_08_continuation_to_cap128.json
N3_class_08,266,1,P0/P1->1;P0/P2->2;P1/P2->0,class_08_continuation_to_cap128.json
N3_class_08,267,2,P0/P1->1;P0/P2->2;P1/P2->0,class_08_continuation_to_cap128.json
N3_class_08,268,2,P0/P1->1;P0/P2->2;P1/P2->0,class_08_continuation_to_cap128.json
N3_class_08,269,1,P0/P1->1;P0/P2->2;P1/P2->0,class_08_continuation_to_cap128.json
N3_class_08,270,2,P0/P1->1;P0/P2->2;P1/P2->0,class_08_continuation_to_cap128.json
N3_class_08,271,1,P0/P1->1;P0/P2->2;P1/P2->0,class_08_continuation_to_cap128.json
N3_class_08,272,1,P0/P1->1;P0/P2->2;P1/P2->0,class_08_continuation_to_cap128.json
N3_class_08,273,2,P0/P1->1;P0/P2->2;P1/P2->0,class_08_continuation_to_cap128.json
N3_class_08,274,0,P0/P1->1;P0/P2->2;P1/P2->0,class_08_continuation_to_cap128.json
N3_class_08,275,0,P0/P1->1;P0/P2->2;P1/P2->0,class_08_continuation_to_cap128.json
N3_class_08,276,2,P0/P1->1;P0/P2->2;P1/P2->0,class_08_continuation_to_cap128.json
N3_class_08,277,1,P0/P1->1;P0/P2->2;P1/P2->0,class_08_continuation_to_cap128.json
N3_class_08,278,0,P0/P1->1;P0/P2->2;P1/P2->0,class_08_continuation_to_cap128.json
N3_class_08,279,1,P0/P1->1;P0/P2->2;P1/P2->0,class_08_continuation_to_cap128.json
N3_class_08,280,1,P0/P1->1;P0/P2->2;P1/P2->0,class_08_continuation_to_cap128.json
N3_class_08,281,0,P0/P1->1;P0/P2->2;P1/P2->0,class_08_continuation_to_cap128.json
N3_class_08,282,0,P0/P1->1;P0/P2->2;P1/P2->0,class_08_continuation_to_cap128.json
N3_class_08,283,1,P0/P1->1;P0/P2->2;P1/P2->0,class_08_continuation_to_cap128.json
N3_class_08,284,2,P0/P1->1;P0/P2->2;P1/P2->0,class_08_continuation_to_cap128.json
N3_class_08,285,0,P0/P1->1;P0/P2->2;P1/P2->0,class_08_continuation_to_cap128.json
N3_class_08,286,2,P0/P1->1;P0/P2->2;P1/P2->0,class_08_continuation_to_cap128.json
N3_class_08,287,2,P0/P1->1;P0/P2->2;P1/P2->0,class_08_continuation_to_cap128.json
N3_class_08,288,1,P0/P1->1;P0/P2->2;P1/P2->0,class_08_continuation_to_cap128.json
N3_class_08,289,2,P0/P1->1;P0/P2->2;P1/P2->0,class_08_continuation_to_cap128.json
N3_class_08,290,1,P0/P1->1;P0/P2->2;P1/P2->0,class_08_continuation_to_cap128.json
N3_class_08,291,1,P0/P1->1;P0/P2->2;P1/P2->0,class_08_continuation_to_cap128.json
N3_class_08,292,1,P0/P1->1;P0/P2->2;P1/P2->0,class_08_continuation_to_cap128.json
N3_class_08,293,0,P0/P1->1;P0/P2->2;P1/P2->0,class_08_continuation_to_cap128.json
N3_class_08,294,0,P0/P1->1;P0/P2->2;P1/P2->0,class_08_continuation_to_cap128.json
N3_class_08,295,2,P0/P1->1;P0/P2->2;P1/P2->0,class_08_continuation_to_cap128.json
N3_class_08,296,0,P0/P1->1;P0/P2->2;P1/P2->0,class_08_continuation_to_cap128.json
N3_class_08,297,2,P0/P1->1;P0/P2->2;P1/P2->0,class_08_continuation_to_cap128.json
N3_class_08,298,1,P0/P1->1;P0/P2->2;P1/P2->0,class_08_continuation_to_cap128.json
N3_class_08,299,0,P0/P1->1;P0/P2->2;P1/P2->0,class_08_continuation_to_cap128.json
N3_class_08,300,2,P0/P1->1;P0/P2->2;P1/P2->0,class_08_continuation_to_cap128.json
N3_class_08,301,0,P0/P1->1;P0/P2->2;P1/P2->0,class_08_continuation_to_cap128.json
N3_class_08,302,0,P0/P1->1;P0/P2->2;P1/P2->0,class_08_continuation_to_cap128.json
N3_class_08,303,2,P0/P1->1;P0/P2->2;P1/P2->0,class_08_continuation_to_cap128.json
N3_class_08,304,0,P0/P1->1;P0/P2->2;P1/P2->0,class_08_continuation_to_cap128.json
N3_class_08,305,2,P0/P1->1;P0/P2->2;P1/P2->0,class_08_continuation_to_cap128.json
N3_class_08,306,2,P0/P1->1;P0/P2->2;P1/P2->0,class_08_continuation_to_cap128.json
N3_class_08,307,1,P0/P1->1;P0/P2->2;P1/P2->0,class_08_continuation_to_cap128.json
N3_class_08,308,0,P0/P1->1;P0/P2->2;P1/P2->0,class_08_continuation_to_cap128.json
N3_class_08,309,1,P0/P1->1;P0/P2->2;P1/P2->0,class_08_continuation_to_cap128.json
N3_class_08,310,1,P0/P1->1;P0/P2->2;P1/P2->0,class_08_continuation_to_cap128.json
N3_class_08,311,0,P0/P1->1;P0/P2->2;P1/P2->0,class_08_continuation_to_cap128.json
N3_class_08,312,0,P0/P1->1;P0/P2->2;P1/P2->0,class_08_continuation_to_cap128.json
N3_class_08,313,0,P0/P1->1;P0/P2->2;P1/P2->0,class_08_continuation_to_cap128.json
N3_class_08,314,2,P0/P1->1;P0/P2->2;P1/P2->0,class_08_continuation_to_cap128.json
N3_class_08,315,0,P0/P1->1;P0/P2->2;P1/P2->0,class_08_continuation_to_cap128.json
N3_class_08,316,2,P0/P1->1;P0/P2->2;P1/P2->0,class_08_continuation_to_cap128.json
N3_class_08,317,0,P0/P1->1;P0/P2->2;P1/P2->0,class_08_continuation_to_cap128.json
N3_class_08,318,2,P0/P1->1;P0/P2->2;P1/P2->0,class_08_continuation_to_cap128.json
N3_class_08,319,1,P0/P1->1;P0/P2->2;P1/P2->0,class_08_continuation_to_cap128.json
N3_class_08,320,0,P0/P1->1;P0/P2->2;P1/P2->0,class_08_continuation_to_cap128.json
N3_class_08,321,0,P0/P1->1;P0/P2->2;P1/P2->0,class_08_continuation_to_cap128.json
N3_class_08,322,0,P0/P1->1;P0/P2->2;P1/P2->0,class_08_continuation_to_cap128.json
N3_class_08,323,2,P0/P1->1;P0/P2->2;P1/P2->0,class_08_continuation_to_cap128.json
N3_class_08,324,2,P0/P1->1;P0/P2->2;P1/P2->0,class_08_continuation_to_cap128.json
N3_class_08,325,2,P0/P1->1;P0/P2->2;P1/P2->0,class_08_continuation_to_cap128.json
N3_class_08,326,2,P0/P1->1;P0/P2->2;P1/P2->0,class_08_continuation_to_cap128.json
N3_class_08,327,1,P0/P1->1;P0/P2->2;P1/P2->0,class_08_continuation_to_cap128.json
N3_class_08,328,1,P0/P1->1;P0/P2->2;P1/P2->0,class_08_continuation_to_cap128.json
N3_class_08,329,2,P0/P1->1;P0/P2->2;P1/P2->0,class_08_continuation_to_cap128.json
N3_class_08,330,2,P0/P1->1;P0/P2->2;P1/P2->0,class_08_continuation_to_cap128.json
N3_class_08,331,2,P0/P1->1;P0/P2->2;P1/P2->0,class_08_continuation_to_cap128.json
N3_class_08,332,0,P0/P1->1;P0/P2->2;P1/P2->0,class_08_continuation_to_cap128.json
N3_class_08,333,1,P0/P1->1;P0/P2->2;P1/P2->0,class_08_continuation_to_cap128.json
N3_class_08,334,1,P0/P1->1;P0/P2->2;P1/P2->0,class_08_continuation_to_cap128.json
N3_class_08,335,0,P0/P1->1;P0/P2->2;P1/P2->0,class_08_continuation_to_cap128.json
N3_class_08,336,0,P0/P1->1;P0/P2->2;P1/P2->0,class_08_continuation_to_cap128.json
N3_class_08,337,2,P0/P1->1;P0/P2->2;P1/P2->0,class_08_continuation_to_cap128.json
N3_class_08,338,0,P0/P1->1;P0/P2->2;P1/P2->0,class_08_continuation_to_cap128.json
N3_class_08,339,1,P0/P1->1;P0/P2->2;P1/P2->0,class_08_continuation_to_cap128.json
N3_class_08,340,2,P0/P1->1;P0/P2->2;P1/P2->0,class_08_continuation_to_cap128.json
N3_class_08,341,2,P0/P1->1;P0/P2->2;P1/P2->0,class_08_continuation_to_cap128.json
N3_class_08,342,0,P0/P1->1;P0/P2->2;P1/P2->0,class_08_continuation_to_cap128.json
N3_class_08,343,0,P0/P1->1;P0/P2->2;P1/P2->0,class_08_continuation_to_cap128.json
N3_class_08,344,2,P0/P1->1;P0/P2->2;P1/P2->0,class_08_continuation_to_cap128.json
N3_class_08,345,0,P0/P1->1;P0/P2->2;P1/P2->0,class_08_continuation_to_cap128.json
N3_class_08,346,1,P0/P1->1;P0/P2->2;P1/P2->0,class_08_continuation_to_cap128.json
N3_class_08,347,2,P0/P1->1;P0/P2->2;P1/P2->0,class_08_continuation_to_cap128.json
N3_class_08,348,1,P0/P1->1;P0/P2->2;P1/P2->0,class_08_continuation_to_cap128.json
N3_class_08,349,2,P0/P1->1;P0/P2->2;P1/P2->0,class_08_continuation_to_cap128.json
N3_class_08,350,2,P0/P1->1;P0/P2->2;P1/P2->0,class_08_continuation_to_cap128.json
N3_class_08,351,1,P0/P1->1;P0/P2->2;P1/P2->0,class_08_continuation_to_cap128.json
N3_class_08,352,2,P0/P1->1;P0/P2->2;P1/P2->0,class_08_continuation_to_cap128.json
N3_class_08,353,2,P0/P1->1;P0/P2->2;P1/P2->0,class_08_continuation_to_cap128.json
N3_class_08,354,2,P0/P1->1;P0/P2->2;P1/P2->0,class_08_continuation_to_cap128.json
N3_class_08,355,0,P0/P1->1;P0/P2->2;P1/P2->0,class_08_continuation_to_cap128.json
N3_class_08,356,1,P0/P1->1;P0/P2->2;P1/P2->0,class_08_continuation_to_cap128.json
N3_class_08,357,2,P0/P1->1;P0/P2->2;P1/P2->0,class_08_continuation_to_cap128.json
N3_class_08,358,0,P0/P1->1;P0/P2->2;P1/P2->0,class_08_continuation_to_cap128.json
N3_class_08,359,1,P0/P1->1;P0/P2->2;P1/P2->0,class_08_continuation_to_cap128.json
N3_class_08,360,0,P0/P1->1;P0/P2->2;P1/P2->0,class_08_continuation_to_cap128.json
N3_class_08,361,2,P0/P1->1;P0/P2->2;P1/P2->0,class_08_continuation_to_cap128.json
N3_class_08,362,2,P0/P1->1;P0/P2->2;P1/P2->0,class_08_continuation_to_cap128.json
N3_class_08,363,1,P0/P1->1;P0/P2->2;P1/P2->0,class_08_continuation_to_cap128.json
N3_class_08,364,2,P0/P1->1;P0/P2->2;P1/P2->0,class_08_continuation_to_cap128.json
N3_class_08,365,1,P0/P1->1;P0/P2->2;P1/P2->0,class_08_continuation_to_cap128.json
N3_class_08,366,2,P0/P1->1;P0/P2->2;P1/P2->0,class_08_continuation_to_cap128.json
N3_class_08,367,0,P0/P1->1;P0/P2->2;P1/P2->0,class_08_continuation_to_cap128.json
N3_class_08,368,2,P0/P1->1;P0/P2->2;P1/P2->0,class_08_continuation_to_cap128.json
N3_class_08,369,2,P0/P1->1;P0/P2->2;P1/P2->0,class_08_continuation_to_cap128.json
N3_class_08,370,1,P0/P1->1;P0/P2->2;P1/P2->0,class_08_continuation_to_cap128.json
N3_class_08,371,1,P0/P1->1;P0/P2->2;P1/P2->0,class_08_continuation_to_cap128.json
N3_class_08,372,1,P0/P1->1;P0/P2->2;P1/P2->0,class_08_continuation_to_cap128.json
N3_class_08,373,1,P0/P1->1;P0/P2->2;P1/P2->0,class_08_continuation_to_cap128.json
N3_class_08,374,1,P0/P1->1;P0/P2->2;P1/P2->0,class_08_continuation_to_cap128.json
N3_class_08,375,0,P0/P1->1;P0/P2->2;P1/P2->0,class_08_continuation_to_cap128.json
N3_class_08,376,1,P0/P1->1;P0/P2->2;P1/P2->0,class_08_continuation_to_cap128.json
N3_class_08,377,1,P0/P1->1;P0/P2->2;P1/P2->0,class_08_continuation_to_cap128.json
N3_class_08,378,1,P0/P1->1;P0/P2->2;P1/P2->0,class_08_continuation_to_cap128.json
N3_class_08,379,1,P0/P1->1;P0/P2->2;P1/P2->0,class_08_continuation_to_cap128.json
N3_class_08,380,0,P0/P1->1;P0/P2->2;P1/P2->0,class_08_continuation_to_cap128.json
N3_class_08,381,1,P0/P1->1;P0/P2->2;P1/P2->0,class_08_continuation_to_cap128.json
N3_class_08,382,2,P0/P1->1;P0/P2->2;P1/P2->0,class_08_continuation_to_cap128.json
N3_class_08,383,1,P0/P1->1;P0/P2->2;P1/P2->0,class_08_continuation_to_cap128.json
N3_class_08,384,2,P0/P1->1;P0/P2->2;P1/P2->0,class_08_continuation_to_cap128.json
N3_class_08,385,0,P0/P1->1;P0/P2->2;P1/P2->0,class_08_continuation_to_cap128.json
N3_class_08,386,2,P0/P1->1;P0/P2->2;P1/P2->0,class_08_continuation_to_cap128.json
N3_class_08,387,0,P0/P1->1;P0/P2->2;P1/P2->0,class_08_continuation_to_cap128.json
N3_class_08,388,1,P0/P1->1;P0/P2->2;P1/P2->0,class_08_continuation_to_cap128.json
N3_class_08,389,0,P0/P1->1;P0/P2->2;P1/P2->0,class_08_continuation_to_cap128.json
N3_class_08,390,2,P0/P1->1;P0/P2->2;P1/P2->0,class_08_continuation_to_cap128.json
N3_class_08,391,0,P0/P1->1;P0/P2->2;P1/P2->0,class_08_continuation_to_cap128.json
N3_class_08,392,1,P0/P1->1;P0/P2->2;P1/P2->0,class_08_continuation_to_cap128.json
N3_class_08,393,1,P0/P1->1;P0/P2->2;P1/P2->0,class_08_continuation_to_cap128.json
N3_class_08,394,0,P0/P1->1;P0/P2->2;P1/P2->0,class_08_continuation_to_cap128.json
N3_class_08,395,2,P0/P1->1;P0/P2->2;P1/P2->0,class_08_continuation_to_cap128.json
N3_class_08,396,0,P0/P1->1;P0/P2->2;P1/P2->0,class_08_continuation_to_cap128.json
N3_class_08,397,2,P0/P1->1;P0/P2->2;P1/P2->0,class_08_continuation_to_cap128.json
N3_class_08,398,1,P0/P1->1;P0/P2->2;P1/P2->0,class_08_continuation_to_cap128.json
N3_class_08,399,1,P0/P1->1;P0/P2->2;P1/P2->0,class_08_continuation_to_cap128.json
N3_class_08,400,1,P0/P1->1;P0/P2->2;P1/P2->0,class_08_continuation_to_cap128.json
N3_class_08,401,0,P0/P1->1;P0/P2->2;P1/P2->0,class_08_continuation_to_cap128.json
N3_class_08,402,0,P0/P1->1;P0/P2->2;P1/P2->0,class_08_continuation_to_cap128.json
N3_class_08,403,1,P0/P1->1;P0/P2->2;P1/P2->0,class_08_continuation_to_cap128.json
N3_class_08,404,2,P0/P1->1;P0/P2->2;P1/P2->0,class_08_continuation_to_cap128.json
N3_class_08,405,0,P0/P1->1;P0/P2->2;P1/P2->0,class_08_continuation_to_cap128.json
N3_class_08,406,1,P0/P1->1;P0/P2->2;P1/P2->0,class_08_continuation_to_cap128.json
N3_class_08,407,0,P0/P1->1;P0/P2->2;P1/P2->0,class_08_continuation_to_cap128.json
N3_class_08,408,1,P0/P1->1;P0/P2->2;P1/P2->0,class_08_continuation_to_cap128.json
N3_class_08,409,0,P0/P1->1;P0/P2->2;P1/P2->0,class_08_continuation_to_cap128.json
N3_class_08,410,1,P0/P1->1;P0/P2->2;P1/P2->0,class_08_continuation_to_cap128.json
N3_class_08,411,0,P0/P1->1;P0/P2->2;P1/P2->0,class_08_continuation_to_cap128.json
N3_class_08,412,1,P0/P1->1;P0/P2->2;P1/P2->0,class_08_continuation_to_cap128.json
N3_class_08,413,0,P0/P1->1;P0/P2->2;P1/P2->0,class_08_continuation_to_cap128.json
N3_class_08,414,1,P0/P1->1;P0/P2->2;P1/P2->0,class_08_continuation_to_cap128.json
N3_class_08,415,2,P0/P1->1;P0/P2->2;P1/P2->0,class_08_continuation_to_cap128.json
N3_class_08,416,0,P0/P1->1;P0/P2->2;P1/P2->0,class_08_continuation_to_cap128.json
N3_class_08,417,1,P0/P1->1;P0/P2->2;P1/P2->0,class_08_continuation_to_cap128.json
N3_class_08,418,2,P0/P1->1;P0/P2->2;P1/P2->0,class_08_continuation_to_cap128.json
N3_class_08,419,1,P0/P1->1;P0/P2->2;P1/P2->0,class_08_continuation_to_cap128.json
N3_class_08,420,1,P0/P1->1;P0/P2->2;P1/P2->0,class_08_continuation_to_cap128.json
N3_class_08,421,2,P0/P1->1;P0/P2->2;P1/P2->0,class_08_continuation_to_cap128.json
N3_class_08,422,1,P0/P1->1;P0/P2->2;P1/P2->0,class_08_continuation_to_cap128.json
N3_class_08,423,0,P0/P1->1;P0/P2->2;P1/P2->0,class_08_continuation_to_cap128.json
N3_class_08,424,2,P0/P1->1;P0/P2->2;P1/P2->0,class_08_continuation_to_cap128.json
N3_class_08,425,0,P0/P1->1;P0/P2->2;P1/P2->0,class_08_continuation_to_cap128.json
N3_class_08,426,0,P0/P1->1;P0/P2->2;P1/P2->0,class_08_continuation_to_cap128.json
N3_class_08,427,1,P0/P1->1;P0/P2->2;P1/P2->0,class_08_continuation_to_cap128.json
N3_class_08,428,0,P0/P1->1;P0/P2->2;P1/P2->0,class_08_continuation_to_cap128.json
N3_class_08,429,2,P0/P1->1;P0/P2->2;P1/P2->0,class_08_continuation_to_cap128.json
N3_class_08,430,1,P0/P1->1;P0/P2->2;P1/P2->0,class_08_continuation_to_cap128.json
N3_class_08,431,0,P0/P1->1;P0/P2->2;P1/P2->0,class_08_continuation_to_cap128.json
N3_class_08,432,1,P0/P1->1;P0/P2->2;P1/P2->0,class_08_continuation_to_cap128.json
N3_class_08,433,2,P0/P1->1;P0/P2->2;P1/P2->0,class_08_continuation_to_cap128.json
N3_class_08,434,1,P0/P1->1;P0/P2->2;P1/P2->0,class_08_continuation_to_cap128.json
N3_class_08,435,1,P0/P1->1;P0/P2->2;P1/P2->0,class_08_continuation_to_cap128.json
N3_class_08,436,0,P0/P1->1;P0/P2->2;P1/P2->0,class_08_continuation_to_cap128.json
N3_class_08,437,1,P0/P1->1;P0/P2->2;P1/P2->0,class_08_continuation_to_cap128.json
N3_class_08,438,2,P0/P1->1;P0/P2->2;P1/P2->0,class_08_continuation_to_cap128.json
N3_class_08,439,2,P0/P1->1;P0/P2->2;P1/P2->0,class_08_continuation_to_cap128.json
N3_class_08,440,0,P0/P1->1;P0/P2->2;P1/P2->0,class_08_continuation_to_cap128.json
N3_class_08,441,2,P0/P1->1;P0/P2->2;P1/P2->0,class_08_continuation_to_cap128.json
N3_class_08,442,1,P0/P1->1;P0/P2->2;P1/P2->0,class_08_continuation_to_cap128.json
N3_class_08,443,0,P0/P1->1;P0/P2->2;P1/P2->0,class_08_continuation_to_cap128.json
N3_class_08,444,0,P0/P1->1;P0/P2->2;P1/P2->0,class_08_continuation_to_cap128.json
N3_class_08,445,2,P0/P1->1;P0/P2->2;P1/P2->0,class_08_continuation_to_cap128.json
N3_class_08,446,1,P0/P1->1;P0/P2->2;P1/P2->0,class_08_continuation_to_cap128.json
N3_class_08,447,2,P0/P1->1;P0/P2->2;P1/P2->0,class_08_continuation_to_cap128.json
N3_class_08,448,0,P0/P1->1;P0/P2->2;P1/P2->0,class_08_continuation_to_cap128.json
N3_class_08,449,2,P0/P1->1;P0/P2->2;P1/P2->0,class_08_continuation_to_cap128.json
N3_class_08,450,0,P0/P1->1;P0/P2->2;P1/P2->0,class_08_continuation_to_cap128.json
N3_class_08,451,2,P0/P1->1;P0/P2->2;P1/P2->0,class_08_continuation_to_cap128.json
N3_class_08,452,0,P0/P1->1;P0/P2->2;P1/P2->0,class_08_continuation_to_cap128.json
N3_class_08,453,0,P0/P1->1;P0/P2->2;P1/P2->0,class_08_continuation_to_cap128.json
N3_class_08,454,2,P0/P1->1;P0/P2->2;P1/P2->0,class_08_continuation_to_cap128.json
N3_class_08,455,0,P0/P1->1;P0/P2->2;P1/P2->0,class_08_continuation_to_cap128.json
N3_class_08,456,1,P0/P1->1;P0/P2->2;P1/P2->0,class_08_continuation_to_cap128.json
N3_class_08,457,1,P0/P1->1;P0/P2->2;P1/P2->0,class_08_continuation_to_cap128.json
N3_class_08,458,0,P0/P1->1;P0/P2->2;P1/P2->0,class_08_continuation_to_cap128.json
N3_class_08,459,2,P0/P1->1;P0/P2->2;P1/P2->0,class_08_continuation_to_cap128.json
N3_class_08,460,0,P0/P1->1;P0/P2->2;P1/P2->0,class_08_continuation_to_cap128.json
N3_class_08,461,2,P0/P1->1;P0/P2->2;P1/P2->0,class_08_continuation_to_cap128.json
N3_class_08,462,2,P0/P1->1;P0/P2->2;P1/P2->0,class_08_continuation_to_cap128.json
N3_class_08,463,2,P0/P1->1;P0/P2->2;P1/P2->0,class_08_continuation_to_cap128.json
N3_class_08,464,0,P0/P1->1;P0/P2->2;P1/P2->0,class_08_continuation_to_cap128.json
N3_class_08,465,2,P0/P1->1;P0/P2->2;P1/P2->0,class_08_continuation_to_cap128.json
N3_class_08,466,1,P0/P1->1;P0/P2->2;P1/P2->0,class_08_continuation_to_cap128.json
N3_class_08,467,2,P0/P1->1;P0/P2->2;P1/P2->0,class_08_continuation_to_cap128.json
N3_class_08,468,2,P0/P1->1;P0/P2->2;P1/P2->0,class_08_continuation_to_cap128.json
N3_class_08,469,0,P0/P1->1;P0/P2->2;P1/P2->0,class_08_continuation_to_cap128.json
N3_class_08,470,2,P0/P1->1;P0/P2->2;P1/P2->0,class_08_continuation_to_cap128.json
N3_class_08,471,1,P0/P1->1;P0/P2->2;P1/P2->0,class_08_continuation_to_cap128.json
N3_class_08,472,0,P0/P1->1;P0/P2->2;P1/P2->0,class_08_continuation_to_cap128.json
N3_class_08,473,1,P0/P1->1;P0/P2->2;P1/P2->0,class_08_continuation_to_cap128.json
N3_class_08,474,0,P0/P1->1;P0/P2->2;P1/P2->0,class_08_continuation_to_cap128.json
N3_class_08,475,1,P0/P1->1;P0/P2->2;P1/P2->0,class_08_continuation_to_cap128.json
N3_class_08,476,0,P0/P1->1;P0/P2->2;P1/P2->0,class_08_continuation_to_cap128.json
N3_class_08,477,0,P0/P1->1;P0/P2->2;P1/P2->0,class_08_continuation_to_cap128.json
N3_class_08,478,2,P0/P1->1;P0/P2->2;P1/P2->0,class_08_continuation_to_cap128.json
N3_class_08,479,1,P0/P1->1;P0/P2->2;P1/P2->0,class_08_continuation_to_cap128.json
N3_class_08,480,2,P0/P1->1;P0/P2->2;P1/P2->0,class_08_continuation_to_cap128.json
N3_class_08,481,1,P0/P1->1;P0/P2->2;P1/P2->0,class_08_continuation_to_cap128.json
N3_class_08,482,2,P0/P1->1;P0/P2->2;P1/P2->0,class_08_continuation_to_cap128.json
N3_class_08,483,0,P0/P1->1;P0/P2->2;P1/P2->0,class_08_continuation_to_cap128.json
N3_class_08,484,0,P0/P1->1;P0/P2->2;P1/P2->0,class_08_continuation_to_cap128.json
N3_class_08,485,2,P0/P1->1;P0/P2->2;P1/P2->0,class_08_continuation_to_cap128.json
N3_class_08,486,0,P0/P1->1;P0/P2->2;P1/P2->0,class_08_continuation_to_cap128.json
N3_class_08,487,2,P0/P1->1;P0/P2->2;P1/P2->0,class_08_continuation_to_cap128.json
N3_class_08,488,0,P0/P1->1;P0/P2->2;P1/P2->0,class_08_continuation_to_cap128.json
N3_class_08,489,1,P0/P1->1;P0/P2->2;P1/P2->0,class_08_continuation_to_cap128.json
N3_class_08,490,1,P0/P1->1;P0/P2->2;P1/P2->0,class_08_continuation_to_cap128.json
N3_class_08,491,2,P0/P1->1;P0/P2->2;P1/P2->0,class_08_continuation_to_cap128.json
N3_class_08,492,2,P0/P1->1;P0/P2->2;P1/P2->0,class_08_continuation_to_cap128.json
N3_class_08,493,0,P0/P1->1;P0/P2->2;P1/P2->0,class_08_continuation_to_cap128.json
N3_class_08,494,0,P0/P1->1;P0/P2->2;P1/P2->0,class_08_continuation_to_cap128.json
N3_class_08,495,2,P0/P1->1;P0/P2->2;P1/P2->0,class_08_continuation_to_cap128.json
N3_class_08,496,0,P0/P1->1;P0/P2->2;P1/P2->0,class_08_continuation_to_cap128.json
N3_class_08,497,2,P0/P1->1;P0/P2->2;P1/P2->0,class_08_continuation_to_cap128.json
N3_class_08,498,1,P0/P1->1;P0/P2->2;P1/P2->0,class_08_continuation_to_cap128.json
N3_class_08,499,2,P0/P1->1;P0/P2->2;P1/P2->0,class_08_continuation_to_cap128.json
N3_class_08,500,2,P0/P1->1;P0/P2->2;P1/P2->0,class_08_continuation_to_cap128.json
N3_class_08,501,0,P0/P1->1;P0/P2->2;P1/P2->0,class_08_continuation_to_cap128.json
N3_class_08,502,0,P0/P1->1;P0/P2->2;P1/P2->0,class_08_continuation_to_cap128.json
N3_class_08,503,1,P0/P1->1;P0/P2->2;P1/P2->0,class_08_continuation_to_cap128.json
N3_class_08,504,1,P0/P1->1;P0/P2->2;P1/P2->0,class_08_continuation_to_cap128.json
N3_class_08,505,0,P0/P1->1;P0/P2->2;P1/P2->0,class_08_continuation_to_cap128.json
N3_class_08,506,1,P0/P1->1;P0/P2->2;P1/P2->0,class_08_continuation_to_cap128.json
N3_class_08,507,0,P0/P1->1;P0/P2->2;P1/P2->0,class_08_continuation_to_cap128.json
N3_class_08,508,1,P0/P1->1;P0/P2->2;P1/P2->0,class_08_continuation_to_cap128.json
N3_class_08,509,1,P0/P1->1;P0/P2->2;P1/P2->0,class_08_continuation_to_cap128.json
N3_class_08,510,2,P0/P1->1;P0/P2->2;P1/P2->0,class_08_continuation_to_cap128.json
N3_class_08,511,1,P0/P1->1;P0/P2->2;P1/P2->0,class_08_continuation_to_cap128.json
N3_class_08,512,1,P0/P1->1;P0/P2->2;P1/P2->0,class_08_continuation_to_cap128.json
N3_class_08,513,0,P0/P1->1;P0/P2->2;P1/P2->0,class_08_continuation_to_cap128.json
N3_class_08,514,0,P0/P1->1;P0/P2->2;P1/P2->0,class_08_continuation_to_cap128.json
N3_class_08,515,2,P0/P1->1;P0/P2->2;P1/P2->0,class_08_continuation_to_cap128.json
N3_class_08,516,0,P0/P1->1;P0/P2->2;P1/P2->0,class_08_continuation_to_cap128.json
N3_class_08,517,0,P0/P1->1;P0/P2->2;P1/P2->0,class_08_continuation_to_cap128.json
N3_class_08,518,2,P0/P1->1;P0/P2->2;P1/P2->0,class_08_continuation_to_cap128.json
N3_class_08,519,0,P0/P1->1;P0/P2->2;P1/P2->0,class_08_continuation_to_cap128.json
N3_class_08,520,2,P0/P1->1;P0/P2->2;P1/P2->0,class_08_continuation_to_cap128.json
N3_class_08,521,0,P0/P1->1;P0/P2->2;P1/P2->0,class_08_continuation_to_cap128.json
N3_class_08,522,1,P0/P1->1;P0/P2->2;P1/P2->0,class_08_continuation_to_cap128.json
N3_class_08,523,1,P0/P1->1;P0/P2->2;P1/P2->0,class_08_continuation_to_cap128.json
N3_class_08,524,2,P0/P1->1;P0/P2->2;P1/P2->0,class_08_continuation_to_cap128.json
N3_class_08,525,1,P0/P1->1;P0/P2->2;P1/P2->0,class_08_continuation_to_cap128.json
N3_class_08,526,0,P0/P1->1;P0/P2->2;P1/P2->0,class_08_continuation_to_cap128.json
N3_class_08,527,1,P0/P1->1;P0/P2->2;P1/P2->0,class_08_continuation_to_cap128.json
N3_class_08,528,0,P0/P1->1;P0/P2->2;P1/P2->0,class_08_continuation_to_cap128.json
N3_class_08,529,2,P0/P1->1;P0/P2->2;P1/P2->0,class_08_continuation_to_cap128.json
N3_class_08,530,2,P0/P1->1;P0/P2->2;P1/P2->0,class_08_continuation_to_cap128.json
N3_class_08,531,0,P0/P1->1;P0/P2->2;P1/P2->0,class_08_continuation_to_cap128.json
N3_class_08,532,2,P0/P1->1;P0/P2->2;P1/P2->0,class_08_continuation_to_cap128.json
N3_class_08,533,0,P0/P1->1;P0/P2->2;P1/P2->0,class_08_continuation_to_cap128.json
N3_class_08,534,1,P0/P1->1;P0/P2->2;P1/P2->0,class_08_continuation_to_cap128.json
N3_class_08,535,0,P0/P1->1;P0/P2->2;P1/P2->0,class_08_continuation_to_cap128.json
N3_class_08,536,2,P0/P1->1;P0/P2->2;P1/P2->0,class_08_continuation_to_cap128.json
N3_class_08,537,2,P0/P1->1;P0/P2->2;P1/P2->0,class_08_continuation_to_cap128.json
N3_class_08,538,0,P0/P1->1;P0/P2->2;P1/P2->0,class_08_continuation_to_cap128.json
N3_class_08,539,2,P0/P1->1;P0/P2->2;P1/P2->0,class_08_continuation_to_cap128.json
N3_class_08,540,1,P0/P1->1;P0/P2->2;P1/P2->0,class_08_continuation_to_cap128.json
N3_class_08,541,0,P0/P1->1;P0/P2->2;P1/P2->0,class_08_continuation_to_cap128.json
N3_class_08,542,2,P0/P1->1;P0/P2->2;P1/P2->0,class_08_continuation_to_cap128.json
N3_class_08,543,0,P0/P1->1;P0/P2->2;P1/P2->0,class_08_continuation_to_cap128.json
N3_class_08,544,0,P0/P1->1;P0/P2->2;P1/P2->0,class_08_continuation_to_cap128.json
N3_class_08,545,2,P0/P1->1;P0/P2->2;P1/P2->0,class_08_continuation_to_cap128.json
N3_class_08,546,1,P0/P1->1;P0/P2->2;P1/P2->0,class_08_continuation_to_cap128.json
N3_class_08,547,2,P0/P1->1;P0/P2->2;P1/P2->0,class_08_continuation_to_cap128.json
N3_class_08,548,1,P0/P1->1;P0/P2->2;P1/P2->0,class_08_continuation_to_cap128.json
N3_class_08,549,2,P0/P1->1;P0/P2->2;P1/P2->0,class_08_continuation_to_cap128.json
N3_class_08,550,2,P0/P1->1;P0/P2->2;P1/P2->0,class_08_continuation_to_cap128.json
N3_class_08,551,1,P0/P1->1;P0/P2->2;P1/P2->0,class_08_continuation_to_cap128.json
N3_class_08,552,2,P0/P1->1;P0/P2->2;P1/P2->0,class_08_continuation_to_cap128.json
N3_class_08,553,0,P0/P1->1;P0/P2->2;P1/P2->0,class_08_continuation_to_cap128.json
N3_class_08,554,2,P0/P1->1;P0/P2->2;P1/P2->0,class_08_continuation_to_cap128.json
N3_class_08,555,2,P0/P1->1;P0/P2->2;P1/P2->0,class_08_continuation_to_cap128.json
N3_class_08,556,2,P0/P1->1;P0/P2->2;P1/P2->0,class_08_continuation_to_cap128.json
N3_class_08,557,1,P0/P1->1;P0/P2->2;P1/P2->0,class_08_continuation_to_cap128.json
N3_class_08,558,2,P0/P1->1;P0/P2->2;P1/P2->0,class_08_continuation_to_cap128.json
N3_class_08,559,0,P0/P1->1;P0/P2->2;P1/P2->0,class_08_continuation_to_cap128.json
N3_class_08,560,0,P0/P1->1;P0/P2->2;P1/P2->0,class_08_continuation_to_cap128.json
N3_class_08,561,2,P0/P1->1;P0/P2->2;P1/P2->0,class_08_continuation_to_cap128.json
N3_class_08,562,0,P0/P1->1;P0/P2->2;P1/P2->0,class_08_continuation_to_cap128.json
N3_class_08,563,1,P0/P1->1;P0/P2->2;P1/P2->0,class_08_continuation_to_cap128.json
N3_class_08,564,0,P0/P1->1;P0/P2->2;P1/P2->0,class_08_continuation_to_cap128.json
N3_class_08,565,0,P0/P1->1;P0/P2->2;P1/P2->0,class_08_continuation_to_cap128.json
N3_class_08,566,1,P0/P1->1;P0/P2->2;P1/P2->0,class_08_continuation_to_cap128.json
N3_class_08,567,0,P0/P1->1;P0/P2->2;P1/P2->0,class_08_continuation_to_cap128.json
N3_class_08,568,1,P0/P1->1;P0/P2->2;P1/P2->0,class_08_continuation_to_cap128.json
N3_class_08,569,1,P0/P1->1;P0/P2->2;P1/P2->0,class_08_continuation_to_cap128.json
N3_class_08,570,1,P0/P1->1;P0/P2->2;P1/P2->0,class_08_continuation_to_cap128.json
N3_class_08,571,0,P0/P1->1;P0/P2->2;P1/P2->0,class_08_continuation_to_cap128.json
N3_class_08,572,1,P0/P1->1;P0/P2->2;P1/P2->0,class_08_continuation_to_cap128.json
N3_class_08,573,0,P0/P1->1;P0/P2->2;P1/P2->0,class_08_continuation_to_cap128.json
N3_class_08,574,0,P0/P1->1;P0/P2->2;P1/P2->0,class_08_continuation_to_cap128.json
N3_class_08,575,2,P0/P1->1;P0/P2->2;P1/P2->0,class_08_continuation_to_cap128.json
N3_class_08,576,1,P0/P1->1;P0/P2->2;P1/P2->0,class_08_continuation_to_cap128.json
N3_class_08,577,2,P0/P1->1;P0/P2->2;P1/P2->0,class_08_continuation_to_cap128.json
N3_class_08,578,2,P0/P1->1;P0/P2->2;P1/P2->0,class_08_continuation_to_cap128.json
N3_class_08,579,0,P0/P1->1;P0/P2->2;P1/P2->0,class_08_continuation_to_cap128.json
N3_class_08,580,0,P0/P1->1;P0/P2->2;P1/P2->0,class_08_continuation_to_cap128.json
N3_class_08,581,2,P0/P1->1;P0/P2->2;P1/P2->0,class_08_continuation_to_cap128.json
N3_class_08,582,1,P0/P1->1;P0/P2->2;P1/P2->0,class_08_continuation_to_cap128.json
N3_class_08,583,0,P0/P1->1;P0/P2->2;P1/P2->0,class_08_continuation_to_cap128.json
N3_class_08,584,1,P0/P1->1;P0/P2->2;P1/P2->0,class_08_continuation_to_cap128.json
N3_class_08,585,1,P0/P1->1;P0/P2->2;P1/P2->0,class_08_continuation_to_cap128.json
N3_class_08,586,2,P0/P1->1;P0/P2->2;P1/P2->0,class_08_continuation_to_cap128.json
N3_class_08,587,0,P0/P1->1;P0/P2->2;P1/P2->0,class_08_continuation_to_cap128.json
N3_class_08,588,2,P0/P1->1;P0/P2->2;P1/P2->0,class_08_continuation_to_cap128.json
N3_class_08,589,0,P0/P1->1;P0/P2->2;P1/P2->0,class_08_continuation_to_cap128.json
N3_class_08,590,0,P0/P1->1;P0/P2->2;P1/P2->0,class_08_continuation_to_cap128.json
N3_class_08,591,2,P0/P1->1;P0/P2->2;P1/P2->0,class_08_continuation_to_cap128.json
N3_class_08,592,1,P0/P1->1;P0/P2->2;P1/P2->0,class_08_continuation_to_cap128.json
N3_class_08,593,2,P0/P1->1;P0/P2->2;P1/P2->0,class_08_continuation_to_cap128.json
N3_class_08,594,1,P0/P1->1;P0/P2->2;P1/P2->0,class_08_continuation_to_cap128.json
N3_class_08,595,2,P0/P1->1;P0/P2->2;P1/P2->0,class_08_continuation_to_cap128.json
N3_class_08,596,1,P0/P1->1;P0/P2->2;P1/P2->0,class_08_continuation_to_cap128.json
N3_class_08,597,0,P0/P1->1;P0/P2->2;P1/P2->0,class_08_continuation_to_cap128.json
N3_class_08,598,2,P0/P1->1;P0/P2->2;P1/P2->0,class_08_continuation_to_cap128.json
N3_class_08,599,1,P0/P1->1;P0/P2->2;P1/P2->0,class_08_continuation_to_cap128.json
N3_class_08,600,1,P0/P1->1;P0/P2->2;P1/P2->0,class_08_continuation_to_cap128.json
N3_class_08,601,2,P0/P1->1;P0/P2->2;P1/P2->0,class_08_continuation_to_cap128.json
N3_class_08,602,0,P0/P1->1;P0/P2->2;P1/P2->0,class_08_continuation_to_cap128.json
N3_class_08,603,0,P0/P1->1;P0/P2->2;P1/P2->0,class_08_continuation_to_cap128.json
N3_class_08,604,1,P0/P1->1;P0/P2->2;P1/P2->0,class_08_continuation_to_cap128.json
N3_class_08,605,2,P0/P1->1;P0/P2->2;P1/P2->0,class_08_continuation_to_cap128.json
N3_class_08,606,1,P0/P1->1;P0/P2->2;P1/P2->0,class_08_continuation_to_cap128.json
N3_class_08,607,1,P0/P1->1;P0/P2->2;P1/P2->0,class_08_continuation_to_cap128.json
N3_class_08,608,0,P0/P1->1;P0/P2->2;P1/P2->0,class_08_continuation_to_cap128.json
N3_class_08,609,1,P0/P1->1;P0/P2->2;P1/P2->0,class_08_continuation_to_cap128.json
N3_class_08,610,0,P0/P1->1;P0/P2->2;P1/P2->0,class_08_continuation_to_cap128.json
N3_class_08,611,1,P0/P1->1;P0/P2->2;P1/P2->0,class_08_continuation_to_cap128.json
N3_class_08,612,0,P0/P1->1;P0/P2->2;P1/P2->0,class_08_continuation_to_cap128.json
N3_class_08,613,0,P0/P1->1;P0/P2->2;P1/P2->0,class_08_continuation_to_cap128.json
N3_class_08,614,0,P0/P1->1;P0/P2->2;P1/P2->0,class_08_continuation_to_cap128.json
N3_class_08,615,2,P0/P1->1;P0/P2->2;P1/P2->0,class_08_continuation_to_cap128.json
N3_class_08,616,1,P0/P1->1;P0/P2->2;P1/P2->0,class_08_continuation_to_cap128.json
N3_class_08,617,1,P0/P1->1;P0/P2->2;P1/P2->0,class_08_continuation_to_cap128.json
N3_class_08,618,1,P0/P1->1;P0/P2->2;P1/P2->0,class_08_continuation_to_cap128.json
N3_class_08,619,2,P0/P1->1;P0/P2->2;P1/P2->0,class_08_continuation_to_cap128.json
N3_class_08,620,2,P0/P1->1;P0/P2->2;P1/P2->0,class_08_continuation_to_cap128.json
N3_class_08,621,0,P0/P1->1;P0/P2->2;P1/P2->0,class_08_continuation_to_cap128.json
N3_class_08,622,2,P0/P1->1;P0/P2->2;P1/P2->0,class_08_continuation_to_cap128.json
N3_class_08,623,1,P0/P1->1;P0/P2->2;P1/P2->0,class_08_continuation_to_cap128.json
N3_class_08,624,0,P0/P1->1;P0/P2->2;P1/P2->0,class_08_continuation_to_cap128.json
N3_class_08,625,1,P0/P1->1;P0/P2->2;P1/P2->0,class_08_continuation_to_cap128.json
N3_class_08,626,2,P0/P1->1;P0/P2->2;P1/P2->0,class_08_continuation_to_cap128.json
N3_class_08,627,2,P0/P1->1;P0/P2->2;P1/P2->0,class_08_continuation_to_cap128.json
N3_class_08,628,1,P0/P1->1;P0/P2->2;P1/P2->0,class_08_continuation_to_cap128.json
N3_class_08,629,1,P0/P1->1;P0/P2->2;P1/P2->0,class_08_continuation_to_cap128.json
N3_class_08,630,0,P0/P1->1;P0/P2->2;P1/P2->0,class_08_continuation_to_cap128.json
N3_class_08,631,1,P0/P1->1;P0/P2->2;P1/P2->0,class_08_continuation_to_cap128.json
N3_class_08,632,0,P0/P1->1;P0/P2->2;P1/P2->0,class_08_continuation_to_cap128.json
N3_class_08,633,0,P0/P1->1;P0/P2->2;P1/P2->0,class_08_continuation_to_cap128.json
N3_class_08,634,1,P0/P1->1;P0/P2->2;P1/P2->0,class_08_continuation_to_cap128.json
N3_class_08,635,0,P0/P1->1;P0/P2->2;P1/P2->0,class_08_continuation_to_cap128.json
N3_class_08,636,1,P0/P1->1;P0/P2->2;P1/P2->0,class_08_continuation_to_cap128.json
N3_class_08,637,0,P0/P1->1;P0/P2->2;P1/P2->0,class_08_continuation_to_cap128.json
N3_class_08,638,0,P0/P1->1;P0/P2->2;P1/P2->0,class_08_continuation_to_cap128.json
N3_class_08,639,0,P0/P1->1;P0/P2->2;P1/P2->0,class_08_continuation_to_cap128.json
N3_class_08,640,1,P0/P1->1;P0/P2->2;P1/P2->0,class_08_continuation_to_cap128.json
N3_class_08,641,0,P0/P1->1;P0/P2->2;P1/P2->0,class_08_continuation_to_cap128.json
N3_class_08,642,2,P0/P1->1;P0/P2->2;P1/P2->0,class_08_continuation_to_cap128.json
N3_class_08,643,1,P0/P1->1;P0/P2->2;P1/P2->0,class_08_continuation_to_cap128.json
N3_class_08,644,2,P0/P1->1;P0/P2->2;P1/P2->0,class_08_continuation_to_cap128.json
N3_class_08,645,2,P0/P1->1;P0/P2->2;P1/P2->0,class_08_continuation_to_cap128.json
N3_class_08,646,0,P0/P1->1;P0/P2->2;P1/P2->0,class_08_continuation_to_cap128.json
N3_class_08,647,1,P0/P1->1;P0/P2->2;P1/P2->0,class_08_continuation_to_cap128.json
N3_class_08,648,1,P0/P1->1;P0/P2->2;P1/P2->0,class_08_continuation_to_cap128.json
N3_class_08,649,1,P0/P1->1;P0/P2->2;P1/P2->0,class_08_continuation_to_cap128.json
N3_class_08,650,1,P0/P1->1;P0/P2->2;P1/P2->0,class_08_continuation_to_cap128.json
N3_class_08,651,1,P0/P1->1;P0/P2->2;P1/P2->0,class_08_continuation_to_cap128.json
N3_class_08,652,2,P0/P1->1;P0/P2->2;P1/P2->0,class_08_continuation_to_cap128.json
N3_class_08,653,1,P0/P1->1;P0/P2->2;P1/P2->0,class_08_continuation_to_cap128.json
N3_class_08,654,0,P0/P1->1;P0/P2->2;P1/P2->0,class_08_continuation_to_cap128.json
N3_class_08,655,1,P0/P1->1;P0/P2->2;P1/P2->0,class_08_continuation_to_cap128.json
N3_class_08,656,2,P0/P1->1;P0/P2->2;P1/P2->0,class_08_continuation_to_cap128.json
N3_class_08,657,0,P0/P1->1;P0/P2->2;P1/P2->0,class_08_continuation_to_cap128.json
N3_class_08,658,2,P0/P1->1;P0/P2->2;P1/P2->0,class_08_continuation_to_cap128.json
N3_class_08,659,1,P0/P1->1;P0/P2->2;P1/P2->0,class_08_continuation_to_cap128.json
N3_class_08,660,0,P0/P1->1;P0/P2->2;P1/P2->0,class_08_continuation_to_cap128.json
N3_class_08,661,1,P0/P1->1;P0/P2->2;P1/P2->0,class_08_continuation_to_cap128.json
N3_class_08,662,2,P0/P1->1;P0/P2->2;P1/P2->0,class_08_continuation_to_cap128.json
N3_class_08,663,1,P0/P1->1;P0/P2->2;P1/P2->0,class_08_continuation_to_cap128.json
N3_class_08,664,1,P0/P1->1;P0/P2->2;P1/P2->0,class_08_continuation_to_cap128.json
N3_class_08,665,0,P0/P1->1;P0/P2->2;P1/P2->0,class_08_continuation_to_cap128.json
N3_class_08,666,1,P0/P1->1;P0/P2->2;P1/P2->0,class_08_continuation_to_cap128.json
N3_class_08,667,2,P0/P1->1;P0/P2->2;P1/P2->0,class_08_continuation_to_cap128.json
N3_class_08,668,1,P0/P1->1;P0/P2->2;P1/P2->0,class_08_continuation_to_cap128.json
N3_class_08,669,1,P0/P1->1;P0/P2->2;P1/P2->0,class_08_continuation_to_cap128.json
N3_class_08,670,0,P0/P1->1;P0/P2->2;P1/P2->0,class_08_continuation_to_cap128.json
N3_class_08,671,2,P0/P1->1;P0/P2->2;P1/P2->0,class_08_continuation_to_cap128.json
N3_class_08,672,1,P0/P1->1;P0/P2->2;P1/P2->0,class_08_continuation_to_cap128.json
N3_class_08,673,2,P0/P1->1;P0/P2->2;P1/P2->0,class_08_continuation_to_cap128.json
N3_class_08,674,2,P0/P1->1;P0/P2->2;P1/P2->0,class_08_continuation_to_cap128.json
N3_class_08,675,1,P0/P1->1;P0/P2->2;P1/P2->0,class_08_continuation_to_cap128.json
N3_class_08,676,1,P0/P1->1;P0/P2->2;P1/P2->0,class_08_continuation_to_cap128.json
N3_class_08,677,0,P0/P1->1;P0/P2->2;P1/P2->0,class_08_continuation_to_cap128.json
N3_class_08,678,1,P0/P1->1;P0/P2->2;P1/P2->0,class_08_continuation_to_cap128.json
N3_class_08,679,0,P0/P1->1;P0/P2->2;P1/P2->0,class_08_continuation_to_cap128.json
N3_class_08,680,1,P0/P1->1;P0/P2->2;P1/P2->0,class_08_continuation_to_cap128.json
N3_class_08,681,0,P0/P1->1;P0/P2->2;P1/P2->0,class_08_continuation_to_cap128.json
N3_class_08,682,0,P0/P1->1;P0/P2->2;P1/P2->0,class_08_continuation_to_cap128.json
N3_class_08,683,1,P0/P1->1;P0/P2->2;P1/P2->0,class_08_continuation_to_cap128.json
N3_class_08,684,1,P0/P1->1;P0/P2->2;P1/P2->0,class_08_continuation_to_cap128.json
N3_class_08,685,0,P0/P1->1;P0/P2->2;P1/P2->0,class_08_continuation_to_cap128.json
N3_class_08,686,1,P0/P1->1;P0/P2->2;P1/P2->0,class_08_continuation_to_cap128.json
N3_class_08,687,1,P0/P1->1;P0/P2->2;P1/P2->0,class_08_continuation_to_cap128.json
N3_class_08,688,2,P0/P1->1;P0/P2->2;P1/P2->0,class_08_continuation_to_cap128.json
N3_class_08,689,2,P0/P1->1;P0/P2->2;P1/P2->0,class_08_continuation_to_cap128.json
N3_class_08,690,0,P0/P1->1;P0/P2->2;P1/P2->0,class_08_continuation_to_cap128.json
N3_class_08,691,0,P0/P1->1;P0/P2->2;P1/P2->0,class_08_continuation_to_cap128.json
N3_class_08,692,1,P0/P1->1;P0/P2->2;P1/P2->0,class_08_continuation_to_cap128.json
N3_class_08,693,2,P0/P1->1;P0/P2->2;P1/P2->0,class_08_continuation_to_cap128.json
N3_class_08,694,1,P0/P1->1;P0/P2->2;P1/P2->0,class_08_continuation_to_cap128.json
N3_class_08,695,1,P0/P1->1;P0/P2->2;P1/P2->0,class_08_continuation_to_cap128.json
N3_class_08,696,2,P0/P1->1;P0/P2->2;P1/P2->0,class_08_continuation_to_cap128.json
N3_class_08,697,0,P0/P1->1;P0/P2->2;P1/P2->0,class_08_continuation_to_cap128.json
N3_class_08,698,0,P0/P1->1;P0/P2->2;P1/P2->0,class_08_continuation_to_cap128.json
N3_class_08,699,0,P0/P1->1;P0/P2->2;P1/P2->0,class_08_continuation_to_cap128.json
N3_class_08,700,0,P0/P1->1;P0/P2->2;P1/P2->0,class_08_continuation_to_cap128.json
N3_class_08,701,1,P0/P1->1;P0/P2->2;P1/P2->0,class_08_continuation_to_cap128.json
N3_class_08,702,0,P0/P1->1;P0/P2->2;P1/P2->0,class_08_continuation_to_cap128.json
N3_class_08,703,1,P0/P1->1;P0/P2->2;P1/P2->0,class_08_continuation_to_cap128.json
N3_class_08,704,1,P0/P1->1;P0/P2->2;P1/P2->0,class_08_continuation_to_cap128.json
N3_class_08,705,2,P0/P1->1;P0/P2->2;P1/P2->0,class_08_continuation_to_cap128.json
N3_class_08,706,1,P0/P1->1;P0/P2->2;P1/P2->0,class_08_continuation_to_cap128.json
N3_class_08,707,0,P0/P1->1;P0/P2->2;P1/P2->0,class_08_continuation_to_cap128.json
N3_class_08,708,0,P0/P1->1;P0/P2->2;P1/P2->0,class_08_continuation_to_cap128.json
N3_class_08,709,1,P0/P1->1;P0/P2->2;P1/P2->0,class_08_continuation_to_cap128.json
N3_class_08,710,1,P0/P1->1;P0/P2->2;P1/P2->0,class_08_continuation_to_cap128.json
N3_class_08,711,0,P0/P1->1;P0/P2->2;P1/P2->0,class_08_continuation_to_cap128.json
N3_class_08,712,0,P0/P1->1;P0/P2->2;P1/P2->0,class_08_continuation_to_cap128.json
N3_class_08,713,1,P0/P1->1;P0/P2->2;P1/P2->0,class_08_continuation_to_cap128.json
N3_class_08,714,1,P0/P1->1;P0/P2->2;P1/P2->0,class_08_continuation_to_cap128.json
N3_class_08,715,2,P0/P1->1;P0/P2->2;P1/P2->0,class_08_continuation_to_cap128.json
N3_class_08,716,0,P0/P1->1;P0/P2->2;P1/P2->0,class_08_continuation_to_cap128.json
N3_class_08,717,2,P0/P1->1;P0/P2->2;P1/P2->0,class_08_continuation_to_cap128.json
N3_class_08,718,0,P0/P1->1;P0/P2->2;P1/P2->0,class_08_continuation_to_cap128.json
N3_class_08,719,1,P0/P1->1;P0/P2->2;P1/P2->0,class_08_continuation_to_cap128.json
N3_class_08,720,1,P0/P1->1;P0/P2->2;P1/P2->0,class_08_continuation_to_cap128.json
N3_class_08,721,2,P0/P1->1;P0/P2->2;P1/P2->0,class_08_continuation_to_cap128.json
N3_class_08,722,1,P0/P1->1;P0/P2->2;P1/P2->0,class_08_continuation_to_cap128.json
N3_class_08,723,1,P0/P1->1;P0/P2->2;P1/P2->0,class_08_continuation_to_cap128.json
N3_class_08,724,2,P0/P1->1;P0/P2->2;P1/P2->0,class_08_continuation_to_cap128.json
N3_class_08,725,2,P0/P1->1;P0/P2->2;P1/P2->0,class_08_continuation_to_cap128.json
N3_class_08,726,1,P0/P1->1;P0/P2->2;P1/P2->0,class_08_continuation_to_cap128.json
N3_class_08,727,2,P0/P1->1;P0/P2->2;P1/P2->0,class_08_continuation_to_cap128.json
N3_class_08,728,2,P0/P1->1;P0/P2->2;P1/P2->0,class_08_continuation_to_cap128.json
N3_class_08,729,0,P0/P1->1;P0/P2->2;P1/P2->0,class_08_continuation_to_cap128.json
N3_class_08,730,0,P0/P1->1;P0/P2->2;P1/P2->0,class_08_continuation_to_cap128.json
N3_class_08,731,2,P0/P1->1;P0/P2->2;P1/P2->0,class_08_continuation_to_cap128.json
N3_class_08,732,0,P0/P1->1;P0/P2->2;P1/P2->0,class_08_continuation_to_cap128.json
N3_class_08,733,0,P0/P1->1;P0/P2->2;P1/P2->0,class_08_continuation_to_cap128.json
N3_class_08,734,1,P0/P1->1;P0/P2->2;P1/P2->0,class_08_continuation_to_cap128.json
N3_class_08,735,0,P0/P1->1;P0/P2->2;P1/P2->0,class_08_continuation_to_cap128.json
N3_class_08,736,1,P0/P1->1;P0/P2->2;P1/P2->0,class_08_continuation_to_cap128.json
N3_class_08,737,2,P0/P1->1;P0/P2->2;P1/P2->0,class_08_continuation_to_cap128.json
N3_class_08,738,2,P0/P1->1;P0/P2->2;P1/P2->0,class_08_continuation_to_cap128.json
N3_class_08,739,0,P0/P1->1;P0/P2->2;P1/P2->0,class_08_continuation_to_cap128.json
N3_class_08,740,2,P0/P1->1;P0/P2->2;P1/P2->0,class_08_continuation_to_cap128.json
N3_class_08,741,2,P0/P1->1;P0/P2->2;P1/P2->0,class_08_continuation_to_cap128.json
N3_class_08,742,0,P0/P1->1;P0/P2->2;P1/P2->0,class_08_continuation_to_cap128.json
N3_class_08,743,2,P0/P1->1;P0/P2->2;P1/P2->0,class_08_continuation_to_cap128.json
N3_class_08,744,2,P0/P1->1;P0/P2->2;P1/P2->0,class_08_continuation_to_cap128.json
N3_class_08,745,0,P0/P1->1;P0/P2->2;P1/P2->0,class_08_continuation_to_cap128.json
N3_class_08,746,2,P0/P1->1;P0/P2->2;P1/P2->0,class_08_continuation_to_cap128.json
N3_class_08,747,1,P0/P1->1;P0/P2->2;P1/P2->0,class_08_continuation_to_cap128.json
N3_class_08,748,2,P0/P1->1;P0/P2->2;P1/P2->0,class_08_continuation_to_cap128.json
N3_class_08,749,1,P0/P1->1;P0/P2->2;P1/P2->0,class_08_continuation_to_cap128.json
N3_class_08,750,2,P0/P1->1;P0/P2->2;P1/P2->0,class_08_continuation_to_cap128.json
N3_class_08,751,1,P0/P1->1;P0/P2->2;P1/P2->0,class_08_continuation_to_cap128.json
N3_class_08,752,1,P0/P1->1;P0/P2->2;P1/P2->0,class_08_continuation_to_cap128.json
N3_class_08,753,2,P0/P1->1;P0/P2->2;P1/P2->0,class_08_continuation_to_cap128.json
N3_class_08,754,1,P0/P1->1;P0/P2->2;P1/P2->0,class_08_continuation_to_cap128.json
N3_class_08,755,1,P0/P1->1;P0/P2->2;P1/P2->0,class_08_continuation_to_cap128.json
N3_class_08,756,0,P0/P1->1;P0/P2->2;P1/P2->0,class_08_continuation_to_cap128.json
N3_class_08,757,0,P0/P1->1;P0/P2->2;P1/P2->0,class_08_continuation_to_cap128.json
N3_class_08,758,0,P0/P1->1;P0/P2->2;P1/P2->0,class_08_continuation_to_cap128.json
N3_class_08,759,1,P0/P1->1;P0/P2->2;P1/P2->0,class_08_continuation_to_cap128.json
N3_class_08,760,1,P0/P1->1;P0/P2->2;P1/P2->0,class_08_continuation_to_cap128.json
N3_class_08,761,1,P0/P1->1;P0/P2->2;P1/P2->0,class_08_continuation_to_cap128.json
N3_class_08,762,2,P0/P1->1;P0/P2->2;P1/P2->0,class_08_continuation_to_cap128.json
N3_class_08,763,0,P0/P1->1;P0/P2->2;P1/P2->0,class_08_continuation_to_cap128.json
N3_class_08,764,2,P0/P1->1;P0/P2->2;P1/P2->0,class_08_continuation_to_cap128.json
N3_class_08,765,1,P0/P1->1;P0/P2->2;P1/P2->0,class_08_continuation_to_cap128.json
N3_class_08,766,0,P0/P1->1;P0/P2->2;P1/P2->0,class_08_continuation_to_cap128.json
N3_class_08,767,2,P0/P1->1;P0/P2->2;P1/P2->0,class_08_continuation_to_cap128.json
N3_class_08,768,1,P0/P1->1;P0/P2->2;P1/P2->0,class_08_continuation_to_cap128.json
N3_class_08,769,2,P0/P1->1;P0/P2->2;P1/P2->0,class_08_continuation_to_cap128.json
N3_class_08,770,1,P0/P1->1;P0/P2->2;P1/P2->0,class_08_continuation_to_cap128.json
N3_class_08,771,0,P0/P1->1;P0/P2->2;P1/P2->0,class_08_continuation_to_cap128.json
N3_class_08,772,2,P0/P1->1;P0/P2->2;P1/P2->0,class_08_continuation_to_cap128.json
N3_class_08,773,0,P0/P1->1;P0/P2->2;P1/P2->0,class_08_continuation_to_cap128.json
N3_class_08,774,1,P0/P1->1;P0/P2->2;P1/P2->0,class_08_continuation_to_cap128.json
N3_class_08,775,2,P0/P1->1;P0/P2->2;P1/P2->0,class_08_continuation_to_cap128.json
N3_class_08,776,1,P0/P1->1;P0/P2->2;P1/P2->0,class_08_continuation_to_cap128.json
N3_class_08,777,2,P0/P1->1;P0/P2->2;P1/P2->0,class_08_continuation_to_cap128.json
N3_class_08,778,1,P0/P1->1;P0/P2->2;P1/P2->0,class_08_continuation_to_cap128.json
N3_class_08,779,1,P0/P1->1;P0/P2->2;P1/P2->0,class_08_continuation_to_cap128.json
N3_class_08,780,2,P0/P1->1;P0/P2->2;P1/P2->0,class_08_continuation_to_cap128.json
N3_class_08,781,0,P0/P1->1;P0/P2->2;P1/P2->0,class_08_continuation_to_cap128.json
N3_class_08,782,1,P0/P1->1;P0/P2->2;P1/P2->0,class_08_continuation_to_cap128.json
N3_class_08,783,0,P0/P1->1;P0/P2->2;P1/P2->0,class_08_continuation_to_cap128.json
N3_class_08,784,1,P0/P1->1;P0/P2->2;P1/P2->0,class_08_continuation_to_cap128.json
N3_class_08,785,0,P0/P1->1;P0/P2->2;P1/P2->0,class_08_continuation_to_cap128.json
N3_class_08,786,1,P0/P1->1;P0/P2->2;P1/P2->0,class_08_continuation_to_cap128.json
N3_class_08,787,2,P0/P1->1;P0/P2->2;P1/P2->0,class_08_continuation_to_cap128.json
N3_class_08,788,0,P0/P1->1;P0/P2->2;P1/P2->0,class_08_continuation_to_cap128.json
N3_class_08,789,1,P0/P1->1;P0/P2->2;P1/P2->0,class_08_continuation_to_cap128.json
N3_class_08,790,0,P0/P1->1;P0/P2->2;P1/P2->0,class_08_continuation_to_cap128.json
N3_class_08,791,2,P0/P1->1;P0/P2->2;P1/P2->0,class_08_continuation_to_cap128.json
N3_class_08,792,1,P0/P1->1;P0/P2->2;P1/P2->0,class_08_continuation_to_cap128.json
N3_class_08,793,1,P0/P1->1;P0/P2->2;P1/P2->0,class_08_continuation_to_cap128.json
N3_class_08,794,1,P0/P1->1;P0/P2->2;P1/P2->0,class_08_continuation_to_cap128.json
N3_class_08,795,2,P0/P1->1;P0/P2->2;P1/P2->0,class_08_continuation_to_cap128.json
N3_class_08,796,0,P0/P1->1;P0/P2->2;P1/P2->0,class_08_continuation_to_cap128.json
N3_class_08,797,0,P0/P1->1;P0/P2->2;P1/P2->0,class_08_continuation_to_cap128.json
N3_class_08,798,0,P0/P1->1;P0/P2->2;P1/P2->0,class_08_continuation_to_cap128.json
N3_class_08,799,2,P0/P1->1;P0/P2->2;P1/P2->0,class_08_continuation_to_cap128.json
N3_class_08,800,1,P0/P1->1;P0/P2->2;P1/P2->0,class_08_continuation_to_cap128.json
N3_class_08,801,2,P0/P1->1;P0/P2->2;P1/P2->0,class_08_continuation_to_cap128.json
N3_class_08,802,1,P0/P1->1;P0/P2->2;P1/P2->0,class_08_continuation_to_cap128.json
N3_class_08,803,0,P0/P1->1;P0/P2->2;P1/P2->0,class_08_continuation_to_cap128.json
N3_class_08,804,2,P0/P1->1;P0/P2->2;P1/P2->0,class_08_continuation_to_cap128.json
N3_class_08,805,1,P0/P1->1;P0/P2->2;P1/P2->0,class_08_continuation_to_cap128.json
N3_class_08,806,1,P0/P1->1;P0/P2->2;P1/P2->0,class_08_continuation_to_cap128.json
N3_class_08,807,2,P0/P1->1;P0/P2->2;P1/P2->0,class_08_continuation_to_cap128.json
N3_class_08,808,2,P0/P1->1;P0/P2->2;P1/P2->0,class_08_continuation_to_cap128.json
N3_class_08,809,0,P0/P1->1;P0/P2->2;P1/P2->0,class_08_continuation_to_cap128.json
N3_class_08,810,1,P0/P1->1;P0/P2->2;P1/P2->0,class_08_continuation_to_cap128.json
N3_class_08,811,1,P0/P1->1;P0/P2->2;P1/P2->0,class_08_continuation_to_cap128.json
N3_class_08,812,2,P0/P1->1;P0/P2->2;P1/P2->0,class_08_continuation_to_cap128.json
N3_class_08,813,2,P0/P1->1;P0/P2->2;P1/P2->0,class_08_continuation_to_cap128.json
N3_class_08,814,1,P0/P1->1;P0/P2->2;P1/P2->0,class_08_continuation_to_cap128.json
N3_class_08,815,2,P0/P1->1;P0/P2->2;P1/P2->0,class_08_continuation_to_cap128.json
N3_class_08,816,0,P0/P1->1;P0/P2->2;P1/P2->0,class_08_continuation_to_cap128.json
N3_class_08,817,1,P0/P1->1;P0/P2->2;P1/P2->0,class_08_continuation_to_cap128.json
N3_class_08,818,2,P0/P1->1;P0/P2->2;P1/P2->0,class_08_continuation_to_cap128.json
N3_class_08,819,2,P0/P1->1;P0/P2->2;P1/P2->0,class_08_continuation_to_cap128.json
N3_class_08,820,2,P0/P1->1;P0/P2->2;P1/P2->0,class_08_continuation_to_cap128.json
N3_class_08,821,2,P0/P1->1;P0/P2->2;P1/P2->0,class_08_continuation_to_cap128.json
N3_class_08,822,1,P0/P1->1;P0/P2->2;P1/P2->0,class_08_continuation_to_cap128.json
N3_class_08,823,0,P0/P1->1;P0/P2->2;P1/P2->0,class_08_continuation_to_cap128.json
N3_class_08,824,2,P0/P1->1;P0/P2->2;P1/P2->0,class_08_continuation_to_cap128.json
N3_class_08,825,0,P0/P1->1;P0/P2->2;P1/P2->0,class_08_continuation_to_cap128.json
N3_class_08,826,1,P0/P1->1;P0/P2->2;P1/P2->0,class_08_continuation_to_cap128.json
