# REPHEX current computed pattern
# axiom=F level=5 cells=15841
# source=F: F@e; F -> F + {B_i@g_i : i=0..5}
# q r state orientation colour_index dark_cap leaf_tag
0 -88 B 1 1 0 N
1 -88 G 2 3 0 U
4 -88 C 2 1 1 N
12 -88 C 2 1 1 N
33 -88 C 2 1 1 N
88 -88 B 2 1 0 N
0 -87 1 1 0 0 N
1 -87 G 3 2 0 U
2 -87 G 1 4 0 U
3 -87 1 2 0 0 N
4 -87 G 3 3 0 U
10 -87 G 1 4 0 U
11 -87 1 2 0 0 N
12 -87 G 3 3 0 U
31 -87 G 1 4 0 U
32 -87 1 2 0 0 N
33 -87 G 3 3 0 U
86 -87 G 1 4 0 U
87 -87 1 2 0 0 N
88 -87 G 3 3 0 U
-1 -86 G 0 4 0 U
0 -86 0 1 0 0 N
1 -86 G 0 5 0 U
2 -86 0 2 0 0 N
3 -86 G 4 2 0 U
9 -86 G 0 5 0 U
10 -86 0 2 0 0 N
11 -86 G 4 2 0 U
30 -86 G 0 5 0 U
31 -86 0 2 0 0 N
32 -86 G 4 2 0 U
85 -86 G 0 5 0 U
86 -86 0 2 0 0 N
87 -86 G 4 2 0 U
-1 -85 G 5 5 0 U
0 -85 B 1 2 0 N
1 -85 B 2 6 0 N
2 -85 G 1 5 0 U
3 -85 G 2 4 0 U
5 -85 C 1 1 1 N
6 -85 G 2 3 0 U
9 -85 B 2 2 0 N
10 -85 G 1 5 0 U
11 -85 G 2 4 0 U
26 -85 C 1 1 1 N
27 -85 G 2 3 0 U
30 -85 B 2 2 0 N
31 -85 G 1 5 0 U
32 -85 G 2 4 0 U
81 -85 C 1 1 1 N
82 -85 G 2 3 0 U
85 -85 B 2 2 0 N
86 -85 G 1 5 0 U
87 -85 G 2 4 0 U
0 -84 1 1 1 0 N
1 -84 B 3 5 0 N
2 -84 0 3 0 0 N
3 -84 1 3 0 0 N
4 -84 C 3 1 1 N
5 -84 1 1 0 0 N
6 -84 G 3 2 0 U
7 -84 G 1 9 0 U
8 -84 1 2 1 0 N
9 -84 B 3 6 0 N
10 -84 0 3 0 0 N
11 -84 1 3 0 0 N
12 -84 C 3 1 1 N
26 -84 1 1 0 0 N
27 -84 G 3 2 0 U
28 -84 G 1 9 0 U
29 -84 1 2 1 0 N
30 -84 B 3 6 0 N
31 -84 0 3 0 0 N
32 -84 1 3 0 0 N
33 -84 C 3 1 1 N
81 -84 1 1 0 0 N
82 -84 G 3 2 0 U
83 -84 G 1 9 0 U
84 -84 1 2 1 0 N
85 -84 B 3 6 0 N
86 -84 0 3 0 0 N
87 -84 1 3 0 0 N
88 -84 C 3 1 1 N
-1 -83 G 0 9 0 U
0 -83 0 1 1 0 N
1 -83 G 2 4 0 P
2 -83 G 5 2 0 P
3 -83 G 4 3 0 P
4 -83 G 0 4 0 P
5 -83 0 1 0 0 N
6 -83 G 0 10 0 U
7 -83 0 2 1 0 N
8 -83 B 4 5 0 N
9 -83 G 2 5 0 U
10 -83 G 5 2 0 U
11 -83 G 4 3 0 U
25 -83 G 0 4 0 U
26 -83 0 1 0 0 N
27 -83 G 0 10 0 U
28 -83 0 2 1 0 N
29 -83 B 4 5 0 N
30 -83 G 2 5 0 U
31 -83 G 5 2 0 U
32 -83 G 4 3 0 U
80 -83 G 0 4 0 U
81 -83 0 1 0 0 N
82 -83 G 0 10 0 U
83 -83 0 2 1 0 N
84 -83 B 4 5 0 N
85 -83 G 2 5 0 U
86 -83 G 5 2 0 U
87 -83 G 4 3 0 U
-3 -82 G 1 3 0 U
-2 -82 G 2 2 0 U
-1 -82 G 5 10 0 U
0 -82 1 1 0 0 N
1 -82 G 3 3 0 P
2 -82 G 1 3 0 P
3 -82 G 2 2 0 P
4 -82 G 5 5 0 P
5 -82 B 1 7 0 N
6 -82 1 2 0 0 N
7 -82 G 3 4 0 P
8 -82 0 4 0 0 N
9 -82 G 3 4 0 U
23 -82 G 1 3 0 U
24 -82 G 2 2 0 U
25 -82 G 5 5 0 U
26 -82 B 1 7 0 N
27 -82 1 2 0 0 N
28 -82 G 3 4 0 P
29 -82 0 4 0 0 N
30 -82 G 3 4 0 U
78 -82 G 1 3 0 U
79 -82 G 2 2 0 U
80 -82 G 5 5 0 U
81 -82 B 1 7 0 N
82 -82 1 2 0 0 N
83 -82 G 3 4 0 P
84 -82 0 4 0 0 N
85 -82 G 3 4 0 U
-4 -81 C 0 1 1 N
-3 -81 1 0 0 0 N
-2 -81 0 0 0 0 N
-1 -81 B 0 7 0 N
0 -81 0 1 0 0 N
1 -81 C 0 1 1 N
2 -81 1 0 0 0 N
3 -81 0 0 0 0 N
4 -81 B 0 8 0 N
5 -81 0 2 0 0 N
6 -81 G 4 3 0 P
7 -81 G 0 2 0 P
8 -81 1 4 0 0 N
22 -81 C 0 1 1 N
23 -81 1 0 0 0 N
24 -81 0 0 0 0 N
25 -81 B 0 8 0 N
26 -81 0 2 0 0 N
27 -81 G 4 3 0 P
28 -81 G 0 2 0 P
29 -81 1 4 0 0 N
77 -81 C 0 1 1 N
78 -81 1 0 0 0 N
79 -81 0 0 0 0 N
80 -81 B 0 8 0 N
81 -81 0 2 0 0 N
82 -81 G 4 3 0 P
83 -81 G 0 2 0 P
84 -81 1 4 0 0 N
-3 -80 G 5 4 0 U
-2 -80 G 4 5 0 U
-1 -80 B 5 8 0 N
0 -80 B 1 1 0 N
1 -80 G 2 3 0 T
2 -80 G 5 4 0 T
3 -80 G 4 5 0 T
4 -80 B 2 1 0 N
5 -80 C 1 1 1 N
6 -80 G 2 3 0 P
7 -80 G 5 3 0 P
8 -80 C 4 1 1 N
9 -80 C 2 1 1 N
13 -80 C 1 1 1 N
14 -80 G 2 3 0 U
17 -80 C 2 1 1 N
23 -80 G 5 4 0 U
24 -80 G 4 5 0 U
25 -80 B 2 1 0 N
26 -80 C 1 1 1 N
27 -80 G 2 3 0 P
28 -80 G 5 3 0 P
29 -80 C 4 1 1 N
30 -80 C 2 1 1 N
68 -80 C 1 1 1 N
69 -80 G 2 3 0 U
72 -80 C 2 1 1 N
78 -80 G 5 4 0 U
79 -80 G 4 5 0 U
80 -80 B 2 1 0 N
81 -80 C 1 1 1 N
82 -80 G 2 3 0 P
83 -80 G 5 3 0 P
84 -80 C 4 1 1 N
85 -80 C 2 1 1 N
-3 -79 G 1 2 0 U
-2 -79 0 5 0 0 N
-1 -79 G 3 5 0 U
0 -79 1 1 0 0 N
1 -79 G 3 2 0 T
2 -79 G 1 4 0 T
3 -79 1 2 0 0 N
4 -79 G 3 3 0 T
5 -79 1 1 0 0 N
6 -79 G 3 2 0 P
7 -79 G 1 4 0 P
8 -79 1 2 0 0 N
9 -79 G 3 3 0 U
13 -79 1 1 0 0 N
14 -79 G 3 2 0 U
15 -79 G 1 4 0 U
16 -79 1 2 0 0 N
17 -79 G 3 3 0 U
23 -79 G 1 4 0 U
24 -79 1 2 0 0 N
25 -79 G 3 3 0 T
26 -79 1 1 0 0 N
27 -79 G 3 2 0 P
28 -79 G 1 4 0 P
29 -79 1 2 0 0 N
30 -79 G 3 3 0 U
68 -79 1 1 0 0 N
69 -79 G 3 2 0 U
70 -79 G 1 4 0 U
71 -79 1 2 0 0 N
72 -79 G 3 3 0 U
78 -79 G 1 4 0 U
79 -79 1 2 0 0 N
80 -79 G 3 3 0 T
81 -79 1 1 0 0 N
82 -79 G 3 2 0 P
83 -79 G 1 4 0 P
84 -79 1 2 0 0 N
85 -79 G 3 3 0 U
-4 -78 G 0 3 0 U
-3 -78 1 5 0 0 N
-2 -78 G 4 4 0 U
-1 -78 G 0 4 0 U
0 -78 0 1 0 0 N
1 -78 G 0 5 0 T
2 -78 0 2 0 0 N
3 -78 G 4 2 0 T
4 -78 G 0 4 0 T
5 -78 0 1 0 0 N
6 -78 G 0 5 0 P
7 -78 0 2 0 0 N
8 -78 G 4 2 0 U
12 -78 G 0 4 0 U
13 -78 0 1 0 0 N
14 -78 G 0 5 0 U
15 -78 0 2 0 0 N
16 -78 G 4 2 0 U
22 -78 G 0 5 0 U
23 -78 0 2 0 0 N
24 -78 G 4 2 0 T
25 -78 G 0 4 0 T
26 -78 0 1 0 0 N
27 -78 G 0 5 0 P
28 -78 0 2 0 0 N
29 -78 G 4 2 0 U
67 -78 G 0 4 0 U
68 -78 0 1 0 0 N
69 -78 G 0 5 0 U
70 -78 0 2 0 0 N
71 -78 G 4 2 0 U
77 -78 G 0 5 0 U
78 -78 0 2 0 0 N
79 -78 G 4 2 0 T
80 -78 G 0 4 0 T
81 -78 0 1 0 0 N
82 -78 G 0 5 0 P
83 -78 0 2 0 0 N
84 -78 G 4 2 0 U
-4 -77 C 5 1 1 N
-1 -77 G 5 5 0 U
0 -77 B 1 2 0 N
1 -77 B 2 6 0 N
2 -77 G 1 5 0 T
3 -77 G 2 4 0 T
4 -77 G 5 5 0 T
5 -77 B 1 8 0 N
6 -77 B 2 7 0 N
7 -77 G 1 10 0 U
8 -77 G 2 9 0 U
10 -77 G 1 5 0 U
11 -77 G 2 4 0 U
12 -77 G 5 5 0 U
13 -77 B 1 2 0 N
14 -77 B 2 6 0 N
15 -77 G 1 5 0 U
16 -77 G 2 4 0 U
18 -77 C 1 1 1 N
19 -77 G 2 3 0 U
22 -77 B 2 2 0 N
23 -77 G 1 5 0 T
24 -77 G 2 4 0 T
25 -77 G 5 5 0 T
26 -77 B 1 8 0 N
27 -77 B 2 7 0 N
28 -77 G 1 10 0 U
29 -77 G 2 9 0 U
31 -77 G 1 5 0 U
32 -77 G 2 4 0 U
67 -77 G 5 5 0 U
68 -77 B 1 2 0 N
69 -77 B 2 6 0 N
70 -77 G 1 5 0 U
71 -77 G 2 4 0 U
73 -77 C 1 1 1 N
74 -77 G 2 3 0 U
77 -77 B 2 2 0 N
78 -77 G 1 5 0 T
79 -77 G 2 4 0 T
80 -77 G 5 5 0 T
81 -77 B 1 8 0 N
82 -77 B 2 7 0 N
83 -77 G 1 10 0 U
84 -77 G 2 9 0 U
86 -77 G 1 5 0 U
87 -77 G 2 4 0 U
0 -76 1 1 1 0 N
1 -76 B 3 5 0 N
2 -76 0 3 0 0 N
3 -76 1 3 0 0 N
4 -76 B 3 1 0 N
5 -76 0 3 0 0 N
6 -76 1 3 0 0 N
7 -76 0 3 1 0 N
8 -76 1 3 1 0 N
9 -76 B 3 2 0 N
10 -76 0 3 0 0 N
11 -76 1 3 0 0 N
12 -76 C 3 1 1 N
13 -76 1 1 1 0 N
14 -76 B 3 5 0 N
15 -76 0 3 0 0 N
16 -76 1 3 0 0 N
17 -76 C 3 1 1 N
18 -76 1 1 0 0 N
19 -76 G 3 2 0 U
20 -76 G 1 9 0 U
21 -76 1 2 1 0 N
22 -76 B 3 6 0 N
23 -76 0 3 0 0 N
24 -76 1 3 0 0 N
25 -76 B 3 1 0 N
26 -76 0 3 0 0 N
27 -76 1 3 0 0 N
28 -76 0 3 1 0 N
29 -76 1 3 1 0 N
30 -76 B 3 2 0 N
31 -76 0 3 0 0 N
32 -76 1 3 0 0 N
33 -76 C 3 1 1 N
68 -76 1 1 1 0 N
69 -76 B 3 5 0 N
70 -76 0 3 0 0 N
71 -76 1 3 0 0 N
72 -76 C 3 1 1 N
73 -76 1 1 0 0 N
74 -76 G 3 2 0 U
75 -76 G 1 9 0 U
76 -76 1 2 1 0 N
77 -76 B 3 6 0 N
78 -76 0 3 0 0 N
79 -76 1 3 0 0 N
80 -76 B 3 1 0 N
81 -76 0 3 0 0 N
82 -76 1 3 0 0 N
83 -76 0 3 1 0 N
84 -76 1 3 1 0 N
85 -76 B 3 2 0 N
86 -76 0 3 0 0 N
87 -76 1 3 0 0 N
88 -76 C 3 1 1 N
-1 -75 G 0 9 0 U
0 -75 0 1 1 0 N
1 -75 G 2 4 0 T
2 -75 G 5 2 0 T
3 -75 G 4 3 0 T
4 -75 C 2 1 1 N
5 -75 G 5 3 0 P
6 -75 G 4 4 0 P
7 -75 B 5 5 0 N
8 -75 B 4 6 0 N
9 -75 G 2 5 0 P
10 -75 G 5 2 0 P
11 -75 G 4 3 0 P
12 -75 G 0 9 0 P
13 -75 0 1 1 0 N
14 -75 G 2 4 0 P
15 -75 G 5 2 0 P
16 -75 G 4 3 0 P
17 -75 G 0 4 0 P
18 -75 0 1 0 0 N
19 -75 G 0 10 0 U
20 -75 0 2 1 0 N
21 -75 B 4 5 0 N
22 -75 G 2 5 0 T
23 -75 G 5 2 0 T
24 -75 G 4 3 0 T
25 -75 C 2 1 1 N
26 -75 G 5 3 0 P
27 -75 G 4 4 0 P
28 -75 B 5 5 0 N
29 -75 B 4 6 0 N
30 -75 G 2 5 0 U
31 -75 G 5 2 0 U
32 -75 G 4 3 0 U
67 -75 G 0 9 0 U
68 -75 0 1 1 0 N
69 -75 G 2 4 0 P
70 -75 G 5 2 0 P
71 -75 G 4 3 0 P
72 -75 G 0 4 0 P
73 -75 0 1 0 0 N
74 -75 G 0 10 0 U
75 -75 0 2 1 0 N
76 -75 B 4 5 0 N
77 -75 G 2 5 0 T
78 -75 G 5 2 0 T
79 -75 G 4 3 0 T
80 -75 C 2 1 1 N
81 -75 G 5 3 0 P
82 -75 G 4 4 0 P
83 -75 B 5 5 0 N
84 -75 B 4 6 0 N
85 -75 G 2 5 0 U
86 -75 G 5 2 0 U
87 -75 G 4 3 0 U
-3 -74 G 1 3 0 U
-2 -74 G 2 2 0 U
-1 -74 G 5 10 0 U
0 -74 1 1 0 0 N
1 -74 G 3 3 0 T
2 -74 G 1 4 0 T
3 -74 1 2 0 0 N
4 -74 G 3 3 0 P
5 -74 G 1 2 0 P
6 -74 0 5 0 0 N
7 -74 G 3 5 0 P
8 -74 0 4 0 0 N
9 -74 G 3 4 0 P
10 -74 G 1 3 0 P
11 -74 G 2 2 0 P
12 -74 G 5 10 0 P
13 -74 1 1 0 0 N
14 -74 G 3 3 0 P
15 -74 G 1 3 0 P
16 -74 G 2 2 0 P
17 -74 G 5 5 0 P
18 -74 B 1 7 0 N
19 -74 1 2 0 0 N
20 -74 G 3 4 0 T
21 -74 0 4 0 0 N
22 -74 G 3 4 0 T
23 -74 G 1 4 0 T
24 -74 1 2 0 0 N
25 -74 G 3 3 0 P
26 -74 G 1 2 0 P
27 -74 0 5 0 0 N
28 -74 G 3 5 0 U
29 -74 0 4 0 0 N
30 -74 G 3 4 0 U
65 -74 G 1 3 0 U
66 -74 G 2 2 0 U
67 -74 G 5 10 0 U
68 -74 1 1 0 0 N
69 -74 G 3 3 0 P
70 -74 G 1 3 0 P
71 -74 G 2 2 0 P
72 -74 G 5 5 0 P
73 -74 B 1 7 0 N
74 -74 1 2 0 0 N
75 -74 G 3 4 0 T
76 -74 0 4 0 0 N
77 -74 G 3 4 0 T
78 -74 G 1 4 0 T
79 -74 1 2 0 0 N
80 -74 G 3 3 0 P
81 -74 G 1 2 0 P
82 -74 0 5 0 0 N
83 -74 G 3 5 0 U
84 -74 0 4 0 0 N
85 -74 G 3 4 0 U
-4 -73 C 0 1 1 N
-3 -73 1 0 0 0 N
-2 -73 0 0 0 0 N
-1 -73 B 0 7 0 N
0 -73 0 1 0 0 N
1 -73 G 0 5 0 T
2 -73 0 2 0 0 N
3 -73 G 4 2 0 P
4 -73 G 0 3 0 P
5 -73 1 5 0 0 N
6 -73 G 4 4 0 P
7 -73 G 0 2 0 P
8 -73 1 4 0 0 N
9 -73 C 0 1 1 N
10 -73 1 0 0 0 N
11 -73 0 0 0 0 N
12 -73 B 0 7 0 N
13 -73 0 1 0 0 N
14 -73 C 0 1 1 N
15 -73 1 0 0 0 N
16 -73 0 0 0 0 N
17 -73 B 0 8 0 N
18 -73 0 2 0 0 N
19 -73 G 4 3 0 T
20 -73 G 0 2 0 T
21 -73 1 4 0 0 N
22 -73 G 0 5 0 T
23 -73 0 2 0 0 N
24 -73 G 4 2 0 P
25 -73 G 0 3 0 P
26 -73 1 5 0 0 N
27 -73 G 4 4 0 U
28 -73 G 0 2 0 U
29 -73 1 4 0 0 N
64 -73 C 0 1 1 N
65 -73 1 0 0 0 N
66 -73 0 0 0 0 N
67 -73 B 0 7 0 N
68 -73 0 1 0 0 N
69 -73 C 0 1 1 N
70 -73 1 0 0 0 N
71 -73 0 0 0 0 N
72 -73 B 0 8 0 N
73 -73 0 2 0 0 N
74 -73 G 4 3 0 T
75 -73 G 0 2 0 T
76 -73 1 4 0 0 N
77 -73 G 0 5 0 T
78 -73 0 2 0 0 N
79 -73 G 4 2 0 P
80 -73 G 0 3 0 P
81 -73 1 5 0 0 N
82 -73 G 4 4 0 U
83 -73 G 0 2 0 U
84 -73 1 4 0 0 N
-8 -72 C 1 1 1 N
-7 -72 G 2 3 0 U
-4 -72 C 2 1 1 N
-3 -72 G 5 4 0 P
-2 -72 G 4 5 0 P
-1 -72 B 5 8 0 N
0 -72 B 1 2 0 N
1 -72 B 2 6 0 N
2 -72 G 1 5 0 P
3 -72 G 2 4 0 P
4 -72 C 5 1 1 N
5 -72 C 1 1 1 N
6 -72 G 2 3 0 P
7 -72 G 5 3 0 P
8 -72 C 4 1 1 N
9 -72 C 2 1 1 N
10 -72 G 5 4 0 P
11 -72 G 4 5 0 P
12 -72 B 5 8 0 N
13 -72 B 1 1 0 N
14 -72 G 2 3 0 T
15 -72 G 5 4 0 T
16 -72 G 4 5 0 T
17 -72 B 2 2 0 N
18 -72 G 1 5 0 T
19 -72 G 2 4 0 T
20 -72 G 5 3 0 T
21 -72 B 4 1 0 N
22 -72 B 2 8 0 N
23 -72 G 1 5 0 P
24 -72 G 2 4 0 P
25 -72 C 5 1 1 N
28 -72 G 5 3 0 U
29 -72 C 4 1 1 N
60 -72 C 1 1 1 N
61 -72 G 2 3 0 U
64 -72 C 2 1 1 N
65 -72 G 5 4 0 P
66 -72 G 4 5 0 P
67 -72 B 5 8 0 N
68 -72 B 1 1 0 N
69 -72 G 2 3 0 T
70 -72 G 5 4 0 T
71 -72 G 4 5 0 T
72 -72 B 2 2 0 N
73 -72 G 1 5 0 T
74 -72 G 2 4 0 T
75 -72 G 5 3 0 T
76 -72 B 4 1 0 N
77 -72 B 2 8 0 N
78 -72 G 1 5 0 P
79 -72 G 2 4 0 P
80 -72 C 5 1 1 N
83 -72 G 5 3 0 U
84 -72 C 4 1 1 N
-8 -71 1 1 0 0 N
-7 -71 G 3 2 0 U
-6 -71 G 1 4 0 U
-5 -71 1 2 0 0 N
-4 -71 G 3 3 0 P
-3 -71 G 1 2 0 P
-2 -71 0 5 0 0 N
-1 -71 G 3 5 0 T
0 -71 1 1 1 0 N
1 -71 B 3 5 0 N
2 -71 0 3 0 0 N
3 -71 1 3 0 0 N
4 -71 C 3 1 1 N
5 -71 1 1 0 0 N
6 -71 G 3 2 0 P
7 -71 G 1 4 0 P
8 -71 1 2 0 0 N
9 -71 G 3 3 0 P
10 -71 G 1 2 0 P
11 -71 0 5 0 0 N
12 -71 G 3 5 0 T
13 -71 1 1 0 0 N
14 -71 G 3 2 0 T
15 -71 G 1 9 0 T
16 -71 1 2 1 0 N
17 -71 B 3 6 0 N
18 -71 0 3 0 0 N
19 -71 1 3 0 0 N
20 -71 C 3 1 1 N
21 -71 0 4 0 0 N
22 -71 B 3 7 0 N
23 -71 0 3 0 0 N
24 -71 1 3 0 0 N
25 -71 C 3 1 1 N
60 -71 1 1 0 0 N
61 -71 G 3 2 0 U
62 -71 G 1 4 0 U
63 -71 1 2 0 0 N
64 -71 G 3 3 0 P
65 -71 G 1 2 0 P
66 -71 0 5 0 0 N
67 -71 G 3 5 0 T
68 -71 1 1 0 0 N
69 -71 G 3 2 0 T
70 -71 G 1 9 0 T
71 -71 1 2 1 0 N
72 -71 B 3 6 0 N
73 -71 0 3 0 0 N
74 -71 1 3 0 0 N
75 -71 C 3 1 1 N
76 -71 0 4 0 0 N
77 -71 B 3 7 0 N
78 -71 0 3 0 0 N
79 -71 1 3 0 0 N
80 -71 C 3 1 1 N
-9 -70 G 0 4 0 U
-8 -70 0 1 0 0 N
-7 -70 G 0 5 0 U
-6 -70 0 2 0 0 N
-5 -70 G 4 2 0 P
-4 -70 G 0 3 0 P
-3 -70 1 5 0 0 N
-2 -70 G 4 4 0 T
-1 -70 G 0 9 0 T
0 -70 0 1 1 0 N
1 -70 G 2 4 0 P
2 -70 G 5 2 0 P
3 -70 G 4 3 0 P
4 -70 G 0 4 0 P
5 -70 0 1 0 0 N
6 -70 G 0 5 0 P
7 -70 0 2 0 0 N
8 -70 G 4 2 0 P
9 -70 G 0 3 0 P
10 -70 1 5 0 0 N
11 -70 G 4 4 0 T
12 -70 G 0 4 0 T
13 -70 0 1 0 0 N
14 -70 G 0 10 0 T
15 -70 0 2 1 0 N
16 -70 B 4 5 0 N
17 -70 G 2 5 0 P
18 -70 G 5 2 0 P
19 -70 G 4 3 0 P
20 -70 G 0 3 0 P
21 -70 1 4 0 0 N
22 -70 G 2 10 0 U
23 -70 G 5 2 0 U
24 -70 G 4 3 0 U
59 -70 G 0 4 0 U
60 -70 0 1 0 0 N
61 -70 G 0 5 0 U
62 -70 0 2 0 0 N
63 -70 G 4 2 0 P
64 -70 G 0 3 0 P
65 -70 1 5 0 0 N
66 -70 G 4 4 0 T
67 -70 G 0 4 0 T
68 -70 0 1 0 0 N
69 -70 G 0 10 0 T
70 -70 0 2 1 0 N
71 -70 B 4 5 0 N
72 -70 G 2 5 0 P
73 -70 G 5 2 0 P
74 -70 G 4 3 0 P
75 -70 G 0 3 0 P
76 -70 1 4 0 0 N
77 -70 G 2 10 0 U
78 -70 G 5 2 0 U
79 -70 G 4 3 0 U
-11 -69 G 1 3 0 U
-10 -69 G 2 2 0 U
-9 -69 G 5 5 0 U
-8 -69 B 1 6 0 N
-7 -69 B 2 5 0 N
-6 -69 G 1 4 0 P
-5 -69 G 2 3 0 P
-4 -69 C 5 1 1 N
-3 -69 G 1 3 0 T
-2 -69 G 2 2 0 T
-1 -69 G 5 10 0 T
0 -69 1 1 0 0 N
1 -69 G 3 3 0 P
2 -69 G 1 3 0 P
3 -69 G 2 2 0 P
4 -69 G 5 5 0 P
5 -69 B 1 6 0 N
6 -69 B 2 5 0 N
7 -69 G 1 4 0 P
8 -69 G 2 3 0 P
9 -69 C 5 1 1 N
10 -69 G 1 3 0 T
11 -69 G 2 2 0 T
12 -69 G 5 5 0 T
13 -69 B 1 7 0 N
14 -69 1 2 0 0 N
15 -69 G 3 4 0 P
16 -69 0 4 0 0 N
17 -69 G 3 4 0 P
18 -69 G 1 3 0 P
19 -69 G 2 2 0 P
20 -69 G 5 4 0 P
21 -69 0 4 1 0 N
22 -69 G 3 9 0 U
57 -69 G 1 3 0 U
58 -69 G 2 2 0 U
59 -69 G 5 5 0 U
60 -69 B 1 6 0 N
61 -69 B 2 5 0 N
62 -69 G 1 4 0 P
63 -69 G 2 3 0 P
64 -69 C 5 1 1 N
65 -69 G 1 3 0 T
66 -69 G 2 2 0 T
67 -69 G 5 5 0 T
68 -69 B 1 7 0 N
69 -69 1 2 0 0 N
70 -69 G 3 4 0 P
71 -69 0 4 0 0 N
72 -69 G 3 4 0 P
73 -69 G 1 3 0 P
74 -69 G 2 2 0 P
75 -69 G 5 4 0 P
76 -69 0 4 1 0 N
77 -69 G 3 9 0 U
-12 -68 C 0 1 1 N
-11 -68 1 0 0 0 N
-10 -68 0 0 0 0 N
-9 -68 B 0 2 0 N
-8 -68 1 0 1 0 N
-7 -68 0 0 1 0 N
-6 -68 1 0 0 0 N
-5 -68 0 0 0 0 N
-4 -68 B 0 1 0 N
-3 -68 1 0 0 0 N
-2 -68 0 0 0 0 N
-1 -68 B 0 7 0 N
0 -68 0 1 0 0 N
1 -68 C 0 1 1 N
2 -68 1 0 0 0 N
3 -68 0 0 0 0 N
4 -68 B 0 2 0 N
5 -68 1 0 1 0 N
6 -68 0 0 1 0 N
7 -68 1 0 0 0 N
8 -68 0 0 0 0 N
9 -68 B 0 1 0 N
10 -68 1 0 0 0 N
11 -68 0 0 0 0 N
12 -68 B 0 8 0 N
13 -68 0 2 0 0 N
14 -68 G 4 3 0 P
15 -68 G 0 2 0 P
16 -68 1 4 0 0 N
17 -68 C 0 1 1 N
18 -68 1 0 0 0 N
19 -68 0 0 0 0 N
20 -68 B 0 5 0 N
21 -68 1 4 1 0 N
56 -68 C 0 1 1 N
57 -68 1 0 0 0 N
58 -68 0 0 0 0 N
59 -68 B 0 2 0 N
60 -68 1 0 1 0 N
61 -68 0 0 1 0 N
62 -68 1 0 0 0 N
63 -68 0 0 0 0 N
64 -68 B 0 1 0 N
65 -68 1 0 0 0 N
66 -68 0 0 0 0 N
67 -68 B 0 8 0 N
68 -68 0 2 0 0 N
69 -68 G 4 3 0 P
70 -68 G 0 2 0 P
71 -68 1 4 0 0 N
72 -68 C 0 1 1 N
73 -68 1 0 0 0 N
74 -68 0 0 0 0 N
75 -68 B 0 5 0 N
76 -68 1 4 1 0 N
-11 -67 G 5 4 0 U
-10 -67 G 4 5 0 U
-8 -67 G 5 9 0 U
-7 -67 G 4 10 0 U
-6 -67 B 5 7 0 N
-5 -67 B 4 8 0 N
-4 -67 G 2 5 0 T
-3 -67 G 5 4 0 T
-2 -67 G 4 5 0 T
-1 -67 B 5 8 0 N
0 -67 B 1 1 0 N
1 -67 G 2 3 0 T
2 -67 G 5 4 0 T
3 -67 G 4 5 0 T
4 -67 C 2 1 1 N
5 -67 G 5 9 0 P
6 -67 G 4 10 0 P
7 -67 B 5 7 0 N
8 -67 B 4 8 0 N
9 -67 G 2 5 0 T
10 -67 G 5 4 0 T
11 -67 G 4 5 0 T
12 -67 B 2 1 0 N
13 -67 C 1 1 1 N
14 -67 G 2 3 0 P
15 -67 G 5 3 0 P
16 -67 C 4 1 1 N
17 -67 C 2 1 1 N
18 -67 G 5 4 0 P
19 -67 G 4 5 0 P
20 -67 B 5 6 0 N
21 -67 B 4 2 0 N
22 -67 G 2 5 0 U
25 -67 C 2 1 1 N
34 -67 C 1 1 1 N
35 -67 G 2 3 0 U
38 -67 C 2 1 1 N
46 -67 C 2 1 1 N
57 -67 G 5 4 0 U
58 -67 G 4 5 0 U
60 -67 G 5 9 0 U
61 -67 G 4 10 0 U
62 -67 B 5 7 0 N
63 -67 B 4 8 0 N
64 -67 G 2 5 0 T
65 -67 G 5 4 0 T
66 -67 G 4 5 0 T
67 -67 B 2 1 0 N
68 -67 C 1 1 1 N
69 -67 G 2 3 0 P
70 -67 G 5 3 0 P
71 -67 C 4 1 1 N
72 -67 C 2 1 1 N
73 -67 G 5 4 0 P
74 -67 G 4 5 0 P
75 -67 B 5 6 0 N
76 -67 B 4 2 0 N
77 -67 G 2 5 0 U
80 -67 C 2 1 1 N
-8 -66 G 1 2 0 U
-7 -66 0 5 0 0 N
-6 -66 G 3 5 0 P
-5 -66 0 4 0 0 N
-4 -66 G 3 4 0 T
-3 -66 G 1 2 0 T
-2 -66 0 5 0 0 N
-1 -66 G 3 5 0 T
0 -66 1 1 0 0 N
1 -66 G 3 2 0 T
2 -66 G 1 4 0 T
3 -66 1 2 0 0 N
4 -66 G 3 3 0 P
5 -66 G 1 2 0 P
6 -66 0 5 0 0 N
7 -66 G 3 5 0 P
8 -66 0 4 0 0 N
9 -66 G 3 4 0 T
10 -66 G 1 4 0 T
11 -66 1 2 0 0 N
12 -66 G 3 3 0 T
13 -66 1 1 0 0 N
14 -66 G 3 2 0 P
15 -66 G 1 4 0 P
16 -66 1 2 0 0 N
17 -66 G 3 3 0 P
18 -66 G 1 2 0 P
19 -66 0 5 0 0 N
20 -66 G 3 5 0 P
21 -66 0 4 0 0 N
22 -66 G 3 4 0 U
23 -66 G 1 4 0 U
24 -66 1 2 0 0 N
25 -66 G 3 3 0 U
34 -66 1 1 0 0 N
35 -66 G 3 2 0 U
36 -66 G 1 4 0 U
37 -66 1 2 0 0 N
38 -66 G 3 3 0 U
44 -66 G 1 4 0 U
45 -66 1 2 0 0 N
46 -66 G 3 3 0 U
60 -66 G 1 2 0 U
61 -66 0 5 0 0 N
62 -66 G 3 5 0 P
63 -66 0 4 0 0 N
64 -66 G 3 4 0 T
65 -66 G 1 4 0 T
66 -66 1 2 0 0 N
67 -66 G 3 3 0 T
68 -66 1 1 0 0 N
69 -66 G 3 2 0 P
70 -66 G 1 4 0 P
71 -66 1 2 0 0 N
72 -66 G 3 3 0 P
73 -66 G 1 2 0 P
74 -66 0 5 0 0 N
75 -66 G 3 5 0 P
76 -66 0 4 0 0 N
77 -66 G 3 4 0 U
78 -66 G 1 4 0 U
79 -66 1 2 0 0 N
80 -66 G 3 3 0 U
-9 -65 G 0 3 0 U
-8 -65 1 5 0 0 N
-7 -65 G 4 4 0 P
-6 -65 G 0 2 0 P
-5 -65 1 4 0 0 N
-4 -65 G 0 3 0 T
-3 -65 1 5 0 0 N
-2 -65 G 4 4 0 T
-1 -65 G 0 4 0 T
0 -65 0 1 0 0 N
1 -65 G 0 5 0 T
2 -65 0 2 0 0 N
3 -65 G 4 2 0 P
4 -65 G 0 3 0 P
5 -65 1 5 0 0 N
6 -65 G 4 4 0 P
7 -65 G 0 2 0 P
8 -65 1 4 0 0 N
9 -65 G 0 5 0 T
10 -65 0 2 0 0 N
11 -65 G 4 2 0 T
12 -65 G 0 4 0 T
13 -65 0 1 0 0 N
14 -65 G 0 5 0 P
15 -65 0 2 0 0 N
16 -65 G 4 2 0 P
17 -65 G 0 3 0 P
18 -65 1 5 0 0 N
19 -65 G 4 4 0 P
20 -65 G 0 2 0 P
21 -65 1 4 0 0 N
22 -65 G 0 5 0 U
23 -65 0 2 0 0 N
24 -65 G 4 2 0 U
33 -65 G 0 4 0 U
34 -65 0 1 0 0 N
35 -65 G 0 5 0 U
36 -65 0 2 0 0 N
37 -65 G 4 2 0 U
43 -65 G 0 5 0 U
44 -65 0 2 0 0 N
45 -65 G 4 2 0 U
59 -65 G 0 3 0 U
60 -65 1 5 0 0 N
61 -65 G 4 4 0 P
62 -65 G 0 2 0 P
63 -65 1 4 0 0 N
64 -65 G 0 5 0 T
65 -65 0 2 0 0 N
66 -65 G 4 2 0 T
67 -65 G 0 4 0 T
68 -65 0 1 0 0 N
69 -65 G 0 5 0 P
70 -65 0 2 0 0 N
71 -65 G 4 2 0 P
72 -65 G 0 3 0 P
73 -65 1 5 0 0 N
74 -65 G 4 4 0 P
75 -65 G 0 2 0 P
76 -65 1 4 0 0 N
77 -65 G 0 5 0 U
78 -65 0 2 0 0 N
79 -65 G 4 2 0 U
-9 -64 C 5 1 1 N
-8 -64 C 1 1 1 N
-7 -64 G 2 3 0 P
-6 -64 G 5 3 0 P
-5 -64 C 4 1 1 N
-4 -64 B 5 1 0 N
-3 -64 G 1 5 0 T
-2 -64 G 2 4 0 T
-1 -64 G 5 5 0 T
0 -64 B 1 2 0 N
1 -64 B 2 6 0 N
2 -64 G 1 5 0 P
3 -64 G 2 4 0 P
4 -64 C 5 1 1 N
5 -64 C 1 1 1 N
6 -64 G 2 3 0 P
7 -64 G 5 3 0 P
8 -64 C 4 1 1 N
9 -64 B 2 2 0 N
10 -64 G 1 5 0 T
11 -64 G 2 4 0 T
12 -64 G 5 5 0 T
13 -64 B 1 2 0 N
14 -64 B 2 6 0 N
15 -64 G 1 5 0 P
16 -64 G 2 4 0 P
17 -64 C 5 1 1 N
18 -64 C 1 1 1 N
19 -64 G 2 3 0 P
20 -64 G 5 3 0 P
21 -64 C 4 1 1 N
22 -64 B 2 2 0 N
23 -64 G 1 5 0 U
24 -64 G 2 4 0 U
33 -64 G 5 5 0 U
34 -64 B 1 2 0 N
35 -64 B 2 6 0 N
36 -64 G 1 5 0 U
37 -64 G 2 4 0 U
39 -64 C 1 1 1 N
40 -64 G 2 3 0 U
43 -64 B 2 2 0 N
44 -64 G 1 5 0 U
45 -64 G 2 4 0 U
59 -64 C 5 1 1 N
60 -64 C 1 1 1 N
61 -64 G 2 3 0 P
62 -64 G 5 3 0 P
63 -64 C 4 1 1 N
64 -64 B 2 2 0 N
65 -64 G 1 5 0 T
66 -64 G 2 4 0 T
67 -64 G 5 5 0 T
68 -64 B 1 2 0 N
69 -64 B 2 6 0 N
70 -64 G 1 5 0 P
71 -64 G 2 4 0 P
72 -64 C 5 1 1 N
73 -64 C 1 1 1 N
74 -64 G 2 3 0 P
75 -64 G 5 3 0 P
76 -64 C 4 1 1 N
77 -64 B 2 2 0 N
78 -64 G 1 5 0 U
79 -64 G 2 4 0 U
-8 -63 1 1 0 0 N
-7 -63 G 3 2 0 P
-6 -63 G 1 3 0 P
-5 -63 0 5 0 0 N
-4 -63 B 3 8 0 N
-3 -63 0 3 0 0 N
-2 -63 1 3 0 0 N
-1 -63 C 3 1 1 N
0 -63 1 1 1 0 N
1 -63 B 3 5 0 N
2 -63 0 3 0 0 N
3 -63 1 3 0 0 N
4 -63 C 3 1 1 N
5 -63 1 1 0 0 N
6 -63 G 3 2 0 P
7 -63 G 1 9 0 P
8 -63 1 2 1 0 N
9 -63 B 3 6 0 N
10 -63 0 3 0 0 N
11 -63 1 3 0 0 N
12 -63 C 3 1 1 N
13 -63 1 1 1 0 N
14 -63 B 3 5 0 N
15 -63 0 3 0 0 N
16 -63 1 3 0 0 N
17 -63 C 3 1 1 N
18 -63 1 1 0 0 N
19 -63 G 3 2 0 P
20 -63 G 1 9 0 P
21 -63 1 2 1 0 N
22 -63 B 3 6 0 N
23 -63 0 3 0 0 N
24 -63 1 3 0 0 N
25 -63 C 3 1 1 N
34 -63 1 1 1 0 N
35 -63 B 3 5 0 N
36 -63 0 3 0 0 N
37 -63 1 3 0 0 N
38 -63 C 3 1 1 N
39 -63 1 1 0 0 N
40 -63 G 3 2 0 U
41 -63 G 1 9 0 U
42 -63 1 2 1 0 N
43 -63 B 3 6 0 N
44 -63 0 3 0 0 N
45 -63 1 3 0 0 N
46 -63 C 3 1 1 N
60 -63 1 1 0 0 N
61 -63 G 3 2 0 P
62 -63 G 1 9 0 P
63 -63 1 2 1 0 N
64 -63 B 3 6 0 N
65 -63 0 3 0 0 N
66 -63 1 3 0 0 N
67 -63 C 3 1 1 N
68 -63 1 1 1 0 N
69 -63 B 3 5 0 N
70 -63 0 3 0 0 N
71 -63 1 3 0 0 N
72 -63 C 3 1 1 N
73 -63 1 1 0 0 N
74 -63 G 3 2 0 P
75 -63 G 1 9 0 P
76 -63 1 2 1 0 N
77 -63 B 3 6 0 N
78 -63 0 3 0 0 N
79 -63 1 3 0 0 N
80 -63 C 3 1 1 N
-9 -62 G 0 4 0 U
-8 -62 0 1 0 0 N
-7 -62 G 0 4 0 P
-6 -62 1 5 0 0 N
-5 -62 B 4 7 0 N
-4 -62 G 2 5 0 P
-3 -62 G 5 2 0 P
-2 -62 G 4 3 0 P
-1 -62 G 0 9 0 P
0 -62 0 1 1 0 N
1 -62 G 2 4 0 P
2 -62 G 5 2 0 P
3 -62 G 4 3 0 P
4 -62 G 0 4 0 P
5 -62 0 1 0 0 N
6 -62 G 0 10 0 P
7 -62 0 2 1 0 N
8 -62 B 4 5 0 N
9 -62 G 2 5 0 P
10 -62 G 5 2 0 P
11 -62 G 4 3 0 P
12 -62 G 0 9 0 P
13 -62 0 1 1 0 N
14 -62 G 2 4 0 P
15 -62 G 5 2 0 P
16 -62 G 4 3 0 P
17 -62 G 0 4 0 P
18 -62 0 1 0 0 N
19 -62 G 0 10 0 P
20 -62 0 2 1 0 N
21 -62 B 4 5 0 N
22 -62 G 2 5 0 U
23 -62 G 5 2 0 U
24 -62 G 4 3 0 U
33 -62 G 0 9 0 U
34 -62 0 1 1 0 N
35 -62 G 2 4 0 P
36 -62 G 5 2 0 P
37 -62 G 4 3 0 P
38 -62 G 0 4 0 P
39 -62 0 1 0 0 N
40 -62 G 0 10 0 U
41 -62 0 2 1 0 N
42 -62 B 4 5 0 N
43 -62 G 2 5 0 U
44 -62 G 5 2 0 U
45 -62 G 4 3 0 U
59 -62 G 0 4 0 U
60 -62 0 1 0 0 N
61 -62 G 0 10 0 P
62 -62 0 2 1 0 N
63 -62 B 4 5 0 N
64 -62 G 2 5 0 P
65 -62 G 5 2 0 P
66 -62 G 4 3 0 P
67 -62 G 0 9 0 P
68 -62 0 1 1 0 N
69 -62 G 2 4 0 P
70 -62 G 5 2 0 P
71 -62 G 4 3 0 P
72 -62 G 0 4 0 P
73 -62 0 1 0 0 N
74 -62 G 0 10 0 P
75 -62 0 2 1 0 N
76 -62 B 4 5 0 N
77 -62 G 2 5 0 U
78 -62 G 5 2 0 U
79 -62 G 4 3 0 U
-11 -61 G 1 3 0 U
-10 -61 G 2 2 0 U
-9 -61 G 5 5 0 U
-8 -61 B 1 5 0 N
-7 -61 0 5 1 0 N
-6 -61 G 3 10 0 U
-5 -61 0 4 0 0 N
-4 -61 G 3 4 0 P
-3 -61 G 1 3 0 P
-2 -61 G 2 2 0 P
-1 -61 G 5 10 0 P
0 -61 1 1 0 0 N
1 -61 G 3 3 0 P
2 -61 G 1 3 0 P
3 -61 G 2 2 0 P
4 -61 G 5 5 0 P
5 -61 B 1 7 0 N
6 -61 1 2 0 0 N
7 -61 G 3 4 0 P
8 -61 0 4 0 0 N
9 -61 G 3 4 0 P
10 -61 G 1 3 0 P
11 -61 G 2 2 0 P
12 -61 G 5 10 0 P
13 -61 1 1 0 0 N
14 -61 G 3 3 0 P
15 -61 G 1 3 0 P
16 -61 G 2 2 0 P
17 -61 G 5 5 0 P
18 -61 B 1 7 0 N
19 -61 1 2 0 0 N
20 -61 G 3 4 0 P
21 -61 0 4 0 0 N
22 -61 G 3 4 0 U
31 -61 G 1 3 0 U
32 -61 G 2 2 0 U
33 -61 G 5 10 0 U
34 -61 1 1 0 0 N
35 -61 G 3 3 0 P
36 -61 G 1 3 0 P
37 -61 G 2 2 0 P
38 -61 G 5 5 0 P
39 -61 B 1 7 0 N
40 -61 1 2 0 0 N
41 -61 G 3 4 0 P
42 -61 0 4 0 0 N
43 -61 G 3 4 0 U
57 -61 G 1 3 0 U
58 -61 G 2 2 0 U
59 -61 G 5 5 0 U
60 -61 B 1 7 0 N
61 -61 1 2 0 0 N
62 -61 G 3 4 0 P
63 -61 0 4 0 0 N
64 -61 G 3 4 0 P
65 -61 G 1 3 0 P
66 -61 G 2 2 0 P
67 -61 G 5 10 0 P
68 -61 1 1 0 0 N
69 -61 G 3 3 0 P
70 -61 G 1 3 0 P
71 -61 G 2 2 0 P
72 -61 G 5 5 0 P
73 -61 B 1 7 0 N
74 -61 1 2 0 0 N
75 -61 G 3 4 0 P
76 -61 0 4 0 0 N
77 -61 G 3 4 0 U
-12 -60 C 0 1 1 N
-11 -60 1 0 0 0 N
-10 -60 0 0 0 0 N
-9 -60 B 0 6 0 N
-8 -60 1 5 1 0 N
-7 -60 G 4 9 0 U
-6 -60 G 0 2 0 U
-5 -60 1 4 0 0 N
-4 -60 C 0 1 1 N
-3 -60 1 0 0 0 N
-2 -60 0 0 0 0 N
-1 -60 B 0 7 0 N
0 -60 0 1 0 0 N
1 -60 C 0 1 1 N
2 -60 1 0 0 0 N
3 -60 0 0 0 0 N
4 -60 B 0 8 0 N
5 -60 0 2 0 0 N
6 -60 G 4 3 0 P
7 -60 G 0 2 0 P
8 -60 1 4 0 0 N
9 -60 C 0 1 1 N
10 -60 1 0 0 0 N
11 -60 0 0 0 0 N
12 -60 B 0 7 0 N
13 -60 0 1 0 0 N
14 -60 C 0 1 1 N
15 -60 1 0 0 0 N
16 -60 0 0 0 0 N
17 -60 B 0 8 0 N
18 -60 0 2 0 0 N
19 -60 G 4 3 0 P
20 -60 G 0 2 0 P
21 -60 1 4 0 0 N
30 -60 C 0 1 1 N
31 -60 1 0 0 0 N
32 -60 0 0 0 0 N
33 -60 B 0 7 0 N
34 -60 0 1 0 0 N
35 -60 C 0 1 1 N
36 -60 1 0 0 0 N
37 -60 0 0 0 0 N
38 -60 B 0 8 0 N
39 -60 0 2 0 0 N
40 -60 G 4 3 0 P
41 -60 G 0 2 0 P
42 -60 1 4 0 0 N
56 -60 C 0 1 1 N
57 -60 1 0 0 0 N
58 -60 0 0 0 0 N
59 -60 B 0 8 0 N
60 -60 0 2 0 0 N
61 -60 G 4 3 0 P
62 -60 G 0 2 0 P
63 -60 1 4 0 0 N
64 -60 C 0 1 1 N
65 -60 1 0 0 0 N
66 -60 0 0 0 0 N
67 -60 B 0 7 0 N
68 -60 0 1 0 0 N
69 -60 C 0 1 1 N
70 -60 1 0 0 0 N
71 -60 0 0 0 0 N
72 -60 B 0 8 0 N
73 -60 0 2 0 0 N
74 -60 G 4 3 0 P
75 -60 G 0 2 0 P
76 -60 1 4 0 0 N
-11 -59 G 5 4 0 U
-10 -59 G 4 5 0 U
-9 -59 B 5 2 0 N
-6 -59 G 5 3 0 U
-5 -59 C 4 1 1 N
-3 -59 G 5 4 0 U
-2 -59 G 4 5 0 U
-1 -59 B 5 8 0 N
0 -59 B 1 1 0 N
1 -59 G 2 3 0 T
2 -59 G 5 4 0 T
3 -59 G 4 5 0 T
4 -59 B 2 1 0 N
5 -59 C 1 1 1 N
6 -59 G 2 3 0 P
7 -59 G 5 3 0 P
8 -59 C 4 1 1 N
9 -59 C 2 1 1 N
10 -59 G 5 4 0 P
11 -59 G 4 5 0 P
12 -59 B 5 8 0 N
13 -59 B 1 1 0 N
14 -59 G 2 3 0 T
15 -59 G 5 4 0 T
16 -59 G 4 5 0 T
17 -59 B 2 1 0 N
18 -59 C 1 1 1 N
19 -59 G 2 3 0 P
20 -59 G 5 3 0 P
21 -59 C 4 1 1 N
22 -59 C 2 1 1 N
26 -59 C 1 1 1 N
27 -59 G 2 3 0 U
30 -59 C 2 1 1 N
31 -59 G 5 4 0 P
32 -59 G 4 5 0 P
33 -59 B 5 8 0 N
34 -59 B 1 1 0 N
35 -59 G 2 3 0 T
36 -59 G 5 4 0 T
37 -59 G 4 5 0 T
38 -59 B 2 1 0 N
39 -59 C 1 1 1 N
40 -59 G 2 3 0 P
41 -59 G 5 3 0 P
42 -59 C 4 1 1 N
43 -59 C 2 1 1 N
47 -59 C 1 1 1 N
48 -59 G 2 3 0 U
51 -59 C 2 1 1 N
57 -59 G 5 4 0 U
58 -59 G 4 5 0 U
59 -59 B 2 1 0 N
60 -59 C 1 1 1 N
61 -59 G 2 3 0 P
62 -59 G 5 3 0 P
63 -59 C 4 1 1 N
64 -59 C 2 1 1 N
65 -59 G 5 4 0 P
66 -59 G 4 5 0 P
67 -59 B 5 8 0 N
68 -59 B 1 1 0 N
69 -59 G 2 3 0 T
70 -59 G 5 4 0 T
71 -59 G 4 5 0 T
72 -59 B 2 1 0 N
73 -59 C 1 1 1 N
74 -59 G 2 3 0 P
75 -59 G 5 3 0 P
76 -59 C 4 1 1 N
77 -59 C 2 1 1 N
81 -59 C 1 1 1 N
82 -59 G 2 3 0 U
85 -59 C 2 1 1 N
-11 -58 G 1 2 0 U
-10 -58 0 5 0 0 N
-9 -58 G 3 5 0 U
-3 -58 G 1 2 0 U
-2 -58 0 5 0 0 N
-1 -58 G 3 5 0 U
0 -58 1 1 0 0 N
1 -58 G 3 2 0 T
2 -58 G 1 4 0 T
3 -58 1 2 0 0 N
4 -58 G 3 3 0 T
5 -58 1 1 0 0 N
6 -58 G 3 2 0 P
7 -58 G 1 4 0 P
8 -58 1 2 0 0 N
9 -58 G 3 3 0 P
10 -58 G 1 2 0 P
11 -58 0 5 0 0 N
12 -58 G 3 5 0 T
13 -58 1 1 0 0 N
14 -58 G 3 2 0 T
15 -58 G 1 4 0 T
16 -58 1 2 0 0 N
17 -58 G 3 3 0 T
18 -58 1 1 0 0 N
19 -58 G 3 2 0 P
20 -58 G 1 4 0 P
21 -58 1 2 0 0 N
22 -58 G 3 3 0 U
26 -58 1 1 0 0 N
27 -58 G 3 2 0 U
28 -58 G 1 4 0 U
29 -58 1 2 0 0 N
30 -58 G 3 3 0 P
31 -58 G 1 2 0 P
32 -58 0 5 0 0 N
33 -58 G 3 5 0 T
34 -58 1 1 0 0 N
35 -58 G 3 2 0 T
36 -58 G 1 4 0 T
37 -58 1 2 0 0 N
38 -58 G 3 3 0 T
39 -58 1 1 0 0 N
40 -58 G 3 2 0 P
41 -58 G 1 4 0 P
42 -58 1 2 0 0 N
43 -58 G 3 3 0 U
47 -58 1 1 0 0 N
48 -58 G 3 2 0 U
49 -58 G 1 4 0 U
50 -58 1 2 0 0 N
51 -58 G 3 3 0 U
57 -58 G 1 4 0 U
58 -58 1 2 0 0 N
59 -58 G 3 3 0 T
60 -58 1 1 0 0 N
61 -58 G 3 2 0 P
62 -58 G 1 4 0 P
63 -58 1 2 0 0 N
64 -58 G 3 3 0 P
65 -58 G 1 2 0 P
66 -58 0 5 0 0 N
67 -58 G 3 5 0 T
68 -58 1 1 0 0 N
69 -58 G 3 2 0 T
70 -58 G 1 4 0 T
71 -58 1 2 0 0 N
72 -58 G 3 3 0 T
73 -58 1 1 0 0 N
74 -58 G 3 2 0 P
75 -58 G 1 4 0 P
76 -58 1 2 0 0 N
77 -58 G 3 3 0 U
81 -58 1 1 0 0 N
82 -58 G 3 2 0 U
83 -58 G 1 4 0 U
84 -58 1 2 0 0 N
85 -58 G 3 3 0 U
-12 -57 G 0 3 0 U
-11 -57 1 5 0 0 N
-10 -57 G 4 4 0 U
-4 -57 G 0 3 0 U
-3 -57 1 5 0 0 N
-2 -57 G 4 4 0 U
-1 -57 G 0 4 0 U
0 -57 0 1 0 0 N
1 -57 G 0 5 0 T
2 -57 0 2 0 0 N
3 -57 G 4 2 0 T
4 -57 G 0 4 0 T
5 -57 0 1 0 0 N
6 -57 G 0 5 0 P
7 -57 0 2 0 0 N
8 -57 G 4 2 0 P
9 -57 G 0 3 0 P
10 -57 1 5 0 0 N
11 -57 G 4 4 0 T
12 -57 G 0 4 0 T
13 -57 0 1 0 0 N
14 -57 G 0 5 0 T
15 -57 0 2 0 0 N
16 -57 G 4 2 0 T
17 -57 G 0 4 0 T
18 -57 0 1 0 0 N
19 -57 G 0 5 0 P
20 -57 0 2 0 0 N
21 -57 G 4 2 0 U
25 -57 G 0 4 0 U
26 -57 0 1 0 0 N
27 -57 G 0 5 0 U
28 -57 0 2 0 0 N
29 -57 G 4 2 0 P
30 -57 G 0 3 0 P
31 -57 1 5 0 0 N
32 -57 G 4 4 0 T
33 -57 G 0 4 0 T
34 -57 0 1 0 0 N
35 -57 G 0 5 0 T
36 -57 0 2 0 0 N
37 -57 G 4 2 0 T
38 -57 G 0 4 0 T
39 -57 0 1 0 0 N
40 -57 G 0 5 0 P
41 -57 0 2 0 0 N
42 -57 G 4 2 0 U
46 -57 G 0 4 0 U
47 -57 0 1 0 0 N
48 -57 G 0 5 0 U
49 -57 0 2 0 0 N
50 -57 G 4 2 0 U
56 -57 G 0 5 0 U
57 -57 0 2 0 0 N
58 -57 G 4 2 0 T
59 -57 G 0 4 0 T
60 -57 0 1 0 0 N
61 -57 G 0 5 0 P
62 -57 0 2 0 0 N
63 -57 G 4 2 0 P
64 -57 G 0 3 0 P
65 -57 1 5 0 0 N
66 -57 G 4 4 0 T
67 -57 G 0 4 0 T
68 -57 0 1 0 0 N
69 -57 G 0 5 0 T
70 -57 0 2 0 0 N
71 -57 G 4 2 0 T
72 -57 G 0 4 0 T
73 -57 0 1 0 0 N
74 -57 G 0 5 0 P
75 -57 0 2 0 0 N
76 -57 G 4 2 0 U
80 -57 G 0 4 0 U
81 -57 0 1 0 0 N
82 -57 G 0 5 0 U
83 -57 0 2 0 0 N
84 -57 G 4 2 0 U
-12 -56 C 5 1 1 N
-4 -56 C 5 1 1 N
-1 -56 G 5 5 0 U
0 -56 B 1 2 0 N
1 -56 B 2 6 0 N
2 -56 G 1 5 0 T
3 -56 G 2 4 0 T
4 -56 G 5 5 0 T
5 -56 B 1 8 0 N
6 -56 B 2 7 0 N
7 -56 G 1 10 0 P
8 -56 G 2 9 0 P
9 -56 C 5 1 1 N
10 -56 G 1 5 0 T
11 -56 G 2 4 0 T
12 -56 G 5 5 0 T
13 -56 B 1 8 0 N
14 -56 B 2 7 0 N
15 -56 G 1 10 0 T
16 -56 G 2 9 0 T
17 -56 G 5 5 0 T
18 -56 B 1 8 0 N
19 -56 B 2 7 0 N
20 -56 G 1 10 0 U
21 -56 G 2 9 0 U
23 -56 G 1 5 0 U
24 -56 G 2 4 0 U
25 -56 G 5 5 0 U
26 -56 B 1 8 0 N
27 -56 B 2 7 0 N
28 -56 G 1 10 0 P
29 -56 G 2 9 0 P
30 -56 C 5 1 1 N
31 -56 G 1 5 0 T
32 -56 G 2 4 0 T
33 -56 G 5 5 0 T
34 -56 B 1 2 0 N
35 -56 B 2 6 0 N
36 -56 G 1 5 0 T
37 -56 G 2 4 0 T
38 -56 G 5 5 0 T
39 -56 B 1 8 0 N
40 -56 B 2 7 0 N
41 -56 G 1 10 0 U
42 -56 G 2 9 0 U
44 -56 G 1 5 0 U
45 -56 G 2 4 0 U
46 -56 G 5 5 0 U
47 -56 B 1 2 0 N
48 -56 B 2 6 0 N
49 -56 G 1 5 0 U
50 -56 G 2 4 0 U
52 -56 C 1 1 1 N
53 -56 G 2 3 0 U
56 -56 B 2 2 0 N
57 -56 G 1 5 0 T
58 -56 G 2 4 0 T
59 -56 G 5 5 0 T
60 -56 B 1 8 0 N
61 -56 B 2 7 0 N
62 -56 G 1 10 0 P
63 -56 G 2 9 0 P
64 -56 C 5 1 1 N
65 -56 G 1 5 0 T
66 -56 G 2 4 0 T
67 -56 G 5 5 0 T
68 -56 B 1 8 0 N
69 -56 B 2 7 0 N
70 -56 G 1 10 0 T
71 -56 G 2 9 0 T
72 -56 G 5 5 0 T
73 -56 B 1 8 0 N
74 -56 B 2 7 0 N
75 -56 G 1 10 0 U
76 -56 G 2 9 0 U
78 -56 G 1 5 0 U
79 -56 G 2 4 0 U
80 -56 G 5 5 0 U
81 -56 B 1 8 0 N
82 -56 B 2 7 0 N
83 -56 G 1 10 0 U
84 -56 G 2 9 0 U
86 -56 G 1 5 0 U
87 -56 G 2 4 0 U
0 -55 1 1 1 0 N
1 -55 B 3 5 0 N
2 -55 0 3 0 0 N
3 -55 1 3 0 0 N
4 -55 B 3 1 0 N
5 -55 0 3 0 0 N
6 -55 1 3 0 0 N
7 -55 0 3 1 0 N
8 -55 1 3 1 0 N
9 -55 B 3 2 0 N
10 -55 0 3 0 0 N
11 -55 1 3 0 0 N
12 -55 B 3 1 0 N
13 -55 0 3 0 0 N
14 -55 1 3 0 0 N
15 -55 0 3 1 0 N
16 -55 1 3 1 0 N
17 -55 B 3 2 0 N
18 -55 0 3 0 0 N
19 -55 1 3 0 0 N
20 -55 0 3 1 0 N
21 -55 1 3 1 0 N
22 -55 B 3 2 0 N
23 -55 0 3 0 0 N
24 -55 1 3 0 0 N
25 -55 B 3 1 0 N
26 -55 0 3 0 0 N
27 -55 1 3 0 0 N
28 -55 0 3 1 0 N
29 -55 1 3 1 0 N
30 -55 B 3 2 0 N
31 -55 0 3 0 0 N
32 -55 1 3 0 0 N
33 -55 C 3 1 1 N
34 -55 1 1 1 0 N
35 -55 B 3 5 0 N
36 -55 0 3 0 0 N
37 -55 1 3 0 0 N
38 -55 B 3 1 0 N
39 -55 0 3 0 0 N
40 -55 1 3 0 0 N
41 -55 0 3 1 0 N
42 -55 1 3 1 0 N
43 -55 B 3 2 0 N
44 -55 0 3 0 0 N
45 -55 1 3 0 0 N
46 -55 C 3 1 1 N
47 -55 1 1 1 0 N
48 -55 B 3 5 0 N
49 -55 0 3 0 0 N
50 -55 1 3 0 0 N
51 -55 C 3 1 1 N
52 -55 1 1 0 0 N
53 -55 G 3 2 0 U
54 -55 G 1 9 0 U
55 -55 1 2 1 0 N
56 -55 B 3 6 0 N
57 -55 0 3 0 0 N
58 -55 1 3 0 0 N
59 -55 B 3 1 0 N
60 -55 0 3 0 0 N
61 -55 1 3 0 0 N
62 -55 0 3 1 0 N
63 -55 1 3 1 0 N
64 -55 B 3 2 0 N
65 -55 0 3 0 0 N
66 -55 1 3 0 0 N
67 -55 B 3 1 0 N
68 -55 0 3 0 0 N
69 -55 1 3 0 0 N
70 -55 0 3 1 0 N
71 -55 1 3 1 0 N
72 -55 B 3 2 0 N
73 -55 0 3 0 0 N
74 -55 1 3 0 0 N
75 -55 0 3 1 0 N
76 -55 1 3 1 0 N
77 -55 B 3 2 0 N
78 -55 0 3 0 0 N
79 -55 1 3 0 0 N
80 -55 B 3 1 0 N
81 -55 0 3 0 0 N
82 -55 1 3 0 0 N
83 -55 0 3 1 0 N
84 -55 1 3 1 0 N
85 -55 B 3 2 0 N
86 -55 0 3 0 0 N
87 -55 1 3 0 0 N
88 -55 C 3 1 1 N
-1 -54 G 0 9 0 U
0 -54 0 1 1 0 N
1 -54 G 2 4 0 T
2 -54 G 5 2 0 T
3 -54 G 4 3 0 T
4 -54 C 2 1 1 N
5 -54 G 5 3 0 P
6 -54 G 4 4 0 P
7 -54 B 5 5 0 N
8 -54 B 4 6 0 N
9 -54 G 2 5 0 T
10 -54 G 5 2 0 T
11 -54 G 4 3 0 T
12 -54 C 2 1 1 N
13 -54 G 5 3 0 P
14 -54 G 4 4 0 P
15 -54 B 5 5 0 N
16 -54 B 4 6 0 N
17 -54 G 2 5 0 T
18 -54 G 5 3 0 T
19 -54 G 4 4 0 T
20 -54 B 5 5 0 N
21 -54 B 4 6 0 N
22 -54 G 2 5 0 T
23 -54 G 5 2 0 T
24 -54 G 4 3 0 T
25 -54 C 2 1 1 N
26 -54 G 5 3 0 P
27 -54 G 4 4 0 P
28 -54 B 5 5 0 N
29 -54 B 4 6 0 N
30 -54 G 2 5 0 P
31 -54 G 5 2 0 P
32 -54 G 4 3 0 P
33 -54 G 0 9 0 P
34 -54 0 1 1 0 N
35 -54 G 2 4 0 T
36 -54 G 5 2 0 T
37 -54 G 4 3 0 T
38 -54 C 2 1 1 N
39 -54 G 5 3 0 P
40 -54 G 4 4 0 P
41 -54 B 5 5 0 N
42 -54 B 4 6 0 N
43 -54 G 2 5 0 P
44 -54 G 5 2 0 P
45 -54 G 4 3 0 P
46 -54 G 0 9 0 P
47 -54 0 1 1 0 N
48 -54 G 2 4 0 P
49 -54 G 5 2 0 P
50 -54 G 4 3 0 P
51 -54 G 0 4 0 P
52 -54 0 1 0 0 N
53 -54 G 0 10 0 U
54 -54 0 2 1 0 N
55 -54 B 4 5 0 N
56 -54 G 2 5 0 T
57 -54 G 5 2 0 T
58 -54 G 4 3 0 T
59 -54 C 2 1 1 N
60 -54 G 5 3 0 P
61 -54 G 4 4 0 P
62 -54 B 5 5 0 N
63 -54 B 4 6 0 N
64 -54 G 2 5 0 T
65 -54 G 5 2 0 T
66 -54 G 4 3 0 T
67 -54 C 2 1 1 N
68 -54 G 5 3 0 P
69 -54 G 4 4 0 P
70 -54 B 5 5 0 N
71 -54 B 4 6 0 N
72 -54 G 2 5 0 T
73 -54 G 5 3 0 T
74 -54 G 4 4 0 T
75 -54 B 5 5 0 N
76 -54 B 4 6 0 N
77 -54 G 2 5 0 T
78 -54 G 5 2 0 T
79 -54 G 4 3 0 T
80 -54 C 2 1 1 N
81 -54 G 5 3 0 P
82 -54 G 4 4 0 P
83 -54 B 5 5 0 N
84 -54 B 4 6 0 N
85 -54 G 2 5 0 U
86 -54 G 5 2 0 U
87 -54 G 4 3 0 U
-3 -53 G 1 3 0 U
-2 -53 G 2 2 0 U
-1 -53 G 5 10 0 U
0 -53 1 1 0 0 N
1 -53 G 3 3 0 T
2 -53 G 1 4 0 T
3 -53 1 2 0 0 N
4 -53 G 3 3 0 P
5 -53 G 1 2 0 P
6 -53 0 5 0 0 N
7 -53 G 3 5 0 P
8 -53 0 4 0 0 N
9 -53 G 3 4 0 T
10 -53 G 1 4 0 T
11 -53 1 2 0 0 N
12 -53 G 3 3 0 P
13 -53 G 1 2 0 P
14 -53 0 5 0 0 N
15 -53 G 3 5 0 P
16 -53 0 4 0 0 N
17 -53 G 3 4 0 T
18 -53 G 1 2 0 T
19 -53 0 5 0 0 N
20 -53 G 3 5 0 T
21 -53 0 4 0 0 N
22 -53 G 3 4 0 T
23 -53 G 1 4 0 T
24 -53 1 2 0 0 N
25 -53 G 3 3 0 P
26 -53 G 1 2 0 P
27 -53 0 5 0 0 N
28 -53 G 3 5 0 P
29 -53 0 4 0 0 N
30 -53 G 3 4 0 P
31 -53 G 1 3 0 P
32 -53 G 2 2 0 P
33 -53 G 5 10 0 P
34 -53 1 1 0 0 N
35 -53 G 3 3 0 T
36 -53 G 1 4 0 T
37 -53 1 2 0 0 N
38 -53 G 3 3 0 P
39 -53 G 1 2 0 P
40 -53 0 5 0 0 N
41 -53 G 3 5 0 P
42 -53 0 4 0 0 N
43 -53 G 3 4 0 P
44 -53 G 1 3 0 P
45 -53 G 2 2 0 P
46 -53 G 5 10 0 P
47 -53 1 1 0 0 N
48 -53 G 3 3 0 P
49 -53 G 1 3 0 P
50 -53 G 2 2 0 P
51 -53 G 5 5 0 P
52 -53 B 1 7 0 N
53 -53 1 2 0 0 N
54 -53 G 3 4 0 T
55 -53 0 4 0 0 N
56 -53 G 3 4 0 T
57 -53 G 1 4 0 T
58 -53 1 2 0 0 N
59 -53 G 3 3 0 P
60 -53 G 1 2 0 P
61 -53 0 5 0 0 N
62 -53 G 3 5 0 P
63 -53 0 4 0 0 N
64 -53 G 3 4 0 T
65 -53 G 1 4 0 T
66 -53 1 2 0 0 N
67 -53 G 3 3 0 P
68 -53 G 1 2 0 P
69 -53 0 5 0 0 N
70 -53 G 3 5 0 P
71 -53 0 4 0 0 N
72 -53 G 3 4 0 T
73 -53 G 1 2 0 T
74 -53 0 5 0 0 N
75 -53 G 3 5 0 T
76 -53 0 4 0 0 N
77 -53 G 3 4 0 T
78 -53 G 1 4 0 T
79 -53 1 2 0 0 N
80 -53 G 3 3 0 P
81 -53 G 1 2 0 P
82 -53 0 5 0 0 N
83 -53 G 3 5 0 U
84 -53 0 4 0 0 N
85 -53 G 3 4 0 U
-4 -52 C 0 1 1 N
-3 -52 1 0 0 0 N
-2 -52 0 0 0 0 N
-1 -52 B 0 7 0 N
0 -52 0 1 0 0 N
1 -52 G 0 5 0 T
2 -52 0 2 0 0 N
3 -52 G 4 2 0 P
4 -52 G 0 3 0 P
5 -52 1 5 0 0 N
6 -52 G 4 4 0 P
7 -52 G 0 2 0 P
8 -52 1 4 0 0 N
9 -52 G 0 5 0 T
10 -52 0 2 0 0 N
11 -52 G 4 2 0 P
12 -52 G 0 3 0 P
13 -52 1 5 0 0 N
14 -52 G 4 4 0 P
15 -52 G 0 2 0 P
16 -52 1 4 0 0 N
17 -52 G 0 3 0 T
18 -52 1 5 0 0 N
19 -52 G 4 4 0 T
20 -52 G 0 2 0 T
21 -52 1 4 0 0 N
22 -52 G 0 5 0 T
23 -52 0 2 0 0 N
24 -52 G 4 2 0 P
25 -52 G 0 3 0 P
26 -52 1 5 0 0 N
27 -52 G 4 4 0 P
28 -52 G 0 2 0 P
29 -52 1 4 0 0 N
30 -52 C 0 1 1 N
31 -52 1 0 0 0 N
32 -52 0 0 0 0 N
33 -52 B 0 7 0 N
34 -52 0 1 0 0 N
35 -52 G 0 5 0 T
36 -52 0 2 0 0 N
37 -52 G 4 2 0 P
38 -52 G 0 3 0 P
39 -52 1 5 0 0 N
40 -52 G 4 4 0 P
41 -52 G 0 2 0 P
42 -52 1 4 0 0 N
43 -52 C 0 1 1 N
44 -52 1 0 0 0 N
45 -52 0 0 0 0 N
46 -52 B 0 7 0 N
47 -52 0 1 0 0 N
48 -52 C 0 1 1 N
49 -52 1 0 0 0 N
50 -52 0 0 0 0 N
51 -52 B 0 8 0 N
52 -52 0 2 0 0 N
53 -52 G 4 3 0 T
54 -52 G 0 2 0 T
55 -52 1 4 0 0 N
56 -52 G 0 5 0 T
57 -52 0 2 0 0 N
58 -52 G 4 2 0 P
59 -52 G 0 3 0 P
60 -52 1 5 0 0 N
61 -52 G 4 4 0 P
62 -52 G 0 2 0 P
63 -52 1 4 0 0 N
64 -52 G 0 5 0 T
65 -52 0 2 0 0 N
66 -52 G 4 2 0 P
67 -52 G 0 3 0 P
68 -52 1 5 0 0 N
69 -52 G 4 4 0 P
70 -52 G 0 2 0 P
71 -52 1 4 0 0 N
72 -52 G 0 3 0 T
73 -52 1 5 0 0 N
74 -52 G 4 4 0 T
75 -52 G 0 2 0 T
76 -52 1 4 0 0 N
77 -52 G 0 5 0 T
78 -52 0 2 0 0 N
79 -52 G 4 2 0 P
80 -52 G 0 3 0 P
81 -52 1 5 0 0 N
82 -52 G 4 4 0 U
83 -52 G 0 2 0 U
84 -52 1 4 0 0 N
-8 -51 C 1 1 1 N
-7 -51 G 2 3 0 U
-4 -51 C 2 1 1 N
-3 -51 G 5 4 0 P
-2 -51 G 4 5 0 P
-1 -51 B 5 8 0 N
0 -51 B 1 2 0 N
1 -51 B 2 6 0 N
2 -51 G 1 5 0 P
3 -51 G 2 4 0 P
4 -51 C 5 1 1 N
5 -51 C 1 1 1 N
6 -51 G 2 3 0 P
7 -51 G 5 3 0 P
8 -51 C 4 1 1 N
9 -51 B 2 2 0 N
10 -51 G 1 5 0 P
11 -51 G 2 4 0 P
12 -51 C 5 1 1 N
13 -51 C 1 1 1 N
14 -51 G 2 3 0 P
15 -51 G 5 3 0 P
16 -51 C 4 1 1 N
17 -51 B 5 1 0 N
18 -51 G 1 5 0 T
19 -51 G 2 4 0 T
20 -51 G 5 3 0 T
21 -51 B 4 1 0 N
22 -51 B 2 8 0 N
23 -51 G 1 5 0 P
24 -51 G 2 4 0 P
25 -51 C 5 1 1 N
26 -51 C 1 1 1 N
27 -51 G 2 3 0 P
28 -51 G 5 3 0 P
29 -51 C 4 1 1 N
30 -51 C 2 1 1 N
31 -51 G 5 4 0 P
32 -51 G 4 5 0 P
33 -51 B 5 8 0 N
34 -51 B 1 2 0 N
35 -51 B 2 6 0 N
36 -51 G 1 5 0 P
37 -51 G 2 4 0 P
38 -51 C 5 1 1 N
39 -51 C 1 1 1 N
40 -51 G 2 3 0 P
41 -51 G 5 3 0 P
42 -51 C 4 1 1 N
43 -51 C 2 1 1 N
44 -51 G 5 4 0 P
45 -51 G 4 5 0 P
46 -51 B 5 8 0 N
47 -51 B 1 1 0 N
48 -51 G 2 3 0 T
49 -51 G 5 4 0 T
50 -51 G 4 5 0 T
51 -51 B 2 2 0 N
52 -51 G 1 5 0 T
53 -51 G 2 4 0 T
54 -51 G 5 3 0 T
55 -51 B 4 1 0 N
56 -51 B 2 8 0 N
57 -51 G 1 5 0 P
58 -51 G 2 4 0 P
59 -51 C 5 1 1 N
60 -51 C 1 1 1 N
61 -51 G 2 3 0 P
62 -51 G 5 3 0 P
63 -51 C 4 1 1 N
64 -51 B 2 2 0 N
65 -51 G 1 5 0 P
66 -51 G 2 4 0 P
67 -51 C 5 1 1 N
68 -51 C 1 1 1 N
69 -51 G 2 3 0 P
70 -51 G 5 3 0 P
71 -51 C 4 1 1 N
72 -51 B 5 1 0 N
73 -51 G 1 5 0 T
74 -51 G 2 4 0 T
75 -51 G 5 3 0 T
76 -51 B 4 1 0 N
77 -51 B 2 8 0 N
78 -51 G 1 5 0 P
79 -51 G 2 4 0 P
80 -51 C 5 1 1 N
83 -51 G 5 3 0 U
84 -51 C 4 1 1 N
-8 -50 1 1 0 0 N
-7 -50 G 3 2 0 U
-6 -50 G 1 4 0 U
-5 -50 1 2 0 0 N
-4 -50 G 3 3 0 P
-3 -50 G 1 2 0 P
-2 -50 0 5 0 0 N
-1 -50 G 3 5 0 T
0 -50 1 1 1 0 N
1 -50 B 3 5 0 N
2 -50 0 3 0 0 N
3 -50 1 3 0 0 N
4 -50 C 3 1 1 N
5 -50 1 1 0 0 N
6 -50 G 3 2 0 P
7 -50 G 1 9 0 P
8 -50 1 2 1 0 N
9 -50 B 3 6 0 N
10 -50 0 3 0 0 N
11 -50 1 3 0 0 N
12 -50 C 3 1 1 N
13 -50 1 1 0 0 N
14 -50 G 3 2 0 P
15 -50 G 1 3 0 P
16 -50 0 5 0 0 N
17 -50 B 3 8 0 N
18 -50 0 3 0 0 N
19 -50 1 3 0 0 N
20 -50 C 3 1 1 N
21 -50 0 4 0 0 N
22 -50 B 3 7 0 N
23 -50 0 3 0 0 N
24 -50 1 3 0 0 N
25 -50 C 3 1 1 N
26 -50 1 1 0 0 N
27 -50 G 3 2 0 P
28 -50 G 1 4 0 P
29 -50 1 2 0 0 N
30 -50 G 3 3 0 P
31 -50 G 1 2 0 P
32 -50 0 5 0 0 N
33 -50 G 3 5 0 T
34 -50 1 1 1 0 N
35 -50 B 3 5 0 N
36 -50 0 3 0 0 N
37 -50 1 3 0 0 N
38 -50 C 3 1 1 N
39 -50 1 1 0 0 N
40 -50 G 3 2 0 P
41 -50 G 1 4 0 P
42 -50 1 2 0 0 N
43 -50 G 3 3 0 P
44 -50 G 1 2 0 P
45 -50 0 5 0 0 N
46 -50 G 3 5 0 T
47 -50 1 1 0 0 N
48 -50 G 3 2 0 T
49 -50 G 1 9 0 T
50 -50 1 2 1 0 N
51 -50 B 3 6 0 N
52 -50 0 3 0 0 N
53 -50 1 3 0 0 N
54 -50 C 3 1 1 N
55 -50 0 4 0 0 N
56 -50 B 3 7 0 N
57 -50 0 3 0 0 N
58 -50 1 3 0 0 N
59 -50 C 3 1 1 N
60 -50 1 1 0 0 N
61 -50 G 3 2 0 P
62 -50 G 1 9 0 P
63 -50 1 2 1 0 N
64 -50 B 3 6 0 N
65 -50 0 3 0 0 N
66 -50 1 3 0 0 N
67 -50 C 3 1 1 N
68 -50 1 1 0 0 N
69 -50 G 3 2 0 P
70 -50 G 1 3 0 P
71 -50 0 5 0 0 N
72 -50 B 3 8 0 N
73 -50 0 3 0 0 N
74 -50 1 3 0 0 N
75 -50 C 3 1 1 N
76 -50 0 4 0 0 N
77 -50 B 3 7 0 N
78 -50 0 3 0 0 N
79 -50 1 3 0 0 N
80 -50 C 3 1 1 N
-9 -49 G 0 4 0 U
-8 -49 0 1 0 0 N
-7 -49 G 0 5 0 U
-6 -49 0 2 0 0 N
-5 -49 G 4 2 0 P
-4 -49 G 0 3 0 P
-3 -49 1 5 0 0 N
-2 -49 G 4 4 0 T
-1 -49 G 0 9 0 T
0 -49 0 1 1 0 N
1 -49 G 2 4 0 P
2 -49 G 5 2 0 P
3 -49 G 4 3 0 P
4 -49 G 0 4 0 P
5 -49 0 1 0 0 N
6 -49 G 0 10 0 P
7 -49 0 2 1 0 N
8 -49 B 4 5 0 N
9 -49 G 2 5 0 P
10 -49 G 5 2 0 P
11 -49 G 4 3 0 P
12 -49 G 0 4 0 P
13 -49 0 1 0 0 N
14 -49 G 0 4 0 P
15 -49 1 5 0 0 N
16 -49 B 4 7 0 N
17 -49 G 2 5 0 P
18 -49 G 5 2 0 P
19 -49 G 4 3 0 P
20 -49 G 0 3 0 P
21 -49 1 4 0 0 N
22 -49 G 2 10 0 P
23 -49 G 5 2 0 P
24 -49 G 4 3 0 P
25 -49 G 0 4 0 P
26 -49 0 1 0 0 N
27 -49 G 0 5 0 P
28 -49 0 2 0 0 N
29 -49 G 4 2 0 P
30 -49 G 0 3 0 P
31 -49 1 5 0 0 N
32 -49 G 4 4 0 T
33 -49 G 0 9 0 T
34 -49 0 1 1 0 N
35 -49 G 2 4 0 P
36 -49 G 5 2 0 P
37 -49 G 4 3 0 P
38 -49 G 0 4 0 P
39 -49 0 1 0 0 N
40 -49 G 0 5 0 P
41 -49 0 2 0 0 N
42 -49 G 4 2 0 P
43 -49 G 0 3 0 P
44 -49 1 5 0 0 N
45 -49 G 4 4 0 T
46 -49 G 0 4 0 T
47 -49 0 1 0 0 N
48 -49 G 0 10 0 T
49 -49 0 2 1 0 N
50 -49 B 4 5 0 N
51 -49 G 2 5 0 P
52 -49 G 5 2 0 P
53 -49 G 4 3 0 P
54 -49 G 0 3 0 P
55 -49 1 4 0 0 N
56 -49 G 2 10 0 P
57 -49 G 5 2 0 P
58 -49 G 4 3 0 P
59 -49 G 0 4 0 P
60 -49 0 1 0 0 N
61 -49 G 0 10 0 P
62 -49 0 2 1 0 N
63 -49 B 4 5 0 N
64 -49 G 2 5 0 P
65 -49 G 5 2 0 P
66 -49 G 4 3 0 P
67 -49 G 0 4 0 P
68 -49 0 1 0 0 N
69 -49 G 0 4 0 P
70 -49 1 5 0 0 N
71 -49 B 4 7 0 N
72 -49 G 2 5 0 P
73 -49 G 5 2 0 P
74 -49 G 4 3 0 P
75 -49 G 0 3 0 P
76 -49 1 4 0 0 N
77 -49 G 2 10 0 U
78 -49 G 5 2 0 U
79 -49 G 4 3 0 U
-11 -48 G 1 3 0 U
-10 -48 G 2 2 0 U
-9 -48 G 5 5 0 U
-8 -48 B 1 6 0 N
-7 -48 B 2 5 0 N
-6 -48 G 1 4 0 P
-5 -48 G 2 3 0 P
-4 -48 C 5 1 1 N
-3 -48 G 1 3 0 T
-2 -48 G 2 2 0 T
-1 -48 G 5 10 0 T
0 -48 1 1 0 0 N
1 -48 G 3 3 0 P
2 -48 G 1 3 0 P
3 -48 G 2 2 0 P
4 -48 G 5 5 0 P
5 -48 B 1 7 0 N
6 -48 1 2 0 0 N
7 -48 G 3 4 0 P
8 -48 0 4 0 0 N
9 -48 G 3 4 0 P
10 -48 G 1 3 0 P
11 -48 G 2 2 0 P
12 -48 G 5 5 0 P
13 -48 B 1 5 0 N
14 -48 0 5 1 0 N
15 -48 G 3 10 0 P
16 -48 0 4 0 0 N
17 -48 G 3 4 0 P
18 -48 G 1 3 0 P
19 -48 G 2 2 0 P
20 -48 G 5 4 0 P
21 -48 0 4 1 0 N
22 -48 G 3 9 0 P
23 -48 G 1 3 0 P
24 -48 G 2 2 0 P
25 -48 G 5 5 0 P
26 -48 B 1 6 0 N
27 -48 B 2 5 0 N
28 -48 G 1 4 0 P
29 -48 G 2 3 0 P
30 -48 C 5 1 1 N
31 -48 G 1 3 0 T
32 -48 G 2 2 0 T
33 -48 G 5 10 0 T
34 -48 1 1 0 0 N
35 -48 G 3 3 0 P
36 -48 G 1 3 0 P
37 -48 G 2 2 0 P
38 -48 G 5 5 0 P
39 -48 B 1 6 0 N
40 -48 B 2 5 0 N
41 -48 G 1 4 0 P
42 -48 G 2 3 0 P
43 -48 C 5 1 1 N
44 -48 G 1 3 0 T
45 -48 G 2 2 0 T
46 -48 G 5 5 0 T
47 -48 B 1 7 0 N
48 -48 1 2 0 0 N
49 -48 G 3 4 0 P
50 -48 0 4 0 0 N
51 -48 G 3 4 0 P
52 -48 G 1 3 0 P
53 -48 G 2 2 0 P
54 -48 G 5 4 0 P
55 -48 0 4 1 0 N
56 -48 G 3 9 0 P
57 -48 G 1 3 0 P
58 -48 G 2 2 0 P
59 -48 G 5 5 0 P
60 -48 B 1 7 0 N
61 -48 1 2 0 0 N
62 -48 G 3 4 0 P
63 -48 0 4 0 0 N
64 -48 G 3 4 0 P
65 -48 G 1 3 0 P
66 -48 G 2 2 0 P
67 -48 G 5 5 0 P
68 -48 B 1 5 0 N
69 -48 0 5 1 0 N
70 -48 G 3 10 0 U
71 -48 0 4 0 0 N
72 -48 G 3 4 0 P
73 -48 G 1 3 0 P
74 -48 G 2 2 0 P
75 -48 G 5 4 0 P
76 -48 0 4 1 0 N
77 -48 G 3 9 0 U
-12 -47 C 0 1 1 N
-11 -47 1 0 0 0 N
-10 -47 0 0 0 0 N
-9 -47 B 0 2 0 N
-8 -47 1 0 1 0 N
-7 -47 0 0 1 0 N
-6 -47 1 0 0 0 N
-5 -47 0 0 0 0 N
-4 -47 B 0 1 0 N
-3 -47 1 0 0 0 N
-2 -47 0 0 0 0 N
-1 -47 B 0 7 0 N
0 -47 0 1 0 0 N
1 -47 C 0 1 1 N
2 -47 1 0 0 0 N
3 -47 0 0 0 0 N
4 -47 B 0 8 0 N
5 -47 0 2 0 0 N
6 -47 G 4 3 0 P
7 -47 G 0 2 0 P
8 -47 1 4 0 0 N
9 -47 C 0 1 1 N
10 -47 1 0 0 0 N
11 -47 0 0 0 0 N
12 -47 B 0 6 0 N
13 -47 1 5 1 0 N
14 -47 G 4 9 0 P
15 -47 G 0 2 0 P
16 -47 1 4 0 0 N
17 -47 C 0 1 1 N
18 -47 1 0 0 0 N
19 -47 0 0 0 0 N
20 -47 B 0 5 0 N
21 -47 1 4 1 0 N
22 -47 C 0 1 1 N
23 -47 1 0 0 0 N
24 -47 0 0 0 0 N
25 -47 B 0 2 0 N
26 -47 1 0 1 0 N
27 -47 0 0 1 0 N
28 -47 1 0 0 0 N
29 -47 0 0 0 0 N
30 -47 B 0 1 0 N
31 -47 1 0 0 0 N
32 -47 0 0 0 0 N
33 -47 B 0 7 0 N
34 -47 0 1 0 0 N
35 -47 C 0 1 1 N
36 -47 1 0 0 0 N
37 -47 0 0 0 0 N
38 -47 B 0 2 0 N
39 -47 1 0 1 0 N
40 -47 0 0 1 0 N
41 -47 1 0 0 0 N
42 -47 0 0 0 0 N
43 -47 B 0 1 0 N
44 -47 1 0 0 0 N
45 -47 0 0 0 0 N
46 -47 B 0 8 0 N
47 -47 0 2 0 0 N
48 -47 G 4 3 0 P
49 -47 G 0 2 0 P
50 -47 1 4 0 0 N
51 -47 C 0 1 1 N
52 -47 1 0 0 0 N
53 -47 0 0 0 0 N
54 -47 B 0 5 0 N
55 -47 1 4 1 0 N
56 -47 C 0 1 1 N
57 -47 1 0 0 0 N
58 -47 0 0 0 0 N
59 -47 B 0 8 0 N
60 -47 0 2 0 0 N
61 -47 G 4 3 0 P
62 -47 G 0 2 0 P
63 -47 1 4 0 0 N
64 -47 C 0 1 1 N
65 -47 1 0 0 0 N
66 -47 0 0 0 0 N
67 -47 B 0 6 0 N
68 -47 1 5 1 0 N
69 -47 G 4 9 0 U
70 -47 G 0 2 0 U
71 -47 1 4 0 0 N
72 -47 C 0 1 1 N
73 -47 1 0 0 0 N
74 -47 0 0 0 0 N
75 -47 B 0 5 0 N
76 -47 1 4 1 0 N
-21 -46 C 1 1 1 N
-20 -46 G 2 3 0 U
-17 -46 C 2 1 1 N
-11 -46 G 5 4 0 U
-10 -46 G 4 5 0 U
-9 -46 C 2 1 1 N
-8 -46 G 5 9 0 P
-7 -46 G 4 10 0 P
-6 -46 B 5 7 0 N
-5 -46 B 4 8 0 N
-4 -46 G 2 5 0 T
-3 -46 G 5 4 0 T
-2 -46 G 4 5 0 T
-1 -46 B 5 8 0 N
0 -46 B 1 1 0 N
1 -46 G 2 3 0 T
2 -46 G 5 4 0 T
3 -46 G 4 5 0 T
4 -46 B 2 1 0 N
5 -46 C 1 1 1 N
6 -46 G 2 3 0 P
7 -46 G 5 3 0 P
8 -46 C 4 1 1 N
9 -46 C 2 1 1 N
10 -46 G 5 4 0 P
11 -46 G 4 5 0 P
12 -46 B 5 2 0 N
13 -46 C 1 1 1 N
14 -46 G 2 3 0 P
15 -46 G 5 3 0 P
16 -46 C 4 1 1 N
17 -46 C 2 1 1 N
18 -46 G 5 4 0 P
19 -46 G 4 5 0 P
20 -46 B 5 6 0 N
21 -46 B 4 2 0 N
22 -46 G 2 5 0 T
23 -46 G 5 4 0 T
24 -46 G 4 5 0 T
25 -46 C 2 1 1 N
26 -46 G 5 9 0 P
27 -46 G 4 10 0 P
28 -46 B 5 7 0 N
29 -46 B 4 8 0 N
30 -46 G 2 5 0 T
31 -46 G 5 4 0 T
32 -46 G 4 5 0 T
33 -46 B 5 8 0 N
34 -46 B 1 1 0 N
35 -46 G 2 3 0 T
36 -46 G 5 4 0 T
37 -46 G 4 5 0 T
38 -46 C 2 1 1 N
39 -46 G 5 9 0 P
40 -46 G 4 10 0 P
41 -46 B 5 7 0 N
42 -46 B 4 8 0 N
43 -46 G 2 5 0 T
44 -46 G 5 4 0 T
45 -46 G 4 5 0 T
46 -46 B 2 1 0 N
47 -46 C 1 1 1 N
48 -46 G 2 3 0 P
49 -46 G 5 3 0 P
50 -46 C 4 1 1 N
51 -46 C 2 1 1 N
52 -46 G 5 4 0 P
53 -46 G 4 5 0 P
54 -46 B 5 6 0 N
55 -46 B 4 2 0 N
56 -46 G 2 5 0 T
57 -46 G 5 4 0 T
58 -46 G 4 5 0 T
59 -46 B 2 1 0 N
60 -46 C 1 1 1 N
61 -46 G 2 3 0 P
62 -46 G 5 3 0 P
63 -46 C 4 1 1 N
64 -46 C 2 1 1 N
65 -46 G 5 4 0 P
66 -46 G 4 5 0 P
67 -46 B 5 2 0 N
70 -46 G 5 3 0 U
71 -46 C 4 1 1 N
73 -46 G 5 4 0 U
74 -46 G 4 5 0 U
75 -46 B 5 6 0 N
76 -46 B 4 2 0 N
77 -46 G 2 5 0 U
-21 -45 1 1 0 0 N
-20 -45 G 3 2 0 U
-19 -45 G 1 4 0 U
-18 -45 1 2 0 0 N
-17 -45 G 3 3 0 U
-11 -45 G 1 4 0 U
-10 -45 1 2 0 0 N
-9 -45 G 3 3 0 P
-8 -45 G 1 2 0 P
-7 -45 0 5 0 0 N
-6 -45 G 3 5 0 P
-5 -45 0 4 0 0 N
-4 -45 G 3 4 0 T
-3 -45 G 1 2 0 T
-2 -45 0 5 0 0 N
-1 -45 G 3 5 0 T
0 -45 1 1 0 0 N
1 -45 G 3 2 0 T
2 -45 G 1 4 0 T
3 -45 1 2 0 0 N
4 -45 G 3 3 0 T
5 -45 1 1 0 0 N
6 -45 G 3 2 0 P
7 -45 G 1 4 0 P
8 -45 1 2 0 0 N
9 -45 G 3 3 0 P
10 -45 G 1 2 0 P
11 -45 0 5 0 0 N
12 -45 G 3 5 0 T
13 -45 1 1 0 0 N
14 -45 G 3 2 0 P
15 -45 G 1 4 0 P
16 -45 1 2 0 0 N
17 -45 G 3 3 0 P
18 -45 G 1 2 0 P
19 -45 0 5 0 0 N
20 -45 G 3 5 0 P
21 -45 0 4 0 0 N
22 -45 G 3 4 0 T
23 -45 G 1 4 0 T
24 -45 1 2 0 0 N
25 -45 G 3 3 0 P
26 -45 G 1 2 0 P
27 -45 0 5 0 0 N
28 -45 G 3 5 0 P
29 -45 0 4 0 0 N
30 -45 G 3 4 0 T
31 -45 G 1 2 0 T
32 -45 0 5 0 0 N
33 -45 G 3 5 0 T
34 -45 1 1 0 0 N
35 -45 G 3 2 0 T
36 -45 G 1 4 0 T
37 -45 1 2 0 0 N
38 -45 G 3 3 0 P
39 -45 G 1 2 0 P
40 -45 0 5 0 0 N
41 -45 G 3 5 0 P
42 -45 0 4 0 0 N
43 -45 G 3 4 0 T
44 -45 G 1 4 0 T
45 -45 1 2 0 0 N
46 -45 G 3 3 0 T
47 -45 1 1 0 0 N
48 -45 G 3 2 0 P
49 -45 G 1 4 0 P
50 -45 1 2 0 0 N
51 -45 G 3 3 0 P
52 -45 G 1 2 0 P
53 -45 0 5 0 0 N
54 -45 G 3 5 0 T
55 -45 0 4 0 0 N
56 -45 G 3 4 0 T
57 -45 G 1 4 0 T
58 -45 1 2 0 0 N
59 -45 G 3 3 0 T
60 -45 1 1 0 0 N
61 -45 G 3 2 0 P
62 -45 G 1 4 0 P
63 -45 1 2 0 0 N
64 -45 G 3 3 0 P
65 -45 G 1 2 0 P
66 -45 0 5 0 0 N
67 -45 G 3 5 0 U
73 -45 G 1 2 0 U
74 -45 0 5 0 0 N
75 -45 G 3 5 0 U
76 -45 0 4 0 0 N
77 -45 G 3 4 0 U
-22 -44 G 0 4 0 U
-21 -44 0 1 0 0 N
-20 -44 G 0 5 0 U
-19 -44 0 2 0 0 N
-18 -44 G 4 2 0 U
-12 -44 G 0 5 0 U
-11 -44 0 2 0 0 N
-10 -44 G 4 2 0 P
-9 -44 G 0 3 0 P
-8 -44 1 5 0 0 N
-7 -44 G 4 4 0 P
-6 -44 G 0 2 0 P
-5 -44 1 4 0 0 N
-4 -44 G 0 3 0 T
-3 -44 1 5 0 0 N
-2 -44 G 4 4 0 T
-1 -44 G 0 4 0 T
0 -44 0 1 0 0 N
1 -44 G 0 5 0 T
2 -44 0 2 0 0 N
3 -44 G 4 2 0 T
4 -44 G 0 4 0 T
5 -44 0 1 0 0 N
6 -44 G 0 5 0 P
7 -44 0 2 0 0 N
8 -44 G 4 2 0 P
9 -44 G 0 3 0 P
10 -44 1 5 0 0 N
11 -44 G 4 4 0 T
12 -44 G 0 4 0 T
13 -44 0 1 0 0 N
14 -44 G 0 5 0 P
15 -44 0 2 0 0 N
16 -44 G 4 2 0 P
17 -44 G 0 3 0 P
18 -44 1 5 0 0 N
19 -44 G 4 4 0 P
20 -44 G 0 2 0 P
21 -44 1 4 0 0 N
22 -44 G 0 5 0 T
23 -44 0 2 0 0 N
24 -44 G 4 2 0 P
25 -44 G 0 3 0 P
26 -44 1 5 0 0 N
27 -44 G 4 4 0 P
28 -44 G 0 2 0 P
29 -44 1 4 0 0 N
30 -44 G 0 3 0 T
31 -44 1 5 0 0 N
32 -44 G 4 4 0 T
33 -44 G 0 4 0 T
34 -44 0 1 0 0 N
35 -44 G 0 5 0 T
36 -44 0 2 0 0 N
37 -44 G 4 2 0 P
38 -44 G 0 3 0 P
39 -44 1 5 0 0 N
40 -44 G 4 4 0 P
41 -44 G 0 2 0 P
42 -44 1 4 0 0 N
43 -44 G 0 5 0 T
44 -44 0 2 0 0 N
45 -44 G 4 2 0 T
46 -44 G 0 4 0 T
47 -44 0 1 0 0 N
48 -44 G 0 5 0 P
49 -44 0 2 0 0 N
50 -44 G 4 2 0 P
51 -44 G 0 3 0 P
52 -44 1 5 0 0 N
53 -44 G 4 4 0 T
54 -44 G 0 2 0 T
55 -44 1 4 0 0 N
56 -44 G 0 5 0 T
57 -44 0 2 0 0 N
58 -44 G 4 2 0 T
59 -44 G 0 4 0 T
60 -44 0 1 0 0 N
61 -44 G 0 5 0 P
62 -44 0 2 0 0 N
63 -44 G 4 2 0 P
64 -44 G 0 3 0 P
65 -44 1 5 0 0 N
66 -44 G 4 4 0 U
72 -44 G 0 3 0 U
73 -44 1 5 0 0 N
74 -44 G 4 4 0 U
75 -44 G 0 2 0 U
76 -44 1 4 0 0 N
-22 -43 G 5 5 0 U
-21 -43 B 1 2 0 N
-20 -43 B 2 6 0 N
-19 -43 G 1 5 0 U
-18 -43 G 2 4 0 U
-16 -43 C 1 1 1 N
-15 -43 G 2 3 0 U
-12 -43 B 2 2 0 N
-11 -43 G 1 5 0 P
-10 -43 G 2 4 0 P
-9 -43 C 5 1 1 N
-8 -43 C 1 1 1 N
-7 -43 G 2 3 0 P
-6 -43 G 5 3 0 P
-5 -43 C 4 1 1 N
-4 -43 B 5 1 0 N
-3 -43 G 1 5 0 T
-2 -43 G 2 4 0 T
-1 -43 G 5 5 0 T
0 -43 B 1 2 0 N
1 -43 B 2 6 0 N
2 -43 G 1 5 0 T
3 -43 G 2 4 0 T
4 -43 G 5 5 0 T
5 -43 B 1 8 0 N
6 -43 B 2 7 0 N
7 -43 G 1 10 0 P
8 -43 G 2 9 0 P
9 -43 C 5 1 1 N
10 -43 G 1 5 0 T
11 -43 G 2 4 0 T
12 -43 G 5 5 0 T
13 -43 B 1 2 0 N
14 -43 B 2 6 0 N
15 -43 G 1 5 0 P
16 -43 G 2 4 0 P
17 -43 C 5 1 1 N
18 -43 C 1 1 1 N
19 -43 G 2 3 0 P
20 -43 G 5 3 0 P
21 -43 C 4 1 1 N
22 -43 B 2 2 0 N
23 -43 G 1 5 0 P
24 -43 G 2 4 0 P
25 -43 C 5 1 1 N
26 -43 C 1 1 1 N
27 -43 G 2 3 0 P
28 -43 G 5 3 0 P
29 -43 C 4 1 1 N
30 -43 B 5 1 0 N
31 -43 G 1 5 0 T
32 -43 G 2 4 0 T
33 -43 G 5 5 0 T
34 -43 B 1 2 0 N
35 -43 B 2 6 0 N
36 -43 G 1 5 0 P
37 -43 G 2 4 0 P
38 -43 C 5 1 1 N
39 -43 C 1 1 1 N
40 -43 G 2 3 0 P
41 -43 G 5 3 0 P
42 -43 C 4 1 1 N
43 -43 B 2 2 0 N
44 -43 G 1 5 0 T
45 -43 G 2 4 0 T
46 -43 G 5 5 0 T
47 -43 B 1 8 0 N
48 -43 B 2 7 0 N
49 -43 G 1 10 0 P
50 -43 G 2 9 0 P
51 -43 C 5 1 1 N
52 -43 G 1 5 0 T
53 -43 G 2 4 0 T
54 -43 G 5 3 0 T
55 -43 B 4 1 0 N
56 -43 B 2 8 0 N
57 -43 G 1 5 0 T
58 -43 G 2 4 0 T
59 -43 G 5 5 0 T
60 -43 B 1 8 0 N
61 -43 B 2 7 0 N
62 -43 G 1 10 0 P
63 -43 G 2 9 0 P
64 -43 C 5 1 1 N
65 -43 G 1 5 0 U
66 -43 G 2 4 0 U
72 -43 C 5 1 1 N
75 -43 G 5 3 0 U
76 -43 C 4 1 1 N
-21 -42 1 1 1 0 N
-20 -42 B 3 5 0 N
-19 -42 0 3 0 0 N
-18 -42 1 3 0 0 N
-17 -42 C 3 1 1 N
-16 -42 1 1 0 0 N
-15 -42 G 3 2 0 U
-14 -42 G 1 9 0 U
-13 -42 1 2 1 0 N
-12 -42 B 3 6 0 N
-11 -42 0 3 0 0 N
-10 -42 1 3 0 0 N
-9 -42 C 3 1 1 N
-8 -42 1 1 0 0 N
-7 -42 G 3 2 0 P
-6 -42 G 1 3 0 P
-5 -42 0 5 0 0 N
-4 -42 B 3 8 0 N
-3 -42 0 3 0 0 N
-2 -42 1 3 0 0 N
-1 -42 C 3 1 1 N
0 -42 1 1 1 0 N
1 -42 B 3 5 0 N
2 -42 0 3 0 0 N
3 -42 1 3 0 0 N
4 -42 B 3 1 0 N
5 -42 0 3 0 0 N
6 -42 1 3 0 0 N
7 -42 0 3 1 0 N
8 -42 1 3 1 0 N
9 -42 B 3 2 0 N
10 -42 0 3 0 0 N
11 -42 1 3 0 0 N
12 -42 C 3 1 1 N
13 -42 1 1 1 0 N
14 -42 B 3 5 0 N
15 -42 0 3 0 0 N
16 -42 1 3 0 0 N
17 -42 C 3 1 1 N
18 -42 1 1 0 0 N
19 -42 G 3 2 0 P
20 -42 G 1 9 0 P
21 -42 1 2 1 0 N
22 -42 B 3 6 0 N
23 -42 0 3 0 0 N
24 -42 1 3 0 0 N
25 -42 C 3 1 1 N
26 -42 1 1 0 0 N
27 -42 G 3 2 0 P
28 -42 G 1 3 0 P
29 -42 0 5 0 0 N
30 -42 B 3 8 0 N
31 -42 0 3 0 0 N
32 -42 1 3 0 0 N
33 -42 C 3 1 1 N
34 -42 1 1 1 0 N
35 -42 B 3 5 0 N
36 -42 0 3 0 0 N
37 -42 1 3 0 0 N
38 -42 C 3 1 1 N
39 -42 1 1 0 0 N
40 -42 G 3 2 0 P
41 -42 G 1 9 0 P
42 -42 1 2 1 0 N
43 -42 B 3 6 0 N
44 -42 0 3 0 0 N
45 -42 1 3 0 0 N
46 -42 B 3 1 0 N
47 -42 0 3 0 0 N
48 -42 1 3 0 0 N
49 -42 0 3 1 0 N
50 -42 1 3 1 0 N
51 -42 B 3 2 0 N
52 -42 0 3 0 0 N
53 -42 1 3 0 0 N
54 -42 C 3 1 1 N
55 -42 0 4 0 0 N
56 -42 B 3 7 0 N
57 -42 0 3 0 0 N
58 -42 1 3 0 0 N
59 -42 B 3 1 0 N
60 -42 0 3 0 0 N
61 -42 1 3 0 0 N
62 -42 0 3 1 0 N
63 -42 1 3 1 0 N
64 -42 B 3 2 0 N
65 -42 0 3 0 0 N
66 -42 1 3 0 0 N
67 -42 C 3 1 1 N
-22 -41 G 0 9 0 U
-21 -41 0 1 1 0 N
-20 -41 G 2 4 0 P
-19 -41 G 5 2 0 P
-18 -41 G 4 3 0 P
-17 -41 G 0 4 0 P
-16 -41 0 1 0 0 N
-15 -41 G 0 10 0 U
-14 -41 0 2 1 0 N
-13 -41 B 4 5 0 N
-12 -41 G 2 5 0 P
-11 -41 G 5 2 0 P
-10 -41 G 4 3 0 P
-9 -41 G 0 4 0 P
-8 -41 0 1 0 0 N
-7 -41 G 0 4 0 P
-6 -41 1 5 0 0 N
-5 -41 B 4 7 0 N
-4 -41 G 2 5 0 P
-3 -41 G 5 2 0 P
-2 -41 G 4 3 0 P
-1 -41 G 0 9 0 P
0 -41 0 1 1 0 N
1 -41 G 2 4 0 T
2 -41 G 5 2 0 T
3 -41 G 4 3 0 T
4 -41 C 2 1 1 N
5 -41 G 5 3 0 P
6 -41 G 4 4 0 P
7 -41 B 5 5 0 N
8 -41 B 4 6 0 N
9 -41 G 2 5 0 P
10 -41 G 5 2 0 P
11 -41 G 4 3 0 P
12 -41 G 0 9 0 P
13 -41 0 1 1 0 N
14 -41 G 2 4 0 P
15 -41 G 5 2 0 P
16 -41 G 4 3 0 P
17 -41 G 0 4 0 P
18 -41 0 1 0 0 N
19 -41 G 0 10 0 P
20 -41 0 2 1 0 N
21 -41 B 4 5 0 N
22 -41 G 2 5 0 P
23 -41 G 5 2 0 P
24 -41 G 4 3 0 P
25 -41 G 0 4 0 P
26 -41 0 1 0 0 N
27 -41 G 0 4 0 P
28 -41 1 5 0 0 N
29 -41 B 4 7 0 N
30 -41 G 2 5 0 P
31 -41 G 5 2 0 P
32 -41 G 4 3 0 P
33 -41 G 0 9 0 P
34 -41 0 1 1 0 N
35 -41 G 2 4 0 P
36 -41 G 5 2 0 P
37 -41 G 4 3 0 P
38 -41 G 0 4 0 P
39 -41 0 1 0 0 N
40 -41 G 0 10 0 P
41 -41 0 2 1 0 N
42 -41 B 4 5 0 N
43 -41 G 2 5 0 T
44 -41 G 5 2 0 T
45 -41 G 4 3 0 T
46 -41 C 2 1 1 N
47 -41 G 5 3 0 P
48 -41 G 4 4 0 P
49 -41 B 5 5 0 N
50 -41 B 4 6 0 N
51 -41 G 2 5 0 P
52 -41 G 5 2 0 P
53 -41 G 4 3 0 P
54 -41 G 0 3 0 P
55 -41 1 4 0 0 N
56 -41 G 2 10 0 T
57 -41 G 5 2 0 T
58 -41 G 4 3 0 T
59 -41 C 2 1 1 N
60 -41 G 5 3 0 P
61 -41 G 4 4 0 P
62 -41 B 5 5 0 N
63 -41 B 4 6 0 N
64 -41 G 2 5 0 U
65 -41 G 5 2 0 U
66 -41 G 4 3 0 U
-24 -40 G 1 3 0 U
-23 -40 G 2 2 0 U
-22 -40 G 5 10 0 U
-21 -40 1 1 0 0 N
-20 -40 G 3 3 0 P
-19 -40 G 1 3 0 P
-18 -40 G 2 2 0 P
-17 -40 G 5 5 0 P
-16 -40 B 1 7 0 N
-15 -40 1 2 0 0 N
-14 -40 G 3 4 0 P
-13 -40 0 4 0 0 N
-12 -40 G 3 4 0 P
-11 -40 G 1 3 0 P
-10 -40 G 2 2 0 P
-9 -40 G 5 5 0 P
-8 -40 B 1 5 0 N
-7 -40 0 5 1 0 N
-6 -40 G 3 10 0 P
-5 -40 0 4 0 0 N
-4 -40 G 3 4 0 P
-3 -40 G 1 3 0 P
-2 -40 G 2 2 0 P
-1 -40 G 5 10 0 P
0 -40 1 1 0 0 N
1 -40 G 3 3 0 T
2 -40 G 1 4 0 T
3 -40 1 2 0 0 N
4 -40 G 3 3 0 P
5 -40 G 1 2 0 P
6 -40 0 5 0 0 N
7 -40 G 3 5 0 P
8 -40 0 4 0 0 N
9 -40 G 3 4 0 P
10 -40 G 1 3 0 P
11 -40 G 2 2 0 P
12 -40 G 5 10 0 P
13 -40 1 1 0 0 N
14 -40 G 3 3 0 P
15 -40 G 1 3 0 P
16 -40 G 2 2 0 P
17 -40 G 5 5 0 P
18 -40 B 1 7 0 N
19 -40 1 2 0 0 N
20 -40 G 3 4 0 P
21 -40 0 4 0 0 N
22 -40 G 3 4 0 P
23 -40 G 1 3 0 P
24 -40 G 2 2 0 P
25 -40 G 5 5 0 P
26 -40 B 1 5 0 N
27 -40 0 5 1 0 N
28 -40 G 3 10 0 P
29 -40 0 4 0 0 N
30 -40 G 3 4 0 P
31 -40 G 1 3 0 P
32 -40 G 2 2 0 P
33 -40 G 5 10 0 P
34 -40 1 1 0 0 N
35 -40 G 3 3 0 P
36 -40 G 1 3 0 P
37 -40 G 2 2 0 P
38 -40 G 5 5 0 P
39 -40 B 1 7 0 N
40 -40 1 2 0 0 N
41 -40 G 3 4 0 T
42 -40 0 4 0 0 N
43 -40 G 3 4 0 T
44 -40 G 1 4 0 T
45 -40 1 2 0 0 N
46 -40 G 3 3 0 P
47 -40 G 1 2 0 P
48 -40 0 5 0 0 N
49 -40 G 3 5 0 P
50 -40 0 4 0 0 N
51 -40 G 3 4 0 P
52 -40 G 1 3 0 P
53 -40 G 2 2 0 P
54 -40 G 5 4 0 P
55 -40 0 4 1 0 N
56 -40 G 3 9 0 T
57 -40 G 1 4 0 T
58 -40 1 2 0 0 N
59 -40 G 3 3 0 P
60 -40 G 1 2 0 P
61 -40 0 5 0 0 N
62 -40 G 3 5 0 U
63 -40 0 4 0 0 N
64 -40 G 3 4 0 U
-25 -39 C 0 1 1 N
-24 -39 1 0 0 0 N
-23 -39 0 0 0 0 N
-22 -39 B 0 7 0 N
-21 -39 0 1 0 0 N
-20 -39 C 0 1 1 N
-19 -39 1 0 0 0 N
-18 -39 0 0 0 0 N
-17 -39 B 0 8 0 N
-16 -39 0 2 0 0 N
-15 -39 G 4 3 0 P
-14 -39 G 0 2 0 P
-13 -39 1 4 0 0 N
-12 -39 C 0 1 1 N
-11 -39 1 0 0 0 N
-10 -39 0 0 0 0 N
-9 -39 B 0 6 0 N
-8 -39 1 5 1 0 N
-7 -39 G 4 9 0 P
-6 -39 G 0 2 0 P
-5 -39 1 4 0 0 N
-4 -39 C 0 1 1 N
-3 -39 1 0 0 0 N
-2 -39 0 0 0 0 N
-1 -39 B 0 7 0 N
0 -39 0 1 0 0 N
1 -39 G 0 5 0 T
2 -39 0 2 0 0 N
3 -39 G 4 2 0 P
4 -39 G 0 3 0 P
5 -39 1 5 0 0 N
6 -39 G 4 4 0 P
7 -39 G 0 2 0 P
8 -39 1 4 0 0 N
9 -39 C 0 1 1 N
10 -39 1 0 0 0 N
11 -39 0 0 0 0 N
12 -39 B 0 7 0 N
13 -39 0 1 0 0 N
14 -39 C 0 1 1 N
15 -39 1 0 0 0 N
16 -39 0 0 0 0 N
17 -39 B 0 8 0 N
18 -39 0 2 0 0 N
19 -39 G 4 3 0 P
20 -39 G 0 2 0 P
21 -39 1 4 0 0 N
22 -39 C 0 1 1 N
23 -39 1 0 0 0 N
24 -39 0 0 0 0 N
25 -39 B 0 6 0 N
26 -39 1 5 1 0 N
27 -39 G 4 9 0 P
28 -39 G 0 2 0 P
29 -39 1 4 0 0 N
30 -39 C 0 1 1 N
31 -39 1 0 0 0 N
32 -39 0 0 0 0 N
33 -39 B 0 7 0 N
34 -39 0 1 0 0 N
35 -39 C 0 1 1 N
36 -39 1 0 0 0 N
37 -39 0 0 0 0 N
38 -39 B 0 8 0 N
39 -39 0 2 0 0 N
40 -39 G 4 3 0 T
41 -39 G 0 2 0 T
42 -39 1 4 0 0 N
43 -39 G 0 5 0 T
44 -39 0 2 0 0 N
45 -39 G 4 2 0 P
46 -39 G 0 3 0 P
47 -39 1 5 0 0 N
48 -39 G 4 4 0 P
49 -39 G 0 2 0 P
50 -39 1 4 0 0 N
51 -39 C 0 1 1 N
52 -39 1 0 0 0 N
53 -39 0 0 0 0 N
54 -39 B 0 5 0 N
55 -39 1 4 1 0 N
56 -39 G 0 5 0 T
57 -39 0 2 0 0 N
58 -39 G 4 2 0 P
59 -39 G 0 3 0 P
60 -39 1 5 0 0 N
61 -39 G 4 4 0 U
62 -39 G 0 2 0 U
63 -39 1 4 0 0 N
-29 -38 C 1 1 1 N
-28 -38 G 2 3 0 U
-25 -38 C 2 1 1 N
-24 -38 G 5 4 0 P
-23 -38 G 4 5 0 P
-22 -38 B 5 8 0 N
-21 -38 B 1 1 0 N
-20 -38 G 2 3 0 T
-19 -38 G 5 4 0 T
-18 -38 G 4 5 0 T
-17 -38 B 2 1 0 N
-16 -38 C 1 1 1 N
-15 -38 G 2 3 0 P
-14 -38 G 5 3 0 P
-13 -38 C 4 1 1 N
-12 -38 C 2 1 1 N
-11 -38 G 5 4 0 P
-10 -38 G 4 5 0 P
-9 -38 B 5 2 0 N
-8 -38 C 1 1 1 N
-7 -38 G 2 3 0 P
-6 -38 G 5 3 0 P
-5 -38 C 4 1 1 N
-4 -38 C 2 1 1 N
-3 -38 G 5 4 0 P
-2 -38 G 4 5 0 P
-1 -38 B 5 8 0 N
0 -38 B 1 2 0 N
1 -38 B 2 6 0 N
2 -38 G 1 5 0 P
3 -38 G 2 4 0 P
4 -38 C 5 1 1 N
5 -38 C 1 1 1 N
6 -38 G 2 3 0 P
7 -38 G 5 3 0 P
8 -38 C 4 1 1 N
9 -38 C 2 1 1 N
10 -38 G 5 4 0 P
11 -38 G 4 5 0 P
12 -38 B 5 8 0 N
13 -38 B 1 1 0 N
14 -38 G 2 3 0 T
15 -38 G 5 4 0 T
16 -38 G 4 5 0 T
17 -38 B 2 1 0 N
18 -38 C 1 1 1 N
19 -38 G 2 3 0 P
20 -38 G 5 3 0 P
21 -38 C 4 1 1 N
22 -38 C 2 1 1 N
23 -38 G 5 4 0 P
24 -38 G 4 5 0 P
25 -38 B 5 2 0 N
26 -38 C 1 1 1 N
27 -38 G 2 3 0 P
28 -38 G 5 3 0 P
29 -38 C 4 1 1 N
30 -38 C 2 1 1 N
31 -38 G 5 4 0 P
32 -38 G 4 5 0 P
33 -38 B 5 8 0 N
34 -38 B 1 1 0 N
35 -38 G 2 3 0 T
36 -38 G 5 4 0 T
37 -38 G 4 5 0 T
38 -38 B 2 2 0 N
39 -38 G 1 5 0 T
40 -38 G 2 4 0 T
41 -38 G 5 3 0 T
42 -38 B 4 1 0 N
43 -38 B 2 8 0 N
44 -38 G 1 5 0 P
45 -38 G 2 4 0 P
46 -38 C 5 1 1 N
47 -38 C 1 1 1 N
48 -38 G 2 3 0 P
49 -38 G 5 3 0 P
50 -38 C 4 1 1 N
51 -38 C 2 1 1 N
52 -38 G 5 4 0 P
53 -38 G 4 5 0 P
54 -38 B 5 6 0 N
55 -38 B 4 2 0 N
56 -38 B 2 8 0 N
57 -38 G 1 5 0 P
58 -38 G 2 4 0 P
59 -38 C 5 1 1 N
62 -38 G 5 3 0 U
63 -38 C 4 1 1 N
-29 -37 1 1 0 0 N
-28 -37 G 3 2 0 U
-27 -37 G 1 4 0 U
-26 -37 1 2 0 0 N
-25 -37 G 3 3 0 P
-24 -37 G 1 2 0 P
-23 -37 0 5 0 0 N
-22 -37 G 3 5 0 T
-21 -37 1 1 0 0 N
-20 -37 G 3 2 0 T
-19 -37 G 1 4 0 T
-18 -37 1 2 0 0 N
-17 -37 G 3 3 0 T
-16 -37 1 1 0 0 N
-15 -37 G 3 2 0 P
-14 -37 G 1 4 0 P
-13 -37 1 2 0 0 N
-12 -37 G 3 3 0 P
-11 -37 G 1 2 0 P
-10 -37 0 5 0 0 N
-9 -37 G 3 5 0 T
-8 -37 1 1 0 0 N
-7 -37 G 3 2 0 P
-6 -37 G 1 4 0 P
-5 -37 1 2 0 0 N
-4 -37 G 3 3 0 P
-3 -37 G 1 2 0 P
-2 -37 0 5 0 0 N
-1 -37 G 3 5 0 T
0 -37 1 1 1 0 N
1 -37 B 3 5 0 N
2 -37 0 3 0 0 N
3 -37 1 3 0 0 N
4 -37 C 3 1 1 N
5 -37 1 1 0 0 N
6 -37 G 3 2 0 P
7 -37 G 1 4 0 P
8 -37 1 2 0 0 N
9 -37 G 3 3 0 P
10 -37 G 1 2 0 P
11 -37 0 5 0 0 N
12 -37 G 3 5 0 T
13 -37 1 1 0 0 N
14 -37 G 3 2 0 T
15 -37 G 1 4 0 T
16 -37 1 2 0 0 N
17 -37 G 3 3 0 T
18 -37 1 1 0 0 N
19 -37 G 3 2 0 P
20 -37 G 1 4 0 P
21 -37 1 2 0 0 N
22 -37 G 3 3 0 P
23 -37 G 1 2 0 P
24 -37 0 5 0 0 N
25 -37 G 3 5 0 T
26 -37 1 1 0 0 N
27 -37 G 3 2 0 P
28 -37 G 1 4 0 P
29 -37 1 2 0 0 N
30 -37 G 3 3 0 P
31 -37 G 1 2 0 P
32 -37 0 5 0 0 N
33 -37 G 3 5 0 T
34 -37 1 1 0 0 N
35 -37 G 3 2 0 T
36 -37 G 1 9 0 T
37 -37 1 2 1 0 N
38 -37 B 3 6 0 N
39 -37 0 3 0 0 N
40 -37 1 3 0 0 N
41 -37 C 3 1 1 N
42 -37 0 4 0 0 N
43 -37 B 3 7 0 N
44 -37 0 3 0 0 N
45 -37 1 3 0 0 N
46 -37 C 3 1 1 N
47 -37 1 1 0 0 N
48 -37 G 3 2 0 P
49 -37 G 1 4 0 P
50 -37 1 2 0 0 N
51 -37 G 3 3 0 P
52 -37 G 1 2 0 P
53 -37 0 5 0 0 N
54 -37 G 3 5 0 T
55 -37 0 4 0 0 N
56 -37 B 3 7 0 N
57 -37 0 3 0 0 N
58 -37 1 3 0 0 N
59 -37 C 3 1 1 N
-30 -36 G 0 4 0 U
-29 -36 0 1 0 0 N
-28 -36 G 0 5 0 U
-27 -36 0 2 0 0 N
-26 -36 G 4 2 0 P
-25 -36 G 0 3 0 P
-24 -36 1 5 0 0 N
-23 -36 G 4 4 0 T
-22 -36 G 0 4 0 T
-21 -36 0 1 0 0 N
-20 -36 G 0 5 0 T
-19 -36 0 2 0 0 N
-18 -36 G 4 2 0 T
-17 -36 G 0 4 0 T
-16 -36 0 1 0 0 N
-15 -36 G 0 5 0 P
-14 -36 0 2 0 0 N
-13 -36 G 4 2 0 P
-12 -36 G 0 3 0 P
-11 -36 1 5 0 0 N
-10 -36 G 4 4 0 T
-9 -36 G 0 4 0 T
-8 -36 0 1 0 0 N
-7 -36 G 0 5 0 P
-6 -36 0 2 0 0 N
-5 -36 G 4 2 0 P
-4 -36 G 0 3 0 P
-3 -36 1 5 0 0 N
-2 -36 G 4 4 0 T
-1 -36 G 0 9 0 T
0 -36 0 1 1 0 N
1 -36 G 2 4 0 P
2 -36 G 5 2 0 P
3 -36 G 4 3 0 P
4 -36 G 0 4 0 P
5 -36 0 1 0 0 N
6 -36 G 0 5 0 P
7 -36 0 2 0 0 N
8 -36 G 4 2 0 P
9 -36 G 0 3 0 P
10 -36 1 5 0 0 N
11 -36 G 4 4 0 T
12 -36 G 0 4 0 T
13 -36 0 1 0 0 N
14 -36 G 0 5 0 T
15 -36 0 2 0 0 N
16 -36 G 4 2 0 T
17 -36 G 0 4 0 T
18 -36 0 1 0 0 N
19 -36 G 0 5 0 P
20 -36 0 2 0 0 N
21 -36 G 4 2 0 P
22 -36 G 0 3 0 P
23 -36 1 5 0 0 N
24 -36 G 4 4 0 T
25 -36 G 0 4 0 T
26 -36 0 1 0 0 N
27 -36 G 0 5 0 P
28 -36 0 2 0 0 N
29 -36 G 4 2 0 P
30 -36 G 0 3 0 P
31 -36 1 5 0 0 N
32 -36 G 4 4 0 T
33 -36 G 0 4 0 T
34 -36 0 1 0 0 N
35 -36 G 0 10 0 T
36 -36 0 2 1 0 N
37 -36 B 4 5 0 N
38 -36 G 2 5 0 P
39 -36 G 5 2 0 P
40 -36 G 4 3 0 P
41 -36 G 0 3 0 P
42 -36 1 4 0 0 N
43 -36 G 2 10 0 P
44 -36 G 5 2 0 P
45 -36 G 4 3 0 P
46 -36 G 0 4 0 P
47 -36 0 1 0 0 N
48 -36 G 0 5 0 P
49 -36 0 2 0 0 N
50 -36 G 4 2 0 P
51 -36 G 0 3 0 P
52 -36 1 5 0 0 N
53 -36 G 4 4 0 T
54 -36 G 0 3 0 T
55 -36 1 4 0 0 N
56 -36 G 2 10 0 U
57 -36 G 5 2 0 U
58 -36 G 4 3 0 U
-32 -35 G 1 3 0 U
-31 -35 G 2 2 0 U
-30 -35 G 5 5 0 U
-29 -35 B 1 6 0 N
-28 -35 B 2 5 0 N
-27 -35 G 1 4 0 P
-26 -35 G 2 3 0 P
-25 -35 C 5 1 1 N
-24 -35 G 1 3 0 T
-23 -35 G 2 2 0 T
-22 -35 G 5 5 0 T
-21 -35 B 1 6 0 N
-20 -35 B 2 5 0 N
-19 -35 G 1 4 0 T
-18 -35 G 2 3 0 T
-17 -35 G 5 5 0 T
-16 -35 B 1 6 0 N
-15 -35 B 2 5 0 N
-14 -35 G 1 4 0 P
-13 -35 G 2 3 0 P
-12 -35 C 5 1 1 N
-11 -35 G 1 3 0 T
-10 -35 G 2 2 0 T
-9 -35 G 5 5 0 T
-8 -35 B 1 6 0 N
-7 -35 B 2 5 0 N
-6 -35 G 1 4 0 P
-5 -35 G 2 3 0 P
-4 -35 C 5 1 1 N
-3 -35 G 1 3 0 T
-2 -35 G 2 2 0 T
-1 -35 G 5 10 0 T
0 -35 1 1 0 0 N
1 -35 G 3 3 0 P
2 -35 G 1 3 0 P
3 -35 G 2 2 0 P
4 -35 G 5 5 0 P
5 -35 B 1 6 0 N
6 -35 B 2 5 0 N
7 -35 G 1 4 0 P
8 -35 G 2 3 0 P
9 -35 C 5 1 1 N
10 -35 G 1 3 0 T
11 -35 G 2 2 0 T
12 -35 G 5 5 0 T
13 -35 B 1 6 0 N
14 -35 B 2 5 0 N
15 -35 G 1 4 0 T
16 -35 G 2 3 0 T
17 -35 G 5 5 0 T
18 -35 B 1 6 0 N
19 -35 B 2 5 0 N
20 -35 G 1 4 0 P
21 -35 G 2 3 0 P
22 -35 C 5 1 1 N
23 -35 G 1 3 0 T
24 -35 G 2 2 0 T
25 -35 G 5 5 0 T
26 -35 B 1 6 0 N
27 -35 B 2 5 0 N
28 -35 G 1 4 0 P
29 -35 G 2 3 0 P
30 -35 C 5 1 1 N
31 -35 G 1 3 0 T
32 -35 G 2 2 0 T
33 -35 G 5 5 0 T
34 -35 B 1 7 0 N
35 -35 1 2 0 0 N
36 -35 G 3 4 0 P
37 -35 0 4 0 0 N
38 -35 G 3 4 0 P
39 -35 G 1 3 0 P
40 -35 G 2 2 0 P
41 -35 G 5 4 0 P
42 -35 0 4 1 0 N
43 -35 G 3 9 0 P
44 -35 G 1 3 0 P
45 -35 G 2 2 0 P
46 -35 G 5 5 0 P
47 -35 B 1 6 0 N
48 -35 B 2 5 0 N
49 -35 G 1 4 0 P
50 -35 G 2 3 0 P
51 -35 C 5 1 1 N
52 -35 G 1 3 0 T
53 -35 G 2 2 0 T
54 -35 G 5 4 0 T
55 -35 0 4 1 0 N
56 -35 G 3 9 0 U
-33 -34 C 0 1 1 N
-32 -34 1 0 0 0 N
-31 -34 0 0 0 0 N
-30 -34 B 0 2 0 N
-29 -34 1 0 1 0 N
-28 -34 0 0 1 0 N
-27 -34 1 0 0 0 N
-26 -34 0 0 0 0 N
-25 -34 B 0 1 0 N
-24 -34 1 0 0 0 N
-23 -34 0 0 0 0 N
-22 -34 B 0 2 0 N
-21 -34 1 0 1 0 N
-20 -34 0 0 1 0 N
-19 -34 1 0 0 0 N
-18 -34 0 0 0 0 N
-17 -34 B 0 2 0 N
-16 -34 1 0 1 0 N
-15 -34 0 0 1 0 N
-14 -34 1 0 0 0 N
-13 -34 0 0 0 0 N
-12 -34 B 0 1 0 N
-11 -34 1 0 0 0 N
-10 -34 0 0 0 0 N
-9 -34 B 0 2 0 N
-8 -34 1 0 1 0 N
-7 -34 0 0 1 0 N
-6 -34 1 0 0 0 N
-5 -34 0 0 0 0 N
-4 -34 B 0 1 0 N
-3 -34 1 0 0 0 N
-2 -34 0 0 0 0 N
-1 -34 B 0 7 0 N
0 -34 0 1 0 0 N
1 -34 C 0 1 1 N
2 -34 1 0 0 0 N
3 -34 0 0 0 0 N
4 -34 B 0 2 0 N
5 -34 1 0 1 0 N
6 -34 0 0 1 0 N
7 -34 1 0 0 0 N
8 -34 0 0 0 0 N
9 -34 B 0 1 0 N
10 -34 1 0 0 0 N
11 -34 0 0 0 0 N
12 -34 B 0 2 0 N
13 -34 1 0 1 0 N
14 -34 0 0 1 0 N
15 -34 1 0 0 0 N
16 -34 0 0 0 0 N
17 -34 B 0 2 0 N
18 -34 1 0 1 0 N
19 -34 0 0 1 0 N
20 -34 1 0 0 0 N
21 -34 0 0 0 0 N
22 -34 B 0 1 0 N
23 -34 1 0 0 0 N
24 -34 0 0 0 0 N
25 -34 B 0 2 0 N
26 -34 1 0 1 0 N
27 -34 0 0 1 0 N
28 -34 1 0 0 0 N
29 -34 0 0 0 0 N
30 -34 B 0 1 0 N
31 -34 1 0 0 0 N
32 -34 0 0 0 0 N
33 -34 B 0 8 0 N
34 -34 0 2 0 0 N
35 -34 G 4 3 0 P
36 -34 G 0 2 0 P
37 -34 1 4 0 0 N
38 -34 C 0 1 1 N
39 -34 1 0 0 0 N
40 -34 0 0 0 0 N
41 -34 B 0 5 0 N
42 -34 1 4 1 0 N
43 -34 C 0 1 1 N
44 -34 1 0 0 0 N
45 -34 0 0 0 0 N
46 -34 B 0 2 0 N
47 -34 1 0 1 0 N
48 -34 0 0 1 0 N
49 -34 1 0 0 0 N
50 -34 0 0 0 0 N
51 -34 B 0 1 0 N
52 -34 1 0 0 0 N
53 -34 0 0 0 0 N
54 -34 B 0 5 0 N
55 -34 1 4 1 0 N
-55 -33 C 1 1 1 N
-54 -33 G 2 3 0 U
-51 -33 C 2 1 1 N
-43 -33 C 2 1 1 N
-32 -33 G 5 4 0 U
-31 -33 G 4 5 0 U
-29 -33 G 5 9 0 U
-28 -33 G 4 10 0 U
-27 -33 B 5 7 0 N
-26 -33 B 4 8 0 N
-25 -33 G 2 5 0 T
-24 -33 G 5 4 0 T
-23 -33 G 4 5 0 T
-22 -33 C 2 1 1 N
-21 -33 G 5 9 0 P
-20 -33 G 4 10 0 P
-19 -33 B 5 7 0 N
-18 -33 B 4 8 0 N
-17 -33 G 2 5 0 T
-16 -33 G 5 9 0 T
-15 -33 G 4 10 0 T
-14 -33 B 5 7 0 N
-13 -33 B 4 8 0 N
-12 -33 G 2 5 0 T
-11 -33 G 5 4 0 T
-10 -33 G 4 5 0 T
-9 -33 C 2 1 1 N
-8 -33 G 5 9 0 P
-7 -33 G 4 10 0 P
-6 -33 B 5 7 0 N
-5 -33 B 4 8 0 N
-4 -33 G 2 5 0 T
-3 -33 G 5 4 0 T
-2 -33 G 4 5 0 T
-1 -33 B 5 8 0 N
0 -33 B 1 1 0 N
1 -33 G 2 3 0 T
2 -33 G 5 4 0 T
3 -33 G 4 5 0 T
4 -33 C 2 1 1 N
5 -33 G 5 9 0 P
6 -33 G 4 10 0 P
7 -33 B 5 7 0 N
8 -33 B 4 8 0 N
9 -33 G 2 5 0 T
10 -33 G 5 4 0 T
11 -33 G 4 5 0 T
12 -33 C 2 1 1 N
13 -33 G 5 9 0 P
14 -33 G 4 10 0 P
15 -33 B 5 7 0 N
16 -33 B 4 8 0 N
17 -33 G 2 5 0 T
18 -33 G 5 9 0 T
19 -33 G 4 10 0 T
20 -33 B 5 7 0 N
21 -33 B 4 8 0 N
22 -33 G 2 5 0 T
23 -33 G 5 4 0 T
24 -33 G 4 5 0 T
25 -33 C 2 1 1 N
26 -33 G 5 9 0 P
27 -33 G 4 10 0 P
28 -33 B 5 7 0 N
29 -33 B 4 8 0 N
30 -33 G 2 5 0 T
31 -33 G 5 4 0 T
32 -33 G 4 5 0 T
33 -33 B 2 1 0 N
34 -33 C 1 1 1 N
35 -33 G 2 3 0 P
36 -33 G 5 3 0 P
37 -33 C 4 1 1 N
38 -33 C 2 1 1 N
39 -33 G 5 4 0 P
40 -33 G 4 5 0 P
41 -33 B 5 6 0 N
42 -33 B 4 2 0 N
43 -33 G 2 5 0 T
44 -33 G 5 4 0 T
45 -33 G 4 5 0 T
46 -33 C 2 1 1 N
47 -33 G 5 9 0 P
48 -33 G 4 10 0 P
49 -33 B 5 7 0 N
50 -33 B 4 8 0 N
51 -33 G 2 5 0 T
52 -33 G 5 4 0 T
53 -33 G 4 5 0 T
54 -33 B 5 6 0 N
55 -33 B 4 2 0 N
56 -33 G 2 5 0 U
59 -33 C 2 1 1 N
67 -33 C 2 1 1 N
-55 -32 1 1 0 0 N
-54 -32 G 3 2 0 U
-53 -32 G 1 4 0 U
-52 -32 1 2 0 0 N
-51 -32 G 3 3 0 U
-45 -32 G 1 4 0 U
-44 -32 1 2 0 0 N
-43 -32 G 3 3 0 U
-29 -32 G 1 2 0 U
-28 -32 0 5 0 0 N
-27 -32 G 3 5 0 P
-26 -32 0 4 0 0 N
-25 -32 G 3 4 0 T
-24 -32 G 1 4 0 T
-23 -32 1 2 0 0 N
-22 -32 G 3 3 0 P
-21 -32 G 1 2 0 P
-20 -32 0 5 0 0 N
-19 -32 G 3 5 0 P
-18 -32 0 4 0 0 N
-17 -32 G 3 4 0 T
-16 -32 G 1 2 0 T
-15 -32 0 5 0 0 N
-14 -32 G 3 5 0 T
-13 -32 0 4 0 0 N
-12 -32 G 3 4 0 T
-11 -32 G 1 4 0 T
-10 -32 1 2 0 0 N
-9 -32 G 3 3 0 P
-8 -32 G 1 2 0 P
-7 -32 0 5 0 0 N
-6 -32 G 3 5 0 P
-5 -32 0 4 0 0 N
-4 -32 G 3 4 0 T
-3 -32 G 1 2 0 T
-2 -32 0 5 0 0 N
-1 -32 G 3 5 0 T
0 -32 1 1 0 0 N
1 -32 G 3 2 0 T
2 -32 G 1 4 0 T
3 -32 1 2 0 0 N
4 -32 G 3 3 0 P
5 -32 G 1 2 0 P
6 -32 0 5 0 0 N
7 -32 G 3 5 0 P
8 -32 0 4 0 0 N
9 -32 G 3 4 0 T
10 -32 G 1 4 0 T
11 -32 1 2 0 0 N
12 -32 G 3 3 0 P
13 -32 G 1 2 0 P
14 -32 0 5 0 0 N
15 -32 G 3 5 0 P
16 -32 0 4 0 0 N
17 -32 G 3 4 0 T
18 -32 G 1 2 0 T
19 -32 0 5 0 0 N
20 -32 G 3 5 0 T
21 -32 0 4 0 0 N
22 -32 G 3 4 0 T
23 -32 G 1 4 0 T
24 -32 1 2 0 0 N
25 -32 G 3 3 0 P
26 -32 G 1 2 0 P
27 -32 0 5 0 0 N
28 -32 G 3 5 0 P
29 -32 0 4 0 0 N
30 -32 G 3 4 0 T
31 -32 G 1 4 0 T
32 -32 1 2 0 0 N
33 -32 G 3 3 0 T
34 -32 1 1 0 0 N
35 -32 G 3 2 0 P
36 -32 G 1 4 0 P
37 -32 1 2 0 0 N
38 -32 G 3 3 0 P
39 -32 G 1 2 0 P
40 -32 0 5 0 0 N
41 -32 G 3 5 0 P
42 -32 0 4 0 0 N
43 -32 G 3 4 0 T
44 -32 G 1 4 0 T
45 -32 1 2 0 0 N
46 -32 G 3 3 0 P
47 -32 G 1 2 0 P
48 -32 0 5 0 0 N
49 -32 G 3 5 0 P
50 -32 0 4 0 0 N
51 -32 G 3 4 0 T
52 -32 G 1 2 0 T
53 -32 0 5 0 0 N
54 -32 G 3 5 0 T
55 -32 0 4 0 0 N
56 -32 G 3 4 0 U
57 -32 G 1 4 0 U
58 -32 1 2 0 0 N
59 -32 G 3 3 0 U
65 -32 G 1 4 0 U
66 -32 1 2 0 0 N
67 -32 G 3 3 0 U
-56 -31 G 0 4 0 U
-55 -31 0 1 0 0 N
-54 -31 G 0 5 0 U
-53 -31 0 2 0 0 N
-52 -31 G 4 2 0 U
-46 -31 G 0 5 0 U
-45 -31 0 2 0 0 N
-44 -31 G 4 2 0 U
-30 -31 G 0 3 0 U
-29 -31 1 5 0 0 N
-28 -31 G 4 4 0 P
-27 -31 G 0 2 0 P
-26 -31 1 4 0 0 N
-25 -31 G 0 5 0 T
-24 -31 0 2 0 0 N
-23 -31 G 4 2 0 P
-22 -31 G 0 3 0 P
-21 -31 1 5 0 0 N
-20 -31 G 4 4 0 P
-19 -31 G 0 2 0 P
-18 -31 1 4 0 0 N
-17 -31 G 0 3 0 T
-16 -31 1 5 0 0 N
-15 -31 G 4 4 0 T
-14 -31 G 0 2 0 T
-13 -31 1 4 0 0 N
-12 -31 G 0 5 0 T
-11 -31 0 2 0 0 N
-10 -31 G 4 2 0 P
-9 -31 G 0 3 0 P
-8 -31 1 5 0 0 N
-7 -31 G 4 4 0 P
-6 -31 G 0 2 0 P
-5 -31 1 4 0 0 N
-4 -31 G 0 3 0 T
-3 -31 1 5 0 0 N
-2 -31 G 4 4 0 T
-1 -31 G 0 4 0 T
0 -31 0 1 0 0 N
1 -31 G 0 5 0 T
2 -31 0 2 0 0 N
3 -31 G 4 2 0 P
4 -31 G 0 3 0 P
5 -31 1 5 0 0 N
6 -31 G 4 4 0 P
7 -31 G 0 2 0 P
8 -31 1 4 0 0 N
9 -31 G 0 5 0 T
10 -31 0 2 0 0 N
11 -31 G 4 2 0 P
12 -31 G 0 3 0 P
13 -31 1 5 0 0 N
14 -31 G 4 4 0 P
15 -31 G 0 2 0 P
16 -31 1 4 0 0 N
17 -31 G 0 3 0 T
18 -31 1 5 0 0 N
19 -31 G 4 4 0 T
20 -31 G 0 2 0 T
21 -31 1 4 0 0 N
22 -31 G 0 5 0 T
23 -31 0 2 0 0 N
24 -31 G 4 2 0 P
25 -31 G 0 3 0 P
26 -31 1 5 0 0 N
27 -31 G 4 4 0 P
28 -31 G 0 2 0 P
29 -31 1 4 0 0 N
30 -31 G 0 5 0 T
31 -31 0 2 0 0 N
32 -31 G 4 2 0 T
33 -31 G 0 4 0 T
34 -31 0 1 0 0 N
35 -31 G 0 5 0 P
36 -31 0 2 0 0 N
37 -31 G 4 2 0 P
38 -31 G 0 3 0 P
39 -31 1 5 0 0 N
40 -31 G 4 4 0 P
41 -31 G 0 2 0 P
42 -31 1 4 0 0 N
43 -31 G 0 5 0 T
44 -31 0 2 0 0 N
45 -31 G 4 2 0 P
46 -31 G 0 3 0 P
47 -31 1 5 0 0 N
48 -31 G 4 4 0 P
49 -31 G 0 2 0 P
50 -31 1 4 0 0 N
51 -31 G 0 3 0 T
52 -31 1 5 0 0 N
53 -31 G 4 4 0 T
54 -31 G 0 2 0 T
55 -31 1 4 0 0 N
56 -31 G 0 5 0 U
57 -31 0 2 0 0 N
58 -31 G 4 2 0 U
64 -31 G 0 5 0 U
65 -31 0 2 0 0 N
66 -31 G 4 2 0 U
-56 -30 G 5 5 0 U
-55 -30 B 1 2 0 N
-54 -30 B 2 6 0 N
-53 -30 G 1 5 0 U
-52 -30 G 2 4 0 U
-50 -30 C 1 1 1 N
-49 -30 G 2 3 0 U
-46 -30 B 2 2 0 N
-45 -30 G 1 5 0 U
-44 -30 G 2 4 0 U
-30 -30 C 5 1 1 N
-29 -30 C 1 1 1 N
-28 -30 G 2 3 0 P
-27 -30 G 5 3 0 P
-26 -30 C 4 1 1 N
-25 -30 B 2 2 0 N
-24 -30 G 1 5 0 P
-23 -30 G 2 4 0 P
-22 -30 C 5 1 1 N
-21 -30 C 1 1 1 N
-20 -30 G 2 3 0 P
-19 -30 G 5 3 0 P
-18 -30 C 4 1 1 N
-17 -30 B 5 1 0 N
-16 -30 G 1 5 0 T
-15 -30 G 2 4 0 T
-14 -30 G 5 3 0 T
-13 -30 B 4 1 0 N
-12 -30 B 2 8 0 N
-11 -30 G 1 5 0 P
-10 -30 G 2 4 0 P
-9 -30 C 5 1 1 N
-8 -30 C 1 1 1 N
-7 -30 G 2 3 0 P
-6 -30 G 5 3 0 P
-5 -30 C 4 1 1 N
-4 -30 B 5 1 0 N
-3 -30 G 1 5 0 T
-2 -30 G 2 4 0 T
-1 -30 G 5 5 0 T
0 -30 B 1 2 0 N
1 -30 B 2 6 0 N
2 -30 G 1 5 0 P
3 -30 G 2 4 0 P
4 -30 C 5 1 1 N
5 -30 C 1 1 1 N
6 -30 G 2 3 0 P
7 -30 G 5 3 0 P
8 -30 C 4 1 1 N
9 -30 B 2 2 0 N
10 -30 G 1 5 0 P
11 -30 G 2 4 0 P
12 -30 C 5 1 1 N
13 -30 C 1 1 1 N
14 -30 G 2 3 0 P
15 -30 G 5 3 0 P
16 -30 C 4 1 1 N
17 -30 B 5 1 0 N
18 -30 G 1 5 0 T
19 -30 G 2 4 0 T
20 -30 G 5 3 0 T
21 -30 B 4 1 0 N
22 -30 B 2 8 0 N
23 -30 G 1 5 0 P
24 -30 G 2 4 0 P
25 -30 C 5 1 1 N
26 -30 C 1 1 1 N
27 -30 G 2 3 0 P
28 -30 G 5 3 0 P
29 -30 C 4 1 1 N
30 -30 B 2 2 0 N
31 -30 G 1 5 0 T
32 -30 G 2 4 0 T
33 -30 G 5 5 0 T
34 -30 B 1 2 0 N
35 -30 B 2 6 0 N
36 -30 G 1 5 0 P
37 -30 G 2 4 0 P
38 -30 C 5 1 1 N
39 -30 C 1 1 1 N
40 -30 G 2 3 0 P
41 -30 G 5 3 0 P
42 -30 C 4 1 1 N
43 -30 B 2 2 0 N
44 -30 G 1 5 0 P
45 -30 G 2 4 0 P
46 -30 C 5 1 1 N
47 -30 C 1 1 1 N
48 -30 G 2 3 0 P
49 -30 G 5 3 0 P
50 -30 C 4 1 1 N
51 -30 B 5 1 0 N
52 -30 G 1 5 0 T
53 -30 G 2 4 0 T
54 -30 G 5 3 0 T
55 -30 B 4 1 0 N
56 -30 B 2 8 0 N
57 -30 G 1 5 0 U
58 -30 G 2 4 0 U
60 -30 C 1 1 1 N
61 -30 G 2 3 0 U
64 -30 B 2 2 0 N
65 -30 G 1 5 0 U
66 -30 G 2 4 0 U
-55 -29 1 1 1 0 N
-54 -29 B 3 5 0 N
-53 -29 0 3 0 0 N
-52 -29 1 3 0 0 N
-51 -29 C 3 1 1 N
-50 -29 1 1 0 0 N
-49 -29 G 3 2 0 U
-48 -29 G 1 9 0 U
-47 -29 1 2 1 0 N
-46 -29 B 3 6 0 N
-45 -29 0 3 0 0 N
-44 -29 1 3 0 0 N
-43 -29 C 3 1 1 N
-29 -29 1 1 0 0 N
-28 -29 G 3 2 0 P
-27 -29 G 1 9 0 P
-26 -29 1 2 1 0 N
-25 -29 B 3 6 0 N
-24 -29 0 3 0 0 N
-23 -29 1 3 0 0 N
-22 -29 C 3 1 1 N
-21 -29 1 1 0 0 N
-20 -29 G 3 2 0 P
-19 -29 G 1 3 0 P
-18 -29 0 5 0 0 N
-17 -29 B 3 8 0 N
-16 -29 0 3 0 0 N
-15 -29 1 3 0 0 N
-14 -29 C 3 1 1 N
-13 -29 0 4 0 0 N
-12 -29 B 3 7 0 N
-11 -29 0 3 0 0 N
-10 -29 1 3 0 0 N
-9 -29 C 3 1 1 N
-8 -29 1 1 0 0 N
-7 -29 G 3 2 0 P
-6 -29 G 1 3 0 P
-5 -29 0 5 0 0 N
-4 -29 B 3 8 0 N
-3 -29 0 3 0 0 N
-2 -29 1 3 0 0 N
-1 -29 C 3 1 1 N
0 -29 1 1 1 0 N
1 -29 B 3 5 0 N
2 -29 0 3 0 0 N
3 -29 1 3 0 0 N
4 -29 C 3 1 1 N
5 -29 1 1 0 0 N
6 -29 G 3 2 0 P
7 -29 G 1 9 0 P
8 -29 1 2 1 0 N
9 -29 B 3 6 0 N
10 -29 0 3 0 0 N
11 -29 1 3 0 0 N
12 -29 C 3 1 1 N
13 -29 1 1 0 0 N
14 -29 G 3 2 0 P
15 -29 G 1 3 0 P
16 -29 0 5 0 0 N
17 -29 B 3 8 0 N
18 -29 0 3 0 0 N
19 -29 1 3 0 0 N
20 -29 C 3 1 1 N
21 -29 0 4 0 0 N
22 -29 B 3 7 0 N
23 -29 0 3 0 0 N
24 -29 1 3 0 0 N
25 -29 C 3 1 1 N
26 -29 1 1 0 0 N
27 -29 G 3 2 0 P
28 -29 G 1 9 0 P
29 -29 1 2 1 0 N
30 -29 B 3 6 0 N
31 -29 0 3 0 0 N
32 -29 1 3 0 0 N
33 -29 C 3 1 1 N
34 -29 1 1 1 0 N
35 -29 B 3 5 0 N
36 -29 0 3 0 0 N
37 -29 1 3 0 0 N
38 -29 C 3 1 1 N
39 -29 1 1 0 0 N
40 -29 G 3 2 0 P
41 -29 G 1 9 0 P
42 -29 1 2 1 0 N
43 -29 B 3 6 0 N
44 -29 0 3 0 0 N
45 -29 1 3 0 0 N
46 -29 C 3 1 1 N
47 -29 1 1 0 0 N
48 -29 G 3 2 0 P
49 -29 G 1 3 0 P
50 -29 0 5 0 0 N
51 -29 B 3 8 0 N
52 -29 0 3 0 0 N
53 -29 1 3 0 0 N
54 -29 C 3 1 1 N
55 -29 0 4 0 0 N
56 -29 B 3 7 0 N
57 -29 0 3 0 0 N
58 -29 1 3 0 0 N
59 -29 C 3 1 1 N
60 -29 1 1 0 0 N
61 -29 G 3 2 0 U
62 -29 G 1 9 0 U
63 -29 1 2 1 0 N
64 -29 B 3 6 0 N
65 -29 0 3 0 0 N
66 -29 1 3 0 0 N
67 -29 C 3 1 1 N
-56 -28 G 0 9 0 U
-55 -28 0 1 1 0 N
-54 -28 G 2 4 0 P
-53 -28 G 5 2 0 P
-52 -28 G 4 3 0 P
-51 -28 G 0 4 0 P
-50 -28 0 1 0 0 N
-49 -28 G 0 10 0 U
-48 -28 0 2 1 0 N
-47 -28 B 4 5 0 N
-46 -28 G 2 5 0 U
-45 -28 G 5 2 0 U
-44 -28 G 4 3 0 U
-30 -28 G 0 4 0 U
-29 -28 0 1 0 0 N
-28 -28 G 0 10 0 P
-27 -28 0 2 1 0 N
-26 -28 B 4 5 0 N
-25 -28 G 2 5 0 P
-24 -28 G 5 2 0 P
-23 -28 G 4 3 0 P
-22 -28 G 0 4 0 P
-21 -28 0 1 0 0 N
-20 -28 G 0 4 0 P
-19 -28 1 5 0 0 N
-18 -28 B 4 7 0 N
-17 -28 G 2 5 0 P
-16 -28 G 5 2 0 P
-15 -28 G 4 3 0 P
-14 -28 G 0 3 0 P
-13 -28 1 4 0 0 N
-12 -28 G 2 10 0 P
-11 -28 G 5 2 0 P
-10 -28 G 4 3 0 P
-9 -28 G 0 4 0 P
-8 -28 0 1 0 0 N
-7 -28 G 0 4 0 P
-6 -28 1 5 0 0 N
-5 -28 B 4 7 0 N
-4 -28 G 2 5 0 P
-3 -28 G 5 2 0 P
-2 -28 G 4 3 0 P
-1 -28 G 0 9 0 P
0 -28 0 1 1 0 N
1 -28 G 2 4 0 P
2 -28 G 5 2 0 P
3 -28 G 4 3 0 P
4 -28 G 0 4 0 P
5 -28 0 1 0 0 N
6 -28 G 0 10 0 P
7 -28 0 2 1 0 N
8 -28 B 4 5 0 N
9 -28 G 2 5 0 P
10 -28 G 5 2 0 P
11 -28 G 4 3 0 P
12 -28 G 0 4 0 P
13 -28 0 1 0 0 N
14 -28 G 0 4 0 P
15 -28 1 5 0 0 N
16 -28 B 4 7 0 N
17 -28 G 2 5 0 P
18 -28 G 5 2 0 P
19 -28 G 4 3 0 P
20 -28 G 0 3 0 P
21 -28 1 4 0 0 N
22 -28 G 2 10 0 P
23 -28 G 5 2 0 P
24 -28 G 4 3 0 P
25 -28 G 0 4 0 P
26 -28 0 1 0 0 N
27 -28 G 0 10 0 P
28 -28 0 2 1 0 N
29 -28 B 4 5 0 N
30 -28 G 2 5 0 P
31 -28 G 5 2 0 P
32 -28 G 4 3 0 P
33 -28 G 0 9 0 P
34 -28 0 1 1 0 N
35 -28 G 2 4 0 P
36 -28 G 5 2 0 P
37 -28 G 4 3 0 P
38 -28 G 0 4 0 P
39 -28 0 1 0 0 N
40 -28 G 0 10 0 P
41 -28 0 2 1 0 N
42 -28 B 4 5 0 N
43 -28 G 2 5 0 P
44 -28 G 5 2 0 P
45 -28 G 4 3 0 P
46 -28 G 0 4 0 P
47 -28 0 1 0 0 N
48 -28 G 0 4 0 P
49 -28 1 5 0 0 N
50 -28 B 4 7 0 N
51 -28 G 2 5 0 P
52 -28 G 5 2 0 P
53 -28 G 4 3 0 P
54 -28 G 0 3 0 P
55 -28 1 4 0 0 N
56 -28 G 2 10 0 P
57 -28 G 5 2 0 P
58 -28 G 4 3 0 P
59 -28 G 0 4 0 P
60 -28 0 1 0 0 N
61 -28 G 0 10 0 U
62 -28 0 2 1 0 N
63 -28 B 4 5 0 N
64 -28 G 2 5 0 U
65 -28 G 5 2 0 U
66 -28 G 4 3 0 U
-58 -27 G 1 3 0 U
-57 -27 G 2 2 0 U
-56 -27 G 5 10 0 U
-55 -27 1 1 0 0 N
-54 -27 G 3 3 0 P
-53 -27 G 1 3 0 P
-52 -27 G 2 2 0 P
-51 -27 G 5 5 0 P
-50 -27 B 1 7 0 N
-49 -27 1 2 0 0 N
-48 -27 G 3 4 0 P
-47 -27 0 4 0 0 N
-46 -27 G 3 4 0 U
-32 -27 G 1 3 0 U
-31 -27 G 2 2 0 U
-30 -27 G 5 5 0 U
-29 -27 B 1 7 0 N
-28 -27 1 2 0 0 N
-27 -27 G 3 4 0 P
-26 -27 0 4 0 0 N
-25 -27 G 3 4 0 P
-24 -27 G 1 3 0 P
-23 -27 G 2 2 0 P
-22 -27 G 5 5 0 P
-21 -27 B 1 5 0 N
-20 -27 0 5 1 0 N
-19 -27 G 3 10 0 P
-18 -27 0 4 0 0 N
-17 -27 G 3 4 0 P
-16 -27 G 1 3 0 P
-15 -27 G 2 2 0 P
-14 -27 G 5 4 0 P
-13 -27 0 4 1 0 N
-12 -27 G 3 9 0 P
-11 -27 G 1 3 0 P
-10 -27 G 2 2 0 P
-9 -27 G 5 5 0 P
-8 -27 B 1 5 0 N
-7 -27 0 5 1 0 N
-6 -27 G 3 10 0 P
-5 -27 0 4 0 0 N
-4 -27 G 3 4 0 P
-3 -27 G 1 3 0 P
-2 -27 G 2 2 0 P
-1 -27 G 5 10 0 P
0 -27 1 1 0 0 N
1 -27 G 3 3 0 P
2 -27 G 1 3 0 P
3 -27 G 2 2 0 P
4 -27 G 5 5 0 P
5 -27 B 1 7 0 N
6 -27 1 2 0 0 N
7 -27 G 3 4 0 P
8 -27 0 4 0 0 N
9 -27 G 3 4 0 P
10 -27 G 1 3 0 P
11 -27 G 2 2 0 P
12 -27 G 5 5 0 P
13 -27 B 1 5 0 N
14 -27 0 5 1 0 N
15 -27 G 3 10 0 P
16 -27 0 4 0 0 N
17 -27 G 3 4 0 P
18 -27 G 1 3 0 P
19 -27 G 2 2 0 P
20 -27 G 5 4 0 P
21 -27 0 4 1 0 N
22 -27 G 3 9 0 P
23 -27 G 1 3 0 P
24 -27 G 2 2 0 P
25 -27 G 5 5 0 P
26 -27 B 1 7 0 N
27 -27 1 2 0 0 N
28 -27 G 3 4 0 P
29 -27 0 4 0 0 N
30 -27 G 3 4 0 P
31 -27 G 1 3 0 P
32 -27 G 2 2 0 P
33 -27 G 5 10 0 P
34 -27 1 1 0 0 N
35 -27 G 3 3 0 P
36 -27 G 1 3 0 P
37 -27 G 2 2 0 P
38 -27 G 5 5 0 P
39 -27 B 1 7 0 N
40 -27 1 2 0 0 N
41 -27 G 3 4 0 P
42 -27 0 4 0 0 N
43 -27 G 3 4 0 P
44 -27 G 1 3 0 P
45 -27 G 2 2 0 P
46 -27 G 5 5 0 P
47 -27 B 1 5 0 N
48 -27 0 5 1 0 N
49 -27 G 3 10 0 P
50 -27 0 4 0 0 N
51 -27 G 3 4 0 P
52 -27 G 1 3 0 P
53 -27 G 2 2 0 P
54 -27 G 5 4 0 P
55 -27 0 4 1 0 N
56 -27 G 3 9 0 P
57 -27 G 1 3 0 P
58 -27 G 2 2 0 P
59 -27 G 5 5 0 P
60 -27 B 1 7 0 N
61 -27 1 2 0 0 N
62 -27 G 3 4 0 P
63 -27 0 4 0 0 N
64 -27 G 3 4 0 U
-59 -26 C 0 1 1 N
-58 -26 1 0 0 0 N
-57 -26 0 0 0 0 N
-56 -26 B 0 7 0 N
-55 -26 0 1 0 0 N
-54 -26 C 0 1 1 N
-53 -26 1 0 0 0 N
-52 -26 0 0 0 0 N
-51 -26 B 0 8 0 N
-50 -26 0 2 0 0 N
-49 -26 G 4 3 0 P
-48 -26 G 0 2 0 P
-47 -26 1 4 0 0 N
-33 -26 C 0 1 1 N
-32 -26 1 0 0 0 N
-31 -26 0 0 0 0 N
-30 -26 B 0 8 0 N
-29 -26 0 2 0 0 N
-28 -26 G 4 3 0 P
-27 -26 G 0 2 0 P
-26 -26 1 4 0 0 N
-25 -26 C 0 1 1 N
-24 -26 1 0 0 0 N
-23 -26 0 0 0 0 N
-22 -26 B 0 6 0 N
-21 -26 1 5 1 0 N
-20 -26 G 4 9 0 P
-19 -26 G 0 2 0 P
-18 -26 1 4 0 0 N
-17 -26 C 0 1 1 N
-16 -26 1 0 0 0 N
-15 -26 0 0 0 0 N
-14 -26 B 0 5 0 N
-13 -26 1 4 1 0 N
-12 -26 C 0 1 1 N
-11 -26 1 0 0 0 N
-10 -26 0 0 0 0 N
-9 -26 B 0 6 0 N
-8 -26 1 5 1 0 N
-7 -26 G 4 9 0 P
-6 -26 G 0 2 0 P
-5 -26 1 4 0 0 N
-4 -26 C 0 1 1 N
-3 -26 1 0 0 0 N
-2 -26 0 0 0 0 N
-1 -26 B 0 7 0 N
0 -26 0 1 0 0 N
1 -26 C 0 1 1 N
2 -26 1 0 0 0 N
3 -26 0 0 0 0 N
4 -26 B 0 8 0 N
5 -26 0 2 0 0 N
6 -26 G 4 3 0 P
7 -26 G 0 2 0 P
8 -26 1 4 0 0 N
9 -26 C 0 1 1 N
10 -26 1 0 0 0 N
11 -26 0 0 0 0 N
12 -26 B 0 6 0 N
13 -26 1 5 1 0 N
14 -26 G 4 9 0 P
15 -26 G 0 2 0 P
16 -26 1 4 0 0 N
17 -26 C 0 1 1 N
18 -26 1 0 0 0 N
19 -26 0 0 0 0 N
20 -26 B 0 5 0 N
21 -26 1 4 1 0 N
22 -26 C 0 1 1 N
23 -26 1 0 0 0 N
24 -26 0 0 0 0 N
25 -26 B 0 8 0 N
26 -26 0 2 0 0 N
27 -26 G 4 3 0 P
28 -26 G 0 2 0 P
29 -26 1 4 0 0 N
30 -26 C 0 1 1 N
31 -26 1 0 0 0 N
32 -26 0 0 0 0 N
33 -26 B 0 7 0 N
34 -26 0 1 0 0 N
35 -26 C 0 1 1 N
36 -26 1 0 0 0 N
37 -26 0 0 0 0 N
38 -26 B 0 8 0 N
39 -26 0 2 0 0 N
40 -26 G 4 3 0 P
41 -26 G 0 2 0 P
42 -26 1 4 0 0 N
43 -26 C 0 1 1 N
44 -26 1 0 0 0 N
45 -26 0 0 0 0 N
46 -26 B 0 6 0 N
47 -26 1 5 1 0 N
48 -26 G 4 9 0 P
49 -26 G 0 2 0 P
50 -26 1 4 0 0 N
51 -26 C 0 1 1 N
52 -26 1 0 0 0 N
53 -26 0 0 0 0 N
54 -26 B 0 5 0 N
55 -26 1 4 1 0 N
56 -26 C 0 1 1 N
57 -26 1 0 0 0 N
58 -26 0 0 0 0 N
59 -26 B 0 8 0 N
60 -26 0 2 0 0 N
61 -26 G 4 3 0 P
62 -26 G 0 2 0 P
63 -26 1 4 0 0 N
-58 -25 G 5 4 0 U
-57 -25 G 4 5 0 U
-56 -25 B 5 8 0 N
-55 -25 B 1 1 0 N
-54 -25 G 2 3 0 T
-53 -25 G 5 4 0 T
-52 -25 G 4 5 0 T
-51 -25 B 2 1 0 N
-50 -25 C 1 1 1 N
-49 -25 G 2 3 0 P
-48 -25 G 5 3 0 P
-47 -25 C 4 1 1 N
-46 -25 C 2 1 1 N
-42 -25 C 1 1 1 N
-41 -25 G 2 3 0 U
-38 -25 C 2 1 1 N
-32 -25 G 5 4 0 U
-31 -25 G 4 5 0 U
-30 -25 B 2 1 0 N
-29 -25 C 1 1 1 N
-28 -25 G 2 3 0 P
-27 -25 G 5 3 0 P
-26 -25 C 4 1 1 N
-25 -25 C 2 1 1 N
-24 -25 G 5 4 0 P
-23 -25 G 4 5 0 P
-22 -25 B 5 2 0 N
-21 -25 C 1 1 1 N
-20 -25 G 2 3 0 P
-19 -25 G 5 3 0 P
-18 -25 C 4 1 1 N
-17 -25 C 2 1 1 N
-16 -25 G 5 4 0 P
-15 -25 G 4 5 0 P
-14 -25 B 5 6 0 N
-13 -25 B 4 2 0 N
-12 -25 G 2 5 0 T
-11 -25 G 5 4 0 T
-10 -25 G 4 5 0 T
-9 -25 B 5 2 0 N
-8 -25 C 1 1 1 N
-7 -25 G 2 3 0 P
-6 -25 G 5 3 0 P
-5 -25 C 4 1 1 N
-4 -25 C 2 1 1 N
-3 -25 G 5 4 0 P
-2 -25 G 4 5 0 P
-1 -25 B 5 8 0 N
0 -25 B 1 1 0 N
1 -25 G 2 3 0 T
2 -25 G 5 4 0 T
3 -25 G 4 5 0 T
4 -25 B 2 1 0 N
5 -25 C 1 1 1 N
6 -25 G 2 3 0 P
7 -25 G 5 3 0 P
8 -25 C 4 1 1 N
9 -25 C 2 1 1 N
10 -25 G 5 4 0 P
11 -25 G 4 5 0 P
12 -25 B 5 2 0 N
13 -25 C 1 1 1 N
14 -25 G 2 3 0 P
15 -25 G 5 3 0 P
16 -25 C 4 1 1 N
17 -25 C 2 1 1 N
18 -25 G 5 4 0 P
19 -25 G 4 5 0 P
20 -25 B 5 6 0 N
21 -25 B 4 2 0 N
22 -25 G 2 5 0 T
23 -25 G 5 4 0 T
24 -25 G 4 5 0 T
25 -25 B 2 1 0 N
26 -25 C 1 1 1 N
27 -25 G 2 3 0 P
28 -25 G 5 3 0 P
29 -25 C 4 1 1 N
30 -25 C 2 1 1 N
31 -25 G 5 4 0 P
32 -25 G 4 5 0 P
33 -25 B 5 8 0 N
34 -25 B 1 1 0 N
35 -25 G 2 3 0 T
36 -25 G 5 4 0 T
37 -25 G 4 5 0 T
38 -25 B 2 1 0 N
39 -25 C 1 1 1 N
40 -25 G 2 3 0 P
41 -25 G 5 3 0 P
42 -25 C 4 1 1 N
43 -25 C 2 1 1 N
44 -25 G 5 4 0 P
45 -25 G 4 5 0 P
46 -25 B 5 2 0 N
47 -25 C 1 1 1 N
48 -25 G 2 3 0 P
49 -25 G 5 3 0 P
50 -25 C 4 1 1 N
51 -25 C 2 1 1 N
52 -25 G 5 4 0 P
53 -25 G 4 5 0 P
54 -25 B 5 6 0 N
55 -25 B 4 2 0 N
56 -25 G 2 5 0 T
57 -25 G 5 4 0 T
58 -25 G 4 5 0 T
59 -25 B 2 1 0 N
60 -25 C 1 1 1 N
61 -25 G 2 3 0 P
62 -25 G 5 3 0 P
63 -25 C 4 1 1 N
64 -25 C 2 1 1 N
-58 -24 G 1 2 0 U
-57 -24 0 5 0 0 N
-56 -24 G 3 5 0 U
-55 -24 1 1 0 0 N
-54 -24 G 3 2 0 T
-53 -24 G 1 4 0 T
-52 -24 1 2 0 0 N
-51 -24 G 3 3 0 T
-50 -24 1 1 0 0 N
-49 -24 G 3 2 0 P
-48 -24 G 1 4 0 P
-47 -24 1 2 0 0 N
-46 -24 G 3 3 0 U
-42 -24 1 1 0 0 N
-41 -24 G 3 2 0 U
-40 -24 G 1 4 0 U
-39 -24 1 2 0 0 N
-38 -24 G 3 3 0 U
-32 -24 G 1 4 0 U
-31 -24 1 2 0 0 N
-30 -24 G 3 3 0 T
-29 -24 1 1 0 0 N
-28 -24 G 3 2 0 P
-27 -24 G 1 4 0 P
-26 -24 1 2 0 0 N
-25 -24 G 3 3 0 P
-24 -24 G 1 2 0 P
-23 -24 0 5 0 0 N
-22 -24 G 3 5 0 T
-21 -24 1 1 0 0 N
-20 -24 G 3 2 0 P
-19 -24 G 1 4 0 P
-18 -24 1 2 0 0 N
-17 -24 G 3 3 0 P
-16 -24 G 1 2 0 P
-15 -24 0 5 0 0 N
-14 -24 G 3 5 0 P
-13 -24 0 4 0 0 N
-12 -24 G 3 4 0 T
-11 -24 G 1 2 0 T
-10 -24 0 5 0 0 N
-9 -24 G 3 5 0 T
-8 -24 1 1 0 0 N
-7 -24 G 3 2 0 P
-6 -24 G 1 4 0 P
-5 -24 1 2 0 0 N
-4 -24 G 3 3 0 P
-3 -24 G 1 2 0 P
-2 -24 0 5 0 0 N
-1 -24 G 3 5 0 T
0 -24 1 1 0 0 N
1 -24 G 3 2 0 T
2 -24 G 1 4 0 T
3 -24 1 2 0 0 N
4 -24 G 3 3 0 T
5 -24 1 1 0 0 N
6 -24 G 3 2 0 P
7 -24 G 1 4 0 P
8 -24 1 2 0 0 N
9 -24 G 3 3 0 P
10 -24 G 1 2 0 P
11 -24 0 5 0 0 N
12 -24 G 3 5 0 T
13 -24 1 1 0 0 N
14 -24 G 3 2 0 P
15 -24 G 1 4 0 P
16 -24 1 2 0 0 N
17 -24 G 3 3 0 P
18 -24 G 1 2 0 P
19 -24 0 5 0 0 N
20 -24 G 3 5 0 P
21 -24 0 4 0 0 N
22 -24 G 3 4 0 T
23 -24 G 1 4 0 T
24 -24 1 2 0 0 N
25 -24 G 3 3 0 T
26 -24 1 1 0 0 N
27 -24 G 3 2 0 P
28 -24 G 1 4 0 P
29 -24 1 2 0 0 N
30 -24 G 3 3 0 P
31 -24 G 1 2 0 P
32 -24 0 5 0 0 N
33 -24 G 3 5 0 T
34 -24 1 1 0 0 N
35 -24 G 3 2 0 T
36 -24 G 1 4 0 T
37 -24 1 2 0 0 N
38 -24 G 3 3 0 T
39 -24 1 1 0 0 N
40 -24 G 3 2 0 P
41 -24 G 1 4 0 P
42 -24 1 2 0 0 N
43 -24 G 3 3 0 P
44 -24 G 1 2 0 P
45 -24 0 5 0 0 N
46 -24 G 3 5 0 T
47 -24 1 1 0 0 N
48 -24 G 3 2 0 P
49 -24 G 1 4 0 P
50 -24 1 2 0 0 N
51 -24 G 3 3 0 P
52 -24 G 1 2 0 P
53 -24 0 5 0 0 N
54 -24 G 3 5 0 P
55 -24 0 4 0 0 N
56 -24 G 3 4 0 T
57 -24 G 1 4 0 T
58 -24 1 2 0 0 N
59 -24 G 3 3 0 T
60 -24 1 1 0 0 N
61 -24 G 3 2 0 P
62 -24 G 1 4 0 P
63 -24 1 2 0 0 N
64 -24 G 3 3 0 U
-59 -23 G 0 3 0 U
-58 -23 1 5 0 0 N
-57 -23 G 4 4 0 U
-56 -23 G 0 4 0 U
-55 -23 0 1 0 0 N
-54 -23 G 0 5 0 T
-53 -23 0 2 0 0 N
-52 -23 G 4 2 0 T
-51 -23 G 0 4 0 T
-50 -23 0 1 0 0 N
-49 -23 G 0 5 0 P
-48 -23 0 2 0 0 N
-47 -23 G 4 2 0 U
-43 -23 G 0 4 0 U
-42 -23 0 1 0 0 N
-41 -23 G 0 5 0 U
-40 -23 0 2 0 0 N
-39 -23 G 4 2 0 U
-33 -23 G 0 5 0 U
-32 -23 0 2 0 0 N
-31 -23 G 4 2 0 T
-30 -23 G 0 4 0 T
-29 -23 0 1 0 0 N
-28 -23 G 0 5 0 P
-27 -23 0 2 0 0 N
-26 -23 G 4 2 0 P
-25 -23 G 0 3 0 P
-24 -23 1 5 0 0 N
-23 -23 G 4 4 0 T
-22 -23 G 0 4 0 T
-21 -23 0 1 0 0 N
-20 -23 G 0 5 0 P
-19 -23 0 2 0 0 N
-18 -23 G 4 2 0 P
-17 -23 G 0 3 0 P
-16 -23 1 5 0 0 N
-15 -23 G 4 4 0 P
-14 -23 G 0 2 0 P
-13 -23 1 4 0 0 N
-12 -23 G 0 3 0 T
-11 -23 1 5 0 0 N
-10 -23 G 4 4 0 T
-9 -23 G 0 4 0 T
-8 -23 0 1 0 0 N
-7 -23 G 0 5 0 P
-6 -23 0 2 0 0 N
-5 -23 G 4 2 0 P
-4 -23 G 0 3 0 P
-3 -23 1 5 0 0 N
-2 -23 G 4 4 0 T
-1 -23 G 0 4 0 T
0 -23 0 1 0 0 N
1 -23 G 0 5 0 T
2 -23 0 2 0 0 N
3 -23 G 4 2 0 T
4 -23 G 0 4 0 T
5 -23 0 1 0 0 N
6 -23 G 0 5 0 P
7 -23 0 2 0 0 N
8 -23 G 4 2 0 P
9 -23 G 0 3 0 P
10 -23 1 5 0 0 N
11 -23 G 4 4 0 T
12 -23 G 0 4 0 T
13 -23 0 1 0 0 N
14 -23 G 0 5 0 P
15 -23 0 2 0 0 N
16 -23 G 4 2 0 P
17 -23 G 0 3 0 P
18 -23 1 5 0 0 N
19 -23 G 4 4 0 P
20 -23 G 0 2 0 P
21 -23 1 4 0 0 N
22 -23 G 0 5 0 T
23 -23 0 2 0 0 N
24 -23 G 4 2 0 T
25 -23 G 0 4 0 T
26 -23 0 1 0 0 N
27 -23 G 0 5 0 P
28 -23 0 2 0 0 N
29 -23 G 4 2 0 P
30 -23 G 0 3 0 P
31 -23 1 5 0 0 N
32 -23 G 4 4 0 T
33 -23 G 0 4 0 T
34 -23 0 1 0 0 N
35 -23 G 0 5 0 T
36 -23 0 2 0 0 N
37 -23 G 4 2 0 T
38 -23 G 0 4 0 T
39 -23 0 1 0 0 N
40 -23 G 0 5 0 P
41 -23 0 2 0 0 N
42 -23 G 4 2 0 P
43 -23 G 0 3 0 P
44 -23 1 5 0 0 N
45 -23 G 4 4 0 T
46 -23 G 0 4 0 T
47 -23 0 1 0 0 N
48 -23 G 0 5 0 P
49 -23 0 2 0 0 N
50 -23 G 4 2 0 P
51 -23 G 0 3 0 P
52 -23 1 5 0 0 N
53 -23 G 4 4 0 P
54 -23 G 0 2 0 P
55 -23 1 4 0 0 N
56 -23 G 0 5 0 T
57 -23 0 2 0 0 N
58 -23 G 4 2 0 T
59 -23 G 0 4 0 T
60 -23 0 1 0 0 N
61 -23 G 0 5 0 P
62 -23 0 2 0 0 N
63 -23 G 4 2 0 U
-59 -22 C 5 1 1 N
-56 -22 G 5 5 0 U
-55 -22 B 1 2 0 N
-54 -22 B 2 6 0 N
-53 -22 G 1 5 0 T
-52 -22 G 2 4 0 T
-51 -22 G 5 5 0 T
-50 -22 B 1 8 0 N
-49 -22 B 2 7 0 N
-48 -22 G 1 10 0 U
-47 -22 G 2 9 0 U
-45 -22 G 1 5 0 U
-44 -22 G 2 4 0 U
-43 -22 G 5 5 0 U
-42 -22 B 1 2 0 N
-41 -22 B 2 6 0 N
-40 -22 G 1 5 0 U
-39 -22 G 2 4 0 U
-37 -22 C 1 1 1 N
-36 -22 G 2 3 0 U
-33 -22 B 2 2 0 N
-32 -22 G 1 5 0 T
-31 -22 G 2 4 0 T
-30 -22 G 5 5 0 T
-29 -22 B 1 8 0 N
-28 -22 B 2 7 0 N
-27 -22 G 1 10 0 P
-26 -22 G 2 9 0 P
-25 -22 C 5 1 1 N
-24 -22 G 1 5 0 T
-23 -22 G 2 4 0 T
-22 -22 G 5 5 0 T
-21 -22 B 1 2 0 N
-20 -22 B 2 6 0 N
-19 -22 G 1 5 0 P
-18 -22 G 2 4 0 P
-17 -22 C 5 1 1 N
-16 -22 C 1 1 1 N
-15 -22 G 2 3 0 P
-14 -22 G 5 3 0 P
-13 -22 C 4 1 1 N
-12 -22 B 5 1 0 N
-11 -22 G 1 5 0 T
-10 -22 G 2 4 0 T
-9 -22 G 5 5 0 T
-8 -22 B 1 8 0 N
-7 -22 B 2 7 0 N
-6 -22 G 1 10 0 P
-5 -22 G 2 9 0 P
-4 -22 C 5 1 1 N
-3 -22 G 1 5 0 T
-2 -22 G 2 4 0 T
-1 -22 G 5 5 0 T
0 -22 B 1 2 0 N
1 -22 B 2 6 0 N
2 -22 G 1 5 0 T
3 -22 G 2 4 0 T
4 -22 G 5 5 0 T
5 -22 B 1 8 0 N
6 -22 B 2 7 0 N
7 -22 G 1 10 0 P
8 -22 G 2 9 0 P
9 -22 C 5 1 1 N
10 -22 G 1 5 0 T
11 -22 G 2 4 0 T
12 -22 G 5 5 0 T
13 -22 B 1 2 0 N
14 -22 B 2 6 0 N
15 -22 G 1 5 0 P
16 -22 G 2 4 0 P
17 -22 C 5 1 1 N
18 -22 C 1 1 1 N
19 -22 G 2 3 0 P
20 -22 G 5 3 0 P
21 -22 C 4 1 1 N
22 -22 B 2 2 0 N
23 -22 G 1 5 0 T
24 -22 G 2 4 0 T
25 -22 G 5 5 0 T
26 -22 B 1 8 0 N
27 -22 B 2 7 0 N
28 -22 G 1 10 0 P
29 -22 G 2 9 0 P
30 -22 C 5 1 1 N
31 -22 G 1 5 0 T
32 -22 G 2 4 0 T
33 -22 G 5 5 0 T
34 -22 B 1 2 0 N
35 -22 B 2 6 0 N
36 -22 G 1 5 0 T
37 -22 G 2 4 0 T
38 -22 G 5 5 0 T
39 -22 B 1 8 0 N
40 -22 B 2 7 0 N
41 -22 G 1 10 0 P
42 -22 G 2 9 0 P
43 -22 C 5 1 1 N
44 -22 G 1 5 0 T
45 -22 G 2 4 0 T
46 -22 G 5 5 0 T
47 -22 B 1 2 0 N
48 -22 B 2 6 0 N
49 -22 G 1 5 0 P
50 -22 G 2 4 0 P
51 -22 C 5 1 1 N
52 -22 C 1 1 1 N
53 -22 G 2 3 0 P
54 -22 G 5 3 0 P
55 -22 C 4 1 1 N
56 -22 B 2 2 0 N
57 -22 G 1 5 0 T
58 -22 G 2 4 0 T
59 -22 G 5 5 0 T
60 -22 B 1 8 0 N
61 -22 B 2 7 0 N
62 -22 G 1 10 0 U
63 -22 G 2 9 0 U
65 -22 G 1 5 0 U
66 -22 G 2 4 0 U
-55 -21 1 1 1 0 N
-54 -21 B 3 5 0 N
-53 -21 0 3 0 0 N
-52 -21 1 3 0 0 N
-51 -21 B 3 1 0 N
-50 -21 0 3 0 0 N
-49 -21 1 3 0 0 N
-48 -21 0 3 1 0 N
-47 -21 1 3 1 0 N
-46 -21 B 3 2 0 N
-45 -21 0 3 0 0 N
-44 -21 1 3 0 0 N
-43 -21 C 3 1 1 N
-42 -21 1 1 1 0 N
-41 -21 B 3 5 0 N
-40 -21 0 3 0 0 N
-39 -21 1 3 0 0 N
-38 -21 C 3 1 1 N
-37 -21 1 1 0 0 N
-36 -21 G 3 2 0 U
-35 -21 G 1 9 0 U
-34 -21 1 2 1 0 N
-33 -21 B 3 6 0 N
-32 -21 0 3 0 0 N
-31 -21 1 3 0 0 N
-30 -21 B 3 1 0 N
-29 -21 0 3 0 0 N
-28 -21 1 3 0 0 N
-27 -21 0 3 1 0 N
-26 -21 1 3 1 0 N
-25 -21 B 3 2 0 N
-24 -21 0 3 0 0 N
-23 -21 1 3 0 0 N
-22 -21 C 3 1 1 N
-21 -21 1 1 1 0 N
-20 -21 B 3 5 0 N
-19 -21 0 3 0 0 N
-18 -21 1 3 0 0 N
-17 -21 C 3 1 1 N
-16 -21 1 1 0 0 N
-15 -21 G 3 2 0 P
-14 -21 G 1 3 0 P
-13 -21 0 5 0 0 N
-12 -21 B 3 8 0 N
-11 -21 0 3 0 0 N
-10 -21 1 3 0 0 N
-9 -21 B 3 1 0 N
-8 -21 0 3 0 0 N
-7 -21 1 3 0 0 N
-6 -21 0 3 1 0 N
-5 -21 1 3 1 0 N
-4 -21 B 3 2 0 N
-3 -21 0 3 0 0 N
-2 -21 1 3 0 0 N
-1 -21 C 3 1 1 N
0 -21 1 1 1 0 N
1 -21 B 3 5 0 N
2 -21 0 3 0 0 N
3 -21 1 3 0 0 N
4 -21 B 3 1 0 N
5 -21 0 3 0 0 N
6 -21 1 3 0 0 N
7 -21 0 3 1 0 N
8 -21 1 3 1 0 N
9 -21 B 3 2 0 N
10 -21 0 3 0 0 N
11 -21 1 3 0 0 N
12 -21 C 3 1 1 N
13 -21 1 1 1 0 N
14 -21 B 3 5 0 N
15 -21 0 3 0 0 N
16 -21 1 3 0 0 N
17 -21 C 3 1 1 N
18 -21 1 1 0 0 N
19 -21 G 3 2 0 P
20 -21 G 1 9 0 P
21 -21 1 2 1 0 N
22 -21 B 3 6 0 N
23 -21 0 3 0 0 N
24 -21 1 3 0 0 N
25 -21 B 3 1 0 N
26 -21 0 3 0 0 N
27 -21 1 3 0 0 N
28 -21 0 3 1 0 N
29 -21 1 3 1 0 N
30 -21 B 3 2 0 N
31 -21 0 3 0 0 N
32 -21 1 3 0 0 N
33 -21 C 3 1 1 N
34 -21 1 1 1 0 N
35 -21 B 3 5 0 N
36 -21 0 3 0 0 N
37 -21 1 3 0 0 N
38 -21 B 3 1 0 N
39 -21 0 3 0 0 N
40 -21 1 3 0 0 N
41 -21 0 3 1 0 N
42 -21 1 3 1 0 N
43 -21 B 3 2 0 N
44 -21 0 3 0 0 N
45 -21 1 3 0 0 N
46 -21 C 3 1 1 N
47 -21 1 1 1 0 N
48 -21 B 3 5 0 N
49 -21 0 3 0 0 N
50 -21 1 3 0 0 N
51 -21 C 3 1 1 N
52 -21 1 1 0 0 N
53 -21 G 3 2 0 P
54 -21 G 1 9 0 P
55 -21 1 2 1 0 N
56 -21 B 3 6 0 N
57 -21 0 3 0 0 N
58 -21 1 3 0 0 N
59 -21 B 3 1 0 N
60 -21 0 3 0 0 N
61 -21 1 3 0 0 N
62 -21 0 3 1 0 N
63 -21 1 3 1 0 N
64 -21 B 3 2 0 N
65 -21 0 3 0 0 N
66 -21 1 3 0 0 N
67 -21 C 3 1 1 N
-56 -20 G 0 9 0 U
-55 -20 0 1 1 0 N
-54 -20 G 2 4 0 T
-53 -20 G 5 2 0 T
-52 -20 G 4 3 0 T
-51 -20 C 2 1 1 N
-50 -20 G 5 3 0 P
-49 -20 G 4 4 0 P
-48 -20 B 5 5 0 N
-47 -20 B 4 6 0 N
-46 -20 G 2 5 0 P
-45 -20 G 5 2 0 P
-44 -20 G 4 3 0 P
-43 -20 G 0 9 0 P
-42 -20 0 1 1 0 N
-41 -20 G 2 4 0 P
-40 -20 G 5 2 0 P
-39 -20 G 4 3 0 P
-38 -20 G 0 4 0 P
-37 -20 0 1 0 0 N
-36 -20 G 0 10 0 U
-35 -20 0 2 1 0 N
-34 -20 B 4 5 0 N
-33 -20 G 2 5 0 T
-32 -20 G 5 2 0 T
-31 -20 G 4 3 0 T
-30 -20 C 2 1 1 N
-29 -20 G 5 3 0 P
-28 -20 G 4 4 0 P
-27 -20 B 5 5 0 N
-26 -20 B 4 6 0 N
-25 -20 G 2 5 0 P
-24 -20 G 5 2 0 P
-23 -20 G 4 3 0 P
-22 -20 G 0 9 0 P
-21 -20 0 1 1 0 N
-20 -20 G 2 4 0 P
-19 -20 G 5 2 0 P
-18 -20 G 4 3 0 P
-17 -20 G 0 4 0 P
-16 -20 0 1 0 0 N
-15 -20 G 0 4 0 P
-14 -20 1 5 0 0 N
-13 -20 B 4 7 0 N
-12 -20 G 2 5 0 T
-11 -20 G 5 2 0 T
-10 -20 G 4 3 0 T
-9 -20 C 2 1 1 N
-8 -20 G 5 3 0 P
-7 -20 G 4 4 0 P
-6 -20 B 5 5 0 N
-5 -20 B 4 6 0 N
-4 -20 G 2 5 0 P
-3 -20 G 5 2 0 P
-2 -20 G 4 3 0 P
-1 -20 G 0 9 0 P
0 -20 0 1 1 0 N
1 -20 G 2 4 0 T
2 -20 G 5 2 0 T
3 -20 G 4 3 0 T
4 -20 C 2 1 1 N
5 -20 G 5 3 0 P
6 -20 G 4 4 0 P
7 -20 B 5 5 0 N
8 -20 B 4 6 0 N
9 -20 G 2 5 0 P
10 -20 G 5 2 0 P
11 -20 G 4 3 0 P
12 -20 G 0 9 0 P
13 -20 0 1 1 0 N
14 -20 G 2 4 0 P
15 -20 G 5 2 0 P
16 -20 G 4 3 0 P
17 -20 G 0 4 0 P
18 -20 0 1 0 0 N
19 -20 G 0 10 0 P
20 -20 0 2 1 0 N
21 -20 B 4 5 0 N
22 -20 G 2 5 0 T
23 -20 G 5 2 0 T
24 -20 G 4 3 0 T
25 -20 C 2 1 1 N
26 -20 G 5 3 0 P
27 -20 G 4 4 0 P
28 -20 B 5 5 0 N
29 -20 B 4 6 0 N
30 -20 G 2 5 0 P
31 -20 G 5 2 0 P
32 -20 G 4 3 0 P
33 -20 G 0 9 0 P
34 -20 0 1 1 0 N
35 -20 G 2 4 0 T
36 -20 G 5 2 0 T
37 -20 G 4 3 0 T
38 -20 C 2 1 1 N
39 -20 G 5 3 0 P
40 -20 G 4 4 0 P
41 -20 B 5 5 0 N
42 -20 B 4 6 0 N
43 -20 G 2 5 0 P
44 -20 G 5 2 0 P
45 -20 G 4 3 0 P
46 -20 G 0 9 0 P
47 -20 0 1 1 0 N
48 -20 G 2 4 0 P
49 -20 G 5 2 0 P
50 -20 G 4 3 0 P
51 -20 G 0 4 0 P
52 -20 0 1 0 0 N
53 -20 G 0 10 0 P
54 -20 0 2 1 0 N
55 -20 B 4 5 0 N
56 -20 G 2 5 0 T
57 -20 G 5 2 0 T
58 -20 G 4 3 0 T
59 -20 C 2 1 1 N
60 -20 G 5 3 0 P
61 -20 G 4 4 0 P
62 -20 B 5 5 0 N
63 -20 B 4 6 0 N
64 -20 G 2 5 0 U
65 -20 G 5 2 0 U
66 -20 G 4 3 0 U
-58 -19 G 1 3 0 U
-57 -19 G 2 2 0 U
-56 -19 G 5 10 0 U
-55 -19 1 1 0 0 N
-54 -19 G 3 3 0 T
-53 -19 G 1 4 0 T
-52 -19 1 2 0 0 N
-51 -19 G 3 3 0 P
-50 -19 G 1 2 0 P
-49 -19 0 5 0 0 N
-48 -19 G 3 5 0 P
-47 -19 0 4 0 0 N
-46 -19 G 3 4 0 P
-45 -19 G 1 3 0 P
-44 -19 G 2 2 0 P
-43 -19 G 5 10 0 P
-42 -19 1 1 0 0 N
-41 -19 G 3 3 0 P
-40 -19 G 1 3 0 P
-39 -19 G 2 2 0 P
-38 -19 G 5 5 0 P
-37 -19 B 1 7 0 N
-36 -19 1 2 0 0 N
-35 -19 G 3 4 0 T
-34 -19 0 4 0 0 N
-33 -19 G 3 4 0 T
-32 -19 G 1 4 0 T
-31 -19 1 2 0 0 N
-30 -19 G 3 3 0 P
-29 -19 G 1 2 0 P
-28 -19 0 5 0 0 N
-27 -19 G 3 5 0 P
-26 -19 0 4 0 0 N
-25 -19 G 3 4 0 P
-24 -19 G 1 3 0 P
-23 -19 G 2 2 0 P
-22 -19 G 5 10 0 P
-21 -19 1 1 0 0 N
-20 -19 G 3 3 0 P
-19 -19 G 1 3 0 P
-18 -19 G 2 2 0 P
-17 -19 G 5 5 0 P
-16 -19 B 1 5 0 N
-15 -19 0 5 1 0 N
-14 -19 G 3 10 0 T
-13 -19 0 4 0 0 N
-12 -19 G 3 4 0 T
-11 -19 G 1 4 0 T
-10 -19 1 2 0 0 N
-9 -19 G 3 3 0 P
-8 -19 G 1 2 0 P
-7 -19 0 5 0 0 N
-6 -19 G 3 5 0 P
-5 -19 0 4 0 0 N
-4 -19 G 3 4 0 P
-3 -19 G 1 3 0 P
-2 -19 G 2 2 0 P
-1 -19 G 5 10 0 P
0 -19 1 1 0 0 N
1 -19 G 3 3 0 T
2 -19 G 1 4 0 T
3 -19 1 2 0 0 N
4 -19 G 3 3 0 P
5 -19 G 1 2 0 P
6 -19 0 5 0 0 N
7 -19 G 3 5 0 P
8 -19 0 4 0 0 N
9 -19 G 3 4 0 P
10 -19 G 1 3 0 P
11 -19 G 2 2 0 P
12 -19 G 5 10 0 P
13 -19 1 1 0 0 N
14 -19 G 3 3 0 P
15 -19 G 1 3 0 P
16 -19 G 2 2 0 P
17 -19 G 5 5 0 P
18 -19 B 1 7 0 N
19 -19 1 2 0 0 N
20 -19 G 3 4 0 T
21 -19 0 4 0 0 N
22 -19 G 3 4 0 T
23 -19 G 1 4 0 T
24 -19 1 2 0 0 N
25 -19 G 3 3 0 P
26 -19 G 1 2 0 P
27 -19 0 5 0 0 N
28 -19 G 3 5 0 P
29 -19 0 4 0 0 N
30 -19 G 3 4 0 P
31 -19 G 1 3 0 P
32 -19 G 2 2 0 P
33 -19 G 5 10 0 P
34 -19 1 1 0 0 N
35 -19 G 3 3 0 T
36 -19 G 1 4 0 T
37 -19 1 2 0 0 N
38 -19 G 3 3 0 P
39 -19 G 1 2 0 P
40 -19 0 5 0 0 N
41 -19 G 3 5 0 P
42 -19 0 4 0 0 N
43 -19 G 3 4 0 P
44 -19 G 1 3 0 P
45 -19 G 2 2 0 P
46 -19 G 5 10 0 P
47 -19 1 1 0 0 N
48 -19 G 3 3 0 P
49 -19 G 1 3 0 P
50 -19 G 2 2 0 P
51 -19 G 5 5 0 P
52 -19 B 1 7 0 N
53 -19 1 2 0 0 N
54 -19 G 3 4 0 T
55 -19 0 4 0 0 N
56 -19 G 3 4 0 T
57 -19 G 1 4 0 T
58 -19 1 2 0 0 N
59 -19 G 3 3 0 P
60 -19 G 1 2 0 P
61 -19 0 5 0 0 N
62 -19 G 3 5 0 U
63 -19 0 4 0 0 N
64 -19 G 3 4 0 U
-59 -18 C 0 1 1 N
-58 -18 1 0 0 0 N
-57 -18 0 0 0 0 N
-56 -18 B 0 7 0 N
-55 -18 0 1 0 0 N
-54 -18 G 0 5 0 T
-53 -18 0 2 0 0 N
-52 -18 G 4 2 0 P
-51 -18 G 0 3 0 P
-50 -18 1 5 0 0 N
-49 -18 G 4 4 0 P
-48 -18 G 0 2 0 P
-47 -18 1 4 0 0 N
-46 -18 C 0 1 1 N
-45 -18 1 0 0 0 N
-44 -18 0 0 0 0 N
-43 -18 B 0 7 0 N
-42 -18 0 1 0 0 N
-41 -18 C 0 1 1 N
-40 -18 1 0 0 0 N
-39 -18 0 0 0 0 N
-38 -18 B 0 8 0 N
-37 -18 0 2 0 0 N
-36 -18 G 4 3 0 T
-35 -18 G 0 2 0 T
-34 -18 1 4 0 0 N
-33 -18 G 0 5 0 T
-32 -18 0 2 0 0 N
-31 -18 G 4 2 0 P
-30 -18 G 0 3 0 P
-29 -18 1 5 0 0 N
-28 -18 G 4 4 0 P
-27 -18 G 0 2 0 P
-26 -18 1 4 0 0 N
-25 -18 C 0 1 1 N
-24 -18 1 0 0 0 N
-23 -18 0 0 0 0 N
-22 -18 B 0 7 0 N
-21 -18 0 1 0 0 N
-20 -18 C 0 1 1 N
-19 -18 1 0 0 0 N
-18 -18 0 0 0 0 N
-17 -18 B 0 6 0 N
-16 -18 1 5 1 0 N
-15 -18 G 4 9 0 T
-14 -18 G 0 2 0 T
-13 -18 1 4 0 0 N
-12 -18 G 0 5 0 T
-11 -18 0 2 0 0 N
-10 -18 G 4 2 0 P
-9 -18 G 0 3 0 P
-8 -18 1 5 0 0 N
-7 -18 G 4 4 0 P
-6 -18 G 0 2 0 P
-5 -18 1 4 0 0 N
-4 -18 C 0 1 1 N
-3 -18 1 0 0 0 N
-2 -18 0 0 0 0 N
-1 -18 B 0 7 0 N
0 -18 0 1 0 0 N
1 -18 G 0 5 0 T
2 -18 0 2 0 0 N
3 -18 G 4 2 0 P
4 -18 G 0 3 0 P
5 -18 1 5 0 0 N
6 -18 G 4 4 0 P
7 -18 G 0 2 0 P
8 -18 1 4 0 0 N
9 -18 C 0 1 1 N
10 -18 1 0 0 0 N
11 -18 0 0 0 0 N
12 -18 B 0 7 0 N
13 -18 0 1 0 0 N
14 -18 C 0 1 1 N
15 -18 1 0 0 0 N
16 -18 0 0 0 0 N
17 -18 B 0 8 0 N
18 -18 0 2 0 0 N
19 -18 G 4 3 0 T
20 -18 G 0 2 0 T
21 -18 1 4 0 0 N
22 -18 G 0 5 0 T
23 -18 0 2 0 0 N
24 -18 G 4 2 0 P
25 -18 G 0 3 0 P
26 -18 1 5 0 0 N
27 -18 G 4 4 0 P
28 -18 G 0 2 0 P
29 -18 1 4 0 0 N
30 -18 C 0 1 1 N
31 -18 1 0 0 0 N
32 -18 0 0 0 0 N
33 -18 B 0 7 0 N
34 -18 0 1 0 0 N
35 -18 G 0 5 0 T
36 -18 0 2 0 0 N
37 -18 G 4 2 0 P
38 -18 G 0 3 0 P
39 -18 1 5 0 0 N
40 -18 G 4 4 0 P
41 -18 G 0 2 0 P
42 -18 1 4 0 0 N
43 -18 C 0 1 1 N
44 -18 1 0 0 0 N
45 -18 0 0 0 0 N
46 -18 B 0 7 0 N
47 -18 0 1 0 0 N
48 -18 C 0 1 1 N
49 -18 1 0 0 0 N
50 -18 0 0 0 0 N
51 -18 B 0 8 0 N
52 -18 0 2 0 0 N
53 -18 G 4 3 0 T
54 -18 G 0 2 0 T
55 -18 1 4 0 0 N
56 -18 G 0 5 0 T
57 -18 0 2 0 0 N
58 -18 G 4 2 0 P
59 -18 G 0 3 0 P
60 -18 1 5 0 0 N
61 -18 G 4 4 0 U
62 -18 G 0 2 0 U
63 -18 1 4 0 0 N
-63 -17 C 1 1 1 N
-62 -17 G 2 3 0 U
-59 -17 C 2 1 1 N
-58 -17 G 5 4 0 P
-57 -17 G 4 5 0 P
-56 -17 B 5 8 0 N
-55 -17 B 1 2 0 N
-54 -17 B 2 6 0 N
-53 -17 G 1 5 0 P
-52 -17 G 2 4 0 P
-51 -17 C 5 1 1 N
-50 -17 C 1 1 1 N
-49 -17 G 2 3 0 P
-48 -17 G 5 3 0 P
-47 -17 C 4 1 1 N
-46 -17 C 2 1 1 N
-45 -17 G 5 4 0 P
-44 -17 G 4 5 0 P
-43 -17 B 5 8 0 N
-42 -17 B 1 1 0 N
-41 -17 G 2 3 0 T
-40 -17 G 5 4 0 T
-39 -17 G 4 5 0 T
-38 -17 B 2 2 0 N
-37 -17 G 1 5 0 T
-36 -17 G 2 4 0 T
-35 -17 G 5 3 0 T
-34 -17 B 4 1 0 N
-33 -17 B 2 8 0 N
-32 -17 G 1 5 0 P
-31 -17 G 2 4 0 P
-30 -17 C 5 1 1 N
-29 -17 C 1 1 1 N
-28 -17 G 2 3 0 P
-27 -17 G 5 3 0 P
-26 -17 C 4 1 1 N
-25 -17 C 2 1 1 N
-24 -17 G 5 4 0 P
-23 -17 G 4 5 0 P
-22 -17 B 5 8 0 N
-21 -17 B 1 1 0 N
-20 -17 G 2 3 0 T
-19 -17 G 5 4 0 T
-18 -17 G 4 5 0 T
-17 -17 B 5 2 0 N
-16 -17 G 1 5 0 T
-15 -17 G 2 4 0 T
-14 -17 G 5 3 0 T
-13 -17 B 4 1 0 N
-12 -17 B 2 8 0 N
-11 -17 G 1 5 0 P
-10 -17 G 2 4 0 P
-9 -17 C 5 1 1 N
-8 -17 C 1 1 1 N
-7 -17 G 2 3 0 P
-6 -17 G 5 3 0 P
-5 -17 C 4 1 1 N
-4 -17 C 2 1 1 N
-3 -17 G 5 4 0 P
-2 -17 G 4 5 0 P
-1 -17 B 5 8 0 N
0 -17 B 1 2 0 N
1 -17 B 2 6 0 N
2 -17 G 1 5 0 P
3 -17 G 2 4 0 P
4 -17 C 5 1 1 N
5 -17 C 1 1 1 N
6 -17 G 2 3 0 P
7 -17 G 5 3 0 P
8 -17 C 4 1 1 N
9 -17 C 2 1 1 N
10 -17 G 5 4 0 P
11 -17 G 4 5 0 P
12 -17 B 5 8 0 N
13 -17 B 1 1 0 N
14 -17 G 2 3 0 T
15 -17 G 5 4 0 T
16 -17 G 4 5 0 T
17 -17 B 2 2 0 N
18 -17 G 1 5 0 T
19 -17 G 2 4 0 T
20 -17 G 5 3 0 T
21 -17 B 4 1 0 N
22 -17 B 2 8 0 N
23 -17 G 1 5 0 P
24 -17 G 2 4 0 P
25 -17 C 5 1 1 N
26 -17 C 1 1 1 N
27 -17 G 2 3 0 P
28 -17 G 5 3 0 P
29 -17 C 4 1 1 N
30 -17 C 2 1 1 N
31 -17 G 5 4 0 P
32 -17 G 4 5 0 P
33 -17 B 5 8 0 N
34 -17 B 1 2 0 N
35 -17 B 2 6 0 N
36 -17 G 1 5 0 P
37 -17 G 2 4 0 P
38 -17 C 5 1 1 N
39 -17 C 1 1 1 N
40 -17 G 2 3 0 P
41 -17 G 5 3 0 P
42 -17 C 4 1 1 N
43 -17 C 2 1 1 N
44 -17 G 5 4 0 P
45 -17 G 4 5 0 P
46 -17 B 5 8 0 N
47 -17 B 1 1 0 N
48 -17 G 2 3 0 T
49 -17 G 5 4 0 T
50 -17 G 4 5 0 T
51 -17 B 2 2 0 N
52 -17 G 1 5 0 T
53 -17 G 2 4 0 T
54 -17 G 5 3 0 T
55 -17 B 4 1 0 N
56 -17 B 2 8 0 N
57 -17 G 1 5 0 P
58 -17 G 2 4 0 P
59 -17 C 5 1 1 N
62 -17 G 5 3 0 U
63 -17 C 4 1 1 N
-63 -16 1 1 0 0 N
-62 -16 G 3 2 0 U
-61 -16 G 1 4 0 U
-60 -16 1 2 0 0 N
-59 -16 G 3 3 0 P
-58 -16 G 1 2 0 P
-57 -16 0 5 0 0 N
-56 -16 G 3 5 0 T
-55 -16 1 1 1 0 N
-54 -16 B 3 5 0 N
-53 -16 0 3 0 0 N
-52 -16 1 3 0 0 N
-51 -16 C 3 1 1 N
-50 -16 1 1 0 0 N
-49 -16 G 3 2 0 P
-48 -16 G 1 4 0 P
-47 -16 1 2 0 0 N
-46 -16 G 3 3 0 P
-45 -16 G 1 2 0 P
-44 -16 0 5 0 0 N
-43 -16 G 3 5 0 T
-42 -16 1 1 0 0 N
-41 -16 G 3 2 0 T
-40 -16 G 1 9 0 T
-39 -16 1 2 1 0 N
-38 -16 B 3 6 0 N
-37 -16 0 3 0 0 N
-36 -16 1 3 0 0 N
-35 -16 C 3 1 1 N
-34 -16 0 4 0 0 N
-33 -16 B 3 7 0 N
-32 -16 0 3 0 0 N
-31 -16 1 3 0 0 N
-30 -16 C 3 1 1 N
-29 -16 1 1 0 0 N
-28 -16 G 3 2 0 P
-27 -16 G 1 4 0 P
-26 -16 1 2 0 0 N
-25 -16 G 3 3 0 P
-24 -16 G 1 2 0 P
-23 -16 0 5 0 0 N
-22 -16 G 3 5 0 T
-21 -16 1 1 0 0 N
-20 -16 G 3 2 0 T
-19 -16 G 1 3 0 T
-18 -16 0 5 0 0 N
-17 -16 B 3 8 0 N
-16 -16 0 3 0 0 N
-15 -16 1 3 0 0 N
-14 -16 C 3 1 1 N
-13 -16 0 4 0 0 N
-12 -16 B 3 7 0 N
-11 -16 0 3 0 0 N
-10 -16 1 3 0 0 N
-9 -16 C 3 1 1 N
-8 -16 1 1 0 0 N
-7 -16 G 3 2 0 P
-6 -16 G 1 4 0 P
-5 -16 1 2 0 0 N
-4 -16 G 3 3 0 P
-3 -16 G 1 2 0 P
-2 -16 0 5 0 0 N
-1 -16 G 3 5 0 T
0 -16 1 1 1 0 N
1 -16 B 3 5 0 N
2 -16 0 3 0 0 N
3 -16 1 3 0 0 N
4 -16 C 3 1 1 N
5 -16 1 1 0 0 N
6 -16 G 3 2 0 P
7 -16 G 1 4 0 P
8 -16 1 2 0 0 N
9 -16 G 3 3 0 P
10 -16 G 1 2 0 P
11 -16 0 5 0 0 N
12 -16 G 3 5 0 T
13 -16 1 1 0 0 N
14 -16 G 3 2 0 T
15 -16 G 1 9 0 T
16 -16 1 2 1 0 N
17 -16 B 3 6 0 N
18 -16 0 3 0 0 N
19 -16 1 3 0 0 N
20 -16 C 3 1 1 N
21 -16 0 4 0 0 N
22 -16 B 3 7 0 N
23 -16 0 3 0 0 N
24 -16 1 3 0 0 N
25 -16 C 3 1 1 N
26 -16 1 1 0 0 N
27 -16 G 3 2 0 P
28 -16 G 1 4 0 P
29 -16 1 2 0 0 N
30 -16 G 3 3 0 P
31 -16 G 1 2 0 P
32 -16 0 5 0 0 N
33 -16 G 3 5 0 T
34 -16 1 1 1 0 N
35 -16 B 3 5 0 N
36 -16 0 3 0 0 N
37 -16 1 3 0 0 N
38 -16 C 3 1 1 N
39 -16 1 1 0 0 N
40 -16 G 3 2 0 P
41 -16 G 1 4 0 P
42 -16 1 2 0 0 N
43 -16 G 3 3 0 P
44 -16 G 1 2 0 P
45 -16 0 5 0 0 N
46 -16 G 3 5 0 T
47 -16 1 1 0 0 N
48 -16 G 3 2 0 T
49 -16 G 1 9 0 T
50 -16 1 2 1 0 N
51 -16 B 3 6 0 N
52 -16 0 3 0 0 N
53 -16 1 3 0 0 N
54 -16 C 3 1 1 N
55 -16 0 4 0 0 N
56 -16 B 3 7 0 N
57 -16 0 3 0 0 N
58 -16 1 3 0 0 N
59 -16 C 3 1 1 N
-64 -15 G 0 4 0 U
-63 -15 0 1 0 0 N
-62 -15 G 0 5 0 U
-61 -15 0 2 0 0 N
-60 -15 G 4 2 0 P
-59 -15 G 0 3 0 P
-58 -15 1 5 0 0 N
-57 -15 G 4 4 0 T
-56 -15 G 0 9 0 T
-55 -15 0 1 1 0 N
-54 -15 G 2 4 0 P
-53 -15 G 5 2 0 P
-52 -15 G 4 3 0 P
-51 -15 G 0 4 0 P
-50 -15 0 1 0 0 N
-49 -15 G 0 5 0 P
-48 -15 0 2 0 0 N
-47 -15 G 4 2 0 P
-46 -15 G 0 3 0 P
-45 -15 1 5 0 0 N
-44 -15 G 4 4 0 T
-43 -15 G 0 4 0 T
-42 -15 0 1 0 0 N
-41 -15 G 0 10 0 T
-40 -15 0 2 1 0 N
-39 -15 B 4 5 0 N
-38 -15 G 2 5 0 P
-37 -15 G 5 2 0 P
-36 -15 G 4 3 0 P
-35 -15 G 0 3 0 P
-34 -15 1 4 0 0 N
-33 -15 G 2 10 0 P
-32 -15 G 5 2 0 P
-31 -15 G 4 3 0 P
-30 -15 G 0 4 0 P
-29 -15 0 1 0 0 N
-28 -15 G 0 5 0 P
-27 -15 0 2 0 0 N
-26 -15 G 4 2 0 P
-25 -15 G 0 3 0 P
-24 -15 1 5 0 0 N
-23 -15 G 4 4 0 T
-22 -15 G 0 4 0 T
-21 -15 0 1 0 0 N
-20 -15 G 0 4 0 T
-19 -15 1 5 0 0 N
-18 -15 B 4 7 0 N
-17 -15 G 2 5 0 P
-16 -15 G 5 2 0 P
-15 -15 G 4 3 0 P
-14 -15 G 0 3 0 P
-13 -15 1 4 0 0 N
-12 -15 G 2 10 0 P
-11 -15 G 5 2 0 P
-10 -15 G 4 3 0 P
-9 -15 G 0 4 0 P
-8 -15 0 1 0 0 N
-7 -15 G 0 5 0 P
-6 -15 0 2 0 0 N
-5 -15 G 4 2 0 P
-4 -15 G 0 3 0 P
-3 -15 1 5 0 0 N
-2 -15 G 4 4 0 T
-1 -15 G 0 9 0 T
0 -15 0 1 1 0 N
1 -15 G 2 4 0 P
2 -15 G 5 2 0 P
3 -15 G 4 3 0 P
4 -15 G 0 4 0 P
5 -15 0 1 0 0 N
6 -15 G 0 5 0 P
7 -15 0 2 0 0 N
8 -15 G 4 2 0 P
9 -15 G 0 3 0 P
10 -15 1 5 0 0 N
11 -15 G 4 4 0 T
12 -15 G 0 4 0 T
13 -15 0 1 0 0 N
14 -15 G 0 10 0 T
15 -15 0 2 1 0 N
16 -15 B 4 5 0 N
17 -15 G 2 5 0 P
18 -15 G 5 2 0 P
19 -15 G 4 3 0 P
20 -15 G 0 3 0 P
21 -15 1 4 0 0 N
22 -15 G 2 10 0 P
23 -15 G 5 2 0 P
24 -15 G 4 3 0 P
25 -15 G 0 4 0 P
26 -15 0 1 0 0 N
27 -15 G 0 5 0 P
28 -15 0 2 0 0 N
29 -15 G 4 2 0 P
30 -15 G 0 3 0 P
31 -15 1 5 0 0 N
32 -15 G 4 4 0 T
33 -15 G 0 9 0 T
34 -15 0 1 1 0 N
35 -15 G 2 4 0 P
36 -15 G 5 2 0 P
37 -15 G 4 3 0 P
38 -15 G 0 4 0 P
39 -15 0 1 0 0 N
40 -15 G 0 5 0 P
41 -15 0 2 0 0 N
42 -15 G 4 2 0 P
43 -15 G 0 3 0 P
44 -15 1 5 0 0 N
45 -15 G 4 4 0 T
46 -15 G 0 4 0 T
47 -15 0 1 0 0 N
48 -15 G 0 10 0 T
49 -15 0 2 1 0 N
50 -15 B 4 5 0 N
51 -15 G 2 5 0 P
52 -15 G 5 2 0 P
53 -15 G 4 3 0 P
54 -15 G 0 3 0 P
55 -15 1 4 0 0 N
56 -15 G 2 10 0 U
57 -15 G 5 2 0 U
58 -15 G 4 3 0 U
-66 -14 G 1 3 0 U
-65 -14 G 2 2 0 U
-64 -14 G 5 5 0 U
-63 -14 B 1 6 0 N
-62 -14 B 2 5 0 N
-61 -14 G 1 4 0 P
-60 -14 G 2 3 0 P
-59 -14 C 5 1 1 N
-58 -14 G 1 3 0 T
-57 -14 G 2 2 0 T
-56 -14 G 5 10 0 T
-55 -14 1 1 0 0 N
-54 -14 G 3 3 0 P
-53 -14 G 1 3 0 P
-52 -14 G 2 2 0 P
-51 -14 G 5 5 0 P
-50 -14 B 1 6 0 N
-49 -14 B 2 5 0 N
-48 -14 G 1 4 0 P
-47 -14 G 2 3 0 P
-46 -14 C 5 1 1 N
-45 -14 G 1 3 0 T
-44 -14 G 2 2 0 T
-43 -14 G 5 5 0 T
-42 -14 B 1 7 0 N
-41 -14 1 2 0 0 N
-40 -14 G 3 4 0 P
-39 -14 0 4 0 0 N
-38 -14 G 3 4 0 P
-37 -14 G 1 3 0 P
-36 -14 G 2 2 0 P
-35 -14 G 5 4 0 P
-34 -14 0 4 1 0 N
-33 -14 G 3 9 0 P
-32 -14 G 1 3 0 P
-31 -14 G 2 2 0 P
-30 -14 G 5 5 0 P
-29 -14 B 1 6 0 N
-28 -14 B 2 5 0 N
-27 -14 G 1 4 0 P
-26 -14 G 2 3 0 P
-25 -14 C 5 1 1 N
-24 -14 G 1 3 0 T
-23 -14 G 2 2 0 T
-22 -14 G 5 5 0 T
-21 -14 B 1 5 0 N
-20 -14 0 5 1 0 N
-19 -14 G 3 10 0 P
-18 -14 0 4 0 0 N
-17 -14 G 3 4 0 P
-16 -14 G 1 3 0 P
-15 -14 G 2 2 0 P
-14 -14 G 5 4 0 P
-13 -14 0 4 1 0 N
-12 -14 G 3 9 0 P
-11 -14 G 1 3 0 P
-10 -14 G 2 2 0 P
-9 -14 G 5 5 0 P
-8 -14 B 1 6 0 N
-7 -14 B 2 5 0 N
-6 -14 G 1 4 0 P
-5 -14 G 2 3 0 P
-4 -14 C 5 1 1 N
-3 -14 G 1 3 0 T
-2 -14 G 2 2 0 T
-1 -14 G 5 10 0 T
0 -14 1 1 0 0 N
1 -14 G 3 3 0 P
2 -14 G 1 3 0 P
3 -14 G 2 2 0 P
4 -14 G 5 5 0 P
5 -14 B 1 6 0 N
6 -14 B 2 5 0 N
7 -14 G 1 4 0 P
8 -14 G 2 3 0 P
9 -14 C 5 1 1 N
10 -14 G 1 3 0 T
11 -14 G 2 2 0 T
12 -14 G 5 5 0 T
13 -14 B 1 7 0 N
14 -14 1 2 0 0 N
15 -14 G 3 4 0 P
16 -14 0 4 0 0 N
17 -14 G 3 4 0 P
18 -14 G 1 3 0 P
19 -14 G 2 2 0 P
20 -14 G 5 4 0 P
21 -14 0 4 1 0 N
22 -14 G 3 9 0 P
23 -14 G 1 3 0 P
24 -14 G 2 2 0 P
25 -14 G 5 5 0 P
26 -14 B 1 6 0 N
27 -14 B 2 5 0 N
28 -14 G 1 4 0 P
29 -14 G 2 3 0 P
30 -14 C 5 1 1 N
31 -14 G 1 3 0 T
32 -14 G 2 2 0 T
33 -14 G 5 10 0 T
34 -14 1 1 0 0 N
35 -14 G 3 3 0 P
36 -14 G 1 3 0 P
37 -14 G 2 2 0 P
38 -14 G 5 5 0 P
39 -14 B 1 6 0 N
40 -14 B 2 5 0 N
41 -14 G 1 4 0 P
42 -14 G 2 3 0 P
43 -14 C 5 1 1 N
44 -14 G 1 3 0 T
45 -14 G 2 2 0 T
46 -14 G 5 5 0 T
47 -14 B 1 7 0 N
48 -14 1 2 0 0 N
49 -14 G 3 4 0 P
50 -14 0 4 0 0 N
51 -14 G 3 4 0 P
52 -14 G 1 3 0 P
53 -14 G 2 2 0 P
54 -14 G 5 4 0 P
55 -14 0 4 1 0 N
56 -14 G 3 9 0 U
-67 -13 C 0 1 1 N
-66 -13 1 0 0 0 N
-65 -13 0 0 0 0 N
-64 -13 B 0 2 0 N
-63 -13 1 0 1 0 N
-62 -13 0 0 1 0 N
-61 -13 1 0 0 0 N
-60 -13 0 0 0 0 N
-59 -13 B 0 1 0 N
-58 -13 1 0 0 0 N
-57 -13 0 0 0 0 N
-56 -13 B 0 7 0 N
-55 -13 0 1 0 0 N
-54 -13 C 0 1 1 N
-53 -13 1 0 0 0 N
-52 -13 0 0 0 0 N
-51 -13 B 0 2 0 N
-50 -13 1 0 1 0 N
-49 -13 0 0 1 0 N
-48 -13 1 0 0 0 N
-47 -13 0 0 0 0 N
-46 -13 B 0 1 0 N
-45 -13 1 0 0 0 N
-44 -13 0 0 0 0 N
-43 -13 B 0 8 0 N
-42 -13 0 2 0 0 N
-41 -13 G 4 3 0 P
-40 -13 G 0 2 0 P
-39 -13 1 4 0 0 N
-38 -13 C 0 1 1 N
-37 -13 1 0 0 0 N
-36 -13 0 0 0 0 N
-35 -13 B 0 5 0 N
-34 -13 1 4 1 0 N
-33 -13 C 0 1 1 N
-32 -13 1 0 0 0 N
-31 -13 0 0 0 0 N
-30 -13 B 0 2 0 N
-29 -13 1 0 1 0 N
-28 -13 0 0 1 0 N
-27 -13 1 0 0 0 N
-26 -13 0 0 0 0 N
-25 -13 B 0 1 0 N
-24 -13 1 0 0 0 N
-23 -13 0 0 0 0 N
-22 -13 B 0 6 0 N
-21 -13 1 5 1 0 N
-20 -13 G 4 9 0 P
-19 -13 G 0 2 0 P
-18 -13 1 4 0 0 N
-17 -13 C 0 1 1 N
-16 -13 1 0 0 0 N
-15 -13 0 0 0 0 N
-14 -13 B 0 5 0 N
-13 -13 1 4 1 0 N
-12 -13 C 0 1 1 N
-11 -13 1 0 0 0 N
-10 -13 0 0 0 0 N
-9 -13 B 0 2 0 N
-8 -13 1 0 1 0 N
-7 -13 0 0 1 0 N
-6 -13 1 0 0 0 N
-5 -13 0 0 0 0 N
-4 -13 B 0 1 0 N
-3 -13 1 0 0 0 N
-2 -13 0 0 0 0 N
-1 -13 B 0 7 0 N
0 -13 0 1 0 0 N
1 -13 C 0 1 1 N
2 -13 1 0 0 0 N
3 -13 0 0 0 0 N
4 -13 B 0 2 0 N
5 -13 1 0 1 0 N
6 -13 0 0 1 0 N
7 -13 1 0 0 0 N
8 -13 0 0 0 0 N
9 -13 B 0 1 0 N
10 -13 1 0 0 0 N
11 -13 0 0 0 0 N
12 -13 B 0 8 0 N
13 -13 0 2 0 0 N
14 -13 G 4 3 0 P
15 -13 G 0 2 0 P
16 -13 1 4 0 0 N
17 -13 C 0 1 1 N
18 -13 1 0 0 0 N
19 -13 0 0 0 0 N
20 -13 B 0 5 0 N
21 -13 1 4 1 0 N
22 -13 C 0 1 1 N
23 -13 1 0 0 0 N
24 -13 0 0 0 0 N
25 -13 B 0 2 0 N
26 -13 1 0 1 0 N
27 -13 0 0 1 0 N
28 -13 1 0 0 0 N
29 -13 0 0 0 0 N
30 -13 B 0 1 0 N
31 -13 1 0 0 0 N
32 -13 0 0 0 0 N
33 -13 B 0 7 0 N
34 -13 0 1 0 0 N
35 -13 C 0 1 1 N
36 -13 1 0 0 0 N
37 -13 0 0 0 0 N
38 -13 B 0 2 0 N
39 -13 1 0 1 0 N
40 -13 0 0 1 0 N
41 -13 1 0 0 0 N
42 -13 0 0 0 0 N
43 -13 B 0 1 0 N
44 -13 1 0 0 0 N
45 -13 0 0 0 0 N
46 -13 B 0 8 0 N
47 -13 0 2 0 0 N
48 -13 G 4 3 0 P
49 -13 G 0 2 0 P
50 -13 1 4 0 0 N
51 -13 C 0 1 1 N
52 -13 1 0 0 0 N
53 -13 0 0 0 0 N
54 -13 B 0 5 0 N
55 -13 1 4 1 0 N
-76 -12 C 1 1 1 N
-75 -12 G 2 3 0 U
-72 -12 C 2 1 1 N
-66 -12 G 5 4 0 U
-65 -12 G 4 5 0 U
-64 -12 C 2 1 1 N
-63 -12 G 5 9 0 P
-62 -12 G 4 10 0 P
-61 -12 B 5 7 0 N
-60 -12 B 4 8 0 N
-59 -12 G 2 5 0 T
-58 -12 G 5 4 0 T
-57 -12 G 4 5 0 T
-56 -12 B 5 8 0 N
-55 -12 B 1 1 0 N
-54 -12 G 2 3 0 T
-53 -12 G 5 4 0 T
-52 -12 G 4 5 0 T
-51 -12 C 2 1 1 N
-50 -12 G 5 9 0 P
-49 -12 G 4 10 0 P
-48 -12 B 5 7 0 N
-47 -12 B 4 8 0 N
-46 -12 G 2 5 0 T
-45 -12 G 5 4 0 T
-44 -12 G 4 5 0 T
-43 -12 B 2 1 0 N
-42 -12 C 1 1 1 N
-41 -12 G 2 3 0 P
-40 -12 G 5 3 0 P
-39 -12 C 4 1 1 N
-38 -12 C 2 1 1 N
-37 -12 G 5 4 0 P
-36 -12 G 4 5 0 P
-35 -12 B 5 6 0 N
-34 -12 B 4 2 0 N
-33 -12 G 2 5 0 T
-32 -12 G 5 4 0 T
-31 -12 G 4 5 0 T
-30 -12 C 2 1 1 N
-29 -12 G 5 9 0 P
-28 -12 G 4 10 0 P
-27 -12 B 5 7 0 N
-26 -12 B 4 8 0 N
-25 -12 G 2 5 0 T
-24 -12 G 5 4 0 T
-23 -12 G 4 5 0 T
-22 -12 B 5 2 0 N
-21 -12 C 1 1 1 N
-20 -12 G 2 3 0 P
-19 -12 G 5 3 0 P
-18 -12 C 4 1 1 N
-17 -12 C 2 1 1 N
-16 -12 G 5 4 0 P
-15 -12 G 4 5 0 P
-14 -12 B 5 6 0 N
-13 -12 B 4 2 0 N
-12 -12 G 2 5 0 T
-11 -12 G 5 4 0 T
-10 -12 G 4 5 0 T
-9 -12 C 2 1 1 N
-8 -12 G 5 9 0 P
-7 -12 G 4 10 0 P
-6 -12 B 5 7 0 N
-5 -12 B 4 8 0 N
-4 -12 G 2 5 0 T
-3 -12 G 5 4 0 T
-2 -12 G 4 5 0 T
-1 -12 B 5 8 0 N
0 -12 B 1 1 0 N
1 -12 G 2 3 0 T
2 -12 G 5 4 0 T
3 -12 G 4 5 0 T
4 -12 C 2 1 1 N
5 -12 G 5 9 0 P
6 -12 G 4 10 0 P
7 -12 B 5 7 0 N
8 -12 B 4 8 0 N
9 -12 G 2 5 0 T
10 -12 G 5 4 0 T
11 -12 G 4 5 0 T
12 -12 B 2 1 0 N
13 -12 C 1 1 1 N
14 -12 G 2 3 0 P
15 -12 G 5 3 0 P
16 -12 C 4 1 1 N
17 -12 C 2 1 1 N
18 -12 G 5 4 0 P
19 -12 G 4 5 0 P
20 -12 B 5 6 0 N
21 -12 B 4 2 0 N
22 -12 G 2 5 0 T
23 -12 G 5 4 0 T
24 -12 G 4 5 0 T
25 -12 C 2 1 1 N
26 -12 G 5 9 0 P
27 -12 G 4 10 0 P
28 -12 B 5 7 0 N
29 -12 B 4 8 0 N
30 -12 G 2 5 0 T
31 -12 G 5 4 0 T
32 -12 G 4 5 0 T
33 -12 B 5 8 0 N
34 -12 B 1 1 0 N
35 -12 G 2 3 0 T
36 -12 G 5 4 0 T
37 -12 G 4 5 0 T
38 -12 C 2 1 1 N
39 -12 G 5 9 0 P
40 -12 G 4 10 0 P
41 -12 B 5 7 0 N
42 -12 B 4 8 0 N
43 -12 G 2 5 0 T
44 -12 G 5 4 0 T
45 -12 G 4 5 0 T
46 -12 B 2 1 0 N
47 -12 C 1 1 1 N
48 -12 G 2 3 0 P
49 -12 G 5 3 0 P
50 -12 C 4 1 1 N
51 -12 C 2 1 1 N
52 -12 G 5 4 0 P
53 -12 G 4 5 0 P
54 -12 B 5 6 0 N
55 -12 B 4 2 0 N
56 -12 G 2 5 0 U
59 -12 C 2 1 1 N
68 -12 C 1 1 1 N
69 -12 G 2 3 0 U
72 -12 C 2 1 1 N
80 -12 C 2 1 1 N
-76 -11 1 1 0 0 N
-75 -11 G 3 2 0 U
-74 -11 G 1 4 0 U
-73 -11 1 2 0 0 N
-72 -11 G 3 3 0 U
-66 -11 G 1 4 0 U
-65 -11 1 2 0 0 N
-64 -11 G 3 3 0 P
-63 -11 G 1 2 0 P
-62 -11 0 5 0 0 N
-61 -11 G 3 5 0 P
-60 -11 0 4 0 0 N
-59 -11 G 3 4 0 T
-58 -11 G 1 2 0 T
-57 -11 0 5 0 0 N
-56 -11 G 3 5 0 T
-55 -11 1 1 0 0 N
-54 -11 G 3 2 0 T
-53 -11 G 1 4 0 T
-52 -11 1 2 0 0 N
-51 -11 G 3 3 0 P
-50 -11 G 1 2 0 P
-49 -11 0 5 0 0 N
-48 -11 G 3 5 0 P
-47 -11 0 4 0 0 N
-46 -11 G 3 4 0 T
-45 -11 G 1 4 0 T
-44 -11 1 2 0 0 N
-43 -11 G 3 3 0 T
-42 -11 1 1 0 0 N
-41 -11 G 3 2 0 P
-40 -11 G 1 4 0 P
-39 -11 1 2 0 0 N
-38 -11 G 3 3 0 P
-37 -11 G 1 2 0 P
-36 -11 0 5 0 0 N
-35 -11 G 3 5 0 P
-34 -11 0 4 0 0 N
-33 -11 G 3 4 0 T
-32 -11 G 1 4 0 T
-31 -11 1 2 0 0 N
-30 -11 G 3 3 0 P
-29 -11 G 1 2 0 P
-28 -11 0 5 0 0 N
-27 -11 G 3 5 0 P
-26 -11 0 4 0 0 N
-25 -11 G 3 4 0 T
-24 -11 G 1 2 0 T
-23 -11 0 5 0 0 N
-22 -11 G 3 5 0 T
-21 -11 1 1 0 0 N
-20 -11 G 3 2 0 P
-19 -11 G 1 4 0 P
-18 -11 1 2 0 0 N
-17 -11 G 3 3 0 P
-16 -11 G 1 2 0 P
-15 -11 0 5 0 0 N
-14 -11 G 3 5 0 P
-13 -11 0 4 0 0 N
-12 -11 G 3 4 0 T
-11 -11 G 1 4 0 T
-10 -11 1 2 0 0 N
-9 -11 G 3 3 0 P
-8 -11 G 1 2 0 P
-7 -11 0 5 0 0 N
-6 -11 G 3 5 0 P
-5 -11 0 4 0 0 N
-4 -11 G 3 4 0 T
-3 -11 G 1 2 0 T
-2 -11 0 5 0 0 N
-1 -11 G 3 5 0 T
0 -11 1 1 0 0 N
1 -11 G 3 2 0 T
2 -11 G 1 4 0 T
3 -11 1 2 0 0 N
4 -11 G 3 3 0 P
5 -11 G 1 2 0 P
6 -11 0 5 0 0 N
7 -11 G 3 5 0 P
8 -11 0 4 0 0 N
9 -11 G 3 4 0 T
10 -11 G 1 4 0 T
11 -11 1 2 0 0 N
12 -11 G 3 3 0 T
13 -11 1 1 0 0 N
14 -11 G 3 2 0 P
15 -11 G 1 4 0 P
16 -11 1 2 0 0 N
17 -11 G 3 3 0 P
18 -11 G 1 2 0 P
19 -11 0 5 0 0 N
20 -11 G 3 5 0 P
21 -11 0 4 0 0 N
22 -11 G 3 4 0 T
23 -11 G 1 4 0 T
24 -11 1 2 0 0 N
25 -11 G 3 3 0 P
26 -11 G 1 2 0 P
27 -11 0 5 0 0 N
28 -11 G 3 5 0 P
29 -11 0 4 0 0 N
30 -11 G 3 4 0 T
31 -11 G 1 2 0 T
32 -11 0 5 0 0 N
33 -11 G 3 5 0 T
34 -11 1 1 0 0 N
35 -11 G 3 2 0 T
36 -11 G 1 4 0 T
37 -11 1 2 0 0 N
38 -11 G 3 3 0 P
39 -11 G 1 2 0 P
40 -11 0 5 0 0 N
41 -11 G 3 5 0 P
42 -11 0 4 0 0 N
43 -11 G 3 4 0 T
44 -11 G 1 4 0 T
45 -11 1 2 0 0 N
46 -11 G 3 3 0 T
47 -11 1 1 0 0 N
48 -11 G 3 2 0 P
49 -11 G 1 4 0 P
50 -11 1 2 0 0 N
51 -11 G 3 3 0 P
52 -11 G 1 2 0 P
53 -11 0 5 0 0 N
54 -11 G 3 5 0 P
55 -11 0 4 0 0 N
56 -11 G 3 4 0 U
57 -11 G 1 4 0 U
58 -11 1 2 0 0 N
59 -11 G 3 3 0 U
68 -11 1 1 0 0 N
69 -11 G 3 2 0 U
70 -11 G 1 4 0 U
71 -11 1 2 0 0 N
72 -11 G 3 3 0 U
78 -11 G 1 4 0 U
79 -11 1 2 0 0 N
80 -11 G 3 3 0 U
-77 -10 G 0 4 0 U
-76 -10 0 1 0 0 N
-75 -10 G 0 5 0 U
-74 -10 0 2 0 0 N
-73 -10 G 4 2 0 U
-67 -10 G 0 5 0 U
-66 -10 0 2 0 0 N
-65 -10 G 4 2 0 P
-64 -10 G 0 3 0 P
-63 -10 1 5 0 0 N
-62 -10 G 4 4 0 P
-61 -10 G 0 2 0 P
-60 -10 1 4 0 0 N
-59 -10 G 0 3 0 T
-58 -10 1 5 0 0 N
-57 -10 G 4 4 0 T
-56 -10 G 0 4 0 T
-55 -10 0 1 0 0 N
-54 -10 G 0 5 0 T
-53 -10 0 2 0 0 N
-52 -10 G 4 2 0 P
-51 -10 G 0 3 0 P
-50 -10 1 5 0 0 N
-49 -10 G 4 4 0 P
-48 -10 G 0 2 0 P
-47 -10 1 4 0 0 N
-46 -10 G 0 5 0 T
-45 -10 0 2 0 0 N
-44 -10 G 4 2 0 T
-43 -10 G 0 4 0 T
-42 -10 0 1 0 0 N
-41 -10 G 0 5 0 P
-40 -10 0 2 0 0 N
-39 -10 G 4 2 0 P
-38 -10 G 0 3 0 P
-37 -10 1 5 0 0 N
-36 -10 G 4 4 0 P
-35 -10 G 0 2 0 P
-34 -10 1 4 0 0 N
-33 -10 G 0 5 0 T
-32 -10 0 2 0 0 N
-31 -10 G 4 2 0 P
-30 -10 G 0 3 0 P
-29 -10 1 5 0 0 N
-28 -10 G 4 4 0 P
-27 -10 G 0 2 0 P
-26 -10 1 4 0 0 N
-25 -10 G 0 3 0 T
-24 -10 1 5 0 0 N
-23 -10 G 4 4 0 T
-22 -10 G 0 4 0 T
-21 -10 0 1 0 0 N
-20 -10 G 0 5 0 P
-19 -10 0 2 0 0 N
-18 -10 G 4 2 0 P
-17 -10 G 0 3 0 P
-16 -10 1 5 0 0 N
-15 -10 G 4 4 0 P
-14 -10 G 0 2 0 P
-13 -10 1 4 0 0 N
-12 -10 G 0 5 0 T
-11 -10 0 2 0 0 N
-10 -10 G 4 2 0 P
-9 -10 G 0 3 0 P
-8 -10 1 5 0 0 N
-7 -10 G 4 4 0 P
-6 -10 G 0 2 0 P
-5 -10 1 4 0 0 N
-4 -10 G 0 3 0 T
-3 -10 1 5 0 0 N
-2 -10 G 4 4 0 T
-1 -10 G 0 4 0 T
0 -10 0 1 0 0 N
1 -10 G 0 5 0 T
2 -10 0 2 0 0 N
3 -10 G 4 2 0 P
4 -10 G 0 3 0 P
5 -10 1 5 0 0 N
6 -10 G 4 4 0 P
7 -10 G 0 2 0 P
8 -10 1 4 0 0 N
9 -10 G 0 5 0 T
10 -10 0 2 0 0 N
11 -10 G 4 2 0 T
12 -10 G 0 4 0 T
13 -10 0 1 0 0 N
14 -10 G 0 5 0 P
15 -10 0 2 0 0 N
16 -10 G 4 2 0 P
17 -10 G 0 3 0 P
18 -10 1 5 0 0 N
19 -10 G 4 4 0 P
20 -10 G 0 2 0 P
21 -10 1 4 0 0 N
22 -10 G 0 5 0 T
23 -10 0 2 0 0 N
24 -10 G 4 2 0 P
25 -10 G 0 3 0 P
26 -10 1 5 0 0 N
27 -10 G 4 4 0 P
28 -10 G 0 2 0 P
29 -10 1 4 0 0 N
30 -10 G 0 3 0 T
31 -10 1 5 0 0 N
32 -10 G 4 4 0 T
33 -10 G 0 4 0 T
34 -10 0 1 0 0 N
35 -10 G 0 5 0 T
36 -10 0 2 0 0 N
37 -10 G 4 2 0 P
38 -10 G 0 3 0 P
39 -10 1 5 0 0 N
40 -10 G 4 4 0 P
41 -10 G 0 2 0 P
42 -10 1 4 0 0 N
43 -10 G 0 5 0 T
44 -10 0 2 0 0 N
45 -10 G 4 2 0 T
46 -10 G 0 4 0 T
47 -10 0 1 0 0 N
48 -10 G 0 5 0 P
49 -10 0 2 0 0 N
50 -10 G 4 2 0 P
51 -10 G 0 3 0 P
52 -10 1 5 0 0 N
53 -10 G 4 4 0 P
54 -10 G 0 2 0 P
55 -10 1 4 0 0 N
56 -10 G 0 5 0 U
57 -10 0 2 0 0 N
58 -10 G 4 2 0 U
67 -10 G 0 4 0 U
68 -10 0 1 0 0 N
69 -10 G 0 5 0 U
70 -10 0 2 0 0 N
71 -10 G 4 2 0 U
77 -10 G 0 5 0 U
78 -10 0 2 0 0 N
79 -10 G 4 2 0 U
-77 -9 G 5 5 0 U
-76 -9 B 1 2 0 N
-75 -9 B 2 6 0 N
-74 -9 G 1 5 0 U
-73 -9 G 2 4 0 U
-71 -9 C 1 1 1 N
-70 -9 G 2 3 0 U
-67 -9 B 2 2 0 N
-66 -9 G 1 5 0 P
-65 -9 G 2 4 0 P
-64 -9 C 5 1 1 N
-63 -9 C 1 1 1 N
-62 -9 G 2 3 0 P
-61 -9 G 5 3 0 P
-60 -9 C 4 1 1 N
-59 -9 B 5 1 0 N
-58 -9 G 1 5 0 T
-57 -9 G 2 4 0 T
-56 -9 G 5 5 0 T
-55 -9 B 1 2 0 N
-54 -9 B 2 6 0 N
-53 -9 G 1 5 0 P
-52 -9 G 2 4 0 P
-51 -9 C 5 1 1 N
-50 -9 C 1 1 1 N
-49 -9 G 2 3 0 P
-48 -9 G 5 3 0 P
-47 -9 C 4 1 1 N
-46 -9 B 2 2 0 N
-45 -9 G 1 5 0 T
-44 -9 G 2 4 0 T
-43 -9 G 5 5 0 T
-42 -9 B 1 2 0 N
-41 -9 B 2 6 0 N
-40 -9 G 1 5 0 P
-39 -9 G 2 4 0 P
-38 -9 C 5 1 1 N
-37 -9 C 1 1 1 N
-36 -9 G 2 3 0 P
-35 -9 G 5 3 0 P
-34 -9 C 4 1 1 N
-33 -9 B 2 2 0 N
-32 -9 G 1 5 0 P
-31 -9 G 2 4 0 P
-30 -9 C 5 1 1 N
-29 -9 C 1 1 1 N
-28 -9 G 2 3 0 P
-27 -9 G 5 3 0 P
-26 -9 C 4 1 1 N
-25 -9 B 5 1 0 N
-24 -9 G 1 5 0 T
-23 -9 G 2 4 0 T
-22 -9 G 5 5 0 T
-21 -9 B 1 2 0 N
-20 -9 B 2 6 0 N
-19 -9 G 1 5 0 P
-18 -9 G 2 4 0 P
-17 -9 C 5 1 1 N
-16 -9 C 1 1 1 N
-15 -9 G 2 3 0 P
-14 -9 G 5 3 0 P
-13 -9 C 4 1 1 N
-12 -9 B 2 2 0 N
-11 -9 G 1 5 0 P
-10 -9 G 2 4 0 P
-9 -9 C 5 1 1 N
-8 -9 C 1 1 1 N
-7 -9 G 2 3 0 P
-6 -9 G 5 3 0 P
-5 -9 C 4 1 1 N
-4 -9 B 5 1 0 N
-3 -9 G 1 5 0 T
-2 -9 G 2 4 0 T
-1 -9 G 5 5 0 T
0 -9 B 1 2 0 N
1 -9 B 2 6 0 N
2 -9 G 1 5 0 P
3 -9 G 2 4 0 P
4 -9 C 5 1 1 N
5 -9 C 1 1 1 N
6 -9 G 2 3 0 P
7 -9 G 5 3 0 P
8 -9 C 4 1 1 N
9 -9 B 2 2 0 N
10 -9 G 1 5 0 T
11 -9 G 2 4 0 T
12 -9 G 5 5 0 T
13 -9 B 1 2 0 N
14 -9 B 2 6 0 N
15 -9 G 1 5 0 P
16 -9 G 2 4 0 P
17 -9 C 5 1 1 N
18 -9 C 1 1 1 N
19 -9 G 2 3 0 P
20 -9 G 5 3 0 P
21 -9 C 4 1 1 N
22 -9 B 2 2 0 N
23 -9 G 1 5 0 P
24 -9 G 2 4 0 P
25 -9 C 5 1 1 N
26 -9 C 1 1 1 N
27 -9 G 2 3 0 P
28 -9 G 5 3 0 P
29 -9 C 4 1 1 N
30 -9 B 5 1 0 N
31 -9 G 1 5 0 T
32 -9 G 2 4 0 T
33 -9 G 5 5 0 T
34 -9 B 1 2 0 N
35 -9 B 2 6 0 N
36 -9 G 1 5 0 P
37 -9 G 2 4 0 P
38 -9 C 5 1 1 N
39 -9 C 1 1 1 N
40 -9 G 2 3 0 P
41 -9 G 5 3 0 P
42 -9 C 4 1 1 N
43 -9 B 2 2 0 N
44 -9 G 1 5 0 T
45 -9 G 2 4 0 T
46 -9 G 5 5 0 T
47 -9 B 1 2 0 N
48 -9 B 2 6 0 N
49 -9 G 1 5 0 P
50 -9 G 2 4 0 P
51 -9 C 5 1 1 N
52 -9 C 1 1 1 N
53 -9 G 2 3 0 P
54 -9 G 5 3 0 P
55 -9 C 4 1 1 N
56 -9 B 2 2 0 N
57 -9 G 1 5 0 U
58 -9 G 2 4 0 U
67 -9 G 5 5 0 U
68 -9 B 1 2 0 N
69 -9 B 2 6 0 N
70 -9 G 1 5 0 U
71 -9 G 2 4 0 U
73 -9 C 1 1 1 N
74 -9 G 2 3 0 U
77 -9 B 2 2 0 N
78 -9 G 1 5 0 U
79 -9 G 2 4 0 U
-76 -8 1 1 1 0 N
-75 -8 B 3 5 0 N
-74 -8 0 3 0 0 N
-73 -8 1 3 0 0 N
-72 -8 C 3 1 1 N
-71 -8 1 1 0 0 N
-70 -8 G 3 2 0 U
-69 -8 G 1 9 0 U
-68 -8 1 2 1 0 N
-67 -8 B 3 6 0 N
-66 -8 0 3 0 0 N
-65 -8 1 3 0 0 N
-64 -8 C 3 1 1 N
-63 -8 1 1 0 0 N
-62 -8 G 3 2 0 P
-61 -8 G 1 3 0 P
-60 -8 0 5 0 0 N
-59 -8 B 3 8 0 N
-58 -8 0 3 0 0 N
-57 -8 1 3 0 0 N
-56 -8 C 3 1 1 N
-55 -8 1 1 1 0 N
-54 -8 B 3 5 0 N
-53 -8 0 3 0 0 N
-52 -8 1 3 0 0 N
-51 -8 C 3 1 1 N
-50 -8 1 1 0 0 N
-49 -8 G 3 2 0 P
-48 -8 G 1 9 0 P
-47 -8 1 2 1 0 N
-46 -8 B 3 6 0 N
-45 -8 0 3 0 0 N
-44 -8 1 3 0 0 N
-43 -8 C 3 1 1 N
-42 -8 1 1 1 0 N
-41 -8 B 3 5 0 N
-40 -8 0 3 0 0 N
-39 -8 1 3 0 0 N
-38 -8 C 3 1 1 N
-37 -8 1 1 0 0 N
-36 -8 G 3 2 0 P
-35 -8 G 1 9 0 P
-34 -8 1 2 1 0 N
-33 -8 B 3 6 0 N
-32 -8 0 3 0 0 N
-31 -8 1 3 0 0 N
-30 -8 C 3 1 1 N
-29 -8 1 1 0 0 N
-28 -8 G 3 2 0 P
-27 -8 G 1 3 0 P
-26 -8 0 5 0 0 N
-25 -8 B 3 8 0 N
-24 -8 0 3 0 0 N
-23 -8 1 3 0 0 N
-22 -8 C 3 1 1 N
-21 -8 1 1 1 0 N
-20 -8 B 3 5 0 N
-19 -8 0 3 0 0 N
-18 -8 1 3 0 0 N
-17 -8 C 3 1 1 N
-16 -8 1 1 0 0 N
-15 -8 G 3 2 0 P
-14 -8 G 1 9 0 P
-13 -8 1 2 1 0 N
-12 -8 B 3 6 0 N
-11 -8 0 3 0 0 N
-10 -8 1 3 0 0 N
-9 -8 C 3 1 1 N
-8 -8 1 1 0 0 N
-7 -8 G 3 2 0 P
-6 -8 G 1 3 0 P
-5 -8 0 5 0 0 N
-4 -8 B 3 8 0 N
-3 -8 0 3 0 0 N
-2 -8 1 3 0 0 N
-1 -8 C 3 1 1 N
0 -8 1 1 1 0 N
1 -8 B 3 5 0 N
2 -8 0 3 0 0 N
3 -8 1 3 0 0 N
4 -8 C 3 1 1 N
5 -8 1 1 0 0 N
6 -8 G 3 2 0 P
7 -8 G 1 9 0 P
8 -8 1 2 1 0 N
9 -8 B 3 6 0 N
10 -8 0 3 0 0 N
11 -8 1 3 0 0 N
12 -8 C 3 1 1 N
13 -8 1 1 1 0 N
14 -8 B 3 5 0 N
15 -8 0 3 0 0 N
16 -8 1 3 0 0 N
17 -8 C 3 1 1 N
18 -8 1 1 0 0 N
19 -8 G 3 2 0 P
20 -8 G 1 9 0 P
21 -8 1 2 1 0 N
22 -8 B 3 6 0 N
23 -8 0 3 0 0 N
24 -8 1 3 0 0 N
25 -8 C 3 1 1 N
26 -8 1 1 0 0 N
27 -8 G 3 2 0 P
28 -8 G 1 3 0 P
29 -8 0 5 0 0 N
30 -8 B 3 8 0 N
31 -8 0 3 0 0 N
32 -8 1 3 0 0 N
33 -8 C 3 1 1 N
34 -8 1 1 1 0 N
35 -8 B 3 5 0 N
36 -8 0 3 0 0 N
37 -8 1 3 0 0 N
38 -8 C 3 1 1 N
39 -8 1 1 0 0 N
40 -8 G 3 2 0 P
41 -8 G 1 9 0 P
42 -8 1 2 1 0 N
43 -8 B 3 6 0 N
44 -8 0 3 0 0 N
45 -8 1 3 0 0 N
46 -8 C 3 1 1 N
47 -8 1 1 1 0 N
48 -8 B 3 5 0 N
49 -8 0 3 0 0 N
50 -8 1 3 0 0 N
51 -8 C 3 1 1 N
52 -8 1 1 0 0 N
53 -8 G 3 2 0 P
54 -8 G 1 9 0 P
55 -8 1 2 1 0 N
56 -8 B 3 6 0 N
57 -8 0 3 0 0 N
58 -8 1 3 0 0 N
59 -8 C 3 1 1 N
68 -8 1 1 1 0 N
69 -8 B 3 5 0 N
70 -8 0 3 0 0 N
71 -8 1 3 0 0 N
72 -8 C 3 1 1 N
73 -8 1 1 0 0 N
74 -8 G 3 2 0 U
75 -8 G 1 9 0 U
76 -8 1 2 1 0 N
77 -8 B 3 6 0 N
78 -8 0 3 0 0 N
79 -8 1 3 0 0 N
80 -8 C 3 1 1 N
-77 -7 G 0 9 0 U
-76 -7 0 1 1 0 N
-75 -7 G 2 4 0 P
-74 -7 G 5 2 0 P
-73 -7 G 4 3 0 P
-72 -7 G 0 4 0 P
-71 -7 0 1 0 0 N
-70 -7 G 0 10 0 U
-69 -7 0 2 1 0 N
-68 -7 B 4 5 0 N
-67 -7 G 2 5 0 P
-66 -7 G 5 2 0 P
-65 -7 G 4 3 0 P
-64 -7 G 0 4 0 P
-63 -7 0 1 0 0 N
-62 -7 G 0 4 0 P
-61 -7 1 5 0 0 N
-60 -7 B 4 7 0 N
-59 -7 G 2 5 0 P
-58 -7 G 5 2 0 P
-57 -7 G 4 3 0 P
-56 -7 G 0 9 0 P
-55 -7 0 1 1 0 N
-54 -7 G 2 4 0 P
-53 -7 G 5 2 0 P
-52 -7 G 4 3 0 P
-51 -7 G 0 4 0 P
-50 -7 0 1 0 0 N
-49 -7 G 0 10 0 P
-48 -7 0 2 1 0 N
-47 -7 B 4 5 0 N
-46 -7 G 2 5 0 P
-45 -7 G 5 2 0 P
-44 -7 G 4 3 0 P
-43 -7 G 0 9 0 P
-42 -7 0 1 1 0 N
-41 -7 G 2 4 0 P
-40 -7 G 5 2 0 P
-39 -7 G 4 3 0 P
-38 -7 G 0 4 0 P
-37 -7 0 1 0 0 N
-36 -7 G 0 10 0 P
-35 -7 0 2 1 0 N
-34 -7 B 4 5 0 N
-33 -7 G 2 5 0 P
-32 -7 G 5 2 0 P
-31 -7 G 4 3 0 P
-30 -7 G 0 4 0 P
-29 -7 0 1 0 0 N
-28 -7 G 0 4 0 P
-27 -7 1 5 0 0 N
-26 -7 B 4 7 0 N
-25 -7 G 2 5 0 P
-24 -7 G 5 2 0 P
-23 -7 G 4 3 0 P
-22 -7 G 0 9 0 P
-21 -7 0 1 1 0 N
-20 -7 G 2 4 0 P
-19 -7 G 5 2 0 P
-18 -7 G 4 3 0 P
-17 -7 G 0 4 0 P
-16 -7 0 1 0 0 N
-15 -7 G 0 10 0 P
-14 -7 0 2 1 0 N
-13 -7 B 4 5 0 N
-12 -7 G 2 5 0 P
-11 -7 G 5 2 0 P
-10 -7 G 4 3 0 P
-9 -7 G 0 4 0 P
-8 -7 0 1 0 0 N
-7 -7 G 0 4 0 P
-6 -7 1 5 0 0 N
-5 -7 B 4 7 0 N
-4 -7 G 2 5 0 P
-3 -7 G 5 2 0 P
-2 -7 G 4 3 0 P
-1 -7 G 0 9 0 P
0 -7 0 1 1 0 N
1 -7 G 2 4 0 P
2 -7 G 5 2 0 P
3 -7 G 4 3 0 P
4 -7 G 0 4 0 P
5 -7 0 1 0 0 N
6 -7 G 0 10 0 P
7 -7 0 2 1 0 N
8 -7 B 4 5 0 N
9 -7 G 2 5 0 P
10 -7 G 5 2 0 P
11 -7 G 4 3 0 P
12 -7 G 0 9 0 P
13 -7 0 1 1 0 N
14 -7 G 2 4 0 P
15 -7 G 5 2 0 P
16 -7 G 4 3 0 P
17 -7 G 0 4 0 P
18 -7 0 1 0 0 N
19 -7 G 0 10 0 P
20 -7 0 2 1 0 N
21 -7 B 4 5 0 N
22 -7 G 2 5 0 P
23 -7 G 5 2 0 P
24 -7 G 4 3 0 P
25 -7 G 0 4 0 P
26 -7 0 1 0 0 N
27 -7 G 0 4 0 P
28 -7 1 5 0 0 N
29 -7 B 4 7 0 N
30 -7 G 2 5 0 P
31 -7 G 5 2 0 P
32 -7 G 4 3 0 P
33 -7 G 0 9 0 P
34 -7 0 1 1 0 N
35 -7 G 2 4 0 P
36 -7 G 5 2 0 P
37 -7 G 4 3 0 P
38 -7 G 0 4 0 P
39 -7 0 1 0 0 N
40 -7 G 0 10 0 P
41 -7 0 2 1 0 N
42 -7 B 4 5 0 N
43 -7 G 2 5 0 P
44 -7 G 5 2 0 P
45 -7 G 4 3 0 P
46 -7 G 0 9 0 P
47 -7 0 1 1 0 N
48 -7 G 2 4 0 P
49 -7 G 5 2 0 P
50 -7 G 4 3 0 P
51 -7 G 0 4 0 P
52 -7 0 1 0 0 N
53 -7 G 0 10 0 P
54 -7 0 2 1 0 N
55 -7 B 4 5 0 N
56 -7 G 2 5 0 U
57 -7 G 5 2 0 U
58 -7 G 4 3 0 U
67 -7 G 0 9 0 U
68 -7 0 1 1 0 N
69 -7 G 2 4 0 P
70 -7 G 5 2 0 P
71 -7 G 4 3 0 P
72 -7 G 0 4 0 P
73 -7 0 1 0 0 N
74 -7 G 0 10 0 U
75 -7 0 2 1 0 N
76 -7 B 4 5 0 N
77 -7 G 2 5 0 U
78 -7 G 5 2 0 U
79 -7 G 4 3 0 U
-79 -6 G 1 3 0 U
-78 -6 G 2 2 0 U
-77 -6 G 5 10 0 U
-76 -6 1 1 0 0 N
-75 -6 G 3 3 0 P
-74 -6 G 1 3 0 P
-73 -6 G 2 2 0 P
-72 -6 G 5 5 0 P
-71 -6 B 1 7 0 N
-70 -6 1 2 0 0 N
-69 -6 G 3 4 0 P
-68 -6 0 4 0 0 N
-67 -6 G 3 4 0 P
-66 -6 G 1 3 0 P
-65 -6 G 2 2 0 P
-64 -6 G 5 5 0 P
-63 -6 B 1 5 0 N
-62 -6 0 5 1 0 N
-61 -6 G 3 10 0 P
-60 -6 0 4 0 0 N
-59 -6 G 3 4 0 P
-58 -6 G 1 3 0 P
-57 -6 G 2 2 0 P
-56 -6 G 5 10 0 P
-55 -6 1 1 0 0 N
-54 -6 G 3 3 0 P
-53 -6 G 1 3 0 P
-52 -6 G 2 2 0 P
-51 -6 G 5 5 0 P
-50 -6 B 1 7 0 N
-49 -6 1 2 0 0 N
-48 -6 G 3 4 0 P
-47 -6 0 4 0 0 N
-46 -6 G 3 4 0 P
-45 -6 G 1 3 0 P
-44 -6 G 2 2 0 P
-43 -6 G 5 10 0 P
-42 -6 1 1 0 0 N
-41 -6 G 3 3 0 P
-40 -6 G 1 3 0 P
-39 -6 G 2 2 0 P
-38 -6 G 5 5 0 P
-37 -6 B 1 7 0 N
-36 -6 1 2 0 0 N
-35 -6 G 3 4 0 P
-34 -6 0 4 0 0 N
-33 -6 G 3 4 0 P
-32 -6 G 1 3 0 P
-31 -6 G 2 2 0 P
-30 -6 G 5 5 0 P
-29 -6 B 1 5 0 N
-28 -6 0 5 1 0 N
-27 -6 G 3 10 0 P
-26 -6 0 4 0 0 N
-25 -6 G 3 4 0 P
-24 -6 G 1 3 0 P
-23 -6 G 2 2 0 P
-22 -6 G 5 10 0 P
-21 -6 1 1 0 0 N
-20 -6 G 3 3 0 P
-19 -6 G 1 3 0 P
-18 -6 G 2 2 0 P
-17 -6 G 5 5 0 P
-16 -6 B 1 7 0 N
-15 -6 1 2 0 0 N
-14 -6 G 3 4 0 P
-13 -6 0 4 0 0 N
-12 -6 G 3 4 0 P
-11 -6 G 1 3 0 P
-10 -6 G 2 2 0 P
-9 -6 G 5 5 0 P
-8 -6 B 1 5 0 N
-7 -6 0 5 1 0 N
-6 -6 G 3 10 0 P
-5 -6 0 4 0 0 N
-4 -6 G 3 4 0 P
-3 -6 G 1 3 0 P
-2 -6 G 2 2 0 P
-1 -6 G 5 10 0 P
0 -6 1 1 0 0 N
1 -6 G 3 3 0 P
2 -6 G 1 3 0 P
3 -6 G 2 2 0 P
4 -6 G 5 5 0 P
5 -6 B 1 7 0 N
6 -6 1 2 0 0 N
7 -6 G 3 4 0 P
8 -6 0 4 0 0 N
9 -6 G 3 4 0 P
10 -6 G 1 3 0 P
11 -6 G 2 2 0 P
12 -6 G 5 10 0 P
13 -6 1 1 0 0 N
14 -6 G 3 3 0 P
15 -6 G 1 3 0 P
16 -6 G 2 2 0 P
17 -6 G 5 5 0 P
18 -6 B 1 7 0 N
19 -6 1 2 0 0 N
20 -6 G 3 4 0 P
21 -6 0 4 0 0 N
22 -6 G 3 4 0 P
23 -6 G 1 3 0 P
24 -6 G 2 2 0 P
25 -6 G 5 5 0 P
26 -6 B 1 5 0 N
27 -6 0 5 1 0 N
28 -6 G 3 10 0 P
29 -6 0 4 0 0 N
30 -6 G 3 4 0 P
31 -6 G 1 3 0 P
32 -6 G 2 2 0 P
33 -6 G 5 10 0 P
34 -6 1 1 0 0 N
35 -6 G 3 3 0 P
36 -6 G 1 3 0 P
37 -6 G 2 2 0 P
38 -6 G 5 5 0 P
39 -6 B 1 7 0 N
40 -6 1 2 0 0 N
41 -6 G 3 4 0 P
42 -6 0 4 0 0 N
43 -6 G 3 4 0 P
44 -6 G 1 3 0 P
45 -6 G 2 2 0 P
46 -6 G 5 10 0 P
47 -6 1 1 0 0 N
48 -6 G 3 3 0 P
49 -6 G 1 3 0 P
50 -6 G 2 2 0 P
51 -6 G 5 5 0 P
52 -6 B 1 7 0 N
53 -6 1 2 0 0 N
54 -6 G 3 4 0 P
55 -6 0 4 0 0 N
56 -6 G 3 4 0 U
65 -6 G 1 3 0 U
66 -6 G 2 2 0 U
67 -6 G 5 10 0 U
68 -6 1 1 0 0 N
69 -6 G 3 3 0 P
70 -6 G 1 3 0 P
71 -6 G 2 2 0 P
72 -6 G 5 5 0 P
73 -6 B 1 7 0 N
74 -6 1 2 0 0 N
75 -6 G 3 4 0 P
76 -6 0 4 0 0 N
77 -6 G 3 4 0 U
-80 -5 C 0 1 1 N
-79 -5 1 0 0 0 N
-78 -5 0 0 0 0 N
-77 -5 B 0 7 0 N
-76 -5 0 1 0 0 N
-75 -5 C 0 1 1 N
-74 -5 1 0 0 0 N
-73 -5 0 0 0 0 N
-72 -5 B 0 8 0 N
-71 -5 0 2 0 0 N
-70 -5 G 4 3 0 P
-69 -5 G 0 2 0 P
-68 -5 1 4 0 0 N
-67 -5 C 0 1 1 N
-66 -5 1 0 0 0 N
-65 -5 0 0 0 0 N
-64 -5 B 0 6 0 N
-63 -5 1 5 1 0 N
-62 -5 G 4 9 0 P
-61 -5 G 0 2 0 P
-60 -5 1 4 0 0 N
-59 -5 C 0 1 1 N
-58 -5 1 0 0 0 N
-57 -5 0 0 0 0 N
-56 -5 B 0 7 0 N
-55 -5 0 1 0 0 N
-54 -5 C 0 1 1 N
-53 -5 1 0 0 0 N
-52 -5 0 0 0 0 N
-51 -5 B 0 8 0 N
-50 -5 0 2 0 0 N
-49 -5 G 4 3 0 P
-48 -5 G 0 2 0 P
-47 -5 1 4 0 0 N
-46 -5 C 0 1 1 N
-45 -5 1 0 0 0 N
-44 -5 0 0 0 0 N
-43 -5 B 0 7 0 N
-42 -5 0 1 0 0 N
-41 -5 C 0 1 1 N
-40 -5 1 0 0 0 N
-39 -5 0 0 0 0 N
-38 -5 B 0 8 0 N
-37 -5 0 2 0 0 N
-36 -5 G 4 3 0 P
-35 -5 G 0 2 0 P
-34 -5 1 4 0 0 N
-33 -5 C 0 1 1 N
-32 -5 1 0 0 0 N
-31 -5 0 0 0 0 N
-30 -5 B 0 6 0 N
-29 -5 1 5 1 0 N
-28 -5 G 4 9 0 P
-27 -5 G 0 2 0 P
-26 -5 1 4 0 0 N
-25 -5 C 0 1 1 N
-24 -5 1 0 0 0 N
-23 -5 0 0 0 0 N
-22 -5 B 0 7 0 N
-21 -5 0 1 0 0 N
-20 -5 C 0 1 1 N
-19 -5 1 0 0 0 N
-18 -5 0 0 0 0 N
-17 -5 B 0 8 0 N
-16 -5 0 2 0 0 N
-15 -5 G 4 3 0 P
-14 -5 G 0 2 0 P
-13 -5 1 4 0 0 N
-12 -5 C 0 1 1 N
-11 -5 1 0 0 0 N
-10 -5 0 0 0 0 N
-9 -5 B 0 6 0 N
-8 -5 1 5 1 0 N
-7 -5 G 4 9 0 P
-6 -5 G 0 2 0 P
-5 -5 1 4 0 0 N
-4 -5 C 0 1 1 N
-3 -5 1 0 0 0 N
-2 -5 0 0 0 0 N
-1 -5 B 0 7 0 N
0 -5 0 1 0 0 N
1 -5 C 0 1 1 N
2 -5 1 0 0 0 N
3 -5 0 0 0 0 N
4 -5 B 0 8 0 N
5 -5 0 2 0 0 N
6 -5 G 4 3 0 P
7 -5 G 0 2 0 P
8 -5 1 4 0 0 N
9 -5 C 0 1 1 N
10 -5 1 0 0 0 N
11 -5 0 0 0 0 N
12 -5 B 0 7 0 N
13 -5 0 1 0 0 N
14 -5 C 0 1 1 N
15 -5 1 0 0 0 N
16 -5 0 0 0 0 N
17 -5 B 0 8 0 N
18 -5 0 2 0 0 N
19 -5 G 4 3 0 P
20 -5 G 0 2 0 P
21 -5 1 4 0 0 N
22 -5 C 0 1 1 N
23 -5 1 0 0 0 N
24 -5 0 0 0 0 N
25 -5 B 0 6 0 N
26 -5 1 5 1 0 N
27 -5 G 4 9 0 P
28 -5 G 0 2 0 P
29 -5 1 4 0 0 N
30 -5 C 0 1 1 N
31 -5 1 0 0 0 N
32 -5 0 0 0 0 N
33 -5 B 0 7 0 N
34 -5 0 1 0 0 N
35 -5 C 0 1 1 N
36 -5 1 0 0 0 N
37 -5 0 0 0 0 N
38 -5 B 0 8 0 N
39 -5 0 2 0 0 N
40 -5 G 4 3 0 P
41 -5 G 0 2 0 P
42 -5 1 4 0 0 N
43 -5 C 0 1 1 N
44 -5 1 0 0 0 N
45 -5 0 0 0 0 N
46 -5 B 0 7 0 N
47 -5 0 1 0 0 N
48 -5 C 0 1 1 N
49 -5 1 0 0 0 N
50 -5 0 0 0 0 N
51 -5 B 0 8 0 N
52 -5 0 2 0 0 N
53 -5 G 4 3 0 P
54 -5 G 0 2 0 P
55 -5 1 4 0 0 N
64 -5 C 0 1 1 N
65 -5 1 0 0 0 N
66 -5 0 0 0 0 N
67 -5 B 0 7 0 N
68 -5 0 1 0 0 N
69 -5 C 0 1 1 N
70 -5 1 0 0 0 N
71 -5 0 0 0 0 N
72 -5 B 0 8 0 N
73 -5 0 2 0 0 N
74 -5 G 4 3 0 P
75 -5 G 0 2 0 P
76 -5 1 4 0 0 N
-84 -4 C 1 1 1 N
-83 -4 G 2 3 0 U
-80 -4 C 2 1 1 N
-79 -4 G 5 4 0 P
-78 -4 G 4 5 0 P
-77 -4 B 5 8 0 N
-76 -4 B 1 1 0 N
-75 -4 G 2 3 0 T
-74 -4 G 5 4 0 T
-73 -4 G 4 5 0 T
-72 -4 B 2 1 0 N
-71 -4 C 1 1 1 N
-70 -4 G 2 3 0 P
-69 -4 G 5 3 0 P
-68 -4 C 4 1 1 N
-67 -4 C 2 1 1 N
-66 -4 G 5 4 0 P
-65 -4 G 4 5 0 P
-64 -4 B 5 2 0 N
-63 -4 C 1 1 1 N
-62 -4 G 2 3 0 P
-61 -4 G 5 3 0 P
-60 -4 C 4 1 1 N
-59 -4 C 2 1 1 N
-58 -4 G 5 4 0 P
-57 -4 G 4 5 0 P
-56 -4 B 5 8 0 N
-55 -4 B 1 1 0 N
-54 -4 G 2 3 0 T
-53 -4 G 5 4 0 T
-52 -4 G 4 5 0 T
-51 -4 B 2 1 0 N
-50 -4 C 1 1 1 N
-49 -4 G 2 3 0 P
-48 -4 G 5 3 0 P
-47 -4 C 4 1 1 N
-46 -4 C 2 1 1 N
-45 -4 G 5 4 0 P
-44 -4 G 4 5 0 P
-43 -4 B 5 8 0 N
-42 -4 B 1 1 0 N
-41 -4 G 2 3 0 T
-40 -4 G 5 4 0 T
-39 -4 G 4 5 0 T
-38 -4 B 2 1 0 N
-37 -4 C 1 1 1 N
-36 -4 G 2 3 0 P
-35 -4 G 5 3 0 P
-34 -4 C 4 1 1 N
-33 -4 C 2 1 1 N
-32 -4 G 5 4 0 P
-31 -4 G 4 5 0 P
-30 -4 B 5 2 0 N
-29 -4 C 1 1 1 N
-28 -4 G 2 3 0 P
-27 -4 G 5 3 0 P
-26 -4 C 4 1 1 N
-25 -4 C 2 1 1 N
-24 -4 G 5 4 0 P
-23 -4 G 4 5 0 P
-22 -4 B 5 8 0 N
-21 -4 B 1 1 0 N
-20 -4 G 2 3 0 T
-19 -4 G 5 4 0 T
-18 -4 G 4 5 0 T
-17 -4 B 2 1 0 N
-16 -4 C 1 1 1 N
-15 -4 G 2 3 0 P
-14 -4 G 5 3 0 P
-13 -4 C 4 1 1 N
-12 -4 C 2 1 1 N
-11 -4 G 5 4 0 P
-10 -4 G 4 5 0 P
-9 -4 B 5 2 0 N
-8 -4 C 1 1 1 N
-7 -4 G 2 3 0 P
-6 -4 G 5 3 0 P
-5 -4 C 4 1 1 N
-4 -4 C 2 1 1 N
-3 -4 G 5 4 0 P
-2 -4 G 4 5 0 P
-1 -4 B 5 8 0 N
0 -4 B 1 1 0 N
1 -4 G 2 3 0 T
2 -4 G 5 4 0 T
3 -4 G 4 5 0 T
4 -4 B 2 1 0 N
5 -4 C 1 1 1 N
6 -4 G 2 3 0 P
7 -4 G 5 3 0 P
8 -4 C 4 1 1 N
9 -4 C 2 1 1 N
10 -4 G 5 4 0 P
11 -4 G 4 5 0 P
12 -4 B 5 8 0 N
13 -4 B 1 1 0 N
14 -4 G 2 3 0 T
15 -4 G 5 4 0 T
16 -4 G 4 5 0 T
17 -4 B 2 1 0 N
18 -4 C 1 1 1 N
19 -4 G 2 3 0 P
20 -4 G 5 3 0 P
21 -4 C 4 1 1 N
22 -4 C 2 1 1 N
23 -4 G 5 4 0 P
24 -4 G 4 5 0 P
25 -4 B 5 2 0 N
26 -4 C 1 1 1 N
27 -4 G 2 3 0 P
28 -4 G 5 3 0 P
29 -4 C 4 1 1 N
30 -4 C 2 1 1 N
31 -4 G 5 4 0 P
32 -4 G 4 5 0 P
33 -4 B 5 8 0 N
34 -4 B 1 1 0 N
35 -4 G 2 3 0 T
36 -4 G 5 4 0 T
37 -4 G 4 5 0 T
38 -4 B 2 1 0 N
39 -4 C 1 1 1 N
40 -4 G 2 3 0 P
41 -4 G 5 3 0 P
42 -4 C 4 1 1 N
43 -4 C 2 1 1 N
44 -4 G 5 4 0 P
45 -4 G 4 5 0 P
46 -4 B 5 8 0 N
47 -4 B 1 1 0 N
48 -4 G 2 3 0 T
49 -4 G 5 4 0 T
50 -4 G 4 5 0 T
51 -4 B 2 1 0 N
52 -4 C 1 1 1 N
53 -4 G 2 3 0 P
54 -4 G 5 3 0 P
55 -4 C 4 1 1 N
56 -4 C 2 1 1 N
60 -4 C 1 1 1 N
61 -4 G 2 3 0 U
64 -4 C 2 1 1 N
65 -4 G 5 4 0 P
66 -4 G 4 5 0 P
67 -4 B 5 8 0 N
68 -4 B 1 1 0 N
69 -4 G 2 3 0 T
70 -4 G 5 4 0 T
71 -4 G 4 5 0 T
72 -4 B 2 1 0 N
73 -4 C 1 1 1 N
74 -4 G 2 3 0 P
75 -4 G 5 3 0 P
76 -4 C 4 1 1 N
77 -4 C 2 1 1 N
81 -4 C 1 1 1 N
82 -4 G 2 3 0 U
85 -4 C 2 1 1 N
-84 -3 1 1 0 0 N
-83 -3 G 3 2 0 U
-82 -3 G 1 4 0 U
-81 -3 1 2 0 0 N
-80 -3 G 3 3 0 P
-79 -3 G 1 2 0 P
-78 -3 0 5 0 0 N
-77 -3 G 3 5 0 T
-76 -3 1 1 0 0 N
-75 -3 G 3 2 0 T
-74 -3 G 1 4 0 T
-73 -3 1 2 0 0 N
-72 -3 G 3 3 0 T
-71 -3 1 1 0 0 N
-70 -3 G 3 2 0 P
-69 -3 G 1 4 0 P
-68 -3 1 2 0 0 N
-67 -3 G 3 3 0 P
-66 -3 G 1 2 0 P
-65 -3 0 5 0 0 N
-64 -3 G 3 5 0 T
-63 -3 1 1 0 0 N
-62 -3 G 3 2 0 P
-61 -3 G 1 4 0 P
-60 -3 1 2 0 0 N
-59 -3 G 3 3 0 P
-58 -3 G 1 2 0 P
-57 -3 0 5 0 0 N
-56 -3 G 3 5 0 T
-55 -3 1 1 0 0 N
-54 -3 G 3 2 0 T
-53 -3 G 1 4 0 T
-52 -3 1 2 0 0 N
-51 -3 G 3 3 0 T
-50 -3 1 1 0 0 N
-49 -3 G 3 2 0 P
-48 -3 G 1 4 0 P
-47 -3 1 2 0 0 N
-46 -3 G 3 3 0 P
-45 -3 G 1 2 0 P
-44 -3 0 5 0 0 N
-43 -3 G 3 5 0 T
-42 -3 1 1 0 0 N
-41 -3 G 3 2 0 T
-40 -3 G 1 4 0 T
-39 -3 1 2 0 0 N
-38 -3 G 3 3 0 T
-37 -3 1 1 0 0 N
-36 -3 G 3 2 0 P
-35 -3 G 1 4 0 P
-34 -3 1 2 0 0 N
-33 -3 G 3 3 0 P
-32 -3 G 1 2 0 P
-31 -3 0 5 0 0 N
-30 -3 G 3 5 0 T
-29 -3 1 1 0 0 N
-28 -3 G 3 2 0 P
-27 -3 G 1 4 0 P
-26 -3 1 2 0 0 N
-25 -3 G 3 3 0 P
-24 -3 G 1 2 0 P
-23 -3 0 5 0 0 N
-22 -3 G 3 5 0 T
-21 -3 1 1 0 0 N
-20 -3 G 3 2 0 T
-19 -3 G 1 4 0 T
-18 -3 1 2 0 0 N
-17 -3 G 3 3 0 T
-16 -3 1 1 0 0 N
-15 -3 G 3 2 0 P
-14 -3 G 1 4 0 P
-13 -3 1 2 0 0 N
-12 -3 G 3 3 0 P
-11 -3 G 1 2 0 P
-10 -3 0 5 0 0 N
-9 -3 G 3 5 0 T
-8 -3 1 1 0 0 N
-7 -3 G 3 2 0 P
-6 -3 G 1 4 0 P
-5 -3 1 2 0 0 N
-4 -3 G 3 3 0 P
-3 -3 G 1 2 0 P
-2 -3 0 5 0 0 N
-1 -3 G 3 5 0 T
0 -3 1 1 0 0 N
1 -3 G 3 2 0 T
2 -3 G 1 4 0 T
3 -3 1 2 0 0 N
4 -3 G 3 3 0 T
5 -3 1 1 0 0 N
6 -3 G 3 2 0 P
7 -3 G 1 4 0 P
8 -3 1 2 0 0 N
9 -3 G 3 3 0 P
10 -3 G 1 2 0 P
11 -3 0 5 0 0 N
12 -3 G 3 5 0 T
13 -3 1 1 0 0 N
14 -3 G 3 2 0 T
15 -3 G 1 4 0 T
16 -3 1 2 0 0 N
17 -3 G 3 3 0 T
18 -3 1 1 0 0 N
19 -3 G 3 2 0 P
20 -3 G 1 4 0 P
21 -3 1 2 0 0 N
22 -3 G 3 3 0 P
23 -3 G 1 2 0 P
24 -3 0 5 0 0 N
25 -3 G 3 5 0 T
26 -3 1 1 0 0 N
27 -3 G 3 2 0 P
28 -3 G 1 4 0 P
29 -3 1 2 0 0 N
30 -3 G 3 3 0 P
31 -3 G 1 2 0 P
32 -3 0 5 0 0 N
33 -3 G 3 5 0 T
34 -3 1 1 0 0 N
35 -3 G 3 2 0 T
36 -3 G 1 4 0 T
37 -3 1 2 0 0 N
38 -3 G 3 3 0 T
39 -3 1 1 0 0 N
40 -3 G 3 2 0 P
41 -3 G 1 4 0 P
42 -3 1 2 0 0 N
43 -3 G 3 3 0 P
44 -3 G 1 2 0 P
45 -3 0 5 0 0 N
46 -3 G 3 5 0 T
47 -3 1 1 0 0 N
48 -3 G 3 2 0 T
49 -3 G 1 4 0 T
50 -3 1 2 0 0 N
51 -3 G 3 3 0 T
52 -3 1 1 0 0 N
53 -3 G 3 2 0 P
54 -3 G 1 4 0 P
55 -3 1 2 0 0 N
56 -3 G 3 3 0 U
60 -3 1 1 0 0 N
61 -3 G 3 2 0 U
62 -3 G 1 4 0 U
63 -3 1 2 0 0 N
64 -3 G 3 3 0 P
65 -3 G 1 2 0 P
66 -3 0 5 0 0 N
67 -3 G 3 5 0 T
68 -3 1 1 0 0 N
69 -3 G 3 2 0 T
70 -3 G 1 4 0 T
71 -3 1 2 0 0 N
72 -3 G 3 3 0 T
73 -3 1 1 0 0 N
74 -3 G 3 2 0 P
75 -3 G 1 4 0 P
76 -3 1 2 0 0 N
77 -3 G 3 3 0 U
81 -3 1 1 0 0 N
82 -3 G 3 2 0 U
83 -3 G 1 4 0 U
84 -3 1 2 0 0 N
85 -3 G 3 3 0 U
-85 -2 G 0 4 0 U
-84 -2 0 1 0 0 N
-83 -2 G 0 5 0 U
-82 -2 0 2 0 0 N
-81 -2 G 4 2 0 P
-80 -2 G 0 3 0 P
-79 -2 1 5 0 0 N
-78 -2 G 4 4 0 T
-77 -2 G 0 4 0 T
-76 -2 0 1 0 0 N
-75 -2 G 0 5 0 T
-74 -2 0 2 0 0 N
-73 -2 G 4 2 0 T
-72 -2 G 0 4 0 T
-71 -2 0 1 0 0 N
-70 -2 G 0 5 0 P
-69 -2 0 2 0 0 N
-68 -2 G 4 2 0 P
-67 -2 G 0 3 0 P
-66 -2 1 5 0 0 N
-65 -2 G 4 4 0 T
-64 -2 G 0 4 0 T
-63 -2 0 1 0 0 N
-62 -2 G 0 5 0 P
-61 -2 0 2 0 0 N
-60 -2 G 4 2 0 P
-59 -2 G 0 3 0 P
-58 -2 1 5 0 0 N
-57 -2 G 4 4 0 T
-56 -2 G 0 4 0 T
-55 -2 0 1 0 0 N
-54 -2 G 0 5 0 T
-53 -2 0 2 0 0 N
-52 -2 G 4 2 0 T
-51 -2 G 0 4 0 T
-50 -2 0 1 0 0 N
-49 -2 G 0 5 0 P
-48 -2 0 2 0 0 N
-47 -2 G 4 2 0 P
-46 -2 G 0 3 0 P
-45 -2 1 5 0 0 N
-44 -2 G 4 4 0 T
-43 -2 G 0 4 0 T
-42 -2 0 1 0 0 N
-41 -2 G 0 5 0 T
-40 -2 0 2 0 0 N
-39 -2 G 4 2 0 T
-38 -2 G 0 4 0 T
-37 -2 0 1 0 0 N
-36 -2 G 0 5 0 P
-35 -2 0 2 0 0 N
-34 -2 G 4 2 0 P
-33 -2 G 0 3 0 P
-32 -2 1 5 0 0 N
-31 -2 G 4 4 0 T
-30 -2 G 0 4 0 T
-29 -2 0 1 0 0 N
-28 -2 G 0 5 0 P
-27 -2 0 2 0 0 N
-26 -2 G 4 2 0 P
-25 -2 G 0 3 0 P
-24 -2 1 5 0 0 N
-23 -2 G 4 4 0 T
-22 -2 G 0 4 0 T
-21 -2 0 1 0 0 N
-20 -2 G 0 5 0 T
-19 -2 0 2 0 0 N
-18 -2 G 4 2 0 T
-17 -2 G 0 4 0 T
-16 -2 0 1 0 0 N
-15 -2 G 0 5 0 P
-14 -2 0 2 0 0 N
-13 -2 G 4 2 0 P
-12 -2 G 0 3 0 P
-11 -2 1 5 0 0 N
-10 -2 G 4 4 0 T
-9 -2 G 0 4 0 T
-8 -2 0 1 0 0 N
-7 -2 G 0 5 0 P
-6 -2 0 2 0 0 N
-5 -2 G 4 2 0 P
-4 -2 G 0 3 0 P
-3 -2 1 5 0 0 N
-2 -2 G 4 4 0 T
-1 -2 G 0 4 0 T
0 -2 0 1 0 0 N
1 -2 G 0 5 0 T
2 -2 0 2 0 0 N
3 -2 G 4 2 0 T
4 -2 G 0 4 0 T
5 -2 0 1 0 0 N
6 -2 G 0 5 0 P
7 -2 0 2 0 0 N
8 -2 G 4 2 0 P
9 -2 G 0 3 0 P
10 -2 1 5 0 0 N
11 -2 G 4 4 0 T
12 -2 G 0 4 0 T
13 -2 0 1 0 0 N
14 -2 G 0 5 0 T
15 -2 0 2 0 0 N
16 -2 G 4 2 0 T
17 -2 G 0 4 0 T
18 -2 0 1 0 0 N
19 -2 G 0 5 0 P
20 -2 0 2 0 0 N
21 -2 G 4 2 0 P
22 -2 G 0 3 0 P
23 -2 1 5 0 0 N
24 -2 G 4 4 0 T
25 -2 G 0 4 0 T
26 -2 0 1 0 0 N
27 -2 G 0 5 0 P
28 -2 0 2 0 0 N
29 -2 G 4 2 0 P
30 -2 G 0 3 0 P
31 -2 1 5 0 0 N
32 -2 G 4 4 0 T
33 -2 G 0 4 0 T
34 -2 0 1 0 0 N
35 -2 G 0 5 0 T
36 -2 0 2 0 0 N
37 -2 G 4 2 0 T
38 -2 G 0 4 0 T
39 -2 0 1 0 0 N
40 -2 G 0 5 0 P
41 -2 0 2 0 0 N
42 -2 G 4 2 0 P
43 -2 G 0 3 0 P
44 -2 1 5 0 0 N
45 -2 G 4 4 0 T
46 -2 G 0 4 0 T
47 -2 0 1 0 0 N
48 -2 G 0 5 0 T
49 -2 0 2 0 0 N
50 -2 G 4 2 0 T
51 -2 G 0 4 0 T
52 -2 0 1 0 0 N
53 -2 G 0 5 0 P
54 -2 0 2 0 0 N
55 -2 G 4 2 0 U
59 -2 G 0 4 0 U
60 -2 0 1 0 0 N
61 -2 G 0 5 0 U
62 -2 0 2 0 0 N
63 -2 G 4 2 0 P
64 -2 G 0 3 0 P
65 -2 1 5 0 0 N
66 -2 G 4 4 0 T
67 -2 G 0 4 0 T
68 -2 0 1 0 0 N
69 -2 G 0 5 0 T
70 -2 0 2 0 0 N
71 -2 G 4 2 0 T
72 -2 G 0 4 0 T
73 -2 0 1 0 0 N
74 -2 G 0 5 0 P
75 -2 0 2 0 0 N
76 -2 G 4 2 0 U
80 -2 G 0 4 0 U
81 -2 0 1 0 0 N
82 -2 G 0 5 0 U
83 -2 0 2 0 0 N
84 -2 G 4 2 0 U
-87 -1 G 1 3 0 U
-86 -1 G 2 2 0 U
-85 -1 G 5 5 0 U
-84 -1 B 1 6 0 N
-83 -1 B 2 5 0 N
-82 -1 G 1 4 0 P
-81 -1 G 2 3 0 P
-80 -1 C 5 1 1 N
-79 -1 G 1 3 0 T
-78 -1 G 2 2 0 T
-77 -1 G 5 5 0 T
-76 -1 B 1 6 0 N
-75 -1 B 2 5 0 N
-74 -1 G 1 4 0 T
-73 -1 G 2 3 0 T
-72 -1 G 5 5 0 T
-71 -1 B 1 6 0 N
-70 -1 B 2 5 0 N
-69 -1 G 1 4 0 P
-68 -1 G 2 3 0 P
-67 -1 C 5 1 1 N
-66 -1 G 1 3 0 T
-65 -1 G 2 2 0 T
-64 -1 G 5 5 0 T
-63 -1 B 1 6 0 N
-62 -1 B 2 5 0 N
-61 -1 G 1 4 0 P
-60 -1 G 2 3 0 P
-59 -1 C 5 1 1 N
-58 -1 G 1 3 0 T
-57 -1 G 2 2 0 T
-56 -1 G 5 5 0 T
-55 -1 B 1 6 0 N
-54 -1 B 2 5 0 N
-53 -1 G 1 4 0 T
-52 -1 G 2 3 0 T
-51 -1 G 5 5 0 T
-50 -1 B 1 6 0 N
-49 -1 B 2 5 0 N
-48 -1 G 1 4 0 P
-47 -1 G 2 3 0 P
-46 -1 C 5 1 1 N
-45 -1 G 1 3 0 T
-44 -1 G 2 2 0 T
-43 -1 G 5 5 0 T
-42 -1 B 1 6 0 N
-41 -1 B 2 5 0 N
-40 -1 G 1 4 0 T
-39 -1 G 2 3 0 T
-38 -1 G 5 5 0 T
-37 -1 B 1 6 0 N
-36 -1 B 2 5 0 N
-35 -1 G 1 4 0 P
-34 -1 G 2 3 0 P
-33 -1 C 5 1 1 N
-32 -1 G 1 3 0 T
-31 -1 G 2 2 0 T
-30 -1 G 5 5 0 T
-29 -1 B 1 6 0 N
-28 -1 B 2 5 0 N
-27 -1 G 1 4 0 P
-26 -1 G 2 3 0 P
-25 -1 C 5 1 1 N
-24 -1 G 1 3 0 T
-23 -1 G 2 2 0 T
-22 -1 G 5 5 0 T
-21 -1 B 1 6 0 N
-20 -1 B 2 5 0 N
-19 -1 G 1 4 0 T
-18 -1 G 2 3 0 T
-17 -1 G 5 5 0 T
-16 -1 B 1 6 0 N
-15 -1 B 2 5 0 N
-14 -1 G 1 4 0 P
-13 -1 G 2 3 0 P
-12 -1 C 5 1 1 N
-11 -1 G 1 3 0 T
-10 -1 G 2 2 0 T
-9 -1 G 5 5 0 T
-8 -1 B 1 6 0 N
-7 -1 B 2 5 0 N
-6 -1 G 1 4 0 P
-5 -1 G 2 3 0 P
-4 -1 C 5 1 1 N
-3 -1 G 1 3 0 T
-2 -1 G 2 2 0 T
-1 -1 G 5 5 0 T
0 -1 B 1 1 0 N
1 -1 B 2 2 0 N
2 -1 G 1 5 0 T
3 -1 G 2 4 0 T
4 -1 G 5 5 0 T
5 -1 B 1 8 0 N
6 -1 B 2 7 0 N
7 -1 G 1 10 0 P
8 -1 G 2 9 0 P
9 -1 C 5 1 1 N
10 -1 G 1 5 0 T
11 -1 G 2 4 0 T
12 -1 G 5 5 0 T
13 -1 B 1 8 0 N
14 -1 B 2 7 0 N
15 -1 G 1 10 0 T
16 -1 G 2 9 0 T
17 -1 G 5 5 0 T
18 -1 B 1 8 0 N
19 -1 B 2 7 0 N
20 -1 G 1 10 0 P
21 -1 G 2 9 0 P
22 -1 C 5 1 1 N
23 -1 G 1 5 0 T
24 -1 G 2 4 0 T
25 -1 G 5 5 0 T
26 -1 B 1 8 0 N
27 -1 B 2 7 0 N
28 -1 G 1 10 0 P
29 -1 G 2 9 0 P
30 -1 C 5 1 1 N
31 -1 G 1 5 0 T
32 -1 G 2 4 0 T
33 -1 G 5 5 0 T
34 -1 B 1 8 0 N
35 -1 B 2 7 0 N
36 -1 G 1 10 0 T
37 -1 G 2 9 0 T
38 -1 G 5 5 0 T
39 -1 B 1 8 0 N
40 -1 B 2 7 0 N
41 -1 G 1 10 0 P
42 -1 G 2 9 0 P
43 -1 C 5 1 1 N
44 -1 G 1 5 0 T
45 -1 G 2 4 0 T
46 -1 G 5 5 0 T
47 -1 B 1 8 0 N
48 -1 B 2 7 0 N
49 -1 G 1 10 0 T
50 -1 G 2 9 0 T
51 -1 G 5 5 0 T
52 -1 B 1 8 0 N
53 -1 B 2 7 0 N
54 -1 G 1 10 0 U
55 -1 G 2 9 0 U
57 -1 G 1 5 0 U
58 -1 G 2 4 0 U
59 -1 G 5 5 0 U
60 -1 B 1 8 0 N
61 -1 B 2 7 0 N
62 -1 G 1 10 0 P
63 -1 G 2 9 0 P
64 -1 C 5 1 1 N
65 -1 G 1 5 0 T
66 -1 G 2 4 0 T
67 -1 G 5 5 0 T
68 -1 B 1 8 0 N
69 -1 B 2 7 0 N
70 -1 G 1 10 0 T
71 -1 G 2 9 0 T
72 -1 G 5 5 0 T
73 -1 B 1 8 0 N
74 -1 B 2 7 0 N
75 -1 G 1 10 0 U
76 -1 G 2 9 0 U
78 -1 G 1 5 0 U
79 -1 G 2 4 0 U
80 -1 G 5 5 0 U
81 -1 B 1 8 0 N
82 -1 B 2 7 0 N
83 -1 G 1 10 0 U
84 -1 G 2 9 0 U
86 -1 G 1 5 0 U
87 -1 G 2 4 0 U
-88 0 B 0 1 0 N
-87 0 1 0 0 0 N
-86 0 0 0 0 0 N
-85 0 B 0 2 0 N
-84 0 1 0 1 0 N
-83 0 0 0 1 0 N
-82 0 1 0 0 0 N
-81 0 0 0 0 0 N
-80 0 B 0 1 0 N
-79 0 1 0 0 0 N
-78 0 0 0 0 0 N
-77 0 B 0 2 0 N
-76 0 1 0 1 0 N
-75 0 0 0 1 0 N
-74 0 1 0 0 0 N
-73 0 0 0 0 0 N
-72 0 B 0 2 0 N
-71 0 1 0 1 0 N
-70 0 0 0 1 0 N
-69 0 1 0 0 0 N
-68 0 0 0 0 0 N
-67 0 B 0 1 0 N
-66 0 1 0 0 0 N
-65 0 0 0 0 0 N
-64 0 B 0 2 0 N
-63 0 1 0 1 0 N
-62 0 0 0 1 0 N
-61 0 1 0 0 0 N
-60 0 0 0 0 0 N
-59 0 B 0 1 0 N
-58 0 1 0 0 0 N
-57 0 0 0 0 0 N
-56 0 B 0 2 0 N
-55 0 1 0 1 0 N
-54 0 0 0 1 0 N
-53 0 1 0 0 0 N
-52 0 0 0 0 0 N
-51 0 B 0 2 0 N
-50 0 1 0 1 0 N
-49 0 0 0 1 0 N
-48 0 1 0 0 0 N
-47 0 0 0 0 0 N
-46 0 B 0 1 0 N
-45 0 1 0 0 0 N
-44 0 0 0 0 0 N
-43 0 B 0 2 0 N
-42 0 1 0 1 0 N
-41 0 0 0 1 0 N
-40 0 1 0 0 0 N
-39 0 0 0 0 0 N
-38 0 B 0 2 0 N
-37 0 1 0 1 0 N
-36 0 0 0 1 0 N
-35 0 1 0 0 0 N
-34 0 0 0 0 0 N
-33 0 B 0 1 0 N
-32 0 1 0 0 0 N
-31 0 0 0 0 0 N
-30 0 B 0 2 0 N
-29 0 1 0 1 0 N
-28 0 0 0 1 0 N
-27 0 1 0 0 0 N
-26 0 0 0 0 0 N
-25 0 B 0 1 0 N
-24 0 1 0 0 0 N
-23 0 0 0 0 0 N
-22 0 B 0 2 0 N
-21 0 1 0 1 0 N
-20 0 0 0 1 0 N
-19 0 1 0 0 0 N
-18 0 0 0 0 0 N
-17 0 B 0 2 0 N
-16 0 1 0 1 0 N
-15 0 0 0 1 0 N
-14 0 1 0 0 0 N
-13 0 0 0 0 0 N
-12 0 B 0 1 0 N
-11 0 1 0 0 0 N
-10 0 0 0 0 0 N
-9 0 B 0 2 0 N
-8 0 1 0 1 0 N
-7 0 0 0 1 0 N
-6 0 1 0 0 0 N
-5 0 0 0 0 0 N
-4 0 B 0 1 0 N
-3 0 1 0 0 0 N
-2 0 0 0 0 0 N
-1 0 B 0 0 0 N
0 0 F 0 0 0 N
1 0 B 3 3 0 N
2 0 0 3 0 0 N
3 0 1 3 0 0 N
4 0 B 3 1 0 N
5 0 0 3 0 0 N
6 0 1 3 0 0 N
7 0 0 3 1 0 N
8 0 1 3 1 0 N
9 0 B 3 2 0 N
10 0 0 3 0 0 N
11 0 1 3 0 0 N
12 0 B 3 1 0 N
13 0 0 3 0 0 N
14 0 1 3 0 0 N
15 0 0 3 1 0 N
16 0 1 3 1 0 N
17 0 B 3 2 0 N
18 0 0 3 0 0 N
19 0 1 3 0 0 N
20 0 0 3 1 0 N
21 0 1 3 1 0 N
22 0 B 3 2 0 N
23 0 0 3 0 0 N
24 0 1 3 0 0 N
25 0 B 3 1 0 N
26 0 0 3 0 0 N
27 0 1 3 0 0 N
28 0 0 3 1 0 N
29 0 1 3 1 0 N
30 0 B 3 2 0 N
31 0 0 3 0 0 N
32 0 1 3 0 0 N
33 0 B 3 1 0 N
34 0 0 3 0 0 N
35 0 1 3 0 0 N
36 0 0 3 1 0 N
37 0 1 3 1 0 N
38 0 B 3 2 0 N
39 0 0 3 0 0 N
40 0 1 3 0 0 N
41 0 0 3 1 0 N
42 0 1 3 1 0 N
43 0 B 3 2 0 N
44 0 0 3 0 0 N
45 0 1 3 0 0 N
46 0 B 3 1 0 N
47 0 0 3 0 0 N
48 0 1 3 0 0 N
49 0 0 3 1 0 N
50 0 1 3 1 0 N
51 0 B 3 2 0 N
52 0 0 3 0 0 N
53 0 1 3 0 0 N
54 0 0 3 1 0 N
55 0 1 3 1 0 N
56 0 B 3 2 0 N
57 0 0 3 0 0 N
58 0 1 3 0 0 N
59 0 B 3 1 0 N
60 0 0 3 0 0 N
61 0 1 3 0 0 N
62 0 0 3 1 0 N
63 0 1 3 1 0 N
64 0 B 3 2 0 N
65 0 0 3 0 0 N
66 0 1 3 0 0 N
67 0 B 3 1 0 N
68 0 0 3 0 0 N
69 0 1 3 0 0 N
70 0 0 3 1 0 N
71 0 1 3 1 0 N
72 0 B 3 2 0 N
73 0 0 3 0 0 N
74 0 1 3 0 0 N
75 0 0 3 1 0 N
76 0 1 3 1 0 N
77 0 B 3 2 0 N
78 0 0 3 0 0 N
79 0 1 3 0 0 N
80 0 B 3 1 0 N
81 0 0 3 0 0 N
82 0 1 3 0 0 N
83 0 0 3 1 0 N
84 0 1 3 1 0 N
85 0 B 3 2 0 N
86 0 0 3 0 0 N
87 0 1 3 0 0 N
88 0 B 3 1 0 N
-87 1 G 5 4 0 U
-86 1 G 4 5 0 U
-84 1 G 5 9 0 U
-83 1 G 4 10 0 U
-82 1 B 5 7 0 N
-81 1 B 4 8 0 N
-80 1 G 2 5 0 U
-79 1 G 5 4 0 U
-78 1 G 4 5 0 U
-76 1 G 5 9 0 U
-75 1 G 4 10 0 U
-74 1 B 5 7 0 N
-73 1 B 4 8 0 N
-72 1 G 2 5 0 T
-71 1 G 5 9 0 T
-70 1 G 4 10 0 T
-69 1 B 5 7 0 N
-68 1 B 4 8 0 N
-67 1 G 2 5 0 T
-66 1 G 5 4 0 T
-65 1 G 4 5 0 T
-64 1 C 2 1 1 N
-63 1 G 5 9 0 P
-62 1 G 4 10 0 P
-61 1 B 5 7 0 N
-60 1 B 4 8 0 N
-59 1 G 2 5 0 U
-58 1 G 5 4 0 U
-57 1 G 4 5 0 U
-55 1 G 5 9 0 U
-54 1 G 4 10 0 U
-53 1 B 5 7 0 N
-52 1 B 4 8 0 N
-51 1 G 2 5 0 T
-50 1 G 5 9 0 T
-49 1 G 4 10 0 T
-48 1 B 5 7 0 N
-47 1 B 4 8 0 N
-46 1 G 2 5 0 T
-45 1 G 5 4 0 T
-44 1 G 4 5 0 T
-43 1 C 2 1 1 N
-42 1 G 5 9 0 P
-41 1 G 4 10 0 P
-40 1 B 5 7 0 N
-39 1 B 4 8 0 N
-38 1 G 2 5 0 T
-37 1 G 5 9 0 T
-36 1 G 4 10 0 T
-35 1 B 5 7 0 N
-34 1 B 4 8 0 N
-33 1 G 2 5 0 T
-32 1 G 5 4 0 T
-31 1 G 4 5 0 T
-30 1 C 2 1 1 N
-29 1 G 5 9 0 P
-28 1 G 4 10 0 P
-27 1 B 5 7 0 N
-26 1 B 4 8 0 N
-25 1 G 2 5 0 T
-24 1 G 5 4 0 T
-23 1 G 4 5 0 T
-22 1 C 2 1 1 N
-21 1 G 5 9 0 P
-20 1 G 4 10 0 P
-19 1 B 5 7 0 N
-18 1 B 4 8 0 N
-17 1 G 2 5 0 T
-16 1 G 5 9 0 T
-15 1 G 4 10 0 T
-14 1 B 5 7 0 N
-13 1 B 4 8 0 N
-12 1 G 2 5 0 T
-11 1 G 5 4 0 T
-10 1 G 4 5 0 T
-9 1 C 2 1 1 N
-8 1 G 5 9 0 P
-7 1 G 4 10 0 P
-6 1 B 5 7 0 N
-5 1 B 4 8 0 N
-4 1 G 2 5 0 T
-3 1 G 5 4 0 T
-2 1 G 4 5 0 T
-1 1 B 5 5 0 N
0 1 B 4 4 0 N
1 1 G 2 5 0 T
2 1 G 5 2 0 T
3 1 G 4 3 0 T
4 1 C 2 1 1 N
5 1 G 5 3 0 P
6 1 G 4 4 0 P
7 1 B 5 5 0 N
8 1 B 4 6 0 N
9 1 G 2 5 0 T
10 1 G 5 2 0 T
11 1 G 4 3 0 T
12 1 C 2 1 1 N
13 1 G 5 3 0 P
14 1 G 4 4 0 P
15 1 B 5 5 0 N
16 1 B 4 6 0 N
17 1 G 2 5 0 T
18 1 G 5 3 0 T
19 1 G 4 4 0 T
20 1 B 5 5 0 N
21 1 B 4 6 0 N
22 1 G 2 5 0 T
23 1 G 5 2 0 T
24 1 G 4 3 0 T
25 1 C 2 1 1 N
26 1 G 5 3 0 P
27 1 G 4 4 0 P
28 1 B 5 5 0 N
29 1 B 4 6 0 N
30 1 G 2 5 0 T
31 1 G 5 2 0 T
32 1 G 4 3 0 T
33 1 C 2 1 1 N
34 1 G 5 3 0 P
35 1 G 4 4 0 P
36 1 B 5 5 0 N
37 1 B 4 6 0 N
38 1 G 2 5 0 T
39 1 G 5 3 0 T
40 1 G 4 4 0 T
41 1 B 5 5 0 N
42 1 B 4 6 0 N
43 1 G 2 5 0 T
44 1 G 5 2 0 T
45 1 G 4 3 0 T
46 1 C 2 1 1 N
47 1 G 5 3 0 P
48 1 G 4 4 0 P
49 1 B 5 5 0 N
50 1 B 4 6 0 N
51 1 G 2 5 0 T
52 1 G 5 3 0 T
53 1 G 4 4 0 T
54 1 B 5 5 0 N
55 1 B 4 6 0 N
56 1 G 2 5 0 T
57 1 G 5 2 0 T
58 1 G 4 3 0 T
59 1 C 2 1 1 N
60 1 G 5 3 0 P
61 1 G 4 4 0 P
62 1 B 5 5 0 N
63 1 B 4 6 0 N
64 1 G 2 5 0 T
65 1 G 5 2 0 T
66 1 G 4 3 0 T
67 1 C 2 1 1 N
68 1 G 5 3 0 P
69 1 G 4 4 0 P
70 1 B 5 5 0 N
71 1 B 4 6 0 N
72 1 G 2 5 0 T
73 1 G 5 3 0 T
74 1 G 4 4 0 T
75 1 B 5 5 0 N
76 1 B 4 6 0 N
77 1 G 2 5 0 T
78 1 G 5 2 0 T
79 1 G 4 3 0 T
80 1 C 2 1 1 N
81 1 G 5 3 0 P
82 1 G 4 4 0 P
83 1 B 5 5 0 N
84 1 B 4 6 0 N
85 1 G 2 5 0 U
86 1 G 5 2 0 U
87 1 G 4 3 0 U
-84 2 G 1 2 0 U
-83 2 0 5 0 0 N
-82 2 G 3 5 0 U
-81 2 0 4 0 0 N
-80 2 G 3 4 0 U
-76 2 G 1 2 0 U
-75 2 0 5 0 0 N
-74 2 G 3 5 0 P
-73 2 0 4 0 0 N
-72 2 G 3 4 0 T
-71 2 G 1 2 0 T
-70 2 0 5 0 0 N
-69 2 G 3 5 0 T
-68 2 0 4 0 0 N
-67 2 G 3 4 0 T
-66 2 G 1 4 0 T
-65 2 1 2 0 0 N
-64 2 G 3 3 0 P
-63 2 G 1 2 0 P
-62 2 0 5 0 0 N
-61 2 G 3 5 0 U
-60 2 0 4 0 0 N
-59 2 G 3 4 0 U
-55 2 G 1 2 0 U
-54 2 0 5 0 0 N
-53 2 G 3 5 0 P
-52 2 0 4 0 0 N
-51 2 G 3 4 0 T
-50 2 G 1 2 0 T
-49 2 0 5 0 0 N
-48 2 G 3 5 0 T
-47 2 0 4 0 0 N
-46 2 G 3 4 0 T
-45 2 G 1 4 0 T
-44 2 1 2 0 0 N
-43 2 G 3 3 0 P
-42 2 G 1 2 0 P
-41 2 0 5 0 0 N
-40 2 G 3 5 0 P
-39 2 0 4 0 0 N
-38 2 G 3 4 0 T
-37 2 G 1 2 0 T
-36 2 0 5 0 0 N
-35 2 G 3 5 0 T
-34 2 0 4 0 0 N
-33 2 G 3 4 0 T
-32 2 G 1 4 0 T
-31 2 1 2 0 0 N
-30 2 G 3 3 0 P
-29 2 G 1 2 0 P
-28 2 0 5 0 0 N
-27 2 G 3 5 0 P
-26 2 0 4 0 0 N
-25 2 G 3 4 0 T
-24 2 G 1 4 0 T
-23 2 1 2 0 0 N
-22 2 G 3 3 0 P
-21 2 G 1 2 0 P
-20 2 0 5 0 0 N
-19 2 G 3 5 0 P
-18 2 0 4 0 0 N
-17 2 G 3 4 0 T
-16 2 G 1 2 0 T
-15 2 0 5 0 0 N
-14 2 G 3 5 0 T
-13 2 0 4 0 0 N
-12 2 G 3 4 0 T
-11 2 G 1 4 0 T
-10 2 1 2 0 0 N
-9 2 G 3 3 0 P
-8 2 G 1 2 0 P
-7 2 0 5 0 0 N
-6 2 G 3 5 0 P
-5 2 0 4 0 0 N
-4 2 G 3 4 0 T
-3 2 G 1 2 0 T
-2 2 0 5 0 0 N
-1 2 G 3 5 0 T
0 2 0 4 0 0 N
1 2 G 3 4 0 T
2 2 G 1 4 0 T
3 2 1 2 0 0 N
4 2 G 3 3 0 P
5 2 G 1 2 0 P
6 2 0 5 0 0 N
7 2 G 3 5 0 P
8 2 0 4 0 0 N
9 2 G 3 4 0 T
10 2 G 1 4 0 T
11 2 1 2 0 0 N
12 2 G 3 3 0 P
13 2 G 1 2 0 P
14 2 0 5 0 0 N
15 2 G 3 5 0 P
16 2 0 4 0 0 N
17 2 G 3 4 0 T
18 2 G 1 2 0 T
19 2 0 5 0 0 N
20 2 G 3 5 0 T
21 2 0 4 0 0 N
22 2 G 3 4 0 T
23 2 G 1 4 0 T
24 2 1 2 0 0 N
25 2 G 3 3 0 P
26 2 G 1 2 0 P
27 2 0 5 0 0 N
28 2 G 3 5 0 P
29 2 0 4 0 0 N
30 2 G 3 4 0 T
31 2 G 1 4 0 T
32 2 1 2 0 0 N
33 2 G 3 3 0 P
34 2 G 1 2 0 P
35 2 0 5 0 0 N
36 2 G 3 5 0 P
37 2 0 4 0 0 N
38 2 G 3 4 0 T
39 2 G 1 2 0 T
40 2 0 5 0 0 N
41 2 G 3 5 0 T
42 2 0 4 0 0 N
43 2 G 3 4 0 T
44 2 G 1 4 0 T
45 2 1 2 0 0 N
46 2 G 3 3 0 P
47 2 G 1 2 0 P
48 2 0 5 0 0 N
49 2 G 3 5 0 P
50 2 0 4 0 0 N
51 2 G 3 4 0 T
52 2 G 1 2 0 T
53 2 0 5 0 0 N
54 2 G 3 5 0 T
55 2 0 4 0 0 N
56 2 G 3 4 0 T
57 2 G 1 4 0 T
58 2 1 2 0 0 N
59 2 G 3 3 0 P
60 2 G 1 2 0 P
61 2 0 5 0 0 N
62 2 G 3 5 0 P
63 2 0 4 0 0 N
64 2 G 3 4 0 T
65 2 G 1 4 0 T
66 2 1 2 0 0 N
67 2 G 3 3 0 P
68 2 G 1 2 0 P
69 2 0 5 0 0 N
70 2 G 3 5 0 P
71 2 0 4 0 0 N
72 2 G 3 4 0 T
73 2 G 1 2 0 T
74 2 0 5 0 0 N
75 2 G 3 5 0 T
76 2 0 4 0 0 N
77 2 G 3 4 0 T
78 2 G 1 4 0 T
79 2 1 2 0 0 N
80 2 G 3 3 0 P
81 2 G 1 2 0 P
82 2 0 5 0 0 N
83 2 G 3 5 0 U
84 2 0 4 0 0 N
85 2 G 3 4 0 U
-85 3 G 0 3 0 U
-84 3 1 5 0 0 N
-83 3 G 4 4 0 U
-82 3 G 0 2 0 U
-81 3 1 4 0 0 N
-77 3 G 0 3 0 U
-76 3 1 5 0 0 N
-75 3 G 4 4 0 P
-74 3 G 0 2 0 P
-73 3 1 4 0 0 N
-72 3 G 0 3 0 T
-71 3 1 5 0 0 N
-70 3 G 4 4 0 T
-69 3 G 0 2 0 T
-68 3 1 4 0 0 N
-67 3 G 0 5 0 T
-66 3 0 2 0 0 N
-65 3 G 4 2 0 P
-64 3 G 0 3 0 P
-63 3 1 5 0 0 N
-62 3 G 4 4 0 U
-61 3 G 0 2 0 U
-60 3 1 4 0 0 N
-56 3 G 0 3 0 U
-55 3 1 5 0 0 N
-54 3 G 4 4 0 P
-53 3 G 0 2 0 P
-52 3 1 4 0 0 N
-51 3 G 0 3 0 T
-50 3 1 5 0 0 N
-49 3 G 4 4 0 T
-48 3 G 0 2 0 T
-47 3 1 4 0 0 N
-46 3 G 0 5 0 T
-45 3 0 2 0 0 N
-44 3 G 4 2 0 P
-43 3 G 0 3 0 P
-42 3 1 5 0 0 N
-41 3 G 4 4 0 P
-40 3 G 0 2 0 P
-39 3 1 4 0 0 N
-38 3 G 0 3 0 T
-37 3 1 5 0 0 N
-36 3 G 4 4 0 T
-35 3 G 0 2 0 T
-34 3 1 4 0 0 N
-33 3 G 0 5 0 T
-32 3 0 2 0 0 N
-31 3 G 4 2 0 P
-30 3 G 0 3 0 P
-29 3 1 5 0 0 N
-28 3 G 4 4 0 P
-27 3 G 0 2 0 P
-26 3 1 4 0 0 N
-25 3 G 0 5 0 T
-24 3 0 2 0 0 N
-23 3 G 4 2 0 P
-22 3 G 0 3 0 P
-21 3 1 5 0 0 N
-20 3 G 4 4 0 P
-19 3 G 0 2 0 P
-18 3 1 4 0 0 N
-17 3 G 0 3 0 T
-16 3 1 5 0 0 N
-15 3 G 4 4 0 T
-14 3 G 0 2 0 T
-13 3 1 4 0 0 N
-12 3 G 0 5 0 T
-11 3 0 2 0 0 N
-10 3 G 4 2 0 P
-9 3 G 0 3 0 P
-8 3 1 5 0 0 N
-7 3 G 4 4 0 P
-6 3 G 0 2 0 P
-5 3 1 4 0 0 N
-4 3 G 0 3 0 T
-3 3 1 5 0 0 N
-2 3 G 4 4 0 T
-1 3 G 0 2 0 T
0 3 1 4 0 0 N
1 3 G 0 5 0 T
2 3 0 2 0 0 N
3 3 G 4 2 0 P
4 3 G 0 3 0 P
5 3 1 5 0 0 N
6 3 G 4 4 0 P
7 3 G 0 2 0 P
8 3 1 4 0 0 N
9 3 G 0 5 0 T
10 3 0 2 0 0 N
11 3 G 4 2 0 P
12 3 G 0 3 0 P
13 3 1 5 0 0 N
14 3 G 4 4 0 P
15 3 G 0 2 0 P
16 3 1 4 0 0 N
17 3 G 0 3 0 T
18 3 1 5 0 0 N
19 3 G 4 4 0 T
20 3 G 0 2 0 T
21 3 1 4 0 0 N
22 3 G 0 5 0 T
23 3 0 2 0 0 N
24 3 G 4 2 0 P
25 3 G 0 3 0 P
26 3 1 5 0 0 N
27 3 G 4 4 0 P
28 3 G 0 2 0 P
29 3 1 4 0 0 N
30 3 G 0 5 0 T
31 3 0 2 0 0 N
32 3 G 4 2 0 P
33 3 G 0 3 0 P
34 3 1 5 0 0 N
35 3 G 4 4 0 P
36 3 G 0 2 0 P
37 3 1 4 0 0 N
38 3 G 0 3 0 T
39 3 1 5 0 0 N
40 3 G 4 4 0 T
41 3 G 0 2 0 T
42 3 1 4 0 0 N
43 3 G 0 5 0 T
44 3 0 2 0 0 N
45 3 G 4 2 0 P
46 3 G 0 3 0 P
47 3 1 5 0 0 N
48 3 G 4 4 0 P
49 3 G 0 2 0 P
50 3 1 4 0 0 N
51 3 G 0 3 0 T
52 3 1 5 0 0 N
53 3 G 4 4 0 T
54 3 G 0 2 0 T
55 3 1 4 0 0 N
56 3 G 0 5 0 T
57 3 0 2 0 0 N
58 3 G 4 2 0 P
59 3 G 0 3 0 P
60 3 1 5 0 0 N
61 3 G 4 4 0 P
62 3 G 0 2 0 P
63 3 1 4 0 0 N
64 3 G 0 5 0 T
65 3 0 2 0 0 N
66 3 G 4 2 0 P
67 3 G 0 3 0 P
68 3 1 5 0 0 N
69 3 G 4 4 0 P
70 3 G 0 2 0 P
71 3 1 4 0 0 N
72 3 G 0 3 0 T
73 3 1 5 0 0 N
74 3 G 4 4 0 T
75 3 G 0 2 0 T
76 3 1 4 0 0 N
77 3 G 0 5 0 T
78 3 0 2 0 0 N
79 3 G 4 2 0 P
80 3 G 0 3 0 P
81 3 1 5 0 0 N
82 3 G 4 4 0 U
83 3 G 0 2 0 U
84 3 1 4 0 0 N
-85 4 C 5 1 1 N
-82 4 G 5 3 0 U
-81 4 C 4 1 1 N
-77 4 C 5 1 1 N
-76 4 C 1 1 1 N
-75 4 G 2 3 0 P
-74 4 G 5 3 0 P
-73 4 C 4 1 1 N
-72 4 B 5 1 0 N
-71 4 G 1 5 0 T
-70 4 G 2 4 0 T
-69 4 G 5 3 0 T
-68 4 B 4 1 0 N
-67 4 B 2 8 0 N
-66 4 G 1 5 0 P
-65 4 G 2 4 0 P
-64 4 C 5 1 1 N
-61 4 G 5 3 0 U
-60 4 C 4 1 1 N
-56 4 C 5 1 1 N
-55 4 C 1 1 1 N
-54 4 G 2 3 0 P
-53 4 G 5 3 0 P
-52 4 C 4 1 1 N
-51 4 B 5 1 0 N
-50 4 G 1 5 0 T
-49 4 G 2 4 0 T
-48 4 G 5 3 0 T
-47 4 B 4 1 0 N
-46 4 B 2 8 0 N
-45 4 G 1 5 0 P
-44 4 G 2 4 0 P
-43 4 C 5 1 1 N
-42 4 C 1 1 1 N
-41 4 G 2 3 0 P
-40 4 G 5 3 0 P
-39 4 C 4 1 1 N
-38 4 B 5 1 0 N
-37 4 G 1 5 0 T
-36 4 G 2 4 0 T
-35 4 G 5 3 0 T
-34 4 B 4 1 0 N
-33 4 B 2 8 0 N
-32 4 G 1 5 0 P
-31 4 G 2 4 0 P
-30 4 C 5 1 1 N
-29 4 C 1 1 1 N
-28 4 G 2 3 0 P
-27 4 G 5 3 0 P
-26 4 C 4 1 1 N
-25 4 B 2 2 0 N
-24 4 G 1 5 0 P
-23 4 G 2 4 0 P
-22 4 C 5 1 1 N
-21 4 C 1 1 1 N
-20 4 G 2 3 0 P
-19 4 G 5 3 0 P
-18 4 C 4 1 1 N
-17 4 B 5 1 0 N
-16 4 G 1 5 0 T
-15 4 G 2 4 0 T
-14 4 G 5 3 0 T
-13 4 B 4 1 0 N
-12 4 B 2 8 0 N
-11 4 G 1 5 0 P
-10 4 G 2 4 0 P
-9 4 C 5 1 1 N
-8 4 C 1 1 1 N
-7 4 G 2 3 0 P
-6 4 G 5 3 0 P
-5 4 C 4 1 1 N
-4 4 B 5 1 0 N
-3 4 G 1 5 0 T
-2 4 G 2 4 0 T
-1 4 G 5 3 0 T
0 4 B 4 1 0 N
1 4 B 2 8 0 N
2 4 G 1 5 0 P
3 4 G 2 4 0 P
4 4 C 5 1 1 N
5 4 C 1 1 1 N
6 4 G 2 3 0 P
7 4 G 5 3 0 P
8 4 C 4 1 1 N
9 4 B 2 2 0 N
10 4 G 1 5 0 P
11 4 G 2 4 0 P
12 4 C 5 1 1 N
13 4 C 1 1 1 N
14 4 G 2 3 0 P
15 4 G 5 3 0 P
16 4 C 4 1 1 N
17 4 B 5 1 0 N
18 4 G 1 5 0 T
19 4 G 2 4 0 T
20 4 G 5 3 0 T
21 4 B 4 1 0 N
22 4 B 2 8 0 N
23 4 G 1 5 0 P
24 4 G 2 4 0 P
25 4 C 5 1 1 N
26 4 C 1 1 1 N
27 4 G 2 3 0 P
28 4 G 5 3 0 P
29 4 C 4 1 1 N
30 4 B 2 2 0 N
31 4 G 1 5 0 P
32 4 G 2 4 0 P
33 4 C 5 1 1 N
34 4 C 1 1 1 N
35 4 G 2 3 0 P
36 4 G 5 3 0 P
37 4 C 4 1 1 N
38 4 B 5 1 0 N
39 4 G 1 5 0 T
40 4 G 2 4 0 T
41 4 G 5 3 0 T
42 4 B 4 1 0 N
43 4 B 2 8 0 N
44 4 G 1 5 0 P
45 4 G 2 4 0 P
46 4 C 5 1 1 N
47 4 C 1 1 1 N
48 4 G 2 3 0 P
49 4 G 5 3 0 P
50 4 C 4 1 1 N
51 4 B 5 1 0 N
52 4 G 1 5 0 T
53 4 G 2 4 0 T
54 4 G 5 3 0 T
55 4 B 4 1 0 N
56 4 B 2 8 0 N
57 4 G 1 5 0 P
58 4 G 2 4 0 P
59 4 C 5 1 1 N
60 4 C 1 1 1 N
61 4 G 2 3 0 P
62 4 G 5 3 0 P
63 4 C 4 1 1 N
64 4 B 2 2 0 N
65 4 G 1 5 0 P
66 4 G 2 4 0 P
67 4 C 5 1 1 N
68 4 C 1 1 1 N
69 4 G 2 3 0 P
70 4 G 5 3 0 P
71 4 C 4 1 1 N
72 4 B 5 1 0 N
73 4 G 1 5 0 T
74 4 G 2 4 0 T
75 4 G 5 3 0 T
76 4 B 4 1 0 N
77 4 B 2 8 0 N
78 4 G 1 5 0 P
79 4 G 2 4 0 P
80 4 C 5 1 1 N
83 4 G 5 3 0 U
84 4 C 4 1 1 N
-76 5 1 1 0 0 N
-75 5 G 3 2 0 P
-74 5 G 1 3 0 P
-73 5 0 5 0 0 N
-72 5 B 3 8 0 N
-71 5 0 3 0 0 N
-70 5 1 3 0 0 N
-69 5 C 3 1 1 N
-68 5 0 4 0 0 N
-67 5 B 3 7 0 N
-66 5 0 3 0 0 N
-65 5 1 3 0 0 N
-64 5 C 3 1 1 N
-55 5 1 1 0 0 N
-54 5 G 3 2 0 P
-53 5 G 1 3 0 P
-52 5 0 5 0 0 N
-51 5 B 3 8 0 N
-50 5 0 3 0 0 N
-49 5 1 3 0 0 N
-48 5 C 3 1 1 N
-47 5 0 4 0 0 N
-46 5 B 3 7 0 N
-45 5 0 3 0 0 N
-44 5 1 3 0 0 N
-43 5 C 3 1 1 N
-42 5 1 1 0 0 N
-41 5 G 3 2 0 P
-40 5 G 1 3 0 P
-39 5 0 5 0 0 N
-38 5 B 3 8 0 N
-37 5 0 3 0 0 N
-36 5 1 3 0 0 N
-35 5 C 3 1 1 N
-34 5 0 4 0 0 N
-33 5 B 3 7 0 N
-32 5 0 3 0 0 N
-31 5 1 3 0 0 N
-30 5 C 3 1 1 N
-29 5 1 1 0 0 N
-28 5 G 3 2 0 P
-27 5 G 1 9 0 P
-26 5 1 2 1 0 N
-25 5 B 3 6 0 N
-24 5 0 3 0 0 N
-23 5 1 3 0 0 N
-22 5 C 3 1 1 N
-21 5 1 1 0 0 N
-20 5 G 3 2 0 P
-19 5 G 1 3 0 P
-18 5 0 5 0 0 N
-17 5 B 3 8 0 N
-16 5 0 3 0 0 N
-15 5 1 3 0 0 N
-14 5 C 3 1 1 N
-13 5 0 4 0 0 N
-12 5 B 3 7 0 N
-11 5 0 3 0 0 N
-10 5 1 3 0 0 N
-9 5 C 3 1 1 N
-8 5 1 1 0 0 N
-7 5 G 3 2 0 P
-6 5 G 1 3 0 P
-5 5 0 5 0 0 N
-4 5 B 3 8 0 N
-3 5 0 3 0 0 N
-2 5 1 3 0 0 N
-1 5 C 3 1 1 N
0 5 0 4 0 0 N
1 5 B 3 7 0 N
2 5 0 3 0 0 N
3 5 1 3 0 0 N
4 5 C 3 1 1 N
5 5 1 1 0 0 N
6 5 G 3 2 0 P
7 5 G 1 9 0 P
8 5 1 2 1 0 N
9 5 B 3 6 0 N
10 5 0 3 0 0 N
11 5 1 3 0 0 N
12 5 C 3 1 1 N
13 5 1 1 0 0 N
14 5 G 3 2 0 P
15 5 G 1 3 0 P
16 5 0 5 0 0 N
17 5 B 3 8 0 N
18 5 0 3 0 0 N
19 5 1 3 0 0 N
20 5 C 3 1 1 N
21 5 0 4 0 0 N
22 5 B 3 7 0 N
23 5 0 3 0 0 N
24 5 1 3 0 0 N
25 5 C 3 1 1 N
26 5 1 1 0 0 N
27 5 G 3 2 0 P
28 5 G 1 9 0 P
29 5 1 2 1 0 N
30 5 B 3 6 0 N
31 5 0 3 0 0 N
32 5 1 3 0 0 N
33 5 C 3 1 1 N
34 5 1 1 0 0 N
35 5 G 3 2 0 P
36 5 G 1 3 0 P
37 5 0 5 0 0 N
38 5 B 3 8 0 N
39 5 0 3 0 0 N
40 5 1 3 0 0 N
41 5 C 3 1 1 N
42 5 0 4 0 0 N
43 5 B 3 7 0 N
44 5 0 3 0 0 N
45 5 1 3 0 0 N
46 5 C 3 1 1 N
47 5 1 1 0 0 N
48 5 G 3 2 0 P
49 5 G 1 3 0 P
50 5 0 5 0 0 N
51 5 B 3 8 0 N
52 5 0 3 0 0 N
53 5 1 3 0 0 N
54 5 C 3 1 1 N
55 5 0 4 0 0 N
56 5 B 3 7 0 N
57 5 0 3 0 0 N
58 5 1 3 0 0 N
59 5 C 3 1 1 N
60 5 1 1 0 0 N
61 5 G 3 2 0 P
62 5 G 1 9 0 P
63 5 1 2 1 0 N
64 5 B 3 6 0 N
65 5 0 3 0 0 N
66 5 1 3 0 0 N
67 5 C 3 1 1 N
68 5 1 1 0 0 N
69 5 G 3 2 0 P
70 5 G 1 3 0 P
71 5 0 5 0 0 N
72 5 B 3 8 0 N
73 5 0 3 0 0 N
74 5 1 3 0 0 N
75 5 C 3 1 1 N
76 5 0 4 0 0 N
77 5 B 3 7 0 N
78 5 0 3 0 0 N
79 5 1 3 0 0 N
80 5 C 3 1 1 N
-77 6 G 0 4 0 U
-76 6 0 1 0 0 N
-75 6 G 0 4 0 P
-74 6 1 5 0 0 N
-73 6 B 4 7 0 N
-72 6 G 2 5 0 P
-71 6 G 5 2 0 P
-70 6 G 4 3 0 P
-69 6 G 0 3 0 P
-68 6 1 4 0 0 N
-67 6 G 2 10 0 U
-66 6 G 5 2 0 U
-65 6 G 4 3 0 U
-56 6 G 0 4 0 U
-55 6 0 1 0 0 N
-54 6 G 0 4 0 P
-53 6 1 5 0 0 N
-52 6 B 4 7 0 N
-51 6 G 2 5 0 P
-50 6 G 5 2 0 P
-49 6 G 4 3 0 P
-48 6 G 0 3 0 P
-47 6 1 4 0 0 N
-46 6 G 2 10 0 P
-45 6 G 5 2 0 P
-44 6 G 4 3 0 P
-43 6 G 0 4 0 P
-42 6 0 1 0 0 N
-41 6 G 0 4 0 P
-40 6 1 5 0 0 N
-39 6 B 4 7 0 N
-38 6 G 2 5 0 P
-37 6 G 5 2 0 P
-36 6 G 4 3 0 P
-35 6 G 0 3 0 P
-34 6 1 4 0 0 N
-33 6 G 2 10 0 P
-32 6 G 5 2 0 P
-31 6 G 4 3 0 P
-30 6 G 0 4 0 P
-29 6 0 1 0 0 N
-28 6 G 0 10 0 P
-27 6 0 2 1 0 N
-26 6 B 4 5 0 N
-25 6 G 2 5 0 P
-24 6 G 5 2 0 P
-23 6 G 4 3 0 P
-22 6 G 0 4 0 P
-21 6 0 1 0 0 N
-20 6 G 0 4 0 P
-19 6 1 5 0 0 N
-18 6 B 4 7 0 N
-17 6 G 2 5 0 P
-16 6 G 5 2 0 P
-15 6 G 4 3 0 P
-14 6 G 0 3 0 P
-13 6 1 4 0 0 N
-12 6 G 2 10 0 P
-11 6 G 5 2 0 P
-10 6 G 4 3 0 P
-9 6 G 0 4 0 P
-8 6 0 1 0 0 N
-7 6 G 0 4 0 P
-6 6 1 5 0 0 N
-5 6 B 4 7 0 N
-4 6 G 2 5 0 P
-3 6 G 5 2 0 P
-2 6 G 4 3 0 P
-1 6 G 0 3 0 P
0 6 1 4 0 0 N
1 6 G 2 10 0 P
2 6 G 5 2 0 P
3 6 G 4 3 0 P
4 6 G 0 4 0 P
5 6 0 1 0 0 N
6 6 G 0 10 0 P
7 6 0 2 1 0 N
8 6 B 4 5 0 N
9 6 G 2 5 0 P
10 6 G 5 2 0 P
11 6 G 4 3 0 P
12 6 G 0 4 0 P
13 6 0 1 0 0 N
14 6 G 0 4 0 P
15 6 1 5 0 0 N
16 6 B 4 7 0 N
17 6 G 2 5 0 P
18 6 G 5 2 0 P
19 6 G 4 3 0 P
20 6 G 0 3 0 P
21 6 1 4 0 0 N
22 6 G 2 10 0 P
23 6 G 5 2 0 P
24 6 G 4 3 0 P
25 6 G 0 4 0 P
26 6 0 1 0 0 N
27 6 G 0 10 0 P
28 6 0 2 1 0 N
29 6 B 4 5 0 N
30 6 G 2 5 0 P
31 6 G 5 2 0 P
32 6 G 4 3 0 P
33 6 G 0 4 0 P
34 6 0 1 0 0 N
35 6 G 0 4 0 P
36 6 1 5 0 0 N
37 6 B 4 7 0 N
38 6 G 2 5 0 P
39 6 G 5 2 0 P
40 6 G 4 3 0 P
41 6 G 0 3 0 P
42 6 1 4 0 0 N
43 6 G 2 10 0 P
44 6 G 5 2 0 P
45 6 G 4 3 0 P
46 6 G 0 4 0 P
47 6 0 1 0 0 N
48 6 G 0 4 0 P
49 6 1 5 0 0 N
50 6 B 4 7 0 N
51 6 G 2 5 0 P
52 6 G 5 2 0 P
53 6 G 4 3 0 P
54 6 G 0 3 0 P
55 6 1 4 0 0 N
56 6 G 2 10 0 P
57 6 G 5 2 0 P
58 6 G 4 3 0 P
59 6 G 0 4 0 P
60 6 0 1 0 0 N
61 6 G 0 10 0 P
62 6 0 2 1 0 N
63 6 B 4 5 0 N
64 6 G 2 5 0 P
65 6 G 5 2 0 P
66 6 G 4 3 0 P
67 6 G 0 4 0 P
68 6 0 1 0 0 N
69 6 G 0 4 0 P
70 6 1 5 0 0 N
71 6 B 4 7 0 N
72 6 G 2 5 0 P
73 6 G 5 2 0 P
74 6 G 4 3 0 P
75 6 G 0 3 0 P
76 6 1 4 0 0 N
77 6 G 2 10 0 U
78 6 G 5 2 0 U
79 6 G 4 3 0 U
-79 7 G 1 3 0 U
-78 7 G 2 2 0 U
-77 7 G 5 5 0 U
-76 7 B 1 5 0 N
-75 7 0 5 1 0 N
-74 7 G 3 10 0 U
-73 7 0 4 0 0 N
-72 7 G 3 4 0 P
-71 7 G 1 3 0 P
-70 7 G 2 2 0 P
-69 7 G 5 4 0 P
-68 7 0 4 1 0 N
-67 7 G 3 9 0 U
-58 7 G 1 3 0 U
-57 7 G 2 2 0 U
-56 7 G 5 5 0 U
-55 7 B 1 5 0 N
-54 7 0 5 1 0 N
-53 7 G 3 10 0 P
-52 7 0 4 0 0 N
-51 7 G 3 4 0 P
-50 7 G 1 3 0 P
-49 7 G 2 2 0 P
-48 7 G 5 4 0 P
-47 7 0 4 1 0 N
-46 7 G 3 9 0 P
-45 7 G 1 3 0 P
-44 7 G 2 2 0 P
-43 7 G 5 5 0 P
-42 7 B 1 5 0 N
-41 7 0 5 1 0 N
-40 7 G 3 10 0 P
-39 7 0 4 0 0 N
-38 7 G 3 4 0 P
-37 7 G 1 3 0 P
-36 7 G 2 2 0 P
-35 7 G 5 4 0 P
-34 7 0 4 1 0 N
-33 7 G 3 9 0 P
-32 7 G 1 3 0 P
-31 7 G 2 2 0 P
-30 7 G 5 5 0 P
-29 7 B 1 7 0 N
-28 7 1 2 0 0 N
-27 7 G 3 4 0 P
-26 7 0 4 0 0 N
-25 7 G 3 4 0 P
-24 7 G 1 3 0 P
-23 7 G 2 2 0 P
-22 7 G 5 5 0 P
-21 7 B 1 5 0 N
-20 7 0 5 1 0 N
-19 7 G 3 10 0 P
-18 7 0 4 0 0 N
-17 7 G 3 4 0 P
-16 7 G 1 3 0 P
-15 7 G 2 2 0 P
-14 7 G 5 4 0 P
-13 7 0 4 1 0 N
-12 7 G 3 9 0 P
-11 7 G 1 3 0 P
-10 7 G 2 2 0 P
-9 7 G 5 5 0 P
-8 7 B 1 5 0 N
-7 7 0 5 1 0 N
-6 7 G 3 10 0 P
-5 7 0 4 0 0 N
-4 7 G 3 4 0 P
-3 7 G 1 3 0 P
-2 7 G 2 2 0 P
-1 7 G 5 4 0 P
0 7 0 4 1 0 N
1 7 G 3 9 0 P
2 7 G 1 3 0 P
3 7 G 2 2 0 P
4 7 G 5 5 0 P
5 7 B 1 7 0 N
6 7 1 2 0 0 N
7 7 G 3 4 0 P
8 7 0 4 0 0 N
9 7 G 3 4 0 P
10 7 G 1 3 0 P
11 7 G 2 2 0 P
12 7 G 5 5 0 P
13 7 B 1 5 0 N
14 7 0 5 1 0 N
15 7 G 3 10 0 P
16 7 0 4 0 0 N
17 7 G 3 4 0 P
18 7 G 1 3 0 P
19 7 G 2 2 0 P
20 7 G 5 4 0 P
21 7 0 4 1 0 N
22 7 G 3 9 0 P
23 7 G 1 3 0 P
24 7 G 2 2 0 P
25 7 G 5 5 0 P
26 7 B 1 7 0 N
27 7 1 2 0 0 N
28 7 G 3 4 0 P
29 7 0 4 0 0 N
30 7 G 3 4 0 P
31 7 G 1 3 0 P
32 7 G 2 2 0 P
33 7 G 5 5 0 P
34 7 B 1 5 0 N
35 7 0 5 1 0 N
36 7 G 3 10 0 P
37 7 0 4 0 0 N
38 7 G 3 4 0 P
39 7 G 1 3 0 P
40 7 G 2 2 0 P
41 7 G 5 4 0 P
42 7 0 4 1 0 N
43 7 G 3 9 0 P
44 7 G 1 3 0 P
45 7 G 2 2 0 P
46 7 G 5 5 0 P
47 7 B 1 5 0 N
48 7 0 5 1 0 N
49 7 G 3 10 0 P
50 7 0 4 0 0 N
51 7 G 3 4 0 P
52 7 G 1 3 0 P
53 7 G 2 2 0 P
54 7 G 5 4 0 P
55 7 0 4 1 0 N
56 7 G 3 9 0 P
57 7 G 1 3 0 P
58 7 G 2 2 0 P
59 7 G 5 5 0 P
60 7 B 1 7 0 N
61 7 1 2 0 0 N
62 7 G 3 4 0 P
63 7 0 4 0 0 N
64 7 G 3 4 0 P
65 7 G 1 3 0 P
66 7 G 2 2 0 P
67 7 G 5 5 0 P
68 7 B 1 5 0 N
69 7 0 5 1 0 N
70 7 G 3 10 0 U
71 7 0 4 0 0 N
72 7 G 3 4 0 P
73 7 G 1 3 0 P
74 7 G 2 2 0 P
75 7 G 5 4 0 P
76 7 0 4 1 0 N
77 7 G 3 9 0 U
-80 8 C 0 1 1 N
-79 8 1 0 0 0 N
-78 8 0 0 0 0 N
-77 8 B 0 6 0 N
-76 8 1 5 1 0 N
-75 8 G 4 9 0 U
-74 8 G 0 2 0 U
-73 8 1 4 0 0 N
-72 8 C 0 1 1 N
-71 8 1 0 0 0 N
-70 8 0 0 0 0 N
-69 8 B 0 5 0 N
-68 8 1 4 1 0 N
-59 8 C 0 1 1 N
-58 8 1 0 0 0 N
-57 8 0 0 0 0 N
-56 8 B 0 6 0 N
-55 8 1 5 1 0 N
-54 8 G 4 9 0 P
-53 8 G 0 2 0 P
-52 8 1 4 0 0 N
-51 8 C 0 1 1 N
-50 8 1 0 0 0 N
-49 8 0 0 0 0 N
-48 8 B 0 5 0 N
-47 8 1 4 1 0 N
-46 8 C 0 1 1 N
-45 8 1 0 0 0 N
-44 8 0 0 0 0 N
-43 8 B 0 6 0 N
-42 8 1 5 1 0 N
-41 8 G 4 9 0 P
-40 8 G 0 2 0 P
-39 8 1 4 0 0 N
-38 8 C 0 1 1 N
-37 8 1 0 0 0 N
-36 8 0 0 0 0 N
-35 8 B 0 5 0 N
-34 8 1 4 1 0 N
-33 8 C 0 1 1 N
-32 8 1 0 0 0 N
-31 8 0 0 0 0 N
-30 8 B 0 8 0 N
-29 8 0 2 0 0 N
-28 8 G 4 3 0 P
-27 8 G 0 2 0 P
-26 8 1 4 0 0 N
-25 8 C 0 1 1 N
-24 8 1 0 0 0 N
-23 8 0 0 0 0 N
-22 8 B 0 6 0 N
-21 8 1 5 1 0 N
-20 8 G 4 9 0 P
-19 8 G 0 2 0 P
-18 8 1 4 0 0 N
-17 8 C 0 1 1 N
-16 8 1 0 0 0 N
-15 8 0 0 0 0 N
-14 8 B 0 5 0 N
-13 8 1 4 1 0 N
-12 8 C 0 1 1 N
-11 8 1 0 0 0 N
-10 8 0 0 0 0 N
-9 8 B 0 6 0 N
-8 8 1 5 1 0 N
-7 8 G 4 9 0 P
-6 8 G 0 2 0 P
-5 8 1 4 0 0 N
-4 8 C 0 1 1 N
-3 8 1 0 0 0 N
-2 8 0 0 0 0 N
-1 8 B 0 5 0 N
0 8 1 4 1 0 N
1 8 C 0 1 1 N
2 8 1 0 0 0 N
3 8 0 0 0 0 N
4 8 B 0 8 0 N
5 8 0 2 0 0 N
6 8 G 4 3 0 P
7 8 G 0 2 0 P
8 8 1 4 0 0 N
9 8 C 0 1 1 N
10 8 1 0 0 0 N
11 8 0 0 0 0 N
12 8 B 0 6 0 N
13 8 1 5 1 0 N
14 8 G 4 9 0 P
15 8 G 0 2 0 P
16 8 1 4 0 0 N
17 8 C 0 1 1 N
18 8 1 0 0 0 N
19 8 0 0 0 0 N
20 8 B 0 5 0 N
21 8 1 4 1 0 N
22 8 C 0 1 1 N
23 8 1 0 0 0 N
24 8 0 0 0 0 N
25 8 B 0 8 0 N
26 8 0 2 0 0 N
27 8 G 4 3 0 P
28 8 G 0 2 0 P
29 8 1 4 0 0 N
30 8 C 0 1 1 N
31 8 1 0 0 0 N
32 8 0 0 0 0 N
33 8 B 0 6 0 N
34 8 1 5 1 0 N
35 8 G 4 9 0 P
36 8 G 0 2 0 P
37 8 1 4 0 0 N
38 8 C 0 1 1 N
39 8 1 0 0 0 N
40 8 0 0 0 0 N
41 8 B 0 5 0 N
42 8 1 4 1 0 N
43 8 C 0 1 1 N
44 8 1 0 0 0 N
45 8 0 0 0 0 N
46 8 B 0 6 0 N
47 8 1 5 1 0 N
48 8 G 4 9 0 P
49 8 G 0 2 0 P
50 8 1 4 0 0 N
51 8 C 0 1 1 N
52 8 1 0 0 0 N
53 8 0 0 0 0 N
54 8 B 0 5 0 N
55 8 1 4 1 0 N
56 8 C 0 1 1 N
57 8 1 0 0 0 N
58 8 0 0 0 0 N
59 8 B 0 8 0 N
60 8 0 2 0 0 N
61 8 G 4 3 0 P
62 8 G 0 2 0 P
63 8 1 4 0 0 N
64 8 C 0 1 1 N
65 8 1 0 0 0 N
66 8 0 0 0 0 N
67 8 B 0 6 0 N
68 8 1 5 1 0 N
69 8 G 4 9 0 U
70 8 G 0 2 0 U
71 8 1 4 0 0 N
72 8 C 0 1 1 N
73 8 1 0 0 0 N
74 8 0 0 0 0 N
75 8 B 0 5 0 N
76 8 1 4 1 0 N
-79 9 G 5 4 0 U
-78 9 G 4 5 0 U
-77 9 B 5 2 0 N
-74 9 G 5 3 0 U
-73 9 C 4 1 1 N
-71 9 G 5 4 0 U
-70 9 G 4 5 0 U
-69 9 B 5 6 0 N
-68 9 B 4 2 0 N
-67 9 G 2 5 0 U
-58 9 G 5 4 0 U
-57 9 G 4 5 0 U
-56 9 B 5 2 0 N
-55 9 C 1 1 1 N
-54 9 G 2 3 0 P
-53 9 G 5 3 0 P
-52 9 C 4 1 1 N
-51 9 C 2 1 1 N
-50 9 G 5 4 0 P
-49 9 G 4 5 0 P
-48 9 B 5 6 0 N
-47 9 B 4 2 0 N
-46 9 G 2 5 0 T
-45 9 G 5 4 0 T
-44 9 G 4 5 0 T
-43 9 B 5 2 0 N
-42 9 C 1 1 1 N
-41 9 G 2 3 0 P
-40 9 G 5 3 0 P
-39 9 C 4 1 1 N
-38 9 C 2 1 1 N
-37 9 G 5 4 0 P
-36 9 G 4 5 0 P
-35 9 B 5 6 0 N
-34 9 B 4 2 0 N
-33 9 G 2 5 0 T
-32 9 G 5 4 0 T
-31 9 G 4 5 0 T
-30 9 B 2 1 0 N
-29 9 C 1 1 1 N
-28 9 G 2 3 0 P
-27 9 G 5 3 0 P
-26 9 C 4 1 1 N
-25 9 C 2 1 1 N
-24 9 G 5 4 0 P
-23 9 G 4 5 0 P
-22 9 B 5 2 0 N
-21 9 C 1 1 1 N
-20 9 G 2 3 0 P
-19 9 G 5 3 0 P
-18 9 C 4 1 1 N
-17 9 C 2 1 1 N
-16 9 G 5 4 0 P
-15 9 G 4 5 0 P
-14 9 B 5 6 0 N
-13 9 B 4 2 0 N
-12 9 G 2 5 0 T
-11 9 G 5 4 0 T
-10 9 G 4 5 0 T
-9 9 B 5 2 0 N
-8 9 C 1 1 1 N
-7 9 G 2 3 0 P
-6 9 G 5 3 0 P
-5 9 C 4 1 1 N
-4 9 C 2 1 1 N
-3 9 G 5 4 0 P
-2 9 G 4 5 0 P
-1 9 B 5 6 0 N
0 9 B 4 2 0 N
1 9 G 2 5 0 T
2 9 G 5 4 0 T
3 9 G 4 5 0 T
4 9 B 2 1 0 N
5 9 C 1 1 1 N
6 9 G 2 3 0 P
7 9 G 5 3 0 P
8 9 C 4 1 1 N
9 9 C 2 1 1 N
10 9 G 5 4 0 P
11 9 G 4 5 0 P
12 9 B 5 2 0 N
13 9 C 1 1 1 N
14 9 G 2 3 0 P
15 9 G 5 3 0 P
16 9 C 4 1 1 N
17 9 C 2 1 1 N
18 9 G 5 4 0 P
19 9 G 4 5 0 P
20 9 B 5 6 0 N
21 9 B 4 2 0 N
22 9 G 2 5 0 T
23 9 G 5 4 0 T
24 9 G 4 5 0 T
25 9 B 2 1 0 N
26 9 C 1 1 1 N
27 9 G 2 3 0 P
28 9 G 5 3 0 P
29 9 C 4 1 1 N
30 9 C 2 1 1 N
31 9 G 5 4 0 P
32 9 G 4 5 0 P
33 9 B 5 2 0 N
34 9 C 1 1 1 N
35 9 G 2 3 0 P
36 9 G 5 3 0 P
37 9 C 4 1 1 N
38 9 C 2 1 1 N
39 9 G 5 4 0 P
40 9 G 4 5 0 P
41 9 B 5 6 0 N
42 9 B 4 2 0 N
43 9 G 2 5 0 T
44 9 G 5 4 0 T
45 9 G 4 5 0 T
46 9 B 5 2 0 N
47 9 C 1 1 1 N
48 9 G 2 3 0 P
49 9 G 5 3 0 P
50 9 C 4 1 1 N
51 9 C 2 1 1 N
52 9 G 5 4 0 P
53 9 G 4 5 0 P
54 9 B 5 6 0 N
55 9 B 4 2 0 N
56 9 G 2 5 0 T
57 9 G 5 4 0 T
58 9 G 4 5 0 T
59 9 B 2 1 0 N
60 9 C 1 1 1 N
61 9 G 2 3 0 P
62 9 G 5 3 0 P
63 9 C 4 1 1 N
64 9 C 2 1 1 N
65 9 G 5 4 0 P
66 9 G 4 5 0 P
67 9 B 5 2 0 N
70 9 G 5 3 0 U
71 9 C 4 1 1 N
73 9 G 5 4 0 U
74 9 G 4 5 0 U
75 9 B 5 6 0 N
76 9 B 4 2 0 N
77 9 G 2 5 0 U
-79 10 G 1 2 0 U
-78 10 0 5 0 0 N
-77 10 G 3 5 0 U
-71 10 G 1 2 0 U
-70 10 0 5 0 0 N
-69 10 G 3 5 0 U
-68 10 0 4 0 0 N
-67 10 G 3 4 0 U
-58 10 G 1 2 0 U
-57 10 0 5 0 0 N
-56 10 G 3 5 0 U
-55 10 1 1 0 0 N
-54 10 G 3 2 0 P
-53 10 G 1 4 0 P
-52 10 1 2 0 0 N
-51 10 G 3 3 0 P
-50 10 G 1 2 0 P
-49 10 0 5 0 0 N
-48 10 G 3 5 0 P
-47 10 0 4 0 0 N
-46 10 G 3 4 0 T
-45 10 G 1 2 0 T
-44 10 0 5 0 0 N
-43 10 G 3 5 0 T
-42 10 1 1 0 0 N
-41 10 G 3 2 0 P
-40 10 G 1 4 0 P
-39 10 1 2 0 0 N
-38 10 G 3 3 0 P
-37 10 G 1 2 0 P
-36 10 0 5 0 0 N
-35 10 G 3 5 0 T
-34 10 0 4 0 0 N
-33 10 G 3 4 0 T
-32 10 G 1 4 0 T
-31 10 1 2 0 0 N
-30 10 G 3 3 0 T
-29 10 1 1 0 0 N
-28 10 G 3 2 0 P
-27 10 G 1 4 0 P
-26 10 1 2 0 0 N
-25 10 G 3 3 0 P
-24 10 G 1 2 0 P
-23 10 0 5 0 0 N
-22 10 G 3 5 0 T
-21 10 1 1 0 0 N
-20 10 G 3 2 0 P
-19 10 G 1 4 0 P
-18 10 1 2 0 0 N
-17 10 G 3 3 0 P
-16 10 G 1 2 0 P
-15 10 0 5 0 0 N
-14 10 G 3 5 0 P
-13 10 0 4 0 0 N
-12 10 G 3 4 0 T
-11 10 G 1 2 0 T
-10 10 0 5 0 0 N
-9 10 G 3 5 0 T
-8 10 1 1 0 0 N
-7 10 G 3 2 0 P
-6 10 G 1 4 0 P
-5 10 1 2 0 0 N
-4 10 G 3 3 0 P
-3 10 G 1 2 0 P
-2 10 0 5 0 0 N
-1 10 G 3 5 0 T
0 10 0 4 0 0 N
1 10 G 3 4 0 T
2 10 G 1 4 0 T
3 10 1 2 0 0 N
4 10 G 3 3 0 T
5 10 1 1 0 0 N
6 10 G 3 2 0 P
7 10 G 1 4 0 P
8 10 1 2 0 0 N
9 10 G 3 3 0 P
10 10 G 1 2 0 P
11 10 0 5 0 0 N
12 10 G 3 5 0 T
13 10 1 1 0 0 N
14 10 G 3 2 0 P
15 10 G 1 4 0 P
16 10 1 2 0 0 N
17 10 G 3 3 0 P
18 10 G 1 2 0 P
19 10 0 5 0 0 N
20 10 G 3 5 0 P
21 10 0 4 0 0 N
22 10 G 3 4 0 T
23 10 G 1 4 0 T
24 10 1 2 0 0 N
25 10 G 3 3 0 T
26 10 1 1 0 0 N
27 10 G 3 2 0 P
28 10 G 1 4 0 P
29 10 1 2 0 0 N
30 10 G 3 3 0 P
31 10 G 1 2 0 P
32 10 0 5 0 0 N
33 10 G 3 5 0 T
34 10 1 1 0 0 N
35 10 G 3 2 0 P
36 10 G 1 4 0 P
37 10 1 2 0 0 N
38 10 G 3 3 0 P
39 10 G 1 2 0 P
40 10 0 5 0 0 N
41 10 G 3 5 0 P
42 10 0 4 0 0 N
43 10 G 3 4 0 T
44 10 G 1 2 0 T
45 10 0 5 0 0 N
46 10 G 3 5 0 T
47 10 1 1 0 0 N
48 10 G 3 2 0 P
49 10 G 1 4 0 P
50 10 1 2 0 0 N
51 10 G 3 3 0 P
52 10 G 1 2 0 P
53 10 0 5 0 0 N
54 10 G 3 5 0 T
55 10 0 4 0 0 N
56 10 G 3 4 0 T
57 10 G 1 4 0 T
58 10 1 2 0 0 N
59 10 G 3 3 0 T
60 10 1 1 0 0 N
61 10 G 3 2 0 P
62 10 G 1 4 0 P
63 10 1 2 0 0 N
64 10 G 3 3 0 P
65 10 G 1 2 0 P
66 10 0 5 0 0 N
67 10 G 3 5 0 U
73 10 G 1 2 0 U
74 10 0 5 0 0 N
75 10 G 3 5 0 U
76 10 0 4 0 0 N
77 10 G 3 4 0 U
-80 11 G 0 3 0 U
-79 11 1 5 0 0 N
-78 11 G 4 4 0 U
-72 11 G 0 3 0 U
-71 11 1 5 0 0 N
-70 11 G 4 4 0 U
-69 11 G 0 2 0 U
-68 11 1 4 0 0 N
-59 11 G 0 3 0 U
-58 11 1 5 0 0 N
-57 11 G 4 4 0 U
-56 11 G 0 4 0 U
-55 11 0 1 0 0 N
-54 11 G 0 5 0 P
-53 11 0 2 0 0 N
-52 11 G 4 2 0 P
-51 11 G 0 3 0 P
-50 11 1 5 0 0 N
-49 11 G 4 4 0 P
-48 11 G 0 2 0 P
-47 11 1 4 0 0 N
-46 11 G 0 3 0 T
-45 11 1 5 0 0 N
-44 11 G 4 4 0 T
-43 11 G 0 4 0 T
-42 11 0 1 0 0 N
-41 11 G 0 5 0 P
-40 11 0 2 0 0 N
-39 11 G 4 2 0 P
-38 11 G 0 3 0 P
-37 11 1 5 0 0 N
-36 11 G 4 4 0 T
-35 11 G 0 2 0 T
-34 11 1 4 0 0 N
-33 11 G 0 5 0 T
-32 11 0 2 0 0 N
-31 11 G 4 2 0 T
-30 11 G 0 4 0 T
-29 11 0 1 0 0 N
-28 11 G 0 5 0 P
-27 11 0 2 0 0 N
-26 11 G 4 2 0 P
-25 11 G 0 3 0 P
-24 11 1 5 0 0 N
-23 11 G 4 4 0 T
-22 11 G 0 4 0 T
-21 11 0 1 0 0 N
-20 11 G 0 5 0 P
-19 11 0 2 0 0 N
-18 11 G 4 2 0 P
-17 11 G 0 3 0 P
-16 11 1 5 0 0 N
-15 11 G 4 4 0 P
-14 11 G 0 2 0 P
-13 11 1 4 0 0 N
-12 11 G 0 3 0 T
-11 11 1 5 0 0 N
-10 11 G 4 4 0 T
-9 11 G 0 4 0 T
-8 11 0 1 0 0 N
-7 11 G 0 5 0 P
-6 11 0 2 0 0 N
-5 11 G 4 2 0 P
-4 11 G 0 3 0 P
-3 11 1 5 0 0 N
-2 11 G 4 4 0 T
-1 11 G 0 2 0 T
0 11 1 4 0 0 N
1 11 G 0 5 0 T
2 11 0 2 0 0 N
3 11 G 4 2 0 T
4 11 G 0 4 0 T
5 11 0 1 0 0 N
6 11 G 0 5 0 P
7 11 0 2 0 0 N
8 11 G 4 2 0 P
9 11 G 0 3 0 P
10 11 1 5 0 0 N
11 11 G 4 4 0 T
12 11 G 0 4 0 T
13 11 0 1 0 0 N
14 11 G 0 5 0 P
15 11 0 2 0 0 N
16 11 G 4 2 0 P
17 11 G 0 3 0 P
18 11 1 5 0 0 N
19 11 G 4 4 0 P
20 11 G 0 2 0 P
21 11 1 4 0 0 N
22 11 G 0 5 0 T
23 11 0 2 0 0 N
24 11 G 4 2 0 T
25 11 G 0 4 0 T
26 11 0 1 0 0 N
27 11 G 0 5 0 P
28 11 0 2 0 0 N
29 11 G 4 2 0 P
30 11 G 0 3 0 P
31 11 1 5 0 0 N
32 11 G 4 4 0 T
33 11 G 0 4 0 T
34 11 0 1 0 0 N
35 11 G 0 5 0 P
36 11 0 2 0 0 N
37 11 G 4 2 0 P
38 11 G 0 3 0 P
39 11 1 5 0 0 N
40 11 G 4 4 0 P
41 11 G 0 2 0 P
42 11 1 4 0 0 N
43 11 G 0 3 0 T
44 11 1 5 0 0 N
45 11 G 4 4 0 T
46 11 G 0 4 0 T
47 11 0 1 0 0 N
48 11 G 0 5 0 P
49 11 0 2 0 0 N
50 11 G 4 2 0 P
51 11 G 0 3 0 P
52 11 1 5 0 0 N
53 11 G 4 4 0 T
54 11 G 0 2 0 T
55 11 1 4 0 0 N
56 11 G 0 5 0 T
57 11 0 2 0 0 N
58 11 G 4 2 0 T
59 11 G 0 4 0 T
60 11 0 1 0 0 N
61 11 G 0 5 0 P
62 11 0 2 0 0 N
63 11 G 4 2 0 P
64 11 G 0 3 0 P
65 11 1 5 0 0 N
66 11 G 4 4 0 U
72 11 G 0 3 0 U
73 11 1 5 0 0 N
74 11 G 4 4 0 U
75 11 G 0 2 0 U
76 11 1 4 0 0 N
-80 12 C 5 1 1 N
-72 12 C 5 1 1 N
-69 12 G 5 3 0 U
-68 12 C 4 1 1 N
-59 12 C 5 1 1 N
-56 12 G 5 5 0 U
-55 12 B 1 2 0 N
-54 12 B 2 6 0 N
-53 12 G 1 5 0 P
-52 12 G 2 4 0 P
-51 12 C 5 1 1 N
-50 12 C 1 1 1 N
-49 12 G 2 3 0 P
-48 12 G 5 3 0 P
-47 12 C 4 1 1 N
-46 12 B 5 1 0 N
-45 12 G 1 5 0 T
-44 12 G 2 4 0 T
-43 12 G 5 5 0 T
-42 12 B 1 8 0 N
-41 12 B 2 7 0 N
-40 12 G 1 10 0 P
-39 12 G 2 9 0 P
-38 12 C 5 1 1 N
-37 12 G 1 5 0 T
-36 12 G 2 4 0 T
-35 12 G 5 3 0 T
-34 12 B 4 1 0 N
-33 12 B 2 8 0 N
-32 12 G 1 5 0 T
-31 12 G 2 4 0 T
-30 12 G 5 5 0 T
-29 12 B 1 8 0 N
-28 12 B 2 7 0 N
-27 12 G 1 10 0 P
-26 12 G 2 9 0 P
-25 12 C 5 1 1 N
-24 12 G 1 5 0 T
-23 12 G 2 4 0 T
-22 12 G 5 5 0 T
-21 12 B 1 2 0 N
-20 12 B 2 6 0 N
-19 12 G 1 5 0 P
-18 12 G 2 4 0 P
-17 12 C 5 1 1 N
-16 12 C 1 1 1 N
-15 12 G 2 3 0 P
-14 12 G 5 3 0 P
-13 12 C 4 1 1 N
-12 12 B 5 1 0 N
-11 12 G 1 5 0 T
-10 12 G 2 4 0 T
-9 12 G 5 5 0 T
-8 12 B 1 8 0 N
-7 12 B 2 7 0 N
-6 12 G 1 10 0 P
-5 12 G 2 9 0 P
-4 12 C 5 1 1 N
-3 12 G 1 5 0 T
-2 12 G 2 4 0 T
-1 12 G 5 3 0 T
0 12 B 4 1 0 N
1 12 B 2 8 0 N
2 12 G 1 5 0 T
3 12 G 2 4 0 T
4 12 G 5 5 0 T
5 12 B 1 8 0 N
6 12 B 2 7 0 N
7 12 G 1 10 0 P
8 12 G 2 9 0 P
9 12 C 5 1 1 N
10 12 G 1 5 0 T
11 12 G 2 4 0 T
12 12 G 5 5 0 T
13 12 B 1 2 0 N
14 12 B 2 6 0 N
15 12 G 1 5 0 P
16 12 G 2 4 0 P
17 12 C 5 1 1 N
18 12 C 1 1 1 N
19 12 G 2 3 0 P
20 12 G 5 3 0 P
21 12 C 4 1 1 N
22 12 B 2 2 0 N
23 12 G 1 5 0 T
24 12 G 2 4 0 T
25 12 G 5 5 0 T
26 12 B 1 8 0 N
27 12 B 2 7 0 N
28 12 G 1 10 0 P
29 12 G 2 9 0 P
30 12 C 5 1 1 N
31 12 G 1 5 0 T
32 12 G 2 4 0 T
33 12 G 5 5 0 T
34 12 B 1 2 0 N
35 12 B 2 6 0 N
36 12 G 1 5 0 P
37 12 G 2 4 0 P
38 12 C 5 1 1 N
39 12 C 1 1 1 N
40 12 G 2 3 0 P
41 12 G 5 3 0 P
42 12 C 4 1 1 N
43 12 B 5 1 0 N
44 12 G 1 5 0 T
45 12 G 2 4 0 T
46 12 G 5 5 0 T
47 12 B 1 8 0 N
48 12 B 2 7 0 N
49 12 G 1 10 0 P
50 12 G 2 9 0 P
51 12 C 5 1 1 N
52 12 G 1 5 0 T
53 12 G 2 4 0 T
54 12 G 5 3 0 T
55 12 B 4 1 0 N
56 12 B 2 8 0 N
57 12 G 1 5 0 T
58 12 G 2 4 0 T
59 12 G 5 5 0 T
60 12 B 1 8 0 N
61 12 B 2 7 0 N
62 12 G 1 10 0 P
63 12 G 2 9 0 P
64 12 C 5 1 1 N
65 12 G 1 5 0 U
66 12 G 2 4 0 U
72 12 C 5 1 1 N
75 12 G 5 3 0 U
76 12 C 4 1 1 N
-55 13 1 1 1 0 N
-54 13 B 3 5 0 N
-53 13 0 3 0 0 N
-52 13 1 3 0 0 N
-51 13 C 3 1 1 N
-50 13 1 1 0 0 N
-49 13 G 3 2 0 P
-48 13 G 1 3 0 P
-47 13 0 5 0 0 N
-46 13 B 3 8 0 N
-45 13 0 3 0 0 N
-44 13 1 3 0 0 N
-43 13 B 3 1 0 N
-42 13 0 3 0 0 N
-41 13 1 3 0 0 N
-40 13 0 3 1 0 N
-39 13 1 3 1 0 N
-38 13 B 3 2 0 N
-37 13 0 3 0 0 N
-36 13 1 3 0 0 N
-35 13 C 3 1 1 N
-34 13 0 4 0 0 N
-33 13 B 3 7 0 N
-32 13 0 3 0 0 N
-31 13 1 3 0 0 N
-30 13 B 3 1 0 N
-29 13 0 3 0 0 N
-28 13 1 3 0 0 N
-27 13 0 3 1 0 N
-26 13 1 3 1 0 N
-25 13 B 3 2 0 N
-24 13 0 3 0 0 N
-23 13 1 3 0 0 N
-22 13 C 3 1 1 N
-21 13 1 1 1 0 N
-20 13 B 3 5 0 N
-19 13 0 3 0 0 N
-18 13 1 3 0 0 N
-17 13 C 3 1 1 N
-16 13 1 1 0 0 N
-15 13 G 3 2 0 P
-14 13 G 1 3 0 P
-13 13 0 5 0 0 N
-12 13 B 3 8 0 N
-11 13 0 3 0 0 N
-10 13 1 3 0 0 N
-9 13 B 3 1 0 N
-8 13 0 3 0 0 N
-7 13 1 3 0 0 N
-6 13 0 3 1 0 N
-5 13 1 3 1 0 N
-4 13 B 3 2 0 N
-3 13 0 3 0 0 N
-2 13 1 3 0 0 N
-1 13 C 3 1 1 N
0 13 0 4 0 0 N
1 13 B 3 7 0 N
2 13 0 3 0 0 N
3 13 1 3 0 0 N
4 13 B 3 1 0 N
5 13 0 3 0 0 N
6 13 1 3 0 0 N
7 13 0 3 1 0 N
8 13 1 3 1 0 N
9 13 B 3 2 0 N
10 13 0 3 0 0 N
11 13 1 3 0 0 N
12 13 C 3 1 1 N
13 13 1 1 1 0 N
14 13 B 3 5 0 N
15 13 0 3 0 0 N
16 13 1 3 0 0 N
17 13 C 3 1 1 N
18 13 1 1 0 0 N
19 13 G 3 2 0 P
20 13 G 1 9 0 P
21 13 1 2 1 0 N
22 13 B 3 6 0 N
23 13 0 3 0 0 N
24 13 1 3 0 0 N
25 13 B 3 1 0 N
26 13 0 3 0 0 N
27 13 1 3 0 0 N
28 13 0 3 1 0 N
29 13 1 3 1 0 N
30 13 B 3 2 0 N
31 13 0 3 0 0 N
32 13 1 3 0 0 N
33 13 C 3 1 1 N
34 13 1 1 1 0 N
35 13 B 3 5 0 N
36 13 0 3 0 0 N
37 13 1 3 0 0 N
38 13 C 3 1 1 N
39 13 1 1 0 0 N
40 13 G 3 2 0 P
41 13 G 1 3 0 P
42 13 0 5 0 0 N
43 13 B 3 8 0 N
44 13 0 3 0 0 N
45 13 1 3 0 0 N
46 13 B 3 1 0 N
47 13 0 3 0 0 N
48 13 1 3 0 0 N
49 13 0 3 1 0 N
50 13 1 3 1 0 N
51 13 B 3 2 0 N
52 13 0 3 0 0 N
53 13 1 3 0 0 N
54 13 C 3 1 1 N
55 13 0 4 0 0 N
56 13 B 3 7 0 N
57 13 0 3 0 0 N
58 13 1 3 0 0 N
59 13 B 3 1 0 N
60 13 0 3 0 0 N
61 13 1 3 0 0 N
62 13 0 3 1 0 N
63 13 1 3 1 0 N
64 13 B 3 2 0 N
65 13 0 3 0 0 N
66 13 1 3 0 0 N
67 13 C 3 1 1 N
-56 14 G 0 9 0 U
-55 14 0 1 1 0 N
-54 14 G 2 4 0 P
-53 14 G 5 2 0 P
-52 14 G 4 3 0 P
-51 14 G 0 4 0 P
-50 14 0 1 0 0 N
-49 14 G 0 4 0 P
-48 14 1 5 0 0 N
-47 14 B 4 7 0 N
-46 14 G 2 5 0 T
-45 14 G 5 2 0 T
-44 14 G 4 3 0 T
-43 14 C 2 1 1 N
-42 14 G 5 3 0 P
-41 14 G 4 4 0 P
-40 14 B 5 5 0 N
-39 14 B 4 6 0 N
-38 14 G 2 5 0 P
-37 14 G 5 2 0 P
-36 14 G 4 3 0 P
-35 14 G 0 3 0 P
-34 14 1 4 0 0 N
-33 14 G 2 10 0 T
-32 14 G 5 2 0 T
-31 14 G 4 3 0 T
-30 14 C 2 1 1 N
-29 14 G 5 3 0 P
-28 14 G 4 4 0 P
-27 14 B 5 5 0 N
-26 14 B 4 6 0 N
-25 14 G 2 5 0 P
-24 14 G 5 2 0 P
-23 14 G 4 3 0 P
-22 14 G 0 9 0 P
-21 14 0 1 1 0 N
-20 14 G 2 4 0 P
-19 14 G 5 2 0 P
-18 14 G 4 3 0 P
-17 14 G 0 4 0 P
-16 14 0 1 0 0 N
-15 14 G 0 4 0 P
-14 14 1 5 0 0 N
-13 14 B 4 7 0 N
-12 14 G 2 5 0 T
-11 14 G 5 2 0 T
-10 14 G 4 3 0 T
-9 14 C 2 1 1 N
-8 14 G 5 3 0 P
-7 14 G 4 4 0 P
-6 14 B 5 5 0 N
-5 14 B 4 6 0 N
-4 14 G 2 5 0 P
-3 14 G 5 2 0 P
-2 14 G 4 3 0 P
-1 14 G 0 3 0 P
0 14 1 4 0 0 N
1 14 G 2 10 0 T
2 14 G 5 2 0 T
3 14 G 4 3 0 T
4 14 C 2 1 1 N
5 14 G 5 3 0 P
6 14 G 4 4 0 P
7 14 B 5 5 0 N
8 14 B 4 6 0 N
9 14 G 2 5 0 P
10 14 G 5 2 0 P
11 14 G 4 3 0 P
12 14 G 0 9 0 P
13 14 0 1 1 0 N
14 14 G 2 4 0 P
15 14 G 5 2 0 P
16 14 G 4 3 0 P
17 14 G 0 4 0 P
18 14 0 1 0 0 N
19 14 G 0 10 0 P
20 14 0 2 1 0 N
21 14 B 4 5 0 N
22 14 G 2 5 0 T
23 14 G 5 2 0 T
24 14 G 4 3 0 T
25 14 C 2 1 1 N
26 14 G 5 3 0 P
27 14 G 4 4 0 P
28 14 B 5 5 0 N
29 14 B 4 6 0 N
30 14 G 2 5 0 P
31 14 G 5 2 0 P
32 14 G 4 3 0 P
33 14 G 0 9 0 P
34 14 0 1 1 0 N
35 14 G 2 4 0 P
36 14 G 5 2 0 P
37 14 G 4 3 0 P
38 14 G 0 4 0 P
39 14 0 1 0 0 N
40 14 G 0 4 0 P
41 14 1 5 0 0 N
42 14 B 4 7 0 N
43 14 G 2 5 0 T
44 14 G 5 2 0 T
45 14 G 4 3 0 T
46 14 C 2 1 1 N
47 14 G 5 3 0 P
48 14 G 4 4 0 P
49 14 B 5 5 0 N
50 14 B 4 6 0 N
51 14 G 2 5 0 P
52 14 G 5 2 0 P
53 14 G 4 3 0 P
54 14 G 0 3 0 P
55 14 1 4 0 0 N
56 14 G 2 10 0 T
57 14 G 5 2 0 T
58 14 G 4 3 0 T
59 14 C 2 1 1 N
60 14 G 5 3 0 P
61 14 G 4 4 0 P
62 14 B 5 5 0 N
63 14 B 4 6 0 N
64 14 G 2 5 0 U
65 14 G 5 2 0 U
66 14 G 4 3 0 U
-58 15 G 1 3 0 U
-57 15 G 2 2 0 U
-56 15 G 5 10 0 U
-55 15 1 1 0 0 N
-54 15 G 3 3 0 P
-53 15 G 1 3 0 P
-52 15 G 2 2 0 P
-51 15 G 5 5 0 P
-50 15 B 1 5 0 N
-49 15 0 5 1 0 N
-48 15 G 3 10 0 T
-47 15 0 4 0 0 N
-46 15 G 3 4 0 T
-45 15 G 1 4 0 T
-44 15 1 2 0 0 N
-43 15 G 3 3 0 P
-42 15 G 1 2 0 P
-41 15 0 5 0 0 N
-40 15 G 3 5 0 P
-39 15 0 4 0 0 N
-38 15 G 3 4 0 P
-37 15 G 1 3 0 P
-36 15 G 2 2 0 P
-35 15 G 5 4 0 P
-34 15 0 4 1 0 N
-33 15 G 3 9 0 T
-32 15 G 1 4 0 T
-31 15 1 2 0 0 N
-30 15 G 3 3 0 P
-29 15 G 1 2 0 P
-28 15 0 5 0 0 N
-27 15 G 3 5 0 P
-26 15 0 4 0 0 N
-25 15 G 3 4 0 P
-24 15 G 1 3 0 P
-23 15 G 2 2 0 P
-22 15 G 5 10 0 P
-21 15 1 1 0 0 N
-20 15 G 3 3 0 P
-19 15 G 1 3 0 P
-18 15 G 2 2 0 P
-17 15 G 5 5 0 P
-16 15 B 1 5 0 N
-15 15 0 5 1 0 N
-14 15 G 3 10 0 T
-13 15 0 4 0 0 N
-12 15 G 3 4 0 T
-11 15 G 1 4 0 T
-10 15 1 2 0 0 N
-9 15 G 3 3 0 P
-8 15 G 1 2 0 P
-7 15 0 5 0 0 N
-6 15 G 3 5 0 P
-5 15 0 4 0 0 N
-4 15 G 3 4 0 P
-3 15 G 1 3 0 P
-2 15 G 2 2 0 P
-1 15 G 5 4 0 P
0 15 0 4 1 0 N
1 15 G 3 9 0 T
2 15 G 1 4 0 T
3 15 1 2 0 0 N
4 15 G 3 3 0 P
5 15 G 1 2 0 P
6 15 0 5 0 0 N
7 15 G 3 5 0 P
8 15 0 4 0 0 N
9 15 G 3 4 0 P
10 15 G 1 3 0 P
11 15 G 2 2 0 P
12 15 G 5 10 0 P
13 15 1 1 0 0 N
14 15 G 3 3 0 P
15 15 G 1 3 0 P
16 15 G 2 2 0 P
17 15 G 5 5 0 P
18 15 B 1 7 0 N
19 15 1 2 0 0 N
20 15 G 3 4 0 T
21 15 0 4 0 0 N
22 15 G 3 4 0 T
23 15 G 1 4 0 T
24 15 1 2 0 0 N
25 15 G 3 3 0 P
26 15 G 1 2 0 P
27 15 0 5 0 0 N
28 15 G 3 5 0 P
29 15 0 4 0 0 N
30 15 G 3 4 0 P
31 15 G 1 3 0 P
32 15 G 2 2 0 P
33 15 G 5 10 0 P
34 15 1 1 0 0 N
35 15 G 3 3 0 P
36 15 G 1 3 0 P
37 15 G 2 2 0 P
38 15 G 5 5 0 P
39 15 B 1 5 0 N
40 15 0 5 1 0 N
41 15 G 3 10 0 T
42 15 0 4 0 0 N
43 15 G 3 4 0 T
44 15 G 1 4 0 T
45 15 1 2 0 0 N
46 15 G 3 3 0 P
47 15 G 1 2 0 P
48 15 0 5 0 0 N
49 15 G 3 5 0 P
50 15 0 4 0 0 N
51 15 G 3 4 0 P
52 15 G 1 3 0 P
53 15 G 2 2 0 P
54 15 G 5 4 0 P
55 15 0 4 1 0 N
56 15 G 3 9 0 T
57 15 G 1 4 0 T
58 15 1 2 0 0 N
59 15 G 3 3 0 P
60 15 G 1 2 0 P
61 15 0 5 0 0 N
62 15 G 3 5 0 U
63 15 0 4 0 0 N
64 15 G 3 4 0 U
-59 16 C 0 1 1 N
-58 16 1 0 0 0 N
-57 16 0 0 0 0 N
-56 16 B 0 7 0 N
-55 16 0 1 0 0 N
-54 16 C 0 1 1 N
-53 16 1 0 0 0 N
-52 16 0 0 0 0 N
-51 16 B 0 6 0 N
-50 16 1 5 1 0 N
-49 16 G 4 9 0 T
-48 16 G 0 2 0 T
-47 16 1 4 0 0 N
-46 16 G 0 5 0 T
-45 16 0 2 0 0 N
-44 16 G 4 2 0 P
-43 16 G 0 3 0 P
-42 16 1 5 0 0 N
-41 16 G 4 4 0 P
-40 16 G 0 2 0 P
-39 16 1 4 0 0 N
-38 16 C 0 1 1 N
-37 16 1 0 0 0 N
-36 16 0 0 0 0 N
-35 16 B 0 5 0 N
-34 16 1 4 1 0 N
-33 16 G 0 5 0 T
-32 16 0 2 0 0 N
-31 16 G 4 2 0 P
-30 16 G 0 3 0 P
-29 16 1 5 0 0 N
-28 16 G 4 4 0 P
-27 16 G 0 2 0 P
-26 16 1 4 0 0 N
-25 16 C 0 1 1 N
-24 16 1 0 0 0 N
-23 16 0 0 0 0 N
-22 16 B 0 7 0 N
-21 16 0 1 0 0 N
-20 16 C 0 1 1 N
-19 16 1 0 0 0 N
-18 16 0 0 0 0 N
-17 16 B 0 6 0 N
-16 16 1 5 1 0 N
-15 16 G 4 9 0 T
-14 16 G 0 2 0 T
-13 16 1 4 0 0 N
-12 16 G 0 5 0 T
-11 16 0 2 0 0 N
-10 16 G 4 2 0 P
-9 16 G 0 3 0 P
-8 16 1 5 0 0 N
-7 16 G 4 4 0 P
-6 16 G 0 2 0 P
-5 16 1 4 0 0 N
-4 16 C 0 1 1 N
-3 16 1 0 0 0 N
-2 16 0 0 0 0 N
-1 16 B 0 5 0 N
0 16 1 4 1 0 N
1 16 G 0 5 0 T
2 16 0 2 0 0 N
3 16 G 4 2 0 P
4 16 G 0 3 0 P
5 16 1 5 0 0 N
6 16 G 4 4 0 P
7 16 G 0 2 0 P
8 16 1 4 0 0 N
9 16 C 0 1 1 N
10 16 1 0 0 0 N
11 16 0 0 0 0 N
12 16 B 0 7 0 N
13 16 0 1 0 0 N
14 16 C 0 1 1 N
15 16 1 0 0 0 N
16 16 0 0 0 0 N
17 16 B 0 8 0 N
18 16 0 2 0 0 N
19 16 G 4 3 0 T
20 16 G 0 2 0 T
21 16 1 4 0 0 N
22 16 G 0 5 0 T
23 16 0 2 0 0 N
24 16 G 4 2 0 P
25 16 G 0 3 0 P
26 16 1 5 0 0 N
27 16 G 4 4 0 P
28 16 G 0 2 0 P
29 16 1 4 0 0 N
30 16 C 0 1 1 N
31 16 1 0 0 0 N
32 16 0 0 0 0 N
33 16 B 0 7 0 N
34 16 0 1 0 0 N
35 16 C 0 1 1 N
36 16 1 0 0 0 N
37 16 0 0 0 0 N
38 16 B 0 6 0 N
39 16 1 5 1 0 N
40 16 G 4 9 0 T
41 16 G 0 2 0 T
42 16 1 4 0 0 N
43 16 G 0 5 0 T
44 16 0 2 0 0 N
45 16 G 4 2 0 P
46 16 G 0 3 0 P
47 16 1 5 0 0 N
48 16 G 4 4 0 P
49 16 G 0 2 0 P
50 16 1 4 0 0 N
51 16 C 0 1 1 N
52 16 1 0 0 0 N
53 16 0 0 0 0 N
54 16 B 0 5 0 N
55 16 1 4 1 0 N
56 16 G 0 5 0 T
57 16 0 2 0 0 N
58 16 G 4 2 0 P
59 16 G 0 3 0 P
60 16 1 5 0 0 N
61 16 G 4 4 0 U
62 16 G 0 2 0 U
63 16 1 4 0 0 N
-63 17 C 1 1 1 N
-62 17 G 2 3 0 U
-59 17 C 2 1 1 N
-58 17 G 5 4 0 P
-57 17 G 4 5 0 P
-56 17 B 5 8 0 N
-55 17 B 1 1 0 N
-54 17 G 2 3 0 T
-53 17 G 5 4 0 T
-52 17 G 4 5 0 T
-51 17 B 5 2 0 N
-50 17 G 1 5 0 T
-49 17 G 2 4 0 T
-48 17 G 5 3 0 T
-47 17 B 4 1 0 N
-46 17 B 2 8 0 N
-45 17 G 1 5 0 P
-44 17 G 2 4 0 P
-43 17 C 5 1 1 N
-42 17 C 1 1 1 N
-41 17 G 2 3 0 P
-40 17 G 5 3 0 P
-39 17 C 4 1 1 N
-38 17 C 2 1 1 N
-37 17 G 5 4 0 P
-36 17 G 4 5 0 P
-35 17 B 5 6 0 N
-34 17 B 4 2 0 N
-33 17 B 2 8 0 N
-32 17 G 1 5 0 P
-31 17 G 2 4 0 P
-30 17 C 5 1 1 N
-29 17 C 1 1 1 N
-28 17 G 2 3 0 P
-27 17 G 5 3 0 P
-26 17 C 4 1 1 N
-25 17 C 2 1 1 N
-24 17 G 5 4 0 P
-23 17 G 4 5 0 P
-22 17 B 5 8 0 N
-21 17 B 1 1 0 N
-20 17 G 2 3 0 T
-19 17 G 5 4 0 T
-18 17 G 4 5 0 T
-17 17 B 5 2 0 N
-16 17 G 1 5 0 T
-15 17 G 2 4 0 T
-14 17 G 5 3 0 T
-13 17 B 4 1 0 N
-12 17 B 2 8 0 N
-11 17 G 1 5 0 P
-10 17 G 2 4 0 P
-9 17 C 5 1 1 N
-8 17 C 1 1 1 N
-7 17 G 2 3 0 P
-6 17 G 5 3 0 P
-5 17 C 4 1 1 N
-4 17 C 2 1 1 N
-3 17 G 5 4 0 P
-2 17 G 4 5 0 P
-1 17 B 5 6 0 N
0 17 B 4 2 0 N
1 17 B 2 8 0 N
2 17 G 1 5 0 P
3 17 G 2 4 0 P
4 17 C 5 1 1 N
5 17 C 1 1 1 N
6 17 G 2 3 0 P
7 17 G 5 3 0 P
8 17 C 4 1 1 N
9 17 C 2 1 1 N
10 17 G 5 4 0 P
11 17 G 4 5 0 P
12 17 B 5 8 0 N
13 17 B 1 1 0 N
14 17 G 2 3 0 T
15 17 G 5 4 0 T
16 17 G 4 5 0 T
17 17 B 2 2 0 N
18 17 G 1 5 0 T
19 17 G 2 4 0 T
20 17 G 5 3 0 T
21 17 B 4 1 0 N
22 17 B 2 8 0 N
23 17 G 1 5 0 P
24 17 G 2 4 0 P
25 17 C 5 1 1 N
26 17 C 1 1 1 N
27 17 G 2 3 0 P
28 17 G 5 3 0 P
29 17 C 4 1 1 N
30 17 C 2 1 1 N
31 17 G 5 4 0 P
32 17 G 4 5 0 P
33 17 B 5 8 0 N
34 17 B 1 1 0 N
35 17 G 2 3 0 T
36 17 G 5 4 0 T
37 17 G 4 5 0 T
38 17 B 5 2 0 N
39 17 G 1 5 0 T
40 17 G 2 4 0 T
41 17 G 5 3 0 T
42 17 B 4 1 0 N
43 17 B 2 8 0 N
44 17 G 1 5 0 P
45 17 G 2 4 0 P
46 17 C 5 1 1 N
47 17 C 1 1 1 N
48 17 G 2 3 0 P
49 17 G 5 3 0 P
50 17 C 4 1 1 N
51 17 C 2 1 1 N
52 17 G 5 4 0 P
53 17 G 4 5 0 P
54 17 B 5 6 0 N
55 17 B 4 2 0 N
56 17 B 2 8 0 N
57 17 G 1 5 0 P
58 17 G 2 4 0 P
59 17 C 5 1 1 N
62 17 G 5 3 0 U
63 17 C 4 1 1 N
-63 18 1 1 0 0 N
-62 18 G 3 2 0 U
-61 18 G 1 4 0 U
-60 18 1 2 0 0 N
-59 18 G 3 3 0 P
-58 18 G 1 2 0 P
-57 18 0 5 0 0 N
-56 18 G 3 5 0 T
-55 18 1 1 0 0 N
-54 18 G 3 2 0 T
-53 18 G 1 3 0 T
-52 18 0 5 0 0 N
-51 18 B 3 8 0 N
-50 18 0 3 0 0 N
-49 18 1 3 0 0 N
-48 18 C 3 1 1 N
-47 18 0 4 0 0 N
-46 18 B 3 7 0 N
-45 18 0 3 0 0 N
-44 18 1 3 0 0 N
-43 18 C 3 1 1 N
-42 18 1 1 0 0 N
-41 18 G 3 2 0 P
-40 18 G 1 4 0 P
-39 18 1 2 0 0 N
-38 18 G 3 3 0 P
-37 18 G 1 2 0 P
-36 18 0 5 0 0 N
-35 18 G 3 5 0 T
-34 18 0 4 0 0 N
-33 18 B 3 7 0 N
-32 18 0 3 0 0 N
-31 18 1 3 0 0 N
-30 18 C 3 1 1 N
-29 18 1 1 0 0 N
-28 18 G 3 2 0 P
-27 18 G 1 4 0 P
-26 18 1 2 0 0 N
-25 18 G 3 3 0 P
-24 18 G 1 2 0 P
-23 18 0 5 0 0 N
-22 18 G 3 5 0 T
-21 18 1 1 0 0 N
-20 18 G 3 2 0 T
-19 18 G 1 3 0 T
-18 18 0 5 0 0 N
-17 18 B 3 8 0 N
-16 18 0 3 0 0 N
-15 18 1 3 0 0 N
-14 18 C 3 1 1 N
-13 18 0 4 0 0 N
-12 18 B 3 7 0 N
-11 18 0 3 0 0 N
-10 18 1 3 0 0 N
-9 18 C 3 1 1 N
-8 18 1 1 0 0 N
-7 18 G 3 2 0 P
-6 18 G 1 4 0 P
-5 18 1 2 0 0 N
-4 18 G 3 3 0 P
-3 18 G 1 2 0 P
-2 18 0 5 0 0 N
-1 18 G 3 5 0 T
0 18 0 4 0 0 N
1 18 B 3 7 0 N
2 18 0 3 0 0 N
3 18 1 3 0 0 N
4 18 C 3 1 1 N
5 18 1 1 0 0 N
6 18 G 3 2 0 P
7 18 G 1 4 0 P
8 18 1 2 0 0 N
9 18 G 3 3 0 P
10 18 G 1 2 0 P
11 18 0 5 0 0 N
12 18 G 3 5 0 T
13 18 1 1 0 0 N
14 18 G 3 2 0 T
15 18 G 1 9 0 T
16 18 1 2 1 0 N
17 18 B 3 6 0 N
18 18 0 3 0 0 N
19 18 1 3 0 0 N
20 18 C 3 1 1 N
21 18 0 4 0 0 N
22 18 B 3 7 0 N
23 18 0 3 0 0 N
24 18 1 3 0 0 N
25 18 C 3 1 1 N
26 18 1 1 0 0 N
27 18 G 3 2 0 P
28 18 G 1 4 0 P
29 18 1 2 0 0 N
30 18 G 3 3 0 P
31 18 G 1 2 0 P
32 18 0 5 0 0 N
33 18 G 3 5 0 T
34 18 1 1 0 0 N
35 18 G 3 2 0 T
36 18 G 1 3 0 T
37 18 0 5 0 0 N
38 18 B 3 8 0 N
39 18 0 3 0 0 N
40 18 1 3 0 0 N
41 18 C 3 1 1 N
42 18 0 4 0 0 N
43 18 B 3 7 0 N
44 18 0 3 0 0 N
45 18 1 3 0 0 N
46 18 C 3 1 1 N
47 18 1 1 0 0 N
48 18 G 3 2 0 P
49 18 G 1 4 0 P
50 18 1 2 0 0 N
51 18 G 3 3 0 P
52 18 G 1 2 0 P
53 18 0 5 0 0 N
54 18 G 3 5 0 T
55 18 0 4 0 0 N
56 18 B 3 7 0 N
57 18 0 3 0 0 N
58 18 1 3 0 0 N
59 18 C 3 1 1 N
-64 19 G 0 4 0 U
-63 19 0 1 0 0 N
-62 19 G 0 5 0 U
-61 19 0 2 0 0 N
-60 19 G 4 2 0 P
-59 19 G 0 3 0 P
-58 19 1 5 0 0 N
-57 19 G 4 4 0 T
-56 19 G 0 4 0 T
-55 19 0 1 0 0 N
-54 19 G 0 4 0 T
-53 19 1 5 0 0 N
-52 19 B 4 7 0 N
-51 19 G 2 5 0 P
-50 19 G 5 2 0 P
-49 19 G 4 3 0 P
-48 19 G 0 3 0 P
-47 19 1 4 0 0 N
-46 19 G 2 10 0 P
-45 19 G 5 2 0 P
-44 19 G 4 3 0 P
-43 19 G 0 4 0 P
-42 19 0 1 0 0 N
-41 19 G 0 5 0 P
-40 19 0 2 0 0 N
-39 19 G 4 2 0 P
-38 19 G 0 3 0 P
-37 19 1 5 0 0 N
-36 19 G 4 4 0 T
-35 19 G 0 3 0 T
-34 19 1 4 0 0 N
-33 19 G 2 10 0 P
-32 19 G 5 2 0 P
-31 19 G 4 3 0 P
-30 19 G 0 4 0 P
-29 19 0 1 0 0 N
-28 19 G 0 5 0 P
-27 19 0 2 0 0 N
-26 19 G 4 2 0 P
-25 19 G 0 3 0 P
-24 19 1 5 0 0 N
-23 19 G 4 4 0 T
-22 19 G 0 4 0 T
-21 19 0 1 0 0 N
-20 19 G 0 4 0 T
-19 19 1 5 0 0 N
-18 19 B 4 7 0 N
-17 19 G 2 5 0 P
-16 19 G 5 2 0 P
-15 19 G 4 3 0 P
-14 19 G 0 3 0 P
-13 19 1 4 0 0 N
-12 19 G 2 10 0 P
-11 19 G 5 2 0 P
-10 19 G 4 3 0 P
-9 19 G 0 4 0 P
-8 19 0 1 0 0 N
-7 19 G 0 5 0 P
-6 19 0 2 0 0 N
-5 19 G 4 2 0 P
-4 19 G 0 3 0 P
-3 19 1 5 0 0 N
-2 19 G 4 4 0 T
-1 19 G 0 3 0 T
0 19 1 4 0 0 N
1 19 G 2 10 0 P
2 19 G 5 2 0 P
3 19 G 4 3 0 P
4 19 G 0 4 0 P
5 19 0 1 0 0 N
6 19 G 0 5 0 P
7 19 0 2 0 0 N
8 19 G 4 2 0 P
9 19 G 0 3 0 P
10 19 1 5 0 0 N
11 19 G 4 4 0 T
12 19 G 0 4 0 T
13 19 0 1 0 0 N
14 19 G 0 10 0 T
15 19 0 2 1 0 N
16 19 B 4 5 0 N
17 19 G 2 5 0 P
18 19 G 5 2 0 P
19 19 G 4 3 0 P
20 19 G 0 3 0 P
21 19 1 4 0 0 N
22 19 G 2 10 0 P
23 19 G 5 2 0 P
24 19 G 4 3 0 P
25 19 G 0 4 0 P
26 19 0 1 0 0 N
27 19 G 0 5 0 P
28 19 0 2 0 0 N
29 19 G 4 2 0 P
30 19 G 0 3 0 P
31 19 1 5 0 0 N
32 19 G 4 4 0 T
33 19 G 0 4 0 T
34 19 0 1 0 0 N
35 19 G 0 4 0 T
36 19 1 5 0 0 N
37 19 B 4 7 0 N
38 19 G 2 5 0 P
39 19 G 5 2 0 P
40 19 G 4 3 0 P
41 19 G 0 3 0 P
42 19 1 4 0 0 N
43 19 G 2 10 0 P
44 19 G 5 2 0 P
45 19 G 4 3 0 P
46 19 G 0 4 0 P
47 19 0 1 0 0 N
48 19 G 0 5 0 P
49 19 0 2 0 0 N
50 19 G 4 2 0 P
51 19 G 0 3 0 P
52 19 1 5 0 0 N
53 19 G 4 4 0 T
54 19 G 0 3 0 T
55 19 1 4 0 0 N
56 19 G 2 10 0 U
57 19 G 5 2 0 U
58 19 G 4 3 0 U
-66 20 G 1 3 0 U
-65 20 G 2 2 0 U
-64 20 G 5 5 0 U
-63 20 B 1 6 0 N
-62 20 B 2 5 0 N
-61 20 G 1 4 0 P
-60 20 G 2 3 0 P
-59 20 C 5 1 1 N
-58 20 G 1 3 0 T
-57 20 G 2 2 0 T
-56 20 G 5 5 0 T
-55 20 B 1 5 0 N
-54 20 0 5 1 0 N
-53 20 G 3 10 0 P
-52 20 0 4 0 0 N
-51 20 G 3 4 0 P
-50 20 G 1 3 0 P
-49 20 G 2 2 0 P
-48 20 G 5 4 0 P
-47 20 0 4 1 0 N
-46 20 G 3 9 0 P
-45 20 G 1 3 0 P
-44 20 G 2 2 0 P
-43 20 G 5 5 0 P
-42 20 B 1 6 0 N
-41 20 B 2 5 0 N
-40 20 G 1 4 0 P
-39 20 G 2 3 0 P
-38 20 C 5 1 1 N
-37 20 G 1 3 0 T
-36 20 G 2 2 0 T
-35 20 G 5 4 0 T
-34 20 0 4 1 0 N
-33 20 G 3 9 0 P
-32 20 G 1 3 0 P
-31 20 G 2 2 0 P
-30 20 G 5 5 0 P
-29 20 B 1 6 0 N
-28 20 B 2 5 0 N
-27 20 G 1 4 0 P
-26 20 G 2 3 0 P
-25 20 C 5 1 1 N
-24 20 G 1 3 0 T
-23 20 G 2 2 0 T
-22 20 G 5 5 0 T
-21 20 B 1 5 0 N
-20 20 0 5 1 0 N
-19 20 G 3 10 0 P
-18 20 0 4 0 0 N
-17 20 G 3 4 0 P
-16 20 G 1 3 0 P
-15 20 G 2 2 0 P
-14 20 G 5 4 0 P
-13 20 0 4 1 0 N
-12 20 G 3 9 0 P
-11 20 G 1 3 0 P
-10 20 G 2 2 0 P
-9 20 G 5 5 0 P
-8 20 B 1 6 0 N
-7 20 B 2 5 0 N
-6 20 G 1 4 0 P
-5 20 G 2 3 0 P
-4 20 C 5 1 1 N
-3 20 G 1 3 0 T
-2 20 G 2 2 0 T
-1 20 G 5 4 0 T
0 20 0 4 1 0 N
1 20 G 3 9 0 P
2 20 G 1 3 0 P
3 20 G 2 2 0 P
4 20 G 5 5 0 P
5 20 B 1 6 0 N
6 20 B 2 5 0 N
7 20 G 1 4 0 P
8 20 G 2 3 0 P
9 20 C 5 1 1 N
10 20 G 1 3 0 T
11 20 G 2 2 0 T
12 20 G 5 5 0 T
13 20 B 1 7 0 N
14 20 1 2 0 0 N
15 20 G 3 4 0 P
16 20 0 4 0 0 N
17 20 G 3 4 0 P
18 20 G 1 3 0 P
19 20 G 2 2 0 P
20 20 G 5 4 0 P
21 20 0 4 1 0 N
22 20 G 3 9 0 P
23 20 G 1 3 0 P
24 20 G 2 2 0 P
25 20 G 5 5 0 P
26 20 B 1 6 0 N
27 20 B 2 5 0 N
28 20 G 1 4 0 P
29 20 G 2 3 0 P
30 20 C 5 1 1 N
31 20 G 1 3 0 T
32 20 G 2 2 0 T
33 20 G 5 5 0 T
34 20 B 1 5 0 N
35 20 0 5 1 0 N
36 20 G 3 10 0 U
37 20 0 4 0 0 N
38 20 G 3 4 0 P
39 20 G 1 3 0 P
40 20 G 2 2 0 P
41 20 G 5 4 0 P
42 20 0 4 1 0 N
43 20 G 3 9 0 P
44 20 G 1 3 0 P
45 20 G 2 2 0 P
46 20 G 5 5 0 P
47 20 B 1 6 0 N
48 20 B 2 5 0 N
49 20 G 1 4 0 P
50 20 G 2 3 0 P
51 20 C 5 1 1 N
52 20 G 1 3 0 T
53 20 G 2 2 0 T
54 20 G 5 4 0 T
55 20 0 4 1 0 N
56 20 G 3 9 0 U
-67 21 C 0 1 1 N
-66 21 1 0 0 0 N
-65 21 0 0 0 0 N
-64 21 B 0 2 0 N
-63 21 1 0 1 0 N
-62 21 0 0 1 0 N
-61 21 1 0 0 0 N
-60 21 0 0 0 0 N
-59 21 B 0 1 0 N
-58 21 1 0 0 0 N
-57 21 0 0 0 0 N
-56 21 B 0 6 0 N
-55 21 1 5 1 0 N
-54 21 G 4 9 0 P
-53 21 G 0 2 0 P
-52 21 1 4 0 0 N
-51 21 C 0 1 1 N
-50 21 1 0 0 0 N
-49 21 0 0 0 0 N
-48 21 B 0 5 0 N
-47 21 1 4 1 0 N
-46 21 C 0 1 1 N
-45 21 1 0 0 0 N
-44 21 0 0 0 0 N
-43 21 B 0 2 0 N
-42 21 1 0 1 0 N
-41 21 0 0 1 0 N
-40 21 1 0 0 0 N
-39 21 0 0 0 0 N
-38 21 B 0 1 0 N
-37 21 1 0 0 0 N
-36 21 0 0 0 0 N
-35 21 B 0 5 0 N
-34 21 1 4 1 0 N
-33 21 C 0 1 1 N
-32 21 1 0 0 0 N
-31 21 0 0 0 0 N
-30 21 B 0 2 0 N
-29 21 1 0 1 0 N
-28 21 0 0 1 0 N
-27 21 1 0 0 0 N
-26 21 0 0 0 0 N
-25 21 B 0 1 0 N
-24 21 1 0 0 0 N
-23 21 0 0 0 0 N
-22 21 B 0 6 0 N
-21 21 1 5 1 0 N
-20 21 G 4 9 0 P
-19 21 G 0 2 0 P
-18 21 1 4 0 0 N
-17 21 C 0 1 1 N
-16 21 1 0 0 0 N
-15 21 0 0 0 0 N
-14 21 B 0 5 0 N
-13 21 1 4 1 0 N
-12 21 C 0 1 1 N
-11 21 1 0 0 0 N
-10 21 0 0 0 0 N
-9 21 B 0 2 0 N
-8 21 1 0 1 0 N
-7 21 0 0 1 0 N
-6 21 1 0 0 0 N
-5 21 0 0 0 0 N
-4 21 B 0 1 0 N
-3 21 1 0 0 0 N
-2 21 0 0 0 0 N
-1 21 B 0 5 0 N
0 21 1 4 1 0 N
1 21 C 0 1 1 N
2 21 1 0 0 0 N
3 21 0 0 0 0 N
4 21 B 0 2 0 N
5 21 1 0 1 0 N
6 21 0 0 1 0 N
7 21 1 0 0 0 N
8 21 0 0 0 0 N
9 21 B 0 1 0 N
10 21 1 0 0 0 N
11 21 0 0 0 0 N
12 21 B 0 8 0 N
13 21 0 2 0 0 N
14 21 G 4 3 0 P
15 21 G 0 2 0 P
16 21 1 4 0 0 N
17 21 C 0 1 1 N
18 21 1 0 0 0 N
19 21 0 0 0 0 N
20 21 B 0 5 0 N
21 21 1 4 1 0 N
22 21 C 0 1 1 N
23 21 1 0 0 0 N
24 21 0 0 0 0 N
25 21 B 0 2 0 N
26 21 1 0 1 0 N
27 21 0 0 1 0 N
28 21 1 0 0 0 N
29 21 0 0 0 0 N
30 21 B 0 1 0 N
31 21 1 0 0 0 N
32 21 0 0 0 0 N
33 21 B 0 6 0 N
34 21 1 5 1 0 N
35 21 G 4 9 0 U
36 21 G 0 2 0 U
37 21 1 4 0 0 N
38 21 C 0 1 1 N
39 21 1 0 0 0 N
40 21 0 0 0 0 N
41 21 B 0 5 0 N
42 21 1 4 1 0 N
43 21 C 0 1 1 N
44 21 1 0 0 0 N
45 21 0 0 0 0 N
46 21 B 0 2 0 N
47 21 1 0 1 0 N
48 21 0 0 1 0 N
49 21 1 0 0 0 N
50 21 0 0 0 0 N
51 21 B 0 1 0 N
52 21 1 0 0 0 N
53 21 0 0 0 0 N
54 21 B 0 5 0 N
55 21 1 4 1 0 N
-66 22 G 5 4 0 U
-65 22 G 4 5 0 U
-63 22 G 5 9 0 U
-62 22 G 4 10 0 U
-61 22 B 5 7 0 N
-60 22 B 4 8 0 N
-59 22 G 2 5 0 T
-58 22 G 5 4 0 T
-57 22 G 4 5 0 T
-56 22 B 5 2 0 N
-55 22 C 1 1 1 N
-54 22 G 2 3 0 P
-53 22 G 5 3 0 P
-52 22 C 4 1 1 N
-51 22 C 2 1 1 N
-50 22 G 5 4 0 P
-49 22 G 4 5 0 P
-48 22 B 5 6 0 N
-47 22 B 4 2 0 N
-46 22 G 2 5 0 T
-45 22 G 5 4 0 T
-44 22 G 4 5 0 T
-43 22 C 2 1 1 N
-42 22 G 5 9 0 P
-41 22 G 4 10 0 P
-40 22 B 5 7 0 N
-39 22 B 4 8 0 N
-38 22 G 2 5 0 T
-37 22 G 5 4 0 T
-36 22 G 4 5 0 T
-35 22 B 5 6 0 N
-34 22 B 4 2 0 N
-33 22 G 2 5 0 T
-32 22 G 5 4 0 T
-31 22 G 4 5 0 T
-30 22 C 2 1 1 N
-29 22 G 5 9 0 P
-28 22 G 4 10 0 P
-27 22 B 5 7 0 N
-26 22 B 4 8 0 N
-25 22 G 2 5 0 T
-24 22 G 5 4 0 T
-23 22 G 4 5 0 T
-22 22 B 5 2 0 N
-21 22 C 1 1 1 N
-20 22 G 2 3 0 P
-19 22 G 5 3 0 P
-18 22 C 4 1 1 N
-17 22 C 2 1 1 N
-16 22 G 5 4 0 P
-15 22 G 4 5 0 P
-14 22 B 5 6 0 N
-13 22 B 4 2 0 N
-12 22 G 2 5 0 T
-11 22 G 5 4 0 T
-10 22 G 4 5 0 T
-9 22 C 2 1 1 N
-8 22 G 5 9 0 P
-7 22 G 4 10 0 P
-6 22 B 5 7 0 N
-5 22 B 4 8 0 N
-4 22 G 2 5 0 T
-3 22 G 5 4 0 T
-2 22 G 4 5 0 T
-1 22 B 5 6 0 N
0 22 B 4 2 0 N
1 22 G 2 5 0 T
2 22 G 5 4 0 T
3 22 G 4 5 0 T
4 22 C 2 1 1 N
5 22 G 5 9 0 P
6 22 G 4 10 0 P
7 22 B 5 7 0 N
8 22 B 4 8 0 N
9 22 G 2 5 0 T
10 22 G 5 4 0 T
11 22 G 4 5 0 T
12 22 B 2 1 0 N
13 22 C 1 1 1 N
14 22 G 2 3 0 P
15 22 G 5 3 0 P
16 22 C 4 1 1 N
17 22 C 2 1 1 N
18 22 G 5 4 0 P
19 22 G 4 5 0 P
20 22 B 5 6 0 N
21 22 B 4 2 0 N
22 22 G 2 5 0 T
23 22 G 5 4 0 T
24 22 G 4 5 0 T
25 22 C 2 1 1 N
26 22 G 5 9 0 P
27 22 G 4 10 0 P
28 22 B 5 7 0 N
29 22 B 4 8 0 N
30 22 G 2 5 0 T
31 22 G 5 4 0 T
32 22 G 4 5 0 T
33 22 B 5 2 0 N
36 22 G 5 3 0 U
37 22 C 4 1 1 N
39 22 G 5 4 0 U
40 22 G 4 5 0 U
41 22 B 5 6 0 N
42 22 B 4 2 0 N
43 22 G 2 5 0 U
44 22 G 5 4 0 U
45 22 G 4 5 0 U
47 22 G 5 9 0 U
48 22 G 4 10 0 U
49 22 B 5 7 0 N
50 22 B 4 8 0 N
51 22 G 2 5 0 T
52 22 G 5 4 0 T
53 22 G 4 5 0 T
54 22 B 5 6 0 N
55 22 B 4 2 0 N
56 22 G 2 5 0 U
59 22 C 2 1 1 N
-63 23 G 1 2 0 U
-62 23 0 5 0 0 N
-61 23 G 3 5 0 P
-60 23 0 4 0 0 N
-59 23 G 3 4 0 T
-58 23 G 1 2 0 T
-57 23 0 5 0 0 N
-56 23 G 3 5 0 T
-55 23 1 1 0 0 N
-54 23 G 3 2 0 P
-53 23 G 1 4 0 P
-52 23 1 2 0 0 N
-51 23 G 3 3 0 P
-50 23 G 1 2 0 P
-49 23 0 5 0 0 N
-48 23 G 3 5 0 P
-47 23 0 4 0 0 N
-46 23 G 3 4 0 T
-45 23 G 1 4 0 T
-44 23 1 2 0 0 N
-43 23 G 3 3 0 P
-42 23 G 1 2 0 P
-41 23 0 5 0 0 N
-40 23 G 3 5 0 P
-39 23 0 4 0 0 N
-38 23 G 3 4 0 T
-37 23 G 1 2 0 T
-36 23 0 5 0 0 N
-35 23 G 3 5 0 T
-34 23 0 4 0 0 N
-33 23 G 3 4 0 T
-32 23 G 1 4 0 T
-31 23 1 2 0 0 N
-30 23 G 3 3 0 P
-29 23 G 1 2 0 P
-28 23 0 5 0 0 N
-27 23 G 3 5 0 P
-26 23 0 4 0 0 N
-25 23 G 3 4 0 T
-24 23 G 1 2 0 T
-23 23 0 5 0 0 N
-22 23 G 3 5 0 T
-21 23 1 1 0 0 N
-20 23 G 3 2 0 P
-19 23 G 1 4 0 P
-18 23 1 2 0 0 N
-17 23 G 3 3 0 P
-16 23 G 1 2 0 P
-15 23 0 5 0 0 N
-14 23 G 3 5 0 P
-13 23 0 4 0 0 N
-12 23 G 3 4 0 T
-11 23 G 1 4 0 T
-10 23 1 2 0 0 N
-9 23 G 3 3 0 P
-8 23 G 1 2 0 P
-7 23 0 5 0 0 N
-6 23 G 3 5 0 P
-5 23 0 4 0 0 N
-4 23 G 3 4 0 T
-3 23 G 1 2 0 T
-2 23 0 5 0 0 N
-1 23 G 3 5 0 T
0 23 0 4 0 0 N
1 23 G 3 4 0 T
2 23 G 1 4 0 T
3 23 1 2 0 0 N
4 23 G 3 3 0 P
5 23 G 1 2 0 P
6 23 0 5 0 0 N
7 23 G 3 5 0 P
8 23 0 4 0 0 N
9 23 G 3 4 0 T
10 23 G 1 4 0 T
11 23 1 2 0 0 N
12 23 G 3 3 0 T
13 23 1 1 0 0 N
14 23 G 3 2 0 P
15 23 G 1 4 0 P
16 23 1 2 0 0 N
17 23 G 3 3 0 P
18 23 G 1 2 0 P
19 23 0 5 0 0 N
20 23 G 3 5 0 P
21 23 0 4 0 0 N
22 23 G 3 4 0 T
23 23 G 1 4 0 T
24 23 1 2 0 0 N
25 23 G 3 3 0 P
26 23 G 1 2 0 P
27 23 0 5 0 0 N
28 23 G 3 5 0 P
29 23 0 4 0 0 N
30 23 G 3 4 0 T
31 23 G 1 2 0 T
32 23 0 5 0 0 N
33 23 G 3 5 0 U
39 23 G 1 2 0 U
40 23 0 5 0 0 N
41 23 G 3 5 0 U
42 23 0 4 0 0 N
43 23 G 3 4 0 U
47 23 G 1 2 0 U
48 23 0 5 0 0 N
49 23 G 3 5 0 P
50 23 0 4 0 0 N
51 23 G 3 4 0 T
52 23 G 1 2 0 T
53 23 0 5 0 0 N
54 23 G 3 5 0 T
55 23 0 4 0 0 N
56 23 G 3 4 0 U
57 23 G 1 4 0 U
58 23 1 2 0 0 N
59 23 G 3 3 0 U
-64 24 G 0 3 0 U
-63 24 1 5 0 0 N
-62 24 G 4 4 0 P
-61 24 G 0 2 0 P
-60 24 1 4 0 0 N
-59 24 G 0 3 0 T
-58 24 1 5 0 0 N
-57 24 G 4 4 0 T
-56 24 G 0 4 0 T
-55 24 0 1 0 0 N
-54 24 G 0 5 0 P
-53 24 0 2 0 0 N
-52 24 G 4 2 0 P
-51 24 G 0 3 0 P
-50 24 1 5 0 0 N
-49 24 G 4 4 0 P
-48 24 G 0 2 0 P
-47 24 1 4 0 0 N
-46 24 G 0 5 0 T
-45 24 0 2 0 0 N
-44 24 G 4 2 0 P
-43 24 G 0 3 0 P
-42 24 1 5 0 0 N
-41 24 G 4 4 0 P
-40 24 G 0 2 0 P
-39 24 1 4 0 0 N
-38 24 G 0 3 0 T
-37 24 1 5 0 0 N
-36 24 G 4 4 0 T
-35 24 G 0 2 0 T
-34 24 1 4 0 0 N
-33 24 G 0 5 0 T
-32 24 0 2 0 0 N
-31 24 G 4 2 0 P
-30 24 G 0 3 0 P
-29 24 1 5 0 0 N
-28 24 G 4 4 0 P
-27 24 G 0 2 0 P
-26 24 1 4 0 0 N
-25 24 G 0 3 0 T
-24 24 1 5 0 0 N
-23 24 G 4 4 0 T
-22 24 G 0 4 0 T
-21 24 0 1 0 0 N
-20 24 G 0 5 0 P
-19 24 0 2 0 0 N
-18 24 G 4 2 0 P
-17 24 G 0 3 0 P
-16 24 1 5 0 0 N
-15 24 G 4 4 0 P
-14 24 G 0 2 0 P
-13 24 1 4 0 0 N
-12 24 G 0 5 0 T
-11 24 0 2 0 0 N
-10 24 G 4 2 0 P
-9 24 G 0 3 0 P
-8 24 1 5 0 0 N
-7 24 G 4 4 0 P
-6 24 G 0 2 0 P
-5 24 1 4 0 0 N
-4 24 G 0 3 0 T
-3 24 1 5 0 0 N
-2 24 G 4 4 0 T
-1 24 G 0 2 0 T
0 24 1 4 0 0 N
1 24 G 0 5 0 T
2 24 0 2 0 0 N
3 24 G 4 2 0 P
4 24 G 0 3 0 P
5 24 1 5 0 0 N
6 24 G 4 4 0 P
7 24 G 0 2 0 P
8 24 1 4 0 0 N
9 24 G 0 5 0 T
10 24 0 2 0 0 N
11 24 G 4 2 0 T
12 24 G 0 4 0 T
13 24 0 1 0 0 N
14 24 G 0 5 0 P
15 24 0 2 0 0 N
16 24 G 4 2 0 P
17 24 G 0 3 0 P
18 24 1 5 0 0 N
19 24 G 4 4 0 P
20 24 G 0 2 0 P
21 24 1 4 0 0 N
22 24 G 0 5 0 T
23 24 0 2 0 0 N
24 24 G 4 2 0 P
25 24 G 0 3 0 P
26 24 1 5 0 0 N
27 24 G 4 4 0 P
28 24 G 0 2 0 P
29 24 1 4 0 0 N
30 24 G 0 3 0 T
31 24 1 5 0 0 N
32 24 G 4 4 0 U
38 24 G 0 3 0 U
39 24 1 5 0 0 N
40 24 G 4 4 0 U
41 24 G 0 2 0 U
42 24 1 4 0 0 N
46 24 G 0 3 0 U
47 24 1 5 0 0 N
48 24 G 4 4 0 P
49 24 G 0 2 0 P
50 24 1 4 0 0 N
51 24 G 0 3 0 T
52 24 1 5 0 0 N
53 24 G 4 4 0 T
54 24 G 0 2 0 T
55 24 1 4 0 0 N
56 24 G 0 5 0 U
57 24 0 2 0 0 N
58 24 G 4 2 0 U
-64 25 C 5 1 1 N
-63 25 C 1 1 1 N
-62 25 G 2 3 0 P
-61 25 G 5 3 0 P
-60 25 C 4 1 1 N
-59 25 B 5 1 0 N
-58 25 G 1 5 0 T
-57 25 G 2 4 0 T
-56 25 G 5 5 0 T
-55 25 B 1 2 0 N
-54 25 B 2 6 0 N
-53 25 G 1 5 0 P
-52 25 G 2 4 0 P
-51 25 C 5 1 1 N
-50 25 C 1 1 1 N
-49 25 G 2 3 0 P
-48 25 G 5 3 0 P
-47 25 C 4 1 1 N
-46 25 B 2 2 0 N
-45 25 G 1 5 0 P
-44 25 G 2 4 0 P
-43 25 C 5 1 1 N
-42 25 C 1 1 1 N
-41 25 G 2 3 0 P
-40 25 G 5 3 0 P
-39 25 C 4 1 1 N
-38 25 B 5 1 0 N
-37 25 G 1 5 0 T
-36 25 G 2 4 0 T
-35 25 G 5 3 0 T
-34 25 B 4 1 0 N
-33 25 B 2 8 0 N
-32 25 G 1 5 0 P
-31 25 G 2 4 0 P
-30 25 C 5 1 1 N
-29 25 C 1 1 1 N
-28 25 G 2 3 0 P
-27 25 G 5 3 0 P
-26 25 C 4 1 1 N
-25 25 B 5 1 0 N
-24 25 G 1 5 0 T
-23 25 G 2 4 0 T
-22 25 G 5 5 0 T
-21 25 B 1 2 0 N
-20 25 B 2 6 0 N
-19 25 G 1 5 0 P
-18 25 G 2 4 0 P
-17 25 C 5 1 1 N
-16 25 C 1 1 1 N
-15 25 G 2 3 0 P
-14 25 G 5 3 0 P
-13 25 C 4 1 1 N
-12 25 B 2 2 0 N
-11 25 G 1 5 0 P
-10 25 G 2 4 0 P
-9 25 C 5 1 1 N
-8 25 C 1 1 1 N
-7 25 G 2 3 0 P
-6 25 G 5 3 0 P
-5 25 C 4 1 1 N
-4 25 B 5 1 0 N
-3 25 G 1 5 0 T
-2 25 G 2 4 0 T
-1 25 G 5 3 0 T
0 25 B 4 1 0 N
1 25 B 2 8 0 N
2 25 G 1 5 0 P
3 25 G 2 4 0 P
4 25 C 5 1 1 N
5 25 C 1 1 1 N
6 25 G 2 3 0 P
7 25 G 5 3 0 P
8 25 C 4 1 1 N
9 25 B 2 2 0 N
10 25 G 1 5 0 T
11 25 G 2 4 0 T
12 25 G 5 5 0 T
13 25 B 1 2 0 N
14 25 B 2 6 0 N
15 25 G 1 5 0 P
16 25 G 2 4 0 P
17 25 C 5 1 1 N
18 25 C 1 1 1 N
19 25 G 2 3 0 P
20 25 G 5 3 0 P
21 25 C 4 1 1 N
22 25 B 2 2 0 N
23 25 G 1 5 0 P
24 25 G 2 4 0 P
25 25 C 5 1 1 N
26 25 C 1 1 1 N
27 25 G 2 3 0 P
28 25 G 5 3 0 P
29 25 C 4 1 1 N
30 25 B 5 1 0 N
31 25 G 1 5 0 U
32 25 G 2 4 0 U
38 25 C 5 1 1 N
41 25 G 5 3 0 U
42 25 C 4 1 1 N
46 25 C 5 1 1 N
47 25 C 1 1 1 N
48 25 G 2 3 0 P
49 25 G 5 3 0 P
50 25 C 4 1 1 N
51 25 B 5 1 0 N
52 25 G 1 5 0 T
53 25 G 2 4 0 T
54 25 G 5 3 0 T
55 25 B 4 1 0 N
56 25 B 2 8 0 N
57 25 G 1 5 0 U
58 25 G 2 4 0 U
-63 26 1 1 0 0 N
-62 26 G 3 2 0 P
-61 26 G 1 3 0 P
-60 26 0 5 0 0 N
-59 26 B 3 8 0 N
-58 26 0 3 0 0 N
-57 26 1 3 0 0 N
-56 26 C 3 1 1 N
-55 26 1 1 1 0 N
-54 26 B 3 5 0 N
-53 26 0 3 0 0 N
-52 26 1 3 0 0 N
-51 26 C 3 1 1 N
-50 26 1 1 0 0 N
-49 26 G 3 2 0 P
-48 26 G 1 9 0 P
-47 26 1 2 1 0 N
-46 26 B 3 6 0 N
-45 26 0 3 0 0 N
-44 26 1 3 0 0 N
-43 26 C 3 1 1 N
-42 26 1 1 0 0 N
-41 26 G 3 2 0 P
-40 26 G 1 3 0 P
-39 26 0 5 0 0 N
-38 26 B 3 8 0 N
-37 26 0 3 0 0 N
-36 26 1 3 0 0 N
-35 26 C 3 1 1 N
-34 26 0 4 0 0 N
-33 26 B 3 7 0 N
-32 26 0 3 0 0 N
-31 26 1 3 0 0 N
-30 26 C 3 1 1 N
-29 26 1 1 0 0 N
-28 26 G 3 2 0 P
-27 26 G 1 3 0 P
-26 26 0 5 0 0 N
-25 26 B 3 8 0 N
-24 26 0 3 0 0 N
-23 26 1 3 0 0 N
-22 26 C 3 1 1 N
-21 26 1 1 1 0 N
-20 26 B 3 5 0 N
-19 26 0 3 0 0 N
-18 26 1 3 0 0 N
-17 26 C 3 1 1 N
-16 26 1 1 0 0 N
-15 26 G 3 2 0 P
-14 26 G 1 9 0 P
-13 26 1 2 1 0 N
-12 26 B 3 6 0 N
-11 26 0 3 0 0 N
-10 26 1 3 0 0 N
-9 26 C 3 1 1 N
-8 26 1 1 0 0 N
-7 26 G 3 2 0 P
-6 26 G 1 3 0 P
-5 26 0 5 0 0 N
-4 26 B 3 8 0 N
-3 26 0 3 0 0 N
-2 26 1 3 0 0 N
-1 26 C 3 1 1 N
0 26 0 4 0 0 N
1 26 B 3 7 0 N
2 26 0 3 0 0 N
3 26 1 3 0 0 N
4 26 C 3 1 1 N
5 26 1 1 0 0 N
6 26 G 3 2 0 P
7 26 G 1 9 0 P
8 26 1 2 1 0 N
9 26 B 3 6 0 N
10 26 0 3 0 0 N
11 26 1 3 0 0 N
12 26 C 3 1 1 N
13 26 1 1 1 0 N
14 26 B 3 5 0 N
15 26 0 3 0 0 N
16 26 1 3 0 0 N
17 26 C 3 1 1 N
18 26 1 1 0 0 N
19 26 G 3 2 0 P
20 26 G 1 9 0 P
21 26 1 2 1 0 N
22 26 B 3 6 0 N
23 26 0 3 0 0 N
24 26 1 3 0 0 N
25 26 C 3 1 1 N
26 26 1 1 0 0 N
27 26 G 3 2 0 P
28 26 G 1 3 0 P
29 26 0 5 0 0 N
30 26 B 3 8 0 N
31 26 0 3 0 0 N
32 26 1 3 0 0 N
33 26 C 3 1 1 N
47 26 1 1 0 0 N
48 26 G 3 2 0 P
49 26 G 1 3 0 P
50 26 0 5 0 0 N
51 26 B 3 8 0 N
52 26 0 3 0 0 N
53 26 1 3 0 0 N
54 26 C 3 1 1 N
55 26 0 4 0 0 N
56 26 B 3 7 0 N
57 26 0 3 0 0 N
58 26 1 3 0 0 N
59 26 C 3 1 1 N
-64 27 G 0 4 0 U
-63 27 0 1 0 0 N
-62 27 G 0 4 0 P
-61 27 1 5 0 0 N
-60 27 B 4 7 0 N
-59 27 G 2 5 0 P
-58 27 G 5 2 0 P
-57 27 G 4 3 0 P
-56 27 G 0 9 0 P
-55 27 0 1 1 0 N
-54 27 G 2 4 0 P
-53 27 G 5 2 0 P
-52 27 G 4 3 0 P
-51 27 G 0 4 0 P
-50 27 0 1 0 0 N
-49 27 G 0 10 0 P
-48 27 0 2 1 0 N
-47 27 B 4 5 0 N
-46 27 G 2 5 0 P
-45 27 G 5 2 0 P
-44 27 G 4 3 0 P
-43 27 G 0 4 0 P
-42 27 0 1 0 0 N
-41 27 G 0 4 0 P
-40 27 1 5 0 0 N
-39 27 B 4 7 0 N
-38 27 G 2 5 0 P
-37 27 G 5 2 0 P
-36 27 G 4 3 0 P
-35 27 G 0 3 0 P
-34 27 1 4 0 0 N
-33 27 G 2 10 0 P
-32 27 G 5 2 0 P
-31 27 G 4 3 0 P
-30 27 G 0 4 0 P
-29 27 0 1 0 0 N
-28 27 G 0 4 0 P
-27 27 1 5 0 0 N
-26 27 B 4 7 0 N
-25 27 G 2 5 0 P
-24 27 G 5 2 0 P
-23 27 G 4 3 0 P
-22 27 G 0 9 0 P
-21 27 0 1 1 0 N
-20 27 G 2 4 0 P
-19 27 G 5 2 0 P
-18 27 G 4 3 0 P
-17 27 G 0 4 0 P
-16 27 0 1 0 0 N
-15 27 G 0 10 0 P
-14 27 0 2 1 0 N
-13 27 B 4 5 0 N
-12 27 G 2 5 0 P
-11 27 G 5 2 0 P
-10 27 G 4 3 0 P
-9 27 G 0 4 0 P
-8 27 0 1 0 0 N
-7 27 G 0 4 0 P
-6 27 1 5 0 0 N
-5 27 B 4 7 0 N
-4 27 G 2 5 0 P
-3 27 G 5 2 0 P
-2 27 G 4 3 0 P
-1 27 G 0 3 0 P
0 27 1 4 0 0 N
1 27 G 2 10 0 P
2 27 G 5 2 0 P
3 27 G 4 3 0 P
4 27 G 0 4 0 P
5 27 0 1 0 0 N
6 27 G 0 10 0 P
7 27 0 2 1 0 N
8 27 B 4 5 0 N
9 27 G 2 5 0 P
10 27 G 5 2 0 P
11 27 G 4 3 0 P
12 27 G 0 9 0 P
13 27 0 1 1 0 N
14 27 G 2 4 0 P
15 27 G 5 2 0 P
16 27 G 4 3 0 P
17 27 G 0 4 0 P
18 27 0 1 0 0 N
19 27 G 0 10 0 P
20 27 0 2 1 0 N
21 27 B 4 5 0 N
22 27 G 2 5 0 P
23 27 G 5 2 0 P
24 27 G 4 3 0 P
25 27 G 0 4 0 P
26 27 0 1 0 0 N
27 27 G 0 4 0 P
28 27 1 5 0 0 N
29 27 B 4 7 0 N
30 27 G 2 5 0 U
31 27 G 5 2 0 U
32 27 G 4 3 0 U
46 27 G 0 4 0 U
47 27 0 1 0 0 N
48 27 G 0 4 0 P
49 27 1 5 0 0 N
50 27 B 4 7 0 N
51 27 G 2 5 0 P
52 27 G 5 2 0 P
53 27 G 4 3 0 P
54 27 G 0 3 0 P
55 27 1 4 0 0 N
56 27 G 2 10 0 U
57 27 G 5 2 0 U
58 27 G 4 3 0 U
-66 28 G 1 3 0 U
-65 28 G 2 2 0 U
-64 28 G 5 5 0 U
-63 28 B 1 5 0 N
-62 28 0 5 1 0 N
-61 28 G 3 10 0 U
-60 28 0 4 0 0 N
-59 28 G 3 4 0 P
-58 28 G 1 3 0 P
-57 28 G 2 2 0 P
-56 28 G 5 10 0 P
-55 28 1 1 0 0 N
-54 28 G 3 3 0 P
-53 28 G 1 3 0 P
-52 28 G 2 2 0 P
-51 28 G 5 5 0 P
-50 28 B 1 7 0 N
-49 28 1 2 0 0 N
-48 28 G 3 4 0 P
-47 28 0 4 0 0 N
-46 28 G 3 4 0 P
-45 28 G 1 3 0 P
-44 28 G 2 2 0 P
-43 28 G 5 5 0 P
-42 28 B 1 5 0 N
-41 28 0 5 1 0 N
-40 28 G 3 10 0 P
-39 28 0 4 0 0 N
-38 28 G 3 4 0 P
-37 28 G 1 3 0 P
-36 28 G 2 2 0 P
-35 28 G 5 4 0 P
-34 28 0 4 1 0 N
-33 28 G 3 9 0 P
-32 28 G 1 3 0 P
-31 28 G 2 2 0 P
-30 28 G 5 5 0 P
-29 28 B 1 5 0 N
-28 28 0 5 1 0 N
-27 28 G 3 10 0 P
-26 28 0 4 0 0 N
-25 28 G 3 4 0 P
-24 28 G 1 3 0 P
-23 28 G 2 2 0 P
-22 28 G 5 10 0 P
-21 28 1 1 0 0 N
-20 28 G 3 3 0 P
-19 28 G 1 3 0 P
-18 28 G 2 2 0 P
-17 28 G 5 5 0 P
-16 28 B 1 7 0 N
-15 28 1 2 0 0 N
-14 28 G 3 4 0 P
-13 28 0 4 0 0 N
-12 28 G 3 4 0 P
-11 28 G 1 3 0 P
-10 28 G 2 2 0 P
-9 28 G 5 5 0 P
-8 28 B 1 5 0 N
-7 28 0 5 1 0 N
-6 28 G 3 10 0 P
-5 28 0 4 0 0 N
-4 28 G 3 4 0 P
-3 28 G 1 3 0 P
-2 28 G 2 2 0 P
-1 28 G 5 4 0 P
0 28 0 4 1 0 N
1 28 G 3 9 0 P
2 28 G 1 3 0 P
3 28 G 2 2 0 P
4 28 G 5 5 0 P
5 28 B 1 7 0 N
6 28 1 2 0 0 N
7 28 G 3 4 0 P
8 28 0 4 0 0 N
9 28 G 3 4 0 P
10 28 G 1 3 0 P
11 28 G 2 2 0 P
12 28 G 5 10 0 P
13 28 1 1 0 0 N
14 28 G 3 3 0 P
15 28 G 1 3 0 P
16 28 G 2 2 0 P
17 28 G 5 5 0 P
18 28 B 1 7 0 N
19 28 1 2 0 0 N
20 28 G 3 4 0 P
21 28 0 4 0 0 N
22 28 G 3 4 0 P
23 28 G 1 3 0 P
24 28 G 2 2 0 P
25 28 G 5 5 0 P
26 28 B 1 5 0 N
27 28 0 5 1 0 N
28 28 G 3 10 0 P
29 28 0 4 0 0 N
30 28 G 3 4 0 U
44 28 G 1 3 0 U
45 28 G 2 2 0 U
46 28 G 5 5 0 U
47 28 B 1 5 0 N
48 28 0 5 1 0 N
49 28 G 3 10 0 U
50 28 0 4 0 0 N
51 28 G 3 4 0 P
52 28 G 1 3 0 P
53 28 G 2 2 0 P
54 28 G 5 4 0 P
55 28 0 4 1 0 N
56 28 G 3 9 0 U
-67 29 C 0 1 1 N
-66 29 1 0 0 0 N
-65 29 0 0 0 0 N
-64 29 B 0 6 0 N
-63 29 1 5 1 0 N
-62 29 G 4 9 0 U
-61 29 G 0 2 0 U
-60 29 1 4 0 0 N
-59 29 C 0 1 1 N
-58 29 1 0 0 0 N
-57 29 0 0 0 0 N
-56 29 B 0 7 0 N
-55 29 0 1 0 0 N
-54 29 C 0 1 1 N
-53 29 1 0 0 0 N
-52 29 0 0 0 0 N
-51 29 B 0 8 0 N
-50 29 0 2 0 0 N
-49 29 G 4 3 0 P
-48 29 G 0 2 0 P
-47 29 1 4 0 0 N
-46 29 C 0 1 1 N
-45 29 1 0 0 0 N
-44 29 0 0 0 0 N
-43 29 B 0 6 0 N
-42 29 1 5 1 0 N
-41 29 G 4 9 0 P
-40 29 G 0 2 0 P
-39 29 1 4 0 0 N
-38 29 C 0 1 1 N
-37 29 1 0 0 0 N
-36 29 0 0 0 0 N
-35 29 B 0 5 0 N
-34 29 1 4 1 0 N
-33 29 C 0 1 1 N
-32 29 1 0 0 0 N
-31 29 0 0 0 0 N
-30 29 B 0 6 0 N
-29 29 1 5 1 0 N
-28 29 G 4 9 0 P
-27 29 G 0 2 0 P
-26 29 1 4 0 0 N
-25 29 C 0 1 1 N
-24 29 1 0 0 0 N
-23 29 0 0 0 0 N
-22 29 B 0 7 0 N
-21 29 0 1 0 0 N
-20 29 C 0 1 1 N
-19 29 1 0 0 0 N
-18 29 0 0 0 0 N
-17 29 B 0 8 0 N
-16 29 0 2 0 0 N
-15 29 G 4 3 0 P
-14 29 G 0 2 0 P
-13 29 1 4 0 0 N
-12 29 C 0 1 1 N
-11 29 1 0 0 0 N
-10 29 0 0 0 0 N
-9 29 B 0 6 0 N
-8 29 1 5 1 0 N
-7 29 G 4 9 0 P
-6 29 G 0 2 0 P
-5 29 1 4 0 0 N
-4 29 C 0 1 1 N
-3 29 1 0 0 0 N
-2 29 0 0 0 0 N
-1 29 B 0 5 0 N
0 29 1 4 1 0 N
1 29 C 0 1 1 N
2 29 1 0 0 0 N
3 29 0 0 0 0 N
4 29 B 0 8 0 N
5 29 0 2 0 0 N
6 29 G 4 3 0 P
7 29 G 0 2 0 P
8 29 1 4 0 0 N
9 29 C 0 1 1 N
10 29 1 0 0 0 N
11 29 0 0 0 0 N
12 29 B 0 7 0 N
13 29 0 1 0 0 N
14 29 C 0 1 1 N
15 29 1 0 0 0 N
16 29 0 0 0 0 N
17 29 B 0 8 0 N
18 29 0 2 0 0 N
19 29 G 4 3 0 P
20 29 G 0 2 0 P
21 29 1 4 0 0 N
22 29 C 0 1 1 N
23 29 1 0 0 0 N
24 29 0 0 0 0 N
25 29 B 0 6 0 N
26 29 1 5 1 0 N
27 29 G 4 9 0 P
28 29 G 0 2 0 P
29 29 1 4 0 0 N
43 29 C 0 1 1 N
44 29 1 0 0 0 N
45 29 0 0 0 0 N
46 29 B 0 6 0 N
47 29 1 5 1 0 N
48 29 G 4 9 0 U
49 29 G 0 2 0 U
50 29 1 4 0 0 N
51 29 C 0 1 1 N
52 29 1 0 0 0 N
53 29 0 0 0 0 N
54 29 B 0 5 0 N
55 29 1 4 1 0 N
-66 30 G 5 4 0 U
-65 30 G 4 5 0 U
-64 30 B 5 2 0 N
-61 30 G 5 3 0 U
-60 30 C 4 1 1 N
-58 30 G 5 4 0 U
-57 30 G 4 5 0 U
-56 30 B 5 8 0 N
-55 30 B 1 1 0 N
-54 30 G 2 3 0 T
-53 30 G 5 4 0 T
-52 30 G 4 5 0 T
-51 30 B 2 1 0 N
-50 30 C 1 1 1 N
-49 30 G 2 3 0 P
-48 30 G 5 3 0 P
-47 30 C 4 1 1 N
-46 30 C 2 1 1 N
-45 30 G 5 4 0 P
-44 30 G 4 5 0 P
-43 30 B 5 2 0 N
-42 30 C 1 1 1 N
-41 30 G 2 3 0 P
-40 30 G 5 3 0 P
-39 30 C 4 1 1 N
-38 30 C 2 1 1 N
-37 30 G 5 4 0 P
-36 30 G 4 5 0 P
-35 30 B 5 6 0 N
-34 30 B 4 2 0 N
-33 30 G 2 5 0 T
-32 30 G 5 4 0 T
-31 30 G 4 5 0 T
-30 30 B 5 2 0 N
-29 30 C 1 1 1 N
-28 30 G 2 3 0 P
-27 30 G 5 3 0 P
-26 30 C 4 1 1 N
-25 30 C 2 1 1 N
-24 30 G 5 4 0 P
-23 30 G 4 5 0 P
-22 30 B 5 8 0 N
-21 30 B 1 1 0 N
-20 30 G 2 3 0 T
-19 30 G 5 4 0 T
-18 30 G 4 5 0 T
-17 30 B 2 1 0 N
-16 30 C 1 1 1 N
-15 30 G 2 3 0 P
-14 30 G 5 3 0 P
-13 30 C 4 1 1 N
-12 30 C 2 1 1 N
-11 30 G 5 4 0 P
-10 30 G 4 5 0 P
-9 30 B 5 2 0 N
-8 30 C 1 1 1 N
-7 30 G 2 3 0 P
-6 30 G 5 3 0 P
-5 30 C 4 1 1 N
-4 30 C 2 1 1 N
-3 30 G 5 4 0 P
-2 30 G 4 5 0 P
-1 30 B 5 6 0 N
0 30 B 4 2 0 N
1 30 G 2 5 0 T
2 30 G 5 4 0 T
3 30 G 4 5 0 T
4 30 B 2 1 0 N
5 30 C 1 1 1 N
6 30 G 2 3 0 P
7 30 G 5 3 0 P
8 30 C 4 1 1 N
9 30 C 2 1 1 N
10 30 G 5 4 0 P
11 30 G 4 5 0 P
12 30 B 5 8 0 N
13 30 B 1 1 0 N
14 30 G 2 3 0 T
15 30 G 5 4 0 T
16 30 G 4 5 0 T
17 30 B 2 1 0 N
18 30 C 1 1 1 N
19 30 G 2 3 0 P
20 30 G 5 3 0 P
21 30 C 4 1 1 N
22 30 C 2 1 1 N
23 30 G 5 4 0 P
24 30 G 4 5 0 P
25 30 B 5 2 0 N
26 30 C 1 1 1 N
27 30 G 2 3 0 P
28 30 G 5 3 0 P
29 30 C 4 1 1 N
30 30 C 2 1 1 N
44 30 G 5 4 0 U
45 30 G 4 5 0 U
46 30 B 5 2 0 N
49 30 G 5 3 0 U
50 30 C 4 1 1 N
52 30 G 5 4 0 U
53 30 G 4 5 0 U
54 30 B 5 6 0 N
55 30 B 4 2 0 N
56 30 G 2 5 0 U
-66 31 G 1 2 0 U
-65 31 0 5 0 0 N
-64 31 G 3 5 0 U
-58 31 G 1 2 0 U
-57 31 0 5 0 0 N
-56 31 G 3 5 0 U
-55 31 1 1 0 0 N
-54 31 G 3 2 0 T
-53 31 G 1 4 0 T
-52 31 1 2 0 0 N
-51 31 G 3 3 0 T
-50 31 1 1 0 0 N
-49 31 G 3 2 0 P
-48 31 G 1 4 0 P
-47 31 1 2 0 0 N
-46 31 G 3 3 0 P
-45 31 G 1 2 0 P
-44 31 0 5 0 0 N
-43 31 G 3 5 0 T
-42 31 1 1 0 0 N
-41 31 G 3 2 0 P
-40 31 G 1 4 0 P
-39 31 1 2 0 0 N
-38 31 G 3 3 0 P
-37 31 G 1 2 0 P
-36 31 0 5 0 0 N
-35 31 G 3 5 0 P
-34 31 0 4 0 0 N
-33 31 G 3 4 0 T
-32 31 G 1 2 0 T
-31 31 0 5 0 0 N
-30 31 G 3 5 0 T
-29 31 1 1 0 0 N
-28 31 G 3 2 0 P
-27 31 G 1 4 0 P
-26 31 1 2 0 0 N
-25 31 G 3 3 0 P
-24 31 G 1 2 0 P
-23 31 0 5 0 0 N
-22 31 G 3 5 0 T
-21 31 1 1 0 0 N
-20 31 G 3 2 0 T
-19 31 G 1 4 0 T
-18 31 1 2 0 0 N
-17 31 G 3 3 0 T
-16 31 1 1 0 0 N
-15 31 G 3 2 0 P
-14 31 G 1 4 0 P
-13 31 1 2 0 0 N
-12 31 G 3 3 0 P
-11 31 G 1 2 0 P
-10 31 0 5 0 0 N
-9 31 G 3 5 0 T
-8 31 1 1 0 0 N
-7 31 G 3 2 0 P
-6 31 G 1 4 0 P
-5 31 1 2 0 0 N
-4 31 G 3 3 0 P
-3 31 G 1 2 0 P
-2 31 0 5 0 0 N
-1 31 G 3 5 0 T
0 31 0 4 0 0 N
1 31 G 3 4 0 T
2 31 G 1 4 0 T
3 31 1 2 0 0 N
4 31 G 3 3 0 T
5 31 1 1 0 0 N
6 31 G 3 2 0 P
7 31 G 1 4 0 P
8 31 1 2 0 0 N
9 31 G 3 3 0 P
10 31 G 1 2 0 P
11 31 0 5 0 0 N
12 31 G 3 5 0 T
13 31 1 1 0 0 N
14 31 G 3 2 0 T
15 31 G 1 4 0 T
16 31 1 2 0 0 N
17 31 G 3 3 0 T
18 31 1 1 0 0 N
19 31 G 3 2 0 P
20 31 G 1 4 0 P
21 31 1 2 0 0 N
22 31 G 3 3 0 P
23 31 G 1 2 0 P
24 31 0 5 0 0 N
25 31 G 3 5 0 T
26 31 1 1 0 0 N
27 31 G 3 2 0 P
28 31 G 1 4 0 P
29 31 1 2 0 0 N
30 31 G 3 3 0 U
44 31 G 1 2 0 U
45 31 0 5 0 0 N
46 31 G 3 5 0 U
52 31 G 1 2 0 U
53 31 0 5 0 0 N
54 31 G 3 5 0 U
55 31 0 4 0 0 N
56 31 G 3 4 0 U
-67 32 G 0 3 0 U
-66 32 1 5 0 0 N
-65 32 G 4 4 0 U
-59 32 G 0 3 0 U
-58 32 1 5 0 0 N
-57 32 G 4 4 0 U
-56 32 G 0 4 0 U
-55 32 0 1 0 0 N
-54 32 G 0 5 0 T
-53 32 0 2 0 0 N
-52 32 G 4 2 0 T
-51 32 G 0 4 0 T
-50 32 0 1 0 0 N
-49 32 G 0 5 0 P
-48 32 0 2 0 0 N
-47 32 G 4 2 0 P
-46 32 G 0 3 0 P
-45 32 1 5 0 0 N
-44 32 G 4 4 0 T
-43 32 G 0 4 0 T
-42 32 0 1 0 0 N
-41 32 G 0 5 0 P
-40 32 0 2 0 0 N
-39 32 G 4 2 0 P
-38 32 G 0 3 0 P
-37 32 1 5 0 0 N
-36 32 G 4 4 0 P
-35 32 G 0 2 0 P
-34 32 1 4 0 0 N
-33 32 G 0 3 0 T
-32 32 1 5 0 0 N
-31 32 G 4 4 0 T
-30 32 G 0 4 0 T
-29 32 0 1 0 0 N
-28 32 G 0 5 0 P
-27 32 0 2 0 0 N
-26 32 G 4 2 0 P
-25 32 G 0 3 0 P
-24 32 1 5 0 0 N
-23 32 G 4 4 0 T
-22 32 G 0 4 0 T
-21 32 0 1 0 0 N
-20 32 G 0 5 0 T
-19 32 0 2 0 0 N
-18 32 G 4 2 0 T
-17 32 G 0 4 0 T
-16 32 0 1 0 0 N
-15 32 G 0 5 0 P
-14 32 0 2 0 0 N
-13 32 G 4 2 0 P
-12 32 G 0 3 0 P
-11 32 1 5 0 0 N
-10 32 G 4 4 0 T
-9 32 G 0 4 0 T
-8 32 0 1 0 0 N
-7 32 G 0 5 0 P
-6 32 0 2 0 0 N
-5 32 G 4 2 0 P
-4 32 G 0 3 0 P
-3 32 1 5 0 0 N
-2 32 G 4 4 0 T
-1 32 G 0 2 0 T
0 32 1 4 0 0 N
1 32 G 0 5 0 T
2 32 0 2 0 0 N
3 32 G 4 2 0 T
4 32 G 0 4 0 T
5 32 0 1 0 0 N
6 32 G 0 5 0 P
7 32 0 2 0 0 N
8 32 G 4 2 0 P
9 32 G 0 3 0 P
10 32 1 5 0 0 N
11 32 G 4 4 0 T
12 32 G 0 4 0 T
13 32 0 1 0 0 N
14 32 G 0 5 0 T
15 32 0 2 0 0 N
16 32 G 4 2 0 T
17 32 G 0 4 0 T
18 32 0 1 0 0 N
19 32 G 0 5 0 P
20 32 0 2 0 0 N
21 32 G 4 2 0 P
22 32 G 0 3 0 P
23 32 1 5 0 0 N
24 32 G 4 4 0 T
25 32 G 0 4 0 T
26 32 0 1 0 0 N
27 32 G 0 5 0 P
28 32 0 2 0 0 N
29 32 G 4 2 0 U
43 32 G 0 3 0 U
44 32 1 5 0 0 N
45 32 G 4 4 0 U
51 32 G 0 3 0 U
52 32 1 5 0 0 N
53 32 G 4 4 0 U
54 32 G 0 2 0 U
55 32 1 4 0 0 N
-67 33 C 5 1 1 N
-59 33 C 5 1 1 N
-56 33 G 5 5 0 U
-55 33 B 1 2 0 N
-54 33 B 2 6 0 N
-53 33 G 1 5 0 T
-52 33 G 2 4 0 T
-51 33 G 5 5 0 T
-50 33 B 1 8 0 N
-49 33 B 2 7 0 N
-48 33 G 1 10 0 P
-47 33 G 2 9 0 P
-46 33 C 5 1 1 N
-45 33 G 1 5 0 T
-44 33 G 2 4 0 T
-43 33 G 5 5 0 T
-42 33 B 1 2 0 N
-41 33 B 2 6 0 N
-40 33 G 1 5 0 P
-39 33 G 2 4 0 P
-38 33 C 5 1 1 N
-37 33 C 1 1 1 N
-36 33 G 2 3 0 P
-35 33 G 5 3 0 P
-34 33 C 4 1 1 N
-33 33 B 5 1 0 N
-32 33 G 1 5 0 T
-31 33 G 2 4 0 T
-30 33 G 5 5 0 T
-29 33 B 1 8 0 N
-28 33 B 2 7 0 N
-27 33 G 1 10 0 P
-26 33 G 2 9 0 P
-25 33 C 5 1 1 N
-24 33 G 1 5 0 T
-23 33 G 2 4 0 T
-22 33 G 5 5 0 T
-21 33 B 1 8 0 N
-20 33 B 2 7 0 N
-19 33 G 1 10 0 T
-18 33 G 2 9 0 T
-17 33 G 5 5 0 T
-16 33 B 1 8 0 N
-15 33 B 2 7 0 N
-14 33 G 1 10 0 P
-13 33 G 2 9 0 P
-12 33 C 5 1 1 N
-11 33 G 1 5 0 T
-10 33 G 2 4 0 T
-9 33 G 5 5 0 T
-8 33 B 1 8 0 N
-7 33 B 2 7 0 N
-6 33 G 1 10 0 P
-5 33 G 2 9 0 P
-4 33 C 5 1 1 N
-3 33 G 1 5 0 T
-2 33 G 2 4 0 T
-1 33 G 5 3 0 T
0 33 B 4 1 0 N
1 33 B 2 8 0 N
2 33 G 1 5 0 T
3 33 G 2 4 0 T
4 33 G 5 5 0 T
5 33 B 1 8 0 N
6 33 B 2 7 0 N
7 33 G 1 10 0 P
8 33 G 2 9 0 P
9 33 C 5 1 1 N
10 33 G 1 5 0 T
11 33 G 2 4 0 T
12 33 G 5 5 0 T
13 33 B 1 8 0 N
14 33 B 2 7 0 N
15 33 G 1 10 0 T
16 33 G 2 9 0 T
17 33 G 5 5 0 T
18 33 B 1 8 0 N
19 33 B 2 7 0 N
20 33 G 1 10 0 P
21 33 G 2 9 0 P
22 33 C 5 1 1 N
23 33 G 1 5 0 T
24 33 G 2 4 0 T
25 33 G 5 5 0 T
26 33 B 1 8 0 N
27 33 B 2 7 0 N
28 33 G 1 10 0 U
29 33 G 2 9 0 U
31 33 G 1 5 0 U
32 33 G 2 4 0 U
43 33 C 5 1 1 N
51 33 C 5 1 1 N
54 33 G 5 3 0 U
55 33 C 4 1 1 N
-55 34 1 1 1 0 N
-54 34 B 3 5 0 N
-53 34 0 3 0 0 N
-52 34 1 3 0 0 N
-51 34 B 3 1 0 N
-50 34 0 3 0 0 N
-49 34 1 3 0 0 N
-48 34 0 3 1 0 N
-47 34 1 3 1 0 N
-46 34 B 3 2 0 N
-45 34 0 3 0 0 N
-44 34 1 3 0 0 N
-43 34 C 3 1 1 N
-42 34 1 1 1 0 N
-41 34 B 3 5 0 N
-40 34 0 3 0 0 N
-39 34 1 3 0 0 N
-38 34 C 3 1 1 N
-37 34 1 1 0 0 N
-36 34 G 3 2 0 P
-35 34 G 1 3 0 P
-34 34 0 5 0 0 N
-33 34 B 3 8 0 N
-32 34 0 3 0 0 N
-31 34 1 3 0 0 N
-30 34 B 3 1 0 N
-29 34 0 3 0 0 N
-28 34 1 3 0 0 N
-27 34 0 3 1 0 N
-26 34 1 3 1 0 N
-25 34 B 3 2 0 N
-24 34 0 3 0 0 N
-23 34 1 3 0 0 N
-22 34 B 3 1 0 N
-21 34 0 3 0 0 N
-20 34 1 3 0 0 N
-19 34 0 3 1 0 N
-18 34 1 3 1 0 N
-17 34 B 3 2 0 N
-16 34 0 3 0 0 N
-15 34 1 3 0 0 N
-14 34 0 3 1 0 N
-13 34 1 3 1 0 N
-12 34 B 3 2 0 N
-11 34 0 3 0 0 N
-10 34 1 3 0 0 N
-9 34 B 3 1 0 N
-8 34 0 3 0 0 N
-7 34 1 3 0 0 N
-6 34 0 3 1 0 N
-5 34 1 3 1 0 N
-4 34 B 3 2 0 N
-3 34 0 3 0 0 N
-2 34 1 3 0 0 N
-1 34 C 3 1 1 N
0 34 0 4 0 0 N
1 34 B 3 7 0 N
2 34 0 3 0 0 N
3 34 1 3 0 0 N
4 34 B 3 1 0 N
5 34 0 3 0 0 N
6 34 1 3 0 0 N
7 34 0 3 1 0 N
8 34 1 3 1 0 N
9 34 B 3 2 0 N
10 34 0 3 0 0 N
11 34 1 3 0 0 N
12 34 B 3 1 0 N
13 34 0 3 0 0 N
14 34 1 3 0 0 N
15 34 0 3 1 0 N
16 34 1 3 1 0 N
17 34 B 3 2 0 N
18 34 0 3 0 0 N
19 34 1 3 0 0 N
20 34 0 3 1 0 N
21 34 1 3 1 0 N
22 34 B 3 2 0 N
23 34 0 3 0 0 N
24 34 1 3 0 0 N
25 34 B 3 1 0 N
26 34 0 3 0 0 N
27 34 1 3 0 0 N
28 34 0 3 1 0 N
29 34 1 3 1 0 N
30 34 B 3 2 0 N
31 34 0 3 0 0 N
32 34 1 3 0 0 N
33 34 C 3 1 1 N
-56 35 G 0 9 0 U
-55 35 0 1 1 0 N
-54 35 G 2 4 0 T
-53 35 G 5 2 0 T
-52 35 G 4 3 0 T
-51 35 C 2 1 1 N
-50 35 G 5 3 0 P
-49 35 G 4 4 0 P
-48 35 B 5 5 0 N
-47 35 B 4 6 0 N
-46 35 G 2 5 0 P
-45 35 G 5 2 0 P
-44 35 G 4 3 0 P
-43 35 G 0 9 0 P
-42 35 0 1 1 0 N
-41 35 G 2 4 0 P
-40 35 G 5 2 0 P
-39 35 G 4 3 0 P
-38 35 G 0 4 0 P
-37 35 0 1 0 0 N
-36 35 G 0 4 0 P
-35 35 1 5 0 0 N
-34 35 B 4 7 0 N
-33 35 G 2 5 0 T
-32 35 G 5 2 0 T
-31 35 G 4 3 0 T
-30 35 C 2 1 1 N
-29 35 G 5 3 0 P
-28 35 G 4 4 0 P
-27 35 B 5 5 0 N
-26 35 B 4 6 0 N
-25 35 G 2 5 0 T
-24 35 G 5 2 0 T
-23 35 G 4 3 0 T
-22 35 C 2 1 1 N
-21 35 G 5 3 0 P
-20 35 G 4 4 0 P
-19 35 B 5 5 0 N
-18 35 B 4 6 0 N
-17 35 G 2 5 0 T
-16 35 G 5 3 0 T
-15 35 G 4 4 0 T
-14 35 B 5 5 0 N
-13 35 B 4 6 0 N
-12 35 G 2 5 0 T
-11 35 G 5 2 0 T
-10 35 G 4 3 0 T
-9 35 C 2 1 1 N
-8 35 G 5 3 0 P
-7 35 G 4 4 0 P
-6 35 B 5 5 0 N
-5 35 B 4 6 0 N
-4 35 G 2 5 0 P
-3 35 G 5 2 0 P
-2 35 G 4 3 0 P
-1 35 G 0 3 0 P
0 35 1 4 0 0 N
1 35 G 2 10 0 T
2 35 G 5 2 0 T
3 35 G 4 3 0 T
4 35 C 2 1 1 N
5 35 G 5 3 0 P
6 35 G 4 4 0 P
7 35 B 5 5 0 N
8 35 B 4 6 0 N
9 35 G 2 5 0 T
10 35 G 5 2 0 T
11 35 G 4 3 0 T
12 35 C 2 1 1 N
13 35 G 5 3 0 P
14 35 G 4 4 0 P
15 35 B 5 5 0 N
16 35 B 4 6 0 N
17 35 G 2 5 0 T
18 35 G 5 3 0 T
19 35 G 4 4 0 T
20 35 B 5 5 0 N
21 35 B 4 6 0 N
22 35 G 2 5 0 T
23 35 G 5 2 0 T
24 35 G 4 3 0 T
25 35 C 2 1 1 N
26 35 G 5 3 0 P
27 35 G 4 4 0 P
28 35 B 5 5 0 N
29 35 B 4 6 0 N
30 35 G 2 5 0 U
31 35 G 5 2 0 U
32 35 G 4 3 0 U
-58 36 G 1 3 0 U
-57 36 G 2 2 0 U
-56 36 G 5 10 0 U
-55 36 1 1 0 0 N
-54 36 G 3 3 0 T
-53 36 G 1 4 0 T
-52 36 1 2 0 0 N
-51 36 G 3 3 0 P
-50 36 G 1 2 0 P
-49 36 0 5 0 0 N
-48 36 G 3 5 0 P
-47 36 0 4 0 0 N
-46 36 G 3 4 0 P
-45 36 G 1 3 0 P
-44 36 G 2 2 0 P
-43 36 G 5 10 0 P
-42 36 1 1 0 0 N
-41 36 G 3 3 0 P
-40 36 G 1 3 0 P
-39 36 G 2 2 0 P
-38 36 G 5 5 0 P
-37 36 B 1 5 0 N
-36 36 0 5 1 0 N
-35 36 G 3 10 0 T
-34 36 0 4 0 0 N
-33 36 G 3 4 0 T
-32 36 G 1 4 0 T
-31 36 1 2 0 0 N
-30 36 G 3 3 0 P
-29 36 G 1 2 0 P
-28 36 0 5 0 0 N
-27 36 G 3 5 0 P
-26 36 0 4 0 0 N
-25 36 G 3 4 0 T
-24 36 G 1 4 0 T
-23 36 1 2 0 0 N
-22 36 G 3 3 0 P
-21 36 G 1 2 0 P
-20 36 0 5 0 0 N
-19 36 G 3 5 0 P
-18 36 0 4 0 0 N
-17 36 G 3 4 0 T
-16 36 G 1 2 0 T
-15 36 0 5 0 0 N
-14 36 G 3 5 0 T
-13 36 0 4 0 0 N
-12 36 G 3 4 0 T
-11 36 G 1 4 0 T
-10 36 1 2 0 0 N
-9 36 G 3 3 0 P
-8 36 G 1 2 0 P
-7 36 0 5 0 0 N
-6 36 G 3 5 0 P
-5 36 0 4 0 0 N
-4 36 G 3 4 0 P
-3 36 G 1 3 0 P
-2 36 G 2 2 0 P
-1 36 G 5 4 0 P
0 36 0 4 1 0 N
1 36 G 3 9 0 T
2 36 G 1 4 0 T
3 36 1 2 0 0 N
4 36 G 3 3 0 P
5 36 G 1 2 0 P
6 36 0 5 0 0 N
7 36 G 3 5 0 P
8 36 0 4 0 0 N
9 36 G 3 4 0 T
10 36 G 1 4 0 T
11 36 1 2 0 0 N
12 36 G 3 3 0 P
13 36 G 1 2 0 P
14 36 0 5 0 0 N
15 36 G 3 5 0 P
16 36 0 4 0 0 N
17 36 G 3 4 0 T
18 36 G 1 2 0 T
19 36 0 5 0 0 N
20 36 G 3 5 0 T
21 36 0 4 0 0 N
22 36 G 3 4 0 T
23 36 G 1 4 0 T
24 36 1 2 0 0 N
25 36 G 3 3 0 P
26 36 G 1 2 0 P
27 36 0 5 0 0 N
28 36 G 3 5 0 U
29 36 0 4 0 0 N
30 36 G 3 4 0 U
-59 37 C 0 1 1 N
-58 37 1 0 0 0 N
-57 37 0 0 0 0 N
-56 37 B 0 7 0 N
-55 37 0 1 0 0 N
-54 37 G 0 5 0 T
-53 37 0 2 0 0 N
-52 37 G 4 2 0 P
-51 37 G 0 3 0 P
-50 37 1 5 0 0 N
-49 37 G 4 4 0 P
-48 37 G 0 2 0 P
-47 37 1 4 0 0 N
-46 37 C 0 1 1 N
-45 37 1 0 0 0 N
-44 37 0 0 0 0 N
-43 37 B 0 7 0 N
-42 37 0 1 0 0 N
-41 37 C 0 1 1 N
-40 37 1 0 0 0 N
-39 37 0 0 0 0 N
-38 37 B 0 6 0 N
-37 37 1 5 1 0 N
-36 37 G 4 9 0 T
-35 37 G 0 2 0 T
-34 37 1 4 0 0 N
-33 37 G 0 5 0 T
-32 37 0 2 0 0 N
-31 37 G 4 2 0 P
-30 37 G 0 3 0 P
-29 37 1 5 0 0 N
-28 37 G 4 4 0 P
-27 37 G 0 2 0 P
-26 37 1 4 0 0 N
-25 37 G 0 5 0 T
-24 37 0 2 0 0 N
-23 37 G 4 2 0 P
-22 37 G 0 3 0 P
-21 37 1 5 0 0 N
-20 37 G 4 4 0 P
-19 37 G 0 2 0 P
-18 37 1 4 0 0 N
-17 37 G 0 3 0 T
-16 37 1 5 0 0 N
-15 37 G 4 4 0 T
-14 37 G 0 2 0 T
-13 37 1 4 0 0 N
-12 37 G 0 5 0 T
-11 37 0 2 0 0 N
-10 37 G 4 2 0 P
-9 37 G 0 3 0 P
-8 37 1 5 0 0 N
-7 37 G 4 4 0 P
-6 37 G 0 2 0 P
-5 37 1 4 0 0 N
-4 37 C 0 1 1 N
-3 37 1 0 0 0 N
-2 37 0 0 0 0 N
-1 37 B 0 5 0 N
0 37 1 4 1 0 N
1 37 G 0 5 0 T
2 37 0 2 0 0 N
3 37 G 4 2 0 P
4 37 G 0 3 0 P
5 37 1 5 0 0 N
6 37 G 4 4 0 P
7 37 G 0 2 0 P
8 37 1 4 0 0 N
9 37 G 0 5 0 T
10 37 0 2 0 0 N
11 37 G 4 2 0 P
12 37 G 0 3 0 P
13 37 1 5 0 0 N
14 37 G 4 4 0 P
15 37 G 0 2 0 P
16 37 1 4 0 0 N
17 37 G 0 3 0 T
18 37 1 5 0 0 N
19 37 G 4 4 0 T
20 37 G 0 2 0 T
21 37 1 4 0 0 N
22 37 G 0 5 0 T
23 37 0 2 0 0 N
24 37 G 4 2 0 P
25 37 G 0 3 0 P
26 37 1 5 0 0 N
27 37 G 4 4 0 U
28 37 G 0 2 0 U
29 37 1 4 0 0 N
-63 38 C 1 1 1 N
-62 38 G 2 3 0 U
-59 38 C 2 1 1 N
-58 38 G 5 4 0 P
-57 38 G 4 5 0 P
-56 38 B 5 8 0 N
-55 38 B 1 2 0 N
-54 38 B 2 6 0 N
-53 38 G 1 5 0 P
-52 38 G 2 4 0 P
-51 38 C 5 1 1 N
-50 38 C 1 1 1 N
-49 38 G 2 3 0 P
-48 38 G 5 3 0 P
-47 38 C 4 1 1 N
-46 38 C 2 1 1 N
-45 38 G 5 4 0 P
-44 38 G 4 5 0 P
-43 38 B 5 8 0 N
-42 38 B 1 1 0 N
-41 38 G 2 3 0 T
-40 38 G 5 4 0 T
-39 38 G 4 5 0 T
-38 38 B 5 2 0 N
-37 38 G 1 5 0 T
-36 38 G 2 4 0 T
-35 38 G 5 3 0 T
-34 38 B 4 1 0 N
-33 38 B 2 8 0 N
-32 38 G 1 5 0 P
-31 38 G 2 4 0 P
-30 38 C 5 1 1 N
-29 38 C 1 1 1 N
-28 38 G 2 3 0 P
-27 38 G 5 3 0 P
-26 38 C 4 1 1 N
-25 38 B 2 2 0 N
-24 38 G 1 5 0 P
-23 38 G 2 4 0 P
-22 38 C 5 1 1 N
-21 38 C 1 1 1 N
-20 38 G 2 3 0 P
-19 38 G 5 3 0 P
-18 38 C 4 1 1 N
-17 38 B 5 1 0 N
-16 38 G 1 5 0 T
-15 38 G 2 4 0 T
-14 38 G 5 3 0 T
-13 38 B 4 1 0 N
-12 38 B 2 8 0 N
-11 38 G 1 5 0 P
-10 38 G 2 4 0 P
-9 38 C 5 1 1 N
-8 38 C 1 1 1 N
-7 38 G 2 3 0 P
-6 38 G 5 3 0 P
-5 38 C 4 1 1 N
-4 38 C 2 1 1 N
-3 38 G 5 4 0 P
-2 38 G 4 5 0 P
-1 38 B 5 6 0 N
0 38 B 4 2 0 N
1 38 B 2 8 0 N
2 38 G 1 5 0 P
3 38 G 2 4 0 P
4 38 C 5 1 1 N
5 38 C 1 1 1 N
6 38 G 2 3 0 P
7 38 G 5 3 0 P
8 38 C 4 1 1 N
9 38 B 2 2 0 N
10 38 G 1 5 0 P
11 38 G 2 4 0 P
12 38 C 5 1 1 N
13 38 C 1 1 1 N
14 38 G 2 3 0 P
15 38 G 5 3 0 P
16 38 C 4 1 1 N
17 38 B 5 1 0 N
18 38 G 1 5 0 T
19 38 G 2 4 0 T
20 38 G 5 3 0 T
21 38 B 4 1 0 N
22 38 B 2 8 0 N
23 38 G 1 5 0 P
24 38 G 2 4 0 P
25 38 C 5 1 1 N
28 38 G 5 3 0 U
29 38 C 4 1 1 N
-63 39 1 1 0 0 N
-62 39 G 3 2 0 U
-61 39 G 1 4 0 U
-60 39 1 2 0 0 N
-59 39 G 3 3 0 P
-58 39 G 1 2 0 P
-57 39 0 5 0 0 N
-56 39 G 3 5 0 T
-55 39 1 1 1 0 N
-54 39 B 3 5 0 N
-53 39 0 3 0 0 N
-52 39 1 3 0 0 N
-51 39 C 3 1 1 N
-50 39 1 1 0 0 N
-49 39 G 3 2 0 P
-48 39 G 1 4 0 P
-47 39 1 2 0 0 N
-46 39 G 3 3 0 P
-45 39 G 1 2 0 P
-44 39 0 5 0 0 N
-43 39 G 3 5 0 T
-42 39 1 1 0 0 N
-41 39 G 3 2 0 T
-40 39 G 1 3 0 T
-39 39 0 5 0 0 N
-38 39 B 3 8 0 N
-37 39 0 3 0 0 N
-36 39 1 3 0 0 N
-35 39 C 3 1 1 N
-34 39 0 4 0 0 N
-33 39 B 3 7 0 N
-32 39 0 3 0 0 N
-31 39 1 3 0 0 N
-30 39 C 3 1 1 N
-29 39 1 1 0 0 N
-28 39 G 3 2 0 P
-27 39 G 1 9 0 P
-26 39 1 2 1 0 N
-25 39 B 3 6 0 N
-24 39 0 3 0 0 N
-23 39 1 3 0 0 N
-22 39 C 3 1 1 N
-21 39 1 1 0 0 N
-20 39 G 3 2 0 P
-19 39 G 1 3 0 P
-18 39 0 5 0 0 N
-17 39 B 3 8 0 N
-16 39 0 3 0 0 N
-15 39 1 3 0 0 N
-14 39 C 3 1 1 N
-13 39 0 4 0 0 N
-12 39 B 3 7 0 N
-11 39 0 3 0 0 N
-10 39 1 3 0 0 N
-9 39 C 3 1 1 N
-8 39 1 1 0 0 N
-7 39 G 3 2 0 P
-6 39 G 1 4 0 P
-5 39 1 2 0 0 N
-4 39 G 3 3 0 P
-3 39 G 1 2 0 P
-2 39 0 5 0 0 N
-1 39 G 3 5 0 T
0 39 0 4 0 0 N
1 39 B 3 7 0 N
2 39 0 3 0 0 N
3 39 1 3 0 0 N
4 39 C 3 1 1 N
5 39 1 1 0 0 N
6 39 G 3 2 0 P
7 39 G 1 9 0 P
8 39 1 2 1 0 N
9 39 B 3 6 0 N
10 39 0 3 0 0 N
11 39 1 3 0 0 N
12 39 C 3 1 1 N
13 39 1 1 0 0 N
14 39 G 3 2 0 P
15 39 G 1 3 0 P
16 39 0 5 0 0 N
17 39 B 3 8 0 N
18 39 0 3 0 0 N
19 39 1 3 0 0 N
20 39 C 3 1 1 N
21 39 0 4 0 0 N
22 39 B 3 7 0 N
23 39 0 3 0 0 N
24 39 1 3 0 0 N
25 39 C 3 1 1 N
-64 40 G 0 4 0 U
-63 40 0 1 0 0 N
-62 40 G 0 5 0 U
-61 40 0 2 0 0 N
-60 40 G 4 2 0 P
-59 40 G 0 3 0 P
-58 40 1 5 0 0 N
-57 40 G 4 4 0 T
-56 40 G 0 9 0 T
-55 40 0 1 1 0 N
-54 40 G 2 4 0 P
-53 40 G 5 2 0 P
-52 40 G 4 3 0 P
-51 40 G 0 4 0 P
-50 40 0 1 0 0 N
-49 40 G 0 5 0 P
-48 40 0 2 0 0 N
-47 40 G 4 2 0 P
-46 40 G 0 3 0 P
-45 40 1 5 0 0 N
-44 40 G 4 4 0 T
-43 40 G 0 4 0 T
-42 40 0 1 0 0 N
-41 40 G 0 4 0 T
-40 40 1 5 0 0 N
-39 40 B 4 7 0 N
-38 40 G 2 5 0 P
-37 40 G 5 2 0 P
-36 40 G 4 3 0 P
-35 40 G 0 3 0 P
-34 40 1 4 0 0 N
-33 40 G 2 10 0 P
-32 40 G 5 2 0 P
-31 40 G 4 3 0 P
-30 40 G 0 4 0 P
-29 40 0 1 0 0 N
-28 40 G 0 10 0 P
-27 40 0 2 1 0 N
-26 40 B 4 5 0 N
-25 40 G 2 5 0 P
-24 40 G 5 2 0 P
-23 40 G 4 3 0 P
-22 40 G 0 4 0 P
-21 40 0 1 0 0 N
-20 40 G 0 4 0 P
-19 40 1 5 0 0 N
-18 40 B 4 7 0 N
-17 40 G 2 5 0 P
-16 40 G 5 2 0 P
-15 40 G 4 3 0 P
-14 40 G 0 3 0 P
-13 40 1 4 0 0 N
-12 40 G 2 10 0 P
-11 40 G 5 2 0 P
-10 40 G 4 3 0 P
-9 40 G 0 4 0 P
-8 40 0 1 0 0 N
-7 40 G 0 5 0 P
-6 40 0 2 0 0 N
-5 40 G 4 2 0 P
-4 40 G 0 3 0 P
-3 40 1 5 0 0 N
-2 40 G 4 4 0 T
-1 40 G 0 3 0 T
0 40 1 4 0 0 N
1 40 G 2 10 0 P
2 40 G 5 2 0 P
3 40 G 4 3 0 P
4 40 G 0 4 0 P
5 40 0 1 0 0 N
6 40 G 0 10 0 P
7 40 0 2 1 0 N
8 40 B 4 5 0 N
9 40 G 2 5 0 P
10 40 G 5 2 0 P
11 40 G 4 3 0 P
12 40 G 0 4 0 P
13 40 0 1 0 0 N
14 40 G 0 4 0 P
15 40 1 5 0 0 N
16 40 B 4 7 0 N
17 40 G 2 5 0 P
18 40 G 5 2 0 P
19 40 G 4 3 0 P
20 40 G 0 3 0 P
21 40 1 4 0 0 N
22 40 G 2 10 0 U
23 40 G 5 2 0 U
24 40 G 4 3 0 U
-66 41 G 1 3 0 U
-65 41 G 2 2 0 U
-64 41 G 5 5 0 U
-63 41 B 1 6 0 N
-62 41 B 2 5 0 N
-61 41 G 1 4 0 P
-60 41 G 2 3 0 P
-59 41 C 5 1 1 N
-58 41 G 1 3 0 T
-57 41 G 2 2 0 T
-56 41 G 5 10 0 T
-55 41 1 1 0 0 N
-54 41 G 3 3 0 P
-53 41 G 1 3 0 P
-52 41 G 2 2 0 P
-51 41 G 5 5 0 P
-50 41 B 1 6 0 N
-49 41 B 2 5 0 N
-48 41 G 1 4 0 P
-47 41 G 2 3 0 P
-46 41 C 5 1 1 N
-45 41 G 1 3 0 T
-44 41 G 2 2 0 T
-43 41 G 5 5 0 T
-42 41 B 1 5 0 N
-41 41 0 5 1 0 N
-40 41 G 3 10 0 P
-39 41 0 4 0 0 N
-38 41 G 3 4 0 P
-37 41 G 1 3 0 P
-36 41 G 2 2 0 P
-35 41 G 5 4 0 P
-34 41 0 4 1 0 N
-33 41 G 3 9 0 P
-32 41 G 1 3 0 P
-31 41 G 2 2 0 P
-30 41 G 5 5 0 P
-29 41 B 1 7 0 N
-28 41 1 2 0 0 N
-27 41 G 3 4 0 P
-26 41 0 4 0 0 N
-25 41 G 3 4 0 P
-24 41 G 1 3 0 P
-23 41 G 2 2 0 P
-22 41 G 5 5 0 P
-21 41 B 1 5 0 N
-20 41 0 5 1 0 N
-19 41 G 3 10 0 P
-18 41 0 4 0 0 N
-17 41 G 3 4 0 P
-16 41 G 1 3 0 P
-15 41 G 2 2 0 P
-14 41 G 5 4 0 P
-13 41 0 4 1 0 N
-12 41 G 3 9 0 P
-11 41 G 1 3 0 P
-10 41 G 2 2 0 P
-9 41 G 5 5 0 P
-8 41 B 1 6 0 N
-7 41 B 2 5 0 N
-6 41 G 1 4 0 P
-5 41 G 2 3 0 P
-4 41 C 5 1 1 N
-3 41 G 1 3 0 T
-2 41 G 2 2 0 T
-1 41 G 5 4 0 T
0 41 0 4 1 0 N
1 41 G 3 9 0 P
2 41 G 1 3 0 P
3 41 G 2 2 0 P
4 41 G 5 5 0 P
5 41 B 1 7 0 N
6 41 1 2 0 0 N
7 41 G 3 4 0 P
8 41 0 4 0 0 N
9 41 G 3 4 0 P
10 41 G 1 3 0 P
11 41 G 2 2 0 P
12 41 G 5 5 0 P
13 41 B 1 5 0 N
14 41 0 5 1 0 N
15 41 G 3 10 0 U
16 41 0 4 0 0 N
17 41 G 3 4 0 P
18 41 G 1 3 0 P
19 41 G 2 2 0 P
20 41 G 5 4 0 P
21 41 0 4 1 0 N
22 41 G 3 9 0 U
-67 42 C 0 1 1 N
-66 42 1 0 0 0 N
-65 42 0 0 0 0 N
-64 42 B 0 2 0 N
-63 42 1 0 1 0 N
-62 42 0 0 1 0 N
-61 42 1 0 0 0 N
-60 42 0 0 0 0 N
-59 42 B 0 1 0 N
-58 42 1 0 0 0 N
-57 42 0 0 0 0 N
-56 42 B 0 7 0 N
-55 42 0 1 0 0 N
-54 42 C 0 1 1 N
-53 42 1 0 0 0 N
-52 42 0 0 0 0 N
-51 42 B 0 2 0 N
-50 42 1 0 1 0 N
-49 42 0 0 1 0 N
-48 42 1 0 0 0 N
-47 42 0 0 0 0 N
-46 42 B 0 1 0 N
-45 42 1 0 0 0 N
-44 42 0 0 0 0 N
-43 42 B 0 6 0 N
-42 42 1 5 1 0 N
-41 42 G 4 9 0 P
-40 42 G 0 2 0 P
-39 42 1 4 0 0 N
-38 42 C 0 1 1 N
-37 42 1 0 0 0 N
-36 42 0 0 0 0 N
-35 42 B 0 5 0 N
-34 42 1 4 1 0 N
-33 42 C 0 1 1 N
-32 42 1 0 0 0 N
-31 42 0 0 0 0 N
-30 42 B 0 8 0 N
-29 42 0 2 0 0 N
-28 42 G 4 3 0 P
-27 42 G 0 2 0 P
-26 42 1 4 0 0 N
-25 42 C 0 1 1 N
-24 42 1 0 0 0 N
-23 42 0 0 0 0 N
-22 42 B 0 6 0 N
-21 42 1 5 1 0 N
-20 42 G 4 9 0 P
-19 42 G 0 2 0 P
-18 42 1 4 0 0 N
-17 42 C 0 1 1 N
-16 42 1 0 0 0 N
-15 42 0 0 0 0 N
-14 42 B 0 5 0 N
-13 42 1 4 1 0 N
-12 42 C 0 1 1 N
-11 42 1 0 0 0 N
-10 42 0 0 0 0 N
-9 42 B 0 2 0 N
-8 42 1 0 1 0 N
-7 42 0 0 1 0 N
-6 42 1 0 0 0 N
-5 42 0 0 0 0 N
-4 42 B 0 1 0 N
-3 42 1 0 0 0 N
-2 42 0 0 0 0 N
-1 42 B 0 5 0 N
0 42 1 4 1 0 N
1 42 C 0 1 1 N
2 42 1 0 0 0 N
3 42 0 0 0 0 N
4 42 B 0 8 0 N
5 42 0 2 0 0 N
6 42 G 4 3 0 P
7 42 G 0 2 0 P
8 42 1 4 0 0 N
9 42 C 0 1 1 N
10 42 1 0 0 0 N
11 42 0 0 0 0 N
12 42 B 0 6 0 N
13 42 1 5 1 0 N
14 42 G 4 9 0 U
15 42 G 0 2 0 U
16 42 1 4 0 0 N
17 42 C 0 1 1 N
18 42 1 0 0 0 N
19 42 0 0 0 0 N
20 42 B 0 5 0 N
21 42 1 4 1 0 N
-76 43 C 1 1 1 N
-75 43 G 2 3 0 U
-72 43 C 2 1 1 N
-66 43 G 5 4 0 U
-65 43 G 4 5 0 U
-64 43 C 2 1 1 N
-63 43 G 5 9 0 P
-62 43 G 4 10 0 P
-61 43 B 5 7 0 N
-60 43 B 4 8 0 N
-59 43 G 2 5 0 T
-58 43 G 5 4 0 T
-57 43 G 4 5 0 T
-56 43 B 5 8 0 N
-55 43 B 1 1 0 N
-54 43 G 2 3 0 T
-53 43 G 5 4 0 T
-52 43 G 4 5 0 T
-51 43 C 2 1 1 N
-50 43 G 5 9 0 P
-49 43 G 4 10 0 P
-48 43 B 5 7 0 N
-47 43 B 4 8 0 N
-46 43 G 2 5 0 T
-45 43 G 5 4 0 T
-44 43 G 4 5 0 T
-43 43 B 5 2 0 N
-42 43 C 1 1 1 N
-41 43 G 2 3 0 P
-40 43 G 5 3 0 P
-39 43 C 4 1 1 N
-38 43 C 2 1 1 N
-37 43 G 5 4 0 P
-36 43 G 4 5 0 P
-35 43 B 5 6 0 N
-34 43 B 4 2 0 N
-33 43 G 2 5 0 T
-32 43 G 5 4 0 T
-31 43 G 4 5 0 T
-30 43 B 2 1 0 N
-29 43 C 1 1 1 N
-28 43 G 2 3 0 P
-27 43 G 5 3 0 P
-26 43 C 4 1 1 N
-25 43 C 2 1 1 N
-24 43 G 5 4 0 P
-23 43 G 4 5 0 P
-22 43 B 5 2 0 N
-21 43 C 1 1 1 N
-20 43 G 2 3 0 P
-19 43 G 5 3 0 P
-18 43 C 4 1 1 N
-17 43 C 2 1 1 N
-16 43 G 5 4 0 P
-15 43 G 4 5 0 P
-14 43 B 5 6 0 N
-13 43 B 4 2 0 N
-12 43 G 2 5 0 T
-11 43 G 5 4 0 T
-10 43 G 4 5 0 T
-9 43 C 2 1 1 N
-8 43 G 5 9 0 P
-7 43 G 4 10 0 P
-6 43 B 5 7 0 N
-5 43 B 4 8 0 N
-4 43 G 2 5 0 T
-3 43 G 5 4 0 T
-2 43 G 4 5 0 T
-1 43 B 5 6 0 N
0 43 B 4 2 0 N
1 43 G 2 5 0 T
2 43 G 5 4 0 T
3 43 G 4 5 0 T
4 43 B 2 1 0 N
5 43 C 1 1 1 N
6 43 G 2 3 0 P
7 43 G 5 3 0 P
8 43 C 4 1 1 N
9 43 C 2 1 1 N
10 43 G 5 4 0 P
11 43 G 4 5 0 P
12 43 B 5 2 0 N
15 43 G 5 3 0 U
16 43 C 4 1 1 N
18 43 G 5 4 0 U
19 43 G 4 5 0 U
20 43 B 5 6 0 N
21 43 B 4 2 0 N
22 43 G 2 5 0 U
-76 44 1 1 0 0 N
-75 44 G 3 2 0 U
-74 44 G 1 4 0 U
-73 44 1 2 0 0 N
-72 44 G 3 3 0 U
-66 44 G 1 4 0 U
-65 44 1 2 0 0 N
-64 44 G 3 3 0 P
-63 44 G 1 2 0 P
-62 44 0 5 0 0 N
-61 44 G 3 5 0 P
-60 44 0 4 0 0 N
-59 44 G 3 4 0 T
-58 44 G 1 2 0 T
-57 44 0 5 0 0 N
-56 44 G 3 5 0 T
-55 44 1 1 0 0 N
-54 44 G 3 2 0 T
-53 44 G 1 4 0 T
-52 44 1 2 0 0 N
-51 44 G 3 3 0 P
-50 44 G 1 2 0 P
-49 44 0 5 0 0 N
-48 44 G 3 5 0 P
-47 44 0 4 0 0 N
-46 44 G 3 4 0 T
-45 44 G 1 2 0 T
-44 44 0 5 0 0 N
-43 44 G 3 5 0 T
-42 44 1 1 0 0 N
-41 44 G 3 2 0 P
-40 44 G 1 4 0 P
-39 44 1 2 0 0 N
-38 44 G 3 3 0 P
-37 44 G 1 2 0 P
-36 44 0 5 0 0 N
-35 44 G 3 5 0 T
-34 44 0 4 0 0 N
-33 44 G 3 4 0 T
-32 44 G 1 4 0 T
-31 44 1 2 0 0 N
-30 44 G 3 3 0 T
-29 44 1 1 0 0 N
-28 44 G 3 2 0 P
-27 44 G 1 4 0 P
-26 44 1 2 0 0 N
-25 44 G 3 3 0 P
-24 44 G 1 2 0 P
-23 44 0 5 0 0 N
-22 44 G 3 5 0 T
-21 44 1 1 0 0 N
-20 44 G 3 2 0 P
-19 44 G 1 4 0 P
-18 44 1 2 0 0 N
-17 44 G 3 3 0 P
-16 44 G 1 2 0 P
-15 44 0 5 0 0 N
-14 44 G 3 5 0 P
-13 44 0 4 0 0 N
-12 44 G 3 4 0 T
-11 44 G 1 4 0 T
-10 44 1 2 0 0 N
-9 44 G 3 3 0 P
-8 44 G 1 2 0 P
-7 44 0 5 0 0 N
-6 44 G 3 5 0 P
-5 44 0 4 0 0 N
-4 44 G 3 4 0 T
-3 44 G 1 2 0 T
-2 44 0 5 0 0 N
-1 44 G 3 5 0 T
0 44 0 4 0 0 N
1 44 G 3 4 0 T
2 44 G 1 4 0 T
3 44 1 2 0 0 N
4 44 G 3 3 0 T
5 44 1 1 0 0 N
6 44 G 3 2 0 P
7 44 G 1 4 0 P
8 44 1 2 0 0 N
9 44 G 3 3 0 P
10 44 G 1 2 0 P
11 44 0 5 0 0 N
12 44 G 3 5 0 U
18 44 G 1 2 0 U
19 44 0 5 0 0 N
20 44 G 3 5 0 U
21 44 0 4 0 0 N
22 44 G 3 4 0 U
-77 45 G 0 4 0 U
-76 45 0 1 0 0 N
-75 45 G 0 5 0 U
-74 45 0 2 0 0 N
-73 45 G 4 2 0 U
-67 45 G 0 5 0 U
-66 45 0 2 0 0 N
-65 45 G 4 2 0 P
-64 45 G 0 3 0 P
-63 45 1 5 0 0 N
-62 45 G 4 4 0 P
-61 45 G 0 2 0 P
-60 45 1 4 0 0 N
-59 45 G 0 3 0 T
-58 45 1 5 0 0 N
-57 45 G 4 4 0 T
-56 45 G 0 4 0 T
-55 45 0 1 0 0 N
-54 45 G 0 5 0 T
-53 45 0 2 0 0 N
-52 45 G 4 2 0 P
-51 45 G 0 3 0 P
-50 45 1 5 0 0 N
-49 45 G 4 4 0 P
-48 45 G 0 2 0 P
-47 45 1 4 0 0 N
-46 45 G 0 3 0 T
-45 45 1 5 0 0 N
-44 45 G 4 4 0 T
-43 45 G 0 4 0 T
-42 45 0 1 0 0 N
-41 45 G 0 5 0 P
-40 45 0 2 0 0 N
-39 45 G 4 2 0 P
-38 45 G 0 3 0 P
-37 45 1 5 0 0 N
-36 45 G 4 4 0 T
-35 45 G 0 2 0 T
-34 45 1 4 0 0 N
-33 45 G 0 5 0 T
-32 45 0 2 0 0 N
-31 45 G 4 2 0 T
-30 45 G 0 4 0 T
-29 45 0 1 0 0 N
-28 45 G 0 5 0 P
-27 45 0 2 0 0 N
-26 45 G 4 2 0 P
-25 45 G 0 3 0 P
-24 45 1 5 0 0 N
-23 45 G 4 4 0 T
-22 45 G 0 4 0 T
-21 45 0 1 0 0 N
-20 45 G 0 5 0 P
-19 45 0 2 0 0 N
-18 45 G 4 2 0 P
-17 45 G 0 3 0 P
-16 45 1 5 0 0 N
-15 45 G 4 4 0 P
-14 45 G 0 2 0 P
-13 45 1 4 0 0 N
-12 45 G 0 5 0 T
-11 45 0 2 0 0 N
-10 45 G 4 2 0 P
-9 45 G 0 3 0 P
-8 45 1 5 0 0 N
-7 45 G 4 4 0 P
-6 45 G 0 2 0 P
-5 45 1 4 0 0 N
-4 45 G 0 3 0 T
-3 45 1 5 0 0 N
-2 45 G 4 4 0 T
-1 45 G 0 2 0 T
0 45 1 4 0 0 N
1 45 G 0 5 0 T
2 45 0 2 0 0 N
3 45 G 4 2 0 T
4 45 G 0 4 0 T
5 45 0 1 0 0 N
6 45 G 0 5 0 P
7 45 0 2 0 0 N
8 45 G 4 2 0 P
9 45 G 0 3 0 P
10 45 1 5 0 0 N
11 45 G 4 4 0 U
17 45 G 0 3 0 U
18 45 1 5 0 0 N
19 45 G 4 4 0 U
20 45 G 0 2 0 U
21 45 1 4 0 0 N
-77 46 G 5 5 0 U
-76 46 B 1 2 0 N
-75 46 B 2 6 0 N
-74 46 G 1 5 0 U
-73 46 G 2 4 0 U
-71 46 C 1 1 1 N
-70 46 G 2 3 0 U
-67 46 B 2 2 0 N
-66 46 G 1 5 0 P
-65 46 G 2 4 0 P
-64 46 C 5 1 1 N
-63 46 C 1 1 1 N
-62 46 G 2 3 0 P
-61 46 G 5 3 0 P
-60 46 C 4 1 1 N
-59 46 B 5 1 0 N
-58 46 G 1 5 0 T
-57 46 G 2 4 0 T
-56 46 G 5 5 0 T
-55 46 B 1 2 0 N
-54 46 B 2 6 0 N
-53 46 G 1 5 0 P
-52 46 G 2 4 0 P
-51 46 C 5 1 1 N
-50 46 C 1 1 1 N
-49 46 G 2 3 0 P
-48 46 G 5 3 0 P
-47 46 C 4 1 1 N
-46 46 B 5 1 0 N
-45 46 G 1 5 0 T
-44 46 G 2 4 0 T
-43 46 G 5 5 0 T
-42 46 B 1 8 0 N
-41 46 B 2 7 0 N
-40 46 G 1 10 0 P
-39 46 G 2 9 0 P
-38 46 C 5 1 1 N
-37 46 G 1 5 0 T
-36 46 G 2 4 0 T
-35 46 G 5 3 0 T
-34 46 B 4 1 0 N
-33 46 B 2 8 0 N
-32 46 G 1 5 0 T
-31 46 G 2 4 0 T
-30 46 G 5 5 0 T
-29 46 B 1 8 0 N
-28 46 B 2 7 0 N
-27 46 G 1 10 0 P
-26 46 G 2 9 0 P
-25 46 C 5 1 1 N
-24 46 G 1 5 0 T
-23 46 G 2 4 0 T
-22 46 G 5 5 0 T
-21 46 B 1 2 0 N
-20 46 B 2 6 0 N
-19 46 G 1 5 0 P
-18 46 G 2 4 0 P
-17 46 C 5 1 1 N
-16 46 C 1 1 1 N
-15 46 G 2 3 0 P
-14 46 G 5 3 0 P
-13 46 C 4 1 1 N
-12 46 B 2 2 0 N
-11 46 G 1 5 0 P
-10 46 G 2 4 0 P
-9 46 C 5 1 1 N
-8 46 C 1 1 1 N
-7 46 G 2 3 0 P
-6 46 G 5 3 0 P
-5 46 C 4 1 1 N
-4 46 B 5 1 0 N
-3 46 G 1 5 0 T
-2 46 G 2 4 0 T
-1 46 G 5 3 0 T
0 46 B 4 1 0 N
1 46 B 2 8 0 N
2 46 G 1 5 0 T
3 46 G 2 4 0 T
4 46 G 5 5 0 T
5 46 B 1 8 0 N
6 46 B 2 7 0 N
7 46 G 1 10 0 P
8 46 G 2 9 0 P
9 46 C 5 1 1 N
10 46 G 1 5 0 U
11 46 G 2 4 0 U
17 46 C 5 1 1 N
20 46 G 5 3 0 U
21 46 C 4 1 1 N
-76 47 1 1 1 0 N
-75 47 B 3 5 0 N
-74 47 0 3 0 0 N
-73 47 1 3 0 0 N
-72 47 C 3 1 1 N
-71 47 1 1 0 0 N
-70 47 G 3 2 0 U
-69 47 G 1 9 0 U
-68 47 1 2 1 0 N
-67 47 B 3 6 0 N
-66 47 0 3 0 0 N
-65 47 1 3 0 0 N
-64 47 C 3 1 1 N
-63 47 1 1 0 0 N
-62 47 G 3 2 0 P
-61 47 G 1 3 0 P
-60 47 0 5 0 0 N
-59 47 B 3 8 0 N
-58 47 0 3 0 0 N
-57 47 1 3 0 0 N
-56 47 C 3 1 1 N
-55 47 1 1 1 0 N
-54 47 B 3 5 0 N
-53 47 0 3 0 0 N
-52 47 1 3 0 0 N
-51 47 C 3 1 1 N
-50 47 1 1 0 0 N
-49 47 G 3 2 0 P
-48 47 G 1 3 0 P
-47 47 0 5 0 0 N
-46 47 B 3 8 0 N
-45 47 0 3 0 0 N
-44 47 1 3 0 0 N
-43 47 B 3 1 0 N
-42 47 0 3 0 0 N
-41 47 1 3 0 0 N
-40 47 0 3 1 0 N
-39 47 1 3 1 0 N
-38 47 B 3 2 0 N
-37 47 0 3 0 0 N
-36 47 1 3 0 0 N
-35 47 C 3 1 1 N
-34 47 0 4 0 0 N
-33 47 B 3 7 0 N
-32 47 0 3 0 0 N
-31 47 1 3 0 0 N
-30 47 B 3 1 0 N
-29 47 0 3 0 0 N
-28 47 1 3 0 0 N
-27 47 0 3 1 0 N
-26 47 1 3 1 0 N
-25 47 B 3 2 0 N
-24 47 0 3 0 0 N
-23 47 1 3 0 0 N
-22 47 C 3 1 1 N
-21 47 1 1 1 0 N
-20 47 B 3 5 0 N
-19 47 0 3 0 0 N
-18 47 1 3 0 0 N
-17 47 C 3 1 1 N
-16 47 1 1 0 0 N
-15 47 G 3 2 0 P
-14 47 G 1 9 0 P
-13 47 1 2 1 0 N
-12 47 B 3 6 0 N
-11 47 0 3 0 0 N
-10 47 1 3 0 0 N
-9 47 C 3 1 1 N
-8 47 1 1 0 0 N
-7 47 G 3 2 0 P
-6 47 G 1 3 0 P
-5 47 0 5 0 0 N
-4 47 B 3 8 0 N
-3 47 0 3 0 0 N
-2 47 1 3 0 0 N
-1 47 C 3 1 1 N
0 47 0 4 0 0 N
1 47 B 3 7 0 N
2 47 0 3 0 0 N
3 47 1 3 0 0 N
4 47 B 3 1 0 N
5 47 0 3 0 0 N
6 47 1 3 0 0 N
7 47 0 3 1 0 N
8 47 1 3 1 0 N
9 47 B 3 2 0 N
10 47 0 3 0 0 N
11 47 1 3 0 0 N
12 47 C 3 1 1 N
-77 48 G 0 9 0 U
-76 48 0 1 1 0 N
-75 48 G 2 4 0 P
-74 48 G 5 2 0 P
-73 48 G 4 3 0 P
-72 48 G 0 4 0 P
-71 48 0 1 0 0 N
-70 48 G 0 10 0 U
-69 48 0 2 1 0 N
-68 48 B 4 5 0 N
-67 48 G 2 5 0 P
-66 48 G 5 2 0 P
-65 48 G 4 3 0 P
-64 48 G 0 4 0 P
-63 48 0 1 0 0 N
-62 48 G 0 4 0 P
-61 48 1 5 0 0 N
-60 48 B 4 7 0 N
-59 48 G 2 5 0 P
-58 48 G 5 2 0 P
-57 48 G 4 3 0 P
-56 48 G 0 9 0 P
-55 48 0 1 1 0 N
-54 48 G 2 4 0 P
-53 48 G 5 2 0 P
-52 48 G 4 3 0 P
-51 48 G 0 4 0 P
-50 48 0 1 0 0 N
-49 48 G 0 4 0 P
-48 48 1 5 0 0 N
-47 48 B 4 7 0 N
-46 48 G 2 5 0 T
-45 48 G 5 2 0 T
-44 48 G 4 3 0 T
-43 48 C 2 1 1 N
-42 48 G 5 3 0 P
-41 48 G 4 4 0 P
-40 48 B 5 5 0 N
-39 48 B 4 6 0 N
-38 48 G 2 5 0 P
-37 48 G 5 2 0 P
-36 48 G 4 3 0 P
-35 48 G 0 3 0 P
-34 48 1 4 0 0 N
-33 48 G 2 10 0 T
-32 48 G 5 2 0 T
-31 48 G 4 3 0 T
-30 48 C 2 1 1 N
-29 48 G 5 3 0 P
-28 48 G 4 4 0 P
-27 48 B 5 5 0 N
-26 48 B 4 6 0 N
-25 48 G 2 5 0 P
-24 48 G 5 2 0 P
-23 48 G 4 3 0 P
-22 48 G 0 9 0 P
-21 48 0 1 1 0 N
-20 48 G 2 4 0 P
-19 48 G 5 2 0 P
-18 48 G 4 3 0 P
-17 48 G 0 4 0 P
-16 48 0 1 0 0 N
-15 48 G 0 10 0 P
-14 48 0 2 1 0 N
-13 48 B 4 5 0 N
-12 48 G 2 5 0 P
-11 48 G 5 2 0 P
-10 48 G 4 3 0 P
-9 48 G 0 4 0 P
-8 48 0 1 0 0 N
-7 48 G 0 4 0 P
-6 48 1 5 0 0 N
-5 48 B 4 7 0 N
-4 48 G 2 5 0 P
-3 48 G 5 2 0 P
-2 48 G 4 3 0 P
-1 48 G 0 3 0 P
0 48 1 4 0 0 N
1 48 G 2 10 0 T
2 48 G 5 2 0 T
3 48 G 4 3 0 T
4 48 C 2 1 1 N
5 48 G 5 3 0 P
6 48 G 4 4 0 P
7 48 B 5 5 0 N
8 48 B 4 6 0 N
9 48 G 2 5 0 U
10 48 G 5 2 0 U
11 48 G 4 3 0 U
-79 49 G 1 3 0 U
-78 49 G 2 2 0 U
-77 49 G 5 10 0 U
-76 49 1 1 0 0 N
-75 49 G 3 3 0 P
-74 49 G 1 3 0 P
-73 49 G 2 2 0 P
-72 49 G 5 5 0 P
-71 49 B 1 7 0 N
-70 49 1 2 0 0 N
-69 49 G 3 4 0 P
-68 49 0 4 0 0 N
-67 49 G 3 4 0 P
-66 49 G 1 3 0 P
-65 49 G 2 2 0 P
-64 49 G 5 5 0 P
-63 49 B 1 5 0 N
-62 49 0 5 1 0 N
-61 49 G 3 10 0 P
-60 49 0 4 0 0 N
-59 49 G 3 4 0 P
-58 49 G 1 3 0 P
-57 49 G 2 2 0 P
-56 49 G 5 10 0 P
-55 49 1 1 0 0 N
-54 49 G 3 3 0 P
-53 49 G 1 3 0 P
-52 49 G 2 2 0 P
-51 49 G 5 5 0 P
-50 49 B 1 5 0 N
-49 49 0 5 1 0 N
-48 49 G 3 10 0 T
-47 49 0 4 0 0 N
-46 49 G 3 4 0 T
-45 49 G 1 4 0 T
-44 49 1 2 0 0 N
-43 49 G 3 3 0 P
-42 49 G 1 2 0 P
-41 49 0 5 0 0 N
-40 49 G 3 5 0 P
-39 49 0 4 0 0 N
-38 49 G 3 4 0 P
-37 49 G 1 3 0 P
-36 49 G 2 2 0 P
-35 49 G 5 4 0 P
-34 49 0 4 1 0 N
-33 49 G 3 9 0 T
-32 49 G 1 4 0 T
-31 49 1 2 0 0 N
-30 49 G 3 3 0 P
-29 49 G 1 2 0 P
-28 49 0 5 0 0 N
-27 49 G 3 5 0 P
-26 49 0 4 0 0 N
-25 49 G 3 4 0 P
-24 49 G 1 3 0 P
-23 49 G 2 2 0 P
-22 49 G 5 10 0 P
-21 49 1 1 0 0 N
-20 49 G 3 3 0 P
-19 49 G 1 3 0 P
-18 49 G 2 2 0 P
-17 49 G 5 5 0 P
-16 49 B 1 7 0 N
-15 49 1 2 0 0 N
-14 49 G 3 4 0 P
-13 49 0 4 0 0 N
-12 49 G 3 4 0 P
-11 49 G 1 3 0 P
-10 49 G 2 2 0 P
-9 49 G 5 5 0 P
-8 49 B 1 5 0 N
-7 49 0 5 1 0 N
-6 49 G 3 10 0 P
-5 49 0 4 0 0 N
-4 49 G 3 4 0 P
-3 49 G 1 3 0 P
-2 49 G 2 2 0 P
-1 49 G 5 4 0 P
0 49 0 4 1 0 N
1 49 G 3 9 0 T
2 49 G 1 4 0 T
3 49 1 2 0 0 N
4 49 G 3 3 0 P
5 49 G 1 2 0 P
6 49 0 5 0 0 N
7 49 G 3 5 0 U
8 49 0 4 0 0 N
9 49 G 3 4 0 U
-80 50 C 0 1 1 N
-79 50 1 0 0 0 N
-78 50 0 0 0 0 N
-77 50 B 0 7 0 N
-76 50 0 1 0 0 N
-75 50 C 0 1 1 N
-74 50 1 0 0 0 N
-73 50 0 0 0 0 N
-72 50 B 0 8 0 N
-71 50 0 2 0 0 N
-70 50 G 4 3 0 P
-69 50 G 0 2 0 P
-68 50 1 4 0 0 N
-67 50 C 0 1 1 N
-66 50 1 0 0 0 N
-65 50 0 0 0 0 N
-64 50 B 0 6 0 N
-63 50 1 5 1 0 N
-62 50 G 4 9 0 P
-61 50 G 0 2 0 P
-60 50 1 4 0 0 N
-59 50 C 0 1 1 N
-58 50 1 0 0 0 N
-57 50 0 0 0 0 N
-56 50 B 0 7 0 N
-55 50 0 1 0 0 N
-54 50 C 0 1 1 N
-53 50 1 0 0 0 N
-52 50 0 0 0 0 N
-51 50 B 0 6 0 N
-50 50 1 5 1 0 N
-49 50 G 4 9 0 T
-48 50 G 0 2 0 T
-47 50 1 4 0 0 N
-46 50 G 0 5 0 T
-45 50 0 2 0 0 N
-44 50 G 4 2 0 P
-43 50 G 0 3 0 P
-42 50 1 5 0 0 N
-41 50 G 4 4 0 P
-40 50 G 0 2 0 P
-39 50 1 4 0 0 N
-38 50 C 0 1 1 N
-37 50 1 0 0 0 N
-36 50 0 0 0 0 N
-35 50 B 0 5 0 N
-34 50 1 4 1 0 N
-33 50 G 0 5 0 T
-32 50 0 2 0 0 N
-31 50 G 4 2 0 P
-30 50 G 0 3 0 P
-29 50 1 5 0 0 N
-28 50 G 4 4 0 P
-27 50 G 0 2 0 P
-26 50 1 4 0 0 N
-25 50 C 0 1 1 N
-24 50 1 0 0 0 N
-23 50 0 0 0 0 N
-22 50 B 0 7 0 N
-21 50 0 1 0 0 N
-20 50 C 0 1 1 N
-19 50 1 0 0 0 N
-18 50 0 0 0 0 N
-17 50 B 0 8 0 N
-16 50 0 2 0 0 N
-15 50 G 4 3 0 P
-14 50 G 0 2 0 P
-13 50 1 4 0 0 N
-12 50 C 0 1 1 N
-11 50 1 0 0 0 N
-10 50 0 0 0 0 N
-9 50 B 0 6 0 N
-8 50 1 5 1 0 N
-7 50 G 4 9 0 P
-6 50 G 0 2 0 P
-5 50 1 4 0 0 N
-4 50 C 0 1 1 N
-3 50 1 0 0 0 N
-2 50 0 0 0 0 N
-1 50 B 0 5 0 N
0 50 1 4 1 0 N
1 50 G 0 5 0 T
2 50 0 2 0 0 N
3 50 G 4 2 0 P
4 50 G 0 3 0 P
5 50 1 5 0 0 N
6 50 G 4 4 0 U
7 50 G 0 2 0 U
8 50 1 4 0 0 N
-84 51 C 1 1 1 N
-83 51 G 2 3 0 U
-80 51 C 2 1 1 N
-79 51 G 5 4 0 P
-78 51 G 4 5 0 P
-77 51 B 5 8 0 N
-76 51 B 1 1 0 N
-75 51 G 2 3 0 T
-74 51 G 5 4 0 T
-73 51 G 4 5 0 T
-72 51 B 2 1 0 N
-71 51 C 1 1 1 N
-70 51 G 2 3 0 P
-69 51 G 5 3 0 P
-68 51 C 4 1 1 N
-67 51 C 2 1 1 N
-66 51 G 5 4 0 P
-65 51 G 4 5 0 P
-64 51 B 5 2 0 N
-63 51 C 1 1 1 N
-62 51 G 2 3 0 P
-61 51 G 5 3 0 P
-60 51 C 4 1 1 N
-59 51 C 2 1 1 N
-58 51 G 5 4 0 P
-57 51 G 4 5 0 P
-56 51 B 5 8 0 N
-55 51 B 1 1 0 N
-54 51 G 2 3 0 T
-53 51 G 5 4 0 T
-52 51 G 4 5 0 T
-51 51 B 5 2 0 N
-50 51 G 1 5 0 T
-49 51 G 2 4 0 T
-48 51 G 5 3 0 T
-47 51 B 4 1 0 N
-46 51 B 2 8 0 N
-45 51 G 1 5 0 P
-44 51 G 2 4 0 P
-43 51 C 5 1 1 N
-42 51 C 1 1 1 N
-41 51 G 2 3 0 P
-40 51 G 5 3 0 P
-39 51 C 4 1 1 N
-38 51 C 2 1 1 N
-37 51 G 5 4 0 P
-36 51 G 4 5 0 P
-35 51 B 5 6 0 N
-34 51 B 4 2 0 N
-33 51 B 2 8 0 N
-32 51 G 1 5 0 P
-31 51 G 2 4 0 P
-30 51 C 5 1 1 N
-29 51 C 1 1 1 N
-28 51 G 2 3 0 P
-27 51 G 5 3 0 P
-26 51 C 4 1 1 N
-25 51 C 2 1 1 N
-24 51 G 5 4 0 P
-23 51 G 4 5 0 P
-22 51 B 5 8 0 N
-21 51 B 1 1 0 N
-20 51 G 2 3 0 T
-19 51 G 5 4 0 T
-18 51 G 4 5 0 T
-17 51 B 2 1 0 N
-16 51 C 1 1 1 N
-15 51 G 2 3 0 P
-14 51 G 5 3 0 P
-13 51 C 4 1 1 N
-12 51 C 2 1 1 N
-11 51 G 5 4 0 P
-10 51 G 4 5 0 P
-9 51 B 5 2 0 N
-8 51 C 1 1 1 N
-7 51 G 2 3 0 P
-6 51 G 5 3 0 P
-5 51 C 4 1 1 N
-4 51 C 2 1 1 N
-3 51 G 5 4 0 P
-2 51 G 4 5 0 P
-1 51 B 5 6 0 N
0 51 B 4 2 0 N
1 51 B 2 8 0 N
2 51 G 1 5 0 P
3 51 G 2 4 0 P
4 51 C 5 1 1 N
7 51 G 5 3 0 U
8 51 C 4 1 1 N
-84 52 1 1 0 0 N
-83 52 G 3 2 0 U
-82 52 G 1 4 0 U
-81 52 1 2 0 0 N
-80 52 G 3 3 0 P
-79 52 G 1 2 0 P
-78 52 0 5 0 0 N
-77 52 G 3 5 0 T
-76 52 1 1 0 0 N
-75 52 G 3 2 0 T
-74 52 G 1 4 0 T
-73 52 1 2 0 0 N
-72 52 G 3 3 0 T
-71 52 1 1 0 0 N
-70 52 G 3 2 0 P
-69 52 G 1 4 0 P
-68 52 1 2 0 0 N
-67 52 G 3 3 0 P
-66 52 G 1 2 0 P
-65 52 0 5 0 0 N
-64 52 G 3 5 0 T
-63 52 1 1 0 0 N
-62 52 G 3 2 0 P
-61 52 G 1 4 0 P
-60 52 1 2 0 0 N
-59 52 G 3 3 0 P
-58 52 G 1 2 0 P
-57 52 0 5 0 0 N
-56 52 G 3 5 0 T
-55 52 1 1 0 0 N
-54 52 G 3 2 0 T
-53 52 G 1 3 0 T
-52 52 0 5 0 0 N
-51 52 B 3 8 0 N
-50 52 0 3 0 0 N
-49 52 1 3 0 0 N
-48 52 C 3 1 1 N
-47 52 0 4 0 0 N
-46 52 B 3 7 0 N
-45 52 0 3 0 0 N
-44 52 1 3 0 0 N
-43 52 C 3 1 1 N
-42 52 1 1 0 0 N
-41 52 G 3 2 0 P
-40 52 G 1 4 0 P
-39 52 1 2 0 0 N
-38 52 G 3 3 0 P
-37 52 G 1 2 0 P
-36 52 0 5 0 0 N
-35 52 G 3 5 0 T
-34 52 0 4 0 0 N
-33 52 B 3 7 0 N
-32 52 0 3 0 0 N
-31 52 1 3 0 0 N
-30 52 C 3 1 1 N
-29 52 1 1 0 0 N
-28 52 G 3 2 0 P
-27 52 G 1 4 0 P
-26 52 1 2 0 0 N
-25 52 G 3 3 0 P
-24 52 G 1 2 0 P
-23 52 0 5 0 0 N
-22 52 G 3 5 0 T
-21 52 1 1 0 0 N
-20 52 G 3 2 0 T
-19 52 G 1 4 0 T
-18 52 1 2 0 0 N
-17 52 G 3 3 0 T
-16 52 1 1 0 0 N
-15 52 G 3 2 0 P
-14 52 G 1 4 0 P
-13 52 1 2 0 0 N
-12 52 G 3 3 0 P
-11 52 G 1 2 0 P
-10 52 0 5 0 0 N
-9 52 G 3 5 0 T
-8 52 1 1 0 0 N
-7 52 G 3 2 0 P
-6 52 G 1 4 0 P
-5 52 1 2 0 0 N
-4 52 G 3 3 0 P
-3 52 G 1 2 0 P
-2 52 0 5 0 0 N
-1 52 G 3 5 0 T
0 52 0 4 0 0 N
1 52 B 3 7 0 N
2 52 0 3 0 0 N
3 52 1 3 0 0 N
4 52 C 3 1 1 N
-85 53 G 0 4 0 U
-84 53 0 1 0 0 N
-83 53 G 0 5 0 U
-82 53 0 2 0 0 N
-81 53 G 4 2 0 P
-80 53 G 0 3 0 P
-79 53 1 5 0 0 N
-78 53 G 4 4 0 T
-77 53 G 0 4 0 T
-76 53 0 1 0 0 N
-75 53 G 0 5 0 T
-74 53 0 2 0 0 N
-73 53 G 4 2 0 T
-72 53 G 0 4 0 T
-71 53 0 1 0 0 N
-70 53 G 0 5 0 P
-69 53 0 2 0 0 N
-68 53 G 4 2 0 P
-67 53 G 0 3 0 P
-66 53 1 5 0 0 N
-65 53 G 4 4 0 T
-64 53 G 0 4 0 T
-63 53 0 1 0 0 N
-62 53 G 0 5 0 P
-61 53 0 2 0 0 N
-60 53 G 4 2 0 P
-59 53 G 0 3 0 P
-58 53 1 5 0 0 N
-57 53 G 4 4 0 T
-56 53 G 0 4 0 T
-55 53 0 1 0 0 N
-54 53 G 0 4 0 T
-53 53 1 5 0 0 N
-52 53 B 4 7 0 N
-51 53 G 2 5 0 P
-50 53 G 5 2 0 P
-49 53 G 4 3 0 P
-48 53 G 0 3 0 P
-47 53 1 4 0 0 N
-46 53 G 2 10 0 P
-45 53 G 5 2 0 P
-44 53 G 4 3 0 P
-43 53 G 0 4 0 P
-42 53 0 1 0 0 N
-41 53 G 0 5 0 P
-40 53 0 2 0 0 N
-39 53 G 4 2 0 P
-38 53 G 0 3 0 P
-37 53 1 5 0 0 N
-36 53 G 4 4 0 T
-35 53 G 0 3 0 T
-34 53 1 4 0 0 N
-33 53 G 2 10 0 P
-32 53 G 5 2 0 P
-31 53 G 4 3 0 P
-30 53 G 0 4 0 P
-29 53 0 1 0 0 N
-28 53 G 0 5 0 P
-27 53 0 2 0 0 N
-26 53 G 4 2 0 P
-25 53 G 0 3 0 P
-24 53 1 5 0 0 N
-23 53 G 4 4 0 T
-22 53 G 0 4 0 T
-21 53 0 1 0 0 N
-20 53 G 0 5 0 T
-19 53 0 2 0 0 N
-18 53 G 4 2 0 T
-17 53 G 0 4 0 T
-16 53 0 1 0 0 N
-15 53 G 0 5 0 P
-14 53 0 2 0 0 N
-13 53 G 4 2 0 P
-12 53 G 0 3 0 P
-11 53 1 5 0 0 N
-10 53 G 4 4 0 T
-9 53 G 0 4 0 T
-8 53 0 1 0 0 N
-7 53 G 0 5 0 P
-6 53 0 2 0 0 N
-5 53 G 4 2 0 P
-4 53 G 0 3 0 P
-3 53 1 5 0 0 N
-2 53 G 4 4 0 T
-1 53 G 0 3 0 T
0 53 1 4 0 0 N
1 53 G 2 10 0 U
2 53 G 5 2 0 U
3 53 G 4 3 0 U
-87 54 G 1 3 0 U
-86 54 G 2 2 0 U
-85 54 G 5 5 0 U
-84 54 B 1 6 0 N
-83 54 B 2 5 0 N
-82 54 G 1 4 0 P
-81 54 G 2 3 0 P
-80 54 C 5 1 1 N
-79 54 G 1 3 0 T
-78 54 G 2 2 0 T
-77 54 G 5 5 0 T
-76 54 B 1 6 0 N
-75 54 B 2 5 0 N
-74 54 G 1 4 0 T
-73 54 G 2 3 0 T
-72 54 G 5 5 0 T
-71 54 B 1 6 0 N
-70 54 B 2 5 0 N
-69 54 G 1 4 0 P
-68 54 G 2 3 0 P
-67 54 C 5 1 1 N
-66 54 G 1 3 0 T
-65 54 G 2 2 0 T
-64 54 G 5 5 0 T
-63 54 B 1 6 0 N
-62 54 B 2 5 0 N
-61 54 G 1 4 0 P
-60 54 G 2 3 0 P
-59 54 C 5 1 1 N
-58 54 G 1 3 0 T
-57 54 G 2 2 0 T
-56 54 G 5 5 0 T
-55 54 B 1 5 0 N
-54 54 0 5 1 0 N
-53 54 G 3 10 0 U
-52 54 0 4 0 0 N
-51 54 G 3 4 0 P
-50 54 G 1 3 0 P
-49 54 G 2 2 0 P
-48 54 G 5 4 0 P
-47 54 0 4 1 0 N
-46 54 G 3 9 0 P
-45 54 G 1 3 0 P
-44 54 G 2 2 0 P
-43 54 G 5 5 0 P
-42 54 B 1 6 0 N
-41 54 B 2 5 0 N
-40 54 G 1 4 0 P
-39 54 G 2 3 0 P
-38 54 C 5 1 1 N
-37 54 G 1 3 0 T
-36 54 G 2 2 0 T
-35 54 G 5 4 0 T
-34 54 0 4 1 0 N
-33 54 G 3 9 0 P
-32 54 G 1 3 0 P
-31 54 G 2 2 0 P
-30 54 G 5 5 0 P
-29 54 B 1 6 0 N
-28 54 B 2 5 0 N
-27 54 G 1 4 0 P
-26 54 G 2 3 0 P
-25 54 C 5 1 1 N
-24 54 G 1 3 0 T
-23 54 G 2 2 0 T
-22 54 G 5 5 0 T
-21 54 B 1 6 0 N
-20 54 B 2 5 0 N
-19 54 G 1 4 0 T
-18 54 G 2 3 0 T
-17 54 G 5 5 0 T
-16 54 B 1 6 0 N
-15 54 B 2 5 0 N
-14 54 G 1 4 0 P
-13 54 G 2 3 0 P
-12 54 C 5 1 1 N
-11 54 G 1 3 0 T
-10 54 G 2 2 0 T
-9 54 G 5 5 0 T
-8 54 B 1 6 0 N
-7 54 B 2 5 0 N
-6 54 G 1 4 0 P
-5 54 G 2 3 0 P
-4 54 C 5 1 1 N
-3 54 G 1 3 0 T
-2 54 G 2 2 0 T
-1 54 G 5 4 0 T
0 54 0 4 1 0 N
1 54 G 3 9 0 U
-88 55 C 0 1 1 N
-87 55 1 0 0 0 N
-86 55 0 0 0 0 N
-85 55 B 0 2 0 N
-84 55 1 0 1 0 N
-83 55 0 0 1 0 N
-82 55 1 0 0 0 N
-81 55 0 0 0 0 N
-80 55 B 0 1 0 N
-79 55 1 0 0 0 N
-78 55 0 0 0 0 N
-77 55 B 0 2 0 N
-76 55 1 0 1 0 N
-75 55 0 0 1 0 N
-74 55 1 0 0 0 N
-73 55 0 0 0 0 N
-72 55 B 0 2 0 N
-71 55 1 0 1 0 N
-70 55 0 0 1 0 N
-69 55 1 0 0 0 N
-68 55 0 0 0 0 N
-67 55 B 0 1 0 N
-66 55 1 0 0 0 N
-65 55 0 0 0 0 N
-64 55 B 0 2 0 N
-63 55 1 0 1 0 N
-62 55 0 0 1 0 N
-61 55 1 0 0 0 N
-60 55 0 0 0 0 N
-59 55 B 0 1 0 N
-58 55 1 0 0 0 N
-57 55 0 0 0 0 N
-56 55 B 0 6 0 N
-55 55 1 5 1 0 N
-54 55 G 4 9 0 U
-53 55 G 0 2 0 U
-52 55 1 4 0 0 N
-51 55 C 0 1 1 N
-50 55 1 0 0 0 N
-49 55 0 0 0 0 N
-48 55 B 0 5 0 N
-47 55 1 4 1 0 N
-46 55 C 0 1 1 N
-45 55 1 0 0 0 N
-44 55 0 0 0 0 N
-43 55 B 0 2 0 N
-42 55 1 0 1 0 N
-41 55 0 0 1 0 N
-40 55 1 0 0 0 N
-39 55 0 0 0 0 N
-38 55 B 0 1 0 N
-37 55 1 0 0 0 N
-36 55 0 0 0 0 N
-35 55 B 0 5 0 N
-34 55 1 4 1 0 N
-33 55 C 0 1 1 N
-32 55 1 0 0 0 N
-31 55 0 0 0 0 N
-30 55 B 0 2 0 N
-29 55 1 0 1 0 N
-28 55 0 0 1 0 N
-27 55 1 0 0 0 N
-26 55 0 0 0 0 N
-25 55 B 0 1 0 N
-24 55 1 0 0 0 N
-23 55 0 0 0 0 N
-22 55 B 0 2 0 N
-21 55 1 0 1 0 N
-20 55 0 0 1 0 N
-19 55 1 0 0 0 N
-18 55 0 0 0 0 N
-17 55 B 0 2 0 N
-16 55 1 0 1 0 N
-15 55 0 0 1 0 N
-14 55 1 0 0 0 N
-13 55 0 0 0 0 N
-12 55 B 0 1 0 N
-11 55 1 0 0 0 N
-10 55 0 0 0 0 N
-9 55 B 0 2 0 N
-8 55 1 0 1 0 N
-7 55 0 0 1 0 N
-6 55 1 0 0 0 N
-5 55 0 0 0 0 N
-4 55 B 0 1 0 N
-3 55 1 0 0 0 N
-2 55 0 0 0 0 N
-1 55 B 0 5 0 N
0 55 1 4 1 0 N
-87 56 G 5 4 0 U
-86 56 G 4 5 0 U
-84 56 G 5 9 0 U
-83 56 G 4 10 0 U
-82 56 B 5 7 0 N
-81 56 B 4 8 0 N
-80 56 G 2 5 0 U
-79 56 G 5 4 0 U
-78 56 G 4 5 0 U
-76 56 G 5 9 0 U
-75 56 G 4 10 0 U
-74 56 B 5 7 0 N
-73 56 B 4 8 0 N
-72 56 G 2 5 0 T
-71 56 G 5 9 0 T
-70 56 G 4 10 0 T
-69 56 B 5 7 0 N
-68 56 B 4 8 0 N
-67 56 G 2 5 0 T
-66 56 G 5 4 0 T
-65 56 G 4 5 0 T
-64 56 C 2 1 1 N
-63 56 G 5 9 0 P
-62 56 G 4 10 0 P
-61 56 B 5 7 0 N
-60 56 B 4 8 0 N
-59 56 G 2 5 0 T
-58 56 G 5 4 0 T
-57 56 G 4 5 0 T
-56 56 B 5 2 0 N
-53 56 G 5 3 0 U
-52 56 C 4 1 1 N
-50 56 G 5 4 0 U
-49 56 G 4 5 0 U
-48 56 B 5 6 0 N
-47 56 B 4 2 0 N
-46 56 G 2 5 0 U
-45 56 G 5 4 0 U
-44 56 G 4 5 0 U
-42 56 G 5 9 0 U
-41 56 G 4 10 0 U
-40 56 B 5 7 0 N
-39 56 B 4 8 0 N
-38 56 G 2 5 0 T
-37 56 G 5 4 0 T
-36 56 G 4 5 0 T
-35 56 B 5 6 0 N
-34 56 B 4 2 0 N
-33 56 G 2 5 0 T
-32 56 G 5 4 0 T
-31 56 G 4 5 0 T
-30 56 C 2 1 1 N
-29 56 G 5 9 0 P
-28 56 G 4 10 0 P
-27 56 B 5 7 0 N
-26 56 B 4 8 0 N
-25 56 G 2 5 0 U
-24 56 G 5 4 0 U
-23 56 G 4 5 0 U
-21 56 G 5 9 0 U
-20 56 G 4 10 0 U
-19 56 B 5 7 0 N
-18 56 B 4 8 0 N
-17 56 G 2 5 0 T
-16 56 G 5 9 0 T
-15 56 G 4 10 0 T
-14 56 B 5 7 0 N
-13 56 B 4 8 0 N
-12 56 G 2 5 0 T
-11 56 G 5 4 0 T
-10 56 G 4 5 0 T
-9 56 C 2 1 1 N
-8 56 G 5 9 0 P
-7 56 G 4 10 0 P
-6 56 B 5 7 0 N
-5 56 B 4 8 0 N
-4 56 G 2 5 0 T
-3 56 G 5 4 0 T
-2 56 G 4 5 0 T
-1 56 B 5 6 0 N
0 56 B 4 2 0 N
1 56 G 2 5 0 U
4 56 C 2 1 1 N
12 56 C 2 1 1 N
-84 57 G 1 2 0 U
-83 57 0 5 0 0 N
-82 57 G 3 5 0 U
-81 57 0 4 0 0 N
-80 57 G 3 4 0 U
-76 57 G 1 2 0 U
-75 57 0 5 0 0 N
-74 57 G 3 5 0 P
-73 57 0 4 0 0 N
-72 57 G 3 4 0 T
-71 57 G 1 2 0 T
-70 57 0 5 0 0 N
-69 57 G 3 5 0 T
-68 57 0 4 0 0 N
-67 57 G 3 4 0 T
-66 57 G 1 4 0 T
-65 57 1 2 0 0 N
-64 57 G 3 3 0 P
-63 57 G 1 2 0 P
-62 57 0 5 0 0 N
-61 57 G 3 5 0 P
-60 57 0 4 0 0 N
-59 57 G 3 4 0 T
-58 57 G 1 2 0 T
-57 57 0 5 0 0 N
-56 57 G 3 5 0 U
-50 57 G 1 2 0 U
-49 57 0 5 0 0 N
-48 57 G 3 5 0 U
-47 57 0 4 0 0 N
-46 57 G 3 4 0 U
-42 57 G 1 2 0 U
-41 57 0 5 0 0 N
-40 57 G 3 5 0 P
-39 57 0 4 0 0 N
-38 57 G 3 4 0 T
-37 57 G 1 2 0 T
-36 57 0 5 0 0 N
-35 57 G 3 5 0 T
-34 57 0 4 0 0 N
-33 57 G 3 4 0 T
-32 57 G 1 4 0 T
-31 57 1 2 0 0 N
-30 57 G 3 3 0 P
-29 57 G 1 2 0 P
-28 57 0 5 0 0 N
-27 57 G 3 5 0 U
-26 57 0 4 0 0 N
-25 57 G 3 4 0 U
-21 57 G 1 2 0 U
-20 57 0 5 0 0 N
-19 57 G 3 5 0 P
-18 57 0 4 0 0 N
-17 57 G 3 4 0 T
-16 57 G 1 2 0 T
-15 57 0 5 0 0 N
-14 57 G 3 5 0 T
-13 57 0 4 0 0 N
-12 57 G 3 4 0 T
-11 57 G 1 4 0 T
-10 57 1 2 0 0 N
-9 57 G 3 3 0 P
-8 57 G 1 2 0 P
-7 57 0 5 0 0 N
-6 57 G 3 5 0 P
-5 57 0 4 0 0 N
-4 57 G 3 4 0 T
-3 57 G 1 2 0 T
-2 57 0 5 0 0 N
-1 57 G 3 5 0 T
0 57 0 4 0 0 N
1 57 G 3 4 0 U
2 57 G 1 4 0 U
3 57 1 2 0 0 N
4 57 G 3 3 0 U
10 57 G 1 4 0 U
11 57 1 2 0 0 N
12 57 G 3 3 0 U
-85 58 G 0 3 0 U
-84 58 1 5 0 0 N
-83 58 G 4 4 0 U
-82 58 G 0 2 0 U
-81 58 1 4 0 0 N
-77 58 G 0 3 0 U
-76 58 1 5 0 0 N
-75 58 G 4 4 0 P
-74 58 G 0 2 0 P
-73 58 1 4 0 0 N
-72 58 G 0 3 0 T
-71 58 1 5 0 0 N
-70 58 G 4 4 0 T
-69 58 G 0 2 0 T
-68 58 1 4 0 0 N
-67 58 G 0 5 0 T
-66 58 0 2 0 0 N
-65 58 G 4 2 0 P
-64 58 G 0 3 0 P
-63 58 1 5 0 0 N
-62 58 G 4 4 0 P
-61 58 G 0 2 0 P
-60 58 1 4 0 0 N
-59 58 G 0 3 0 T
-58 58 1 5 0 0 N
-57 58 G 4 4 0 U
-51 58 G 0 3 0 U
-50 58 1 5 0 0 N
-49 58 G 4 4 0 U
-48 58 G 0 2 0 U
-47 58 1 4 0 0 N
-43 58 G 0 3 0 U
-42 58 1 5 0 0 N
-41 58 G 4 4 0 P
-40 58 G 0 2 0 P
-39 58 1 4 0 0 N
-38 58 G 0 3 0 T
-37 58 1 5 0 0 N
-36 58 G 4 4 0 T
-35 58 G 0 2 0 T
-34 58 1 4 0 0 N
-33 58 G 0 5 0 T
-32 58 0 2 0 0 N
-31 58 G 4 2 0 P
-30 58 G 0 3 0 P
-29 58 1 5 0 0 N
-28 58 G 4 4 0 U
-27 58 G 0 2 0 U
-26 58 1 4 0 0 N
-22 58 G 0 3 0 U
-21 58 1 5 0 0 N
-20 58 G 4 4 0 P
-19 58 G 0 2 0 P
-18 58 1 4 0 0 N
-17 58 G 0 3 0 T
-16 58 1 5 0 0 N
-15 58 G 4 4 0 T
-14 58 G 0 2 0 T
-13 58 1 4 0 0 N
-12 58 G 0 5 0 T
-11 58 0 2 0 0 N
-10 58 G 4 2 0 P
-9 58 G 0 3 0 P
-8 58 1 5 0 0 N
-7 58 G 4 4 0 P
-6 58 G 0 2 0 P
-5 58 1 4 0 0 N
-4 58 G 0 3 0 T
-3 58 1 5 0 0 N
-2 58 G 4 4 0 T
-1 58 G 0 2 0 T
0 58 1 4 0 0 N
1 58 G 0 5 0 U
2 58 0 2 0 0 N
3 58 G 4 2 0 U
9 58 G 0 5 0 U
10 58 0 2 0 0 N
11 58 G 4 2 0 U
-85 59 C 5 1 1 N
-82 59 G 5 3 0 U
-81 59 C 4 1 1 N
-77 59 C 5 1 1 N
-76 59 C 1 1 1 N
-75 59 G 2 3 0 P
-74 59 G 5 3 0 P
-73 59 C 4 1 1 N
-72 59 B 5 1 0 N
-71 59 G 1 5 0 T
-70 59 G 2 4 0 T
-69 59 G 5 3 0 T
-68 59 B 4 1 0 N
-67 59 B 2 8 0 N
-66 59 G 1 5 0 P
-65 59 G 2 4 0 P
-64 59 C 5 1 1 N
-63 59 C 1 1 1 N
-62 59 G 2 3 0 P
-61 59 G 5 3 0 P
-60 59 C 4 1 1 N
-59 59 B 5 1 0 N
-58 59 G 1 5 0 U
-57 59 G 2 4 0 U
-51 59 C 5 1 1 N
-48 59 G 5 3 0 U
-47 59 C 4 1 1 N
-43 59 C 5 1 1 N
-42 59 C 1 1 1 N
-41 59 G 2 3 0 P
-40 59 G 5 3 0 P
-39 59 C 4 1 1 N
-38 59 B 5 1 0 N
-37 59 G 1 5 0 T
-36 59 G 2 4 0 T
-35 59 G 5 3 0 T
-34 59 B 4 1 0 N
-33 59 B 2 8 0 N
-32 59 G 1 5 0 P
-31 59 G 2 4 0 P
-30 59 C 5 1 1 N
-27 59 G 5 3 0 U
-26 59 C 4 1 1 N
-22 59 C 5 1 1 N
-21 59 C 1 1 1 N
-20 59 G 2 3 0 P
-19 59 G 5 3 0 P
-18 59 C 4 1 1 N
-17 59 B 5 1 0 N
-16 59 G 1 5 0 T
-15 59 G 2 4 0 T
-14 59 G 5 3 0 T
-13 59 B 4 1 0 N
-12 59 B 2 8 0 N
-11 59 G 1 5 0 P
-10 59 G 2 4 0 P
-9 59 C 5 1 1 N
-8 59 C 1 1 1 N
-7 59 G 2 3 0 P
-6 59 G 5 3 0 P
-5 59 C 4 1 1 N
-4 59 B 5 1 0 N
-3 59 G 1 5 0 T
-2 59 G 2 4 0 T
-1 59 G 5 3 0 T
0 59 B 4 1 0 N
1 59 B 2 8 0 N
2 59 G 1 5 0 U
3 59 G 2 4 0 U
5 59 C 1 1 1 N
6 59 G 2 3 0 U
9 59 B 2 2 0 N
10 59 G 1 5 0 U
11 59 G 2 4 0 U
-76 60 1 1 0 0 N
-75 60 G 3 2 0 P
-74 60 G 1 3 0 P
-73 60 0 5 0 0 N
-72 60 B 3 8 0 N
-71 60 0 3 0 0 N
-70 60 1 3 0 0 N
-69 60 C 3 1 1 N
-68 60 0 4 0 0 N
-67 60 B 3 7 0 N
-66 60 0 3 0 0 N
-65 60 1 3 0 0 N
-64 60 C 3 1 1 N
-63 60 1 1 0 0 N
-62 60 G 3 2 0 P
-61 60 G 1 3 0 P
-60 60 0 5 0 0 N
-59 60 B 3 8 0 N
-58 60 0 3 0 0 N
-57 60 1 3 0 0 N
-56 60 C 3 1 1 N
-42 60 1 1 0 0 N
-41 60 G 3 2 0 P
-40 60 G 1 3 0 P
-39 60 0 5 0 0 N
-38 60 B 3 8 0 N
-37 60 0 3 0 0 N
-36 60 1 3 0 0 N
-35 60 C 3 1 1 N
-34 60 0 4 0 0 N
-33 60 B 3 7 0 N
-32 60 0 3 0 0 N
-31 60 1 3 0 0 N
-30 60 C 3 1 1 N
-21 60 1 1 0 0 N
-20 60 G 3 2 0 P
-19 60 G 1 3 0 P
-18 60 0 5 0 0 N
-17 60 B 3 8 0 N
-16 60 0 3 0 0 N
-15 60 1 3 0 0 N
-14 60 C 3 1 1 N
-13 60 0 4 0 0 N
-12 60 B 3 7 0 N
-11 60 0 3 0 0 N
-10 60 1 3 0 0 N
-9 60 C 3 1 1 N
-8 60 1 1 0 0 N
-7 60 G 3 2 0 P
-6 60 G 1 3 0 P
-5 60 0 5 0 0 N
-4 60 B 3 8 0 N
-3 60 0 3 0 0 N
-2 60 1 3 0 0 N
-1 60 C 3 1 1 N
0 60 0 4 0 0 N
1 60 B 3 7 0 N
2 60 0 3 0 0 N
3 60 1 3 0 0 N
4 60 C 3 1 1 N
5 60 1 1 0 0 N
6 60 G 3 2 0 U
7 60 G 1 9 0 U
8 60 1 2 1 0 N
9 60 B 3 6 0 N
10 60 0 3 0 0 N
11 60 1 3 0 0 N
12 60 C 3 1 1 N
-77 61 G 0 4 0 U
-76 61 0 1 0 0 N
-75 61 G 0 4 0 P
-74 61 1 5 0 0 N
-73 61 B 4 7 0 N
-72 61 G 2 5 0 P
-71 61 G 5 2 0 P
-70 61 G 4 3 0 P
-69 61 G 0 3 0 P
-68 61 1 4 0 0 N
-67 61 G 2 10 0 P
-66 61 G 5 2 0 P
-65 61 G 4 3 0 P
-64 61 G 0 4 0 P
-63 61 0 1 0 0 N
-62 61 G 0 4 0 P
-61 61 1 5 0 0 N
-60 61 B 4 7 0 N
-59 61 G 2 5 0 U
-58 61 G 5 2 0 U
-57 61 G 4 3 0 U
-43 61 G 0 4 0 U
-42 61 0 1 0 0 N
-41 61 G 0 4 0 P
-40 61 1 5 0 0 N
-39 61 B 4 7 0 N
-38 61 G 2 5 0 P
-37 61 G 5 2 0 P
-36 61 G 4 3 0 P
-35 61 G 0 3 0 P
-34 61 1 4 0 0 N
-33 61 G 2 10 0 U
-32 61 G 5 2 0 U
-31 61 G 4 3 0 U
-22 61 G 0 4 0 U
-21 61 0 1 0 0 N
-20 61 G 0 4 0 P
-19 61 1 5 0 0 N
-18 61 B 4 7 0 N
-17 61 G 2 5 0 P
-16 61 G 5 2 0 P
-15 61 G 4 3 0 P
-14 61 G 0 3 0 P
-13 61 1 4 0 0 N
-12 61 G 2 10 0 P
-11 61 G 5 2 0 P
-10 61 G 4 3 0 P
-9 61 G 0 4 0 P
-8 61 0 1 0 0 N
-7 61 G 0 4 0 P
-6 61 1 5 0 0 N
-5 61 B 4 7 0 N
-4 61 G 2 5 0 P
-3 61 G 5 2 0 P
-2 61 G 4 3 0 P
-1 61 G 0 3 0 P
0 61 1 4 0 0 N
1 61 G 2 10 0 P
2 61 G 5 2 0 P
3 61 G 4 3 0 P
4 61 G 0 4 0 P
5 61 0 1 0 0 N
6 61 G 0 10 0 U
7 61 0 2 1 0 N
8 61 B 4 5 0 N
9 61 G 2 5 0 U
10 61 G 5 2 0 U
11 61 G 4 3 0 U
-79 62 G 1 3 0 U
-78 62 G 2 2 0 U
-77 62 G 5 5 0 U
-76 62 B 1 5 0 N
-75 62 0 5 1 0 N
-74 62 G 3 10 0 P
-73 62 0 4 0 0 N
-72 62 G 3 4 0 P
-71 62 G 1 3 0 P
-70 62 G 2 2 0 P
-69 62 G 5 4 0 P
-68 62 0 4 1 0 N
-67 62 G 3 9 0 P
-66 62 G 1 3 0 P
-65 62 G 2 2 0 P
-64 62 G 5 5 0 P
-63 62 B 1 5 0 N
-62 62 0 5 1 0 N
-61 62 G 3 10 0 P
-60 62 0 4 0 0 N
-59 62 G 3 4 0 U
-45 62 G 1 3 0 U
-44 62 G 2 2 0 U
-43 62 G 5 5 0 U
-42 62 B 1 5 0 N
-41 62 0 5 1 0 N
-40 62 G 3 10 0 U
-39 62 0 4 0 0 N
-38 62 G 3 4 0 P
-37 62 G 1 3 0 P
-36 62 G 2 2 0 P
-35 62 G 5 4 0 P
-34 62 0 4 1 0 N
-33 62 G 3 9 0 U
-24 62 G 1 3 0 U
-23 62 G 2 2 0 U
-22 62 G 5 5 0 U
-21 62 B 1 5 0 N
-20 62 0 5 1 0 N
-19 62 G 3 10 0 P
-18 62 0 4 0 0 N
-17 62 G 3 4 0 P
-16 62 G 1 3 0 P
-15 62 G 2 2 0 P
-14 62 G 5 4 0 P
-13 62 0 4 1 0 N
-12 62 G 3 9 0 P
-11 62 G 1 3 0 P
-10 62 G 2 2 0 P
-9 62 G 5 5 0 P
-8 62 B 1 5 0 N
-7 62 0 5 1 0 N
-6 62 G 3 10 0 P
-5 62 0 4 0 0 N
-4 62 G 3 4 0 P
-3 62 G 1 3 0 P
-2 62 G 2 2 0 P
-1 62 G 5 4 0 P
0 62 0 4 1 0 N
1 62 G 3 9 0 P
2 62 G 1 3 0 P
3 62 G 2 2 0 P
4 62 G 5 5 0 P
5 62 B 1 7 0 N
6 62 1 2 0 0 N
7 62 G 3 4 0 P
8 62 0 4 0 0 N
9 62 G 3 4 0 U
-80 63 C 0 1 1 N
-79 63 1 0 0 0 N
-78 63 0 0 0 0 N
-77 63 B 0 6 0 N
-76 63 1 5 1 0 N
-75 63 G 4 9 0 P
-74 63 G 0 2 0 P
-73 63 1 4 0 0 N
-72 63 C 0 1 1 N
-71 63 1 0 0 0 N
-70 63 0 0 0 0 N
-69 63 B 0 5 0 N
-68 63 1 4 1 0 N
-67 63 C 0 1 1 N
-66 63 1 0 0 0 N
-65 63 0 0 0 0 N
-64 63 B 0 6 0 N
-63 63 1 5 1 0 N
-62 63 G 4 9 0 P
-61 63 G 0 2 0 P
-60 63 1 4 0 0 N
-46 63 C 0 1 1 N
-45 63 1 0 0 0 N
-44 63 0 0 0 0 N
-43 63 B 0 6 0 N
-42 63 1 5 1 0 N
-41 63 G 4 9 0 U
-40 63 G 0 2 0 U
-39 63 1 4 0 0 N
-38 63 C 0 1 1 N
-37 63 1 0 0 0 N
-36 63 0 0 0 0 N
-35 63 B 0 5 0 N
-34 63 1 4 1 0 N
-25 63 C 0 1 1 N
-24 63 1 0 0 0 N
-23 63 0 0 0 0 N
-22 63 B 0 6 0 N
-21 63 1 5 1 0 N
-20 63 G 4 9 0 P
-19 63 G 0 2 0 P
-18 63 1 4 0 0 N
-17 63 C 0 1 1 N
-16 63 1 0 0 0 N
-15 63 0 0 0 0 N
-14 63 B 0 5 0 N
-13 63 1 4 1 0 N
-12 63 C 0 1 1 N
-11 63 1 0 0 0 N
-10 63 0 0 0 0 N
-9 63 B 0 6 0 N
-8 63 1 5 1 0 N
-7 63 G 4 9 0 P
-6 63 G 0 2 0 P
-5 63 1 4 0 0 N
-4 63 C 0 1 1 N
-3 63 1 0 0 0 N
-2 63 0 0 0 0 N
-1 63 B 0 5 0 N
0 63 1 4 1 0 N
1 63 C 0 1 1 N
2 63 1 0 0 0 N
3 63 0 0 0 0 N
4 63 B 0 8 0 N
5 63 0 2 0 0 N
6 63 G 4 3 0 P
7 63 G 0 2 0 P
8 63 1 4 0 0 N
-79 64 G 5 4 0 U
-78 64 G 4 5 0 U
-77 64 B 5 2 0 N
-76 64 C 1 1 1 N
-75 64 G 2 3 0 P
-74 64 G 5 3 0 P
-73 64 C 4 1 1 N
-72 64 C 2 1 1 N
-71 64 G 5 4 0 P
-70 64 G 4 5 0 P
-69 64 B 5 6 0 N
-68 64 B 4 2 0 N
-67 64 G 2 5 0 T
-66 64 G 5 4 0 T
-65 64 G 4 5 0 T
-64 64 B 5 2 0 N
-63 64 C 1 1 1 N
-62 64 G 2 3 0 P
-61 64 G 5 3 0 P
-60 64 C 4 1 1 N
-59 64 C 2 1 1 N
-45 64 G 5 4 0 U
-44 64 G 4 5 0 U
-43 64 B 5 2 0 N
-40 64 G 5 3 0 U
-39 64 C 4 1 1 N
-37 64 G 5 4 0 U
-36 64 G 4 5 0 U
-35 64 B 5 6 0 N
-34 64 B 4 2 0 N
-33 64 G 2 5 0 U
-24 64 G 5 4 0 U
-23 64 G 4 5 0 U
-22 64 B 5 2 0 N
-21 64 C 1 1 1 N
-20 64 G 2 3 0 P
-19 64 G 5 3 0 P
-18 64 C 4 1 1 N
-17 64 C 2 1 1 N
-16 64 G 5 4 0 P
-15 64 G 4 5 0 P
-14 64 B 5 6 0 N
-13 64 B 4 2 0 N
-12 64 G 2 5 0 T
-11 64 G 5 4 0 T
-10 64 G 4 5 0 T
-9 64 B 5 2 0 N
-8 64 C 1 1 1 N
-7 64 G 2 3 0 P
-6 64 G 5 3 0 P
-5 64 C 4 1 1 N
-4 64 C 2 1 1 N
-3 64 G 5 4 0 P
-2 64 G 4 5 0 P
-1 64 B 5 6 0 N
0 64 B 4 2 0 N
1 64 G 2 5 0 T
2 64 G 5 4 0 T
3 64 G 4 5 0 T
4 64 B 2 1 0 N
5 64 C 1 1 1 N
6 64 G 2 3 0 P
7 64 G 5 3 0 P
8 64 C 4 1 1 N
9 64 C 2 1 1 N
-79 65 G 1 2 0 U
-78 65 0 5 0 0 N
-77 65 G 3 5 0 U
-76 65 1 1 0 0 N
-75 65 G 3 2 0 P
-74 65 G 1 4 0 P
-73 65 1 2 0 0 N
-72 65 G 3 3 0 P
-71 65 G 1 2 0 P
-70 65 0 5 0 0 N
-69 65 G 3 5 0 P
-68 65 0 4 0 0 N
-67 65 G 3 4 0 T
-66 65 G 1 2 0 T
-65 65 0 5 0 0 N
-64 65 G 3 5 0 T
-63 65 1 1 0 0 N
-62 65 G 3 2 0 P
-61 65 G 1 4 0 P
-60 65 1 2 0 0 N
-59 65 G 3 3 0 U
-45 65 G 1 2 0 U
-44 65 0 5 0 0 N
-43 65 G 3 5 0 U
-37 65 G 1 2 0 U
-36 65 0 5 0 0 N
-35 65 G 3 5 0 U
-34 65 0 4 0 0 N
-33 65 G 3 4 0 U
-24 65 G 1 2 0 U
-23 65 0 5 0 0 N
-22 65 G 3 5 0 U
-21 65 1 1 0 0 N
-20 65 G 3 2 0 P
-19 65 G 1 4 0 P
-18 65 1 2 0 0 N
-17 65 G 3 3 0 P
-16 65 G 1 2 0 P
-15 65 0 5 0 0 N
-14 65 G 3 5 0 P
-13 65 0 4 0 0 N
-12 65 G 3 4 0 T
-11 65 G 1 2 0 T
-10 65 0 5 0 0 N
-9 65 G 3 5 0 T
-8 65 1 1 0 0 N
-7 65 G 3 2 0 P
-6 65 G 1 4 0 P
-5 65 1 2 0 0 N
-4 65 G 3 3 0 P
-3 65 G 1 2 0 P
-2 65 0 5 0 0 N
-1 65 G 3 5 0 T
0 65 0 4 0 0 N
1 65 G 3 4 0 T
2 65 G 1 4 0 T
3 65 1 2 0 0 N
4 65 G 3 3 0 T
5 65 1 1 0 0 N
6 65 G 3 2 0 P
7 65 G 1 4 0 P
8 65 1 2 0 0 N
9 65 G 3 3 0 U
-80 66 G 0 3 0 U
-79 66 1 5 0 0 N
-78 66 G 4 4 0 U
-77 66 G 0 4 0 U
-76 66 0 1 0 0 N
-75 66 G 0 5 0 P
-74 66 0 2 0 0 N
-73 66 G 4 2 0 P
-72 66 G 0 3 0 P
-71 66 1 5 0 0 N
-70 66 G 4 4 0 P
-69 66 G 0 2 0 P
-68 66 1 4 0 0 N
-67 66 G 0 3 0 T
-66 66 1 5 0 0 N
-65 66 G 4 4 0 T
-64 66 G 0 4 0 T
-63 66 0 1 0 0 N
-62 66 G 0 5 0 P
-61 66 0 2 0 0 N
-60 66 G 4 2 0 U
-46 66 G 0 3 0 U
-45 66 1 5 0 0 N
-44 66 G 4 4 0 U
-38 66 G 0 3 0 U
-37 66 1 5 0 0 N
-36 66 G 4 4 0 U
-35 66 G 0 2 0 U
-34 66 1 4 0 0 N
-25 66 G 0 3 0 U
-24 66 1 5 0 0 N
-23 66 G 4 4 0 U
-22 66 G 0 4 0 U
-21 66 0 1 0 0 N
-20 66 G 0 5 0 P
-19 66 0 2 0 0 N
-18 66 G 4 2 0 P
-17 66 G 0 3 0 P
-16 66 1 5 0 0 N
-15 66 G 4 4 0 P
-14 66 G 0 2 0 P
-13 66 1 4 0 0 N
-12 66 G 0 3 0 T
-11 66 1 5 0 0 N
-10 66 G 4 4 0 T
-9 66 G 0 4 0 T
-8 66 0 1 0 0 N
-7 66 G 0 5 0 P
-6 66 0 2 0 0 N
-5 66 G 4 2 0 P
-4 66 G 0 3 0 P
-3 66 1 5 0 0 N
-2 66 G 4 4 0 T
-1 66 G 0 2 0 T
0 66 1 4 0 0 N
1 66 G 0 5 0 T
2 66 0 2 0 0 N
3 66 G 4 2 0 T
4 66 G 0 4 0 T
5 66 0 1 0 0 N
6 66 G 0 5 0 P
7 66 0 2 0 0 N
8 66 G 4 2 0 U
-80 67 C 5 1 1 N
-77 67 G 5 5 0 U
-76 67 B 1 2 0 N
-75 67 B 2 6 0 N
-74 67 G 1 5 0 P
-73 67 G 2 4 0 P
-72 67 C 5 1 1 N
-71 67 C 1 1 1 N
-70 67 G 2 3 0 P
-69 67 G 5 3 0 P
-68 67 C 4 1 1 N
-67 67 B 5 1 0 N
-66 67 G 1 5 0 T
-65 67 G 2 4 0 T
-64 67 G 5 5 0 T
-63 67 B 1 8 0 N
-62 67 B 2 7 0 N
-61 67 G 1 10 0 U
-60 67 G 2 9 0 U
-58 67 G 1 5 0 U
-57 67 G 2 4 0 U
-46 67 C 5 1 1 N
-38 67 C 5 1 1 N
-35 67 G 5 3 0 U
-34 67 C 4 1 1 N
-25 67 C 5 1 1 N
-22 67 G 5 5 0 U
-21 67 B 1 2 0 N
-20 67 B 2 6 0 N
-19 67 G 1 5 0 P
-18 67 G 2 4 0 P
-17 67 C 5 1 1 N
-16 67 C 1 1 1 N
-15 67 G 2 3 0 P
-14 67 G 5 3 0 P
-13 67 C 4 1 1 N
-12 67 B 5 1 0 N
-11 67 G 1 5 0 T
-10 67 G 2 4 0 T
-9 67 G 5 5 0 T
-8 67 B 1 8 0 N
-7 67 B 2 7 0 N
-6 67 G 1 10 0 P
-5 67 G 2 9 0 P
-4 67 C 5 1 1 N
-3 67 G 1 5 0 T
-2 67 G 2 4 0 T
-1 67 G 5 3 0 T
0 67 B 4 1 0 N
1 67 B 2 8 0 N
2 67 G 1 5 0 T
3 67 G 2 4 0 T
4 67 G 5 5 0 T
5 67 B 1 8 0 N
6 67 B 2 7 0 N
7 67 G 1 10 0 U
8 67 G 2 9 0 U
10 67 G 1 5 0 U
11 67 G 2 4 0 U
-76 68 1 1 1 0 N
-75 68 B 3 5 0 N
-74 68 0 3 0 0 N
-73 68 1 3 0 0 N
-72 68 C 3 1 1 N
-71 68 1 1 0 0 N
-70 68 G 3 2 0 P
-69 68 G 1 3 0 P
-68 68 0 5 0 0 N
-67 68 B 3 8 0 N
-66 68 0 3 0 0 N
-65 68 1 3 0 0 N
-64 68 B 3 1 0 N
-63 68 0 3 0 0 N
-62 68 1 3 0 0 N
-61 68 0 3 1 0 N
-60 68 1 3 1 0 N
-59 68 B 3 2 0 N
-58 68 0 3 0 0 N
-57 68 1 3 0 0 N
-56 68 C 3 1 1 N
-21 68 1 1 1 0 N
-20 68 B 3 5 0 N
-19 68 0 3 0 0 N
-18 68 1 3 0 0 N
-17 68 C 3 1 1 N
-16 68 1 1 0 0 N
-15 68 G 3 2 0 P
-14 68 G 1 3 0 P
-13 68 0 5 0 0 N
-12 68 B 3 8 0 N
-11 68 0 3 0 0 N
-10 68 1 3 0 0 N
-9 68 B 3 1 0 N
-8 68 0 3 0 0 N
-7 68 1 3 0 0 N
-6 68 0 3 1 0 N
-5 68 1 3 1 0 N
-4 68 B 3 2 0 N
-3 68 0 3 0 0 N
-2 68 1 3 0 0 N
-1 68 C 3 1 1 N
0 68 0 4 0 0 N
1 68 B 3 7 0 N
2 68 0 3 0 0 N
3 68 1 3 0 0 N
4 68 B 3 1 0 N
5 68 0 3 0 0 N
6 68 1 3 0 0 N
7 68 0 3 1 0 N
8 68 1 3 1 0 N
9 68 B 3 2 0 N
10 68 0 3 0 0 N
11 68 1 3 0 0 N
12 68 C 3 1 1 N
-77 69 G 0 9 0 U
-76 69 0 1 1 0 N
-75 69 G 2 4 0 P
-74 69 G 5 2 0 P
-73 69 G 4 3 0 P
-72 69 G 0 4 0 P
-71 69 0 1 0 0 N
-70 69 G 0 4 0 P
-69 69 1 5 0 0 N
-68 69 B 4 7 0 N
-67 69 G 2 5 0 T
-66 69 G 5 2 0 T
-65 69 G 4 3 0 T
-64 69 C 2 1 1 N
-63 69 G 5 3 0 P
-62 69 G 4 4 0 P
-61 69 B 5 5 0 N
-60 69 B 4 6 0 N
-59 69 G 2 5 0 U
-58 69 G 5 2 0 U
-57 69 G 4 3 0 U
-22 69 G 0 9 0 U
-21 69 0 1 1 0 N
-20 69 G 2 4 0 P
-19 69 G 5 2 0 P
-18 69 G 4 3 0 P
-17 69 G 0 4 0 P
-16 69 0 1 0 0 N
-15 69 G 0 4 0 P
-14 69 1 5 0 0 N
-13 69 B 4 7 0 N
-12 69 G 2 5 0 T
-11 69 G 5 2 0 T
-10 69 G 4 3 0 T
-9 69 C 2 1 1 N
-8 69 G 5 3 0 P
-7 69 G 4 4 0 P
-6 69 B 5 5 0 N
-5 69 B 4 6 0 N
-4 69 G 2 5 0 P
-3 69 G 5 2 0 P
-2 69 G 4 3 0 P
-1 69 G 0 3 0 P
0 69 1 4 0 0 N
1 69 G 2 10 0 T
2 69 G 5 2 0 T
3 69 G 4 3 0 T
4 69 C 2 1 1 N
5 69 G 5 3 0 P
6 69 G 4 4 0 P
7 69 B 5 5 0 N
8 69 B 4 6 0 N
9 69 G 2 5 0 U
10 69 G 5 2 0 U
11 69 G 4 3 0 U
-79 70 G 1 3 0 U
-78 70 G 2 2 0 U
-77 70 G 5 10 0 U
-76 70 1 1 0 0 N
-75 70 G 3 3 0 P
-74 70 G 1 3 0 P
-73 70 G 2 2 0 P
-72 70 G 5 5 0 P
-71 70 B 1 5 0 N
-70 70 0 5 1 0 N
-69 70 G 3 10 0 T
-68 70 0 4 0 0 N
-67 70 G 3 4 0 T
-66 70 G 1 4 0 T
-65 70 1 2 0 0 N
-64 70 G 3 3 0 P
-63 70 G 1 2 0 P
-62 70 0 5 0 0 N
-61 70 G 3 5 0 U
-60 70 0 4 0 0 N
-59 70 G 3 4 0 U
-24 70 G 1 3 0 U
-23 70 G 2 2 0 U
-22 70 G 5 10 0 U
-21 70 1 1 0 0 N
-20 70 G 3 3 0 P
-19 70 G 1 3 0 P
-18 70 G 2 2 0 P
-17 70 G 5 5 0 P
-16 70 B 1 5 0 N
-15 70 0 5 1 0 N
-14 70 G 3 10 0 T
-13 70 0 4 0 0 N
-12 70 G 3 4 0 T
-11 70 G 1 4 0 T
-10 70 1 2 0 0 N
-9 70 G 3 3 0 P
-8 70 G 1 2 0 P
-7 70 0 5 0 0 N
-6 70 G 3 5 0 P
-5 70 0 4 0 0 N
-4 70 G 3 4 0 P
-3 70 G 1 3 0 P
-2 70 G 2 2 0 P
-1 70 G 5 4 0 P
0 70 0 4 1 0 N
1 70 G 3 9 0 T
2 70 G 1 4 0 T
3 70 1 2 0 0 N
4 70 G 3 3 0 P
5 70 G 1 2 0 P
6 70 0 5 0 0 N
7 70 G 3 5 0 U
8 70 0 4 0 0 N
9 70 G 3 4 0 U
-80 71 C 0 1 1 N
-79 71 1 0 0 0 N
-78 71 0 0 0 0 N
-77 71 B 0 7 0 N
-76 71 0 1 0 0 N
-75 71 C 0 1 1 N
-74 71 1 0 0 0 N
-73 71 0 0 0 0 N
-72 71 B 0 6 0 N
-71 71 1 5 1 0 N
-70 71 G 4 9 0 T
-69 71 G 0 2 0 T
-68 71 1 4 0 0 N
-67 71 G 0 5 0 T
-66 71 0 2 0 0 N
-65 71 G 4 2 0 P
-64 71 G 0 3 0 P
-63 71 1 5 0 0 N
-62 71 G 4 4 0 U
-61 71 G 0 2 0 U
-60 71 1 4 0 0 N
-25 71 C 0 1 1 N
-24 71 1 0 0 0 N
-23 71 0 0 0 0 N
-22 71 B 0 7 0 N
-21 71 0 1 0 0 N
-20 71 C 0 1 1 N
-19 71 1 0 0 0 N
-18 71 0 0 0 0 N
-17 71 B 0 6 0 N
-16 71 1 5 1 0 N
-15 71 G 4 9 0 T
-14 71 G 0 2 0 T
-13 71 1 4 0 0 N
-12 71 G 0 5 0 T
-11 71 0 2 0 0 N
-10 71 G 4 2 0 P
-9 71 G 0 3 0 P
-8 71 1 5 0 0 N
-7 71 G 4 4 0 P
-6 71 G 0 2 0 P
-5 71 1 4 0 0 N
-4 71 C 0 1 1 N
-3 71 1 0 0 0 N
-2 71 0 0 0 0 N
-1 71 B 0 5 0 N
0 71 1 4 1 0 N
1 71 G 0 5 0 T
2 71 0 2 0 0 N
3 71 G 4 2 0 P
4 71 G 0 3 0 P
5 71 1 5 0 0 N
6 71 G 4 4 0 U
7 71 G 0 2 0 U
8 71 1 4 0 0 N
-84 72 C 1 1 1 N
-83 72 G 2 3 0 U
-80 72 C 2 1 1 N
-79 72 G 5 4 0 P
-78 72 G 4 5 0 P
-77 72 B 5 8 0 N
-76 72 B 1 1 0 N
-75 72 G 2 3 0 T
-74 72 G 5 4 0 T
-73 72 G 4 5 0 T
-72 72 B 5 2 0 N
-71 72 G 1 5 0 T
-70 72 G 2 4 0 T
-69 72 G 5 3 0 T
-68 72 B 4 1 0 N
-67 72 B 2 8 0 N
-66 72 G 1 5 0 P
-65 72 G 2 4 0 P
-64 72 C 5 1 1 N
-61 72 G 5 3 0 U
-60 72 C 4 1 1 N
-29 72 C 1 1 1 N
-28 72 G 2 3 0 U
-25 72 C 2 1 1 N
-24 72 G 5 4 0 P
-23 72 G 4 5 0 P
-22 72 B 5 8 0 N
-21 72 B 1 1 0 N
-20 72 G 2 3 0 T
-19 72 G 5 4 0 T
-18 72 G 4 5 0 T
-17 72 B 5 2 0 N
-16 72 G 1 5 0 T
-15 72 G 2 4 0 T
-14 72 G 5 3 0 T
-13 72 B 4 1 0 N
-12 72 B 2 8 0 N
-11 72 G 1 5 0 P
-10 72 G 2 4 0 P
-9 72 C 5 1 1 N
-8 72 C 1 1 1 N
-7 72 G 2 3 0 P
-6 72 G 5 3 0 P
-5 72 C 4 1 1 N
-4 72 C 2 1 1 N
-3 72 G 5 4 0 P
-2 72 G 4 5 0 P
-1 72 B 5 6 0 N
0 72 B 4 2 0 N
1 72 B 2 8 0 N
2 72 G 1 5 0 P
3 72 G 2 4 0 P
4 72 C 5 1 1 N
7 72 G 5 3 0 U
8 72 C 4 1 1 N
-84 73 1 1 0 0 N
-83 73 G 3 2 0 U
-82 73 G 1 4 0 U
-81 73 1 2 0 0 N
-80 73 G 3 3 0 P
-79 73 G 1 2 0 P
-78 73 0 5 0 0 N
-77 73 G 3 5 0 T
-76 73 1 1 0 0 N
-75 73 G 3 2 0 T
-74 73 G 1 3 0 T
-73 73 0 5 0 0 N
-72 73 B 3 8 0 N
-71 73 0 3 0 0 N
-70 73 1 3 0 0 N
-69 73 C 3 1 1 N
-68 73 0 4 0 0 N
-67 73 B 3 7 0 N
-66 73 0 3 0 0 N
-65 73 1 3 0 0 N
-64 73 C 3 1 1 N
-29 73 1 1 0 0 N
-28 73 G 3 2 0 U
-27 73 G 1 4 0 U
-26 73 1 2 0 0 N
-25 73 G 3 3 0 P
-24 73 G 1 2 0 P
-23 73 0 5 0 0 N
-22 73 G 3 5 0 T
-21 73 1 1 0 0 N
-20 73 G 3 2 0 T
-19 73 G 1 3 0 T
-18 73 0 5 0 0 N
-17 73 B 3 8 0 N
-16 73 0 3 0 0 N
-15 73 1 3 0 0 N
-14 73 C 3 1 1 N
-13 73 0 4 0 0 N
-12 73 B 3 7 0 N
-11 73 0 3 0 0 N
-10 73 1 3 0 0 N
-9 73 C 3 1 1 N
-8 73 1 1 0 0 N
-7 73 G 3 2 0 P
-6 73 G 1 4 0 P
-5 73 1 2 0 0 N
-4 73 G 3 3 0 P
-3 73 G 1 2 0 P
-2 73 0 5 0 0 N
-1 73 G 3 5 0 T
0 73 0 4 0 0 N
1 73 B 3 7 0 N
2 73 0 3 0 0 N
3 73 1 3 0 0 N
4 73 C 3 1 1 N
-85 74 G 0 4 0 U
-84 74 0 1 0 0 N
-83 74 G 0 5 0 U
-82 74 0 2 0 0 N
-81 74 G 4 2 0 P
-80 74 G 0 3 0 P
-79 74 1 5 0 0 N
-78 74 G 4 4 0 T
-77 74 G 0 4 0 T
-76 74 0 1 0 0 N
-75 74 G 0 4 0 T
-74 74 1 5 0 0 N
-73 74 B 4 7 0 N
-72 74 G 2 5 0 P
-71 74 G 5 2 0 P
-70 74 G 4 3 0 P
-69 74 G 0 3 0 P
-68 74 1 4 0 0 N
-67 74 G 2 10 0 U
-66 74 G 5 2 0 U
-65 74 G 4 3 0 U
-30 74 G 0 4 0 U
-29 74 0 1 0 0 N
-28 74 G 0 5 0 U
-27 74 0 2 0 0 N
-26 74 G 4 2 0 P
-25 74 G 0 3 0 P
-24 74 1 5 0 0 N
-23 74 G 4 4 0 T
-22 74 G 0 4 0 T
-21 74 0 1 0 0 N
-20 74 G 0 4 0 T
-19 74 1 5 0 0 N
-18 74 B 4 7 0 N
-17 74 G 2 5 0 P
-16 74 G 5 2 0 P
-15 74 G 4 3 0 P
-14 74 G 0 3 0 P
-13 74 1 4 0 0 N
-12 74 G 2 10 0 P
-11 74 G 5 2 0 P
-10 74 G 4 3 0 P
-9 74 G 0 4 0 P
-8 74 0 1 0 0 N
-7 74 G 0 5 0 P
-6 74 0 2 0 0 N
-5 74 G 4 2 0 P
-4 74 G 0 3 0 P
-3 74 1 5 0 0 N
-2 74 G 4 4 0 T
-1 74 G 0 3 0 T
0 74 1 4 0 0 N
1 74 G 2 10 0 U
2 74 G 5 2 0 U
3 74 G 4 3 0 U
-87 75 G 1 3 0 U
-86 75 G 2 2 0 U
-85 75 G 5 5 0 U
-84 75 B 1 6 0 N
-83 75 B 2 5 0 N
-82 75 G 1 4 0 P
-81 75 G 2 3 0 P
-80 75 C 5 1 1 N
-79 75 G 1 3 0 T
-78 75 G 2 2 0 T
-77 75 G 5 5 0 T
-76 75 B 1 5 0 N
-75 75 0 5 1 0 N
-74 75 G 3 10 0 U
-73 75 0 4 0 0 N
-72 75 G 3 4 0 P
-71 75 G 1 3 0 P
-70 75 G 2 2 0 P
-69 75 G 5 4 0 P
-68 75 0 4 1 0 N
-67 75 G 3 9 0 U
-32 75 G 1 3 0 U
-31 75 G 2 2 0 U
-30 75 G 5 5 0 U
-29 75 B 1 6 0 N
-28 75 B 2 5 0 N
-27 75 G 1 4 0 P
-26 75 G 2 3 0 P
-25 75 C 5 1 1 N
-24 75 G 1 3 0 T
-23 75 G 2 2 0 T
-22 75 G 5 5 0 T
-21 75 B 1 5 0 N
-20 75 0 5 1 0 N
-19 75 G 3 10 0 U
-18 75 0 4 0 0 N
-17 75 G 3 4 0 P
-16 75 G 1 3 0 P
-15 75 G 2 2 0 P
-14 75 G 5 4 0 P
-13 75 0 4 1 0 N
-12 75 G 3 9 0 P
-11 75 G 1 3 0 P
-10 75 G 2 2 0 P
-9 75 G 5 5 0 P
-8 75 B 1 6 0 N
-7 75 B 2 5 0 N
-6 75 G 1 4 0 P
-5 75 G 2 3 0 P
-4 75 C 5 1 1 N
-3 75 G 1 3 0 T
-2 75 G 2 2 0 T
-1 75 G 5 4 0 T
0 75 0 4 1 0 N
1 75 G 3 9 0 U
-88 76 C 0 1 1 N
-87 76 1 0 0 0 N
-86 76 0 0 0 0 N
-85 76 B 0 2 0 N
-84 76 1 0 1 0 N
-83 76 0 0 1 0 N
-82 76 1 0 0 0 N
-81 76 0 0 0 0 N
-80 76 B 0 1 0 N
-79 76 1 0 0 0 N
-78 76 0 0 0 0 N
-77 76 B 0 6 0 N
-76 76 1 5 1 0 N
-75 76 G 4 9 0 U
-74 76 G 0 2 0 U
-73 76 1 4 0 0 N
-72 76 C 0 1 1 N
-71 76 1 0 0 0 N
-70 76 0 0 0 0 N
-69 76 B 0 5 0 N
-68 76 1 4 1 0 N
-33 76 C 0 1 1 N
-32 76 1 0 0 0 N
-31 76 0 0 0 0 N
-30 76 B 0 2 0 N
-29 76 1 0 1 0 N
-28 76 0 0 1 0 N
-27 76 1 0 0 0 N
-26 76 0 0 0 0 N
-25 76 B 0 1 0 N
-24 76 1 0 0 0 N
-23 76 0 0 0 0 N
-22 76 B 0 6 0 N
-21 76 1 5 1 0 N
-20 76 G 4 9 0 U
-19 76 G 0 2 0 U
-18 76 1 4 0 0 N
-17 76 C 0 1 1 N
-16 76 1 0 0 0 N
-15 76 0 0 0 0 N
-14 76 B 0 5 0 N
-13 76 1 4 1 0 N
-12 76 C 0 1 1 N
-11 76 1 0 0 0 N
-10 76 0 0 0 0 N
-9 76 B 0 2 0 N
-8 76 1 0 1 0 N
-7 76 0 0 1 0 N
-6 76 1 0 0 0 N
-5 76 0 0 0 0 N
-4 76 B 0 1 0 N
-3 76 1 0 0 0 N
-2 76 0 0 0 0 N
-1 76 B 0 5 0 N
0 76 1 4 1 0 N
-87 77 G 5 4 0 U
-86 77 G 4 5 0 U
-84 77 G 5 9 0 U
-83 77 G 4 10 0 U
-82 77 B 5 7 0 N
-81 77 B 4 8 0 N
-80 77 G 2 5 0 T
-79 77 G 5 4 0 T
-78 77 G 4 5 0 T
-77 77 B 5 2 0 N
-74 77 G 5 3 0 U
-73 77 C 4 1 1 N
-71 77 G 5 4 0 U
-70 77 G 4 5 0 U
-69 77 B 5 6 0 N
-68 77 B 4 2 0 N
-67 77 G 2 5 0 U
-32 77 G 5 4 0 U
-31 77 G 4 5 0 U
-29 77 G 5 9 0 U
-28 77 G 4 10 0 U
-27 77 B 5 7 0 N
-26 77 B 4 8 0 N
-25 77 G 2 5 0 T
-24 77 G 5 4 0 T
-23 77 G 4 5 0 T
-22 77 B 5 2 0 N
-19 77 G 5 3 0 U
-18 77 C 4 1 1 N
-16 77 G 5 4 0 U
-15 77 G 4 5 0 U
-14 77 B 5 6 0 N
-13 77 B 4 2 0 N
-12 77 G 2 5 0 U
-11 77 G 5 4 0 U
-10 77 G 4 5 0 U
-8 77 G 5 9 0 U
-7 77 G 4 10 0 U
-6 77 B 5 7 0 N
-5 77 B 4 8 0 N
-4 77 G 2 5 0 T
-3 77 G 5 4 0 T
-2 77 G 4 5 0 T
-1 77 B 5 6 0 N
0 77 B 4 2 0 N
1 77 G 2 5 0 U
4 77 C 2 1 1 N
-84 78 G 1 2 0 U
-83 78 0 5 0 0 N
-82 78 G 3 5 0 P
-81 78 0 4 0 0 N
-80 78 G 3 4 0 T
-79 78 G 1 2 0 T
-78 78 0 5 0 0 N
-77 78 G 3 5 0 U
-71 78 G 1 2 0 U
-70 78 0 5 0 0 N
-69 78 G 3 5 0 U
-68 78 0 4 0 0 N
-67 78 G 3 4 0 U
-29 78 G 1 2 0 U
-28 78 0 5 0 0 N
-27 78 G 3 5 0 P
-26 78 0 4 0 0 N
-25 78 G 3 4 0 T
-24 78 G 1 2 0 T
-23 78 0 5 0 0 N
-22 78 G 3 5 0 U
-16 78 G 1 2 0 U
-15 78 0 5 0 0 N
-14 78 G 3 5 0 U
-13 78 0 4 0 0 N
-12 78 G 3 4 0 U
-8 78 G 1 2 0 U
-7 78 0 5 0 0 N
-6 78 G 3 5 0 P
-5 78 0 4 0 0 N
-4 78 G 3 4 0 T
-3 78 G 1 2 0 T
-2 78 0 5 0 0 N
-1 78 G 3 5 0 T
0 78 0 4 0 0 N
1 78 G 3 4 0 U
2 78 G 1 4 0 U
3 78 1 2 0 0 N
4 78 G 3 3 0 U
-85 79 G 0 3 0 U
-84 79 1 5 0 0 N
-83 79 G 4 4 0 P
-82 79 G 0 2 0 P
-81 79 1 4 0 0 N
-80 79 G 0 3 0 T
-79 79 1 5 0 0 N
-78 79 G 4 4 0 U
-72 79 G 0 3 0 U
-71 79 1 5 0 0 N
-70 79 G 4 4 0 U
-69 79 G 0 2 0 U
-68 79 1 4 0 0 N
-30 79 G 0 3 0 U
-29 79 1 5 0 0 N
-28 79 G 4 4 0 P
-27 79 G 0 2 0 P
-26 79 1 4 0 0 N
-25 79 G 0 3 0 T
-24 79 1 5 0 0 N
-23 79 G 4 4 0 U
-17 79 G 0 3 0 U
-16 79 1 5 0 0 N
-15 79 G 4 4 0 U
-14 79 G 0 2 0 U
-13 79 1 4 0 0 N
-9 79 G 0 3 0 U
-8 79 1 5 0 0 N
-7 79 G 4 4 0 P
-6 79 G 0 2 0 P
-5 79 1 4 0 0 N
-4 79 G 0 3 0 T
-3 79 1 5 0 0 N
-2 79 G 4 4 0 T
-1 79 G 0 2 0 T
0 79 1 4 0 0 N
1 79 G 0 5 0 U
2 79 0 2 0 0 N
3 79 G 4 2 0 U
-85 80 C 5 1 1 N
-84 80 C 1 1 1 N
-83 80 G 2 3 0 P
-82 80 G 5 3 0 P
-81 80 C 4 1 1 N
-80 80 B 5 1 0 N
-79 80 G 1 5 0 U
-78 80 G 2 4 0 U
-72 80 C 5 1 1 N
-69 80 G 5 3 0 U
-68 80 C 4 1 1 N
-30 80 C 5 1 1 N
-29 80 C 1 1 1 N
-28 80 G 2 3 0 P
-27 80 G 5 3 0 P
-26 80 C 4 1 1 N
-25 80 B 5 1 0 N
-24 80 G 1 5 0 U
-23 80 G 2 4 0 U
-17 80 C 5 1 1 N
-14 80 G 5 3 0 U
-13 80 C 4 1 1 N
-9 80 C 5 1 1 N
-8 80 C 1 1 1 N
-7 80 G 2 3 0 P
-6 80 G 5 3 0 P
-5 80 C 4 1 1 N
-4 80 B 5 1 0 N
-3 80 G 1 5 0 T
-2 80 G 2 4 0 T
-1 80 G 5 3 0 T
0 80 B 4 1 0 N
1 80 B 2 8 0 N
2 80 G 1 5 0 U
3 80 G 2 4 0 U
-84 81 1 1 0 0 N
-83 81 G 3 2 0 P
-82 81 G 1 3 0 P
-81 81 0 5 0 0 N
-80 81 B 3 8 0 N
-79 81 0 3 0 0 N
-78 81 1 3 0 0 N
-77 81 C 3 1 1 N
-29 81 1 1 0 0 N
-28 81 G 3 2 0 P
-27 81 G 1 3 0 P
-26 81 0 5 0 0 N
-25 81 B 3 8 0 N
-24 81 0 3 0 0 N
-23 81 1 3 0 0 N
-22 81 C 3 1 1 N
-8 81 1 1 0 0 N
-7 81 G 3 2 0 P
-6 81 G 1 3 0 P
-5 81 0 5 0 0 N
-4 81 B 3 8 0 N
-3 81 0 3 0 0 N
-2 81 1 3 0 0 N
-1 81 C 3 1 1 N
0 81 0 4 0 0 N
1 81 B 3 7 0 N
2 81 0 3 0 0 N
3 81 1 3 0 0 N
4 81 C 3 1 1 N
-85 82 G 0 4 0 U
-84 82 0 1 0 0 N
-83 82 G 0 4 0 P
-82 82 1 5 0 0 N
-81 82 B 4 7 0 N
-80 82 G 2 5 0 U
-79 82 G 5 2 0 U
-78 82 G 4 3 0 U
-30 82 G 0 4 0 U
-29 82 0 1 0 0 N
-28 82 G 0 4 0 P
-27 82 1 5 0 0 N
-26 82 B 4 7 0 N
-25 82 G 2 5 0 U
-24 82 G 5 2 0 U
-23 82 G 4 3 0 U
-9 82 G 0 4 0 U
-8 82 0 1 0 0 N
-7 82 G 0 4 0 P
-6 82 1 5 0 0 N
-5 82 B 4 7 0 N
-4 82 G 2 5 0 P
-3 82 G 5 2 0 P
-2 82 G 4 3 0 P
-1 82 G 0 3 0 P
0 82 1 4 0 0 N
1 82 G 2 10 0 U
2 82 G 5 2 0 U
3 82 G 4 3 0 U
-87 83 G 1 3 0 U
-86 83 G 2 2 0 U
-85 83 G 5 5 0 U
-84 83 B 1 5 0 N
-83 83 0 5 1 0 N
-82 83 G 3 10 0 U
-81 83 0 4 0 0 N
-80 83 G 3 4 0 U
-32 83 G 1 3 0 U
-31 83 G 2 2 0 U
-30 83 G 5 5 0 U
-29 83 B 1 5 0 N
-28 83 0 5 1 0 N
-27 83 G 3 10 0 U
-26 83 0 4 0 0 N
-25 83 G 3 4 0 U
-11 83 G 1 3 0 U
-10 83 G 2 2 0 U
-9 83 G 5 5 0 U
-8 83 B 1 5 0 N
-7 83 0 5 1 0 N
-6 83 G 3 10 0 U
-5 83 0 4 0 0 N
-4 83 G 3 4 0 P
-3 83 G 1 3 0 P
-2 83 G 2 2 0 P
-1 83 G 5 4 0 P
0 83 0 4 1 0 N
1 83 G 3 9 0 U
-88 84 C 0 1 1 N
-87 84 1 0 0 0 N
-86 84 0 0 0 0 N
-85 84 B 0 6 0 N
-84 84 1 5 1 0 N
-83 84 G 4 9 0 U
-82 84 G 0 2 0 U
-81 84 1 4 0 0 N
-33 84 C 0 1 1 N
-32 84 1 0 0 0 N
-31 84 0 0 0 0 N
-30 84 B 0 6 0 N
-29 84 1 5 1 0 N
-28 84 G 4 9 0 U
-27 84 G 0 2 0 U
-26 84 1 4 0 0 N
-12 84 C 0 1 1 N
-11 84 1 0 0 0 N
-10 84 0 0 0 0 N
-9 84 B 0 6 0 N
-8 84 1 5 1 0 N
-7 84 G 4 9 0 U
-6 84 G 0 2 0 U
-5 84 1 4 0 0 N
-4 84 C 0 1 1 N
-3 84 1 0 0 0 N
-2 84 0 0 0 0 N
-1 84 B 0 5 0 N
0 84 1 4 1 0 N
-87 85 G 5 4 0 U
-86 85 G 4 5 0 U
-85 85 B 5 2 0 N
-82 85 G 5 3 0 U
-81 85 C 4 1 1 N
-32 85 G 5 4 0 U
-31 85 G 4 5 0 U
-30 85 B 5 2 0 N
-27 85 G 5 3 0 U
-26 85 C 4 1 1 N
-11 85 G 5 4 0 U
-10 85 G 4 5 0 U
-9 85 B 5 2 0 N
-6 85 G 5 3 0 U
-5 85 C 4 1 1 N
-3 85 G 5 4 0 U
-2 85 G 4 5 0 U
-1 85 B 5 6 0 N
0 85 B 4 2 0 N
1 85 G 2 5 0 U
-87 86 G 1 2 0 U
-86 86 0 5 0 0 N
-85 86 G 3 5 0 U
-32 86 G 1 2 0 U
-31 86 0 5 0 0 N
-30 86 G 3 5 0 U
-11 86 G 1 2 0 U
-10 86 0 5 0 0 N
-9 86 G 3 5 0 U
-3 86 G 1 2 0 U
-2 86 0 5 0 0 N
-1 86 G 3 5 0 U
0 86 0 4 0 0 N
1 86 G 3 4 0 U
-88 87 G 0 3 0 U
-87 87 1 5 0 0 N
-86 87 G 4 4 0 U
-33 87 G 0 3 0 U
-32 87 1 5 0 0 N
-31 87 G 4 4 0 U
-12 87 G 0 3 0 U
-11 87 1 5 0 0 N
-10 87 G 4 4 0 U
-4 87 G 0 3 0 U
-3 87 1 5 0 0 N
-2 87 G 4 4 0 U
-1 87 G 0 2 0 U
0 87 1 4 0 0 N
-88 88 B 5 1 0 N
-33 88 C 5 1 1 N
-12 88 C 5 1 1 N
-4 88 C 5 1 1 N
-1 88 G 5 3 0 U
0 88 B 4 1 0 N
